ISO-10303-21;
HEADER;
FILE_DESCRIPTION (( 'STEP AP214' ),
    '1' );
FILE_NAME ('WS2812B-2020.step',
    '2025-07-19T11:52:12',
    ( '' ),
    ( '' ),
    'SwSTEP 2.0',
    'SolidWorks 2025',
    '' );
FILE_SCHEMA (( 'AUTOMOTIVE_DESIGN' ));
ENDSEC;

DATA;
#1 = FILL_AREA_STYLE_COLOUR ( '', #2489 ) ;
#2 = LINE ( 'NONE', #807, #4377 ) ;
#3 = DIRECTION ( 'NONE',  ( -0.000000000000000000, -0.000000000000000000, -1.000000000000000000 ) ) ;
#4 = SURFACE_SIDE_STYLE ('',( #2606 ) ) ;
#5 = DIRECTION ( 'NONE',  ( -1.000000000000000000, 0.000000000000000000, 6.983251342707906047E-15 ) ) ;
#6 = ORIENTED_EDGE ( 'NONE', *, *, #1302, .T. ) ;
#7 = ORIENTED_EDGE ( 'NONE', *, *, #5377, .F. ) ;
#8 = CARTESIAN_POINT ( 'NONE',  ( 1.100000000000002087, 0.000000000000000000, 0.2799999999999999711 ) ) ;
#9 = FACE_OUTER_BOUND ( 'NONE', #114, .T. ) ;
#10 = VECTOR ( 'NONE', #2174, 1000.000000000000000 ) ;
#11 =( LENGTH_UNIT ( ) NAMED_UNIT ( * ) SI_UNIT ( .MILLI., .METRE. ) );
#12 = UNCERTAINTY_MEASURE_WITH_UNIT (LENGTH_MEASURE( 1.000000000000000082E-05 ), #627, 'distance_accuracy_value', 'NONE');
#13 = ORIENTED_EDGE ( 'NONE', *, *, #4096, .F. ) ;
#14 = SURFACE_STYLE_FILL_AREA ( #4246 ) ;
#15 = VERTEX_POINT ( 'NONE', #754 ) ;
#16 = UNCERTAINTY_MEASURE_WITH_UNIT (LENGTH_MEASURE( 1.000000000000000082E-05 ), #4856, 'distance_accuracy_value', 'NONE');
#17 = DIRECTION ( 'NONE',  ( 0.000000000000000000, -1.000000000000000000, 0.000000000000000000 ) ) ;
#18 = SURFACE_SIDE_STYLE ('',( #1360 ) ) ;
#19 = VECTOR ( 'NONE', #3906, 1000.000000000000000 ) ;
#20 = ORIENTED_EDGE ( 'NONE', *, *, #1919, .F. ) ;
#21 = EDGE_CURVE ( 'NONE', #4850, #4299, #3778, .T. ) ;
#22 = COLOUR_RGB ( '',0.8509803921568627194, 0.8509803921568627194, 0.8509803921568627194 ) ;
#23 = DIRECTION ( 'NONE',  ( -0.000000000000000000, -0.000000000000000000, -1.000000000000000000 ) ) ;
#24 = DIRECTION ( 'NONE',  ( 2.378754451002344057E-17, 1.000000000000000000, -0.000000000000000000 ) ) ;
#25 =( LENGTH_UNIT ( ) NAMED_UNIT ( * ) SI_UNIT ( .MILLI., .METRE. ) );
#26 = EDGE_CURVE ( 'NONE', #4089, #3862, #2118, .T. ) ;
#27 = VECTOR ( 'NONE', #1218, 1000.000000000000000 ) ;
#28 = LINE ( 'NONE', #5178, #1651 ) ;
#29 = MECHANICAL_DESIGN_GEOMETRIC_PRESENTATION_REPRESENTATION (  '', ( #1275 ), #3981 ) ;
#30 = VECTOR ( 'NONE', #3464, 1000.000000000000000 ) ;
#31 = ORIENTED_EDGE ( 'NONE', *, *, #2085, .T. ) ;
#32 =( GEOMETRIC_REPRESENTATION_CONTEXT ( 3 ) GLOBAL_UNCERTAINTY_ASSIGNED_CONTEXT ( ( #2586 ) ) GLOBAL_UNIT_ASSIGNED_CONTEXT ( ( #574, #4902, #4095 ) ) REPRESENTATION_CONTEXT ( 'NONE', 'WORKASPACE' ) );
#33 = DIRECTION ( 'NONE',  ( 0.000000000000000000, -1.000000000000000000, 0.000000000000000000 ) ) ;
#34 = CARTESIAN_POINT ( 'NONE',  ( 0.000000000000000000, 0.000000000000000000, 0.2599999999999999534 ) ) ;
#35 = ORIENTED_EDGE ( 'NONE', *, *, #5266, .T. ) ;
#36 = STYLED_ITEM ( 'NONE', ( #1551 ), #4130 ) ;
#37 = VERTEX_POINT ( 'NONE', #4125 ) ;
#38 = DIRECTION ( 'NONE',  ( -0.000000000000000000, 0.000000000000000000, 1.000000000000000000 ) ) ;
#39 = FILL_AREA_STYLE_COLOUR ( '', #2096 ) ;
#40 = CARTESIAN_POINT ( 'NONE',  ( -0.3999999999999999112, 1.858632295689436842E-16, 0.02000000000000279332 ) ) ;
#41 = DIRECTION ( 'NONE',  ( -1.000000000000000000, 0.000000000000000000, 0.000000000000000000 ) ) ;
#42 = ORIENTED_EDGE ( 'NONE', *, *, #3385, .T. ) ;
#43 = PRESENTATION_LAYER_ASSIGNMENT (  '', '', ( #3091 ) ) ;
#44 = CARTESIAN_POINT ( 'NONE',  ( -0.7249999999999999778, 1.000000000000000000, 0.2599999999999999534 ) ) ;
#45 = ORIENTED_EDGE ( 'NONE', *, *, #1889, .F. ) ;
#46 = CARTESIAN_POINT ( 'NONE',  ( -0.6740798441076681913, -0.6849774522544940236, 0.2799999999999999711 ) ) ;
#47 = VECTOR ( 'NONE', #4171, 1000.000000000000000 ) ;
#48 = VECTOR ( 'NONE', #633, 1000.000000000000000 ) ;
#49 = SURFACE_SIDE_STYLE ('',( #3877 ) ) ;
#50 = DIRECTION ( 'NONE',  ( -0.000000000000000000, -0.000000000000000000, -1.000000000000000000 ) ) ;
#51 = VERTEX_POINT ( 'NONE', #5539 ) ;
#52 = VECTOR ( 'NONE', #3390, 1000.000000000000000 ) ;
#53 = CIRCLE ( 'NONE', #3198, 0.3637862597461454239 ) ;
#54 = DIRECTION ( 'NONE',  ( 1.000000000000000000, 0.000000000000000000, 0.000000000000000000 ) ) ;
#55 = SURFACE_STYLE_USAGE ( .BOTH. , #1740 ) ;
#56 = DIRECTION ( 'NONE',  ( 1.000000000000000000, -5.033795800825558555E-16, 0.000000000000000000 ) ) ;
#57 = LINE ( 'NONE', #1745, #4054 ) ;
#58 = ORIENTED_EDGE ( 'NONE', *, *, #1113, .F. ) ;
#59 = EDGE_CURVE ( 'NONE', #3210, #339, #2899, .T. ) ;
#60 = CLOSED_SHELL ( 'NONE', ( #4028, #1649, #2454, #5335, #1318, #1057, #2727, #3183, #5482, #945, #5485, #4764, #2663, #1079 ) ) ;
#61 =( NAMED_UNIT ( * ) PLANE_ANGLE_UNIT ( ) SI_UNIT ( $, .RADIAN. ) );
#62 = ORIENTED_EDGE ( 'NONE', *, *, #5259, .T. ) ;
#63 = EDGE_LOOP ( 'NONE', ( #1826, #4475, #896, #70 ) ) ;
#64 =( NAMED_UNIT ( * ) SI_UNIT ( $, .STERADIAN. ) SOLID_ANGLE_UNIT ( ) );
#65 = CARTESIAN_POINT ( 'NONE',  ( -1.071157378566040208, 0.8626410704386738848, 0.2799999999999999711 ) ) ;
#66 = LINE ( 'NONE', #40, #4405 ) ;
#67 = STYLED_ITEM ( 'NONE', ( #2283 ), #1181 ) ;
#68 = EDGE_LOOP ( 'NONE', ( #3031, #7, #2201, #3856 ) ) ;
#69 = EDGE_CURVE ( 'NONE', #427, #3909, #3702, .T. ) ;
#70 = ORIENTED_EDGE ( 'NONE', *, *, #5377, .T. ) ;
#71 = AXIS2_PLACEMENT_3D ( 'NONE', #218, #1958, #3199 ) ;
#72 = DIRECTION ( 'NONE',  ( 0.000000000000000000, -0.000000000000000000, -1.000000000000000000 ) ) ;
#73 = DIRECTION ( 'NONE',  ( 6.982962677686265922E-15, 0.000000000000000000, 1.000000000000000000 ) ) ;
#74 = LINE ( 'NONE', #549, #1091 ) ;
#75 = VECTOR ( 'NONE', #4160, 1000.000000000000000 ) ;
#76 =( NAMED_UNIT ( * ) SI_UNIT ( $, .STERADIAN. ) SOLID_ANGLE_UNIT ( ) );
#77 = APPLICATION_CONTEXT ( 'automotive_design' ) ;
#78 = CARTESIAN_POINT ( 'NONE',  ( 0.7672489025476870728, 0.6470277182179263731, 0.2799999999999999711 ) ) ;
#79 = COLOUR_RGB ( '',1.000000000000000000, 1.000000000000000000, 1.000000000000000000 ) ;
#80 = AXIS2_PLACEMENT_3D ( 'NONE', #5536, #3054, #4779 ) ;
#81 = ORIENTED_EDGE ( 'NONE', *, *, #4883, .T. ) ;
#82 = PRESENTATION_LAYER_ASSIGNMENT (  '', '', ( #1885 ) ) ;
#83 =( NAMED_UNIT ( * ) PLANE_ANGLE_UNIT ( ) SI_UNIT ( $, .RADIAN. ) );
#84 = SURFACE_STYLE_FILL_AREA ( #3587 ) ;
#85 = PRESENTATION_STYLE_ASSIGNMENT (( #4368 ) ) ;
#86 = AXIS2_PLACEMENT_3D ( 'NONE', #5441, #3247, #1557 ) ;
#87 = MECHANICAL_DESIGN_GEOMETRIC_PRESENTATION_REPRESENTATION (  '', ( #1806 ), #3931 ) ;
#88 =( NAMED_UNIT ( * ) PLANE_ANGLE_UNIT ( ) SI_UNIT ( $, .RADIAN. ) );
#89 = ORIENTED_EDGE ( 'NONE', *, *, #1545, .T. ) ;
#90 =( NAMED_UNIT ( * ) PLANE_ANGLE_UNIT ( ) SI_UNIT ( $, .RADIAN. ) );
#91 = LINE ( 'NONE', #1433, #880 ) ;
#92 = UNCERTAINTY_MEASURE_WITH_UNIT (LENGTH_MEASURE( 1.000000000000000082E-05 ), #2497, 'distance_accuracy_value', 'NONE');
#93 = EDGE_CURVE ( 'NONE', #665, #1009, #5131, .T. ) ;
#94 = ORIENTED_EDGE ( 'NONE', *, *, #5297, .F. ) ;
#95 = EDGE_CURVE ( 'NONE', #1779, #665, #402, .T. ) ;
#96 = ORIENTED_EDGE ( 'NONE', *, *, #657, .T. ) ;
#97 = ORIENTED_EDGE ( 'NONE', *, *, #2657, .F. ) ;
#98 = CARTESIAN_POINT ( 'NONE',  ( -1.100000000000000311, -0.8999999999999998002, 0.02000000000000768177 ) ) ;
#99 = LINE ( 'NONE', #5313, #1368 ) ;
#100 = LINE ( 'NONE', #3064, #1259 ) ;
#101 = EDGE_CURVE ( 'NONE', #4300, #1896, #348, .T. ) ;
#102 = EDGE_LOOP ( 'NONE', ( #876, #3291, #1790, #120 ) ) ;
#103 = VERTEX_POINT ( 'NONE', #1585 ) ;
#104 =( GEOMETRIC_REPRESENTATION_CONTEXT ( 3 ) GLOBAL_UNCERTAINTY_ASSIGNED_CONTEXT ( ( #2713 ) ) GLOBAL_UNIT_ASSIGNED_CONTEXT ( ( #2563, #4789, #934 ) ) REPRESENTATION_CONTEXT ( 'NONE', 'WORKASPACE' ) );
#105 = CARTESIAN_POINT ( 'NONE',  ( -0.4343137556297431701, 0.04041390370446151792, 0.2810000000000000275 ) ) ;
#106 = SURFACE_STYLE_USAGE ( .BOTH. , #4797 ) ;
#107 = FILL_AREA_STYLE ('',( #2295 ) ) ;
#108 = PLANE ( 'NONE',  #5118 ) ;
#109 =( NAMED_UNIT ( * ) SI_UNIT ( $, .STERADIAN. ) SOLID_ANGLE_UNIT ( ) );
#110 = VERTEX_POINT ( 'NONE', #1635 ) ;
#111 = SURFACE_SIDE_STYLE ('',( #997 ) ) ;
#112 =( NAMED_UNIT ( * ) PLANE_ANGLE_UNIT ( ) SI_UNIT ( $, .RADIAN. ) );
#113 = DIRECTION ( 'NONE',  ( 1.000000000000000000, 1.934130707221178351E-16, -0.000000000000000000 ) ) ;
#114 = EDGE_LOOP ( 'NONE', ( #2348, #3323, #1271, #1332 ) ) ;
#115 = CARTESIAN_POINT ( 'NONE',  ( 5.586170463518577523E-17, -1.000000000000000000, 0.02000000000000000042 ) ) ;
#116 =( NAMED_UNIT ( * ) SI_UNIT ( $, .STERADIAN. ) SOLID_ANGLE_UNIT ( ) );
#117 = SURFACE_STYLE_FILL_AREA ( #3955 ) ;
#118 = EDGE_LOOP ( 'NONE', ( #4446, #5348, #2215, #4302 ) ) ;
#119 = UNCERTAINTY_MEASURE_WITH_UNIT (LENGTH_MEASURE( 1.000000000000000082E-05 ), #25, 'distance_accuracy_value', 'NONE');
#120 = ORIENTED_EDGE ( 'NONE', *, *, #1533, .T. ) ;
#121 = ORIENTED_EDGE ( 'NONE', *, *, #4392, .F. ) ;
#122 = VECTOR ( 'NONE', #5121, 1000.000000000000000 ) ;
#123 = AXIS2_PLACEMENT_3D ( 'NONE', #1647, #383, #1245 ) ;
#124 = DIRECTION ( 'NONE',  ( -1.319749811710431518E-15, 1.000000000000000000, 0.000000000000000000 ) ) ;
#125 = LINE ( 'NONE', #1012, #5528 ) ;
#126 = DIRECTION ( 'NONE',  ( 6.982962677686268288E-15, -0.000000000000000000, 1.000000000000000000 ) ) ;
#127 = EDGE_CURVE ( 'NONE', #2316, #3421, #5489, .T. ) ;
#128 = MECHANICAL_DESIGN_GEOMETRIC_PRESENTATION_REPRESENTATION (  '', ( #1456 ), #3974 ) ;
#129 = ORIENTED_EDGE ( 'NONE', *, *, #5036, .F. ) ;
#130 = ORIENTED_EDGE ( 'NONE', *, *, #3116, .T. ) ;
#131 = EDGE_CURVE ( 'NONE', #717, #1175, #3727, .T. ) ;
#132 = DIRECTION ( 'NONE',  ( 1.000000000000000000, 0.000000000000000000, -0.000000000000000000 ) ) ;
#133 = DIRECTION ( 'NONE',  ( -1.000000000000000000, -3.469446951953614189E-15, 6.982962677686265922E-15 ) ) ;
#134 = EDGE_CURVE ( 'NONE', #1520, #2840, #701, .T. ) ;
#135 = CARTESIAN_POINT ( 'NONE',  ( 0.7385744931852191719, -0.5000000000000002220, 0.2599999999999999534 ) ) ;
#136 = UNCERTAINTY_MEASURE_WITH_UNIT (LENGTH_MEASURE( 1.000000000000000082E-05 ), #1295, 'distance_accuracy_value', 'NONE');
#137 =( LENGTH_UNIT ( ) NAMED_UNIT ( * ) SI_UNIT ( .MILLI., .METRE. ) );
#138 = CARTESIAN_POINT ( 'NONE',  ( 0.3901487617419281406, 0.000000000000000000, 0.2599999999999999534 ) ) ;
#139 = EDGE_LOOP ( 'NONE', ( #3997, #1301, #161, #6 ) ) ;
#140 = VECTOR ( 'NONE', #5053, 1000.000000000000000 ) ;
#141 = MECHANICAL_DESIGN_GEOMETRIC_PRESENTATION_REPRESENTATION (  '', ( #3091 ), #1294 ) ;
#142 = CARTESIAN_POINT ( 'NONE',  ( -0.4343137556297431701, 0.04041390370446151792, 0.2810000000000000275 ) ) ;
#143 = SURFACE_SIDE_STYLE ('',( #84 ) ) ;
#144 = PLANE ( 'NONE',  #3549 ) ;
#145 = SURFACE_SIDE_STYLE ('',( #2246 ) ) ;
#146 = UNCERTAINTY_MEASURE_WITH_UNIT (LENGTH_MEASURE( 1.000000000000000082E-05 ), #5038, 'distance_accuracy_value', 'NONE');
#147 = MECHANICAL_DESIGN_GEOMETRIC_PRESENTATION_REPRESENTATION (  '', ( #3889 ), #4529 ) ;
#148 = ADVANCED_FACE ( 'NONE', ( #723 ), #5097, .F. ) ;
#149 = ORIENTED_EDGE ( 'NONE', *, *, #3748, .F. ) ;
#150 = PLANE ( 'NONE',  #1875 ) ;
#151 = FILL_AREA_STYLE ('',( #3984 ) ) ;
#152 = CIRCLE ( 'NONE', #3442, 0.3637862597461454239 ) ;
#153 = SURFACE_STYLE_FILL_AREA ( #3208 ) ;
#154 = FILL_AREA_STYLE_COLOUR ( '', #4479 ) ;
#155 = ORIENTED_EDGE ( 'NONE', *, *, #4622, .F. ) ;
#156 = ORIENTED_EDGE ( 'NONE', *, *, #3233, .T. ) ;
#157 = CARTESIAN_POINT ( 'NONE',  ( -1.099999999999998090, -0.4999999999999997780, 0.2799999999999999711 ) ) ;
#158 = FACE_OUTER_BOUND ( 'NONE', #1323, .T. ) ;
#159 = ORIENTED_EDGE ( 'NONE', *, *, #3816, .F. ) ;
#160 = ORIENTED_EDGE ( 'NONE', *, *, #1575, .T. ) ;
#161 = ORIENTED_EDGE ( 'NONE', *, *, #2733, .T. ) ;
#162 =( LENGTH_UNIT ( ) NAMED_UNIT ( * ) SI_UNIT ( .MILLI., .METRE. ) );
#163 = PRESENTATION_STYLE_ASSIGNMENT (( #4001 ) ) ;
#164 = CARTESIAN_POINT ( 'NONE',  ( -1.099999999999998090, -0.4999999999999997780, 0.2600000000000076694 ) ) ;
#165 = COLOUR_RGB ( '',0.8509803921568627194, 0.8509803921568627194, 0.8509803921568627194 ) ;
#166 = ORIENTED_EDGE ( 'NONE', *, *, #3003, .F. ) ;
#167 = ADVANCED_FACE ( 'NONE', ( #536 ), #1319, .F. ) ;
#168 = AXIS2_PLACEMENT_3D ( 'NONE', #2248, #953, #3953 ) ;
#169 = SURFACE_SIDE_STYLE ('',( #5448 ) ) ;
#170 = PRESENTATION_STYLE_ASSIGNMENT (( #918 ) ) ;
#171 = DIRECTION ( 'NONE',  ( -5.033795800825558555E-16, -1.000000000000000000, 3.515080820425872486E-30 ) ) ;
#172 = MECHANICAL_DESIGN_GEOMETRIC_PRESENTATION_REPRESENTATION (  '', ( #4012 ), #5014 ) ;
#173 = ADVANCED_FACE ( 'NONE', ( #1290 ), #5087, .T. ) ;
#174 = VECTOR ( 'NONE', #1634, 1000.000000000000000 ) ;
#175 = AXIS2_PLACEMENT_3D ( 'NONE', #3614, #2747, #980 ) ;
#176 = ORIENTED_EDGE ( 'NONE', *, *, #4903, .T. ) ;
#177 = DIRECTION ( 'NONE',  ( -0.000000000000000000, -0.000000000000000000, -1.000000000000000000 ) ) ;
#178 =( NAMED_UNIT ( * ) PLANE_ANGLE_UNIT ( ) SI_UNIT ( $, .RADIAN. ) );
#179 =( NAMED_UNIT ( * ) PLANE_ANGLE_UNIT ( ) SI_UNIT ( $, .RADIAN. ) );
#180 = EDGE_CURVE ( 'NONE', #4753, #5117, #1679, .T. ) ;
#181 = PRESENTATION_LAYER_ASSIGNMENT (  '', '', ( #1972 ) ) ;
#182 = SURFACE_SIDE_STYLE ('',( #153 ) ) ;
#183 =( LENGTH_UNIT ( ) NAMED_UNIT ( * ) SI_UNIT ( .MILLI., .METRE. ) );
#184 = ORIENTED_EDGE ( 'NONE', *, *, #5370, .T. ) ;
#185 = ORIENTED_EDGE ( 'NONE', *, *, #543, .T. ) ;
#186 = SURFACE_STYLE_USAGE ( .BOTH. , #4415 ) ;
#187 = ORIENTED_EDGE ( 'NONE', *, *, #4168, .T. ) ;
#188 = ORIENTED_EDGE ( 'NONE', *, *, #3008, .F. ) ;
#189 = ORIENTED_EDGE ( 'NONE', *, *, #5036, .T. ) ;
#190 = CARTESIAN_POINT ( 'NONE',  ( -1.100000000000000755, -0.2499999999999999445, 0.02000000000000768177 ) ) ;
#191 = ORIENTED_EDGE ( 'NONE', *, *, #5160, .T. ) ;
#192 = CARTESIAN_POINT ( 'NONE',  ( -0.6623309004670925315, 0.8637862597461452019, 0.2799999999999999711 ) ) ;
#193 = FACE_OUTER_BOUND ( 'NONE', #1845, .T. ) ;
#194 = FILL_AREA_STYLE_COLOUR ( '', #2864 ) ;
#195 = MECHANICAL_DESIGN_GEOMETRIC_PRESENTATION_REPRESENTATION (  '', ( #4676 ), #4770 ) ;
#196 = EDGE_CURVE ( 'NONE', #451, #4456, #955, .T. ) ;
#197 = DIRECTION ( 'NONE',  ( 1.000000000000000000, 0.000000000000000000, 0.000000000000000000 ) ) ;
#198 = ORIENTED_EDGE ( 'NONE', *, *, #296, .T. ) ;
#199 = ADVANCED_FACE ( 'NONE', ( #2557 ), #3860, .T. ) ;
#200 = PLANE ( 'NONE',  #3171 ) ;
#201 = LINE ( 'NONE', #3540, #2030 ) ;
#202 = DIRECTION ( 'NONE',  ( 1.000000000000000000, 3.872150616019658957E-17, -6.983251342707903681E-15 ) ) ;
#203 = PLANE ( 'NONE',  #3185 ) ;
#204 = PRESENTATION_LAYER_ASSIGNMENT (  '', '', ( #5520 ) ) ;
#205 = SURFACE_STYLE_FILL_AREA ( #4262 ) ;
#206 = ORIENTED_EDGE ( 'NONE', *, *, #3589, .F. ) ;
#207 =( NAMED_UNIT ( * ) SI_UNIT ( $, .STERADIAN. ) SOLID_ANGLE_UNIT ( ) );
#208 = PLANE ( 'NONE',  #4007 ) ;
#209 =( NAMED_UNIT ( * ) SI_UNIT ( $, .STERADIAN. ) SOLID_ANGLE_UNIT ( ) );
#210 = SURFACE_SIDE_STYLE ('',( #573 ) ) ;
#211 = CARTESIAN_POINT ( 'NONE',  ( -1.100000000000000533, -0.8999999999999996891, 7.680894765701995475E-15 ) ) ;
#212 = VERTEX_POINT ( 'NONE', #232 ) ;
#213 = ORIENTED_EDGE ( 'NONE', *, *, #1494, .F. ) ;
#214 = STYLED_ITEM ( 'NONE', ( #1240 ), #4636 ) ;
#215 = VECTOR ( 'NONE', #5502, 1000.000000000000000 ) ;
#216 = PLANE ( 'NONE',  #1902 ) ;
#217 = DIRECTION ( 'NONE',  ( 0.000000000000000000, -1.000000000000000000, 0.000000000000000000 ) ) ;
#218 = CARTESIAN_POINT ( 'NONE',  ( -0.5035437629006771498, 0.04290495023076271869, 0.2799999999999999711 ) ) ;
#219 = MECHANICAL_DESIGN_GEOMETRIC_PRESENTATION_REPRESENTATION (  '', ( #2278 ), #392 ) ;
#220 = AXIS2_PLACEMENT_3D ( 'NONE', #833, #3890, #3023 ) ;
#221 = ORIENTED_EDGE ( 'NONE', *, *, #2910, .T. ) ;
#222 = CARTESIAN_POINT ( 'NONE',  ( 1.100000000000002087, -0.7500000000000002220, 0.2599999999999922928 ) ) ;
#223 = STYLED_ITEM ( 'NONE', ( #4701 ), #167 ) ;
#224 = VECTOR ( 'NONE', #5567, 1000.000000000000000 ) ;
#225 = CARTESIAN_POINT ( 'NONE',  ( -1.099999999999998979, 0.7500000000000000000, 0.2600000000000076694 ) ) ;
#226 = SURFACE_SIDE_STYLE ('',( #1996 ) ) ;
#227 = DIRECTION ( 'NONE',  ( 1.000000000000000000, 0.000000000000000000, 0.000000000000000000 ) ) ;
#228 = ORIENTED_EDGE ( 'NONE', *, *, #4732, .F. ) ;
#229 =( NAMED_UNIT ( * ) SI_UNIT ( $, .STERADIAN. ) SOLID_ANGLE_UNIT ( ) );
#230 = CARTESIAN_POINT ( 'NONE',  ( 1.100000000000002309, 0.8637862597461452019, 0.2799999999999999711 ) ) ;
#231 = DIRECTION ( 'NONE',  ( -1.000000000000000000, 0.000000000000000000, 0.000000000000000000 ) ) ;
#232 = CARTESIAN_POINT ( 'NONE',  ( -1.100000000000000311, 0.9000000000000000222, 0.02000000000000768177 ) ) ;
#233 = VERTEX_POINT ( 'NONE', #2307 ) ;
#234 = EDGE_CURVE ( 'NONE', #2893, #5568, #3209, .T. ) ;
#235 = SURFACE_SIDE_STYLE ('',( #3643 ) ) ;
#236 = DIRECTION ( 'NONE',  ( 6.982962677686268288E-15, 0.000000000000000000, 1.000000000000000000 ) ) ;
#237 = CARTESIAN_POINT ( 'NONE',  ( 1.100000000000000311, -9.540979117872442964E-16, -7.680894765701995475E-15 ) ) ;
#238 = ADVANCED_FACE ( 'NONE', ( #4841 ), #3595, .F. ) ;
#239 = VERTEX_POINT ( 'NONE', #4463 ) ;
#240 = EDGE_LOOP ( 'NONE', ( #5209, #4179, #349, #3148 ) ) ;
#241 = SURFACE_STYLE_FILL_AREA ( #1041 ) ;
#242 = UNCERTAINTY_MEASURE_WITH_UNIT (LENGTH_MEASURE( 1.000000000000000082E-05 ), #1145, 'distance_accuracy_value', 'NONE');
#243 = PRESENTATION_STYLE_ASSIGNMENT (( #4076 ) ) ;
#244 = CARTESIAN_POINT ( 'NONE',  ( -0.4000000000000000777, -0.1999999999999998723, 0.02000000000000279332 ) ) ;
#245 = EDGE_CURVE ( 'NONE', #577, #2985, #4519, .T. ) ;
#246 = VERTEX_POINT ( 'NONE', #1976 ) ;
#247 = DIRECTION ( 'NONE',  ( 1.000000000000000000, 0.000000000000000000, -6.938893903907228378E-15 ) ) ;
#248 = SURFACE_SIDE_STYLE ('',( #2794 ) ) ;
#249 = CARTESIAN_POINT ( 'NONE',  ( -0.7713451857263546874, 0.6561302432729905210, 0.2799999999999999711 ) ) ;
#250 = FILL_AREA_STYLE_COLOUR ( '', #4979 ) ;
#251 = CARTESIAN_POINT ( 'NONE',  ( 1.100000000000003642, 1.908195823574494115E-15, 0.2799999999999999711 ) ) ;
#252 = UNCERTAINTY_MEASURE_WITH_UNIT (LENGTH_MEASURE( 1.000000000000000082E-05 ), #1802, 'distance_accuracy_value', 'NONE');
#253 = SURFACE_STYLE_USAGE ( .BOTH. , #655 ) ;
#254 = MECHANICAL_DESIGN_GEOMETRIC_PRESENTATION_REPRESENTATION (  '', ( #2943 ), #2442 ) ;
#255 = COLOUR_RGB ( '',0.8509803921568627194, 0.8509803921568627194, 0.8509803921568627194 ) ;
#256 = SURFACE_STYLE_USAGE ( .BOTH. , #5426 ) ;
#257 = DIRECTION ( 'NONE',  ( -1.000000000000000000, -0.000000000000000000, -0.000000000000000000 ) ) ;
#258 = VECTOR ( 'NONE', #2452, 1000.000000000000000 ) ;
#259 = COLOUR_RGB ( '',0.8509803921568627194, 0.8509803921568627194, 0.8509803921568627194 ) ;
#260 = PRESENTATION_LAYER_ASSIGNMENT (  '', '', ( #1969 ) ) ;
#261 = MECHANICAL_DESIGN_GEOMETRIC_PRESENTATION_REPRESENTATION (  '', ( #3826 ), #4018 ) ;
#262 = ORIENTED_EDGE ( 'NONE', *, *, #3345, .F. ) ;
#263 = FILL_AREA_STYLE ('',( #2841 ) ) ;
#264 = LINE ( 'NONE', #1951, #4103 ) ;
#265 = FILL_AREA_STYLE ('',( #2872 ) ) ;
#266 = MECHANICAL_DESIGN_GEOMETRIC_PRESENTATION_REPRESENTATION (  '', ( #3741 ), #353 ) ;
#267 = CARTESIAN_POINT ( 'NONE',  ( -0.5388595371840243509, 0.8637862597461452019, 0.2599999999999999534 ) ) ;
#268 = EDGE_CURVE ( 'NONE', #4299, #2721, #1867, .T. ) ;
#269 = ORIENTED_EDGE ( 'NONE', *, *, #4985, .T. ) ;
#270 = ORIENTED_EDGE ( 'NONE', *, *, #3224, .T. ) ;
#271 = PLANE ( 'NONE',  #4733 ) ;
#272 = ADVANCED_FACE ( 'NONE', ( #2692 ), #3988, .T. ) ;
#273 = FILL_AREA_STYLE ('',( #2734 ) ) ;
#274 = CARTESIAN_POINT ( 'NONE',  ( -1.099999999999998979, -0.2499999999999997780, 0.2799999999999999711 ) ) ;
#275 = CARTESIAN_POINT ( 'NONE',  ( -0.8579650736781121445, -0.2234521286737552181, 0.2799999999999999711 ) ) ;
#276 = VERTEX_POINT ( 'NONE', #4225 ) ;
#277 = DIRECTION ( 'NONE',  ( -6.982962677686265922E-15, 0.000000000000000000, -1.000000000000000000 ) ) ;
#278 =( NAMED_UNIT ( * ) PLANE_ANGLE_UNIT ( ) SI_UNIT ( $, .RADIAN. ) );
#279 = LINE ( 'NONE', #4509, #3102 ) ;
#280 = CARTESIAN_POINT ( 'NONE',  ( 0.3648896556285308734, -1.000000000000000000, -2.547875105340935420E-15 ) ) ;
#281 = SURFACE_SIDE_STYLE ('',( #2001 ) ) ;
#282 = PLANE ( 'NONE',  #2631 ) ;
#283 = CARTESIAN_POINT ( 'NONE',  ( -0.6766918921026191525, -0.5541450885699468198, 0.2799999999999999711 ) ) ;
#284 = VECTOR ( 'NONE', #3106, 1000.000000000000000 ) ;
#285 = EDGE_LOOP ( 'NONE', ( #4735, #1017, #4890, #1292 ) ) ;
#286 = CARTESIAN_POINT ( 'NONE',  ( -0.6035437629006772386, -0.2065665198382720391, 0.2799999999999999711 ) ) ;
#287 = COLOUR_RGB ( '',0.8509803921568627194, 0.8509803921568627194, 0.8509803921568627194 ) ;
#288 = MANIFOLD_SOLID_BREP ( 'Boss-Extrude4[4]', #5385 ) ;
#289 = DIRECTION ( 'NONE',  ( -0.000000000000000000, -0.000000000000000000, -1.000000000000000000 ) ) ;
#290 = STYLED_ITEM ( 'NONE', ( #3818 ), #1913 ) ;
#291 = EDGE_LOOP ( 'NONE', ( #3840, #3998, #5508, #1466 ) ) ;
#292 =( NAMED_UNIT ( * ) PLANE_ANGLE_UNIT ( ) SI_UNIT ( $, .RADIAN. ) );
#293 = DIRECTION ( 'NONE',  ( 0.000000000000000000, -1.000000000000000000, 0.000000000000000000 ) ) ;
#294 = VERTEX_POINT ( 'NONE', #3771 ) ;
#295 = VECTOR ( 'NONE', #3283, 1000.000000000000000 ) ;
#296 = EDGE_CURVE ( 'NONE', #3909, #37, #2082, .T. ) ;
#297 = FILL_AREA_STYLE ('',( #3792 ) ) ;
#298 = AXIS2_PLACEMENT_3D ( 'NONE', #3599, #3933, #2673 ) ;
#299 = FACE_OUTER_BOUND ( 'NONE', #2177, .T. ) ;
#300 = MECHANICAL_DESIGN_GEOMETRIC_PRESENTATION_REPRESENTATION (  '', ( #5449 ), #2986 ) ;
#301 = DIRECTION ( 'NONE',  ( 0.000000000000000000, 1.000000000000000000, 0.000000000000000000 ) ) ;
#302 = CARTESIAN_POINT ( 'NONE',  ( 1.100000000000002531, -0.1385744931852173067, 0.2599999999999999534 ) ) ;
#303 =( NAMED_UNIT ( * ) PLANE_ANGLE_UNIT ( ) SI_UNIT ( $, .RADIAN. ) );
#304 = CARTESIAN_POINT ( 'NONE',  ( -1.099999999999998979, 0.2499999999999998335, 0.2599999999999999534 ) ) ;
#305 = EDGE_CURVE ( 'NONE', #3038, #3631, #776, .T. ) ;
#306 = COLOUR_RGB ( '',0.7921568627450980005, 0.8196078431372548767, 0.9333333333333333481 ) ;
#307 = CARTESIAN_POINT ( 'NONE',  ( 1.100000000000002087, -0.8614255068147830263, 0.2799999999999999711 ) ) ;
#308 =( NAMED_UNIT ( * ) SI_UNIT ( $, .STERADIAN. ) SOLID_ANGLE_UNIT ( ) );
#309 = STYLED_ITEM ( 'NONE', ( #1690 ), #4270 ) ;
#310 = PRESENTATION_STYLE_ASSIGNMENT (( #4577 ) ) ;
#311 = PRESENTATION_LAYER_ASSIGNMENT (  '', '', ( #2298 ) ) ;
#312 = ADVANCED_FACE ( 'NONE', ( #5506 ), #1260, .T. ) ;
#313 =( LENGTH_UNIT ( ) NAMED_UNIT ( * ) SI_UNIT ( .MILLI., .METRE. ) );
#314 = ORIENTED_EDGE ( 'NONE', *, *, #700, .T. ) ;
#315 = VECTOR ( 'NONE', #1117, 1000.000000000000000 ) ;
#316 = SURFACE_SIDE_STYLE ('',( #3671 ) ) ;
#317 = STYLED_ITEM ( 'NONE', ( #2009 ), #4805 ) ;
#318 =( NAMED_UNIT ( * ) SI_UNIT ( $, .STERADIAN. ) SOLID_ANGLE_UNIT ( ) );
#319 = LINE ( 'NONE', #3753, #2860 ) ;
#320 = CARTESIAN_POINT ( 'NONE',  ( 7.493003142994979602E-17, -0.7671295513012331702, 0.2599999999999999534 ) ) ;
#321 = ORIENTED_EDGE ( 'NONE', *, *, #2564, .F. ) ;
#322 = CARTESIAN_POINT ( 'NONE',  ( 1.100000000000002087, -0.7500000000000002220, 0.2599999999999922928 ) ) ;
#323 = LINE ( 'NONE', #4563, #3303 ) ;
#324 = ORIENTED_EDGE ( 'NONE', *, *, #431, .T. ) ;
#325 = DIRECTION ( 'NONE',  ( -0.000000000000000000, -0.000000000000000000, -1.000000000000000000 ) ) ;
#326 = CARTESIAN_POINT ( 'NONE',  ( -0.5388595371840243509, 0.8637862597461452019, 0.2599999999999999534 ) ) ;
#327 = CARTESIAN_POINT ( 'NONE',  ( 0.7249999999999999778, 1.000000000000000000, 0.2599999999999999534 ) ) ;
#328 = CARTESIAN_POINT ( 'NONE',  ( 0.7946937836714690340, -0.3065665198382721002, 0.2799999999999999711 ) ) ;
#329 = FILL_AREA_STYLE_COLOUR ( '', #2025 ) ;
#330 = EDGE_CURVE ( 'NONE', #2840, #4820, #2472, .T. ) ;
#331 = EDGE_CURVE ( 'NONE', #2630, #2256, #2661, .T. ) ;
#332 = ORIENTED_EDGE ( 'NONE', *, *, #1855, .T. ) ;
#333 = EDGE_CURVE ( 'NONE', #1900, #3891, #53, .T. ) ;
#334 = FACE_OUTER_BOUND ( 'NONE', #2974, .T. ) ;
#335 = EDGE_CURVE ( 'NONE', #2509, #4148, #4345, .T. ) ;
#336 =( NAMED_UNIT ( * ) PLANE_ANGLE_UNIT ( ) SI_UNIT ( $, .RADIAN. ) );
#337 = COLOUR_RGB ( '',0.8509803921568627194, 0.8509803921568627194, 0.8509803921568627194 ) ;
#338 = MECHANICAL_DESIGN_GEOMETRIC_PRESENTATION_REPRESENTATION (  '', ( #1878 ), #4648 ) ;
#339 = VERTEX_POINT ( 'NONE', #4293 ) ;
#340 = COLOUR_RGB ( '',0.8509803921568627194, 0.8509803921568627194, 0.8509803921568627194 ) ;
#341 = CARTESIAN_POINT ( 'NONE',  ( 1.100000000000002087, -0.5000000000000002220, 0.2799999999999999711 ) ) ;
#342 = DIRECTION ( 'NONE',  ( -1.000000000000000000, 0.000000000000000000, 0.000000000000000000 ) ) ;
#343 = EDGE_CURVE ( 'NONE', #4131, #3835, #3918, .T. ) ;
#344 = LINE ( 'NONE', #5486, #174 ) ;
#345 = PRESENTATION_LAYER_ASSIGNMENT (  '', '', ( #4654 ) ) ;
#346 =( NAMED_UNIT ( * ) SI_UNIT ( $, .STERADIAN. ) SOLID_ANGLE_UNIT ( ) );
#347 = STYLED_ITEM ( 'NONE', ( #170 ), #1780 ) ;
#348 = LINE ( 'NONE', #5067, #3352 ) ;
#349 = ORIENTED_EDGE ( 'NONE', *, *, #4531, .F. ) ;
#350 = AXIS2_PLACEMENT_3D ( 'NONE', #2712, #2626, #3979 ) ;
#351 = CARTESIAN_POINT ( 'NONE',  ( -1.099999999999998535, -0.8614255068147822492, 0.2799999999999999711 ) ) ;
#352 = SURFACE_STYLE_FILL_AREA ( #2877 ) ;
#353 =( GEOMETRIC_REPRESENTATION_CONTEXT ( 3 ) GLOBAL_UNCERTAINTY_ASSIGNED_CONTEXT ( ( #4734 ) ) GLOBAL_UNIT_ASSIGNED_CONTEXT ( ( #441, #4337, #4745 ) ) REPRESENTATION_CONTEXT ( 'NONE', 'WORKASPACE' ) );
#354 = EDGE_LOOP ( 'NONE', ( #553, #4630, #4121, #4929 ) ) ;
#355 = DIRECTION ( 'NONE',  ( 0.000000000000000000, -0.000000000000000000, -1.000000000000000000 ) ) ;
#356 = LINE ( 'NONE', #5043, #3075 ) ;
#357 = PLANE ( 'NONE',  #2887 ) ;
#358 = CARTESIAN_POINT ( 'NONE',  ( -0.6803386800598816286, -0.2391341263035014764, 0.2599999999999999534 ) ) ;
#359 = LINE ( 'NONE', #1703, #1380 ) ;
#360 = ORIENTED_EDGE ( 'NONE', *, *, #403, .T. ) ;
#361 = STYLED_ITEM ( 'NONE', ( #1007 ), #238 ) ;
#362 = FILL_AREA_STYLE_COLOUR ( '', #4968 ) ;
#363 = SURFACE_STYLE_FILL_AREA ( #2108 ) ;
#364 = COLOUR_RGB ( '',0.8509803921568627194, 0.8509803921568627194, 0.8509803921568627194 ) ;
#365 = LINE ( 'NONE', #5029, #409 ) ;
#366 = EDGE_CURVE ( 'NONE', #483, #3346, #3420, .T. ) ;
#367 = PLANE ( 'NONE',  #1468 ) ;
#368 = CARTESIAN_POINT ( 'NONE',  ( -0.6766918921026191525, -0.5541450885699468198, 0.2599999999999999534 ) ) ;
#369 = ADVANCED_FACE ( 'NONE', ( #4776 ), #1312, .F. ) ;
#370 = ORIENTED_EDGE ( 'NONE', *, *, #5070, .F. ) ;
#371 = B_SPLINE_CURVE_WITH_KNOTS ( 'NONE', 2,
 ( #5374, #4493, #5312 ),
 .UNSPECIFIED., .F., .F.,
 ( 3, 3 ),
 ( 0.000000000000000000, 1.000000000000000000 ),
 .UNSPECIFIED. ) ;
#372 = PRESENTATION_LAYER_ASSIGNMENT (  '', '', ( #1439 ) ) ;
#373 = SURFACE_STYLE_USAGE ( .BOTH. , #1176 ) ;
#374 = SURFACE_STYLE_USAGE ( .BOTH. , #2114 ) ;
#375 =( LENGTH_UNIT ( ) NAMED_UNIT ( * ) SI_UNIT ( .MILLI., .METRE. ) );
#376 = SURFACE_SIDE_STYLE ('',( #401 ) ) ;
#377 = ORIENTED_EDGE ( 'NONE', *, *, #5544, .T. ) ;
#378 = DIRECTION ( 'NONE',  ( -0.000000000000000000, -1.000000000000000000, -0.000000000000000000 ) ) ;
#379 = CARTESIAN_POINT ( 'NONE',  ( -1.099999999999998979, 0.1362137402538543540, 0.2799999999999999711 ) ) ;
#380 = AXIS2_PLACEMENT_3D ( 'NONE', #5199, #2706, #3940 ) ;
#381 = EDGE_LOOP ( 'NONE', ( #4100, #4360, #3478, #5041 ) ) ;
#382 = DIRECTION ( 'NONE',  ( 6.982962677686268288E-15, -0.000000000000000000, 1.000000000000000000 ) ) ;
#383 = DIRECTION ( 'NONE',  ( 6.982962677686266711E-15, -0.000000000000000000, 1.000000000000000000 ) ) ;
#384 = FILL_AREA_STYLE_COLOUR ( '', #287 ) ;
#385 = CARTESIAN_POINT ( 'NONE',  ( -0.6766918921026191525, 0.6855750628389500889, 0.2799999999999999711 ) ) ;
#386 = LINE ( 'NONE', #2993, #2770 ) ;
#387 = PRESENTATION_LAYER_ASSIGNMENT (  '', '', ( #1275 ) ) ;
#388 = EDGE_LOOP ( 'NONE', ( #635, #804, #3570, #2120 ) ) ;
#389 = AXIS2_PLACEMENT_3D ( 'NONE', #1709, #3801, #5559 ) ;
#390 = COLOUR_RGB ( '',1.000000000000000000, 0.000000000000000000, 0.000000000000000000 ) ;
#391 = FILL_AREA_STYLE ('',( #2544 ) ) ;
#392 =( GEOMETRIC_REPRESENTATION_CONTEXT ( 3 ) GLOBAL_UNCERTAINTY_ASSIGNED_CONTEXT ( ( #3870 ) ) GLOBAL_UNIT_ASSIGNED_CONTEXT ( ( #1411, #3137, #4873 ) ) REPRESENTATION_CONTEXT ( 'NONE', 'WORKASPACE' ) );
#393 = ORIENTED_EDGE ( 'NONE', *, *, #2130, .T. ) ;
#394 = VECTOR ( 'NONE', #2012, 1000.000000000000000 ) ;
#395 =( GEOMETRIC_REPRESENTATION_CONTEXT ( 3 ) GLOBAL_UNCERTAINTY_ASSIGNED_CONTEXT ( ( #481 ) ) GLOBAL_UNIT_ASSIGNED_CONTEXT ( ( #4461, #1451, #4894 ) ) REPRESENTATION_CONTEXT ( 'NONE', 'WORKASPACE' ) );
#396 = DIRECTION ( 'NONE',  ( -0.000000000000000000, -0.000000000000000000, -1.000000000000000000 ) ) ;
#397 = DIRECTION ( 'NONE',  ( -1.000000000000000000, 0.000000000000000000, 0.000000000000000000 ) ) ;
#398 = DIRECTION ( 'NONE',  ( -1.000000000000000000, 0.000000000000000000, 0.000000000000000000 ) ) ;
#399 =( LENGTH_UNIT ( ) NAMED_UNIT ( * ) SI_UNIT ( .MILLI., .METRE. ) );
#400 = PRESENTATION_LAYER_ASSIGNMENT (  '', '', ( #4256 ) ) ;
#401 = SURFACE_STYLE_FILL_AREA ( #4205 ) ;
#402 = LINE ( 'NONE', #5515, #5059 ) ;
#403 = EDGE_CURVE ( 'NONE', #3500, #4777, #57, .T. ) ;
#404 = PRESENTATION_LAYER_ASSIGNMENT (  '', '', ( #843 ) ) ;
#405 = VERTEX_POINT ( 'NONE', #1813 ) ;
#406 = DIRECTION ( 'NONE',  ( -1.000000000000000000, 0.000000000000000000, 0.000000000000000000 ) ) ;
#407 = LINE ( 'NONE', #872, #10 ) ;
#408 = FILL_AREA_STYLE_COLOUR ( '', #684 ) ;
#409 = VECTOR ( 'NONE', #2545, 1000.000000000000000 ) ;
#410 = EDGE_LOOP ( 'NONE', ( #3030, #45, #2202, #4614, #5379, #1158 ) ) ;
#411 = CARTESIAN_POINT ( 'NONE',  ( -0.4000000000000000777, 0.000000000000000000, 2.791820594150173918E-15 ) ) ;
#412 = FILL_AREA_STYLE ('',( #2178 ) ) ;
#413 =( NAMED_UNIT ( * ) PLANE_ANGLE_UNIT ( ) SI_UNIT ( $, .RADIAN. ) );
#414 = FILL_AREA_STYLE ('',( #384 ) ) ;
#415 = FACE_OUTER_BOUND ( 'NONE', #3766, .T. ) ;
#416 = EDGE_CURVE ( 'NONE', #860, #4653, #28, .T. ) ;
#417 = SURFACE_SIDE_STYLE ('',( #825 ) ) ;
#418 = ORIENTED_EDGE ( 'NONE', *, *, #2359, .T. ) ;
#419 = DIRECTION ( 'NONE',  ( 3.872150616019658341E-17, 1.000000000000000000, -2.703908323404516286E-31 ) ) ;
#420 = UNCERTAINTY_MEASURE_WITH_UNIT (LENGTH_MEASURE( 1.000000000000000082E-05 ), #3423, 'distance_accuracy_value', 'NONE');
#421 = ORIENTED_EDGE ( 'NONE', *, *, #2733, .F. ) ;
#422 = CARTESIAN_POINT ( 'NONE',  ( 0.3999999999999999667, -0.2000000000000001776, -2.791820594150173918E-15 ) ) ;
#423 = PRESENTATION_LAYER_ASSIGNMENT (  '', '', ( #2222 ) ) ;
#424 = AXIS2_PLACEMENT_3D ( 'NONE', #5246, #4812, #5 ) ;
#425 = FILL_AREA_STYLE_COLOUR ( '', #3701 ) ;
#426 = PRESENTATION_LAYER_ASSIGNMENT (  '', '', ( #5098 ) ) ;
#427 = VERTEX_POINT ( 'NONE', #895 ) ;
#428 = COLOUR_RGB ( '',0.8509803921568627194, 0.8509803921568627194, 0.8509803921568627194 ) ;
#429 = DIRECTION ( 'NONE',  ( 1.000000000000000000, 0.000000000000000000, 0.000000000000000000 ) ) ;
#430 = DIRECTION ( 'NONE',  ( 0.000000000000000000, -0.000000000000000000, -1.000000000000000000 ) ) ;
#431 = EDGE_CURVE ( 'NONE', #3580, #1552, #2600, .T. ) ;
#432 = EDGE_LOOP ( 'NONE', ( #3016, #4684, #187, #4559, #3087, #4304, #4078, #5224, #5533, #5240, #2477, #4419 ) ) ;
#433 = LINE ( 'NONE', #5166, #1963 ) ;
#434 = MECHANICAL_DESIGN_GEOMETRIC_PRESENTATION_REPRESENTATION (  '', ( #2862 ), #1883 ) ;
#435 = ORIENTED_EDGE ( 'NONE', *, *, #4668, .F. ) ;
#436 = EDGE_CURVE ( 'NONE', #5188, #1666, #2155, .T. ) ;
#437 = CARTESIAN_POINT ( 'NONE',  ( 0.6809088744240132662, 0.5569292977732096528, 0.2599999999999999534 ) ) ;
#438 = LINE ( 'NONE', #2153, #4590 ) ;
#439 = DIRECTION ( 'NONE',  ( 1.000000000000000000, 0.000000000000000000, -0.000000000000000000 ) ) ;
#440 = MECHANICAL_DESIGN_GEOMETRIC_PRESENTATION_REPRESENTATION (  '', ( #2409 ), #1155 ) ;
#441 =( LENGTH_UNIT ( ) NAMED_UNIT ( * ) SI_UNIT ( .MILLI., .METRE. ) );
#442 = VERTEX_POINT ( 'NONE', #4807 ) ;
#443 = PLANE ( 'NONE',  #4326 ) ;
#444 = CARTESIAN_POINT ( 'NONE',  ( -0.3095939579225142069, -0.3593805362314128615, 0.2810000000000000275 ) ) ;
#445 =( LENGTH_UNIT ( ) NAMED_UNIT ( * ) SI_UNIT ( .MILLI., .METRE. ) );
#446 = ORIENTED_EDGE ( 'NONE', *, *, #504, .T. ) ;
#447 = LINE ( 'NONE', #3341, #4827 ) ;
#448 = PRESENTATION_STYLE_ASSIGNMENT (( #4722 ) ) ;
#449 = CARTESIAN_POINT ( 'NONE',  ( 0.7946937836714690340, -0.3065665198382721002, 0.2799999999999999711 ) ) ;
#450 = SURFACE_STYLE_FILL_AREA ( #2978 ) ;
#451 = VERTEX_POINT ( 'NONE', #5239 ) ;
#452 = ORIENTED_EDGE ( 'NONE', *, *, #2000, .T. ) ;
#453 = PLANE ( 'NONE',  #4919 ) ;
#454 = SURFACE_STYLE_USAGE ( .BOTH. , #2931 ) ;
#455 = DIRECTION ( 'NONE',  ( -8.673617379884039416E-16, -1.000000000000000000, 0.000000000000000000 ) ) ;
#456 = UNCERTAINTY_MEASURE_WITH_UNIT (LENGTH_MEASURE( 1.000000000000000082E-05 ), #3584, 'distance_accuracy_value', 'NONE');
#457 = EDGE_LOOP ( 'NONE', ( #3678, #3838, #590, #1730 ) ) ;
#458 = ORIENTED_EDGE ( 'NONE', *, *, #5298, .T. ) ;
#459 = DIRECTION ( 'NONE',  ( 1.000000000000000000, 0.000000000000000000, 0.000000000000000000 ) ) ;
#460 = CARTESIAN_POINT ( 'NONE',  ( 0.05584305983497199477, -0.3593805362314128615, 0.2599999999999999534 ) ) ;
#461 = SURFACE_STYLE_FILL_AREA ( #2683 ) ;
#462 = CYLINDRICAL_SURFACE ( 'NONE', #1890, 0.2500000000000000000 ) ;
#463 = SURFACE_SIDE_STYLE ('',( #3142 ) ) ;
#464 = CIRCLE ( 'NONE', #1633, 0.2500000000000000000 ) ;
#465 = EDGE_LOOP ( 'NONE', ( #508, #3162, #3060, #3302 ) ) ;
#466 = EDGE_CURVE ( 'NONE', #2994, #1616, #1369, .T. ) ;
#467 = PRESENTATION_LAYER_ASSIGNMENT (  '', '', ( #2091 ) ) ;
#468 = EDGE_LOOP ( 'NONE', ( #4013, #3019, #4528, #4920, #3441, #4884, #3669, #3760 ) ) ;
#469 =( LENGTH_UNIT ( ) NAMED_UNIT ( * ) SI_UNIT ( .MILLI., .METRE. ) );
#470 = LINE ( 'NONE', #1777, #524 ) ;
#471 = MECHANICAL_DESIGN_GEOMETRIC_PRESENTATION_REPRESENTATION (  '', ( #214 ), #1187 ) ;
#472 = PRESENTATION_STYLE_ASSIGNMENT (( #1711 ) ) ;
#473 = COLOUR_RGB ( '',1.000000000000000000, 1.000000000000000000, 1.000000000000000000 ) ;
#474 = ORIENTED_EDGE ( 'NONE', *, *, #1185, .T. ) ;
#475 = LINE ( 'NONE', #5241, #4459 ) ;
#476 = DIRECTION ( 'NONE',  ( -1.000000000000000000, 0.000000000000000000, 6.938893903907228378E-15 ) ) ;
#477 = AXIS2_PLACEMENT_3D ( 'NONE', #3033, #430, #5222 ) ;
#478 = EDGE_CURVE ( 'NONE', #339, #212, #2111, .T. ) ;
#479 = CARTESIAN_POINT ( 'NONE',  ( 1.319207256221187836E-16, 0.2000000000000000389, 0.02000000000000000042 ) ) ;
#480 = MECHANICAL_DESIGN_GEOMETRIC_PRESENTATION_REPRESENTATION (  '', ( #5353 ), #5057 ) ;
#481 = UNCERTAINTY_MEASURE_WITH_UNIT (LENGTH_MEASURE( 1.000000000000000082E-05 ), #4461, 'distance_accuracy_value', 'NONE');
#482 = FILL_AREA_STYLE_COLOUR ( '', #165 ) ;
#483 = VERTEX_POINT ( 'NONE', #2401 ) ;
#484 = PRESENTATION_LAYER_ASSIGNMENT (  '', '', ( #744 ) ) ;
#485 = CARTESIAN_POINT ( 'NONE',  ( -1.099999999999998979, -0.7499999999999997780, 0.2599999999999999534 ) ) ;
#486 = LINE ( 'NONE', #2613, #3152 ) ;
#487 = SURFACE_STYLE_FILL_AREA ( #513 ) ;
#488 = PRESENTATION_LAYER_ASSIGNMENT (  '', '', ( #2911 ) ) ;
#489 = ORIENTED_EDGE ( 'NONE', *, *, #296, .F. ) ;
#490 = ORIENTED_EDGE ( 'NONE', *, *, #5538, .F. ) ;
#491 = PRESENTATION_LAYER_ASSIGNMENT (  '', '', ( #5366 ) ) ;
#492 = CARTESIAN_POINT ( 'NONE',  ( 0.7376531201253040404, 0.5519215185516125333, 0.2599999999999999534 ) ) ;
#493 = DIRECTION ( 'NONE',  ( 0.000000000000000000, 0.000000000000000000, 1.000000000000000000 ) ) ;
#494 = ORIENTED_EDGE ( 'NONE', *, *, #1113, .T. ) ;
#495 = MECHANICAL_DESIGN_GEOMETRIC_PRESENTATION_REPRESENTATION (  '', ( #2259 ), #3454 ) ;
#496 = DIRECTION ( 'NONE',  ( -0.000000000000000000, 0.000000000000000000, 1.000000000000000000 ) ) ;
#497 = EDGE_CURVE ( 'NONE', #1324, #3904, #4792, .T. ) ;
#498 = PLANE ( 'NONE',  #525 ) ;
#499 = SURFACE_STYLE_USAGE ( .BOTH. , #950 ) ;
#500 = EDGE_CURVE ( 'NONE', #4896, #239, #1961, .T. ) ;
#501 = EDGE_CURVE ( 'NONE', #1666, #2929, #1589, .T. ) ;
#502 = FILL_AREA_STYLE_COLOUR ( '', #4351 ) ;
#503 = ORIENTED_EDGE ( 'NONE', *, *, #4278, .F. ) ;
#504 = EDGE_CURVE ( 'NONE', #294, #1355, #1560, .T. ) ;
#505 = FACE_OUTER_BOUND ( 'NONE', #819, .T. ) ;
#506 = LINE ( 'NONE', #2167, #1285 ) ;
#507 = ORIENTED_EDGE ( 'NONE', *, *, #3848, .T. ) ;
#508 = ORIENTED_EDGE ( 'NONE', *, *, #2585, .T. ) ;
#509 = MANIFOLD_SOLID_BREP ( 'Boss-Extrude3[2]', #3535 ) ;
#510 =( NAMED_UNIT ( * ) PLANE_ANGLE_UNIT ( ) SI_UNIT ( $, .RADIAN. ) );
#511 = DIRECTION ( 'NONE',  ( 0.000000000000000000, -0.000000000000000000, -1.000000000000000000 ) ) ;
#512 = CARTESIAN_POINT ( 'NONE',  ( 0.8230581300528493349, 0.2641109509742673445, 0.2599999999999999534 ) ) ;
#513 = FILL_AREA_STYLE ('',( #1824 ) ) ;
#514 = STYLED_ITEM ( 'NONE', ( #3992 ), #1254 ) ;
#515 = ORIENTED_EDGE ( 'NONE', *, *, #1860, .F. ) ;
#516 = ORIENTED_EDGE ( 'NONE', *, *, #1787, .T. ) ;
#517 = CIRCLE ( 'NONE', #477, 0.09999999999999993616 ) ;
#518 = SURFACE_STYLE_USAGE ( .BOTH. , #1333 ) ;
#519 = PRESENTATION_LAYER_ASSIGNMENT (  '', '', ( #2943 ) ) ;
#520 = FILL_AREA_STYLE_COLOUR ( '', #2701 ) ;
#521 = LINE ( 'NONE', #274, #5437 ) ;
#522 = UNCERTAINTY_MEASURE_WITH_UNIT (LENGTH_MEASURE( 1.000000000000000082E-05 ), #3732, 'distance_accuracy_value', 'NONE');
#523 = LINE ( 'NONE', #5171, #4191 ) ;
#524 = VECTOR ( 'NONE', #5270, 1000.000000000000000 ) ;
#525 = AXIS2_PLACEMENT_3D ( 'NONE', #2216, #2687, #1809 ) ;
#526 = MECHANICAL_DESIGN_GEOMETRIC_PRESENTATION_REPRESENTATION (  '', ( #1798 ), #3479 ) ;
#527 = ORIENTED_EDGE ( 'NONE', *, *, #2697, .T. ) ;
#528 = CYLINDRICAL_SURFACE ( 'NONE', #1555, 0.2500000000000000000 ) ;
#529 = SURFACE_STYLE_USAGE ( .BOTH. , #2270 ) ;
#530 = UNCERTAINTY_MEASURE_WITH_UNIT (LENGTH_MEASURE( 1.000000000000000082E-05 ), #4933, 'distance_accuracy_value', 'NONE');
#531 = ORIENTED_EDGE ( 'NONE', *, *, #1472, .F. ) ;
#532 = ORIENTED_EDGE ( 'NONE', *, *, #1948, .T. ) ;
#533 = EDGE_CURVE ( 'NONE', #2084, #2809, #1617, .T. ) ;
#534 = LINE ( 'NONE', #591, #779 ) ;
#535 = EDGE_CURVE ( 'NONE', #1046, #5117, #1107, .T. ) ;
#536 = FACE_OUTER_BOUND ( 'NONE', #3239, .T. ) ;
#537 = ORIENTED_EDGE ( 'NONE', *, *, #3288, .F. ) ;
#538 = ORIENTED_EDGE ( 'NONE', *, *, #1747, .T. ) ;
#539 = DIRECTION ( 'NONE',  ( 0.000000000000000000, -0.000000000000000000, -1.000000000000000000 ) ) ;
#540 = LINE ( 'NONE', #3994, #2580 ) ;
#541 = AXIS2_PLACEMENT_3D ( 'NONE', #5469, #2397, #3705 ) ;
#542 = CYLINDRICAL_SURFACE ( 'NONE', #1960, 0.3614255068147824712 ) ;
#543 = EDGE_CURVE ( 'NONE', #4440, #2703, #3380, .T. ) ;
#544 = EDGE_LOOP ( 'NONE', ( #5527, #3590, #4108, #1579 ) ) ;
#545 = EDGE_LOOP ( 'NONE', ( #494, #1473, #1897, #747 ) ) ;
#546 = VECTOR ( 'NONE', #3403, 1000.000000000000000 ) ;
#547 = DIRECTION ( 'NONE',  ( 0.000000000000000000, 0.000000000000000000, 1.000000000000000000 ) ) ;
#548 = SURFACE_STYLE_FILL_AREA ( #3939 ) ;
#549 = CARTESIAN_POINT ( 'NONE',  ( 1.100000000000002309, -9.540979117872460713E-16, 0.2799999999999999711 ) ) ;
#550 = DIRECTION ( 'NONE',  ( 1.000000000000000000, -5.033795800825557569E-16, -6.983251342707903681E-15 ) ) ;
#551 = CARTESIAN_POINT ( 'NONE',  ( 1.100000000000002087, -0.5000000000000002220, 0.2599999999999999534 ) ) ;
#552 = ADVANCED_FACE ( 'NONE', ( #4913 ), #1534, .T. ) ;
#553 = ORIENTED_EDGE ( 'NONE', *, *, #2336, .T. ) ;
#554 = CARTESIAN_POINT ( 'NONE',  ( 0.000000000000000000, 0.000000000000000000, 0.2799999999999999711 ) ) ;
#555 = LINE ( 'NONE', #4829, #2492 ) ;
#556 = FILL_AREA_STYLE_COLOUR ( '', #2119 ) ;
#557 = DIRECTION ( 'NONE',  ( -0.000000000000000000, -0.000000000000000000, -1.000000000000000000 ) ) ;
#558 = ORIENTED_EDGE ( 'NONE', *, *, #2627, .T. ) ;
#559 = DIRECTION ( 'NONE',  ( 0.000000000000000000, 0.000000000000000000, -1.000000000000000000 ) ) ;
#560 = CARTESIAN_POINT ( 'NONE',  ( 1.100000000000002087, -0.5000000000000002220, 0.2599999999999922928 ) ) ;
#561 = CARTESIAN_POINT ( 'NONE',  ( 0.2532275857927164253, -0.3593805362314128615, 0.2810000000000000275 ) ) ;
#562 =( GEOMETRIC_REPRESENTATION_CONTEXT ( 3 ) GLOBAL_UNCERTAINTY_ASSIGNED_CONTEXT ( ( #2762 ) ) GLOBAL_UNIT_ASSIGNED_CONTEXT ( ( #1424, #83, #3943 ) ) REPRESENTATION_CONTEXT ( 'NONE', 'WORKASPACE' ) );
#563 = STYLED_ITEM ( 'NONE', ( #2044 ), #711 ) ;
#564 =( NAMED_UNIT ( * ) PLANE_ANGLE_UNIT ( ) SI_UNIT ( $, .RADIAN. ) );
#565 = B_SPLINE_CURVE_WITH_KNOTS ( 'NONE', 3,
 ( #1407, #1871, #3186, #4898 ),
 .UNSPECIFIED., .F., .F.,
 ( 4, 4 ),
 ( 0.000000000000000000, 1.000000000000000000 ),
 .UNSPECIFIED. ) ;
#566 = EDGE_LOOP ( 'NONE', ( #5468, #4800, #2337, #191 ) ) ;
#567 = UNCERTAINTY_MEASURE_WITH_UNIT (LENGTH_MEASURE( 1.000000000000000082E-05 ), #3336, 'distance_accuracy_value', 'NONE');
#568 = ORIENTED_EDGE ( 'NONE', *, *, #5585, .F. ) ;
#569 = AXIS2_PLACEMENT_3D ( 'NONE', #815, #1296, #406 ) ;
#570 = COLOUR_RGB ( '',0.8509803921568627194, 0.8509803921568627194, 0.8509803921568627194 ) ;
#571 = LINE ( 'NONE', #4931, #2666 ) ;
#572 = SURFACE_SIDE_STYLE ('',( #4416 ) ) ;
#573 = SURFACE_STYLE_FILL_AREA ( #987 ) ;
#574 =( LENGTH_UNIT ( ) NAMED_UNIT ( * ) SI_UNIT ( .MILLI., .METRE. ) );
#575 = EDGE_CURVE ( 'NONE', #1435, #2184, #762, .T. ) ;
#576 = COLOUR_RGB ( '',0.8509803921568627194, 0.8509803921568627194, 0.8509803921568627194 ) ;
#577 = VERTEX_POINT ( 'NONE', #4592 ) ;
#578 = ORIENTED_EDGE ( 'NONE', *, *, #2399, .T. ) ;
#579 = EDGE_CURVE ( 'NONE', #1040, #1030, #2671, .T. ) ;
#580 = VECTOR ( 'NONE', #840, 1000.000000000000000 ) ;
#581 = CARTESIAN_POINT ( 'NONE',  ( -1.099999999999998090, 0.4999999999999997780, 0.2600000000000076694 ) ) ;
#582 = CARTESIAN_POINT ( 'NONE',  ( 0.4124155170610083188, 0.04290495023076341258, 0.2799999999999999711 ) ) ;
#583 = PRODUCT_CONTEXT ( 'NONE', #77, 'mechanical' ) ;
#584 = PRESENTATION_LAYER_ASSIGNMENT (  '', '', ( #4154 ) ) ;
#585 = ORIENTED_EDGE ( 'NONE', *, *, #629, .T. ) ;
#586 = ADVANCED_FACE ( 'NONE', ( #2478 ), #2072, .F. ) ;
#587 = DIRECTION ( 'NONE',  ( -0.000000000000000000, -1.000000000000000000, -0.000000000000000000 ) ) ;
#588 = FILL_AREA_STYLE_COLOUR ( '', #4349 ) ;
#589 = DIRECTION ( 'NONE',  ( -6.982962677686265922E-15, 0.000000000000000000, -1.000000000000000000 ) ) ;
#590 = ORIENTED_EDGE ( 'NONE', *, *, #3457, .F. ) ;
#591 = CARTESIAN_POINT ( 'NONE',  ( -0.000000000000000000, 0.5569292977732096528, 0.2599999999999999534 ) ) ;
#592 = VECTOR ( 'NONE', #1366, 1000.000000000000000 ) ;
#593 = DIRECTION ( 'NONE',  ( -0.000000000000000000, 0.000000000000000000, -1.000000000000000000 ) ) ;
#594 = PRESENTATION_STYLE_ASSIGNMENT (( #4035 ) ) ;
#595 = EDGE_LOOP ( 'NONE', ( #2816, #1661, #2589, #600 ) ) ;
#596 = PLANE ( 'NONE',  #5192 ) ;
#597 = LINE ( 'NONE', #1436, #2619 ) ;
#598 = CARTESIAN_POINT ( 'NONE',  ( 1.100000000000002309, -9.540979117872460713E-16, 0.2799999999999999711 ) ) ;
#599 = ORIENTED_EDGE ( 'NONE', *, *, #3484, .F. ) ;
#600 = ORIENTED_EDGE ( 'NONE', *, *, #5509, .T. ) ;
#601 = PRESENTATION_STYLE_ASSIGNMENT (( #4421 ) ) ;
#602 = EDGE_CURVE ( 'NONE', #5378, #2802, #733, .T. ) ;
#603 =( NAMED_UNIT ( * ) SI_UNIT ( $, .STERADIAN. ) SOLID_ANGLE_UNIT ( ) );
#604 = COLOUR_RGB ( '',0.8509803921568627194, 0.8509803921568627194, 0.8509803921568627194 ) ;
#605 = VERTEX_POINT ( 'NONE', #2124 ) ;
#606 = EDGE_CURVE ( 'NONE', #4746, #740, #5495, .T. ) ;
#607 = VECTOR ( 'NONE', #2525, 1000.000000000000000 ) ;
#608 = PRESENTATION_STYLE_ASSIGNMENT (( #4449 ) ) ;
#609 = CARTESIAN_POINT ( 'NONE',  ( 0.6360270068922002640, 0.1776407652747671595, 0.2599999999999999534 ) ) ;
#610 = VECTOR ( 'NONE', #2649, 1000.000000000000000 ) ;
#611 = CARTESIAN_POINT ( 'NONE',  ( 1.100000000000000311, -0.2000000000000001776, 0.01999999999999231906 ) ) ;
#612 = AXIS2_PLACEMENT_3D ( 'NONE', #2599, #171, #56 ) ;
#613 = ORIENTED_EDGE ( 'NONE', *, *, #4476, .F. ) ;
#614 = COLOUR_RGB ( '',0.000000000000000000, 0.000000000000000000, 0.000000000000000000 ) ;
#615 = ORIENTED_EDGE ( 'NONE', *, *, #4161, .F. ) ;
#616 =( NAMED_UNIT ( * ) PLANE_ANGLE_UNIT ( ) SI_UNIT ( $, .RADIAN. ) );
#617 = DIRECTION ( 'NONE',  ( -1.000000000000000000, 4.646580739223591981E-16, 6.982962677686268288E-15 ) ) ;
#618 = STYLED_ITEM ( 'NONE', ( #594 ), #272 ) ;
#619 = ORIENTED_EDGE ( 'NONE', *, *, #1787, .F. ) ;
#620 = VERTEX_POINT ( 'NONE', #3435 ) ;
#621 = UNCERTAINTY_MEASURE_WITH_UNIT (LENGTH_MEASURE( 1.000000000000000082E-05 ), #736, 'distance_accuracy_value', 'NONE');
#622 = FACE_OUTER_BOUND ( 'NONE', #2499, .T. ) ;
#623 = SURFACE_SIDE_STYLE ('',( #2737 ) ) ;
#624 = ORIENTED_EDGE ( 'NONE', *, *, #4975, .F. ) ;
#625 = SURFACE_STYLE_USAGE ( .BOTH. , #4567 ) ;
#626 = CARTESIAN_POINT ( 'NONE',  ( 0.7858601251859659298, -0.1372050520392875117, 0.2799999999999999711 ) ) ;
#627 =( LENGTH_UNIT ( ) NAMED_UNIT ( * ) SI_UNIT ( .MILLI., .METRE. ) );
#628 = PRESENTATION_LAYER_ASSIGNMENT (  '', '', ( #3052 ) ) ;
#629 = EDGE_CURVE ( 'NONE', #3631, #3821, #1618, .T. ) ;
#630 = FILL_AREA_STYLE ('',( #4139 ) ) ;
#631 = CARTESIAN_POINT ( 'NONE',  ( 0.3124155170610076193, -0.05709504976923729380, 0.2799999999999999711 ) ) ;
#632 = DIRECTION ( 'NONE',  ( 1.000000000000000000, 0.000000000000000000, 0.000000000000000000 ) ) ;
#633 = DIRECTION ( 'NONE',  ( -0.000000000000000000, 1.000000000000000000, -0.000000000000000000 ) ) ;
#634 = VECTOR ( 'NONE', #301, 1000.000000000000000 ) ;
#635 = ORIENTED_EDGE ( 'NONE', *, *, #2903, .F. ) ;
#636 = PRESENTATION_LAYER_ASSIGNMENT (  '', '', ( #4135 ) ) ;
#637 = CARTESIAN_POINT ( 'NONE',  ( 1.100000000000002087, 0.4999999999999997780, 0.2799999999999999711 ) ) ;
#638 = EDGE_CURVE ( 'NONE', #1792, #2439, #5108, .T. ) ;
#639 = CARTESIAN_POINT ( 'NONE',  ( 0.6534767642029394308, -0.05709504976923727992, 0.2599999999999999534 ) ) ;
#640 = FILL_AREA_STYLE_COLOUR ( '', #1015 ) ;
#641 = ORIENTED_EDGE ( 'NONE', *, *, #5080, .F. ) ;
#642 = VERTEX_POINT ( 'NONE', #1644 ) ;
#643 = AXIS2_PLACEMENT_3D ( 'NONE', #764, #2429, #2479 ) ;
#644 = AXIS2_PLACEMENT_3D ( 'NONE', #2299, #3201, #4507 ) ;
#645 = SURFACE_SIDE_STYLE ('',( #4851 ) ) ;
#646 = PRESENTATION_STYLE_ASSIGNMENT (( #2819 ) ) ;
#647 = FILL_AREA_STYLE ('',( #4502 ) ) ;
#648 =( NAMED_UNIT ( * ) PLANE_ANGLE_UNIT ( ) SI_UNIT ( $, .RADIAN. ) );
#649 = ORIENTED_EDGE ( 'NONE', *, *, #579, .F. ) ;
#650 = PRESENTATION_LAYER_ASSIGNMENT (  '', '', ( #3085 ) ) ;
#651 = CARTESIAN_POINT ( 'NONE',  ( -0.6035437629006772386, 0.000000000000000000, 0.2799999999999999711 ) ) ;
#652 = DIRECTION ( 'NONE',  ( -6.982962677686265922E-15, 0.000000000000000000, -1.000000000000000000 ) ) ;
#653 = CARTESIAN_POINT ( 'NONE',  ( -0.1178234831815653944, -0.5316465652036583833, 0.2599999999999999534 ) ) ;
#654 = CARTESIAN_POINT ( 'NONE',  ( -0.6766918921026191525, 0.6855750628389500889, 0.2599999999999999534 ) ) ;
#655 = SURFACE_SIDE_STYLE ('',( #2799 ) ) ;
#656 = PRESENTATION_LAYER_ASSIGNMENT (  '', '', ( #5541 ) ) ;
#657 = EDGE_CURVE ( 'NONE', #2066, #3449, #2229, .T. ) ;
#658 = SURFACE_STYLE_FILL_AREA ( #2410 ) ;
#659 = CARTESIAN_POINT ( 'NONE',  ( -0.1178234831815653944, -0.3593805362314128615, 0.2599999999999999534 ) ) ;
#660 = LINE ( 'NONE', #1543, #849 ) ;
#661 = EDGE_CURVE ( 'NONE', #1134, #851, #1244, .T. ) ;
#662 = VECTOR ( 'NONE', #257, 1000.000000000000000 ) ;
#663 = CARTESIAN_POINT ( 'NONE',  ( 0.3432670707574931868, -0.5316465652036583833, 0.2810000000000000275 ) ) ;
#664 = EDGE_CURVE ( 'NONE', #2875, #110, #1190, .T. ) ;
#665 = VERTEX_POINT ( 'NONE', #2935 ) ;
#666 = LINE ( 'NONE', #3698, #2676 ) ;
#667 = CARTESIAN_POINT ( 'NONE',  ( 0.000000000000000000, 0.3080817958270101187, 0.2799999999999999711 ) ) ;
#668 = DIRECTION ( 'NONE',  ( -6.982962677686265922E-15, 0.000000000000000000, -1.000000000000000000 ) ) ;
#669 = ORIENTED_EDGE ( 'NONE', *, *, #366, .T. ) ;
#670 = ORIENTED_EDGE ( 'NONE', *, *, #5452, .F. ) ;
#671 = DIRECTION ( 'NONE',  ( -0.000000000000000000, -0.000000000000000000, -1.000000000000000000 ) ) ;
#672 = SURFACE_STYLE_FILL_AREA ( #1986 ) ;
#673 =( NAMED_UNIT ( * ) SI_UNIT ( $, .STERADIAN. ) SOLID_ANGLE_UNIT ( ) );
#674 = CARTESIAN_POINT ( 'NONE',  ( -0.7650295964665725368, -0.2727184512886348111, 0.2799999999999999711 ) ) ;
#675 = ORIENTED_EDGE ( 'NONE', *, *, #2327, .T. ) ;
#676 = CARTESIAN_POINT ( 'NONE',  ( -1.099999999999998090, -1.000000000000000000, 0.2600000000000076694 ) ) ;
#677 = CARTESIAN_POINT ( 'NONE',  ( -0.6832485166931815401, 0.8768473060465202806, 0.2799999999999999711 ) ) ;
#678 =( LENGTH_UNIT ( ) NAMED_UNIT ( * ) SI_UNIT ( .MILLI., .METRE. ) );
#679 = CARTESIAN_POINT ( 'NONE',  ( 0.8132557169139246200, -0.2164558030324802707, 0.2599999999999999534 ) ) ;
#680 = SURFACE_STYLE_USAGE ( .BOTH. , #4452 ) ;
#681 = UNCERTAINTY_MEASURE_WITH_UNIT (LENGTH_MEASURE( 1.000000000000000082E-05 ), #399, 'distance_accuracy_value', 'NONE');
#682 = CARTESIAN_POINT ( 'NONE',  ( 1.100000000000000533, 0.9000000000000000222, 0.01999999999999231906 ) ) ;
#683 = VECTOR ( 'NONE', #1399, 1000.000000000000000 ) ;
#684 = COLOUR_RGB ( '',0.000000000000000000, 0.000000000000000000, 1.000000000000000000 ) ;
#685 =( NAMED_UNIT ( * ) PLANE_ANGLE_UNIT ( ) SI_UNIT ( $, .RADIAN. ) );
#686 = PRESENTATION_STYLE_ASSIGNMENT (( #5427 ) ) ;
#687 = AXIS2_PLACEMENT_3D ( 'NONE', #3222, #4044, #4938 ) ;
#688 = CARTESIAN_POINT ( 'NONE',  ( -0.5393126090526830785, -0.6654789993909573376, 0.2799999999999999711 ) ) ;
#689 =( NAMED_UNIT ( * ) SI_UNIT ( $, .STERADIAN. ) SOLID_ANGLE_UNIT ( ) );
#690 = CIRCLE ( 'NONE', #3738, 0.3614255068147826933 ) ;
#691 = VECTOR ( 'NONE', #1167, 1000.000000000000000 ) ;
#692 = CARTESIAN_POINT ( 'NONE',  ( -0.5740798441076691017, -7.576417661678501932E-16, 0.2799999999999999711 ) ) ;
#693 = COLOUR_RGB ( '',0.8509803921568627194, 0.8509803921568627194, 0.8509803921568627194 ) ;
#694 = VERTEX_POINT ( 'NONE', #4621 ) ;
#695 = SURFACE_STYLE_FILL_AREA ( #2036 ) ;
#696 = SURFACE_STYLE_USAGE ( .BOTH. , #1490 ) ;
#697 = AXIS2_PLACEMENT_3D ( 'NONE', #2243, #3908, #4824 ) ;
#698 = DIRECTION ( 'NONE',  ( -0.000000000000000000, -0.000000000000000000, -1.000000000000000000 ) ) ;
#699 =( NAMED_UNIT ( * ) PLANE_ANGLE_UNIT ( ) SI_UNIT ( $, .RADIAN. ) );
#700 = EDGE_CURVE ( 'NONE', #2415, #770, #433, .T. ) ;
#701 = LINE ( 'NONE', #2445, #3084 ) ;
#702 = EDGE_CURVE ( 'NONE', #3296, #239, #4655, .T. ) ;
#703 = EDGE_LOOP ( 'NONE', ( #1807, #185, #2503, #4153, #3370, #1169, #3405, #3780, #1982, #707 ) ) ;
#704 =( NAMED_UNIT ( * ) PLANE_ANGLE_UNIT ( ) SI_UNIT ( $, .RADIAN. ) );
#705 = DIRECTION ( 'NONE',  ( 1.000000000000000000, 0.000000000000000000, -6.982962677686268288E-15 ) ) ;
#706 = PLANE ( 'NONE',  #5395 ) ;
#707 = ORIENTED_EDGE ( 'NONE', *, *, #3630, .F. ) ;
#708 = DIRECTION ( 'NONE',  ( -1.000000000000000000, 0.000000000000000000, 6.983251342707906047E-15 ) ) ;
#709 = DIRECTION ( 'NONE',  ( 0.000000000000000000, 1.000000000000000000, 0.000000000000000000 ) ) ;
#710 = CARTESIAN_POINT ( 'NONE',  ( 0.7946937836714691450, -0.3065665198382720447, 0.2799999999999999711 ) ) ;
#711 = ADVANCED_FACE ( 'NONE', ( #3839 ), #5042, .T. ) ;
#712 = DIRECTION ( 'NONE',  ( -1.000000000000000000, 0.000000000000000000, 6.983251342707906047E-15 ) ) ;
#713 = CARTESIAN_POINT ( 'NONE',  ( -1.099999999999999867, 0.4999999999999997780, 0.02000000000000768177 ) ) ;
#714 = DIRECTION ( 'NONE',  ( -0.000000000000000000, 1.000000000000000000, -0.000000000000000000 ) ) ;
#715 = FILL_AREA_STYLE ('',( #2003 ) ) ;
#716 = SURFACE_SIDE_STYLE ('',( #5430 ) ) ;
#717 = VERTEX_POINT ( 'NONE', #44 ) ;
#718 = SURFACE_STYLE_USAGE ( .BOTH. , #5432 ) ;
#719 = SURFACE_STYLE_FILL_AREA ( #265 ) ;
#720 = CIRCLE ( 'NONE', #5333, 0.3614255068147824712 ) ;
#721 = DIRECTION ( 'NONE',  ( 1.000000000000000000, -8.673617379884037444E-16, -6.982962677686265922E-15 ) ) ;
#722 = FILL_AREA_STYLE ('',( #2064 ) ) ;
#723 = FACE_OUTER_BOUND ( 'NONE', #1638, .T. ) ;
#724 = ORIENTED_EDGE ( 'NONE', *, *, #3191, .T. ) ;
#725 = SURFACE_STYLE_USAGE ( .BOTH. , #4156 ) ;
#726 = EDGE_CURVE ( 'NONE', #834, #1959, #4736, .T. ) ;
#727 = SURFACE_STYLE_USAGE ( .BOTH. , #3404 ) ;
#728 = EDGE_CURVE ( 'NONE', #4486, #3580, #5195, .T. ) ;
#729 = PRESENTATION_LAYER_ASSIGNMENT (  '', '', ( #2364 ) ) ;
#730 = ORIENTED_EDGE ( 'NONE', *, *, #1043, .T. ) ;
#731 = COLOUR_RGB ( '',0.8509803921568627194, 0.8509803921568627194, 0.8509803921568627194 ) ;
#732 = CIRCLE ( 'NONE', #3428, 0.2500000000000000000 ) ;
#733 = LINE ( 'NONE', #3761, #4372 ) ;
#734 = EDGE_CURVE ( 'NONE', #1098, #3262, #3635, .T. ) ;
#735 = CARTESIAN_POINT ( 'NONE',  ( 0.7249999999999999778, 1.000000000000000000, 0.8400000000000000799 ) ) ;
#736 =( LENGTH_UNIT ( ) NAMED_UNIT ( * ) SI_UNIT ( .MILLI., .METRE. ) );
#737 = SURFACE_SIDE_STYLE ('',( #5024 ) ) ;
#738 =( NAMED_UNIT ( * ) SI_UNIT ( $, .STERADIAN. ) SOLID_ANGLE_UNIT ( ) );
#739 = PRESENTATION_LAYER_ASSIGNMENT (  '', '', ( #1941 ) ) ;
#740 = VERTEX_POINT ( 'NONE', #5026 ) ;
#741 = EDGE_CURVE ( 'NONE', #4499, #3120, #2385, .T. ) ;
#742 = FILL_AREA_STYLE_COLOUR ( '', #731 ) ;
#743 = CARTESIAN_POINT ( 'NONE',  ( -1.099999999999998090, -0.4999999999999997780, 0.2599999999999999534 ) ) ;
#744 = STYLED_ITEM ( 'NONE', ( #4034 ), #4305 ) ;
#745 = LINE ( 'NONE', #1227, #5360 ) ;
#746 = FILL_AREA_STYLE_COLOUR ( '', #1029 ) ;
#747 = ORIENTED_EDGE ( 'NONE', *, *, #908, .T. ) ;
#748 = MECHANICAL_DESIGN_GEOMETRIC_PRESENTATION_REPRESENTATION (  '', ( #5366 ), #2999 ) ;
#749 = LINE ( 'NONE', #2871, #3136 ) ;
#750 = COLOUR_RGB ( '',0.000000000000000000, 0.000000000000000000, 0.000000000000000000 ) ;
#751 = SURFACE_SIDE_STYLE ('',( #2392 ) ) ;
#752 = CARTESIAN_POINT ( 'NONE',  ( -0.7570035725588107889, 0.6212183713084244996, 0.2599999999999999534 ) ) ;
#753 = SURFACE_STYLE_USAGE ( .BOTH. , #3344 ) ;
#754 = CARTESIAN_POINT ( 'NONE',  ( 0.8500000000000019762, -0.5000000000000002220, 0.2599999999999999534 ) ) ;
#755 = VECTOR ( 'NONE', #3744, 1000.000000000000000 ) ;
#756 = VECTOR ( 'NONE', #3448, 1000.000000000000000 ) ;
#757 = VERTEX_POINT ( 'NONE', #4950 ) ;
#758 = SURFACE_STYLE_USAGE ( .BOTH. , #1639 ) ;
#759 = LINE ( 'NONE', #5440, #1352 ) ;
#760 = CARTESIAN_POINT ( 'NONE',  ( -1.099999999999998535, 0.8637862597461452019, 0.2599999999999999534 ) ) ;
#761 = ORIENTED_EDGE ( 'NONE', *, *, #990, .F. ) ;
#762 = LINE ( 'NONE', #411, #2491 ) ;
#763 = EDGE_CURVE ( 'NONE', #4319, #5316, #2029, .T. ) ;
#764 = CARTESIAN_POINT ( 'NONE',  ( 1.100000000000002087, -0.5000000000000002220, 0.2799999999999999711 ) ) ;
#765 = CARTESIAN_POINT ( 'NONE',  ( -1.099999999999999867, 1.000000000000000000, 0.02000000000000768177 ) ) ;
#766 = CLOSED_SHELL ( 'NONE', ( #2191, #2768, #5328, #4448, #1780, #1217 ) ) ;
#767 = DIRECTION ( 'NONE',  ( -1.000000000000000000, 0.000000000000000000, 6.983251342707906047E-15 ) ) ;
#768 = DIRECTION ( 'NONE',  ( -1.000000000000000000, 3.097720492815726673E-16, 0.000000000000000000 ) ) ;
#769 = EDGE_CURVE ( 'NONE', #5568, #2785, #4453, .T. ) ;
#770 = VERTEX_POINT ( 'NONE', #1085 ) ;
#771 = DIRECTION ( 'NONE',  ( -0.000000000000000000, -0.000000000000000000, -1.000000000000000000 ) ) ;
#772 = CYLINDRICAL_SURFACE ( 'NONE', #4462, 0.3614255068147828043 ) ;
#773 = DIRECTION ( 'NONE',  ( -1.000000000000000000, 0.000000000000000000, 6.938893903907228378E-15 ) ) ;
#774 = DIRECTION ( 'NONE',  ( 1.000000000000000000, -9.856383386231857595E-17, -6.982631605183631963E-15 ) ) ;
#775 = MECHANICAL_DESIGN_GEOMETRIC_PRESENTATION_REPRESENTATION (  '', ( #67 ), #4367 ) ;
#776 = LINE ( 'NONE', #4147, #2646 ) ;
#777 = COLOUR_RGB ( '',0.8509803921568627194, 0.8509803921568627194, 0.8509803921568627194 ) ;
#778 = ORIENTED_EDGE ( 'NONE', *, *, #1605, .T. ) ;
#779 = VECTOR ( 'NONE', #4378, 1000.000000000000000 ) ;
#780 = PLANE ( 'NONE',  #3641 ) ;
#781 = AXIS2_PLACEMENT_3D ( 'NONE', #793, #355, #1673 ) ;
#782 = PRESENTATION_STYLE_ASSIGNMENT (( #5487 ) ) ;
#783 = VECTOR ( 'NONE', #5089, 1000.000000000000000 ) ;
#784 = MECHANICAL_DESIGN_GEOMETRIC_PRESENTATION_REPRESENTATION (  '', ( #5110 ), #2233 ) ;
#785 =( LENGTH_UNIT ( ) NAMED_UNIT ( * ) SI_UNIT ( .MILLI., .METRE. ) );
#786 = ORIENTED_EDGE ( 'NONE', *, *, #4234, .T. ) ;
#787 = LINE ( 'NONE', #3324, #1253 ) ;
#788 = PRESENTATION_STYLE_ASSIGNMENT (( #454 ) ) ;
#789 = FACE_OUTER_BOUND ( 'NONE', #2670, .T. ) ;
#790 =( NAMED_UNIT ( * ) SI_UNIT ( $, .STERADIAN. ) SOLID_ANGLE_UNIT ( ) );
#791 = STYLED_ITEM ( 'NONE', ( #4768 ), #5552 ) ;
#792 = ORIENTED_EDGE ( 'NONE', *, *, #1455, .T. ) ;
#793 = CARTESIAN_POINT ( 'NONE',  ( 1.100000000000002087, -0.5000000000000002220, 0.2799999999999999711 ) ) ;
#794 = FACE_OUTER_BOUND ( 'NONE', #3597, .T. ) ;
#795 = CARTESIAN_POINT ( 'NONE',  ( 0.3901487617419281406, 0.8637862597461452019, 0.2599999999999999534 ) ) ;
#796 = DIRECTION ( 'NONE',  ( 1.000000000000000000, 0.000000000000000000, 0.000000000000000000 ) ) ;
#797 = CARTESIAN_POINT ( 'NONE',  ( 0.3999999999999999667, 0.9000000000000000222, -2.791820594150173918E-15 ) ) ;
#798 = EDGE_LOOP ( 'NONE', ( #3155, #2536, #1801, #857 ) ) ;
#799 = STYLED_ITEM ( 'NONE', ( #5439 ), #1057 ) ;
#800 = CARTESIAN_POINT ( 'NONE',  ( 1.100000000000002087, -0.2500000000000002220, 0.2799999999999999711 ) ) ;
#801 = EDGE_CURVE ( 'NONE', #2058, #1098, #732, .T. ) ;
#802 = CARTESIAN_POINT ( 'NONE',  ( -0.7249999999999999778, 1.000000000000000000, 0.8400000000000000799 ) ) ;
#803 = SURFACE_STYLE_USAGE ( .BOTH. , #716 ) ;
#804 = ORIENTED_EDGE ( 'NONE', *, *, #1707, .F. ) ;
#805 = B_SPLINE_SURFACE_WITH_KNOTS ( 'NONE', 2, 1, ( 
 ( #2062, #1289 ),
 ( #3453, #1315 ),
 ( #5537, #1663 ) ),
 .UNSPECIFIED., .F., .F., .F.,
 ( 3, 3 ),
 ( 2, 2 ),
 ( 0.000000000000000000, 1.000000000000000000 ),
 ( 0.000000000000000000, 1.000000000000000000 ),
 .UNSPECIFIED. ) ;
#806 = PRODUCT_RELATED_PRODUCT_CATEGORY ( 'part', '', ( #5032 ) ) ;
#807 = CARTESIAN_POINT ( 'NONE',  ( 0.000000000000000000, -0.05709504976923729380, 0.2799999999999999711 ) ) ;
#808 = FILL_AREA_STYLE_COLOUR ( '', #2379 ) ;
#809 = MECHANICAL_DESIGN_GEOMETRIC_PRESENTATION_REPRESENTATION (  '', ( #618 ), #2775 ) ;
#810 =( LENGTH_UNIT ( ) NAMED_UNIT ( * ) SI_UNIT ( .MILLI., .METRE. ) );
#811 = VECTOR ( 'NONE', #4474, 1000.000000000000000 ) ;
#812 =( NAMED_UNIT ( * ) SI_UNIT ( $, .STERADIAN. ) SOLID_ANGLE_UNIT ( ) );
#813 = VERTEX_POINT ( 'NONE', #304 ) ;
#814 = EDGE_CURVE ( 'NONE', #2875, #1791, #1114, .T. ) ;
#815 = CARTESIAN_POINT ( 'NONE',  ( 1.100000000000002087, 0.4999999999999997780, 0.2799999999999999711 ) ) ;
#816 = DIRECTION ( 'NONE',  ( 6.982962677686268288E-15, -0.000000000000000000, 1.000000000000000000 ) ) ;
#817 =( LENGTH_UNIT ( ) NAMED_UNIT ( * ) SI_UNIT ( .MILLI., .METRE. ) );
#818 = PRESENTATION_LAYER_ASSIGNMENT (  '', '', ( #2889 ) ) ;
#819 = EDGE_LOOP ( 'NONE', ( #5249, #615, #3401, #3009 ) ) ;
#820 = DIRECTION ( 'NONE',  ( 1.000000000000000000, 0.000000000000000000, 0.000000000000000000 ) ) ;
#821 = CARTESIAN_POINT ( 'NONE',  ( 0.3901487617419281406, 0.6855750628389500889, 0.2799999999999999711 ) ) ;
#822 = FILL_AREA_STYLE ('',( #4594 ) ) ;
#823 = FACE_OUTER_BOUND ( 'NONE', #2640, .T. ) ;
#824 = DIRECTION ( 'NONE',  ( 1.000000000000000000, 0.000000000000000000, 0.000000000000000000 ) ) ;
#825 = SURFACE_STYLE_FILL_AREA ( #2967 ) ;
#826 =( GEOMETRIC_REPRESENTATION_CONTEXT ( 3 ) GLOBAL_UNCERTAINTY_ASSIGNED_CONTEXT ( ( #4908 ) ) GLOBAL_UNIT_ASSIGNED_CONTEXT ( ( #4254, #2996, #2596 ) ) REPRESENTATION_CONTEXT ( 'NONE', 'WORKASPACE' ) );
#827 = B_SPLINE_CURVE_WITH_KNOTS ( 'NONE', 3,
 ( #3598, #1898, #2258, #3130 ),
 .UNSPECIFIED., .F., .F.,
 ( 4, 4 ),
 ( 0.000000000000000000, 1.000000000000000000 ),
 .UNSPECIFIED. ) ;
#828 = ORIENTED_EDGE ( 'NONE', *, *, #5585, .T. ) ;
#829 = VECTOR ( 'NONE', #4111, 1000.000000000000000 ) ;
#830 = DIRECTION ( 'NONE',  ( 1.000000000000000000, 0.000000000000000000, 0.000000000000000000 ) ) ;
#831 = FACE_OUTER_BOUND ( 'NONE', #1406, .T. ) ;
#832 = MECHANICAL_DESIGN_GEOMETRIC_PRESENTATION_REPRESENTATION (  '', ( #2719 ), #32 ) ;
#833 = CARTESIAN_POINT ( 'NONE',  ( 0.7249999999999999778, -1.000000000000000000, 0.8400000000000000799 ) ) ;
#834 = VERTEX_POINT ( 'NONE', #1479 ) ;
#835 = EDGE_CURVE ( 'NONE', #938, #4753, #4542, .T. ) ;
#836 = AXIS2_PLACEMENT_3D ( 'NONE', #1844, #1403, #3151 ) ;
#837 = DIRECTION ( 'NONE',  ( -1.000000000000000000, 0.000000000000000000, 6.983251342707903681E-15 ) ) ;
#838 =( NAMED_UNIT ( * ) SI_UNIT ( $, .STERADIAN. ) SOLID_ANGLE_UNIT ( ) );
#839 = AXIS2_PLACEMENT_3D ( 'NONE', #3440, #439, #1771 ) ;
#840 = DIRECTION ( 'NONE',  ( 1.000000000000000000, 3.872150616019658957E-17, -6.983251342707903681E-15 ) ) ;
#841 = EDGE_CURVE ( 'NONE', #4355, #2721, #2773, .T. ) ;
#842 = DIRECTION ( 'NONE',  ( 1.000000000000000000, 0.000000000000000000, 0.000000000000000000 ) ) ;
#843 = STYLED_ITEM ( 'NONE', ( #4315 ), #1649 ) ;
#844 = EDGE_LOOP ( 'NONE', ( #5590, #2459, #1182, #1481, #3790, #5516, #2647, #3649, #2662, #3814, #1728, #421, #159, #2786, #2616, #905, #4726 ) ) ;
#845 =( GEOMETRIC_REPRESENTATION_CONTEXT ( 3 ) GLOBAL_UNCERTAINTY_ASSIGNED_CONTEXT ( ( #956 ) ) GLOBAL_UNIT_ASSIGNED_CONTEXT ( ( #862, #1751, #838 ) ) REPRESENTATION_CONTEXT ( 'NONE', 'WORKASPACE' ) );
#846 = FILL_AREA_STYLE_COLOUR ( '', #604 ) ;
#847 = FILL_AREA_STYLE ('',( #2122 ) ) ;
#848 = SURFACE_STYLE_USAGE ( .BOTH. , #5191 ) ;
#849 = VECTOR ( 'NONE', #1061, 1000.000000000000000 ) ;
#850 = UNCERTAINTY_MEASURE_WITH_UNIT (LENGTH_MEASURE( 1.000000000000000082E-05 ), #817, 'distance_accuracy_value', 'NONE');
#851 = VERTEX_POINT ( 'NONE', #682 ) ;
#852 = ORIENTED_EDGE ( 'NONE', *, *, #3696, .F. ) ;
#853 = COLOUR_RGB ( '',0.8509803921568627194, 0.8509803921568627194, 0.8509803921568627194 ) ;
#854 = LINE ( 'NONE', #4308, #4961 ) ;
#855 = CARTESIAN_POINT ( 'NONE',  ( -0.6766918921026191525, -0.5541450885699468198, 0.2599999999999999534 ) ) ;
#856 = DIRECTION ( 'NONE',  ( 0.000000000000000000, -1.000000000000000000, 0.000000000000000000 ) ) ;
#857 = ORIENTED_EDGE ( 'NONE', *, *, #3317, .T. ) ;
#858 =( NAMED_UNIT ( * ) PLANE_ANGLE_UNIT ( ) SI_UNIT ( $, .RADIAN. ) );
#859 = UNCERTAINTY_MEASURE_WITH_UNIT (LENGTH_MEASURE( 1.000000000000000082E-05 ), #1026, 'distance_accuracy_value', 'NONE');
#860 = VERTEX_POINT ( 'NONE', #611 ) ;
#861 =( NAMED_UNIT ( * ) SI_UNIT ( $, .STERADIAN. ) SOLID_ANGLE_UNIT ( ) );
#862 =( LENGTH_UNIT ( ) NAMED_UNIT ( * ) SI_UNIT ( .MILLI., .METRE. ) );
#863 = AXIS2_PLACEMENT_3D ( 'NONE', #5251, #4845, #985 ) ;
#864 =( NAMED_UNIT ( * ) SI_UNIT ( $, .STERADIAN. ) SOLID_ANGLE_UNIT ( ) );
#865 = CARTESIAN_POINT ( 'NONE',  ( -0.7713451857263546874, 0.6561302432729905210, 0.2799999999999999711 ) ) ;
#866 = MECHANICAL_DESIGN_GEOMETRIC_PRESENTATION_REPRESENTATION (  '', ( #1789 ), #4923 ) ;
#867 = ORIENTED_EDGE ( 'NONE', *, *, #1462, .F. ) ;
#868 = VERTEX_POINT ( 'NONE', #1940 ) ;
#869 = CARTESIAN_POINT ( 'NONE',  ( 0.000000000000000000, 0.000000000000000000, 0.2599999999999999534 ) ) ;
#870 = CARTESIAN_POINT ( 'NONE',  ( -0.6035437629006772386, -0.3065665198382720447, 0.2799999999999999711 ) ) ;
#871 = STYLED_ITEM ( 'NONE', ( #2347 ), #3795 ) ;
#872 = CARTESIAN_POINT ( 'NONE',  ( -0.5740798441076681025, -0.7671295513012332812, 0.2799999999999999711 ) ) ;
#873 = AXIS2_PLACEMENT_3D ( 'NONE', #4794, #72, #3875 ) ;
#874 = SURFACE_STYLE_FILL_AREA ( #3101 ) ;
#875 = EDGE_CURVE ( 'NONE', #1371, #4793, #1596, .T. ) ;
#876 = ORIENTED_EDGE ( 'NONE', *, *, #4229, .T. ) ;
#877 = VECTOR ( 'NONE', #1609, 1000.000000000000000 ) ;
#878 = DIRECTION ( 'NONE',  ( -0.000000000000000000, -0.000000000000000000, -1.000000000000000000 ) ) ;
#879 = ORIENTED_EDGE ( 'NONE', *, *, #1130, .T. ) ;
#880 = VECTOR ( 'NONE', #2303, 1000.000000000000000 ) ;
#881 = DIRECTION ( 'NONE',  ( -1.000000000000000000, 0.000000000000000000, 0.000000000000000000 ) ) ;
#882 = PRODUCT_DEFINITION ( 'ๆ', '', #2146, #2150 ) ;
#883 = EDGE_CURVE ( 'NONE', #2149, #4530, #4877, .T. ) ;
#884 =( LENGTH_UNIT ( ) NAMED_UNIT ( * ) SI_UNIT ( .MILLI., .METRE. ) );
#885 = DIRECTION ( 'NONE',  ( 1.000000000000000000, -2.378754451002343441E-17, 0.000000000000000000 ) ) ;
#886 = MECHANICAL_DESIGN_GEOMETRIC_PRESENTATION_REPRESENTATION (  '', ( #1972 ), #2679 ) ;
#887 = SURFACE_STYLE_USAGE ( .BOTH. , #463 ) ;
#888 = ORIENTED_EDGE ( 'NONE', *, *, #1119, .F. ) ;
#889 = VECTOR ( 'NONE', #2653, 1000.000000000000000 ) ;
#890 = UNCERTAINTY_MEASURE_WITH_UNIT (LENGTH_MEASURE( 1.000000000000000082E-05 ), #900, 'distance_accuracy_value', 'NONE');
#891 = EDGE_CURVE ( 'NONE', #37, #5174, #1453, .T. ) ;
#892 = FILL_AREA_STYLE ('',( #1739 ) ) ;
#893 = DIRECTION ( 'NONE',  ( 3.469446951953614189E-15, -1.000000000000000000, 0.000000000000000000 ) ) ;
#894 =( NAMED_UNIT ( * ) SI_UNIT ( $, .STERADIAN. ) SOLID_ANGLE_UNIT ( ) );
#895 = CARTESIAN_POINT ( 'NONE',  ( 0.5359203924145663489, -0.7671295513012331702, 0.2599999999999999534 ) ) ;
#896 = ORIENTED_EDGE ( 'NONE', *, *, #741, .T. ) ;
#897 = PLANE ( 'NONE',  #4504 ) ;
#898 = CARTESIAN_POINT ( 'NONE',  ( 0.3195831592659477138, 0.4509946331943126552, 0.2599999999999999534 ) ) ;
#899 = FILL_AREA_STYLE_COLOUR ( '', #2281 ) ;
#900 =( LENGTH_UNIT ( ) NAMED_UNIT ( * ) SI_UNIT ( .MILLI., .METRE. ) );
#901 = ORIENTED_EDGE ( 'NONE', *, *, #4096, .T. ) ;
#902 = CARTESIAN_POINT ( 'NONE',  ( 0.8132557169139246200, -0.2164558030324802707, 0.2599999999999999534 ) ) ;
#903 = DIRECTION ( 'NONE',  ( -6.982962677686265922E-15, 0.000000000000000000, -1.000000000000000000 ) ) ;
#904 = PRESENTATION_STYLE_ASSIGNMENT (( #848 ) ) ;
#905 = ORIENTED_EDGE ( 'NONE', *, *, #1742, .F. ) ;
#906 = ORIENTED_EDGE ( 'NONE', *, *, #2021, .T. ) ;
#907 = UNCERTAINTY_MEASURE_WITH_UNIT (LENGTH_MEASURE( 1.000000000000000082E-05 ), #2321, 'distance_accuracy_value', 'NONE');
#908 = EDGE_CURVE ( 'NONE', #642, #2595, #1908, .T. ) ;
#909 = FACE_OUTER_BOUND ( 'NONE', #4720, .T. ) ;
#910 = EDGE_CURVE ( 'NONE', #1792, #294, #3232, .T. ) ;
#911 = CARTESIAN_POINT ( 'NONE',  ( 0.000000000000000000, 0.6855750628389500889, 0.2799999999999999711 ) ) ;
#912 = FACE_OUTER_BOUND ( 'NONE', #544, .T. ) ;
#913 = CARTESIAN_POINT ( 'NONE',  ( 0.7249999999999999778, -1.000000000000000000, 0.8400000000000000799 ) ) ;
#914 = CARTESIAN_POINT ( 'NONE',  ( 0.3648896556285308179, 0.000000000000000000, -2.547875105340935420E-15 ) ) ;
#915 = MECHANICAL_DESIGN_GEOMETRIC_PRESENTATION_REPRESENTATION (  '', ( #996 ), #1906 ) ;
#916 = EDGE_LOOP ( 'NONE', ( #4875, #3002, #3465, #4607 ) ) ;
#917 = EDGE_CURVE ( 'NONE', #2367, #2149, #1142, .T. ) ;
#918 = SURFACE_STYLE_USAGE ( .BOTH. , #143 ) ;
#919 = CARTESIAN_POINT ( 'NONE',  ( 1.100000000000002531, 0.1362137402538543540, 0.2599999999999999534 ) ) ;
#920 = DIRECTION ( 'NONE',  ( 1.000000000000000000, 1.788196464443831756E-15, 0.000000000000000000 ) ) ;
#921 = VECTOR ( 'NONE', #2522, 1000.000000000000000 ) ;
#922 = COLOUR_RGB ( '',0.8509803921568627194, 0.8509803921568627194, 0.8509803921568627194 ) ;
#923 = ORIENTED_EDGE ( 'NONE', *, *, #2151, .T. ) ;
#924 = SURFACE_STYLE_USAGE ( .BOTH. , #1348 ) ;
#925 = SURFACE_STYLE_FILL_AREA ( #5125 ) ;
#926 = CYLINDRICAL_SURFACE ( 'NONE', #3798, 0.3637862597461382630 ) ;
#927 =( GEOMETRIC_REPRESENTATION_CONTEXT ( 3 ) GLOBAL_UNCERTAINTY_ASSIGNED_CONTEXT ( ( #1420 ) ) GLOBAL_UNIT_ASSIGNED_CONTEXT ( ( #445, #88, #4691 ) ) REPRESENTATION_CONTEXT ( 'NONE', 'WORKASPACE' ) );
#928 = UNCERTAINTY_MEASURE_WITH_UNIT (LENGTH_MEASURE( 1.000000000000000082E-05 ), #810, 'distance_accuracy_value', 'NONE');
#929 =( NAMED_UNIT ( * ) SI_UNIT ( $, .STERADIAN. ) SOLID_ANGLE_UNIT ( ) );
#930 = STYLED_ITEM ( 'NONE', ( #4152 ), #148 ) ;
#931 = ORIENTED_EDGE ( 'NONE', *, *, #875, .F. ) ;
#932 = VECTOR ( 'NONE', #4322, 1000.000000000000000 ) ;
#933 = ORIENTED_EDGE ( 'NONE', *, *, #3562, .F. ) ;
#934 =( NAMED_UNIT ( * ) SI_UNIT ( $, .STERADIAN. ) SOLID_ANGLE_UNIT ( ) );
#935 = FACE_OUTER_BOUND ( 'NONE', #566, .T. ) ;
#936 = VERTEX_POINT ( 'NONE', #3204 ) ;
#937 = MECHANICAL_DESIGN_GEOMETRIC_PRESENTATION_REPRESENTATION (  '', ( #2289 ), #3986 ) ;
#938 = VERTEX_POINT ( 'NONE', #2433 ) ;
#939 = CARTESIAN_POINT ( 'NONE',  ( 0.3195831592659477138, 0.4509946331943126552, 0.2599999999999999534 ) ) ;
#940 = LINE ( 'NONE', #1358, #284 ) ;
#941 = CARTESIAN_POINT ( 'NONE',  ( -0.4135483952989442713, -0.3593805362314128615, 0.2599999999999999534 ) ) ;
#942 = DIRECTION ( 'NONE',  ( -1.000000000000000000, 9.856383386231857595E-17, 6.982631605183631963E-15 ) ) ;
#943 = DIRECTION ( 'NONE',  ( 1.000000000000000000, 0.000000000000000000, -6.982962677686268288E-15 ) ) ;
#944 = ORIENTED_EDGE ( 'NONE', *, *, #5266, .F. ) ;
#945 = ADVANCED_FACE ( 'NONE', ( #1513 ), #1668, .F. ) ;
#946 = PRESENTATION_LAYER_ASSIGNMENT (  '', '', ( #2259 ) ) ;
#947 = VECTOR ( 'NONE', #1342, 1000.000000000000000 ) ;
#948 =( NAMED_UNIT ( * ) PLANE_ANGLE_UNIT ( ) SI_UNIT ( $, .RADIAN. ) );
#949 = EDGE_CURVE ( 'NONE', #3900, #1039, #1614, .T. ) ;
#950 = SURFACE_SIDE_STYLE ('',( #1864 ) ) ;
#951 = CARTESIAN_POINT ( 'NONE',  ( -0.1178234831815653944, -0.3593805362314128615, 0.2599999999999999534 ) ) ;
#952 = EDGE_LOOP ( 'NONE', ( #5187, #2112, #1920, #1016, #2105, #4264, #2092, #4425 ) ) ;
#953 = DIRECTION ( 'NONE',  ( 1.000000000000000000, 0.000000000000000000, -6.982962677686265922E-15 ) ) ;
#954 = SURFACE_STYLE_FILL_AREA ( #1753 ) ;
#955 = LINE ( 'NONE', #2668, #4825 ) ;
#956 = UNCERTAINTY_MEASURE_WITH_UNIT (LENGTH_MEASURE( 1.000000000000000082E-05 ), #862, 'distance_accuracy_value', 'NONE');
#957 = VERTEX_POINT ( 'NONE', #3371 ) ;
#958 = ORIENTED_EDGE ( 'NONE', *, *, #3249, .T. ) ;
#959 = CARTESIAN_POINT ( 'NONE',  ( 1.100000000000000311, 0.9000000000000000222, -7.680894765701995475E-15 ) ) ;
#960 = AXIS2_PLACEMENT_3D ( 'NONE', #34, #2638, #842 ) ;
#961 = DIRECTION ( 'NONE',  ( 0.000000000000000000, 1.000000000000000000, 0.000000000000000000 ) ) ;
#962 = CARTESIAN_POINT ( 'NONE',  ( -1.100000000000000977, 0.7500000000000000000, 7.680894765701995475E-15 ) ) ;
#963 = EDGE_LOOP ( 'NONE', ( #2759, #1024, #4435, #1284 ) ) ;
#964 = VERTEX_POINT ( 'NONE', #5071 ) ;
#965 = MECHANICAL_DESIGN_GEOMETRIC_PRESENTATION_REPRESENTATION (  '', ( #4097 ), #1597 ) ;
#966 = CARTESIAN_POINT ( 'NONE',  ( 0.7946937836714690340, -0.3065665198382721002, 0.2599999999999999534 ) ) ;
#967 = LINE ( 'NONE', #2212, #19 ) ;
#968 =( GEOMETRIC_REPRESENTATION_CONTEXT ( 3 ) GLOBAL_UNCERTAINTY_ASSIGNED_CONTEXT ( ( #4852 ) ) GLOBAL_UNIT_ASSIGNED_CONTEXT ( ( #2349, #2826, #3229 ) ) REPRESENTATION_CONTEXT ( 'NONE', 'WORKASPACE' ) );
#969 = UNCERTAINTY_MEASURE_WITH_UNIT (LENGTH_MEASURE( 1.000000000000000082E-05 ), #3290, 'distance_accuracy_value', 'NONE');
#970 = CARTESIAN_POINT ( 'NONE',  ( -4.913710284933536052E-18, -0.2065665198382720669, 0.2799999999999999711 ) ) ;
#971 = LINE ( 'NONE', #2685, #5101 ) ;
#972 = PRESENTATION_LAYER_ASSIGNMENT (  '', '', ( #1967 ) ) ;
#973 = VECTOR ( 'NONE', #1094, 1000.000000000000000 ) ;
#974 = ORIENTED_EDGE ( 'NONE', *, *, #4141, .F. ) ;
#975 =( GEOMETRIC_REPRESENTATION_CONTEXT ( 3 ) GLOBAL_UNCERTAINTY_ASSIGNED_CONTEXT ( ( #977 ) ) GLOBAL_UNIT_ASSIGNED_CONTEXT ( ( #2300, #3945, #3534 ) ) REPRESENTATION_CONTEXT ( 'NONE', 'WORKASPACE' ) );
#976 = CARTESIAN_POINT ( 'NONE',  ( -1.071157378566040208, 0.8626410704386738848, 0.2799999999999999711 ) ) ;
#977 = UNCERTAINTY_MEASURE_WITH_UNIT (LENGTH_MEASURE( 1.000000000000000082E-05 ), #2300, 'distance_accuracy_value', 'NONE');
#978 = DIRECTION ( 'NONE',  ( -0.000000000000000000, -0.000000000000000000, -1.000000000000000000 ) ) ;
#979 = EDGE_CURVE ( 'NONE', #3900, #5501, #787, .T. ) ;
#980 = DIRECTION ( 'NONE',  ( 1.000000000000000000, -3.097720492815727166E-16, 0.000000000000000000 ) ) ;
#981 =( NAMED_UNIT ( * ) SI_UNIT ( $, .STERADIAN. ) SOLID_ANGLE_UNIT ( ) );
#982 = ADVANCED_FACE ( 'NONE', ( #2448 ), #1131, .F. ) ;
#983 = ORIENTED_EDGE ( 'NONE', *, *, #501, .T. ) ;
#984 = ORIENTED_EDGE ( 'NONE', *, *, #2585, .F. ) ;
#985 = DIRECTION ( 'NONE',  ( -1.000000000000000000, 0.000000000000000000, 6.938893903907228378E-15 ) ) ;
#986 = CARTESIAN_POINT ( 'NONE',  ( 1.100000000000002087, 0.4999999999999997780, 0.2599999999999999534 ) ) ;
#987 = FILL_AREA_STYLE ('',( #4329 ) ) ;
#988 = DIRECTION ( 'NONE',  ( 8.673617379884037444E-16, 1.000000000000000000, 0.000000000000000000 ) ) ;
#989 = ORIENTED_EDGE ( 'NONE', *, *, #501, .F. ) ;
#990 = EDGE_CURVE ( 'NONE', #4021, #3821, #3272, .T. ) ;
#991 = ORIENTED_EDGE ( 'NONE', *, *, #1008, .F. ) ;
#992 = VECTOR ( 'NONE', #816, 1000.000000000000000 ) ;
#993 = DIRECTION ( 'NONE',  ( -0.000000000000000000, -0.000000000000000000, -1.000000000000000000 ) ) ;
#994 = VECTOR ( 'NONE', #1193, 1000.000000000000000 ) ;
#995 = ORIENTED_EDGE ( 'NONE', *, *, #1402, .F. ) ;
#996 = STYLED_ITEM ( 'NONE', ( #1220 ), #1992 ) ;
#997 = SURFACE_STYLE_FILL_AREA ( #1394 ) ;
#998 = DIRECTION ( 'NONE',  ( 1.000000000000000000, 0.000000000000000000, 0.000000000000000000 ) ) ;
#999 = CARTESIAN_POINT ( 'NONE',  ( -0.5035437629006764837, -0.05709504976923729380, 0.2799999999999999711 ) ) ;
#1000 = AXIS2_PLACEMENT_3D ( 'NONE', #5286, #5413, #1526 ) ;
#1001 = VERTEX_POINT ( 'NONE', #5517 ) ;
#1002 = DIRECTION ( 'NONE',  ( -0.000000000000000000, 0.000000000000000000, -1.000000000000000000 ) ) ;
#1003 = CARTESIAN_POINT ( 'NONE',  ( -0.4000000000000000777, 0.2000000000000000111, 2.791820594150173918E-15 ) ) ;
#1004 = SURFACE_STYLE_FILL_AREA ( #5400 ) ;
#1005 = AXIS2_PLACEMENT_3D ( 'NONE', #4543, #3257, #1943 ) ;
#1006 = VECTOR ( 'NONE', #2356, 1000.000000000000000 ) ;
#1007 = PRESENTATION_STYLE_ASSIGNMENT (( #2279 ) ) ;
#1008 = EDGE_CURVE ( 'NONE', #1755, #4702, #4647, .T. ) ;
#1009 = VERTEX_POINT ( 'NONE', #2505 ) ;
#1010 = AXIS2_PLACEMENT_3D ( 'NONE', #986, #511, #3063 ) ;
#1011 = AXIS2_PLACEMENT_3D ( 'NONE', #4165, #1219, #5083 ) ;
#1012 = CARTESIAN_POINT ( 'NONE',  ( 0.000000000000000000, 0.1776407652747671595, 0.2599999999999999534 ) ) ;
#1013 = DIRECTION ( 'NONE',  ( 1.000000000000000000, -3.523657060577891777E-15, 0.000000000000000000 ) ) ;
#1014 = EDGE_CURVE ( 'NONE', #4653, #5501, #5542, .T. ) ;
#1015 = COLOUR_RGB ( '',0.8509803921568627194, 0.8509803921568627194, 0.8509803921568627194 ) ;
#1016 = ORIENTED_EDGE ( 'NONE', *, *, #4510, .F. ) ;
#1017 = ORIENTED_EDGE ( 'NONE', *, *, #606, .T. ) ;
#1018 = DIRECTION ( 'NONE',  ( -0.000000000000000000, 0.000000000000000000, 1.000000000000000000 ) ) ;
#1019 = EDGE_LOOP ( 'NONE', ( #5490, #3494, #1977, #1505 ) ) ;
#1020 = COLOUR_RGB ( '',0.8509803921568627194, 0.8509803921568627194, 0.8509803921568627194 ) ;
#1021 = CARTESIAN_POINT ( 'NONE',  ( -2.787890710529826887E-16, -0.8999999999999999112, 0.000000000000000000 ) ) ;
#1022 = LINE ( 'NONE', #4106, #2413 ) ;
#1023 = SURFACE_SIDE_STYLE ('',( #2765 ) ) ;
#1024 = ORIENTED_EDGE ( 'NONE', *, *, #2262, .F. ) ;
#1025 = DIRECTION ( 'NONE',  ( 1.000000000000000000, 0.000000000000000000, 0.000000000000000000 ) ) ;
#1026 =( LENGTH_UNIT ( ) NAMED_UNIT ( * ) SI_UNIT ( .MILLI., .METRE. ) );
#1027 = CARTESIAN_POINT ( 'NONE',  ( 0.7174695751538135990, -0.08025157153844876545, 0.2799999999999999711 ) ) ;
#1028 = MECHANICAL_DESIGN_GEOMETRIC_PRESENTATION_REPRESENTATION (  '', ( #2641 ), #2554 ) ;
#1029 = COLOUR_RGB ( '',0.8509803921568627194, 0.8509803921568627194, 0.8509803921568627194 ) ;
#1030 = VERTEX_POINT ( 'NONE', #4616 ) ;
#1031 =( NAMED_UNIT ( * ) PLANE_ANGLE_UNIT ( ) SI_UNIT ( $, .RADIAN. ) );
#1032 = DIRECTION ( 'NONE',  ( 0.000000000000000000, -0.000000000000000000, -1.000000000000000000 ) ) ;
#1033 = CARTESIAN_POINT ( 'NONE',  ( -0.4343137556297431701, 0.4509946331943126552, 0.2810000000000000275 ) ) ;
#1034 = DIRECTION ( 'NONE',  ( 3.872150616019658957E-17, -1.000000000000000000, -2.703908323404516286E-31 ) ) ;
#1035 = VERTEX_POINT ( 'NONE', #4588 ) ;
#1036 = FACE_OUTER_BOUND ( 'NONE', #4935, .T. ) ;
#1037 = SURFACE_STYLE_FILL_AREA ( #1850 ) ;
#1038 = LINE ( 'NONE', #2813, #4426 ) ;
#1039 = VERTEX_POINT ( 'NONE', #2818 ) ;
#1040 = VERTEX_POINT ( 'NONE', #4990 ) ;
#1041 = FILL_AREA_STYLE ('',( #5317 ) ) ;
#1042 = CARTESIAN_POINT ( 'NONE',  ( -1.099999999999998090, 0.4999999999999997780, 0.2599999999999999534 ) ) ;
#1043 = EDGE_CURVE ( 'NONE', #405, #2388, #2876, .T. ) ;
#1044 = FILL_AREA_STYLE ('',( #1904 ) ) ;
#1045 = PLANE ( 'NONE',  #2667 ) ;
#1046 = VERTEX_POINT ( 'NONE', #322 ) ;
#1047 = FILL_AREA_STYLE ('',( #2854 ) ) ;
#1048 = STYLED_ITEM ( 'NONE', ( #3422 ), #2454 ) ;
#1049 = CARTESIAN_POINT ( 'NONE',  ( -0.7482052191486779913, -0.5828783997317398269, 0.2799999999999999711 ) ) ;
#1050 = DIRECTION ( 'NONE',  ( -6.982962677686265922E-15, 0.000000000000000000, -1.000000000000000000 ) ) ;
#1051 =( LENGTH_UNIT ( ) NAMED_UNIT ( * ) SI_UNIT ( .MILLI., .METRE. ) );
#1052 = MECHANICAL_DESIGN_GEOMETRIC_PRESENTATION_REPRESENTATION (  '', ( #3310 ), #5017 ) ;
#1053 = CARTESIAN_POINT ( 'NONE',  ( 0.8500000000000019762, -0.5000000000000002220, 0.2799999999999999711 ) ) ;
#1054 =( GEOMETRIC_REPRESENTATION_CONTEXT ( 3 ) GLOBAL_UNCERTAINTY_ASSIGNED_CONTEXT ( ( #3000 ) ) GLOBAL_UNIT_ASSIGNED_CONTEXT ( ( #3473, #1252, #4255 ) ) REPRESENTATION_CONTEXT ( 'NONE', 'WORKASPACE' ) );
#1055 = PRESENTATION_LAYER_ASSIGNMENT (  '', '', ( #1798 ) ) ;
#1056 = CARTESIAN_POINT ( 'NONE',  ( 0.8500000000000019762, -0.5000000000000002220, 0.2599999999999940137 ) ) ;
#1057 = ADVANCED_FACE ( 'NONE', ( #4104 ), #271, .F. ) ;
#1058 = ORIENTED_EDGE ( 'NONE', *, *, #4168, .F. ) ;
#1059 = FACE_OUTER_BOUND ( 'NONE', #3359, .T. ) ;
#1060 = DIRECTION ( 'NONE',  ( 1.000000000000000000, 0.000000000000000000, -0.000000000000000000 ) ) ;
#1061 = DIRECTION ( 'NONE',  ( -0.000000000000000000, -0.000000000000000000, -1.000000000000000000 ) ) ;
#1062 = SURFACE_STYLE_USAGE ( .BOTH. , #3638 ) ;
#1063 = DIRECTION ( 'NONE',  ( 1.934130707221177858E-16, -1.000000000000000000, 0.000000000000000000 ) ) ;
#1064 = ORIENTED_EDGE ( 'NONE', *, *, #69, .T. ) ;
#1065 = PLANE ( 'NONE',  #5293 ) ;
#1066 = VECTOR ( 'NONE', #1063, 1000.000000000000000 ) ;
#1067 = ORIENTED_EDGE ( 'NONE', *, *, #1568, .F. ) ;
#1068 = VERTEX_POINT ( 'NONE', #1723 ) ;
#1069 = COLOUR_RGB ( '',0.8509803921568627194, 0.8509803921568627194, 0.8509803921568627194 ) ;
#1070 = CARTESIAN_POINT ( 'NONE',  ( -0.1178234831815653944, -0.3593805362314128615, 0.2810000000000000275 ) ) ;
#1071 = UNCERTAINTY_MEASURE_WITH_UNIT (LENGTH_MEASURE( 1.000000000000000082E-05 ), #1912, 'distance_accuracy_value', 'NONE');
#1072 = FACE_OUTER_BOUND ( 'NONE', #4759, .T. ) ;
#1073 = DIRECTION ( 'NONE',  ( -6.982962677686268288E-15, 0.000000000000000000, -1.000000000000000000 ) ) ;
#1074 = PRESENTATION_STYLE_ASSIGNMENT (( #1105 ) ) ;
#1075 = VERTEX_POINT ( 'NONE', #98 ) ;
#1076 = EDGE_CURVE ( 'NONE', #5203, #233, #3459, .T. ) ;
#1077 = CARTESIAN_POINT ( 'NONE',  ( -1.099999999999998090, 0.4999999999999997780, 0.2600000000000076694 ) ) ;
#1078 = COLOUR_RGB ( '',1.000000000000000000, 1.000000000000000000, 1.000000000000000000 ) ;
#1079 = ADVANCED_FACE ( 'NONE', ( #1325 ), #453, .F. ) ;
#1080 = CARTESIAN_POINT ( 'NONE',  ( -1.031512925605919229, 0.8594879528193650753, 0.2799999999999999711 ) ) ;
#1081 = CARTESIAN_POINT ( 'NONE',  ( -1.099999999999998979, -0.7499999999999997780, 0.2799999999999999711 ) ) ;
#1082 = DIRECTION ( 'NONE',  ( -1.000000000000000000, 0.000000000000000000, 0.000000000000000000 ) ) ;
#1083 = PRESENTATION_LAYER_ASSIGNMENT (  '', '', ( #5138 ) ) ;
#1084 = EDGE_CURVE ( 'NONE', #757, #868, #3426, .T. ) ;
#1085 = CARTESIAN_POINT ( 'NONE',  ( -0.1178234831815653944, -0.3593805362314128615, 0.2810000000000000275 ) ) ;
#1086 = ORIENTED_EDGE ( 'NONE', *, *, #2326, .T. ) ;
#1087 = DIRECTION ( 'NONE',  ( 0.7769070476675159487, -0.6296153105544244344, 0.000000000000000000 ) ) ;
#1088 = LINE ( 'NONE', #230, #3274 ) ;
#1089 = SURFACE_STYLE_FILL_AREA ( #5458 ) ;
#1090 = PLANE ( 'NONE',  #1561 ) ;
#1091 = VECTOR ( 'NONE', #4880, 1000.000000000000000 ) ;
#1092 = ORIENTED_EDGE ( 'NONE', *, *, #4732, .T. ) ;
#1093 = CARTESIAN_POINT ( 'NONE',  ( 0.4124155170610083188, 0.000000000000000000, 0.2799999999999999711 ) ) ;
#1094 = DIRECTION ( 'NONE',  ( -0.000000000000000000, -0.000000000000000000, -1.000000000000000000 ) ) ;
#1095 = CYLINDRICAL_SURFACE ( 'NONE', #1934, 0.09999999999999999167 ) ;
#1096 = VECTOR ( 'NONE', #771, 1000.000000000000000 ) ;
#1097 = SURFACE_STYLE_USAGE ( .BOTH. , #4019 ) ;
#1098 = VERTEX_POINT ( 'NONE', #5133 ) ;
#1099 = ORIENTED_EDGE ( 'NONE', *, *, #5491, .T. ) ;
#1100 = VECTOR ( 'NONE', #2125, 1000.000000000000000 ) ;
#1101 = DIRECTION ( 'NONE',  ( -4.646580739223590995E-16, -1.000000000000000000, 3.244824118618382289E-30 ) ) ;
#1102 = DIRECTION ( 'NONE',  ( -1.000000000000000000, 0.000000000000000000, 6.938893903907228378E-15 ) ) ;
#1103 = CARTESIAN_POINT ( 'NONE',  ( 1.100000000000000533, 0.7499999999999997780, -7.680894765701995475E-15 ) ) ;
#1104 = CARTESIAN_POINT ( 'NONE',  ( -1.099999999999998090, -0.4999999999999997780, 0.2799999999999999711 ) ) ;
#1105 = SURFACE_STYLE_USAGE ( .BOTH. , #623 ) ;
#1106 = EDGE_LOOP ( 'NONE', ( #1099, #2006, #4783, #778, #3551, #761, #4263, #81, #5265, #3487, #2709, #1905 ) ) ;
#1107 = LINE ( 'NONE', #222, #1507 ) ;
#1108 = COLOUR_RGB ( '',0.8509803921568627194, 0.8509803921568627194, 0.8509803921568627194 ) ;
#1109 = MECHANICAL_DESIGN_GEOMETRIC_PRESENTATION_REPRESENTATION (  '', ( #5163 ), #4243 ) ;
#1110 = FILL_AREA_STYLE_COLOUR ( '', #2141 ) ;
#1111 = VECTOR ( 'NONE', #3445, 1000.000000000000000 ) ;
#1112 =( NAMED_UNIT ( * ) SI_UNIT ( $, .STERADIAN. ) SOLID_ANGLE_UNIT ( ) );
#1113 = EDGE_CURVE ( 'NONE', #2595, #2968, #4110, .T. ) ;
#1114 = LINE ( 'NONE', #3716, #1006 ) ;
#1115 =( GEOMETRIC_REPRESENTATION_CONTEXT ( 3 ) GLOBAL_UNCERTAINTY_ASSIGNED_CONTEXT ( ( #4291 ) ) GLOBAL_UNIT_ASSIGNED_CONTEXT ( ( #4057, #2834, #2435 ) ) REPRESENTATION_CONTEXT ( 'NONE', 'WORKASPACE' ) );
#1116 = ADVANCED_FACE ( 'NONE', ( #3402 ), #3809, .F. ) ;
#1117 = DIRECTION ( 'NONE',  ( -0.000000000000000000, -0.000000000000000000, -1.000000000000000000 ) ) ;
#1118 = CYLINDRICAL_SURFACE ( 'NONE', #5467, 0.1000000000000000472 ) ;
#1119 = EDGE_CURVE ( 'NONE', #2785, #246, #5569, .T. ) ;
#1120 = PRESENTATION_LAYER_ASSIGNMENT (  '', '', ( #1936 ) ) ;
#1121 = ORIENTED_EDGE ( 'NONE', *, *, #638, .F. ) ;
#1122 =( GEOMETRIC_REPRESENTATION_CONTEXT ( 3 ) GLOBAL_UNCERTAINTY_ASSIGNED_CONTEXT ( ( #16 ) ) GLOBAL_UNIT_ASSIGNED_CONTEXT ( ( #4856, #1776, #3083 ) ) REPRESENTATION_CONTEXT ( 'NONE', 'WORKASPACE' ) );
#1123 = FACE_OUTER_BOUND ( 'NONE', #963, .T. ) ;
#1124 = CARTESIAN_POINT ( 'NONE',  ( -1.099999999999998979, 0.2499999999999997780, 0.2600000000000076694 ) ) ;
#1125 = CARTESIAN_POINT ( 'NONE',  ( 0.3124155170610083410, 0.04290495023076271869, 0.2799999999999999711 ) ) ;
#1126 = CARTESIAN_POINT ( 'NONE',  ( -0.4135483952989442713, -0.5316465652036583833, 0.2810000000000000275 ) ) ;
#1127 = CARTESIAN_POINT ( 'NONE',  ( 0.5124155170610091847, 0.3080817958270101187, 0.2599999999999999534 ) ) ;
#1128 = ORIENTED_EDGE ( 'NONE', *, *, #1152, .T. ) ;
#1129 = EDGE_LOOP ( 'NONE', ( #503, #4418, #1203, #4173 ) ) ;
#1130 = EDGE_CURVE ( 'NONE', #5196, #2123, #371, .T. ) ;
#1131 = PLANE ( 'NONE',  #4949 ) ;
#1132 = DIRECTION ( 'NONE',  ( 0.000000000000000000, -1.000000000000000000, 0.000000000000000000 ) ) ;
#1133 =( NAMED_UNIT ( * ) SI_UNIT ( $, .STERADIAN. ) SOLID_ANGLE_UNIT ( ) );
#1134 = VERTEX_POINT ( 'NONE', #959 ) ;
#1135 = CARTESIAN_POINT ( 'NONE',  ( -0.6623309004670925315, 0.8637862597461452019, 0.2799999999999999156 ) ) ;
#1136 = DIRECTION ( 'NONE',  ( 0.000000000000000000, -0.000000000000000000, -1.000000000000000000 ) ) ;
#1137 = SURFACE_STYLE_FILL_AREA ( #822 ) ;
#1138 = CARTESIAN_POINT ( 'NONE',  ( -1.071157378566040208, 0.8626410704386738848, 0.2599999999999999534 ) ) ;
#1139 = PLANE ( 'NONE',  #2543 ) ;
#1140 = CYLINDRICAL_SURFACE ( 'NONE', #5207, 0.2500000000000000000 ) ;
#1141 = UNCERTAINTY_MEASURE_WITH_UNIT (LENGTH_MEASURE( 1.000000000000000082E-05 ), #2007, 'distance_accuracy_value', 'NONE');
#1142 = LINE ( 'NONE', #3612, #3754 ) ;
#1143 = COLOUR_RGB ( '',0.7921568627450980005, 0.8196078431372548767, 0.9333333333333333481 ) ;
#1144 =( GEOMETRIC_REPRESENTATION_CONTEXT ( 3 ) GLOBAL_UNCERTAINTY_ASSIGNED_CONTEXT ( ( #2147 ) ) GLOBAL_UNIT_ASSIGNED_CONTEXT ( ( #3226, #2790, #1133 ) ) REPRESENTATION_CONTEXT ( 'NONE', 'WORKASPACE' ) );
#1145 =( LENGTH_UNIT ( ) NAMED_UNIT ( * ) SI_UNIT ( .MILLI., .METRE. ) );
#1146 = SURFACE_SIDE_STYLE ('',( #4118 ) ) ;
#1147 = DIRECTION ( 'NONE',  ( 1.000000000000000000, 0.000000000000000000, 0.000000000000000000 ) ) ;
#1148 = FILL_AREA_STYLE ('',( #3721 ) ) ;
#1149 = DIRECTION ( 'NONE',  ( -1.000000000000000000, -1.319749811710431715E-15, 0.000000000000000000 ) ) ;
#1150 = COLOUR_RGB ( '',0.8509803921568627194, 0.8509803921568627194, 0.8509803921568627194 ) ;
#1151 = ORIENTED_EDGE ( 'NONE', *, *, #2660, .T. ) ;
#1152 = EDGE_CURVE ( 'NONE', #5316, #2953, #3621, .T. ) ;
#1153 = SURFACE_STYLE_USAGE ( .BOTH. , #316 ) ;
#1154 = PRESENTATION_STYLE_ASSIGNMENT (( #696 ) ) ;
#1155 =( GEOMETRIC_REPRESENTATION_CONTEXT ( 3 ) GLOBAL_UNCERTAINTY_ASSIGNED_CONTEXT ( ( #12 ) ) GLOBAL_UNIT_ASSIGNED_CONTEXT ( ( #627, #1511, #1112 ) ) REPRESENTATION_CONTEXT ( 'NONE', 'WORKASPACE' ) );
#1156 = SURFACE_SIDE_STYLE ('',( #5013 ) ) ;
#1157 = EDGE_CURVE ( 'NONE', #5216, #5188, #571, .T. ) ;
#1158 = ORIENTED_EDGE ( 'NONE', *, *, #661, .T. ) ;
#1159 = ORIENTED_EDGE ( 'NONE', *, *, #4944, .T. ) ;
#1160 = DIRECTION ( 'NONE',  ( 6.982962677686268288E-15, -0.000000000000000000, 1.000000000000000000 ) ) ;
#1161 = FILL_AREA_STYLE ('',( #408 ) ) ;
#1162 = EDGE_CURVE ( 'NONE', #957, #2451, #827, .T. ) ;
#1163 = VERTEX_POINT ( 'NONE', #3961 ) ;
#1164 = CARTESIAN_POINT ( 'NONE',  ( 0.8230581300528493349, 0.2641109509742673445, 0.2799999999999999711 ) ) ;
#1165 = CARTESIAN_POINT ( 'NONE',  ( 0.7174695751538135990, 0.3080817958270101187, 0.2799999999999999711 ) ) ;
#1166 = DIRECTION ( 'NONE',  ( 1.000000000000000000, -9.856383386231857595E-17, -6.982631605183631963E-15 ) ) ;
#1167 = DIRECTION ( 'NONE',  ( -0.000000000000000000, -0.000000000000000000, -1.000000000000000000 ) ) ;
#1168 = FILL_AREA_STYLE_COLOUR ( '', #853 ) ;
#1169 = ORIENTED_EDGE ( 'NONE', *, *, #734, .T. ) ;
#1170 = B_SPLINE_SURFACE_WITH_KNOTS ( 'NONE', 3, 1, ( 
 ( #4017, #2393 ),
 ( #1549, #4527 ),
 ( #3266, #1980 ),
 ( #3321, #5034 ),
 ( #1207, #5464 ) ),
 .UNSPECIFIED., .F., .F., .F.,
 ( 4, 1, 4 ),
 ( 2, 2 ),
 ( 0.08977583276714114213, 0.2929772087874236708, 1.000000000000000000 ),
 ( 0.000000000000000000, 1.000000000000000000 ),
 .UNSPECIFIED. ) ;
#1171 = CYLINDRICAL_SURFACE ( 'NONE', #1918, 0.2500000000000000000 ) ;
#1172 = STYLED_ITEM ( 'NONE', ( #3300 ), #3112 ) ;
#1173 = DIRECTION ( 'NONE',  ( 0.000000000000000000, -0.000000000000000000, -1.000000000000000000 ) ) ;
#1174 = CARTESIAN_POINT ( 'NONE',  ( -0.1178234831815653944, -0.5316465652036583833, 0.2810000000000000275 ) ) ;
#1175 = VERTEX_POINT ( 'NONE', #2722 ) ;
#1176 = SURFACE_SIDE_STYLE ('',( #4230 ) ) ;
#1177 = DIRECTION ( 'NONE',  ( 1.000000000000000000, 0.000000000000000000, 0.000000000000000000 ) ) ;
#1178 = AXIS2_PLACEMENT_3D ( 'NONE', #2735, #1359, #493 ) ;
#1179 = CARTESIAN_POINT ( 'NONE',  ( 0.3999999999999996336, -0.9000000000000002442, -2.791820594150173918E-15 ) ) ;
#1180 =( LENGTH_UNIT ( ) NAMED_UNIT ( * ) SI_UNIT ( .MILLI., .METRE. ) );
#1181 = ADVANCED_FACE ( 'NONE', ( #3098 ), #2672, .T. ) ;
#1182 = ORIENTED_EDGE ( 'NONE', *, *, #3492, .F. ) ;
#1183 = MECHANICAL_DESIGN_GEOMETRIC_PRESENTATION_REPRESENTATION (  '', ( #3606 ), #1364 ) ;
#1184 = ORIENTED_EDGE ( 'NONE', *, *, #910, .F. ) ;
#1185 = EDGE_CURVE ( 'NONE', #3578, #3433, #565, .T. ) ;
#1186 = CARTESIAN_POINT ( 'NONE',  ( -0.5035437629006771498, 0.4569292977732096195, 0.2599999999999999534 ) ) ;
#1187 =( GEOMETRIC_REPRESENTATION_CONTEXT ( 3 ) GLOBAL_UNCERTAINTY_ASSIGNED_CONTEXT ( ( #3456 ) ) GLOBAL_UNIT_ASSIGNED_CONTEXT ( ( #1267, #2584, #5161 ) ) REPRESENTATION_CONTEXT ( 'NONE', 'WORKASPACE' ) );
#1188 = ORIENTED_EDGE ( 'NONE', *, *, #5588, .T. ) ;
#1189 = PRESENTATION_LAYER_ASSIGNMENT (  '', '', ( #2182 ) ) ;
#1190 = LINE ( 'NONE', #5079, #2944 ) ;
#1191 = CARTESIAN_POINT ( 'NONE',  ( -0.6111183130522259699, -0.6072867474877421401, 0.2799999999999999711 ) ) ;
#1192 = VECTOR ( 'NONE', #3647, 1000.000000000000000 ) ;
#1193 = DIRECTION ( 'NONE',  ( 1.000000000000000000, 0.000000000000000000, 0.000000000000000000 ) ) ;
#1194 = LINE ( 'NONE', #5084, #1362 ) ;
#1195 = SURFACE_SIDE_STYLE ('',( #2484 ) ) ;
#1196 = MECHANICAL_DESIGN_GEOMETRIC_PRESENTATION_REPRESENTATION (  '', ( #1941 ), #927 ) ;
#1197 = ORIENTED_EDGE ( 'NONE', *, *, #3681, .F. ) ;
#1198 = FACE_OUTER_BOUND ( 'NONE', #2669, .T. ) ;
#1199 = FACE_OUTER_BOUND ( 'NONE', #4244, .T. ) ;
#1200 = DIRECTION ( 'NONE',  ( -0.000000000000000000, -0.000000000000000000, -1.000000000000000000 ) ) ;
#1201 = CARTESIAN_POINT ( 'NONE',  ( 1.100000000000002309, -9.540979117872460713E-16, 0.2599999999999999534 ) ) ;
#1202 = MECHANICAL_DESIGN_GEOMETRIC_PRESENTATION_REPRESENTATION (  '', ( #1737 ), #1752 ) ;
#1203 = ORIENTED_EDGE ( 'NONE', *, *, #4480, .F. ) ;
#1204 = CARTESIAN_POINT ( 'NONE',  ( 0.05584305983497199477, -0.3593805362314128615, 0.2810000000000000275 ) ) ;
#1205 = DIRECTION ( 'NONE',  ( 1.000000000000000000, 0.000000000000000000, -6.982962677686266711E-15 ) ) ;
#1206 = FILL_AREA_STYLE_COLOUR ( '', #4340 ) ;
#1207 = CARTESIAN_POINT ( 'NONE',  ( -0.9174636228121989534, -0.1880563063957277625, 0.2799999999999999711 ) ) ;
#1208 = SURFACE_STYLE_USAGE ( .BOTH. , #376 ) ;
#1209 = SURFACE_SIDE_STYLE ('',( #5015 ) ) ;
#1210 = VECTOR ( 'NONE', #3001, 1000.000000000000000 ) ;
#1211 = ORIENTED_EDGE ( 'NONE', *, *, #1705, .F. ) ;
#1212 =( NAMED_UNIT ( * ) PLANE_ANGLE_UNIT ( ) SI_UNIT ( $, .RADIAN. ) );
#1213 = FILL_AREA_STYLE ('',( #2041 ) ) ;
#1214 = PRODUCT_DEFINITION_SHAPE ( 'NONE', 'NONE',  #882 ) ;
#1215 = ORIENTED_EDGE ( 'NONE', *, *, #2326, .F. ) ;
#1216 = DIRECTION ( 'NONE',  ( 6.982962677686268288E-15, -0.000000000000000000, 1.000000000000000000 ) ) ;
#1217 = ADVANCED_FACE ( 'NONE', ( #1036 ), #596, .F. ) ;
#1218 = DIRECTION ( 'NONE',  ( 0.000000000000000000, 1.000000000000000000, 0.000000000000000000 ) ) ;
#1219 = DIRECTION ( 'NONE',  ( -0.000000000000000000, 0.000000000000000000, 1.000000000000000000 ) ) ;
#1220 = PRESENTATION_STYLE_ASSIGNMENT (( #5114 ) ) ;
#1221 = DIRECTION ( 'NONE',  ( 1.000000000000000000, -9.856383386231857595E-17, -6.982631605183631963E-15 ) ) ;
#1222 = ORIENTED_EDGE ( 'NONE', *, *, #3745, .F. ) ;
#1223 = FILL_AREA_STYLE ('',( #742 ) ) ;
#1224 = SURFACE_STYLE_FILL_AREA ( #391 ) ;
#1225 = DIRECTION ( 'NONE',  ( -0.000000000000000000, -0.000000000000000000, -1.000000000000000000 ) ) ;
#1226 = STYLED_ITEM ( 'NONE', ( #1547 ), #2335 ) ;
#1227 = CARTESIAN_POINT ( 'NONE',  ( -8.518154025199974705E-17, -0.2000000000000000111, 0.000000000000000000 ) ) ;
#1228 = PRESENTATION_LAYER_ASSIGNMENT (  '', '', ( #514 ) ) ;
#1229 = EDGE_CURVE ( 'NONE', #5521, #4486, #2128, .T. ) ;
#1230 = PRESENTATION_LAYER_ASSIGNMENT (  '', '', ( #1878 ) ) ;
#1231 = ORIENTED_EDGE ( 'NONE', *, *, #5152, .F. ) ;
#1232 = CARTESIAN_POINT ( 'NONE',  ( -0.5035437629006771498, 0.4569292977732096195, 0.2799999999999999711 ) ) ;
#1233 = COLOUR_RGB ( '',1.000000000000000000, 1.000000000000000000, 1.000000000000000000 ) ;
#1234 = AXIS2_PLACEMENT_3D ( 'NONE', #1343, #3915, #920 ) ;
#1235 = FILL_AREA_STYLE_COLOUR ( '', #306 ) ;
#1236 = AXIS2_PLACEMENT_3D ( 'NONE', #3415, #24, #3022 ) ;
#1237 = ORIENTED_EDGE ( 'NONE', *, *, #1494, .T. ) ;
#1238 = COLOUR_RGB ( '',0.8509803921568627194, 0.8509803921568627194, 0.8509803921568627194 ) ;
#1239 = CARTESIAN_POINT ( 'NONE',  ( 0.7858601251859659298, -0.1372050520392875117, 0.2599999999999999534 ) ) ;
#1240 = PRESENTATION_STYLE_ASSIGNMENT (( #1326 ) ) ;
#1241 = SURFACE_STYLE_USAGE ( .BOTH. , #4562 ) ;
#1242 = FACE_OUTER_BOUND ( 'NONE', #285, .T. ) ;
#1243 = VERTEX_POINT ( 'NONE', #2369 ) ;
#1244 = LINE ( 'NONE', #1729, #1688 ) ;
#1245 = DIRECTION ( 'NONE',  ( 1.000000000000000000, 0.000000000000000000, -6.938893903907228378E-15 ) ) ;
#1246 = PLANE ( 'NONE',  #2793 ) ;
#1247 = CARTESIAN_POINT ( 'NONE',  ( 1.100000000000002531, -0.1385744931852173067, 0.2799999999999999711 ) ) ;
#1248 = FACE_OUTER_BOUND ( 'NONE', #2815, .T. ) ;
#1249 = ORIENTED_EDGE ( 'NONE', *, *, #3417, .F. ) ;
#1250 = EDGE_CURVE ( 'NONE', #2367, #1445, #1870, .T. ) ;
#1251 = DIRECTION ( 'NONE',  ( -0.000000000000000000, -0.000000000000000000, -1.000000000000000000 ) ) ;
#1252 =( NAMED_UNIT ( * ) PLANE_ANGLE_UNIT ( ) SI_UNIT ( $, .RADIAN. ) );
#1253 = VECTOR ( 'NONE', #3783, 1000.000000000000000 ) ;
#1254 = ADVANCED_FACE ( 'NONE', ( #4466 ), #208, .F. ) ;
#1255 = LINE ( 'NONE', #3418, #3608 ) ;
#1256 = UNCERTAINTY_MEASURE_WITH_UNIT (LENGTH_MEASURE( 1.000000000000000082E-05 ), #2717, 'distance_accuracy_value', 'NONE');
#1257 = DIRECTION ( 'NONE',  ( -0.000000000000000000, 0.000000000000000000, 1.000000000000000000 ) ) ;
#1258 = ORIENTED_EDGE ( 'NONE', *, *, #5129, .F. ) ;
#1259 = VECTOR ( 'NONE', #3517, 1000.000000000000000 ) ;
#1260 = B_SPLINE_SURFACE_WITH_KNOTS ( 'NONE', 2, 1, ( 
 ( #283, #368 ),
 ( #4980, #2838 ),
 ( #1578, #5122 ) ),
 .UNSPECIFIED., .F., .F., .F.,
 ( 3, 3 ),
 ( 2, 2 ),
 ( 0.000000000000000000, 1.000000000000000000 ),
 ( 0.000000000000000000, 1.000000000000000000 ),
 .UNSPECIFIED. ) ;
#1261 = PRESENTATION_STYLE_ASSIGNMENT (( #373 ) ) ;
#1262 = PLANE ( 'NONE',  #4928 ) ;
#1263 =( NAMED_UNIT ( * ) PLANE_ANGLE_UNIT ( ) SI_UNIT ( $, .RADIAN. ) );
#1264 = STYLED_ITEM ( 'NONE', ( #3876 ), #2975 ) ;
#1265 = ORIENTED_EDGE ( 'NONE', *, *, #1910, .F. ) ;
#1266 = SURFACE_STYLE_FILL_AREA ( #1759 ) ;
#1267 =( LENGTH_UNIT ( ) NAMED_UNIT ( * ) SI_UNIT ( .MILLI., .METRE. ) );
#1268 = CARTESIAN_POINT ( 'NONE',  ( -1.099999999999998979, 0.1362137402538543540, 0.2799999999999999711 ) ) ;
#1269 = DIRECTION ( 'NONE',  ( 3.469446951953614189E-15, 1.000000000000000000, 0.000000000000000000 ) ) ;
#1270 = COLOUR_RGB ( '',0.7921568627450980005, 0.8196078431372548767, 0.9333333333333333481 ) ;
#1271 = ORIENTED_EDGE ( 'NONE', *, *, #2089, .F. ) ;
#1272 = LINE ( 'NONE', #5197, #4371 ) ;
#1273 = DIRECTION ( 'NONE',  ( 1.000000000000000000, 0.000000000000000000, 0.000000000000000000 ) ) ;
#1274 = CARTESIAN_POINT ( 'NONE',  ( 1.100000000000000089, -0.9000000000000003553, -7.680894765701995475E-15 ) ) ;
#1275 = STYLED_ITEM ( 'NONE', ( #1542 ), #2558 ) ;
#1276 = PRESENTATION_LAYER_ASSIGNMENT (  '', '', ( #563 ) ) ;
#1277 = EDGE_LOOP ( 'NONE', ( #1237, #1249, #228, #4071 ) ) ;
#1278 = VECTOR ( 'NONE', #2204, 1000.000000000000000 ) ;
#1279 = CARTESIAN_POINT ( 'NONE',  ( 1.100000000000002531, 0.2499999999999996669, 0.2599999999999922928 ) ) ;
#1280 = CARTESIAN_POINT ( 'NONE',  ( 1.100000000000002087, -0.5000000000000002220, 0.2599999999999922928 ) ) ;
#1281 = FACE_OUTER_BOUND ( 'NONE', #4041, .T. ) ;
#1282 = COLOUR_RGB ( '',0.7921568627450980005, 0.8196078431372548767, 0.9333333333333333481 ) ;
#1283 = EDGE_CURVE ( 'NONE', #2439, #1355, #4608, .T. ) ;
#1284 = ORIENTED_EDGE ( 'NONE', *, *, #5181, .T. ) ;
#1285 = VECTOR ( 'NONE', #33, 1000.000000000000000 ) ;
#1286 =( NAMED_UNIT ( * ) PLANE_ANGLE_UNIT ( ) SI_UNIT ( $, .RADIAN. ) );
#1287 = EDGE_CURVE ( 'NONE', #3507, #2078, #264, .T. ) ;
#1288 = PLANE ( 'NONE',  #175 ) ;
#1289 = CARTESIAN_POINT ( 'NONE',  ( 0.7174695751538135990, 0.3080817958270101187, 0.2599999999999999534 ) ) ;
#1290 = FACE_OUTER_BOUND ( 'NONE', #68, .T. ) ;
#1291 = VECTOR ( 'NONE', #714, 1000.000000000000000 ) ;
#1292 = ORIENTED_EDGE ( 'NONE', *, *, #4443, .T. ) ;
#1293 = ORIENTED_EDGE ( 'NONE', *, *, #2021, .F. ) ;
#1294 =( GEOMETRIC_REPRESENTATION_CONTEXT ( 3 ) GLOBAL_UNCERTAINTY_ASSIGNED_CONTEXT ( ( #5309 ) ) GLOBAL_UNIT_ASSIGNED_CONTEXT ( ( #4039, #4526, #209 ) ) REPRESENTATION_CONTEXT ( 'NONE', 'WORKASPACE' ) );
#1295 =( LENGTH_UNIT ( ) NAMED_UNIT ( * ) SI_UNIT ( .MILLI., .METRE. ) );
#1296 = DIRECTION ( 'NONE',  ( -0.000000000000000000, -0.000000000000000000, -1.000000000000000000 ) ) ;
#1297 = DIRECTION ( 'NONE',  ( 1.000000000000000000, 0.000000000000000000, 0.000000000000000000 ) ) ;
#1298 = SURFACE_SIDE_STYLE ('',( #874 ) ) ;
#1299 = AXIS2_PLACEMENT_3D ( 'NONE', #4780, #1782, #3481 ) ;
#1300 = UNCERTAINTY_MEASURE_WITH_UNIT (LENGTH_MEASURE( 1.000000000000000082E-05 ), #11, 'distance_accuracy_value', 'NONE');
#1301 = ORIENTED_EDGE ( 'NONE', *, *, #3132, .F. ) ;
#1302 = EDGE_CURVE ( 'NONE', #2309, #233, #666, .T. ) ;
#1303 = SURFACE_STYLE_USAGE ( .BOTH. , #1700 ) ;
#1304 = EDGE_LOOP ( 'NONE', ( #42, #2774, #3059, #2446 ) ) ;
#1305 = UNCERTAINTY_MEASURE_WITH_UNIT (LENGTH_MEASURE( 1.000000000000000082E-05 ), #2047, 'distance_accuracy_value', 'NONE');
#1306 = DIRECTION ( 'NONE',  ( -0.000000000000000000, 0.000000000000000000, 1.000000000000000000 ) ) ;
#1307 = DIRECTION ( 'NONE',  ( -3.469446951953614189E-15, -1.000000000000000000, 0.000000000000000000 ) ) ;
#1308 = FILL_AREA_STYLE_COLOUR ( '', #4936 ) ;
#1309 = ORIENTED_EDGE ( 'NONE', *, *, #3531, .F. ) ;
#1310 = SURFACE_STYLE_FILL_AREA ( #892 ) ;
#1311 = DIRECTION ( 'NONE',  ( 0.000000000000000000, -1.000000000000000000, 0.000000000000000000 ) ) ;
#1312 = PLANE ( 'NONE',  #220 ) ;
#1313 = VERTEX_POINT ( 'NONE', #2842 ) ;
#1314 =( LENGTH_UNIT ( ) NAMED_UNIT ( * ) SI_UNIT ( .MILLI., .METRE. ) );
#1315 = CARTESIAN_POINT ( 'NONE',  ( 0.7774874880952626910, 0.3068909665269575204, 0.2599999999999999534 ) ) ;
#1316 = FILL_AREA_STYLE ('',( #899 ) ) ;
#1317 = UNCERTAINTY_MEASURE_WITH_UNIT (LENGTH_MEASURE( 1.000000000000000082E-05 ), #5130, 'distance_accuracy_value', 'NONE');
#1318 = ADVANCED_FACE ( 'NONE', ( #4640 ), #4202, .T. ) ;
#1319 = PLANE ( 'NONE',  #960 ) ;
#1320 = EDGE_CURVE ( 'NONE', #51, #3500, #3644, .T. ) ;
#1321 = PRESENTATION_LAYER_ASSIGNMENT (  '', '', ( #1048 ) ) ;
#1322 = EDGE_CURVE ( 'NONE', #3276, #4678, #749, .T. ) ;
#1323 = EDGE_LOOP ( 'NONE', ( #4662, #3673, #2343, #446 ) ) ;
#1324 = VERTEX_POINT ( 'NONE', #1124 ) ;
#1325 = FACE_OUTER_BOUND ( 'NONE', #4849, .T. ) ;
#1326 = SURFACE_STYLE_USAGE ( .BOTH. , #5134 ) ;
#1327 = MECHANICAL_DESIGN_GEOMETRIC_PRESENTATION_REPRESENTATION (  '', ( #871 ), #1144 ) ;
#1328 = SURFACE_STYLE_FILL_AREA ( #847 ) ;
#1329 = ADVANCED_FACE ( 'NONE', ( #1548 ), #3264, .T. ) ;
#1330 = ORIENTED_EDGE ( 'NONE', *, *, #4480, .T. ) ;
#1331 = VECTOR ( 'NONE', #5206, 1000.000000000000000 ) ;
#1332 = ORIENTED_EDGE ( 'NONE', *, *, #3681, .T. ) ;
#1333 = SURFACE_SIDE_STYLE ('',( #4821 ) ) ;
#1334 = CARTESIAN_POINT ( 'NONE',  ( -1.099999999999998090, -1.000000000000000000, 0.2600000000000076694 ) ) ;
#1335 = DIRECTION ( 'NONE',  ( -0.000000000000000000, 0.000000000000000000, 1.000000000000000000 ) ) ;
#1336 = CARTESIAN_POINT ( 'NONE',  ( -1.099999999999999867, -1.000000000000000000, 0.02000000000000768177 ) ) ;
#1337 = EDGE_CURVE ( 'NONE', #1068, #3507, #2, .T. ) ;
#1338 = PRESENTATION_LAYER_ASSIGNMENT (  '', '', ( #3741 ) ) ;
#1339 = DIRECTION ( 'NONE',  ( 0.000000000000000000, -0.000000000000000000, -1.000000000000000000 ) ) ;
#1340 = ORIENTED_EDGE ( 'NONE', *, *, #4003, .T. ) ;
#1341 =( NAMED_UNIT ( * ) SI_UNIT ( $, .STERADIAN. ) SOLID_ANGLE_UNIT ( ) );
#1342 = DIRECTION ( 'NONE',  ( -0.000000000000000000, -0.000000000000000000, -1.000000000000000000 ) ) ;
#1343 = CARTESIAN_POINT ( 'NONE',  ( 1.100000000000002087, 0.4999999999999997780, 0.2799999999999999711 ) ) ;
#1344 = AXIS2_PLACEMENT_3D ( 'NONE', #4895, #1034, #2366 ) ;
#1345 = ADVANCED_BREP_SHAPE_REPRESENTATION ( 'WS2812B-2020', ( #2335, #4130, #2305, #4140, #4176, #288, #509, #2157, #4092, #2145, #86 ), #5311 ) ;
#1346 = EDGE_LOOP ( 'NONE', ( #4962, #5575, #1211, #332 ) ) ;
#1347 = MECHANICAL_DESIGN_GEOMETRIC_PRESENTATION_REPRESENTATION (  '', ( #4672 ), #3238 ) ;
#1348 = SURFACE_SIDE_STYLE ('',( #4320 ) ) ;
#1349 =( NAMED_UNIT ( * ) SI_UNIT ( $, .STERADIAN. ) SOLID_ANGLE_UNIT ( ) );
#1350 = CARTESIAN_POINT ( 'NONE',  ( -0.6957328749551370262, 0.6914393411476200679, 0.2799999999999999711 ) ) ;
#1351 = ORIENTED_EDGE ( 'NONE', *, *, #3630, .T. ) ;
#1352 = VECTOR ( 'NONE', #2426, 1000.000000000000000 ) ;
#1353 = CARTESIAN_POINT ( 'NONE',  ( 0.4000000000000001332, 0.2000000000000000111, 0.01999999999999721098 ) ) ;
#1354 = ADVANCED_FACE ( 'NONE', ( #2976 ), #1262, .T. ) ;
#1355 = VERTEX_POINT ( 'NONE', #4259 ) ;
#1356 = ORIENTED_EDGE ( 'NONE', *, *, #579, .T. ) ;
#1357 = EDGE_CURVE ( 'NONE', #1586, #2263, #3312, .T. ) ;
#1358 = CARTESIAN_POINT ( 'NONE',  ( 1.100000000000002087, 0.000000000000000000, 0.2799999999999999711 ) ) ;
#1359 = DIRECTION ( 'NONE',  ( -1.000000000000000000, 0.000000000000000000, 0.000000000000000000 ) ) ;
#1360 = SURFACE_STYLE_FILL_AREA ( #3555 ) ;
#1361 = DIRECTION ( 'NONE',  ( -0.000000000000000000, -0.000000000000000000, -1.000000000000000000 ) ) ;
#1362 = VECTOR ( 'NONE', #796, 1000.000000000000000 ) ;
#1363 = ORIENTED_EDGE ( 'NONE', *, *, #602, .T. ) ;
#1364 =( GEOMETRIC_REPRESENTATION_CONTEXT ( 3 ) GLOBAL_UNCERTAINTY_ASSIGNED_CONTEXT ( ( #2831 ) ) GLOBAL_UNIT_ASSIGNED_CONTEXT ( ( #3653, #3140, #3968 ) ) REPRESENTATION_CONTEXT ( 'NONE', 'WORKASPACE' ) );
#1365 = DIRECTION ( 'NONE',  ( -0.000000000000000000, -0.000000000000000000, -1.000000000000000000 ) ) ;
#1366 = DIRECTION ( 'NONE',  ( 1.000000000000000000, 0.000000000000000000, -6.983251342707903681E-15 ) ) ;
#1367 = SURFACE_STYLE_USAGE ( .BOTH. , #145 ) ;
#1368 = VECTOR ( 'NONE', #2724, 1000.000000000000000 ) ;
#1369 = LINE ( 'NONE', #951, #3348 ) ;
#1370 = MECHANICAL_DESIGN_GEOMETRIC_PRESENTATION_REPRESENTATION (  '', ( #2365 ), #5529 ) ;
#1371 = VERTEX_POINT ( 'NONE', #2633 ) ;
#1372 = SURFACE_STYLE_USAGE ( .BOTH. , #1843 ) ;
#1373 = VECTOR ( 'NONE', #2927, 1000.000000000000000 ) ;
#1374 = CARTESIAN_POINT ( 'NONE',  ( 0.3432670707574931868, -0.3593805362314128615, 0.2810000000000000275 ) ) ;
#1375 =( NAMED_UNIT ( * ) SI_UNIT ( $, .STERADIAN. ) SOLID_ANGLE_UNIT ( ) );
#1376 = VECTOR ( 'NONE', #2928, 1000.000000000000000 ) ;
#1377 = EDGE_LOOP ( 'NONE', ( #2195, #2268, #121, #2888 ) ) ;
#1378 = ORIENTED_EDGE ( 'NONE', *, *, #5588, .F. ) ;
#1379 = CARTESIAN_POINT ( 'NONE',  ( -0.1178234831815653944, -0.5316465652036583833, 0.2599999999999999534 ) ) ;
#1380 = VECTOR ( 'NONE', #1221, 1000.000000000000000 ) ;
#1381 = DIRECTION ( 'NONE',  ( 0.000000000000000000, -0.000000000000000000, 1.000000000000000000 ) ) ;
#1382 = CARTESIAN_POINT ( 'NONE',  ( 0.3195831592659477138, 0.04041390370446151792, 0.2810000000000000275 ) ) ;
#1383 = CARTESIAN_POINT ( 'NONE',  ( -1.099999999999998090, -0.4999999999999997780, 0.2799999999999999711 ) ) ;
#1384 = AXIS2_PLACEMENT_3D ( 'NONE', #743, #2462, #3743 ) ;
#1385 = ORIENTED_EDGE ( 'NONE', *, *, #1671, .F. ) ;
#1386 = STYLED_ITEM ( 'NONE', ( #4260 ), #4832 ) ;
#1387 = ORIENTED_EDGE ( 'NONE', *, *, #2708, .T. ) ;
#1388 = SURFACE_SIDE_STYLE ('',( #2988 ) ) ;
#1389 =( NAMED_UNIT ( * ) SI_UNIT ( $, .STERADIAN. ) SOLID_ANGLE_UNIT ( ) );
#1390 = VECTOR ( 'NONE', #2334, 1000.000000000000000 ) ;
#1391 = PLANE ( 'NONE',  #4665 ) ;
#1392 = ORIENTED_EDGE ( 'NONE', *, *, #1357, .F. ) ;
#1393 = ADVANCED_FACE ( 'NONE', ( #2139 ), #1288, .T. ) ;
#1394 = FILL_AREA_STYLE ('',( #5234 ) ) ;
#1395 = CARTESIAN_POINT ( 'NONE',  ( 0.7978332356883809373, -0.08504592687205501933, 0.2599999999999999534 ) ) ;
#1396 = LINE ( 'NONE', #2659, #947 ) ;
#1397 = CARTESIAN_POINT ( 'NONE',  ( -0.5388595371840243509, 0.8637862597461452019, 0.2799999999999999711 ) ) ;
#1398 = ORIENTED_EDGE ( 'NONE', *, *, #5297, .T. ) ;
#1399 = DIRECTION ( 'NONE',  ( 1.000000000000000000, 0.000000000000000000, -6.983251342707903681E-15 ) ) ;
#1400 = CARTESIAN_POINT ( 'NONE',  ( -1.100000000000000977, -0.2499999999999999445, 7.680894765701995475E-15 ) ) ;
#1401 = PLANE ( 'NONE',  #1299 ) ;
#1402 = EDGE_CURVE ( 'NONE', #5117, #5386, #91, .T. ) ;
#1403 = DIRECTION ( 'NONE',  ( 0.000000000000000000, 1.000000000000000000, 0.000000000000000000 ) ) ;
#1404 = DIRECTION ( 'NONE',  ( -0.000000000000000000, -0.000000000000000000, -1.000000000000000000 ) ) ;
#1405 = UNCERTAINTY_MEASURE_WITH_UNIT (LENGTH_MEASURE( 1.000000000000000082E-05 ), #3089, 'distance_accuracy_value', 'NONE');
#1406 = EDGE_LOOP ( 'NONE', ( #4638, #3193, #5394, #4694 ) ) ;
#1407 = CARTESIAN_POINT ( 'NONE',  ( -0.6766918921026191525, 0.6855750628389500889, 0.2599999999999999534 ) ) ;
#1408 =( GEOMETRIC_REPRESENTATION_CONTEXT ( 3 ) GLOBAL_UNCERTAINTY_ASSIGNED_CONTEXT ( ( #3021 ) ) GLOBAL_UNIT_ASSIGNED_CONTEXT ( ( #183, #3182, #2778 ) ) REPRESENTATION_CONTEXT ( 'NONE', 'WORKASPACE' ) );
#1409 = CARTESIAN_POINT ( 'NONE',  ( 0.8500000000000000888, -0.5000000000000002220, -5.935081930025019357E-15 ) ) ;
#1410 = CYLINDRICAL_SURFACE ( 'NONE', #5576, 0.2500000000000000000 ) ;
#1411 =( LENGTH_UNIT ( ) NAMED_UNIT ( * ) SI_UNIT ( .MILLI., .METRE. ) );
#1412 = MECHANICAL_DESIGN_GEOMETRIC_PRESENTATION_REPRESENTATION (  '', ( #4277 ), #3475 ) ;
#1413 = ORIENTED_EDGE ( 'NONE', *, *, #763, .T. ) ;
#1414 = VERTEX_POINT ( 'NONE', #1400 ) ;
#1415 = PRESENTATION_LAYER_ASSIGNMENT (  '', '', ( #3820 ) ) ;
#1416 = SURFACE_SIDE_STYLE ('',( #241 ) ) ;
#1417 = COLOUR_RGB ( '',0.8509803921568627194, 0.8509803921568627194, 0.8509803921568627194 ) ;
#1418 = LINE ( 'NONE', #1903, #4491 ) ;
#1419 = SURFACE_SIDE_STYLE ('',( #461 ) ) ;
#1420 = UNCERTAINTY_MEASURE_WITH_UNIT (LENGTH_MEASURE( 1.000000000000000082E-05 ), #445, 'distance_accuracy_value', 'NONE');
#1421 =( NAMED_UNIT ( * ) SI_UNIT ( $, .STERADIAN. ) SOLID_ANGLE_UNIT ( ) );
#1422 = PRESENTATION_LAYER_ASSIGNMENT (  '', '', ( #4657 ) ) ;
#1423 = ORIENTED_EDGE ( 'NONE', *, *, #3888, .T. ) ;
#1424 =( LENGTH_UNIT ( ) NAMED_UNIT ( * ) SI_UNIT ( .MILLI., .METRE. ) );
#1425 = DIRECTION ( 'NONE',  ( -0.000000000000000000, 0.000000000000000000, 1.000000000000000000 ) ) ;
#1426 = CARTESIAN_POINT ( 'NONE',  ( 0.7174695751538135990, 0.3080817958270101187, 0.2799999999999999711 ) ) ;
#1427 = FACE_OUTER_BOUND ( 'NONE', #4283, .T. ) ;
#1428 = UNCERTAINTY_MEASURE_WITH_UNIT (LENGTH_MEASURE( 1.000000000000000082E-05 ), #4075, 'distance_accuracy_value', 'NONE');
#1429 = ADVANCED_FACE ( 'NONE', ( #1914 ), #5329, .T. ) ;
#1430 = ORIENTED_EDGE ( 'NONE', *, *, #4133, .T. ) ;
#1431 = ADVANCED_FACE ( 'NONE', ( #1816 ), #3925, .F. ) ;
#1432 = FILL_AREA_STYLE ('',( #5303 ) ) ;
#1433 = CARTESIAN_POINT ( 'NONE',  ( 1.100000000000000089, 0.000000000000000000, -7.680894765701995475E-15 ) ) ;
#1434 = CARTESIAN_POINT ( 'NONE',  ( -1.099999999999998979, 0.000000000000000000, 0.2799999999999999711 ) ) ;
#1435 = VERTEX_POINT ( 'NONE', #1003 ) ;
#1436 = CARTESIAN_POINT ( 'NONE',  ( 0.7249999999999999778, -1.000000000000000000, 0.8400000000000000799 ) ) ;
#1437 = EDGE_LOOP ( 'NONE', ( #1756, #4808, #1699, #515, #901, #4646 ) ) ;
#1438 = ORIENTED_EDGE ( 'NONE', *, *, #3969, .T. ) ;
#1439 = STYLED_ITEM ( 'NONE', ( #646 ), #3071 ) ;
#1440 =( NAMED_UNIT ( * ) SI_UNIT ( $, .STERADIAN. ) SOLID_ANGLE_UNIT ( ) );
#1441 = FILL_AREA_STYLE_COLOUR ( '', #3596 ) ;
#1442 = DIRECTION ( 'NONE',  ( 1.000000000000000000, 0.000000000000000000, 0.000000000000000000 ) ) ;
#1443 = FILL_AREA_STYLE_COLOUR ( '', #255 ) ;
#1444 = CIRCLE ( 'NONE', #4587, 0.2500000000000000000 ) ;
#1445 = VERTEX_POINT ( 'NONE', #4380 ) ;
#1446 = PLANE ( 'NONE',  #644 ) ;
#1447 = MECHANICAL_DESIGN_GEOMETRIC_PRESENTATION_REPRESENTATION (  '', ( #4869 ), #2855 ) ;
#1448 = ORIENTED_EDGE ( 'NONE', *, *, #1250, .F. ) ;
#1449 = PRESENTATION_STYLE_ASSIGNMENT (( #1572 ) ) ;
#1450 = FILL_AREA_STYLE ('',( #2664 ) ) ;
#1451 =( NAMED_UNIT ( * ) PLANE_ANGLE_UNIT ( ) SI_UNIT ( $, .RADIAN. ) );
#1452 =( GEOMETRIC_REPRESENTATION_CONTEXT ( 3 ) GLOBAL_UNCERTAINTY_ASSIGNED_CONTEXT ( ( #3057 ) ) GLOBAL_UNIT_ASSIGNED_CONTEXT ( ( #2982, #1724, #3349 ) ) REPRESENTATION_CONTEXT ( 'NONE', 'WORKASPACE' ) );
#1453 = CIRCLE ( 'NONE', #4600, 0.09999999999999993616 ) ;
#1454 = EDGE_LOOP ( 'NONE', ( #35, #2324, #2615, #1438 ) ) ;
#1455 = EDGE_CURVE ( 'NONE', #3095, #1586, #2276, .T. ) ;
#1456 = STYLED_ITEM ( 'NONE', ( #2845 ), #4140 ) ;
#1457 =( NAMED_UNIT ( * ) PLANE_ANGLE_UNIT ( ) SI_UNIT ( $, .RADIAN. ) );
#1458 = DIRECTION ( 'NONE',  ( 3.469446951953614189E-15, -1.000000000000000000, 0.000000000000000000 ) ) ;
#1459 = VECTOR ( 'NONE', #2550, 1000.000000000000000 ) ;
#1460 = CARTESIAN_POINT ( 'NONE',  ( 1.100000000000002087, -0.5000000000000002220, 0.2799999999999999711 ) ) ;
#1461 = SURFACE_SIDE_STYLE ('',( #1953 ) ) ;
#1462 = EDGE_CURVE ( 'NONE', #5473, #2847, #201, .T. ) ;
#1463 = ORIENTED_EDGE ( 'NONE', *, *, #1667, .T. ) ;
#1464 = ORIENTED_EDGE ( 'NONE', *, *, #4267, .T. ) ;
#1465 = CARTESIAN_POINT ( 'NONE',  ( 1.100000000000000089, -0.2500000000000002220, -7.680894765701995475E-15 ) ) ;
#1466 = ORIENTED_EDGE ( 'NONE', *, *, #3327, .T. ) ;
#1467 = UNCERTAINTY_MEASURE_WITH_UNIT (LENGTH_MEASURE( 1.000000000000000082E-05 ), #1314, 'distance_accuracy_value', 'NONE');
#1468 = AXIS2_PLACEMENT_3D ( 'NONE', #3770, #5091, #2837 ) ;
#1469 = SURFACE_SIDE_STYLE ('',( #3604 ) ) ;
#1470 =( LENGTH_UNIT ( ) NAMED_UNIT ( * ) SI_UNIT ( .MILLI., .METRE. ) );
#1471 = FACE_OUTER_BOUND ( 'NONE', #1019, .T. ) ;
#1472 = EDGE_CURVE ( 'NONE', #4988, #1243, #3566, .T. ) ;
#1473 = ORIENTED_EDGE ( 'NONE', *, *, #4064, .F. ) ;
#1474 = CIRCLE ( 'NONE', #4982, 0.3614255068147824712 ) ;
#1475 = VECTOR ( 'NONE', #2054, 1000.000000000000000 ) ;
#1476 = CARTESIAN_POINT ( 'NONE',  ( -0.6832485166931815401, 0.8768473060465202806, 0.2599999999999999534 ) ) ;
#1477 = CARTESIAN_POINT ( 'NONE',  ( 0.3648896556285309845, -0.000000000000000000, 0.01999999999999745384 ) ) ;
#1478 = PRESENTATION_STYLE_ASSIGNMENT (( #680 ) ) ;
#1479 = CARTESIAN_POINT ( 'NONE',  ( -0.4135483952989442713, -0.3593805362314128615, 0.2810000000000000275 ) ) ;
#1480 = VECTOR ( 'NONE', #1225, 1000.000000000000000 ) ;
#1481 = ORIENTED_EDGE ( 'NONE', *, *, #4107, .T. ) ;
#1482 = DIRECTION ( 'NONE',  ( 6.982962677686266711E-15, -0.000000000000000000, 1.000000000000000000 ) ) ;
#1483 = SURFACE_STYLE_FILL_AREA ( #3088 ) ;
#1484 = FILL_AREA_STYLE_COLOUR ( '', #2203 ) ;
#1485 = SURFACE_STYLE_USAGE ( .BOTH. , #4489 ) ;
#1486 = VERTEX_POINT ( 'NONE', #2866 ) ;
#1487 =( NAMED_UNIT ( * ) PLANE_ANGLE_UNIT ( ) SI_UNIT ( $, .RADIAN. ) );
#1488 = CLOSED_SHELL ( 'NONE', ( #1913, #4801, #4835, #2294, #1116, #4636, #3538, #2531, #2975, #4306, #1329, #4270, #4832, #1492, #4810, #2355, #5074, #4805, #5514 ) ) ;
#1489 = SURFACE_STYLE_FILL_AREA ( #3572 ) ;
#1490 = SURFACE_SIDE_STYLE ('',( #4554 ) ) ;
#1491 = SURFACE_SIDE_STYLE ('',( #1037 ) ) ;
#1492 = ADVANCED_FACE ( 'NONE', ( #4084 ), #1973, .T. ) ;
#1493 = DIRECTION ( 'NONE',  ( 3.469446951953614189E-15, 1.000000000000000000, 0.000000000000000000 ) ) ;
#1494 = EDGE_CURVE ( 'NONE', #2953, #2994, #2411, .T. ) ;
#1495 = ADVANCED_FACE ( 'NONE', ( #1599 ), #5457, .F. ) ;
#1496 = ORIENTED_EDGE ( 'NONE', *, *, #3046, .F. ) ;
#1497 = ORIENTED_EDGE ( 'NONE', *, *, #4392, .T. ) ;
#1498 = FACE_OUTER_BOUND ( 'NONE', #3921, .T. ) ;
#1499 = ORIENTED_EDGE ( 'NONE', *, *, #5160, .F. ) ;
#1500 = EDGE_CURVE ( 'NONE', #2123, #1792, #3636, .T. ) ;
#1501 = DIRECTION ( 'NONE',  ( -0.000000000000000000, -0.000000000000000000, -1.000000000000000000 ) ) ;
#1502 = CARTESIAN_POINT ( 'NONE',  ( 0.5359203924145663489, -0.7671295513012331702, 0.2799999999999999711 ) ) ;
#1503 = DIRECTION ( 'NONE',  ( -0.000000000000000000, 0.000000000000000000, 1.000000000000000000 ) ) ;
#1504 = AXIS2_PLACEMENT_3D ( 'NONE', #157, #3546, #4038 ) ;
#1505 = ORIENTED_EDGE ( 'NONE', *, *, #3003, .T. ) ;
#1506 = PRESENTATION_LAYER_ASSIGNMENT (  '', '', ( #871 ) ) ;
#1507 = VECTOR ( 'NONE', #4079, 1000.000000000000000 ) ;
#1508 = FILL_AREA_STYLE_COLOUR ( '', #390 ) ;
#1509 = CARTESIAN_POINT ( 'NONE',  ( 0.3432670707574931868, -0.3593805362314128615, 0.2810000000000000275 ) ) ;
#1510 = CARTESIAN_POINT ( 'NONE',  ( 0.7946937836714691450, -0.3065665198382720447, 0.2599999999999999534 ) ) ;
#1511 =( NAMED_UNIT ( * ) PLANE_ANGLE_UNIT ( ) SI_UNIT ( $, .RADIAN. ) );
#1512 = STYLED_ITEM ( 'NONE', ( #3593 ), #1429 ) ;
#1513 = FACE_OUTER_BOUND ( 'NONE', #3607, .T. ) ;
#1514 = VECTOR ( 'NONE', #2329, 1000.000000000000000 ) ;
#1515 = DIRECTION ( 'NONE',  ( -0.000000000000000000, -0.000000000000000000, -1.000000000000000000 ) ) ;
#1516 = LINE ( 'NONE', #3235, #2918 ) ;
#1517 = SURFACE_STYLE_USAGE ( .BOTH. , #5398 ) ;
#1518 = AXIS2_PLACEMENT_3D ( 'NONE', #5263, #1772, #3878 ) ;
#1519 =( LENGTH_UNIT ( ) NAMED_UNIT ( * ) SI_UNIT ( .MILLI., .METRE. ) );
#1520 = VERTEX_POINT ( 'NONE', #307 ) ;
#1521 = SURFACE_STYLE_USAGE ( .BOTH. , #4068 ) ;
#1522 = PRESENTATION_STYLE_ASSIGNMENT (( #3135 ) ) ;
#1523 = DIRECTION ( 'NONE',  ( 1.000000000000000000, 0.000000000000000000, 0.000000000000000000 ) ) ;
#1524 = ORIENTED_EDGE ( 'NONE', *, *, #234, .T. ) ;
#1525 = EDGE_LOOP ( 'NONE', ( #1058, #3328, #527, #1736, #5144, #3195 ) ) ;
#1526 = DIRECTION ( 'NONE',  ( 0.000000000000000000, 0.000000000000000000, -1.000000000000000000 ) ) ;
#1527 = EDGE_CURVE ( 'NONE', #1616, #5316, #4978, .T. ) ;
#1528 = DIRECTION ( 'NONE',  ( -0.000000000000000000, 0.000000000000000000, 1.000000000000000000 ) ) ;
#1529 =( NAMED_UNIT ( * ) PLANE_ANGLE_UNIT ( ) SI_UNIT ( $, .RADIAN. ) );
#1530 = DIRECTION ( 'NONE',  ( 6.982962677686268288E-15, -0.000000000000000000, 1.000000000000000000 ) ) ;
#1531 = FILL_AREA_STYLE ('',( #1443 ) ) ;
#1532 = EDGE_LOOP ( 'NONE', ( #4981, #5410, #2587, #184, #2639, #4762, #3269 ) ) ;
#1533 = EDGE_CURVE ( 'NONE', #1098, #813, #2776, .T. ) ;
#1534 = PLANE ( 'NONE',  #5105 ) ;
#1535 = PRESENTATION_LAYER_ASSIGNMENT (  '', '', ( #1172 ) ) ;
#1536 =( NAMED_UNIT ( * ) PLANE_ANGLE_UNIT ( ) SI_UNIT ( $, .RADIAN. ) );
#1537 = LINE ( 'NONE', #1081, #691 ) ;
#1538 =( GEOMETRIC_REPRESENTATION_CONTEXT ( 3 ) GLOBAL_UNCERTAINTY_ASSIGNED_CONTEXT ( ( #4314 ) ) GLOBAL_UNIT_ASSIGNED_CONTEXT ( ( #1519, #564, #981 ) ) REPRESENTATION_CONTEXT ( 'NONE', 'WORKASPACE' ) );
#1539 = DIRECTION ( 'NONE',  ( -6.983251342707903681E-15, 0.000000000000000000, -1.000000000000000000 ) ) ;
#1540 = UNCERTAINTY_MEASURE_WITH_UNIT (LENGTH_MEASURE( 1.000000000000000082E-05 ), #1770, 'distance_accuracy_value', 'NONE');
#1541 =( LENGTH_UNIT ( ) NAMED_UNIT ( * ) SI_UNIT ( .MILLI., .METRE. ) );
#1542 = PRESENTATION_STYLE_ASSIGNMENT (( #256 ) ) ;
#1543 = CARTESIAN_POINT ( 'NONE',  ( 0.6360270068922002640, 0.1776407652747671595, 0.2799999999999999711 ) ) ;
#1544 = DIRECTION ( 'NONE',  ( -1.000000000000000000, 4.259365677621623928E-16, 6.983251342707903681E-15 ) ) ;
#1545 = EDGE_CURVE ( 'NONE', #3400, #3177, #2053, .T. ) ;
#1546 = ORIENTED_EDGE ( 'NONE', *, *, #3859, .F. ) ;
#1547 = PRESENTATION_STYLE_ASSIGNMENT (( #718 ) ) ;
#1548 = FACE_OUTER_BOUND ( 'NONE', #4591, .T. ) ;
#1549 = CARTESIAN_POINT ( 'NONE',  ( -0.6803386800598816286, -0.2391341263035014764, 0.2799999999999999711 ) ) ;
#1550 = STYLED_ITEM ( 'NONE', ( #4341 ), #2691 ) ;
#1551 = PRESENTATION_STYLE_ASSIGNMENT (( #1208 ) ) ;
#1552 = VERTEX_POINT ( 'NONE', #5480 ) ;
#1553 = ORIENTED_EDGE ( 'NONE', *, *, #3345, .T. ) ;
#1554 = VECTOR ( 'NONE', #2882, 1000.000000000000000 ) ;
#1555 = AXIS2_PLACEMENT_3D ( 'NONE', #3443, #1808, #3502 ) ;
#1556 =( LENGTH_UNIT ( ) NAMED_UNIT ( * ) SI_UNIT ( .MILLI., .METRE. ) );
#1557 = DIRECTION ( 'NONE',  ( 1.000000000000000000, 0.000000000000000000, 0.000000000000000000 ) ) ;
#1558 = PLANE ( 'NONE',  #4831 ) ;
#1559 = ORIENTED_EDGE ( 'NONE', *, *, #305, .F. ) ;
#1560 = LINE ( 'NONE', #2381, #4605 ) ;
#1561 = AXIS2_PLACEMENT_3D ( 'NONE', #1434, #4926, #593 ) ;
#1562 = CARTESIAN_POINT ( 'NONE',  ( 1.100000000000002531, 0.2499999999999996669, 0.2599999999999922928 ) ) ;
#1563 =( NAMED_UNIT ( * ) SI_UNIT ( $, .STERADIAN. ) SOLID_ANGLE_UNIT ( ) );
#1564 = CARTESIAN_POINT ( 'NONE',  ( -1.099999999999998979, 0.7499999999999997780, 0.2599999999999999534 ) ) ;
#1565 = MECHANICAL_DESIGN_GEOMETRIC_PRESENTATION_REPRESENTATION (  '', ( #4154 ), #1122 ) ;
#1566 = LINE ( 'NONE', #2796, #4536 ) ;
#1567 = DIRECTION ( 'NONE',  ( 0.000000000000000000, 1.000000000000000000, 0.000000000000000000 ) ) ;
#1568 = EDGE_CURVE ( 'NONE', #3095, #4131, #3708, .T. ) ;
#1569 = CARTESIAN_POINT ( 'NONE',  ( -1.099999999999998979, 0.000000000000000000, 0.2799999999999999711 ) ) ;
#1570 =( GEOMETRIC_REPRESENTATION_CONTEXT ( 3 ) GLOBAL_UNCERTAINTY_ASSIGNED_CONTEXT ( ( #1256 ) ) GLOBAL_UNIT_ASSIGNED_CONTEXT ( ( #2717, #178, #5304 ) ) REPRESENTATION_CONTEXT ( 'NONE', 'WORKASPACE' ) );
#1571 = MECHANICAL_DESIGN_GEOMETRIC_PRESENTATION_REPRESENTATION (  '', ( #5541 ), #4713 ) ;
#1572 = SURFACE_STYLE_USAGE ( .BOTH. , #281 ) ;
#1573 = DIRECTION ( 'NONE',  ( 0.000000000000000000, -0.000000000000000000, 1.000000000000000000 ) ) ;
#1574 = SURFACE_SIDE_STYLE ('',( #1089 ) ) ;
#1575 = EDGE_CURVE ( 'NONE', #5483, #4586, #4247, .T. ) ;
#1576 =( GEOMETRIC_REPRESENTATION_CONTEXT ( 3 ) GLOBAL_UNCERTAINTY_ASSIGNED_CONTEXT ( ( #2255 ) ) GLOBAL_UNIT_ASSIGNED_CONTEXT ( ( #2387, #2777, #308 ) ) REPRESENTATION_CONTEXT ( 'NONE', 'WORKASPACE' ) );
#1577 = SURFACE_SIDE_STYLE ('',( #3693 ) ) ;
#1578 = CARTESIAN_POINT ( 'NONE',  ( -0.7482052191486779913, -0.5828783997317399379, 0.2799999999999999711 ) ) ;
#1579 = ORIENTED_EDGE ( 'NONE', *, *, #1322, .T. ) ;
#1580 = STYLED_ITEM ( 'NONE', ( #4451 ), #5342 ) ;
#1581 =( NAMED_UNIT ( * ) PLANE_ANGLE_UNIT ( ) SI_UNIT ( $, .RADIAN. ) );
#1582 = EDGE_CURVE ( 'NONE', #4819, #4008, #1474, .T. ) ;
#1583 =( NAMED_UNIT ( * ) SI_UNIT ( $, .STERADIAN. ) SOLID_ANGLE_UNIT ( ) );
#1584 = DIRECTION ( 'NONE',  ( -0.000000000000000000, 0.000000000000000000, 1.000000000000000000 ) ) ;
#1585 = CARTESIAN_POINT ( 'NONE',  ( 0.3648896556285308179, 1.000000000000000000, -2.547875105340935420E-15 ) ) ;
#1586 = VERTEX_POINT ( 'NONE', #2361 ) ;
#1587 =( NAMED_UNIT ( * ) SI_UNIT ( $, .STERADIAN. ) SOLID_ANGLE_UNIT ( ) );
#1588 = ORIENTED_EDGE ( 'NONE', *, *, #3485, .F. ) ;
#1589 = LINE ( 'NONE', #1164, #3782 ) ;
#1590 =( LENGTH_UNIT ( ) NAMED_UNIT ( * ) SI_UNIT ( .MILLI., .METRE. ) );
#1591 = MECHANICAL_DESIGN_GEOMETRIC_PRESENTATION_REPRESENTATION (  '', ( #2222 ), #2846 ) ;
#1592 = CARTESIAN_POINT ( 'NONE',  ( -1.100000000000000977, 0.1999999999999999833, 7.680894765701995475E-15 ) ) ;
#1593 = FILL_AREA_STYLE_COLOUR ( '', #3419 ) ;
#1594 = SURFACE_STYLE_FILL_AREA ( #3819 ) ;
#1595 = CARTESIAN_POINT ( 'NONE',  ( 0.3901487617419281406, 0.000000000000000000, 0.2799999999999999711 ) ) ;
#1596 = LINE ( 'NONE', #280, #1735 ) ;
#1597 =( GEOMETRIC_REPRESENTATION_CONTEXT ( 3 ) GLOBAL_UNCERTAINTY_ASSIGNED_CONTEXT ( ( #3282 ) ) GLOBAL_UNIT_ASSIGNED_CONTEXT ( ( #3212, #1487, #2390 ) ) REPRESENTATION_CONTEXT ( 'NONE', 'WORKASPACE' ) );
#1598 = SURFACE_STYLE_FILL_AREA ( #1223 ) ;
#1599 = FACE_OUTER_BOUND ( 'NONE', #1629, .T. ) ;
#1600 = MECHANICAL_DESIGN_GEOMETRIC_PRESENTATION_REPRESENTATION (  '', ( #1962 ), #2402 ) ;
#1601 = LINE ( 'NONE', #688, #1390 ) ;
#1602 = EDGE_CURVE ( 'NONE', #4346, #1552, #1088, .T. ) ;
#1603 = PRESENTATION_LAYER_ASSIGNMENT (  '', '', ( #4016 ) ) ;
#1604 =( NAMED_UNIT ( * ) SI_UNIT ( $, .STERADIAN. ) SOLID_ANGLE_UNIT ( ) );
#1605 = EDGE_CURVE ( 'NONE', #3067, #851, #1516, .T. ) ;
#1606 = ORIENTED_EDGE ( 'NONE', *, *, #533, .F. ) ;
#1607 =( NAMED_UNIT ( * ) PLANE_ANGLE_UNIT ( ) SI_UNIT ( $, .RADIAN. ) );
#1608 = COLOUR_RGB ( '',0.8509803921568627194, 0.8509803921568627194, 0.8509803921568627194 ) ;
#1609 = DIRECTION ( 'NONE',  ( 6.982962677686268288E-15, -0.000000000000000000, 1.000000000000000000 ) ) ;
#1610 = DIRECTION ( 'NONE',  ( -6.982962677686268288E-15, 0.000000000000000000, -1.000000000000000000 ) ) ;
#1611 = FILL_AREA_STYLE ('',( #3294 ) ) ;
#1612 = VECTOR ( 'NONE', #550, 1000.000000000000000 ) ;
#1613 = ORIENTED_EDGE ( 'NONE', *, *, #535, .F. ) ;
#1614 = LINE ( 'NONE', #2093, #2073 ) ;
#1615 = DIRECTION ( 'NONE',  ( 1.000000000000000000, -3.097720492815727166E-16, -6.983251342707903681E-15 ) ) ;
#1616 = VERTEX_POINT ( 'NONE', #659 ) ;
#1617 = B_SPLINE_CURVE_WITH_KNOTS ( 'NONE', 2,
 ( #1839, #3537, #5273 ),
 .UNSPECIFIED., .F., .F.,
 ( 3, 3 ),
 ( 0.000000000000000000, 1.000000000000000000 ),
 .UNSPECIFIED. ) ;
#1618 = LINE ( 'NONE', #3815, #75 ) ;
#1619 =( NAMED_UNIT ( * ) PLANE_ANGLE_UNIT ( ) SI_UNIT ( $, .RADIAN. ) );
#1620 = CARTESIAN_POINT ( 'NONE',  ( -0.000000000000000000, 0.8637862597461452019, 0.2599999999999999534 ) ) ;
#1621 = CARTESIAN_POINT ( 'NONE',  ( -0.8579650736781121445, -0.2234521286737552181, 0.2599999999999999534 ) ) ;
#1622 =( LENGTH_UNIT ( ) NAMED_UNIT ( * ) SI_UNIT ( .MILLI., .METRE. ) );
#1623 = LINE ( 'NONE', #1595, #4839 ) ;
#1624 = ORIENTED_EDGE ( 'NONE', *, *, #343, .T. ) ;
#1625 = DIRECTION ( 'NONE',  ( 0.000000000000000000, -0.000000000000000000, -1.000000000000000000 ) ) ;
#1626 = LINE ( 'NONE', #5054, #3628 ) ;
#1627 = SURFACE_STYLE_FILL_AREA ( #1148 ) ;
#1628 = DIRECTION ( 'NONE',  ( 1.319749811710431715E-15, -1.000000000000000000, 0.000000000000000000 ) ) ;
#1629 = EDGE_LOOP ( 'NONE', ( #3129, #4376, #3873, #5302 ) ) ;
#1630 = CARTESIAN_POINT ( 'NONE',  ( 0.7672489025476870728, 0.6470277182179263731, 0.2599999999999999534 ) ) ;
#1631 = PRESENTATION_STYLE_ASSIGNMENT (( #4150 ) ) ;
#1632 = CARTESIAN_POINT ( 'NONE',  ( 1.100000000000002087, -0.7500000000000002220, 0.2599999999999999534 ) ) ;
#1633 = AXIS2_PLACEMENT_3D ( 'NONE', #2914, #2514, #767 ) ;
#1634 = DIRECTION ( 'NONE',  ( 1.000000000000000000, -0.000000000000000000, -0.000000000000000000 ) ) ;
#1635 = CARTESIAN_POINT ( 'NONE',  ( -1.100000000000000755, 0.1999999999999999833, 0.02000000000000768177 ) ) ;
#1636 = EDGE_CURVE ( 'NONE', #4943, #3613, #4717, .T. ) ;
#1637 = AXIS2_PLACEMENT_3D ( 'NONE', #1070, #132, #5380 ) ;
#1638 = EDGE_LOOP ( 'NONE', ( #5381, #2609, #3111, #2488 ) ) ;
#1639 = SURFACE_SIDE_STYLE ('',( #2068 ) ) ;
#1640 = DIRECTION ( 'NONE',  ( -0.000000000000000000, -0.000000000000000000, -1.000000000000000000 ) ) ;
#1641 = AXIS2_PLACEMENT_3D ( 'NONE', #5338, #539, #5282 ) ;
#1642 = ORIENTED_EDGE ( 'NONE', *, *, #3317, .F. ) ;
#1643 =( GEOMETRIC_REPRESENTATION_CONTEXT ( 3 ) GLOBAL_UNCERTAINTY_ASSIGNED_CONTEXT ( ( #242 ) ) GLOBAL_UNIT_ASSIGNED_CONTEXT ( ( #1145, #685, #3666 ) ) REPRESENTATION_CONTEXT ( 'NONE', 'WORKASPACE' ) );
#1644 = CARTESIAN_POINT ( 'NONE',  ( 0.7174695751538135990, -0.08025157153844877933, 0.2799999999999999711 ) ) ;
#1645 = LINE ( 'NONE', #1165, #1554 ) ;
#1646 = PRESENTATION_LAYER_ASSIGNMENT (  '', '', ( #2719 ) ) ;
#1647 = CARTESIAN_POINT ( 'NONE',  ( 1.100000000000002087, -0.5000000000000002220, 0.2599999999999922928 ) ) ;
#1648 =( NAMED_UNIT ( * ) SI_UNIT ( $, .STERADIAN. ) SOLID_ANGLE_UNIT ( ) );
#1649 = ADVANCED_FACE ( 'NONE', ( #1199 ), #772, .T. ) ;
#1650 = PLANE ( 'NONE',  #3488 ) ;
#1651 = VECTOR ( 'NONE', #4752, 1000.000000000000000 ) ;
#1652 = EDGE_LOOP ( 'NONE', ( #3316, #4814, #4025, #4854 ) ) ;
#1653 = VECTOR ( 'NONE', #3755, 1000.000000000000000 ) ;
#1654 = STYLED_ITEM ( 'NONE', ( #4634 ), #4306 ) ;
#1655 = CARTESIAN_POINT ( 'NONE',  ( 1.100000000000002087, -0.1385744931852173067, 0.2799999999999999711 ) ) ;
#1656 = CARTESIAN_POINT ( 'NONE',  ( 0.7249999999999999778, 1.000000000000000000, 0.8400000000000000799 ) ) ;
#1657 = CYLINDRICAL_SURFACE ( 'NONE', #3894, 0.2500000000000000000 ) ;
#1658 = CARTESIAN_POINT ( 'NONE',  ( 0.000000000000000000, 0.5569292977732096528, 0.2799999999999999711 ) ) ;
#1659 = PRESENTATION_LAYER_ASSIGNMENT (  '', '', ( #4432 ) ) ;
#1660 = SURFACE_STYLE_FILL_AREA ( #4578 ) ;
#1661 = ORIENTED_EDGE ( 'NONE', *, *, #2359, .F. ) ;
#1662 = SURFACE_SIDE_STYLE ('',( #3005 ) ) ;
#1663 = CARTESIAN_POINT ( 'NONE',  ( 0.8230581300528493349, 0.2641109509742675665, 0.2599999999999999534 ) ) ;
#1664 = DIRECTION ( 'NONE',  ( 6.982962677686268288E-15, -0.000000000000000000, 1.000000000000000000 ) ) ;
#1665 = ORIENTED_EDGE ( 'NONE', *, *, #1582, .F. ) ;
#1666 = VERTEX_POINT ( 'NONE', #2189 ) ;
#1667 = EDGE_CURVE ( 'NONE', #1435, #4988, #3389, .T. ) ;
#1668 = PLANE ( 'NONE',  #541 ) ;
#1669 = LINE ( 'NONE', #5102, #992 ) ;
#1670 = CARTESIAN_POINT ( 'NONE',  ( -0.4000000000000004663, -0.8999999999999998002, 2.791820594150173918E-15 ) ) ;
#1671 = EDGE_CURVE ( 'NONE', #2288, #3276, #3883, .T. ) ;
#1672 = EDGE_LOOP ( 'NONE', ( #5179, #4393, #5354, #3650 ) ) ;
#1673 = DIRECTION ( 'NONE',  ( 1.000000000000000000, 0.000000000000000000, 0.000000000000000000 ) ) ;
#1674 = ADVANCED_FACE ( 'NONE', ( #3851 ), #5531, .T. ) ;
#1675 = SURFACE_SIDE_STYLE ('',( #3711 ) ) ;
#1676 = LINE ( 'NONE', #5498, #1840 ) ;
#1677 =( NAMED_UNIT ( * ) PLANE_ANGLE_UNIT ( ) SI_UNIT ( $, .RADIAN. ) );
#1678 = ORIENTED_EDGE ( 'NONE', *, *, #3233, .F. ) ;
#1679 = CIRCLE ( 'NONE', #424, 0.2500000000000000000 ) ;
#1680 = LINE ( 'NONE', #5119, #215 ) ;
#1681 = DIRECTION ( 'NONE',  ( -0.000000000000000000, -0.000000000000000000, -1.000000000000000000 ) ) ;
#1682 = MECHANICAL_DESIGN_GEOMETRIC_PRESENTATION_REPRESENTATION (  '', ( #1048 ), #2226 ) ;
#1683 = CARTESIAN_POINT ( 'NONE',  ( -1.099999999999998090, 0.4999999999999997780, 0.2599999999999999534 ) ) ;
#1684 = PRESENTATION_LAYER_ASSIGNMENT (  '', '', ( #2576 ) ) ;
#1685 = VERTEX_POINT ( 'NONE', #1656 ) ;
#1686 = VECTOR ( 'NONE', #459, 1000.000000000000000 ) ;
#1687 = FILL_AREA_STYLE_COLOUR ( '', #3817 ) ;
#1688 = VECTOR ( 'NONE', #382, 1000.000000000000000 ) ;
#1689 = AXIS2_PLACEMENT_3D ( 'NONE', #4582, #721, #589 ) ;
#1690 = PRESENTATION_STYLE_ASSIGNMENT (( #3455 ) ) ;
#1691 = COLOUR_RGB ( '',0.000000000000000000, 0.000000000000000000, 0.000000000000000000 ) ;
#1692 = ORIENTED_EDGE ( 'NONE', *, *, #917, .F. ) ;
#1693 = STYLED_ITEM ( 'NONE', ( #5085 ), #3591 ) ;
#1694 = PRESENTATION_STYLE_ASSIGNMENT (( #2959 ) ) ;
#1695 = DIRECTION ( 'NONE',  ( 1.000000000000000000, 0.000000000000000000, -6.982962677686266711E-15 ) ) ;
#1696 = CARTESIAN_POINT ( 'NONE',  ( -1.006701427160784346E-16, -0.2000000000000000389, 0.000000000000000000 ) ) ;
#1697 = FILL_AREA_STYLE ('',( #5075 ) ) ;
#1698 = COLOUR_RGB ( '',0.8509803921568627194, 0.8509803921568627194, 0.8509803921568627194 ) ;
#1699 = ORIENTED_EDGE ( 'NONE', *, *, #59, .F. ) ;
#1700 = SURFACE_SIDE_STYLE ('',( #14 ) ) ;
#1701 =( NAMED_UNIT ( * ) SI_UNIT ( $, .STERADIAN. ) SOLID_ANGLE_UNIT ( ) );
#1702 = CARTESIAN_POINT ( 'NONE',  ( -0.7249999999999999778, -1.000000000000000000, 0.8400000000000000799 ) ) ;
#1703 = CARTESIAN_POINT ( 'NONE',  ( -1.099999999999999867, 1.000000000000000000, 0.02000000000000768177 ) ) ;
#1704 = FILL_AREA_STYLE ('',( #3796 ) ) ;
#1705 = EDGE_CURVE ( 'NONE', #3159, #405, #5147, .T. ) ;
#1706 = ORIENTED_EDGE ( 'NONE', *, *, #245, .F. ) ;
#1707 = EDGE_CURVE ( 'NONE', #4440, #3383, #3361, .T. ) ;
#1708 = LINE ( 'NONE', #3334, #4226 ) ;
#1709 = CARTESIAN_POINT ( 'NONE',  ( -0.4135483952989442713, -0.3593805362314128615, 0.2810000000000000275 ) ) ;
#1710 = UNCERTAINTY_MEASURE_WITH_UNIT (LENGTH_MEASURE( 1.000000000000000082E-05 ), #884, 'distance_accuracy_value', 'NONE');
#1711 = SURFACE_STYLE_USAGE ( .BOTH. , #3476 ) ;
#1712 = ORIENTED_EDGE ( 'NONE', *, *, #1152, .F. ) ;
#1713 = AXIS2_PLACEMENT_3D ( 'NONE', #1042, #3196, #2346 ) ;
#1714 = SURFACE_STYLE_FILL_AREA ( #2924 ) ;
#1715 = DIRECTION ( 'NONE',  ( -0.000000000000000000, -0.000000000000000000, -1.000000000000000000 ) ) ;
#1716 = ADVANCED_FACE ( 'NONE', ( #2520 ), #3912, .T. ) ;
#1717 =( NAMED_UNIT ( * ) PLANE_ANGLE_UNIT ( ) SI_UNIT ( $, .RADIAN. ) );
#1718 = PRESENTATION_LAYER_ASSIGNMENT (  '', '', ( #4127 ) ) ;
#1719 = SURFACE_SIDE_STYLE ('',( #2251 ) ) ;
#1720 = ORIENTED_EDGE ( 'NONE', *, *, #4696, .T. ) ;
#1721 = ORIENTED_EDGE ( 'NONE', *, *, #5116, .F. ) ;
#1722 = MECHANICAL_DESIGN_GEOMETRIC_PRESENTATION_REPRESENTATION (  '', ( #290 ), #3854 ) ;
#1723 = CARTESIAN_POINT ( 'NONE',  ( 0.3124155170610076193, -0.05709504976923729380, 0.2799999999999999711 ) ) ;
#1724 =( NAMED_UNIT ( * ) PLANE_ANGLE_UNIT ( ) SI_UNIT ( $, .RADIAN. ) );
#1725 = PRESENTATION_STYLE_ASSIGNMENT (( #3811 ) ) ;
#1726 =( NAMED_UNIT ( * ) PLANE_ANGLE_UNIT ( ) SI_UNIT ( $, .RADIAN. ) );
#1727 =( GEOMETRIC_REPRESENTATION_CONTEXT ( 3 ) GLOBAL_UNCERTAINTY_ASSIGNED_CONTEXT ( ( #1998 ) ) GLOBAL_UNIT_ASSIGNED_CONTEXT ( ( #4991, #1932, #3627 ) ) REPRESENTATION_CONTEXT ( 'NONE', 'WORKASPACE' ) );
#1728 = ORIENTED_EDGE ( 'NONE', *, *, #4696, .F. ) ;
#1729 = CARTESIAN_POINT ( 'NONE',  ( 1.100000000000000311, 0.9000000000000000222, -7.680894765701995475E-15 ) ) ;
#1730 = ORIENTED_EDGE ( 'NONE', *, *, #497, .T. ) ;
#1731 =( LENGTH_UNIT ( ) NAMED_UNIT ( * ) SI_UNIT ( .MILLI., .METRE. ) );
#1732 = LINE ( 'NONE', #2539, #4414 ) ;
#1733 = DIRECTION ( 'NONE',  ( 0.000000000000000000, -0.000000000000000000, -1.000000000000000000 ) ) ;
#1734 = COLOUR_RGB ( '',1.000000000000000000, 1.000000000000000000, 1.000000000000000000 ) ;
#1735 = VECTOR ( 'NONE', #2331, 1000.000000000000000 ) ;
#1736 = ORIENTED_EDGE ( 'NONE', *, *, #500, .T. ) ;
#1737 = STYLED_ITEM ( 'NONE', ( #2643 ), #4764 ) ;
#1738 = UNCERTAINTY_MEASURE_WITH_UNIT (LENGTH_MEASURE( 1.000000000000000082E-05 ), #785, 'distance_accuracy_value', 'NONE');
#1739 = FILL_AREA_STYLE_COLOUR ( '', #922 ) ;
#1740 = SURFACE_SIDE_STYLE ('',( #1224 ) ) ;
#1741 = DIRECTION ( 'NONE',  ( -1.934130707221178351E-16, 1.000000000000000000, 0.000000000000000000 ) ) ;
#1742 = EDGE_CURVE ( 'NONE', #620, #2038, #5268, .T. ) ;
#1743 = EDGE_CURVE ( 'NONE', #5363, #3248, #4994, .T. ) ;
#1744 = MECHANICAL_DESIGN_GEOMETRIC_PRESENTATION_REPRESENTATION (  '', ( #2017 ), #3536 ) ;
#1745 = CARTESIAN_POINT ( 'NONE',  ( -4.913710284933536052E-18, -0.2065665198382720669, 0.2599999999999999534 ) ) ;
#1746 = EDGE_LOOP ( 'NONE', ( #1884, #5315, #3930, #1430 ) ) ;
#1747 = EDGE_CURVE ( 'NONE', #5521, #3449, #4026, .T. ) ;
#1748 =( GEOMETRIC_REPRESENTATION_CONTEXT ( 3 ) GLOBAL_UNCERTAINTY_ASSIGNED_CONTEXT ( ( #3898 ) ) GLOBAL_UNIT_ASSIGNED_CONTEXT ( ( #3289, #336, #5055 ) ) REPRESENTATION_CONTEXT ( 'NONE', 'WORKASPACE' ) );
#1749 = FACE_OUTER_BOUND ( 'NONE', #2228, .T. ) ;
#1750 = FILL_AREA_STYLE_COLOUR ( '', #1970 ) ;
#1751 =( NAMED_UNIT ( * ) PLANE_ANGLE_UNIT ( ) SI_UNIT ( $, .RADIAN. ) );
#1752 =( GEOMETRIC_REPRESENTATION_CONTEXT ( 3 ) GLOBAL_UNCERTAINTY_ASSIGNED_CONTEXT ( ( #3542 ) ) GLOBAL_UNIT_ASSIGNED_CONTEXT ( ( #1873, #4788, #2754 ) ) REPRESENTATION_CONTEXT ( 'NONE', 'WORKASPACE' ) );
#1753 = FILL_AREA_STYLE ('',( #425 ) ) ;
#1754 = DIRECTION ( 'NONE',  ( -1.000000000000000000, 0.000000000000000000, 0.000000000000000000 ) ) ;
#1755 = VERTEX_POINT ( 'NONE', #4802 ) ;
#1756 = ORIENTED_EDGE ( 'NONE', *, *, #3882, .F. ) ;
#1757 =( GEOMETRIC_REPRESENTATION_CONTEXT ( 3 ) GLOBAL_UNCERTAINTY_ASSIGNED_CONTEXT ( ( #1868 ) ) GLOBAL_UNIT_ASSIGNED_CONTEXT ( ( #5406, #5434, #3699 ) ) REPRESENTATION_CONTEXT ( 'NONE', 'WORKASPACE' ) );
#1758 = EDGE_CURVE ( 'NONE', #4791, #2953, #555, .T. ) ;
#1759 = FILL_AREA_STYLE ('',( #4787 ) ) ;
#1760 = LINE ( 'NONE', #1851, #1192 ) ;
#1761 =( GEOMETRIC_REPRESENTATION_CONTEXT ( 3 ) GLOBAL_UNCERTAINTY_ASSIGNED_CONTEXT ( ( #567 ) ) GLOBAL_UNIT_ASSIGNED_CONTEXT ( ( #3336, #4223, #2081 ) ) REPRESENTATION_CONTEXT ( 'NONE', 'WORKASPACE' ) );
#1762 = VECTOR ( 'NONE', #2869, 1000.000000000000000 ) ;
#1763 = UNCERTAINTY_MEASURE_WITH_UNIT (LENGTH_MEASURE( 1.000000000000000082E-05 ), #5104, 'distance_accuracy_value', 'NONE');
#1764 = ORIENTED_EDGE ( 'NONE', *, *, #1320, .T. ) ;
#1765 = DIRECTION ( 'NONE',  ( 0.000000000000000000, -0.000000000000000000, 1.000000000000000000 ) ) ;
#1766 = ORIENTED_EDGE ( 'NONE', *, *, #1119, .T. ) ;
#1767 = UNCERTAINTY_MEASURE_WITH_UNIT (LENGTH_MEASURE( 1.000000000000000082E-05 ), #1622, 'distance_accuracy_value', 'NONE');
#1768 = PRESENTATION_STYLE_ASSIGNMENT (( #518 ) ) ;
#1769 = CARTESIAN_POINT ( 'NONE',  ( 0.7376531201253040404, 0.5519215185516125333, 0.2799999999999999711 ) ) ;
#1770 =( LENGTH_UNIT ( ) NAMED_UNIT ( * ) SI_UNIT ( .MILLI., .METRE. ) );
#1771 = DIRECTION ( 'NONE',  ( -0.000000000000000000, 0.000000000000000000, -1.000000000000000000 ) ) ;
#1772 = DIRECTION ( 'NONE',  ( -1.000000000000000000, 4.646580739223591981E-16, 6.982962677686268288E-15 ) ) ;
#1773 = VERTEX_POINT ( 'NONE', #3047 ) ;
#1774 =( NAMED_UNIT ( * ) PLANE_ANGLE_UNIT ( ) SI_UNIT ( $, .RADIAN. ) );
#1775 =( NAMED_UNIT ( * ) PLANE_ANGLE_UNIT ( ) SI_UNIT ( $, .RADIAN. ) );
#1776 =( NAMED_UNIT ( * ) PLANE_ANGLE_UNIT ( ) SI_UNIT ( $, .RADIAN. ) );
#1777 = CARTESIAN_POINT ( 'NONE',  ( 0.7249999999999999778, -1.000000000000000000, 0.2599999999999999534 ) ) ;
#1778 = CARTESIAN_POINT ( 'NONE',  ( -0.000000000000000000, 0.3080817958270101187, 0.2599999999999999534 ) ) ;
#1779 = VERTEX_POINT ( 'NONE', #4772 ) ;
#1780 = ADVANCED_FACE ( 'NONE', ( #193 ), #498, .T. ) ;
#1781 = PLANE ( 'NONE',  #168 ) ;
#1782 = DIRECTION ( 'NONE',  ( 1.000000000000000000, 0.000000000000000000, -6.982962677686268288E-15 ) ) ;
#1783 =( GEOMETRIC_REPRESENTATION_CONTEXT ( 3 ) GLOBAL_UNCERTAINTY_ASSIGNED_CONTEXT ( ( #4397 ) ) GLOBAL_UNIT_ASSIGNED_CONTEXT ( ( #1556, #704, #3729 ) ) REPRESENTATION_CONTEXT ( 'NONE', 'WORKASPACE' ) );
#1784 =( LENGTH_UNIT ( ) NAMED_UNIT ( * ) SI_UNIT ( .MILLI., .METRE. ) );
#1785 = UNCERTAINTY_MEASURE_WITH_UNIT (LENGTH_MEASURE( 1.000000000000000082E-05 ), #1946, 'distance_accuracy_value', 'NONE');
#1786 = AXIS2_PLACEMENT_3D ( 'NONE', #1186, #2961, #2878 ) ;
#1787 = EDGE_CURVE ( 'NONE', #5292, #2929, #2407, .T. ) ;
#1788 = FILL_AREA_STYLE ('',( #4757 ) ) ;
#1789 = STYLED_ITEM ( 'NONE', ( #3263 ), #2355 ) ;
#1790 = ORIENTED_EDGE ( 'NONE', *, *, #734, .F. ) ;
#1791 = VERTEX_POINT ( 'NONE', #3082 ) ;
#1792 = VERTEX_POINT ( 'NONE', #4571 ) ;
#1793 = MECHANICAL_DESIGN_GEOMETRIC_PRESENTATION_REPRESENTATION (  '', ( #4182 ), #968 ) ;
#1794 = DIRECTION ( 'NONE',  ( -8.673617379884039416E-16, -1.000000000000000000, 0.000000000000000000 ) ) ;
#1795 = DIRECTION ( 'NONE',  ( -0.000000000000000000, -0.000000000000000000, -1.000000000000000000 ) ) ;
#1796 = MECHANICAL_DESIGN_GEOMETRIC_PRESENTATION_REPRESENTATION (  '', ( #347 ), #3220 ) ;
#1797 = CARTESIAN_POINT ( 'NONE',  ( 0.6360270068922002640, 0.1776407652747671595, 0.2599999999999999534 ) ) ;
#1798 = STYLED_ITEM ( 'NONE', ( #1631 ), #1329 ) ;
#1799 = ORIENTED_EDGE ( 'NONE', *, *, #3646, .T. ) ;
#1800 = AXIS2_PLACEMENT_3D ( 'NONE', #2077, #5526, #4251 ) ;
#1801 = ORIENTED_EDGE ( 'NONE', *, *, #769, .T. ) ;
#1802 =( LENGTH_UNIT ( ) NAMED_UNIT ( * ) SI_UNIT ( .MILLI., .METRE. ) );
#1803 = FILL_AREA_STYLE ('',( #4741 ) ) ;
#1804 = DIRECTION ( 'NONE',  ( 1.000000000000000000, -3.097720492815727166E-16, -6.983251342707903681E-15 ) ) ;
#1805 = LINE ( 'NONE', #1336, #3982 ) ;
#1806 = STYLED_ITEM ( 'NONE', ( #4310 ), #3715 ) ;
#1807 = ORIENTED_EDGE ( 'NONE', *, *, #3255, .F. ) ;
#1808 = DIRECTION ( 'NONE',  ( -0.000000000000000000, -0.000000000000000000, -1.000000000000000000 ) ) ;
#1809 = DIRECTION ( 'NONE',  ( 1.000000000000000000, 0.000000000000000000, 0.000000000000000000 ) ) ;
#1810 =( NAMED_UNIT ( * ) PLANE_ANGLE_UNIT ( ) SI_UNIT ( $, .RADIAN. ) );
#1811 = CARTESIAN_POINT ( 'NONE',  ( -1.099999999999998979, -0.2499999999999999445, 0.2600000000000076694 ) ) ;
#1812 = VECTOR ( 'NONE', #1404, 1000.000000000000000 ) ;
#1813 = CARTESIAN_POINT ( 'NONE',  ( -1.099999999999998535, -0.8614255068147822492, 0.2799999999999999711 ) ) ;
#1814 = ORIENTED_EDGE ( 'NONE', *, *, #330, .F. ) ;
#1815 = VECTOR ( 'NONE', #671, 1000.000000000000000 ) ;
#1816 = FACE_OUTER_BOUND ( 'NONE', #4183, .T. ) ;
#1817 = DIRECTION ( 'NONE',  ( 1.000000000000000000, -3.469446951953614583E-15, 0.000000000000000000 ) ) ;
#1818 = VECTOR ( 'NONE', #903, 1000.000000000000000 ) ;
#1819 = ORIENTED_EDGE ( 'NONE', *, *, #4455, .T. ) ;
#1820 = EDGE_LOOP ( 'NONE', ( #3104, #3470, #3068, #4030, #4439, #2908, #5092 ) ) ;
#1821 = SURFACE_STYLE_USAGE ( .BOTH. , #572 ) ;
#1822 = CARTESIAN_POINT ( 'NONE',  ( -0.6766918921026191525, -0.5541450885699468198, 0.2599999999999999534 ) ) ;
#1823 = MECHANICAL_DESIGN_GEOMETRIC_PRESENTATION_REPRESENTATION (  '', ( #1264 ), #3158 ) ;
#1824 = FILL_AREA_STYLE_COLOUR ( '', #777 ) ;
#1825 = ADVANCED_FACE ( 'NONE', ( #4482 ), #1995, .F. ) ;
#1826 = ORIENTED_EDGE ( 'NONE', *, *, #3116, .F. ) ;
#1827 = EDGE_LOOP ( 'NONE', ( #3619, #3365, #3094, #5404 ) ) ;
#1828 = SURFACE_STYLE_FILL_AREA ( #107 ) ;
#1829 = UNCERTAINTY_MEASURE_WITH_UNIT (LENGTH_MEASURE( 1.000000000000000082E-05 ), #4581, 'distance_accuracy_value', 'NONE');
#1830 = DIRECTION ( 'NONE',  ( 1.000000000000000000, 0.000000000000000000, 0.000000000000000000 ) ) ;
#1831 = EDGE_LOOP ( 'NONE', ( #3396, #3228, #1385, #1387 ) ) ;
#1832 = EDGE_CURVE ( 'NONE', #3120, #1847, #4513, .T. ) ;
#1833 = DIRECTION ( 'NONE',  ( 6.982962677686265922E-15, 0.000000000000000000, 1.000000000000000000 ) ) ;
#1834 = VECTOR ( 'NONE', #1251, 1000.000000000000000 ) ;
#1835 =( NAMED_UNIT ( * ) SI_UNIT ( $, .STERADIAN. ) SOLID_ANGLE_UNIT ( ) );
#1836 = FACE_OUTER_BOUND ( 'NONE', #410, .T. ) ;
#1837 = UNCERTAINTY_MEASURE_WITH_UNIT (LENGTH_MEASURE( 1.000000000000000082E-05 ), #1888, 'distance_accuracy_value', 'NONE');
#1838 = CIRCLE ( 'NONE', #1641, 0.2500000000000000000 ) ;
#1839 = CARTESIAN_POINT ( 'NONE',  ( -0.6766918921026191525, -0.5541450885699468198, 0.2799999999999999711 ) ) ;
#1840 = VECTOR ( 'NONE', #2938, 1000.000000000000000 ) ;
#1841 = CARTESIAN_POINT ( 'NONE',  ( 0.6534767642029393198, -0.1570950497692372438, 0.2799999999999999711 ) ) ;
#1842 = DIRECTION ( 'NONE',  ( 0.000000000000000000, -1.000000000000000000, 0.000000000000000000 ) ) ;
#1843 = SURFACE_SIDE_STYLE ('',( #4381 ) ) ;
#1844 = CARTESIAN_POINT ( 'NONE',  ( 5.773300432731590829E-21, 0.9000000000000000222, 0.000000000000000000 ) ) ;
#1845 = EDGE_LOOP ( 'NONE', ( #1497, #2148, #1092, #314 ) ) ;
#1846 = VECTOR ( 'NONE', #4863, 1000.000000000000000 ) ;
#1847 = VERTEX_POINT ( 'NONE', #4508 ) ;
#1848 = STYLED_ITEM ( 'NONE', ( #5025 ), #5485 ) ;
#1849 = CARTESIAN_POINT ( 'NONE',  ( -0.3095939579225142069, -0.3593805362314128615, 0.2599999999999999534 ) ) ;
#1850 = FILL_AREA_STYLE ('',( #4900 ) ) ;
#1851 = CARTESIAN_POINT ( 'NONE',  ( -2.787890710529827380E-16, -0.9000000000000001332, 0.000000000000000000 ) ) ;
#1852 = COLOUR_RGB ( '',0.8509803921568627194, 0.8509803921568627194, 0.8509803921568627194 ) ;
#1853 = VERTEX_POINT ( 'NONE', #1564 ) ;
#1854 = ORIENTED_EDGE ( 'NONE', *, *, #1636, .F. ) ;
#1855 = EDGE_CURVE ( 'NONE', #3159, #4586, #1537, .T. ) ;
#1856 = AXIS2_PLACEMENT_3D ( 'NONE', #4576, #1915, #2002 ) ;
#1857 = FILL_AREA_STYLE_COLOUR ( '', #2684 ) ;
#1858 = DIRECTION ( 'NONE',  ( 0.000000000000000000, -1.000000000000000000, 0.000000000000000000 ) ) ;
#1859 = ORIENTED_EDGE ( 'NONE', *, *, #3886, .F. ) ;
#1860 = EDGE_CURVE ( 'NONE', #3904, #3210, #4915, .T. ) ;
#1861 = MECHANICAL_DESIGN_GEOMETRIC_PRESENTATION_REPRESENTATION (  '', ( #4256 ), #4709 ) ;
#1862 =( LENGTH_UNIT ( ) NAMED_UNIT ( * ) SI_UNIT ( .MILLI., .METRE. ) );
#1863 = SURFACE_SIDE_STYLE ('',( #2217 ) ) ;
#1864 = SURFACE_STYLE_FILL_AREA ( #2688 ) ;
#1865 = DIRECTION ( 'NONE',  ( 1.000000000000000000, 0.000000000000000000, -0.000000000000000000 ) ) ;
#1866 = DIRECTION ( 'NONE',  ( -0.000000000000000000, -0.000000000000000000, -1.000000000000000000 ) ) ;
#1867 = LINE ( 'NONE', #5278, #1812 ) ;
#1868 = UNCERTAINTY_MEASURE_WITH_UNIT (LENGTH_MEASURE( 1.000000000000000082E-05 ), #5406, 'distance_accuracy_value', 'NONE');
#1869 = ORIENTED_EDGE ( 'NONE', *, *, #1919, .T. ) ;
#1870 = CIRCLE ( 'NONE', #863, 0.2500000000000000000 ) ;
#1871 = CARTESIAN_POINT ( 'NONE',  ( -0.6957328749551370262, 0.6914393411476200679, 0.2599999999999999534 ) ) ;
#1872 = MECHANICAL_DESIGN_GEOMETRIC_PRESENTATION_REPRESENTATION (  '', ( #2848 ), #1408 ) ;
#1873 =( LENGTH_UNIT ( ) NAMED_UNIT ( * ) SI_UNIT ( .MILLI., .METRE. ) );
#1874 = DIRECTION ( 'NONE',  ( -0.000000000000000000, -0.000000000000000000, -1.000000000000000000 ) ) ;
#1875 = AXIS2_PLACEMENT_3D ( 'NONE', #4754, #1865, #1002 ) ;
#1876 = ORIENTED_EDGE ( 'NONE', *, *, #661, .F. ) ;
#1877 = ORIENTED_EDGE ( 'NONE', *, *, #5314, .F. ) ;
#1878 = STYLED_ITEM ( 'NONE', ( #904 ), #3999 ) ;
#1879 = PLANE ( 'NONE',  #687 ) ;
#1880 = CARTESIAN_POINT ( 'NONE',  ( 0.3999999999999999667, 0.2000000000000000111, -2.791820594150173918E-15 ) ) ;
#1881 = SHAPE_DEFINITION_REPRESENTATION ( #1214, #1345 ) ;
#1882 = DIRECTION ( 'NONE',  ( 1.000000000000000000, 0.000000000000000000, 0.000000000000000000 ) ) ;
#1883 =( GEOMETRIC_REPRESENTATION_CONTEXT ( 3 ) GLOBAL_UNCERTAINTY_ASSIGNED_CONTEXT ( ( #3392 ) ) GLOBAL_UNIT_ASSIGNED_CONTEXT ( ( #678, #278, #2858 ) ) REPRESENTATION_CONTEXT ( 'NONE', 'WORKASPACE' ) );
#1884 = ORIENTED_EDGE ( 'NONE', *, *, #3413, .T. ) ;
#1885 = STYLED_ITEM ( 'NONE', ( #1907 ), #3538 ) ;
#1886 =( NAMED_UNIT ( * ) SI_UNIT ( $, .STERADIAN. ) SOLID_ANGLE_UNIT ( ) );
#1887 = SURFACE_STYLE_USAGE ( .BOTH. , #3173 ) ;
#1888 =( LENGTH_UNIT ( ) NAMED_UNIT ( * ) SI_UNIT ( .MILLI., .METRE. ) );
#1889 = EDGE_CURVE ( 'NONE', #2879, #3067, #1965, .T. ) ;
#1890 = AXIS2_PLACEMENT_3D ( 'NONE', #1104, #5417, #2821 ) ;
#1891 = ORIENTED_EDGE ( 'NONE', *, *, #4313, .F. ) ;
#1892 = PRESENTATION_STYLE_ASSIGNMENT (( #3124 ) ) ;
#1893 = EDGE_CURVE ( 'NONE', #642, #4212, #3037, .T. ) ;
#1894 = ADVANCED_FACE ( 'NONE', ( #2772 ), #1938, .F. ) ;
#1895 = SURFACE_STYLE_USAGE ( .BOTH. , #182 ) ;
#1896 = VERTEX_POINT ( 'NONE', #3202 ) ;
#1897 = ORIENTED_EDGE ( 'NONE', *, *, #1893, .F. ) ;
#1898 = CARTESIAN_POINT ( 'NONE',  ( 0.7376531201253040404, 0.5519215185516125333, 0.2599999999999999534 ) ) ;
#1899 = EDGE_CURVE ( 'NONE', #4793, #4324, #5357, .T. ) ;
#1900 = VERTEX_POINT ( 'NONE', #1138 ) ;
#1901 = VERTEX_POINT ( 'NONE', #1509 ) ;
#1902 = AXIS2_PLACEMENT_3D ( 'NONE', #5414, #1528, #3246 ) ;
#1903 = CARTESIAN_POINT ( 'NONE',  ( -0.1178234831815653944, -0.3593805362314128615, 0.2810000000000000275 ) ) ;
#1904 = FILL_AREA_STYLE_COLOUR ( '', #2800 ) ;
#1905 = ORIENTED_EDGE ( 'NONE', *, *, #949, .T. ) ;
#1906 =( GEOMETRIC_REPRESENTATION_CONTEXT ( 3 ) GLOBAL_UNCERTAINTY_ASSIGNED_CONTEXT ( ( #1710 ) ) GLOBAL_UNIT_ASSIGNED_CONTEXT ( ( #884, #1677, #1648 ) ) REPRESENTATION_CONTEXT ( 'NONE', 'WORKASPACE' ) );
#1907 = PRESENTATION_STYLE_ASSIGNMENT (( #2797 ) ) ;
#1908 = LINE ( 'NONE', #5392, #2183 ) ;
#1909 =( GEOMETRIC_REPRESENTATION_CONTEXT ( 3 ) GLOBAL_UNCERTAINTY_ASSIGNED_CONTEXT ( ( #681 ) ) GLOBAL_UNIT_ASSIGNED_CONTEXT ( ( #399, #3399, #5128 ) ) REPRESENTATION_CONTEXT ( 'NONE', 'WORKASPACE' ) );
#1910 = EDGE_CURVE ( 'NONE', #851, #3821, #4595, .T. ) ;
#1911 = ORIENTED_EDGE ( 'NONE', *, *, #4589, .F. ) ;
#1912 =( LENGTH_UNIT ( ) NAMED_UNIT ( * ) SI_UNIT ( .MILLI., .METRE. ) );
#1913 = ADVANCED_FACE ( 'NONE', ( #3713 ), #5475, .F. ) ;
#1914 = FACE_OUTER_BOUND ( 'NONE', #2825, .T. ) ;
#1915 = DIRECTION ( 'NONE',  ( -0.000000000000000000, 0.000000000000000000, 1.000000000000000000 ) ) ;
#1916 = EDGE_CURVE ( 'NONE', #2238, #860, #854, .T. ) ;
#1917 = FILL_AREA_STYLE_COLOUR ( '', #4151 ) ;
#1918 = AXIS2_PLACEMENT_3D ( 'NONE', #3718, #4170, #4631 ) ;
#1919 = EDGE_CURVE ( 'NONE', #3891, #1853, #1732, .T. ) ;
#1920 = ORIENTED_EDGE ( 'NONE', *, *, #95, .F. ) ;
#1921 =( GEOMETRIC_REPRESENTATION_CONTEXT ( 3 ) GLOBAL_UNCERTAINTY_ASSIGNED_CONTEXT ( ( #1300 ) ) GLOBAL_UNIT_ASSIGNED_CONTEXT ( ( #11, #3935, #2677 ) ) REPRESENTATION_CONTEXT ( 'NONE', 'WORKASPACE' ) );
#1922 = PRESENTATION_STYLE_ASSIGNMENT (( #5373 ) ) ;
#1923 = SURFACE_STYLE_FILL_AREA ( #2698 ) ;
#1924 = PRESENTATION_STYLE_ASSIGNMENT (( #4957 ) ) ;
#1925 =( NAMED_UNIT ( * ) SI_UNIT ( $, .STERADIAN. ) SOLID_ANGLE_UNIT ( ) );
#1926 = VECTOR ( 'NONE', #5035, 1000.000000000000000 ) ;
#1927 = EDGE_LOOP ( 'NONE', ( #160, #4407, #4497, #923 ) ) ;
#1928 = VERTEX_POINT ( 'NONE', #5554 ) ;
#1929 = UNCERTAINTY_MEASURE_WITH_UNIT (LENGTH_MEASURE( 1.000000000000000082E-05 ), #469, 'distance_accuracy_value', 'NONE');
#1930 =( GEOMETRIC_REPRESENTATION_CONTEXT ( 3 ) GLOBAL_UNCERTAINTY_ASSIGNED_CONTEXT ( ( #4353 ) ) GLOBAL_UNIT_ASSIGNED_CONTEXT ( ( #4603, #2109, #3391 ) ) REPRESENTATION_CONTEXT ( 'NONE', 'WORKASPACE' ) );
#1931 = FACE_OUTER_BOUND ( 'NONE', #457, .T. ) ;
#1932 =( NAMED_UNIT ( * ) PLANE_ANGLE_UNIT ( ) SI_UNIT ( $, .RADIAN. ) );
#1933 = FILL_AREA_STYLE ('',( #4881 ) ) ;
#1934 = AXIS2_PLACEMENT_3D ( 'NONE', #1125, #3, #398 ) ;
#1935 = ORIENTED_EDGE ( 'NONE', *, *, #4725, .T. ) ;
#1936 = STYLED_ITEM ( 'NONE', ( #5090 ), #5148 ) ;
#1937 = FACE_OUTER_BOUND ( 'NONE', #3058, .T. ) ;
#1938 = PLANE ( 'NONE',  #3733 ) ;
#1939 = DIRECTION ( 'NONE',  ( -1.000000000000000000, 0.000000000000000000, 0.000000000000000000 ) ) ;
#1940 = CARTESIAN_POINT ( 'NONE',  ( -1.099999999999998090, -1.000000000000000000, 0.2600000000000076694 ) ) ;
#1941 = STYLED_ITEM ( 'NONE', ( #472 ), #369 ) ;
#1942 = ORIENTED_EDGE ( 'NONE', *, *, #4088, .T. ) ;
#1943 = DIRECTION ( 'NONE',  ( 1.000000000000000000, 0.000000000000000000, 0.000000000000000000 ) ) ;
#1944 = DIRECTION ( 'NONE',  ( -0.000000000000000000, -0.000000000000000000, -1.000000000000000000 ) ) ;
#1945 = FILL_AREA_STYLE_COLOUR ( '', #3006 ) ;
#1946 =( LENGTH_UNIT ( ) NAMED_UNIT ( * ) SI_UNIT ( .MILLI., .METRE. ) );
#1947 = SURFACE_STYLE_FILL_AREA ( #4490 ) ;
#1948 = EDGE_CURVE ( 'NONE', #4456, #3950, #4238, .T. ) ;
#1949 = ORIENTED_EDGE ( 'NONE', *, *, #3888, .F. ) ;
#1950 = CARTESIAN_POINT ( 'NONE',  ( -0.4343137556297431701, 0.4509946331943126552, 0.2810000000000000275 ) ) ;
#1951 = CARTESIAN_POINT ( 'NONE',  ( -0.5035437629006764837, -0.05709504976923729380, 0.2799999999999999711 ) ) ;
#1952 = FILL_AREA_STYLE ('',( #4069 ) ) ;
#1953 = SURFACE_STYLE_FILL_AREA ( #2784 ) ;
#1954 = EDGE_CURVE ( 'NONE', #3613, #2985, #1194, .T. ) ;
#1955 = ORIENTED_EDGE ( 'NONE', *, *, #2465, .F. ) ;
#1956 = ORIENTED_EDGE ( 'NONE', *, *, #134, .F. ) ;
#1957 = SURFACE_STYLE_USAGE ( .BOTH. , #1416 ) ;
#1958 = DIRECTION ( 'NONE',  ( 0.000000000000000000, -0.000000000000000000, -1.000000000000000000 ) ) ;
#1959 = VERTEX_POINT ( 'NONE', #4627 ) ;
#1960 = AXIS2_PLACEMENT_3D ( 'NONE', #1383, #3491, #3518 ) ;
#1961 = LINE ( 'NONE', #5474, #3080 ) ;
#1962 = STYLED_ITEM ( 'NONE', ( #1768 ), #2294 ) ;
#1963 = VECTOR ( 'NONE', #5577, 1000.000000000000000 ) ;
#1964 = CARTESIAN_POINT ( 'NONE',  ( 0.3901487617419281406, 0.6855750628389500889, 0.2599999999999999534 ) ) ;
#1965 = LINE ( 'NONE', #3663, #4560 ) ;
#1966 = DIRECTION ( 'NONE',  ( -0.000000000000000000, 1.000000000000000000, -0.000000000000000000 ) ) ;
#1967 = STYLED_ITEM ( 'NONE', ( #2218 ), #3523 ) ;
#1968 = SURFACE_STYLE_FILL_AREA ( #4541 ) ;
#1969 = STYLED_ITEM ( 'NONE', ( #4855 ), #1716 ) ;
#1970 = COLOUR_RGB ( '',0.000000000000000000, 0.000000000000000000, 0.000000000000000000 ) ;
#1971 = PRESENTATION_STYLE_ASSIGNMENT (( #253 ) ) ;
#1972 = STYLED_ITEM ( 'NONE', ( #4192 ), #3648 ) ;
#1973 = PLANE ( 'NONE',  #2822 ) ;
#1974 = CARTESIAN_POINT ( 'NONE',  ( 0.3195831592659477138, 0.4509946331943126552, 0.2810000000000000275 ) ) ;
#1975 = STYLED_ITEM ( 'NONE', ( #4364 ), #5514 ) ;
#1976 = CARTESIAN_POINT ( 'NONE',  ( -0.5740798441076682135, -0.6849774522544942457, 0.2799999999999999711 ) ) ;
#1977 = ORIENTED_EDGE ( 'NONE', *, *, #500, .F. ) ;
#1978 = SURFACE_STYLE_FILL_AREA ( #263 ) ;
#1979 = FACE_OUTER_BOUND ( 'NONE', #844, .T. ) ;
#1980 = CARTESIAN_POINT ( 'NONE',  ( -0.7650295964665725368, -0.2727184512886348111, 0.2599999999999999534 ) ) ;
#1981 = PRESENTATION_STYLE_ASSIGNMENT (( #1097 ) ) ;
#1982 = ORIENTED_EDGE ( 'NONE', *, *, #741, .F. ) ;
#1983 = EDGE_LOOP ( 'NONE', ( #270, #989, #2264, #3513 ) ) ;
#1984 = DIRECTION ( 'NONE',  ( -1.000000000000000000, 0.000000000000000000, 6.983251342707903681E-15 ) ) ;
#1985 = EDGE_CURVE ( 'NONE', #2256, #4753, #464, .T. ) ;
#1986 = FILL_AREA_STYLE ('',( #2398 ) ) ;
#1987 = APPLICATION_PROTOCOL_DEFINITION ( 'draft international standard', 'automotive_design', 1998, #2018 ) ;
#1988 = CARTESIAN_POINT ( 'NONE',  ( -0.9174636228121989534, -0.1880563063957278735, 0.2799999999999999711 ) ) ;
#1989 = ORIENTED_EDGE ( 'NONE', *, *, #5259, .F. ) ;
#1990 = SURFACE_STYLE_USAGE ( .BOTH. , #3948 ) ;
#1991 = CIRCLE ( 'NONE', #2693, 0.2500000000000000000 ) ;
#1992 = ADVANCED_FACE ( 'NONE', ( #823 ), #1246, .T. ) ;
#1993 = LINE ( 'NONE', #3763, #2447 ) ;
#1994 = CARTESIAN_POINT ( 'NONE',  ( 0.000000000000000000, 0.5569292977732096528, 0.2799999999999999711 ) ) ;
#1995 = PLANE ( 'NONE',  #3134 ) ;
#1996 = SURFACE_STYLE_FILL_AREA ( #4113 ) ;
#1997 = VECTOR ( 'NONE', #1166, 1000.000000000000000 ) ;
#1998 = UNCERTAINTY_MEASURE_WITH_UNIT (LENGTH_MEASURE( 1.000000000000000082E-05 ), #4991, 'distance_accuracy_value', 'NONE');
#1999 = DIRECTION ( 'NONE',  ( 6.983251342707903681E-15, -0.000000000000000000, 1.000000000000000000 ) ) ;
#2000 = EDGE_CURVE ( 'NONE', #1791, #3210, #3161, .T. ) ;
#2001 = SURFACE_STYLE_FILL_AREA ( #5327 ) ;
#2002 = DIRECTION ( 'NONE',  ( 1.000000000000000000, 0.000000000000000000, 0.000000000000000000 ) ) ;
#2003 = FILL_AREA_STYLE_COLOUR ( '', #4612 ) ;
#2004 = MECHANICAL_DESIGN_GEOMETRIC_PRESENTATION_REPRESENTATION (  '', ( #2350 ), #2171 ) ;
#2005 =( NAMED_UNIT ( * ) SI_UNIT ( $, .STERADIAN. ) SOLID_ANGLE_UNIT ( ) );
#2006 = ORIENTED_EDGE ( 'NONE', *, *, #1899, .T. ) ;
#2007 =( LENGTH_UNIT ( ) NAMED_UNIT ( * ) SI_UNIT ( .MILLI., .METRE. ) );
#2008 = CARTESIAN_POINT ( 'NONE',  ( -1.099999999999999867, 0.4999999999999997780, 0.02000000000000768177 ) ) ;
#2009 = PRESENTATION_STYLE_ASSIGNMENT (( #1521 ) ) ;
#2010 =( NAMED_UNIT ( * ) PLANE_ANGLE_UNIT ( ) SI_UNIT ( $, .RADIAN. ) );
#2011 = VECTOR ( 'NONE', #878, 1000.000000000000000 ) ;
#2012 = DIRECTION ( 'NONE',  ( 1.000000000000000000, 0.000000000000000000, 0.000000000000000000 ) ) ;
#2013 = ORIENTED_EDGE ( 'NONE', *, *, #1743, .F. ) ;
#2014 = PRESENTATION_LAYER_ASSIGNMENT (  '', '', ( #3695 ) ) ;
#2015 = CARTESIAN_POINT ( 'NONE',  ( -0.6766918921026191525, 0.6855750628389500889, 0.2799999999999999711 ) ) ;
#2016 = DIRECTION ( 'NONE',  ( -0.000000000000000000, 0.000000000000000000, 1.000000000000000000 ) ) ;
#2017 = STYLED_ITEM ( 'NONE', ( #782 ), #4176 ) ;
#2018 = APPLICATION_CONTEXT ( 'automotive_design' ) ;
#2019 = ORIENTED_EDGE ( 'NONE', *, *, #979, .T. ) ;
#2020 =( NAMED_UNIT ( * ) PLANE_ANGLE_UNIT ( ) SI_UNIT ( $, .RADIAN. ) );
#2021 = EDGE_CURVE ( 'NONE', #1040, #4820, #438, .T. ) ;
#2022 = STYLED_ITEM ( 'NONE', ( #2806 ), #4284 ) ;
#2023 = CARTESIAN_POINT ( 'NONE',  ( 1.396592535537253391E-16, 0.000000000000000000, 0.02000000000000000042 ) ) ;
#2024 = CARTESIAN_POINT ( 'NONE',  ( -0.7570035725588107889, 0.6212183713084244996, 0.2799999999999999711 ) ) ;
#2025 = COLOUR_RGB ( '',0.8509803921568627194, 0.8509803921568627194, 0.8509803921568627194 ) ;
#2026 = LINE ( 'NONE', #4628, #3717 ) ;
#2027 = FILL_AREA_STYLE_COLOUR ( '', #1608 ) ;
#2028 = ADVANCED_FACE ( 'NONE', ( #5318 ), #4422, .F. ) ;
#2029 = LINE ( 'NONE', #2408, #5150 ) ;
#2030 = VECTOR ( 'NONE', #1866, 1000.000000000000000 ) ;
#2031 = VECTOR ( 'NONE', #5242, 1000.000000000000000 ) ;
#2032 = PRESENTATION_STYLE_ASSIGNMENT (( #3360 ) ) ;
#2033 = CARTESIAN_POINT ( 'NONE',  ( -0.1178234831815653944, -0.3593805362314128615, 0.2599999999999999534 ) ) ;
#2034 = FILL_AREA_STYLE_COLOUR ( '', #3750 ) ;
#2035 = EDGE_LOOP ( 'NONE', ( #3103, #3697, #269, #4708 ) ) ;
#2036 = FILL_AREA_STYLE ('',( #4983 ) ) ;
#2037 = LINE ( 'NONE', #2895, #5401 ) ;
#2038 = VERTEX_POINT ( 'NONE', #582 ) ;
#2039 = ORIENTED_EDGE ( 'NONE', *, *, #4693, .T. ) ;
#2040 = FILL_AREA_STYLE ('',( #4155 ) ) ;
#2041 = FILL_AREA_STYLE_COLOUR ( '', #2881 ) ;
#2042 = DIRECTION ( 'NONE',  ( 1.000000000000000000, 0.000000000000000000, -0.000000000000000000 ) ) ;
#2043 = ORIENTED_EDGE ( 'NONE', *, *, #2465, .T. ) ;
#2044 = PRESENTATION_STYLE_ASSIGNMENT (( #1303 ) ) ;
#2045 = CARTESIAN_POINT ( 'NONE',  ( -0.6623309004670925315, 0.8637862597461452019, 0.2599999999999998979 ) ) ;
#2046 = AXIS2_PLACEMENT_3D ( 'NONE', #637, #2311, #3515 ) ;
#2047 =( LENGTH_UNIT ( ) NAMED_UNIT ( * ) SI_UNIT ( .MILLI., .METRE. ) );
#2048 = DIRECTION ( 'NONE',  ( -0.000000000000000000, -0.000000000000000000, -1.000000000000000000 ) ) ;
#2049 = ORIENTED_EDGE ( 'NONE', *, *, #504, .F. ) ;
#2050 = COLOUR_RGB ( '',1.000000000000000000, 1.000000000000000000, 1.000000000000000000 ) ;
#2051 = VECTOR ( 'NONE', #4667, 1000.000000000000000 ) ;
#2052 = LINE ( 'NONE', #1655, #1096 ) ;
#2053 = LINE ( 'NONE', #3315, #3192 ) ;
#2054 = DIRECTION ( 'NONE',  ( -0.000000000000000000, -0.000000000000000000, -1.000000000000000000 ) ) ;
#2055 = EDGE_CURVE ( 'NONE', #4737, #1959, #3165, .T. ) ;
#2056 = LINE ( 'NONE', #5429, #5355 ) ;
#2057 =( GEOMETRIC_REPRESENTATION_CONTEXT ( 3 ) GLOBAL_UNCERTAINTY_ASSIGNED_CONTEXT ( ( #530 ) ) GLOBAL_UNIT_ASSIGNED_CONTEXT ( ( #4933, #2725, #2783 ) ) REPRESENTATION_CONTEXT ( 'NONE', 'WORKASPACE' ) );
#2058 = VERTEX_POINT ( 'NONE', #3553 ) ;
#2059 = LINE ( 'NONE', #422, #4650 ) ;
#2060 = DIRECTION ( 'NONE',  ( -1.000000000000000000, 0.000000000000000000, 0.000000000000000000 ) ) ;
#2061 = VECTOR ( 'NONE', #3273, 1000.000000000000000 ) ;
#2062 = CARTESIAN_POINT ( 'NONE',  ( 0.7174695751538135990, 0.3080817958270101187, 0.2799999999999999711 ) ) ;
#2063 = CARTESIAN_POINT ( 'NONE',  ( -0.4343137556297431701, 0.4509946331943126552, 0.2599999999999999534 ) ) ;
#2064 = FILL_AREA_STYLE_COLOUR ( '', #1282 ) ;
#2065 = DIRECTION ( 'NONE',  ( -1.000000000000000000, -9.767585058201805003E-17, 0.000000000000000000 ) ) ;
#2066 = VERTEX_POINT ( 'NONE', #3107 ) ;
#2067 = EDGE_CURVE ( 'NONE', #442, #3433, #4864, .T. ) ;
#2068 = SURFACE_STYLE_FILL_AREA ( #2040 ) ;
#2069 = PRESENTATION_STYLE_ASSIGNMENT (( #725 ) ) ;
#2070 = SURFACE_SIDE_STYLE ('',( #2933 ) ) ;
#2071 = EDGE_LOOP ( 'NONE', ( #3333, #537, #4228, #96 ) ) ;
#2072 = PLANE ( 'NONE',  #3218 ) ;
#2073 = VECTOR ( 'NONE', #378, 1000.000000000000000 ) ;
#2074 = CARTESIAN_POINT ( 'NONE',  ( -0.6832485166931815401, 0.8768473060465202806, 0.2599999999999998979 ) ) ;
#2075 = CARTESIAN_POINT ( 'NONE',  ( 1.100000000000002087, -0.8614255068147830263, 0.2599999999999999534 ) ) ;
#2076 = CARTESIAN_POINT ( 'NONE',  ( 0.3901487617419281406, 0.8637862597461452019, 0.2799999999999999711 ) ) ;
#2077 = CARTESIAN_POINT ( 'NONE',  ( 0.000000000000000000, 0.000000000000000000, 0.2599999999999999534 ) ) ;
#2078 = VERTEX_POINT ( 'NONE', #4767 ) ;
#2079 = DIRECTION ( 'NONE',  ( 0.000000000000000000, 0.000000000000000000, 1.000000000000000000 ) ) ;
#2080 =( GEOMETRIC_REPRESENTATION_CONTEXT ( 3 ) GLOBAL_UNCERTAINTY_ASSIGNED_CONTEXT ( ( #3561 ) ) GLOBAL_UNIT_ASSIGNED_CONTEXT ( ( #162, #4940, #4442 ) ) REPRESENTATION_CONTEXT ( 'NONE', 'WORKASPACE' ) );
#2081 =( NAMED_UNIT ( * ) SI_UNIT ( $, .STERADIAN. ) SOLID_ANGLE_UNIT ( ) );
#2082 = LINE ( 'NONE', #3747, #1762 ) ;
#2083 = ADVANCED_FACE ( 'NONE', ( #912 ), #4336, .F. ) ;
#2084 = VERTEX_POINT ( 'NONE', #4823 ) ;
#2085 = EDGE_CURVE ( 'NONE', #3143, #3891, #967, .T. ) ;
#2086 = SURFACE_STYLE_USAGE ( .BOTH. , #4639 ) ;
#2087 = PRESENTATION_STYLE_ASSIGNMENT (( #374 ) ) ;
#2088 =( NAMED_UNIT ( * ) SI_UNIT ( $, .STERADIAN. ) SOLID_ANGLE_UNIT ( ) );
#2089 = EDGE_CURVE ( 'NONE', #5086, #5196, #74, .T. ) ;
#2090 =( NAMED_UNIT ( * ) PLANE_ANGLE_UNIT ( ) SI_UNIT ( $, .RADIAN. ) );
#2091 = STYLED_ITEM ( 'NONE', ( #243 ), #2161 ) ;
#2092 = ORIENTED_EDGE ( 'NONE', *, *, #4060, .F. ) ;
#2093 = CARTESIAN_POINT ( 'NONE',  ( 1.100000000000000311, -1.000000000000000222, 0.01999999999999231906 ) ) ;
#2094 = FILL_AREA_STYLE ('',( #39 ) ) ;
#2095 = DIRECTION ( 'NONE',  ( -6.982962677686265922E-15, 0.000000000000000000, -1.000000000000000000 ) ) ;
#2096 = COLOUR_RGB ( '',1.000000000000000000, 1.000000000000000000, 1.000000000000000000 ) ;
#2097 = ORIENTED_EDGE ( 'NONE', *, *, #3679, .F. ) ;
#2098 = VECTOR ( 'NONE', #1025, 1000.000000000000000 ) ;
#2099 = CARTESIAN_POINT ( 'NONE',  ( -1.100000000000003642, -3.816391647148988229E-15, 7.680894765701995475E-15 ) ) ;
#2100 = CARTESIAN_POINT ( 'NONE',  ( -1.099999999999999867, 1.000000000000000000, 0.02000000000000768177 ) ) ;
#2101 =( LENGTH_UNIT ( ) NAMED_UNIT ( * ) SI_UNIT ( .MILLI., .METRE. ) );
#2102 = SURFACE_SIDE_STYLE ('',( #2567 ) ) ;
#2103 = CARTESIAN_POINT ( 'NONE',  ( -0.7250754616367172112, -0.5368602718148540731, 0.2599999999999999534 ) ) ;
#2104 = CARTESIAN_POINT ( 'NONE',  ( -2.407412430484044816E-32, 0.000000000000000000, 0.000000000000000000 ) ) ;
#2105 = ORIENTED_EDGE ( 'NONE', *, *, #4484, .T. ) ;
#2106 =( GEOMETRIC_REPRESENTATION_CONTEXT ( 3 ) GLOBAL_UNCERTAINTY_ASSIGNED_CONTEXT ( ( #1738 ) ) GLOBAL_UNIT_ASSIGNED_CONTEXT ( ( #785, #2090, #812 ) ) REPRESENTATION_CONTEXT ( 'NONE', 'WORKASPACE' ) );
#2107 = PLANE ( 'NONE',  #3522 ) ;
#2108 = FILL_AREA_STYLE ('',( #3800 ) ) ;
#2109 =( NAMED_UNIT ( * ) PLANE_ANGLE_UNIT ( ) SI_UNIT ( $, .RADIAN. ) );
#2110 = UNCERTAINTY_MEASURE_WITH_UNIT (LENGTH_MEASURE( 1.000000000000000082E-05 ), #4671, 'distance_accuracy_value', 'NONE');
#2111 = LINE ( 'NONE', #2135, #1459 ) ;
#2112 = ORIENTED_EDGE ( 'NONE', *, *, #93, .F. ) ;
#2113 = CARTESIAN_POINT ( 'NONE',  ( -1.099999999999998535, -0.8614255068147822492, 0.2599999999999999534 ) ) ;
#2114 = SURFACE_SIDE_STYLE ('',( #925 ) ) ;
#2115 = VECTOR ( 'NONE', #202, 1000.000000000000000 ) ;
#2116 = SURFACE_SIDE_STYLE ('',( #3398 ) ) ;
#2117 = EDGE_CURVE ( 'NONE', #3296, #3862, #3073, .T. ) ;
#2118 = LINE ( 'NONE', #2422, #1926 ) ;
#2119 = COLOUR_RGB ( '',1.000000000000000000, 1.000000000000000000, 1.000000000000000000 ) ;
#2120 = ORIENTED_EDGE ( 'NONE', *, *, #1462, .T. ) ;
#2121 = EDGE_CURVE ( 'NONE', #2703, #3143, #3251, .T. ) ;
#2122 = FILL_AREA_STYLE_COLOUR ( '', #5513 ) ;
#2123 = VERTEX_POINT ( 'NONE', #4798 ) ;
#2124 = CARTESIAN_POINT ( 'NONE',  ( -1.099999999999998979, -0.2499999999999999445, 0.2600000000000076694 ) ) ;
#2125 = DIRECTION ( 'NONE',  ( -0.000000000000000000, -0.000000000000000000, -1.000000000000000000 ) ) ;
#2126 = CARTESIAN_POINT ( 'NONE',  ( 1.100000000000002087, 0.4999999999999997780, 0.2799999999999999711 ) ) ;
#2127 = ORIENTED_EDGE ( 'NONE', *, *, #131, .F. ) ;
#2128 = CIRCLE ( 'NONE', #2046, 0.2500000000000000000 ) ;
#2129 = PRESENTATION_LAYER_ASSIGNMENT (  '', '', ( #3297 ) ) ;
#2130 = EDGE_CURVE ( 'NONE', #3270, #2388, #720, .T. ) ;
#2131 = DIRECTION ( 'NONE',  ( -1.000000000000000000, 0.000000000000000000, 0.000000000000000000 ) ) ;
#2132 = CARTESIAN_POINT ( 'NONE',  ( 1.100000000000002531, 0.2499999999999997224, 0.2799999999999999711 ) ) ;
#2133 = PRESENTATION_LAYER_ASSIGNMENT (  '', '', ( #1226 ) ) ;
#2134 = LINE ( 'NONE', #802, #921 ) ;
#2135 = CARTESIAN_POINT ( 'NONE',  ( -1.100000000000000533, 0.9000000000000000222, 7.680894765701995475E-15 ) ) ;
#2136 = AXIS2_PLACEMENT_3D ( 'NONE', #164, #5320, #5351 ) ;
#2137 = ORIENTED_EDGE ( 'NONE', *, *, #664, .T. ) ;
#2138 =( LENGTH_UNIT ( ) NAMED_UNIT ( * ) SI_UNIT ( .MILLI., .METRE. ) );
#2139 = FACE_OUTER_BOUND ( 'NONE', #1827, .T. ) ;
#2140 =( NAMED_UNIT ( * ) PLANE_ANGLE_UNIT ( ) SI_UNIT ( $, .RADIAN. ) );
#2141 = COLOUR_RGB ( '',0.8509803921568627194, 0.8509803921568627194, 0.8509803921568627194 ) ;
#2142 = VERTEX_POINT ( 'NONE', #135 ) ;
#2143 = DIRECTION ( 'NONE',  ( -1.000000000000000000, 9.856383386231857595E-17, 6.982631605183631963E-15 ) ) ;
#2144 = CARTESIAN_POINT ( 'NONE',  ( 1.100000000000002087, 0.4999999999999997780, 0.2799999999999999711 ) ) ;
#2145 = MANIFOLD_SOLID_BREP ( 'Boss-Extrude5', #4911 ) ;
#2146 = PRODUCT_DEFINITION_FORMATION_WITH_SPECIFIED_SOURCE ( 'ไป', '', #5032, .NOT_KNOWN. ) ;
#2147 = UNCERTAINTY_MEASURE_WITH_UNIT (LENGTH_MEASURE( 1.000000000000000082E-05 ), #3226, 'distance_accuracy_value', 'NONE');
#2148 = ORIENTED_EDGE ( 'NONE', *, *, #5579, .T. ) ;
#2149 = VERTEX_POINT ( 'NONE', #1103 ) ;
#2150 = PRODUCT_DEFINITION_CONTEXT ( 'detailed design', #2018, 'design' ) ;
#2151 = EDGE_CURVE ( 'NONE', #1928, #5483, #521, .T. ) ;
#2152 = DIRECTION ( 'NONE',  ( -0.000000000000000000, -0.000000000000000000, -1.000000000000000000 ) ) ;
#2153 = CARTESIAN_POINT ( 'NONE',  ( 1.100000000000002087, -0.7500000000000002220, 0.2799999999999999711 ) ) ;
#2154 = DIRECTION ( 'NONE',  ( -0.000000000000000000, -0.000000000000000000, -1.000000000000000000 ) ) ;
#2155 = B_SPLINE_CURVE_WITH_KNOTS ( 'NONE', 2,
 ( #2194, #5208, #3506 ),
 .UNSPECIFIED., .F., .F.,
 ( 3, 3 ),
 ( 0.000000000000000000, 1.000000000000000000 ),
 .UNSPECIFIED. ) ;
#2156 = ORIENTED_EDGE ( 'NONE', *, *, #1899, .F. ) ;
#2157 = MANIFOLD_SOLID_BREP ( 'Boss-Extrude3[3]', #60 ) ;
#2158 = ADVANCED_FACE ( 'NONE', ( #4024 ), #2820, .T. ) ;
#2159 = FILL_AREA_STYLE_COLOUR ( '', #4619 ) ;
#2160 = CARTESIAN_POINT ( 'NONE',  ( 0.7672489025476870728, 0.6470277182179263731, 0.2799999999999999711 ) ) ;
#2161 = ADVANCED_FACE ( 'NONE', ( #3605 ), #2789, .F. ) ;
#2162 = ORIENTED_EDGE ( 'NONE', *, *, #3779, .T. ) ;
#2163 = AXIS2_PLACEMENT_3D ( 'NONE', #581, #4000, #1102 ) ;
#2164 = B_SPLINE_SURFACE_WITH_KNOTS ( 'NONE', 3, 1, ( 
 ( #1027, #5323 ),
 ( #4572, #4540 ),
 ( #2383, #679 ),
 ( #710, #1510 ) ),
 .UNSPECIFIED., .F., .F., .F.,
 ( 4, 4 ),
 ( 2, 2 ),
 ( 0.1244051645373050602, 1.000000000000000000 ),
 ( 0.000000000000000000, 1.000000000000000000 ),
 .UNSPECIFIED. ) ;
#2165 =( NAMED_UNIT ( * ) PLANE_ANGLE_UNIT ( ) SI_UNIT ( $, .RADIAN. ) );
#2166 = FILL_AREA_STYLE_COLOUR ( '', #1150 ) ;
#2167 = CARTESIAN_POINT ( 'NONE',  ( -1.099999999999998979, 0.000000000000000000, 0.2799999999999999711 ) ) ;
#2168 = AXIS2_PLACEMENT_3D ( 'NONE', #911, #17, #2593 ) ;
#2169 = DIRECTION ( 'NONE',  ( -0.000000000000000000, -0.000000000000000000, -1.000000000000000000 ) ) ;
#2170 = EDGE_LOOP ( 'NONE', ( #4967, #1891, #13, #3564, #1309, #166, #5106, #5321, #3731, #2610, #5438, #3077, #3959, #1448 ) ) ;
#2171 =( GEOMETRIC_REPRESENTATION_CONTEXT ( 3 ) GLOBAL_UNCERTAINTY_ASSIGNED_CONTEXT ( ( #1540 ) ) GLOBAL_UNIT_ASSIGNED_CONTEXT ( ( #1770, #3582, #2179 ) ) REPRESENTATION_CONTEXT ( 'NONE', 'WORKASPACE' ) );
#2172 = CARTESIAN_POINT ( 'NONE',  ( 0.7946937836714690340, -0.3065665198382721002, 0.2599999999999999534 ) ) ;
#2173 = CARTESIAN_POINT ( 'NONE',  ( -1.099999999999998090, 0.4999999999999997780, 0.2600000000000076694 ) ) ;
#2174 = DIRECTION ( 'NONE',  ( -0.000000000000000000, -0.000000000000000000, -1.000000000000000000 ) ) ;
#2175 = AXIS2_PLACEMENT_3D ( 'NONE', #3775, #705, #1073 ) ;
#2176 = ORIENTED_EDGE ( 'NONE', *, *, #638, .T. ) ;
#2177 = EDGE_LOOP ( 'NONE', ( #4866, #1854, #1546, #4955 ) ) ;
#2178 = FILL_AREA_STYLE_COLOUR ( '', #1417 ) ;
#2179 =( NAMED_UNIT ( * ) SI_UNIT ( $, .STERADIAN. ) SOLID_ANGLE_UNIT ( ) );
#2180 = FILL_AREA_STYLE_COLOUR ( '', #1698 ) ;
#2181 = AXIS2_PLACEMENT_3D ( 'NONE', #5496, #3356, #708 ) ;
#2182 = STYLED_ITEM ( 'NONE', ( #2032 ), #2663 ) ;
#2183 = VECTOR ( 'NONE', #4918, 1000.000000000000000 ) ;
#2184 = VERTEX_POINT ( 'NONE', #4022 ) ;
#2185 = EDGE_CURVE ( 'NONE', #1001, #2316, #4907, .T. ) ;
#2186 = PRESENTATION_LAYER_ASSIGNMENT (  '', '', ( #2278 ) ) ;
#2187 = UNCERTAINTY_MEASURE_WITH_UNIT (LENGTH_MEASURE( 1.000000000000000082E-05 ), #313, 'distance_accuracy_value', 'NONE');
#2188 = COLOUR_RGB ( '',0.7921568627450980005, 0.8196078431372548767, 0.9333333333333333481 ) ;
#2189 = CARTESIAN_POINT ( 'NONE',  ( 0.8230581300528493349, 0.2641109509742673445, 0.2799999999999999711 ) ) ;
#2190 = FILL_AREA_STYLE ('',( #556 ) ) ;
#2191 = ADVANCED_FACE ( 'NONE', ( #4394 ), #2788, .F. ) ;
#2192 = CARTESIAN_POINT ( 'NONE',  ( -0.6035437629006772386, -0.2065665198382720391, 0.2599999999999999534 ) ) ;
#2193 =( GEOMETRIC_REPRESENTATION_CONTEXT ( 3 ) GLOBAL_UNCERTAINTY_ASSIGNED_CONTEXT ( ( #1317 ) ) GLOBAL_UNIT_ASSIGNED_CONTEXT ( ( #5130, #1717, #864 ) ) REPRESENTATION_CONTEXT ( 'NONE', 'WORKASPACE' ) );
#2194 = CARTESIAN_POINT ( 'NONE',  ( 0.7174695751538135990, 0.3080817958270101187, 0.2799999999999999711 ) ) ;
#2195 = ORIENTED_EDGE ( 'NONE', *, *, #1527, .T. ) ;
#2196 =( GEOMETRIC_REPRESENTATION_CONTEXT ( 3 ) GLOBAL_UNCERTAINTY_ASSIGNED_CONTEXT ( ( #92 ) ) GLOBAL_UNIT_ASSIGNED_CONTEXT ( ( #2497, #4086, #689 ) ) REPRESENTATION_CONTEXT ( 'NONE', 'WORKASPACE' ) );
#2197 = DIRECTION ( 'NONE',  ( 6.982962677686268288E-15, -0.000000000000000000, 1.000000000000000000 ) ) ;
#2198 = PRESENTATION_STYLE_ASSIGNMENT (( #1372 ) ) ;
#2199 =( NAMED_UNIT ( * ) PLANE_ANGLE_UNIT ( ) SI_UNIT ( $, .RADIAN. ) );
#2200 = MECHANICAL_DESIGN_GEOMETRIC_PRESENTATION_REPRESENTATION (  '', ( #843 ), #4893 ) ;
#2201 = ORIENTED_EDGE ( 'NONE', *, *, #1832, .T. ) ;
#2202 = ORIENTED_EDGE ( 'NONE', *, *, #4761, .T. ) ;
#2203 = COLOUR_RGB ( '',0.8509803921568627194, 0.8509803921568627194, 0.8509803921568627194 ) ;
#2204 = DIRECTION ( 'NONE',  ( -0.000000000000000000, -0.000000000000000000, -1.000000000000000000 ) ) ;
#2205 = CARTESIAN_POINT ( 'NONE',  ( 1.100000000000002087, -0.2500000000000002220, 0.2599999999999999534 ) ) ;
#2206 = STYLED_ITEM ( 'NONE', ( #85 ), #5186 ) ;
#2207 = MECHANICAL_DESIGN_GEOMETRIC_PRESENTATION_REPRESENTATION (  '', ( #3896 ), #5082 ) ;
#2208 = ORIENTED_EDGE ( 'NONE', *, *, #3779, .F. ) ;
#2209 = ORIENTED_EDGE ( 'NONE', *, *, #4661, .F. ) ;
#2210 =( NAMED_UNIT ( * ) PLANE_ANGLE_UNIT ( ) SI_UNIT ( $, .RADIAN. ) );
#2211 = PRESENTATION_STYLE_ASSIGNMENT (( #4766 ) ) ;
#2212 = CARTESIAN_POINT ( 'NONE',  ( -1.099999999999998535, 0.8637862597461452019, 0.2799999999999999711 ) ) ;
#2213 = DIRECTION ( 'NONE',  ( -0.000000000000000000, 0.000000000000000000, 1.000000000000000000 ) ) ;
#2214 = DIRECTION ( 'NONE',  ( -6.982962677686268288E-15, 0.000000000000000000, -1.000000000000000000 ) ) ;
#2215 = ORIENTED_EDGE ( 'NONE', *, *, #3964, .F. ) ;
#2216 = CARTESIAN_POINT ( 'NONE',  ( 0.000000000000000000, 0.000000000000000000, 0.2810000000000000275 ) ) ;
#2217 = SURFACE_STYLE_FILL_AREA ( #5295 ) ;
#2218 = PRESENTATION_STYLE_ASSIGNMENT (( #499 ) ) ;
#2219 = CARTESIAN_POINT ( 'NONE',  ( 0.6534767642029394308, -0.05709504976923727992, 0.2799999999999999711 ) ) ;
#2220 = ORIENTED_EDGE ( 'NONE', *, *, #535, .T. ) ;
#2221 = ADVANCED_FACE ( 'NONE', ( #4074 ), #4500, .F. ) ;
#2222 = STYLED_ITEM ( 'NONE', ( #4675 ), #1116 ) ;
#2223 = UNCERTAINTY_MEASURE_WITH_UNIT (LENGTH_MEASURE( 1.000000000000000082E-05 ), #1180, 'distance_accuracy_value', 'NONE');
#2224 = VECTOR ( 'NONE', #1615, 1000.000000000000000 ) ;
#2225 = CARTESIAN_POINT ( 'NONE',  ( -0.7713451857263546874, 0.6561302432729905210, 0.2599999999999999534 ) ) ;
#2226 =( GEOMETRIC_REPRESENTATION_CONTEXT ( 3 ) GLOBAL_UNCERTAINTY_ASSIGNED_CONTEXT ( ( #4045 ) ) GLOBAL_UNIT_ASSIGNED_CONTEXT ( ( #5153, #1286, #5093 ) ) REPRESENTATION_CONTEXT ( 'NONE', 'WORKASPACE' ) );
#2227 = EDGE_LOOP ( 'NONE', ( #531, #5343, #2729, #3723 ) ) ;
#2228 = EDGE_LOOP ( 'NONE', ( #1340, #5099, #3045, #669 ) ) ;
#2229 = CIRCLE ( 'NONE', #5399, 0.2500000000000000000 ) ;
#2230 = SURFACE_STYLE_USAGE ( .BOTH. , #4327 ) ;
#2231 = CARTESIAN_POINT ( 'NONE',  ( -1.100000000000001643, -3.816391647148981130E-15, 0.2599999999999999534 ) ) ;
#2232 = CARTESIAN_POINT ( 'NONE',  ( 0.7174695751538135990, 0.3080817958270101187, 0.2599999999999999534 ) ) ;
#2233 =( GEOMETRIC_REPRESENTATION_CONTEXT ( 3 ) GLOBAL_UNCERTAINTY_ASSIGNED_CONTEXT ( ( #3830 ) ) GLOBAL_UNIT_ASSIGNED_CONTEXT ( ( #5183, #3026, #2604 ) ) REPRESENTATION_CONTEXT ( 'NONE', 'WORKASPACE' ) );
#2234 = CYLINDRICAL_SURFACE ( 'NONE', #4053, 0.2500000000000000000 ) ;
#2235 = EDGE_LOOP ( 'NONE', ( #3602, #2253, #189, #1463 ) ) ;
#2236 = ADVANCED_FACE ( 'NONE', ( #1498 ), #1879, .T. ) ;
#2237 = PRESENTATION_LAYER_ASSIGNMENT (  '', '', ( #1693 ) ) ;
#2238 = VERTEX_POINT ( 'NONE', #3579 ) ;
#2239 = FACE_OUTER_BOUND ( 'NONE', #703, .T. ) ;
#2240 = FACE_OUTER_BOUND ( 'NONE', #2302, .T. ) ;
#2241 = PRESENTATION_STYLE_ASSIGNMENT (( #3042 ) ) ;
#2242 = CIRCLE ( 'NONE', #5411, 0.1000000000000000472 ) ;
#2243 = CARTESIAN_POINT ( 'NONE',  ( 1.100000000000002087, -0.5000000000000002220, 0.2799999999999999711 ) ) ;
#2244 = ORIENTED_EDGE ( 'NONE', *, *, #3975, .F. ) ;
#2245 = LINE ( 'NONE', #4828, #2620 ) ;
#2246 = SURFACE_STYLE_FILL_AREA ( #5237 ) ;
#2247 = EDGE_LOOP ( 'NONE', ( #188, #991, #206, #1588, #3139, #4874, #5158, #2137 ) ) ;
#2248 = CARTESIAN_POINT ( 'NONE',  ( 1.100000000000002087, -1.000000000000000222, 0.2599999999999922928 ) ) ;
#2249 = CARTESIAN_POINT ( 'NONE',  ( 0.4124155170610083188, 0.000000000000000000, 0.2599999999999999534 ) ) ;
#2250 = LINE ( 'NONE', #3956, #1846 ) ;
#2251 = SURFACE_STYLE_FILL_AREA ( #1788 ) ;
#2252 = COLOUR_RGB ( '',0.8509803921568627194, 0.8509803921568627194, 0.8509803921568627194 ) ;
#2253 = ORIENTED_EDGE ( 'NONE', *, *, #664, .F. ) ;
#2254 = ADVANCED_FACE ( 'NONE', ( #3163 ), #5347, .F. ) ;
#2255 = UNCERTAINTY_MEASURE_WITH_UNIT (LENGTH_MEASURE( 1.000000000000000082E-05 ), #2387, 'distance_accuracy_value', 'NONE');
#2256 = VERTEX_POINT ( 'NONE', #1465 ) ;
#2257 = ORIENTED_EDGE ( 'NONE', *, *, #2425, .F. ) ;
#2258 = CARTESIAN_POINT ( 'NONE',  ( 0.7507068832573945416, 0.6078267106094943362, 0.2599999999999999534 ) ) ;
#2259 = STYLED_ITEM ( 'NONE', ( #3261 ), #288 ) ;
#2260 = LINE ( 'NONE', #65, #5155 ) ;
#2261 = CARTESIAN_POINT ( 'NONE',  ( -0.3095939579225142069, -0.3593805362314128615, 0.2599999999999999534 ) ) ;
#2262 = EDGE_CURVE ( 'NONE', #620, #3095, #4485, .T. ) ;
#2263 = VERTEX_POINT ( 'NONE', #5580 ) ;
#2264 = ORIENTED_EDGE ( 'NONE', *, *, #436, .F. ) ;
#2265 = DIRECTION ( 'NONE',  ( -1.000000000000000000, -0.000000000000000000, -0.000000000000000000 ) ) ;
#2266 = UNCERTAINTY_MEASURE_WITH_UNIT (LENGTH_MEASURE( 1.000000000000000082E-05 ), #1541, 'distance_accuracy_value', 'NONE');
#2267 = FILL_AREA_STYLE ('',( #2180 ) ) ;
#2268 = ORIENTED_EDGE ( 'NONE', *, *, #763, .F. ) ;
#2269 = MECHANICAL_DESIGN_GEOMETRIC_PRESENTATION_REPRESENTATION (  '', ( #1550 ), #562 ) ;
#2270 = SURFACE_SIDE_STYLE ('',( #3504 ) ) ;
#2271 = DIRECTION ( 'NONE',  ( -1.000000000000000000, 0.000000000000000000, 0.000000000000000000 ) ) ;
#2272 = UNCERTAINTY_MEASURE_WITH_UNIT (LENGTH_MEASURE( 1.000000000000000082E-05 ), #4279, 'distance_accuracy_value', 'NONE');
#2273 = VECTOR ( 'NONE', #3586, 1000.000000000000000 ) ;
#2274 = ORIENTED_EDGE ( 'NONE', *, *, #702, .T. ) ;
#2275 = CARTESIAN_POINT ( 'NONE',  ( 1.100000000000002531, 0.1362137402538543540, 0.2799999999999999711 ) ) ;
#2276 = LINE ( 'NONE', #2249, #4711 ) ;
#2277 = CARTESIAN_POINT ( 'NONE',  ( -1.099999999999998979, -0.7499999999999997780, 0.2600000000000076694 ) ) ;
#2278 = STYLED_ITEM ( 'NONE', ( #3995 ), #4092 ) ;
#2279 = SURFACE_STYLE_USAGE ( .BOTH. , #5369 ) ;
#2280 = ORIENTED_EDGE ( 'NONE', *, *, #1575, .F. ) ;
#2281 = COLOUR_RGB ( '',0.8509803921568627194, 0.8509803921568627194, 0.8509803921568627194 ) ;
#2282 = MECHANICAL_DESIGN_GEOMETRIC_PRESENTATION_REPRESENTATION (  '', ( #4707 ), #2801 ) ;
#2283 = PRESENTATION_STYLE_ASSIGNMENT (( #4389 ) ) ;
#2284 = PRESENTATION_LAYER_ASSIGNMENT (  '', '', ( #1580 ) ) ;
#2285 =( LENGTH_UNIT ( ) NAMED_UNIT ( * ) SI_UNIT ( .MILLI., .METRE. ) );
#2286 = DIRECTION ( 'NONE',  ( 0.000000000000000000, 1.000000000000000000, 0.000000000000000000 ) ) ;
#2287 = VECTOR ( 'NONE', #3667, 1000.000000000000000 ) ;
#2288 = VERTEX_POINT ( 'NONE', #105 ) ;
#2289 = STYLED_ITEM ( 'NONE', ( #3752 ), #4835 ) ;
#2290 = ORIENTED_EDGE ( 'NONE', *, *, #2763, .T. ) ;
#2291 = EDGE_CURVE ( 'NONE', #2084, #3234, #1272, .T. ) ;
#2292 = PRESENTATION_STYLE_ASSIGNMENT (( #1957 ) ) ;
#2293 = PRESENTATION_STYLE_ASSIGNMENT (( #5287 ) ) ;
#2294 = ADVANCED_FACE ( 'NONE', ( #909 ), #3039, .T. ) ;
#2295 = FILL_AREA_STYLE_COLOUR ( '', #3061 ) ;
#2296 = CIRCLE ( 'NONE', #2919, 0.2500000000000000000 ) ;
#2297 = ORIENTED_EDGE ( 'NONE', *, *, #543, .F. ) ;
#2298 = STYLED_ITEM ( 'NONE', ( #2916 ), #5482 ) ;
#2299 = CARTESIAN_POINT ( 'NONE',  ( -0.1178234831815653944, -0.5316465652036583833, 0.2810000000000000275 ) ) ;
#2300 =( LENGTH_UNIT ( ) NAMED_UNIT ( * ) SI_UNIT ( .MILLI., .METRE. ) );
#2301 = EDGE_CURVE ( 'NONE', #294, #483, #5226, .T. ) ;
#2302 = EDGE_LOOP ( 'NONE', ( #3660, #155, #4387, #2308 ) ) ;
#2303 = DIRECTION ( 'NONE',  ( 0.000000000000000000, -1.000000000000000000, 0.000000000000000000 ) ) ;
#2304 = SURFACE_SIDE_STYLE ('',( #117 ) ) ;
#2305 = MANIFOLD_SOLID_BREP ( 'Boss-Extrude4[1]', #2474 ) ;
#2306 = FACE_OUTER_BOUND ( 'NONE', #4272, .T. ) ;
#2307 = CARTESIAN_POINT ( 'NONE',  ( -0.6035437629006772386, 0.4569292977732090089, 0.2599999999999999534 ) ) ;
#2308 = ORIENTED_EDGE ( 'NONE', *, *, #3696, .T. ) ;
#2309 = VERTEX_POINT ( 'NONE', #5168 ) ;
#2310 = PRESENTATION_LAYER_ASSIGNMENT (  '', '', ( #3642 ) ) ;
#2311 = DIRECTION ( 'NONE',  ( 0.000000000000000000, -0.000000000000000000, -1.000000000000000000 ) ) ;
#2312 = FACE_OUTER_BOUND ( 'NONE', #4597, .T. ) ;
#2313 = CARTESIAN_POINT ( 'NONE',  ( 0.4000000000000000777, -1.858632295689436842E-16, -2.791820594150173918E-15 ) ) ;
#2314 = FILL_AREA_STYLE ('',( #640 ) ) ;
#2315 = CIRCLE ( 'NONE', #2850, 0.09999999999999999167 ) ;
#2316 = VERTEX_POINT ( 'NONE', #939 ) ;
#2317 = ORIENTED_EDGE ( 'NONE', *, *, #1916, .F. ) ;
#2318 = VECTOR ( 'NONE', #3430, 1000.000000000000000 ) ;
#2319 =( LENGTH_UNIT ( ) NAMED_UNIT ( * ) SI_UNIT ( .MILLI., .METRE. ) );
#2320 = COLOUR_RGB ( '',0.8509803921568627194, 0.8509803921568627194, 0.8509803921568627194 ) ;
#2321 =( LENGTH_UNIT ( ) NAMED_UNIT ( * ) SI_UNIT ( .MILLI., .METRE. ) );
#2322 =( NAMED_UNIT ( * ) SI_UNIT ( $, .STERADIAN. ) SOLID_ANGLE_UNIT ( ) );
#2323 = MECHANICAL_DESIGN_GEOMETRIC_PRESENTATION_REPRESENTATION (  '', ( #4016 ), #5492 ) ;
#2324 = ORIENTED_EDGE ( 'NONE', *, *, #2151, .F. ) ;
#2325 = EDGE_CURVE ( 'NONE', #246, #4470, #4747, .T. ) ;
#2326 = EDGE_CURVE ( 'NONE', #2809, #405, #3305, .T. ) ;
#2327 = EDGE_CURVE ( 'NONE', #834, #4850, #3496, .T. ) ;
#2328 =( NAMED_UNIT ( * ) PLANE_ANGLE_UNIT ( ) SI_UNIT ( $, .RADIAN. ) );
#2329 = DIRECTION ( 'NONE',  ( -0.000000000000000000, -0.000000000000000000, -1.000000000000000000 ) ) ;
#2330 = ADVANCED_FACE ( 'NONE', ( #2239 ), #4362, .T. ) ;
#2331 = DIRECTION ( 'NONE',  ( 6.982962677686268288E-15, -0.000000000000000000, 1.000000000000000000 ) ) ;
#2332 = ORIENTED_EDGE ( 'NONE', *, *, #5579, .F. ) ;
#2333 = CYLINDRICAL_SURFACE ( 'NONE', #3425, 0.3637862597461454239 ) ;
#2334 = DIRECTION ( 'NONE',  ( -0.7769070476675158377, 0.6296153105544244344, 0.000000000000000000 ) ) ;
#2335 = MANIFOLD_SOLID_BREP ( 'Boss-Extrude2', #2814 ) ;
#2336 = EDGE_CURVE ( 'NONE', #4275, #2288, #2368, .T. ) ;
#2337 = ORIENTED_EDGE ( 'NONE', *, *, #1582, .T. ) ;
#2338 = DIRECTION ( 'NONE',  ( 1.000000000000000000, 0.000000000000000000, 0.000000000000000000 ) ) ;
#2339 = LINE ( 'NONE', #4467, #5050 ) ;
#2340 =( LENGTH_UNIT ( ) NAMED_UNIT ( * ) SI_UNIT ( .MILLI., .METRE. ) );
#2341 = LINE ( 'NONE', #237, #2810 ) ;
#2342 = ORIENTED_EDGE ( 'NONE', *, *, #4514, .F. ) ;
#2343 = ORIENTED_EDGE ( 'NONE', *, *, #2301, .F. ) ;
#2344 = VECTOR ( 'NONE', #5545, 1000.000000000000000 ) ;
#2345 = DIRECTION ( 'NONE',  ( -1.000000000000000000, 0.000000000000000000, 0.000000000000000000 ) ) ;
#2346 = DIRECTION ( 'NONE',  ( 1.000000000000000000, 0.000000000000000000, 0.000000000000000000 ) ) ;
#2347 = PRESENTATION_STYLE_ASSIGNMENT (( #4966 ) ) ;
#2348 = ORIENTED_EDGE ( 'NONE', *, *, #2425, .T. ) ;
#2349 =( LENGTH_UNIT ( ) NAMED_UNIT ( * ) SI_UNIT ( .MILLI., .METRE. ) );
#2350 = STYLED_ITEM ( 'NONE', ( #2241 ), #2028 ) ;
#2351 = CARTESIAN_POINT ( 'NONE',  ( -0.6623309004670925315, 0.8637862597461452019, 0.2599999999999999534 ) ) ;
#2352 = FILL_AREA_STYLE ('',( #1110 ) ) ;
#2353 = CARTESIAN_POINT ( 'NONE',  ( -2.787890710529827380E-16, -0.9000000000000001332, 0.000000000000000000 ) ) ;
#2354 = FILL_AREA_STYLE ('',( #194 ) ) ;
#2355 = ADVANCED_FACE ( 'NONE', ( #1123 ), #1065, .T. ) ;
#2356 = DIRECTION ( 'NONE',  ( 0.000000000000000000, 1.000000000000000000, 0.000000000000000000 ) ) ;
#2357 = MECHANICAL_DESIGN_GEOMETRIC_PRESENTATION_REPRESENTATION (  '', ( #2091 ), #1909 ) ;
#2358 = EDGE_LOOP ( 'NONE', ( #156, #5418, #5132, #2274, #4312, #3462 ) ) ;
#2359 = EDGE_CURVE ( 'NONE', #1685, #2504, #5124, .T. ) ;
#2360 = CARTESIAN_POINT ( 'NONE',  ( -0.4000000000000002998, -0.8999999999999998002, 0.02000000000000279332 ) ) ;
#2361 = CARTESIAN_POINT ( 'NONE',  ( 0.4124155170610083188, 0.04290495023076341258, 0.2599999999999999534 ) ) ;
#2362 = PRESENTATION_STYLE_ASSIGNMENT (( #4924 ) ) ;
#2363 = CARTESIAN_POINT ( 'NONE',  ( -0.6035437629006772386, 0.000000000000000000, 0.2799999999999999711 ) ) ;
#2364 = STYLED_ITEM ( 'NONE', ( #788 ), #4584 ) ;
#2365 = STYLED_ITEM ( 'NONE', ( #5294 ), #2727 ) ;
#2366 = DIRECTION ( 'NONE',  ( 1.000000000000000000, 3.872150616019658957E-17, 0.000000000000000000 ) ) ;
#2367 = VERTEX_POINT ( 'NONE', #5033 ) ;
#2368 = LINE ( 'NONE', #1950, #2757 ) ;
#2369 = CARTESIAN_POINT ( 'NONE',  ( -0.3999999999999999667, 0.9000000000000000222, 0.02000000000000279332 ) ) ;
#2370 = DIRECTION ( 'NONE',  ( 0.000000000000000000, -0.000000000000000000, 1.000000000000000000 ) ) ;
#2371 = AXIS2_PLACEMENT_3D ( 'NONE', #1077, #3277, #247 ) ;
#2372 = FACE_OUTER_BOUND ( 'NONE', #5172, .T. ) ;
#2373 = VECTOR ( 'NONE', #2530, 1000.000000000000000 ) ;
#2374 = COLOUR_RGB ( '',1.000000000000000000, 1.000000000000000000, 1.000000000000000000 ) ;
#2375 = ORIENTED_EDGE ( 'NONE', *, *, #3377, .F. ) ;
#2376 = ORIENTED_EDGE ( 'NONE', *, *, #1229, .F. ) ;
#2377 = UNCERTAINTY_MEASURE_WITH_UNIT (LENGTH_MEASURE( 1.000000000000000082E-05 ), #1731, 'distance_accuracy_value', 'NONE');
#2378 = SURFACE_SIDE_STYLE ('',( #3367 ) ) ;
#2379 = COLOUR_RGB ( '',0.8509803921568627194, 0.8509803921568627194, 0.8509803921568627194 ) ;
#2380 = ORIENTED_EDGE ( 'NONE', *, *, #3393, .T. ) ;
#2381 = CARTESIAN_POINT ( 'NONE',  ( 0.5359203924145662379, -0.05709504976923727992, 0.2799999999999999711 ) ) ;
#2382 =( LENGTH_UNIT ( ) NAMED_UNIT ( * ) SI_UNIT ( .MILLI., .METRE. ) );
#2383 = CARTESIAN_POINT ( 'NONE',  ( 0.8132557169139246200, -0.2164558030324802707, 0.2799999999999999711 ) ) ;
#2384 = CARTESIAN_POINT ( 'NONE',  ( -1.099999999999998979, -0.2499999999999999445, 0.2600000000000076694 ) ) ;
#2385 = LINE ( 'NONE', #4052, #2898 ) ;
#2386 = FILL_AREA_STYLE_COLOUR ( '', #1734 ) ;
#2387 =( LENGTH_UNIT ( ) NAMED_UNIT ( * ) SI_UNIT ( .MILLI., .METRE. ) );
#2388 = VERTEX_POINT ( 'NONE', #2113 ) ;
#2389 = EDGE_CURVE ( 'NONE', #4777, #427, #447, .T. ) ;
#2390 =( NAMED_UNIT ( * ) SI_UNIT ( $, .STERADIAN. ) SOLID_ANGLE_UNIT ( ) );
#2391 = FILL_AREA_STYLE_COLOUR ( '', #693 ) ;
#2392 = SURFACE_STYLE_FILL_AREA ( #4609 ) ;
#2393 = CARTESIAN_POINT ( 'NONE',  ( -0.6634567500555484942, -0.2265013340820382082, 0.2599999999999999534 ) ) ;
#2394 = EDGE_CURVE ( 'NONE', #2038, #1068, #2315, .T. ) ;
#2395 = ORIENTED_EDGE ( 'NONE', *, *, #4313, .T. ) ;
#2396 = EDGE_LOOP ( 'NONE', ( #984, #4037, #3600, #3200 ) ) ;
#2397 = DIRECTION ( 'NONE',  ( 0.000000000000000000, -1.000000000000000000, 0.000000000000000000 ) ) ;
#2398 = FILL_AREA_STYLE_COLOUR ( '', #1270 ) ;
#2399 = EDGE_CURVE ( 'NONE', #3400, #4653, #2059, .T. ) ;
#2400 = ORIENTED_EDGE ( 'NONE', *, *, #835, .F. ) ;
#2401 = CARTESIAN_POINT ( 'NONE',  ( 0.6534767642029394308, -0.05709504976923727992, 0.2799999999999999711 ) ) ;
#2402 =( GEOMETRIC_REPRESENTATION_CONTEXT ( 3 ) GLOBAL_UNCERTAINTY_ASSIGNED_CONTEXT ( ( #252 ) ) GLOBAL_UNIT_ASSIGNED_CONTEXT ( ( #1802, #3105, #1701 ) ) REPRESENTATION_CONTEXT ( 'NONE', 'WORKASPACE' ) );
#2403 = CARTESIAN_POINT ( 'NONE',  ( 1.100000000000000089, 0.4999999999999997780, -7.680894765701995475E-15 ) ) ;
#2404 = FACE_OUTER_BOUND ( 'NONE', #3138, .T. ) ;
#2405 = COLOUR_RGB ( '',0.8509803921568627194, 0.8509803921568627194, 0.8509803921568627194 ) ;
#2406 = DIRECTION ( 'NONE',  ( -1.000000000000000000, 0.000000000000000000, 6.983251342707903681E-15 ) ) ;
#2407 = CIRCLE ( 'NONE', #5578, 0.3637862597461454239 ) ;
#2408 = CARTESIAN_POINT ( 'NONE',  ( -0.1178234831815653944, -0.5316465652036583833, 0.2810000000000000275 ) ) ;
#2409 = STYLED_ITEM ( 'NONE', ( #1478 ), #3567 ) ;
#2410 = FILL_AREA_STYLE ('',( #2386 ) ) ;
#2411 = LINE ( 'NONE', #3691, #1291 ) ;
#2412 = DIRECTION ( 'NONE',  ( -1.000000000000000000, 0.000000000000000000, 0.000000000000000000 ) ) ;
#2413 = VECTOR ( 'NONE', #217, 1000.000000000000000 ) ;
#2414 = CARTESIAN_POINT ( 'NONE',  ( -0.4135483952989442713, -0.5316465652036583833, 0.2599999999999999534 ) ) ;
#2415 = VERTEX_POINT ( 'NONE', #1204 ) ;
#2416 = DIRECTION ( 'NONE',  ( 0.000000000000000000, -1.000000000000000000, 0.000000000000000000 ) ) ;
#2417 = PRESENTATION_STYLE_ASSIGNMENT (( #1153 ) ) ;
#2418 = DIRECTION ( 'NONE',  ( 0.000000000000000000, 1.000000000000000000, 0.000000000000000000 ) ) ;
#2419 = PRESENTATION_STYLE_ASSIGNMENT (( #4290 ) ) ;
#2420 = DIRECTION ( 'NONE',  ( 1.000000000000000000, 0.000000000000000000, -6.982962677686268288E-15 ) ) ;
#2421 = ADVANCED_FACE ( 'NONE', ( #4201 ), #780, .T. ) ;
#2422 = CARTESIAN_POINT ( 'NONE',  ( -0.4000000000000000777, 1.858632295689436842E-16, 2.791820594150173918E-15 ) ) ;
#2423 = ORIENTED_EDGE ( 'NONE', *, *, #3078, .F. ) ;
#2424 =( NAMED_UNIT ( * ) SI_UNIT ( $, .STERADIAN. ) SOLID_ANGLE_UNIT ( ) );
#2425 = EDGE_CURVE ( 'NONE', #3936, #5363, #5511, .T. ) ;
#2426 = DIRECTION ( 'NONE',  ( -1.000000000000000000, 0.000000000000000000, 0.000000000000000000 ) ) ;
#2427 = ORIENTED_EDGE ( 'NONE', *, *, #4107, .F. ) ;
#2428 = AXIS2_PLACEMENT_3D ( 'NONE', #3429, #5162, #1297 ) ;
#2429 = DIRECTION ( 'NONE',  ( -0.000000000000000000, 0.000000000000000000, 1.000000000000000000 ) ) ;
#2430 = CARTESIAN_POINT ( 'NONE',  ( -0.6957328749551370262, 0.6914393411476200679, 0.2799999999999999711 ) ) ;
#2431 = FILL_AREA_STYLE_COLOUR ( '', #1238 ) ;
#2432 = UNCERTAINTY_MEASURE_WITH_UNIT (LENGTH_MEASURE( 1.000000000000000082E-05 ), #2138, 'distance_accuracy_value', 'NONE');
#2433 = CARTESIAN_POINT ( 'NONE',  ( 0.8500000000000019762, -0.5000000000000002220, 0.2599999999999940137 ) ) ;
#2434 = PRESENTATION_LAYER_ASSIGNMENT (  '', '', ( #290 ) ) ;
#2435 =( NAMED_UNIT ( * ) SI_UNIT ( $, .STERADIAN. ) SOLID_ANGLE_UNIT ( ) );
#2436 = DIRECTION ( 'NONE',  ( -1.000000000000000000, 9.856383386231857595E-17, 6.983251342707903681E-15 ) ) ;
#2437 = DIRECTION ( 'NONE',  ( 0.000000000000000000, -0.000000000000000000, 1.000000000000000000 ) ) ;
#2438 = VECTOR ( 'NONE', #4441, 1000.000000000000000 ) ;
#2439 = VERTEX_POINT ( 'NONE', #5535 ) ;
#2440 = FILL_AREA_STYLE ('',( #3547 ) ) ;
#2441 = CARTESIAN_POINT ( 'NONE',  ( 0.2532275857927164253, -0.3593805362314128615, 0.2599999999999999534 ) ) ;
#2442 =( GEOMETRIC_REPRESENTATION_CONTEXT ( 3 ) GLOBAL_UNCERTAINTY_ASSIGNED_CONTEXT ( ( #3654 ) ) GLOBAL_UNIT_ASSIGNED_CONTEXT ( ( #3924, #4431, #3285 ) ) REPRESENTATION_CONTEXT ( 'NONE', 'WORKASPACE' ) );
#2443 =( LENGTH_UNIT ( ) NAMED_UNIT ( * ) SI_UNIT ( .MILLI., .METRE. ) );
#2444 = VECTOR ( 'NONE', #4511, 1000.000000000000000 ) ;
#2445 = CARTESIAN_POINT ( 'NONE',  ( 1.100000000000002087, -0.8614255068147830263, 0.2799999999999999711 ) ) ;
#2446 = ORIENTED_EDGE ( 'NONE', *, *, #2874, .T. ) ;
#2447 = VECTOR ( 'NONE', #5022, 1000.000000000000000 ) ;
#2448 = FACE_OUTER_BOUND ( 'NONE', #5167, .T. ) ;
#2449 = CARTESIAN_POINT ( 'NONE',  ( 0.4124155170610083188, 0.2080817958270094192, 0.2599999999999999534 ) ) ;
#2450 = AXIS2_PLACEMENT_3D ( 'NONE', #3215, #4496, #1523 ) ;
#2451 = VERTEX_POINT ( 'NONE', #1630 ) ;
#2452 = DIRECTION ( 'NONE',  ( -3.469446951953614189E-15, 1.000000000000000000, 2.422802008568392053E-29 ) ) ;
#2453 = MECHANICAL_DESIGN_GEOMETRIC_PRESENTATION_REPRESENTATION (  '', ( #2022 ), #395 ) ;
#2454 = ADVANCED_FACE ( 'NONE', ( #1749 ), #5061, .F. ) ;
#2455 = DIRECTION ( 'NONE',  ( -0.000000000000000000, 0.000000000000000000, -1.000000000000000000 ) ) ;
#2456 = SURFACE_STYLE_USAGE ( .BOTH. , #737 ) ;
#2457 = CARTESIAN_POINT ( 'NONE',  ( 1.100000000000002087, -0.1385744931852173067, 0.2599999999999999534 ) ) ;
#2458 = SURFACE_STYLE_USAGE ( .BOTH. , #4167 ) ;
#2459 = ORIENTED_EDGE ( 'NONE', *, *, #436, .T. ) ;
#2460 = EDGE_CURVE ( 'NONE', #5568, #427, #475, .T. ) ;
#2461 = DIRECTION ( 'NONE',  ( -1.000000000000000000, 0.000000000000000000, 6.983251342707903681E-15 ) ) ;
#2462 = DIRECTION ( 'NONE',  ( 0.000000000000000000, -0.000000000000000000, -1.000000000000000000 ) ) ;
#2463 = LINE ( 'NONE', #3416, #52 ) ;
#2464 = VECTOR ( 'NONE', #3832, 1000.000000000000000 ) ;
#2465 = EDGE_CURVE ( 'NONE', #1313, #5292, #4861, .T. ) ;
#2466 = SURFACE_SIDE_STYLE ('',( #1660 ) ) ;
#2467 = EDGE_LOOP ( 'NONE', ( #933, #649, #906, #1398 ) ) ;
#2468 = DIRECTION ( 'NONE',  ( 1.934130707221177858E-16, -1.000000000000000000, 0.000000000000000000 ) ) ;
#2469 = DIRECTION ( 'NONE',  ( -0.000000000000000000, -0.000000000000000000, -1.000000000000000000 ) ) ;
#2470 = CARTESIAN_POINT ( 'NONE',  ( -1.099999999999998979, -0.1385744931852173067, 0.2799999999999999711 ) ) ;
#2471 = CARTESIAN_POINT ( 'NONE',  ( 0.8500000000000019762, 0.4999999999999997780, 0.2599999999999999534 ) ) ;
#2472 = LINE ( 'NONE', #3050, #2464 ) ;
#2473 = ORIENTED_EDGE ( 'NONE', *, *, #333, .F. ) ;
#2474 = CLOSED_SHELL ( 'NONE', ( #2521, #3720, #2083, #3034, #1716, #2537 ) ) ;
#2475 = DIRECTION ( 'NONE',  ( 1.000000000000000000, 0.000000000000000000, 0.000000000000000000 ) ) ;
#2476 = PRESENTATION_STYLE_ASSIGNMENT (( #727 ) ) ;
#2477 = ORIENTED_EDGE ( 'NONE', *, *, #3882, .T. ) ;
#2478 = FACE_OUTER_BOUND ( 'NONE', #3937, .T. ) ;
#2479 = DIRECTION ( 'NONE',  ( 1.000000000000000000, 0.000000000000000000, 0.000000000000000000 ) ) ;
#2480 = AXIS2_PLACEMENT_3D ( 'NONE', #3864, #2981, #1794 ) ;
#2481 = SURFACE_STYLE_USAGE ( .BOTH. , #4248 ) ;
#2482 = DIRECTION ( 'NONE',  ( -0.000000000000000000, -0.000000000000000000, -1.000000000000000000 ) ) ;
#2483 = DIRECTION ( 'NONE',  ( 1.734723475976807094E-15, -1.000000000000000000, -1.211401004284196027E-29 ) ) ;
#2484 = SURFACE_STYLE_FILL_AREA ( #1704 ) ;
#2485 = EDGE_CURVE ( 'NONE', #212, #1243, #3053, .T. ) ;
#2486 =( GEOMETRIC_REPRESENTATION_CONTEXT ( 3 ) GLOBAL_UNCERTAINTY_ASSIGNED_CONTEXT ( ( #850 ) ) GLOBAL_UNIT_ASSIGNED_CONTEXT ( ( #817, #3787, #3326 ) ) REPRESENTATION_CONTEXT ( 'NONE', 'WORKASPACE' ) );
#2487 = EDGE_CURVE ( 'NONE', #2802, #957, #534, .T. ) ;
#2488 = ORIENTED_EDGE ( 'NONE', *, *, #5111, .T. ) ;
#2489 = COLOUR_RGB ( '',0.8509803921568627194, 0.8509803921568627194, 0.8509803921568627194 ) ;
#2490 = EDGE_CURVE ( 'NONE', #2184, #1243, #2716, .T. ) ;
#2491 = VECTOR ( 'NONE', #2909, 1000.000000000000000 ) ;
#2492 = VECTOR ( 'NONE', #4402, 1000.000000000000000 ) ;
#2493 = PRESENTATION_STYLE_ASSIGNMENT (( #5027 ) ) ;
#2494 = COLOUR_RGB ( '',0.8509803921568627194, 0.8509803921568627194, 0.8509803921568627194 ) ;
#2495 = DIRECTION ( 'NONE',  ( -1.000000000000000000, 0.000000000000000000, 6.983251342707903681E-15 ) ) ;
#2496 = ADVANCED_FACE ( 'NONE', ( #5275 ), #1781, .T. ) ;
#2497 =( LENGTH_UNIT ( ) NAMED_UNIT ( * ) SI_UNIT ( .MILLI., .METRE. ) );
#2498 = DIRECTION ( 'NONE',  ( 0.000000000000000000, 1.000000000000000000, 0.000000000000000000 ) ) ;
#2499 = EDGE_LOOP ( 'NONE', ( #3879, #1911, #624, #5225 ) ) ;
#2500 = VECTOR ( 'NONE', #885, 1000.000000000000000 ) ;
#2501 = PRESENTATION_LAYER_ASSIGNMENT (  '', '', ( #1806 ) ) ;
#2502 = SURFACE_SIDE_STYLE ('',( #4093 ) ) ;
#2503 = ORIENTED_EDGE ( 'NONE', *, *, #2121, .T. ) ;
#2504 = VERTEX_POINT ( 'NONE', #4778 ) ;
#2505 = CARTESIAN_POINT ( 'NONE',  ( 1.100000000000000755, 0.1999999999999999833, 0.01999999999999231906 ) ) ;
#2506 = CYLINDRICAL_SURFACE ( 'NONE', #569, 0.2500000000000000000 ) ;
#2507 = PLANE ( 'NONE',  #3411 ) ;
#2508 = PRESENTATION_STYLE_ASSIGNMENT (( #5039 ) ) ;
#2509 = VERTEX_POINT ( 'NONE', #115 ) ;
#2510 = CARTESIAN_POINT ( 'NONE',  ( 0.7249999999999999778, -1.000000000000000000, 0.8400000000000000799 ) ) ;
#2511 = VECTOR ( 'NONE', #2930, 1000.000000000000000 ) ;
#2512 = CARTESIAN_POINT ( 'NONE',  ( -1.031512925605919229, 0.8594879528193650753, 0.2599999999999998979 ) ) ;
#2513 =( NAMED_UNIT ( * ) PLANE_ANGLE_UNIT ( ) SI_UNIT ( $, .RADIAN. ) );
#2514 = DIRECTION ( 'NONE',  ( 6.983251342707903681E-15, -0.000000000000000000, 1.000000000000000000 ) ) ;
#2515 = LINE ( 'NONE', #2104, #3659 ) ;
#2516 = VECTOR ( 'NONE', #2475, 1000.000000000000000 ) ;
#2517 = VERTEX_POINT ( 'NONE', #2603 ) ;
#2518 = AXIS2_PLACEMENT_3D ( 'NONE', #2808, #3618, #4411 ) ;
#2519 = PRESENTATION_LAYER_ASSIGNMENT (  '', '', ( #1264 ) ) ;
#2520 = FACE_OUTER_BOUND ( 'NONE', #354, .T. ) ;
#2521 = ADVANCED_FACE ( 'NONE', ( #3539 ), #150, .F. ) ;
#2522 = DIRECTION ( 'NONE',  ( -0.000000000000000000, -0.000000000000000000, -1.000000000000000000 ) ) ;
#2523 = ADVANCED_FACE ( 'NONE', ( #3565 ), #897, .T. ) ;
#2524 = ORIENTED_EDGE ( 'NONE', *, *, #2739, .T. ) ;
#2525 = DIRECTION ( 'NONE',  ( 8.673617379884037444E-16, 1.000000000000000000, 0.000000000000000000 ) ) ;
#2526 = SURFACE_SIDE_STYLE ('',( #3027 ) ) ;
#2527 = VECTOR ( 'NONE', #4946, 1000.000000000000000 ) ;
#2528 = CARTESIAN_POINT ( 'NONE',  ( 0.7249999999999999778, -1.000000000000000000, 0.8400000000000000799 ) ) ;
#2529 = CARTESIAN_POINT ( 'NONE',  ( -1.099999999999999867, -1.000000000000000000, 0.02000000000000768177 ) ) ;
#2530 = DIRECTION ( 'NONE',  ( -0.000000000000000000, -1.000000000000000000, -0.000000000000000000 ) ) ;
#2531 = ADVANCED_FACE ( 'NONE', ( #1059 ), #2333, .T. ) ;
#2532 = ORIENTED_EDGE ( 'NONE', *, *, #1893, .T. ) ;
#2533 = CARTESIAN_POINT ( 'NONE',  ( 0.4000000000000002998, -0.2000000000000002054, 0.01999999999999720751 ) ) ;
#2534 = CARTESIAN_POINT ( 'NONE',  ( 0.000000000000000000, 0.000000000000000000, 0.8400000000000000799 ) ) ;
#2535 = PRESENTATION_LAYER_ASSIGNMENT (  '', '', ( #214 ) ) ;
#2536 = ORIENTED_EDGE ( 'NONE', *, *, #2460, .F. ) ;
#2537 = ADVANCED_FACE ( 'NONE', ( #2865 ), #4031, .F. ) ;
#2538 = DIRECTION ( 'NONE',  ( 1.000000000000000000, -0.000000000000000000, -0.000000000000000000 ) ) ;
#2539 = CARTESIAN_POINT ( 'NONE',  ( -1.100000000000001643, 3.816391647148981130E-15, 0.2599999999999999534 ) ) ;
#2540 = SURFACE_SIDE_STYLE ('',( #1594 ) ) ;
#2541 =( LENGTH_UNIT ( ) NAMED_UNIT ( * ) SI_UNIT ( .MILLI., .METRE. ) );
#2542 = EDGE_LOOP ( 'NONE', ( #4758, #1706, #2423, #5548 ) ) ;
#2543 = AXIS2_PLACEMENT_3D ( 'NONE', #2353, #2884, #768 ) ;
#2544 = FILL_AREA_STYLE_COLOUR ( '', #4102 ) ;
#2545 = DIRECTION ( 'NONE',  ( 1.000000000000000000, -9.856383386231857595E-17, -6.983251342707903681E-15 ) ) ;
#2546 = MECHANICAL_DESIGN_GEOMETRIC_PRESENTATION_REPRESENTATION (  '', ( #5169 ), #1115 ) ;
#2547 = DIRECTION ( 'NONE',  ( -1.000000000000000000, 3.872150616019658341E-17, 0.000000000000000000 ) ) ;
#2548 = UNCERTAINTY_MEASURE_WITH_UNIT (LENGTH_MEASURE( 1.000000000000000082E-05 ), #5499, 'distance_accuracy_value', 'NONE');
#2549 = MECHANICAL_DESIGN_GEOMETRIC_PRESENTATION_REPRESENTATION (  '', ( #317 ), #1757 ) ;
#2550 = DIRECTION ( 'NONE',  ( 6.982962677686268288E-15, -0.000000000000000000, 1.000000000000000000 ) ) ;
#2551 = ORIENTED_EDGE ( 'NONE', *, *, #3224, .F. ) ;
#2552 = DIRECTION ( 'NONE',  ( -0.000000000000000000, 0.000000000000000000, -1.000000000000000000 ) ) ;
#2553 = DIRECTION ( 'NONE',  ( -0.000000000000000000, -0.000000000000000000, -1.000000000000000000 ) ) ;
#2554 =( GEOMETRIC_REPRESENTATION_CONTEXT ( 3 ) GLOBAL_UNCERTAINTY_ASSIGNED_CONTEXT ( ( #1405 ) ) GLOBAL_UNIT_ASSIGNED_CONTEXT ( ( #3089, #179, #3541 ) ) REPRESENTATION_CONTEXT ( 'NONE', 'WORKASPACE' ) );
#2555 = SURFACE_STYLE_USAGE ( .BOTH. , #2925 ) ;
#2556 = SURFACE_STYLE_USAGE ( .BOTH. , #4 ) ;
#2557 = FACE_OUTER_BOUND ( 'NONE', #2235, .T. ) ;
#2558 = ADVANCED_FACE ( 'NONE', ( #4143 ), #200, .F. ) ;
#2559 = AXIS2_PLACEMENT_3D ( 'NONE', #5581, #2992, #824 ) ;
#2560 = EDGE_LOOP ( 'NONE', ( #5016, #4579, #2689, #3458 ) ) ;
#2561 = DIRECTION ( 'NONE',  ( 0.000000000000000000, 1.000000000000000000, -0.000000000000000000 ) ) ;
#2562 = SURFACE_STYLE_FILL_AREA ( #2094 ) ;
#2563 =( LENGTH_UNIT ( ) NAMED_UNIT ( * ) SI_UNIT ( .MILLI., .METRE. ) );
#2564 = EDGE_CURVE ( 'NONE', #1068, #2263, #4921, .T. ) ;
#2565 = ORIENTED_EDGE ( 'NONE', *, *, #4003, .F. ) ;
#2566 = VERTEX_POINT ( 'NONE', #2360 ) ;
#2567 = SURFACE_STYLE_FILL_AREA ( #414 ) ;
#2568 = CARTESIAN_POINT ( 'NONE',  ( 0.3999999999999999667, -0.9000000000000003553, 0.01999999999999720751 ) ) ;
#2569 = ADVANCED_FACE ( 'NONE', ( #5396 ), #1171, .F. ) ;
#2570 = ORIENTED_EDGE ( 'NONE', *, *, #180, .F. ) ;
#2571 =( GEOMETRIC_REPRESENTATION_CONTEXT ( 3 ) GLOBAL_UNCERTAINTY_ASSIGNED_CONTEXT ( ( #5175 ) ) GLOBAL_UNIT_ASSIGNED_CONTEXT ( ( #4298, #2199, #929 ) ) REPRESENTATION_CONTEXT ( 'NONE', 'WORKASPACE' ) );
#2572 = DIRECTION ( 'NONE',  ( -0.000000000000000000, -0.000000000000000000, -1.000000000000000000 ) ) ;
#2573 = CARTESIAN_POINT ( 'NONE',  ( 5.773300432731590829E-21, 0.000000000000000000, 0.000000000000000000 ) ) ;
#2574 =( GEOMETRIC_REPRESENTATION_CONTEXT ( 3 ) GLOBAL_UNCERTAINTY_ASSIGNED_CONTEXT ( ( #1467 ) ) GLOBAL_UNIT_ASSIGNED_CONTEXT ( ( #1314, #90, #5182 ) ) REPRESENTATION_CONTEXT ( 'NONE', 'WORKASPACE' ) );
#2575 = FILL_AREA_STYLE ('',( #502 ) ) ;
#2576 = STYLED_ITEM ( 'NONE', ( #2508 ), #3892 ) ;
#2577 = EDGE_LOOP ( 'NONE', ( #3543, #2979, #1464, #3624 ) ) ;
#2578 = COLOUR_RGB ( '',0.7921568627450980005, 0.8196078431372548767, 0.9333333333333333481 ) ;
#2579 = SURFACE_STYLE_FILL_AREA ( #4698 ) ;
#2580 = VECTOR ( 'NONE', #126, 1000.000000000000000 ) ;
#2581 = ORIENTED_EDGE ( 'NONE', *, *, #3848, .F. ) ;
#2582 =( GEOMETRIC_REPRESENTATION_CONTEXT ( 3 ) GLOBAL_UNCERTAINTY_ASSIGNED_CONTEXT ( ( #5193 ) ) GLOBAL_UNIT_ASSIGNED_CONTEXT ( ( #5477, #5048, #738 ) ) REPRESENTATION_CONTEXT ( 'NONE', 'WORKASPACE' ) );
#2583 = DIRECTION ( 'NONE',  ( 0.000000000000000000, 0.000000000000000000, 1.000000000000000000 ) ) ;
#2584 =( NAMED_UNIT ( * ) PLANE_ANGLE_UNIT ( ) SI_UNIT ( $, .RADIAN. ) );
#2585 = EDGE_CURVE ( 'NONE', #3421, #1773, #4666, .T. ) ;
#2586 = UNCERTAINTY_MEASURE_WITH_UNIT (LENGTH_MEASURE( 1.000000000000000082E-05 ), #574, 'distance_accuracy_value', 'NONE');
#2587 = ORIENTED_EDGE ( 'NONE', *, *, #2591, .F. ) ;
#2588 = CARTESIAN_POINT ( 'NONE',  ( 0.000000000000000000, 0.8637862597461452019, 0.2799999999999999711 ) ) ;
#2589 = ORIENTED_EDGE ( 'NONE', *, *, #4744, .F. ) ;
#2590 = UNCERTAINTY_MEASURE_WITH_UNIT (LENGTH_MEASURE( 1.000000000000000082E-05 ), #137, 'distance_accuracy_value', 'NONE');
#2591 = EDGE_CURVE ( 'NONE', #1134, #3631, #2890, .T. ) ;
#2592 = PRESENTATION_STYLE_ASSIGNMENT (( #3841 ) ) ;
#2593 = DIRECTION ( 'NONE',  ( 0.000000000000000000, -0.000000000000000000, -1.000000000000000000 ) ) ;
#2594 = FACE_OUTER_BOUND ( 'NONE', #1927, .T. ) ;
#2595 = VERTEX_POINT ( 'NONE', #4601 ) ;
#2596 =( NAMED_UNIT ( * ) SI_UNIT ( $, .STERADIAN. ) SOLID_ANGLE_UNIT ( ) );
#2597 = SURFACE_SIDE_STYLE ('',( #363 ) ) ;
#2598 = LINE ( 'NONE', #3944, #1111 ) ;
#2599 = CARTESIAN_POINT ( 'NONE',  ( -1.006701427160784346E-16, -0.2000000000000000389, 0.000000000000000000 ) ) ;
#2600 = LINE ( 'NONE', #3086, #2624 ) ;
#2601 = ORIENTED_EDGE ( 'NONE', *, *, #728, .F. ) ;
#2602 = MECHANICAL_DESIGN_GEOMETRIC_PRESENTATION_REPRESENTATION (  '', ( #3846 ), #2080 ) ;
#2603 = CARTESIAN_POINT ( 'NONE',  ( -0.6035437629006772386, 0.04290495023076341258, 0.2799999999999999711 ) ) ;
#2604 =( NAMED_UNIT ( * ) SI_UNIT ( $, .STERADIAN. ) SOLID_ANGLE_UNIT ( ) );
#2605 = CARTESIAN_POINT ( 'NONE',  ( 5.773300432731590829E-21, 0.000000000000000000, 0.000000000000000000 ) ) ;
#2606 = SURFACE_STYLE_FILL_AREA ( #1316 ) ;
#2607 = UNCERTAINTY_MEASURE_WITH_UNIT (LENGTH_MEASURE( 1.000000000000000082E-05 ), #1784, 'distance_accuracy_value', 'NONE');
#2608 = B_SPLINE_CURVE_WITH_KNOTS ( 'NONE', 2,
 ( #855, #2103, #3794 ),
 .UNSPECIFIED., .F., .F.,
 ( 3, 3 ),
 ( 0.000000000000000000, 1.000000000000000000 ),
 .UNSPECIFIED. ) ;
#2609 = ORIENTED_EDGE ( 'NONE', *, *, #5507, .F. ) ;
#2610 = ORIENTED_EDGE ( 'NONE', *, *, #4903, .F. ) ;
#2611 = EDGE_LOOP ( 'NONE', ( #2870, #62, #4843, #129, #2934, #452 ) ) ;
#2612 = DIRECTION ( 'NONE',  ( 1.000000000000000000, 0.000000000000000000, 0.000000000000000000 ) ) ;
#2613 = CARTESIAN_POINT ( 'NONE',  ( 0.000000000000000000, 0.8637862597461452019, 0.2799999999999999711 ) ) ;
#2614 = LINE ( 'NONE', #4390, #2318 ) ;
#2615 = ORIENTED_EDGE ( 'NONE', *, *, #4234, .F. ) ;
#2616 = ORIENTED_EDGE ( 'NONE', *, *, #2394, .F. ) ;
#2617 = FILL_AREA_STYLE ('',( #4276 ) ) ;
#2618 =( NAMED_UNIT ( * ) SI_UNIT ( $, .STERADIAN. ) SOLID_ANGLE_UNIT ( ) );
#2619 = VECTOR ( 'NONE', #961, 1000.000000000000000 ) ;
#2620 = VECTOR ( 'NONE', #3081, 1000.000000000000000 ) ;
#2621 = VERTEX_POINT ( 'NONE', #1279 ) ;
#2622 = ADVANCED_FACE ( 'NONE', ( #334 ), #2107, .F. ) ;
#2623 = AXIS2_PLACEMENT_3D ( 'NONE', #3623, #4959, #1013 ) ;
#2624 = VECTOR ( 'NONE', #4318, 1000.000000000000000 ) ;
#2625 = CARTESIAN_POINT ( 'NONE',  ( 1.100000000000002087, -0.5000000000000002220, 0.2599999999999999534 ) ) ;
#2626 = DIRECTION ( 'NONE',  ( 0.000000000000000000, -1.000000000000000000, 0.000000000000000000 ) ) ;
#2627 = EDGE_CURVE ( 'NONE', #5196, #5363, #2052, .T. ) ;
#2628 = AXIS2_PLACEMENT_3D ( 'NONE', #3806, #1817, #3510 ) ;
#2629 = CARTESIAN_POINT ( 'NONE',  ( 1.100000000000002087, -0.2500000000000002220, 0.2599999999999922928 ) ) ;
#2630 = VERTEX_POINT ( 'NONE', #3742 ) ;
#2631 = AXIS2_PLACEMENT_3D ( 'NONE', #4669, #419, #2547 ) ;
#2632 = PRESENTATION_STYLE_ASSIGNMENT (( #4408 ) ) ;
#2633 = CARTESIAN_POINT ( 'NONE',  ( 0.3648896556285308734, -1.000000000000000000, -2.547875105340935420E-15 ) ) ;
#2634 =( NAMED_UNIT ( * ) PLANE_ANGLE_UNIT ( ) SI_UNIT ( $, .RADIAN. ) );
#2635 = PRESENTATION_LAYER_ASSIGNMENT (  '', '', ( #2289 ) ) ;
#2636 = EDGE_CURVE ( 'NONE', #1009, #4021, #1680, .T. ) ;
#2637 = CARTESIAN_POINT ( 'NONE',  ( -1.099999999999998979, 0.000000000000000000, 0.2599999999999999534 ) ) ;
#2638 = DIRECTION ( 'NONE',  ( -0.000000000000000000, 0.000000000000000000, 1.000000000000000000 ) ) ;
#2639 = ORIENTED_EDGE ( 'NONE', *, *, #883, .T. ) ;
#2640 = EDGE_LOOP ( 'NONE', ( #1606, #5078, #2715, #888, #4613, #4338, #490, #4413, #507, #1665, #786, #2039, #3871, #1215 ) ) ;
#2641 = STYLED_ITEM ( 'NONE', ( #2198 ), #4909 ) ;
#2642 =( LENGTH_UNIT ( ) NAMED_UNIT ( * ) SI_UNIT ( .MILLI., .METRE. ) );
#2643 = PRESENTATION_STYLE_ASSIGNMENT (( #1821 ) ) ;
#2644 = DIRECTION ( 'NONE',  ( -1.000000000000000000, 8.673617379884039416E-16, 0.000000000000000000 ) ) ;
#2645 = PRESENTATION_STYLE_ASSIGNMENT (( #4301 ) ) ;
#2646 = VECTOR ( 'NONE', #2498, 1000.000000000000000 ) ;
#2647 = ORIENTED_EDGE ( 'NONE', *, *, #3745, .T. ) ;
#2648 = EDGE_LOOP ( 'NONE', ( #2376, #538, #458, #2601 ) ) ;
#2649 = DIRECTION ( 'NONE',  ( 0.000000000000000000, -1.000000000000000000, 0.000000000000000000 ) ) ;
#2650 = CARTESIAN_POINT ( 'NONE',  ( 0.7507068832573945416, 0.6078267106094943362, 0.2599999999999999534 ) ) ;
#2651 = DIRECTION ( 'NONE',  ( 0.000000000000000000, -0.000000000000000000, -1.000000000000000000 ) ) ;
#2652 = UNCERTAINTY_MEASURE_WITH_UNIT (LENGTH_MEASURE( 1.000000000000000082E-05 ), #3724, 'distance_accuracy_value', 'NONE');
#2653 = DIRECTION ( 'NONE',  ( 6.982962677686268288E-15, -0.000000000000000000, 1.000000000000000000 ) ) ;
#2654 = LINE ( 'NONE', #78, #3831 ) ;
#2655 = ORIENTED_EDGE ( 'NONE', *, *, #2910, .F. ) ;
#2656 = LINE ( 'NONE', #651, #2273 ) ;
#2657 = EDGE_CURVE ( 'NONE', #3143, #2058, #1708, .T. ) ;
#2658 = FILL_AREA_STYLE ('',( #3114 ) ) ;
#2659 = CARTESIAN_POINT ( 'NONE',  ( 0.5359203924145662379, -0.2065665198382720669, 0.2799999999999999711 ) ) ;
#2660 = EDGE_CURVE ( 'NONE', #5216, #4131, #3388, .T. ) ;
#2661 = LINE ( 'NONE', #2629, #2922 ) ;
#2662 = ORIENTED_EDGE ( 'NONE', *, *, #3451, .F. ) ;
#2663 = ADVANCED_FACE ( 'NONE', ( #1198 ), #2920, .T. ) ;
#2664 = FILL_AREA_STYLE_COLOUR ( '', #4521 ) ;
#2665 = DIRECTION ( 'NONE',  ( 6.982962677686266711E-15, -0.000000000000000000, 1.000000000000000000 ) ) ;
#2666 = VECTOR ( 'NONE', #2338, 1000.000000000000000 ) ;
#2667 = AXIS2_PLACEMENT_3D ( 'NONE', #5442, #1503, #1882 ) ;
#2668 = CARTESIAN_POINT ( 'NONE',  ( -0.6634567500555484942, -0.2265013340820382082, 0.2799999999999999711 ) ) ;
#2669 = EDGE_LOOP ( 'NONE', ( #4366, #2532, #5412, #1553, #3833, #1356, #2758, #3375, #879, #4912, #5037, #3520 ) ) ;
#2670 = EDGE_LOOP ( 'NONE', ( #221, #4784, #5274, #418 ) ) ;
#2671 = CIRCLE ( 'NONE', #781, 0.2500000000000000000 ) ;
#2672 = CYLINDRICAL_SURFACE ( 'NONE', #1504, 0.3614255068147824712 ) ;
#2673 = DIRECTION ( 'NONE',  ( 1.000000000000000000, 1.626303258728255862E-15, 0.000000000000000000 ) ) ;
#2674 = PRESENTATION_LAYER_ASSIGNMENT (  '', '', ( #3652 ) ) ;
#2675 = CARTESIAN_POINT ( 'NONE',  ( 0.7774874880952626910, 0.3068909665269575204, 0.2599999999999999534 ) ) ;
#2676 = VECTOR ( 'NONE', #5010, 1000.000000000000000 ) ;
#2677 =( NAMED_UNIT ( * ) SI_UNIT ( $, .STERADIAN. ) SOLID_ANGLE_UNIT ( ) );
#2678 = ORIENTED_EDGE ( 'NONE', *, *, #1948, .F. ) ;
#2679 =( GEOMETRIC_REPRESENTATION_CONTEXT ( 3 ) GLOBAL_UNCERTAINTY_ASSIGNED_CONTEXT ( ( #2984 ) ) GLOBAL_UNIT_ASSIGNED_CONTEXT ( ( #2541, #4629, #2886 ) ) REPRESENTATION_CONTEXT ( 'NONE', 'WORKASPACE' ) );
#2680 = VERTEX_POINT ( 'NONE', #3881 ) ;
#2681 = CARTESIAN_POINT ( 'NONE',  ( 0.3195831592659477138, 0.4509946331943126552, 0.2810000000000000275 ) ) ;
#2682 = DIRECTION ( 'NONE',  ( 6.982962677686266711E-15, -0.000000000000000000, 1.000000000000000000 ) ) ;
#2683 = FILL_AREA_STYLE ('',( #5288 ) ) ;
#2684 = COLOUR_RGB ( '',0.8509803921568627194, 0.8509803921568627194, 0.8509803921568627194 ) ;
#2685 = CARTESIAN_POINT ( 'NONE',  ( 1.100000000000003642, 1.908195823574494115E-15, 0.2799999999999999711 ) ) ;
#2686 = ORIENTED_EDGE ( 'NONE', *, *, #5257, .F. ) ;
#2687 = DIRECTION ( 'NONE',  ( -0.000000000000000000, 0.000000000000000000, 1.000000000000000000 ) ) ;
#2688 = FILL_AREA_STYLE ('',( #4344 ) ) ;
#2689 = ORIENTED_EDGE ( 'NONE', *, *, #3816, .T. ) ;
#2690 = SURFACE_STYLE_FILL_AREA ( #3893 ) ;
#2691 = ADVANCED_FACE ( 'NONE', ( #5176 ), #443, .T. ) ;
#2692 = FACE_OUTER_BOUND ( 'NONE', #3703, .T. ) ;
#2693 = AXIS2_PLACEMENT_3D ( 'NONE', #2144, #3837, #3460 ) ;
#2694 = EDGE_LOOP ( 'NONE', ( #3958, #5443, #4047, #5557 ) ) ;
#2695 = UNCERTAINTY_MEASURE_WITH_UNIT (LENGTH_MEASURE( 1.000000000000000082E-05 ), #3978, 'distance_accuracy_value', 'NONE');
#2696 = ORIENTED_EDGE ( 'NONE', *, *, #1162, .T. ) ;
#2697 = EDGE_CURVE ( 'NONE', #868, #4896, #2245, .T. ) ;
#2698 = FILL_AREA_STYLE ('',( #4014 ) ) ;
#2699 = DIRECTION ( 'NONE',  ( -0.000000000000000000, 1.000000000000000000, -0.000000000000000000 ) ) ;
#2700 = DIRECTION ( 'NONE',  ( -0.000000000000000000, 0.000000000000000000, 1.000000000000000000 ) ) ;
#2701 = COLOUR_RGB ( '',0.8509803921568627194, 0.8509803921568627194, 0.8509803921568627194 ) ;
#2702 = SURFACE_STYLE_FILL_AREA ( #2314 ) ;
#2703 = VERTEX_POINT ( 'NONE', #976 ) ;
#2704 = VERTEX_POINT ( 'NONE', #4401 ) ;
#2705 = DIRECTION ( 'NONE',  ( 0.000000000000000000, -1.000000000000000000, 0.000000000000000000 ) ) ;
#2706 = DIRECTION ( 'NONE',  ( 1.000000000000000000, 3.469446951953614583E-15, -0.000000000000000000 ) ) ;
#2707 = APPLICATION_PROTOCOL_DEFINITION ( 'draft international standard', 'automotive_design', 1998, #77 ) ;
#2708 = EDGE_CURVE ( 'NONE', #2288, #1773, #3976, .T. ) ;
#2709 = ORIENTED_EDGE ( 'NONE', *, *, #979, .F. ) ;
#2710 = CARTESIAN_POINT ( 'NONE',  ( -1.071157378566040208, 0.8626410704386738848, 0.2799999999999999711 ) ) ;
#2711 = CARTESIAN_POINT ( 'NONE',  ( 0.8500000000000019762, 0.4999999999999997780, 0.2799999999999999711 ) ) ;
#2712 = CARTESIAN_POINT ( 'NONE',  ( 0.2532275857927164253, -0.3593805362314128615, 0.2810000000000000275 ) ) ;
#2713 = UNCERTAINTY_MEASURE_WITH_UNIT (LENGTH_MEASURE( 1.000000000000000082E-05 ), #2563, 'distance_accuracy_value', 'NONE');
#2714 = CIRCLE ( 'NONE', #298, 0.1000000000000000472 ) ;
#2715 = ORIENTED_EDGE ( 'NONE', *, *, #2325, .F. ) ;
#2716 = LINE ( 'NONE', #3121, #4552 ) ;
#2717 =( LENGTH_UNIT ( ) NAMED_UNIT ( * ) SI_UNIT ( .MILLI., .METRE. ) );
#2718 =( NAMED_UNIT ( * ) PLANE_ANGLE_UNIT ( ) SI_UNIT ( $, .RADIAN. ) );
#2719 = STYLED_ITEM ( 'NONE', ( #1981 ), #4129 ) ;
#2720 = DIRECTION ( 'NONE',  ( -0.000000000000000000, -0.000000000000000000, -1.000000000000000000 ) ) ;
#2721 = VERTEX_POINT ( 'NONE', #3911 ) ;
#2722 = CARTESIAN_POINT ( 'NONE',  ( -0.7249999999999999778, -1.000000000000000000, 0.2599999999999999534 ) ) ;
#2723 = AXIS2_PLACEMENT_3D ( 'NONE', #4947, #4916, #4051 ) ;
#2724 = DIRECTION ( 'NONE',  ( 1.734723475976807094E-15, -1.000000000000000000, -0.000000000000000000 ) ) ;
#2725 =( NAMED_UNIT ( * ) PLANE_ANGLE_UNIT ( ) SI_UNIT ( $, .RADIAN. ) );
#2726 = DIRECTION ( 'NONE',  ( -8.673617379884037444E-16, -1.000000000000000000, 6.057005021420981535E-30 ) ) ;
#2727 = ADVANCED_FACE ( 'NONE', ( #4286 ), #528, .F. ) ;
#2728 = AXIS2_PLACEMENT_3D ( 'NONE', #4516, #4144, #1573 ) ;
#2729 = ORIENTED_EDGE ( 'NONE', *, *, #575, .T. ) ;
#2730 = PRESENTATION_LAYER_ASSIGNMENT (  '', '', ( #1737 ) ) ;
#2731 = ORIENTED_EDGE ( 'NONE', *, *, #3417, .T. ) ;
#2732 = DIRECTION ( 'NONE',  ( 1.000000000000000000, 0.000000000000000000, 0.000000000000000000 ) ) ;
#2733 = EDGE_CURVE ( 'NONE', #2517, #2309, #2656, .T. ) ;
#2734 = FILL_AREA_STYLE_COLOUR ( '', #2252 ) ;
#2735 = CARTESIAN_POINT ( 'NONE',  ( 0.3195831592659477138, 0.4509946331943126552, 0.2810000000000000275 ) ) ;
#2736 = LINE ( 'NONE', #3583, #2061 ) ;
#2737 = SURFACE_STYLE_FILL_AREA ( #1531 ) ;
#2738 = ORIENTED_EDGE ( 'NONE', *, *, #245, .T. ) ;
#2739 = EDGE_CURVE ( 'NONE', #5378, #964, #3609, .T. ) ;
#2740 = LINE ( 'NONE', #4004, #3076 ) ;
#2741 = SURFACE_STYLE_USAGE ( .BOTH. , #3145 ) ;
#2742 =( LENGTH_UNIT ( ) NAMED_UNIT ( * ) SI_UNIT ( .MILLI., .METRE. ) );
#2743 = DIRECTION ( 'NONE',  ( 1.734723475976807292E-15, -1.000000000000000000, 0.000000000000000000 ) ) ;
#2744 = DIRECTION ( 'NONE',  ( -0.000000000000000000, -0.000000000000000000, -1.000000000000000000 ) ) ;
#2745 = EDGE_LOOP ( 'NONE', ( #4905, #1859, #2395, #3847, #4126, #568, #1258, #3952 ) ) ;
#2746 = DIRECTION ( 'NONE',  ( -0.000000000000000000, -0.000000000000000000, -1.000000000000000000 ) ) ;
#2747 = DIRECTION ( 'NONE',  ( -3.097720492815727166E-16, -1.000000000000000000, 2.163126658723613029E-30 ) ) ;
#2748 = CARTESIAN_POINT ( 'NONE',  ( -1.099999999999998090, 0.4999999999999997780, 0.2799999999999999711 ) ) ;
#2749 = SURFACE_SIDE_STYLE ('',( #4434 ) ) ;
#2750 = ORIENTED_EDGE ( 'NONE', *, *, #4417, .T. ) ;
#2751 = VECTOR ( 'NONE', #2561, 1000.000000000000000 ) ;
#2752 = SURFACE_STYLE_USAGE ( .BOTH. , #235 ) ;
#2753 = CARTESIAN_POINT ( 'NONE',  ( 0.000000000000000000, 0.000000000000000000, 0.2599999999999999534 ) ) ;
#2754 =( NAMED_UNIT ( * ) SI_UNIT ( $, .STERADIAN. ) SOLID_ANGLE_UNIT ( ) );
#2755 = AXIS2_PLACEMENT_3D ( 'NONE', #3963, #4706, #4790 ) ;
#2756 = DIRECTION ( 'NONE',  ( 6.982962677686268288E-15, -0.000000000000000000, 1.000000000000000000 ) ) ;
#2757 = VECTOR ( 'NONE', #2416, 1000.000000000000000 ) ;
#2758 = ORIENTED_EDGE ( 'NONE', *, *, #3688, .T. ) ;
#2759 = ORIENTED_EDGE ( 'NONE', *, *, #1455, .F. ) ;
#2760 = PRESENTATION_LAYER_ASSIGNMENT (  '', '', ( #3382 ) ) ;
#2761 = VECTOR ( 'NONE', #830, 1000.000000000000000 ) ;
#2762 = UNCERTAINTY_MEASURE_WITH_UNIT (LENGTH_MEASURE( 1.000000000000000082E-05 ), #1424, 'distance_accuracy_value', 'NONE');
#2763 = EDGE_CURVE ( 'NONE', #1046, #757, #2740, .T. ) ;
#2764 = SURFACE_STYLE_USAGE ( .BOTH. , #4910 ) ;
#2765 = SURFACE_STYLE_FILL_AREA ( #1933 ) ;
#2766 = PRESENTATION_LAYER_ASSIGNMENT (  '', '', ( #3651 ) ) ;
#2767 = ORIENTED_EDGE ( 'NONE', *, *, #2130, .F. ) ;
#2768 = ADVANCED_FACE ( 'NONE', ( #4427 ), #1446, .F. ) ;
#2769 = SURFACE_STYLE_FILL_AREA ( #1047 ) ;
#2770 = VECTOR ( 'NONE', #3739, 1000.000000000000000 ) ;
#2771 = CARTESIAN_POINT ( 'NONE',  ( -0.8737021536631368601, 0.8225389107019435153, 0.2599999999999999534 ) ) ;
#2772 = FACE_OUTER_BOUND ( 'NONE', #1454, .T. ) ;
#2773 = LINE ( 'NONE', #5478, #4142 ) ;
#2774 = ORIENTED_EDGE ( 'NONE', *, *, #5509, .F. ) ;
#2775 =( GEOMETRIC_REPRESENTATION_CONTEXT ( 3 ) GLOBAL_UNCERTAINTY_ASSIGNED_CONTEXT ( ( #2187 ) ) GLOBAL_UNIT_ASSIGNED_CONTEXT ( ( #313, #4637, #4549 ) ) REPRESENTATION_CONTEXT ( 'NONE', 'WORKASPACE' ) );
#2776 = LINE ( 'NONE', #4487, #315 ) ;
#2777 =( NAMED_UNIT ( * ) PLANE_ANGLE_UNIT ( ) SI_UNIT ( $, .RADIAN. ) );
#2778 =( NAMED_UNIT ( * ) SI_UNIT ( $, .STERADIAN. ) SOLID_ANGLE_UNIT ( ) );
#2779 = VECTOR ( 'NONE', #1101, 1000.000000000000000 ) ;
#2780 = ORIENTED_EDGE ( 'NONE', *, *, #5415, .F. ) ;
#2781 = DIRECTION ( 'NONE',  ( 1.000000000000000000, 0.000000000000000000, 0.000000000000000000 ) ) ;
#2782 = FACE_OUTER_BOUND ( 'NONE', #4357, .T. ) ;
#2783 =( NAMED_UNIT ( * ) SI_UNIT ( $, .STERADIAN. ) SOLID_ANGLE_UNIT ( ) );
#2784 = FILL_AREA_STYLE ('',( #3672 ) ) ;
#2785 = VERTEX_POINT ( 'NONE', #4112 ) ;
#2786 = ORIENTED_EDGE ( 'NONE', *, *, #1337, .F. ) ;
#2787 = MECHANICAL_DESIGN_GEOMETRIC_PRESENTATION_REPRESENTATION (  '', ( #3052 ), #104 ) ;
#2788 = PLANE ( 'NONE',  #1637 ) ;
#2789 = PLANE ( 'NONE',  #5243 ) ;
#2790 =( NAMED_UNIT ( * ) PLANE_ANGLE_UNIT ( ) SI_UNIT ( $, .RADIAN. ) );
#2791 = VERTEX_POINT ( 'NONE', #1964 ) ;
#2792 =( NAMED_UNIT ( * ) SI_UNIT ( $, .STERADIAN. ) SOLID_ANGLE_UNIT ( ) );
#2793 = AXIS2_PLACEMENT_3D ( 'NONE', #3408, #5141, #1273 ) ;
#2794 = SURFACE_STYLE_FILL_AREA ( #4945 ) ;
#2795 = SURFACE_SIDE_STYLE ('',( #2829 ) ) ;
#2796 = CARTESIAN_POINT ( 'NONE',  ( -0.000000000000000000, -0.05709504976923729380, 0.2599999999999999534 ) ) ;
#2797 = SURFACE_STYLE_USAGE ( .BOTH. , #5324 ) ;
#2798 = EDGE_CURVE ( 'NONE', #1901, #4300, #5322, .T. ) ;
#2799 = SURFACE_STYLE_FILL_AREA ( #630 ) ;
#2800 = COLOUR_RGB ( '',0.8509803921568627194, 0.8509803921568627194, 0.8509803921568627194 ) ;
#2801 =( GEOMETRIC_REPRESENTATION_CONTEXT ( 3 ) GLOBAL_UNCERTAINTY_ASSIGNED_CONTEXT ( ( #5382 ) ) GLOBAL_UNIT_ASSIGNED_CONTEXT ( ( #5088, #2947, #4221 ) ) REPRESENTATION_CONTEXT ( 'NONE', 'WORKASPACE' ) );
#2802 = VERTEX_POINT ( 'NONE', #3662 ) ;
#2803 = FILL_AREA_STYLE ('',( #3286 ) ) ;
#2804 = LINE ( 'NONE', #1974, #48 ) ;
#2805 = ADVANCED_FACE ( 'NONE', ( #4481 ), #4043, .F. ) ;
#2806 = PRESENTATION_STYLE_ASSIGNMENT (( #1062 ) ) ;
#2807 = AXIS2_PLACEMENT_3D ( 'NONE', #2403, #2828, #3279 ) ;
#2808 = CARTESIAN_POINT ( 'NONE',  ( 1.100000000000002087, 0.4999999999999997780, 0.2599999999999922928 ) ) ;
#2809 = VERTEX_POINT ( 'NONE', #1049 ) ;
#2810 = VECTOR ( 'NONE', #2726, 1000.000000000000000 ) ;
#2811 = EDGE_CURVE ( 'NONE', #4530, #1779, #3777, .T. ) ;
#2812 = CARTESIAN_POINT ( 'NONE',  ( 0.7507068832573945416, 0.6078267106094943362, 0.2799999999999999711 ) ) ;
#2813 = CARTESIAN_POINT ( 'NONE',  ( 0.7946937836714690340, -0.3065665198382721002, 0.2799999999999999711 ) ) ;
#2814 = CLOSED_SHELL ( 'NONE', ( #3322, #5148, #1254, #2558, #5223, #4339, #2421, #3069, #2691, #3813, #2941, #552, #2496, #2569, #3463, #238, #4584, #4379, #4129, #4284, #3112, #1431, #2158, #199, #3567, #3483, #3715, #1393, #5076, #2236, #5342, #3318, #4868, #4909, #3655, #1354 ) ) ;
#2815 = EDGE_LOOP ( 'NONE', ( #2156, #931, #1942, #828 ) ) ;
#2816 = ORIENTED_EDGE ( 'NONE', *, *, #3484, .T. ) ;
#2817 = VECTOR ( 'NONE', #1311, 1000.000000000000000 ) ;
#2818 = CARTESIAN_POINT ( 'NONE',  ( 1.100000000000000311, -1.000000000000000222, 0.01999999999999231906 ) ) ;
#2819 = SURFACE_STYLE_USAGE ( .BOTH. , #1469 ) ;
#2820 = PLANE ( 'NONE',  #2175 ) ;
#2821 = DIRECTION ( 'NONE',  ( -1.000000000000000000, 0.000000000000000000, 0.000000000000000000 ) ) ;
#2822 = AXIS2_PLACEMENT_3D ( 'NONE', #5397, #4544, #3335 ) ;
#2823 = CARTESIAN_POINT ( 'NONE',  ( -0.6803386800598816286, -0.2391341263035014764, 0.2799999999999999711 ) ) ;
#2824 = COLOUR_RGB ( '',0.8509803921568627194, 0.8509803921568627194, 0.8509803921568627194 ) ;
#2825 = EDGE_LOOP ( 'NONE', ( #149, #867, #1351, #4727 ) ) ;
#2826 =( NAMED_UNIT ( * ) PLANE_ANGLE_UNIT ( ) SI_UNIT ( $, .RADIAN. ) );
#2827 = PRESENTATION_LAYER_ASSIGNMENT (  '', '', ( #2641 ) ) ;
#2828 = DIRECTION ( 'NONE',  ( 6.983251342707903681E-15, -0.000000000000000000, 1.000000000000000000 ) ) ;
#2829 = SURFACE_STYLE_FILL_AREA ( #2352 ) ;
#2830 = LINE ( 'NONE', #2384, #3314 ) ;
#2831 = UNCERTAINTY_MEASURE_WITH_UNIT (LENGTH_MEASURE( 1.000000000000000082E-05 ), #3653, 'distance_accuracy_value', 'NONE');
#2832 = DIRECTION ( 'NONE',  ( 0.000000000000000000, -0.000000000000000000, -1.000000000000000000 ) ) ;
#2833 = COLOUR_RGB ( '',0.8509803921568627194, 0.8509803921568627194, 0.8509803921568627194 ) ;
#2834 =( NAMED_UNIT ( * ) PLANE_ANGLE_UNIT ( ) SI_UNIT ( $, .RADIAN. ) );
#2835 = PLANE ( 'NONE',  #4897 ) ;
#2836 = ADVANCED_FACE ( 'NONE', ( #1937 ), #3230, .T. ) ;
#2837 = DIRECTION ( 'NONE',  ( -1.000000000000000000, 9.856383386231857595E-17, 0.000000000000000000 ) ) ;
#2838 = CARTESIAN_POINT ( 'NONE',  ( -0.7250754616367172112, -0.5368602718148540731, 0.2599999999999999534 ) ) ;
#2839 = EDGE_CURVE ( 'NONE', #5174, #3234, #1676, .T. ) ;
#2840 = VERTEX_POINT ( 'NONE', #2075 ) ;
#2841 = FILL_AREA_STYLE_COLOUR ( '', #2320 ) ;
#2842 = CARTESIAN_POINT ( 'NONE',  ( 1.100000000000002531, 0.1362137402538543540, 0.2799999999999999711 ) ) ;
#2843 = CARTESIAN_POINT ( 'NONE',  ( 0.000000000000000000, 0.000000000000000000, 0.2799999999999999711 ) ) ;
#2844 = DIRECTION ( 'NONE',  ( -0.000000000000000000, -0.000000000000000000, -1.000000000000000000 ) ) ;
#2845 = PRESENTATION_STYLE_ASSIGNMENT (( #753 ) ) ;
#2846 =( GEOMETRIC_REPRESENTATION_CONTEXT ( 3 ) GLOBAL_UNCERTAINTY_ASSIGNED_CONTEXT ( ( #3554 ) ) GLOBAL_UNIT_ASSIGNED_CONTEXT ( ( #2642, #5100, #64 ) ) REPRESENTATION_CONTEXT ( 'NONE', 'WORKASPACE' ) );
#2847 = VERTEX_POINT ( 'NONE', #795 ) ;
#2848 = STYLED_ITEM ( 'NONE', ( #3639 ), #199 ) ;
#2849 = DIRECTION ( 'NONE',  ( 0.000000000000000000, -0.000000000000000000, -1.000000000000000000 ) ) ;
#2850 = AXIS2_PLACEMENT_3D ( 'NONE', #4174, #5563, #4721 ) ;
#2851 = FACE_OUTER_BOUND ( 'NONE', #798, .T. ) ;
#2852 = ORIENTED_EDGE ( 'NONE', *, *, #196, .T. ) ;
#2853 = CIRCLE ( 'NONE', #2755, 0.1000000000000000472 ) ;
#2854 = FILL_AREA_STYLE_COLOUR ( '', #1233 ) ;
#2855 =( GEOMETRIC_REPRESENTATION_CONTEXT ( 3 ) GLOBAL_UNCERTAINTY_ASSIGNED_CONTEXT ( ( #5453 ) ) GLOBAL_UNIT_ASSIGNED_CONTEXT ( ( #2319, #4473, #1440 ) ) REPRESENTATION_CONTEXT ( 'NONE', 'WORKASPACE' ) );
#2856 = FACE_OUTER_BOUND ( 'NONE', #3577, .T. ) ;
#2857 =( NAMED_UNIT ( * ) SI_UNIT ( $, .STERADIAN. ) SOLID_ANGLE_UNIT ( ) );
#2858 =( NAMED_UNIT ( * ) SI_UNIT ( $, .STERADIAN. ) SOLID_ANGLE_UNIT ( ) );
#2859 = CARTESIAN_POINT ( 'NONE',  ( 0.05584305983497199477, -0.3593805362314128615, 0.2810000000000000275 ) ) ;
#2860 = VECTOR ( 'NONE', #668, 1000.000000000000000 ) ;
#2861 = LINE ( 'NONE', #5451, #3394 ) ;
#2862 = STYLED_ITEM ( 'NONE', ( #3280 ), #1894 ) ;
#2863 = DIRECTION ( 'NONE',  ( -6.982962677686265922E-15, 0.000000000000000000, -1.000000000000000000 ) ) ;
#2864 = COLOUR_RGB ( '',0.8509803921568627194, 0.8509803921568627194, 0.8509803921568627194 ) ;
#2865 = FACE_OUTER_BOUND ( 'NONE', #2396, .T. ) ;
#2866 = CARTESIAN_POINT ( 'NONE',  ( 0.7672489025476870728, 0.6470277182179263731, 0.2799999999999999711 ) ) ;
#2867 = CARTESIAN_POINT ( 'NONE',  ( -9.855806056188584936E-17, -1.000000000000000000, 0.000000000000000000 ) ) ;
#2868 = VECTOR ( 'NONE', #1530, 1000.000000000000000 ) ;
#2869 = DIRECTION ( 'NONE',  ( -1.319749811710431518E-15, 1.000000000000000000, 0.000000000000000000 ) ) ;
#2870 = ORIENTED_EDGE ( 'NONE', *, *, #59, .T. ) ;
#2871 = CARTESIAN_POINT ( 'NONE',  ( 0.3195831592659477138, 0.04041390370446151792, 0.2810000000000000275 ) ) ;
#2872 = FILL_AREA_STYLE_COLOUR ( '', #5362 ) ;
#2873 = CARTESIAN_POINT ( 'NONE',  ( 1.100000000000000533, 0.1999999999999999833, -7.680894765701995475E-15 ) ) ;
#2874 = EDGE_CURVE ( 'NONE', #4746, #1175, #4216, .T. ) ;
#2875 = VERTEX_POINT ( 'NONE', #1592 ) ;
#2876 = LINE ( 'NONE', #351, #1815 ) ;
#2877 = FILL_AREA_STYLE ('',( #5470 ) ) ;
#2878 = DIRECTION ( 'NONE',  ( 1.000000000000000000, 1.626303258728255862E-15, 0.000000000000000000 ) ) ;
#2879 = VERTEX_POINT ( 'NONE', #5113 ) ;
#2880 = DIRECTION ( 'NONE',  ( -0.000000000000000000, -0.000000000000000000, -1.000000000000000000 ) ) ;
#2881 = COLOUR_RGB ( '',0.8509803921568627194, 0.8509803921568627194, 0.8509803921568627194 ) ;
#2882 = DIRECTION ( 'NONE',  ( -0.000000000000000000, -0.000000000000000000, -1.000000000000000000 ) ) ;
#2883 = FACE_OUTER_BOUND ( 'NONE', #1525, .T. ) ;
#2884 = DIRECTION ( 'NONE',  ( 3.097720492815726673E-16, 1.000000000000000000, -2.163126658723613029E-30 ) ) ;
#2885 = EDGE_CURVE ( 'NONE', #2630, #938, #4970, .T. ) ;
#2886 =( NAMED_UNIT ( * ) SI_UNIT ( $, .STERADIAN. ) SOLID_ANGLE_UNIT ( ) );
#2887 = AXIS2_PLACEMENT_3D ( 'NONE', #2965, #2913, #2455 ) ;
#2888 = ORIENTED_EDGE ( 'NONE', *, *, #3046, .T. ) ;
#2889 = STYLED_ITEM ( 'NONE', ( #163 ), #2145 ) ;
#2890 = LINE ( 'NONE', #5146, #4599 ) ;
#2891 = DIRECTION ( 'NONE',  ( 1.000000000000000000, 1.897353801849631971E-15, 0.000000000000000000 ) ) ;
#2892 =( GEOMETRIC_REPRESENTATION_CONTEXT ( 3 ) GLOBAL_UNCERTAINTY_ASSIGNED_CONTEXT ( ( #4974 ) ) GLOBAL_UNIT_ASSIGNED_CONTEXT ( ( #1470, #4941, #2088 ) ) REPRESENTATION_CONTEXT ( 'NONE', 'WORKASPACE' ) );
#2893 = VERTEX_POINT ( 'NONE', #4136 ) ;
#2894 =( NAMED_UNIT ( * ) PLANE_ANGLE_UNIT ( ) SI_UNIT ( $, .RADIAN. ) );
#2895 = CARTESIAN_POINT ( 'NONE',  ( 0.05584305983497199477, -0.3593805362314128615, 0.2810000000000000275 ) ) ;
#2896 = PRESENTATION_LAYER_ASSIGNMENT (  '', '', ( #4707 ) ) ;
#2897 = DIRECTION ( 'NONE',  ( 1.000000000000000000, 0.000000000000000000, 0.000000000000000000 ) ) ;
#2898 = VECTOR ( 'NONE', #3687, 1000.000000000000000 ) ;
#2899 = LINE ( 'NONE', #4558, #1653 ) ;
#2900 = VERTEX_POINT ( 'NONE', #5553 ) ;
#2901 = VECTOR ( 'NONE', #2756, 1000.000000000000000 ) ;
#2902 = PRESENTATION_LAYER_ASSIGNMENT (  '', '', ( #5353 ) ) ;
#2903 = EDGE_CURVE ( 'NONE', #3383, #2847, #3307, .T. ) ;
#2904 = CARTESIAN_POINT ( 'NONE',  ( 0.3432670707574931868, -0.3593805362314128615, 0.2810000000000000275 ) ) ;
#2905 = ADVANCED_FACE ( 'NONE', ( #299 ), #357, .F. ) ;
#2906 = LINE ( 'NONE', #3374, #4094 ) ;
#2907 = EDGE_CURVE ( 'NONE', #1847, #3433, #4682, .T. ) ;
#2908 = ORIENTED_EDGE ( 'NONE', *, *, #4033, .T. ) ;
#2909 = DIRECTION ( 'NONE',  ( 0.000000000000000000, 1.000000000000000000, 0.000000000000000000 ) ) ;
#2910 = EDGE_CURVE ( 'NONE', #2504, #717, #5044, .T. ) ;
#2911 = STYLED_ITEM ( 'NONE', ( #4145 ), #4379 ) ;
#2912 = DIRECTION ( 'NONE',  ( 0.000000000000000000, -1.000000000000000000, 0.000000000000000000 ) ) ;
#2913 = DIRECTION ( 'NONE',  ( 1.000000000000000000, 0.000000000000000000, -0.000000000000000000 ) ) ;
#2914 = CARTESIAN_POINT ( 'NONE',  ( 1.100000000000000089, -0.5000000000000002220, -7.680894765701995475E-15 ) ) ;
#2915 = MECHANICAL_DESIGN_GEOMETRIC_PRESENTATION_REPRESENTATION (  '', ( #4432 ), #3622 ) ;
#2916 = PRESENTATION_STYLE_ASSIGNMENT (( #4659 ) ) ;
#2917 = ORIENTED_EDGE ( 'NONE', *, *, #1014, .F. ) ;
#2918 = VECTOR ( 'NONE', #4952, 1000.000000000000000 ) ;
#2919 = AXIS2_PLACEMENT_3D ( 'NONE', #4809, #5276, #476 ) ;
#2920 = PLANE ( 'NONE',  #3967 ) ;
#2921 = CARTESIAN_POINT ( 'NONE',  ( -0.4000000000000000777, 0.2000000000000000111, 2.791820594150173918E-15 ) ) ;
#2922 = VECTOR ( 'NONE', #3395, 1000.000000000000000 ) ;
#2923 = ORIENTED_EDGE ( 'NONE', *, *, #5538, .T. ) ;
#2924 = FILL_AREA_STYLE ('',( #1 ) ) ;
#2925 = SURFACE_SIDE_STYLE ('',( #2579 ) ) ;
#2926 = DIRECTION ( 'NONE',  ( -1.000000000000000000, -0.000000000000000000, -0.000000000000000000 ) ) ;
#2927 = DIRECTION ( 'NONE',  ( -0.000000000000000000, -0.000000000000000000, -1.000000000000000000 ) ) ;
#2928 = DIRECTION ( 'NONE',  ( 6.982962677686268288E-15, -0.000000000000000000, 1.000000000000000000 ) ) ;
#2929 = VERTEX_POINT ( 'NONE', #3407 ) ;
#2930 = DIRECTION ( 'NONE',  ( 0.000000000000000000, 1.000000000000000000, 0.000000000000000000 ) ) ;
#2931 = SURFACE_SIDE_STYLE ('',( #2562 ) ) ;
#2932 = CARTESIAN_POINT ( 'NONE',  ( -0.6035437629006772386, 0.04290495023076341258, 0.2799999999999999711 ) ) ;
#2933 = SURFACE_STYLE_FILL_AREA ( #1161 ) ;
#2934 = ORIENTED_EDGE ( 'NONE', *, *, #814, .T. ) ;
#2935 = CARTESIAN_POINT ( 'NONE',  ( 1.100000000000000533, 0.1999999999999999833, -7.680894765701995475E-15 ) ) ;
#2936 = EDGE_CURVE ( 'NONE', #4472, #5371, #4626, .T. ) ;
#2937 = LINE ( 'NONE', #4681, #829 ) ;
#2938 = DIRECTION ( 'NONE',  ( -0.7769070476675158377, 0.6296153105544244344, 0.000000000000000000 ) ) ;
#2939 =( NAMED_UNIT ( * ) SI_UNIT ( $, .STERADIAN. ) SOLID_ANGLE_UNIT ( ) );
#2940 = VECTOR ( 'NONE', #1858, 1000.000000000000000 ) ;
#2941 = ADVANCED_FACE ( 'NONE', ( #2883 ), #3764, .T. ) ;
#2942 = ORIENTED_EDGE ( 'NONE', *, *, #3298, .T. ) ;
#2943 = STYLED_ITEM ( 'NONE', ( #4347 ), #2523 ) ;
#2944 = VECTOR ( 'NONE', #1216, 1000.000000000000000 ) ;
#2945 =( GEOMETRIC_REPRESENTATION_CONTEXT ( 3 ) GLOBAL_UNCERTAINTY_ASSIGNED_CONTEXT ( ( #1837 ) ) GLOBAL_UNIT_ASSIGNED_CONTEXT ( ( #1888, #4751, #894 ) ) REPRESENTATION_CONTEXT ( 'NONE', 'WORKASPACE' ) );
#2946 = COLOUR_RGB ( '',0.000000000000000000, 1.000000000000000000, 0.000000000000000000 ) ;
#2947 =( NAMED_UNIT ( * ) PLANE_ANGLE_UNIT ( ) SI_UNIT ( $, .RADIAN. ) );
#2948 = MECHANICAL_DESIGN_GEOMETRIC_PRESENTATION_REPRESENTATION (  '', ( #1512 ), #1570 ) ;
#2949 = CARTESIAN_POINT ( 'NONE',  ( -0.5388595371840243509, 0.8637862597461452019, 0.2799999999999999711 ) ) ;
#2950 = FACE_OUTER_BOUND ( 'NONE', #4620, .T. ) ;
#2951 = CARTESIAN_POINT ( 'NONE',  ( 0.3648896556285310400, 0.9999999999999997780, 0.01999999999999745384 ) ) ;
#2952 = MECHANICAL_DESIGN_GEOMETRIC_PRESENTATION_REPRESENTATION (  '', ( #1693 ), #2582 ) ;
#2953 = VERTEX_POINT ( 'NONE', #3018 ) ;
#2954 =( NAMED_UNIT ( * ) PLANE_ANGLE_UNIT ( ) SI_UNIT ( $, .RADIAN. ) );
#2955 = VECTOR ( 'NONE', #2154, 1000.000000000000000 ) ;
#2956 =( LENGTH_UNIT ( ) NAMED_UNIT ( * ) SI_UNIT ( .MILLI., .METRE. ) );
#2957 =( NAMED_UNIT ( * ) PLANE_ANGLE_UNIT ( ) SI_UNIT ( $, .RADIAN. ) );
#2958 = ORIENTED_EDGE ( 'NONE', *, *, #1758, .F. ) ;
#2959 = SURFACE_STYLE_USAGE ( .BOTH. , #3062 ) ;
#2960 = CARTESIAN_POINT ( 'NONE',  ( -1.099999999999998535, 0.8637862597461452019, 0.2799999999999999711 ) ) ;
#2961 = DIRECTION ( 'NONE',  ( 0.000000000000000000, -0.000000000000000000, -1.000000000000000000 ) ) ;
#2962 = ORIENTED_EDGE ( 'NONE', *, *, #629, .F. ) ;
#2963 = DIRECTION ( 'NONE',  ( 0.000000000000000000, -1.000000000000000000, 0.000000000000000000 ) ) ;
#2964 = VECTOR ( 'NONE', #5361, 1000.000000000000000 ) ;
#2965 = CARTESIAN_POINT ( 'NONE',  ( 0.2532275857927164253, -0.3593805362314128615, 0.2810000000000000275 ) ) ;
#2966 = CARTESIAN_POINT ( 'NONE',  ( -1.099999999999998979, -0.2499999999999997780, 0.2599999999999999534 ) ) ;
#2967 = FILL_AREA_STYLE ('',( #3358 ) ) ;
#2968 = VERTEX_POINT ( 'NONE', #966 ) ;
#2969 = SURFACE_STYLE_FILL_AREA ( #3768 ) ;
#2970 = COLOUR_RGB ( '',1.000000000000000000, 1.000000000000000000, 1.000000000000000000 ) ;
#2971 = EDGE_CURVE ( 'NONE', #1520, #1040, #940, .T. ) ;
#2972 = DIRECTION ( 'NONE',  ( -0.000000000000000000, -0.000000000000000000, -1.000000000000000000 ) ) ;
#2973 = SURFACE_STYLE_FILL_AREA ( #2575 ) ;
#2974 = EDGE_LOOP ( 'NONE', ( #5020, #3557, #4065, #4361 ) ) ;
#2975 = ADVANCED_FACE ( 'NONE', ( #2240 ), #5180, .T. ) ;
#2976 = FACE_OUTER_BOUND ( 'NONE', #3965, .T. ) ;
#2977 = FACE_OUTER_BOUND ( 'NONE', #1820, .T. ) ;
#2978 = FILL_AREA_STYLE ('',( #482 ) ) ;
#2979 = ORIENTED_EDGE ( 'NONE', *, *, #3078, .T. ) ;
#2980 = ADVANCED_FACE ( 'NONE', ( #3438 ), #3072, .T. ) ;
#2981 = DIRECTION ( 'NONE',  ( -1.000000000000000000, 8.673617379884039416E-16, 0.000000000000000000 ) ) ;
#2982 =( LENGTH_UNIT ( ) NAMED_UNIT ( * ) SI_UNIT ( .MILLI., .METRE. ) );
#2983 = DIRECTION ( 'NONE',  ( -0.000000000000000000, 1.000000000000000000, -0.000000000000000000 ) ) ;
#2984 = UNCERTAINTY_MEASURE_WITH_UNIT (LENGTH_MEASURE( 1.000000000000000082E-05 ), #2541, 'distance_accuracy_value', 'NONE');
#2985 = VERTEX_POINT ( 'NONE', #5227 ) ;
#2986 =( GEOMETRIC_REPRESENTATION_CONTEXT ( 3 ) GLOBAL_UNCERTAINTY_ASSIGNED_CONTEXT ( ( #4501 ) ) GLOBAL_UNIT_ASSIGNED_CONTEXT ( ( #2382, #1536, #1563 ) ) REPRESENTATION_CONTEXT ( 'NONE', 'WORKASPACE' ) );
#2987 =( NAMED_UNIT ( * ) PLANE_ANGLE_UNIT ( ) SI_UNIT ( $, .RADIAN. ) );
#2988 = SURFACE_STYLE_FILL_AREA ( #2617 ) ;
#2989 = VECTOR ( 'NONE', #4233, 1000.000000000000000 ) ;
#2990 = SURFACE_STYLE_FILL_AREA ( #1803 ) ;
#2991 = CARTESIAN_POINT ( 'NONE',  ( -1.100000000000000089, 0.4999999999999997780, 7.680894765701995475E-15 ) ) ;
#2992 = DIRECTION ( 'NONE',  ( -0.000000000000000000, 0.000000000000000000, 1.000000000000000000 ) ) ;
#2993 = CARTESIAN_POINT ( 'NONE',  ( -8.379754891853958856E-17, -1.000000000000000000, 0.000000000000000000 ) ) ;
#2994 = VERTEX_POINT ( 'NONE', #460 ) ;
#2995 =( GEOMETRIC_REPRESENTATION_CONTEXT ( 3 ) GLOBAL_UNCERTAINTY_ASSIGNED_CONTEXT ( ( #1767 ) ) GLOBAL_UNIT_ASSIGNED_CONTEXT ( ( #1622, #4281, #76 ) ) REPRESENTATION_CONTEXT ( 'NONE', 'WORKASPACE' ) );
#2996 =( NAMED_UNIT ( * ) PLANE_ANGLE_UNIT ( ) SI_UNIT ( $, .RADIAN. ) );
#2997 =( LENGTH_UNIT ( ) NAMED_UNIT ( * ) SI_UNIT ( .MILLI., .METRE. ) );
#2998 = DIRECTION ( 'NONE',  ( -6.982962677686265922E-15, 0.000000000000000000, -1.000000000000000000 ) ) ;
#2999 =( GEOMETRIC_REPRESENTATION_CONTEXT ( 3 ) GLOBAL_UNCERTAINTY_ASSIGNED_CONTEXT ( ( #5149 ) ) GLOBAL_UNIT_ASSIGNED_CONTEXT ( ( #3983, #1031, #116 ) ) REPRESENTATION_CONTEXT ( 'NONE', 'WORKASPACE' ) );
#3000 = UNCERTAINTY_MEASURE_WITH_UNIT (LENGTH_MEASURE( 1.000000000000000082E-05 ), #3473, 'distance_accuracy_value', 'NONE');
#3001 = DIRECTION ( 'NONE',  ( -1.000000000000000000, 9.856383386231857595E-17, 6.982631605183631963E-15 ) ) ;
#3002 = ORIENTED_EDGE ( 'NONE', *, *, #4904, .T. ) ;
#3003 = EDGE_CURVE ( 'NONE', #4896, #605, #1444, .T. ) ;
#3004 = FILL_AREA_STYLE ('',( #1687 ) ) ;
#3005 = SURFACE_STYLE_FILL_AREA ( #3857 ) ;
#3006 = COLOUR_RGB ( '',0.8509803921568627194, 0.8509803921568627194, 0.8509803921568627194 ) ;
#3007 = PLANE ( 'NONE',  #5462 ) ;
#3008 = EDGE_CURVE ( 'NONE', #4702, #110, #4023, .T. ) ;
#3009 = ORIENTED_EDGE ( 'NONE', *, *, #3620, .T. ) ;
#3010 = ORIENTED_EDGE ( 'NONE', *, *, #1743, .T. ) ;
#3011 = CARTESIAN_POINT ( 'NONE',  ( -1.099999999999998090, -1.000000000000000000, 0.2600000000000076694 ) ) ;
#3012 = SURFACE_SIDE_STYLE ('',( #1328 ) ) ;
#3013 =( NAMED_UNIT ( * ) SI_UNIT ( $, .STERADIAN. ) SOLID_ANGLE_UNIT ( ) );
#3014 = ORIENTED_EDGE ( 'NONE', *, *, #3688, .F. ) ;
#3015 = CARTESIAN_POINT ( 'NONE',  ( 1.100000000000002531, 0.7499999999999997780, 0.2799999999999999711 ) ) ;
#3016 = ORIENTED_EDGE ( 'NONE', *, *, #4557, .F. ) ;
#3017 = CARTESIAN_POINT ( 'NONE',  ( 0.000000000000000000, -0.05709504976923727992, 0.2799999999999999711 ) ) ;
#3018 = CARTESIAN_POINT ( 'NONE',  ( 0.05584305983497199477, -0.5316465652036583833, 0.2599999999999999534 ) ) ;
#3019 = ORIENTED_EDGE ( 'NONE', *, *, #3558, .F. ) ;
#3020 = VECTOR ( 'NONE', #4956, 1000.000000000000000 ) ;
#3021 = UNCERTAINTY_MEASURE_WITH_UNIT (LENGTH_MEASURE( 1.000000000000000082E-05 ), #183, 'distance_accuracy_value', 'NONE');
#3022 = DIRECTION ( 'NONE',  ( -1.000000000000000000, 2.378754451002344057E-17, 0.000000000000000000 ) ) ;
#3023 = DIRECTION ( 'NONE',  ( 0.000000000000000000, 0.000000000000000000, 1.000000000000000000 ) ) ;
#3024 = ORIENTED_EDGE ( 'NONE', *, *, #2903, .T. ) ;
#3025 = AXIS2_PLACEMENT_3D ( 'NONE', #4765, #3524, #881 ) ;
#3026 =( NAMED_UNIT ( * ) PLANE_ANGLE_UNIT ( ) SI_UNIT ( $, .RADIAN. ) );
#3027 = SURFACE_STYLE_FILL_AREA ( #4723 ) ;
#3028 =( NAMED_UNIT ( * ) PLANE_ANGLE_UNIT ( ) SI_UNIT ( $, .RADIAN. ) );
#3029 = SURFACE_STYLE_USAGE ( .BOTH. , #4354 ) ;
#3030 = ORIENTED_EDGE ( 'NONE', *, *, #1605, .F. ) ;
#3031 = ORIENTED_EDGE ( 'NONE', *, *, #1185, .F. ) ;
#3032 = AXIS2_PLACEMENT_3D ( 'NONE', #5423, #1539, #2406 ) ;
#3033 = CARTESIAN_POINT ( 'NONE',  ( 0.6534767642029393198, -0.1570950497692372438, 0.2599999999999999534 ) ) ;
#3034 = ADVANCED_FACE ( 'NONE', ( #622 ), #5349, .F. ) ;
#3035 =( GEOMETRIC_REPRESENTATION_CONTEXT ( 3 ) GLOBAL_UNCERTAINTY_ASSIGNED_CONTEXT ( ( #2590 ) ) GLOBAL_UNIT_ASSIGNED_CONTEXT ( ( #137, #4444, #673 ) ) REPRESENTATION_CONTEXT ( 'NONE', 'WORKASPACE' ) );
#3036 = ORIENTED_EDGE ( 'NONE', *, *, #416, .F. ) ;
#3037 = B_SPLINE_CURVE_WITH_KNOTS ( 'NONE', 3,
 ( #4971, #626, #3610, #328 ),
 .UNSPECIFIED., .F., .F.,
 ( 4, 4 ),
 ( 0.1244051645373050602, 1.000000000000000000 ),
 .UNSPECIFIED. ) ;
#3038 = VERTEX_POINT ( 'NONE', #1880 ) ;
#3039 = CYLINDRICAL_SURFACE ( 'NONE', #3025, 0.3637862597461454239 ) ;
#3040 = EDGE_CURVE ( 'NONE', #1853, #813, #4680, .T. ) ;
#3041 = CARTESIAN_POINT ( 'NONE',  ( 0.7507068832573945416, 0.6078267106094943362, 0.2799999999999999711 ) ) ;
#3042 = SURFACE_STYLE_USAGE ( .BOTH. , #1419 ) ;
#3043 = CARTESIAN_POINT ( 'NONE',  ( -0.4000000000000004663, -0.8999999999999998002, 2.791820594150173918E-15 ) ) ;
#3044 =( NAMED_UNIT ( * ) PLANE_ANGLE_UNIT ( ) SI_UNIT ( $, .RADIAN. ) );
#3045 = ORIENTED_EDGE ( 'NONE', *, *, #4055, .F. ) ;
#3046 = EDGE_CURVE ( 'NONE', #770, #1616, #1418, .T. ) ;
#3047 = CARTESIAN_POINT ( 'NONE',  ( -0.4343137556297431701, 0.04041390370446151792, 0.2599999999999999534 ) ) ;
#3048 = LINE ( 'NONE', #4773, #592 ) ;
#3049 = FACE_OUTER_BOUND ( 'NONE', #1746, .T. ) ;
#3050 = CARTESIAN_POINT ( 'NONE',  ( 1.100000000000002087, 0.000000000000000000, 0.2599999999999999534 ) ) ;
#3051 = ORIENTED_EDGE ( 'NONE', *, *, #2591, .T. ) ;
#3052 = STYLED_ITEM ( 'NONE', ( #1725 ), #3183 ) ;
#3053 = LINE ( 'NONE', #3450, #683 ) ;
#3054 = DIRECTION ( 'NONE',  ( 0.000000000000000000, -0.000000000000000000, -1.000000000000000000 ) ) ;
#3055 =( NAMED_UNIT ( * ) SI_UNIT ( $, .STERADIAN. ) SOLID_ANGLE_UNIT ( ) );
#3056 = CARTESIAN_POINT ( 'NONE',  ( 0.3901487617419281406, 0.6855750628389500889, 0.2799999999999999711 ) ) ;
#3057 = UNCERTAINTY_MEASURE_WITH_UNIT (LENGTH_MEASURE( 1.000000000000000082E-05 ), #2982, 'distance_accuracy_value', 'NONE');
#3058 = EDGE_LOOP ( 'NONE', ( #675, #4520, #3861, #4169 ) ) ;
#3059 = ORIENTED_EDGE ( 'NONE', *, *, #606, .F. ) ;
#3060 = ORIENTED_EDGE ( 'NONE', *, *, #2336, .F. ) ;
#3061 = COLOUR_RGB ( '',0.7921568627450980005, 0.8196078431372548767, 0.9333333333333333481 ) ;
#3062 = SURFACE_SIDE_STYLE ('',( #3489 ) ) ;
#3063 = DIRECTION ( 'NONE',  ( 1.000000000000000000, 1.788196464443831756E-15, 0.000000000000000000 ) ) ;
#3064 = CARTESIAN_POINT ( 'NONE',  ( -0.7249999999999999778, -1.000000000000000000, 0.8400000000000000799 ) ) ;
#3065 = FILL_AREA_STYLE_COLOUR ( '', #576 ) ;
#3066 = PRESENTATION_LAYER_ASSIGNMENT (  '', '', ( #3606 ) ) ;
#3067 = VERTEX_POINT ( 'NONE', #3141 ) ;
#3068 = ORIENTED_EDGE ( 'NONE', *, *, #1985, .T. ) ;
#3069 = ADVANCED_FACE ( 'NONE', ( #1931 ), #4046, .F. ) ;
#3070 =( LENGTH_UNIT ( ) NAMED_UNIT ( * ) SI_UNIT ( .MILLI., .METRE. ) );
#3071 = ADVANCED_FACE ( 'NONE', ( #1072 ), #216, .F. ) ;
#3072 = PLANE ( 'NONE',  #2168 ) ;
#3073 = LINE ( 'NONE', #1021, #4220 ) ;
#3074 = LINE ( 'NONE', #3043, #889 ) ;
#3075 = VECTOR ( 'NONE', #4997, 1000.000000000000000 ) ;
#3076 = VECTOR ( 'NONE', #587, 1000.000000000000000 ) ;
#3077 = ORIENTED_EDGE ( 'NONE', *, *, #4484, .F. ) ;
#3078 = EDGE_CURVE ( 'NONE', #4943, #577, #4964, .T. ) ;
#3079 = PRESENTATION_LAYER_ASSIGNMENT (  '', '', ( #36 ) ) ;
#3080 = VECTOR ( 'NONE', #5021, 1000.000000000000000 ) ;
#3081 = DIRECTION ( 'NONE',  ( -3.469446951953614189E-15, 1.000000000000000000, 0.000000000000000000 ) ) ;
#3082 = CARTESIAN_POINT ( 'NONE',  ( -1.100000000000000977, 0.2499999999999997780, 7.680894765701995475E-15 ) ) ;
#3083 =( NAMED_UNIT ( * ) SI_UNIT ( $, .STERADIAN. ) SOLID_ANGLE_UNIT ( ) );
#3084 = VECTOR ( 'NONE', #289, 1000.000000000000000 ) ;
#3085 = STYLED_ITEM ( 'NONE', ( #310 ), #4339 ) ;
#3086 = CARTESIAN_POINT ( 'NONE',  ( 1.100000000000003642, 1.908195823574494115E-15, 0.2599999999999999534 ) ) ;
#3087 = ORIENTED_EDGE ( 'NONE', *, *, #3284, .F. ) ;
#3088 = FILL_AREA_STYLE ('',( #5364 ) ) ;
#3089 =( LENGTH_UNIT ( ) NAMED_UNIT ( * ) SI_UNIT ( .MILLI., .METRE. ) );
#3090 = AXIS2_PLACEMENT_3D ( 'NONE', #4922, #1060, #4348 ) ;
#3091 = STYLED_ITEM ( 'NONE', ( #1154 ), #4801 ) ;
#3092 = FACE_OUTER_BOUND ( 'NONE', #139, .T. ) ;
#3093 = CARTESIAN_POINT ( 'NONE',  ( -0.6766918921026191525, 0.6855750628389500889, 0.2599999999999999534 ) ) ;
#3094 = ORIENTED_EDGE ( 'NONE', *, *, #2117, .T. ) ;
#3095 = VERTEX_POINT ( 'NONE', #2449 ) ;
#3096 = ORIENTED_EDGE ( 'NONE', *, *, #2327, .F. ) ;
#3097 = COLOUR_RGB ( '',0.8509803921568627194, 0.8509803921568627194, 0.8509803921568627194 ) ;
#3098 = FACE_OUTER_BOUND ( 'NONE', #5431, .T. ) ;
#3099 = CARTESIAN_POINT ( 'NONE',  ( 0.05584305983497199477, -0.5316465652036583833, 0.2810000000000000275 ) ) ;
#3100 = DIRECTION ( 'NONE',  ( -4.646580739223590995E-16, -1.000000000000000000, 3.244824118618382289E-30 ) ) ;
#3101 = FILL_AREA_STYLE ('',( #3065 ) ) ;
#3102 = VECTOR ( 'NONE', #1966, 1000.000000000000000 ) ;
#3103 = ORIENTED_EDGE ( 'NONE', *, *, #2839, .F. ) ;
#3104 = ORIENTED_EDGE ( 'NONE', *, *, #4343, .F. ) ;
#3105 =( NAMED_UNIT ( * ) PLANE_ANGLE_UNIT ( ) SI_UNIT ( $, .RADIAN. ) );
#3106 = DIRECTION ( 'NONE',  ( 0.000000000000000000, 1.000000000000000000, -0.000000000000000000 ) ) ;
#3107 = CARTESIAN_POINT ( 'NONE',  ( 1.100000000000002531, 0.2499999999999997224, 0.2599999999999999534 ) ) ;
#3108 = UNCERTAINTY_MEASURE_WITH_UNIT (LENGTH_MEASURE( 1.000000000000000082E-05 ), #5007, 'distance_accuracy_value', 'NONE');
#3109 = CARTESIAN_POINT ( 'NONE',  ( -0.5740798441076682135, -0.6849774522544942457, 0.2799999999999999711 ) ) ;
#3110 = DIRECTION ( 'NONE',  ( 1.000000000000000000, 0.000000000000000000, 0.000000000000000000 ) ) ;
#3111 = ORIENTED_EDGE ( 'NONE', *, *, #2325, .T. ) ;
#3112 = ADVANCED_FACE ( 'NONE', ( #4617 ), #3373, .T. ) ;
#3113 = SURFACE_STYLE_USAGE ( .BOTH. , #111 ) ;
#3114 = FILL_AREA_STYLE_COLOUR ( '', #1691 ) ;
#3115 = CARTESIAN_POINT ( 'NONE',  ( 0.5124155170610091847, 0.3080817958270101187, 0.2799999999999999711 ) ) ;
#3116 = EDGE_CURVE ( 'NONE', #2791, #3578, #759, .T. ) ;
#3117 = FILL_AREA_STYLE_COLOUR ( '', #5204 ) ;
#3118 = UNCERTAINTY_MEASURE_WITH_UNIT (LENGTH_MEASURE( 1.000000000000000082E-05 ), #3853, 'distance_accuracy_value', 'NONE');
#3119 = CARTESIAN_POINT ( 'NONE',  ( -1.031512925605919229, 0.8594879528193650753, 0.2799999999999999156 ) ) ;
#3120 = VERTEX_POINT ( 'NONE', #2015 ) ;
#3121 = CARTESIAN_POINT ( 'NONE',  ( -0.4000000000000000777, 0.9000000000000000222, 2.791820594150173918E-15 ) ) ;
#3122 = SURFACE_STYLE_USAGE ( .BOTH. , #4458 ) ;
#3123 = AXIS2_PLACEMENT_3D ( 'NONE', #1841, #4836, #4009 ) ;
#3124 = SURFACE_STYLE_USAGE ( .BOTH. , #2304 ) ;
#3125 = FACE_OUTER_BOUND ( 'NONE', #102, .T. ) ;
#3126 = VECTOR ( 'NONE', #293, 1000.000000000000000 ) ;
#3127 = CARTESIAN_POINT ( 'NONE',  ( 0.5359203924145662379, 1.036540087595036278E-16, 0.2799999999999999711 ) ) ;
#3128 = EDGE_LOOP ( 'NONE', ( #5164, #4356, #995, #1613, #2290, #5494 ) ) ;
#3129 = ORIENTED_EDGE ( 'NONE', *, *, #841, .T. ) ;
#3130 = CARTESIAN_POINT ( 'NONE',  ( 0.7672489025476870728, 0.6470277182179263731, 0.2599999999999999534 ) ) ;
#3131 = FILL_AREA_STYLE_COLOUR ( '', #4969 ) ;
#3132 = EDGE_CURVE ( 'NONE', #2517, #5203, #3707, .T. ) ;
#3133 = MECHANICAL_DESIGN_GEOMETRIC_PRESENTATION_REPRESENTATION (  '', ( #4748 ), #2057 ) ;
#3134 = AXIS2_PLACEMENT_3D ( 'NONE', #4081, #709, #3253 ) ;
#3135 = SURFACE_STYLE_USAGE ( .BOTH. , #5408 ) ;
#3136 = VECTOR ( 'NONE', #2469, 1000.000000000000000 ) ;
#3137 =( NAMED_UNIT ( * ) PLANE_ANGLE_UNIT ( ) SI_UNIT ( $, .RADIAN. ) );
#3138 = EDGE_LOOP ( 'NONE', ( #2019, #4763, #3242, #724 ) ) ;
#3139 = ORIENTED_EDGE ( 'NONE', *, *, #3531, .T. ) ;
#3140 =( NAMED_UNIT ( * ) PLANE_ANGLE_UNIT ( ) SI_UNIT ( $, .RADIAN. ) );
#3141 = CARTESIAN_POINT ( 'NONE',  ( 1.100000000000000311, 0.9999999999999997780, 0.01999999999999231906 ) ) ;
#3142 = SURFACE_STYLE_FILL_AREA ( #4365 ) ;
#3143 = VERTEX_POINT ( 'NONE', #2960 ) ;
#3144 = DIRECTION ( 'NONE',  ( -1.000000000000000000, 0.000000000000000000, 6.982962677686265922E-15 ) ) ;
#3145 = SURFACE_SIDE_STYLE ('',( #5235 ) ) ;
#3146 = CARTESIAN_POINT ( 'NONE',  ( -1.099999999999998979, 0.000000000000000000, 0.2599999999999999534 ) ) ;
#3147 = PLANE ( 'NONE',  #350 ) ;
#3148 = ORIENTED_EDGE ( 'NONE', *, *, #93, .T. ) ;
#3149 = ADVANCED_FACE ( 'NONE', ( #789 ), #2507, .F. ) ;
#3150 =( LENGTH_UNIT ( ) NAMED_UNIT ( * ) SI_UNIT ( .MILLI., .METRE. ) );
#3151 = DIRECTION ( 'NONE',  ( 0.000000000000000000, -0.000000000000000000, 1.000000000000000000 ) ) ;
#3152 = VECTOR ( 'NONE', #429, 1000.000000000000000 ) ;
#3153 = EDGE_CURVE ( 'NONE', #3262, #442, #4210, .T. ) ;
#3154 = UNCERTAINTY_MEASURE_WITH_UNIT (LENGTH_MEASURE( 1.000000000000000082E-05 ), #2956, 'distance_accuracy_value', 'NONE');
#3155 = ORIENTED_EDGE ( 'NONE', *, *, #69, .F. ) ;
#3156 = CARTESIAN_POINT ( 'NONE',  ( 0.05584305983497199477, -0.3593805362314128615, 0.2810000000000000275 ) ) ;
#3157 =( NAMED_UNIT ( * ) PLANE_ANGLE_UNIT ( ) SI_UNIT ( $, .RADIAN. ) );
#3158 =( GEOMETRIC_REPRESENTATION_CONTEXT ( 3 ) GLOBAL_UNCERTAINTY_ASSIGNED_CONTEXT ( ( #2377 ) ) GLOBAL_UNIT_ASSIGNED_CONTEXT ( ( #1731, #5140, #2618 ) ) REPRESENTATION_CONTEXT ( 'NONE', 'WORKASPACE' ) );
#3159 = VERTEX_POINT ( 'NONE', #3785 ) ;
#3160 = EDGE_CURVE ( 'NONE', #3038, #4021, #1669, .T. ) ;
#3161 = CIRCLE ( 'NONE', #3683, 0.2500000000000000000 ) ;
#3162 = ORIENTED_EDGE ( 'NONE', *, *, #2708, .F. ) ;
#3163 = FACE_OUTER_BOUND ( 'NONE', #1129, .T. ) ;
#3164 = FILL_AREA_STYLE ('',( #1441 ) ) ;
#3165 = LINE ( 'NONE', #941, #4498 ) ;
#3166 = DIRECTION ( 'NONE',  ( 1.000000000000000000, 9.767585058201807468E-17, 0.000000000000000000 ) ) ;
#3167 = MECHANICAL_DESIGN_GEOMETRIC_PRESENTATION_REPRESENTATION (  '', ( #4135 ), #1727 ) ;
#3168 = ORIENTED_EDGE ( 'NONE', *, *, #2487, .T. ) ;
#3169 = AXIS2_PLACEMENT_3D ( 'NONE', #870, #1640, #4209 ) ;
#3170 = CARTESIAN_POINT ( 'NONE',  ( -0.5388595371840243509, 0.8637862597461452019, 0.2799999999999999711 ) ) ;
#3171 = AXIS2_PLACEMENT_3D ( 'NONE', #713, #1482, #3207 ) ;
#3172 = CARTESIAN_POINT ( 'NONE',  ( 1.100000000000002087, 0.4999999999999997780, 0.2599999999999999534 ) ) ;
#3173 = SURFACE_SIDE_STYLE ('',( #5422 ) ) ;
#3174 =( LENGTH_UNIT ( ) NAMED_UNIT ( * ) SI_UNIT ( .MILLI., .METRE. ) );
#3175 = VECTOR ( 'NONE', #3313, 1000.000000000000000 ) ;
#3176 =( GEOMETRIC_REPRESENTATION_CONTEXT ( 3 ) GLOBAL_UNCERTAINTY_ASSIGNED_CONTEXT ( ( #928 ) ) GLOBAL_UNIT_ASSIGNED_CONTEXT ( ( #810, #2957, #346 ) ) REPRESENTATION_CONTEXT ( 'NONE', 'WORKASPACE' ) );
#3177 = VERTEX_POINT ( 'NONE', #4705 ) ;
#3178 = CARTESIAN_POINT ( 'NONE',  ( 1.100000000000002087, 0.4999999999999997780, 0.2799999999999999711 ) ) ;
#3179 = SURFACE_STYLE_FILL_AREA ( #1450 ) ;
#3180 = LINE ( 'NONE', #3509, #3709 ) ;
#3181 = CIRCLE ( 'NONE', #2450, 0.3637862597461382630 ) ;
#3182 =( NAMED_UNIT ( * ) PLANE_ANGLE_UNIT ( ) SI_UNIT ( $, .RADIAN. ) );
#3183 = ADVANCED_FACE ( 'NONE', ( #9 ), #4359, .F. ) ;
#3184 = ORIENTED_EDGE ( 'NONE', *, *, #5181, .F. ) ;
#3185 = AXIS2_PLACEMENT_3D ( 'NONE', #1658, #3363, #2437 ) ;
#3186 = CARTESIAN_POINT ( 'NONE',  ( -0.7713451857263546874, 0.6561302432729905210, 0.2599999999999999534 ) ) ;
#3187 = AXIS2_PLACEMENT_3D ( 'NONE', #667, #2418, #2370 ) ;
#3188 = CARTESIAN_POINT ( 'NONE',  ( 0.3195831592659477138, 0.04041390370446151792, 0.2599999999999999534 ) ) ;
#3189 = PRESENTATION_STYLE_ASSIGNMENT (( #5375 ) ) ;
#3190 = LINE ( 'NONE', #5376, #3781 ) ;
#3191 = EDGE_CURVE ( 'NONE', #5386, #3900, #4730, .T. ) ;
#3192 = VECTOR ( 'NONE', #3719, 1000.000000000000000 ) ;
#3193 = ORIENTED_EDGE ( 'NONE', *, *, #835, .T. ) ;
#3194 = AXIS2_PLACEMENT_3D ( 'NONE', #560, #2665, #4838 ) ;
#3195 = ORIENTED_EDGE ( 'NONE', *, *, #4040, .T. ) ;
#3196 = DIRECTION ( 'NONE',  ( 0.000000000000000000, -0.000000000000000000, -1.000000000000000000 ) ) ;
#3197 = SURFACE_STYLE_FILL_AREA ( #1044 ) ;
#3198 = AXIS2_PLACEMENT_3D ( 'NONE', #1683, #1257, #3803 ) ;
#3199 = DIRECTION ( 'NONE',  ( 1.000000000000000000, 0.000000000000000000, 0.000000000000000000 ) ) ;
#3200 = ORIENTED_EDGE ( 'NONE', *, *, #4551, .F. ) ;
#3201 = DIRECTION ( 'NONE',  ( 0.000000000000000000, 1.000000000000000000, 0.000000000000000000 ) ) ;
#3202 = CARTESIAN_POINT ( 'NONE',  ( 0.2532275857927164253, -0.3593805362314128615, 0.2599999999999999534 ) ) ;
#3203 = FACE_OUTER_BOUND ( 'NONE', #5031, .T. ) ;
#3204 = CARTESIAN_POINT ( 'NONE',  ( -8.379754891853961321E-17, 1.000000000000000000, 0.000000000000000000 ) ) ;
#3205 = CLOSED_SHELL ( 'NONE', ( #711, #2805, #3523, #4227, #3591, #4305, #4939, #173, #2980, #1429, #2330, #167 ) ) ;
#3206 = ORIENTED_EDGE ( 'NONE', *, *, #2399, .F. ) ;
#3207 = DIRECTION ( 'NONE',  ( 1.000000000000000000, 0.000000000000000000, -6.982962677686266711E-15 ) ) ;
#3208 = FILL_AREA_STYLE ('',( #4840 ) ) ;
#3209 = LINE ( 'NONE', #3127, #1066 ) ;
#3210 = VERTEX_POINT ( 'NONE', #962 ) ;
#3211 = VECTOR ( 'NONE', #124, 1000.000000000000000 ) ;
#3212 =( LENGTH_UNIT ( ) NAMED_UNIT ( * ) SI_UNIT ( .MILLI., .METRE. ) );
#3213 = DIRECTION ( 'NONE',  ( -0.000000000000000000, 0.000000000000000000, 1.000000000000000000 ) ) ;
#3214 = MECHANICAL_DESIGN_GEOMETRIC_PRESENTATION_REPRESENTATION (  '', ( #2576 ), #2486 ) ;
#3215 = CARTESIAN_POINT ( 'NONE',  ( -1.099999999999998090, 0.4999999999999997780, 0.2799999999999999711 ) ) ;
#3216 = VECTOR ( 'NONE', #978, 1000.000000000000000 ) ;
#3217 = EDGE_LOOP ( 'NONE', ( #5336, #958, #4503, #1692 ) ) ;
#3218 = AXIS2_PLACEMENT_3D ( 'NONE', #4679, #2963, #3329 ) ;
#3219 = ORIENTED_EDGE ( 'NONE', *, *, #5452, .T. ) ;
#3220 =( GEOMETRIC_REPRESENTATION_CONTEXT ( 3 ) GLOBAL_UNCERTAINTY_ASSIGNED_CONTEXT ( ( #5560 ) ) GLOBAL_UNIT_ASSIGNED_CONTEXT ( ( #1862, #948, #1886 ) ) REPRESENTATION_CONTEXT ( 'NONE', 'WORKASPACE' ) );
#3221 = AXIS2_PLACEMENT_3D ( 'NONE', #1232, #2553, #4231 ) ;
#3222 = CARTESIAN_POINT ( 'NONE',  ( -8.518154025199974705E-17, -0.2000000000000000111, 0.000000000000000000 ) ) ;
#3223 = UNCERTAINTY_MEASURE_WITH_UNIT (LENGTH_MEASURE( 1.000000000000000082E-05 ), #2101, 'distance_accuracy_value', 'NONE');
#3224 = EDGE_CURVE ( 'NONE', #3835, #2929, #4925, .T. ) ;
#3225 =( NAMED_UNIT ( * ) PLANE_ANGLE_UNIT ( ) SI_UNIT ( $, .RADIAN. ) );
#3226 =( LENGTH_UNIT ( ) NAMED_UNIT ( * ) SI_UNIT ( .MILLI., .METRE. ) );
#3227 = CIRCLE ( 'NONE', #697, 0.2500000000000000000 ) ;
#3228 = ORIENTED_EDGE ( 'NONE', *, *, #1322, .F. ) ;
#3229 =( NAMED_UNIT ( * ) SI_UNIT ( $, .STERADIAN. ) SOLID_ANGLE_UNIT ( ) );
#3230 = PLANE ( 'NONE',  #1011 ) ;
#3231 = CARTESIAN_POINT ( 'NONE',  ( 1.396650268541580904E-16, 0.9000000000000000222, 0.02000000000000000042 ) ) ;
#3232 = LINE ( 'NONE', #5001, #2964 ) ;
#3233 = EDGE_CURVE ( 'NONE', #1755, #4089, #4268, .T. ) ;
#3234 = VERTEX_POINT ( 'NONE', #1822 ) ;
#3235 = CARTESIAN_POINT ( 'NONE',  ( 1.100000000000000755, 0.7499999999999997780, 0.01999999999999231906 ) ) ;
#3236 = PRESENTATION_STYLE_ASSIGNMENT (( #1517 ) ) ;
#3237 =( NAMED_UNIT ( * ) PLANE_ANGLE_UNIT ( ) SI_UNIT ( $, .RADIAN. ) );
#3238 =( GEOMETRIC_REPRESENTATION_CONTEXT ( 3 ) GLOBAL_UNCERTAINTY_ASSIGNED_CONTEXT ( ( #2266 ) ) GLOBAL_UNIT_ASSIGNED_CONTEXT ( ( #1541, #1212, #2424 ) ) REPRESENTATION_CONTEXT ( 'NONE', 'WORKASPACE' ) );
#3239 = EDGE_LOOP ( 'NONE', ( #3024, #3243, #130, #474, #4332, #4333, #4670, #20, #2473, #613 ) ) ;
#3240 =( LENGTH_UNIT ( ) NAMED_UNIT ( * ) SI_UNIT ( .MILLI., .METRE. ) );
#3241 = FACE_OUTER_BOUND ( 'NONE', #5310, .T. ) ;
#3242 = ORIENTED_EDGE ( 'NONE', *, *, #4033, .F. ) ;
#3243 = ORIENTED_EDGE ( 'NONE', *, *, #3748, .T. ) ;
#3244 = VECTOR ( 'NONE', #2720, 1000.000000000000000 ) ;
#3245 = COLOUR_RGB ( '',0.8509803921568627194, 0.8509803921568627194, 0.8509803921568627194 ) ;
#3246 = DIRECTION ( 'NONE',  ( 1.000000000000000000, 0.000000000000000000, 0.000000000000000000 ) ) ;
#3247 = DIRECTION ( 'NONE',  ( 0.000000000000000000, 0.000000000000000000, 1.000000000000000000 ) ) ;
#3248 = VERTEX_POINT ( 'NONE', #1797 ) ;
#3249 = EDGE_CURVE ( 'NONE', #1445, #4530, #5135, .T. ) ;
#3250 = EDGE_CURVE ( 'NONE', #2900, #4746, #100, .T. ) ;
#3251 = CIRCLE ( 'NONE', #5040, 0.3637862597461454239 ) ;
#3252 = PRESENTATION_STYLE_ASSIGNMENT (( #5420 ) ) ;
#3253 = DIRECTION ( 'NONE',  ( 0.000000000000000000, -0.000000000000000000, 1.000000000000000000 ) ) ;
#3254 =( NAMED_UNIT ( * ) SI_UNIT ( $, .STERADIAN. ) SOLID_ANGLE_UNIT ( ) );
#3255 = EDGE_CURVE ( 'NONE', #4440, #5473, #486, .T. ) ;
#3256 = CARTESIAN_POINT ( 'NONE',  ( -0.6740798441076681913, -0.6849774522544940236, 0.2599999999999999534 ) ) ;
#3257 = DIRECTION ( 'NONE',  ( -0.000000000000000000, 0.000000000000000000, 1.000000000000000000 ) ) ;
#3258 = DIRECTION ( 'NONE',  ( 8.673617379884037444E-16, 1.000000000000000000, 0.000000000000000000 ) ) ;
#3259 = COLOUR_RGB ( '',0.8509803921568627194, 0.8509803921568627194, 0.8509803921568627194 ) ;
#3260 = PRESENTATION_LAYER_ASSIGNMENT (  '', '', ( #5449 ) ) ;
#3261 = PRESENTATION_STYLE_ASSIGNMENT (( #803 ) ) ;
#3262 = VERTEX_POINT ( 'NONE', #1268 ) ;
#3263 = PRESENTATION_STYLE_ASSIGNMENT (( #2752 ) ) ;
#3264 = CYLINDRICAL_SURFACE ( 'NONE', #3221, 0.1000000000000000472 ) ;
#3265 = PLANE ( 'NONE',  #4525 ) ;
#3266 = CARTESIAN_POINT ( 'NONE',  ( -0.7650295964665725368, -0.2727184512886348111, 0.2799999999999999711 ) ) ;
#3267 = CARTESIAN_POINT ( 'NONE',  ( 0.3432670707574931868, -0.3593805362314128615, 0.2810000000000000275 ) ) ;
#3268 = PRESENTATION_LAYER_ASSIGNMENT (  '', '', ( #5163 ) ) ;
#3269 = ORIENTED_EDGE ( 'NONE', *, *, #95, .T. ) ;
#3270 = VERTEX_POINT ( 'NONE', #5253 ) ;
#3271 =( GEOMETRIC_REPRESENTATION_CONTEXT ( 3 ) GLOBAL_UNCERTAINTY_ASSIGNED_CONTEXT ( ( #1305 ) ) GLOBAL_UNIT_ASSIGNED_CONTEXT ( ( #2047, #5046, #4137 ) ) REPRESENTATION_CONTEXT ( 'NONE', 'WORKASPACE' ) );
#3272 = LINE ( 'NONE', #3676, #2511 ) ;
#3273 = DIRECTION ( 'NONE',  ( 1.000000000000000000, 0.000000000000000000, 0.000000000000000000 ) ) ;
#3274 = VECTOR ( 'NONE', #1944, 1000.000000000000000 ) ;
#3275 = CARTESIAN_POINT ( 'NONE',  ( -0.6634567500555484942, -0.2265013340820382082, 0.2799999999999999711 ) ) ;
#3276 = VERTEX_POINT ( 'NONE', #1382 ) ;
#3277 = DIRECTION ( 'NONE',  ( 6.982962677686266711E-15, -0.000000000000000000, 1.000000000000000000 ) ) ;
#3278 = LINE ( 'NONE', #735, #3694 ) ;
#3279 = DIRECTION ( 'NONE',  ( -1.000000000000000000, 0.000000000000000000, 6.983251342707906047E-15 ) ) ;
#3280 = PRESENTATION_STYLE_ASSIGNMENT (( #3632 ) ) ;
#3281 = FILL_AREA_STYLE_COLOUR ( '', #2833 ) ;
#3282 = UNCERTAINTY_MEASURE_WITH_UNIT (LENGTH_MEASURE( 1.000000000000000082E-05 ), #3212, 'distance_accuracy_value', 'NONE');
#3283 = DIRECTION ( 'NONE',  ( -1.000000000000000000, -9.767585058201805003E-17, 0.000000000000000000 ) ) ;
#3284 = EDGE_CURVE ( 'NONE', #3808, #2566, #66, .T. ) ;
#3285 =( NAMED_UNIT ( * ) SI_UNIT ( $, .STERADIAN. ) SOLID_ANGLE_UNIT ( ) );
#3286 = FILL_AREA_STYLE_COLOUR ( '', #1852 ) ;
#3287 = LINE ( 'NONE', #2867, #3625 ) ;
#3288 = EDGE_CURVE ( 'NONE', #276, #5521, #1991, .T. ) ;
#3289 =( LENGTH_UNIT ( ) NAMED_UNIT ( * ) SI_UNIT ( .MILLI., .METRE. ) );
#3290 =( LENGTH_UNIT ( ) NAMED_UNIT ( * ) SI_UNIT ( .MILLI., .METRE. ) );
#3291 = ORIENTED_EDGE ( 'NONE', *, *, #3153, .F. ) ;
#3292 =( NAMED_UNIT ( * ) SI_UNIT ( $, .STERADIAN. ) SOLID_ANGLE_UNIT ( ) );
#3293 = CARTESIAN_POINT ( 'NONE',  ( -8.379754891853961321E-17, 1.000000000000000000, 0.000000000000000000 ) ) ;
#3294 = FILL_AREA_STYLE_COLOUR ( '', #1108 ) ;
#3295 =( GEOMETRIC_REPRESENTATION_CONTEXT ( 3 ) GLOBAL_UNCERTAINTY_ASSIGNED_CONTEXT ( ( #2652 ) ) GLOBAL_UNIT_ASSIGNED_CONTEXT ( ( #3724, #2894, #4524 ) ) REPRESENTATION_CONTEXT ( 'NONE', 'WORKASPACE' ) );
#3296 = VERTEX_POINT ( 'NONE', #4818 ) ;
#3297 = STYLED_ITEM ( 'NONE', ( #3899 ), #173 ) ;
#3298 = EDGE_CURVE ( 'NONE', #3500, #4456, #4858, .T. ) ;
#3299 = DIRECTION ( 'NONE',  ( -1.000000000000000000, 0.000000000000000000, 0.000000000000000000 ) ) ;
#3300 = PRESENTATION_STYLE_ASSIGNMENT (( #1241 ) ) ;
#3301 = VECTOR ( 'NONE', #396, 1000.000000000000000 ) ;
#3302 = ORIENTED_EDGE ( 'NONE', *, *, #4589, .T. ) ;
#3303 = VECTOR ( 'NONE', #2095, 1000.000000000000000 ) ;
#3304 = SURFACE_STYLE_FILL_AREA ( #4477 ) ;
#3305 = CIRCLE ( 'NONE', #873, 0.3614255068147824712 ) ;
#3306 = DIRECTION ( 'NONE',  ( -1.000000000000000000, 0.000000000000000000, 0.000000000000000000 ) ) ;
#3307 = LINE ( 'NONE', #1620, #994 ) ;
#3308 = FILL_AREA_STYLE ('',( #1593 ) ) ;
#3309 = SURFACE_STYLE_USAGE ( .BOTH. , #2540 ) ;
#3310 = STYLED_ITEM ( 'NONE', ( #1522 ), #3350 ) ;
#3311 = FACE_OUTER_BOUND ( 'NONE', #5284, .T. ) ;
#3312 = CIRCLE ( 'NONE', #80, 0.09999999999999999167 ) ;
#3313 = DIRECTION ( 'NONE',  ( 0.000000000000000000, -1.000000000000000000, 0.000000000000000000 ) ) ;
#3314 = VECTOR ( 'NONE', #4115, 1000.000000000000000 ) ;
#3315 = CARTESIAN_POINT ( 'NONE',  ( 0.4000000000000000777, -1.858632295689436842E-16, -2.791820594150173918E-15 ) ) ;
#3316 = ORIENTED_EDGE ( 'NONE', *, *, #131, .T. ) ;
#3317 = EDGE_CURVE ( 'NONE', #2785, #3909, #407, .T. ) ;
#3318 = ADVANCED_FACE ( 'NONE', ( #3867 ), #5190, .T. ) ;
#3319 = SURFACE_STYLE_FILL_AREA ( #4465 ) ;
#3320 = DIRECTION ( 'NONE',  ( -0.000000000000000000, 0.000000000000000000, 1.000000000000000000 ) ) ;
#3321 = CARTESIAN_POINT ( 'NONE',  ( -0.8579650736781121445, -0.2234521286737552181, 0.2799999999999999711 ) ) ;
#3322 = ADVANCED_FACE ( 'NONE', ( #4872 ), #1410, .F. ) ;
#3323 = ORIENTED_EDGE ( 'NONE', *, *, #2627, .F. ) ;
#3324 = CARTESIAN_POINT ( 'NONE',  ( -1.391298174992573496E-16, -0.9000000000000001332, 0.02000000000000000042 ) ) ;
#3325 = B_SPLINE_SURFACE_WITH_KNOTS ( 'NONE', 2, 1, ( 
 ( #1247, #302 ),
 ( #3714, #4217 ),
 ( #3737, #5476 ) ),
 .UNSPECIFIED., .F., .F., .F.,
 ( 3, 3 ),
 ( 2, 2 ),
 ( 0.000000000000000000, 1.000000000000000000 ),
 ( 0.000000000000000000, 1.000000000000000000 ),
 .UNSPECIFIED. ) ;
#3326 =( NAMED_UNIT ( * ) SI_UNIT ( $, .STERADIAN. ) SOLID_ANGLE_UNIT ( ) );
#3327 = EDGE_CURVE ( 'NONE', #4089, #3808, #540, .T. ) ;
#3328 = ORIENTED_EDGE ( 'NONE', *, *, #5233, .F. ) ;
#3329 = DIRECTION ( 'NONE',  ( 0.000000000000000000, -0.000000000000000000, -1.000000000000000000 ) ) ;
#3330 = CARTESIAN_POINT ( 'NONE',  ( -0.1178234831815653944, -0.3593805362314128615, 0.2810000000000000275 ) ) ;
#3331 = DIRECTION ( 'NONE',  ( -0.000000000000000000, -0.000000000000000000, -1.000000000000000000 ) ) ;
#3332 = DIRECTION ( 'NONE',  ( 0.000000000000000000, 1.000000000000000000, 0.000000000000000000 ) ) ;
#3333 = ORIENTED_EDGE ( 'NONE', *, *, #1747, .F. ) ;
#3334 = CARTESIAN_POINT ( 'NONE',  ( -1.100000000000001643, 3.816391647148981130E-15, 0.2799999999999999711 ) ) ;
#3335 = DIRECTION ( 'NONE',  ( 0.000000000000000000, -0.000000000000000000, -1.000000000000000000 ) ) ;
#3336 =( LENGTH_UNIT ( ) NAMED_UNIT ( * ) SI_UNIT ( .MILLI., .METRE. ) );
#3337 = SURFACE_SIDE_STYLE ('',( #1627 ) ) ;
#3338 = COLOUR_RGB ( '',1.000000000000000000, 1.000000000000000000, 1.000000000000000000 ) ;
#3339 =( NAMED_UNIT ( * ) PLANE_ANGLE_UNIT ( ) SI_UNIT ( $, .RADIAN. ) );
#3340 = ORIENTED_EDGE ( 'NONE', *, *, #4710, .F. ) ;
#3341 = CARTESIAN_POINT ( 'NONE',  ( 0.5359203924145662379, 1.036540087595036278E-16, 0.2599999999999999534 ) ) ;
#3342 = CARTESIAN_POINT ( 'NONE',  ( 0.5359203924145662379, 0.000000000000000000, 0.2599999999999999534 ) ) ;
#3343 = CARTESIAN_POINT ( 'NONE',  ( 0.3999999999999999667, -0.2000000000000001776, -2.791820594150173918E-15 ) ) ;
#3344 = SURFACE_SIDE_STYLE ('',( #3700 ) ) ;
#3345 = EDGE_CURVE ( 'NONE', #1163, #1520, #690, .T. ) ;
#3346 = VERTEX_POINT ( 'NONE', #639 ) ;
#3347 = ORIENTED_EDGE ( 'NONE', *, *, #2055, .T. ) ;
#3348 = VECTOR ( 'NONE', #4373, 1000.000000000000000 ) ;
#3349 =( NAMED_UNIT ( * ) SI_UNIT ( $, .STERADIAN. ) SOLID_ANGLE_UNIT ( ) );
#3350 = ADVANCED_FACE ( 'NONE', ( #2372 ), #1170, .F. ) ;
#3351 = DIRECTION ( 'NONE',  ( -6.983251342707903681E-15, 0.000000000000000000, -1.000000000000000000 ) ) ;
#3352 = VECTOR ( 'NONE', #4585, 1000.000000000000000 ) ;
#3353 = AXIS2_PLACEMENT_3D ( 'NONE', #2363, #231, #3594 ) ;
#3354 = ORIENTED_EDGE ( 'NONE', *, *, #2564, .T. ) ;
#3355 = CARTESIAN_POINT ( 'NONE',  ( 1.100000000000002087, 0.4999999999999997780, 0.2599999999999999534 ) ) ;
#3356 = DIRECTION ( 'NONE',  ( 6.983251342707903681E-15, -0.000000000000000000, 1.000000000000000000 ) ) ;
#3357 = CARTESIAN_POINT ( 'NONE',  ( 1.100000000000002087, 0.4999999999999997780, 0.2799999999999999711 ) ) ;
#3358 = FILL_AREA_STYLE_COLOUR ( '', #614 ) ;
#3359 = EDGE_LOOP ( 'NONE', ( #3340, #852, #3749, #4159 ) ) ;
#3360 = SURFACE_STYLE_USAGE ( .BOTH. , #5530 ) ;
#3361 = LINE ( 'NONE', #2949, #2051 ) ;
#3362 = CARTESIAN_POINT ( 'NONE',  ( 0.4124155170610083188, 0.04290495023076341258, 0.2799999999999999711 ) ) ;
#3363 = DIRECTION ( 'NONE',  ( 0.000000000000000000, 1.000000000000000000, 0.000000000000000000 ) ) ;
#3364 = PRESENTATION_STYLE_ASSIGNMENT (( #5030 ) ) ;
#3365 = ORIENTED_EDGE ( 'NONE', *, *, #4040, .F. ) ;
#3366 = CARTESIAN_POINT ( 'NONE',  ( -0.4135483952989442713, -0.5316465652036583833, 0.2810000000000000275 ) ) ;
#3367 = SURFACE_STYLE_FILL_AREA ( #647 ) ;
#3368 = LINE ( 'NONE', #5096, #2989 ) ;
#3369 = DIRECTION ( 'NONE',  ( -1.000000000000000000, -0.000000000000000000, -0.000000000000000000 ) ) ;
#3370 = ORIENTED_EDGE ( 'NONE', *, *, #801, .T. ) ;
#3371 = CARTESIAN_POINT ( 'NONE',  ( 0.6809088744240132662, 0.5569292977732096528, 0.2599999999999999534 ) ) ;
#3372 = LINE ( 'NONE', #5072, #1278 ) ;
#3373 = PLANE ( 'NONE',  #4036 ) ;
#3374 = CARTESIAN_POINT ( 'NONE',  ( -1.100000000000000755, 0.7500000000000000000, 0.02000000000000768177 ) ) ;
#3375 = ORIENTED_EDGE ( 'NONE', *, *, #2089, .T. ) ;
#3376 = DIRECTION ( 'NONE',  ( -9.856383386231857595E-17, -1.000000000000000000, 6.882675732302403897E-31 ) ) ;
#3377 = EDGE_CURVE ( 'NONE', #4850, #4355, #4986, .T. ) ;
#3378 = PLANE ( 'NONE',  #4506 ) ;
#3379 = COLOUR_RGB ( '',0.8509803921568627194, 0.8509803921568627194, 0.8509803921568627194 ) ;
#3380 = B_SPLINE_CURVE_WITH_KNOTS ( 'NONE', 3,
 ( #1397, #1135, #3680, #4132, #3119, #5419 ),
 .UNSPECIFIED., .F., .F.,
 ( 4, 1, 1, 4 ),
 ( 0.000000000000000000, 0.3358544910758269886, 0.5565088627750724992, 1.000000000000000000 ),
 .UNSPECIFIED. ) ;
#3381 = CARTESIAN_POINT ( 'NONE',  ( -1.099999999999998090, 0.4999999999999997780, 0.2799999999999999711 ) ) ;
#3382 = STYLED_ITEM ( 'NONE', ( #1074 ), #3813 ) ;
#3383 = VERTEX_POINT ( 'NONE', #267 ) ;
#3384 = VECTOR ( 'NONE', #3406, 1000.000000000000000 ) ;
#3385 = EDGE_CURVE ( 'NONE', #1175, #2680, #344, .T. ) ;
#3386 = PRESENTATION_LAYER_ASSIGNMENT (  '', '', ( #4182 ) ) ;
#3387 = VECTOR ( 'NONE', #2844, 1000.000000000000000 ) ;
#3388 = LINE ( 'NONE', #5052, #1834 ) ;
#3389 = LINE ( 'NONE', #2921, #783 ) ;
#3390 = DIRECTION ( 'NONE',  ( -0.000000000000000000, -0.000000000000000000, -1.000000000000000000 ) ) ;
#3391 =( NAMED_UNIT ( * ) SI_UNIT ( $, .STERADIAN. ) SOLID_ANGLE_UNIT ( ) );
#3392 = UNCERTAINTY_MEASURE_WITH_UNIT (LENGTH_MEASURE( 1.000000000000000082E-05 ), #678, 'distance_accuracy_value', 'NONE');
#3393 = EDGE_CURVE ( 'NONE', #3177, #5501, #4555, .T. ) ;
#3394 = VECTOR ( 'NONE', #1567, 1000.000000000000000 ) ;
#3395 = DIRECTION ( 'NONE',  ( -6.982962677686265922E-15, 0.000000000000000000, -1.000000000000000000 ) ) ;
#3396 = ORIENTED_EDGE ( 'NONE', *, *, #4551, .T. ) ;
#3397 =( NAMED_UNIT ( * ) PLANE_ANGLE_UNIT ( ) SI_UNIT ( $, .RADIAN. ) );
#3398 = SURFACE_STYLE_FILL_AREA ( #4232 ) ;
#3399 =( NAMED_UNIT ( * ) PLANE_ANGLE_UNIT ( ) SI_UNIT ( $, .RADIAN. ) );
#3400 = VERTEX_POINT ( 'NONE', #3343 ) ;
#3401 = ORIENTED_EDGE ( 'NONE', *, *, #3646, .F. ) ;
#3402 = FACE_OUTER_BOUND ( 'NONE', #4566, .T. ) ;
#3403 = DIRECTION ( 'NONE',  ( 1.000000000000000000, -5.033795800825557569E-16, -6.983251342707903681E-15 ) ) ;
#3404 = SURFACE_SIDE_STYLE ('',( #4651 ) ) ;
#3405 = ORIENTED_EDGE ( 'NONE', *, *, #4114, .T. ) ;
#3406 = DIRECTION ( 'NONE',  ( -0.000000000000000000, -0.000000000000000000, -1.000000000000000000 ) ) ;
#3407 = CARTESIAN_POINT ( 'NONE',  ( 0.8230581300528493349, 0.2641109509742673445, 0.2599999999999999534 ) ) ;
#3408 = CARTESIAN_POINT ( 'NONE',  ( 0.000000000000000000, 0.000000000000000000, 0.2799999999999999711 ) ) ;
#3409 = CARTESIAN_POINT ( 'NONE',  ( 0.000000000000000000, 1.000000000000000000, 0.02000000000000000042 ) ) ;
#3410 = PLANE ( 'NONE',  #1800 ) ;
#3411 = AXIS2_PLACEMENT_3D ( 'NONE', #5518, #1132, #2849 ) ;
#3412 = EDGE_LOOP ( 'NONE', ( #1869, #641, #97, #31 ) ) ;
#3413 = EDGE_CURVE ( 'NONE', #1035, #1896, #4610, .T. ) ;
#3414 = VECTOR ( 'NONE', #3735, 1000.000000000000000 ) ;
#3415 = CARTESIAN_POINT ( 'NONE',  ( -4.913710284933536052E-18, -0.2065665198382720669, 0.2799999999999999711 ) ) ;
#3416 = CARTESIAN_POINT ( 'NONE',  ( -0.6111183130522259699, -0.6072867474877421401, 0.2799999999999999711 ) ) ;
#3417 = EDGE_CURVE ( 'NONE', #2415, #2994, #2037, .T. ) ;
#3418 = CARTESIAN_POINT ( 'NONE',  ( 0.7385744931852191719, -0.5000000000000002220, 0.2799999999999999711 ) ) ;
#3419 = COLOUR_RGB ( '',0.8509803921568627194, 0.8509803921568627194, 0.8509803921568627194 ) ;
#3420 = LINE ( 'NONE', #2219, #4625 ) ;
#3421 = VERTEX_POINT ( 'NONE', #2063 ) ;
#3422 = PRESENTATION_STYLE_ASSIGNMENT (( #2086 ) ) ;
#3423 =( LENGTH_UNIT ( ) NAMED_UNIT ( * ) SI_UNIT ( .MILLI., .METRE. ) );
#3424 = ORIENTED_EDGE ( 'NONE', *, *, #5507, .T. ) ;
#3425 = AXIS2_PLACEMENT_3D ( 'NONE', #3178, #2746, #4457 ) ;
#3426 = LINE ( 'NONE', #3011, #4645 ) ;
#3427 = LINE ( 'NONE', #3784, #4598 ) ;
#3428 = AXIS2_PLACEMENT_3D ( 'NONE', #4117, #2832, #227 ) ;
#3429 = CARTESIAN_POINT ( 'NONE',  ( -0.6035437629006772386, -0.3065665198382720447, 0.2599999999999999534 ) ) ;
#3430 = DIRECTION ( 'NONE',  ( -0.000000000000000000, -0.000000000000000000, -1.000000000000000000 ) ) ;
#3431 = CIRCLE ( 'NONE', #1010, 0.3637862597461454239 ) ;
#3432 = UNCERTAINTY_MEASURE_WITH_UNIT (LENGTH_MEASURE( 1.000000000000000082E-05 ), #3903, 'distance_accuracy_value', 'NONE');
#3433 = VERTEX_POINT ( 'NONE', #752 ) ;
#3434 =( GEOMETRIC_REPRESENTATION_CONTEXT ( 3 ) GLOBAL_UNCERTAINTY_ASSIGNED_CONTEXT ( ( #621 ) ) GLOBAL_UNIT_ASSIGNED_CONTEXT ( ( #736, #2513, #4570 ) ) REPRESENTATION_CONTEXT ( 'NONE', 'WORKASPACE' ) );
#3435 = CARTESIAN_POINT ( 'NONE',  ( 0.4124155170610083188, 0.2080817958270094192, 0.2799999999999999711 ) ) ;
#3436 = EDGE_LOOP ( 'NONE', ( #4937, #435, #2297, #4193 ) ) ;
#3437 = UNCERTAINTY_MEASURE_WITH_UNIT (LENGTH_MEASURE( 1.000000000000000082E-05 ), #2742, 'distance_accuracy_value', 'NONE');
#3438 = FACE_OUTER_BOUND ( 'NONE', #63, .T. ) ;
#3439 =( NAMED_UNIT ( * ) PLANE_ANGLE_UNIT ( ) SI_UNIT ( $, .RADIAN. ) );
#3440 = CARTESIAN_POINT ( 'NONE',  ( 0.5359203924145662379, 0.000000000000000000, 0.2799999999999999711 ) ) ;
#3441 = ORIENTED_EDGE ( 'NONE', *, *, #335, .F. ) ;
#3442 = AXIS2_PLACEMENT_3D ( 'NONE', #2126, #4250, #4190 ) ;
#3443 = CARTESIAN_POINT ( 'NONE',  ( 1.100000000000002087, -0.5000000000000002220, 0.2799999999999999711 ) ) ;
#3444 = PRESENTATION_STYLE_ASSIGNMENT (( #55 ) ) ;
#3445 = DIRECTION ( 'NONE',  ( -6.982962677686265922E-15, 0.000000000000000000, -1.000000000000000000 ) ) ;
#3446 = CARTESIAN_POINT ( 'NONE',  ( 0.6809088744240132662, 0.5569292977732096528, 0.2799999999999999711 ) ) ;
#3447 = PRESENTATION_LAYER_ASSIGNMENT (  '', '', ( #317 ) ) ;
#3448 = DIRECTION ( 'NONE',  ( 1.000000000000000000, 0.000000000000000000, 0.000000000000000000 ) ) ;
#3449 = VERTEX_POINT ( 'NONE', #2471 ) ;
#3450 = CARTESIAN_POINT ( 'NONE',  ( 1.396650268541580904E-16, 0.9000000000000000222, 0.02000000000000000042 ) ) ;
#3451 = EDGE_CURVE ( 'NONE', #964, #1486, #5126, .T. ) ;
#3452 = MECHANICAL_DESIGN_GEOMETRIC_PRESENTATION_REPRESENTATION (  '', ( #5367 ), #1761 ) ;
#3453 = CARTESIAN_POINT ( 'NONE',  ( 0.7774874880952626910, 0.3068909665269575204, 0.2799999999999999711 ) ) ;
#3454 =( GEOMETRIC_REPRESENTATION_CONTEXT ( 3 ) GLOBAL_UNCERTAINTY_ASSIGNED_CONTEXT ( ( #969 ) ) GLOBAL_UNIT_ASSIGNED_CONTEXT ( ( #3290, #3339, #2005 ) ) REPRESENTATION_CONTEXT ( 'NONE', 'WORKASPACE' ) );
#3455 = SURFACE_STYLE_USAGE ( .BOTH. , #4383 ) ;
#3456 = UNCERTAINTY_MEASURE_WITH_UNIT (LENGTH_MEASURE( 1.000000000000000082E-05 ), #1267, 'distance_accuracy_value', 'NONE');
#3457 = EDGE_CURVE ( 'NONE', #1324, #1791, #319, .T. ) ;
#3458 = ORIENTED_EDGE ( 'NONE', *, *, #3132, .T. ) ;
#3459 = LINE ( 'NONE', #3932, #2751 ) ;
#3460 = DIRECTION ( 'NONE',  ( 1.000000000000000000, 0.000000000000000000, 0.000000000000000000 ) ) ;
#3461 = LINE ( 'NONE', #2261, #3568 ) ;
#3462 = ORIENTED_EDGE ( 'NONE', *, *, #3589, .T. ) ;
#3463 = ADVANCED_FACE ( 'NONE', ( #5512 ), #5064, .T. ) ;
#3464 = DIRECTION ( 'NONE',  ( -0.000000000000000000, -0.000000000000000000, -1.000000000000000000 ) ) ;
#3465 = ORIENTED_EDGE ( 'NONE', *, *, #4510, .T. ) ;
#3466 = CARTESIAN_POINT ( 'NONE',  ( 0.4124155170610083188, 0.2080817958270094192, 0.2799999999999999711 ) ) ;
#3467 = CARTESIAN_POINT ( 'NONE',  ( 0.7672489025476871838, 0.6470277182179263731, 0.2599999999999999534 ) ) ;
#3468 = SURFACE_STYLE_USAGE ( .BOTH. , #18 ) ;
#3469 = DIRECTION ( 'NONE',  ( 0.000000000000000000, 1.000000000000000000, 0.000000000000000000 ) ) ;
#3470 = ORIENTED_EDGE ( 'NONE', *, *, #4060, .T. ) ;
#3471 =( GEOMETRIC_REPRESENTATION_CONTEXT ( 3 ) GLOBAL_UNCERTAINTY_ASSIGNED_CONTEXT ( ( #136 ) ) GLOBAL_UNIT_ASSIGNED_CONTEXT ( ( #1295, #510, #4728 ) ) REPRESENTATION_CONTEXT ( 'NONE', 'WORKASPACE' ) );
#3472 = CARTESIAN_POINT ( 'NONE',  ( -1.099999999999998979, -0.2499999999999999445, 0.2600000000000076694 ) ) ;
#3473 =( LENGTH_UNIT ( ) NAMED_UNIT ( * ) SI_UNIT ( .MILLI., .METRE. ) );
#3474 = CARTESIAN_POINT ( 'NONE',  ( 1.100000000000002531, 0.7499999999999997780, 0.2599999999999922928 ) ) ;
#3475 =( GEOMETRIC_REPRESENTATION_CONTEXT ( 3 ) GLOBAL_UNCERTAINTY_ASSIGNED_CONTEXT ( ( #2432 ) ) GLOBAL_UNIT_ASSIGNED_CONTEXT ( ( #2138, #2165, #861 ) ) REPRESENTATION_CONTEXT ( 'NONE', 'WORKASPACE' ) );
#3476 = SURFACE_SIDE_STYLE ('',( #2973 ) ) ;
#3477 = VECTOR ( 'NONE', #4450, 1000.000000000000000 ) ;
#3478 = ORIENTED_EDGE ( 'NONE', *, *, #2121, .F. ) ;
#3479 =( GEOMETRIC_REPRESENTATION_CONTEXT ( 3 ) GLOBAL_UNCERTAINTY_ASSIGNED_CONTEXT ( ( #2110 ) ) GLOBAL_UNIT_ASSIGNED_CONTEXT ( ( #4671, #2954, #1349 ) ) REPRESENTATION_CONTEXT ( 'NONE', 'WORKASPACE' ) );
#3480 = FILL_AREA_STYLE_COLOUR ( '', #2050 ) ;
#3481 = DIRECTION ( 'NONE',  ( -6.982962677686268288E-15, 0.000000000000000000, -1.000000000000000000 ) ) ;
#3482 = PRESENTATION_LAYER_ASSIGNMENT (  '', '', ( #3310 ) ) ;
#3483 = ADVANCED_FACE ( 'NONE', ( #1427 ), #3885, .F. ) ;
#3484 = EDGE_CURVE ( 'NONE', #2680, #2504, #470, .T. ) ;
#3485 = EDGE_CURVE ( 'NONE', #605, #1414, #4774, .T. ) ;
#3486 = ORIENTED_EDGE ( 'NONE', *, *, #1337, .T. ) ;
#3487 = ORIENTED_EDGE ( 'NONE', *, *, #1014, .T. ) ;
#3488 = AXIS2_PLACEMENT_3D ( 'NONE', #914, #943, #2214 ) ;
#3489 = SURFACE_STYLE_FILL_AREA ( #5219 ) ;
#3490 = LINE ( 'NONE', #2231, #4048 ) ;
#3491 = DIRECTION ( 'NONE',  ( -0.000000000000000000, -0.000000000000000000, -1.000000000000000000 ) ) ;
#3492 = EDGE_CURVE ( 'NONE', #1313, #1666, #4927, .T. ) ;
#3493 = ORIENTED_EDGE ( 'NONE', *, *, #726, .F. ) ;
#3494 = ORIENTED_EDGE ( 'NONE', *, *, #4522, .F. ) ;
#3495 = PRESENTATION_LAYER_ASSIGNMENT (  '', '', ( #361 ) ) ;
#3496 = LINE ( 'NONE', #3938, #610 ) ;
#3497 = DIRECTION ( 'NONE',  ( -0.000000000000000000, 0.000000000000000000, 1.000000000000000000 ) ) ;
#3498 = DIRECTION ( 'NONE',  ( -0.000000000000000000, -0.000000000000000000, -1.000000000000000000 ) ) ;
#3499 = FACE_OUTER_BOUND ( 'NONE', #291, .T. ) ;
#3500 = VERTEX_POINT ( 'NONE', #2192 ) ;
#3501 = PRESENTATION_LAYER_ASSIGNMENT (  '', '', ( #799 ) ) ;
#3502 = DIRECTION ( 'NONE',  ( -1.000000000000000000, 0.000000000000000000, 0.000000000000000000 ) ) ;
#3503 = DIRECTION ( 'NONE',  ( 1.000000000000000000, 1.788196464443831756E-15, 0.000000000000000000 ) ) ;
#3504 = SURFACE_STYLE_FILL_AREA ( #2190 ) ;
#3505 = FACE_OUTER_BOUND ( 'NONE', #381, .T. ) ;
#3506 = CARTESIAN_POINT ( 'NONE',  ( 0.8230581300528493349, 0.2641109509742673445, 0.2799999999999999711 ) ) ;
#3507 = VERTEX_POINT ( 'NONE', #999 ) ;
#3508 = DIRECTION ( 'NONE',  ( 0.000000000000000000, -1.000000000000000000, 0.000000000000000000 ) ) ;
#3509 = CARTESIAN_POINT ( 'NONE',  ( 1.100000000000000311, -0.2500000000000002220, 0.01999999999999231906 ) ) ;
#3510 = DIRECTION ( 'NONE',  ( 3.469446951953614583E-15, 1.000000000000000000, 0.000000000000000000 ) ) ;
#3511 = CARTESIAN_POINT ( 'NONE',  ( -0.7570035725588046827, 0.6212183713084267200, 0.2799999999999999711 ) ) ;
#3512 = ORIENTED_EDGE ( 'NONE', *, *, #2460, .T. ) ;
#3513 = ORIENTED_EDGE ( 'NONE', *, *, #4514, .T. ) ;
#3514 = PRESENTATION_LAYER_ASSIGNMENT (  '', '', ( #2350 ) ) ;
#3515 = DIRECTION ( 'NONE',  ( 1.000000000000000000, 0.000000000000000000, 0.000000000000000000 ) ) ;
#3516 = PLANE ( 'NONE',  #4889 ) ;
#3517 = DIRECTION ( 'NONE',  ( -0.000000000000000000, -1.000000000000000000, -0.000000000000000000 ) ) ;
#3518 = DIRECTION ( 'NONE',  ( -1.000000000000000000, 0.000000000000000000, 0.000000000000000000 ) ) ;
#3519 = ADVANCED_FACE ( 'NONE', ( #3049 ), #3147, .F. ) ;
#3520 = ORIENTED_EDGE ( 'NONE', *, *, #2301, .T. ) ;
#3521 = EDGE_LOOP ( 'NONE', ( #3804, #1293, #4960, #4834 ) ) ;
#3522 = AXIS2_PLACEMENT_3D ( 'NONE', #3799, #2131, #2079 ) ;
#3523 = ADVANCED_FACE ( 'NONE', ( #3505 ), #4804, .T. ) ;
#3524 = DIRECTION ( 'NONE',  ( -0.000000000000000000, -0.000000000000000000, -1.000000000000000000 ) ) ;
#3525 =( NAMED_UNIT ( * ) PLANE_ANGLE_UNIT ( ) SI_UNIT ( $, .RADIAN. ) );
#3526 = SURFACE_SIDE_STYLE ('',( #1828 ) ) ;
#3527 =( LENGTH_UNIT ( ) NAMED_UNIT ( * ) SI_UNIT ( .MILLI., .METRE. ) );
#3528 = PLANE ( 'NONE',  #1518 ) ;
#3529 = MECHANICAL_DESIGN_GEOMETRIC_PRESENTATION_REPRESENTATION (  '', ( #5447 ), #4786 ) ;
#3530 = VERTEX_POINT ( 'NONE', #3560 ) ;
#3531 = EDGE_CURVE ( 'NONE', #605, #1324, #2830, .T. ) ;
#3532 = MECHANICAL_DESIGN_GEOMETRIC_PRESENTATION_REPRESENTATION (  '', ( #36 ), #3176 ) ;
#3533 = CARTESIAN_POINT ( 'NONE',  ( 0.000000000000000000, 0.000000000000000000, 0.2810000000000000275 ) ) ;
#3534 =( NAMED_UNIT ( * ) SI_UNIT ( $, .STERADIAN. ) SOLID_ANGLE_UNIT ( ) );
#3535 = CLOSED_SHELL ( 'NONE', ( #312, #2523, #148, #272, #3795, #5186, #1674, #4564, #3350, #3999, #1894, #5552, #2028, #1181, #1992, #3071 ) ) ;
#3536 =( GEOMETRIC_REPRESENTATION_CONTEXT ( 3 ) GLOBAL_UNCERTAINTY_ASSIGNED_CONTEXT ( ( #4756 ) ) GLOBAL_UNIT_ASSIGNED_CONTEXT ( ( #2443, #3028, #4261 ) ) REPRESENTATION_CONTEXT ( 'NONE', 'WORKASPACE' ) );
#3537 = CARTESIAN_POINT ( 'NONE',  ( -0.7250754616367172112, -0.5368602718148540731, 0.2799999999999999711 ) ) ;
#3538 = ADVANCED_FACE ( 'NONE', ( #3203 ), #4948, .F. ) ;
#3539 = FACE_OUTER_BOUND ( 'NONE', #465, .T. ) ;
#3540 = CARTESIAN_POINT ( 'NONE',  ( 0.3901487617419281406, 0.8637862597461452019, 0.2799999999999999711 ) ) ;
#3541 =( NAMED_UNIT ( * ) SI_UNIT ( $, .STERADIAN. ) SOLID_ANGLE_UNIT ( ) );
#3542 = UNCERTAINTY_MEASURE_WITH_UNIT (LENGTH_MEASURE( 1.000000000000000082E-05 ), #1873, 'distance_accuracy_value', 'NONE');
#3543 = ORIENTED_EDGE ( 'NONE', *, *, #3859, .T. ) ;
#3544 = ORIENTED_EDGE ( 'NONE', *, *, #5257, .T. ) ;
#3545 = AXIS2_PLACEMENT_3D ( 'NONE', #4085, #1032, #1147 ) ;
#3546 = DIRECTION ( 'NONE',  ( -0.000000000000000000, -0.000000000000000000, -1.000000000000000000 ) ) ;
#3547 = FILL_AREA_STYLE_COLOUR ( '', #4984 ) ;
#3548 = DIRECTION ( 'NONE',  ( 1.000000000000000000, 0.000000000000000000, 0.000000000000000000 ) ) ;
#3549 = AXIS2_PLACEMENT_3D ( 'NONE', #3884, #113, #1741 ) ;
#3550 = EDGE_LOOP ( 'NONE', ( #3014, #3740, #4550, #1197 ) ) ;
#3551 = ORIENTED_EDGE ( 'NONE', *, *, #1910, .T. ) ;
#3552 = SURFACE_SIDE_STYLE ('',( #3581 ) ) ;
#3553 = CARTESIAN_POINT ( 'NONE',  ( -1.099999999999998979, 0.7499999999999997780, 0.2799999999999999711 ) ) ;
#3554 = UNCERTAINTY_MEASURE_WITH_UNIT (LENGTH_MEASURE( 1.000000000000000082E-05 ), #2642, 'distance_accuracy_value', 'NONE');
#3555 = FILL_AREA_STYLE ('',( #1857 ) ) ;
#3556 = LINE ( 'NONE', #4853, #4369 ) ;
#3557 = ORIENTED_EDGE ( 'NONE', *, *, #4455, .F. ) ;
#3558 = EDGE_CURVE ( 'NONE', #757, #1039, #3634, .T. ) ;
#3559 = CARTESIAN_POINT ( 'NONE',  ( 0.4124155170610083188, 0.000000000000000000, 0.2799999999999999711 ) ) ;
#3560 = CARTESIAN_POINT ( 'NONE',  ( -1.099999999999998979, -0.1385744931852173067, 0.2599999999999999534 ) ) ;
#3561 = UNCERTAINTY_MEASURE_WITH_UNIT (LENGTH_MEASURE( 1.000000000000000082E-05 ), #162, 'distance_accuracy_value', 'NONE');
#3562 = EDGE_CURVE ( 'NONE', #1030, #15, #5359, .T. ) ;
#3563 = MECHANICAL_DESIGN_GEOMETRIC_PRESENTATION_REPRESENTATION (  '', ( #514 ), #3295 ) ;
#3564 = ORIENTED_EDGE ( 'NONE', *, *, #497, .F. ) ;
#3565 = FACE_OUTER_BOUND ( 'NONE', #2035, .T. ) ;
#3566 = LINE ( 'NONE', #4862, #47 ) ;
#3567 = ADVANCED_FACE ( 'NONE', ( #4973 ), #5391, .T. ) ;
#3568 = VECTOR ( 'NONE', #2983, 1000.000000000000000 ) ;
#3569 = AXIS2_PLACEMENT_3D ( 'NONE', #46, #1306, #4739 ) ;
#3570 = ORIENTED_EDGE ( 'NONE', *, *, #3255, .T. ) ;
#3571 = EDGE_LOOP ( 'NONE', ( #2917, #3206, #89, #2380 ) ) ;
#3572 = FILL_AREA_STYLE ('',( #4870 ) ) ;
#3573 = DIRECTION ( 'NONE',  ( -1.000000000000000000, -0.000000000000000000, -0.000000000000000000 ) ) ;
#3574 =( GEOMETRIC_REPRESENTATION_CONTEXT ( 3 ) GLOBAL_UNCERTAINTY_ASSIGNED_CONTEXT ( ( #5271 ) ) GLOBAL_UNIT_ASSIGNED_CONTEXT ( ( #2340, #4847, #1925 ) ) REPRESENTATION_CONTEXT ( 'NONE', 'WORKASPACE' ) );
#3575 = SURFACE_STYLE_USAGE ( .BOTH. , #210 ) ;
#3576 =( GEOMETRIC_REPRESENTATION_CONTEXT ( 3 ) GLOBAL_UNCERTAINTY_ASSIGNED_CONTEXT ( ( #420 ) ) GLOBAL_UNIT_ASSIGNED_CONTEXT ( ( #3423, #3397, #5564 ) ) REPRESENTATION_CONTEXT ( 'NONE', 'WORKASPACE' ) );
#3577 = EDGE_LOOP ( 'NONE', ( #5232, #1496, #3990, #2731 ) ) ;
#3578 = VERTEX_POINT ( 'NONE', #654 ) ;
#3579 = CARTESIAN_POINT ( 'NONE',  ( 1.100000000000000089, -0.2000000000000005940, -7.680894765701995475E-15 ) ) ;
#3580 = VERTEX_POINT ( 'NONE', #3686 ) ;
#3581 = SURFACE_STYLE_FILL_AREA ( #273 ) ;
#3582 =( NAMED_UNIT ( * ) PLANE_ANGLE_UNIT ( ) SI_UNIT ( $, .RADIAN. ) );
#3583 = CARTESIAN_POINT ( 'NONE',  ( -0.1178234831815653944, -0.5316465652036583833, 0.2810000000000000275 ) ) ;
#3584 =( LENGTH_UNIT ( ) NAMED_UNIT ( * ) SI_UNIT ( .MILLI., .METRE. ) );
#3585 = ORIENTED_EDGE ( 'NONE', *, *, #1320, .F. ) ;
#3586 = DIRECTION ( 'NONE',  ( 0.000000000000000000, 1.000000000000000000, -0.000000000000000000 ) ) ;
#3587 = FILL_AREA_STYLE ('',( #3977 ) ) ;
#3588 =( NAMED_UNIT ( * ) SI_UNIT ( $, .STERADIAN. ) SOLID_ANGLE_UNIT ( ) );
#3589 = EDGE_CURVE ( 'NONE', #1414, #1755, #2861, .T. ) ;
#3590 = ORIENTED_EDGE ( 'NONE', *, *, #2185, .F. ) ;
#3591 = ADVANCED_FACE ( 'NONE', ( #5000 ), #1140, .F. ) ;
#3592 = DIRECTION ( 'NONE',  ( -0.6296153105544244344, -0.7769070476675159487, 0.000000000000000000 ) ) ;
#3593 = PRESENTATION_STYLE_ASSIGNMENT (( #4409 ) ) ;
#3594 = DIRECTION ( 'NONE',  ( 0.000000000000000000, 0.000000000000000000, 1.000000000000000000 ) ) ;
#3595 = CYLINDRICAL_SURFACE ( 'NONE', #2518, 0.2500000000000000000 ) ;
#3596 = COLOUR_RGB ( '',0.8509803921568627194, 0.8509803921568627194, 0.8509803921568627194 ) ;
#3597 = EDGE_LOOP ( 'NONE', ( #2942, #4257, #4199, #1764 ) ) ;
#3598 = CARTESIAN_POINT ( 'NONE',  ( 0.6809088744240132662, 0.5569292977732096528, 0.2599999999999999534 ) ) ;
#3599 = CARTESIAN_POINT ( 'NONE',  ( -0.5035437629006771498, 0.4569292977732096195, 0.2799999999999999711 ) ) ;
#3600 = ORIENTED_EDGE ( 'NONE', *, *, #4901, .F. ) ;
#3601 = AXIS2_PLACEMENT_3D ( 'NONE', #5260, #1335, #1442 ) ;
#3602 = ORIENTED_EDGE ( 'NONE', *, *, #4207, .F. ) ;
#3603 = FILL_AREA_STYLE ('',( #4963 ) ) ;
#3604 = SURFACE_STYLE_FILL_AREA ( #3164 ) ;
#3605 = FACE_OUTER_BOUND ( 'NONE', #595, .T. ) ;
#3606 = STYLED_ITEM ( 'NONE', ( #2292 ), #2221 ) ;
#3607 = EDGE_LOOP ( 'NONE', ( #1935, #1121, #4867, #5279 ) ) ;
#3608 = VECTOR ( 'NONE', #2972, 1000.000000000000000 ) ;
#3609 = LINE ( 'NONE', #1994, #2098 ) ;
#3610 = CARTESIAN_POINT ( 'NONE',  ( 0.8132557169139246200, -0.2164558030324802707, 0.2799999999999999711 ) ) ;
#3611 = DIRECTION ( 'NONE',  ( -1.000000000000000000, -1.734723475976807292E-15, 0.000000000000000000 ) ) ;
#3612 = CARTESIAN_POINT ( 'NONE',  ( 1.100000000000002531, 0.7499999999999997780, 0.2599999999999922928 ) ) ;
#3613 = VERTEX_POINT ( 'NONE', #4218 ) ;
#3614 = CARTESIAN_POINT ( 'NONE',  ( -2.787890710529826887E-16, -0.8999999999999999112, 0.000000000000000000 ) ) ;
#3615 = FACE_OUTER_BOUND ( 'NONE', #118, .T. ) ;
#3616 = VECTOR ( 'NONE', #3258, 1000.000000000000000 ) ;
#3617 = FILL_AREA_STYLE ('',( #1917 ) ) ;
#3618 = DIRECTION ( 'NONE',  ( -6.982962677686265922E-15, 0.000000000000000000, -1.000000000000000000 ) ) ;
#3619 = ORIENTED_EDGE ( 'NONE', *, *, #3927, .F. ) ;
#3620 = EDGE_CURVE ( 'NONE', #2704, #2509, #386, .T. ) ;
#3621 = LINE ( 'NONE', #1379, #4454 ) ;
#3622 =( GEOMETRIC_REPRESENTATION_CONTEXT ( 3 ) GLOBAL_UNCERTAINTY_ASSIGNED_CONTEXT ( ( #3989 ) ) GLOBAL_UNIT_ASSIGNED_CONTEXT ( ( #4494, #1581, #318 ) ) REPRESENTATION_CONTEXT ( 'NONE', 'WORKASPACE' ) );
#3623 = CARTESIAN_POINT ( 'NONE',  ( 0.6534767642029393198, -0.1570950497692372438, 0.2799999999999999711 ) ) ;
#3624 = ORIENTED_EDGE ( 'NONE', *, *, #2798, .T. ) ;
#3625 = VECTOR ( 'NONE', #2436, 1000.000000000000000 ) ;
#3626 = ORIENTED_EDGE ( 'NONE', *, *, #1602, .F. ) ;
#3627 =( NAMED_UNIT ( * ) SI_UNIT ( $, .STERADIAN. ) SOLID_ANGLE_UNIT ( ) );
#3628 = VECTOR ( 'NONE', #1200, 1000.000000000000000 ) ;
#3629 = CARTESIAN_POINT ( 'NONE',  ( 0.4000000000000001332, 0.9000000000000000222, 0.01999999999999721098 ) ) ;
#3630 = EDGE_CURVE ( 'NONE', #5473, #4499, #1623, .T. ) ;
#3631 = VERTEX_POINT ( 'NONE', #797 ) ;
#3632 = SURFACE_STYLE_USAGE ( .BOTH. , #2795 ) ;
#3633 = FILL_AREA_STYLE ('',( #250 ) ) ;
#3634 = LINE ( 'NONE', #4573, #5306 ) ;
#3635 = LINE ( 'NONE', #1569, #3175 ) ;
#3636 = LINE ( 'NONE', #5002, #140 ) ;
#3637 = FILL_AREA_STYLE ('',( #1945 ) ) ;
#3638 = SURFACE_SIDE_STYLE ('',( #1004 ) ) ;
#3639 = PRESENTATION_STYLE_ASSIGNMENT (( #4063 ) ) ;
#3640 = ORIENTED_EDGE ( 'NONE', *, *, #2485, .T. ) ;
#3641 = AXIS2_PLACEMENT_3D ( 'NONE', #3805, #3751, #4695 ) ;
#3642 = STYLED_ITEM ( 'NONE', ( #1694 ), #1079 ) ;
#3643 = SURFACE_STYLE_FILL_AREA ( #4066 ) ;
#3644 = LINE ( 'NONE', #286, #973 ) ;
#3645 = SURFACE_STYLE_FILL_AREA ( #1952 ) ;
#3646 = EDGE_CURVE ( 'NONE', #2704, #936, #2515, .T. ) ;
#3647 = DIRECTION ( 'NONE',  ( -1.000000000000000000, 3.097720492815726673E-16, 6.983251342707903681E-15 ) ) ;
#3648 = ADVANCED_FACE ( 'NONE', ( #3311 ), #3410, .F. ) ;
#3649 = ORIENTED_EDGE ( 'NONE', *, *, #5425, .F. ) ;
#3650 = ORIENTED_EDGE ( 'NONE', *, *, #4141, .T. ) ;
#3651 = STYLED_ITEM ( 'NONE', ( #4370 ), #3483 ) ;
#3652 = STYLED_ITEM ( 'NONE', ( #3444 ), #1674 ) ;
#3653 =( LENGTH_UNIT ( ) NAMED_UNIT ( * ) SI_UNIT ( .MILLI., .METRE. ) );
#3654 = UNCERTAINTY_MEASURE_WITH_UNIT (LENGTH_MEASURE( 1.000000000000000082E-05 ), #3924, 'distance_accuracy_value', 'NONE');
#3655 = ADVANCED_FACE ( 'NONE', ( #1248 ), #1650, .T. ) ;
#3656 =( NAMED_UNIT ( * ) SI_UNIT ( $, .STERADIAN. ) SOLID_ANGLE_UNIT ( ) );
#3657 = CARTESIAN_POINT ( 'NONE',  ( 0.3648896556285308179, 1.000000000000000000, -2.547875105340935420E-15 ) ) ;
#3658 = CARTESIAN_POINT ( 'NONE',  ( 0.7174695751538135990, 0.3080817958270101187, 0.2599999999999999534 ) ) ;
#3659 = VECTOR ( 'NONE', #3332, 1000.000000000000000 ) ;
#3660 = ORIENTED_EDGE ( 'NONE', *, *, #1162, .F. ) ;
#3661 = MECHANICAL_DESIGN_GEOMETRIC_PRESENTATION_REPRESENTATION (  '', ( #791 ), #3035 ) ;
#3662 = CARTESIAN_POINT ( 'NONE',  ( -0.5035437629006764837, 0.5569292977732096528, 0.2599999999999999534 ) ) ;
#3663 = CARTESIAN_POINT ( 'NONE',  ( 1.100000000000002087, 0.9999999999999997780, 0.2599999999999922928 ) ) ;
#3664 = DIRECTION ( 'NONE',  ( 0.000000000000000000, 0.000000000000000000, 1.000000000000000000 ) ) ;
#3665 = UNCERTAINTY_MEASURE_WITH_UNIT (LENGTH_MEASURE( 1.000000000000000082E-05 ), #3070, 'distance_accuracy_value', 'NONE');
#3666 =( NAMED_UNIT ( * ) SI_UNIT ( $, .STERADIAN. ) SOLID_ANGLE_UNIT ( ) );
#3667 = DIRECTION ( 'NONE',  ( 0.000000000000000000, -1.000000000000000000, 0.000000000000000000 ) ) ;
#3668 = PRESENTATION_LAYER_ASSIGNMENT (  '', '', ( #4672 ) ) ;
#3669 = ORIENTED_EDGE ( 'NONE', *, *, #5008, .F. ) ;
#3670 = FILL_AREA_STYLE_COLOUR ( '', #1143 ) ;
#3671 = SURFACE_STYLE_FILL_AREA ( #5062 ) ;
#3672 = FILL_AREA_STYLE_COLOUR ( '', #4237 ) ;
#3673 = ORIENTED_EDGE ( 'NONE', *, *, #366, .F. ) ;
#3674 = ORIENTED_EDGE ( 'NONE', *, *, #3298, .F. ) ;
#3675 =( GEOMETRIC_REPRESENTATION_CONTEXT ( 3 ) GLOBAL_UNCERTAINTY_ASSIGNED_CONTEXT ( ( #3223 ) ) GLOBAL_UNIT_ASSIGNED_CONTEXT ( ( #2101, #413, #2857 ) ) REPRESENTATION_CONTEXT ( 'NONE', 'WORKASPACE' ) );
#3676 = CARTESIAN_POINT ( 'NONE',  ( 0.4000000000000002442, -0.000000000000000000, 0.01999999999999721098 ) ) ;
#3677 = LINE ( 'NONE', #4993, #3126 ) ;
#3678 = ORIENTED_EDGE ( 'NONE', *, *, #1860, .T. ) ;
#3679 = EDGE_CURVE ( 'NONE', #15, #3936, #4932, .T. ) ;
#3680 = CARTESIAN_POINT ( 'NONE',  ( -0.6832485166931815401, 0.8768473060465202806, 0.2799999999999999156 ) ) ;
#3681 = EDGE_CURVE ( 'NONE', #5086, #3936, #523, .T. ) ;
#3682 = LINE ( 'NONE', #4188, #3972 ) ;
#3683 = AXIS2_PLACEMENT_3D ( 'NONE', #2991, #4712, #4280 ) ;
#3684 = CARTESIAN_POINT ( 'NONE',  ( 0.2532275857927164253, -0.3593805362314128615, 0.2810000000000000275 ) ) ;
#3685 = SURFACE_STYLE_USAGE ( .BOTH. , #226 ) ;
#3686 = CARTESIAN_POINT ( 'NONE',  ( 1.100000000000002531, 0.7499999999999997780, 0.2599999999999999534 ) ) ;
#3687 = DIRECTION ( 'NONE',  ( -1.000000000000000000, 0.000000000000000000, 0.000000000000000000 ) ) ;
#3688 = EDGE_CURVE ( 'NONE', #1030, #5086, #3227, .T. ) ;
#3689 = VECTOR ( 'NONE', #23, 1000.000000000000000 ) ;
#3690 = AXIS2_PLACEMENT_3D ( 'NONE', #2588, #4303, #1765 ) ;
#3691 = CARTESIAN_POINT ( 'NONE',  ( 0.05584305983497199477, -0.3593805362314128615, 0.2599999999999999534 ) ) ;
#3692 =( NAMED_UNIT ( * ) SI_UNIT ( $, .STERADIAN. ) SOLID_ANGLE_UNIT ( ) );
#3693 = SURFACE_STYLE_FILL_AREA ( #715 ) ;
#3694 = VECTOR ( 'NONE', #3306, 1000.000000000000000 ) ;
#3695 = STYLED_ITEM ( 'NONE', ( #3252 ), #2836 ) ;
#3696 = EDGE_CURVE ( 'NONE', #1486, #2451, #2654, .T. ) ;
#3697 = ORIENTED_EDGE ( 'NONE', *, *, #5111, .F. ) ;
#3698 = CARTESIAN_POINT ( 'NONE',  ( -0.6035437629006772386, 0.4569292977732090089, 0.2799999999999999711 ) ) ;
#3699 =( NAMED_UNIT ( * ) SI_UNIT ( $, .STERADIAN. ) SOLID_ANGLE_UNIT ( ) );
#3700 = SURFACE_STYLE_FILL_AREA ( #4987 ) ;
#3701 = COLOUR_RGB ( '',0.8509803921568627194, 0.8509803921568627194, 0.8509803921568627194 ) ;
#3702 = LINE ( 'NONE', #320, #5534 ) ;
#3703 = EDGE_LOOP ( 'NONE', ( #489, #1642, #1766, #3424 ) ) ;
#3704 =( GEOMETRIC_REPRESENTATION_CONTEXT ( 3 ) GLOBAL_UNCERTAINTY_ASSIGNED_CONTEXT ( ( #2695 ) ) GLOBAL_UNIT_ASSIGNED_CONTEXT ( ( #3978, #1810, #4006 ) ) REPRESENTATION_CONTEXT ( 'NONE', 'WORKASPACE' ) );
#3705 = DIRECTION ( 'NONE',  ( 0.000000000000000000, -0.000000000000000000, -1.000000000000000000 ) ) ;
#3706 = B_SPLINE_CURVE_WITH_KNOTS ( 'NONE', 3,
 ( #326, #2045, #2074, #5550, #2512, #4623 ),
 .UNSPECIFIED., .F., .F.,
 ( 4, 1, 1, 4 ),
 ( 0.000000000000000000, 0.3358544910758269886, 0.5565088627750724992, 1.000000000000000000 ),
 .UNSPECIFIED. ) ;
#3707 = LINE ( 'NONE', #2932, #4951 ) ;
#3708 = CIRCLE ( 'NONE', #3793, 0.1000000000000000472 ) ;
#3709 = VECTOR ( 'NONE', #3926, 1000.000000000000000 ) ;
#3710 = ORIENTED_EDGE ( 'NONE', *, *, #343, .F. ) ;
#3711 = SURFACE_STYLE_FILL_AREA ( #297 ) ;
#3712 = PRESENTATION_LAYER_ASSIGNMENT (  '', '', ( #3889 ) ) ;
#3713 = FACE_OUTER_BOUND ( 'NONE', #2648, .T. ) ;
#3714 = CARTESIAN_POINT ( 'NONE',  ( 0.7978332356883809373, -0.08504592687205501933, 0.2799999999999999711 ) ) ;
#3715 = ADVANCED_FACE ( 'NONE', ( #3499 ), #3528, .F. ) ;
#3716 = CARTESIAN_POINT ( 'NONE',  ( -1.100000000000000977, 0.000000000000000000, 7.680894765701995475E-15 ) ) ;
#3717 = VECTOR ( 'NONE', #2483, 1000.000000000000000 ) ;
#3718 = CARTESIAN_POINT ( 'NONE',  ( 1.100000000000002087, -0.5000000000000002220, 0.2599999999999922928 ) ) ;
#3719 = DIRECTION ( 'NONE',  ( -4.646580739223590995E-16, -1.000000000000000000, 3.244824118618382289E-30 ) ) ;
#3720 = ADVANCED_FACE ( 'NONE', ( #5230 ), #1391, .F. ) ;
#3721 = FILL_AREA_STYLE_COLOUR ( '', #2374 ) ;
#3722 =( NAMED_UNIT ( * ) PLANE_ANGLE_UNIT ( ) SI_UNIT ( $, .RADIAN. ) );
#3723 = ORIENTED_EDGE ( 'NONE', *, *, #2490, .T. ) ;
#3724 =( LENGTH_UNIT ( ) NAMED_UNIT ( * ) SI_UNIT ( .MILLI., .METRE. ) );
#3725 = EDGE_CURVE ( 'NONE', #2078, #5203, #2242, .T. ) ;
#3726 = LINE ( 'NONE', #3056, #932 ) ;
#3727 = LINE ( 'NONE', #4673, #2373 ) ;
#3728 = EDGE_LOOP ( 'NONE', ( #1265, #1876, #3051, #585 ) ) ;
#3729 =( NAMED_UNIT ( * ) SI_UNIT ( $, .STERADIAN. ) SOLID_ANGLE_UNIT ( ) );
#3730 =( LENGTH_UNIT ( ) NAMED_UNIT ( * ) SI_UNIT ( .MILLI., .METRE. ) );
#3731 = ORIENTED_EDGE ( 'NONE', *, *, #2763, .F. ) ;
#3732 =( LENGTH_UNIT ( ) NAMED_UNIT ( * ) SI_UNIT ( .MILLI., .METRE. ) );
#3733 = AXIS2_PLACEMENT_3D ( 'NONE', #5389, #5421, #4999 ) ;
#3734 = CARTESIAN_POINT ( 'NONE',  ( 1.100000000000002531, 0.7499999999999997780, 0.2799999999999999711 ) ) ;
#3735 = DIRECTION ( 'NONE',  ( -1.000000000000000000, 0.000000000000000000, 0.000000000000000000 ) ) ;
#3736 = DIRECTION ( 'NONE',  ( 6.982962677686268288E-15, -0.000000000000000000, 1.000000000000000000 ) ) ;
#3737 = CARTESIAN_POINT ( 'NONE',  ( 0.6360270068922001530, 0.1776407652747672150, 0.2799999999999999711 ) ) ;
#3738 = AXIS2_PLACEMENT_3D ( 'NONE', #1460, #2700, #3548 ) ;
#3739 = DIRECTION ( 'NONE',  ( 6.982962677686268288E-15, -0.000000000000000000, 1.000000000000000000 ) ) ;
#3740 = ORIENTED_EDGE ( 'NONE', *, *, #3562, .T. ) ;
#3741 = STYLED_ITEM ( 'NONE', ( #5143 ), #3655 ) ;
#3742 = CARTESIAN_POINT ( 'NONE',  ( 1.100000000000002087, -0.2500000000000002220, 0.2599999999999922928 ) ) ;
#3743 = DIRECTION ( 'NONE',  ( 1.000000000000000000, 0.000000000000000000, 0.000000000000000000 ) ) ;
#3744 = DIRECTION ( 'NONE',  ( 1.000000000000000000, 0.000000000000000000, 0.000000000000000000 ) ) ;
#3745 = EDGE_CURVE ( 'NONE', #4486, #4346, #971, .T. ) ;
#3746 = LINE ( 'NONE', #1201, #3616 ) ;
#3747 = CARTESIAN_POINT ( 'NONE',  ( -0.5740798441076691017, -7.576417661678501932E-16, 0.2599999999999999534 ) ) ;
#3748 = EDGE_CURVE ( 'NONE', #2847, #2791, #3971, .T. ) ;
#3749 = ORIENTED_EDGE ( 'NONE', *, *, #5425, .T. ) ;
#3750 = COLOUR_RGB ( '',0.7921568627450980005, 0.8196078431372548767, 0.9333333333333333481 ) ;
#3751 = DIRECTION ( 'NONE',  ( -1.000000000000000000, 3.469446951953614189E-15, 6.982962677686265922E-15 ) ) ;
#3752 = PRESENTATION_STYLE_ASSIGNMENT (( #2555 ) ) ;
#3753 = CARTESIAN_POINT ( 'NONE',  ( -1.099999999999998979, 0.2499999999999997780, 0.2600000000000076694 ) ) ;
#3754 = VECTOR ( 'NONE', #2863, 1000.000000000000000 ) ;
#3755 = DIRECTION ( 'NONE',  ( 3.469446951953614189E-15, 1.000000000000000000, -2.422802008568392053E-29 ) ) ;
#3756 = ORIENTED_EDGE ( 'NONE', *, *, #478, .T. ) ;
#3757 = DIRECTION ( 'NONE',  ( 0.000000000000000000, 0.000000000000000000, 1.000000000000000000 ) ) ;
#3758 = CARTESIAN_POINT ( 'NONE',  ( 0.2532275857927164253, -0.5316465652036583833, 0.2810000000000000275 ) ) ;
#3759 = CARTESIAN_POINT ( 'NONE',  ( 0.000000000000000000, 0.000000000000000000, 0.2810000000000000275 ) ) ;
#3760 = ORIENTED_EDGE ( 'NONE', *, *, #875, .T. ) ;
#3761 = CARTESIAN_POINT ( 'NONE',  ( -0.5035437629006764837, 0.5569292977732096528, 0.2799999999999999711 ) ) ;
#3762 = MECHANICAL_DESIGN_GEOMETRIC_PRESENTATION_REPRESENTATION (  '', ( #1439 ), #4583 ) ;
#3763 = CARTESIAN_POINT ( 'NONE',  ( 0.3432670707574931868, -0.3593805362314128615, 0.2599999999999999534 ) ) ;
#3764 = PLANE ( 'NONE',  #4406 ) ;
#3765 = CARTESIAN_POINT ( 'NONE',  ( -0.5035437629006764837, 0.5569292977732096528, 0.2799999999999999711 ) ) ;
#3766 = EDGE_LOOP ( 'NONE', ( #3010, #370, #4815, #558 ) ) ;
#3767 = PRESENTATION_LAYER_ASSIGNMENT (  '', '', ( #996 ) ) ;
#3768 = FILL_AREA_STYLE ('',( #362 ) ) ;
#3769 = DIRECTION ( 'NONE',  ( -0.000000000000000000, -0.000000000000000000, -1.000000000000000000 ) ) ;
#3770 = CARTESIAN_POINT ( 'NONE',  ( -1.099999999999998090, 1.000000000000000000, 0.2600000000000076694 ) ) ;
#3771 = CARTESIAN_POINT ( 'NONE',  ( 0.5359203924145662379, -0.05709504976923727992, 0.2799999999999999711 ) ) ;
#3772 = VECTOR ( 'NONE', #5479, 1000.000000000000000 ) ;
#3773 = ORIENTED_EDGE ( 'NONE', *, *, #726, .T. ) ;
#3774 = DIRECTION ( 'NONE',  ( 6.982962677686268288E-15, -0.000000000000000000, 1.000000000000000000 ) ) ;
#3775 = CARTESIAN_POINT ( 'NONE',  ( -0.4000000000000000777, 0.000000000000000000, 2.791820594150173918E-15 ) ) ;
#3776 = VECTOR ( 'NONE', #2699, 1000.000000000000000 ) ;
#3777 = CIRCLE ( 'NONE', #2807, 0.2500000000000000000 ) ;
#3778 = LINE ( 'NONE', #4235, #394 ) ;
#3779 = EDGE_CURVE ( 'NONE', #2809, #3270, #3556, .T. ) ;
#3780 = ORIENTED_EDGE ( 'NONE', *, *, #1832, .F. ) ;
#3781 = VECTOR ( 'NONE', #1493, 1000.000000000000000 ) ;
#3782 = VECTOR ( 'NONE', #5444, 1000.000000000000000 ) ;
#3783 = DIRECTION ( 'NONE',  ( -1.000000000000000000, 3.097720492815726673E-16, 6.983251342707903681E-15 ) ) ;
#3784 = CARTESIAN_POINT ( 'NONE',  ( -0.4343137556297431701, 0.4509946331943126552, 0.2810000000000000275 ) ) ;
#3785 = CARTESIAN_POINT ( 'NONE',  ( -1.099999999999998979, -0.7499999999999997780, 0.2799999999999999711 ) ) ;
#3786 = PRESENTATION_LAYER_ASSIGNMENT (  '', '', ( #930 ) ) ;
#3787 =( NAMED_UNIT ( * ) PLANE_ANGLE_UNIT ( ) SI_UNIT ( $, .RADIAN. ) );
#3788 = ADVANCED_FACE ( 'NONE', ( #4445 ), #1045, .F. ) ;
#3789 = MECHANICAL_DESIGN_GEOMETRIC_PRESENTATION_REPRESENTATION (  '', ( #3085 ), #2196 ) ;
#3790 = ORIENTED_EDGE ( 'NONE', *, *, #3288, .T. ) ;
#3791 = FILL_AREA_STYLE_COLOUR ( '', #4099 ) ;
#3792 = FILL_AREA_STYLE_COLOUR ( '', #4325 ) ;
#3793 = AXIS2_PLACEMENT_3D ( 'NONE', #5028, #1173, #2891 ) ;
#3794 = CARTESIAN_POINT ( 'NONE',  ( -0.7482052191486779913, -0.5828783997317398269, 0.2599999999999999534 ) ) ;
#3795 = ADVANCED_FACE ( 'NONE', ( #2851 ), #1558, .T. ) ;
#3796 = FILL_AREA_STYLE_COLOUR ( '', #4382 ) ;
#3797 = ORIENTED_EDGE ( 'NONE', *, *, #403, .F. ) ;
#3798 = AXIS2_PLACEMENT_3D ( 'NONE', #2748, #5003, #4545 ) ;
#3799 = CARTESIAN_POINT ( 'NONE',  ( -0.3095939579225142069, -0.3593805362314128615, 0.2810000000000000275 ) ) ;
#3800 = FILL_AREA_STYLE_COLOUR ( '', #4157 ) ;
#3801 = DIRECTION ( 'NONE',  ( 1.000000000000000000, 0.000000000000000000, -0.000000000000000000 ) ) ;
#3802 = CIRCLE ( 'NONE', #5277, 0.2500000000000000000 ) ;
#3803 = DIRECTION ( 'NONE',  ( 1.000000000000000000, 0.000000000000000000, 0.000000000000000000 ) ) ;
#3804 = ORIENTED_EDGE ( 'NONE', *, *, #330, .T. ) ;
#3805 = CARTESIAN_POINT ( 'NONE',  ( -1.099999999999998979, 0.7500000000000000000, 0.2600000000000076694 ) ) ;
#3806 = CARTESIAN_POINT ( 'NONE',  ( -1.100000000000001643, 3.816391647148981130E-15, 0.2799999999999999711 ) ) ;
#3807 = CARTESIAN_POINT ( 'NONE',  ( -0.4343137556297431701, 0.4509946331943126552, 0.2599999999999999534 ) ) ;
#3808 = VERTEX_POINT ( 'NONE', #244 ) ;
#3809 = PLANE ( 'NONE',  #2480 ) ;
#3810 = FACE_OUTER_BOUND ( 'NONE', #2071, .T. ) ;
#3811 = SURFACE_STYLE_USAGE ( .BOTH. , #3012 ) ;
#3812 = DIRECTION ( 'NONE',  ( 1.000000000000000000, 0.000000000000000000, 0.000000000000000000 ) ) ;
#3813 = ADVANCED_FACE ( 'NONE', ( #1471 ), #4537, .F. ) ;
#3814 = ORIENTED_EDGE ( 'NONE', *, *, #2739, .F. ) ;
#3815 = CARTESIAN_POINT ( 'NONE',  ( 0.3999999999999999667, 0.9000000000000000222, -2.791820594150173918E-15 ) ) ;
#3816 = EDGE_CURVE ( 'NONE', #3507, #2517, #5012, .T. ) ;
#3817 = COLOUR_RGB ( '',1.000000000000000000, 1.000000000000000000, 1.000000000000000000 ) ;
#3818 = PRESENTATION_STYLE_ASSIGNMENT (( #2456 ) ) ;
#3819 = FILL_AREA_STYLE ('',( #1168 ) ) ;
#3820 = STYLED_ITEM ( 'NONE', ( #2476 ), #3923 ) ;
#3821 = VERTEX_POINT ( 'NONE', #3629 ) ;
#3822 = PRESENTATION_LAYER_ASSIGNMENT (  '', '', ( #1962 ) ) ;
#3823 = AXIS2_PLACEMENT_3D ( 'NONE', #2313, #617, #236 ) ;
#3824 = VECTOR ( 'NONE', #1050, 1000.000000000000000 ) ;
#3825 = CARTESIAN_POINT ( 'NONE',  ( -0.4343137556297431701, 0.4509946331943126552, 0.2599999999999999534 ) ) ;
#3826 = STYLED_ITEM ( 'NONE', ( #2417 ), #1318 ) ;
#3827 = CARTESIAN_POINT ( 'NONE',  ( -0.4343137556297431701, 0.04041390370446151792, 0.2810000000000000275 ) ) ;
#3828 =( NAMED_UNIT ( * ) SI_UNIT ( $, .STERADIAN. ) SOLID_ANGLE_UNIT ( ) );
#3829 = LINE ( 'NONE', #4224, #122 ) ;
#3830 = UNCERTAINTY_MEASURE_WITH_UNIT (LENGTH_MEASURE( 1.000000000000000082E-05 ), #5183, 'distance_accuracy_value', 'NONE');
#3831 = VECTOR ( 'NONE', #50, 1000.000000000000000 ) ;
#3832 = DIRECTION ( 'NONE',  ( 0.000000000000000000, 1.000000000000000000, -0.000000000000000000 ) ) ;
#3833 = ORIENTED_EDGE ( 'NONE', *, *, #2971, .T. ) ;
#3834 = EDGE_LOOP ( 'NONE', ( #4785, #5341, #4826, #4002 ) ) ;
#3835 = VERTEX_POINT ( 'NONE', #3658 ) ;
#3836 = CARTESIAN_POINT ( 'NONE',  ( 0.7174695751538135990, -0.08025157153844877933, 0.2599999999999999534 ) ) ;
#3837 = DIRECTION ( 'NONE',  ( 0.000000000000000000, -0.000000000000000000, -1.000000000000000000 ) ) ;
#3838 = ORIENTED_EDGE ( 'NONE', *, *, #2000, .F. ) ;
#3839 = FACE_OUTER_BOUND ( 'NONE', #388, .T. ) ;
#3840 = ORIENTED_EDGE ( 'NONE', *, *, #3284, .T. ) ;
#3841 = SURFACE_STYLE_USAGE ( .BOTH. , #1388 ) ;
#3842 = SURFACE_SIDE_STYLE ('',( #548 ) ) ;
#3843 = DIRECTION ( 'NONE',  ( -0.000000000000000000, -0.000000000000000000, -1.000000000000000000 ) ) ;
#3844 = LINE ( 'NONE', #3109, #2955 ) ;
#3845 = CARTESIAN_POINT ( 'NONE',  ( -0.4343137556297431701, 0.04041390370446151792, 0.2810000000000000275 ) ) ;
#3846 = STYLED_ITEM ( 'NONE', ( #2293 ), #3069 ) ;
#3847 = ORIENTED_EDGE ( 'NONE', *, *, #1889, .T. ) ;
#3848 = EDGE_CURVE ( 'NONE', #451, #4008, #4447, .T. ) ;
#3849 = SURFACE_SIDE_STYLE ('',( #1310 ) ) ;
#3850 =( GEOMETRIC_REPRESENTATION_CONTEXT ( 3 ) GLOBAL_UNCERTAINTY_ASSIGNED_CONTEXT ( ( #2272 ) ) GLOBAL_UNIT_ASSIGNED_CONTEXT ( ( #4279, #3525, #1389 ) ) REPRESENTATION_CONTEXT ( 'NONE', 'WORKASPACE' ) );
#3851 = FACE_OUTER_BOUND ( 'NONE', #3901, .T. ) ;
#3852 = LINE ( 'NONE', #4172, #755 ) ;
#3853 =( LENGTH_UNIT ( ) NAMED_UNIT ( * ) SI_UNIT ( .MILLI., .METRE. ) );
#3854 =( GEOMETRIC_REPRESENTATION_CONTEXT ( 3 ) GLOBAL_UNCERTAINTY_ASSIGNED_CONTEXT ( ( #2548 ) ) GLOBAL_UNIT_ASSIGNED_CONTEXT ( ( #5499, #3439, #2939 ) ) REPRESENTATION_CONTEXT ( 'NONE', 'WORKASPACE' ) );
#3855 = DIRECTION ( 'NONE',  ( 1.000000000000000000, -2.378754451002343441E-17, 0.000000000000000000 ) ) ;
#3856 = ORIENTED_EDGE ( 'NONE', *, *, #2907, .T. ) ;
#3857 = FILL_AREA_STYLE ('',( #2166 ) ) ;
#3858 = FILL_AREA_STYLE_COLOUR ( '', #2824 ) ;
#3859 = EDGE_CURVE ( 'NONE', #4300, #4943, #3677, .T. ) ;
#3860 = PLANE ( 'NONE',  #1344 ) ;
#3861 = ORIENTED_EDGE ( 'NONE', *, *, #5331, .T. ) ;
#3862 = VERTEX_POINT ( 'NONE', #1670 ) ;
#3863 = CIRCLE ( 'NONE', #643, 0.3614255068147826933 ) ;
#3864 = CARTESIAN_POINT ( 'NONE',  ( 1.100000000000002309, -9.540979117872460713E-16, 0.2799999999999999711 ) ) ;
#3865 = SURFACE_STYLE_FILL_AREA ( #5543 ) ;
#3866 = AXIS2_PLACEMENT_3D ( 'NONE', #4029, #1999, #712 ) ;
#3867 = FACE_OUTER_BOUND ( 'NONE', #3571, .T. ) ;
#3868 = DIRECTION ( 'NONE',  ( -0.000000000000000000, -0.000000000000000000, -1.000000000000000000 ) ) ;
#3869 = PRESENTATION_LAYER_ASSIGNMENT (  '', '', ( #1456 ) ) ;
#3870 = UNCERTAINTY_MEASURE_WITH_UNIT (LENGTH_MEASURE( 1.000000000000000082E-05 ), #1411, 'distance_accuracy_value', 'NONE');
#3871 = ORIENTED_EDGE ( 'NONE', *, *, #1705, .T. ) ;
#3872 = CARTESIAN_POINT ( 'NONE',  ( -0.4135483952989442713, -0.3593805362314128615, 0.2810000000000000275 ) ) ;
#3873 = ORIENTED_EDGE ( 'NONE', *, *, #21, .F. ) ;
#3874 = UNCERTAINTY_MEASURE_WITH_UNIT (LENGTH_MEASURE( 1.000000000000000082E-05 ), #3527, 'distance_accuracy_value', 'NONE');
#3875 = DIRECTION ( 'NONE',  ( 1.000000000000000000, 0.000000000000000000, 0.000000000000000000 ) ) ;
#3876 = PRESENTATION_STYLE_ASSIGNMENT (( #106 ) ) ;
#3877 = SURFACE_STYLE_FILL_AREA ( #2267 ) ;
#3878 = DIRECTION ( 'NONE',  ( 6.982962677686268288E-15, 0.000000000000000000, 1.000000000000000000 ) ) ;
#3879 = ORIENTED_EDGE ( 'NONE', *, *, #127, .T. ) ;
#3880 = MECHANICAL_DESIGN_GEOMETRIC_PRESENTATION_REPRESENTATION (  '', ( #1654 ), #1748 ) ;
#3881 = CARTESIAN_POINT ( 'NONE',  ( 0.7249999999999999778, -1.000000000000000000, 0.2599999999999999534 ) ) ;
#3882 = EDGE_CURVE ( 'NONE', #212, #4472, #2906, .T. ) ;
#3883 = LINE ( 'NONE', #3827, #2761 ) ;
#3884 = CARTESIAN_POINT ( 'NONE',  ( 0.5359203924145662379, 1.036540087595036278E-16, 0.2799999999999999711 ) ) ;
#3885 = PLANE ( 'NONE',  #612 ) ;
#3886 = EDGE_CURVE ( 'NONE', #694, #4472, #323, .T. ) ;
#3887 = AXIS2_PLACEMENT_3D ( 'NONE', #4837, #3508, #559 ) ;
#3888 = EDGE_CURVE ( 'NONE', #233, #2802, #4011, .T. ) ;
#3889 = STYLED_ITEM ( 'NONE', ( #1892 ), #4939 ) ;
#3890 = DIRECTION ( 'NONE',  ( 0.000000000000000000, 1.000000000000000000, -0.000000000000000000 ) ) ;
#3891 = VERTEX_POINT ( 'NONE', #760 ) ;
#3892 = ADVANCED_FACE ( 'NONE', ( #4677 ), #706, .T. ) ;
#3893 = FILL_AREA_STYLE ('',( #3480 ) ) ;
#3894 = AXIS2_PLACEMENT_3D ( 'NONE', #1280, #2998, #773 ) ;
#3895 = LINE ( 'NONE', #898, #2031 ) ;
#3896 = STYLED_ITEM ( 'NONE', ( #3364 ), #312 ) ;
#3897 = PLANE ( 'NONE',  #2628 ) ;
#3898 = UNCERTAINTY_MEASURE_WITH_UNIT (LENGTH_MEASURE( 1.000000000000000082E-05 ), #3289, 'distance_accuracy_value', 'NONE');
#3899 = PRESENTATION_STYLE_ASSIGNMENT (( #3029 ) ) ;
#3900 = VERTEX_POINT ( 'NONE', #5519 ) ;
#3901 = EDGE_LOOP ( 'NONE', ( #3797, #3585, #2923, #3544 ) ) ;
#3902 = PLANE ( 'NONE',  #4423 ) ;
#3903 =( LENGTH_UNIT ( ) NAMED_UNIT ( * ) SI_UNIT ( .MILLI., .METRE. ) );
#3904 = VERTEX_POINT ( 'NONE', #5019 ) ;
#3905 = EDGE_LOOP ( 'NONE', ( #2400, #176, #2220, #2570 ) ) ;
#3906 = DIRECTION ( 'NONE',  ( -0.000000000000000000, -0.000000000000000000, -1.000000000000000000 ) ) ;
#3907 = LINE ( 'NONE', #970, #2500 ) ;
#3908 = DIRECTION ( 'NONE',  ( 0.000000000000000000, -0.000000000000000000, -1.000000000000000000 ) ) ;
#3909 = VERTEX_POINT ( 'NONE', #5574 ) ;
#3910 = MECHANICAL_DESIGN_GEOMETRIC_PRESENTATION_REPRESENTATION (  '', ( #3642 ), #3471 ) ;
#3911 = CARTESIAN_POINT ( 'NONE',  ( -0.3095939579225142069, -0.5316465652036583833, 0.2599999999999999534 ) ) ;
#3912 = PLANE ( 'NONE',  #5109 ) ;
#3913 = PRESENTATION_STYLE_ASSIGNMENT (( #529 ) ) ;
#3914 =( GEOMETRIC_REPRESENTATION_CONTEXT ( 3 ) GLOBAL_UNCERTAINTY_ASSIGNED_CONTEXT ( ( #456 ) ) GLOBAL_UNIT_ASSIGNED_CONTEXT ( ( #3584, #648, #2322 ) ) REPRESENTATION_CONTEXT ( 'NONE', 'WORKASPACE' ) );
#3915 = DIRECTION ( 'NONE',  ( 0.000000000000000000, -0.000000000000000000, -1.000000000000000000 ) ) ;
#3916 = MECHANICAL_DESIGN_GEOMETRIC_PRESENTATION_REPRESENTATION (  '', ( #5098 ), #2574 ) ;
#3917 = VECTOR ( 'NONE', #325, 1000.000000000000000 ) ;
#3918 = LINE ( 'NONE', #1778, #756 ) ;
#3919 = PRESENTATION_LAYER_ASSIGNMENT (  '', '', ( #4748 ) ) ;
#3920 = MECHANICAL_DESIGN_GEOMETRIC_PRESENTATION_REPRESENTATION (  '', ( #3652 ), #1054 ) ;
#3921 = EDGE_LOOP ( 'NONE', ( #3036, #2317, #5151, #578 ) ) ;
#3922 = COLOUR_RGB ( '',0.8509803921568627194, 0.8509803921568627194, 0.8509803921568627194 ) ;
#3923 = ADVANCED_FACE ( 'NONE', ( #1242 ), #5546, .T. ) ;
#3924 =( LENGTH_UNIT ( ) NAMED_UNIT ( * ) SI_UNIT ( .MILLI., .METRE. ) );
#3925 = PLANE ( 'NONE',  #3887 ) ;
#3926 = DIRECTION ( 'NONE',  ( -8.673617379884037444E-16, -1.000000000000000000, -0.000000000000000000 ) ) ;
#3927 = EDGE_CURVE ( 'NONE', #1075, #2566, #5493, .T. ) ;
#3928 = CARTESIAN_POINT ( 'NONE',  ( -0.6957328749551370262, 0.6914393411476200679, 0.2599999999999999534 ) ) ;
#3929 = EDGE_LOOP ( 'NONE', ( #670, #4995, #4674, #2162 ) ) ;
#3930 = ORIENTED_EDGE ( 'NONE', *, *, #2798, .F. ) ;
#3931 =( GEOMETRIC_REPRESENTATION_CONTEXT ( 3 ) GLOBAL_UNCERTAINTY_ASSIGNED_CONTEXT ( ( #4271 ) ) GLOBAL_UNIT_ASSIGNED_CONTEXT ( ( #4769, #3044, #109 ) ) REPRESENTATION_CONTEXT ( 'NONE', 'WORKASPACE' ) );
#3932 = CARTESIAN_POINT ( 'NONE',  ( -0.6035437629006772386, 0.000000000000000000, 0.2599999999999999534 ) ) ;
#3933 = DIRECTION ( 'NONE',  ( 0.000000000000000000, -0.000000000000000000, -1.000000000000000000 ) ) ;
#3934 = CARTESIAN_POINT ( 'NONE',  ( 0.8500000000000019762, 0.4999999999999997780, 0.2599999999999940137 ) ) ;
#3935 =( NAMED_UNIT ( * ) PLANE_ANGLE_UNIT ( ) SI_UNIT ( $, .RADIAN. ) );
#3936 = VERTEX_POINT ( 'NONE', #2205 ) ;
#3937 = EDGE_LOOP ( 'NONE', ( #3347, #3493, #5123, #1819 ) ) ;
#3938 = CARTESIAN_POINT ( 'NONE',  ( -0.4135483952989442713, -0.3593805362314128615, 0.2810000000000000275 ) ) ;
#3939 = FILL_AREA_STYLE ('',( #520 ) ) ;
#3940 = DIRECTION ( 'NONE',  ( -3.469446951953614583E-15, 1.000000000000000000, 0.000000000000000000 ) ) ;
#3941 = UNCERTAINTY_MEASURE_WITH_UNIT (LENGTH_MEASURE( 1.000000000000000082E-05 ), #5337, 'distance_accuracy_value', 'NONE');
#3942 = ORIENTED_EDGE ( 'NONE', *, *, #891, .T. ) ;
#3943 =( NAMED_UNIT ( * ) SI_UNIT ( $, .STERADIAN. ) SOLID_ANGLE_UNIT ( ) );
#3944 = CARTESIAN_POINT ( 'NONE',  ( -1.099999999999998090, -1.000000000000000000, 0.2600000000000076694 ) ) ;
#3945 =( NAMED_UNIT ( * ) PLANE_ANGLE_UNIT ( ) SI_UNIT ( $, .RADIAN. ) );
#3946 = UNCERTAINTY_MEASURE_WITH_UNIT (LENGTH_MEASURE( 1.000000000000000082E-05 ), #2285, 'distance_accuracy_value', 'NONE');
#3947 = AXIS2_PLACEMENT_3D ( 'NONE', #4760, #2644, #455 ) ;
#3948 = SURFACE_SIDE_STYLE ('',( #3304 ) ) ;
#3949 = AXIS2_PLACEMENT_3D ( 'NONE', #692, #1149, #1628 ) ;
#3950 = VERTEX_POINT ( 'NONE', #4330 ) ;
#3951 = AXIS2_PLACEMENT_3D ( 'NONE', #5383, #2705, #4533 ) ;
#3952 = ORIENTED_EDGE ( 'NONE', *, *, #4161, .T. ) ;
#3953 = DIRECTION ( 'NONE',  ( -6.982962677686265922E-15, 0.000000000000000000, -1.000000000000000000 ) ) ;
#3954 = SURFACE_SIDE_STYLE ('',( #1483 ) ) ;
#3955 = FILL_AREA_STYLE ('',( #4350 ) ) ;
#3956 = CARTESIAN_POINT ( 'NONE',  ( 0.2532275857927164253, -0.3593805362314128615, 0.2599999999999999534 ) ) ;
#3957 = SURFACE_STYLE_USAGE ( .BOTH. , #1719 ) ;
#3958 = ORIENTED_EDGE ( 'NONE', *, *, #3040, .T. ) ;
#3959 = ORIENTED_EDGE ( 'NONE', *, *, #4904, .F. ) ;
#3960 = MECHANICAL_DESIGN_GEOMETRIC_PRESENTATION_REPRESENTATION (  '', ( #2889 ), #4685 ) ;
#3961 = CARTESIAN_POINT ( 'NONE',  ( 0.7385744931852191719, -0.5000000000000002220, 0.2799999999999999711 ) ) ;
#3962 = PLANE ( 'NONE',  #3187 ) ;
#3963 = CARTESIAN_POINT ( 'NONE',  ( 0.5124155170610084076, 0.2080817958270101131, 0.2799999999999999711 ) ) ;
#3964 = EDGE_CURVE ( 'NONE', #620, #5216, #2853, .T. ) ;
#3965 = EDGE_LOOP ( 'NONE', ( #5436, #1799, #4538, #5058 ) ) ;
#3966 = ORIENTED_EDGE ( 'NONE', *, *, #3492, .T. ) ;
#3967 = AXIS2_PLACEMENT_3D ( 'NONE', #554, #496, #54 ) ;
#3968 =( NAMED_UNIT ( * ) SI_UNIT ( $, .STERADIAN. ) SOLID_ANGLE_UNIT ( ) );
#3969 = EDGE_CURVE ( 'NONE', #4819, #3530, #2614, .T. ) ;
#3970 = CARTESIAN_POINT ( 'NONE',  ( -1.099999999999998090, -0.4999999999999997780, 0.2599999999999999534 ) ) ;
#3971 = LINE ( 'NONE', #138, #2940 ) ;
#3972 = VECTOR ( 'NONE', #4134, 1000.000000000000000 ) ;
#3973 = ORIENTED_EDGE ( 'NONE', *, *, #1527, .F. ) ;
#3974 =( GEOMETRIC_REPRESENTATION_CONTEXT ( 3 ) GLOBAL_UNCERTAINTY_ASSIGNED_CONTEXT ( ( #2223 ) ) GLOBAL_UNIT_ASSIGNED_CONTEXT ( ( #1180, #699, #4124 ) ) REPRESENTATION_CONTEXT ( 'NONE', 'WORKASPACE' ) );
#3975 = EDGE_CURVE ( 'NONE', #2721, #4737, #3461, .T. ) ;
#3976 = LINE ( 'NONE', #142, #3689 ) ;
#3977 = FILL_AREA_STYLE_COLOUR ( '', #2946 ) ;
#3978 =( LENGTH_UNIT ( ) NAMED_UNIT ( * ) SI_UNIT ( .MILLI., .METRE. ) );
#3979 = DIRECTION ( 'NONE',  ( 0.000000000000000000, -0.000000000000000000, -1.000000000000000000 ) ) ;
#3980 =( GEOMETRIC_REPRESENTATION_CONTEXT ( 3 ) GLOBAL_UNCERTAINTY_ASSIGNED_CONTEXT ( ( #1785 ) ) GLOBAL_UNIT_ASSIGNED_CONTEXT ( ( #1946, #3237, #4433 ) ) REPRESENTATION_CONTEXT ( 'NONE', 'WORKASPACE' ) );
#3981 =( GEOMETRIC_REPRESENTATION_CONTEXT ( 3 ) GLOBAL_UNCERTAINTY_ASSIGNED_CONTEXT ( ( #1071 ) ) GLOBAL_UNIT_ASSIGNED_CONTEXT ( ( #1912, #4977, #229 ) ) REPRESENTATION_CONTEXT ( 'NONE', 'WORKASPACE' ) );
#3982 = VECTOR ( 'NONE', #942, 1000.000000000000000 ) ;
#3983 =( LENGTH_UNIT ( ) NAMED_UNIT ( * ) SI_UNIT ( .MILLI., .METRE. ) );
#3984 = FILL_AREA_STYLE_COLOUR ( '', #750 ) ;
#3985 = PRESENTATION_LAYER_ASSIGNMENT (  '', '', ( #5169 ) ) ;
#3986 =( GEOMETRIC_REPRESENTATION_CONTEXT ( 3 ) GLOBAL_UNCERTAINTY_ASSIGNED_CONTEXT ( ( #4386 ) ) GLOBAL_UNIT_ASSIGNED_CONTEXT ( ( #375, #2140, #5063 ) ) REPRESENTATION_CONTEXT ( 'NONE', 'WORKASPACE' ) );
#3987 = PLANE ( 'NONE',  #836 ) ;
#3988 = PLANE ( 'NONE',  #3949 ) ;
#3989 = UNCERTAINTY_MEASURE_WITH_UNIT (LENGTH_MEASURE( 1.000000000000000082E-05 ), #4494, 'distance_accuracy_value', 'NONE');
#3990 = ORIENTED_EDGE ( 'NONE', *, *, #700, .F. ) ;
#3991 = STYLED_ITEM ( 'NONE', ( #2362 ), #5074 ) ;
#3992 = PRESENTATION_STYLE_ASSIGNMENT (( #186 ) ) ;
#3993 = CARTESIAN_POINT ( 'NONE',  ( 0.5359203924145662379, -0.2065665198382720669, 0.2599999999999999534 ) ) ;
#3994 = CARTESIAN_POINT ( 'NONE',  ( -0.4000000000000001332, -0.1999999999999998446, 2.791820594150173918E-15 ) ) ;
#3995 = PRESENTATION_STYLE_ASSIGNMENT (( #4848 ) ) ;
#3996 = AXIS2_PLACEMENT_3D ( 'NONE', #3474, #5236, #5205 ) ;
#3997 = ORIENTED_EDGE ( 'NONE', *, *, #1076, .F. ) ;
#3998 = ORIENTED_EDGE ( 'NONE', *, *, #5510, .F. ) ;
#3999 = ADVANCED_FACE ( 'NONE', ( #935 ), #542, .T. ) ;
#4000 = DIRECTION ( 'NONE',  ( -6.982962677686265922E-15, 0.000000000000000000, -1.000000000000000000 ) ) ;
#4001 = SURFACE_STYLE_USAGE ( .BOTH. , #3526 ) ;
#4002 = ORIENTED_EDGE ( 'NONE', *, *, #3153, .T. ) ;
#4003 = EDGE_CURVE ( 'NONE', #3346, #2595, #517, .T. ) ;
#4004 = CARTESIAN_POINT ( 'NONE',  ( 1.100000000000002087, -1.000000000000000222, 0.2599999999999922928 ) ) ;
#4005 = CARTESIAN_POINT ( 'NONE',  ( 1.100000000000002087, -0.1385744931852173067, 0.2599999999999999534 ) ) ;
#4006 =( NAMED_UNIT ( * ) SI_UNIT ( $, .STERADIAN. ) SOLID_ANGLE_UNIT ( ) );
#4007 = AXIS2_PLACEMENT_3D ( 'NONE', #2008, #4091, #1205 ) ;
#4008 = VERTEX_POINT ( 'NONE', #4269 ) ;
#4009 = DIRECTION ( 'NONE',  ( -1.000000000000000000, 0.000000000000000000, 0.000000000000000000 ) ) ;
#4010 = AXIS2_PLACEMENT_3D ( 'NONE', #4090, #4930, #2781 ) ;
#4011 = CIRCLE ( 'NONE', #1786, 0.1000000000000000472 ) ;
#4012 = STYLED_ITEM ( 'NONE', ( #2592 ), #2305 ) ;
#4013 = ORIENTED_EDGE ( 'NONE', *, *, #5491, .F. ) ;
#4014 = FILL_AREA_STYLE_COLOUR ( '', #5393 ) ;
#4015 = CARTESIAN_POINT ( 'NONE',  ( -1.100000000000000755, -0.1999999999999994837, 0.02000000000000768177 ) ) ;
#4016 = STYLED_ITEM ( 'NONE', ( #2419 ), #3463 ) ;
#4017 = CARTESIAN_POINT ( 'NONE',  ( -0.6634567500555484942, -0.2265013340820382082, 0.2799999999999999711 ) ) ;
#4018 =( GEOMETRIC_REPRESENTATION_CONTEXT ( 3 ) GLOBAL_UNCERTAINTY_ASSIGNED_CONTEXT ( ( #1829 ) ) GLOBAL_UNIT_ASSIGNED_CONTEXT ( ( #4581, #5433, #5405 ) ) REPRESENTATION_CONTEXT ( 'NONE', 'WORKASPACE' ) );
#4019 = SURFACE_SIDE_STYLE ('',( #2702 ) ) ;
#4020 = ORIENTED_EDGE ( 'NONE', *, *, #728, .T. ) ;
#4021 = VERTEX_POINT ( 'NONE', #1353 ) ;
#4022 = CARTESIAN_POINT ( 'NONE',  ( -0.4000000000000000777, 0.9000000000000000222, 2.791820594150173918E-15 ) ) ;
#4023 = LINE ( 'NONE', #190, #811 ) ;
#4024 = FACE_OUTER_BOUND ( 'NONE', #2227, .T. ) ;
#4025 = ORIENTED_EDGE ( 'NONE', *, *, #3250, .F. ) ;
#4026 = LINE ( 'NONE', #2711, #4833 ) ;
#4027 = DIRECTION ( 'NONE',  ( 1.000000000000000000, 0.000000000000000000, 0.000000000000000000 ) ) ;
#4028 = ADVANCED_FACE ( 'NONE', ( #4731 ), #2234, .F. ) ;
#4029 = CARTESIAN_POINT ( 'NONE',  ( 1.100000000000000089, 0.4999999999999997780, -7.680894765701995475E-15 ) ) ;
#4030 = ORIENTED_EDGE ( 'NONE', *, *, #180, .T. ) ;
#4031 = PLANE ( 'NONE',  #1005 ) ;
#4032 = LINE ( 'NONE', #5428, #2115 ) ;
#4033 = EDGE_CURVE ( 'NONE', #5386, #3177, #1760, .T. ) ;
#4034 = PRESENTATION_STYLE_ASSIGNMENT (( #1895 ) ) ;
#4035 = SURFACE_STYLE_USAGE ( .BOTH. , #2749 ) ;
#4036 = AXIS2_PLACEMENT_3D ( 'NONE', #4240, #3351, #1984 ) ;
#4037 = ORIENTED_EDGE ( 'NONE', *, *, #127, .F. ) ;
#4038 = DIRECTION ( 'NONE',  ( -1.000000000000000000, 0.000000000000000000, 0.000000000000000000 ) ) ;
#4039 =( LENGTH_UNIT ( ) NAMED_UNIT ( * ) SI_UNIT ( .MILLI., .METRE. ) );
#4040 = EDGE_CURVE ( 'NONE', #3296, #1075, #4469, .T. ) ;
#4041 = EDGE_LOOP ( 'NONE', ( #1188, #2375, #3096, #3773 ) ) ;
#4042 = ORIENTED_EDGE ( 'NONE', *, *, #3385, .F. ) ;
#4043 = B_SPLINE_SURFACE_WITH_KNOTS ( 'NONE', 3, 1, ( 
 ( #3170, #4049 ),
 ( #192, #2351 ),
 ( #677, #1476 ),
 ( #5388, #2771 ),
 ( #1080, #4080 ),
 ( #2710, #4914 ) ),
 .UNSPECIFIED., .F., .F., .F.,
 ( 4, 1, 1, 4 ),
 ( 2, 2 ),
 ( 0.000000000000000000, 0.3358544910758269886, 0.5565088627750724992, 1.000000000000000000 ),
 ( 0.000000000000000000, 1.000000000000000000 ),
 .UNSPECIFIED. ) ;
#4044 = DIRECTION ( 'NONE',  ( 4.259365677621624914E-16, 1.000000000000000000, -2.974299155744968002E-30 ) ) ;
#4045 = UNCERTAINTY_MEASURE_WITH_UNIT (LENGTH_MEASURE( 1.000000000000000082E-05 ), #5153, 'distance_accuracy_value', 'NONE');
#4046 = CYLINDRICAL_SURFACE ( 'NONE', #2163, 0.2500000000000000000 ) ;
#4047 = ORIENTED_EDGE ( 'NONE', *, *, #801, .F. ) ;
#4048 = VECTOR ( 'NONE', #1458, 1000.000000000000000 ) ;
#4049 = CARTESIAN_POINT ( 'NONE',  ( -0.5388595371840243509, 0.8637862597461452019, 0.2599999999999999534 ) ) ;
#4050 = MECHANICAL_DESIGN_GEOMETRIC_PRESENTATION_REPRESENTATION (  '', ( #5245 ), #1643 ) ;
#4051 = DIRECTION ( 'NONE',  ( 1.000000000000000000, 0.000000000000000000, 0.000000000000000000 ) ) ;
#4052 = CARTESIAN_POINT ( 'NONE',  ( 0.000000000000000000, 0.6855750628389500889, 0.2799999999999999711 ) ) ;
#4053 = AXIS2_PLACEMENT_3D ( 'NONE', #5283, #3868, #41 ) ;
#4054 = VECTOR ( 'NONE', #3855, 1000.000000000000000 ) ;
#4055 = EDGE_CURVE ( 'NONE', #483, #642, #5056, .T. ) ;
#4056 = ORIENTED_EDGE ( 'NONE', *, *, #2389, .T. ) ;
#4057 =( LENGTH_UNIT ( ) NAMED_UNIT ( * ) SI_UNIT ( .MILLI., .METRE. ) );
#4058 = CARTESIAN_POINT ( 'NONE',  ( -0.4343137556297431701, 0.4509946331943126552, 0.2810000000000000275 ) ) ;
#4059 = PRESENTATION_LAYER_ASSIGNMENT (  '', '', ( #223 ) ) ;
#4060 = EDGE_CURVE ( 'NONE', #2238, #2256, #2341, .T. ) ;
#4061 = COLOUR_RGB ( '',0.8509803921568627194, 0.8509803921568627194, 0.8509803921568627194 ) ;
#4062 = CARTESIAN_POINT ( 'NONE',  ( -0.3095939579225142069, -0.5316465652036583833, 0.2810000000000000275 ) ) ;
#4063 = SURFACE_STYLE_USAGE ( .BOTH. , #4865 ) ;
#4064 = EDGE_CURVE ( 'NONE', #4212, #2968, #1038, .T. ) ;
#4065 = ORIENTED_EDGE ( 'NONE', *, *, #5331, .F. ) ;
#4066 = FILL_AREA_STYLE ('',( #4122 ) ) ;
#4067 = DIRECTION ( 'NONE',  ( 1.000000000000000000, 0.000000000000000000, 0.000000000000000000 ) ) ;
#4068 = SURFACE_SIDE_STYLE ('',( #719 ) ) ;
#4069 = FILL_AREA_STYLE_COLOUR ( '', #259 ) ;
#4070 = CARTESIAN_POINT ( 'NONE',  ( 0.3648896556285308179, 0.000000000000000000, -2.547875105340935420E-15 ) ) ;
#4071 = ORIENTED_EDGE ( 'NONE', *, *, #1758, .T. ) ;
#4072 = MECHANICAL_DESIGN_GEOMETRIC_PRESENTATION_REPRESENTATION (  '', ( #3991 ), #1576 ) ;
#4073 = EDGE_LOOP ( 'NONE', ( #1877, #321, #3486, #4400 ) ) ;
#4074 = FACE_OUTER_BOUND ( 'NONE', #1652, .T. ) ;
#4075 =( LENGTH_UNIT ( ) NAMED_UNIT ( * ) SI_UNIT ( .MILLI., .METRE. ) );
#4076 = SURFACE_STYLE_USAGE ( .BOTH. , #2378 ) ;
#4077 = CIRCLE ( 'NONE', #2559, 0.3614255068147826933 ) ;
#4078 = ORIENTED_EDGE ( 'NONE', *, *, #3008, .T. ) ;
#4079 = DIRECTION ( 'NONE',  ( -6.982962677686265922E-15, 0.000000000000000000, -1.000000000000000000 ) ) ;
#4080 = CARTESIAN_POINT ( 'NONE',  ( -1.031512925605919229, 0.8594879528193650753, 0.2599999999999999534 ) ) ;
#4081 = CARTESIAN_POINT ( 'NONE',  ( 0.2532275857927164253, -0.5316465652036583833, 0.2810000000000000275 ) ) ;
#4082 = FACE_OUTER_BOUND ( 'NONE', #1277, .T. ) ;
#4083 = CARTESIAN_POINT ( 'NONE',  ( 7.493003142994979602E-17, -0.7671295513012331702, 0.2799999999999999711 ) ) ;
#4084 = FACE_OUTER_BOUND ( 'NONE', #4073, .T. ) ;
#4085 = CARTESIAN_POINT ( 'NONE',  ( -1.099999999999998090, -0.4999999999999997780, 0.2599999999999999534 ) ) ;
#4086 =( NAMED_UNIT ( * ) PLANE_ANGLE_UNIT ( ) SI_UNIT ( $, .RADIAN. ) );
#4087 =( GEOMETRIC_REPRESENTATION_CONTEXT ( 3 ) GLOBAL_UNCERTAINTY_ASSIGNED_CONTEXT ( ( #890 ) ) GLOBAL_UNIT_ASSIGNED_CONTEXT ( ( #900, #61, #1375 ) ) REPRESENTATION_CONTEXT ( 'NONE', 'WORKASPACE' ) );
#4088 = EDGE_CURVE ( 'NONE', #1371, #103, #4934, .T. ) ;
#4089 = VERTEX_POINT ( 'NONE', #5340 ) ;
#4090 = CARTESIAN_POINT ( 'NONE',  ( 0.000000000000000000, 0.000000000000000000, 0.2799999999999999711 ) ) ;
#4091 = DIRECTION ( 'NONE',  ( 6.982962677686266711E-15, -0.000000000000000000, 1.000000000000000000 ) ) ;
#4092 = MANIFOLD_SOLID_BREP ( 'Boss-Extrude3[4]', #1488 ) ;
#4093 = SURFACE_STYLE_FILL_AREA ( #5011 ) ;
#4094 = VECTOR ( 'NONE', #1269, 1000.000000000000000 ) ;
#4095 =( NAMED_UNIT ( * ) SI_UNIT ( $, .STERADIAN. ) SOLID_ANGLE_UNIT ( ) );
#4096 = EDGE_CURVE ( 'NONE', #3904, #694, #3190, .T. ) ;
#4097 = STYLED_ITEM ( 'NONE', ( #1922 ), #2330 ) ;
#4098 = ORIENTED_EDGE ( 'NONE', *, *, #5415, .T. ) ;
#4099 = COLOUR_RGB ( '',0.8509803921568627194, 0.8509803921568627194, 0.8509803921568627194 ) ;
#4100 = ORIENTED_EDGE ( 'NONE', *, *, #333, .T. ) ;
#4101 = MECHANICAL_DESIGN_GEOMETRIC_PRESENTATION_REPRESENTATION (  '', ( #1967 ), #975 ) ;
#4102 = COLOUR_RGB ( '',0.8509803921568627194, 0.8509803921568627194, 0.8509803921568627194 ) ;
#4103 = VECTOR ( 'NONE', #4553, 1000.000000000000000 ) ;
#4104 = FACE_OUTER_BOUND ( 'NONE', #3521, .T. ) ;
#4105 = DIRECTION ( 'NONE',  ( -1.000000000000000000, 0.000000000000000000, 6.938893903907228378E-15 ) ) ;
#4106 = CARTESIAN_POINT ( 'NONE',  ( -0.4135483952989442713, -0.3593805362314128615, 0.2599999999999999534 ) ) ;
#4107 = EDGE_CURVE ( 'NONE', #1313, #276, #5409, .T. ) ;
#4108 = ORIENTED_EDGE ( 'NONE', *, *, #5004, .F. ) ;
#4109 =( LENGTH_UNIT ( ) NAMED_UNIT ( * ) SI_UNIT ( .MILLI., .METRE. ) );
#4110 = B_SPLINE_CURVE_WITH_KNOTS ( 'NONE', 3,
 ( #3836, #1239, #902, #2172 ),
 .UNSPECIFIED., .F., .F.,
 ( 4, 4 ),
 ( 0.1244051645373050602, 1.000000000000000000 ),
 .UNSPECIFIED. ) ;
#4111 = DIRECTION ( 'NONE',  ( -8.673617379884037444E-16, -1.000000000000000000, -0.000000000000000000 ) ) ;
#4112 = CARTESIAN_POINT ( 'NONE',  ( -0.5740798441076681025, -0.7671295513012332812, 0.2799999999999999711 ) ) ;
#4113 = FILL_AREA_STYLE ('',( #3281 ) ) ;
#4114 = EDGE_CURVE ( 'NONE', #3262, #1847, #3181, .T. ) ;
#4115 = DIRECTION ( 'NONE',  ( 0.000000000000000000, 1.000000000000000000, 0.000000000000000000 ) ) ;
#4116 = UNCERTAINTY_MEASURE_WITH_UNIT (LENGTH_MEASURE( 1.000000000000000082E-05 ), #5350, 'distance_accuracy_value', 'NONE');
#4117 = CARTESIAN_POINT ( 'NONE',  ( -1.099999999999998090, 0.4999999999999997780, 0.2799999999999999711 ) ) ;
#4118 = SURFACE_STYLE_FILL_AREA ( #2803 ) ;
#4119 = SURFACE_STYLE_FILL_AREA ( #3637 ) ;
#4120 = FACE_OUTER_BOUND ( 'NONE', #240, .T. ) ;
#4121 = ORIENTED_EDGE ( 'NONE', *, *, #5004, .T. ) ;
#4122 = FILL_AREA_STYLE_COLOUR ( '', #340 ) ;
#4123 = DIRECTION ( 'NONE',  ( -0.000000000000000000, -0.000000000000000000, -1.000000000000000000 ) ) ;
#4124 =( NAMED_UNIT ( * ) SI_UNIT ( $, .STERADIAN. ) SOLID_ANGLE_UNIT ( ) );
#4125 = CARTESIAN_POINT ( 'NONE',  ( -0.5740798441076682135, -0.6849774522544942457, 0.2599999999999999534 ) ) ;
#4126 = ORIENTED_EDGE ( 'NONE', *, *, #5445, .F. ) ;
#4127 = STYLED_ITEM ( 'NONE', ( #2211 ), #2980 ) ;
#4128 = SURFACE_STYLE_FILL_AREA ( #1213 ) ;
#4129 = ADVANCED_FACE ( 'NONE', ( #3241 ), #4438, .F. ) ;
#4130 = MANIFOLD_SOLID_BREP ( 'Boss-Extrude3[1]', #3205 ) ;
#4131 = VERTEX_POINT ( 'NONE', #1127 ) ;
#4132 = CARTESIAN_POINT ( 'NONE',  ( -0.8737021536631368601, 0.8225389107019435153, 0.2799999999999999156 ) ) ;
#4133 = EDGE_CURVE ( 'NONE', #1901, #1035, #5465, .T. ) ;
#4134 = DIRECTION ( 'NONE',  ( -1.000000000000000000, 3.872150616019658341E-17, 6.983251342707903681E-15 ) ) ;
#4135 = STYLED_ITEM ( 'NONE', ( #4204 ), #2158 ) ;
#4136 = CARTESIAN_POINT ( 'NONE',  ( 0.5359203924145662379, -0.2065665198382720669, 0.2799999999999999711 ) ) ;
#4137 =( NAMED_UNIT ( * ) SI_UNIT ( $, .STERADIAN. ) SOLID_ANGLE_UNIT ( ) );
#4138 = FILL_AREA_STYLE ('',( #2431 ) ) ;
#4139 = FILL_AREA_STYLE_COLOUR ( '', #1069 ) ;
#4140 = MANIFOLD_SOLID_BREP ( 'Boss-Extrude4[2]', #766 ) ;
#4141 = EDGE_CURVE ( 'NONE', #2968, #2142, #4703, .T. ) ;
#4142 = VECTOR ( 'NONE', #5454, 1000.000000000000000 ) ;
#4143 = FACE_OUTER_BOUND ( 'NONE', #1106, .T. ) ;
#4144 = DIRECTION ( 'NONE',  ( 0.000000000000000000, 1.000000000000000000, 0.000000000000000000 ) ) ;
#4145 = PRESENTATION_STYLE_ASSIGNMENT (( #5005 ) ) ;
#4146 = MECHANICAL_DESIGN_GEOMETRIC_PRESENTATION_REPRESENTATION (  '', ( #2364 ), #1452 ) ;
#4147 = CARTESIAN_POINT ( 'NONE',  ( 0.4000000000000000777, 0.000000000000000000, -2.791820594150173918E-15 ) ) ;
#4148 = VERTEX_POINT ( 'NONE', #2529 ) ;
#4149 = AXIS2_PLACEMENT_3D ( 'NONE', #5065, #1584, #2897 ) ;
#4150 = SURFACE_STYLE_USAGE ( .BOTH. , #4175 ) ;
#4151 = COLOUR_RGB ( '',0.8509803921568627194, 0.8509803921568627194, 0.8509803921568627194 ) ;
#4152 = PRESENTATION_STYLE_ASSIGNMENT (( #4644 ) ) ;
#4153 = ORIENTED_EDGE ( 'NONE', *, *, #2657, .T. ) ;
#4154 = STYLED_ITEM ( 'NONE', ( #3913 ), #5223 ) ;
#4155 = FILL_AREA_STYLE_COLOUR ( '', #364 ) ;
#4156 = SURFACE_SIDE_STYLE ('',( #352 ) ) ;
#4157 = COLOUR_RGB ( '',0.8509803921568627194, 0.8509803921568627194, 0.8509803921568627194 ) ;
#4158 = PRESENTATION_LAYER_ASSIGNMENT (  '', '', ( #1386 ) ) ;
#4159 = ORIENTED_EDGE ( 'NONE', *, *, #1602, .T. ) ;
#4160 = DIRECTION ( 'NONE',  ( 6.982962677686268288E-15, -0.000000000000000000, 1.000000000000000000 ) ) ;
#4161 = EDGE_CURVE ( 'NONE', #936, #5371, #4643, .T. ) ;
#4162 = CARTESIAN_POINT ( 'NONE',  ( -0.4343137556297431701, 0.04041390370446151792, 0.2599999999999999534 ) ) ;
#4163 = PRESENTATION_LAYER_ASSIGNMENT (  '', '', ( #3991 ) ) ;
#4164 = PRESENTATION_LAYER_ASSIGNMENT (  '', '', ( #3896 ) ) ;
#4165 = CARTESIAN_POINT ( 'NONE',  ( 0.000000000000000000, 0.000000000000000000, 0.2810000000000000275 ) ) ;
#4166 = SURFACE_STYLE_FILL_AREA ( #4714 ) ;
#4167 = SURFACE_SIDE_STYLE ('',( #4596 ) ) ;
#4168 = EDGE_CURVE ( 'NONE', #4148, #1075, #3368, .T. ) ;
#4169 = ORIENTED_EDGE ( 'NONE', *, *, #4663, .T. ) ;
#4170 = DIRECTION ( 'NONE',  ( -6.982962677686265922E-15, 0.000000000000000000, -1.000000000000000000 ) ) ;
#4171 = DIRECTION ( 'NONE',  ( 0.000000000000000000, 1.000000000000000000, 0.000000000000000000 ) ) ;
#4172 = CARTESIAN_POINT ( 'NONE',  ( 0.000000000000000000, -0.05709504976923727992, 0.2599999999999999534 ) ) ;
#4173 = ORIENTED_EDGE ( 'NONE', *, *, #1954, .F. ) ;
#4174 = CARTESIAN_POINT ( 'NONE',  ( 0.3124155170610083410, 0.04290495023076271869, 0.2799999999999999711 ) ) ;
#4175 = SURFACE_SIDE_STYLE ('',( #695 ) ) ;
#4176 = MANIFOLD_SOLID_BREP ( 'Boss-Extrude4[3]', #4635 ) ;
#4177 = CARTESIAN_POINT ( 'NONE',  ( 0.7376531201253040404, 0.5519215185516125333, 0.2799999999999999711 ) ) ;
#4178 = DIRECTION ( 'NONE',  ( -8.673617379884037444E-16, -1.000000000000000000, 6.057005021420981535E-30 ) ) ;
#4179 = ORIENTED_EDGE ( 'NONE', *, *, #3160, .F. ) ;
#4180 = MECHANICAL_DESIGN_GEOMETRIC_PRESENTATION_REPRESENTATION (  '', ( #1226 ), #5198 ) ;
#4181 = DIRECTION ( 'NONE',  ( 0.000000000000000000, -0.000000000000000000, 1.000000000000000000 ) ) ;
#4182 = STYLED_ITEM ( 'NONE', ( #4505 ), #552 ) ;
#4183 = EDGE_LOOP ( 'NONE', ( #3640, #4219, #1989, #3756 ) ) ;
#4184 = MECHANICAL_DESIGN_GEOMETRIC_PRESENTATION_REPRESENTATION (  '', ( #3651 ), #2945 ) ;
#4185 = CARTESIAN_POINT ( 'NONE',  ( 0.5359203924145662379, 0.1776407652747671595, 0.2799999999999999711 ) ) ;
#4186 =( GEOMETRIC_REPRESENTATION_CONTEXT ( 3 ) GLOBAL_UNCERTAINTY_ASSIGNED_CONTEXT ( ( #859 ) ) GLOBAL_UNIT_ASSIGNED_CONTEXT ( ( #1026, #112, #1835 ) ) REPRESENTATION_CONTEXT ( 'NONE', 'WORKASPACE' ) );
#4187 = AXIS2_PLACEMENT_3D ( 'NONE', #341, #4123, #2060 ) ;
#4188 = CARTESIAN_POINT ( 'NONE',  ( 7.750074532472045730E-18, 0.2000000000000000389, 0.000000000000000000 ) ) ;
#4189 = CARTESIAN_POINT ( 'NONE',  ( -0.7650295964665725368, -0.2727184512886348111, 0.2599999999999999534 ) ) ;
#4190 = DIRECTION ( 'NONE',  ( 1.000000000000000000, 1.788196464443831756E-15, 0.000000000000000000 ) ) ;
#4191 = VECTOR ( 'NONE', #1361, 1000.000000000000000 ) ;
#4192 = PRESENTATION_STYLE_ASSIGNMENT (( #5556 ) ) ;
#4193 = ORIENTED_EDGE ( 'NONE', *, *, #1707, .T. ) ;
#4194 = AXIS2_PLACEMENT_3D ( 'NONE', #551, #1733, #5290 ) ;
#4195 = DIRECTION ( 'NONE',  ( -3.469446951953614189E-15, -1.000000000000000000, 0.000000000000000000 ) ) ;
#4196 = CARTESIAN_POINT ( 'NONE',  ( 0.2532275857927164253, -0.5316465652036583833, 0.2810000000000000275 ) ) ;
#4197 = LINE ( 'NONE', #3362, #1480 ) ;
#4198 = EDGE_CURVE ( 'NONE', #4499, #2791, #3726, .T. ) ;
#4199 = ORIENTED_EDGE ( 'NONE', *, *, #5047, .F. ) ;
#4200 = MECHANICAL_DESIGN_GEOMETRIC_PRESENTATION_REPRESENTATION (  '', ( #361 ), #1538 ) ;
#4201 = FACE_OUTER_BOUND ( 'NONE', #1437, .T. ) ;
#4202 = CYLINDRICAL_SURFACE ( 'NONE', #4187, 0.3614255068147828043 ) ;
#4203 = FACE_OUTER_BOUND ( 'NONE', #2560, .T. ) ;
#4204 = PRESENTATION_STYLE_ASSIGNMENT (( #2764 ) ) ;
#4205 = FILL_AREA_STYLE ('',( #1235 ) ) ;
#4206 = ORIENTED_EDGE ( 'NONE', *, *, #602, .F. ) ;
#4207 = EDGE_CURVE ( 'NONE', #110, #4988, #4781, .T. ) ;
#4208 = CARTESIAN_POINT ( 'NONE',  ( 0.4000000000000002442, -1.858632295689436842E-16, 0.01999999999999721098 ) ) ;
#4209 = DIRECTION ( 'NONE',  ( -1.000000000000000000, 0.000000000000000000, 0.000000000000000000 ) ) ;
#4210 = LINE ( 'NONE', #379, #2344 ) ;
#4211 = VECTOR ( 'NONE', #5220, 1000.000000000000000 ) ;
#4212 = VERTEX_POINT ( 'NONE', #449 ) ;
#4213 = DIRECTION ( 'NONE',  ( 0.000000000000000000, -0.000000000000000000, -1.000000000000000000 ) ) ;
#4214 = VECTOR ( 'NONE', #3331, 1000.000000000000000 ) ;
#4215 = LINE ( 'NONE', #2023, #27 ) ;
#4216 = LINE ( 'NONE', #1702, #1100 ) ;
#4217 = CARTESIAN_POINT ( 'NONE',  ( 0.7978332356883809373, -0.08504592687205501933, 0.2599999999999999534 ) ) ;
#4218 = CARTESIAN_POINT ( 'NONE',  ( 0.2532275857927164253, -0.5316465652036583833, 0.2599999999999999534 ) ) ;
#4219 = ORIENTED_EDGE ( 'NONE', *, *, #2490, .F. ) ;
#4220 = VECTOR ( 'NONE', #1804, 1000.000000000000000 ) ;
#4221 =( NAMED_UNIT ( * ) SI_UNIT ( $, .STERADIAN. ) SOLID_ANGLE_UNIT ( ) );
#4222 = CARTESIAN_POINT ( 'NONE',  ( 1.100000000000002087, -0.5000000000000002220, 0.2799999999999999711 ) ) ;
#4223 =( NAMED_UNIT ( * ) PLANE_ANGLE_UNIT ( ) SI_UNIT ( $, .RADIAN. ) );
#4224 = CARTESIAN_POINT ( 'NONE',  ( -0.1178234831815653944, -0.3593805362314128615, 0.2810000000000000275 ) ) ;
#4225 = CARTESIAN_POINT ( 'NONE',  ( 1.100000000000002531, 0.2499999999999997224, 0.2799999999999999711 ) ) ;
#4226 = VECTOR ( 'NONE', #4195, 1000.000000000000000 ) ;
#4227 = ADVANCED_FACE ( 'NONE', ( #4811 ), #3897, .F. ) ;
#4228 = ORIENTED_EDGE ( 'NONE', *, *, #5116, .T. ) ;
#4229 = EDGE_CURVE ( 'NONE', #813, #442, #5157, .T. ) ;
#4230 = SURFACE_STYLE_FILL_AREA ( #3004 ) ;
#4231 = DIRECTION ( 'NONE',  ( -1.000000000000000000, 0.000000000000000000, 0.000000000000000000 ) ) ;
#4232 = FILL_AREA_STYLE ('',( #1206 ) ) ;
#4233 = DIRECTION ( 'NONE',  ( -3.469446951953614189E-15, 1.000000000000000000, 0.000000000000000000 ) ) ;
#4234 = EDGE_CURVE ( 'NONE', #4819, #1928, #506, .T. ) ;
#4235 = CARTESIAN_POINT ( 'NONE',  ( -0.4135483952989442713, -0.5316465652036583833, 0.2810000000000000275 ) ) ;
#4236 = ORIENTED_EDGE ( 'NONE', *, *, #3160, .T. ) ;
#4237 = COLOUR_RGB ( '',0.7921568627450980005, 0.8196078431372548767, 0.9333333333333333481 ) ;
#4238 = B_SPLINE_CURVE_WITH_KNOTS ( 'NONE', 3,
 ( #4249, #358, #4189, #1621, #4742 ),
 .UNSPECIFIED., .F., .F.,
 ( 4, 1, 4 ),
 ( 0.08977583276714114213, 0.2929772087874236708, 1.000000000000000000 ),
 .UNSPECIFIED. ) ;
#4239 = FACE_OUTER_BOUND ( 'NONE', #2170, .T. ) ;
#4240 = CARTESIAN_POINT ( 'NONE',  ( 5.773300432731590829E-21, 0.000000000000000000, 0.000000000000000000 ) ) ;
#4241 = VECTOR ( 'NONE', #3369, 1000.000000000000000 ) ;
#4242 = CARTESIAN_POINT ( 'NONE',  ( -1.391298174992573003E-16, -0.8999999999999999112, 0.02000000000000000042 ) ) ;
#4243 =( GEOMETRIC_REPRESENTATION_CONTEXT ( 3 ) GLOBAL_UNCERTAINTY_ASSIGNED_CONTEXT ( ( #2607 ) ) GLOBAL_UNIT_ASSIGNED_CONTEXT ( ( #1784, #1263, #5212 ) ) REPRESENTATION_CONTEXT ( 'NONE', 'WORKASPACE' ) );
#4244 = EDGE_LOOP ( 'NONE', ( #262, #2750, #4098, #1956 ) ) ;
#4245 = VECTOR ( 'NONE', #5115, 1000.000000000000000 ) ;
#4246 = FILL_AREA_STYLE ('',( #3791 ) ) ;
#4247 = CIRCLE ( 'NONE', #1384, 0.2500000000000000000 ) ;
#4248 = SURFACE_SIDE_STYLE ('',( #1137 ) ) ;
#4249 = CARTESIAN_POINT ( 'NONE',  ( -0.6634567500555484942, -0.2265013340820382082, 0.2599999999999999534 ) ) ;
#4250 = DIRECTION ( 'NONE',  ( 0.000000000000000000, -0.000000000000000000, -1.000000000000000000 ) ) ;
#4251 = DIRECTION ( 'NONE',  ( 1.000000000000000000, 0.000000000000000000, -0.000000000000000000 ) ) ;
#4252 = ORIENTED_EDGE ( 'NONE', *, *, #2487, .F. ) ;
#4253 = CIRCLE ( 'NONE', #3194, 0.2500000000000000000 ) ;
#4254 =( LENGTH_UNIT ( ) NAMED_UNIT ( * ) SI_UNIT ( .MILLI., .METRE. ) );
#4255 =( NAMED_UNIT ( * ) SI_UNIT ( $, .STERADIAN. ) SOLID_ANGLE_UNIT ( ) );
#4256 = STYLED_ITEM ( 'NONE', ( #4483 ), #5335 ) ;
#4257 = ORIENTED_EDGE ( 'NONE', *, *, #196, .F. ) ;
#4258 = CARTESIAN_POINT ( 'NONE',  ( 0.7249999999999999778, 1.000000000000000000, 0.8400000000000000799 ) ) ;
#4259 = CARTESIAN_POINT ( 'NONE',  ( 0.5359203924145662379, -0.05709504976923727992, 0.2599999999999999534 ) ) ;
#4260 = PRESENTATION_STYLE_ASSIGNMENT (( #5565 ) ) ;
#4261 =( NAMED_UNIT ( * ) SI_UNIT ( $, .STERADIAN. ) SOLID_ANGLE_UNIT ( ) );
#4262 = FILL_AREA_STYLE ('',( #4384 ) ) ;
#4263 = ORIENTED_EDGE ( 'NONE', *, *, #2636, .F. ) ;
#4264 = ORIENTED_EDGE ( 'NONE', *, *, #331, .T. ) ;
#4265 = DIRECTION ( 'NONE',  ( -1.000000000000000000, 0.000000000000000000, 0.000000000000000000 ) ) ;
#4266 =( NAMED_UNIT ( * ) SI_UNIT ( $, .STERADIAN. ) SOLID_ANGLE_UNIT ( ) );
#4267 = EDGE_CURVE ( 'NONE', #577, #1901, #5244, .T. ) ;
#4268 = LINE ( 'NONE', #1696, #546 ) ;
#4269 = CARTESIAN_POINT ( 'NONE',  ( -0.9174636228121989534, -0.1880563063957278735, 0.2799999999999999711 ) ) ;
#4270 = ADVANCED_FACE ( 'NONE', ( #3092 ), #4297, .T. ) ;
#4271 = UNCERTAINTY_MEASURE_WITH_UNIT (LENGTH_MEASURE( 1.000000000000000082E-05 ), #4769, 'distance_accuracy_value', 'NONE');
#4272 = EDGE_LOOP ( 'NONE', ( #4252, #4206, #2524, #5255 ) ) ;
#4273 = COLOUR_RGB ( '',0.8509803921568627194, 0.8509803921568627194, 0.8509803921568627194 ) ;
#4274 =( NAMED_UNIT ( * ) SI_UNIT ( $, .STERADIAN. ) SOLID_ANGLE_UNIT ( ) );
#4275 = VERTEX_POINT ( 'NONE', #1033 ) ;
#4276 = FILL_AREA_STYLE_COLOUR ( '', #2578 ) ;
#4277 = STYLED_ITEM ( 'NONE', ( #1261 ), #2421 ) ;
#4278 = EDGE_CURVE ( 'NONE', #1896, #3613, #2250, .T. ) ;
#4279 =( LENGTH_UNIT ( ) NAMED_UNIT ( * ) SI_UNIT ( .MILLI., .METRE. ) );
#4280 = DIRECTION ( 'NONE',  ( -1.000000000000000000, 0.000000000000000000, 6.983251342707906047E-15 ) ) ;
#4281 =( NAMED_UNIT ( * ) PLANE_ANGLE_UNIT ( ) SI_UNIT ( $, .RADIAN. ) );
#4282 = MECHANICAL_DESIGN_GEOMETRIC_PRESENTATION_REPRESENTATION (  '', ( #3382 ), #3914 ) ;
#4283 = EDGE_LOOP ( 'NONE', ( #377, #5562, #1678, #4391 ) ) ;
#4284 = ADVANCED_FACE ( 'NONE', ( #5332 ), #3987, .T. ) ;
#4285 = COLOUR_RGB ( '',0.8509803921568627194, 0.8509803921568627194, 0.8509803921568627194 ) ;
#4286 = FACE_OUTER_BOUND ( 'NONE', #2467, .T. ) ;
#4287 = PRESENTATION_LAYER_ASSIGNMENT (  '', '', ( #5110 ) ) ;
#4288 =( NAMED_UNIT ( * ) SI_UNIT ( $, .STERADIAN. ) SOLID_ANGLE_UNIT ( ) );
#4289 = LINE ( 'NONE', #5532, #5272 ) ;
#4290 = SURFACE_STYLE_USAGE ( .BOTH. , #2502 ) ;
#4291 = UNCERTAINTY_MEASURE_WITH_UNIT (LENGTH_MEASURE( 1.000000000000000082E-05 ), #4057, 'distance_accuracy_value', 'NONE');
#4292 = MECHANICAL_DESIGN_GEOMETRIC_PRESENTATION_REPRESENTATION (  '', ( #1885 ), #5407 ) ;
#4293 = CARTESIAN_POINT ( 'NONE',  ( -1.100000000000000533, 0.9000000000000000222, 7.680894765701995475E-15 ) ) ;
#4294 = ORIENTED_EDGE ( 'NONE', *, *, #2839, .T. ) ;
#4295 = CARTESIAN_POINT ( 'NONE',  ( 1.100000000000002309, -9.540979117872460713E-16, 0.2599999999999999534 ) ) ;
#4296 =( GEOMETRIC_REPRESENTATION_CONTEXT ( 3 ) GLOBAL_UNCERTAINTY_ASSIGNED_CONTEXT ( ( #3874 ) ) GLOBAL_UNIT_ASSIGNED_CONTEXT ( ( #3527, #5289, #1421 ) ) REPRESENTATION_CONTEXT ( 'NONE', 'WORKASPACE' ) );
#4297 = PLANE ( 'NONE',  #3353 ) ;
#4298 =( LENGTH_UNIT ( ) NAMED_UNIT ( * ) SI_UNIT ( .MILLI., .METRE. ) );
#4299 = VERTEX_POINT ( 'NONE', #4062 ) ;
#4300 = VERTEX_POINT ( 'NONE', #561 ) ;
#4301 = SURFACE_STYLE_USAGE ( .BOTH. , #1298 ) ;
#4302 = ORIENTED_EDGE ( 'NONE', *, *, #2262, .T. ) ;
#4303 = DIRECTION ( 'NONE',  ( 0.000000000000000000, 1.000000000000000000, 0.000000000000000000 ) ) ;
#4304 = ORIENTED_EDGE ( 'NONE', *, *, #5544, .F. ) ;
#4305 = ADVANCED_FACE ( 'NONE', ( #3125 ), #1090, .F. ) ;
#4306 = ADVANCED_FACE ( 'NONE', ( #2306 ), #203, .T. ) ;
#4307 = CARTESIAN_POINT ( 'NONE',  ( 0.7672489025476871838, 0.6470277182179263731, 0.2799999999999999711 ) ) ;
#4308 = CARTESIAN_POINT ( 'NONE',  ( 1.100000000000000089, -0.2000000000000005940, -7.680894765701995475E-15 ) ) ;
#4309 = CARTESIAN_POINT ( 'NONE',  ( 3.898911083764692298E-17, -0.2000000000000000389, 0.02000000000000000042 ) ) ;
#4310 = PRESENTATION_STYLE_ASSIGNMENT (( #887 ) ) ;
#4311 =( GEOMETRIC_REPRESENTATION_CONTEXT ( 3 ) GLOBAL_UNCERTAINTY_ASSIGNED_CONTEXT ( ( #146 ) ) GLOBAL_UNIT_ASSIGNED_CONTEXT ( ( #5038, #292, #1587 ) ) REPRESENTATION_CONTEXT ( 'NONE', 'WORKASPACE' ) );
#4312 = ORIENTED_EDGE ( 'NONE', *, *, #4522, .T. ) ;
#4313 = EDGE_CURVE ( 'NONE', #694, #2879, #2056, .T. ) ;
#4314 = UNCERTAINTY_MEASURE_WITH_UNIT (LENGTH_MEASURE( 1.000000000000000082E-05 ), #1519, 'distance_accuracy_value', 'NONE');
#4315 = PRESENTATION_STYLE_ASSIGNMENT (( #4632 ) ) ;
#4316 = CARTESIAN_POINT ( 'NONE',  ( 1.100000000000002087, -0.1385744931852173067, 0.2799999999999999711 ) ) ;
#4317 = EDGE_CURVE ( 'NONE', #5292, #2066, #3746, .T. ) ;
#4318 = DIRECTION ( 'NONE',  ( -1.734723475976807094E-15, 1.000000000000000000, 0.000000000000000000 ) ) ;
#4319 = VERTEX_POINT ( 'NONE', #1174 ) ;
#4320 = SURFACE_STYLE_FILL_AREA ( #1432 ) ;
#4321 = PRESENTATION_LAYER_ASSIGNMENT (  '', '', ( #4869 ) ) ;
#4322 = DIRECTION ( 'NONE',  ( -0.000000000000000000, -0.000000000000000000, -1.000000000000000000 ) ) ;
#4323 = CARTESIAN_POINT ( 'NONE',  ( -0.6740798441076681913, -0.6849774522544940236, 0.2799999999999999711 ) ) ;
#4324 = VERTEX_POINT ( 'NONE', #2951 ) ;
#4325 = COLOUR_RGB ( '',0.8509803921568627194, 0.8509803921568627194, 0.8509803921568627194 ) ;
#4326 = AXIS2_PLACEMENT_3D ( 'NONE', #3472, #3144, #1833 ) ;
#4327 = SURFACE_SIDE_STYLE ('',( #1266 ) ) ;
#4328 = CYLINDRICAL_SURFACE ( 'NONE', #3169, 0.1000000000000000472 ) ;
#4329 = FILL_AREA_STYLE_COLOUR ( '', #2405 ) ;
#4330 = CARTESIAN_POINT ( 'NONE',  ( -0.9174636228121989534, -0.1880563063957278735, 0.2599999999999999534 ) ) ;
#4331 = MECHANICAL_DESIGN_GEOMETRIC_PRESENTATION_REPRESENTATION (  '', ( #5352 ), #1921 ) ;
#4332 = ORIENTED_EDGE ( 'NONE', *, *, #2067, .F. ) ;
#4333 = ORIENTED_EDGE ( 'NONE', *, *, #4229, .F. ) ;
#4334 = COLOUR_RGB ( '',0.8509803921568627194, 0.8509803921568627194, 0.8509803921568627194 ) ;
#4335 = MECHANICAL_DESIGN_GEOMETRIC_PRESENTATION_REPRESENTATION (  '', ( #744 ), #3980 ) ;
#4336 = PLANE ( 'NONE',  #1178 ) ;
#4337 =( NAMED_UNIT ( * ) PLANE_ANGLE_UNIT ( ) SI_UNIT ( $, .RADIAN. ) );
#4338 = ORIENTED_EDGE ( 'NONE', *, *, #234, .F. ) ;
#4339 = ADVANCED_FACE ( 'NONE', ( #5505 ), #367, .T. ) ;
#4340 = COLOUR_RGB ( '',0.8509803921568627194, 0.8509803921568627194, 0.8509803921568627194 ) ;
#4341 = PRESENTATION_STYLE_ASSIGNMENT (( #3113 ) ) ;
#4342 = DIRECTION ( 'NONE',  ( 0.000000000000000000, -0.000000000000000000, -1.000000000000000000 ) ) ;
#4343 = EDGE_CURVE ( 'NONE', #2238, #3400, #745, .T. ) ;
#4344 = FILL_AREA_STYLE_COLOUR ( '', #4374 ) ;
#4345 = LINE ( 'NONE', #5589, #1210 ) ;
#4346 = VERTEX_POINT ( 'NONE', #4546 ) ;
#4347 = PRESENTATION_STYLE_ASSIGNMENT (( #924 ) ) ;
#4348 = DIRECTION ( 'NONE',  ( -0.000000000000000000, 0.000000000000000000, -1.000000000000000000 ) ) ;
#4349 = COLOUR_RGB ( '',0.8509803921568627194, 0.8509803921568627194, 0.8509803921568627194 ) ;
#4350 = FILL_AREA_STYLE_COLOUR ( '', #3097 ) ;
#4351 = COLOUR_RGB ( '',1.000000000000000000, 1.000000000000000000, 1.000000000000000000 ) ;
#4352 = DIRECTION ( 'NONE',  ( 0.000000000000000000, -1.000000000000000000, 0.000000000000000000 ) ) ;
#4353 = UNCERTAINTY_MEASURE_WITH_UNIT (LENGTH_MEASURE( 1.000000000000000082E-05 ), #4603, 'distance_accuracy_value', 'NONE');
#4354 = SURFACE_SIDE_STYLE ('',( #450 ) ) ;
#4355 = VERTEX_POINT ( 'NONE', #2414 ) ;
#4356 = ORIENTED_EDGE ( 'NONE', *, *, #3191, .F. ) ;
#4357 = EDGE_LOOP ( 'NONE', ( #1392, #3184, #5009, #3354 ) ) ;
#4358 = DIRECTION ( 'NONE',  ( 0.000000000000000000, 1.000000000000000000, 0.000000000000000000 ) ) ;
#4359 = PLANE ( 'NONE',  #3947 ) ;
#4360 = ORIENTED_EDGE ( 'NONE', *, *, #2085, .F. ) ;
#4361 = ORIENTED_EDGE ( 'NONE', *, *, #268, .T. ) ;
#4362 = PLANE ( 'NONE',  #4010 ) ;
#4363 = DIRECTION ( 'NONE',  ( 1.000000000000000000, 0.000000000000000000, 0.000000000000000000 ) ) ;
#4364 = PRESENTATION_STYLE_ASSIGNMENT (( #3468 ) ) ;
#4365 = FILL_AREA_STYLE ('',( #1308 ) ) ;
#4366 = ORIENTED_EDGE ( 'NONE', *, *, #4055, .T. ) ;
#4367 =( GEOMETRIC_REPRESENTATION_CONTEXT ( 3 ) GLOBAL_UNCERTAINTY_ASSIGNED_CONTEXT ( ( #3941 ) ) GLOBAL_UNIT_ASSIGNED_CONTEXT ( ( #5337, #1457, #4436 ) ) REPRESENTATION_CONTEXT ( 'NONE', 'WORKASPACE' ) );
#4368 = SURFACE_STYLE_USAGE ( .BOTH. , #1863 ) ;
#4369 = VECTOR ( 'NONE', #993, 1000.000000000000000 ) ;
#4370 = PRESENTATION_STYLE_ASSIGNMENT (( #1367 ) ) ;
#4371 = VECTOR ( 'NONE', #2152, 1000.000000000000000 ) ;
#4372 = VECTOR ( 'NONE', #5549, 1000.000000000000000 ) ;
#4373 = DIRECTION ( 'NONE',  ( -1.000000000000000000, -0.000000000000000000, -0.000000000000000000 ) ) ;
#4374 = COLOUR_RGB ( '',0.8509803921568627194, 0.8509803921568627194, 0.8509803921568627194 ) ;
#4375 = VECTOR ( 'NONE', #893, 1000.000000000000000 ) ;
#4376 = ORIENTED_EDGE ( 'NONE', *, *, #268, .F. ) ;
#4377 = VECTOR ( 'NONE', #397, 1000.000000000000000 ) ;
#4378 = DIRECTION ( 'NONE',  ( 1.000000000000000000, 0.000000000000000000, 0.000000000000000000 ) ) ;
#4379 = ADVANCED_FACE ( 'NONE', ( #4120 ), #282, .F. ) ;
#4380 = CARTESIAN_POINT ( 'NONE',  ( 0.8500000000000019762, 0.4999999999999997780, 0.2599999999999940137 ) ) ;
#4381 = SURFACE_STYLE_FILL_AREA ( #151 ) ;
#4382 = COLOUR_RGB ( '',1.000000000000000000, 1.000000000000000000, 1.000000000000000000 ) ;
#4383 = SURFACE_SIDE_STYLE ('',( #954 ) ) ;
#4384 = FILL_AREA_STYLE_COLOUR ( '', #4273 ) ;
#4385 = EDGE_CURVE ( 'NONE', #2900, #717, #2134, .T. ) ;
#4386 = UNCERTAINTY_MEASURE_WITH_UNIT (LENGTH_MEASURE( 1.000000000000000082E-05 ), #375, 'distance_accuracy_value', 'NONE');
#4387 = ORIENTED_EDGE ( 'NONE', *, *, #3451, .T. ) ;
#4388 = ORIENTED_EDGE ( 'NONE', *, *, #1302, .F. ) ;
#4389 = SURFACE_STYLE_USAGE ( .BOTH. , #4816 ) ;
#4390 = CARTESIAN_POINT ( 'NONE',  ( -1.099999999999998979, -0.1385744931852173067, 0.2799999999999999711 ) ) ;
#4391 = ORIENTED_EDGE ( 'NONE', *, *, #1008, .T. ) ;
#4392 = EDGE_CURVE ( 'NONE', #770, #4319, #3829, .T. ) ;
#4393 = ORIENTED_EDGE ( 'NONE', *, *, #4478, .F. ) ;
#4394 = FACE_OUTER_BOUND ( 'NONE', #1377, .T. ) ;
#4395 = CARTESIAN_POINT ( 'NONE',  ( 0.6809088744240132662, 0.5569292977732096528, 0.2799999999999999711 ) ) ;
#4396 = CARTESIAN_POINT ( 'NONE',  ( -1.099999999999998090, 0.4999999999999997780, 0.2799999999999999711 ) ) ;
#4397 = UNCERTAINTY_MEASURE_WITH_UNIT (LENGTH_MEASURE( 1.000000000000000082E-05 ), #1556, 'distance_accuracy_value', 'NONE');
#4398 = LINE ( 'NONE', #4309, #1612 ) ;
#4399 = DIRECTION ( 'NONE',  ( -1.734723475976807094E-15, 1.000000000000000000, 0.000000000000000000 ) ) ;
#4400 = ORIENTED_EDGE ( 'NONE', *, *, #1287, .T. ) ;
#4401 = CARTESIAN_POINT ( 'NONE',  ( -8.379754891853958856E-17, -1.000000000000000000, 0.000000000000000000 ) ) ;
#4402 = DIRECTION ( 'NONE',  ( -0.000000000000000000, -0.000000000000000000, -1.000000000000000000 ) ) ;
#4403 = CARTESIAN_POINT ( 'NONE',  ( -1.099999999999998090, 0.4999999999999997780, 0.2799999999999999711 ) ) ;
#4404 = UNCERTAINTY_MEASURE_WITH_UNIT (LENGTH_MEASURE( 1.000000000000000082E-05 ), #3174, 'distance_accuracy_value', 'NONE');
#4405 = VECTOR ( 'NONE', #3100, 1000.000000000000000 ) ;
#4406 = AXIS2_PLACEMENT_3D ( 'NONE', #1334, #133, #73 ) ;
#4407 = ORIENTED_EDGE ( 'NONE', *, *, #1855, .F. ) ;
#4408 = SURFACE_STYLE_USAGE ( .BOTH. , #5210 ) ;
#4409 = SURFACE_STYLE_USAGE ( .BOTH. , #3954 ) ;
#4410 = FILL_AREA_STYLE_COLOUR ( '', #1020 ) ;
#4411 = DIRECTION ( 'NONE',  ( -1.000000000000000000, 0.000000000000000000, 6.938893903907228378E-15 ) ) ;
#4412 = ADVANCED_FACE ( 'NONE', ( #1281 ), #5587, .F. ) ;
#4413 = ORIENTED_EDGE ( 'NONE', *, *, #5047, .T. ) ;
#4414 = VECTOR ( 'NONE', #1307, 1000.000000000000000 ) ;
#4415 = SURFACE_SIDE_STYLE ('',( #1923 ) ) ;
#4416 = SURFACE_STYLE_FILL_AREA ( #4846 ) ;
#4417 = EDGE_CURVE ( 'NONE', #1163, #2142, #1255, .T. ) ;
#4418 = ORIENTED_EDGE ( 'NONE', *, *, #3413, .F. ) ;
#4419 = ORIENTED_EDGE ( 'NONE', *, *, #2936, .T. ) ;
#4420 = MECHANICAL_DESIGN_GEOMETRIC_PRESENTATION_REPRESENTATION (  '', ( #563 ), #5346 ) ;
#4421 = SURFACE_STYLE_USAGE ( .BOTH. , #645 ) ;
#4422 = PLANE ( 'NONE',  #380 ) ;
#4423 = AXIS2_PLACEMENT_3D ( 'NONE', #2173, #4729, #1695 ) ;
#4424 = PRESENTATION_LAYER_ASSIGNMENT (  '', '', ( #2365 ) ) ;
#4425 = ORIENTED_EDGE ( 'NONE', *, *, #1916, .T. ) ;
#4426 = VECTOR ( 'NONE', #1874, 1000.000000000000000 ) ;
#4427 = FACE_OUTER_BOUND ( 'NONE', #5248, .T. ) ;
#4428 = PRESENTATION_LAYER_ASSIGNMENT (  '', '', ( #309 ) ) ;
#4429 = MECHANICAL_DESIGN_GEOMETRIC_PRESENTATION_REPRESENTATION (  '', ( #1580 ), #4992 ) ;
#4430 = ORIENTED_EDGE ( 'NONE', *, *, #4710, .T. ) ;
#4431 =( NAMED_UNIT ( * ) PLANE_ANGLE_UNIT ( ) SI_UNIT ( $, .RADIAN. ) );
#4432 = STYLED_ITEM ( 'NONE', ( #1924 ), #4810 ) ;
#4433 =( NAMED_UNIT ( * ) SI_UNIT ( $, .STERADIAN. ) SOLID_ANGLE_UNIT ( ) );
#4434 = SURFACE_STYLE_FILL_AREA ( #5307 ) ;
#4435 = ORIENTED_EDGE ( 'NONE', *, *, #1742, .T. ) ;
#4436 =( NAMED_UNIT ( * ) SI_UNIT ( $, .STERADIAN. ) SOLID_ANGLE_UNIT ( ) );
#4437 = DIRECTION ( 'NONE',  ( -1.000000000000000000, 0.000000000000000000, 0.000000000000000000 ) ) ;
#4438 = PLANE ( 'NONE',  #4976 ) ;
#4439 = ORIENTED_EDGE ( 'NONE', *, *, #1402, .T. ) ;
#4440 = VERTEX_POINT ( 'NONE', #4689 ) ;
#4441 = DIRECTION ( 'NONE',  ( -0.000000000000000000, -0.000000000000000000, -1.000000000000000000 ) ) ;
#4442 =( NAMED_UNIT ( * ) SI_UNIT ( $, .STERADIAN. ) SOLID_ANGLE_UNIT ( ) );
#4443 = EDGE_CURVE ( 'NONE', #1685, #2900, #3278, .T. ) ;
#4444 =( NAMED_UNIT ( * ) PLANE_ANGLE_UNIT ( ) SI_UNIT ( $, .RADIAN. ) );
#4445 = FACE_OUTER_BOUND ( 'NONE', #5217, .T. ) ;
#4446 = ORIENTED_EDGE ( 'NONE', *, *, #1568, .T. ) ;
#4447 = B_SPLINE_CURVE_WITH_KNOTS ( 'NONE', 3,
 ( #3275, #2823, #674, #275, #1988 ),
 .UNSPECIFIED., .F., .F.,
 ( 4, 1, 4 ),
 ( 0.08977583276714114213, 0.2929772087874236708, 1.000000000000000000 ),
 .UNSPECIFIED. ) ;
#4448 = ADVANCED_FACE ( 'NONE', ( #2856 ), #3378, .F. ) ;
#4449 = SURFACE_STYLE_USAGE ( .BOTH. , #169 ) ;
#4450 = DIRECTION ( 'NONE',  ( 0.000000000000000000, -1.000000000000000000, 0.000000000000000000 ) ) ;
#4451 = PRESENTATION_STYLE_ASSIGNMENT (( #3685 ) ) ;
#4452 = SURFACE_SIDE_STYLE ('',( #1968 ) ) ;
#4453 = LINE ( 'NONE', #4083, #295 ) ;
#4454 = VECTOR ( 'NONE', #4067, 1000.000000000000000 ) ;
#4455 = EDGE_CURVE ( 'NONE', #5137, #4737, #356, .T. ) ;
#4456 = VERTEX_POINT ( 'NONE', #5523 ) ;
#4457 = DIRECTION ( 'NONE',  ( -1.000000000000000000, 0.000000000000000000, 0.000000000000000000 ) ) ;
#4458 = SURFACE_SIDE_STYLE ('',( #3179 ) ) ;
#4459 = VECTOR ( 'NONE', #177, 1000.000000000000000 ) ;
#4460 = LINE ( 'NONE', #4058, #662 ) ;
#4461 =( LENGTH_UNIT ( ) NAMED_UNIT ( * ) SI_UNIT ( .MILLI., .METRE. ) );
#4462 = AXIS2_PLACEMENT_3D ( 'NONE', #4222, #3769, #4687 ) ;
#4463 = CARTESIAN_POINT ( 'NONE',  ( -1.100000000000000977, -0.7499999999999997780, 7.680894765701995475E-15 ) ) ;
#4464 = ORIENTED_EDGE ( 'NONE', *, *, #4267, .F. ) ;
#4465 = FILL_AREA_STYLE ('',( #3670 ) ) ;
#4466 = FACE_OUTER_BOUND ( 'NONE', #432, .T. ) ;
#4467 = CARTESIAN_POINT ( 'NONE',  ( -0.4135483952989442713, -0.3593805362314128615, 0.2810000000000000275 ) ) ;
#4468 = DIRECTION ( 'NONE',  ( -1.000000000000000000, 0.000000000000000000, 6.938893903907228378E-15 ) ) ;
#4469 = LINE ( 'NONE', #211, #2901 ) ;
#4470 = VERTEX_POINT ( 'NONE', #1191 ) ;
#4471 = AXIS2_PLACEMENT_3D ( 'NONE', #251, #3611, #2743 ) ;
#4472 = VERTEX_POINT ( 'NONE', #2100 ) ;
#4473 =( NAMED_UNIT ( * ) PLANE_ANGLE_UNIT ( ) SI_UNIT ( $, .RADIAN. ) );
#4474 = DIRECTION ( 'NONE',  ( 0.000000000000000000, 1.000000000000000000, 0.000000000000000000 ) ) ;
#4475 = ORIENTED_EDGE ( 'NONE', *, *, #4198, .F. ) ;
#4476 = EDGE_CURVE ( 'NONE', #3383, #1900, #3706, .T. ) ;
#4477 = FILL_AREA_STYLE ('',( #5387 ) ) ;
#4478 = EDGE_CURVE ( 'NONE', #4212, #1163, #3863, .T. ) ;
#4479 = COLOUR_RGB ( '',0.8509803921568627194, 0.8509803921568627194, 0.8509803921568627194 ) ;
#4480 = EDGE_CURVE ( 'NONE', #2985, #1035, #1993, .T. ) ;
#4481 = FACE_OUTER_BOUND ( 'NONE', #3436, .T. ) ;
#4482 = FACE_OUTER_BOUND ( 'NONE', #2542, .T. ) ;
#4483 = PRESENTATION_STYLE_ASSIGNMENT (( #1887 ) ) ;
#4484 = EDGE_CURVE ( 'NONE', #2621, #2630, #2937, .T. ) ;
#4485 = LINE ( 'NONE', #3466, #3384 ) ;
#4486 = VERTEX_POINT ( 'NONE', #3734 ) ;
#4487 = CARTESIAN_POINT ( 'NONE',  ( -1.099999999999998979, 0.2499999999999998335, 0.2799999999999999711 ) ) ;
#4488 = CARTESIAN_POINT ( 'NONE',  ( -0.3999999999999999667, 0.2000000000000000111, 0.02000000000000279332 ) ) ;
#4489 = SURFACE_SIDE_STYLE ('',( #5368 ) ) ;
#4490 = FILL_AREA_STYLE ('',( #5334 ) ) ;
#4491 = VECTOR ( 'NONE', #1501, 1000.000000000000000 ) ;
#4492 = ORIENTED_EDGE ( 'NONE', *, *, #4317, .T. ) ;
#4493 = CARTESIAN_POINT ( 'NONE',  ( 0.7978332356883809373, -0.08504592687205501933, 0.2799999999999999711 ) ) ;
#4494 =( LENGTH_UNIT ( ) NAMED_UNIT ( * ) SI_UNIT ( .MILLI., .METRE. ) );
#4495 = DIRECTION ( 'NONE',  ( -6.982962677686265922E-15, 0.000000000000000000, -1.000000000000000000 ) ) ;
#4496 = DIRECTION ( 'NONE',  ( -0.000000000000000000, 0.000000000000000000, 1.000000000000000000 ) ) ;
#4497 = ORIENTED_EDGE ( 'NONE', *, *, #4693, .F. ) ;
#4498 = VECTOR ( 'NONE', #2265, 1000.000000000000000 ) ;
#4499 = VERTEX_POINT ( 'NONE', #821 ) ;
#4500 = PLANE ( 'NONE',  #1000 ) ;
#4501 = UNCERTAINTY_MEASURE_WITH_UNIT (LENGTH_MEASURE( 1.000000000000000082E-05 ), #2382, 'distance_accuracy_value', 'NONE');
#4502 = FILL_AREA_STYLE_COLOUR ( '', #3338 ) ;
#4503 = ORIENTED_EDGE ( 'NONE', *, *, #883, .F. ) ;
#4504 = AXIS2_PLACEMENT_3D ( 'NONE', #4515, #3592, #1087 ) ;
#4505 = PRESENTATION_STYLE_ASSIGNMENT (( #625 ) ) ;
#4506 = AXIS2_PLACEMENT_3D ( 'NONE', #3330, #2912, #1136 ) ;
#4507 = DIRECTION ( 'NONE',  ( 0.000000000000000000, -0.000000000000000000, 1.000000000000000000 ) ) ;
#4508 = CARTESIAN_POINT ( 'NONE',  ( -0.7570035725588107889, 0.6212183713084244996, 0.2799999999999999711 ) ) ;
#4509 = CARTESIAN_POINT ( 'NONE',  ( -0.3095939579225142069, -0.3593805362314128615, 0.2810000000000000275 ) ) ;
#4510 = EDGE_CURVE ( 'NONE', #2621, #1779, #4568, .T. ) ;
#4511 = DIRECTION ( 'NONE',  ( -6.982962677686265922E-15, 0.000000000000000000, -1.000000000000000000 ) ) ;
#4512 = COLOUR_RGB ( '',0.7921568627450980005, 0.8196078431372548767, 0.9333333333333333481 ) ;
#4513 = B_SPLINE_CURVE_WITH_KNOTS ( 'NONE', 3,
 ( #4539, #2430, #249, #2024 ),
 .UNSPECIFIED., .F., .F.,
 ( 4, 4 ),
 ( 0.000000000000000000, 1.000000000000000000 ),
 .UNSPECIFIED. ) ;
#4514 = EDGE_CURVE ( 'NONE', #5188, #3835, #1645, .T. ) ;
#4515 = CARTESIAN_POINT ( 'NONE',  ( -0.5393126090526830785, -0.6654789993909573376, 0.2799999999999999711 ) ) ;
#4516 = CARTESIAN_POINT ( 'NONE',  ( -0.4135483952989442713, -0.5316465652036583833, 0.2810000000000000275 ) ) ;
#4517 = CARTESIAN_POINT ( 'NONE',  ( 0.5124155170610084076, 0.2080817958270101131, 0.2799999999999999711 ) ) ;
#4518 = MECHANICAL_DESIGN_GEOMETRIC_PRESENTATION_REPRESENTATION (  '', ( #309 ), #2193 ) ;
#4519 = LINE ( 'NONE', #663, #3244 ) ;
#4520 = ORIENTED_EDGE ( 'NONE', *, *, #21, .T. ) ;
#4521 = COLOUR_RGB ( '',0.8509803921568627194, 0.8509803921568627194, 0.8509803921568627194 ) ;
#4522 = EDGE_CURVE ( 'NONE', #239, #1414, #4699, .T. ) ;
#4523 = DIRECTION ( 'NONE',  ( 1.000000000000000000, 0.000000000000000000, -0.000000000000000000 ) ) ;
#4524 =( NAMED_UNIT ( * ) SI_UNIT ( $, .STERADIAN. ) SOLID_ANGLE_UNIT ( ) );
#4525 = AXIS2_PLACEMENT_3D ( 'NONE', #2843, #3320, #1177 ) ;
#4526 =( NAMED_UNIT ( * ) PLANE_ANGLE_UNIT ( ) SI_UNIT ( $, .RADIAN. ) );
#4527 = CARTESIAN_POINT ( 'NONE',  ( -0.6803386800598816286, -0.2391341263035014764, 0.2599999999999999534 ) ) ;
#4528 = ORIENTED_EDGE ( 'NONE', *, *, #1084, .T. ) ;
#4529 =( GEOMETRIC_REPRESENTATION_CONTEXT ( 3 ) GLOBAL_UNCERTAINTY_ASSIGNED_CONTEXT ( ( #4842 ) ) GLOBAL_UNIT_ASSIGNED_CONTEXT ( ( #3150, #2718, #3692 ) ) REPRESENTATION_CONTEXT ( 'NONE', 'WORKASPACE' ) );
#4530 = VERTEX_POINT ( 'NONE', #5446 ) ;
#4531 = EDGE_CURVE ( 'NONE', #665, #3038, #3682, .T. ) ;
#4532 = CARTESIAN_POINT ( 'NONE',  ( -1.100000000000000977, -0.1999999999999994837, 7.680894765701995475E-15 ) ) ;
#4533 = DIRECTION ( 'NONE',  ( 0.000000000000000000, -0.000000000000000000, -1.000000000000000000 ) ) ;
#4534 = PRESENTATION_STYLE_ASSIGNMENT (( #5095 ) ) ;
#4535 = LINE ( 'NONE', #3657, #2868 ) ;
#4536 = VECTOR ( 'NONE', #1082, 1000.000000000000000 ) ;
#4537 = CYLINDRICAL_SURFACE ( 'NONE', #2136, 0.2500000000000000000 ) ;
#4538 = ORIENTED_EDGE ( 'NONE', *, *, #5129, .T. ) ;
#4539 = CARTESIAN_POINT ( 'NONE',  ( -0.6766918921026191525, 0.6855750628389500889, 0.2799999999999999711 ) ) ;
#4540 = CARTESIAN_POINT ( 'NONE',  ( 0.7858601251859659298, -0.1372050520392875117, 0.2599999999999999534 ) ) ;
#4541 = FILL_AREA_STYLE ('',( #2027 ) ) ;
#4542 = LINE ( 'NONE', #1056, #2444 ) ;
#4543 = CARTESIAN_POINT ( 'NONE',  ( 0.000000000000000000, 0.000000000000000000, 0.2599999999999999534 ) ) ;
#4544 = DIRECTION ( 'NONE',  ( 0.000000000000000000, -1.000000000000000000, 0.000000000000000000 ) ) ;
#4545 = DIRECTION ( 'NONE',  ( -1.000000000000000000, 0.000000000000000000, 0.000000000000000000 ) ) ;
#4546 = CARTESIAN_POINT ( 'NONE',  ( 1.100000000000002309, 0.8637862597461452019, 0.2799999999999999711 ) ) ;
#4547 = COLOUR_RGB ( '',0.8509803921568627194, 0.8509803921568627194, 0.8509803921568627194 ) ;
#4548 = MECHANICAL_DESIGN_GEOMETRIC_PRESENTATION_REPRESENTATION (  '', ( #3297 ), #4087 ) ;
#4549 =( NAMED_UNIT ( * ) SI_UNIT ( $, .STERADIAN. ) SOLID_ANGLE_UNIT ( ) );
#4550 = ORIENTED_EDGE ( 'NONE', *, *, #3679, .T. ) ;
#4551 = EDGE_CURVE ( 'NONE', #1773, #4678, #4658, .T. ) ;
#4552 = VECTOR ( 'NONE', #2197, 1000.000000000000000 ) ;
#4553 = DIRECTION ( 'NONE',  ( -0.000000000000000000, -0.000000000000000000, -1.000000000000000000 ) ) ;
#4554 = SURFACE_STYLE_FILL_AREA ( #2440 ) ;
#4555 = LINE ( 'NONE', #1179, #877 ) ;
#4556 =( GEOMETRIC_REPRESENTATION_CONTEXT ( 3 ) GLOBAL_UNCERTAINTY_ASSIGNED_CONTEXT ( ( #1763 ) ) GLOBAL_UNIT_ASSIGNED_CONTEXT ( ( #5104, #5472, #790 ) ) REPRESENTATION_CONTEXT ( 'NONE', 'WORKASPACE' ) );
#4557 = EDGE_CURVE ( 'NONE', #2509, #5371, #4215, .T. ) ;
#4558 = CARTESIAN_POINT ( 'NONE',  ( -1.100000000000003642, 3.816391647148988229E-15, 7.680894765701995475E-15 ) ) ;
#4559 = ORIENTED_EDGE ( 'NONE', *, *, #3927, .T. ) ;
#4560 = VECTOR ( 'NONE', #652, 1000.000000000000000 ) ;
#4561 = MECHANICAL_DESIGN_GEOMETRIC_PRESENTATION_REPRESENTATION (  '', ( #4657 ), #3576 ) ;
#4562 = SURFACE_SIDE_STYLE ('',( #4128 ) ) ;
#4563 = CARTESIAN_POINT ( 'NONE',  ( -1.099999999999998090, 1.000000000000000000, 0.2600000000000076694 ) ) ;
#4564 = ADVANCED_FACE ( 'NONE', ( #794 ), #4328, .T. ) ;
#4565 = AXIS2_PLACEMENT_3D ( 'NONE', #4403, #557, #2271 ) ;
#4566 = EDGE_LOOP ( 'NONE', ( #4492, #1721, #2427, #2043 ) ) ;
#4567 = SURFACE_SIDE_STYLE ('',( #2769 ) ) ;
#4568 = LINE ( 'NONE', #1562, #5250 ) ;
#4569 = VECTOR ( 'NONE', #3498, 1000.000000000000000 ) ;
#4570 =( NAMED_UNIT ( * ) SI_UNIT ( $, .STERADIAN. ) SOLID_ANGLE_UNIT ( ) );
#4571 = CARTESIAN_POINT ( 'NONE',  ( 0.5359203924145662379, 0.1776407652747671595, 0.2799999999999999711 ) ) ;
#4572 = CARTESIAN_POINT ( 'NONE',  ( 0.7858601251859659298, -0.1372050520392875117, 0.2799999999999999711 ) ) ;
#4573 = CARTESIAN_POINT ( 'NONE',  ( 1.100000000000002087, -1.000000000000000222, 0.2599999999999922928 ) ) ;
#4574 = UNCERTAINTY_MEASURE_WITH_UNIT (LENGTH_MEASURE( 1.000000000000000082E-05 ), #3240, 'distance_accuracy_value', 'NONE');
#4575 = DIRECTION ( 'NONE',  ( -0.000000000000000000, 0.000000000000000000, 1.000000000000000000 ) ) ;
#4576 = CARTESIAN_POINT ( 'NONE',  ( -0.6035437629006772386, -0.3065665198382720447, 0.2799999999999999711 ) ) ;
#4577 = SURFACE_STYLE_USAGE ( .BOTH. , #3337 ) ;
#4578 = FILL_AREA_STYLE ('',( #746 ) ) ;
#4579 = ORIENTED_EDGE ( 'NONE', *, *, #1287, .F. ) ;
#4580 = SURFACE_SIDE_STYLE ('',( #1978 ) ) ;
#4581 =( LENGTH_UNIT ( ) NAMED_UNIT ( * ) SI_UNIT ( .MILLI., .METRE. ) );
#4582 = CARTESIAN_POINT ( 'NONE',  ( 1.100000000000002087, -0.2500000000000002220, 0.2599999999999922928 ) ) ;
#4583 =( GEOMETRIC_REPRESENTATION_CONTEXT ( 3 ) GLOBAL_UNCERTAINTY_ASSIGNED_CONTEXT ( ( #1428 ) ) GLOBAL_UNIT_ASSIGNED_CONTEXT ( ( #4075, #4879, #3656 ) ) REPRESENTATION_CONTEXT ( 'NONE', 'WORKASPACE' ) );
#4584 = ADVANCED_FACE ( 'NONE', ( #4239 ), #3902, .T. ) ;
#4585 = DIRECTION ( 'NONE',  ( -0.000000000000000000, -0.000000000000000000, -1.000000000000000000 ) ) ;
#4586 = VERTEX_POINT ( 'NONE', #485 ) ;
#4587 = AXIS2_PLACEMENT_3D ( 'NONE', #4822, #2682, #4105 ) ;
#4588 = CARTESIAN_POINT ( 'NONE',  ( 0.3432670707574931868, -0.3593805362314128615, 0.2599999999999999534 ) ) ;
#4589 = EDGE_CURVE ( 'NONE', #4275, #3421, #3427, .T. ) ;
#4590 = VECTOR ( 'NONE', #3843, 1000.000000000000000 ) ;
#4591 = EDGE_LOOP ( 'NONE', ( #1949, #4388, #1720, #1363 ) ) ;
#4592 = CARTESIAN_POINT ( 'NONE',  ( 0.3432670707574931868, -0.5316465652036583833, 0.2810000000000000275 ) ) ;
#4593 = SURFACE_STYLE_USAGE ( .BOTH. , #1675 ) ;
#4594 = FILL_AREA_STYLE_COLOUR ( '', #2970 ) ;
#4595 = LINE ( 'NONE', #3231, #2527 ) ;
#4596 = SURFACE_STYLE_FILL_AREA ( #4138 ) ;
#4597 = EDGE_LOOP ( 'NONE', ( #1624, #2342, #5194, #1151 ) ) ;
#4598 = VECTOR ( 'NONE', #5189, 1000.000000000000000 ) ;
#4599 = VECTOR ( 'NONE', #2461, 1000.000000000000000 ) ;
#4600 = AXIS2_PLACEMENT_3D ( 'NONE', #3256, #4575, #197 ) ;
#4601 = CARTESIAN_POINT ( 'NONE',  ( 0.7174695751538135990, -0.08025157153844877933, 0.2599999999999999534 ) ) ;
#4602 = FILL_AREA_STYLE ('',( #2159 ) ) ;
#4603 =( LENGTH_UNIT ( ) NAMED_UNIT ( * ) SI_UNIT ( .MILLI., .METRE. ) );
#4604 = PRESENTATION_LAYER_ASSIGNMENT (  '', '', ( #5352 ) ) ;
#4605 = VECTOR ( 'NONE', #2880, 1000.000000000000000 ) ;
#4606 = FILL_AREA_STYLE ('',( #2034 ) ) ;
#4607 = ORIENTED_EDGE ( 'NONE', *, *, #2811, .F. ) ;
#4608 = LINE ( 'NONE', #3342, #3020 ) ;
#4609 = FILL_AREA_STYLE ('',( #5463 ) ) ;
#4610 = LINE ( 'NONE', #2441, #5299 ) ;
#4611 = FILL_AREA_STYLE_COLOUR ( '', #4512 ) ;
#4612 = COLOUR_RGB ( '',0.8509803921568627194, 0.8509803921568627194, 0.8509803921568627194 ) ;
#4613 = ORIENTED_EDGE ( 'NONE', *, *, #769, .F. ) ;
#4614 = ORIENTED_EDGE ( 'NONE', *, *, #917, .T. ) ;
#4615 = COLOUR_RGB ( '',0.8509803921568627194, 0.8509803921568627194, 0.8509803921568627194 ) ;
#4616 = CARTESIAN_POINT ( 'NONE',  ( 0.8500000000000019762, -0.5000000000000002220, 0.2799999999999999711 ) ) ;
#4617 = FACE_OUTER_BOUND ( 'NONE', #1532, .T. ) ;
#4618 = VECTOR ( 'NONE', #2572, 1000.000000000000000 ) ;
#4619 = COLOUR_RGB ( '',0.8509803921568627194, 0.8509803921568627194, 0.8509803921568627194 ) ;
#4620 = EDGE_LOOP ( 'NONE', ( #5326, #2686, #1524, #3512 ) ) ;
#4621 = CARTESIAN_POINT ( 'NONE',  ( -1.099999999999998090, 1.000000000000000000, 0.2600000000000076694 ) ) ;
#4622 = EDGE_CURVE ( 'NONE', #964, #957, #3372, .T. ) ;
#4623 = CARTESIAN_POINT ( 'NONE',  ( -1.071157378566040208, 0.8626410704386738848, 0.2599999999999999534 ) ) ;
#4624 = PRESENTATION_LAYER_ASSIGNMENT (  '', '', ( #2206 ) ) ;
#4625 = VECTOR ( 'NONE', #5561, 1000.000000000000000 ) ;
#4626 = LINE ( 'NONE', #765, #1997 ) ;
#4627 = CARTESIAN_POINT ( 'NONE',  ( -0.4135483952989442713, -0.3593805362314128615, 0.2599999999999999534 ) ) ;
#4628 = CARTESIAN_POINT ( 'NONE',  ( 1.100000000000001865, 1.908195823574490959E-15, -7.680894765701995475E-15 ) ) ;
#4629 =( NAMED_UNIT ( * ) PLANE_ANGLE_UNIT ( ) SI_UNIT ( $, .RADIAN. ) );
#4630 = ORIENTED_EDGE ( 'NONE', *, *, #1671, .T. ) ;
#4631 = DIRECTION ( 'NONE',  ( -1.000000000000000000, 0.000000000000000000, 6.938893903907228378E-15 ) ) ;
#4632 = SURFACE_STYLE_USAGE ( .BOTH. , #2597 ) ;
#4633 = CARTESIAN_POINT ( 'NONE',  ( -0.6111183130522259699, -0.6072867474877421401, 0.2599999999999999534 ) ) ;
#4634 = PRESENTATION_STYLE_ASSIGNMENT (( #1485 ) ) ;
#4635 = CLOSED_SHELL ( 'NONE', ( #4412, #1495, #2622, #586, #2836, #3788 ) ) ;
#4636 = ADVANCED_FACE ( 'NONE', ( #3810 ), #2506, .F. ) ;
#4637 =( NAMED_UNIT ( * ) PLANE_ANGLE_UNIT ( ) SI_UNIT ( $, .RADIAN. ) );
#4638 = ORIENTED_EDGE ( 'NONE', *, *, #2885, .T. ) ;
#4639 = SURFACE_SIDE_STYLE ('',( #1714 ) ) ;
#4640 = FACE_OUTER_BOUND ( 'NONE', #1672, .T. ) ;
#4641 = FACE_OUTER_BOUND ( 'NONE', #1983, .T. ) ;
#4642 = FILL_AREA_STYLE_COLOUR ( '', #79 ) ;
#4643 = LINE ( 'NONE', #3293, #5455 ) ;
#4644 = SURFACE_STYLE_USAGE ( .BOTH. , #1209 ) ;
#4645 = VECTOR ( 'NONE', #2143, 1000.000000000000000 ) ;
#4646 = ORIENTED_EDGE ( 'NONE', *, *, #3886, .T. ) ;
#4647 = LINE ( 'NONE', #4532, #5221 ) ;
#4648 =( GEOMETRIC_REPRESENTATION_CONTEXT ( 3 ) GLOBAL_UNCERTAINTY_ASSIGNED_CONTEXT ( ( #3432 ) ) GLOBAL_UNIT_ASSIGNED_CONTEXT ( ( #3903, #1726, #3013 ) ) REPRESENTATION_CONTEXT ( 'NONE', 'WORKASPACE' ) );
#4649 =( NAMED_UNIT ( * ) PLANE_ANGLE_UNIT ( ) SI_UNIT ( $, .RADIAN. ) );
#4650 = VECTOR ( 'NONE', #3774, 1000.000000000000000 ) ;
#4651 = SURFACE_STYLE_FILL_AREA ( #1697 ) ;
#4652 = VECTOR ( 'NONE', #2538, 1000.000000000000000 ) ;
#4653 = VERTEX_POINT ( 'NONE', #2533 ) ;
#4654 = STYLED_ITEM ( 'NONE', ( #4958 ), #3318 ) ;
#4655 = LINE ( 'NONE', #2099, #258 ) ;
#4656 = MECHANICAL_DESIGN_GEOMETRIC_PRESENTATION_REPRESENTATION (  '', ( #1969 ), #4186 ) ;
#4657 = STYLED_ITEM ( 'NONE', ( #2087 ), #1354 ) ;
#4658 = LINE ( 'NONE', #4162, #5344 ) ;
#4659 = SURFACE_STYLE_USAGE ( .BOTH. , #5555 ) ;
#4660 = DIRECTION ( 'NONE',  ( -1.000000000000000000, 0.000000000000000000, 0.000000000000000000 ) ) ;
#4661 = EDGE_CURVE ( 'NONE', #4586, #2388, #3490, .T. ) ;
#4662 = ORIENTED_EDGE ( 'NONE', *, *, #5152, .T. ) ;
#4663 = EDGE_CURVE ( 'NONE', #5137, #834, #2339, .T. ) ;
#4664 = MECHANICAL_DESIGN_GEOMETRIC_PRESENTATION_REPRESENTATION (  '', ( #1975 ), #4296 ) ;
#4665 = AXIS2_PLACEMENT_3D ( 'NONE', #3845, #3469, #4799 ) ;
#4666 = LINE ( 'NONE', #3825, #3772 ) ;
#4667 = DIRECTION ( 'NONE',  ( -0.000000000000000000, -0.000000000000000000, -1.000000000000000000 ) ) ;
#4668 = EDGE_CURVE ( 'NONE', #2703, #1900, #2260, .T. ) ;
#4669 = CARTESIAN_POINT ( 'NONE',  ( 7.750074532472045730E-18, 0.2000000000000000389, 0.000000000000000000 ) ) ;
#4670 = ORIENTED_EDGE ( 'NONE', *, *, #3040, .F. ) ;
#4671 =( LENGTH_UNIT ( ) NAMED_UNIT ( * ) SI_UNIT ( .MILLI., .METRE. ) );
#4672 = STYLED_ITEM ( 'NONE', ( #1971 ), #945 ) ;
#4673 = CARTESIAN_POINT ( 'NONE',  ( -0.7249999999999999778, -1.000000000000000000, 0.2599999999999999534 ) ) ;
#4674 = ORIENTED_EDGE ( 'NONE', *, *, #533, .T. ) ;
#4675 = PRESENTATION_STYLE_ASSIGNMENT (( #2230 ) ) ;
#4676 = STYLED_ITEM ( 'NONE', ( #2069 ), #3149 ) ;
#4677 = FACE_OUTER_BOUND ( 'NONE', #2577, .T. ) ;
#4678 = VERTEX_POINT ( 'NONE', #3188 ) ;
#4679 = CARTESIAN_POINT ( 'NONE',  ( -0.4135483952989442713, -0.3593805362314128615, 0.2810000000000000275 ) ) ;
#4680 = CIRCLE ( 'NONE', #1713, 0.2500000000000000000 ) ;
#4681 = CARTESIAN_POINT ( 'NONE',  ( 1.100000000000002087, -0.2500000000000002220, 0.2599999999999922928 ) ) ;
#4682 = LINE ( 'NONE', #5023, #4214 ) ;
#4683 = PLANE ( 'NONE',  #839 ) ;
#4684 = ORIENTED_EDGE ( 'NONE', *, *, #335, .T. ) ;
#4685 =( GEOMETRIC_REPRESENTATION_CONTEXT ( 3 ) GLOBAL_UNCERTAINTY_ASSIGNED_CONTEXT ( ( #4116 ) ) GLOBAL_UNIT_ASSIGNED_CONTEXT ( ( #5350, #1529, #603 ) ) REPRESENTATION_CONTEXT ( 'NONE', 'WORKASPACE' ) );
#4686 = SURFACE_SIDE_STYLE ('',( #1598 ) ) ;
#4687 = DIRECTION ( 'NONE',  ( -1.000000000000000000, 0.000000000000000000, 0.000000000000000000 ) ) ;
#4688 = LINE ( 'NONE', #2132, #1475 ) ;
#4689 = CARTESIAN_POINT ( 'NONE',  ( -0.5388595371840243509, 0.8637862597461452019, 0.2799999999999999711 ) ) ;
#4690 = UNCERTAINTY_MEASURE_WITH_UNIT (LENGTH_MEASURE( 1.000000000000000082E-05 ), #2997, 'distance_accuracy_value', 'NONE');
#4691 =( NAMED_UNIT ( * ) SI_UNIT ( $, .STERADIAN. ) SOLID_ANGLE_UNIT ( ) );
#4692 = PRESENTATION_LAYER_ASSIGNMENT (  '', '', ( #1550 ) ) ;
#4693 = EDGE_CURVE ( 'NONE', #1928, #3159, #1838, .T. ) ;
#4694 = ORIENTED_EDGE ( 'NONE', *, *, #331, .F. ) ;
#4695 = DIRECTION ( 'NONE',  ( 6.982962677686265922E-15, 0.000000000000000000, 1.000000000000000000 ) ) ;
#4696 = EDGE_CURVE ( 'NONE', #2309, #5378, #2714, .T. ) ;
#4697 = DIRECTION ( 'NONE',  ( -6.983251342707903681E-15, 0.000000000000000000, -1.000000000000000000 ) ) ;
#4698 = FILL_AREA_STYLE ('',( #3858 ) ) ;
#4699 = CIRCLE ( 'NONE', #2181, 0.2500000000000000000 ) ;
#4700 = VECTOR ( 'NONE', #4886, 1000.000000000000000 ) ;
#4701 = PRESENTATION_STYLE_ASSIGNMENT (( #3957 ) ) ;
#4702 = VERTEX_POINT ( 'NONE', #4015 ) ;
#4703 = CIRCLE ( 'NONE', #4149, 0.3614255068147826933 ) ;
#4704 = CARTESIAN_POINT ( 'NONE',  ( -0.5740798441076691017, -7.576417661678501932E-16, 0.2799999999999999711 ) ) ;
#4705 = CARTESIAN_POINT ( 'NONE',  ( 0.3999999999999996336, -0.9000000000000002442, -2.791820594150173918E-15 ) ) ;
#4706 = DIRECTION ( 'NONE',  ( 0.000000000000000000, -0.000000000000000000, -1.000000000000000000 ) ) ;
#4707 = STYLED_ITEM ( 'NONE', ( #2493 ), #2569 ) ;
#4708 = ORIENTED_EDGE ( 'NONE', *, *, #2291, .T. ) ;
#4709 =( GEOMETRIC_REPRESENTATION_CONTEXT ( 3 ) GLOBAL_UNCERTAINTY_ASSIGNED_CONTEXT ( ( #4738 ) ) GLOBAL_UNIT_ASSIGNED_CONTEXT ( ( #1051, #5390, #3588 ) ) REPRESENTATION_CONTEXT ( 'NONE', 'WORKASPACE' ) );
#4710 = EDGE_CURVE ( 'NONE', #2451, #1552, #3431, .T. ) ;
#4711 = VECTOR ( 'NONE', #1842, 1000.000000000000000 ) ;
#4712 = DIRECTION ( 'NONE',  ( 6.983251342707903681E-15, -0.000000000000000000, 1.000000000000000000 ) ) ;
#4713 =( GEOMETRIC_REPRESENTATION_CONTEXT ( 3 ) GLOBAL_UNCERTAINTY_ASSIGNED_CONTEXT ( ( #3154 ) ) GLOBAL_UNIT_ASSIGNED_CONTEXT ( ( #2956, #2634, #3055 ) ) REPRESENTATION_CONTEXT ( 'NONE', 'WORKASPACE' ) );
#4714 = FILL_AREA_STYLE ('',( #329 ) ) ;
#4715 = ORIENTED_EDGE ( 'NONE', *, *, #990, .T. ) ;
#4716 = PRESENTATION_LAYER_ASSIGNMENT (  '', '', ( #5367 ) ) ;
#4717 = LINE ( 'NONE', #4196, #4618 ) ;
#4718 = SURFACE_STYLE_USAGE ( .BOTH. , #5504 ) ;
#4719 = PRESENTATION_LAYER_ASSIGNMENT (  '', '', ( #1848 ) ) ;
#4720 = EDGE_LOOP ( 'NONE', ( #619, #1955, #3966, #983 ) ) ;
#4721 = DIRECTION ( 'NONE',  ( 1.000000000000000000, 0.000000000000000000, 0.000000000000000000 ) ) ;
#4722 = SURFACE_STYLE_USAGE ( .BOTH. , #1662 ) ;
#4723 = FILL_AREA_STYLE ('',( #808 ) ) ;
#4724 = CARTESIAN_POINT ( 'NONE',  ( -0.7570035725588046827, 0.6212183713084267200, 0.2599999999999999534 ) ) ;
#4725 = EDGE_CURVE ( 'NONE', #3248, #2439, #125, .T. ) ;
#4726 = ORIENTED_EDGE ( 'NONE', *, *, #3964, .T. ) ;
#4727 = ORIENTED_EDGE ( 'NONE', *, *, #4198, .T. ) ;
#4728 =( NAMED_UNIT ( * ) SI_UNIT ( $, .STERADIAN. ) SOLID_ANGLE_UNIT ( ) );
#4729 = DIRECTION ( 'NONE',  ( 6.982962677686266711E-15, -0.000000000000000000, 1.000000000000000000 ) ) ;
#4730 = LINE ( 'NONE', #5572, #4211 ) ;
#4731 = FACE_OUTER_BOUND ( 'NONE', #3550, .T. ) ;
#4732 = EDGE_CURVE ( 'NONE', #4791, #2415, #4871, .T. ) ;
#4733 = AXIS2_PLACEMENT_3D ( 'NONE', #8, #4265, #2583 ) ;
#4734 = UNCERTAINTY_MEASURE_WITH_UNIT (LENGTH_MEASURE( 1.000000000000000082E-05 ), #441, 'distance_accuracy_value', 'NONE');
#4735 = ORIENTED_EDGE ( 'NONE', *, *, #3250, .T. ) ;
#4736 = LINE ( 'NONE', #3872, #30 ) ;
#4737 = VERTEX_POINT ( 'NONE', #1849 ) ;
#4738 = UNCERTAINTY_MEASURE_WITH_UNIT (LENGTH_MEASURE( 1.000000000000000082E-05 ), #1051, 'distance_accuracy_value', 'NONE');
#4739 = DIRECTION ( 'NONE',  ( 1.000000000000000000, 0.000000000000000000, 0.000000000000000000 ) ) ;
#4740 = PRESENTATION_LAYER_ASSIGNMENT (  '', '', ( #1789 ) ) ;
#4741 = FILL_AREA_STYLE_COLOUR ( '', #3245 ) ;
#4742 = CARTESIAN_POINT ( 'NONE',  ( -0.9174636228121989534, -0.1880563063957278735, 0.2599999999999999534 ) ) ;
#4743 = CARTESIAN_POINT ( 'NONE',  ( 0.8500000000000019762, 0.4999999999999997780, 0.2799999999999999711 ) ) ;
#4744 = EDGE_CURVE ( 'NONE', #740, #1685, #597, .T. ) ;
#4745 =( NAMED_UNIT ( * ) SI_UNIT ( $, .STERADIAN. ) SOLID_ANGLE_UNIT ( ) );
#4746 = VERTEX_POINT ( 'NONE', #4899 ) ;
#4747 = CIRCLE ( 'NONE', #3569, 0.09999999999999993616 ) ;
#4748 = STYLED_ITEM ( 'NONE', ( #3189 ), #3322 ) ;
#4749 = SURFACE_STYLE_USAGE ( .BOTH. , #3849 ) ;
#4750 = CARTESIAN_POINT ( 'NONE',  ( -1.100000000000001643, -3.816391647148981130E-15, 0.2799999999999999711 ) ) ;
#4751 =( NAMED_UNIT ( * ) PLANE_ANGLE_UNIT ( ) SI_UNIT ( $, .RADIAN. ) );
#4752 = DIRECTION ( 'NONE',  ( -1.000000000000000000, 4.259365677621623928E-16, 6.983251342707903681E-15 ) ) ;
#4753 = VERTEX_POINT ( 'NONE', #1409 ) ;
#4754 = CARTESIAN_POINT ( 'NONE',  ( -0.4343137556297431701, 0.4509946331943126552, 0.2810000000000000275 ) ) ;
#4755 = SURFACE_STYLE_USAGE ( .BOTH. , #2526 ) ;
#4756 = UNCERTAINTY_MEASURE_WITH_UNIT (LENGTH_MEASURE( 1.000000000000000082E-05 ), #2443, 'distance_accuracy_value', 'NONE');
#4757 = FILL_AREA_STYLE_COLOUR ( '', #4334 ) ;
#4758 = ORIENTED_EDGE ( 'NONE', *, *, #1954, .T. ) ;
#4759 = EDGE_LOOP ( 'NONE', ( #3219, #393, #2209, #2280, #944, #1159, #2678, #3674, #360, #4056, #1064, #198, #3942, #4294 ) ) ;
#4760 = CARTESIAN_POINT ( 'NONE',  ( 1.100000000000002309, -9.540979117872460713E-16, 0.2799999999999999711 ) ) ;
#4761 = EDGE_CURVE ( 'NONE', #2879, #2367, #99, .T. ) ;
#4762 = ORIENTED_EDGE ( 'NONE', *, *, #2811, .T. ) ;
#4763 = ORIENTED_EDGE ( 'NONE', *, *, #3393, .F. ) ;
#4764 = ADVANCED_FACE ( 'NONE', ( #158 ), #3516, .F. ) ;
#4765 = CARTESIAN_POINT ( 'NONE',  ( 1.100000000000002087, 0.4999999999999997780, 0.2799999999999999711 ) ) ;
#4766 = SURFACE_STYLE_USAGE ( .BOTH. , #3842 ) ;
#4767 = CARTESIAN_POINT ( 'NONE',  ( -0.5035437629006764837, -0.05709504976923729380, 0.2599999999999999534 ) ) ;
#4768 = PRESENTATION_STYLE_ASSIGNMENT (( #5200 ) ) ;
#4769 =( LENGTH_UNIT ( ) NAMED_UNIT ( * ) SI_UNIT ( .MILLI., .METRE. ) );
#4770 =( GEOMETRIC_REPRESENTATION_CONTEXT ( 3 ) GLOBAL_UNCERTAINTY_ASSIGNED_CONTEXT ( ( #4857 ) ) GLOBAL_UNIT_ASSIGNED_CONTEXT ( ( #3730, #4649, #5073 ) ) REPRESENTATION_CONTEXT ( 'NONE', 'WORKASPACE' ) );
#4771 = ORIENTED_EDGE ( 'NONE', *, *, #4725, .F. ) ;
#4772 = CARTESIAN_POINT ( 'NONE',  ( 1.100000000000000533, 0.2499999999999996669, -7.680894765701995475E-15 ) ) ;
#4773 = CARTESIAN_POINT ( 'NONE',  ( 5.773300432731590829E-21, 0.9000000000000000222, 0.000000000000000000 ) ) ;
#4774 = LINE ( 'NONE', #1811, #1331 ) ;
#4775 = COLOUR_RGB ( '',0.8509803921568627194, 0.8509803921568627194, 0.8509803921568627194 ) ;
#4776 = FACE_OUTER_BOUND ( 'NONE', #1304, .T. ) ;
#4777 = VERTEX_POINT ( 'NONE', #3993 ) ;
#4778 = CARTESIAN_POINT ( 'NONE',  ( 0.7249999999999999778, 1.000000000000000000, 0.2599999999999999534 ) ) ;
#4779 = DIRECTION ( 'NONE',  ( 1.000000000000000000, 0.000000000000000000, 0.000000000000000000 ) ) ;
#4780 = CARTESIAN_POINT ( 'NONE',  ( -2.407412430484044816E-32, 0.000000000000000000, 0.000000000000000000 ) ) ;
#4781 = LINE ( 'NONE', #479, #580 ) ;
#4782 = DIRECTION ( 'NONE',  ( -0.000000000000000000, -0.000000000000000000, -1.000000000000000000 ) ) ;
#4783 = ORIENTED_EDGE ( 'NONE', *, *, #5445, .T. ) ;
#4784 = ORIENTED_EDGE ( 'NONE', *, *, #4385, .F. ) ;
#4785 = ORIENTED_EDGE ( 'NONE', *, *, #2067, .T. ) ;
#4786 =( GEOMETRIC_REPRESENTATION_CONTEXT ( 3 ) GLOBAL_UNCERTAINTY_ASSIGNED_CONTEXT ( ( #5213 ) ) GLOBAL_UNIT_ASSIGNED_CONTEXT ( ( #1590, #1619, #4266 ) ) REPRESENTATION_CONTEXT ( 'NONE', 'WORKASPACE' ) );
#4787 = FILL_AREA_STYLE_COLOUR ( '', #337 ) ;
#4788 =( NAMED_UNIT ( * ) PLANE_ANGLE_UNIT ( ) SI_UNIT ( $, .RADIAN. ) );
#4789 =( NAMED_UNIT ( * ) PLANE_ANGLE_UNIT ( ) SI_UNIT ( $, .RADIAN. ) );
#4790 = DIRECTION ( 'NONE',  ( 1.000000000000000000, 1.897353801849631971E-15, 0.000000000000000000 ) ) ;
#4791 = VERTEX_POINT ( 'NONE', #3099 ) ;
#4792 = CIRCLE ( 'NONE', #2371, 0.2500000000000000000 ) ;
#4793 = VERTEX_POINT ( 'NONE', #4817 ) ;
#4794 = CARTESIAN_POINT ( 'NONE',  ( -1.099999999999998090, -0.4999999999999997780, 0.2799999999999999711 ) ) ;
#4795 = MECHANICAL_DESIGN_GEOMETRIC_PRESENTATION_REPRESENTATION (  '', ( #930 ), #2106 ) ;
#4796 = PRESENTATION_LAYER_ASSIGNMENT (  '', '', ( #1654 ) ) ;
#4797 = SURFACE_SIDE_STYLE ('',( #2990 ) ) ;
#4798 = CARTESIAN_POINT ( 'NONE',  ( 0.6360270068922002640, 0.1776407652747671595, 0.2799999999999999711 ) ) ;
#4799 = DIRECTION ( 'NONE',  ( 0.000000000000000000, -0.000000000000000000, 1.000000000000000000 ) ) ;
#4800 = ORIENTED_EDGE ( 'NONE', *, *, #3969, .F. ) ;
#4801 = ADVANCED_FACE ( 'NONE', ( #2312 ), #3962, .F. ) ;
#4802 = CARTESIAN_POINT ( 'NONE',  ( -1.100000000000000977, -0.1999999999999994837, 7.680894765701995475E-15 ) ) ;
#4803 = PLANE ( 'NONE',  #3996 ) ;
#4804 = CYLINDRICAL_SURFACE ( 'NONE', #4565, 0.3637862597461454239 ) ;
#4805 = ADVANCED_FACE ( 'NONE', ( #1979 ), #3265, .T. ) ;
#4806 = CIRCLE ( 'NONE', #3545, 0.3614255068147824712 ) ;
#4807 = CARTESIAN_POINT ( 'NONE',  ( -1.099999999999998979, 0.1362137402538543540, 0.2599999999999999534 ) ) ;
#4808 = ORIENTED_EDGE ( 'NONE', *, *, #478, .F. ) ;
#4809 = CARTESIAN_POINT ( 'NONE',  ( 1.100000000000002087, 0.4999999999999997780, 0.2599999999999922928 ) ) ;
#4810 = ADVANCED_FACE ( 'NONE', ( #2782 ), #1095, .T. ) ;
#4811 = FACE_OUTER_BOUND ( 'NONE', #3412, .T. ) ;
#4812 = DIRECTION ( 'NONE',  ( 6.983251342707903681E-15, -0.000000000000000000, 1.000000000000000000 ) ) ;
#4813 = ORIENTED_EDGE ( 'NONE', *, *, #4133, .F. ) ;
#4814 = ORIENTED_EDGE ( 'NONE', *, *, #2874, .F. ) ;
#4815 = ORIENTED_EDGE ( 'NONE', *, *, #1130, .F. ) ;
#4816 = SURFACE_SIDE_STYLE ('',( #1489 ) ) ;
#4817 = CARTESIAN_POINT ( 'NONE',  ( 0.3648896556285310400, -1.000000000000000222, 0.01999999999999745384 ) ) ;
#4818 = CARTESIAN_POINT ( 'NONE',  ( -1.100000000000000533, -0.8999999999999996891, 7.680894765701995475E-15 ) ) ;
#4819 = VERTEX_POINT ( 'NONE', #2470 ) ;
#4820 = VERTEX_POINT ( 'NONE', #1632 ) ;
#4821 = SURFACE_STYLE_FILL_AREA ( #412 ) ;
#4822 = CARTESIAN_POINT ( 'NONE',  ( -1.099999999999998090, -0.4999999999999997780, 0.2600000000000076694 ) ) ;
#4823 = CARTESIAN_POINT ( 'NONE',  ( -0.6766918921026191525, -0.5541450885699468198, 0.2799999999999999711 ) ) ;
#4824 = DIRECTION ( 'NONE',  ( 1.000000000000000000, 0.000000000000000000, 0.000000000000000000 ) ) ;
#4825 = VECTOR ( 'NONE', #2169, 1000.000000000000000 ) ;
#4826 = ORIENTED_EDGE ( 'NONE', *, *, #4114, .F. ) ;
#4827 = VECTOR ( 'NONE', #2468, 1000.000000000000000 ) ;
#4828 = CARTESIAN_POINT ( 'NONE',  ( -1.099999999999998090, -1.000000000000000000, 0.2600000000000076694 ) ) ;
#4829 = CARTESIAN_POINT ( 'NONE',  ( 0.05584305983497199477, -0.5316465652036583833, 0.2810000000000000275 ) ) ;
#4830 = LINE ( 'NONE', #3146, #2817 ) ;
#4831 = AXIS2_PLACEMENT_3D ( 'NONE', #5384, #4942, #3166 ) ;
#4832 = ADVANCED_FACE ( 'NONE', ( #4203 ), #5127, .T. ) ;
#4833 = VECTOR ( 'NONE', #1365, 1000.000000000000000 ) ;
#4834 = ORIENTED_EDGE ( 'NONE', *, *, #134, .T. ) ;
#4835 = ADVANCED_FACE ( 'NONE', ( #4641 ), #805, .F. ) ;
#4836 = DIRECTION ( 'NONE',  ( -0.000000000000000000, -0.000000000000000000, -1.000000000000000000 ) ) ;
#4837 = CARTESIAN_POINT ( 'NONE',  ( 5.773300432731590829E-21, 0.9000000000000000222, 0.000000000000000000 ) ) ;
#4838 = DIRECTION ( 'NONE',  ( 1.000000000000000000, 0.000000000000000000, -6.938893903907228378E-15 ) ) ;
#4839 = VECTOR ( 'NONE', #856, 1000.000000000000000 ) ;
#4840 = FILL_AREA_STYLE_COLOUR ( '', #4061 ) ;
#4841 = FACE_OUTER_BOUND ( 'NONE', #916, .T. ) ;
#4842 = UNCERTAINTY_MEASURE_WITH_UNIT (LENGTH_MEASURE( 1.000000000000000082E-05 ), #3150, 'distance_accuracy_value', 'NONE');
#4843 = ORIENTED_EDGE ( 'NONE', *, *, #575, .F. ) ;
#4844 = PRESENTATION_LAYER_ASSIGNMENT (  '', '', ( #1975 ) ) ;
#4845 = DIRECTION ( 'NONE',  ( 6.982962677686266711E-15, -0.000000000000000000, 1.000000000000000000 ) ) ;
#4846 = FILL_AREA_STYLE ('',( #3131 ) ) ;
#4847 =( NAMED_UNIT ( * ) PLANE_ANGLE_UNIT ( ) SI_UNIT ( $, .RADIAN. ) );
#4848 = SURFACE_STYLE_USAGE ( .BOTH. , #1461 ) ;
#4849 = EDGE_LOOP ( 'NONE', ( #2565, #1231, #5461, #4771, #2013, #2257, #2097, #94, #1814, #2780, #974, #58 ) ) ;
#4850 = VERTEX_POINT ( 'NONE', #3366 ) ;
#4851 = SURFACE_STYLE_FILL_AREA ( #3603 ) ;
#4852 = UNCERTAINTY_MEASURE_WITH_UNIT (LENGTH_MEASURE( 1.000000000000000082E-05 ), #2349, 'distance_accuracy_value', 'NONE');
#4853 = CARTESIAN_POINT ( 'NONE',  ( -0.7482052191486779913, -0.5828783997317398269, 0.2799999999999999711 ) ) ;
#4854 = ORIENTED_EDGE ( 'NONE', *, *, #4385, .T. ) ;
#4855 = PRESENTATION_STYLE_ASSIGNMENT (( #2741 ) ) ;
#4856 =( LENGTH_UNIT ( ) NAMED_UNIT ( * ) SI_UNIT ( .MILLI., .METRE. ) );
#4857 = UNCERTAINTY_MEASURE_WITH_UNIT (LENGTH_MEASURE( 1.000000000000000082E-05 ), #3730, 'distance_accuracy_value', 'NONE');
#4858 = CIRCLE ( 'NONE', #2428, 0.1000000000000000472 ) ;
#4859 = MECHANICAL_DESIGN_GEOMETRIC_PRESENTATION_REPRESENTATION (  '', ( #4127 ), #3850 ) ;
#4860 = ORIENTED_EDGE ( 'NONE', *, *, #657, .F. ) ;
#4861 = LINE ( 'NONE', #2275, #3216 ) ;
#4862 = CARTESIAN_POINT ( 'NONE',  ( -0.3999999999999999112, 0.000000000000000000, 0.02000000000000279332 ) ) ;
#4863 = DIRECTION ( 'NONE',  ( 0.000000000000000000, -1.000000000000000000, 0.000000000000000000 ) ) ;
#4864 = CIRCLE ( 'NONE', #3601, 0.3637862597461382630 ) ;
#4865 = SURFACE_SIDE_STYLE ('',( #205 ) ) ;
#4866 = ORIENTED_EDGE ( 'NONE', *, *, #4278, .T. ) ;
#4867 = ORIENTED_EDGE ( 'NONE', *, *, #1500, .F. ) ;
#4868 = ADVANCED_FACE ( 'NONE', ( #2977 ), #3007, .T. ) ;
#4869 = STYLED_ITEM ( 'NONE', ( #601 ), #2236 ) ;
#4870 = FILL_AREA_STYLE_COLOUR ( '', #4547 ) ;
#4871 = LINE ( 'NONE', #3156, #3776 ) ;
#4872 = FACE_OUTER_BOUND ( 'NONE', #3217, .T. ) ;
#4873 =( NAMED_UNIT ( * ) SI_UNIT ( $, .STERADIAN. ) SOLID_ANGLE_UNIT ( ) );
#4874 = ORIENTED_EDGE ( 'NONE', *, *, #3457, .T. ) ;
#4875 = ORIENTED_EDGE ( 'NONE', *, *, #3249, .F. ) ;
#4876 = VECTOR ( 'NONE', #1515, 1000.000000000000000 ) ;
#4877 = CIRCLE ( 'NONE', #3866, 0.2500000000000000000 ) ;
#4878 = CARTESIAN_POINT ( 'NONE',  ( 0.000000000000000000, 0.000000000000000000, 0.2599999999999999534 ) ) ;
#4879 =( NAMED_UNIT ( * ) PLANE_ANGLE_UNIT ( ) SI_UNIT ( $, .RADIAN. ) );
#4880 = DIRECTION ( 'NONE',  ( 8.673617379884037444E-16, 1.000000000000000000, 0.000000000000000000 ) ) ;
#4881 = FILL_AREA_STYLE_COLOUR ( '', #428 ) ;
#4882 = PRESENTATION_LAYER_ASSIGNMENT (  '', '', ( #5447 ) ) ;
#4883 = EDGE_CURVE ( 'NONE', #1009, #860, #3180, .T. ) ;
#4884 = ORIENTED_EDGE ( 'NONE', *, *, #3620, .F. ) ;
#4885 = VECTOR ( 'NONE', #988, 1000.000000000000000 ) ;
#4886 = DIRECTION ( 'NONE',  ( -1.000000000000000000, -0.000000000000000000, -0.000000000000000000 ) ) ;
#4887 = DIRECTION ( 'NONE',  ( 0.000000000000000000, -0.000000000000000000, -1.000000000000000000 ) ) ;
#4888 = DIRECTION ( 'NONE',  ( -6.982962677686265922E-15, 0.000000000000000000, -1.000000000000000000 ) ) ;
#4889 = AXIS2_PLACEMENT_3D ( 'NONE', #5252, #4358, #1381 ) ;
#4890 = ORIENTED_EDGE ( 'NONE', *, *, #4744, .T. ) ;
#4891 = PRESENTATION_STYLE_ASSIGNMENT (( #3122 ) ) ;
#4892 = CARTESIAN_POINT ( 'NONE',  ( 0.2532275857927164253, -0.5316465652036583833, 0.2810000000000000275 ) ) ;
#4893 =( GEOMETRIC_REPRESENTATION_CONTEXT ( 3 ) GLOBAL_UNCERTAINTY_ASSIGNED_CONTEXT ( ( #4690 ) ) GLOBAL_UNIT_ASSIGNED_CONTEXT ( ( #2997, #1775, #4288 ) ) REPRESENTATION_CONTEXT ( 'NONE', 'WORKASPACE' ) );
#4894 =( NAMED_UNIT ( * ) SI_UNIT ( $, .STERADIAN. ) SOLID_ANGLE_UNIT ( ) );
#4895 = CARTESIAN_POINT ( 'NONE',  ( -7.738527931606581778E-18, 0.2000000000000000389, 0.000000000000000000 ) ) ;
#4896 = VERTEX_POINT ( 'NONE', #2277 ) ;
#4897 = AXIS2_PLACEMENT_3D ( 'NONE', #2573, #5558, #2495 ) ;
#4898 = CARTESIAN_POINT ( 'NONE',  ( -0.7570035725588107889, 0.6212183713084244996, 0.2599999999999999534 ) ) ;
#4899 = CARTESIAN_POINT ( 'NONE',  ( -0.7249999999999999778, -1.000000000000000000, 0.8400000000000000799 ) ) ;
#4900 = FILL_AREA_STYLE_COLOUR ( '', #4285 ) ;
#4901 = EDGE_CURVE ( 'NONE', #4678, #2316, #3895, .T. ) ;
#4902 =( NAMED_UNIT ( * ) PLANE_ANGLE_UNIT ( ) SI_UNIT ( $, .RADIAN. ) );
#4903 = EDGE_CURVE ( 'NONE', #938, #1046, #4253, .T. ) ;
#4904 = EDGE_CURVE ( 'NONE', #1445, #2621, #2296, .T. ) ;
#4905 = ORIENTED_EDGE ( 'NONE', *, *, #2936, .F. ) ;
#4906 = ORIENTED_EDGE ( 'NONE', *, *, #4317, .F. ) ;
#4907 = LINE ( 'NONE', #2681, #2438 ) ;
#4908 = UNCERTAINTY_MEASURE_WITH_UNIT (LENGTH_MEASURE( 1.000000000000000082E-05 ), #4254, 'distance_accuracy_value', 'NONE');
#4909 = ADVANCED_FACE ( 'NONE', ( #505 ), #1401, .F. ) ;
#4910 = SURFACE_SIDE_STYLE ('',( #3197 ) ) ;
#4911 = CLOSED_SHELL ( 'NONE', ( #2221, #369, #2161, #3149, #3923, #3648 ) ) ;
#4912 = ORIENTED_EDGE ( 'NONE', *, *, #1500, .T. ) ;
#4913 = FACE_OUTER_BOUND ( 'NONE', #468, .T. ) ;
#4914 = CARTESIAN_POINT ( 'NONE',  ( -1.071157378566040208, 0.8626410704386738848, 0.2599999999999999534 ) ) ;
#4915 = LINE ( 'NONE', #225, #3824 ) ;
#4916 = DIRECTION ( 'NONE',  ( 0.000000000000000000, -0.000000000000000000, -1.000000000000000000 ) ) ;
#4917 = SURFACE_STYLE_FILL_AREA ( #2354 ) ;
#4918 = DIRECTION ( 'NONE',  ( -0.000000000000000000, -0.000000000000000000, -1.000000000000000000 ) ) ;
#4919 = AXIS2_PLACEMENT_3D ( 'NONE', #869, #38, #2612 ) ;
#4920 = ORIENTED_EDGE ( 'NONE', *, *, #5233, .T. ) ;
#4921 = LINE ( 'NONE', #631, #4876 ) ;
#4922 = CARTESIAN_POINT ( 'NONE',  ( 0.3901487617419281406, 0.000000000000000000, 0.2799999999999999711 ) ) ;
#4923 =( GEOMETRIC_REPRESENTATION_CONTEXT ( 3 ) GLOBAL_UNCERTAINTY_ASSIGNED_CONTEXT ( ( #4574 ) ) GLOBAL_UNIT_ASSIGNED_CONTEXT ( ( #3240, #616, #3292 ) ) REPRESENTATION_CONTEXT ( 'NONE', 'WORKASPACE' ) );
#4924 = SURFACE_STYLE_USAGE ( .BOTH. , #1574 ) ;
#4925 = B_SPLINE_CURVE_WITH_KNOTS ( 'NONE', 2,
 ( #2232, #2675, #512 ),
 .UNSPECIFIED., .F., .F.,
 ( 3, 3 ),
 ( 0.000000000000000000, 1.000000000000000000 ),
 .UNSPECIFIED. ) ;
#4926 = DIRECTION ( 'NONE',  ( 1.000000000000000000, 0.000000000000000000, -0.000000000000000000 ) ) ;
#4927 = CIRCLE ( 'NONE', #1234, 0.3637862597461454239 ) ;
#4928 = AXIS2_PLACEMENT_3D ( 'NONE', #5154, #4697, #837 ) ;
#4929 = ORIENTED_EDGE ( 'NONE', *, *, #4975, .T. ) ;
#4930 = DIRECTION ( 'NONE',  ( -0.000000000000000000, 0.000000000000000000, 1.000000000000000000 ) ) ;
#4931 = CARTESIAN_POINT ( 'NONE',  ( 0.000000000000000000, 0.3080817958270101187, 0.2799999999999999711 ) ) ;
#4932 = CIRCLE ( 'NONE', #4194, 0.2500000000000000000 ) ;
#4933 =( LENGTH_UNIT ( ) NAMED_UNIT ( * ) SI_UNIT ( .MILLI., .METRE. ) );
#4934 = LINE ( 'NONE', #4070, #5254 ) ;
#4935 = EDGE_LOOP ( 'NONE', ( #3973, #5280, #213, #1712 ) ) ;
#4936 = COLOUR_RGB ( '',0.8509803921568627194, 0.8509803921568627194, 0.8509803921568627194 ) ;
#4937 = ORIENTED_EDGE ( 'NONE', *, *, #4476, .T. ) ;
#4938 = DIRECTION ( 'NONE',  ( -1.000000000000000000, 4.259365677621624914E-16, 0.000000000000000000 ) ) ;
#4939 = ADVANCED_FACE ( 'NONE', ( #5305 ), #926, .T. ) ;
#4940 =( NAMED_UNIT ( * ) PLANE_ANGLE_UNIT ( ) SI_UNIT ( $, .RADIAN. ) );
#4941 =( NAMED_UNIT ( * ) PLANE_ANGLE_UNIT ( ) SI_UNIT ( $, .RADIAN. ) );
#4942 = DIRECTION ( 'NONE',  ( 9.767585058201807468E-17, -1.000000000000000000, 0.000000000000000000 ) ) ;
#4943 = VERTEX_POINT ( 'NONE', #4892 ) ;
#4944 = EDGE_CURVE ( 'NONE', #3530, #3950, #4806, .T. ) ;
#4945 = FILL_AREA_STYLE ('',( #1508 ) ) ;
#4946 = DIRECTION ( 'NONE',  ( -1.000000000000000000, 0.000000000000000000, 6.983251342707903681E-15 ) ) ;
#4947 = CARTESIAN_POINT ( 'NONE',  ( 1.100000000000002087, 0.4999999999999997780, 0.2599999999999999534 ) ) ;
#4948 = PLANE ( 'NONE',  #4471 ) ;
#4949 = AXIS2_PLACEMENT_3D ( 'NONE', #2904, #3299, #3757 ) ;
#4950 = CARTESIAN_POINT ( 'NONE',  ( 1.100000000000002087, -1.000000000000000222, 0.2599999999999922928 ) ) ;
#4951 = VECTOR ( 'NONE', #5018, 1000.000000000000000 ) ;
#4952 = DIRECTION ( 'NONE',  ( 1.734723475976807094E-15, -1.000000000000000000, -0.000000000000000000 ) ) ;
#4953 = COLOUR_RGB ( '',0.8509803921568627194, 0.8509803921568627194, 0.8509803921568627194 ) ;
#4954 = MECHANICAL_DESIGN_GEOMETRIC_PRESENTATION_REPRESENTATION (  '', ( #5138 ), #3675 ) ;
#4955 = ORIENTED_EDGE ( 'NONE', *, *, #101, .T. ) ;
#4956 = DIRECTION ( 'NONE',  ( 0.000000000000000000, -1.000000000000000000, 0.000000000000000000 ) ) ;
#4957 = SURFACE_STYLE_USAGE ( .BOTH. , #751 ) ;
#4958 = PRESENTATION_STYLE_ASSIGNMENT (( #3575 ) ) ;
#4959 = DIRECTION ( 'NONE',  ( 0.000000000000000000, -0.000000000000000000, -1.000000000000000000 ) ) ;
#4960 = ORIENTED_EDGE ( 'NONE', *, *, #2971, .F. ) ;
#4961 = VECTOR ( 'NONE', #3736, 1000.000000000000000 ) ;
#4962 = ORIENTED_EDGE ( 'NONE', *, *, #4661, .T. ) ;
#4963 = FILL_AREA_STYLE_COLOUR ( '', #22 ) ;
#4964 = LINE ( 'NONE', #3758, #2516 ) ;
#4965 = DIRECTION ( 'NONE',  ( -0.000000000000000000, -0.000000000000000000, -1.000000000000000000 ) ) ;
#4966 = SURFACE_STYLE_USAGE ( .BOTH. , #1023 ) ;
#4967 = ORIENTED_EDGE ( 'NONE', *, *, #4761, .F. ) ;
#4968 = COLOUR_RGB ( '',0.8509803921568627194, 0.8509803921568627194, 0.8509803921568627194 ) ;
#4969 = COLOUR_RGB ( '',0.8509803921568627194, 0.8509803921568627194, 0.8509803921568627194 ) ;
#4970 = CIRCLE ( 'NONE', #123, 0.2500000000000000000 ) ;
#4971 = CARTESIAN_POINT ( 'NONE',  ( 0.7174695751538135990, -0.08025157153844877933, 0.2799999999999999711 ) ) ;
#4972 = FACE_OUTER_BOUND ( 'NONE', #545, .T. ) ;
#4973 = FACE_OUTER_BOUND ( 'NONE', #2611, .T. ) ;
#4974 = UNCERTAINTY_MEASURE_WITH_UNIT (LENGTH_MEASURE( 1.000000000000000082E-05 ), #1470, 'distance_accuracy_value', 'NONE');
#4975 = EDGE_CURVE ( 'NONE', #1001, #4275, #4460, .T. ) ;
#4976 = AXIS2_PLACEMENT_3D ( 'NONE', #5435, #2420, #1610 ) ;
#4977 =( NAMED_UNIT ( * ) PLANE_ANGLE_UNIT ( ) SI_UNIT ( $, .RADIAN. ) );
#4978 = LINE ( 'NONE', #2033, #2287 ) ;
#4979 = COLOUR_RGB ( '',0.8509803921568627194, 0.8509803921568627194, 0.8509803921568627194 ) ;
#4980 = CARTESIAN_POINT ( 'NONE',  ( -0.7250754616367172112, -0.5368602718148540731, 0.2799999999999999711 ) ) ;
#4981 = ORIENTED_EDGE ( 'NONE', *, *, #4531, .T. ) ;
#4982 = AXIS2_PLACEMENT_3D ( 'NONE', #5503, #1625, #632 ) ;
#4983 = FILL_AREA_STYLE_COLOUR ( '', #2494 ) ;
#4984 = COLOUR_RGB ( '',0.8509803921568627194, 0.8509803921568627194, 0.8509803921568627194 ) ;
#4985 = EDGE_CURVE ( 'NONE', #4470, #2084, #1601, .T. ) ;
#4986 = LINE ( 'NONE', #1126, #3387 ) ;
#4987 = FILL_AREA_STYLE ('',( #4611 ) ) ;
#4988 = VERTEX_POINT ( 'NONE', #4488 ) ;
#4989 = EDGE_LOOP ( 'NONE', ( #5218, #2049, #1184, #2176 ) ) ;
#4990 = CARTESIAN_POINT ( 'NONE',  ( 1.100000000000002087, -0.7500000000000002220, 0.2799999999999999711 ) ) ;
#4991 =( LENGTH_UNIT ( ) NAMED_UNIT ( * ) SI_UNIT ( .MILLI., .METRE. ) );
#4992 =( GEOMETRIC_REPRESENTATION_CONTEXT ( 3 ) GLOBAL_UNCERTAINTY_ASSIGNED_CONTEXT ( ( #3437 ) ) GLOBAL_UNIT_ASSIGNED_CONTEXT ( ( #2742, #2328, #5358 ) ) REPRESENTATION_CONTEXT ( 'NONE', 'WORKASPACE' ) );
#4993 = CARTESIAN_POINT ( 'NONE',  ( 0.2532275857927164253, -0.3593805362314128615, 0.2810000000000000275 ) ) ;
#4994 = B_SPLINE_CURVE_WITH_KNOTS ( 'NONE', 2,
 ( #4005, #1395, #609 ),
 .UNSPECIFIED., .F., .F.,
 ( 3, 3 ),
 ( 0.000000000000000000, 1.000000000000000000 ),
 .UNSPECIFIED. ) ;
#4995 = ORIENTED_EDGE ( 'NONE', *, *, #2291, .F. ) ;
#4996 = PRESENTATION_STYLE_ASSIGNMENT (( #1990 ) ) ;
#4997 = DIRECTION ( 'NONE',  ( -0.000000000000000000, -0.000000000000000000, -1.000000000000000000 ) ) ;
#4998 = FILL_AREA_STYLE_COLOUR ( '', #570 ) ;
#4999 = DIRECTION ( 'NONE',  ( -0.000000000000000000, 0.000000000000000000, -1.000000000000000000 ) ) ;
#5000 = FACE_OUTER_BOUND ( 'NONE', #2694, .T. ) ;
#5001 = CARTESIAN_POINT ( 'NONE',  ( 0.5359203924145662379, 0.000000000000000000, 0.2799999999999999711 ) ) ;
#5002 = CARTESIAN_POINT ( 'NONE',  ( 0.000000000000000000, 0.1776407652747671595, 0.2799999999999999711 ) ) ;
#5003 = DIRECTION ( 'NONE',  ( -0.000000000000000000, -0.000000000000000000, -1.000000000000000000 ) ) ;
#5004 = EDGE_CURVE ( 'NONE', #3276, #1001, #2804, .T. ) ;
#5005 = SURFACE_STYLE_USAGE ( .BOTH. , #1577 ) ;
#5006 = MECHANICAL_DESIGN_GEOMETRIC_PRESENTATION_REPRESENTATION (  '', ( #223 ), #2571 ) ;
#5007 =( LENGTH_UNIT ( ) NAMED_UNIT ( * ) SI_UNIT ( .MILLI., .METRE. ) );
#5008 = EDGE_CURVE ( 'NONE', #1371, #2704, #3287, .T. ) ;
#5009 = ORIENTED_EDGE ( 'NONE', *, *, #2394, .T. ) ;
#5010 = DIRECTION ( 'NONE',  ( -0.000000000000000000, -0.000000000000000000, -1.000000000000000000 ) ) ;
#5011 = FILL_AREA_STYLE ('',( #4642 ) ) ;
#5012 = CIRCLE ( 'NONE', #71, 0.1000000000000000472 ) ;
#5013 = SURFACE_STYLE_FILL_AREA ( #722 ) ;
#5014 =( GEOMETRIC_REPRESENTATION_CONTEXT ( 3 ) GLOBAL_UNCERTAINTY_ASSIGNED_CONTEXT ( ( #3665 ) ) GLOBAL_UNIT_ASSIGNED_CONTEXT ( ( #3070, #2210, #5139 ) ) REPRESENTATION_CONTEXT ( 'NONE', 'WORKASPACE' ) );
#5015 = SURFACE_STYLE_FILL_AREA ( #1611 ) ;
#5016 = ORIENTED_EDGE ( 'NONE', *, *, #3725, .F. ) ;
#5017 =( GEOMETRIC_REPRESENTATION_CONTEXT ( 3 ) GLOBAL_UNCERTAINTY_ASSIGNED_CONTEXT ( ( #3946 ) ) GLOBAL_UNIT_ASSIGNED_CONTEXT ( ( #2285, #3157, #5177 ) ) REPRESENTATION_CONTEXT ( 'NONE', 'WORKASPACE' ) );
#5018 = DIRECTION ( 'NONE',  ( -0.000000000000000000, -0.000000000000000000, -1.000000000000000000 ) ) ;
#5019 = CARTESIAN_POINT ( 'NONE',  ( -1.099999999999998979, 0.7500000000000000000, 0.2600000000000076694 ) ) ;
#5020 = ORIENTED_EDGE ( 'NONE', *, *, #3975, .T. ) ;
#5021 = DIRECTION ( 'NONE',  ( -6.982962677686265922E-15, 0.000000000000000000, -1.000000000000000000 ) ) ;
#5022 = DIRECTION ( 'NONE',  ( -0.000000000000000000, 1.000000000000000000, -0.000000000000000000 ) ) ;
#5023 = CARTESIAN_POINT ( 'NONE',  ( -0.7570035725588107889, 0.6212183713084244996, 0.2799999999999999711 ) ) ;
#5024 = SURFACE_STYLE_FILL_AREA ( #3308 ) ;
#5025 = PRESENTATION_STYLE_ASSIGNMENT (( #3309 ) ) ;
#5026 = CARTESIAN_POINT ( 'NONE',  ( 0.7249999999999999778, -1.000000000000000000, 0.8400000000000000799 ) ) ;
#5027 = SURFACE_STYLE_USAGE ( .BOTH. , #4686 ) ;
#5028 = CARTESIAN_POINT ( 'NONE',  ( 0.5124155170610084076, 0.2080817958270101131, 0.2599999999999999534 ) ) ;
#5029 = CARTESIAN_POINT ( 'NONE',  ( 9.856960716275130253E-17, 1.000000000000000000, 0.000000000000000000 ) ) ;
#5030 = SURFACE_STYLE_USAGE ( .BOTH. , #2466 ) ;
#5031 = EDGE_LOOP ( 'NONE', ( #324, #3626, #1222, #4020 ) ) ;
#5032 = PRODUCT ( 'WS2812B-2020', 'WS2812B-2020', '', ( #583 ) ) ;
#5033 = CARTESIAN_POINT ( 'NONE',  ( 1.100000000000002531, 0.7499999999999997780, 0.2599999999999922928 ) ) ;
#5034 = CARTESIAN_POINT ( 'NONE',  ( -0.8579650736781121445, -0.2234521286737552181, 0.2599999999999999534 ) ) ;
#5035 = DIRECTION ( 'NONE',  ( -4.646580739223590995E-16, -1.000000000000000000, 3.244824118618382289E-30 ) ) ;
#5036 = EDGE_CURVE ( 'NONE', #2875, #1435, #4032, .T. ) ;
#5037 = ORIENTED_EDGE ( 'NONE', *, *, #910, .T. ) ;
#5038 =( LENGTH_UNIT ( ) NAMED_UNIT ( * ) SI_UNIT ( .MILLI., .METRE. ) );
#5039 = SURFACE_STYLE_USAGE ( .BOTH. , #2070 ) ;
#5040 = AXIS2_PLACEMENT_3D ( 'NONE', #4396, #3497, #5228 ) ;
#5041 = ORIENTED_EDGE ( 'NONE', *, *, #4668, .T. ) ;
#5042 = PLANE ( 'NONE',  #3690 ) ;
#5043 = CARTESIAN_POINT ( 'NONE',  ( -0.3095939579225142069, -0.3593805362314128615, 0.2810000000000000275 ) ) ;
#5044 = LINE ( 'NONE', #327, #3414 ) ;
#5045 = DIRECTION ( 'NONE',  ( -1.000000000000000000, 0.000000000000000000, 0.000000000000000000 ) ) ;
#5046 =( NAMED_UNIT ( * ) PLANE_ANGLE_UNIT ( ) SI_UNIT ( $, .RADIAN. ) );
#5047 = EDGE_CURVE ( 'NONE', #51, #451, #5173, .T. ) ;
#5048 =( NAMED_UNIT ( * ) PLANE_ANGLE_UNIT ( ) SI_UNIT ( $, .RADIAN. ) );
#5049 = ORIENTED_EDGE ( 'NONE', *, *, #5298, .F. ) ;
#5050 = VECTOR ( 'NONE', #3573, 1000.000000000000000 ) ;
#5051 = PRESENTATION_LAYER_ASSIGNMENT (  '', '', ( #5245 ) ) ;
#5052 = CARTESIAN_POINT ( 'NONE',  ( 0.5124155170610091847, 0.3080817958270101187, 0.2799999999999999711 ) ) ;
#5053 = DIRECTION ( 'NONE',  ( -1.000000000000000000, 0.000000000000000000, 0.000000000000000000 ) ) ;
#5054 = CARTESIAN_POINT ( 'NONE',  ( -0.9174636228121989534, -0.1880563063957278735, 0.2799999999999999711 ) ) ;
#5055 =( NAMED_UNIT ( * ) SI_UNIT ( $, .STERADIAN. ) SOLID_ANGLE_UNIT ( ) );
#5056 = CIRCLE ( 'NONE', #2623, 0.09999999999999993616 ) ;
#5057 =( GEOMETRIC_REPRESENTATION_CONTEXT ( 3 ) GLOBAL_UNCERTAINTY_ASSIGNED_CONTEXT ( ( #5261 ) ) GLOBAL_UNIT_ASSIGNED_CONTEXT ( ( #4109, #2020, #2792 ) ) REPRESENTATION_CONTEXT ( 'NONE', 'WORKASPACE' ) );
#5058 = ORIENTED_EDGE ( 'NONE', *, *, #4088, .F. ) ;
#5059 = VECTOR ( 'NONE', #4178, 1000.000000000000000 ) ;
#5060 = VECTOR ( 'NONE', #4352, 1000.000000000000000 ) ;
#5061 = CYLINDRICAL_SURFACE ( 'NONE', #3123, 0.09999999999999993616 ) ;
#5062 = FILL_AREA_STYLE ('',( #2391 ) ) ;
#5063 =( NAMED_UNIT ( * ) SI_UNIT ( $, .STERADIAN. ) SOLID_ANGLE_UNIT ( ) );
#5064 = PLANE ( 'NONE',  #1689 ) ;
#5065 = CARTESIAN_POINT ( 'NONE',  ( 1.100000000000002087, -0.5000000000000002220, 0.2599999999999999534 ) ) ;
#5066 = MECHANICAL_DESIGN_GEOMETRIC_PRESENTATION_REPRESENTATION (  '', ( #2911 ), #1930 ) ;
#5067 = CARTESIAN_POINT ( 'NONE',  ( 0.2532275857927164253, -0.3593805362314128615, 0.2810000000000000275 ) ) ;
#5068 = ORIENTED_EDGE ( 'NONE', *, *, #841, .F. ) ;
#5069 = AXIS2_PLACEMENT_3D ( 'NONE', #5184, #1715, #342 ) ;
#5070 = EDGE_CURVE ( 'NONE', #2123, #3248, #660, .T. ) ;
#5071 = CARTESIAN_POINT ( 'NONE',  ( 0.6809088744240132662, 0.5569292977732096528, 0.2799999999999999711 ) ) ;
#5072 = CARTESIAN_POINT ( 'NONE',  ( 0.6809088744240132662, 0.5569292977732096528, 0.2799999999999999711 ) ) ;
#5073 =( NAMED_UNIT ( * ) SI_UNIT ( $, .STERADIAN. ) SOLID_ANGLE_UNIT ( ) );
#5074 = ADVANCED_FACE ( 'NONE', ( #3615 ), #1118, .F. ) ;
#5075 = FILL_AREA_STYLE_COLOUR ( '', #5571 ) ;
#5076 = ADVANCED_FACE ( 'NONE', ( #5365 ), #2835, .T. ) ;
#5077 = MECHANICAL_DESIGN_GEOMETRIC_PRESENTATION_REPRESENTATION (  '', ( #1936 ), #5547 ) ;
#5078 = ORIENTED_EDGE ( 'NONE', *, *, #4985, .F. ) ;
#5079 = CARTESIAN_POINT ( 'NONE',  ( -1.100000000000000977, 0.1999999999999999833, 7.680894765701995475E-15 ) ) ;
#5080 = EDGE_CURVE ( 'NONE', #2058, #1853, #4289, .T. ) ;
#5081 = DIRECTION ( 'NONE',  ( 1.000000000000000000, 0.000000000000000000, 0.000000000000000000 ) ) ;
#5082 =( GEOMETRIC_REPRESENTATION_CONTEXT ( 3 ) GLOBAL_UNCERTAINTY_ASSIGNED_CONTEXT ( ( #3108 ) ) GLOBAL_UNIT_ASSIGNED_CONTEXT ( ( #5007, #3722, #1604 ) ) REPRESENTATION_CONTEXT ( 'NONE', 'WORKASPACE' ) );
#5083 = DIRECTION ( 'NONE',  ( 1.000000000000000000, 0.000000000000000000, 0.000000000000000000 ) ) ;
#5084 = CARTESIAN_POINT ( 'NONE',  ( 0.2532275857927164253, -0.5316465652036583833, 0.2599999999999999534 ) ) ;
#5085 = PRESENTATION_STYLE_ASSIGNMENT (( #2458 ) ) ;
#5086 = VERTEX_POINT ( 'NONE', #800 ) ;
#5087 = B_SPLINE_SURFACE_WITH_KNOTS ( 'NONE', 3, 1, ( 
 ( #5214, #3093 ),
 ( #1350, #3928 ),
 ( #865, #2225 ),
 ( #3511, #4724 ) ),
 .UNSPECIFIED., .F., .F., .F.,
 ( 4, 4 ),
 ( 2, 2 ),
 ( 0.000000000000000000, 1.000000000000000000 ),
 ( 0.000000000000000000, 1.000000000000000000 ),
 .UNSPECIFIED. ) ;
#5088 =( LENGTH_UNIT ( ) NAMED_UNIT ( * ) SI_UNIT ( .MILLI., .METRE. ) );
#5089 = DIRECTION ( 'NONE',  ( 6.982962677686268288E-15, -0.000000000000000000, 1.000000000000000000 ) ) ;
#5090 = PRESENTATION_STYLE_ASSIGNMENT (( #4718 ) ) ;
#5091 = DIRECTION ( 'NONE',  ( 9.856383386231857595E-17, 1.000000000000000000, -6.882675732302403897E-31 ) ) ;
#5092 = ORIENTED_EDGE ( 'NONE', *, *, #1545, .F. ) ;
#5093 =( NAMED_UNIT ( * ) SI_UNIT ( $, .STERADIAN. ) SOLID_ANGLE_UNIT ( ) );
#5094 = PRESENTATION_STYLE_ASSIGNMENT (( #4755 ) ) ;
#5095 = SURFACE_STYLE_USAGE ( .BOTH. , #5416 ) ;
#5096 = CARTESIAN_POINT ( 'NONE',  ( -1.099999999999999867, -1.000000000000000000, 0.02000000000000768177 ) ) ;
#5097 = CYLINDRICAL_SURFACE ( 'NONE', #5258, 0.09999999999999993616 ) ;
#5098 = STYLED_ITEM ( 'NONE', ( #2632 ), #2496 ) ;
#5099 = ORIENTED_EDGE ( 'NONE', *, *, #908, .F. ) ;
#5100 =( NAMED_UNIT ( * ) PLANE_ANGLE_UNIT ( ) SI_UNIT ( $, .RADIAN. ) );
#5101 = VECTOR ( 'NONE', #4399, 1000.000000000000000 ) ;
#5102 = CARTESIAN_POINT ( 'NONE',  ( 0.3999999999999999667, 0.2000000000000000111, -2.791820594150173918E-15 ) ) ;
#5103 = AXIS2_PLACEMENT_3D ( 'NONE', #4878, #1018, #2732 ) ;
#5104 =( LENGTH_UNIT ( ) NAMED_UNIT ( * ) SI_UNIT ( .MILLI., .METRE. ) );
#5105 = AXIS2_PLACEMENT_3D ( 'NONE', #676, #3376, #5522 ) ;
#5106 = ORIENTED_EDGE ( 'NONE', *, *, #2697, .F. ) ;
#5107 = MECHANICAL_DESIGN_GEOMETRIC_PRESENTATION_REPRESENTATION (  '', ( #4654 ), #3574 ) ;
#5108 = LINE ( 'NONE', #4185, #3917 ) ;
#5109 = AXIS2_PLACEMENT_3D ( 'NONE', #3533, #1425, #998 ) ;
#5110 = STYLED_ITEM ( 'NONE', ( #448 ), #1393 ) ;
#5111 = EDGE_CURVE ( 'NONE', #4470, #5174, #2463, .T. ) ;
#5112 = PRESENTATION_STYLE_ASSIGNMENT (( #4593 ) ) ;
#5113 = CARTESIAN_POINT ( 'NONE',  ( 1.100000000000002087, 0.9999999999999997780, 0.2599999999999922928 ) ) ;
#5114 = SURFACE_STYLE_USAGE ( .BOTH. , #2102 ) ;
#5115 = DIRECTION ( 'NONE',  ( -0.000000000000000000, -0.000000000000000000, -1.000000000000000000 ) ) ;
#5116 = EDGE_CURVE ( 'NONE', #276, #2066, #4688, .T. ) ;
#5117 = VERTEX_POINT ( 'NONE', #5120 ) ;
#5118 = AXIS2_PLACEMENT_3D ( 'NONE', #5262, #2213, #1830 ) ;
#5119 = CARTESIAN_POINT ( 'NONE',  ( 1.474093280861973972E-16, 0.2000000000000000389, 0.02000000000000000042 ) ) ;
#5120 = CARTESIAN_POINT ( 'NONE',  ( 1.100000000000000089, -0.7500000000000002220, -7.680894765701995475E-15 ) ) ;
#5121 = DIRECTION ( 'NONE',  ( 0.000000000000000000, -1.000000000000000000, 0.000000000000000000 ) ) ;
#5122 = CARTESIAN_POINT ( 'NONE',  ( -0.7482052191486779913, -0.5828783997317399379, 0.2599999999999999534 ) ) ;
#5123 = ORIENTED_EDGE ( 'NONE', *, *, #4663, .F. ) ;
#5124 = LINE ( 'NONE', #4258, #3301 ) ;
#5125 = FILL_AREA_STYLE ('',( #1750 ) ) ;
#5126 = B_SPLINE_CURVE_WITH_KNOTS ( 'NONE', 3,
 ( #3446, #4177, #2812, #2160 ),
 .UNSPECIFIED., .F., .F.,
 ( 4, 4 ),
 ( 0.000000000000000000, 1.000000000000000000 ),
 .UNSPECIFIED. ) ;
#5127 = CYLINDRICAL_SURFACE ( 'NONE', #5069, 0.1000000000000000472 ) ;
#5128 =( NAMED_UNIT ( * ) SI_UNIT ( $, .STERADIAN. ) SOLID_ANGLE_UNIT ( ) );
#5129 = EDGE_CURVE ( 'NONE', #936, #103, #365, .T. ) ;
#5130 =( LENGTH_UNIT ( ) NAMED_UNIT ( * ) SI_UNIT ( .MILLI., .METRE. ) );
#5131 = LINE ( 'NONE', #2873, #1376 ) ;
#5132 = ORIENTED_EDGE ( 'NONE', *, *, #2117, .F. ) ;
#5133 = CARTESIAN_POINT ( 'NONE',  ( -1.099999999999998979, 0.2499999999999998335, 0.2799999999999999711 ) ) ;
#5134 = SURFACE_SIDE_STYLE ('',( #3865 ) ) ;
#5135 = LINE ( 'NONE', #3934, #1818 ) ;
#5136 = PRESENTATION_LAYER_ASSIGNMENT (  '', '', ( #3846 ) ) ;
#5137 = VERTEX_POINT ( 'NONE', #444 ) ;
#5138 = STYLED_ITEM ( 'NONE', ( #5525 ), #2941 ) ;
#5139 =( NAMED_UNIT ( * ) SI_UNIT ( $, .STERADIAN. ) SOLID_ANGLE_UNIT ( ) );
#5140 =( NAMED_UNIT ( * ) PLANE_ANGLE_UNIT ( ) SI_UNIT ( $, .RADIAN. ) );
#5141 = DIRECTION ( 'NONE',  ( -0.000000000000000000, 0.000000000000000000, 1.000000000000000000 ) ) ;
#5142 = LINE ( 'NONE', #385, #4245 ) ;
#5143 = PRESENTATION_STYLE_ASSIGNMENT (( #5583 ) ) ;
#5144 = ORIENTED_EDGE ( 'NONE', *, *, #702, .F. ) ;
#5145 = MECHANICAL_DESIGN_GEOMETRIC_PRESENTATION_REPRESENTATION (  '', ( #5520 ), #2892 ) ;
#5146 = CARTESIAN_POINT ( 'NONE',  ( 5.773300432731590829E-21, 0.9000000000000000222, 0.000000000000000000 ) ) ;
#5147 = LINE ( 'NONE', #4750, #4375 ) ;
#5148 = ADVANCED_FACE ( 'NONE', ( #831 ), #1657, .F. ) ;
#5149 = UNCERTAINTY_MEASURE_WITH_UNIT (LENGTH_MEASURE( 1.000000000000000082E-05 ), #3983, 'distance_accuracy_value', 'NONE');
#5150 = VECTOR ( 'NONE', #2744, 1000.000000000000000 ) ;
#5151 = ORIENTED_EDGE ( 'NONE', *, *, #4343, .T. ) ;
#5152 = EDGE_CURVE ( 'NONE', #1355, #3346, #3852, .T. ) ;
#5153 =( LENGTH_UNIT ( ) NAMED_UNIT ( * ) SI_UNIT ( .MILLI., .METRE. ) );
#5154 = CARTESIAN_POINT ( 'NONE',  ( 5.773300432731590829E-21, 0.000000000000000000, 0.000000000000000000 ) ) ;
#5155 = VECTOR ( 'NONE', #1795, 1000.000000000000000 ) ;
#5156 = MECHANICAL_DESIGN_GEOMETRIC_PRESENTATION_REPRESENTATION (  '', ( #3695 ), #3434 ) ;
#5157 = LINE ( 'NONE', #2637, #5060 ) ;
#5158 = ORIENTED_EDGE ( 'NONE', *, *, #814, .F. ) ;
#5159 = PRESENTATION_LAYER_ASSIGNMENT (  '', '', ( #2017 ) ) ;
#5160 = EDGE_CURVE ( 'NONE', #4008, #3950, #1626, .T. ) ;
#5161 =( NAMED_UNIT ( * ) SI_UNIT ( $, .STERADIAN. ) SOLID_ANGLE_UNIT ( ) );
#5162 = DIRECTION ( 'NONE',  ( -0.000000000000000000, 0.000000000000000000, 1.000000000000000000 ) ) ;
#5163 = STYLED_ITEM ( 'NONE', ( #5185 ), #4227 ) ;
#5164 = ORIENTED_EDGE ( 'NONE', *, *, #949, .F. ) ;
#5165 = CIRCLE ( 'NONE', #2723, 0.2500000000000000000 ) ;
#5166 = CARTESIAN_POINT ( 'NONE',  ( -0.1178234831815653944, -0.3593805362314128615, 0.2810000000000000275 ) ) ;
#5167 = EDGE_LOOP ( 'NONE', ( #1330, #4813, #4464, #2738 ) ) ;
#5168 = CARTESIAN_POINT ( 'NONE',  ( -0.6035437629006772386, 0.4569292977732090089, 0.2799999999999999711 ) ) ;
#5169 = STYLED_ITEM ( 'NONE', ( #686 ), #1492 ) ;
#5170 = FACE_OUTER_BOUND ( 'NONE', #5308, .T. ) ;
#5171 = CARTESIAN_POINT ( 'NONE',  ( 1.100000000000002087, -0.2500000000000002220, 0.2799999999999999711 ) ) ;
#5172 = EDGE_LOOP ( 'NONE', ( #532, #1499, #2581, #2852 ) ) ;
#5173 = CIRCLE ( 'NONE', #1856, 0.1000000000000000472 ) ;
#5174 = VERTEX_POINT ( 'NONE', #4633 ) ;
#5175 = UNCERTAINTY_MEASURE_WITH_UNIT (LENGTH_MEASURE( 1.000000000000000082E-05 ), #4298, 'distance_accuracy_value', 'NONE');
#5176 = FACE_OUTER_BOUND ( 'NONE', #2247, .T. ) ;
#5177 =( NAMED_UNIT ( * ) SI_UNIT ( $, .STERADIAN. ) SOLID_ANGLE_UNIT ( ) );
#5178 = CARTESIAN_POINT ( 'NONE',  ( 5.447771330172561058E-17, -0.2000000000000000111, 0.02000000000000000042 ) ) ;
#5179 = ORIENTED_EDGE ( 'NONE', *, *, #4417, .F. ) ;
#5180 = B_SPLINE_SURFACE_WITH_KNOTS ( 'NONE', 3, 1, ( 
 ( #4395, #437 ),
 ( #1769, #492 ),
 ( #3041, #2650 ),
 ( #4307, #3467 ) ),
 .UNSPECIFIED., .F., .F., .F.,
 ( 4, 4 ),
 ( 2, 2 ),
 ( 0.000000000000000000, 1.000000000000000000 ),
 ( 0.000000000000000000, 1.000000000000000000 ),
 .UNSPECIFIED. ) ;
#5181 = EDGE_CURVE ( 'NONE', #2038, #1586, #4197, .T. ) ;
#5182 =( NAMED_UNIT ( * ) SI_UNIT ( $, .STERADIAN. ) SOLID_ANGLE_UNIT ( ) );
#5183 =( LENGTH_UNIT ( ) NAMED_UNIT ( * ) SI_UNIT ( .MILLI., .METRE. ) );
#5184 = CARTESIAN_POINT ( 'NONE',  ( -0.5035437629006771498, 0.04290495023076271869, 0.2799999999999999711 ) ) ;
#5185 = PRESENTATION_STYLE_ASSIGNMENT (( #2556 ) ) ;
#5186 = ADVANCED_FACE ( 'NONE', ( #2950 ), #144, .T. ) ;
#5187 = ORIENTED_EDGE ( 'NONE', *, *, #4883, .F. ) ;
#5188 = VERTEX_POINT ( 'NONE', #1426 ) ;
#5189 = DIRECTION ( 'NONE',  ( -0.000000000000000000, -0.000000000000000000, -1.000000000000000000 ) ) ;
#5190 = PLANE ( 'NONE',  #3823 ) ;
#5191 = SURFACE_SIDE_STYLE ('',( #487 ) ) ;
#5192 = AXIS2_PLACEMENT_3D ( 'NONE', #2753, #3213, #5281 ) ;
#5193 = UNCERTAINTY_MEASURE_WITH_UNIT (LENGTH_MEASURE( 1.000000000000000082E-05 ), #5477, 'distance_accuracy_value', 'NONE');
#5194 = ORIENTED_EDGE ( 'NONE', *, *, #1157, .F. ) ;
#5195 = LINE ( 'NONE', #3015, #2011 ) ;
#5196 = VERTEX_POINT ( 'NONE', #4316 ) ;
#5197 = CARTESIAN_POINT ( 'NONE',  ( -0.6766918921026191525, -0.5541450885699468198, 0.2799999999999999711 ) ) ;
#5198 =( GEOMETRIC_REPRESENTATION_CONTEXT ( 3 ) GLOBAL_UNCERTAINTY_ASSIGNED_CONTEXT ( ( #1141 ) ) GLOBAL_UNIT_ASSIGNED_CONTEXT ( ( #2007, #1607, #207 ) ) REPRESENTATION_CONTEXT ( 'NONE', 'WORKASPACE' ) );
#5199 = CARTESIAN_POINT ( 'NONE',  ( -1.100000000000001643, -3.816391647148981130E-15, 0.2799999999999999711 ) ) ;
#5200 = SURFACE_STYLE_USAGE ( .BOTH. , #49 ) ;
#5201 = CARTESIAN_POINT ( 'NONE',  ( -0.5035437629006771498, 0.04290495023076271869, 0.2599999999999999534 ) ) ;
#5202 = MECHANICAL_DESIGN_GEOMETRIC_PRESENTATION_REPRESENTATION (  '', ( #3820 ), #4556 ) ;
#5203 = VERTEX_POINT ( 'NONE', #5269 ) ;
#5204 = COLOUR_RGB ( '',0.8509803921568627194, 0.8509803921568627194, 0.8509803921568627194 ) ;
#5205 = DIRECTION ( 'NONE',  ( -6.982962677686265922E-15, 0.000000000000000000, -1.000000000000000000 ) ) ;
#5206 = DIRECTION ( 'NONE',  ( -6.982962677686265922E-15, 0.000000000000000000, -1.000000000000000000 ) ) ;
#5207 = AXIS2_PLACEMENT_3D ( 'NONE', #3381, #2048, #4660 ) ;
#5208 = CARTESIAN_POINT ( 'NONE',  ( 0.7774874880952626910, 0.3068909665269575204, 0.2799999999999999711 ) ) ;
#5209 = ORIENTED_EDGE ( 'NONE', *, *, #2636, .T. ) ;
#5210 = SURFACE_SIDE_STYLE ('',( #2690 ) ) ;
#5211 = DIRECTION ( 'NONE',  ( -1.000000000000000000, 0.000000000000000000, 6.983251342707903681E-15 ) ) ;
#5212 =( NAMED_UNIT ( * ) SI_UNIT ( $, .STERADIAN. ) SOLID_ANGLE_UNIT ( ) );
#5213 = UNCERTAINTY_MEASURE_WITH_UNIT (LENGTH_MEASURE( 1.000000000000000082E-05 ), #1590, 'distance_accuracy_value', 'NONE');
#5214 = CARTESIAN_POINT ( 'NONE',  ( -0.6766918921026191525, 0.6855750628389500889, 0.2799999999999999711 ) ) ;
#5215 = PRESENTATION_LAYER_ASSIGNMENT (  '', '', ( #618 ) ) ;
#5216 = VERTEX_POINT ( 'NONE', #3115 ) ;
#5217 = EDGE_LOOP ( 'NONE', ( #1378, #5247, #2244, #5068 ) ) ;
#5218 = ORIENTED_EDGE ( 'NONE', *, *, #1283, .T. ) ;
#5219 = FILL_AREA_STYLE ('',( #846 ) ) ;
#5220 = DIRECTION ( 'NONE',  ( 6.982962677686268288E-15, -0.000000000000000000, 1.000000000000000000 ) ) ;
#5221 = VECTOR ( 'NONE', #1160, 1000.000000000000000 ) ;
#5222 = DIRECTION ( 'NONE',  ( 1.000000000000000000, -3.523657060577891777E-15, 0.000000000000000000 ) ) ;
#5223 = ADVANCED_FACE ( 'NONE', ( #1836 ), #4803, .T. ) ;
#5224 = ORIENTED_EDGE ( 'NONE', *, *, #4207, .T. ) ;
#5225 = ORIENTED_EDGE ( 'NONE', *, *, #2185, .T. ) ;
#5226 = LINE ( 'NONE', #3017, #1686 ) ;
#5227 = CARTESIAN_POINT ( 'NONE',  ( 0.3432670707574931868, -0.5316465652036583833, 0.2599999999999999534 ) ) ;
#5228 = DIRECTION ( 'NONE',  ( 1.000000000000000000, 0.000000000000000000, 0.000000000000000000 ) ) ;
#5229 = LINE ( 'NONE', #913, #4569 ) ;
#5230 = FACE_OUTER_BOUND ( 'NONE', #1831, .T. ) ;
#5231 = PRESENTATION_LAYER_ASSIGNMENT (  '', '', ( #4676 ) ) ;
#5232 = ORIENTED_EDGE ( 'NONE', *, *, #466, .T. ) ;
#5233 = EDGE_CURVE ( 'NONE', #868, #4148, #2598, .T. ) ;
#5234 = FILL_AREA_STYLE_COLOUR ( '', #473 ) ;
#5235 = SURFACE_STYLE_FILL_AREA ( #2658 ) ;
#5236 = DIRECTION ( 'NONE',  ( 1.000000000000000000, 1.734723475976807094E-15, -6.982962677686265922E-15 ) ) ;
#5237 = FILL_AREA_STYLE ('',( #3117 ) ) ;
#5238 = AXIS2_PLACEMENT_3D ( 'NONE', #3357, #2482, #5045 ) ;
#5239 = CARTESIAN_POINT ( 'NONE',  ( -0.6634567500555484942, -0.2265013340820382082, 0.2799999999999999711 ) ) ;
#5240 = ORIENTED_EDGE ( 'NONE', *, *, #2485, .F. ) ;
#5241 = CARTESIAN_POINT ( 'NONE',  ( 0.5359203924145663489, -0.7671295513012331702, 0.2799999999999999711 ) ) ;
#5242 = DIRECTION ( 'NONE',  ( -0.000000000000000000, 1.000000000000000000, -0.000000000000000000 ) ) ;
#5243 = AXIS2_PLACEMENT_3D ( 'NONE', #2528, #2345, #547 ) ;
#5244 = LINE ( 'NONE', #1374, #224 ) ;
#5245 = STYLED_ITEM ( 'NONE', ( #1449 ), #2531 ) ;
#5246 = CARTESIAN_POINT ( 'NONE',  ( 1.100000000000000089, -0.5000000000000002220, -7.680894765701995475E-15 ) ) ;
#5247 = ORIENTED_EDGE ( 'NONE', *, *, #2055, .F. ) ;
#5248 = EDGE_LOOP ( 'NONE', ( #1128, #2958, #2332, #1413 ) ) ;
#5249 = ORIENTED_EDGE ( 'NONE', *, *, #4557, .T. ) ;
#5250 = VECTOR ( 'NONE', #277, 1000.000000000000000 ) ;
#5251 = CARTESIAN_POINT ( 'NONE',  ( 1.100000000000002087, 0.4999999999999997780, 0.2599999999999922928 ) ) ;
#5252 = CARTESIAN_POINT ( 'NONE',  ( 0.000000000000000000, -0.05709504976923727992, 0.2799999999999999711 ) ) ;
#5253 = CARTESIAN_POINT ( 'NONE',  ( -0.7482052191486779913, -0.5828783997317398269, 0.2599999999999999534 ) ) ;
#5254 = VECTOR ( 'NONE', #2286, 1000.000000000000000 ) ;
#5255 = ORIENTED_EDGE ( 'NONE', *, *, #4622, .T. ) ;
#5256 = ORIENTED_EDGE ( 'NONE', *, *, #1357, .T. ) ;
#5257 = EDGE_CURVE ( 'NONE', #2893, #4777, #1396, .T. ) ;
#5258 = AXIS2_PLACEMENT_3D ( 'NONE', #4323, #4782, #1754 ) ;
#5259 = EDGE_CURVE ( 'NONE', #339, #2184, #3048, .T. ) ;
#5260 = CARTESIAN_POINT ( 'NONE',  ( -1.099999999999998090, 0.4999999999999997780, 0.2599999999999999534 ) ) ;
#5261 = UNCERTAINTY_MEASURE_WITH_UNIT (LENGTH_MEASURE( 1.000000000000000082E-05 ), #4109, 'distance_accuracy_value', 'NONE');
#5262 = CARTESIAN_POINT ( 'NONE',  ( 0.000000000000000000, 0.000000000000000000, 0.2599999999999999534 ) ) ;
#5263 = CARTESIAN_POINT ( 'NONE',  ( -0.4000000000000000777, 1.858632295689436842E-16, 2.791820594150173918E-15 ) ) ;
#5264 = AXIS2_PLACEMENT_3D ( 'NONE', #2859, #1939, #3664 ) ;
#5265 = ORIENTED_EDGE ( 'NONE', *, *, #416, .T. ) ;
#5266 = EDGE_CURVE ( 'NONE', #3530, #5483, #4830, .T. ) ;
#5267 = MECHANICAL_DESIGN_GEOMETRIC_PRESENTATION_REPRESENTATION (  '', ( #1386 ), #845 ) ;
#5268 = LINE ( 'NONE', #3559, #3477 ) ;
#5269 = CARTESIAN_POINT ( 'NONE',  ( -0.6035437629006772386, 0.04290495023076341258, 0.2599999999999999534 ) ) ;
#5270 = DIRECTION ( 'NONE',  ( 0.000000000000000000, 1.000000000000000000, 0.000000000000000000 ) ) ;
#5271 = UNCERTAINTY_MEASURE_WITH_UNIT (LENGTH_MEASURE( 1.000000000000000082E-05 ), #2340, 'distance_accuracy_value', 'NONE');
#5272 = VECTOR ( 'NONE', #1681, 1000.000000000000000 ) ;
#5273 = CARTESIAN_POINT ( 'NONE',  ( -0.7482052191486779913, -0.5828783997317398269, 0.2799999999999999711 ) ) ;
#5274 = ORIENTED_EDGE ( 'NONE', *, *, #4443, .F. ) ;
#5275 = FACE_OUTER_BOUND ( 'NONE', #3128, .T. ) ;
#5276 = DIRECTION ( 'NONE',  ( 6.982962677686266711E-15, -0.000000000000000000, 1.000000000000000000 ) ) ;
#5277 = AXIS2_PLACEMENT_3D ( 'NONE', #2625, #4342, #4027 ) ;
#5278 = CARTESIAN_POINT ( 'NONE',  ( -0.3095939579225142069, -0.5316465652036583833, 0.2810000000000000275 ) ) ;
#5279 = ORIENTED_EDGE ( 'NONE', *, *, #5070, .T. ) ;
#5280 = ORIENTED_EDGE ( 'NONE', *, *, #466, .F. ) ;
#5281 = DIRECTION ( 'NONE',  ( 1.000000000000000000, 0.000000000000000000, 0.000000000000000000 ) ) ;
#5282 = DIRECTION ( 'NONE',  ( 1.000000000000000000, 0.000000000000000000, 0.000000000000000000 ) ) ;
#5283 = CARTESIAN_POINT ( 'NONE',  ( 1.100000000000002087, -0.5000000000000002220, 0.2799999999999999711 ) ) ;
#5284 = EDGE_LOOP ( 'NONE', ( #2127, #2655, #599, #4042 ) ) ;
#5285 = ORIENTED_EDGE ( 'NONE', *, *, #5314, .T. ) ;
#5286 = CARTESIAN_POINT ( 'NONE',  ( -0.7249999999999999778, -1.000000000000000000, 0.8400000000000000799 ) ) ;
#5287 = SURFACE_STYLE_USAGE ( .BOTH. , #3552 ) ;
#5288 = FILL_AREA_STYLE_COLOUR ( '', #4775 ) ;
#5289 =( NAMED_UNIT ( * ) PLANE_ANGLE_UNIT ( ) SI_UNIT ( $, .RADIAN. ) );
#5290 = DIRECTION ( 'NONE',  ( 1.000000000000000000, 0.000000000000000000, 0.000000000000000000 ) ) ;
#5291 = PRESENTATION_LAYER_ASSIGNMENT (  '', '', ( #67 ) ) ;
#5292 = VERTEX_POINT ( 'NONE', #919 ) ;
#5293 = AXIS2_PLACEMENT_3D ( 'NONE', #1093, #4523, #2552 ) ;
#5294 = PRESENTATION_STYLE_ASSIGNMENT (( #4749 ) ) ;
#5295 = FILL_AREA_STYLE ('',( #588 ) ) ;
#5296 = AXIS2_PLACEMENT_3D ( 'NONE', #2534, #4181, #2042 ) ;
#5297 = EDGE_CURVE ( 'NONE', #4820, #15, #3802, .T. ) ;
#5298 = EDGE_CURVE ( 'NONE', #3449, #3580, #5165, .T. ) ;
#5299 = VECTOR ( 'NONE', #2926, 1000.000000000000000 ) ;
#5300 = PRESENTATION_LAYER_ASSIGNMENT (  '', '', ( #2862 ) ) ;
#5301 = PRESENTATION_LAYER_ASSIGNMENT (  '', '', ( #3826 ) ) ;
#5302 = ORIENTED_EDGE ( 'NONE', *, *, #3377, .T. ) ;
#5303 = FILL_AREA_STYLE_COLOUR ( '', #3379 ) ;
#5304 =( NAMED_UNIT ( * ) SI_UNIT ( $, .STERADIAN. ) SOLID_ANGLE_UNIT ( ) );
#5305 = FACE_OUTER_BOUND ( 'NONE', #3834, .T. ) ;
#5306 = VECTOR ( 'NONE', #4888, 1000.000000000000000 ) ;
#5307 = FILL_AREA_STYLE ('',( #154 ) ) ;
#5308 = EDGE_LOOP ( 'NONE', ( #3710, #1067, #792, #5256, #5285, #5584, #5466, #1423, #3168, #2696, #4430, #5540, #5049, #4860, #4906, #516, #2551 ) ) ;
#5309 = UNCERTAINTY_MEASURE_WITH_UNIT (LENGTH_MEASURE( 1.000000000000000082E-05 ), #4039, 'distance_accuracy_value', 'NONE');
#5310 = EDGE_LOOP ( 'NONE', ( #4715, #2962, #1559, #4236 ) ) ;
#5311 =( GEOMETRIC_REPRESENTATION_CONTEXT ( 3 ) GLOBAL_UNCERTAINTY_ASSIGNED_CONTEXT ( ( #907 ) ) GLOBAL_UNIT_ASSIGNED_CONTEXT ( ( #2321, #3225, #5319 ) ) REPRESENTATION_CONTEXT ( 'NONE', 'WORKASPACE' ) );
#5312 = CARTESIAN_POINT ( 'NONE',  ( 0.6360270068922002640, 0.1776407652747671595, 0.2799999999999999711 ) ) ;
#5313 = CARTESIAN_POINT ( 'NONE',  ( 1.100000000000002531, 0.7499999999999997780, 0.2599999999999922928 ) ) ;
#5314 = EDGE_CURVE ( 'NONE', #2263, #2078, #1566, .T. ) ;
#5315 = ORIENTED_EDGE ( 'NONE', *, *, #101, .F. ) ;
#5316 = VERTEX_POINT ( 'NONE', #653 ) ;
#5317 = FILL_AREA_STYLE_COLOUR ( '', #5524 ) ;
#5318 = FACE_OUTER_BOUND ( 'NONE', #1346, .T. ) ;
#5319 =( NAMED_UNIT ( * ) SI_UNIT ( $, .STERADIAN. ) SOLID_ANGLE_UNIT ( ) );
#5320 = DIRECTION ( 'NONE',  ( -6.982962677686265922E-15, 0.000000000000000000, -1.000000000000000000 ) ) ;
#5321 = ORIENTED_EDGE ( 'NONE', *, *, #1084, .F. ) ;
#5322 = LINE ( 'NONE', #3684, #4700 ) ;
#5323 = CARTESIAN_POINT ( 'NONE',  ( 0.7174695751538135990, -0.08025157153844876545, 0.2599999999999999534 ) ) ;
#5324 = SURFACE_SIDE_STYLE ('',( #4917 ) ) ;
#5325 = MECHANICAL_DESIGN_GEOMETRIC_PRESENTATION_REPRESENTATION (  '', ( #1172 ), #4311 ) ;
#5326 = ORIENTED_EDGE ( 'NONE', *, *, #2389, .F. ) ;
#5327 = FILL_AREA_STYLE ('',( #5456 ) ) ;
#5328 = ADVANCED_FACE ( 'NONE', ( #4082 ), #5450, .F. ) ;
#5329 = PLANE ( 'NONE',  #3090 ) ;
#5330 = DIRECTION ( 'NONE',  ( -6.983251342707903681E-15, 0.000000000000000000, -1.000000000000000000 ) ) ;
#5331 = EDGE_CURVE ( 'NONE', #4299, #5137, #279, .T. ) ;
#5332 = FACE_OUTER_BOUND ( 'NONE', #3728, .T. ) ;
#5333 = AXIS2_PLACEMENT_3D ( 'NONE', #3970, #2651, #4363 ) ;
#5334 = FILL_AREA_STYLE_COLOUR ( '', #4953 ) ;
#5335 = ADVANCED_FACE ( 'NONE', ( #4972 ), #2164, .F. ) ;
#5336 = ORIENTED_EDGE ( 'NONE', *, *, #1250, .T. ) ;
#5337 =( LENGTH_UNIT ( ) NAMED_UNIT ( * ) SI_UNIT ( .MILLI., .METRE. ) );
#5338 = CARTESIAN_POINT ( 'NONE',  ( -1.099999999999998090, -0.4999999999999997780, 0.2799999999999999711 ) ) ;
#5339 = CARTESIAN_POINT ( 'NONE',  ( 1.100000000000002087, 0.4999999999999997780, 0.2599999999999922928 ) ) ;
#5340 = CARTESIAN_POINT ( 'NONE',  ( -0.4000000000000001332, -0.1999999999999998446, 2.791820594150173918E-15 ) ) ;
#5341 = ORIENTED_EDGE ( 'NONE', *, *, #2907, .F. ) ;
#5342 = ADVANCED_FACE ( 'NONE', ( #2404 ), #1139, .F. ) ;
#5343 = ORIENTED_EDGE ( 'NONE', *, *, #1667, .F. ) ;
#5344 = VECTOR ( 'NONE', #5081, 1000.000000000000000 ) ;
#5345 = MECHANICAL_DESIGN_GEOMETRIC_PRESENTATION_REPRESENTATION (  '', ( #2182 ), #826 ) ;
#5346 =( GEOMETRIC_REPRESENTATION_CONTEXT ( 3 ) GLOBAL_UNCERTAINTY_ASSIGNED_CONTEXT ( ( #522 ) ) GLOBAL_UNIT_ASSIGNED_CONTEXT ( ( #3732, #2987, #4274 ) ) REPRESENTATION_CONTEXT ( 'NONE', 'WORKASPACE' ) );
#5347 = PLANE ( 'NONE',  #5103 ) ;
#5348 = ORIENTED_EDGE ( 'NONE', *, *, #2660, .F. ) ;
#5349 = PLANE ( 'NONE',  #3951 ) ;
#5350 =( LENGTH_UNIT ( ) NAMED_UNIT ( * ) SI_UNIT ( .MILLI., .METRE. ) );
#5351 = DIRECTION ( 'NONE',  ( -1.000000000000000000, 0.000000000000000000, 6.938893903907228378E-15 ) ) ;
#5352 = STYLED_ITEM ( 'NONE', ( #2645 ), #4028 ) ;
#5353 = STYLED_ITEM ( 'NONE', ( #4996 ), #509 ) ;
#5354 = ORIENTED_EDGE ( 'NONE', *, *, #4064, .T. ) ;
#5355 = VECTOR ( 'NONE', #774, 1000.000000000000000 ) ;
#5356 = FILL_AREA_STYLE ('',( #4998 ) ) ;
#5357 = LINE ( 'NONE', #1477, #634 ) ;
#5358 =( NAMED_UNIT ( * ) SI_UNIT ( $, .STERADIAN. ) SOLID_ANGLE_UNIT ( ) );
#5359 = LINE ( 'NONE', #1053, #1514 ) ;
#5360 = VECTOR ( 'NONE', #1544, 1000.000000000000000 ) ;
#5361 = DIRECTION ( 'NONE',  ( 0.000000000000000000, -1.000000000000000000, 0.000000000000000000 ) ) ;
#5362 = COLOUR_RGB ( '',0.8509803921568627194, 0.8509803921568627194, 0.8509803921568627194 ) ;
#5363 = VERTEX_POINT ( 'NONE', #2457 ) ;
#5364 = FILL_AREA_STYLE_COLOUR ( '', #3922 ) ;
#5365 = FACE_OUTER_BOUND ( 'NONE', #2358, .T. ) ;
#5366 = STYLED_ITEM ( 'NONE', ( #4891 ), #1431 ) ;
#5367 = STYLED_ITEM ( 'NONE', ( #3236 ), #5076 ) ;
#5368 = SURFACE_STYLE_FILL_AREA ( #3617 ) ;
#5369 = SURFACE_SIDE_STYLE ('',( #1947 ) ) ;
#5370 = EDGE_CURVE ( 'NONE', #1134, #2149, #2026, .T. ) ;
#5371 = VERTEX_POINT ( 'NONE', #3409 ) ;
#5372 = MECHANICAL_DESIGN_GEOMETRIC_PRESENTATION_REPRESENTATION (  '', ( #2206 ), #3704 ) ;
#5373 = SURFACE_STYLE_USAGE ( .BOTH. , #4580 ) ;
#5374 = CARTESIAN_POINT ( 'NONE',  ( 1.100000000000002087, -0.1385744931852173067, 0.2799999999999999711 ) ) ;
#5375 = SURFACE_STYLE_USAGE ( .BOTH. , #1491 ) ;
#5376 = CARTESIAN_POINT ( 'NONE',  ( -1.099999999999998979, 0.7500000000000000000, 0.2600000000000076694 ) ) ;
#5377 = EDGE_CURVE ( 'NONE', #3120, #3578, #5142, .T. ) ;
#5378 = VERTEX_POINT ( 'NONE', #3765 ) ;
#5379 = ORIENTED_EDGE ( 'NONE', *, *, #5370, .F. ) ;
#5380 = DIRECTION ( 'NONE',  ( -0.000000000000000000, 0.000000000000000000, -1.000000000000000000 ) ) ;
#5381 = ORIENTED_EDGE ( 'NONE', *, *, #891, .F. ) ;
#5382 = UNCERTAINTY_MEASURE_WITH_UNIT (LENGTH_MEASURE( 1.000000000000000082E-05 ), #5088, 'distance_accuracy_value', 'NONE');
#5383 = CARTESIAN_POINT ( 'NONE',  ( -0.4343137556297431701, 0.4509946331943126552, 0.2810000000000000275 ) ) ;
#5384 = CARTESIAN_POINT ( 'NONE',  ( 7.493003142994979602E-17, -0.7671295513012331702, 0.2799999999999999711 ) ) ;
#5385 = CLOSED_SHELL ( 'NONE', ( #2905, #1825, #982, #3519, #3892, #2254 ) ) ;
#5386 = VERTEX_POINT ( 'NONE', #1274 ) ;
#5387 = FILL_AREA_STYLE_COLOUR ( '', #2188 ) ;
#5388 = CARTESIAN_POINT ( 'NONE',  ( -0.8737021536631368601, 0.8225389107019435153, 0.2799999999999999711 ) ) ;
#5389 = CARTESIAN_POINT ( 'NONE',  ( -1.099999999999998979, 0.000000000000000000, 0.2799999999999999711 ) ) ;
#5390 =( NAMED_UNIT ( * ) PLANE_ANGLE_UNIT ( ) SI_UNIT ( $, .RADIAN. ) );
#5391 = PLANE ( 'NONE',  #3032 ) ;
#5392 = CARTESIAN_POINT ( 'NONE',  ( 0.7174695751538135990, -0.08025157153844877933, 0.2799999999999999711 ) ) ;
#5393 = COLOUR_RGB ( '',1.000000000000000000, 1.000000000000000000, 1.000000000000000000 ) ;
#5394 = ORIENTED_EDGE ( 'NONE', *, *, #1985, .F. ) ;
#5395 = AXIS2_PLACEMENT_3D ( 'NONE', #3759, #2016, #3812 ) ;
#5396 = FACE_OUTER_BOUND ( 'NONE', #3905, .T. ) ;
#5397 = CARTESIAN_POINT ( 'NONE',  ( 0.000000000000000000, -0.05709504976923729380, 0.2799999999999999711 ) ) ;
#5398 = SURFACE_SIDE_STYLE ('',( #4119 ) ) ;
#5399 = AXIS2_PLACEMENT_3D ( 'NONE', #3355, #4213, #820 ) ;
#5400 = FILL_AREA_STYLE ('',( #4410 ) ) ;
#5401 = VECTOR ( 'NONE', #698, 1000.000000000000000 ) ;
#5402 = PRESENTATION_LAYER_ASSIGNMENT (  '', '', ( #347 ) ) ;
#5403 = PRESENTATION_LAYER_ASSIGNMENT (  '', '', ( #1512 ) ) ;
#5404 = ORIENTED_EDGE ( 'NONE', *, *, #5510, .T. ) ;
#5405 =( NAMED_UNIT ( * ) SI_UNIT ( $, .STERADIAN. ) SOLID_ANGLE_UNIT ( ) );
#5406 =( LENGTH_UNIT ( ) NAMED_UNIT ( * ) SI_UNIT ( .MILLI., .METRE. ) );
#5407 =( GEOMETRIC_REPRESENTATION_CONTEXT ( 3 ) GLOBAL_UNCERTAINTY_ASSIGNED_CONTEXT ( ( #4404 ) ) GLOBAL_UNIT_ASSIGNED_CONTEXT ( ( #3174, #303, #3254 ) ) REPRESENTATION_CONTEXT ( 'NONE', 'WORKASPACE' ) );
#5408 = SURFACE_SIDE_STYLE ('',( #3645 ) ) ;
#5409 = LINE ( 'NONE', #598, #4885 ) ;
#5410 = ORIENTED_EDGE ( 'NONE', *, *, #305, .T. ) ;
#5411 = AXIS2_PLACEMENT_3D ( 'NONE', #5201, #1339, #3110 ) ;
#5412 = ORIENTED_EDGE ( 'NONE', *, *, #4478, .T. ) ;
#5413 = DIRECTION ( 'NONE',  ( 1.000000000000000000, 0.000000000000000000, 0.000000000000000000 ) ) ;
#5414 = CARTESIAN_POINT ( 'NONE',  ( 0.000000000000000000, 0.000000000000000000, 0.2599999999999999534 ) ) ;
#5415 = EDGE_CURVE ( 'NONE', #2142, #2840, #4077, .T. ) ;
#5416 = SURFACE_SIDE_STYLE ('',( #672 ) ) ;
#5417 = DIRECTION ( 'NONE',  ( -0.000000000000000000, -0.000000000000000000, -1.000000000000000000 ) ) ;
#5418 = ORIENTED_EDGE ( 'NONE', *, *, #26, .T. ) ;
#5419 = CARTESIAN_POINT ( 'NONE',  ( -1.071157378566040208, 0.8626410704386738848, 0.2799999999999999711 ) ) ;
#5420 = SURFACE_STYLE_USAGE ( .BOTH. , #248 ) ;
#5421 = DIRECTION ( 'NONE',  ( 1.000000000000000000, 0.000000000000000000, -0.000000000000000000 ) ) ;
#5422 = SURFACE_STYLE_FILL_AREA ( #3633 ) ;
#5423 = CARTESIAN_POINT ( 'NONE',  ( 5.773300432731590829E-21, 0.000000000000000000, 0.000000000000000000 ) ) ;
#5424 = MECHANICAL_DESIGN_GEOMETRIC_PRESENTATION_REPRESENTATION (  '', ( #799 ), #1783 ) ;
#5425 = EDGE_CURVE ( 'NONE', #1486, #4346, #152, .T. ) ;
#5426 = SURFACE_SIDE_STYLE ('',( #658 ) ) ;
#5427 = SURFACE_STYLE_USAGE ( .BOTH. , #1146 ) ;
#5428 = CARTESIAN_POINT ( 'NONE',  ( -7.738527931606581778E-18, 0.2000000000000000389, 0.000000000000000000 ) ) ;
#5429 = CARTESIAN_POINT ( 'NONE',  ( -1.099999999999998090, 1.000000000000000000, 0.2600000000000076694 ) ) ;
#5430 = SURFACE_STYLE_FILL_AREA ( #4606 ) ;
#5431 = EDGE_LOOP ( 'NONE', ( #2767, #2208, #1086, #730 ) ) ;
#5432 = SURFACE_SIDE_STYLE ('',( #3319 ) ) ;
#5433 =( NAMED_UNIT ( * ) PLANE_ANGLE_UNIT ( ) SI_UNIT ( $, .RADIAN. ) );
#5434 =( NAMED_UNIT ( * ) PLANE_ANGLE_UNIT ( ) SI_UNIT ( $, .RADIAN. ) );
#5435 = CARTESIAN_POINT ( 'NONE',  ( 0.4000000000000000777, 0.000000000000000000, -2.791820594150173918E-15 ) ) ;
#5436 = ORIENTED_EDGE ( 'NONE', *, *, #5008, .T. ) ;
#5437 = VECTOR ( 'NONE', #4965, 1000.000000000000000 ) ;
#5438 = ORIENTED_EDGE ( 'NONE', *, *, #2885, .F. ) ;
#5439 = PRESENTATION_STYLE_ASSIGNMENT (( #758 ) ) ;
#5440 = CARTESIAN_POINT ( 'NONE',  ( 0.000000000000000000, 0.6855750628389500889, 0.2599999999999999534 ) ) ;
#5441 = CARTESIAN_POINT ( 'NONE',  ( 0.000000000000000000, 0.000000000000000000, 0.000000000000000000 ) ) ;
#5442 = CARTESIAN_POINT ( 'NONE',  ( 0.000000000000000000, 0.000000000000000000, 0.2599999999999999534 ) ) ;
#5443 = ORIENTED_EDGE ( 'NONE', *, *, #1533, .F. ) ;
#5444 = DIRECTION ( 'NONE',  ( -0.000000000000000000, -0.000000000000000000, -1.000000000000000000 ) ) ;
#5445 = EDGE_CURVE ( 'NONE', #4324, #3067, #359, .T. ) ;
#5446 = CARTESIAN_POINT ( 'NONE',  ( 0.8499999999999999778, 0.4999999999999997780, -5.935081930025019357E-15 ) ) ;
#5447 = STYLED_ITEM ( 'NONE', ( #5112 ), #4564 ) ;
#5448 = SURFACE_STYLE_FILL_AREA ( #5356 ) ;
#5449 = STYLED_ITEM ( 'NONE', ( #608 ), #2805 ) ;
#5450 = PLANE ( 'NONE',  #5264 ) ;
#5451 = CARTESIAN_POINT ( 'NONE',  ( -1.100000000000000977, 0.000000000000000000, 7.680894765701995475E-15 ) ) ;
#5452 = EDGE_CURVE ( 'NONE', #3234, #3270, #2608, .T. ) ;
#5453 = UNCERTAINTY_MEASURE_WITH_UNIT (LENGTH_MEASURE( 1.000000000000000082E-05 ), #2319, 'distance_accuracy_value', 'NONE');
#5454 = DIRECTION ( 'NONE',  ( 1.000000000000000000, 0.000000000000000000, 0.000000000000000000 ) ) ;
#5455 = VECTOR ( 'NONE', #1664, 1000.000000000000000 ) ;
#5456 = FILL_AREA_STYLE_COLOUR ( '', #5460 ) ;
#5457 = PLANE ( 'NONE',  #2728 ) ;
#5458 = FILL_AREA_STYLE ('',( #1484 ) ) ;
#5459 = PRESENTATION_LAYER_ASSIGNMENT (  '', '', ( #2022 ) ) ;
#5460 = COLOUR_RGB ( '',0.8509803921568627194, 0.8509803921568627194, 0.8509803921568627194 ) ;
#5461 = ORIENTED_EDGE ( 'NONE', *, *, #1283, .F. ) ;
#5462 = AXIS2_PLACEMENT_3D ( 'NONE', #2605, #5330, #5211 ) ;
#5463 = FILL_AREA_STYLE_COLOUR ( '', #4615 ) ;
#5464 = CARTESIAN_POINT ( 'NONE',  ( -0.9174636228121989534, -0.1880563063957277625, 0.2599999999999999534 ) ) ;
#5465 = LINE ( 'NONE', #3267, #1373 ) ;
#5466 = ORIENTED_EDGE ( 'NONE', *, *, #1076, .T. ) ;
#5467 = AXIS2_PLACEMENT_3D ( 'NONE', #4517, #5481, #2412 ) ;
#5468 = ORIENTED_EDGE ( 'NONE', *, *, #4944, .F. ) ;
#5469 = CARTESIAN_POINT ( 'NONE',  ( 0.000000000000000000, 0.1776407652747671595, 0.2799999999999999711 ) ) ;
#5470 = FILL_AREA_STYLE_COLOUR ( '', #1078 ) ;
#5471 = MECHANICAL_DESIGN_GEOMETRIC_PRESENTATION_REPRESENTATION (  '', ( #1848 ), #2995 ) ;
#5472 =( NAMED_UNIT ( * ) PLANE_ANGLE_UNIT ( ) SI_UNIT ( $, .RADIAN. ) );
#5473 = VERTEX_POINT ( 'NONE', #2076 ) ;
#5474 = CARTESIAN_POINT ( 'NONE',  ( -1.099999999999998979, -0.7499999999999997780, 0.2600000000000076694 ) ) ;
#5475 = CYLINDRICAL_SURFACE ( 'NONE', #5238, 0.2500000000000000000 ) ;
#5476 = CARTESIAN_POINT ( 'NONE',  ( 0.6360270068922001530, 0.1776407652747672150, 0.2599999999999999534 ) ) ;
#5477 =( LENGTH_UNIT ( ) NAMED_UNIT ( * ) SI_UNIT ( .MILLI., .METRE. ) );
#5478 = CARTESIAN_POINT ( 'NONE',  ( -0.4135483952989442713, -0.5316465652036583833, 0.2599999999999999534 ) ) ;
#5479 = DIRECTION ( 'NONE',  ( 0.000000000000000000, -1.000000000000000000, 0.000000000000000000 ) ) ;
#5480 = CARTESIAN_POINT ( 'NONE',  ( 1.100000000000002309, 0.8637862597461452019, 0.2599999999999999534 ) ) ;
#5481 = DIRECTION ( 'NONE',  ( -0.000000000000000000, -0.000000000000000000, -1.000000000000000000 ) ) ;
#5482 = ADVANCED_FACE ( 'NONE', ( #415 ), #3325, .F. ) ;
#5483 = VERTEX_POINT ( 'NONE', #2966 ) ;
#5484 = PRESENTATION_LAYER_ASSIGNMENT (  '', '', ( #4277 ) ) ;
#5485 = ADVANCED_FACE ( 'NONE', ( #5500 ), #4683, .F. ) ;
#5486 = CARTESIAN_POINT ( 'NONE',  ( 0.7249999999999999778, -1.000000000000000000, 0.2599999999999999534 ) ) ;
#5487 = SURFACE_STYLE_USAGE ( .BOTH. , #1156 ) ;
#5488 = PRESENTATION_LAYER_ASSIGNMENT (  '', '', ( #4097 ) ) ;
#5489 = LINE ( 'NONE', #3807, #4241 ) ;
#5490 = ORIENTED_EDGE ( 'NONE', *, *, #3485, .T. ) ;
#5491 = EDGE_CURVE ( 'NONE', #1039, #4793, #1805, .T. ) ;
#5492 =( GEOMETRIC_REPRESENTATION_CONTEXT ( 3 ) GLOBAL_UNCERTAINTY_ASSIGNED_CONTEXT ( ( #3118 ) ) GLOBAL_UNIT_ASSIGNED_CONTEXT ( ( #3853, #2010, #1583 ) ) REPRESENTATION_CONTEXT ( 'NONE', 'WORKASPACE' ) );
#5493 = LINE ( 'NONE', #4242, #2224 ) ;
#5494 = ORIENTED_EDGE ( 'NONE', *, *, #3558, .T. ) ;
#5495 = LINE ( 'NONE', #2510, #4652 ) ;
#5496 = CARTESIAN_POINT ( 'NONE',  ( -1.100000000000000089, -0.4999999999999997780, 7.680894765701995475E-15 ) ) ;
#5497 = PRESENTATION_LAYER_ASSIGNMENT (  '', '', ( #791 ) ) ;
#5498 = CARTESIAN_POINT ( 'NONE',  ( -0.5393126090526830785, -0.6654789993909573376, 0.2599999999999999534 ) ) ;
#5499 =( LENGTH_UNIT ( ) NAMED_UNIT ( * ) SI_UNIT ( .MILLI., .METRE. ) );
#5500 = FACE_OUTER_BOUND ( 'NONE', #4989, .T. ) ;
#5501 = VERTEX_POINT ( 'NONE', #2568 ) ;
#5502 = DIRECTION ( 'NONE',  ( -1.000000000000000000, 3.872150616019658341E-17, 6.983251342707903681E-15 ) ) ;
#5503 = CARTESIAN_POINT ( 'NONE',  ( -1.099999999999998090, -0.4999999999999997780, 0.2799999999999999711 ) ) ;
#5504 = SURFACE_SIDE_STYLE ('',( #5586 ) ) ;
#5505 = FACE_OUTER_BOUND ( 'NONE', #2745, .T. ) ;
#5506 = FACE_OUTER_BOUND ( 'NONE', #3929, .T. ) ;
#5507 = EDGE_CURVE ( 'NONE', #246, #37, #3844, .T. ) ;
#5508 = ORIENTED_EDGE ( 'NONE', *, *, #26, .F. ) ;
#5509 = EDGE_CURVE ( 'NONE', #740, #2680, #5229, .T. ) ;
#5510 = EDGE_CURVE ( 'NONE', #3862, #2566, #3074, .T. ) ;
#5511 = LINE ( 'NONE', #4295, #607 ) ;
#5512 = FACE_OUTER_BOUND ( 'NONE', #952, .T. ) ;
#5513 = COLOUR_RGB ( '',0.8509803921568627194, 0.8509803921568627194, 0.8509803921568627194 ) ;
#5514 = ADVANCED_FACE ( 'NONE', ( #5170 ), #108, .F. ) ;
#5515 = CARTESIAN_POINT ( 'NONE',  ( 1.100000000000000311, -9.540979117872442964E-16, -7.680894765701995475E-15 ) ) ;
#5516 = ORIENTED_EDGE ( 'NONE', *, *, #1229, .T. ) ;
#5517 = CARTESIAN_POINT ( 'NONE',  ( 0.3195831592659477138, 0.4509946331943126552, 0.2810000000000000275 ) ) ;
#5518 = CARTESIAN_POINT ( 'NONE',  ( 0.7249999999999999778, 1.000000000000000000, 0.8400000000000000799 ) ) ;
#5519 = CARTESIAN_POINT ( 'NONE',  ( 1.100000000000000311, -0.9000000000000003553, 0.01999999999999231906 ) ) ;
#5520 = STYLED_ITEM ( 'NONE', ( #4534 ), #2157 ) ;
#5521 = VERTEX_POINT ( 'NONE', #4743 ) ;
#5522 = DIRECTION ( 'NONE',  ( 1.000000000000000000, -9.856383386231857595E-17, 0.000000000000000000 ) ) ;
#5523 = CARTESIAN_POINT ( 'NONE',  ( -0.6634567500555484942, -0.2265013340820382082, 0.2599999999999999534 ) ) ;
#5524 = COLOUR_RGB ( '',1.000000000000000000, 1.000000000000000000, 1.000000000000000000 ) ;
#5525 = PRESENTATION_STYLE_ASSIGNMENT (( #2481 ) ) ;
#5526 = DIRECTION ( 'NONE',  ( 0.000000000000000000, -0.000000000000000000, 1.000000000000000000 ) ) ;
#5527 = ORIENTED_EDGE ( 'NONE', *, *, #4901, .T. ) ;
#5528 = VECTOR ( 'NONE', #4437, 1000.000000000000000 ) ;
#5529 =( GEOMETRIC_REPRESENTATION_CONTEXT ( 3 ) GLOBAL_UNCERTAINTY_ASSIGNED_CONTEXT ( ( #1929 ) ) GLOBAL_UNIT_ASSIGNED_CONTEXT ( ( #469, #1774, #1341 ) ) REPRESENTATION_CONTEXT ( 'NONE', 'WORKASPACE' ) );
#5530 = SURFACE_SIDE_STYLE ('',( #2969 ) ) ;
#5531 = PLANE ( 'NONE',  #1236 ) ;
#5532 = CARTESIAN_POINT ( 'NONE',  ( -1.099999999999998979, 0.7499999999999997780, 0.2799999999999999711 ) ) ;
#5533 = ORIENTED_EDGE ( 'NONE', *, *, #1472, .T. ) ;
#5534 = VECTOR ( 'NONE', #2065, 1000.000000000000000 ) ;
#5535 = CARTESIAN_POINT ( 'NONE',  ( 0.5359203924145662379, 0.1776407652747671595, 0.2599999999999999534 ) ) ;
#5536 = CARTESIAN_POINT ( 'NONE',  ( 0.3124155170610083410, 0.04290495023076271869, 0.2599999999999999534 ) ) ;
#5537 = CARTESIAN_POINT ( 'NONE',  ( 0.8230581300528493349, 0.2641109509742675665, 0.2799999999999999711 ) ) ;
#5538 = EDGE_CURVE ( 'NONE', #51, #2893, #3907, .T. ) ;
#5539 = CARTESIAN_POINT ( 'NONE',  ( -0.6035437629006772386, -0.2065665198382720391, 0.2799999999999999711 ) ) ;
#5540 = ORIENTED_EDGE ( 'NONE', *, *, #431, .F. ) ;
#5541 = STYLED_ITEM ( 'NONE', ( #5094 ), #4868 ) ;
#5542 = LINE ( 'NONE', #4208, #2779 ) ;
#5543 = FILL_AREA_STYLE ('',( #5570 ) ) ;
#5544 = EDGE_CURVE ( 'NONE', #4702, #3808, #4398, .T. ) ;
#5545 = DIRECTION ( 'NONE',  ( -0.000000000000000000, -0.000000000000000000, -1.000000000000000000 ) ) ;
#5546 = PLANE ( 'NONE',  #5296 ) ;
#5547 =( GEOMETRIC_REPRESENTATION_CONTEXT ( 3 ) GLOBAL_UNCERTAINTY_ASSIGNED_CONTEXT ( ( #119 ) ) GLOBAL_UNIT_ASSIGNED_CONTEXT ( ( #25, #858, #3828 ) ) REPRESENTATION_CONTEXT ( 'NONE', 'WORKASPACE' ) );
#5548 = ORIENTED_EDGE ( 'NONE', *, *, #1636, .T. ) ;
#5549 = DIRECTION ( 'NONE',  ( -0.000000000000000000, -0.000000000000000000, -1.000000000000000000 ) ) ;
#5550 = CARTESIAN_POINT ( 'NONE',  ( -0.8737021536631368601, 0.8225389107019435153, 0.2599999999999998979 ) ) ;
#5551 = MECHANICAL_DESIGN_GEOMETRIC_PRESENTATION_REPRESENTATION (  '', ( #2298 ), #3271 ) ;
#5552 = ADVANCED_FACE ( 'NONE', ( #2594 ), #462, .F. ) ;
#5553 = CARTESIAN_POINT ( 'NONE',  ( -0.7249999999999999778, 1.000000000000000000, 0.8400000000000000799 ) ) ;
#5554 = CARTESIAN_POINT ( 'NONE',  ( -1.099999999999998979, -0.2499999999999997780, 0.2799999999999999711 ) ) ;
#5555 = SURFACE_SIDE_STYLE ('',( #4166 ) ) ;
#5556 = SURFACE_STYLE_USAGE ( .BOTH. , #1195 ) ;
#5557 = ORIENTED_EDGE ( 'NONE', *, *, #5080, .T. ) ;
#5558 = DIRECTION ( 'NONE',  ( -6.983251342707903681E-15, 0.000000000000000000, -1.000000000000000000 ) ) ;
#5559 = DIRECTION ( 'NONE',  ( -0.000000000000000000, 0.000000000000000000, -1.000000000000000000 ) ) ;
#5560 = UNCERTAINTY_MEASURE_WITH_UNIT (LENGTH_MEASURE( 1.000000000000000082E-05 ), #1862, 'distance_accuracy_value', 'NONE');
#5561 = DIRECTION ( 'NONE',  ( -0.000000000000000000, -0.000000000000000000, -1.000000000000000000 ) ) ;
#5562 = ORIENTED_EDGE ( 'NONE', *, *, #3327, .F. ) ;
#5563 = DIRECTION ( 'NONE',  ( 0.000000000000000000, -0.000000000000000000, -1.000000000000000000 ) ) ;
#5564 =( NAMED_UNIT ( * ) SI_UNIT ( $, .STERADIAN. ) SOLID_ANGLE_UNIT ( ) );
#5565 = SURFACE_STYLE_USAGE ( .BOTH. , #2116 ) ;
#5566 = PRESENTATION_LAYER_ASSIGNMENT (  '', '', ( #2848 ) ) ;
#5567 = DIRECTION ( 'NONE',  ( -0.000000000000000000, 1.000000000000000000, -0.000000000000000000 ) ) ;
#5568 = VERTEX_POINT ( 'NONE', #1502 ) ;
#5569 = LINE ( 'NONE', #4704, #3211 ) ;
#5570 = FILL_AREA_STYLE_COLOUR ( '', #3259 ) ;
#5571 = COLOUR_RGB ( '',1.000000000000000000, 1.000000000000000000, 1.000000000000000000 ) ;
#5572 = CARTESIAN_POINT ( 'NONE',  ( 1.100000000000000089, -0.9000000000000003553, -7.680894765701995475E-15 ) ) ;
#5573 = PRESENTATION_LAYER_ASSIGNMENT (  '', '', ( #4012 ) ) ;
#5574 = CARTESIAN_POINT ( 'NONE',  ( -0.5740798441076681025, -0.7671295513012332812, 0.2599999999999999534 ) ) ;
#5575 = ORIENTED_EDGE ( 'NONE', *, *, #1043, .F. ) ;
#5576 = AXIS2_PLACEMENT_3D ( 'NONE', #5339, #4495, #4468 ) ;
#5577 = DIRECTION ( 'NONE',  ( -1.000000000000000000, -0.000000000000000000, -0.000000000000000000 ) ) ;
#5578 = AXIS2_PLACEMENT_3D ( 'NONE', #3172, #4887, #3503 ) ;
#5579 = EDGE_CURVE ( 'NONE', #4319, #4791, #2736, .T. ) ;
#5580 = CARTESIAN_POINT ( 'NONE',  ( 0.3124155170610076193, -0.05709504976923729380, 0.2599999999999999534 ) ) ;
#5581 = CARTESIAN_POINT ( 'NONE',  ( 1.100000000000002087, -0.5000000000000002220, 0.2599999999999999534 ) ) ;
#5582 = PRESENTATION_LAYER_ASSIGNMENT (  '', '', ( #2409 ) ) ;
#5583 = SURFACE_STYLE_USAGE ( .BOTH. , #417 ) ;
#5584 = ORIENTED_EDGE ( 'NONE', *, *, #3725, .T. ) ;
#5585 = EDGE_CURVE ( 'NONE', #103, #4324, #4535, .T. ) ;
#5586 = SURFACE_STYLE_FILL_AREA ( #4602 ) ;
#5587 = PLANE ( 'NONE',  #389 ) ;
#5588 = EDGE_CURVE ( 'NONE', #1959, #4355, #1022, .T. ) ;
#5589 = CARTESIAN_POINT ( 'NONE',  ( -1.099999999999999867, -1.000000000000000000, 0.02000000000000768177 ) ) ;
#5590 = ORIENTED_EDGE ( 'NONE', *, *, #1157, .T. ) ;
ENDSEC;
END-ISO-10303-21;
