ISO-10303-21;
HEADER;
FILE_DESCRIPTION (( 'STEP AP214' ),
    '1' );
FILE_NAME ('WS2812B-3535.STEP',
    '2025-07-19T18:10:16',
    ( '' ),
    ( '' ),
    'SwSTEP 2.0',
    'SolidWorks 2025',
    '' );
FILE_SCHEMA (( 'AUTOMOTIVE_DESIGN' ));
ENDSEC;

DATA;
#1 = ORIENTED_EDGE ( 'NONE', *, *, #1759, .T. ) ;
#2 = SURFACE_STYLE_FILL_AREA ( #1906 ) ;
#3 = SURFACE_STYLE_USAGE ( .BOTH. , #956 ) ;
#4 = LINE ( 'NONE', #69, #1290 ) ;
#5 = EDGE_CURVE ( 'NONE', #1868, #2840, #3214, .T. ) ;
#6 = DIRECTION ( 'NONE',  ( 1.000000000000000000, 0.000000000000000000, -0.000000000000000000 ) ) ;
#7 = EDGE_LOOP ( 'NONE', ( #1654, #3761, #2396, #1146 ) ) ;
#8 = LINE ( 'NONE', #1914, #397 ) ;
#9 = ORIENTED_EDGE ( 'NONE', *, *, #4718, .T. ) ;
#10 = FILL_AREA_STYLE ('',( #4291 ) ) ;
#11 =( NAMED_UNIT ( * ) SI_UNIT ( $, .STERADIAN. ) SOLID_ANGLE_UNIT ( ) );
#12 = FACE_OUTER_BOUND ( 'NONE', #2069, .T. ) ;
#13 = ORIENTED_EDGE ( 'NONE', *, *, #3948, .F. ) ;
#14 =( GEOMETRIC_REPRESENTATION_CONTEXT ( 3 ) GLOBAL_UNCERTAINTY_ASSIGNED_CONTEXT ( ( #698 ) ) GLOBAL_UNIT_ASSIGNED_CONTEXT ( ( #16, #1427, #3408 ) ) REPRESENTATION_CONTEXT ( 'NONE', 'WORKASPACE' ) );
#15 = EDGE_LOOP ( 'NONE', ( #1272, #1473, #2605, #1821 ) ) ;
#16 =( LENGTH_UNIT ( ) NAMED_UNIT ( * ) SI_UNIT ( .MILLI., .METRE. ) );
#17 = AXIS2_PLACEMENT_3D ( 'NONE', #1253, #2193, #4098 ) ;
#18 = DIRECTION ( 'NONE',  ( -0.000000000000000000, 1.000000000000000000, -0.000000000000000000 ) ) ;
#19 = VECTOR ( 'NONE', #258, 1000.000000000000000 ) ;
#20 = VERTEX_POINT ( 'NONE', #1387 ) ;
#21 = DIRECTION ( 'NONE',  ( -1.000000000000000000, -2.550241534632516662E-16, 0.000000000000000000 ) ) ;
#22 = DIRECTION ( 'NONE',  ( 0.000000000000000000, 1.000000000000000000, 0.000000000000000000 ) ) ;
#23 = FILL_AREA_STYLE_COLOUR ( '', #6013 ) ;
#24 = VECTOR ( 'NONE', #2248, 1000.000000000000000 ) ;
#25 = EDGE_CURVE ( 'NONE', #3418, #5797, #5090, .T. ) ;
#26 = COLOUR_RGB ( '',1.000000000000000000, 1.000000000000000000, 1.000000000000000000 ) ;
#27 = EDGE_LOOP ( 'NONE', ( #1620, #5992, #4745, #738 ) ) ;
#28 = SURFACE_STYLE_FILL_AREA ( #5194 ) ;
#29 = AXIS2_PLACEMENT_3D ( 'NONE', #5499, #3922, #4411 ) ;
#30 = ORIENTED_EDGE ( 'NONE', *, *, #3632, .T. ) ;
#31 = ADVANCED_FACE ( 'NONE', ( #3268 ), #3957, .F. ) ;
#32 =( NAMED_UNIT ( * ) PLANE_ANGLE_UNIT ( ) SI_UNIT ( $, .RADIAN. ) );
#33 = FACE_OUTER_BOUND ( 'NONE', #5308, .T. ) ;
#34 = CARTESIAN_POINT ( 'NONE',  ( 0.7460918573386841057, 0.09982784171036376830, 0.05000000000000000278 ) ) ;
#35 = COLOUR_RGB ( '',1.000000000000000000, 1.000000000000000000, 1.000000000000000000 ) ;
#36 = DIRECTION ( 'NONE',  ( -1.000000000000000000, 0.000000000000000000, -3.614007241618346010E-15 ) ) ;
#37 =( NAMED_UNIT ( * ) SI_UNIT ( $, .STERADIAN. ) SOLID_ANGLE_UNIT ( ) );
#38 = FILL_AREA_STYLE_COLOUR ( '', #784 ) ;
#39 = SURFACE_STYLE_USAGE ( .BOTH. , #4318 ) ;
#40 = ORIENTED_EDGE ( 'NONE', *, *, #2185, .F. ) ;
#41 =( NAMED_UNIT ( * ) SI_UNIT ( $, .STERADIAN. ) SOLID_ANGLE_UNIT ( ) );
#42 = ADVANCED_FACE ( 'NONE', ( #4819 ), #5752, .F. ) ;
#43 = ORIENTED_EDGE ( 'NONE', *, *, #664, .T. ) ;
#44 = SURFACE_STYLE_USAGE ( .BOTH. , #5246 ) ;
#45 = CIRCLE ( 'NONE', #4133, 0.1499999999999999667 ) ;
#46 = MECHANICAL_DESIGN_GEOMETRIC_PRESENTATION_REPRESENTATION (  '', ( #4630 ), #3452 ) ;
#47 = ORIENTED_EDGE ( 'NONE', *, *, #1568, .F. ) ;
#48 = ORIENTED_EDGE ( 'NONE', *, *, #3632, .F. ) ;
#49 = CARTESIAN_POINT ( 'NONE',  ( 1.902233606196061411, 0.000000000000000000, -0.5700000000000010614 ) ) ;
#51 =( NAMED_UNIT ( * ) PLANE_ANGLE_UNIT ( ) SI_UNIT ( $, .RADIAN. ) );
#50 = VECTOR ( 'NONE', #4520, 1000.000000000000000 ) ;
#52 = DIRECTION ( 'NONE',  ( 1.000000000000000000, 0.000000000000000000, -3.614007241618349165E-15 ) ) ;
#53 = UNCERTAINTY_MEASURE_WITH_UNIT (LENGTH_MEASURE( 1.000000000000000082E-05 ), #6066, 'distance_accuracy_value', 'NONE');
#54 = STYLED_ITEM ( 'NONE', ( #3684 ), #735 ) ;
#55 = LINE ( 'NONE', #5677, #3136 ) ;
#56 = PRESENTATION_STYLE_ASSIGNMENT (( #3375 ) ) ;
#57 = ORIENTED_EDGE ( 'NONE', *, *, #2801, .T. ) ;
#58 = SURFACE_STYLE_USAGE ( .BOTH. , #1403 ) ;
#59 = VERTEX_POINT ( 'NONE', #3425 ) ;
#60 = FACE_OUTER_BOUND ( 'NONE', #5928, .T. ) ;
#61 = PLANE ( 'NONE',  #2383 ) ;
#62 = EDGE_CURVE ( 'NONE', #434, #355, #2511, .T. ) ;
#63 = ORIENTED_EDGE ( 'NONE', *, *, #4472, .F. ) ;
#64 = LINE ( 'NONE', #3885, #3725 ) ;
#65 = CARTESIAN_POINT ( 'NONE',  ( -1.482564226095967941, 1.512774786421850814, 0.05000000000000000278 ) ) ;
#66 = PLANE ( 'NONE',  #1684 ) ;
#67 =( NAMED_UNIT ( * ) PLANE_ANGLE_UNIT ( ) SI_UNIT ( $, .RADIAN. ) );
#68 = CARTESIAN_POINT ( 'NONE',  ( 0.4823405661655014720, -0.4871897488101240015, 0.1500000000000000222 ) ) ;
#69 = CARTESIAN_POINT ( 'NONE',  ( -1.902233606196063409, 0.5068647545284984401, -4.878909776184769953E-16 ) ) ;
#70 = VECTOR ( 'NONE', #1183, 1000.000000000000000 ) ;
#71 = PRESENTATION_STYLE_ASSIGNMENT (( #2447 ) ) ;
#72 = ADVANCED_FACE ( 'NONE', ( #2968 ), #4117, .T. ) ;
#73 = CARTESIAN_POINT ( 'NONE',  ( -0.6014578695130498032, 0.1994353412954477101, 0.05000000000000000278 ) ) ;
#74 = ORIENTED_EDGE ( 'NONE', *, *, #4951, .T. ) ;
#75 = CARTESIAN_POINT ( 'NONE',  ( -1.097766393803939255, -1.431434946801785957, -0.8000000000000000444 ) ) ;
#76 = ORIENTED_EDGE ( 'NONE', *, *, #2810, .F. ) ;
#77 = MECHANICAL_DESIGN_GEOMETRIC_PRESENTATION_REPRESENTATION (  '', ( #4659 ), #3776 ) ;
#78 = ORIENTED_EDGE ( 'NONE', *, *, #463, .T. ) ;
#79 = DIRECTION ( 'NONE',  ( 1.000000000000000000, 1.596467237098151435E-16, 0.000000000000000000 ) ) ;
#80 = FILL_AREA_STYLE ('',( #2329 ) ) ;
#81 = SURFACE_SIDE_STYLE ('',( #565 ) ) ;
#82 = EDGE_LOOP ( 'NONE', ( #2836, #718, #426, #1275 ) ) ;
#83 = VECTOR ( 'NONE', #5398, 1000.000000000000000 ) ;
#84 = EDGE_CURVE ( 'NONE', #1967, #2524, #5102, .T. ) ;
#85 = MECHANICAL_DESIGN_GEOMETRIC_PRESENTATION_REPRESENTATION (  '', ( #5441 ), #489 ) ;
#86 = ORIENTED_EDGE ( 'NONE', *, *, #5323, .T. ) ;
#87 = LINE ( 'NONE', #4257, #4420 ) ;
#88 = CARTESIAN_POINT ( 'NONE',  ( -1.708073776573567404, -1.431434946801787955, -0.8000000000000000444 ) ) ;
#89 = ORIENTED_EDGE ( 'NONE', *, *, #4818, .T. ) ;
#90 = CARTESIAN_POINT ( 'NONE',  ( 0.7460918573386841057, -0.6860159872360372946, 0.000000000000000000 ) ) ;
#91 = COLOUR_RGB ( '',0.000000000000000000, 1.000000000000000000, 0.000000000000000000 ) ;
#92 = MECHANICAL_DESIGN_GEOMETRIC_PRESENTATION_REPRESENTATION (  '', ( #3588 ), #5636 ) ;
#93 = MECHANICAL_DESIGN_GEOMETRIC_PRESENTATION_REPRESENTATION (  '', ( #1379 ), #498 ) ;
#94 = STYLED_ITEM ( 'NONE', ( #2723 ), #2543 ) ;
#95 = LINE ( 'NONE', #3909, #6007 ) ;
#96 = STYLED_ITEM ( 'NONE', ( #4715 ), #4221 ) ;
#97 = CARTESIAN_POINT ( 'NONE',  ( -0.8265465593547973722, 0.2577874617970526416, 0.000000000000000000 ) ) ;
#98 = MECHANICAL_DESIGN_GEOMETRIC_PRESENTATION_REPRESENTATION (  '', ( #1108 ), #1787 ) ;
#99 =( NAMED_UNIT ( * ) SI_UNIT ( $, .STERADIAN. ) SOLID_ANGLE_UNIT ( ) );
#100 = MECHANICAL_DESIGN_GEOMETRIC_PRESENTATION_REPRESENTATION (  '', ( #5073 ), #709 ) ;
#101 = VERTEX_POINT ( 'NONE', #4581 ) ;
#102 = CARTESIAN_POINT ( 'NONE',  ( -0.6765465593547973500, -0.5565939275861466751, 0.05000000000000000278 ) ) ;
#103 = SURFACE_STYLE_FILL_AREA ( #5382 ) ;
#104 =( GEOMETRIC_REPRESENTATION_CONTEXT ( 3 ) GLOBAL_UNCERTAINTY_ASSIGNED_CONTEXT ( ( #4552 ) ) GLOBAL_UNIT_ASSIGNED_CONTEXT ( ( #3864, #5274, #2935 ) ) REPRESENTATION_CONTEXT ( 'NONE', 'WORKASPACE' ) );
#105 = CIRCLE ( 'NONE', #1792, 0.3000000000000000444 ) ;
#106 = COLOUR_RGB ( '',1.000000000000000000, 1.000000000000000000, 1.000000000000000000 ) ;
#107 = ORIENTED_EDGE ( 'NONE', *, *, #3713, .T. ) ;
#108 = FACE_OUTER_BOUND ( 'NONE', #3013, .T. ) ;
#109 = FILL_AREA_STYLE_COLOUR ( '', #1723 ) ;
#110 = CARTESIAN_POINT ( 'NONE',  ( 1.602233606196061366, -0.3931352454715015821, -0.6700000000000001510 ) ) ;
#111 = DIRECTION ( 'NONE',  ( 0.000000000000000000, 0.000000000000000000, 1.000000000000000000 ) ) ;
#112 = DIRECTION ( 'NONE',  ( 0.000000000000000000, -1.000000000000000000, 0.000000000000000000 ) ) ;
#113 =( NAMED_UNIT ( * ) SI_UNIT ( $, .STERADIAN. ) SOLID_ANGLE_UNIT ( ) );
#114 = PRESENTATION_STYLE_ASSIGNMENT (( #594 ) ) ;
#115 = FACE_BOUND ( 'NONE', #4170, .T. ) ;
#116 = DIRECTION ( 'NONE',  ( 1.596467237098151435E-16, -1.000000000000000000, 0.000000000000000000 ) ) ;
#117 = EDGE_CURVE ( 'NONE', #4218, #152, #1331, .T. ) ;
#118 = SURFACE_STYLE_FILL_AREA ( #155 ) ;
#119 = DIRECTION ( 'NONE',  ( 0.000000000000000000, 1.000000000000000000, 0.000000000000000000 ) ) ;
#120 = CARTESIAN_POINT ( 'NONE',  ( 0.2971365777156377841, 0.1605405712692378195, 0.1500000000000000222 ) ) ;
#121 = EDGE_LOOP ( 'NONE', ( #5812, #3306, #1216, #2903 ) ) ;
#122 = ORIENTED_EDGE ( 'NONE', *, *, #6041, .T. ) ;
#123 = PRESENTATION_STYLE_ASSIGNMENT (( #4393 ) ) ;
#124 = SURFACE_STYLE_FILL_AREA ( #4394 ) ;
#125 = FILL_AREA_STYLE ('',( #2522 ) ) ;
#126 = ORIENTED_EDGE ( 'NONE', *, *, #5033, .T. ) ;
#127 = EDGE_CURVE ( 'NONE', #3233, #4694, #5160, .T. ) ;
#128 =( NAMED_UNIT ( * ) SI_UNIT ( $, .STERADIAN. ) SOLID_ANGLE_UNIT ( ) );
#129 = CARTESIAN_POINT ( 'NONE',  ( -0.03316504619021998224, -0.01557973693398068474, 0.000000000000000000 ) ) ;
#130 = LINE ( 'NONE', #2028, #2433 ) ;
#131 = CARTESIAN_POINT ( 'NONE',  ( 0.4823405661655014720, -0.2871897488101240459, 0.1500000000000000222 ) ) ;
#132 = EDGE_CURVE ( 'NONE', #3884, #2907, #4604, .T. ) ;
#133 = DIRECTION ( 'NONE',  ( 0.000000000000000000, 0.000000000000000000, 1.000000000000000000 ) ) ;
#134 = FILL_AREA_STYLE_COLOUR ( '', #259 ) ;
#135 = UNCERTAINTY_MEASURE_WITH_UNIT (LENGTH_MEASURE( 1.000000000000000082E-05 ), #5379, 'distance_accuracy_value', 'NONE');
#136 = LINE ( 'NONE', #5844, #2662 ) ;
#137 = COLOUR_RGB ( '',1.000000000000000000, 1.000000000000000000, 1.000000000000000000 ) ;
#138 = LINE ( 'NONE', #230, #2054 ) ;
#139 = FILL_AREA_STYLE ('',( #4401 ) ) ;
#140 = ORIENTED_EDGE ( 'NONE', *, *, #3360, .T. ) ;
#141 = FILL_AREA_STYLE ('',( #1636 ) ) ;
#142 = DIRECTION ( 'NONE',  ( 0.000000000000000000, 0.000000000000000000, -1.000000000000000000 ) ) ;
#143 = LINE ( 'NONE', #2106, #6151 ) ;
#144 =( LENGTH_UNIT ( ) NAMED_UNIT ( * ) SI_UNIT ( .MILLI., .METRE. ) );
#145 =( NAMED_UNIT ( * ) PLANE_ANGLE_UNIT ( ) SI_UNIT ( $, .RADIAN. ) );
#146 =( LENGTH_UNIT ( ) NAMED_UNIT ( * ) SI_UNIT ( .MILLI., .METRE. ) );
#147 = STYLED_ITEM ( 'NONE', ( #123 ), #5320 ) ;
#148 = ORIENTED_EDGE ( 'NONE', *, *, #5325, .T. ) ;
#149 = PLANE ( 'NONE',  #792 ) ;
#150 = PRESENTATION_STYLE_ASSIGNMENT (( #2546 ) ) ;
#151 = COLOUR_RGB ( '',0.8980392156862745390, 0.9215686274509803377, 0.9294117647058823817 ) ;
#152 = VERTEX_POINT ( 'NONE', #5995 ) ;
#153 =( NAMED_UNIT ( * ) PLANE_ANGLE_UNIT ( ) SI_UNIT ( $, .RADIAN. ) );
#154 =( LENGTH_UNIT ( ) NAMED_UNIT ( * ) SI_UNIT ( .MILLI., .METRE. ) );
#155 = FILL_AREA_STYLE ('',( #2015 ) ) ;
#156 = FILL_AREA_STYLE ('',( #2112 ) ) ;
#157 = LINE ( 'NONE', #5927, #1388 ) ;
#158 = MECHANICAL_DESIGN_GEOMETRIC_PRESENTATION_REPRESENTATION (  '', ( #4327 ), #4435 ) ;
#159 = ORIENTED_EDGE ( 'NONE', *, *, #2870, .F. ) ;
#160 = CARTESIAN_POINT ( 'NONE',  ( 1.902233606196063187, -0.3931352454715015821, -0.3000000000000001554 ) ) ;
#161 = FILL_AREA_STYLE_COLOUR ( '', #797 ) ;
#162 = CARTESIAN_POINT ( 'NONE',  ( 0.000000000000000000, 0.000000000000000000, -0.6700000000000000400 ) ) ;
#163 = COLOUR_RGB ( '',1.000000000000000000, 0.000000000000000000, 0.000000000000000000 ) ;
#164 = VECTOR ( 'NONE', #3229, 1000.000000000000000 ) ;
#165 = MECHANICAL_DESIGN_GEOMETRIC_PRESENTATION_REPRESENTATION (  '', ( #2651 ), #5799 ) ;
#166 = MECHANICAL_DESIGN_GEOMETRIC_PRESENTATION_REPRESENTATION (  '', ( #3451 ), #959 ) ;
#167 = EDGE_CURVE ( 'NONE', #1934, #2556, #383, .T. ) ;
#168 = CARTESIAN_POINT ( 'NONE',  ( 0.3603187164337327553, 0.09982784171036376830, 0.000000000000000000 ) ) ;
#169 = PRESENTATION_STYLE_ASSIGNMENT (( #5838 ) ) ;
#170 = PRESENTATION_LAYER_ASSIGNMENT (  '', '', ( #5806 ) ) ;
#171 = VECTOR ( 'NONE', #471, 1000.000000000000000 ) ;
#172 = EDGE_CURVE ( 'NONE', #3767, #1893, #2309, .T. ) ;
#173 = DIRECTION ( 'NONE',  ( 0.000000000000000000, 1.000000000000000000, -0.000000000000000000 ) ) ;
#174 =( NAMED_UNIT ( * ) SI_UNIT ( $, .STERADIAN. ) SOLID_ANGLE_UNIT ( ) );
#175 = ORIENTED_EDGE ( 'NONE', *, *, #5720, .F. ) ;
#176 = VECTOR ( 'NONE', #3696, 1000.000000000000000 ) ;
#177 =( NAMED_UNIT ( * ) SI_UNIT ( $, .STERADIAN. ) SOLID_ANGLE_UNIT ( ) );
#178 = CARTESIAN_POINT ( 'NONE',  ( 1.602233606196061144, 1.306864754528499262, -0.8000000000000000444 ) ) ;
#179 = DIRECTION ( 'NONE',  ( 0.000000000000000000, -1.000000000000000000, 0.000000000000000000 ) ) ;
#180 =( NAMED_UNIT ( * ) PLANE_ANGLE_UNIT ( ) SI_UNIT ( $, .RADIAN. ) );
#181 =( LENGTH_UNIT ( ) NAMED_UNIT ( * ) SI_UNIT ( .MILLI., .METRE. ) );
#182 = SURFACE_SIDE_STYLE ('',( #5391 ) ) ;
#183 = PRESENTATION_STYLE_ASSIGNMENT (( #1640 ) ) ;
#184 = DIRECTION ( 'NONE',  ( -1.000000000000000000, 0.000000000000000000, 0.000000000000000000 ) ) ;
#185 = ORIENTED_EDGE ( 'NONE', *, *, #975, .F. ) ;
#186 = SURFACE_SIDE_STYLE ('',( #4456 ) ) ;
#187 = ORIENTED_EDGE ( 'NONE', *, *, #1908, .F. ) ;
#188 = DIRECTION ( 'NONE',  ( -0.000000000000000000, -1.000000000000000000, -0.000000000000000000 ) ) ;
#189 = COLOUR_RGB ( '',0.000000000000000000, 0.000000000000000000, 1.000000000000000000 ) ;
#190 = UNCERTAINTY_MEASURE_WITH_UNIT (LENGTH_MEASURE( 1.000000000000000082E-05 ), #4166, 'distance_accuracy_value', 'NONE');
#191 = FILL_AREA_STYLE_COLOUR ( '', #3230 ) ;
#192 = VECTOR ( 'NONE', #2325, 1000.000000000000000 ) ;
#193 = LINE ( 'NONE', #5910, #1155 ) ;
#194 = VECTOR ( 'NONE', #2488, 1000.000000000000000 ) ;
#195 = COLOUR_RGB ( '',1.000000000000000000, 1.000000000000000000, 1.000000000000000000 ) ;
#196 = ADVANCED_FACE ( 'NONE', ( #916 ), #1804, .T. ) ;
#197 = LINE ( 'NONE', #1083, #5598 ) ;
#198 = UNCERTAINTY_MEASURE_WITH_UNIT (LENGTH_MEASURE( 1.000000000000000082E-05 ), #4263, 'distance_accuracy_value', 'NONE');
#199 = VECTOR ( 'NONE', #5276, 1000.000000000000000 ) ;
#200 = FILL_AREA_STYLE_COLOUR ( '', #2023 ) ;
#201 = ORIENTED_EDGE ( 'NONE', *, *, #1616, .T. ) ;
#202 = SURFACE_STYLE_FILL_AREA ( #1980 ) ;
#203 = STYLED_ITEM ( 'NONE', ( #1227 ), #4434 ) ;
#204 = STYLED_ITEM ( 'NONE', ( #6062 ), #3562 ) ;
#205 = SURFACE_STYLE_FILL_AREA ( #4943 ) ;
#206 = ADVANCED_FACE ( 'NONE', ( #320 ), #4711, .T. ) ;
#207 = DIRECTION ( 'NONE',  ( -1.000000000000000000, 0.000000000000000000, 0.000000000000000000 ) ) ;
#208 = EDGE_CURVE ( 'NONE', #548, #1925, #64, .T. ) ;
#209 = VECTOR ( 'NONE', #3889, 1000.000000000000000 ) ;
#210 =( NAMED_UNIT ( * ) SI_UNIT ( $, .STERADIAN. ) SOLID_ANGLE_UNIT ( ) );
#211 = EDGE_LOOP ( 'NONE', ( #850, #6046, #2035, #5061 ) ) ;
#212 = CARTESIAN_POINT ( 'NONE',  ( 0.8960918573386843500, -0.6860159872360372946, 0.05000000000000000278 ) ) ;
#213 = AXIS2_PLACEMENT_3D ( 'NONE', #3803, #6143, #1420 ) ;
#214 = ORIENTED_EDGE ( 'NONE', *, *, #4962, .T. ) ;
#215 = FACE_OUTER_BOUND ( 'NONE', #447, .T. ) ;
#216 = EDGE_CURVE ( 'NONE', #2128, #852, #4913, .T. ) ;
#217 =( NAMED_UNIT ( * ) SI_UNIT ( $, .STERADIAN. ) SOLID_ANGLE_UNIT ( ) );
#218 = CARTESIAN_POINT ( 'NONE',  ( -0.9037624701214840295, 2.879687624179894101, 0.6000000000000000888 ) ) ;
#219 = SURFACE_STYLE_FILL_AREA ( #3094 ) ;
#220 = ORIENTED_EDGE ( 'NONE', *, *, #6041, .F. ) ;
#221 = SURFACE_STYLE_FILL_AREA ( #2055 ) ;
#222 = LINE ( 'NONE', #1559, #4200 ) ;
#223 = CARTESIAN_POINT ( 'NONE',  ( 1.002233606196060833, -0.3931352454715011935, -0.8699999999999999956 ) ) ;
#224 = ORIENTED_EDGE ( 'NONE', *, *, #3623, .T. ) ;
#225 = LINE ( 'NONE', #4544, #2326 ) ;
#226 = ORIENTED_EDGE ( 'NONE', *, *, #3448, .T. ) ;
#227 = DIRECTION ( 'NONE',  ( 1.000000000000000000, 0.000000000000000000, 0.000000000000000000 ) ) ;
#228 = DIRECTION ( 'NONE',  ( -1.239088197126290817E-16, 1.000000000000000000, -0.000000000000000000 ) ) ;
#229 = SURFACE_SIDE_STYLE ('',( #5406 ) ) ;
#230 = CARTESIAN_POINT ( 'NONE',  ( -1.702233606196061455, -1.193135245471501404, -0.5700000000000003952 ) ) ;
#231 = VECTOR ( 'NONE', #4984, 1000.000000000000000 ) ;
#232 = CARTESIAN_POINT ( 'NONE',  ( 0.2971365777156378396, -0.2871897488101240459, 0.05000000000000000278 ) ) ;
#233 = ORIENTED_EDGE ( 'NONE', *, *, #4802, .T. ) ;
#234 = EDGE_CURVE ( 'NONE', #3042, #2149, #1501, .T. ) ;
#235 = CARTESIAN_POINT ( 'NONE',  ( -1.602233606196061366, -1.193135245471500960, -0.5700000000000000622 ) ) ;
#236 =( GEOMETRIC_REPRESENTATION_CONTEXT ( 3 ) GLOBAL_UNCERTAINTY_ASSIGNED_CONTEXT ( ( #638 ) ) GLOBAL_UNIT_ASSIGNED_CONTEXT ( ( #2669, #3949, #3510 ) ) REPRESENTATION_CONTEXT ( 'NONE', 'WORKASPACE' ) );
#237 = SURFACE_STYLE_USAGE ( .BOTH. , #2070 ) ;
#238 = CARTESIAN_POINT ( 'NONE',  ( -1.708073776573567182, 0.5068647545284995504, -0.8000000000000000444 ) ) ;
#239 = LINE ( 'NONE', #1117, #5357 ) ;
#240 = VERTEX_POINT ( 'NONE', #1164 ) ;
#241 = COLOUR_RGB ( '',0.8313725490196077761, 0.8392156862745098200, 0.8313725490196077761 ) ;
#242 = SURFACE_STYLE_USAGE ( .BOTH. , #688 ) ;
#243 = EDGE_CURVE ( 'NONE', #4440, #855, #225, .T. ) ;
#244 = PLANE ( 'NONE',  #3351 ) ;
#245 = DIRECTION ( 'NONE',  ( 0.08715574274765820750, 0.000000000000000000, 0.9961946980917455452 ) ) ;
#246 = SURFACE_STYLE_USAGE ( .BOTH. , #723 ) ;
#247 = LINE ( 'NONE', #218, #993 ) ;
#248 = EDGE_CURVE ( 'NONE', #3962, #548, #2148, .T. ) ;
#249 = ORIENTED_EDGE ( 'NONE', *, *, #684, .F. ) ;
#250 = FILL_AREA_STYLE ('',( #4953 ) ) ;
#251 =( GEOMETRIC_REPRESENTATION_CONTEXT ( 3 ) GLOBAL_UNCERTAINTY_ASSIGNED_CONTEXT ( ( #190 ) ) GLOBAL_UNIT_ASSIGNED_CONTEXT ( ( #4166, #1320, #756 ) ) REPRESENTATION_CONTEXT ( 'NONE', 'WORKASPACE' ) );
#252 = FILL_AREA_STYLE_COLOUR ( '', #5626 ) ;
#253 = ORIENTED_EDGE ( 'NONE', *, *, #5862, .F. ) ;
#254 = ORIENTED_EDGE ( 'NONE', *, *, #860, .F. ) ;
#255 = CARTESIAN_POINT ( 'NONE',  ( 1.002233606196060833, 0.5068647545284991063, -0.8000000000000000444 ) ) ;
#256 = UNCERTAINTY_MEASURE_WITH_UNIT (LENGTH_MEASURE( 1.000000000000000082E-05 ), #4738, 'distance_accuracy_value', 'NONE');
#257 = STYLED_ITEM ( 'NONE', ( #114 ), #5512 ) ;
#258 = DIRECTION ( 'NONE',  ( 1.743673658963608962E-17, -1.000000000000000000, -0.000000000000000000 ) ) ;
#259 = COLOUR_RGB ( '',0.8313725490196077761, 0.8392156862745098200, 0.8313725490196077761 ) ;
#260 = DIRECTION ( 'NONE',  ( -0.000000000000000000, 1.000000000000000000, -0.000000000000000000 ) ) ;
#261 = COLOUR_RGB ( '',0.8313725490196077761, 0.8392156862745098200, 0.8313725490196077761 ) ;
#262 = DIRECTION ( 'NONE',  ( -1.000000000000000000, 0.000000000000000000, 0.000000000000000000 ) ) ;
#263 = UNCERTAINTY_MEASURE_WITH_UNIT (LENGTH_MEASURE( 1.000000000000000082E-05 ), #4915, 'distance_accuracy_value', 'NONE');
#264 = CARTESIAN_POINT ( 'NONE',  ( 1.748018770656109000, 1.306864754528498374, -0.03780410792051351609 ) ) ;
#265 = SURFACE_STYLE_FILL_AREA ( #3602 ) ;
#266 =( GEOMETRIC_REPRESENTATION_CONTEXT ( 3 ) GLOBAL_UNCERTAINTY_ASSIGNED_CONTEXT ( ( #2570 ) ) GLOBAL_UNIT_ASSIGNED_CONTEXT ( ( #5384, #4523, #174 ) ) REPRESENTATION_CONTEXT ( 'NONE', 'WORKASPACE' ) );
#267 = PRESENTATION_LAYER_ASSIGNMENT (  '', '', ( #1945 ) ) ;
#268 =( NAMED_UNIT ( * ) PLANE_ANGLE_UNIT ( ) SI_UNIT ( $, .RADIAN. ) );
#269 = ORIENTED_EDGE ( 'NONE', *, *, #4422, .F. ) ;
#270 = DIRECTION ( 'NONE',  ( 1.000000000000000000, 0.000000000000000000, 0.000000000000000000 ) ) ;
#271 = CARTESIAN_POINT ( 'NONE',  ( -0.5265465593547974388, -0.4971160600431790977, 0.05000000000000000278 ) ) ;
#272 = CARTESIAN_POINT ( 'NONE',  ( 0.2971365777156378396, -0.4871897488101240015, 0.05000000000000000278 ) ) ;
#273 = DIRECTION ( 'NONE',  ( -0.000000000000000000, 1.000000000000000000, -0.000000000000000000 ) ) ;
#274 = VERTEX_POINT ( 'NONE', #2118 ) ;
#275 = AXIS2_PLACEMENT_3D ( 'NONE', #1181, #3087, #2166 ) ;
#276 = DIRECTION ( 'NONE',  ( 0.000000000000000000, 0.000000000000000000, 1.000000000000000000 ) ) ;
#277 = FILL_AREA_STYLE_COLOUR ( '', #1162 ) ;
#278 = FILL_AREA_STYLE ('',( #6037 ) ) ;
#279 = CARTESIAN_POINT ( 'NONE',  ( 0.2971365777156376731, 0.7212690557775703892, 0.05000000000000000278 ) ) ;
#280 = CLOSED_SHELL ( 'NONE', ( #552, #1720, #3641, #1697, #1864, #4221 ) ) ;
#281 = SURFACE_STYLE_FILL_AREA ( #5148 ) ;
#282 = ADVANCED_FACE ( 'NONE', ( #5903 ), #4425, .F. ) ;
#283 = VERTEX_POINT ( 'NONE', #3160 ) ;
#284 =( NAMED_UNIT ( * ) PLANE_ANGLE_UNIT ( ) SI_UNIT ( $, .RADIAN. ) );
#285 = LINE ( 'NONE', #374, #5708 ) ;
#286 = DIRECTION ( 'NONE',  ( -0.000000000000000000, -0.000000000000000000, 1.000000000000000000 ) ) ;
#287 = ORIENTED_EDGE ( 'NONE', *, *, #4120, .T. ) ;
#288 = FILL_AREA_STYLE_COLOUR ( '', #106 ) ;
#289 = EDGE_CURVE ( 'NONE', #2177, #2499, #2633, .T. ) ;
#290 =( GEOMETRIC_REPRESENTATION_CONTEXT ( 3 ) GLOBAL_UNCERTAINTY_ASSIGNED_CONTEXT ( ( #2376 ) ) GLOBAL_UNIT_ASSIGNED_CONTEXT ( ( #181, #1639, #4075 ) ) REPRESENTATION_CONTEXT ( 'NONE', 'WORKASPACE' ) );
#291 = CARTESIAN_POINT ( 'NONE',  ( 0.000000000000000000, 0.000000000000000000, -0.8699999999999999956 ) ) ;
#292 =( LENGTH_UNIT ( ) NAMED_UNIT ( * ) SI_UNIT ( .MILLI., .METRE. ) );
#293 = AXIS2_PLACEMENT_3D ( 'NONE', #1299, #2774, #906 ) ;
#294 = SURFACE_STYLE_FILL_AREA ( #5973 ) ;
#295 =( NAMED_UNIT ( * ) SI_UNIT ( $, .STERADIAN. ) SOLID_ANGLE_UNIT ( ) );
#296 = SURFACE_SIDE_STYLE ('',( #3209 ) ) ;
#297 = MECHANICAL_DESIGN_GEOMETRIC_PRESENTATION_REPRESENTATION (  '', ( #3383 ), #4171 ) ;
#298 = SURFACE_STYLE_FILL_AREA ( #5473 ) ;
#299 = PRESENTATION_LAYER_ASSIGNMENT (  '', '', ( #2083 ) ) ;
#300 = ORIENTED_EDGE ( 'NONE', *, *, #1309, .F. ) ;
#301 = CARTESIAN_POINT ( 'NONE',  ( -1.708073776573567404, -1.193135245471501182, -0.8000000000000000444 ) ) ;
#302 = VECTOR ( 'NONE', #1782, 1000.000000000000000 ) ;
#303 = CARTESIAN_POINT ( 'NONE',  ( -1.602233606196062699, 1.306864754528498374, -0.2999999999999991562 ) ) ;
#304 = STYLED_ITEM ( 'NONE', ( #4079 ), #2759 ) ;
#305 = CARTESIAN_POINT ( 'NONE',  ( 1.702233606196063009, -0.3931352454715015821, -0.2999999999999994893 ) ) ;
#306 = PRESENTATION_STYLE_ASSIGNMENT (( #1316 ) ) ;
#307 =( NAMED_UNIT ( * ) PLANE_ANGLE_UNIT ( ) SI_UNIT ( $, .RADIAN. ) );
#308 = CARTESIAN_POINT ( 'NONE',  ( -1.902233606196063187, -0.3931352454715015821, -0.3000000000000001554 ) ) ;
#309 = CIRCLE ( 'NONE', #6155, 0.3000000000000000999 ) ;
#310 = PRESENTATION_LAYER_ASSIGNMENT (  '', '', ( #2500 ) ) ;
#311 = CARTESIAN_POINT ( 'NONE',  ( 0.000000000000000000, 0.5068647545284987732, -0.8000000000000000444 ) ) ;
#312 = DIRECTION ( 'NONE',  ( 1.000000000000000000, 0.000000000000000000, -3.560066835027028802E-15 ) ) ;
#313 = LINE ( 'NONE', #5574, #4142 ) ;
#314 = EDGE_CURVE ( 'NONE', #1141, #2012, #2811, .T. ) ;
#315 = ORIENTED_EDGE ( 'NONE', *, *, #975, .T. ) ;
#316 =( NAMED_UNIT ( * ) SI_UNIT ( $, .STERADIAN. ) SOLID_ANGLE_UNIT ( ) );
#317 = DIRECTION ( 'NONE',  ( 0.000000000000000000, 1.000000000000000000, -0.000000000000000000 ) ) ;
#318 = ADVANCED_FACE ( 'NONE', ( #4636 ), #5550, .F. ) ;
#319 = DIRECTION ( 'NONE',  ( -0.000000000000000000, -0.000000000000000000, -1.000000000000000000 ) ) ;
#320 = FACE_OUTER_BOUND ( 'NONE', #2464, .T. ) ;
#321 = DIRECTION ( 'NONE',  ( 0.000000000000000000, 0.000000000000000000, -1.000000000000000000 ) ) ;
#322 = UNCERTAINTY_MEASURE_WITH_UNIT (LENGTH_MEASURE( 1.000000000000000082E-05 ), #2764, 'distance_accuracy_value', 'NONE');
#323 =( NAMED_UNIT ( * ) SI_UNIT ( $, .STERADIAN. ) SOLID_ANGLE_UNIT ( ) );
#324 = ADVANCED_FACE ( 'NONE', ( #5153 ), #1711, .F. ) ;
#325 = SURFACE_STYLE_USAGE ( .BOTH. , #1778 ) ;
#326 =( NAMED_UNIT ( * ) PLANE_ANGLE_UNIT ( ) SI_UNIT ( $, .RADIAN. ) );
#327 = SURFACE_STYLE_USAGE ( .BOTH. , #774 ) ;
#328 = ORIENTED_EDGE ( 'NONE', *, *, #2492, .T. ) ;
#329 = MECHANICAL_DESIGN_GEOMETRIC_PRESENTATION_REPRESENTATION (  '', ( #3622 ), #1414 ) ;
#330 = CARTESIAN_POINT ( 'NONE',  ( -1.708073776573566960, -0.3931352454715018041, -0.8000000000000000444 ) ) ;
#331 = CARTESIAN_POINT ( 'NONE',  ( 1.702233606196061233, 0.5068647545284985512, -0.5700000000000003952 ) ) ;
#332 = SURFACE_STYLE_USAGE ( .BOTH. , #6036 ) ;
#333 = FACE_OUTER_BOUND ( 'NONE', #5258, .T. ) ;
#334 =( LENGTH_UNIT ( ) NAMED_UNIT ( * ) SI_UNIT ( .MILLI., .METRE. ) );
#335 = ORIENTED_EDGE ( 'NONE', *, *, #3780, .T. ) ;
#336 = CIRCLE ( 'NONE', #4416, 0.1499999999999999667 ) ;
#337 = LINE ( 'NONE', #311, #4124 ) ;
#338 =( NAMED_UNIT ( * ) SI_UNIT ( $, .STERADIAN. ) SOLID_ANGLE_UNIT ( ) );
#339 = COLOUR_RGB ( '',0.8980392156862745390, 0.9215686274509803377, 0.9294117647058823817 ) ;
#340 = MECHANICAL_DESIGN_GEOMETRIC_PRESENTATION_REPRESENTATION (  '', ( #2637 ), #2835 ) ;
#341 = ORIENTED_EDGE ( 'NONE', *, *, #3948, .T. ) ;
#342 = DIRECTION ( 'NONE',  ( -0.000000000000000000, -0.000000000000000000, -1.000000000000000000 ) ) ;
#343 = CARTESIAN_POINT ( 'NONE',  ( -1.723613999092765914, -1.723613999092766136, 0.3015933704303987439 ) ) ;
#344 = SURFACE_STYLE_USAGE ( .BOTH. , #1799 ) ;
#345 = ORIENTED_EDGE ( 'NONE', *, *, #4255, .T. ) ;
#346 = EDGE_CURVE ( 'NONE', #1417, #1203, #1386, .T. ) ;
#347 = COLOUR_RGB ( '',0.8313725490196077761, 0.8392156862745098200, 0.8313725490196077761 ) ;
#348 = SURFACE_STYLE_FILL_AREA ( #3744 ) ;
#349 = DIRECTION ( 'NONE',  ( 0.000000000000000000, 0.000000000000000000, -1.000000000000000000 ) ) ;
#350 = SURFACE_STYLE_USAGE ( .BOTH. , #1718 ) ;
#351 = COLOUR_RGB ( '',0.8980392156862745390, 0.9215686274509803377, 0.9294117647058823817 ) ;
#352 = ADVANCED_FACE ( 'NONE', ( #5179 ), #4284, .T. ) ;
#353 = LINE ( 'NONE', #798, #4600 ) ;
#354 =( GEOMETRIC_REPRESENTATION_CONTEXT ( 3 ) GLOBAL_UNCERTAINTY_ASSIGNED_CONTEXT ( ( #5283 ) ) GLOBAL_UNIT_ASSIGNED_CONTEXT ( ( #5191, #5711, #99 ) ) REPRESENTATION_CONTEXT ( 'NONE', 'WORKASPACE' ) );
#355 = VERTEX_POINT ( 'NONE', #3030 ) ;
#356 = FILL_AREA_STYLE_COLOUR ( '', #351 ) ;
#357 = FILL_AREA_STYLE ('',( #1223 ) ) ;
#358 = COLOUR_RGB ( '',0.8313725490196077761, 0.8392156862745098200, 0.8313725490196077761 ) ;
#359 = VECTOR ( 'NONE', #3291, 1000.000000000000000 ) ;
#360 = DIRECTION ( 'NONE',  ( 0.000000000000000000, 0.000000000000000000, 1.000000000000000000 ) ) ;
#361 = CARTESIAN_POINT ( 'NONE',  ( -1.697506801884446137, 1.697506801884445693, 0.6000000000000000888 ) ) ;
#362 = PRESENTATION_STYLE_ASSIGNMENT (( #3633 ) ) ;
#363 = ADVANCED_FACE ( 'NONE', ( #4917 ), #4097, .F. ) ;
#364 = MANIFOLD_SOLID_BREP ( '\X2\042404300441043a0430\X0\1', #6118 ) ;
#365 = ORIENTED_EDGE ( 'NONE', *, *, #4472, .T. ) ;
#366 = LINE ( 'NONE', #3700, #678 ) ;
#367 = PRESENTATION_STYLE_ASSIGNMENT (( #2295 ) ) ;
#368 = CIRCLE ( 'NONE', #3851, 0.3000000000000000999 ) ;
#369 = VECTOR ( 'NONE', #3149, 1000.000000000000000 ) ;
#370 = CARTESIAN_POINT ( 'NONE',  ( 0.4882589707855558570, -0.03945942873076218466, 0.1500000000000000222 ) ) ;
#371 = ORIENTED_EDGE ( 'NONE', *, *, #2403, .F. ) ;
#372 = SURFACE_SIDE_STYLE ('',( #4083 ) ) ;
#373 = SURFACE_STYLE_FILL_AREA ( #6107 ) ;
#374 = CARTESIAN_POINT ( 'NONE',  ( 0.2971365777156377841, -0.03945942873076218466, 0.1500000000000000222 ) ) ;
#375 = ORIENTED_EDGE ( 'NONE', *, *, #5388, .T. ) ;
#376 = PRESENTATION_STYLE_ASSIGNMENT (( #5038 ) ) ;
#377 = SURFACE_SIDE_STYLE ('',( #5965 ) ) ;
#378 = CARTESIAN_POINT ( 'NONE',  ( 1.749999999999999556, 1.306864754528498374, 0.000000000000000000 ) ) ;
#379 = ORIENTED_EDGE ( 'NONE', *, *, #4020, .F. ) ;
#380 = ORIENTED_EDGE ( 'NONE', *, *, #3791, .F. ) ;
#381 = PLANE ( 'NONE',  #3630 ) ;
#382 = FILL_AREA_STYLE_COLOUR ( '', #1335 ) ;
#383 = LINE ( 'NONE', #828, #2971 ) ;
#384 =( NAMED_UNIT ( * ) PLANE_ANGLE_UNIT ( ) SI_UNIT ( $, .RADIAN. ) );
#385 = UNCERTAINTY_MEASURE_WITH_UNIT (LENGTH_MEASURE( 1.000000000000000082E-05 ), #3077, 'distance_accuracy_value', 'NONE');
#386 = FILL_AREA_STYLE_COLOUR ( '', #2847 ) ;
#387 = DIRECTION ( 'NONE',  ( -1.000000000000000000, -1.496071182482673119E-16, 0.000000000000000000 ) ) ;
#388 = AXIS2_PLACEMENT_3D ( 'NONE', #4906, #2466, #3874 ) ;
#389 =( NAMED_UNIT ( * ) PLANE_ANGLE_UNIT ( ) SI_UNIT ( $, .RADIAN. ) );
#390 =( LENGTH_UNIT ( ) NAMED_UNIT ( * ) SI_UNIT ( .MILLI., .METRE. ) );
#391 = EDGE_CURVE ( 'NONE', #544, #5866, #5496, .T. ) ;
#392 = ORIENTED_EDGE ( 'NONE', *, *, #968, .T. ) ;
#393 = DIRECTION ( 'NONE',  ( -0.05226442768871394917, -0.05226442768871396999, 0.9972646886342373396 ) ) ;
#394 = SURFACE_STYLE_USAGE ( .BOTH. , #3698 ) ;
#395 = STYLED_ITEM ( 'NONE', ( #757 ), #1497 ) ;
#396 = VERTEX_POINT ( 'NONE', #3201 ) ;
#397 = VECTOR ( 'NONE', #3800, 1000.000000000000000 ) ;
#398 = EDGE_CURVE ( 'NONE', #4391, #2524, #4702, .T. ) ;
#399 = VECTOR ( 'NONE', #119, 1000.000000000000000 ) ;
#400 = ADVANCED_FACE ( 'NONE', ( #1863 ), #1279, .F. ) ;
#401 = CARTESIAN_POINT ( 'NONE',  ( -0.6765465593547973500, -0.01557973693398068474, 0.05000000000000000278 ) ) ;
#402 =( NAMED_UNIT ( * ) PLANE_ANGLE_UNIT ( ) SI_UNIT ( $, .RADIAN. ) );
#403 = STYLED_ITEM ( 'NONE', ( #5043 ), #2531 ) ;
#404 = CARTESIAN_POINT ( 'NONE',  ( -1.097766393803939255, -1.193135245471500960, -0.6700000000000000400 ) ) ;
#405 = SURFACE_STYLE_USAGE ( .BOTH. , #5481 ) ;
#406 = ORIENTED_EDGE ( 'NONE', *, *, #3747, .F. ) ;
#407 = STYLED_ITEM ( 'NONE', ( #4381 ), #4308 ) ;
#408 = AXIS2_PLACEMENT_3D ( 'NONE', #2830, #455, #36 ) ;
#409 = DIRECTION ( 'NONE',  ( 0.000000000000000000, 1.000000000000000000, 0.000000000000000000 ) ) ;
#410 = EDGE_CURVE ( 'NONE', #5694, #1449, #1374, .T. ) ;
#411 = ORIENTED_EDGE ( 'NONE', *, *, #3523, .T. ) ;
#412 = DIRECTION ( 'NONE',  ( 0.000000000000000000, -1.000000000000000000, -0.000000000000000000 ) ) ;
#413 = AXIS2_PLACEMENT_3D ( 'NONE', #3695, #360, #3172 ) ;
#414 = CARTESIAN_POINT ( 'NONE',  ( 0.2971365777156376731, 0.7212690557775703892, 0.1500000000000000222 ) ) ;
#415 = ORIENTED_EDGE ( 'NONE', *, *, #2356, .T. ) ;
#416 = VECTOR ( 'NONE', #5825, 1000.000000000000000 ) ;
#417 = EDGE_LOOP ( 'NONE', ( #1085, #2578, #4543, #2463 ) ) ;
#418 = SURFACE_STYLE_USAGE ( .BOTH. , #5581 ) ;
#419 = LINE ( 'NONE', #3748, #3244 ) ;
#420 = CARTESIAN_POINT ( 'NONE',  ( -1.749999999999999778, -1.750000000000000222, 0.000000000000000000 ) ) ;
#421 = SURFACE_STYLE_USAGE ( .BOTH. , #6056 ) ;
#422 = DIRECTION ( 'NONE',  ( 1.000000000000000000, 0.000000000000000000, 0.000000000000000000 ) ) ;
#423 = SURFACE_SIDE_STYLE ('',( #946 ) ) ;
#424 = ORIENTED_EDGE ( 'NONE', *, *, #2365, .T. ) ;
#425 =( NAMED_UNIT ( * ) SI_UNIT ( $, .STERADIAN. ) SOLID_ANGLE_UNIT ( ) );
#426 = ORIENTED_EDGE ( 'NONE', *, *, #1760, .F. ) ;
#427 = DIRECTION ( 'NONE',  ( 0.000000000000000000, 0.000000000000000000, -1.000000000000000000 ) ) ;
#428 = CARTESIAN_POINT ( 'NONE',  ( 0.2971365777156378396, -0.4871897488101240015, 0.1500000000000000222 ) ) ;
#429 = DIRECTION ( 'NONE',  ( 1.000000000000000000, 8.263513526025759881E-17, 0.000000000000000000 ) ) ;
#430 = ORIENTED_EDGE ( 'NONE', *, *, #1163, .T. ) ;
#431 = EDGE_CURVE ( 'NONE', #2874, #396, #2731, .T. ) ;
#432 = CIRCLE ( 'NONE', #3916, 0.1499999999999999667 ) ;
#433 = SURFACE_STYLE_USAGE ( .BOTH. , #2211 ) ;
#434 = VERTEX_POINT ( 'NONE', #361 ) ;
#435 = DIRECTION ( 'NONE',  ( -0.000000000000000000, -0.000000000000000000, 1.000000000000000000 ) ) ;
#436 = VECTOR ( 'NONE', #3205, 1000.000000000000000 ) ;
#437 = VERTEX_POINT ( 'NONE', #2259 ) ;
#438 = EDGE_CURVE ( 'NONE', #5776, #5553, #3759, .T. ) ;
#439 = ORIENTED_EDGE ( 'NONE', *, *, #6086, .T. ) ;
#440 = SURFACE_STYLE_USAGE ( .BOTH. , #3340 ) ;
#441 = VECTOR ( 'NONE', #6120, 1000.000000000000000 ) ;
#442 = MECHANICAL_DESIGN_GEOMETRIC_PRESENTATION_REPRESENTATION (  '', ( #3628 ), #943 ) ;
#443 = UNCERTAINTY_MEASURE_WITH_UNIT (LENGTH_MEASURE( 1.000000000000000082E-05 ), #1673, 'distance_accuracy_value', 'NONE');
#444 = PRESENTATION_LAYER_ASSIGNMENT (  '', '', ( #1734 ) ) ;
#445 = LINE ( 'NONE', #3410, #647 ) ;
#446 = FILL_AREA_STYLE ('',( #356 ) ) ;
#447 = EDGE_LOOP ( 'NONE', ( #582, #5132, #4601, #4419 ) ) ;
#448 =( LENGTH_UNIT ( ) NAMED_UNIT ( * ) SI_UNIT ( .MILLI., .METRE. ) );
#449 = PRESENTATION_LAYER_ASSIGNMENT (  '', '', ( #4327 ) ) ;
#450 =( GEOMETRIC_REPRESENTATION_CONTEXT ( 3 ) GLOBAL_UNCERTAINTY_ASSIGNED_CONTEXT ( ( #5231 ) ) GLOBAL_UNIT_ASSIGNED_CONTEXT ( ( #5046, #5878, #4427 ) ) REPRESENTATION_CONTEXT ( 'NONE', 'WORKASPACE' ) );
#451 = AXIS2_PLACEMENT_3D ( 'NONE', #3919, #112, #5362 ) ;
#452 =( NAMED_UNIT ( * ) PLANE_ANGLE_UNIT ( ) SI_UNIT ( $, .RADIAN. ) );
#453 = FILL_AREA_STYLE ('',( #4749 ) ) ;
#454 = FACE_OUTER_BOUND ( 'NONE', #82, .T. ) ;
#455 = DIRECTION ( 'NONE',  ( 0.000000000000000000, 1.000000000000000000, 0.000000000000000000 ) ) ;
#456 = VERTEX_POINT ( 'NONE', #4154 ) ;
#457 = PRESENTATION_LAYER_ASSIGNMENT (  '', '', ( #1745 ) ) ;
#458 = COLOUR_RGB ( '',0.8313725490196077761, 0.8392156862745098200, 0.8313725490196077761 ) ;
#459 = AXIS2_PLACEMENT_3D ( 'NONE', #3137, #5350, #3024 ) ;
#460 = ORIENTED_EDGE ( 'NONE', *, *, #2608, .T. ) ;
#461 =( GEOMETRIC_REPRESENTATION_CONTEXT ( 3 ) GLOBAL_UNCERTAINTY_ASSIGNED_CONTEXT ( ( #1376 ) ) GLOBAL_UNIT_ASSIGNED_CONTEXT ( ( #2754, #384, #3313 ) ) REPRESENTATION_CONTEXT ( 'NONE', 'WORKASPACE' ) );
#462 = DIRECTION ( 'NONE',  ( -0.000000000000000000, 0.000000000000000000, 1.000000000000000000 ) ) ;
#463 = EDGE_CURVE ( 'NONE', #1005, #434, #6029, .T. ) ;
#464 =( NAMED_UNIT ( * ) PLANE_ANGLE_UNIT ( ) SI_UNIT ( $, .RADIAN. ) );
#465 = CARTESIAN_POINT ( 'NONE',  ( 1.720127565808666104, 1.306864754528498374, -0.5700000000000010614 ) ) ;
#466 = EDGE_LOOP ( 'NONE', ( #2941, #1678, #300, #1604 ) ) ;
#467 = ORIENTED_EDGE ( 'NONE', *, *, #3492, .T. ) ;
#468 = SURFACE_STYLE_FILL_AREA ( #5731 ) ;
#469 = CARTESIAN_POINT ( 'NONE',  ( -0.6765465593547973500, -0.5565939275861466751, 0.05000000000000000278 ) ) ;
#470 = LINE ( 'NONE', #1072, #4225 ) ;
#471 = DIRECTION ( 'NONE',  ( -0.000000000000000000, -0.000000000000000000, -1.000000000000000000 ) ) ;
#472 = ADVANCED_FACE ( 'NONE', ( #5564 ), #3519, .T. ) ;
#473 = EDGE_CURVE ( 'NONE', #697, #2782, #4078, .T. ) ;
#474 = EDGE_LOOP ( 'NONE', ( #4681, #2486, #1434, #2427 ) ) ;
#475 = CARTESIAN_POINT ( 'NONE',  ( -1.097766393803939255, -1.431434946801785957, -0.6700000000000000400 ) ) ;
#476 = SURFACE_STYLE_USAGE ( .BOTH. , #4739 ) ;
#477 =( LENGTH_UNIT ( ) NAMED_UNIT ( * ) SI_UNIT ( .MILLI., .METRE. ) );
#478 = PLANE ( 'NONE',  #5909 ) ;
#479 = FILL_AREA_STYLE ('',( #2438 ) ) ;
#480 = SURFACE_STYLE_FILL_AREA ( #1051 ) ;
#481 = ORIENTED_EDGE ( 'NONE', *, *, #885, .T. ) ;
#482 = CARTESIAN_POINT ( 'NONE',  ( -1.750000000000000444, 1.306864754528498374, 0.000000000000000000 ) ) ;
#483 =( LENGTH_UNIT ( ) NAMED_UNIT ( * ) SI_UNIT ( .MILLI., .METRE. ) );
#484 =( GEOMETRIC_REPRESENTATION_CONTEXT ( 3 ) GLOBAL_UNCERTAINTY_ASSIGNED_CONTEXT ( ( #5349 ) ) GLOBAL_UNIT_ASSIGNED_CONTEXT ( ( #973, #51, #3406 ) ) REPRESENTATION_CONTEXT ( 'NONE', 'WORKASPACE' ) );
#485 = CARTESIAN_POINT ( 'NONE',  ( -1.653762470121484363, 0.9037624701214834744, 0.6000000000000000888 ) ) ;
#486 = DIRECTION ( 'NONE',  ( -1.743673658963608962E-17, 1.000000000000000000, 0.000000000000000000 ) ) ;
#487 = ORIENTED_EDGE ( 'NONE', *, *, #885, .F. ) ;
#488 = SURFACE_STYLE_FILL_AREA ( #4320 ) ;
#489 =( GEOMETRIC_REPRESENTATION_CONTEXT ( 3 ) GLOBAL_UNCERTAINTY_ASSIGNED_CONTEXT ( ( #3749 ) ) GLOBAL_UNIT_ASSIGNED_CONTEXT ( ( #5478, #2769, #1347 ) ) REPRESENTATION_CONTEXT ( 'NONE', 'WORKASPACE' ) );
#490 = CYLINDRICAL_SURFACE ( 'NONE', #2586, 0.3000000000000000999 ) ;
#491 = COLOUR_RGB ( '',0.8313725490196077761, 0.8392156862745098200, 0.8313725490196077761 ) ;
#492 = ORIENTED_EDGE ( 'NONE', *, *, #1323, .F. ) ;
#493 =( NAMED_UNIT ( * ) SI_UNIT ( $, .STERADIAN. ) SOLID_ANGLE_UNIT ( ) );
#494 = CARTESIAN_POINT ( 'NONE',  ( -2.106449935114694364E-16, -1.699999999999999956, -0.8699999999999999956 ) ) ;
#495 = CARTESIAN_POINT ( 'NONE',  ( -0.1016364463799759588, 0.1994353412954477101, 0.1500000000000000222 ) ) ;
#496 = ORIENTED_EDGE ( 'NONE', *, *, #5077, .F. ) ;
#497 = PRESENTATION_LAYER_ASSIGNMENT (  '', '', ( #3588 ) ) ;
#498 =( GEOMETRIC_REPRESENTATION_CONTEXT ( 3 ) GLOBAL_UNCERTAINTY_ASSIGNED_CONTEXT ( ( #507 ) ) GLOBAL_UNIT_ASSIGNED_CONTEXT ( ( #5147, #3823, #900 ) ) REPRESENTATION_CONTEXT ( 'NONE', 'WORKASPACE' ) );
#499 = AXIS2_PLACEMENT_3D ( 'NONE', #1124, #4979, #755 ) ;
#500 = EDGE_CURVE ( 'NONE', #2128, #4246, #3583, .T. ) ;
#501 = ORIENTED_EDGE ( 'NONE', *, *, #1409, .T. ) ;
#502 = DIRECTION ( 'NONE',  ( 0.000000000000000000, 1.000000000000000000, 0.000000000000000000 ) ) ;
#503 = MECHANICAL_DESIGN_GEOMETRIC_PRESENTATION_REPRESENTATION (  '', ( #6040 ), #3202 ) ;
#504 = PRESENTATION_LAYER_ASSIGNMENT (  '', '', ( #1488 ) ) ;
#505 = LINE ( 'NONE', #5733, #1755 ) ;
#506 = VECTOR ( 'NONE', #1674, 1000.000000000000000 ) ;
#507 = UNCERTAINTY_MEASURE_WITH_UNIT (LENGTH_MEASURE( 1.000000000000000082E-05 ), #5147, 'distance_accuracy_value', 'NONE');
#508 = PRESENTATION_STYLE_ASSIGNMENT (( #5284 ) ) ;
#509 = PRESENTATION_LAYER_ASSIGNMENT (  '', '', ( #5959 ) ) ;
#510 = ADVANCED_FACE ( 'NONE', ( #691 ), #1150, .F. ) ;
#511 = FILL_AREA_STYLE ('',( #541 ) ) ;
#512 = FACE_OUTER_BOUND ( 'NONE', #7, .T. ) ;
#513 = COLOUR_RGB ( '',0.003921568627450980338, 0.000000000000000000, 0.3372549019607843368 ) ;
#514 = DIRECTION ( 'NONE',  ( 1.000000000000000000, 0.000000000000000000, 0.000000000000000000 ) ) ;
#515 = ORIENTED_EDGE ( 'NONE', *, *, #167, .T. ) ;
#516 = LINE ( 'NONE', #6125, #1600 ) ;
#517 = UNCERTAINTY_MEASURE_WITH_UNIT (LENGTH_MEASURE( 1.000000000000000082E-05 ), #146, 'distance_accuracy_value', 'NONE');
#518 = ADVANCED_FACE ( 'NONE', ( #3124 ), #244, .F. ) ;
#519 = MANIFOLD_SOLID_BREP ( '\X2\0411043e0431044b0448043a0430\X0\-\X2\0412044b0442044f043d04430442044c\X0\4[1]', #3470 ) ;
#520 = ORIENTED_EDGE ( 'NONE', *, *, #4230, .T. ) ;
#521 = PRESENTATION_STYLE_ASSIGNMENT (( #3297 ) ) ;
#522 = SURFACE_STYLE_USAGE ( .BOTH. , #2894 ) ;
#523 = FILL_AREA_STYLE_COLOUR ( '', #2595 ) ;
#524 = DIRECTION ( 'NONE',  ( -0.000000000000000000, -0.000000000000000000, -1.000000000000000000 ) ) ;
#525 = CARTESIAN_POINT ( 'NONE',  ( -0.1016364463799759588, 0.1994353412954477101, 0.1500000000000000222 ) ) ;
#526 = SURFACE_SIDE_STYLE ('',( #4892 ) ) ;
#527 = DIRECTION ( 'NONE',  ( -0.000000000000000000, -0.000000000000000000, -1.000000000000000000 ) ) ;
#528 = CARTESIAN_POINT ( 'NONE',  ( 1.653762470121483696, -1.750000000000000222, 1.100000000000000311 ) ) ;
#529 = EDGE_LOOP ( 'NONE', ( #5295, #3921, #1423, #3399 ) ) ;
#530 = PLANE ( 'NONE',  #5075 ) ;
#531 = CARTESIAN_POINT ( 'NONE',  ( -1.720127565808666326, -1.193135245471501404, -0.5700000000000006173 ) ) ;
#532 = ORIENTED_EDGE ( 'NONE', *, *, #5939, .T. ) ;
#533 = VECTOR ( 'NONE', #4023, 1000.000000000000000 ) ;
#534 = EDGE_LOOP ( 'NONE', ( #3035, #467, #3373, #4986, #201 ) ) ;
#535 = SURFACE_SIDE_STYLE ('',( #5794 ) ) ;
#536 = SURFACE_SIDE_STYLE ('',( #5732 ) ) ;
#537 =( GEOMETRIC_REPRESENTATION_CONTEXT ( 3 ) GLOBAL_UNCERTAINTY_ASSIGNED_CONTEXT ( ( #5970 ) ) GLOBAL_UNIT_ASSIGNED_CONTEXT ( ( #2159, #268, #3479 ) ) REPRESENTATION_CONTEXT ( 'NONE', 'WORKASPACE' ) );
#538 = PRESENTATION_STYLE_ASSIGNMENT (( #5798 ) ) ;
#539 = CARTESIAN_POINT ( 'NONE',  ( 0.000000000000000000, 0.000000000000000000, -0.6700000000000000400 ) ) ;
#540 = PRESENTATION_LAYER_ASSIGNMENT (  '', '', ( #4116 ) ) ;
#541 = FILL_AREA_STYLE_COLOUR ( '', #1421 ) ;
#542 = SURFACE_STYLE_FILL_AREA ( #3753 ) ;
#543 = VECTOR ( 'NONE', #5063, 1000.000000000000000 ) ;
#544 = VERTEX_POINT ( 'NONE', #4387 ) ;
#545 = ADVANCED_FACE ( 'NONE', ( #115, #1477 ), #5747, .T. ) ;
#546 = FACE_OUTER_BOUND ( 'NONE', #2343, .T. ) ;
#547 = COLOUR_RGB ( '',0.8980392156862745390, 0.9215686274509803377, 0.9294117647058823817 ) ;
#548 = VERTEX_POINT ( 'NONE', #4747 ) ;
#549 = FACE_OUTER_BOUND ( 'NONE', #3055, .T. ) ;
#550 = DIRECTION ( 'NONE',  ( -0.000000000000000000, -0.000000000000000000, -1.000000000000000000 ) ) ;
#551 = ADVANCED_FACE ( 'NONE', ( #549 ), #2412, .F. ) ;
#552 = ADVANCED_FACE ( 'NONE', ( #108 ), #1441, .F. ) ;
#553 = SURFACE_STYLE_USAGE ( .BOTH. , #6131 ) ;
#554 = VECTOR ( 'NONE', #260, 1000.000000000000000 ) ;
#555 = CARTESIAN_POINT ( 'NONE',  ( -1.748018770656109666, 0.5068647545284983291, -0.03780410792051384222 ) ) ;
#556 = FILL_AREA_STYLE ('',( #2928 ) ) ;
#557 = SURFACE_SIDE_STYLE ('',( #1943 ) ) ;
#558 = MECHANICAL_DESIGN_GEOMETRIC_PRESENTATION_REPRESENTATION (  '', ( #5502 ), #450 ) ;
#559 = SURFACE_STYLE_USAGE ( .BOTH. , #3034 ) ;
#560 = VECTOR ( 'NONE', #4603, 1000.000000000000000 ) ;
#561 = PRESENTATION_STYLE_ASSIGNMENT (( #5211 ) ) ;
#562 = CARTESIAN_POINT ( 'NONE',  ( -1.505672411292870772, -0.7065939275861465863, 0.05000000000000000278 ) ) ;
#563 =( LENGTH_UNIT ( ) NAMED_UNIT ( * ) SI_UNIT ( .MILLI., .METRE. ) );
#564 = VECTOR ( 'NONE', #1665, 1000.000000000000000 ) ;
#565 = SURFACE_STYLE_FILL_AREA ( #1985 ) ;
#566 = ORIENTED_EDGE ( 'NONE', *, *, #5072, .F. ) ;
#567 = ORIENTED_EDGE ( 'NONE', *, *, #5683, .T. ) ;
#568 = FILL_AREA_STYLE_COLOUR ( '', #3933 ) ;
#569 = PRESENTATION_LAYER_ASSIGNMENT (  '', '', ( #2559 ) ) ;
#570 = ORIENTED_EDGE ( 'NONE', *, *, #3603, .T. ) ;
#571 = SURFACE_STYLE_FILL_AREA ( #2984 ) ;
#572 = UNCERTAINTY_MEASURE_WITH_UNIT (LENGTH_MEASURE( 1.000000000000000082E-05 ), #1121, 'distance_accuracy_value', 'NONE');
#573 = FILL_AREA_STYLE_COLOUR ( '', #5508 ) ;
#574 = VECTOR ( 'NONE', #3547, 1000.000000000000000 ) ;
#575 = CARTESIAN_POINT ( 'NONE',  ( 0.2971365777156377841, -0.03945942873076218466, 0.1500000000000000222 ) ) ;
#576 = SURFACE_SIDE_STYLE ('',( #1045 ) ) ;
#577 = ORIENTED_EDGE ( 'NONE', *, *, #391, .T. ) ;
#578 = CLOSED_SHELL ( 'NONE', ( #5432, #4151, #4358, #5175, #2074, #5425, #925, #5850, #2841, #4692, #1041 ) ) ;
#579 = SURFACE_STYLE_FILL_AREA ( #5935 ) ;
#580 = UNCERTAINTY_MEASURE_WITH_UNIT (LENGTH_MEASURE( 1.000000000000000082E-05 ), #4565, 'distance_accuracy_value', 'NONE');
#581 = PRESENTATION_STYLE_ASSIGNMENT (( #3320 ) ) ;
#582 = ORIENTED_EDGE ( 'NONE', *, *, #785, .T. ) ;
#583 = EDGE_CURVE ( 'NONE', #1002, #1417, #2925, .T. ) ;
#584 = DIRECTION ( 'NONE',  ( 1.000000000000000000, -0.000000000000000000, -0.000000000000000000 ) ) ;
#585 = DIRECTION ( 'NONE',  ( -0.000000000000000000, -0.000000000000000000, -1.000000000000000000 ) ) ;
#586 = CARTESIAN_POINT ( 'NONE',  ( 1.749999999999999778, -0.3931352454715018041, -1.355252715606880543E-17 ) ) ;
#587 = SURFACE_SIDE_STYLE ('',( #5017 ) ) ;
#588 = MECHANICAL_DESIGN_GEOMETRIC_PRESENTATION_REPRESENTATION (  '', ( #4956 ), #3370 ) ;
#589 = FILL_AREA_STYLE_COLOUR ( '', #2461 ) ;
#590 =( LENGTH_UNIT ( ) NAMED_UNIT ( * ) SI_UNIT ( .MILLI., .METRE. ) );
#591 = LINE ( 'NONE', #3215, #884 ) ;
#592 =( NAMED_UNIT ( * ) SI_UNIT ( $, .STERADIAN. ) SOLID_ANGLE_UNIT ( ) );
#593 = EDGE_CURVE ( 'NONE', #5355, #3233, #4342, .T. ) ;
#594 = SURFACE_STYLE_USAGE ( .BOTH. , #5303 ) ;
#595 = MECHANICAL_DESIGN_GEOMETRIC_PRESENTATION_REPRESENTATION (  '', ( #889 ), #2682 ) ;
#596 = EDGE_LOOP ( 'NONE', ( #2076, #4178, #48, #5098 ) ) ;
#597 = SURFACE_SIDE_STYLE ('',( #966 ) ) ;
#598 = LINE ( 'NONE', #4760, #199 ) ;
#599 =( NAMED_UNIT ( * ) PLANE_ANGLE_UNIT ( ) SI_UNIT ( $, .RADIAN. ) );
#600 = ORIENTED_EDGE ( 'NONE', *, *, #5689, .F. ) ;
#601 = COLOUR_RGB ( '',0.8313725490196077761, 0.8392156862745098200, 0.8313725490196077761 ) ;
#602 = VECTOR ( 'NONE', #4242, 1000.000000000000000 ) ;
#603 = ADVANCED_FACE ( 'NONE', ( #3118 ), #3953, .F. ) ;
#604 = ORIENTED_EDGE ( 'NONE', *, *, #5028, .T. ) ;
#605 = CARTESIAN_POINT ( 'NONE',  ( -1.097766393803939255, -1.431434946801785957, -0.6700000000000000400 ) ) ;
#606 = SURFACE_STYLE_USAGE ( .BOTH. , #535 ) ;
#607 = DIRECTION ( 'NONE',  ( 0.000000000000000000, 0.000000000000000000, -1.000000000000000000 ) ) ;
#608 = ORIENTED_EDGE ( 'NONE', *, *, #2216, .T. ) ;
#609 = CARTESIAN_POINT ( 'NONE',  ( 2.106449935114694364E-16, -1.699999999999999956, -0.8699999999999999956 ) ) ;
#610 = VECTOR ( 'NONE', #2272, 1000.000000000000000 ) ;
#611 = AXIS2_PLACEMENT_3D ( 'NONE', #2264, #2170, #5513 ) ;
#612 = MECHANICAL_DESIGN_GEOMETRIC_PRESENTATION_REPRESENTATION (  '', ( #94 ), #5447 ) ;
#613 = CARTESIAN_POINT ( 'NONE',  ( -0.03316504619021998224, -1.549652246857879279, 0.000000000000000000 ) ) ;
#614 = PRESENTATION_LAYER_ASSIGNMENT (  '', '', ( #3993 ) ) ;
#615 = MECHANICAL_DESIGN_GEOMETRIC_PRESENTATION_REPRESENTATION (  '', ( #5358 ), #4089 ) ;
#616 = ORIENTED_EDGE ( 'NONE', *, *, #4620, .T. ) ;
#617 = DIRECTION ( 'NONE',  ( 0.000000000000000000, -0.000000000000000000, 1.000000000000000000 ) ) ;
#618 = VECTOR ( 'NONE', #631, 1000.000000000000000 ) ;
#619 =( NAMED_UNIT ( * ) PLANE_ANGLE_UNIT ( ) SI_UNIT ( $, .RADIAN. ) );
#620 = DIRECTION ( 'NONE',  ( 1.000000000000000000, 0.000000000000000000, 0.000000000000000000 ) ) ;
#621 = VECTOR ( 'NONE', #1273, 1000.000000000000114 ) ;
#622 = ORIENTED_EDGE ( 'NONE', *, *, #4190, .T. ) ;
#623 = PRESENTATION_STYLE_ASSIGNMENT (( #3954 ) ) ;
#624 =( LENGTH_UNIT ( ) NAMED_UNIT ( * ) SI_UNIT ( .MILLI., .METRE. ) );
#625 = PRESENTATION_STYLE_ASSIGNMENT (( #2220 ) ) ;
#626 = LINE ( 'NONE', #5756, #4823 ) ;
#627 = VERTEX_POINT ( 'NONE', #5369 ) ;
#628 = DIRECTION ( 'NONE',  ( 0.000000000000000000, 0.000000000000000000, 1.000000000000000000 ) ) ;
#629 = FILL_AREA_STYLE ('',( #656 ) ) ;
#630 = CARTESIAN_POINT ( 'NONE',  ( -0.5265465593547974388, -0.4971160600431790977, 0.05000000000000000278 ) ) ;
#631 = DIRECTION ( 'NONE',  ( 1.000000000000000000, -0.000000000000000000, -0.000000000000000000 ) ) ;
#632 = ADVANCED_FACE ( 'NONE', ( #3036 ), #653, .F. ) ;
#633 = VERTEX_POINT ( 'NONE', #3212 ) ;
#634 = ORIENTED_EDGE ( 'NONE', *, *, #463, .F. ) ;
#635 = CARTESIAN_POINT ( 'NONE',  ( 1.002233606196060833, 0.5068647545284991063, -0.8000000000000000444 ) ) ;
#636 = EDGE_LOOP ( 'NONE', ( #1707, #3102, #187, #608 ) ) ;
#637 = EDGE_CURVE ( 'NONE', #5286, #3019, #5117, .T. ) ;
#638 = UNCERTAINTY_MEASURE_WITH_UNIT (LENGTH_MEASURE( 1.000000000000000082E-05 ), #2669, 'distance_accuracy_value', 'NONE');
#639 = SURFACE_SIDE_STYLE ('',( #2986 ) ) ;
#640 = STYLED_ITEM ( 'NONE', ( #645 ), #4692 ) ;
#641 = ORIENTED_EDGE ( 'NONE', *, *, #3068, .T. ) ;
#642 = UNCERTAINTY_MEASURE_WITH_UNIT (LENGTH_MEASURE( 1.000000000000000082E-05 ), #4766, 'distance_accuracy_value', 'NONE');
#643 = MECHANICAL_DESIGN_GEOMETRIC_PRESENTATION_REPRESENTATION (  '', ( #5293 ), #1224 ) ;
#644 = DIRECTION ( 'NONE',  ( -1.000000000000000000, 1.548860246407862843E-16, -0.000000000000000000 ) ) ;
#645 = PRESENTATION_STYLE_ASSIGNMENT (( #5848 ) ) ;
#646 = ORIENTED_EDGE ( 'NONE', *, *, #3261, .T. ) ;
#647 = VECTOR ( 'NONE', #21, 1000.000000000000000 ) ;
#648 = CARTESIAN_POINT ( 'NONE',  ( 0.000000000000000000, -0.3931352454715015821, -0.8000000000000000444 ) ) ;
#649 = CARTESIAN_POINT ( 'NONE',  ( -0.1831650461902199489, -0.4971160600431790977, 0.000000000000000000 ) ) ;
#650 =( LENGTH_UNIT ( ) NAMED_UNIT ( * ) SI_UNIT ( .MILLI., .METRE. ) );
#651 = DIRECTION ( 'NONE',  ( -0.05233595624294388321, 0.000000000000000000, 0.9986295347545739443 ) ) ;
#652 = VECTOR ( 'NONE', #5662, 1000.000000000000000 ) ;
#653 = PLANE ( 'NONE',  #2561 ) ;
#654 =( LENGTH_UNIT ( ) NAMED_UNIT ( * ) SI_UNIT ( .MILLI., .METRE. ) );
#655 = FILL_AREA_STYLE_COLOUR ( '', #2799 ) ;
#656 = FILL_AREA_STYLE_COLOUR ( '', #513 ) ;
#657 = FILL_AREA_STYLE ('',( #3039 ) ) ;
#658 =( NAMED_UNIT ( * ) PLANE_ANGLE_UNIT ( ) SI_UNIT ( $, .RADIAN. ) );
#659 = COLOUR_RGB ( '',0.8313725490196077761, 0.8392156862745098200, 0.8313725490196077761 ) ;
#660 = VECTOR ( 'NONE', #5014, 1000.000000000000000 ) ;
#661 = EDGE_LOOP ( 'NONE', ( #1962, #4505, #4220 ) ) ;
#662 = SURFACE_SIDE_STYLE ('',( #3904 ) ) ;
#663 = CARTESIAN_POINT ( 'NONE',  ( -0.1831650461902199489, -0.01557973693398068474, 0.05000000000000000278 ) ) ;
#664 = EDGE_CURVE ( 'NONE', #5797, #1472, #1788, .T. ) ;
#665 =( NAMED_UNIT ( * ) PLANE_ANGLE_UNIT ( ) SI_UNIT ( $, .RADIAN. ) );
#666 = LINE ( 'NONE', #223, #5051 ) ;
#667 = CIRCLE ( 'NONE', #2960, 0.1499999999999999667 ) ;
#668 = ORIENTED_EDGE ( 'NONE', *, *, #3667, .F. ) ;
#669 = STYLED_ITEM ( 'NONE', ( #3495 ), #472 ) ;
#670 = SURFACE_STYLE_FILL_AREA ( #4058 ) ;
#671 = CARTESIAN_POINT ( 'NONE',  ( -0.8265465593547973722, -0.7065939275861464752, 0.05000000000000000278 ) ) ;
#672 = PRESENTATION_LAYER_ASSIGNMENT (  '', '', ( #2856 ) ) ;
#673 = AXIS2_PLACEMENT_3D ( 'NONE', #5624, #5233, #983 ) ;
#674 = EDGE_CURVE ( 'NONE', #5193, #3869, #4158, .T. ) ;
#675 = CARTESIAN_POINT ( 'NONE',  ( 0.2103187164337327886, -1.454651929937279320, 0.05000000000000000278 ) ) ;
#676 = ADVANCED_FACE ( 'NONE', ( #6065 ), #2710, .F. ) ;
#677 = PRESENTATION_LAYER_ASSIGNMENT (  '', '', ( #3354 ) ) ;
#678 = VECTOR ( 'NONE', #4746, 1000.000000000000000 ) ;
#679 =( NAMED_UNIT ( * ) PLANE_ANGLE_UNIT ( ) SI_UNIT ( $, .RADIAN. ) );
#680 = CARTESIAN_POINT ( 'NONE',  ( -1.602233606196061366, -0.3931352454715015821, -0.8000000000000000444 ) ) ;
#681 = CARTESIAN_POINT ( 'NONE',  ( -0.9037624701214840295, 1.653762470121483474, 0.6000000000000000888 ) ) ;
#682 = SURFACE_STYLE_USAGE ( .BOTH. , #4376 ) ;
#683 = ORIENTED_EDGE ( 'NONE', *, *, #438, .F. ) ;
#684 = EDGE_CURVE ( 'NONE', #4125, #4479, #4588, .T. ) ;
#685 = FILL_AREA_STYLE ('',( #4501 ) ) ;
#686 = DIRECTION ( 'NONE',  ( -1.000000000000000000, -0.000000000000000000, -0.000000000000000000 ) ) ;
#687 = CARTESIAN_POINT ( 'NONE',  ( 1.002233606196061055, 1.306864754528499262, -0.8000000000000000444 ) ) ;
#688 = SURFACE_SIDE_STYLE ('',( #2203 ) ) ;
#689 = FILL_AREA_STYLE ('',( #1979 ) ) ;
#690 = ORIENTED_EDGE ( 'NONE', *, *, #6154, .T. ) ;
#691 = FACE_OUTER_BOUND ( 'NONE', #3907, .T. ) ;
#692 = DIRECTION ( 'NONE',  ( 0.000000000000000000, 0.000000000000000000, 1.000000000000000000 ) ) ;
#693 = DIRECTION ( 'NONE',  ( -0.000000000000000000, -0.000000000000000000, -1.000000000000000000 ) ) ;
#694 = LINE ( 'NONE', #5423, #618 ) ;
#695 = DIRECTION ( 'NONE',  ( 1.000000000000000000, 0.000000000000000000, 0.000000000000000000 ) ) ;
#696 = LINE ( 'NONE', #728, #231 ) ;
#697 = VERTEX_POINT ( 'NONE', #898 ) ;
#698 = UNCERTAINTY_MEASURE_WITH_UNIT (LENGTH_MEASURE( 1.000000000000000082E-05 ), #16, 'distance_accuracy_value', 'NONE');
#699 = EDGE_CURVE ( 'NONE', #4125, #2455, #1846, .T. ) ;
#700 = VECTOR ( 'NONE', #4793, 1000.000000000000000 ) ;
#701 = LINE ( 'NONE', #5937, #3342 ) ;
#702 =( GEOMETRIC_REPRESENTATION_CONTEXT ( 3 ) GLOBAL_UNCERTAINTY_ASSIGNED_CONTEXT ( ( #3809 ) ) GLOBAL_UNIT_ASSIGNED_CONTEXT ( ( #2305, #1274, #5634 ) ) REPRESENTATION_CONTEXT ( 'NONE', 'WORKASPACE' ) );
#703 = STYLED_ITEM ( 'NONE', ( #3482 ), #4640 ) ;
#704 =( GEOMETRIC_REPRESENTATION_CONTEXT ( 3 ) GLOBAL_UNCERTAINTY_ASSIGNED_CONTEXT ( ( #887 ) ) GLOBAL_UNIT_ASSIGNED_CONTEXT ( ( #5809, #1048, #2436 ) ) REPRESENTATION_CONTEXT ( 'NONE', 'WORKASPACE' ) );
#705 = EDGE_CURVE ( 'NONE', #1915, #5307, #1232, .T. ) ;
#706 = SURFACE_STYLE_FILL_AREA ( #768 ) ;
#707 = VECTOR ( 'NONE', #5297, 1000.000000000000000 ) ;
#708 = STYLED_ITEM ( 'NONE', ( #306 ), #3219 ) ;
#709 =( GEOMETRIC_REPRESENTATION_CONTEXT ( 3 ) GLOBAL_UNCERTAINTY_ASSIGNED_CONTEXT ( ( #2696 ) ) GLOBAL_UNIT_ASSIGNED_CONTEXT ( ( #725, #3929, #4509 ) ) REPRESENTATION_CONTEXT ( 'NONE', 'WORKASPACE' ) );
#710 = ORIENTED_EDGE ( 'NONE', *, *, #5472, .F. ) ;
#711 = STYLED_ITEM ( 'NONE', ( #2904 ), #4464 ) ;
#712 = MECHANICAL_DESIGN_GEOMETRIC_PRESENTATION_REPRESENTATION (  '', ( #204 ), #4981 ) ;
#713 = FILL_AREA_STYLE ('',( #5854 ) ) ;
#714 = SURFACE_SIDE_STYLE ('',( #205 ) ) ;
#715 = DIRECTION ( 'NONE',  ( 1.743673658963608962E-17, -1.000000000000000000, -0.000000000000000000 ) ) ;
#716 = EDGE_CURVE ( 'NONE', #1095, #1996, #5029, .T. ) ;
#717 = CARTESIAN_POINT ( 'NONE',  ( 0.2971365777156377841, 0.1605405712692378195, 0.1500000000000000222 ) ) ;
#718 = ORIENTED_EDGE ( 'NONE', *, *, #3412, .F. ) ;
#719 = PRESENTATION_LAYER_ASSIGNMENT (  '', '', ( #5536 ) ) ;
#720 = CARTESIAN_POINT ( 'NONE',  ( -0.6765465593547973500, -0.4971160600431790977, 0.05000000000000000278 ) ) ;
#721 = CARTESIAN_POINT ( 'NONE',  ( -1.002233606196060833, -1.193135245471500960, -0.8699999999999999956 ) ) ;
#722 = SURFACE_STYLE_FILL_AREA ( #5420 ) ;
#723 = SURFACE_SIDE_STYLE ('',( #3092 ) ) ;
#724 = DIRECTION ( 'NONE',  ( -1.000000000000000000, 0.000000000000000000, 0.000000000000000000 ) ) ;
#725 =( LENGTH_UNIT ( ) NAMED_UNIT ( * ) SI_UNIT ( .MILLI., .METRE. ) );
#726 = EDGE_LOOP ( 'NONE', ( #3589, #3516, #3666, #4113 ) ) ;
#727 = DIRECTION ( 'NONE',  ( -2.937807041787227880E-17, -1.000000000000000000, 0.000000000000000000 ) ) ;
#728 = CARTESIAN_POINT ( 'NONE',  ( 1.708073776573566738, 2.116454056373235472E-16, -0.8000000000000000444 ) ) ;
#729 = EDGE_LOOP ( 'NONE', ( #5792, #4081, #730, #3902 ) ) ;
#730 = ORIENTED_EDGE ( 'NONE', *, *, #4718, .F. ) ;
#731 = DIRECTION ( 'NONE',  ( -0.000000000000000000, 1.000000000000000000, -0.000000000000000000 ) ) ;
#732 = LINE ( 'NONE', #2121, #1944 ) ;
#733 = DIRECTION ( 'NONE',  ( -1.000000000000000000, 0.000000000000000000, 0.000000000000000000 ) ) ;
#734 = SURFACE_STYLE_USAGE ( .BOTH. , #1197 ) ;
#735 = ADVANCED_FACE ( 'NONE', ( #2204 ), #5313, .F. ) ;
#736 = DIRECTION ( 'NONE',  ( 1.000000000000000000, 0.000000000000000000, -0.000000000000000000 ) ) ;
#737 = CARTESIAN_POINT ( 'NONE',  ( 1.002233606196060833, -1.193135245471500960, -0.8699999999999999956 ) ) ;
#738 = ORIENTED_EDGE ( 'NONE', *, *, #4197, .T. ) ;
#739 = DIRECTION ( 'NONE',  ( -1.000000000000000000, 0.000000000000000000, 0.000000000000000000 ) ) ;
#740 = ADVANCED_FACE ( 'NONE', ( #2402 ), #942, .F. ) ;
#741 = VECTOR ( 'NONE', #2725, 1000.000000000000000 ) ;
#742 = FILL_AREA_STYLE_COLOUR ( '', #3499 ) ;
#743 = FACE_OUTER_BOUND ( 'NONE', #2674, .T. ) ;
#744 = PRESENTATION_STYLE_ASSIGNMENT (( #5000 ) ) ;
#745 = VERTEX_POINT ( 'NONE', #3808 ) ;
#746 =( GEOMETRIC_REPRESENTATION_CONTEXT ( 3 ) GLOBAL_UNCERTAINTY_ASSIGNED_CONTEXT ( ( #1133 ) ) GLOBAL_UNIT_ASSIGNED_CONTEXT ( ( #764, #5557, #2181 ) ) REPRESENTATION_CONTEXT ( 'NONE', 'WORKASPACE' ) );
#747 = ORIENTED_EDGE ( 'NONE', *, *, #3517, .F. ) ;
#748 = PLANE ( 'NONE',  #4069 ) ;
#749 = EDGE_CURVE ( 'NONE', #2257, #2473, #1521, .T. ) ;
#750 = AXIS2_PLACEMENT_3D ( 'NONE', #2778, #342, #2303 ) ;
#751 =( NAMED_UNIT ( * ) SI_UNIT ( $, .STERADIAN. ) SOLID_ANGLE_UNIT ( ) );
#752 = DIRECTION ( 'NONE',  ( 0.000000000000000000, -1.000000000000000000, 0.000000000000000000 ) ) ;
#753 = SURFACE_SIDE_STYLE ('',( #4018 ) ) ;
#754 = MECHANICAL_DESIGN_GEOMETRIC_PRESENTATION_REPRESENTATION (  '', ( #1431 ), #5893 ) ;
#755 = DIRECTION ( 'NONE',  ( 1.000000000000000000, 0.000000000000000000, 0.000000000000000000 ) ) ;
#756 =( NAMED_UNIT ( * ) SI_UNIT ( $, .STERADIAN. ) SOLID_ANGLE_UNIT ( ) );
#757 = PRESENTATION_STYLE_ASSIGNMENT (( #5899 ) ) ;
#758 = DIRECTION ( 'NONE',  ( -0.000000000000000000, -0.000000000000000000, 1.000000000000000000 ) ) ;
#759 = EDGE_LOOP ( 'NONE', ( #2730, #76, #1826, #4668 ) ) ;
#760 =( NAMED_UNIT ( * ) PLANE_ANGLE_UNIT ( ) SI_UNIT ( $, .RADIAN. ) );
#761 = FILL_AREA_STYLE ('',( #1683 ) ) ;
#762 = VECTOR ( 'NONE', #4368, 1000.000000000000000 ) ;
#763 = SURFACE_STYLE_USAGE ( .BOTH. , #4093 ) ;
#764 =( LENGTH_UNIT ( ) NAMED_UNIT ( * ) SI_UNIT ( .MILLI., .METRE. ) );
#765 = LINE ( 'NONE', #3599, #1149 ) ;
#766 = UNCERTAINTY_MEASURE_WITH_UNIT (LENGTH_MEASURE( 1.000000000000000082E-05 ), #5695, 'distance_accuracy_value', 'NONE');
#767 = VECTOR ( 'NONE', #3977, 1000.000000000000000 ) ;
#768 = FILL_AREA_STYLE ('',( #5437 ) ) ;
#769 = FILL_AREA_STYLE ('',( #200 ) ) ;
#770 = CARTESIAN_POINT ( 'NONE',  ( 0.2971365777156376731, 0.5212690557775702116, 0.1500000000000000222 ) ) ;
#771 = CARTESIAN_POINT ( 'NONE',  ( -0.1831650461902199489, -0.3471160600431791310, 0.05000000000000000278 ) ) ;
#772 = COLOUR_RGB ( '',0.8313725490196077761, 0.8392156862745098200, 0.8313725490196077761 ) ;
#773 = PRESENTATION_LAYER_ASSIGNMENT (  '', '', ( #54 ) ) ;
#774 = SURFACE_SIDE_STYLE ('',( #4179 ) ) ;
#775 =( LENGTH_UNIT ( ) NAMED_UNIT ( * ) SI_UNIT ( .MILLI., .METRE. ) );
#776 = CARTESIAN_POINT ( 'NONE',  ( 0.5960918573386841945, 0.2498278417103637350, 0.05000000000000000278 ) ) ;
#777 = ORIENTED_EDGE ( 'NONE', *, *, #1378, .T. ) ;
#778 = EDGE_CURVE ( 'NONE', #6064, #2524, #505, .T. ) ;
#779 = ORIENTED_EDGE ( 'NONE', *, *, #1568, .T. ) ;
#780 = CARTESIAN_POINT ( 'NONE',  ( -1.109580075665322685, 1.551982688423101648E-16, 0.000000000000000000 ) ) ;
#781 = CARTESIAN_POINT ( 'NONE',  ( 1.749999999999999556, 1.749999999999999778, 0.000000000000000000 ) ) ;
#782 = SURFACE_SIDE_STYLE ('',( #5119 ) ) ;
#783 =( NAMED_UNIT ( * ) PLANE_ANGLE_UNIT ( ) SI_UNIT ( $, .RADIAN. ) );
#784 = COLOUR_RGB ( '',1.000000000000000000, 0.000000000000000000, 0.000000000000000000 ) ;
#785 = EDGE_CURVE ( 'NONE', #3367, #2113, #3437, .T. ) ;
#786 = EDGE_LOOP ( 'NONE', ( #2794, #1210, #345, #1326 ) ) ;
#787 =( NAMED_UNIT ( * ) SI_UNIT ( $, .STERADIAN. ) SOLID_ANGLE_UNIT ( ) );
#788 = ORIENTED_EDGE ( 'NONE', *, *, #3661, .F. ) ;
#789 =( LENGTH_UNIT ( ) NAMED_UNIT ( * ) SI_UNIT ( .MILLI., .METRE. ) );
#790 = LINE ( 'NONE', #6019, #4784 ) ;
#791 = CARTESIAN_POINT ( 'NONE',  ( -0.03316504619021998224, -1.549652246857879279, 0.05000000000000000278 ) ) ;
#792 = AXIS2_PLACEMENT_3D ( 'NONE', #4752, #3960, #4285 ) ;
#793 = EDGE_CURVE ( 'NONE', #240, #799, #1428, .T. ) ;
#794 = DIRECTION ( 'NONE',  ( 0.08715574274765820750, 0.000000000000000000, -0.9961946980917455452 ) ) ;
#795 = DIRECTION ( 'NONE',  ( -1.000000000000000000, 0.000000000000000000, 0.000000000000000000 ) ) ;
#796 = DIRECTION ( 'NONE',  ( 3.560066835027028802E-15, 0.000000000000000000, -1.000000000000000000 ) ) ;
#797 = COLOUR_RGB ( '',0.8980392156862745390, 0.9215686274509803377, 0.9294117647058823817 ) ;
#798 = CARTESIAN_POINT ( 'NONE',  ( -0.03316504619021998224, 1.512774786421851037, 0.05000000000000000278 ) ) ;
#799 = VERTEX_POINT ( 'NONE', #4872 ) ;
#800 = FACE_OUTER_BOUND ( 'NONE', #3218, .T. ) ;
#801 = STYLED_ITEM ( 'NONE', ( #4017 ), #3147 ) ;
#802 = MECHANICAL_DESIGN_GEOMETRIC_PRESENTATION_REPRESENTATION (  '', ( #2380 ), #5157 ) ;
#803 =( NAMED_UNIT ( * ) PLANE_ANGLE_UNIT ( ) SI_UNIT ( $, .RADIAN. ) );
#804 = COLOUR_RGB ( '',0.8313725490196077761, 0.8392156862745098200, 0.8313725490196077761 ) ;
#805 = FILL_AREA_STYLE ('',( #2577 ) ) ;
#806 = COLOUR_RGB ( '',0.8980392156862745390, 0.9215686274509803377, 0.9294117647058823817 ) ;
#807 = VERTEX_POINT ( 'NONE', #5706 ) ;
#808 = VECTOR ( 'NONE', #1667, 1000.000000000000000 ) ;
#809 = MECHANICAL_DESIGN_GEOMETRIC_PRESENTATION_REPRESENTATION (  '', ( #1488 ), #3594 ) ;
#810 = CARTESIAN_POINT ( 'NONE',  ( 1.002233606196060833, -0.3931352454715011935, -0.8699999999999999956 ) ) ;
#811 = DIRECTION ( 'NONE',  ( 1.000000000000000000, 0.000000000000000000, -3.491481338843133355E-15 ) ) ;
#812 = FILL_AREA_STYLE ('',( #2231 ) ) ;
#813 = FACE_OUTER_BOUND ( 'NONE', #6015, .T. ) ;
#814 = PRESENTATION_STYLE_ASSIGNMENT (( #1762 ) ) ;
#815 = FILL_AREA_STYLE ('',( #3643 ) ) ;
#816 = AXIS2_PLACEMENT_3D ( 'NONE', #791, #317, #133 ) ;
#817 = AXIS2_PLACEMENT_3D ( 'NONE', #494, #3336, #1984 ) ;
#818 = ORIENTED_EDGE ( 'NONE', *, *, #2292, .F. ) ;
#819 = ORIENTED_EDGE ( 'NONE', *, *, #398, .T. ) ;
#820 = EDGE_CURVE ( 'NONE', #3962, #3414, #1489, .T. ) ;
#821 = FILL_AREA_STYLE ('',( #6076 ) ) ;
#822 = CARTESIAN_POINT ( 'NONE',  ( 1.321228911128271788, -1.454651929937279098, 0.000000000000000000 ) ) ;
#823 = LINE ( 'NONE', #1358, #610 ) ;
#824 = ORIENTED_EDGE ( 'NONE', *, *, #2882, .F. ) ;
#825 = FACE_OUTER_BOUND ( 'NONE', #2843, .T. ) ;
#826 = DIRECTION ( 'NONE',  ( 1.000000000000000000, 3.197673771563340347E-15, 0.000000000000000000 ) ) ;
#827 = LINE ( 'NONE', #4175, #2747 ) ;
#828 = CARTESIAN_POINT ( 'NONE',  ( 0.2971365777156377841, 0.1605405712692378195, 0.1500000000000000222 ) ) ;
#829 = ADVANCED_FACE ( 'NONE', ( #5282 ), #4832, .F. ) ;
#830 = SURFACE_STYLE_USAGE ( .BOTH. , #3569 ) ;
#831 = UNCERTAINTY_MEASURE_WITH_UNIT (LENGTH_MEASURE( 1.000000000000000082E-05 ), #334, 'distance_accuracy_value', 'NONE');
#832 = SURFACE_STYLE_FILL_AREA ( #5078 ) ;
#833 = CARTESIAN_POINT ( 'NONE',  ( -1.002233606196060833, -0.3931352454715011935, -0.8000000000000000444 ) ) ;
#834 = CARTESIAN_POINT ( 'NONE',  ( 0.000000000000000000, 0.000000000000000000, -0.6700000000000000400 ) ) ;
#835 = CARTESIAN_POINT ( 'NONE',  ( -0.5265465593547974388, -0.4971160600431790977, 0.000000000000000000 ) ) ;
#836 = FACE_OUTER_BOUND ( 'NONE', #1796, .T. ) ;
#837 = DIRECTION ( 'NONE',  ( -0.000000000000000000, -0.000000000000000000, -1.000000000000000000 ) ) ;
#838 = VECTOR ( 'NONE', #3502, 1000.000000000000000 ) ;
#839 = ORIENTED_EDGE ( 'NONE', *, *, #3715, .T. ) ;
#840 = STYLED_ITEM ( 'NONE', ( #2631 ), #4660 ) ;
#841 = VERTEX_POINT ( 'NONE', #810 ) ;
#842 =( LENGTH_UNIT ( ) NAMED_UNIT ( * ) SI_UNIT ( .MILLI., .METRE. ) );
#843 = CARTESIAN_POINT ( 'NONE',  ( -1.602233606196062699, 1.306864754528498374, -0.2999999999999991562 ) ) ;
#844 = PLANE ( 'NONE',  #2289 ) ;
#845 = LINE ( 'NONE', #6067, #1693 ) ;
#846 = ORIENTED_EDGE ( 'NONE', *, *, #3971, .T. ) ;
#847 = STYLED_ITEM ( 'NONE', ( #2720 ), #5108 ) ;
#848 = DIRECTION ( 'NONE',  ( -0.000000000000000000, -0.000000000000000000, -1.000000000000000000 ) ) ;
#849 = COLOUR_RGB ( '',1.000000000000000000, 1.000000000000000000, 1.000000000000000000 ) ;
#850 = ORIENTED_EDGE ( 'NONE', *, *, #5817, .T. ) ;
#851 = CARTESIAN_POINT ( 'NONE',  ( 0.7460918573386841057, -0.6860159872360372946, 0.05000000000000000278 ) ) ;
#852 = VERTEX_POINT ( 'NONE', #330 ) ;
#853 = COLOUR_RGB ( '',0.8980392156862745390, 0.9215686274509803377, 0.9294117647058823817 ) ;
#854 = EDGE_CURVE ( 'NONE', #2328, #544, #2229, .T. ) ;
#855 = VERTEX_POINT ( 'NONE', #5086 ) ;
#856 = DIRECTION ( 'NONE',  ( -1.000000000000000000, -0.000000000000000000, -0.000000000000000000 ) ) ;
#857 = DIRECTION ( 'NONE',  ( -1.000000000000000000, -0.000000000000000000, -0.000000000000000000 ) ) ;
#858 = DIRECTION ( 'NONE',  ( -0.000000000000000000, -1.000000000000000000, -0.000000000000000000 ) ) ;
#859 = MECHANICAL_DESIGN_GEOMETRIC_PRESENTATION_REPRESENTATION (  '', ( #1932 ), #2538 ) ;
#860 = EDGE_CURVE ( 'NONE', #1831, #2275, #366, .T. ) ;
#861 = LINE ( 'NONE', #5167, #5010 ) ;
#862 = VECTOR ( 'NONE', #3629, 1000.000000000000000 ) ;
#863 =( GEOMETRIC_REPRESENTATION_CONTEXT ( 3 ) GLOBAL_UNCERTAINTY_ASSIGNED_CONTEXT ( ( #4239 ) ) GLOBAL_UNIT_ASSIGNED_CONTEXT ( ( #144, #2697, #5299 ) ) REPRESENTATION_CONTEXT ( 'NONE', 'WORKASPACE' ) );
#864 = SURFACE_SIDE_STYLE ('',( #3664 ) ) ;
#865 = CARTESIAN_POINT ( 'NONE',  ( 0.3603187164337326442, 0.4364781805825147520, 0.05000000000000000278 ) ) ;
#866 = CARTESIAN_POINT ( 'NONE',  ( 0.2103187164337327886, 0.09982784171036376830, 0.05000000000000000278 ) ) ;
#867 = EDGE_CURVE ( 'NONE', #3328, #3707, #5567, .T. ) ;
#868 = COLOUR_RGB ( '',0.8980392156862745390, 0.9215686274509803377, 0.9294117647058823817 ) ;
#869 = MECHANICAL_DESIGN_GEOMETRIC_PRESENTATION_REPRESENTATION (  '', ( #1341 ), #5913 ) ;
#870 = ORIENTED_EDGE ( 'NONE', *, *, #5616, .T. ) ;
#871 = SURFACE_STYLE_USAGE ( .BOTH. , #4687 ) ;
#872 = DIRECTION ( 'NONE',  ( -1.548860246407862843E-16, 1.000000000000000000, 0.000000000000000000 ) ) ;
#873 = CARTESIAN_POINT ( 'NONE',  ( 1.321228911128271788, -1.454651929937279098, 0.05000000000000000278 ) ) ;
#874 = COLOUR_RGB ( '',0.8980392156862745390, 0.9215686274509803377, 0.9294117647058823817 ) ;
#875 = ORIENTED_EDGE ( 'NONE', *, *, #5584, .T. ) ;
#876 = ORIENTED_EDGE ( 'NONE', *, *, #2372, .F. ) ;
#877 = LINE ( 'NONE', #4222, #5055 ) ;
#878 = VERTEX_POINT ( 'NONE', #4211 ) ;
#879 = ORIENTED_EDGE ( 'NONE', *, *, #1405, .F. ) ;
#880 =( NAMED_UNIT ( * ) SI_UNIT ( $, .STERADIAN. ) SOLID_ANGLE_UNIT ( ) );
#881 =( LENGTH_UNIT ( ) NAMED_UNIT ( * ) SI_UNIT ( .MILLI., .METRE. ) );
#882 = CARTESIAN_POINT ( 'NONE',  ( -1.482564226095967941, 0.4077874617970526638, 0.000000000000000000 ) ) ;
#883 = FILL_AREA_STYLE ('',( #6116 ) ) ;
#884 = VECTOR ( 'NONE', #2450, 1000.000000000000000 ) ;
#885 = EDGE_CURVE ( 'NONE', #5755, #4762, #2382, .T. ) ;
#886 =( LENGTH_UNIT ( ) NAMED_UNIT ( * ) SI_UNIT ( .MILLI., .METRE. ) );
#887 = UNCERTAINTY_MEASURE_WITH_UNIT (LENGTH_MEASURE( 1.000000000000000082E-05 ), #5809, 'distance_accuracy_value', 'NONE');
#888 = CARTESIAN_POINT ( 'NONE',  ( -0.5500000000000000444, 0.000000000000000000, -0.6700000000000000400 ) ) ;
#889 = STYLED_ITEM ( 'NONE', ( #56 ), #1367 ) ;
#890 = DIRECTION ( 'NONE',  ( 0.000000000000000000, -1.000000000000000000, -0.000000000000000000 ) ) ;
#891 = EDGE_CURVE ( 'NONE', #2782, #5819, #1314, .T. ) ;
#892 = FACE_OUTER_BOUND ( 'NONE', #3771, .T. ) ;
#893 = MECHANICAL_DESIGN_GEOMETRIC_PRESENTATION_REPRESENTATION (  '', ( #4369 ), #4471 ) ;
#894 = ORIENTED_EDGE ( 'NONE', *, *, #6078, .T. ) ;
#895 = CIRCLE ( 'NONE', #5444, 0.1499999999999999667 ) ;
#896 = CIRCLE ( 'NONE', #1777, 0.1499999999999999667 ) ;
#897 = CIRCLE ( 'NONE', #1784, 0.3000000000000000999 ) ;
#898 = CARTESIAN_POINT ( 'NONE',  ( -1.602233606196061366, -1.193135245471499628, -0.8699999999999999956 ) ) ;
#899 = EDGE_CURVE ( 'NONE', #1893, #2286, #1346, .T. ) ;
#900 =( NAMED_UNIT ( * ) SI_UNIT ( $, .STERADIAN. ) SOLID_ANGLE_UNIT ( ) );
#901 = PLANE ( 'NONE',  #4676 ) ;
#902 = ORIENTED_EDGE ( 'NONE', *, *, #3939, .T. ) ;
#903 = VECTOR ( 'NONE', #715, 1000.000000000000000 ) ;
#904 = VECTOR ( 'NONE', #3586, 1000.000000000000000 ) ;
#905 = FILL_AREA_STYLE_COLOUR ( '', #547 ) ;
#906 = DIRECTION ( 'NONE',  ( 0.000000000000000000, 0.000000000000000000, 1.000000000000000000 ) ) ;
#907 = CARTESIAN_POINT ( 'NONE',  ( -1.602233606196062921, -1.193135245471501626, -0.2999999999999991562 ) ) ;
#908 = VERTEX_POINT ( 'NONE', #5052 ) ;
#909 =( LENGTH_UNIT ( ) NAMED_UNIT ( * ) SI_UNIT ( .MILLI., .METRE. ) );
#910 = PRESENTATION_STYLE_ASSIGNMENT (( #3899 ) ) ;
#911 =( GEOMETRIC_REPRESENTATION_CONTEXT ( 3 ) GLOBAL_UNCERTAINTY_ASSIGNED_CONTEXT ( ( #3686 ) ) GLOBAL_UNIT_ASSIGNED_CONTEXT ( ( #477, #2374, #5650 ) ) REPRESENTATION_CONTEXT ( 'NONE', 'WORKASPACE' ) );
#912 = EDGE_LOOP ( 'NONE', ( #5475, #4691, #4812, #2047 ) ) ;
#913 = COLOUR_RGB ( '',0.8313725490196077761, 0.8392156862745098200, 0.8313725490196077761 ) ;
#914 = ORIENTED_EDGE ( 'NONE', *, *, #1946, .F. ) ;
#915 = CARTESIAN_POINT ( 'NONE',  ( -0.5500000000000000444, 0.000000000000000000, -0.8000000000000000444 ) ) ;
#916 = FACE_OUTER_BOUND ( 'NONE', #5724, .T. ) ;
#917 = CARTESIAN_POINT ( 'NONE',  ( 1.740439503594299442, -1.740439503594299442, -0.1824251387197118324 ) ) ;
#918 = CARTESIAN_POINT ( 'NONE',  ( 1.749999999999999556, 1.306864754528498374, 0.000000000000000000 ) ) ;
#919 = DIRECTION ( 'NONE',  ( 0.05233595624294388321, -0.000000000000000000, -0.9986295347545739443 ) ) ;
#920 = CARTESIAN_POINT ( 'NONE',  ( 0.000000000000000000, 1.306864754528498374, -0.8000000000000000444 ) ) ;
#921 = ORIENTED_EDGE ( 'NONE', *, *, #1948, .F. ) ;
#922 = DIRECTION ( 'NONE',  ( 0.05233595624294387627, -0.000000000000000000, -0.9986295347545739443 ) ) ;
#923 = DIRECTION ( 'NONE',  ( -0.000000000000000000, -0.000000000000000000, 1.000000000000000000 ) ) ;
#924 = ORIENTED_EDGE ( 'NONE', *, *, #1574, .T. ) ;
#925 = ADVANCED_FACE ( 'NONE', ( #4504 ), #4529, .F. ) ;
#926 = CARTESIAN_POINT ( 'NONE',  ( 1.902233606196060967, 1.306864754528498374, -0.6700000000000007061 ) ) ;
#927 = DIRECTION ( 'NONE',  ( -0.000000000000000000, -1.000000000000000000, -0.000000000000000000 ) ) ;
#928 =( NAMED_UNIT ( * ) SI_UNIT ( $, .STERADIAN. ) SOLID_ANGLE_UNIT ( ) );
#929 = ORIENTED_EDGE ( 'NONE', *, *, #5467, .T. ) ;
#930 = EDGE_CURVE ( 'NONE', #3903, #4253, #4040, .T. ) ;
#931 = CARTESIAN_POINT ( 'NONE',  ( 1.602233606196061366, -0.3931352454715015821, -0.5700000000000000622 ) ) ;
#932 = EDGE_LOOP ( 'NONE', ( #3303, #2940, #4697, #5241 ) ) ;
#933 = CARTESIAN_POINT ( 'NONE',  ( -0.1831650461902199489, -0.1655797369339806480, 0.05000000000000000278 ) ) ;
#934 = CARTESIAN_POINT ( 'NONE',  ( 0.3603187164337326442, 0.5864781805825147742, 0.05000000000000000278 ) ) ;
#935 = CARTESIAN_POINT ( 'NONE',  ( 1.902233606196060967, 1.306864754528498374, -0.6700000000000007061 ) ) ;
#936 = PRESENTATION_LAYER_ASSIGNMENT (  '', '', ( #840 ) ) ;
#937 = EDGE_LOOP ( 'NONE', ( #3548, #5758, #1730, #5007 ) ) ;
#938 = VERTEX_POINT ( 'NONE', #3515 ) ;
#939 = CARTESIAN_POINT ( 'NONE',  ( -1.902233606196061189, -0.3931352454715015821, -0.6700000000000007061 ) ) ;
#940 = CIRCLE ( 'NONE', #6081, 0.1499999999999999667 ) ;
#941 = CARTESIAN_POINT ( 'NONE',  ( -1.702233606196063009, -1.193135245471501626, -0.2999999999999994893 ) ) ;
#942 = PLANE ( 'NONE',  #1257 ) ;
#943 =( GEOMETRIC_REPRESENTATION_CONTEXT ( 3 ) GLOBAL_UNCERTAINTY_ASSIGNED_CONTEXT ( ( #4309 ) ) GLOBAL_UNIT_ASSIGNED_CONTEXT ( ( #3273, #4695, #3737 ) ) REPRESENTATION_CONTEXT ( 'NONE', 'WORKASPACE' ) );
#944 = UNCERTAINTY_MEASURE_WITH_UNIT (LENGTH_MEASURE( 1.000000000000000082E-05 ), #886, 'distance_accuracy_value', 'NONE');
#945 = FACE_BOUND ( 'NONE', #5649, .T. ) ;
#946 = SURFACE_STYLE_FILL_AREA ( #3287 ) ;
#947 = MECHANICAL_DESIGN_GEOMETRIC_PRESENTATION_REPRESENTATION (  '', ( #5996 ), #5786 ) ;
#948 = ORIENTED_EDGE ( 'NONE', *, *, #248, .F. ) ;
#949 = CARTESIAN_POINT ( 'NONE',  ( -0.1831650461902199489, -0.1655797369339806480, 0.05000000000000000278 ) ) ;
#950 = DIRECTION ( 'NONE',  ( -0.000000000000000000, -1.000000000000000000, -0.000000000000000000 ) ) ;
#951 = COLOUR_RGB ( '',0.8980392156862745390, 0.9215686274509803377, 0.9294117647058823817 ) ;
#952 = ORIENTED_EDGE ( 'NONE', *, *, #1523, .T. ) ;
#953 = VECTOR ( 'NONE', #393, 1000.000000000000114 ) ;
#954 = SURFACE_SIDE_STYLE ('',( #5198 ) ) ;
#955 = PRESENTATION_STYLE_ASSIGNMENT (( #1382 ) ) ;
#956 = SURFACE_SIDE_STYLE ('',( #1053 ) ) ;
#957 = EDGE_CURVE ( 'NONE', #2556, #2749, #4969, .T. ) ;
#958 = ORIENTED_EDGE ( 'NONE', *, *, #3735, .T. ) ;
#959 =( GEOMETRIC_REPRESENTATION_CONTEXT ( 3 ) GLOBAL_UNCERTAINTY_ASSIGNED_CONTEXT ( ( #1137 ) ) GLOBAL_UNIT_ASSIGNED_CONTEXT ( ( #5916, #1808, #3720 ) ) REPRESENTATION_CONTEXT ( 'NONE', 'WORKASPACE' ) );
#960 = STYLED_ITEM ( 'NONE', ( #1612 ), #632 ) ;
#961 = FACE_OUTER_BOUND ( 'NONE', #4306, .T. ) ;
#962 = MECHANICAL_DESIGN_GEOMETRIC_PRESENTATION_REPRESENTATION (  '', ( #2559 ), #5219 ) ;
#963 = VERTEX_POINT ( 'NONE', #5417 ) ;
#964 = FILL_AREA_STYLE_COLOUR ( '', #5604 ) ;
#965 = VECTOR ( 'NONE', #2913, 1000.000000000000000 ) ;
#966 = SURFACE_STYLE_FILL_AREA ( #999 ) ;
#967 = DIRECTION ( 'NONE',  ( 1.000000000000000000, 0.000000000000000000, 0.000000000000000000 ) ) ;
#968 = EDGE_CURVE ( 'NONE', #4762, #5184, #4542, .T. ) ;
#969 = ORIENTED_EDGE ( 'NONE', *, *, #117, .F. ) ;
#970 = STYLED_ITEM ( 'NONE', ( #3956 ), #352 ) ;
#971 = ORIENTED_EDGE ( 'NONE', *, *, #5971, .T. ) ;
#972 = DIRECTION ( 'NONE',  ( -0.000000000000000000, -0.000000000000000000, -1.000000000000000000 ) ) ;
#973 =( LENGTH_UNIT ( ) NAMED_UNIT ( * ) SI_UNIT ( .MILLI., .METRE. ) );
#974 = CARTESIAN_POINT ( 'NONE',  ( 1.902233606196063631, -1.193135245471501404, -4.878909776184769953E-16 ) ) ;
#975 = EDGE_CURVE ( 'NONE', #1417, #1141, #2611, .T. ) ;
#976 = FILL_AREA_STYLE ('',( #5225 ) ) ;
#977 = VERTEX_POINT ( 'NONE', #4559 ) ;
#978 = DIRECTION ( 'NONE',  ( -0.000000000000000000, 1.000000000000000000, -0.000000000000000000 ) ) ;
#979 = PRESENTATION_STYLE_ASSIGNMENT (( #5192 ) ) ;
#980 = ORIENTED_EDGE ( 'NONE', *, *, #716, .F. ) ;
#981 = CARTESIAN_POINT ( 'NONE',  ( -1.602233606196061144, 1.306864754528498151, -0.8700000000000002176 ) ) ;
#982 = ORIENTED_EDGE ( 'NONE', *, *, #4349, .T. ) ;
#983 = DIRECTION ( 'NONE',  ( 1.000000000000000000, 0.000000000000000000, -0.000000000000000000 ) ) ;
#984 = FILL_AREA_STYLE_COLOUR ( '', #6137 ) ;
#985 = VECTOR ( 'NONE', #514, 1000.000000000000000 ) ;
#986 =( NAMED_UNIT ( * ) SI_UNIT ( $, .STERADIAN. ) SOLID_ANGLE_UNIT ( ) );
#987 = CARTESIAN_POINT ( 'NONE',  ( -1.097766393803939255, -1.193135245471500960, -0.6700000000000000400 ) ) ;
#988 = SURFACE_SIDE_STYLE ('',( #2351 ) ) ;
#989 =( NAMED_UNIT ( * ) SI_UNIT ( $, .STERADIAN. ) SOLID_ANGLE_UNIT ( ) );
#990 = DIRECTION ( 'NONE',  ( 1.000000000000000000, 0.000000000000000000, 0.000000000000000000 ) ) ;
#991 = ORIENTED_EDGE ( 'NONE', *, *, #6154, .F. ) ;
#992 = STYLED_ITEM ( 'NONE', ( #3734 ), #1515 ) ;
#993 = VECTOR ( 'NONE', #4898, 1000.000000000000000 ) ;
#994 = SURFACE_STYLE_USAGE ( .BOTH. , #2354 ) ;
#995 = ADVANCED_FACE ( 'NONE', ( #2201 ), #1260, .F. ) ;
#996 = PRESENTATION_LAYER_ASSIGNMENT (  '', '', ( #403 ) ) ;
#997 = ORIENTED_EDGE ( 'NONE', *, *, #3076, .T. ) ;
#998 = SURFACE_SIDE_STYLE ('',( #1888 ) ) ;
#999 = FILL_AREA_STYLE ('',( #1451 ) ) ;
#1000 = CARTESIAN_POINT ( 'NONE',  ( 1.902233606196061411, 0.5068647545284989953, -0.5700000000000011724 ) ) ;
#1001 = CARTESIAN_POINT ( 'NONE',  ( -1.902233606196061411, 0.000000000000000000, -0.5700000000000010614 ) ) ;
#1002 = VERTEX_POINT ( 'NONE', #4444 ) ;
#1003 = VECTOR ( 'NONE', #429, 1000.000000000000000 ) ;
#1004 = STYLED_ITEM ( 'NONE', ( #2860 ), #2841 ) ;
#1005 = VERTEX_POINT ( 'NONE', #5781 ) ;
#1006 = FACE_OUTER_BOUND ( 'NONE', #2761, .T. ) ;
#1007 = EDGE_CURVE ( 'NONE', #2086, #6021, #1539, .T. ) ;
#1008 = DIRECTION ( 'NONE',  ( -0.000000000000000000, -0.000000000000000000, -1.000000000000000000 ) ) ;
#1009 = PRESENTATION_LAYER_ASSIGNMENT (  '', '', ( #203 ) ) ;
#1010 = VECTOR ( 'NONE', #4916, 1000.000000000000114 ) ;
#1011 = DIRECTION ( 'NONE',  ( 0.000000000000000000, 0.000000000000000000, 1.000000000000000000 ) ) ;
#1012 = MECHANICAL_DESIGN_GEOMETRIC_PRESENTATION_REPRESENTATION (  '', ( #4781 ), #3995 ) ;
#1013 = UNCERTAINTY_MEASURE_WITH_UNIT (LENGTH_MEASURE( 1.000000000000000082E-05 ), #624, 'distance_accuracy_value', 'NONE');
#1014 = VECTOR ( 'NONE', #3443, 1000.000000000000000 ) ;
#1015 = ORIENTED_EDGE ( 'NONE', *, *, #4609, .T. ) ;
#1016 = SURFACE_STYLE_USAGE ( .BOTH. , #5259 ) ;
#1017 = ORIENTED_EDGE ( 'NONE', *, *, #4313, .F. ) ;
#1018 = EDGE_CURVE ( 'NONE', #5764, #59, #5270, .T. ) ;
#1019 = CARTESIAN_POINT ( 'NONE',  ( 0.3603187164337326442, 0.4364781805825147520, 0.05000000000000000278 ) ) ;
#1020 = FILL_AREA_STYLE_COLOUR ( '', #189 ) ;
#1021 = ORIENTED_EDGE ( 'NONE', *, *, #1233, .T. ) ;
#1022 = DIRECTION ( 'NONE',  ( -0.000000000000000000, 0.000000000000000000, -1.000000000000000000 ) ) ;
#1023 = CARTESIAN_POINT ( 'NONE',  ( 0.2103187164337327886, -1.454651929937279320, 0.05000000000000000278 ) ) ;
#1024 = UNCERTAINTY_MEASURE_WITH_UNIT (LENGTH_MEASURE( 1.000000000000000082E-05 ), #292, 'distance_accuracy_value', 'NONE');
#1025 = ORIENTED_EDGE ( 'NONE', *, *, #3792, .T. ) ;
#1026 = DIRECTION ( 'NONE',  ( 0.000000000000000000, 0.000000000000000000, 1.000000000000000000 ) ) ;
#1027 = SURFACE_STYLE_USAGE ( .BOTH. , #3795 ) ;
#1028 = CARTESIAN_POINT ( 'NONE',  ( -0.1831650461902199489, -0.3471160600431791310, 0.000000000000000000 ) ) ;
#1029 = CARTESIAN_POINT ( 'NONE',  ( 0.4882589707855558570, 0.1605405712692378195, 0.1500000000000000222 ) ) ;
#1030 = FILL_AREA_STYLE_COLOUR ( '', #5144 ) ;
#1031 = SURFACE_SIDE_STYLE ('',( #5692 ) ) ;
#1032 =( NAMED_UNIT ( * ) SI_UNIT ( $, .STERADIAN. ) SOLID_ANGLE_UNIT ( ) );
#1033 = FACE_OUTER_BOUND ( 'NONE', #6018, .T. ) ;
#1034 = FILL_AREA_STYLE_COLOUR ( '', #6038 ) ;
#1035 = VERTEX_POINT ( 'NONE', #1975 ) ;
#1036 = EDGE_LOOP ( 'NONE', ( #2619, #2490, #3853 ) ) ;
#1037 = PLANE ( 'NONE',  #3277 ) ;
#1038 = FILL_AREA_STYLE_COLOUR ( '', #2119 ) ;
#1039 = VECTOR ( 'NONE', #1695, 1000.000000000000000 ) ;
#1040 = DIRECTION ( 'NONE',  ( 1.000000000000000000, 0.000000000000000000, 0.000000000000000000 ) ) ;
#1041 = ADVANCED_FACE ( 'NONE', ( #2041 ), #4316, .F. ) ;
#1042 = STYLED_ITEM ( 'NONE', ( #3195 ), #5100 ) ;
#1043 = CARTESIAN_POINT ( 'NONE',  ( 0.2103187164337327886, 0.09982784171036376830, 0.05000000000000000278 ) ) ;
#1044 = CARTESIAN_POINT ( 'NONE',  ( 1.749999999999999556, 1.749999999999999778, 0.000000000000000000 ) ) ;
#1045 = SURFACE_STYLE_FILL_AREA ( #5289 ) ;
#1046 = VECTOR ( 'NONE', #3937, 1000.000000000000000 ) ;
#1047 = ORIENTED_EDGE ( 'NONE', *, *, #1018, .T. ) ;
#1048 =( NAMED_UNIT ( * ) PLANE_ANGLE_UNIT ( ) SI_UNIT ( $, .RADIAN. ) );
#1049 = EDGE_CURVE ( 'NONE', #6021, #4189, #4789, .T. ) ;
#1050 = ADVANCED_FACE ( 'NONE', ( #1470 ), #4446, .T. ) ;
#1051 = FILL_AREA_STYLE ('',( #2858 ) ) ;
#1052 = EDGE_LOOP ( 'NONE', ( #4359, #532, #1960, #3781 ) ) ;
#1053 = SURFACE_STYLE_FILL_AREA ( #2859 ) ;
#1054 = PRESENTATION_LAYER_ASSIGNMENT (  '', '', ( #4619 ) ) ;
#1055 =( NAMED_UNIT ( * ) PLANE_ANGLE_UNIT ( ) SI_UNIT ( $, .RADIAN. ) );
#1056 = EDGE_CURVE ( 'NONE', #2459, #2275, #1465, .T. ) ;
#1057 =( LENGTH_UNIT ( ) NAMED_UNIT ( * ) SI_UNIT ( .MILLI., .METRE. ) );
#1058 = DIRECTION ( 'NONE',  ( 0.000000000000000000, 0.000000000000000000, 1.000000000000000000 ) ) ;
#1059 = PRESENTATION_LAYER_ASSIGNMENT (  '', '', ( #5502 ) ) ;
#1060 = SURFACE_STYLE_FILL_AREA ( #689 ) ;
#1061 = VERTEX_POINT ( 'NONE', #780 ) ;
#1062 = DIRECTION ( 'NONE',  ( 0.000000000000000000, -0.000000000000000000, -1.000000000000000000 ) ) ;
#1063 = DIRECTION ( 'NONE',  ( 1.000000000000000000, 0.000000000000000000, 0.000000000000000000 ) ) ;
#1064 = AXIS2_PLACEMENT_3D ( 'NONE', #4555, #4070, #1204 ) ;
#1065 = CARTESIAN_POINT ( 'NONE',  ( -0.6765465593547973500, -0.01557973693398068474, 0.05000000000000000278 ) ) ;
#1066 = EDGE_LOOP ( 'NONE', ( #4104, #3176, #3932, #6008 ) ) ;
#1067 = ORIENTED_EDGE ( 'NONE', *, *, #3456, .T. ) ;
#1068 =( LENGTH_UNIT ( ) NAMED_UNIT ( * ) SI_UNIT ( .MILLI., .METRE. ) );
#1070 = CARTESIAN_POINT ( 'NONE',  ( -1.702233606196062787, 0.5068647545284983291, -0.2999999999999994893 ) ) ;
#1069 = AXIS2_PLACEMENT_3D ( 'NONE', #2991, #1571, #2603 ) ;
#1071 = STYLED_ITEM ( 'NONE', ( #4128 ), #676 ) ;
#1072 = CARTESIAN_POINT ( 'NONE',  ( 0.2971365777156377841, 0.1605405712692378195, 0.1500000000000000222 ) ) ;
#1073 = CARTESIAN_POINT ( 'NONE',  ( 1.321228911128271788, -1.454651929937279098, 0.000000000000000000 ) ) ;
#1074 = ORIENTED_EDGE ( 'NONE', *, *, #3706, .F. ) ;
#1075 = FILL_AREA_STYLE_COLOUR ( '', #3163 ) ;
#1076 = UNCERTAINTY_MEASURE_WITH_UNIT (LENGTH_MEASURE( 1.000000000000000082E-05 ), #2750, 'distance_accuracy_value', 'NONE');
#1077 =( NAMED_UNIT ( * ) PLANE_ANGLE_UNIT ( ) SI_UNIT ( $, .RADIAN. ) );
#1078 = PRESENTATION_LAYER_ASSIGNMENT (  '', '', ( #1350 ) ) ;
#1079 = PLANE ( 'NONE',  #5777 ) ;
#1080 = ORIENTED_EDGE ( 'NONE', *, *, #930, .F. ) ;
#1081 = DIRECTION ( 'NONE',  ( 0.000000000000000000, 1.000000000000000000, 0.000000000000000000 ) ) ;
#1082 = CLOSED_SHELL ( 'NONE', ( #995, #676, #206, #3596, #1479, #2572, #2963, #5511, #1171, #1497, #3717 ) ) ;
#1083 = CARTESIAN_POINT ( 'NONE',  ( -0.9037624701214842515, 1.750000000000000000, -5.421010862427522170E-17 ) ) ;
#1084 = UNCERTAINTY_MEASURE_WITH_UNIT (LENGTH_MEASURE( 1.000000000000000082E-05 ), #4941, 'distance_accuracy_value', 'NONE');
#1085 = ORIENTED_EDGE ( 'NONE', *, *, #2727, .T. ) ;
#1086 = EDGE_CURVE ( 'NONE', #2451, #1555, #5888, .T. ) ;
#1087 = DIRECTION ( 'NONE',  ( 0.000000000000000000, 0.000000000000000000, -1.000000000000000000 ) ) ;
#1088 = SURFACE_STYLE_USAGE ( .BOTH. , #4037 ) ;
#1089 = DIRECTION ( 'NONE',  ( 1.000000000000000000, 2.478176394252581634E-16, -0.000000000000000000 ) ) ;
#1090 =( NAMED_UNIT ( * ) PLANE_ANGLE_UNIT ( ) SI_UNIT ( $, .RADIAN. ) );
#1091 = ORIENTED_EDGE ( 'NONE', *, *, #5924, .T. ) ;
#1092 = SURFACE_SIDE_STYLE ('',( #1060 ) ) ;
#1093 = AXIS2_PLACEMENT_3D ( 'NONE', #1044, #2470, #4838 ) ;
#1094 = EDGE_CURVE ( 'NONE', #1002, #2012, #3088, .T. ) ;
#1095 = VERTEX_POINT ( 'NONE', #2613 ) ;
#1096 = DIRECTION ( 'NONE',  ( -1.000000000000000000, 0.000000000000000000, 0.000000000000000000 ) ) ;
#1097 = DIRECTION ( 'NONE',  ( -0.000000000000000000, -1.000000000000000000, -0.000000000000000000 ) ) ;
#1098 = CARTESIAN_POINT ( 'NONE',  ( 1.750000000000000000, -1.653762470121483918, 1.100000000000000311 ) ) ;
#1099 = EDGE_LOOP ( 'NONE', ( #5083, #5210, #690, #616 ) ) ;
#1100 =( GEOMETRIC_REPRESENTATION_CONTEXT ( 3 ) GLOBAL_UNCERTAINTY_ASSIGNED_CONTEXT ( ( #3078 ) ) GLOBAL_UNIT_ASSIGNED_CONTEXT ( ( #5930, #284, #4084 ) ) REPRESENTATION_CONTEXT ( 'NONE', 'WORKASPACE' ) );
#1101 = EDGE_LOOP ( 'NONE', ( #3694, #4328, #5682, #839 ) ) ;
#1102 =( NAMED_UNIT ( * ) PLANE_ANGLE_UNIT ( ) SI_UNIT ( $, .RADIAN. ) );
#1103 = LINE ( 'NONE', #4486, #1622 ) ;
#1104 = EDGE_LOOP ( 'NONE', ( #2316, #3431, #4639, #1300 ) ) ;
#1105 = PRESENTATION_LAYER_ASSIGNMENT (  '', '', ( #2380 ) ) ;
#1106 =( GEOMETRIC_REPRESENTATION_CONTEXT ( 3 ) GLOBAL_UNCERTAINTY_ASSIGNED_CONTEXT ( ( #1806 ) ) GLOBAL_UNIT_ASSIGNED_CONTEXT ( ( #5333, #5479, #4567 ) ) REPRESENTATION_CONTEXT ( 'NONE', 'WORKASPACE' ) );
#1107 = DIRECTION ( 'NONE',  ( 0.05233595624294388321, -0.000000000000000000, 0.9986295347545739443 ) ) ;
#1108 = STYLED_ITEM ( 'NONE', ( #623 ), #3331 ) ;
#1109 =( LENGTH_UNIT ( ) NAMED_UNIT ( * ) SI_UNIT ( .MILLI., .METRE. ) );
#1110 = VECTOR ( 'NONE', #731, 1000.000000000000000 ) ;
#1111 = CARTESIAN_POINT ( 'NONE',  ( 1.750000000000000000, -1.193135245471501404, -1.355252715606880543E-17 ) ) ;
#1112 =( GEOMETRIC_REPRESENTATION_CONTEXT ( 3 ) GLOBAL_UNCERTAINTY_ASSIGNED_CONTEXT ( ( #2251 ) ) GLOBAL_UNIT_ASSIGNED_CONTEXT ( ( #1853, #464, #1032 ) ) REPRESENTATION_CONTEXT ( 'NONE', 'WORKASPACE' ) );
#1113 = SURFACE_STYLE_FILL_AREA ( #769 ) ;
#1114 = ORIENTED_EDGE ( 'NONE', *, *, #2492, .F. ) ;
#1115 = SURFACE_STYLE_FILL_AREA ( #713 ) ;
#1116 = CARTESIAN_POINT ( 'NONE',  ( -1.750000000000000000, -0.3931352454715018041, 2.710505431213761085E-17 ) ) ;
#1117 = CARTESIAN_POINT ( 'NONE',  ( 0.2103187164337326776, 0.5864781805825147742, 0.05000000000000000278 ) ) ;
#1118 = SURFACE_SIDE_STYLE ('',( #2418 ) ) ;
#1119 = EDGE_CURVE ( 'NONE', #3404, #1447, #5953, .T. ) ;
#1120 = EDGE_LOOP ( 'NONE', ( #492, #1229, #1554 ) ) ;
#1121 =( LENGTH_UNIT ( ) NAMED_UNIT ( * ) SI_UNIT ( .MILLI., .METRE. ) );
#1122 = CARTESIAN_POINT ( 'NONE',  ( 1.529342803400621564, 1.509106996110444410, 0.05000000000000000278 ) ) ;
#1123 = LINE ( 'NONE', #5393, #4881 ) ;
#1124 = CARTESIAN_POINT ( 'NONE',  ( 0.000000000000000000, 0.000000000000000000, 0.000000000000000000 ) ) ;
#1125 = ADVANCED_FACE ( 'NONE', ( #2676 ), #748, .T. ) ;
#1126 = EDGE_CURVE ( 'NONE', #59, #3810, #1365, .T. ) ;
#1127 = ORIENTED_EDGE ( 'NONE', *, *, #2299, .F. ) ;
#1128 =( NAMED_UNIT ( * ) SI_UNIT ( $, .STERADIAN. ) SOLID_ANGLE_UNIT ( ) );
#1129 = DIRECTION ( 'NONE',  ( 1.000000000000000000, 0.000000000000000000, 0.000000000000000000 ) ) ;
#1130 =( NAMED_UNIT ( * ) PLANE_ANGLE_UNIT ( ) SI_UNIT ( $, .RADIAN. ) );
#1131 = APPLICATION_CONTEXT ( 'automotive_design' ) ;
#1132 = AXIS2_PLACEMENT_3D ( 'NONE', #3460, #1058, #990 ) ;
#1133 = UNCERTAINTY_MEASURE_WITH_UNIT (LENGTH_MEASURE( 1.000000000000000082E-05 ), #764, 'distance_accuracy_value', 'NONE');
#1134 = DIRECTION ( 'NONE',  ( -0.000000000000000000, -1.000000000000000000, -0.000000000000000000 ) ) ;
#1135 = CYLINDRICAL_SURFACE ( 'NONE', #3546, 0.3000000000000000999 ) ;
#1136 = SURFACE_STYLE_USAGE ( .BOTH. , #4462 ) ;
#1137 = UNCERTAINTY_MEASURE_WITH_UNIT (LENGTH_MEASURE( 1.000000000000000082E-05 ), #5916, 'distance_accuracy_value', 'NONE');
#1138 = MECHANICAL_DESIGN_GEOMETRIC_PRESENTATION_REPRESENTATION (  '', ( #1042 ), #746 ) ;
#1139 = PRESENTATION_LAYER_ASSIGNMENT (  '', '', ( #5586 ) ) ;
#1140 = DIRECTION ( 'NONE',  ( 0.000000000000000000, 0.000000000000000000, 1.000000000000000000 ) ) ;
#1141 = VERTEX_POINT ( 'NONE', #301 ) ;
#1142 = DIRECTION ( 'NONE',  ( -1.239088197126290570E-16, 1.000000000000000000, -0.000000000000000000 ) ) ;
#1143 =( GEOMETRIC_REPRESENTATION_CONTEXT ( 3 ) GLOBAL_UNCERTAINTY_ASSIGNED_CONTEXT ( ( #1076 ) ) GLOBAL_UNIT_ASSIGNED_CONTEXT ( ( #2750, #3132, #1717 ) ) REPRESENTATION_CONTEXT ( 'NONE', 'WORKASPACE' ) );
#1144 = FACE_OUTER_BOUND ( 'NONE', #937, .T. ) ;
#1145 = DIRECTION ( 'NONE',  ( 2.710505431213761085E-16, 1.000000000000000000, -0.000000000000000000 ) ) ;
#1146 = ORIENTED_EDGE ( 'NONE', *, *, #2185, .T. ) ;
#1147 =( GEOMETRIC_REPRESENTATION_CONTEXT ( 3 ) GLOBAL_UNCERTAINTY_ASSIGNED_CONTEXT ( ( #4988 ) ) GLOBAL_UNIT_ASSIGNED_CONTEXT ( ( #6016, #5546, #787 ) ) REPRESENTATION_CONTEXT ( 'NONE', 'WORKASPACE' ) );
#1148 =( NAMED_UNIT ( * ) PLANE_ANGLE_UNIT ( ) SI_UNIT ( $, .RADIAN. ) );
#1149 = VECTOR ( 'NONE', #5875, 1000.000000000000000 ) ;
#1150 = PLANE ( 'NONE',  #3848 ) ;
#1151 = EDGE_CURVE ( 'NONE', #2807, #3962, #591, .T. ) ;
#1152 =( NAMED_UNIT ( * ) SI_UNIT ( $, .STERADIAN. ) SOLID_ANGLE_UNIT ( ) );
#1153 = CYLINDRICAL_SURFACE ( 'NONE', #1785, 0.3000000000000001554 ) ;
#1154 = AXIS2_PLACEMENT_3D ( 'NONE', #6052, #1276, #3192 ) ;
#1155 = VECTOR ( 'NONE', #2124, 1000.000000000000000 ) ;
#1156 = EDGE_LOOP ( 'NONE', ( #341, #879, #1114, #5518 ) ) ;
#1157 = DIRECTION ( 'NONE',  ( 0.000000000000000000, 0.000000000000000000, -1.000000000000000000 ) ) ;
#1158 =( NAMED_UNIT ( * ) PLANE_ANGLE_UNIT ( ) SI_UNIT ( $, .RADIAN. ) );
#1159 = DIRECTION ( 'NONE',  ( 0.000000000000000000, 0.05233595624294389015, -0.9986295347545739443 ) ) ;
#1160 = AXIS2_PLACEMENT_3D ( 'NONE', #5080, #2312, #4204 ) ;
#1161 = ORIENTED_EDGE ( 'NONE', *, *, #4582, .T. ) ;
#1162 = COLOUR_RGB ( '',0.8313725490196077761, 0.8392156862745098200, 0.8313725490196077761 ) ;
#1163 = EDGE_CURVE ( 'NONE', #3592, #4322, #5271, .T. ) ;
#1164 = CARTESIAN_POINT ( 'NONE',  ( 0.7460918573386841057, -0.6860159872360372946, 0.000000000000000000 ) ) ;
#1165 = ORIENTED_EDGE ( 'NONE', *, *, #3292, .T. ) ;
#1166 = FACE_OUTER_BOUND ( 'NONE', #1634, .T. ) ;
#1167 = AXIS2_PLACEMENT_3D ( 'NONE', #2501, #4398, #3938 ) ;
#1168 = PRESENTATION_LAYER_ASSIGNMENT (  '', '', ( #3952 ) ) ;
#1169 = PLANE ( 'NONE',  #5296 ) ;
#1170 = FILL_AREA_STYLE ('',( #2064 ) ) ;
#1171 = ADVANCED_FACE ( 'NONE', ( #1544 ), #149, .F. ) ;
#1172 =( GEOMETRIC_REPRESENTATION_CONTEXT ( 3 ) GLOBAL_UNCERTAINTY_ASSIGNED_CONTEXT ( ( #135 ) ) GLOBAL_UNIT_ASSIGNED_CONTEXT ( ( #5379, #1130, #5476 ) ) REPRESENTATION_CONTEXT ( 'NONE', 'WORKASPACE' ) );
#1173 = SURFACE_SIDE_STYLE ('',( #706 ) ) ;
#1174 = FILL_AREA_STYLE_COLOUR ( '', #4914 ) ;
#1175 =( LENGTH_UNIT ( ) NAMED_UNIT ( * ) SI_UNIT ( .MILLI., .METRE. ) );
#1176 = ORIENTED_EDGE ( 'NONE', *, *, #4729, .T. ) ;
#1177 = CARTESIAN_POINT ( 'NONE',  ( -1.750000000000000000, -0.3931352454715018041, 2.710505431213761085E-17 ) ) ;
#1178 = FILL_AREA_STYLE ('',( #984 ) ) ;
#1179 = DIRECTION ( 'NONE',  ( -0.000000000000000000, -1.000000000000000000, -0.000000000000000000 ) ) ;
#1180 = CARTESIAN_POINT ( 'NONE',  ( 0.000000000000000000, -1.708073776573567182, -0.8000000000000000444 ) ) ;
#1181 = CARTESIAN_POINT ( 'NONE',  ( 0.000000000000000000, 0.000000000000000000, -0.8000000000000000444 ) ) ;
#1182 = ORIENTED_EDGE ( 'NONE', *, *, #5801, .F. ) ;
#1183 = DIRECTION ( 'NONE',  ( 1.858632295689436595E-16, -1.000000000000000000, 0.000000000000000000 ) ) ;
#1184 = PRESENTATION_LAYER_ASSIGNMENT (  '', '', ( #4956 ) ) ;
#1185 = PRESENTATION_STYLE_ASSIGNMENT (( #3926 ) ) ;
#1186 = VECTOR ( 'NONE', #4056, 1000.000000000000000 ) ;
#1187 = PRESENTATION_STYLE_ASSIGNMENT (( #5793 ) ) ;
#1188 = CARTESIAN_POINT ( 'NONE',  ( -1.750000000000000444, 0.9037624701214832523, 0.000000000000000000 ) ) ;
#1189 = DIRECTION ( 'NONE',  ( 0.000000000000000000, -1.000000000000000000, 0.000000000000000000 ) ) ;
#1190 = ORIENTED_EDGE ( 'NONE', *, *, #243, .T. ) ;
#1191 = ORIENTED_EDGE ( 'NONE', *, *, #5801, .T. ) ;
#1192 = VECTOR ( 'NONE', #5124, 1000.000000000000000 ) ;
#1193 = CARTESIAN_POINT ( 'NONE',  ( 1.734277666215087388, -0.3931352454715018041, -0.3000000000000001554 ) ) ;
#1194 = AXIS2_PLACEMENT_3D ( 'NONE', #5715, #4713, #6102 ) ;
#1195 = EDGE_CURVE ( 'NONE', #2167, #5389, #5820, .T. ) ;
#1196 = CARTESIAN_POINT ( 'NONE',  ( -0.03316504619021998224, -0.01557973693398068474, 0.05000000000000000278 ) ) ;
#1197 = SURFACE_SIDE_STYLE ('',( #4959 ) ) ;
#1198 = AXIS2_PLACEMENT_3D ( 'NONE', #3624, #6023, #262 ) ;
#1199 = FILL_AREA_STYLE ('',( #2187 ) ) ;
#1200 = UNCERTAINTY_MEASURE_WITH_UNIT (LENGTH_MEASURE( 1.000000000000000082E-05 ), #2533, 'distance_accuracy_value', 'NONE');
#1201 = CARTESIAN_POINT ( 'NONE',  ( 1.002233606196061055, 1.306864754528499262, -0.8000000000000000444 ) ) ;
#1202 = ADVANCED_FACE ( 'NONE', ( #3692 ), #5592, .T. ) ;
#1203 = VERTEX_POINT ( 'NONE', #6060 ) ;
#1204 = DIRECTION ( 'NONE',  ( 0.000000000000000000, -0.000000000000000000, -1.000000000000000000 ) ) ;
#1205 = AXIS2_PLACEMENT_3D ( 'NONE', #5633, #6142, #1478 ) ;
#1206 = COLOUR_RGB ( '',0.8980392156862745390, 0.9215686274509803377, 0.9294117647058823817 ) ;
#1207 = DIRECTION ( 'NONE',  ( 2.891205793294677439E-15, 0.000000000000000000, 1.000000000000000000 ) ) ;
#1208 = LINE ( 'NONE', #3955, #2698 ) ;
#1209 = PRESENTATION_LAYER_ASSIGNMENT (  '', '', ( #3779 ) ) ;
#1210 = ORIENTED_EDGE ( 'NONE', *, *, #3791, .T. ) ;
#1211 = SURFACE_STYLE_FILL_AREA ( #4949 ) ;
#1212 =( LENGTH_UNIT ( ) NAMED_UNIT ( * ) SI_UNIT ( .MILLI., .METRE. ) );
#1213 = FACE_OUTER_BOUND ( 'NONE', #4995, .T. ) ;
#1214 = FILL_AREA_STYLE ('',( #3591 ) ) ;
#1215 =( LENGTH_UNIT ( ) NAMED_UNIT ( * ) SI_UNIT ( .MILLI., .METRE. ) );
#1216 = ORIENTED_EDGE ( 'NONE', *, *, #4011, .F. ) ;
#1217 = PLANE ( 'NONE',  #2152 ) ;
#1218 = DIRECTION ( 'NONE',  ( 1.000000000000000000, 0.000000000000000000, -0.000000000000000000 ) ) ;
#1219 = EDGE_CURVE ( 'NONE', #2923, #3903, #4236, .T. ) ;
#1220 = SURFACE_STYLE_FILL_AREA ( #4606 ) ;
#1221 = PRODUCT_DEFINITION_FORMATION_WITH_SPECIFIED_SOURCE ( 'ไป', '', #5754, .NOT_KNOWN. ) ;
#1222 = PLANE ( 'NONE',  #3321 ) ;
#1223 = FILL_AREA_STYLE_COLOUR ( '', #2851 ) ;
#1224 =( GEOMETRIC_REPRESENTATION_CONTEXT ( 3 ) GLOBAL_UNCERTAINTY_ASSIGNED_CONTEXT ( ( #1623 ) ) GLOBAL_UNIT_ASSIGNED_CONTEXT ( ( #2224, #3255, #1368 ) ) REPRESENTATION_CONTEXT ( 'NONE', 'WORKASPACE' ) );
#1225 = CARTESIAN_POINT ( 'NONE',  ( -0.03316504619021998224, -0.4971160600431790977, 0.000000000000000000 ) ) ;
#1226 = EDGE_CURVE ( 'NONE', #3647, #3395, #6092, .T. ) ;
#1227 = PRESENTATION_STYLE_ASSIGNMENT (( #5471 ) ) ;
#1228 = SURFACE_STYLE_FILL_AREA ( #805 ) ;
#1229 = ORIENTED_EDGE ( 'NONE', *, *, #4214, .F. ) ;
#1230 = COLOUR_RGB ( '',0.8313725490196077761, 0.8392156862745098200, 0.8313725490196077761 ) ;
#1231 = ORIENTED_EDGE ( 'NONE', *, *, #5933, .F. ) ;
#1232 = LINE ( 'NONE', #305, #369 ) ;
#1233 = EDGE_CURVE ( 'NONE', #2328, #2948, #2822, .T. ) ;
#1234 = CARTESIAN_POINT ( 'NONE',  ( 1.602233606196061144, 1.306864754528498151, -0.5700000000000000622 ) ) ;
#1235 = VECTOR ( 'NONE', #857, 1000.000000000000000 ) ;
#1236 = ORIENTED_EDGE ( 'NONE', *, *, #2027, .F. ) ;
#1237 = FILL_AREA_STYLE_COLOUR ( '', #849 ) ;
#1238 = PRESENTATION_LAYER_ASSIGNMENT (  '', '', ( #5996 ) ) ;
#1239 = DIRECTION ( 'NONE',  ( 0.000000000000000000, 1.000000000000000000, 0.000000000000000000 ) ) ;
#1240 = FILL_AREA_STYLE_COLOUR ( '', #3556 ) ;
#1241 = CARTESIAN_POINT ( 'NONE',  ( 1.602233606196061366, -1.193135245471501182, -0.6700000000000001510 ) ) ;
#1242 = ORIENTED_EDGE ( 'NONE', *, *, #3898, .F. ) ;
#1243 =( NAMED_UNIT ( * ) SI_UNIT ( $, .STERADIAN. ) SOLID_ANGLE_UNIT ( ) );
#1244 = FILL_AREA_STYLE ('',( #288 ) ) ;
#1245 = PLANE ( 'NONE',  #1295 ) ;
#1246 =( GEOMETRIC_REPRESENTATION_CONTEXT ( 3 ) GLOBAL_UNCERTAINTY_ASSIGNED_CONTEXT ( ( #5526 ) ) GLOBAL_UNIT_ASSIGNED_CONTEXT ( ( #3174, #803, #4586 ) ) REPRESENTATION_CONTEXT ( 'NONE', 'WORKASPACE' ) );
#1247 = CARTESIAN_POINT ( 'NONE',  ( 0.000000000000000000, 0.000000000000000000, 1.100000000000000311 ) ) ;
#1248 = CARTESIAN_POINT ( 'NONE',  ( -1.902233606196063409, 0.000000000000000000, -6.762711050878333907E-15 ) ) ;
#1249 =( GEOMETRIC_REPRESENTATION_CONTEXT ( 3 ) GLOBAL_UNCERTAINTY_ASSIGNED_CONTEXT ( ( #5834 ) ) GLOBAL_UNIT_ASSIGNED_CONTEXT ( ( #3020, #3567, #5464 ) ) REPRESENTATION_CONTEXT ( 'NONE', 'WORKASPACE' ) );
#1250 = UNCERTAINTY_MEASURE_WITH_UNIT (LENGTH_MEASURE( 1.000000000000000082E-05 ), #3026, 'distance_accuracy_value', 'NONE');
#1251 =( GEOMETRIC_REPRESENTATION_CONTEXT ( 3 ) GLOBAL_UNCERTAINTY_ASSIGNED_CONTEXT ( ( #198 ) ) GLOBAL_UNIT_ASSIGNED_CONTEXT ( ( #4263, #4801, #5164 ) ) REPRESENTATION_CONTEXT ( 'NONE', 'WORKASPACE' ) );
#1252 = MECHANICAL_DESIGN_GEOMETRIC_PRESENTATION_REPRESENTATION (  '', ( #3952 ), #4533 ) ;
#1253 = CARTESIAN_POINT ( 'NONE',  ( 0.3603187164337326442, 0.5864781805825147742, 0.05000000000000000278 ) ) ;
#1254 =( NAMED_UNIT ( * ) SI_UNIT ( $, .STERADIAN. ) SOLID_ANGLE_UNIT ( ) );
#1255 = LINE ( 'NONE', #3207, #564 ) ;
#1256 = PRESENTATION_LAYER_ASSIGNMENT (  '', '', ( #2757 ) ) ;
#1257 = AXIS2_PLACEMENT_3D ( 'NONE', #3839, #1040, #4296 ) ;
#1258 = LINE ( 'NONE', #4526, #302 ) ;
#1259 = SURFACE_STYLE_FILL_AREA ( #761 ) ;
#1260 = CYLINDRICAL_SURFACE ( 'NONE', #5047, 0.1499999999999999667 ) ;
#1261 = ORIENTED_EDGE ( 'NONE', *, *, #4397, .F. ) ;
#1262 = EDGE_CURVE ( 'NONE', #5011, #4484, #5227, .T. ) ;
#1263 = FILL_AREA_STYLE_COLOUR ( '', #1952 ) ;
#1264 = SURFACE_STYLE_FILL_AREA ( #1789 ) ;
#1265 =( NAMED_UNIT ( * ) PLANE_ANGLE_UNIT ( ) SI_UNIT ( $, .RADIAN. ) );
#1266 = LINE ( 'NONE', #4187, #5451 ) ;
#1267 =( NAMED_UNIT ( * ) SI_UNIT ( $, .STERADIAN. ) SOLID_ANGLE_UNIT ( ) );
#1268 = ADVANCED_FACE ( 'NONE', ( #1338 ), #2792, .T. ) ;
#1269 = VERTEX_POINT ( 'NONE', #4909 ) ;
#1270 = LINE ( 'NONE', #3237, #4031 ) ;
#1271 = LINE ( 'NONE', #1851, #2478 ) ;
#1272 = ORIENTED_EDGE ( 'NONE', *, *, #127, .T. ) ;
#1273 = DIRECTION ( 'NONE',  ( -0.05233595624294388321, -1.615994494162831900E-16, 0.9986295347545739443 ) ) ;
#1274 =( NAMED_UNIT ( * ) PLANE_ANGLE_UNIT ( ) SI_UNIT ( $, .RADIAN. ) );
#1275 = ORIENTED_EDGE ( 'NONE', *, *, #2953, .F. ) ;
#1276 = DIRECTION ( 'NONE',  ( -0.000000000000000000, 0.000000000000000000, 1.000000000000000000 ) ) ;
#1277 = FILL_AREA_STYLE ('',( #5583 ) ) ;
#1278 = COLOUR_RGB ( '',1.000000000000000000, 1.000000000000000000, 1.000000000000000000 ) ;
#1279 = PLANE ( 'NONE',  #4451 ) ;
#1280 = PRESENTATION_LAYER_ASSIGNMENT (  '', '', ( #4276 ) ) ;
#1281 = CARTESIAN_POINT ( 'NONE',  ( 0.5500000000000000444, 6.735557395310442516E-17, -0.8000000000000000444 ) ) ;
#1282 = STYLED_ITEM ( 'NONE', ( #367 ), #4546 ) ;
#1283 = DIRECTION ( 'NONE',  ( 0.000000000000000000, 0.000000000000000000, 1.000000000000000000 ) ) ;
#1284 =( GEOMETRIC_REPRESENTATION_CONTEXT ( 3 ) GLOBAL_UNCERTAINTY_ASSIGNED_CONTEXT ( ( #944 ) ) GLOBAL_UNIT_ASSIGNED_CONTEXT ( ( #886, #599, #4701 ) ) REPRESENTATION_CONTEXT ( 'NONE', 'WORKASPACE' ) );
#1285 = DIRECTION ( 'NONE',  ( 1.000000000000000000, 0.000000000000000000, 0.000000000000000000 ) ) ;
#1286 = VECTOR ( 'NONE', #693, 1000.000000000000000 ) ;
#1287 = ORIENTED_EDGE ( 'NONE', *, *, #5181, .T. ) ;
#1288 = AXIS2_PLACEMENT_3D ( 'NONE', #1442, #5235, #4315 ) ;
#1289 = VECTOR ( 'NONE', #3631, 1000.000000000000114 ) ;
#1290 = VECTOR ( 'NONE', #5236, 1000.000000000000000 ) ;
#1291 = DIRECTION ( 'NONE',  ( -0.000000000000000000, -0.000000000000000000, -1.000000000000000000 ) ) ;
#1292 = FILL_AREA_STYLE ('',( #1790 ) ) ;
#1293 = SURFACE_SIDE_STYLE ('',( #2552 ) ) ;
#1294 = ADVANCED_FACE ( 'NONE', ( #2029 ), #1462, .F. ) ;
#1295 = AXIS2_PLACEMENT_3D ( 'NONE', #4843, #4371, #5773 ) ;
#1296 = ORIENTED_EDGE ( 'NONE', *, *, #891, .F. ) ;
#1297 = VECTOR ( 'NONE', #1480, 1000.000000000000000 ) ;
#1298 = CARTESIAN_POINT ( 'NONE',  ( 1.748018770656109000, 0.5068647545284983291, -0.03780410792051351609 ) ) ;
#1299 = CARTESIAN_POINT ( 'NONE',  ( -1.602233606196061366, -0.3931352454715015821, -0.5700000000000000622 ) ) ;
#1300 = ORIENTED_EDGE ( 'NONE', *, *, #1119, .T. ) ;
#1301 = FILL_AREA_STYLE_COLOUR ( '', #339 ) ;
#1302 = DIRECTION ( 'NONE',  ( 1.234373092445270225E-16, -0.9961946980917455452, 0.08715574274765820750 ) ) ;
#1303 = EDGE_CURVE ( 'NONE', #841, #3467, #666, .T. ) ;
#1304 = ORIENTED_EDGE ( 'NONE', *, *, #3939, .F. ) ;
#1305 = ORIENTED_EDGE ( 'NONE', *, *, #3181, .T. ) ;
#1306 = DIRECTION ( 'NONE',  ( 1.000000000000000000, 0.000000000000000000, -3.560066835027028802E-15 ) ) ;
#1307 =( LENGTH_UNIT ( ) NAMED_UNIT ( * ) SI_UNIT ( .MILLI., .METRE. ) );
#1308 =( NAMED_UNIT ( * ) PLANE_ANGLE_UNIT ( ) SI_UNIT ( $, .RADIAN. ) );
#1309 = EDGE_CURVE ( 'NONE', #3472, #4731, #4513, .T. ) ;
#1310 = UNCERTAINTY_MEASURE_WITH_UNIT (LENGTH_MEASURE( 1.000000000000000082E-05 ), #6104, 'distance_accuracy_value', 'NONE');
#1311 = CARTESIAN_POINT ( 'NONE',  ( 1.529342803400621564, 0.4364781805825147520, 0.05000000000000000278 ) ) ;
#1312 = CARTESIAN_POINT ( 'NONE',  ( -1.902233606196063409, 0.5068647545284984401, -4.878909776184769953E-16 ) ) ;
#1313 =( GEOMETRIC_REPRESENTATION_CONTEXT ( 3 ) GLOBAL_UNCERTAINTY_ASSIGNED_CONTEXT ( ( #4490 ) ) GLOBAL_UNIT_ASSIGNED_CONTEXT ( ( #590, #2898, #4348 ) ) REPRESENTATION_CONTEXT ( 'NONE', 'WORKASPACE' ) );
#1314 = LINE ( 'NONE', #1815, #4641 ) ;
#1315 = FILL_AREA_STYLE_COLOUR ( '', #5151 ) ;
#1316 = SURFACE_STYLE_USAGE ( .BOTH. , #1732 ) ;
#1317 = CARTESIAN_POINT ( 'NONE',  ( -1.505672411292870772, -0.7065939275861465863, 0.05000000000000000278 ) ) ;
#1318 = VERTEX_POINT ( 'NONE', #5901 ) ;
#1319 = VECTOR ( 'NONE', #1524, 1000.000000000000000 ) ;
#1320 =( NAMED_UNIT ( * ) PLANE_ANGLE_UNIT ( ) SI_UNIT ( $, .RADIAN. ) );
#1321 = FILL_AREA_STYLE_COLOUR ( '', #4076 ) ;
#1322 = COLOUR_RGB ( '',0.8313725490196077761, 0.8392156862745098200, 0.8313725490196077761 ) ;
#1323 = EDGE_CURVE ( 'NONE', #4635, #283, #5870, .T. ) ;
#1324 = ORIENTED_EDGE ( 'NONE', *, *, #1999, .F. ) ;
#1325 =( NAMED_UNIT ( * ) SI_UNIT ( $, .STERADIAN. ) SOLID_ANGLE_UNIT ( ) );
#1326 = ORIENTED_EDGE ( 'NONE', *, *, #5907, .F. ) ;
#1327 = COLOUR_RGB ( '',0.8313725490196077761, 0.8392156862745098200, 0.8313725490196077761 ) ;
#1328 = VERTEX_POINT ( 'NONE', #5377 ) ;
#1329 = DIRECTION ( 'NONE',  ( -3.560066835027028802E-15, 0.000000000000000000, -1.000000000000000000 ) ) ;
#1330 = EDGE_CURVE ( 'NONE', #2146, #1710, #2075, .T. ) ;
#1331 = LINE ( 'NONE', #5134, #1235 ) ;
#1332 = VECTOR ( 'NONE', #4549, 1000.000000000000000 ) ;
#1333 = AXIS2_PLACEMENT_3D ( 'NONE', #4880, #4844, #2475 ) ;
#1334 = SURFACE_STYLE_USAGE ( .BOTH. , #2820 ) ;
#1335 = COLOUR_RGB ( '',0.8313725490196077761, 0.8392156862745098200, 0.8313725490196077761 ) ;
#1336 = EDGE_CURVE ( 'NONE', #4796, #2149, #5486, .T. ) ;
#1337 = DIRECTION ( 'NONE',  ( -1.000000000000000000, 0.000000000000000000, 0.000000000000000000 ) ) ;
#1338 = FACE_OUTER_BOUND ( 'NONE', #4206, .T. ) ;
#1339 = STYLED_ITEM ( 'NONE', ( #3572 ), #1837 ) ;
#1340 = ORIENTED_EDGE ( 'NONE', *, *, #1726, .F. ) ;
#1341 = STYLED_ITEM ( 'NONE', ( #1606 ), #603 ) ;
#1342 = CARTESIAN_POINT ( 'NONE',  ( -0.1016364463799759588, 0.1994353412954477101, 0.05000000000000000278 ) ) ;
#1343 = LINE ( 'NONE', #5680, #953 ) ;
#1344 = MECHANICAL_DESIGN_GEOMETRIC_PRESENTATION_REPRESENTATION (  '', ( #5318 ), #2974 ) ;
#1345 = ORIENTED_EDGE ( 'NONE', *, *, #2107, .F. ) ;
#1346 = LINE ( 'NONE', #1845, #3559 ) ;
#1347 =( NAMED_UNIT ( * ) SI_UNIT ( $, .STERADIAN. ) SOLID_ANGLE_UNIT ( ) );
#1348 = FACE_OUTER_BOUND ( 'NONE', #4210, .T. ) ;
#1349 = DIRECTION ( 'NONE',  ( 0.000000000000000000, -0.000000000000000000, 1.000000000000000000 ) ) ;
#1350 = STYLED_ITEM ( 'NONE', ( #3392 ), #995 ) ;
#1351 = CARTESIAN_POINT ( 'NONE',  ( -0.9037624701214840295, 1.653762470121483474, 0.6000000000000000888 ) ) ;
#1352 = EDGE_LOOP ( 'NONE', ( #5580, #2458, #5787, #1739 ) ) ;
#1353 =( LENGTH_UNIT ( ) NAMED_UNIT ( * ) SI_UNIT ( .MILLI., .METRE. ) );
#1354 = CARTESIAN_POINT ( 'NONE',  ( -0.8265465593547973722, 0.2577874617970526416, 0.05000000000000000278 ) ) ;
#1355 = SURFACE_SIDE_STYLE ('',( #5485 ) ) ;
#1356 = ORIENTED_EDGE ( 'NONE', *, *, #1195, .T. ) ;
#1357 = DIRECTION ( 'NONE',  ( 0.000000000000000000, 0.000000000000000000, -1.000000000000000000 ) ) ;
#1358 = CARTESIAN_POINT ( 'NONE',  ( 1.602233606196061144, 0.5068647545284987732, -0.6700000000000001510 ) ) ;
#1359 = ORIENTED_EDGE ( 'NONE', *, *, #637, .F. ) ;
#1360 = ADVANCED_FACE ( 'NONE', ( #2176 ), #3099, .F. ) ;
#1361 = ORIENTED_EDGE ( 'NONE', *, *, #3261, .F. ) ;
#1362 =( NAMED_UNIT ( * ) PLANE_ANGLE_UNIT ( ) SI_UNIT ( $, .RADIAN. ) );
#1363 = DIRECTION ( 'NONE',  ( 0.000000000000000000, 1.000000000000000000, 0.000000000000000000 ) ) ;
#1364 = CARTESIAN_POINT ( 'NONE',  ( 0.000000000000000000, 0.000000000000000000, 0.000000000000000000 ) ) ;
#1365 = CIRCLE ( 'NONE', #4866, 0.1499999999999999667 ) ;
#1366 = UNCERTAINTY_MEASURE_WITH_UNIT (LENGTH_MEASURE( 1.000000000000000082E-05 ), #483, 'distance_accuracy_value', 'NONE');
#1367 = ADVANCED_FACE ( 'NONE', ( #512 ), #4836, .F. ) ;
#1368 =( NAMED_UNIT ( * ) SI_UNIT ( $, .STERADIAN. ) SOLID_ANGLE_UNIT ( ) );
#1369 = PRESENTATION_LAYER_ASSIGNMENT (  '', '', ( #1581 ) ) ;
#1370 =( LENGTH_UNIT ( ) NAMED_UNIT ( * ) SI_UNIT ( .MILLI., .METRE. ) );
#1371 =( NAMED_UNIT ( * ) SI_UNIT ( $, .STERADIAN. ) SOLID_ANGLE_UNIT ( ) );
#1372 = ORIENTED_EDGE ( 'NONE', *, *, #4123, .F. ) ;
#1373 = SURFACE_STYLE_USAGE ( .BOTH. , #4707 ) ;
#1374 = LINE ( 'NONE', #865, #3344 ) ;
#1375 = PRESENTATION_STYLE_ASSIGNMENT (( #4708 ) ) ;
#1376 = UNCERTAINTY_MEASURE_WITH_UNIT (LENGTH_MEASURE( 1.000000000000000082E-05 ), #2754, 'distance_accuracy_value', 'NONE');
#1377 = AXIS2_PLACEMENT_3D ( 'NONE', #663, #5868, #3525 ) ;
#1378 = EDGE_CURVE ( 'NONE', #3968, #4782, #5250, .T. ) ;
#1379 = STYLED_ITEM ( 'NONE', ( #3265 ), #3254 ) ;
#1380 = SURFACE_SIDE_STYLE ('',( #3762 ) ) ;
#1381 = PRESENTATION_STYLE_ASSIGNMENT (( #522 ) ) ;
#1382 = SURFACE_STYLE_USAGE ( .BOTH. , #2926 ) ;
#1383 = PRESENTATION_LAYER_ASSIGNMENT (  '', '', ( #94 ) ) ;
#1384 =( LENGTH_UNIT ( ) NAMED_UNIT ( * ) SI_UNIT ( .MILLI., .METRE. ) );
#1385 =( LENGTH_UNIT ( ) NAMED_UNIT ( * ) SI_UNIT ( .MILLI., .METRE. ) );
#1386 = LINE ( 'NONE', #2416, #2246 ) ;
#1387 = CARTESIAN_POINT ( 'NONE',  ( 0.2103187164337326776, 1.509106996110444410, 0.000000000000000000 ) ) ;
#1388 = VECTOR ( 'NONE', #5395, 1000.000000000000000 ) ;
#1389 = CARTESIAN_POINT ( 'NONE',  ( -1.653762470121483918, -1.653762470121484363, 1.100000000000000311 ) ) ;
#1390 = FILL_AREA_STYLE_COLOUR ( '', #1586 ) ;
#1391 = ORIENTED_EDGE ( 'NONE', *, *, #1768, .F. ) ;
#1392 = CARTESIAN_POINT ( 'NONE',  ( 1.602233606196061144, 1.306864754528498374, -0.5700000000000000622 ) ) ;
#1393 = CARTESIAN_POINT ( 'NONE',  ( 0.2103187164337326776, 1.509106996110444410, 0.000000000000000000 ) ) ;
#1394 = AXIS2_PLACEMENT_3D ( 'NONE', #1953, #462, #4862 ) ;
#1395 = DIRECTION ( 'NONE',  ( -1.000000000000000000, 0.000000000000000000, -3.252606517456512119E-15 ) ) ;
#1396 = ORIENTED_EDGE ( 'NONE', *, *, #867, .T. ) ;
#1397 = STYLED_ITEM ( 'NONE', ( #5213 ), #3075 ) ;
#1398 = ORIENTED_EDGE ( 'NONE', *, *, #5771, .T. ) ;
#1399 = LINE ( 'NONE', #6148, #2532 ) ;
#1400 =( NAMED_UNIT ( * ) PLANE_ANGLE_UNIT ( ) SI_UNIT ( $, .RADIAN. ) );
#1401 = FACE_OUTER_BOUND ( 'NONE', #6160, .T. ) ;
#1402 = CARTESIAN_POINT ( 'NONE',  ( -1.505672411292870772, -0.7065939275861465863, 0.05000000000000000278 ) ) ;
#1403 = SURFACE_SIDE_STYLE ('',( #4805 ) ) ;
#1404 = CARTESIAN_POINT ( 'NONE',  ( -0.03316504619021998224, -0.01557973693398068474, 0.000000000000000000 ) ) ;
#1405 = EDGE_CURVE ( 'NONE', #977, #456, #4798, .T. ) ;
#1406 = SURFACE_STYLE_FILL_AREA ( #5679 ) ;
#1407 = CARTESIAN_POINT ( 'NONE',  ( 0.000000000000000000, 0.000000000000000000, -0.6700000000000000400 ) ) ;
#1408 = EDGE_LOOP ( 'NONE', ( #5832, #4182, #4193, #4164, #570 ) ) ;
#1409 = EDGE_CURVE ( 'NONE', #2451, #1543, #3837, .T. ) ;
#1410 = DIRECTION ( 'NONE',  ( 1.000000000000000000, 0.000000000000000000, 0.000000000000000000 ) ) ;
#1411 = PRESENTATION_STYLE_ASSIGNMENT (( #1027 ) ) ;
#1412 = CARTESIAN_POINT ( 'NONE',  ( -0.1016364463799759588, 0.1994353412954477101, 0.1500000000000000222 ) ) ;
#1413 = ORIENTED_EDGE ( 'NONE', *, *, #5967, .F. ) ;
#1414 =( GEOMETRIC_REPRESENTATION_CONTEXT ( 3 ) GLOBAL_UNCERTAINTY_ASSIGNED_CONTEXT ( ( #2188 ) ) GLOBAL_UNIT_ASSIGNED_CONTEXT ( ( #2575, #3514, #2962 ) ) REPRESENTATION_CONTEXT ( 'NONE', 'WORKASPACE' ) );
#1415 = PRESENTATION_STYLE_ASSIGNMENT (( #3332 ) ) ;
#1416 = EDGE_CURVE ( 'NONE', #1472, #1546, #4361, .T. ) ;
#1417 = VERTEX_POINT ( 'NONE', #88 ) ;
#1418 =( NAMED_UNIT ( * ) SI_UNIT ( $, .STERADIAN. ) SOLID_ANGLE_UNIT ( ) );
#1419 =( NAMED_UNIT ( * ) PLANE_ANGLE_UNIT ( ) SI_UNIT ( $, .RADIAN. ) );
#1420 = DIRECTION ( 'NONE',  ( 1.000000000000000000, 0.000000000000000000, 0.000000000000000000 ) ) ;
#1421 = COLOUR_RGB ( '',1.000000000000000000, 1.000000000000000000, 1.000000000000000000 ) ;
#1422 = ORIENTED_EDGE ( 'NONE', *, *, #4839, .T. ) ;
#1423 = ORIENTED_EDGE ( 'NONE', *, *, #4157, .F. ) ;
#1424 = FACE_OUTER_BOUND ( 'NONE', #2228, .T. ) ;
#1425 = CIRCLE ( 'NONE', #5487, 0.1499999999999999667 ) ;
#1426 = PRESENTATION_STYLE_ASSIGNMENT (( #606 ) ) ;
#1427 =( NAMED_UNIT ( * ) PLANE_ANGLE_UNIT ( ) SI_UNIT ( $, .RADIAN. ) );
#1428 = LINE ( 'NONE', #90, #965 ) ;
#1429 = UNCERTAINTY_MEASURE_WITH_UNIT (LENGTH_MEASURE( 1.000000000000000082E-05 ), #1641, 'distance_accuracy_value', 'NONE');
#1430 = SURFACE_STYLE_FILL_AREA ( #3409 ) ;
#1431 = STYLED_ITEM ( 'NONE', ( #4672 ), #5136 ) ;
#1432 = DIRECTION ( 'NONE',  ( 0.000000000000000000, 1.000000000000000000, 0.000000000000000000 ) ) ;
#1433 = SURFACE_STYLE_FILL_AREA ( #5110 ) ;
#1434 = ORIENTED_EDGE ( 'NONE', *, *, #3481, .F. ) ;
#1435 = CARTESIAN_POINT ( 'NONE',  ( -0.5265465593547974388, -0.3471160600431791310, 0.05000000000000000278 ) ) ;
#1436 = UNCERTAINTY_MEASURE_WITH_UNIT (LENGTH_MEASURE( 1.000000000000000082E-05 ), #1175, 'distance_accuracy_value', 'NONE');
#1437 = STYLED_ITEM ( 'NONE', ( #4775 ), #5657 ) ;
#1438 = ADVANCED_FACE ( 'NONE', ( #1006 ), #1037, .F. ) ;
#1439 = ORIENTED_EDGE ( 'NONE', *, *, #4735, .F. ) ;
#1440 = VECTOR ( 'NONE', #5864, 1000.000000000000000 ) ;
#1441 = PLANE ( 'NONE',  #2853 ) ;
#1442 = CARTESIAN_POINT ( 'NONE',  ( 0.000000000000000000, 0.000000000000000000, 0.05000000000000000278 ) ) ;
#1443 = FILL_AREA_STYLE_COLOUR ( '', #3262 ) ;
#1444 = VECTOR ( 'NONE', #1632, 1000.000000000000000 ) ;
#1445 = STYLED_ITEM ( 'NONE', ( #561 ), #519 ) ;
#1446 = EDGE_CURVE ( 'NONE', #3724, #4424, #2364, .T. ) ;
#1447 = VERTEX_POINT ( 'NONE', #2496 ) ;
#1448 = SURFACE_STYLE_FILL_AREA ( #2103 ) ;
#1449 = VERTEX_POINT ( 'NONE', #4764 ) ;
#1450 = VECTOR ( 'NONE', #4277, 1000.000000000000000 ) ;
#1451 = FILL_AREA_STYLE_COLOUR ( '', #2196 ) ;
#1452 =( NAMED_UNIT ( * ) PLANE_ANGLE_UNIT ( ) SI_UNIT ( $, .RADIAN. ) );
#1453 = ORIENTED_EDGE ( 'NONE', *, *, #3623, .F. ) ;
#1454 = ADVANCED_FACE ( 'NONE', ( #1992 ), #2876, .T. ) ;
#1455 = EDGE_CURVE ( 'NONE', #5541, #963, #2281, .T. ) ;
#1456 = VERTEX_POINT ( 'NONE', #3066 ) ;
#1457 = CYLINDRICAL_SURFACE ( 'NONE', #5394, 0.1500000000000000777 ) ;
#1458 = DIRECTION ( 'NONE',  ( 0.000000000000000000, 1.000000000000000000, 0.000000000000000000 ) ) ;
#1459 = ORIENTED_EDGE ( 'NONE', *, *, #5622, .T. ) ;
#1460 = DIRECTION ( 'NONE',  ( -0.000000000000000000, 0.000000000000000000, 1.000000000000000000 ) ) ;
#1461 =( NAMED_UNIT ( * ) PLANE_ANGLE_UNIT ( ) SI_UNIT ( $, .RADIAN. ) );
#1462 = PLANE ( 'NONE',  #3973 ) ;
#1463 = ORIENTED_EDGE ( 'NONE', *, *, #1056, .F. ) ;
#1464 =( NAMED_UNIT ( * ) PLANE_ANGLE_UNIT ( ) SI_UNIT ( $, .RADIAN. ) );
#1465 = CIRCLE ( 'NONE', #3475, 0.3000000000000000444 ) ;
#1466 = FILL_AREA_STYLE_COLOUR ( '', #2689 ) ;
#1467 = COLOUR_RGB ( '',1.000000000000000000, 1.000000000000000000, 1.000000000000000000 ) ;
#1468 = CARTESIAN_POINT ( 'NONE',  ( 1.002233606196060611, 0.5068647545284988842, -0.8699999999999999956 ) ) ;
#1469 = CARTESIAN_POINT ( 'NONE',  ( 1.708073776573566738, -0.3931352454715015821, -0.8000000000000000444 ) ) ;
#1470 = FACE_OUTER_BOUND ( 'NONE', #4457, .T. ) ;
#1471 = FILL_AREA_STYLE ('',( #38 ) ) ;
#1472 = VERTEX_POINT ( 'NONE', #2114 ) ;
#1473 = ORIENTED_EDGE ( 'NONE', *, *, #1575, .F. ) ;
#1474 =( NAMED_UNIT ( * ) PLANE_ANGLE_UNIT ( ) SI_UNIT ( $, .RADIAN. ) );
#1475 = PRESENTATION_LAYER_ASSIGNMENT (  '', '', ( #3384 ) ) ;
#1476 = ORIENTED_EDGE ( 'NONE', *, *, #1974, .F. ) ;
#1477 = FACE_OUTER_BOUND ( 'NONE', #534, .T. ) ;
#1478 = DIRECTION ( 'NONE',  ( 1.000000000000000000, 0.000000000000000000, -0.000000000000000000 ) ) ;
#1479 = ADVANCED_FACE ( 'NONE', ( #2084 ), #4512, .T. ) ;
#1480 = DIRECTION ( 'NONE',  ( -1.000000000000000000, -0.000000000000000000, -0.000000000000000000 ) ) ;
#1481 = CARTESIAN_POINT ( 'NONE',  ( 0.4882589707855558570, -0.03945942873076218466, 0.05000000000000000278 ) ) ;
#1482 = ORIENTED_EDGE ( 'NONE', *, *, #2748, .F. ) ;
#1483 = PRESENTATION_LAYER_ASSIGNMENT (  '', '', ( #96 ) ) ;
#1484 = ORIENTED_EDGE ( 'NONE', *, *, #3553, .T. ) ;
#1485 = SURFACE_STYLE_FILL_AREA ( #4227 ) ;
#1486 = DIRECTION ( 'NONE',  ( -1.000000000000000000, 0.000000000000000000, 0.000000000000000000 ) ) ;
#1487 = COLOUR_RGB ( '',1.000000000000000000, 1.000000000000000000, 1.000000000000000000 ) ;
#1488 = STYLED_ITEM ( 'NONE', ( #3173 ), #3522 ) ;
#1489 = LINE ( 'NONE', #2367, #2153 ) ;
#1490 = EDGE_CURVE ( 'NONE', #3831, #1918, #4054, .T. ) ;
#1491 = EDGE_CURVE ( 'NONE', #283, #1005, #2521, .T. ) ;
#1492 = UNCERTAINTY_MEASURE_WITH_UNIT (LENGTH_MEASURE( 1.000000000000000082E-05 ), #1370, 'distance_accuracy_value', 'NONE');
#1493 = DIRECTION ( 'NONE',  ( 0.05233595624294388321, 0.000000000000000000, 0.9986295347545739443 ) ) ;
#1494 =( LENGTH_UNIT ( ) NAMED_UNIT ( * ) SI_UNIT ( .MILLI., .METRE. ) );
#1495 = EDGE_LOOP ( 'NONE', ( #5238, #5556, #4132, #819 ) ) ;
#1496 = FILL_AREA_STYLE ('',( #1927 ) ) ;
#1497 = ADVANCED_FACE ( 'NONE', ( #5376 ), #2560, .F. ) ;
#1498 =( NAMED_UNIT ( * ) SI_UNIT ( $, .STERADIAN. ) SOLID_ANGLE_UNIT ( ) );
#1499 = CARTESIAN_POINT ( 'NONE',  ( -0.5265465593547974388, -0.1655797369339806480, 0.000000000000000000 ) ) ;
#1500 = UNCERTAINTY_MEASURE_WITH_UNIT (LENGTH_MEASURE( 1.000000000000000082E-05 ), #3037, 'distance_accuracy_value', 'NONE');
#1501 = LINE ( 'NONE', #2537, #2426 ) ;
#1502 = FILL_AREA_STYLE ('',( #3357 ) ) ;
#1503 =( NAMED_UNIT ( * ) PLANE_ANGLE_UNIT ( ) SI_UNIT ( $, .RADIAN. ) );
#1504 = FILL_AREA_STYLE ('',( #2927 ) ) ;
#1505 = PLANE ( 'NONE',  #2094 ) ;
#1506 =( NAMED_UNIT ( * ) PLANE_ANGLE_UNIT ( ) SI_UNIT ( $, .RADIAN. ) );
#1507 = PRESENTATION_STYLE_ASSIGNMENT (( #39 ) ) ;
#1508 = ORIENTED_EDGE ( 'NONE', *, *, #778, .T. ) ;
#1509 = CARTESIAN_POINT ( 'NONE',  ( -0.8265465593547973722, -0.7065939275861464752, 0.000000000000000000 ) ) ;
#1510 = PRESENTATION_STYLE_ASSIGNMENT (( #3362 ) ) ;
#1511 = ORIENTED_EDGE ( 'NONE', *, *, #2443, .F. ) ;
#1512 = FACE_OUTER_BOUND ( 'NONE', #2477, .T. ) ;
#1513 = PLANE ( 'NONE',  #817 ) ;
#1514 = ORIENTED_EDGE ( 'NONE', *, *, #1309, .T. ) ;
#1515 = ADVANCED_FACE ( 'NONE', ( #2301 ), #4595, .T. ) ;
#1516 = EDGE_LOOP ( 'NONE', ( #3183, #1242, #4841, #4013 ) ) ;
#1517 = DIRECTION ( 'NONE',  ( -0.05233595624294388321, 0.000000000000000000, 0.9986295347545739443 ) ) ;
#1518 = LINE ( 'NONE', #2366, #2924 ) ;
#1519 = MECHANICAL_DESIGN_GEOMETRIC_PRESENTATION_REPRESENTATION (  '', ( #5673 ), #5986 ) ;
#1520 = ORIENTED_EDGE ( 'NONE', *, *, #2067, .F. ) ;
#1521 = LINE ( 'NONE', #4734, #171 ) ;
#1522 = SURFACE_SIDE_STYLE ('',( #2527 ) ) ;
#1523 = EDGE_CURVE ( 'NONE', #1905, #3467, #5035, .T. ) ;
#1524 = DIRECTION ( 'NONE',  ( -1.000000000000000000, -3.197673771563340347E-15, 0.000000000000000000 ) ) ;
#1525 = SURFACE_SIDE_STYLE ('',( #4303 ) ) ;
#1526 = CARTESIAN_POINT ( 'NONE',  ( 0.5960918573386841945, 0.2498278417103637350, 0.05000000000000000278 ) ) ;
#1527 = COLOUR_RGB ( '',0.8313725490196077761, 0.8392156862745098200, 0.8313725490196077761 ) ;
#1528 = PRESENTATION_LAYER_ASSIGNMENT (  '', '', ( #4028 ) ) ;
#1529 = CARTESIAN_POINT ( 'NONE',  ( 1.321228911128271788, -1.454651929937279098, 0.05000000000000000278 ) ) ;
#1530 = CARTESIAN_POINT ( 'NONE',  ( -1.100000000000000089, 1.347111479062088503E-16, -0.03340969424833490492 ) ) ;
#1531 = PLANE ( 'NONE',  #1069 ) ;
#1532 = EDGE_CURVE ( 'NONE', #3017, #2273, #5989, .T. ) ;
#1533 = DIRECTION ( 'NONE',  ( 1.000000000000000000, -2.937807041787227880E-17, 0.000000000000000000 ) ) ;
#1534 = ORIENTED_EDGE ( 'NONE', *, *, #1532, .F. ) ;
#1535 = SURFACE_STYLE_USAGE ( .BOTH. , #4942 ) ;
#1536 = CARTESIAN_POINT ( 'NONE',  ( -0.8265465593547973722, -0.5565939275861466751, 0.05000000000000000278 ) ) ;
#1537 = CARTESIAN_POINT ( 'NONE',  ( 1.602233606196061366, -0.3931352454715015821, -0.5700000000000000622 ) ) ;
#1538 =( GEOMETRIC_REPRESENTATION_CONTEXT ( 3 ) GLOBAL_UNCERTAINTY_ASSIGNED_CONTEXT ( ( #572 ) ) GLOBAL_UNIT_ASSIGNED_CONTEXT ( ( #1121, #1148, #295 ) ) REPRESENTATION_CONTEXT ( 'NONE', 'WORKASPACE' ) );
#1539 = LINE ( 'NONE', #3457, #3670 ) ;
#1540 = CARTESIAN_POINT ( 'NONE',  ( 0.2971365777156377841, 0.1605405712692378195, 0.1500000000000000222 ) ) ;
#1541 = PRESENTATION_LAYER_ASSIGNMENT (  '', '', ( #2243 ) ) ;
#1542 = MECHANICAL_DESIGN_GEOMETRIC_PRESENTATION_REPRESENTATION (  '', ( #970 ), #5813 ) ;
#1543 = VERTEX_POINT ( 'NONE', #1766 ) ;
#1544 = FACE_OUTER_BOUND ( 'NONE', #529, .T. ) ;
#1545 = FACE_OUTER_BOUND ( 'NONE', #15, .T. ) ;
#1546 = VERTEX_POINT ( 'NONE', #2740 ) ;
#1547 =( LENGTH_UNIT ( ) NAMED_UNIT ( * ) SI_UNIT ( .MILLI., .METRE. ) );
#1548 = FILL_AREA_STYLE_COLOUR ( '', #1487 ) ;
#1549 = PLANE ( 'NONE',  #2690 ) ;
#1550 = CARTESIAN_POINT ( 'NONE',  ( 1.749999999999999556, 1.750000000000000666, 0.000000000000000000 ) ) ;
#1551 = CIRCLE ( 'NONE', #3248, 0.5500000000000000444 ) ;
#1552 =( GEOMETRIC_REPRESENTATION_CONTEXT ( 3 ) GLOBAL_UNCERTAINTY_ASSIGNED_CONTEXT ( ( #2955 ) ) GLOBAL_UNIT_ASSIGNED_CONTEXT ( ( #654, #153, #5665 ) ) REPRESENTATION_CONTEXT ( 'NONE', 'WORKASPACE' ) );
#1553 = DIRECTION ( 'NONE',  ( 1.000000000000000000, 0.000000000000000000, -3.252606517456512119E-15 ) ) ;
#1554 = ORIENTED_EDGE ( 'NONE', *, *, #1491, .F. ) ;
#1555 = VERTEX_POINT ( 'NONE', #3270 ) ;
#1556 = CARTESIAN_POINT ( 'NONE',  ( 1.847999750298894416E-16, -1.193135245471500738, -0.8000000000000000444 ) ) ;
#1557 =( GEOMETRIC_REPRESENTATION_CONTEXT ( 3 ) GLOBAL_UNCERTAINTY_ASSIGNED_CONTEXT ( ( #4007 ) ) GLOBAL_UNIT_ASSIGNED_CONTEXT ( ( #4428, #1077, #4458 ) ) REPRESENTATION_CONTEXT ( 'NONE', 'WORKASPACE' ) );
#1558 = VECTOR ( 'NONE', #5538, 1000.000000000000000 ) ;
#1559 = CARTESIAN_POINT ( 'NONE',  ( -0.03316504619021998224, 1.512774786421851037, 0.05000000000000000278 ) ) ;
#1560 = ORIENTED_EDGE ( 'NONE', *, *, #5402, .F. ) ;
#1561 =( NAMED_UNIT ( * ) SI_UNIT ( $, .STERADIAN. ) SOLID_ANGLE_UNIT ( ) );
#1562 = LINE ( 'NONE', #1624, #5125 ) ;
#1563 = AXIS2_PLACEMENT_3D ( 'NONE', #5419, #2645, #2549 ) ;
#1564 = ORIENTED_EDGE ( 'NONE', *, *, #4156, .F. ) ;
#1565 = LINE ( 'NONE', #4931, #660 ) ;
#1566 = MECHANICAL_DESIGN_GEOMETRIC_PRESENTATION_REPRESENTATION (  '', ( #4855 ), #4648 ) ;
#1567 = FILL_AREA_STYLE ('',( #2622 ) ) ;
#1568 = EDGE_CURVE ( 'NONE', #5053, #3834, #1271, .T. ) ;
#1569 = LINE ( 'NONE', #5291, #2957 ) ;
#1570 = UNCERTAINTY_MEASURE_WITH_UNIT (LENGTH_MEASURE( 1.000000000000000082E-05 ), #3821, 'distance_accuracy_value', 'NONE');
#1571 = DIRECTION ( 'NONE',  ( -0.000000000000000000, 0.000000000000000000, 1.000000000000000000 ) ) ;
#1572 = VERTEX_POINT ( 'NONE', #3185 ) ;
#1573 = DIRECTION ( 'NONE',  ( -1.000000000000000000, 0.000000000000000000, 0.000000000000000000 ) ) ;
#1574 = EDGE_CURVE ( 'NONE', #2840, #4246, #4877, .T. ) ;
#1575 = EDGE_CURVE ( 'NONE', #3429, #4694, #6073, .T. ) ;
#1576 =( NAMED_UNIT ( * ) PLANE_ANGLE_UNIT ( ) SI_UNIT ( $, .RADIAN. ) );
#1577 = COLOUR_RGB ( '',0.8313725490196077761, 0.8392156862745098200, 0.8313725490196077761 ) ;
#1578 = DIRECTION ( 'NONE',  ( -1.000000000000000000, 0.000000000000000000, 0.000000000000000000 ) ) ;
#1579 = DIRECTION ( 'NONE',  ( -0.000000000000000000, 0.000000000000000000, -1.000000000000000000 ) ) ;
#1580 = ORIENTED_EDGE ( 'NONE', *, *, #5622, .F. ) ;
#1581 = STYLED_ITEM ( 'NONE', ( #1775 ), #1294 ) ;
#1582 = VERTEX_POINT ( 'NONE', #4219 ) ;
#1583 = SURFACE_SIDE_STYLE ('',( #5370 ) ) ;
#1584 = FILL_AREA_STYLE_COLOUR ( '', #195 ) ;
#1585 = CARTESIAN_POINT ( 'NONE',  ( 1.902233606196061633, -0.3931352454715015821, -0.5700000000000010614 ) ) ;
#1586 = COLOUR_RGB ( '',0.8313725490196077761, 0.8392156862745098200, 0.8313725490196077761 ) ;
#1587 = VECTOR ( 'NONE', #2779, 1000.000000000000000 ) ;
#1588 = EDGE_LOOP ( 'NONE', ( #710, #63, #1743, #818 ) ) ;
#1589 = MECHANICAL_DESIGN_GEOMETRIC_PRESENTATION_REPRESENTATION (  '', ( #801 ), #3988 ) ;
#1590 = PRESENTATION_STYLE_ASSIGNMENT (( #3043 ) ) ;
#1591 = DIRECTION ( 'NONE',  ( 1.000000000000000000, 0.000000000000000000, -3.252606517456512119E-15 ) ) ;
#1592 = DIRECTION ( 'NONE',  ( 0.000000000000000000, -0.000000000000000000, -1.000000000000000000 ) ) ;
#1593 = EDGE_LOOP ( 'NONE', ( #86, #1017, #5932, #5085 ) ) ;
#1594 = AXIS2_PLACEMENT_3D ( 'NONE', #935, #4726, #2215 ) ;
#1595 = STYLED_ITEM ( 'NONE', ( #1805 ), #2572 ) ;
#1596 = VECTOR ( 'NONE', #4999, 1000.000000000000000 ) ;
#1597 = DIRECTION ( 'NONE',  ( 0.000000000000000000, -1.000000000000000000, 0.000000000000000000 ) ) ;
#1598 = CIRCLE ( 'NONE', #3994, 0.3000000000000000999 ) ;
#1599 = COLOUR_RGB ( '',0.8980392156862745390, 0.9215686274509803377, 0.9294117647058823817 ) ;
#1600 = VECTOR ( 'NONE', #922, 1000.000000000000000 ) ;
#1601 = DIRECTION ( 'NONE',  ( 3.560066835027028802E-15, -1.618212197739558143E-16, 1.000000000000000000 ) ) ;
#1602 =( LENGTH_UNIT ( ) NAMED_UNIT ( * ) SI_UNIT ( .MILLI., .METRE. ) );
#1603 = MECHANICAL_DESIGN_GEOMETRIC_PRESENTATION_REPRESENTATION (  '', ( #2500 ), #1894 ) ;
#1604 = ORIENTED_EDGE ( 'NONE', *, *, #2810, .T. ) ;
#1605 = ADVANCED_FACE ( 'NONE', ( #4632 ), #4192, .T. ) ;
#1606 = PRESENTATION_STYLE_ASSIGNMENT (( #1535 ) ) ;
#1607 =( NAMED_UNIT ( * ) PLANE_ANGLE_UNIT ( ) SI_UNIT ( $, .RADIAN. ) );
#1608 = LINE ( 'NONE', #1637, #5640 ) ;
#1609 = CARTESIAN_POINT ( 'NONE',  ( -0.6014578695130498032, -0.06436265024309432980, 0.05000000000000000278 ) ) ;
#1610 = DIRECTION ( 'NONE',  ( 0.000000000000000000, -0.000000000000000000, -1.000000000000000000 ) ) ;
#1611 = ADVANCED_FACE ( 'NONE', ( #1886 ), #490, .T. ) ;
#1612 = PRESENTATION_STYLE_ASSIGNMENT (( #2077 ) ) ;
#1613 = SURFACE_STYLE_USAGE ( .BOTH. , #2665 ) ;
#1614 =( NAMED_UNIT ( * ) SI_UNIT ( $, .STERADIAN. ) SOLID_ANGLE_UNIT ( ) );
#1615 = DIRECTION ( 'NONE',  ( -1.000000000000000000, 1.548860246407862843E-16, -0.000000000000000000 ) ) ;
#1616 = EDGE_CURVE ( 'NONE', #2209, #4575, #2902, .T. ) ;
#1617 = FACE_OUTER_BOUND ( 'NONE', #5247, .T. ) ;
#1618 = CARTESIAN_POINT ( 'NONE',  ( 1.902233606196063631, -1.193135245471501404, -4.878909776184769953E-16 ) ) ;
#1619 = CARTESIAN_POINT ( 'NONE',  ( 1.653762470121483696, -1.653762470121483918, 1.100000000000000311 ) ) ;
#1620 = ORIENTED_EDGE ( 'NONE', *, *, #1801, .T. ) ;
#1621 = ORIENTED_EDGE ( 'NONE', *, *, #4992, .T. ) ;
#1622 = VECTOR ( 'NONE', #1591, 1000.000000000000000 ) ;
#1623 = UNCERTAINTY_MEASURE_WITH_UNIT (LENGTH_MEASURE( 1.000000000000000082E-05 ), #2224, 'distance_accuracy_value', 'NONE');
#1624 = CARTESIAN_POINT ( 'NONE',  ( 1.749999999999999778, -0.3931352454715018041, -1.355252715606880543E-17 ) ) ;
#1625 = PRESENTATION_LAYER_ASSIGNMENT (  '', '', ( #3622 ) ) ;
#1626 = FILL_AREA_STYLE_COLOUR ( '', #261 ) ;
#1627 = LINE ( 'NONE', #131, #3740 ) ;
#1628 = SURFACE_SIDE_STYLE ('',( #3877 ) ) ;
#1629 = UNCERTAINTY_MEASURE_WITH_UNIT (LENGTH_MEASURE( 1.000000000000000082E-05 ), #5966, 'distance_accuracy_value', 'NONE');
#1630 = CARTESIAN_POINT ( 'NONE',  ( -1.097766393803939255, 1.306864754528499484, -0.8000000000000000444 ) ) ;
#1631 = MECHANICAL_DESIGN_GEOMETRIC_PRESENTATION_REPRESENTATION (  '', ( #847 ), #1143 ) ;
#1632 = DIRECTION ( 'NONE',  ( -0.000000000000000000, -1.000000000000000000, -0.000000000000000000 ) ) ;
#1633 = AXIS2_PLACEMENT_3D ( 'NONE', #5852, #2036, #1573 ) ;
#1634 = EDGE_LOOP ( 'NONE', ( #5401, #5457, #4353, #924 ) ) ;
#1635 = FACE_OUTER_BOUND ( 'NONE', #4847, .T. ) ;
#1636 = FILL_AREA_STYLE_COLOUR ( '', #137 ) ;
#1637 = CARTESIAN_POINT ( 'NONE',  ( -1.902233606196063187, -0.3931352454715015821, -0.3000000000000001554 ) ) ;
#1638 = STYLED_ITEM ( 'NONE', ( #3765 ), #5443 ) ;
#1639 =( NAMED_UNIT ( * ) PLANE_ANGLE_UNIT ( ) SI_UNIT ( $, .RADIAN. ) );
#1640 = SURFACE_STYLE_USAGE ( .BOTH. , #3520 ) ;
#1641 =( LENGTH_UNIT ( ) NAMED_UNIT ( * ) SI_UNIT ( .MILLI., .METRE. ) );
#1642 = LINE ( 'NONE', #3060, #1286 ) ;
#1643 = EDGE_CURVE ( 'NONE', #5304, #1417, #4822, .T. ) ;
#1644 = AXIS2_PLACEMENT_3D ( 'NONE', #3449, #1533, #3050 ) ;
#1645 =( GEOMETRIC_REPRESENTATION_CONTEXT ( 3 ) GLOBAL_UNCERTAINTY_ASSIGNED_CONTEXT ( ( #2945 ) ) GLOBAL_UNIT_ASSIGNED_CONTEXT ( ( #5101, #5968, #4700 ) ) REPRESENTATION_CONTEXT ( 'NONE', 'WORKASPACE' ) );
#1646 = DIRECTION ( 'NONE',  ( 1.000000000000000000, 0.000000000000000000, -0.000000000000000000 ) ) ;
#1647 =( LENGTH_UNIT ( ) NAMED_UNIT ( * ) SI_UNIT ( .MILLI., .METRE. ) );
#1648 = SURFACE_STYLE_FILL_AREA ( #125 ) ;
#1649 = CARTESIAN_POINT ( 'NONE',  ( -1.653762470121484363, 0.9037624701214834744, 0.6000000000000000888 ) ) ;
#1650 = VECTOR ( 'NONE', #3139, 1000.000000000000114 ) ;
#1651 = ORIENTED_EDGE ( 'NONE', *, *, #5325, .F. ) ;
#1652 = COLOUR_RGB ( '',0.8313725490196077761, 0.8392156862745098200, 0.8313725490196077761 ) ;
#1653 = SURFACE_SIDE_STYLE ('',( #670 ) ) ;
#1654 = ORIENTED_EDGE ( 'NONE', *, *, #1643, .T. ) ;
#1655 = EDGE_CURVE ( 'NONE', #3311, #3592, #4288, .T. ) ;
#1656 = EDGE_CURVE ( 'NONE', #4440, #1918, #8, .T. ) ;
#1657 = LINE ( 'NONE', #3105, #3061 ) ;
#1658 = AXIS2_PLACEMENT_3D ( 'NONE', #5675, #4875, #3529 ) ;
#1659 = STYLED_ITEM ( 'NONE', ( #1704 ), #518 ) ;
#1660 = VECTOR ( 'NONE', #18, 1000.000000000000000 ) ;
#1661 = FACE_OUTER_BOUND ( 'NONE', #3053, .T. ) ;
#1662 = CARTESIAN_POINT ( 'NONE',  ( 1.602233606196061366, -1.193135245471499628, -0.8699999999999999956 ) ) ;
#1663 = CARTESIAN_POINT ( 'NONE',  ( -0.6765465593547973500, 0.2577874617970526416, 0.05000000000000000278 ) ) ;
#1664 = EDGE_LOOP ( 'NONE', ( #159, #5418, #3071, #1850 ) ) ;
#1665 = DIRECTION ( 'NONE',  ( -0.000000000000000000, -1.000000000000000000, -0.000000000000000000 ) ) ;
#1666 = CLOSED_SHELL ( 'NONE', ( #3978, #1294, #2688, #829, #2095, #4459 ) ) ;
#1667 = DIRECTION ( 'NONE',  ( 1.000000000000000000, 0.000000000000000000, 0.000000000000000000 ) ) ;
#1668 = DIRECTION ( 'NONE',  ( 2.710505431213761085E-16, 1.000000000000000000, 0.000000000000000000 ) ) ;
#1669 = ORIENTED_EDGE ( 'NONE', *, *, #3106, .F. ) ;
#1670 = FILL_AREA_STYLE_COLOUR ( '', #5528 ) ;
#1671 =( NAMED_UNIT ( * ) PLANE_ANGLE_UNIT ( ) SI_UNIT ( $, .RADIAN. ) );
#1672 = VECTOR ( 'NONE', #3826, 1000.000000000000000 ) ;
#1673 =( LENGTH_UNIT ( ) NAMED_UNIT ( * ) SI_UNIT ( .MILLI., .METRE. ) );
#1674 = DIRECTION ( 'NONE',  ( 0.000000000000000000, 0.000000000000000000, 1.000000000000000000 ) ) ;
#1675 = VECTOR ( 'NONE', #5766, 1000.000000000000000 ) ;
#1676 = DIRECTION ( 'NONE',  ( -2.891205793294677439E-15, 0.000000000000000000, 1.000000000000000000 ) ) ;
#1677 = EDGE_CURVE ( 'NONE', #6064, #2209, #2865, .T. ) ;
#1678 = ORIENTED_EDGE ( 'NONE', *, *, #3330, .T. ) ;
#1679 = PRESENTATION_STYLE_ASSIGNMENT (( #5934 ) ) ;
#1680 = SURFACE_SIDE_STYLE ('',( #579 ) ) ;
#1681 = PRESENTATION_LAYER_ASSIGNMENT (  '', '', ( #992 ) ) ;
#1682 = PRODUCT_DEFINITION_CONTEXT ( 'detailed design', #3396, 'design' ) ;
#1683 = FILL_AREA_STYLE_COLOUR ( '', #951 ) ;
#1684 = AXIS2_PLACEMENT_3D ( 'NONE', #3389, #5656, #3855 ) ;
#1685 = EDGE_CURVE ( 'NONE', #5099, #2328, #895, .T. ) ;
#1686 = CARTESIAN_POINT ( 'NONE',  ( 0.7460918573386841057, -0.6860159872360372946, 0.05000000000000000278 ) ) ;
#1687 = COLOUR_RGB ( '',0.8313725490196077761, 0.8392156862745098200, 0.8313725490196077761 ) ;
#1688 = STYLED_ITEM ( 'NONE', ( #2487 ), #3175 ) ;
#1689 = FILL_AREA_STYLE_COLOUR ( '', #6005 ) ;
#1690 = SURFACE_SIDE_STYLE ('',( #1220 ) ) ;
#1691 = UNCERTAINTY_MEASURE_WITH_UNIT (LENGTH_MEASURE( 1.000000000000000082E-05 ), #5306, 'distance_accuracy_value', 'NONE');
#1692 = FILL_AREA_STYLE_COLOUR ( '', #3550 ) ;
#1693 = VECTOR ( 'NONE', #1847, 1000.000000000000000 ) ;
#1694 = MECHANICAL_DESIGN_GEOMETRIC_PRESENTATION_REPRESENTATION (  '', ( #4679 ), #5859 ) ;
#1695 = DIRECTION ( 'NONE',  ( -1.000000000000000000, 1.548860246407862843E-16, -0.000000000000000000 ) ) ;
#1696 = DIRECTION ( 'NONE',  ( -5.649957690696003971E-31, -1.000000000000000000, -1.618212197739558143E-16 ) ) ;
#1697 = ADVANCED_FACE ( 'NONE', ( #4755 ), #4247, .F. ) ;
#1698 =( GEOMETRIC_REPRESENTATION_CONTEXT ( 3 ) GLOBAL_UNCERTAINTY_ASSIGNED_CONTEXT ( ( #4800 ) ) GLOBAL_UNIT_ASSIGNED_CONTEXT ( ( #154, #2646, #2079 ) ) REPRESENTATION_CONTEXT ( 'NONE', 'WORKASPACE' ) );
#1699 = COLOUR_RGB ( '',0.8980392156862745390, 0.9215686274509803377, 0.9294117647058823817 ) ;
#1700 = FACE_OUTER_BOUND ( 'NONE', #4587, .T. ) ;
#1701 = SURFACE_SIDE_STYLE ('',( #4585 ) ) ;
#1702 = PRESENTATION_LAYER_ASSIGNMENT (  '', '', ( #1397 ) ) ;
#1703 = ORIENTED_EDGE ( 'NONE', *, *, #4397, .T. ) ;
#1704 = PRESENTATION_STYLE_ASSIGNMENT (( #5955 ) ) ;
#1705 =( NAMED_UNIT ( * ) PLANE_ANGLE_UNIT ( ) SI_UNIT ( $, .RADIAN. ) );
#1706 = DIRECTION ( 'NONE',  ( 0.000000000000000000, 1.000000000000000000, 0.000000000000000000 ) ) ;
#1707 = ORIENTED_EDGE ( 'NONE', *, *, #1219, .T. ) ;
#1708 = DIRECTION ( 'NONE',  ( -0.000000000000000000, 1.000000000000000000, -0.000000000000000000 ) ) ;
#1709 =( NAMED_UNIT ( * ) PLANE_ANGLE_UNIT ( ) SI_UNIT ( $, .RADIAN. ) );
#1710 = VERTEX_POINT ( 'NONE', #771 ) ;
#1711 = PLANE ( 'NONE',  #4333 ) ;
#1712 = SURFACE_STYLE_USAGE ( .BOTH. , #377 ) ;
#1713 = FACE_OUTER_BOUND ( 'NONE', #2046, .T. ) ;
#1714 = PLANE ( 'NONE',  #1154 ) ;
#1715 = EDGE_CURVE ( 'NONE', #697, #3699, #5123, .T. ) ;
#1716 = SURFACE_STYLE_FILL_AREA ( #2661 ) ;
#1717 =( NAMED_UNIT ( * ) SI_UNIT ( $, .STERADIAN. ) SOLID_ANGLE_UNIT ( ) );
#1718 = SURFACE_SIDE_STYLE ('',( #3197 ) ) ;
#1719 = FILL_AREA_STYLE ('',( #1692 ) ) ;
#1720 = ADVANCED_FACE ( 'NONE', ( #1635 ), #5082, .F. ) ;
#1721 = DIRECTION ( 'NONE',  ( 1.000000000000000000, 0.000000000000000000, 0.000000000000000000 ) ) ;
#1722 = DIRECTION ( 'NONE',  ( 1.000000000000000000, 0.000000000000000000, 0.000000000000000000 ) ) ;
#1723 = COLOUR_RGB ( '',0.003921568627450980338, 0.000000000000000000, 0.3372549019607843368 ) ;
#1724 = LINE ( 'NONE', #2671, #1289 ) ;
#1725 = CARTESIAN_POINT ( 'NONE',  ( 0.2971365777156376731, 0.7212690557775703892, 0.1500000000000000222 ) ) ;
#1726 = EDGE_CURVE ( 'NONE', #1269, #938, #667, .T. ) ;
#1727 = CARTESIAN_POINT ( 'NONE',  ( 0.4882589707855558570, 0.1605405712692378195, 0.05000000000000000278 ) ) ;
#1728 = ORIENTED_EDGE ( 'NONE', *, *, #248, .T. ) ;
#1729 = VECTOR ( 'NONE', #1134, 1000.000000000000000 ) ;
#1730 = ORIENTED_EDGE ( 'NONE', *, *, #1049, .T. ) ;
#1731 = DIRECTION ( 'NONE',  ( 0.000000000000000000, 1.000000000000000000, 0.000000000000000000 ) ) ;
#1732 = SURFACE_SIDE_STYLE ('',( #3613 ) ) ;
#1733 = DIRECTION ( 'NONE',  ( 0.000000000000000000, 0.000000000000000000, 1.000000000000000000 ) ) ;
#1734 = STYLED_ITEM ( 'NONE', ( #2875 ), #5252 ) ;
#1735 = VERTEX_POINT ( 'NONE', #2161 ) ;
#1736 = CYLINDRICAL_SURFACE ( 'NONE', #2842, 0.1499999999999999667 ) ;
#1737 = SURFACE_STYLE_USAGE ( .BOTH. , #2809 ) ;
#1738 = DIRECTION ( 'NONE',  ( 0.000000000000000000, -1.000000000000000000, 0.000000000000000000 ) ) ;
#1739 = ORIENTED_EDGE ( 'NONE', *, *, #2870, .T. ) ;
#1740 = CARTESIAN_POINT ( 'NONE',  ( -0.5265465593547974388, -0.3471160600431791310, 0.05000000000000000278 ) ) ;
#1741 = PRESENTATION_STYLE_ASSIGNMENT (( #1712 ) ) ;
#1742 = FILL_AREA_STYLE ('',( #3275 ) ) ;
#1743 = ORIENTED_EDGE ( 'NONE', *, *, #5217, .F. ) ;
#1744 = MECHANICAL_DESIGN_GEOMETRIC_PRESENTATION_REPRESENTATION (  '', ( #4619 ), #3539 ) ;
#1745 = STYLED_ITEM ( 'NONE', ( #2467 ), #1898 ) ;
#1746 =( GEOMETRIC_REPRESENTATION_CONTEXT ( 3 ) GLOBAL_UNCERTAINTY_ASSIGNED_CONTEXT ( ( #5407 ) ) GLOBAL_UNIT_ASSIGNED_CONTEXT ( ( #4407, #5942, #323 ) ) REPRESENTATION_CONTEXT ( 'NONE', 'WORKASPACE' ) );
#1747 = SURFACE_STYLE_USAGE ( .BOTH. , #4145 ) ;
#1748 = FILL_AREA_STYLE ('',( #4199 ) ) ;
#1749 = UNCERTAINTY_MEASURE_WITH_UNIT (LENGTH_MEASURE( 1.000000000000000082E-05 ), #1817, 'distance_accuracy_value', 'NONE');
#1750 = STYLED_ITEM ( 'NONE', ( #508 ), #1904 ) ;
#1751 = FILL_AREA_STYLE_COLOUR ( '', #1814 ) ;
#1752 = FILL_AREA_STYLE_COLOUR ( '', #35 ) ;
#1753 = CARTESIAN_POINT ( 'NONE',  ( 0.3603187164337326442, 0.5864781805825147742, 0.000000000000000000 ) ) ;
#1754 = CIRCLE ( 'NONE', #5317, 0.3000000000000000999 ) ;
#1755 = VECTOR ( 'NONE', #1897, 1000.000000000000114 ) ;
#1756 = EDGE_CURVE ( 'NONE', #4410, #2005, #5411, .T. ) ;
#1757 =( NAMED_UNIT ( * ) SI_UNIT ( $, .STERADIAN. ) SOLID_ANGLE_UNIT ( ) );
#1758 = EDGE_LOOP ( 'NONE', ( #1453, #1356, #4642, #2468 ) ) ;
#1759 = EDGE_CURVE ( 'NONE', #855, #3831, #5020, .T. ) ;
#1760 = EDGE_CURVE ( 'NONE', #4662, #3805, #5947, .T. ) ;
#1761 = DIRECTION ( 'NONE',  ( -1.000000000000000000, 0.000000000000000000, 0.000000000000000000 ) ) ;
#1762 = SURFACE_STYLE_USAGE ( .BOTH. , #1293 ) ;
#1763 = FILL_AREA_STYLE_COLOUR ( '', #4889 ) ;
#1764 = EDGE_LOOP ( 'NONE', ( #2780, #2593, #3426 ) ) ;
#1765 = LINE ( 'NONE', #6043, #5203 ) ;
#1766 = CARTESIAN_POINT ( 'NONE',  ( -1.750000000000000444, 1.749999999999999778, 0.000000000000000000 ) ) ;
#1767 = DIRECTION ( 'NONE',  ( 0.000000000000000000, 0.000000000000000000, -1.000000000000000000 ) ) ;
#1768 = EDGE_CURVE ( 'NONE', #4971, #1447, #45, .T. ) ;
#1769 = EDGE_LOOP ( 'NONE', ( #5427, #5232, #78, #5216, #3070, #5340 ) ) ;
#1770 = SURFACE_STYLE_USAGE ( .BOTH. , #2214 ) ;
#1771 = LINE ( 'NONE', #3241, #3400 ) ;
#1772 = EDGE_LOOP ( 'NONE', ( #2347, #4730, #5664, #5896, #1560, #375, #4468, #3100, #4867, #1947, #5037, #4684, #4152, #4319, #3356, #3403, #4927, #406, #1651, #3338, #380, #4155, #747, #5902, #1324, #269, #2513, #4777, #2087 ) ) ;
#1773 = AXIS2_PLACEMENT_3D ( 'NONE', #1312, #2285, #3316 ) ;
#1774 =( NAMED_UNIT ( * ) PLANE_ANGLE_UNIT ( ) SI_UNIT ( $, .RADIAN. ) );
#1775 = PRESENTATION_STYLE_ASSIGNMENT (( #2600 ) ) ;
#1776 = SURFACE_STYLE_FILL_AREA ( #883 ) ;
#1777 = AXIS2_PLACEMENT_3D ( 'NONE', #630, #4481, #5453 ) ;
#1778 = SURFACE_SIDE_STYLE ('',( #2728 ) ) ;
#1779 = PRESENTATION_LAYER_ASSIGNMENT (  '', '', ( #6146 ) ) ;
#1780 = FILL_AREA_STYLE ('',( #2163 ) ) ;
#1781 = CARTESIAN_POINT ( 'NONE',  ( -1.697506801884445915, -1.750000000000000666, 0.6000000000000000888 ) ) ;
#1782 = DIRECTION ( 'NONE',  ( -1.000000000000000000, 1.548860246407862843E-16, -0.000000000000000000 ) ) ;
#1783 = CIRCLE ( 'NONE', #5739, 0.1499999999999999667 ) ;
#1784 = AXIS2_PLACEMENT_3D ( 'NONE', #3390, #927, #3358 ) ;
#1785 = AXIS2_PLACEMENT_3D ( 'NONE', #1234, #1706, #3615 ) ;
#1786 = EDGE_CURVE ( 'NONE', #5562, #2987, #4965, .T. ) ;
#1787 =( GEOMETRIC_REPRESENTATION_CONTEXT ( 3 ) GLOBAL_UNCERTAINTY_ASSIGNED_CONTEXT ( ( #2369 ) ) GLOBAL_UNIT_ASSIGNED_CONTEXT ( ( #4851, #1503, #5855 ) ) REPRESENTATION_CONTEXT ( 'NONE', 'WORKASPACE' ) );
#1788 = LINE ( 'NONE', #5600, #2857 ) ;
#1789 = FILL_AREA_STYLE ('',( #1315 ) ) ;
#1790 = FILL_AREA_STYLE_COLOUR ( '', #804 ) ;
#1791 = DIRECTION ( 'NONE',  ( -0.000000000000000000, -0.000000000000000000, 1.000000000000000000 ) ) ;
#1792 = AXIS2_PLACEMENT_3D ( 'NONE', #5141, #5594, #1843 ) ;
#1793 = EDGE_LOOP ( 'NONE', ( #4982, #1855, #5632, #846 ) ) ;
#1794 = EDGE_CURVE ( 'NONE', #5184, #4762, #1551, .T. ) ;
#1795 = FILL_AREA_STYLE_COLOUR ( '', #601 ) ;
#1796 = EDGE_LOOP ( 'NONE', ( #4059, #4474, #1391, #4266, #3154, #5701, #4256, #1261, #5483 ) ) ;
#1797 = SURFACE_STYLE_FILL_AREA ( #3619 ) ;
#1798 = DIRECTION ( 'NONE',  ( 1.496071182482673119E-16, -1.000000000000000000, 0.000000000000000000 ) ) ;
#1799 = SURFACE_SIDE_STYLE ('',( #4599 ) ) ;
#1800 = ORIENTED_EDGE ( 'NONE', *, *, #6069, .F. ) ;
#1801 = EDGE_CURVE ( 'NONE', #799, #544, #3549, .T. ) ;
#1802 = ORIENTED_EDGE ( 'NONE', *, *, #2322, .F. ) ;
#1803 = SURFACE_STYLE_USAGE ( .BOTH. , #4643 ) ;
#1804 = PLANE ( 'NONE',  #3138 ) ;
#1805 = PRESENTATION_STYLE_ASSIGNMENT (( #421 ) ) ;
#1806 = UNCERTAINTY_MEASURE_WITH_UNIT (LENGTH_MEASURE( 1.000000000000000082E-05 ), #5333, 'distance_accuracy_value', 'NONE');
#1807 = DIRECTION ( 'NONE',  ( -0.000000000000000000, -1.000000000000000000, -0.000000000000000000 ) ) ;
#1808 =( NAMED_UNIT ( * ) PLANE_ANGLE_UNIT ( ) SI_UNIT ( $, .RADIAN. ) );
#1809 =( NAMED_UNIT ( * ) SI_UNIT ( $, .STERADIAN. ) SOLID_ANGLE_UNIT ( ) );
#1810 = CARTESIAN_POINT ( 'NONE',  ( 0.2971365777156377841, -0.03945942873076218466, 0.05000000000000000278 ) ) ;
#1811 = ORIENTED_EDGE ( 'NONE', *, *, #5501, .F. ) ;
#1812 = PRESENTATION_STYLE_ASSIGNMENT (( #394 ) ) ;
#1813 = ORIENTED_EDGE ( 'NONE', *, *, #4765, .T. ) ;
#1814 = COLOUR_RGB ( '',0.8313725490196077761, 0.8392156862745098200, 0.8313725490196077761 ) ;
#1815 = CARTESIAN_POINT ( 'NONE',  ( -1.002233606196060833, -1.193135245471500960, -0.8699999999999999956 ) ) ;
#1816 = FACE_OUTER_BOUND ( 'NONE', #5769, .T. ) ;
#1817 =( LENGTH_UNIT ( ) NAMED_UNIT ( * ) SI_UNIT ( .MILLI., .METRE. ) );
#1818 = CARTESIAN_POINT ( 'NONE',  ( 0.4823405661655014720, -0.4871897488101240015, 0.1500000000000000222 ) ) ;
#1819 = LINE ( 'NONE', #2806, #3104 ) ;
#1820 = SURFACE_SIDE_STYLE ('',( #298 ) ) ;
#1821 = ORIENTED_EDGE ( 'NONE', *, *, #593, .T. ) ;
#1822 = STYLED_ITEM ( 'NONE', ( #5874 ), #5003 ) ;
#1823 = DIRECTION ( 'NONE',  ( -1.000000000000000000, 0.000000000000000000, 0.000000000000000000 ) ) ;
#1824 = SURFACE_STYLE_FILL_AREA ( #6017 ) ;
#1825 = PRESENTATION_LAYER_ASSIGNMENT (  '', '', ( #1431 ) ) ;
#1826 = ORIENTED_EDGE ( 'NONE', *, *, #5886, .F. ) ;
#1827 = EDGE_CURVE ( 'NONE', #1447, #4424, #1255, .T. ) ;
#1828 = SURFACE_STYLE_FILL_AREA ( #821 ) ;
#1829 = FACE_OUTER_BOUND ( 'NONE', #3008, .T. ) ;
#1830 = DIRECTION ( 'NONE',  ( 0.000000000000000000, -1.000000000000000000, 0.000000000000000000 ) ) ;
#1831 = VERTEX_POINT ( 'NONE', #3170 ) ;
#1832 =( GEOMETRIC_REPRESENTATION_CONTEXT ( 3 ) GLOBAL_UNCERTAINTY_ASSIGNED_CONTEXT ( ( #5905 ) ) GLOBAL_UNIT_ASSIGNED_CONTEXT ( ( #1353, #1913, #4720 ) ) REPRESENTATION_CONTEXT ( 'NONE', 'WORKASPACE' ) );
#1833 = EDGE_LOOP ( 'NONE', ( #3716, #5182, #5979, #365, #3480 ) ) ;
#1834 = CARTESIAN_POINT ( 'NONE',  ( -0.6014578695130498032, 0.1994353412954477101, 0.1500000000000000222 ) ) ;
#1835 = CYLINDRICAL_SURFACE ( 'NONE', #5116, 0.1500000000000000222 ) ;
#1836 = CARTESIAN_POINT ( 'NONE',  ( 0.2971365777156376731, 0.7212690557775703892, 0.1500000000000000222 ) ) ;
#1837 = ADVANCED_FACE ( 'NONE', ( #800 ), #1966, .T. ) ;
#1838 = STYLED_ITEM ( 'NONE', ( #2954 ), #2493 ) ;
#1839 = PRESENTATION_STYLE_ASSIGNMENT (( #1334 ) ) ;
#1840 = CARTESIAN_POINT ( 'NONE',  ( 0.3603187164337326442, 0.4364781805825147520, 0.000000000000000000 ) ) ;
#1841 = CIRCLE ( 'NONE', #5314, 0.1499999999999999944 ) ;
#1842 = ORIENTED_EDGE ( 'NONE', *, *, #5585, .T. ) ;
#1843 = DIRECTION ( 'NONE',  ( 0.000000000000000000, 0.000000000000000000, 1.000000000000000000 ) ) ;
#1844 = DIRECTION ( 'NONE',  ( -2.710505431213761578E-16, -1.000000000000000000, 0.000000000000000000 ) ) ;
#1845 = CARTESIAN_POINT ( 'NONE',  ( 0.2971365777156376731, 0.5212690557775702116, 0.1500000000000000222 ) ) ;
#1846 = LINE ( 'NONE', #3639, #3751 ) ;
#1847 = DIRECTION ( 'NONE',  ( -0.000000000000000000, -0.000000000000000000, -1.000000000000000000 ) ) ;
#1848 = VECTOR ( 'NONE', #1668, 1000.000000000000000 ) ;
#1849 = SURFACE_STYLE_USAGE ( .BOTH. , #3857 ) ;
#1850 = ORIENTED_EDGE ( 'NONE', *, *, #5967, .T. ) ;
#1851 = CARTESIAN_POINT ( 'NONE',  ( -0.03316504619021998224, -0.01557973693398068474, 0.05000000000000000278 ) ) ;
#1852 = AXIS2_PLACEMENT_3D ( 'NONE', #1029, #4317, #4790 ) ;
#1853 =( LENGTH_UNIT ( ) NAMED_UNIT ( * ) SI_UNIT ( .MILLI., .METRE. ) );
#1854 = FACE_OUTER_BOUND ( 'NONE', #4286, .T. ) ;
#1855 = ORIENTED_EDGE ( 'NONE', *, *, #1655, .F. ) ;
#1856 = EDGE_CURVE ( 'NONE', #5952, #5011, #1841, .T. ) ;
#1857 = ORIENTED_EDGE ( 'NONE', *, *, #1946, .T. ) ;
#1858 = DIRECTION ( 'NONE',  ( 1.858632295689436102E-16, -1.000000000000000000, 0.000000000000000000 ) ) ;
#1859 = CARTESIAN_POINT ( 'NONE',  ( -0.1016364463799759588, -0.06436265024309432980, 0.1500000000000000222 ) ) ;
#1860 = MECHANICAL_DESIGN_GEOMETRIC_PRESENTATION_REPRESENTATION (  '', ( #2368 ), #290 ) ;
#1861 = DIRECTION ( 'NONE',  ( -1.000000000000000000, 0.000000000000000000, 0.000000000000000000 ) ) ;
#1862 = UNCERTAINTY_MEASURE_WITH_UNIT (LENGTH_MEASURE( 1.000000000000000082E-05 ), #1212, 'distance_accuracy_value', 'NONE');
#1863 = FACE_OUTER_BOUND ( 'NONE', #3146, .T. ) ;
#1864 = ADVANCED_FACE ( 'NONE', ( #5879 ), #3540, .T. ) ;
#1865 = ORIENTED_EDGE ( 'NONE', *, *, #5616, .F. ) ;
#1866 = CARTESIAN_POINT ( 'NONE',  ( -0.5265465593547974388, -0.3471160600431791310, 0.000000000000000000 ) ) ;
#1867 = MECHANICAL_DESIGN_GEOMETRIC_PRESENTATION_REPRESENTATION (  '', ( #3579 ), #2274 ) ;
#1868 = VERTEX_POINT ( 'NONE', #6090 ) ;
#1869 = CARTESIAN_POINT ( 'NONE',  ( 1.602233606196062699, 1.306864754528498374, -0.2999999999999991562 ) ) ;
#1870 =( NAMED_UNIT ( * ) SI_UNIT ( $, .STERADIAN. ) SOLID_ANGLE_UNIT ( ) );
#1871 =( LENGTH_UNIT ( ) NAMED_UNIT ( * ) SI_UNIT ( .MILLI., .METRE. ) );
#1872 = UNCERTAINTY_MEASURE_WITH_UNIT (LENGTH_MEASURE( 1.000000000000000082E-05 ), #3790, 'distance_accuracy_value', 'NONE');
#1873 = CARTESIAN_POINT ( 'NONE',  ( 0.7460918573386841057, -0.6860159872360372946, 0.05000000000000000278 ) ) ;
#1874 = PRESENTATION_LAYER_ASSIGNMENT (  '', '', ( #4563 ) ) ;
#1875 = EDGE_CURVE ( 'NONE', #938, #3367, #2726, .T. ) ;
#1876 = ORIENTED_EDGE ( 'NONE', *, *, #1756, .F. ) ;
#1877 = VECTOR ( 'NONE', #2584, 1000.000000000000000 ) ;
#1878 = FILL_AREA_STYLE ('',( #2348 ) ) ;
#1879 = MECHANICAL_DESIGN_GEOMETRIC_PRESENTATION_REPRESENTATION (  '', ( #5741 ), #6145 ) ;
#1880 = DIRECTION ( 'NONE',  ( 0.000000000000000000, 0.000000000000000000, -1.000000000000000000 ) ) ;
#1881 = PLANE ( 'NONE',  #2123 ) ;
#1882 = FILL_AREA_STYLE ('',( #523 ) ) ;
#1883 = LINE ( 'NONE', #110, #3687 ) ;
#1884 = CARTESIAN_POINT ( 'NONE',  ( -1.702233606196061455, -0.3931352454715015821, -0.5700000000000003952 ) ) ;
#1885 = VECTOR ( 'NONE', #5685, 1000.000000000000000 ) ;
#1886 = FACE_OUTER_BOUND ( 'NONE', #6098, .T. ) ;
#1887 = ORIENTED_EDGE ( 'NONE', *, *, #1049, .F. ) ;
#1888 = SURFACE_STYLE_FILL_AREA ( #5242 ) ;
#1889 = CARTESIAN_POINT ( 'NONE',  ( 0.4971365777156377397, 0.7212690557775703892, 0.1500000000000000222 ) ) ;
#1890 =( GEOMETRIC_REPRESENTATION_CONTEXT ( 3 ) GLOBAL_UNCERTAINTY_ASSIGNED_CONTEXT ( ( #4118 ) ) GLOBAL_UNIT_ASSIGNED_CONTEXT ( ( #3091, #4977, #1614 ) ) REPRESENTATION_CONTEXT ( 'NONE', 'WORKASPACE' ) );
#1891 = MECHANICAL_DESIGN_GEOMETRIC_PRESENTATION_REPRESENTATION (  '', ( #5536 ), #911 ) ;
#1892 = DIRECTION ( 'NONE',  ( -0.000000000000000000, 0.000000000000000000, 1.000000000000000000 ) ) ;
#1893 = VERTEX_POINT ( 'NONE', #770 ) ;
#1894 =( GEOMETRIC_REPRESENTATION_CONTEXT ( 3 ) GLOBAL_UNCERTAINTY_ASSIGNED_CONTEXT ( ( #4177 ) ) GLOBAL_UNIT_ASSIGNED_CONTEXT ( ( #4292, #2838, #11 ) ) REPRESENTATION_CONTEXT ( 'NONE', 'WORKASPACE' ) );
#1895 = VERTEX_POINT ( 'NONE', #6003 ) ;
#1896 =( LENGTH_UNIT ( ) NAMED_UNIT ( * ) SI_UNIT ( .MILLI., .METRE. ) );
#1897 = DIRECTION ( 'NONE',  ( 0.08682659386424763925, -0.08682659386424761150, -0.9924325091389669673 ) ) ;
#1898 = ADVANCED_FACE ( 'NONE', ( #4554 ), #6117, .F. ) ;
#1899 = ORIENTED_EDGE ( 'NONE', *, *, #1330, .T. ) ;
#1900 = SURFACE_SIDE_STYLE ('',( #2947 ) ) ;
#1901 = FACE_OUTER_BOUND ( 'NONE', #2239, .T. ) ;
#1902 =( LENGTH_UNIT ( ) NAMED_UNIT ( * ) SI_UNIT ( .MILLI., .METRE. ) );
#1903 = DIRECTION ( 'NONE',  ( 0.000000000000000000, 0.000000000000000000, 1.000000000000000000 ) ) ;
#1904 = ADVANCED_FACE ( 'NONE', ( #5223 ), #5412, .F. ) ;
#1905 = VERTEX_POINT ( 'NONE', #3073 ) ;
#1906 = FILL_AREA_STYLE ('',( #4279 ) ) ;
#1907 = CARTESIAN_POINT ( 'NONE',  ( -1.653762470121484363, 0.9037624701214834744, 0.6000000000000000888 ) ) ;
#1908 = EDGE_CURVE ( 'NONE', #5623, #2767, #1657, .T. ) ;
#1909 = FILL_AREA_STYLE_COLOUR ( '', #3386 ) ;
#1910 = FILL_AREA_STYLE_COLOUR ( '', #1652 ) ;
#1911 = CARTESIAN_POINT ( 'NONE',  ( 1.749999999999999556, 1.697506801884446359, 0.6000000000000000888 ) ) ;
#1912 = AXIS2_PLACEMENT_3D ( 'NONE', #3604, #3114, #3051 ) ;
#1913 =( NAMED_UNIT ( * ) PLANE_ANGLE_UNIT ( ) SI_UNIT ( $, .RADIAN. ) );
#1914 = CARTESIAN_POINT ( 'NONE',  ( 1.702233606196063009, -1.193135245471501626, -0.2999999999999994893 ) ) ;
#1915 = VERTEX_POINT ( 'NONE', #1193 ) ;
#1916 = SURFACE_SIDE_STYLE ('',( #2905 ) ) ;
#1917 = PLANE ( 'NONE',  #3680 ) ;
#1918 = VERTEX_POINT ( 'NONE', #3018 ) ;
#1919 = MECHANICAL_DESIGN_GEOMETRIC_PRESENTATION_REPRESENTATION (  '', ( #3824 ), #4938 ) ;
#1920 = ORIENTED_EDGE ( 'NONE', *, *, #5611, .T. ) ;
#1921 = SURFACE_SIDE_STYLE ('',( #124 ) ) ;
#1922 = PLANE ( 'NONE',  #5669 ) ;
#1923 = UNCERTAINTY_MEASURE_WITH_UNIT (LENGTH_MEASURE( 1.000000000000000082E-05 ), #4666, 'distance_accuracy_value', 'NONE');
#1924 = PRESENTATION_LAYER_ASSIGNMENT (  '', '', ( #3830 ) ) ;
#1925 = VERTEX_POINT ( 'NONE', #613 ) ;
#1926 = SURFACE_STYLE_FILL_AREA ( #976 ) ;
#1927 = FILL_AREA_STYLE_COLOUR ( '', #2337 ) ;
#1928 = VECTOR ( 'NONE', #919, 1000.000000000000114 ) ;
#1929 = ORIENTED_EDGE ( 'NONE', *, *, #5278, .T. ) ;
#1930 = FILL_AREA_STYLE_COLOUR ( '', #4431 ) ;
#1931 = UNCERTAINTY_MEASURE_WITH_UNIT (LENGTH_MEASURE( 1.000000000000000082E-05 ), #909, 'distance_accuracy_value', 'NONE');
#1932 = STYLED_ITEM ( 'NONE', ( #1375 ), #2417 ) ;
#1933 = PRESENTATION_LAYER_ASSIGNMENT (  '', '', ( #4833 ) ) ;
#1934 = VERTEX_POINT ( 'NONE', #3046 ) ;
#1935 = EDGE_CURVE ( 'NONE', #963, #4410, #95, .T. ) ;
#1936 = STYLED_ITEM ( 'NONE', ( #2195 ), #1720 ) ;
#1937 = PRESENTATION_LAYER_ASSIGNMENT (  '', '', ( #4630 ) ) ;
#1938 = SURFACE_STYLE_FILL_AREA ( #5684 ) ;
#1939 = DIRECTION ( 'NONE',  ( 0.000000000000000000, -1.000000000000000000, 0.000000000000000000 ) ) ;
#1940 = PLANE ( 'NONE',  #1288 ) ;
#1941 = SURFACE_STYLE_FILL_AREA ( #3423 ) ;
#1942 = DIRECTION ( 'NONE',  ( -0.000000000000000000, 1.000000000000000000, -0.000000000000000000 ) ) ;
#1943 = SURFACE_STYLE_FILL_AREA ( #3920 ) ;
#1944 = VECTOR ( 'NONE', #4026, 1000.000000000000000 ) ;
#1945 = STYLED_ITEM ( 'NONE', ( #2358 ), #545 ) ;
#1946 = EDGE_CURVE ( 'NONE', #3346, #5510, #3969, .T. ) ;
#1947 = ORIENTED_EDGE ( 'NONE', *, *, #2142, .F. ) ;
#1948 = EDGE_CURVE ( 'NONE', #434, #1543, #2025, .T. ) ;
#1949 = DIRECTION ( 'NONE',  ( -1.000000000000000000, -1.951916865401747084E-16, 0.000000000000000000 ) ) ;
#1950 = CARTESIAN_POINT ( 'NONE',  ( -0.6014578695130498032, 0.1994353412954477101, 0.1500000000000000222 ) ) ;
#1951 = ORIENTED_EDGE ( 'NONE', *, *, #793, .T. ) ;
#1952 = COLOUR_RGB ( '',0.8980392156862745390, 0.9215686274509803377, 0.9294117647058823817 ) ;
#1953 = CARTESIAN_POINT ( 'NONE',  ( 0.000000000000000000, 0.000000000000000000, 0.05000000000000000278 ) ) ;
#1954 = LINE ( 'NONE', #495, #2693 ) ;
#1955 = ORIENTED_EDGE ( 'NONE', *, *, #1195, .F. ) ;
#1956 = ADVANCED_FACE ( 'NONE', ( #1166 ), #2089, .T. ) ;
#1957 = ORIENTED_EDGE ( 'NONE', *, *, #4120, .F. ) ;
#1958 = PLANE ( 'NONE',  #5302 ) ;
#1959 = PRESENTATION_LAYER_ASSIGNMENT (  '', '', ( #4855 ) ) ;
#1960 = ORIENTED_EDGE ( 'NONE', *, *, #2134, .F. ) ;
#1961 =( GEOMETRIC_REPRESENTATION_CONTEXT ( 3 ) GLOBAL_UNCERTAINTY_ASSIGNED_CONTEXT ( ( #6096 ) ) GLOBAL_UNIT_ASSIGNED_CONTEXT ( ( #4408, #145, #2483 ) ) REPRESENTATION_CONTEXT ( 'NONE', 'WORKASPACE' ) );
#1962 = ORIENTED_EDGE ( 'NONE', *, *, #3981, .F. ) ;
#1963 = DIRECTION ( 'NONE',  ( -0.000000000000000000, -1.000000000000000000, -0.000000000000000000 ) ) ;
#1964 = CARTESIAN_POINT ( 'NONE',  ( -1.708073776573567404, 1.708073776573566738, -0.8000000000000000444 ) ) ;
#1965 = VECTOR ( 'NONE', #286, 1000.000000000000000 ) ;
#1966 = PLANE ( 'NONE',  #3745 ) ;
#1967 = VERTEX_POINT ( 'NONE', #5800 ) ;
#1968 = SURFACE_SIDE_STYLE ('',( #2 ) ) ;
#1969 =( GEOMETRIC_REPRESENTATION_CONTEXT ( 3 ) GLOBAL_UNCERTAINTY_ASSIGNED_CONTEXT ( ( #3445 ) ) GLOBAL_UNIT_ASSIGNED_CONTEXT ( ( #1647, #1158, #4421 ) ) REPRESENTATION_CONTEXT ( 'NONE', 'WORKASPACE' ) );
#1970 = CARTESIAN_POINT ( 'NONE',  ( 1.602233606196062921, -1.193135245471501626, -0.2999999999999991562 ) ) ;
#1971 = AXIS2_PLACEMENT_3D ( 'NONE', #4159, #872, #4185 ) ;
#1972 = LINE ( 'NONE', #485, #2190 ) ;
#1973 = FACE_OUTER_BOUND ( 'NONE', #3764, .T. ) ;
#1974 = EDGE_CURVE ( 'NONE', #1915, #1582, #1562, .T. ) ;
#1975 = CARTESIAN_POINT ( 'NONE',  ( -0.1016364463799759588, -0.06436265024309432980, 0.05000000000000000278 ) ) ;
#1976 = ORIENTED_EDGE ( 'NONE', *, *, #637, .T. ) ;
#1977 = VECTOR ( 'NONE', #1142, 1000.000000000000000 ) ;
#1978 = COLOUR_RGB ( '',1.000000000000000000, 0.000000000000000000, 0.000000000000000000 ) ;
#1979 = FILL_AREA_STYLE_COLOUR ( '', #2946 ) ;
#1980 = FILL_AREA_STYLE ('',( #2453 ) ) ;
#1981 = COLOUR_RGB ( '',0.8980392156862745390, 0.9215686274509803377, 0.9294117647058823817 ) ;
#1982 = ORIENTED_EDGE ( 'NONE', *, *, #25, .T. ) ;
#1983 = FACE_OUTER_BOUND ( 'NONE', #6113, .T. ) ;
#1984 = DIRECTION ( 'NONE',  ( -1.000000000000000000, 0.000000000000000000, 0.000000000000000000 ) ) ;
#1985 = FILL_AREA_STYLE ('',( #1034 ) ) ;
#1986 = EDGE_CURVE ( 'NONE', #1582, #4773, #732, .T. ) ;
#1987 = ORIENTED_EDGE ( 'NONE', *, *, #1262, .F. ) ;
#1988 = VECTOR ( 'NONE', #837, 1000.000000000000000 ) ;
#1989 = MECHANICAL_DESIGN_GEOMETRIC_PRESENTATION_REPRESENTATION (  '', ( #304 ), #5641 ) ;
#1990 = ORIENTED_EDGE ( 'NONE', *, *, #4039, .T. ) ;
#1991 = DIRECTION ( 'NONE',  ( 3.560066835027028802E-15, -0.000000000000000000, -1.000000000000000000 ) ) ;
#1992 = FACE_OUTER_BOUND ( 'NONE', #5566, .T. ) ;
#1993 = LINE ( 'NONE', #3906, #2623 ) ;
#1994 = PRESENTATION_LAYER_ASSIGNMENT (  '', '', ( #711 ) ) ;
#1995 = AXIS2_PLACEMENT_3D ( 'NONE', #2884, #5262, #1022 ) ;
#1996 = VERTEX_POINT ( 'NONE', #5906 ) ;
#1997 = FILL_AREA_STYLE_COLOUR ( '', #3067 ) ;
#1998 = VECTOR ( 'NONE', #2936, 1000.000000000000000 ) ;
#1999 = EDGE_CURVE ( 'NONE', #4391, #1735, #3565, .T. ) ;
#2000 =( NAMED_UNIT ( * ) SI_UNIT ( $, .STERADIAN. ) SOLID_ANGLE_UNIT ( ) );
#2001 = FILL_AREA_STYLE_COLOUR ( '', #1467 ) ;
#2002 = LINE ( 'NONE', #1529, #1014 ) ;
#2003 = FILL_AREA_STYLE ('',( #134 ) ) ;
#2004 = UNCERTAINTY_MEASURE_WITH_UNIT (LENGTH_MEASURE( 1.000000000000000082E-05 ), #2863, 'distance_accuracy_value', 'NONE');
#2005 = VERTEX_POINT ( 'NONE', #6133 ) ;
#2006 =( NAMED_UNIT ( * ) PLANE_ANGLE_UNIT ( ) SI_UNIT ( $, .RADIAN. ) );
#2007 = SURFACE_STYLE_FILL_AREA ( #1178 ) ;
#2008 = DIRECTION ( 'NONE',  ( 0.000000000000000000, -1.000000000000000000, -0.000000000000000000 ) ) ;
#2009 = CARTESIAN_POINT ( 'NONE',  ( -0.1831650461902199489, -0.1655797369339806480, 0.05000000000000000278 ) ) ;
#2010 = CARTESIAN_POINT ( 'NONE',  ( -1.749999999999999778, -1.193135245471501404, -4.472333961502705790E-16 ) ) ;
#2011 =( NAMED_UNIT ( * ) SI_UNIT ( $, .STERADIAN. ) SOLID_ANGLE_UNIT ( ) );
#2012 = VERTEX_POINT ( 'NONE', #2660 ) ;
#2013 = ADVANCED_FACE ( 'NONE', ( #4092 ), #5943, .T. ) ;
#2014 = SURFACE_SIDE_STYLE ('',( #5002 ) ) ;
#2015 = FILL_AREA_STYLE_COLOUR ( '', #6139 ) ;
#2016 = DIRECTION ( 'NONE',  ( 1.000000000000000000, 0.000000000000000000, 0.000000000000000000 ) ) ;
#2017 = CARTESIAN_POINT ( 'NONE',  ( -1.002233606196060611, 0.5068647545284988842, -0.8699999999999999956 ) ) ;
#2018 = ORIENTED_EDGE ( 'NONE', *, *, #4094, .F. ) ;
#2019 = ORIENTED_EDGE ( 'NONE', *, *, #234, .T. ) ;
#2020 =( NAMED_UNIT ( * ) PLANE_ANGLE_UNIT ( ) SI_UNIT ( $, .RADIAN. ) );
#2021 = PRESENTATION_STYLE_ASSIGNMENT (( #2400 ) ) ;
#2022 = EDGE_CURVE ( 'NONE', #3473, #6112, #4910, .T. ) ;
#2023 = COLOUR_RGB ( '',0.8313725490196077761, 0.8392156862745098200, 0.8313725490196077761 ) ;
#2024 = ORIENTED_EDGE ( 'NONE', *, *, #3868, .T. ) ;
#2025 = LINE ( 'NONE', #4989, #2346 ) ;
#2026 =( GEOMETRIC_REPRESENTATION_CONTEXT ( 3 ) GLOBAL_UNCERTAINTY_ASSIGNED_CONTEXT ( ( #3872 ) ) GLOBAL_UNIT_ASSIGNED_CONTEXT ( ( #4990, #4029, #2597 ) ) REPRESENTATION_CONTEXT ( 'NONE', 'WORKASPACE' ) );
#2027 = EDGE_CURVE ( 'NONE', #4635, #5609, #4465, .T. ) ;
#2028 = CARTESIAN_POINT ( 'NONE',  ( 0.4823405661655014720, -0.2871897488101240459, 0.1500000000000000222 ) ) ;
#2029 = FACE_OUTER_BOUND ( 'NONE', #474, .T. ) ;
#2030 = MECHANICAL_DESIGN_GEOMETRIC_PRESENTATION_REPRESENTATION (  '', ( #5586 ), #5298 ) ;
#2031 =( NAMED_UNIT ( * ) SI_UNIT ( $, .STERADIAN. ) SOLID_ANGLE_UNIT ( ) );
#2032 = CARTESIAN_POINT ( 'NONE',  ( 1.602233606196062699, 0.5068647545284983291, -0.2999999999999991562 ) ) ;
#2033 = LINE ( 'NONE', #1630, #4634 ) ;
#2034 = MECHANICAL_DESIGN_GEOMETRIC_PRESENTATION_REPRESENTATION (  '', ( #3052 ), #1832 ) ;
#2035 = ORIENTED_EDGE ( 'NONE', *, *, #172, .F. ) ;
#2036 = DIRECTION ( 'NONE',  ( -0.000000000000000000, -0.000000000000000000, -1.000000000000000000 ) ) ;
#2037 = DIRECTION ( 'NONE',  ( 0.7071067811865476838, 0.7071067811865474617, 0.000000000000000000 ) ) ;
#2038 = SURFACE_STYLE_FILL_AREA ( #2964 ) ;
#2039 = LINE ( 'NONE', #3485, #3498 ) ;
#2040 = MECHANICAL_DESIGN_GEOMETRIC_PRESENTATION_REPRESENTATION (  '', ( #1437 ), #2739 ) ;
#2041 = FACE_OUTER_BOUND ( 'NONE', #5612, .T. ) ;
#2042 = VECTOR ( 'NONE', #923, 1000.000000000000000 ) ;
#2043 = AXIS2_PLACEMENT_3D ( 'NONE', #2667, #5328, #2158 ) ;
#2044 = PRESENTATION_STYLE_ASSIGNMENT (( #559 ) ) ;
#2045 = PRESENTATION_LAYER_ASSIGNMENT (  '', '', ( #2651 ) ) ;
#2046 = EDGE_LOOP ( 'NONE', ( #4539, #3528, #4249, #5987, #1987, #2772, #3263, #4615, #1520 ) ) ;
#2047 = ORIENTED_EDGE ( 'NONE', *, *, #749, .T. ) ;
#2048 = SURFACE_SIDE_STYLE ('',( #2111 ) ) ;
#2049 = DIRECTION ( 'NONE',  ( 1.548860246407862843E-16, 1.000000000000000000, 0.000000000000000000 ) ) ;
#2050 = MECHANICAL_DESIGN_GEOMETRIC_PRESENTATION_REPRESENTATION (  '', ( #2758 ), #5509 ) ;
#2051 = LINE ( 'NONE', #2017, #506 ) ;
#2052 = ADVANCED_BREP_SHAPE_REPRESENTATION ( 'WS2812B-3535', ( #364, #519, #2495, #4508, #4590, #4651, #4640, #2543, #2557, #1132 ), #1313 ) ;
#2053 = ORIENTED_EDGE ( 'NONE', *, *, #2643, .F. ) ;
#2055 = FILL_AREA_STYLE ('',( #161 ) ) ;
#2054 = VECTOR ( 'NONE', #2571, 1000.000000000000000 ) ;
#2056 = STYLED_ITEM ( 'NONE', ( #2565 ), #829 ) ;
#2057 = SURFACE_STYLE_USAGE ( .BOTH. , #3560 ) ;
#2058 = ORIENTED_EDGE ( 'NONE', *, *, #4933, .T. ) ;
#2059 = UNCERTAINTY_MEASURE_WITH_UNIT (LENGTH_MEASURE( 1.000000000000000082E-05 ), #5722, 'distance_accuracy_value', 'NONE');
#2060 = DIRECTION ( 'NONE',  ( 1.000000000000000000, 0.000000000000000000, 0.000000000000000000 ) ) ;
#2061 = MECHANICAL_DESIGN_GEOMETRIC_PRESENTATION_REPRESENTATION (  '', ( #5503 ), #863 ) ;
#2062 = EDGE_CURVE ( 'NONE', #3923, #3699, #138, .T. ) ;
#2063 = DIRECTION ( 'NONE',  ( 0.000000000000000000, 0.000000000000000000, 1.000000000000000000 ) ) ;
#2064 = FILL_AREA_STYLE_COLOUR ( '', #2136 ) ;
#2065 = DIRECTION ( 'NONE',  ( 0.000000000000000000, -1.000000000000000000, -0.000000000000000000 ) ) ;
#2066 = UNCERTAINTY_MEASURE_WITH_UNIT (LENGTH_MEASURE( 1.000000000000000082E-05 ), #3488, 'distance_accuracy_value', 'NONE');
#2067 = EDGE_CURVE ( 'NONE', #2473, #3869, #3509, .T. ) ;
#2068 = SURFACE_STYLE_USAGE ( .BOTH. , #1173 ) ;
#2069 = EDGE_LOOP ( 'NONE', ( #6109, #1534, #1865, #4289 ) ) ;
#2070 = SURFACE_SIDE_STYLE ('',( #2508 ) ) ;
#2071 =( NAMED_UNIT ( * ) SI_UNIT ( $, .STERADIAN. ) SOLID_ANGLE_UNIT ( ) );
#2072 = CARTESIAN_POINT ( 'NONE',  ( -1.748018770656109222, -0.3931352454715015821, -0.03780410792051351609 ) ) ;
#2073 = VECTOR ( 'NONE', #1942, 1000.000000000000000 ) ;
#2074 = ADVANCED_FACE ( 'NONE', ( #3131 ), #1217, .F. ) ;
#2075 = CIRCLE ( 'NONE', #6031, 0.1499999999999999667 ) ;
#2076 = ORIENTED_EDGE ( 'NONE', *, *, #1163, .F. ) ;
#2077 = SURFACE_STYLE_USAGE ( .BOTH. , #182 ) ;
#2078 = DIRECTION ( 'NONE',  ( 1.000000000000000000, 1.548860246407862843E-16, 0.000000000000000000 ) ) ;
#2079 =( NAMED_UNIT ( * ) SI_UNIT ( $, .STERADIAN. ) SOLID_ANGLE_UNIT ( ) );
#2080 = CARTESIAN_POINT ( 'NONE',  ( -0.1016364463799759588, -0.06436265024309432980, 0.1500000000000000222 ) ) ;
#2081 = CARTESIAN_POINT ( 'NONE',  ( 1.702233606196062787, 0.5068647545284983291, -0.2999999999999994893 ) ) ;
#2082 = MECHANICAL_DESIGN_GEOMETRIC_PRESENTATION_REPRESENTATION (  '', ( #4276 ), #2705 ) ;
#2083 = STYLED_ITEM ( 'NONE', ( #4934 ), #2495 ) ;
#2084 = FACE_OUTER_BOUND ( 'NONE', #4392, .T. ) ;
#2085 = DIRECTION ( 'NONE',  ( 0.000000000000000000, 0.000000000000000000, 1.000000000000000000 ) ) ;
#2086 = VERTEX_POINT ( 'NONE', #3417 ) ;
#2087 = ORIENTED_EDGE ( 'NONE', *, *, #3792, .F. ) ;
#2088 = COLOUR_RGB ( '',0.8313725490196077761, 0.8392156862745098200, 0.8313725490196077761 ) ;
#2089 = CYLINDRICAL_SURFACE ( 'NONE', #1167, 0.2999999999999999334 ) ;
#2090 = MECHANICAL_DESIGN_GEOMETRIC_PRESENTATION_REPRESENTATION (  '', ( #407 ), #3593 ) ;
#2091 = DIRECTION ( 'NONE',  ( 3.560066835027028802E-15, -0.000000000000000000, -1.000000000000000000 ) ) ;
#2092 =( GEOMETRIC_REPRESENTATION_CONTEXT ( 3 ) GLOBAL_UNCERTAINTY_ASSIGNED_CONTEXT ( ( #5588 ) ) GLOBAL_UNIT_ASSIGNED_CONTEXT ( ( #4888, #67, #2071 ) ) REPRESENTATION_CONTEXT ( 'NONE', 'WORKASPACE' ) );
#2093 = FACE_OUTER_BOUND ( 'NONE', #1833, .T. ) ;
#2094 = AXIS2_PLACEMENT_3D ( 'NONE', #5327, #2966, #111 ) ;
#2095 = ADVANCED_FACE ( 'NONE', ( #546 ), #1531, .T. ) ;
#2096 =( NAMED_UNIT ( * ) SI_UNIT ( $, .STERADIAN. ) SOLID_ANGLE_UNIT ( ) );
#2097 = VECTOR ( 'NONE', #3259, 1000.000000000000000 ) ;
#2098 = COLOUR_RGB ( '',0.8980392156862745390, 0.9215686274509803377, 0.9294117647058823817 ) ;
#2099 = CARTESIAN_POINT ( 'NONE',  ( 0.2971365777156376731, 0.5212690557775702116, 0.05000000000000000278 ) ) ;
#2100 = DIRECTION ( 'NONE',  ( 0.000000000000000000, 0.000000000000000000, 1.000000000000000000 ) ) ;
#2101 = DIRECTION ( 'NONE',  ( 1.000000000000000000, 0.000000000000000000, 0.000000000000000000 ) ) ;
#2102 = ORIENTED_EDGE ( 'NONE', *, *, #2484, .T. ) ;
#2103 = FILL_AREA_STYLE ('',( #1390 ) ) ;
#2104 = EDGE_CURVE ( 'NONE', #1546, #2874, #1754, .T. ) ;
#2105 =( LENGTH_UNIT ( ) NAMED_UNIT ( * ) SI_UNIT ( .MILLI., .METRE. ) );
#2106 = CARTESIAN_POINT ( 'NONE',  ( 1.529342803400621564, 1.509106996110444410, 0.05000000000000000278 ) ) ;
#2107 = EDGE_CURVE ( 'NONE', #3699, #5541, #136, .T. ) ;
#2108 = ORIENTED_EDGE ( 'NONE', *, *, #3780, .F. ) ;
#2109 =( NAMED_UNIT ( * ) SI_UNIT ( $, .STERADIAN. ) SOLID_ANGLE_UNIT ( ) );
#2110 = FACE_OUTER_BOUND ( 'NONE', #417, .T. ) ;
#2111 = SURFACE_STYLE_FILL_AREA ( #629 ) ;
#2112 = FILL_AREA_STYLE_COLOUR ( '', #1687 ) ;
#2113 = VERTEX_POINT ( 'NONE', #4936 ) ;
#2114 = CARTESIAN_POINT ( 'NONE',  ( -1.734277666215087832, 0.5068647545284983291, -0.3000000000000002109 ) ) ;
#2115 = LINE ( 'NONE', #3967, #838 ) ;
#2116 = DIRECTION ( 'NONE',  ( 0.000000000000000000, 0.000000000000000000, 1.000000000000000000 ) ) ;
#2117 = ORIENTED_EDGE ( 'NONE', *, *, #2151, .T. ) ;
#2118 = CARTESIAN_POINT ( 'NONE',  ( 1.002233606196060833, -1.193135245471500960, -0.8699999999999999956 ) ) ;
#2119 = COLOUR_RGB ( '',0.8313725490196077761, 0.8392156862745098200, 0.8313725490196077761 ) ;
#2120 = UNCERTAINTY_MEASURE_WITH_UNIT (LENGTH_MEASURE( 1.000000000000000082E-05 ), #3108, 'distance_accuracy_value', 'NONE');
#2121 = CARTESIAN_POINT ( 'NONE',  ( 1.748018770656109222, -0.3931352454715015821, -0.03780410792051351609 ) ) ;
#2122 = FILL_AREA_STYLE_COLOUR ( '', #241 ) ;
#2123 = AXIS2_PLACEMENT_3D ( 'NONE', #3543, #1087, #4850 ) ;
#2124 = DIRECTION ( 'NONE',  ( -0.05233595624294387627, 0.000000000000000000, 0.9986295347545739443 ) ) ;
#2125 = UNCERTAINTY_MEASURE_WITH_UNIT (LENGTH_MEASURE( 1.000000000000000082E-05 ), #1902, 'distance_accuracy_value', 'NONE');
#2126 = MECHANICAL_DESIGN_GEOMETRIC_PRESENTATION_REPRESENTATION (  '', ( #4116 ), #2938 ) ;
#2127 = VECTOR ( 'NONE', #5746, 1000.000000000000000 ) ;
#2128 = VERTEX_POINT ( 'NONE', #680 ) ;
#2129 = CARTESIAN_POINT ( 'NONE',  ( 0.5960918573386841945, 0.09982784171036376830, 0.000000000000000000 ) ) ;
#2130 = COLOUR_RGB ( '',0.8980392156862745390, 0.9215686274509803377, 0.9294117647058823817 ) ;
#2131 = SURFACE_STYLE_USAGE ( .BOTH. , #1701 ) ;
#2132 = FACE_OUTER_BOUND ( 'NONE', #5126, .T. ) ;
#2133 =( NAMED_UNIT ( * ) SI_UNIT ( $, .STERADIAN. ) SOLID_ANGLE_UNIT ( ) );
#2134 = EDGE_CURVE ( 'NONE', #3019, #3798, #4008, .T. ) ;
#2135 = DIRECTION ( 'NONE',  ( 7.228014483236693597E-15, 0.000000000000000000, 1.000000000000000000 ) ) ;
#2136 = COLOUR_RGB ( '',0.8313725490196077761, 0.8392156862745098200, 0.8313725490196077761 ) ;
#2137 = FILL_AREA_STYLE_COLOUR ( '', #3159 ) ;
#2138 = CARTESIAN_POINT ( 'NONE',  ( -0.6765465593547973500, -0.5565939275861466751, 0.05000000000000000278 ) ) ;
#2139 = LINE ( 'NONE', #3585, #1877 ) ;
#2140 = DIRECTION ( 'NONE',  ( -0.000000000000000000, 0.000000000000000000, -1.000000000000000000 ) ) ;
#2141 = VECTOR ( 'NONE', #5876, 1000.000000000000114 ) ;
#2142 = EDGE_CURVE ( 'NONE', #1555, #1831, #2033, .T. ) ;
#2143 = EDGE_CURVE ( 'NONE', #855, #1735, #3537, .T. ) ;
#2144 = CIRCLE ( 'NONE', #4528, 1.425000000000008038 ) ;
#2145 = DIRECTION ( 'NONE',  ( -0.000000000000000000, -0.000000000000000000, -1.000000000000000000 ) ) ;
#2146 = VERTEX_POINT ( 'NONE', #5408 ) ;
#2147 = VECTOR ( 'NONE', #2444, 1000.000000000000000 ) ;
#2148 = LINE ( 'NONE', #2659, #1046 ) ;
#2149 = VERTEX_POINT ( 'NONE', #1662 ) ;
#2150 = FILL_AREA_STYLE_COLOUR ( '', #1699 ) ;
#2151 = EDGE_CURVE ( 'NONE', #5170, #3395, #3571, .T. ) ;
#2152 = AXIS2_PLACEMENT_3D ( 'NONE', #1873, #2956, #4808 ) ;
#2153 = VECTOR ( 'NONE', #2944, 1000.000000000000000 ) ;
#2154 = CARTESIAN_POINT ( 'NONE',  ( -0.5265465593547974388, -0.01557973693398068474, 0.000000000000000000 ) ) ;
#2155 = LINE ( 'NONE', #4908, #6002 ) ;
#2156 =( LENGTH_UNIT ( ) NAMED_UNIT ( * ) SI_UNIT ( .MILLI., .METRE. ) );
#2157 = CARTESIAN_POINT ( 'NONE',  ( -1.425000000000008038, 1.745121688784988138E-16, 1.100000000000000311 ) ) ;
#2158 = DIRECTION ( 'NONE',  ( 0.000000000000000000, -0.000000000000000000, -1.000000000000000000 ) ) ;
#2159 =( LENGTH_UNIT ( ) NAMED_UNIT ( * ) SI_UNIT ( .MILLI., .METRE. ) );
#2160 = CARTESIAN_POINT ( 'NONE',  ( -0.1831650461902199489, -0.01557973693398068474, 0.000000000000000000 ) ) ;
#2161 = CARTESIAN_POINT ( 'NONE',  ( 1.708073776573566960, -1.193135245471500960, -0.8000000000000000444 ) ) ;
#2162 = STYLED_ITEM ( 'NONE', ( #5721 ), #31 ) ;
#2163 = FILL_AREA_STYLE_COLOUR ( '', #2900 ) ;
#2164 = FACE_OUTER_BOUND ( 'NONE', #5980, .T. ) ;
#2165 = FILL_AREA_STYLE_COLOUR ( '', #3293 ) ;
#2166 = DIRECTION ( 'NONE',  ( -1.000000000000000000, 0.000000000000000000, 0.000000000000000000 ) ) ;
#2167 = VERTEX_POINT ( 'NONE', #264 ) ;
#2168 = CARTESIAN_POINT ( 'NONE',  ( -1.602233606196062921, -0.3931352454715015821, -0.2999999999999991562 ) ) ;
#2169 = STYLED_ITEM ( 'NONE', ( #1507 ), #1171 ) ;
#2170 = DIRECTION ( 'NONE',  ( 1.000000000000000000, 0.000000000000000000, -0.000000000000000000 ) ) ;
#2171 = SURFACE_SIDE_STYLE ('',( #4592 ) ) ;
#2172 =( GEOMETRIC_REPRESENTATION_CONTEXT ( 3 ) GLOBAL_UNCERTAINTY_ASSIGNED_CONTEXT ( ( #3319 ) ) GLOBAL_UNIT_ASSIGNED_CONTEXT ( ( #4574, #1709, #3617 ) ) REPRESENTATION_CONTEXT ( 'NONE', 'WORKASPACE' ) );
#2173 = ORIENTED_EDGE ( 'NONE', *, *, #5840, .F. ) ;
#2174 = SURFACE_STYLE_USAGE ( .BOTH. , #372 ) ;
#2175 = CARTESIAN_POINT ( 'NONE',  ( 1.002233606196060833, -0.3931352454715011935, -0.8699999999999999956 ) ) ;
#2176 = FACE_OUTER_BOUND ( 'NONE', #636, .T. ) ;
#2177 = VERTEX_POINT ( 'NONE', #2157 ) ;
#2178 = ADVANCED_FACE ( 'NONE', ( #5941 ), #2741, .T. ) ;
#2179 = DIRECTION ( 'NONE',  ( -1.000000000000000000, -0.000000000000000000, -0.000000000000000000 ) ) ;
#2180 = VECTOR ( 'NONE', #4485, 1000.000000000000000 ) ;
#2181 =( NAMED_UNIT ( * ) SI_UNIT ( $, .STERADIAN. ) SOLID_ANGLE_UNIT ( ) );
#2182 = CARTESIAN_POINT ( 'NONE',  ( -1.097766393803939255, -1.431434946801785957, -0.6700000000000000400 ) ) ;
#2183 =( NAMED_UNIT ( * ) PLANE_ANGLE_UNIT ( ) SI_UNIT ( $, .RADIAN. ) );
#2184 = PRESENTATION_LAYER_ASSIGNMENT (  '', '', ( #1379 ) ) ;
#2185 = EDGE_CURVE ( 'NONE', #5710, #5304, #313, .T. ) ;
#2186 = STYLED_ITEM ( 'NONE', ( #5436 ), #2515 ) ;
#2187 = FILL_AREA_STYLE_COLOUR ( '', #1981 ) ;
#2188 = UNCERTAINTY_MEASURE_WITH_UNIT (LENGTH_MEASURE( 1.000000000000000082E-05 ), #2575, 'distance_accuracy_value', 'NONE');
#2189 = FILL_AREA_STYLE_COLOUR ( '', #3645 ) ;
#2190 = VECTOR ( 'NONE', #2384, 1000.000000000000000 ) ;
#2191 = VECTOR ( 'NONE', #4998, 1000.000000000000000 ) ;
#2192 = PRESENTATION_LAYER_ASSIGNMENT (  '', '', ( #4380 ) ) ;
#2193 = DIRECTION ( 'NONE',  ( 0.000000000000000000, 0.000000000000000000, 1.000000000000000000 ) ) ;
#2194 = PLANE ( 'NONE',  #4331 ) ;
#2195 = PRESENTATION_STYLE_ASSIGNMENT (( #3575 ) ) ;
#2196 = COLOUR_RGB ( '',0.8980392156862745390, 0.9215686274509803377, 0.9294117647058823817 ) ;
#2197 = COLOUR_RGB ( '',0.8313725490196077761, 0.8392156862745098200, 0.8313725490196077761 ) ;
#2198 = DIRECTION ( 'NONE',  ( 0.000000000000000000, 1.618212197739558143E-16, -1.000000000000000000 ) ) ;
#2199 = CARTESIAN_POINT ( 'NONE',  ( 1.002233606196060611, -0.3931352454715010825, -0.8000000000000000444 ) ) ;
#2200 = AXIS2_PLACEMENT_3D ( 'NONE', #4194, #1302, #3221 ) ;
#2201 = FACE_OUTER_BOUND ( 'NONE', #3731, .T. ) ;
#2202 = VERTEX_POINT ( 'NONE', #5548 ) ;
#2203 = SURFACE_STYLE_FILL_AREA ( #556 ) ;
#2204 = FACE_OUTER_BOUND ( 'NONE', #3295, .T. ) ;
#2205 = PLANE ( 'NONE',  #1194 ) ;
#2206 =( LENGTH_UNIT ( ) NAMED_UNIT ( * ) SI_UNIT ( .MILLI., .METRE. ) );
#2207 = DIRECTION ( 'NONE',  ( 0.000000000000000000, 0.000000000000000000, 1.000000000000000000 ) ) ;
#2208 = FACE_OUTER_BOUND ( 'NONE', #726, .T. ) ;
#2209 = VERTEX_POINT ( 'NONE', #4633 ) ;
#2210 = DIRECTION ( 'NONE',  ( 1.000000000000000000, 0.000000000000000000, 0.000000000000000000 ) ) ;
#2211 = SURFACE_SIDE_STYLE ('',( #1824 ) ) ;
#2212 = DIRECTION ( 'NONE',  ( 0.000000000000000000, 0.000000000000000000, 1.000000000000000000 ) ) ;
#2213 = VERTEX_POINT ( 'NONE', #4541 ) ;
#2214 = SURFACE_SIDE_STYLE ('',( #3738 ) ) ;
#2215 = DIRECTION ( 'NONE',  ( 0.000000000000000000, 0.000000000000000000, 1.000000000000000000 ) ) ;
#2216 = EDGE_CURVE ( 'NONE', #5623, #2923, #285, .T. ) ;
#2217 = SURFACE_STYLE_FILL_AREA ( #5040 ) ;
#2218 = SURFACE_STYLE_FILL_AREA ( #5559 ) ;
#2219 = DIRECTION ( 'NONE',  ( 1.000000000000000000, 0.000000000000000000, 0.000000000000000000 ) ) ;
#2220 = SURFACE_STYLE_USAGE ( .BOTH. , #2482 ) ;
#2221 = MECHANICAL_DESIGN_GEOMETRIC_PRESENTATION_REPRESENTATION (  '', ( #640 ), #236 ) ;
#2222 = EDGE_CURVE ( 'NONE', #274, #841, #4167, .T. ) ;
#2223 = EDGE_CURVE ( 'NONE', #1582, #5307, #368, .T. ) ;
#2224 =( LENGTH_UNIT ( ) NAMED_UNIT ( * ) SI_UNIT ( .MILLI., .METRE. ) );
#2225 = VECTOR ( 'NONE', #4771, 1000.000000000000000 ) ;
#2226 =( NAMED_UNIT ( * ) PLANE_ANGLE_UNIT ( ) SI_UNIT ( $, .RADIAN. ) );
#2227 = PRESENTATION_LAYER_ASSIGNMENT (  '', '', ( #2637 ) ) ;
#2228 = EDGE_LOOP ( 'NONE', ( #2291, #600, #4895, #74 ) ) ;
#2229 = LINE ( 'NONE', #5537, #2763 ) ;
#2230 = CARTESIAN_POINT ( 'NONE',  ( -0.6765465593547973500, -0.01557973693398068474, 0.05000000000000000278 ) ) ;
#2231 = FILL_AREA_STYLE_COLOUR ( '', #5255 ) ;
#2232 = LINE ( 'NONE', #4589, #3387 ) ;
#2233 = CARTESIAN_POINT ( 'NONE',  ( 1.749999999999999556, 1.750000000000000666, 0.000000000000000000 ) ) ;
#2234 = PRESENTATION_LAYER_ASSIGNMENT (  '', '', ( #147 ) ) ;
#2235 = ORIENTED_EDGE ( 'NONE', *, *, #593, .F. ) ;
#2236 = LINE ( 'NONE', #4594, #4608 ) ;
#2237 = VECTOR ( 'NONE', #5519, 1000.000000000000000 ) ;
#2238 = SURFACE_STYLE_USAGE ( .BOTH. , #1355 ) ;
#2239 = EDGE_LOOP ( 'NONE', ( #5428, #5158, #140, #2862 ) ) ;
#2240 = CARTESIAN_POINT ( 'NONE',  ( -1.708073776573567404, -1.193135245471501182, -0.6700000000000000400 ) ) ;
#2241 = CARTESIAN_POINT ( 'NONE',  ( 0.3603187164337327553, 0.2498278417103637350, 0.05000000000000000278 ) ) ;
#2242 = SURFACE_STYLE_FILL_AREA ( #1742 ) ;
#2243 = STYLED_ITEM ( 'NONE', ( #1812 ), #2263 ) ;
#2244 = ORIENTED_EDGE ( 'NONE', *, *, #2339, .F. ) ;
#2245 = FILL_AREA_STYLE_COLOUR ( '', #3047 ) ;
#2246 = VECTOR ( 'NONE', #3302, 1000.000000000000000 ) ;
#2247 = PRESENTATION_STYLE_ASSIGNMENT (( #4673 ) ) ;
#2248 = DIRECTION ( 'NONE',  ( 0.000000000000000000, -1.000000000000000000, 0.000000000000000000 ) ) ;
#2249 = ADVANCED_FACE ( 'NONE', ( #3349 ), #2194, .F. ) ;
#2250 = PLANE ( 'NONE',  #3288 ) ;
#2251 = UNCERTAINTY_MEASURE_WITH_UNIT (LENGTH_MEASURE( 1.000000000000000082E-05 ), #1853, 'distance_accuracy_value', 'NONE');
#2252 =( GEOMETRIC_REPRESENTATION_CONTEXT ( 3 ) GLOBAL_UNCERTAINTY_ASSIGNED_CONTEXT ( ( #3570 ) ) GLOBAL_UNIT_ASSIGNED_CONTEXT ( ( #1602, #3477, #5383 ) ) REPRESENTATION_CONTEXT ( 'NONE', 'WORKASPACE' ) );
#2253 = COLOUR_RGB ( '',0.000000000000000000, 1.000000000000000000, 0.000000000000000000 ) ;
#2254 = FACE_OUTER_BOUND ( 'NONE', #5714, .T. ) ;
#2255 = SURFACE_STYLE_USAGE ( .BOTH. , #5529 ) ;
#2256 =( GEOMETRIC_REPRESENTATION_CONTEXT ( 3 ) GLOBAL_UNCERTAINTY_ASSIGNED_CONTEXT ( ( #6162 ) ) GLOBAL_UNIT_ASSIGNED_CONTEXT ( ( #4136, #6074, #5990 ) ) REPRESENTATION_CONTEXT ( 'NONE', 'WORKASPACE' ) );
#2257 = VERTEX_POINT ( 'NONE', #1663 ) ;
#2258 = CARTESIAN_POINT ( 'NONE',  ( -0.6014578695130498032, 0.1994353412954477101, 0.05000000000000000278 ) ) ;
#2259 = CARTESIAN_POINT ( 'NONE',  ( 1.902233606196062965, 1.306864754528498374, -0.3000000000000001554 ) ) ;
#2260 = ADVANCED_FACE ( 'NONE', ( #5527 ), #1714, .F. ) ;
#2261 = ORIENTED_EDGE ( 'NONE', *, *, #793, .F. ) ;
#2262 = DIRECTION ( 'NONE',  ( 1.000000000000000000, 0.000000000000000000, 0.000000000000000000 ) ) ;
#2263 = ADVANCED_FACE ( 'NONE', ( #2625 ), #4939, .F. ) ;
#2264 = CARTESIAN_POINT ( 'NONE',  ( -1.505672411292870772, -0.7065939275861465863, 0.05000000000000000278 ) ) ;
#2265 =( LENGTH_UNIT ( ) NAMED_UNIT ( * ) SI_UNIT ( .MILLI., .METRE. ) );
#2266 = CARTESIAN_POINT ( 'NONE',  ( -1.002233606196060833, -1.193135245471500960, -0.8699999999999999956 ) ) ;
#2267 = ORIENTED_EDGE ( 'NONE', *, *, #1336, .F. ) ;
#2268 = PRESENTATION_STYLE_ASSIGNMENT (( #1737 ) ) ;
#2269 = DIRECTION ( 'NONE',  ( -0.000000000000000000, -0.000000000000000000, -1.000000000000000000 ) ) ;
#2270 = STYLED_ITEM ( 'NONE', ( #5450 ), #1125 ) ;
#2271 = ORIENTED_EDGE ( 'NONE', *, *, #5472, .T. ) ;
#2272 = DIRECTION ( 'NONE',  ( 0.000000000000000000, -2.168404344971008079E-15, -1.000000000000000000 ) ) ;
#2273 = VERTEX_POINT ( 'NONE', #3025 ) ;
#2274 =( GEOMETRIC_REPRESENTATION_CONTEXT ( 3 ) GLOBAL_UNCERTAINTY_ASSIGNED_CONTEXT ( ( #4495 ) ) GLOBAL_UNIT_ASSIGNED_CONTEXT ( ( #1215, #4985, #2592 ) ) REPRESENTATION_CONTEXT ( 'NONE', 'WORKASPACE' ) );
#2275 = VERTEX_POINT ( 'NONE', #3974 ) ;
#2276 = FACE_OUTER_BOUND ( 'NONE', #3379, .T. ) ;
#2277 =( LENGTH_UNIT ( ) NAMED_UNIT ( * ) SI_UNIT ( .MILLI., .METRE. ) );
#2278 = VECTOR ( 'NONE', #5704, 1000.000000000000000 ) ;
#2279 = FILL_AREA_STYLE_COLOUR ( '', #806 ) ;
#2280 = SURFACE_STYLE_USAGE ( .BOTH. , #6025 ) ;
#2281 = CIRCLE ( 'NONE', #4470, 0.3000000000000000999 ) ;
#2282 = SURFACE_STYLE_FILL_AREA ( #4148 ) ;
#2283 = PRESENTATION_LAYER_ASSIGNMENT (  '', '', ( #4769 ) ) ;
#2284 = EDGE_LOOP ( 'NONE', ( #5535, #4111, #1413, #2684 ) ) ;
#2285 = DIRECTION ( 'NONE',  ( 5.649957690696003971E-31, -1.000000000000000000, -1.618212197739558143E-16 ) ) ;
#2286 = VERTEX_POINT ( 'NONE', #2099 ) ;
#2287 = DIRECTION ( 'NONE',  ( 5.649957690696003971E-31, -1.000000000000000000, -1.618212197739558143E-16 ) ) ;
#2288 = FILL_AREA_STYLE_COLOUR ( '', #659 ) ;
#2289 = AXIS2_PLACEMENT_3D ( 'NONE', #5539, #3671, #2712 ) ;
#2290 = PRESENTATION_LAYER_ASSIGNMENT (  '', '', ( #1004 ) ) ;
#2291 = ORIENTED_EDGE ( 'NONE', *, *, #6121, .T. ) ;
#2292 = EDGE_CURVE ( 'NONE', #1572, #3019, #5115, .T. ) ;
#2293 = MECHANICAL_DESIGN_GEOMETRIC_PRESENTATION_REPRESENTATION (  '', ( #4980 ), #1698 ) ;
#2294 = DIRECTION ( 'NONE',  ( 1.000000000000000000, 0.000000000000000000, 0.000000000000000000 ) ) ;
#2295 = SURFACE_STYLE_USAGE ( .BOTH. , #4658 ) ;
#2296 =( NAMED_UNIT ( * ) SI_UNIT ( $, .STERADIAN. ) SOLID_ANGLE_UNIT ( ) );
#2297 = DIRECTION ( 'NONE',  ( -1.000000000000000000, 0.000000000000000000, 0.000000000000000000 ) ) ;
#2298 = ORIENTED_EDGE ( 'NONE', *, *, #1151, .F. ) ;
#2299 = EDGE_CURVE ( 'NONE', #2987, #4475, #5309, .T. ) ;
#2300 = DIRECTION ( 'NONE',  ( -1.548860246407862843E-16, 1.000000000000000000, 0.000000000000000000 ) ) ;
#2301 = FACE_OUTER_BOUND ( 'NONE', #1052, .T. ) ;
#2302 = EDGE_LOOP ( 'NONE', ( #969, #5880, #424, #929, #6075 ) ) ;
#2303 = DIRECTION ( 'NONE',  ( 1.000000000000000000, 0.000000000000000000, 0.000000000000000000 ) ) ;
#2304 =( NAMED_UNIT ( * ) PLANE_ANGLE_UNIT ( ) SI_UNIT ( $, .RADIAN. ) );
#2305 =( LENGTH_UNIT ( ) NAMED_UNIT ( * ) SI_UNIT ( .MILLI., .METRE. ) );
#2306 = ORIENTED_EDGE ( 'NONE', *, *, #5373, .F. ) ;
#2307 = ORIENTED_EDGE ( 'NONE', *, *, #1126, .T. ) ;
#2308 = CARTESIAN_POINT ( 'NONE',  ( -1.002233606196060833, -1.193135245471500960, -0.8000000000000000444 ) ) ;
#2309 = LINE ( 'NONE', #1836, #24 ) ;
#2310 = UNCERTAINTY_MEASURE_WITH_UNIT (LENGTH_MEASURE( 1.000000000000000082E-05 ), #2350, 'distance_accuracy_value', 'NONE');
#2311 = DIRECTION ( 'NONE',  ( 0.000000000000000000, 0.000000000000000000, -1.000000000000000000 ) ) ;
#2312 = DIRECTION ( 'NONE',  ( -0.000000000000000000, 0.000000000000000000, 1.000000000000000000 ) ) ;
#2313 = DIRECTION ( 'NONE',  ( -0.000000000000000000, -0.000000000000000000, -1.000000000000000000 ) ) ;
#2314 = LINE ( 'NONE', #1342, #2097 ) ;
#2315 = UNCERTAINTY_MEASURE_WITH_UNIT (LENGTH_MEASURE( 1.000000000000000082E-05 ), #5359, 'distance_accuracy_value', 'NONE');
#2316 = ORIENTED_EDGE ( 'NONE', *, *, #1827, .T. ) ;
#2317 =( GEOMETRIC_REPRESENTATION_CONTEXT ( 3 ) GLOBAL_UNCERTAINTY_ASSIGNED_CONTEXT ( ( #1250 ) ) GLOBAL_UNIT_ASSIGNED_CONTEXT ( ( #3026, #3079, #5877 ) ) REPRESENTATION_CONTEXT ( 'NONE', 'WORKASPACE' ) );
#2318 =( NAMED_UNIT ( * ) SI_UNIT ( $, .STERADIAN. ) SOLID_ANGLE_UNIT ( ) );
#2319 = LINE ( 'NONE', #5267, #2479 ) ;
#2320 = LINE ( 'NONE', #4216, #4674 ) ;
#2321 = CARTESIAN_POINT ( 'NONE',  ( -1.902233606196061633, -0.3931352454715015821, -0.5700000000000010614 ) ) ;
#2322 = EDGE_CURVE ( 'NONE', #396, #5336, #2846, .T. ) ;
#2323 = ORIENTED_EDGE ( 'NONE', *, *, #2062, .F. ) ;
#2324 = VECTOR ( 'NONE', #6089, 1000.000000000000114 ) ;
#2325 = DIRECTION ( 'NONE',  ( 2.710505431213761578E-16, 1.000000000000000000, 0.000000000000000000 ) ) ;
#2326 = VECTOR ( 'NONE', #2620, 1000.000000000000114 ) ;
#2327 = VECTOR ( 'NONE', #1991, 1000.000000000000000 ) ;
#2328 = VERTEX_POINT ( 'NONE', #1526 ) ;
#2329 = FILL_AREA_STYLE_COLOUR ( '', #913 ) ;
#2330 = SURFACE_SIDE_STYLE ('',( #2242 ) ) ;
#2331 = EDGE_CURVE ( 'NONE', #908, #4000, #1627, .T. ) ;
#2332 = EDGE_LOOP ( 'NONE', ( #1359, #2361, #4827, #6134, #3239 ) ) ;
#2333 = EDGE_LOOP ( 'NONE', ( #991, #1484, #224 ) ) ;
#2334 =( GEOMETRIC_REPRESENTATION_CONTEXT ( 3 ) GLOBAL_UNCERTAINTY_ASSIGNED_CONTEXT ( ( #517 ) ) GLOBAL_UNIT_ASSIGNED_CONTEXT ( ( #146, #3224, #6083 ) ) REPRESENTATION_CONTEXT ( 'NONE', 'WORKASPACE' ) );
#2335 = LINE ( 'NONE', #939, #2327 ) ;
#2336 = LINE ( 'NONE', #4229, #5506 ) ;
#2337 = COLOUR_RGB ( '',0.8313725490196077761, 0.8392156862745098200, 0.8313725490196077761 ) ;
#2338 = PRESENTATION_STYLE_ASSIGNMENT (( #5104 ) ) ;
#2339 = EDGE_CURVE ( 'NONE', #1328, #697, #3912, .T. ) ;
#2340 = CARTESIAN_POINT ( 'NONE',  ( 0.5960918573386841945, 0.2498278417103637350, 0.000000000000000000 ) ) ;
#2341 = DIRECTION ( 'NONE',  ( -1.000000000000000000, 0.000000000000000000, 0.000000000000000000 ) ) ;
#2342 = COLOUR_RGB ( '',1.000000000000000000, 1.000000000000000000, 1.000000000000000000 ) ;
#2343 = EDGE_LOOP ( 'NONE', ( #870, #2507, #4560, #328 ) ) ;
#2344 = FACE_OUTER_BOUND ( 'NONE', #5579, .T. ) ;
#2345 =( NAMED_UNIT ( * ) PLANE_ANGLE_UNIT ( ) SI_UNIT ( $, .RADIAN. ) );
#2346 = VECTOR ( 'NONE', #4004, 1000.000000000000114 ) ;
#2347 = ORIENTED_EDGE ( 'NONE', *, *, #5278, .F. ) ;
#2348 = FILL_AREA_STYLE_COLOUR ( '', #3931 ) ;
#2349 = DIRECTION ( 'NONE',  ( 1.000000000000000000, 0.000000000000000000, 0.000000000000000000 ) ) ;
#2350 =( LENGTH_UNIT ( ) NAMED_UNIT ( * ) SI_UNIT ( .MILLI., .METRE. ) );
#2351 = SURFACE_STYLE_FILL_AREA ( #3797 ) ;
#2352 = VECTOR ( 'NONE', #2819, 1000.000000000000114 ) ;
#2353 = EDGE_LOOP ( 'NONE', ( #3819, #958, #1047, #2307, #1842, #2734, #1021, #3736, #126 ) ) ;
#2354 = SURFACE_SIDE_STYLE ('',( #488 ) ) ;
#2355 = SURFACE_STYLE_USAGE ( .BOTH. , #3512 ) ;
#2356 = EDGE_CURVE ( 'NONE', #3276, #6112, #5652, .T. ) ;
#2357 = EDGE_LOOP ( 'NONE', ( #3801, #3741, #1621, #4806, #3654, #779, #233, #1176, #2425 ) ) ;
#2358 = PRESENTATION_STYLE_ASSIGNMENT (( #4323 ) ) ;
#2359 = DIRECTION ( 'NONE',  ( 0.000000000000000000, 0.000000000000000000, 1.000000000000000000 ) ) ;
#2360 = SURFACE_STYLE_FILL_AREA ( #5761 ) ;
#2361 = ORIENTED_EDGE ( 'NONE', *, *, #4432, .T. ) ;
#2362 = ORIENTED_EDGE ( 'NONE', *, *, #4264, .F. ) ;
#2363 = FILL_AREA_STYLE_COLOUR ( '', #3140 ) ;
#2364 = LINE ( 'NONE', #469, #4254 ) ;
#2365 = EDGE_CURVE ( 'NONE', #4356, #2657, #5195, .T. ) ;
#2366 = CARTESIAN_POINT ( 'NONE',  ( 0.2971365777156376731, 0.7212690557775703892, 0.1500000000000000222 ) ) ;
#2367 = CARTESIAN_POINT ( 'NONE',  ( -0.03316504619021998224, -1.549652246857879279, 0.05000000000000000278 ) ) ;
#2368 = STYLED_ITEM ( 'NONE', ( #4106 ), #1050 ) ;
#2369 = UNCERTAINTY_MEASURE_WITH_UNIT (LENGTH_MEASURE( 1.000000000000000082E-05 ), #4851, 'distance_accuracy_value', 'NONE');
#2370 = ORIENTED_EDGE ( 'NONE', *, *, #3253, .T. ) ;
#2371 = LINE ( 'NONE', #1402, #4918 ) ;
#2372 = EDGE_CURVE ( 'NONE', #5755, #5520, #6099, .T. ) ;
#2373 = CARTESIAN_POINT ( 'NONE',  ( 0.4971365777156377397, 0.7212690557775703892, 0.1500000000000000222 ) ) ;
#2374 =( NAMED_UNIT ( * ) PLANE_ANGLE_UNIT ( ) SI_UNIT ( $, .RADIAN. ) );
#2375 = DIRECTION ( 'NONE',  ( -1.000000000000000000, 0.000000000000000000, 0.000000000000000000 ) ) ;
#2376 = UNCERTAINTY_MEASURE_WITH_UNIT (LENGTH_MEASURE( 1.000000000000000082E-05 ), #181, 'distance_accuracy_value', 'NONE');
#2377 = STYLED_ITEM ( 'NONE', ( #1510 ), #1611 ) ;
#2378 = STYLED_ITEM ( 'NONE', ( #5522 ), #3814 ) ;
#2379 = ORIENTED_EDGE ( 'NONE', *, *, #4802, .F. ) ;
#2380 = STYLED_ITEM ( 'NONE', ( #2395 ), #3908 ) ;
#2381 = MECHANICAL_DESIGN_GEOMETRIC_PRESENTATION_REPRESENTATION (  '', ( #708 ), #4670 ) ;
#2382 = LINE ( 'NONE', #4686, #1450 ) ;
#2383 = AXIS2_PLACEMENT_3D ( 'NONE', #2032, #2065, #4372 ) ;
#2384 = DIRECTION ( 'NONE',  ( 1.000000000000000000, 8.843950781956522636E-17, -0.000000000000000000 ) ) ;
#2385 = FILL_AREA_STYLE_COLOUR ( '', #1599 ) ;
#2386 = DIRECTION ( 'NONE',  ( 0.000000000000000000, -0.000000000000000000, -1.000000000000000000 ) ) ;
#2387 = CIRCLE ( 'NONE', #4378, 0.1499999999999999944 ) ;
#2388 =( GEOMETRIC_REPRESENTATION_CONTEXT ( 3 ) GLOBAL_UNCERTAINTY_ASSIGNED_CONTEXT ( ( #4736 ) ) GLOBAL_UNIT_ASSIGNED_CONTEXT ( ( #4131, #4188, #1267 ) ) REPRESENTATION_CONTEXT ( 'NONE', 'WORKASPACE' ) );
#2389 = FILL_AREA_STYLE_COLOUR ( '', #347 ) ;
#2390 = CARTESIAN_POINT ( 'NONE',  ( -1.602233606196062699, 1.306864754528498374, -0.2999999999999991562 ) ) ;
#2391 = ORIENTED_EDGE ( 'NONE', *, *, #4432, .F. ) ;
#2392 = PRESENTATION_STYLE_ASSIGNMENT (( #3335 ) ) ;
#2393 = SURFACE_SIDE_STYLE ('',( #5183 ) ) ;
#2394 = VECTOR ( 'NONE', #5290, 1000.000000000000000 ) ;
#2395 = PRESENTATION_STYLE_ASSIGNMENT (( #2937 ) ) ;
#2396 = ORIENTED_EDGE ( 'NONE', *, *, #4933, .F. ) ;
#2397 = STYLED_ITEM ( 'NONE', ( #5608 ), #2963 ) ;
#2398 = ORIENTED_EDGE ( 'NONE', *, *, #1759, .F. ) ;
#2399 = FACE_OUTER_BOUND ( 'NONE', #4955, .T. ) ;
#2400 = SURFACE_STYLE_USAGE ( .BOTH. , #1921 ) ;
#2401 = LINE ( 'NONE', #5705, #3812 ) ;
#2402 = FACE_OUTER_BOUND ( 'NONE', #661, .T. ) ;
#2403 = EDGE_CURVE ( 'NONE', #2275, #101, #5230, .T. ) ;
#2404 = VERTEX_POINT ( 'NONE', #4655 ) ;
#2405 = CARTESIAN_POINT ( 'NONE',  ( -0.5265465593547974388, -0.01557973693398068474, 0.05000000000000000278 ) ) ;
#2406 = FILL_AREA_STYLE ('',( #2001 ) ) ;
#2407 = ORIENTED_EDGE ( 'NONE', *, *, #2877, .F. ) ;
#2408 = DIRECTION ( 'NONE',  ( 0.000000000000000000, 1.000000000000000000, 0.000000000000000000 ) ) ;
#2409 = EDGE_CURVE ( 'NONE', #1203, #1967, #1343, .T. ) ;
#2410 = EDGE_CURVE ( 'NONE', #3363, #4971, #5620, .T. ) ;
#2411 = ORIENTED_EDGE ( 'NONE', *, *, #5388, .F. ) ;
#2412 = PLANE ( 'NONE',  #5413 ) ;
#2413 =( NAMED_UNIT ( * ) SI_UNIT ( $, .STERADIAN. ) SOLID_ANGLE_UNIT ( ) );
#2414 = SURFACE_STYLE_FILL_AREA ( #2804 ) ;
#2415 = FILL_AREA_STYLE_COLOUR ( '', #5554 ) ;
#2416 = CARTESIAN_POINT ( 'NONE',  ( -1.708073776573567182, -3.174681084559854810E-16, -0.8000000000000000444 ) ) ;
#2417 = ADVANCED_FACE ( 'NONE', ( #2855 ), #478, .F. ) ;
#2418 = SURFACE_STYLE_FILL_AREA ( #5363 ) ;
#2419 = SURFACE_STYLE_FILL_AREA ( #4791 ) ;
#2420 = EDGE_LOOP ( 'NONE', ( #6156, #4340 ) ) ;
#2421 = DIRECTION ( 'NONE',  ( 0.000000000000000000, 1.000000000000000000, 0.000000000000000000 ) ) ;
#2422 = ORIENTED_EDGE ( 'NONE', *, *, #5771, .F. ) ;
#2423 = PLANE ( 'NONE',  #1394 ) ;
#2424 = FILL_AREA_STYLE_COLOUR ( '', #5845 ) ;
#2425 = ORIENTED_EDGE ( 'NONE', *, *, #4157, .T. ) ;
#2426 = VECTOR ( 'NONE', #188, 1000.000000000000000 ) ;
#2427 = ORIENTED_EDGE ( 'NONE', *, *, #1532, .T. ) ;
#2428 = DIRECTION ( 'NONE',  ( -1.000000000000000000, -1.596467237098151435E-16, -0.000000000000000000 ) ) ;
#2429 = PRESENTATION_LAYER_ASSIGNMENT (  '', '', ( #5106 ) ) ;
#2430 = DIRECTION ( 'NONE',  ( 0.000000000000000000, -1.000000000000000000, 0.000000000000000000 ) ) ;
#2431 = UNCERTAINTY_MEASURE_WITH_UNIT (LENGTH_MEASURE( 1.000000000000000082E-05 ), #4129, 'distance_accuracy_value', 'NONE');
#2432 = DIRECTION ( 'NONE',  ( -0.000000000000000000, -0.000000000000000000, -1.000000000000000000 ) ) ;
#2433 = VECTOR ( 'NONE', #2917, 1000.000000000000000 ) ;
#2434 = ADVANCED_FACE ( 'NONE', ( #892 ), #6126, .F. ) ;
#2435 = CARTESIAN_POINT ( 'NONE',  ( 1.708073776573566960, 1.306864754528498374, -0.8000000000000000444 ) ) ;
#2436 =( NAMED_UNIT ( * ) SI_UNIT ( $, .STERADIAN. ) SOLID_ANGLE_UNIT ( ) );
#2437 = UNCERTAINTY_MEASURE_WITH_UNIT (LENGTH_MEASURE( 1.000000000000000082E-05 ), #5890, 'distance_accuracy_value', 'NONE');
#2438 = FILL_AREA_STYLE_COLOUR ( '', #5605 ) ;
#2439 = AXIS2_PLACEMENT_3D ( 'NONE', #303, #5805, #2530 ) ;
#2440 = STYLED_ITEM ( 'NONE', ( #2247 ), #5850 ) ;
#2441 = VERTEX_POINT ( 'NONE', #5743 ) ;
#2442 = PRESENTATION_LAYER_ASSIGNMENT (  '', '', ( #1936 ) ) ;
#2443 = EDGE_CURVE ( 'NONE', #5776, #5562, #2920, .T. ) ;
#2444 = DIRECTION ( 'NONE',  ( -0.000000000000000000, -0.000000000000000000, -1.000000000000000000 ) ) ;
#2445 = PLANE ( 'NONE',  #5060 ) ;
#2446 =( NAMED_UNIT ( * ) PLANE_ANGLE_UNIT ( ) SI_UNIT ( $, .RADIAN. ) );
#2447 = SURFACE_STYLE_USAGE ( .BOTH. , #557 ) ;
#2448 = COLOUR_RGB ( '',0.8313725490196077761, 0.8392156862745098200, 0.8313725490196077761 ) ;
#2449 = MECHANICAL_DESIGN_GEOMETRIC_PRESENTATION_REPRESENTATION (  '', ( #1945 ), #2961 ) ;
#2450 = DIRECTION ( 'NONE',  ( 0.000000000000000000, -1.000000000000000000, 0.000000000000000000 ) ) ;
#2451 = VERTEX_POINT ( 'NONE', #1964 ) ;
#2452 = DIRECTION ( 'NONE',  ( 0.000000000000000000, 1.000000000000000000, 0.000000000000000000 ) ) ;
#2453 = FILL_AREA_STYLE_COLOUR ( '', #91 ) ;
#2454 = EDGE_CURVE ( 'NONE', #1061, #2177, #3416, .T. ) ;
#2455 = VERTEX_POINT ( 'NONE', #1499 ) ;
#2456 = FILL_AREA_STYLE ('',( #964 ) ) ;
#2457 = SURFACE_STYLE_FILL_AREA ( #3282 ) ;
#2458 = ORIENTED_EDGE ( 'NONE', *, *, #2882, .T. ) ;
#2459 = VERTEX_POINT ( 'NONE', #5321 ) ;
#2460 = DIRECTION ( 'NONE',  ( 0.000000000000000000, -1.000000000000000000, 0.000000000000000000 ) ) ;
#2461 = COLOUR_RGB ( '',1.000000000000000000, 1.000000000000000000, 1.000000000000000000 ) ;
#2462 = CARTESIAN_POINT ( 'NONE',  ( 1.602233606196061144, 0.5068647545284989953, -0.5700000000000000622 ) ) ;
#2463 = ORIENTED_EDGE ( 'NONE', *, *, #4051, .T. ) ;
#2464 = EDGE_LOOP ( 'NONE', ( #3361, #4831, #3563, #5410 ) ) ;
#2465 = DIRECTION ( 'NONE',  ( 1.000000000000000000, 0.000000000000000000, 0.000000000000000000 ) ) ;
#2466 = DIRECTION ( 'NONE',  ( 0.000000000000000000, 1.000000000000000000, 0.000000000000000000 ) ) ;
#2467 = PRESENTATION_STYLE_ASSIGNMENT (( #3376 ) ) ;
#2468 = ORIENTED_EDGE ( 'NONE', *, *, #5939, .F. ) ;
#2469 = DIRECTION ( 'NONE',  ( -0.000000000000000000, 1.000000000000000000, -0.000000000000000000 ) ) ;
#2470 = DIRECTION ( 'NONE',  ( 0.9986295347545739443, 1.237390069816111705E-16, -0.05233595624294388321 ) ) ;
#2471 = PRESENTATION_STYLE_ASSIGNMENT (( #4878 ) ) ;
#2472 = PRESENTATION_LAYER_ASSIGNMENT (  '', '', ( #2368 ) ) ;
#2473 = VERTEX_POINT ( 'NONE', #5842 ) ;
#2474 = CARTESIAN_POINT ( 'NONE',  ( -0.8265465593547973722, 0.4077874617970527193, 0.05000000000000000278 ) ) ;
#2475 = DIRECTION ( 'NONE',  ( -1.000000000000000000, 1.548860246407862843E-16, 0.000000000000000000 ) ) ;
#2476 = COLOUR_RGB ( '',0.8313725490196077761, 0.8392156862745098200, 0.8313725490196077761 ) ;
#2477 = EDGE_LOOP ( 'NONE', ( #5094, #3080, #175, #1857 ) ) ;
#2478 = VECTOR ( 'NONE', #6044, 1000.000000000000000 ) ;
#2479 = VECTOR ( 'NONE', #550, 1000.000000000000000 ) ;
#2480 = PLANE ( 'NONE',  #2491 ) ;
#2481 = DIRECTION ( 'NONE',  ( 0.05233595624294388321, 0.000000000000000000, 0.9986295347545739443 ) ) ;
#2482 = SURFACE_SIDE_STYLE ('',( #5999 ) ) ;
#2483 =( NAMED_UNIT ( * ) SI_UNIT ( $, .STERADIAN. ) SOLID_ANGLE_UNIT ( ) );
#2484 = EDGE_CURVE ( 'NONE', #355, #4575, #197, .T. ) ;
#2485 = MECHANICAL_DESIGN_GEOMETRIC_PRESENTATION_REPRESENTATION (  '', ( #403 ), #4473 ) ;
#2486 = ORIENTED_EDGE ( 'NONE', *, *, #5997, .F. ) ;
#2487 = PRESENTATION_STYLE_ASSIGNMENT (( #246 ) ) ;
#2488 = DIRECTION ( 'NONE',  ( 1.000000000000000000, 1.239088197126290570E-16, -0.000000000000000000 ) ) ;
#2489 = FILL_AREA_STYLE_COLOUR ( '', #4375 ) ;
#2490 = ORIENTED_EDGE ( 'NONE', *, *, #6033, .T. ) ;
#2491 = AXIS2_PLACEMENT_3D ( 'NONE', #1537, #3455, #3120 ) ;
#2492 = EDGE_CURVE ( 'NONE', #1893, #977, #1569, .T. ) ;
#2493 = ADVANCED_FACE ( 'NONE', ( #5348 ), #61, .T. ) ;
#2494 = ORIENTED_EDGE ( 'NONE', *, *, #4685, .T. ) ;
#2495 = MANIFOLD_SOLID_BREP ( '\X2\0411043e0431044b0448043a0430\X0\-\X2\0412044b0442044f043d04430442044c\X0\4[2]', #5818 ) ;
#2496 = CARTESIAN_POINT ( 'NONE',  ( -0.6765465593547973500, -0.4971160600431790977, 0.000000000000000000 ) ) ;
#2497 = CARTESIAN_POINT ( 'NONE',  ( -1.002233606196060611, 0.5068647545284988842, -0.8699999999999999956 ) ) ;
#2498 = STYLED_ITEM ( 'NONE', ( #3552 ), #4506 ) ;
#2499 = VERTEX_POINT ( 'NONE', #4993 ) ;
#2500 = STYLED_ITEM ( 'NONE', ( #910 ), #3081 ) ;
#2501 = CARTESIAN_POINT ( 'NONE',  ( -1.602233606196061366, -0.3931352454715018041, -0.5700000000000000622 ) ) ;
#2502 = DIRECTION ( 'NONE',  ( 1.000000000000000000, 1.548860246407862843E-16, 0.000000000000000000 ) ) ;
#2503 = LINE ( 'NONE', #5288, #2542 ) ;
#2504 = SURFACE_SIDE_STYLE ('',( #3021 ) ) ;
#2505 = UNCERTAINTY_MEASURE_WITH_UNIT (LENGTH_MEASURE( 1.000000000000000082E-05 ), #5364, 'distance_accuracy_value', 'NONE');
#2506 = PRODUCT_DEFINITION_SHAPE ( 'NONE', 'NONE',  #4493 ) ;
#2507 = ORIENTED_EDGE ( 'NONE', *, *, #3481, .T. ) ;
#2508 = SURFACE_STYLE_FILL_AREA ( #685 ) ;
#2509 = DIRECTION ( 'NONE',  ( -0.000000000000000000, -0.000000000000000000, -1.000000000000000000 ) ) ;
#2510 = FILL_AREA_STYLE ('',( #2189 ) ) ;
#2511 = LINE ( 'NONE', #1911, #2766 ) ;
#2512 = ORIENTED_EDGE ( 'NONE', *, *, #5737, .T. ) ;
#2513 = ORIENTED_EDGE ( 'NONE', *, *, #346, .F. ) ;
#2514 = PRESENTATION_STYLE_ASSIGNMENT (( #4450 ) ) ;
#2515 = ADVANCED_FACE ( 'NONE', ( #3881 ), #4065, .F. ) ;
#2516 = SURFACE_STYLE_USAGE ( .BOTH. , #4019 ) ;
#2517 = ORIENTED_EDGE ( 'NONE', *, *, #1303, .F. ) ;
#2518 = CIRCLE ( 'NONE', #6071, 0.5500000000000000444 ) ;
#2519 = ORIENTED_EDGE ( 'NONE', *, *, #5840, .T. ) ;
#2520 = LINE ( 'NONE', #1556, #4709 ) ;
#2521 = LINE ( 'NONE', #1188, #83 ) ;
#2522 = FILL_AREA_STYLE_COLOUR ( '', #3225 ) ;
#2523 =( GEOMETRIC_REPRESENTATION_CONTEXT ( 3 ) GLOBAL_UNCERTAINTY_ASSIGNED_CONTEXT ( ( #3314 ) ) GLOBAL_UNIT_ASSIGNED_CONTEXT ( ( #2105, #3917, #2607 ) ) REPRESENTATION_CONTEXT ( 'NONE', 'WORKASPACE' ) );
#2524 = VERTEX_POINT ( 'NONE', #4961 ) ;
#2525 = EDGE_CURVE ( 'NONE', #3679, #2257, #3785, .T. ) ;
#2526 = FILL_AREA_STYLE_COLOUR ( '', #1322 ) ;
#2527 = SURFACE_STYLE_FILL_AREA ( #5873 ) ;
#2528 =( GEOMETRIC_REPRESENTATION_CONTEXT ( 3 ) GLOBAL_UNCERTAINTY_ASSIGNED_CONTEXT ( ( #4426 ) ) GLOBAL_UNIT_ASSIGNED_CONTEXT ( ( #5709, #3843, #2000 ) ) REPRESENTATION_CONTEXT ( 'NONE', 'WORKASPACE' ) );
#2529 = PRESENTATION_STYLE_ASSIGNMENT (( #5343 ) ) ;
#2530 = DIRECTION ( 'NONE',  ( 0.000000000000000000, 0.000000000000000000, 1.000000000000000000 ) ) ;
#2531 = ADVANCED_FACE ( 'NONE', ( #1661 ), #2250, .F. ) ;
#2532 = VECTOR ( 'NONE', #3774, 1000.000000000000114 ) ;
#2533 =( LENGTH_UNIT ( ) NAMED_UNIT ( * ) SI_UNIT ( .MILLI., .METRE. ) );
#2534 =( GEOMETRIC_REPRESENTATION_CONTEXT ( 3 ) GLOBAL_UNCERTAINTY_ASSIGNED_CONTEXT ( ( #2059 ) ) GLOBAL_UNIT_ASSIGNED_CONTEXT ( ( #5722, #4792, #41 ) ) REPRESENTATION_CONTEXT ( 'NONE', 'WORKASPACE' ) );
#2535 = EDGE_LOOP ( 'NONE', ( #3673, #5661, #1231, #3398 ) ) ;
#2536 = VECTOR ( 'NONE', #2219, 1000.000000000000000 ) ;
#2537 = CARTESIAN_POINT ( 'NONE',  ( 1.602233606196061366, -0.3931352454715018041, -0.8700000000000002176 ) ) ;
#2538 =( GEOMETRIC_REPRESENTATION_CONTEXT ( 3 ) GLOBAL_UNCERTAINTY_ASSIGNED_CONTEXT ( ( #4607 ) ) GLOBAL_UNIT_ASSIGNED_CONTEXT ( ( #448, #2345, #5595 ) ) REPRESENTATION_CONTEXT ( 'NONE', 'WORKASPACE' ) );
#2539 = SURFACE_SIDE_STYLE ('',( #2995 ) ) ;
#2540 = DIRECTION ( 'NONE',  ( -1.000000000000000000, 0.000000000000000000, 0.000000000000000000 ) ) ;
#2541 =( NAMED_UNIT ( * ) SI_UNIT ( $, .STERADIAN. ) SOLID_ANGLE_UNIT ( ) );
#2542 = VECTOR ( 'NONE', #22, 1000.000000000000000 ) ;
#2543 = MANIFOLD_SOLID_BREP ( '\X2\0411043e0431044b0448043a0430\X0\-\X2\0412044b0442044f043d04430442044c\X0\5[3]', #1666 ) ;
#2544 = PRESENTATION_LAYER_ASSIGNMENT (  '', '', ( #6100 ) ) ;
#2545 =( NAMED_UNIT ( * ) PLANE_ANGLE_UNIT ( ) SI_UNIT ( $, .RADIAN. ) );
#2546 = SURFACE_STYLE_USAGE ( .BOTH. , #1092 ) ;
#2547 = EDGE_LOOP ( 'NONE', ( #1703, #948, #2298, #3334 ) ) ;
#2548 = FILL_AREA_STYLE_COLOUR ( '', #2658 ) ;
#2549 = DIRECTION ( 'NONE',  ( 0.000000000000000000, 0.000000000000000000, -1.000000000000000000 ) ) ;
#2550 = SURFACE_STYLE_USAGE ( .BOTH. , #4413 ) ;
#2551 = FACE_OUTER_BOUND ( 'NONE', #2547, .T. ) ;
#2552 = SURFACE_STYLE_FILL_AREA ( #657 ) ;
#2553 = PRESENTATION_LAYER_ASSIGNMENT (  '', '', ( #4234 ) ) ;
#2554 = COLOUR_RGB ( '',1.000000000000000000, 1.000000000000000000, 1.000000000000000000 ) ;
#2555 = PLANE ( 'NONE',  #3500 ) ;
#2556 = VERTEX_POINT ( 'NONE', #120 ) ;
#2557 = MANIFOLD_SOLID_BREP ( '\X2\0411043e0431044b0448043a0430\X0\-\X2\0412044b0442044f043d04430442044c\X0\5[4]', #280 ) ;
#2558 = SURFACE_STYLE_FILL_AREA ( #250 ) ;
#2560 = PLANE ( 'NONE',  #3095 ) ;
#2559 = STYLED_ITEM ( 'NONE', ( #4547 ), #2074 ) ;
#2561 = AXIS2_PLACEMENT_3D ( 'NONE', #4107, #4184, #2262 ) ;
#2562 = DIRECTION ( 'NONE',  ( 1.000000000000000000, 0.000000000000000000, 0.000000000000000000 ) ) ;
#2563 = CARTESIAN_POINT ( 'NONE',  ( -0.1831650461902199489, -0.4971160600431790977, 0.05000000000000000278 ) ) ;
#2564 = ORIENTED_EDGE ( 'NONE', *, *, #1974, .T. ) ;
#2565 = PRESENTATION_STYLE_ASSIGNMENT (( #6009 ) ) ;
#2566 = UNCERTAINTY_MEASURE_WITH_UNIT (LENGTH_MEASURE( 1.000000000000000082E-05 ), #6114, 'distance_accuracy_value', 'NONE');
#2567 = EDGE_CURVE ( 'NONE', #2257, #5193, #5587, .T. ) ;
#2568 = CARTESIAN_POINT ( 'NONE',  ( 0.7460918573386841057, 0.09982784171036376830, 0.05000000000000000278 ) ) ;
#2569 = CARTESIAN_POINT ( 'NONE',  ( -1.720127565808666770, 0.5068647545284984401, -0.5700000000000011724 ) ) ;
#2570 = UNCERTAINTY_MEASURE_WITH_UNIT (LENGTH_MEASURE( 1.000000000000000082E-05 ), #5384, 'distance_accuracy_value', 'NONE');
#2571 = DIRECTION ( 'NONE',  ( -1.000000000000000000, 0.000000000000000000, -3.491481338843133355E-15 ) ) ;
#2572 = ADVANCED_FACE ( 'NONE', ( #2755 ), #4647, .F. ) ;
#2573 = PRESENTATION_STYLE_ASSIGNMENT (( #5414 ) ) ;
#2574 = ORIENTED_EDGE ( 'NONE', *, *, #5689, .T. ) ;
#2575 =( LENGTH_UNIT ( ) NAMED_UNIT ( * ) SI_UNIT ( .MILLI., .METRE. ) );
#2576 = FILL_AREA_STYLE_COLOUR ( '', #5068 ) ;
#2577 = FILL_AREA_STYLE_COLOUR ( '', #874 ) ;
#2578 = ORIENTED_EDGE ( 'NONE', *, *, #5700, .T. ) ;
#2579 = CARTESIAN_POINT ( 'NONE',  ( -1.708073776573567404, -1.431434946801787955, -0.6700000000000000400 ) ) ;
#2580 = PRESENTATION_LAYER_ASSIGNMENT (  '', '', ( #889 ) ) ;
#2581 = VERTEX_POINT ( 'NONE', #5642 ) ;
#2582 = PRESENTATION_STYLE_ASSIGNMENT (( #4535 ) ) ;
#2583 = DIRECTION ( 'NONE',  ( 1.000000000000000000, 0.000000000000000000, 0.000000000000000000 ) ) ;
#2584 = DIRECTION ( 'NONE',  ( -0.000000000000000000, -2.168404344971008079E-15, -1.000000000000000000 ) ) ;
#2585 = FILL_AREA_STYLE_COLOUR ( '', #3204 ) ;
#2586 = AXIS2_PLACEMENT_3D ( 'NONE', #2390, #2421, #4352 ) ;
#2587 = VECTOR ( 'NONE', #3900, 1000.000000000000000 ) ;
#2588 = AXIS2_PLACEMENT_3D ( 'NONE', #843, #4108, #5568 ) ;
#2589 = AXIS2_PLACEMENT_3D ( 'NONE', #4231, #1861, #3778 ) ;
#2590 = LINE ( 'NONE', #5375, #2942 ) ;
#2591 = CARTESIAN_POINT ( 'NONE',  ( -0.8265465593547973722, 0.4077874617970527193, 0.000000000000000000 ) ) ;
#2592 =( NAMED_UNIT ( * ) SI_UNIT ( $, .STERADIAN. ) SOLID_ANGLE_UNIT ( ) );
#2593 = ORIENTED_EDGE ( 'NONE', *, *, #5501, .T. ) ;
#2594 = VECTOR ( 'NONE', #585, 1000.000000000000000 ) ;
#2595 = COLOUR_RGB ( '',0.8313725490196077761, 0.8392156862745098200, 0.8313725490196077761 ) ;
#2596 =( GEOMETRIC_REPRESENTATION_CONTEXT ( 3 ) GLOBAL_UNCERTAINTY_ASSIGNED_CONTEXT ( ( #2629 ) ) GLOBAL_UNIT_ASSIGNED_CONTEXT ( ( #4245, #3301, #928 ) ) REPRESENTATION_CONTEXT ( 'NONE', 'WORKASPACE' ) );
#2597 =( NAMED_UNIT ( * ) SI_UNIT ( $, .STERADIAN. ) SOLID_ANGLE_UNIT ( ) );
#2598 = CIRCLE ( 'NONE', #4675, 0.1499999999999999667 ) ;
#2599 = DIRECTION ( 'NONE',  ( 0.000000000000000000, 1.000000000000000000, 0.000000000000000000 ) ) ;
#2600 = SURFACE_STYLE_USAGE ( .BOTH. , #1628 ) ;
#2601 = ADVANCED_FACE ( 'NONE', ( #1401 ), #3402, .F. ) ;
#2602 =( GEOMETRIC_REPRESENTATION_CONTEXT ( 3 ) GLOBAL_UNCERTAINTY_ASSIGNED_CONTEXT ( ( #4298 ) ) GLOBAL_UNIT_ASSIGNED_CONTEXT ( ( #1109, #619, #1498 ) ) REPRESENTATION_CONTEXT ( 'NONE', 'WORKASPACE' ) );
#2603 = DIRECTION ( 'NONE',  ( 1.000000000000000000, 0.000000000000000000, 0.000000000000000000 ) ) ;
#2604 = SURFACE_STYLE_USAGE ( .BOTH. , #3606 ) ;
#2605 = ORIENTED_EDGE ( 'NONE', *, *, #4729, .F. ) ;
#2606 = DIRECTION ( 'NONE',  ( 0.000000000000000000, 0.000000000000000000, -1.000000000000000000 ) ) ;
#2607 =( NAMED_UNIT ( * ) SI_UNIT ( $, .STERADIAN. ) SOLID_ANGLE_UNIT ( ) );
#2608 = EDGE_CURVE ( 'NONE', #627, #3798, #2648, .T. ) ;
#2609 = LINE ( 'NONE', #3887, #3394 ) ;
#2610 =( NAMED_UNIT ( * ) PLANE_ANGLE_UNIT ( ) SI_UNIT ( $, .RADIAN. ) );
#2611 = LINE ( 'NONE', #4073, #1848 ) ;
#2612 = ORIENTED_EDGE ( 'NONE', *, *, #3971, .F. ) ;
#2613 = CARTESIAN_POINT ( 'NONE',  ( 1.708073776573566516, 1.708073776573566738, -0.8000000000000000444 ) ) ;
#2614 = PLANE ( 'NONE',  #5365 ) ;
#2615 = EDGE_CURVE ( 'NONE', #2455, #5952, #694, .T. ) ;
#2616 =( NAMED_UNIT ( * ) PLANE_ANGLE_UNIT ( ) SI_UNIT ( $, .RADIAN. ) );
#2617 =( NAMED_UNIT ( * ) PLANE_ANGLE_UNIT ( ) SI_UNIT ( $, .RADIAN. ) );
#2618 = CARTESIAN_POINT ( 'NONE',  ( 1.720127565808666326, 0.5068647545284984401, -0.5700000000000010614 ) ) ;
#2619 = ORIENTED_EDGE ( 'NONE', *, *, #3531, .T. ) ;
#2620 = DIRECTION ( 'NONE',  ( -0.05233595624294388321, 1.615994494162831900E-16, -0.9986295347545739443 ) ) ;
#2621 = ORIENTED_EDGE ( 'NONE', *, *, #5555, .T. ) ;
#2622 = FILL_AREA_STYLE_COLOUR ( '', #4580 ) ;
#2623 = VECTOR ( 'NONE', #3838, 1000.000000000000000 ) ;
#2624 = UNCERTAINTY_MEASURE_WITH_UNIT (LENGTH_MEASURE( 1.000000000000000082E-05 ), #3044, 'distance_accuracy_value', 'NONE');
#2625 = FACE_OUTER_BOUND ( 'NONE', #1593, .T. ) ;
#2626 = PRESENTATION_LAYER_ASSIGNMENT (  '', '', ( #5293 ) ) ;
#2627 = PRESENTATION_STYLE_ASSIGNMENT (( #734 ) ) ;
#2628 =( NAMED_UNIT ( * ) SI_UNIT ( $, .STERADIAN. ) SOLID_ANGLE_UNIT ( ) );
#2629 = UNCERTAINTY_MEASURE_WITH_UNIT (LENGTH_MEASURE( 1.000000000000000082E-05 ), #4245, 'distance_accuracy_value', 'NONE');
#2630 = VECTOR ( 'NONE', #2502, 1000.000000000000000 ) ;
#2631 = PRESENTATION_STYLE_ASSIGNMENT (( #4911 ) ) ;
#2632 =( NAMED_UNIT ( * ) SI_UNIT ( $, .STERADIAN. ) SOLID_ANGLE_UNIT ( ) );
#2633 = CIRCLE ( 'NONE', #750, 1.425000000000008038 ) ;
#2634 = DIRECTION ( 'NONE',  ( 0.000000000000000000, 1.618212197739558143E-16, -1.000000000000000000 ) ) ;
#2635 = ORIENTED_EDGE ( 'NONE', *, *, #3045, .F. ) ;
#2636 = DIRECTION ( 'NONE',  ( -1.000000000000000000, 0.000000000000000000, 0.000000000000000000 ) ) ;
#2637 = STYLED_ITEM ( 'NONE', ( #1187 ), #5294 ) ;
#2638 = CARTESIAN_POINT ( 'NONE',  ( -0.9037624701214840295, 1.653762470121483474, 0.6000000000000000888 ) ) ;
#2639 = FILL_AREA_STYLE_COLOUR ( '', #1206 ) ;
#2640 = LINE ( 'NONE', #4618, #3010 ) ;
#2641 = PLANE ( 'NONE',  #2899 ) ;
#2642 = DIRECTION ( 'NONE',  ( 0.000000000000000000, 1.000000000000000000, 0.000000000000000000 ) ) ;
#2643 = EDGE_CURVE ( 'NONE', #1572, #3276, #4050, .T. ) ;
#2644 = PRESENTATION_LAYER_ASSIGNMENT (  '', '', ( #4932 ) ) ;
#2645 = DIRECTION ( 'NONE',  ( 0.000000000000000000, -1.000000000000000000, -0.000000000000000000 ) ) ;
#2646 =( NAMED_UNIT ( * ) PLANE_ANGLE_UNIT ( ) SI_UNIT ( $, .RADIAN. ) );
#2647 = SURFACE_STYLE_USAGE ( .BOTH. , #753 ) ;
#2648 = LINE ( 'NONE', #2081, #3011 ) ;
#2649 = MECHANICAL_DESIGN_GEOMETRIC_PRESENTATION_REPRESENTATION (  '', ( #1838 ), #704 ) ;
#2650 = PRESENTATION_LAYER_ASSIGNMENT (  '', '', ( #3447 ) ) ;
#2651 = STYLED_ITEM ( 'NONE', ( #2816 ), #5895 ) ;
#2652 = EDGE_CURVE ( 'NONE', #1061, #1318, #3888, .T. ) ;
#2653 = EDGE_LOOP ( 'NONE', ( #4304, #3611, #2813, #1161 ) ) ;
#2654 = FACE_OUTER_BOUND ( 'NONE', #27, .T. ) ;
#2655 = DIRECTION ( 'NONE',  ( -1.000000000000000000, 0.000000000000000000, 0.000000000000000000 ) ) ;
#2656 = PRESENTATION_LAYER_ASSIGNMENT (  '', '', ( #3451 ) ) ;
#2657 = VERTEX_POINT ( 'NONE', #1585 ) ;
#2658 = COLOUR_RGB ( '',0.003921568627450980338, 0.000000000000000000, 0.3372549019607843368 ) ;
#2659 = CARTESIAN_POINT ( 'NONE',  ( -1.505672411292870772, -1.549652246857879279, 0.05000000000000000278 ) ) ;
#2660 = CARTESIAN_POINT ( 'NONE',  ( -1.708073776573567404, -1.193135245471501182, -0.6700000000000000400 ) ) ;
#2661 = FILL_AREA_STYLE ('',( #5013 ) ) ;
#2662 = VECTOR ( 'NONE', #4496, 1000.000000000000000 ) ;
#2663 = SURFACE_STYLE_FILL_AREA ( #5908 ) ;
#2664 = SURFACE_STYLE_FILL_AREA ( #1170 ) ;
#2665 = SURFACE_SIDE_STYLE ('',( #3134 ) ) ;
#2666 = DIRECTION ( 'NONE',  ( 0.000000000000000000, 0.000000000000000000, 1.000000000000000000 ) ) ;
#2667 = CARTESIAN_POINT ( 'NONE',  ( 1.002233606196060833, -0.3931352454715011935, -0.8699999999999999956 ) ) ;
#2668 = DIRECTION ( 'NONE',  ( 0.7071067811865476838, 0.7071067811865474617, -0.000000000000000000 ) ) ;
#2669 =( LENGTH_UNIT ( ) NAMED_UNIT ( * ) SI_UNIT ( .MILLI., .METRE. ) );
#2670 = DIRECTION ( 'NONE',  ( 0.000000000000000000, 0.000000000000000000, 1.000000000000000000 ) ) ;
#2671 = CARTESIAN_POINT ( 'NONE',  ( 1.749999999999999556, 1.306864754528498374, 0.000000000000000000 ) ) ;
#2672 = DIRECTION ( 'NONE',  ( 0.000000000000000000, 0.000000000000000000, 1.000000000000000000 ) ) ;
#2673 = FILL_AREA_STYLE_COLOUR ( '', #5067 ) ;
#2674 = EDGE_LOOP ( 'NONE', ( #4402, #875, #2058, #3842, #122 ) ) ;
#2675 = ORIENTED_EDGE ( 'NONE', *, *, #2104, .T. ) ;
#2676 = FACE_OUTER_BOUND ( 'NONE', #4196, .T. ) ;
#2677 = DIRECTION ( 'NONE',  ( 0.05226442768871395611, 0.05226442768871396305, 0.9972646886342373396 ) ) ;
#2678 =( GEOMETRIC_REPRESENTATION_CONTEXT ( 3 ) GLOBAL_UNCERTAINTY_ASSIGNED_CONTEXT ( ( #2004 ) ) GLOBAL_UNIT_ASSIGNED_CONTEXT ( ( #2863, #1090, #592 ) ) REPRESENTATION_CONTEXT ( 'NONE', 'WORKASPACE' ) );
#2679 = DIRECTION ( 'NONE',  ( 0.2756373558169964988, 0.000000000000000000, 0.9612616959383195603 ) ) ;
#2680 = CARTESIAN_POINT ( 'NONE',  ( 0.000000000000000000, 0.000000000000000000, 0.6000000000000000888 ) ) ;
#2681 = EDGE_CURVE ( 'NONE', #3699, #2840, #5454, .T. ) ;
#2682 =( GEOMETRIC_REPRESENTATION_CONTEXT ( 3 ) GLOBAL_UNCERTAINTY_ASSIGNED_CONTEXT ( ( #5775 ) ) GLOBAL_UNIT_ASSIGNED_CONTEXT ( ( #1494, #4335, #5803 ) ) REPRESENTATION_CONTEXT ( 'NONE', 'WORKASPACE' ) );
#2683 = ORIENTED_EDGE ( 'NONE', *, *, #4928, .T. ) ;
#2684 = ORIENTED_EDGE ( 'NONE', *, *, #3448, .F. ) ;
#2685 =( LENGTH_UNIT ( ) NAMED_UNIT ( * ) SI_UNIT ( .MILLI., .METRE. ) );
#2686 = LINE ( 'NONE', #3476, #2394 ) ;
#2687 =( GEOMETRIC_REPRESENTATION_CONTEXT ( 3 ) GLOBAL_UNCERTAINTY_ASSIGNED_CONTEXT ( ( #5173 ) ) GLOBAL_UNIT_ASSIGNED_CONTEXT ( ( #4693, #3156, #338 ) ) REPRESENTATION_CONTEXT ( 'NONE', 'WORKASPACE' ) );
#2688 = ADVANCED_FACE ( 'NONE', ( #3125 ), #2555, .F. ) ;
#2689 = COLOUR_RGB ( '',1.000000000000000000, 1.000000000000000000, 1.000000000000000000 ) ;
#2690 = AXIS2_PLACEMENT_3D ( 'NONE', #3059, #4047, #1062 ) ;
#2691 = SURFACE_SIDE_STYLE ('',( #2217 ) ) ;
#2692 = CARTESIAN_POINT ( 'NONE',  ( 1.602233606196061144, 1.306864754528498374, -0.5700000000000000622 ) ) ;
#2693 = VECTOR ( 'NONE', #4293, 1000.000000000000000 ) ;
#2694 = STYLED_ITEM ( 'NONE', ( #5324 ), #3299 ) ;
#2695 =( NAMED_UNIT ( * ) PLANE_ANGLE_UNIT ( ) SI_UNIT ( $, .RADIAN. ) );
#2696 = UNCERTAINTY_MEASURE_WITH_UNIT (LENGTH_MEASURE( 1.000000000000000082E-05 ), #725, 'distance_accuracy_value', 'NONE');
#2697 =( NAMED_UNIT ( * ) PLANE_ANGLE_UNIT ( ) SI_UNIT ( $, .RADIAN. ) );
#2698 = VECTOR ( 'NONE', #4503, 1000.000000000000000 ) ;
#2699 = AXIS2_PLACEMENT_3D ( 'NONE', #1970, #2008, #142 ) ;
#2700 =( GEOMETRIC_REPRESENTATION_CONTEXT ( 3 ) GLOBAL_UNCERTAINTY_ASSIGNED_CONTEXT ( ( #1691 ) ) GLOBAL_UNIT_ASSIGNED_CONTEXT ( ( #5306, #658, #5372 ) ) REPRESENTATION_CONTEXT ( 'NONE', 'WORKASPACE' ) );
#2701 = DIRECTION ( 'NONE',  ( -0.000000000000000000, -0.000000000000000000, -1.000000000000000000 ) ) ;
#2702 = ORIENTED_EDGE ( 'NONE', *, *, #314, .T. ) ;
#2703 = FILL_AREA_STYLE ('',( #1752 ) ) ;
#2704 = DIRECTION ( 'NONE',  ( 0.000000000000000000, -0.000000000000000000, 1.000000000000000000 ) ) ;
#2705 =( GEOMETRIC_REPRESENTATION_CONTEXT ( 3 ) GLOBAL_UNCERTAINTY_ASSIGNED_CONTEXT ( ( #6024 ) ) GLOBAL_UNIT_ASSIGNED_CONTEXT ( ( #3816, #5171, #425 ) ) REPRESENTATION_CONTEXT ( 'NONE', 'WORKASPACE' ) );
#2706 = DIRECTION ( 'NONE',  ( -0.000000000000000000, -1.000000000000000000, -0.000000000000000000 ) ) ;
#2707 = CARTESIAN_POINT ( 'NONE',  ( 1.602233606196061144, 0.5068647545284991063, -0.8000000000000000444 ) ) ;
#2708 = VECTOR ( 'NONE', #2179, 1000.000000000000000 ) ;
#2709 = ORIENTED_EDGE ( 'NONE', *, *, #3456, .F. ) ;
#2710 = PLANE ( 'NONE',  #3258 ) ;
#2711 = FACE_OUTER_BOUND ( 'NONE', #4524, .T. ) ;
#2712 = DIRECTION ( 'NONE',  ( -0.000000000000000000, 0.000000000000000000, -1.000000000000000000 ) ) ;
#2713 = ORIENTED_EDGE ( 'NONE', *, *, #2331, .T. ) ;
#2714 = DIRECTION ( 'NONE',  ( 1.000000000000000000, 8.843950781956522636E-17, 0.000000000000000000 ) ) ;
#2715 = CARTESIAN_POINT ( 'NONE',  ( 1.902233606196063409, 0.000000000000000000, -6.762711050878333907E-15 ) ) ;
#2716 = EDGE_CURVE ( 'NONE', #1710, #3363, #5789, .T. ) ;
#2717 = PRESENTATION_STYLE_ASSIGNMENT (( #4597 ) ) ;
#2718 = CARTESIAN_POINT ( 'NONE',  ( 1.002233606196060611, -0.3931352454715010825, -0.8000000000000000444 ) ) ;
#2719 = EDGE_LOOP ( 'NONE', ( #577, #2362, #3187, #4530 ) ) ;
#2720 = PRESENTATION_STYLE_ASSIGNMENT (( #1803 ) ) ;
#2721 = EDGE_CURVE ( 'NONE', #5764, #4475, #157, .T. ) ;
#2722 = PRESENTATION_LAYER_ASSIGNMENT (  '', '', ( #5982 ) ) ;
#2723 = PRESENTATION_STYLE_ASSIGNMENT (( #5076 ) ) ;
#2724 = PRESENTATION_LAYER_ASSIGNMENT (  '', '', ( #5673 ) ) ;
#2725 = DIRECTION ( 'NONE',  ( -0.000000000000000000, -1.000000000000000000, -0.000000000000000000 ) ) ;
#2726 = LINE ( 'NONE', #1840, #4228 ) ;
#2727 = EDGE_CURVE ( 'NONE', #6140, #2202, #2051, .T. ) ;
#2728 = SURFACE_STYLE_FILL_AREA ( #2821 ) ;
#2729 = CARTESIAN_POINT ( 'NONE',  ( 1.321228911128271788, -1.454651929937279098, 0.000000000000000000 ) ) ;
#2730 = ORIENTED_EDGE ( 'NONE', *, *, #5093, .F. ) ;
#2731 = LINE ( 'NONE', #5112, #2861 ) ;
#2732 = LINE ( 'NONE', #1725, #2191 ) ;
#2733 = VECTOR ( 'NONE', #2428, 1000.000000000000000 ) ;
#2734 = ORIENTED_EDGE ( 'NONE', *, *, #1685, .T. ) ;
#2735 = SURFACE_SIDE_STYLE ('',( #4130 ) ) ;
#2736 =( GEOMETRIC_REPRESENTATION_CONTEXT ( 3 ) GLOBAL_UNCERTAINTY_ASSIGNED_CONTEXT ( ( #3072 ) ) GLOBAL_UNIT_ASSIGNED_CONTEXT ( ( #5974, #4858, #1254 ) ) REPRESENTATION_CONTEXT ( 'NONE', 'WORKASPACE' ) );
#2737 = DIRECTION ( 'NONE',  ( -0.05233595624294387627, 0.000000000000000000, 0.9986295347545739443 ) ) ;
#2738 = DIRECTION ( 'NONE',  ( -0.000000000000000000, 1.000000000000000000, -0.000000000000000000 ) ) ;
#2739 =( GEOMETRIC_REPRESENTATION_CONTEXT ( 3 ) GLOBAL_UNCERTAINTY_ASSIGNED_CONTEXT ( ( #256 ) ) GLOBAL_UNIT_ASSIGNED_CONTEXT ( ( #4738, #1461, #3845 ) ) REPRESENTATION_CONTEXT ( 'NONE', 'WORKASPACE' ) );
#2740 = CARTESIAN_POINT ( 'NONE',  ( -1.902233606196062299, 0.5068647545284984401, -0.3000000000000002109 ) ) ;
#2741 = PLANE ( 'NONE',  #4947 ) ;
#2742 = ORIENTED_EDGE ( 'NONE', *, *, #1219, .F. ) ;
#2743 = CARTESIAN_POINT ( 'NONE',  ( -1.602233606196061366, -0.3931352454715015821, -0.5700000000000000622 ) ) ;
#2744 = PLANE ( 'NONE',  #4002 ) ;
#2745 = CARTESIAN_POINT ( 'NONE',  ( 0.2971365777156378396, -0.4871897488101240015, 0.05000000000000000278 ) ) ;
#2746 = ORIENTED_EDGE ( 'NONE', *, *, #6115, .F. ) ;
#2747 = VECTOR ( 'NONE', #856, 1000.000000000000000 ) ;
#2748 = EDGE_CURVE ( 'NONE', #5053, #5011, #5335, .T. ) ;
#2749 = VERTEX_POINT ( 'NONE', #5827 ) ;
#2750 =( LENGTH_UNIT ( ) NAMED_UNIT ( * ) SI_UNIT ( .MILLI., .METRE. ) );
#2751 = MECHANICAL_DESIGN_GEOMETRIC_PRESENTATION_REPRESENTATION (  '', ( #1936 ), #5698 ) ;
#2752 =( GEOMETRIC_REPRESENTATION_CONTEXT ( 3 ) GLOBAL_UNCERTAINTY_ASSIGNED_CONTEXT ( ( #2437 ) ) GLOBAL_UNIT_ASSIGNED_CONTEXT ( ( #5890, #4896, #751 ) ) REPRESENTATION_CONTEXT ( 'NONE', 'WORKASPACE' ) );
#2753 = DIRECTION ( 'NONE',  ( -0.000000000000000000, -1.000000000000000000, -0.000000000000000000 ) ) ;
#2754 =( LENGTH_UNIT ( ) NAMED_UNIT ( * ) SI_UNIT ( .MILLI., .METRE. ) );
#2755 = FACE_OUTER_BOUND ( 'NONE', #3436, .T. ) ;
#2756 = UNCERTAINTY_MEASURE_WITH_UNIT (LENGTH_MEASURE( 1.000000000000000082E-05 ), #1384, 'distance_accuracy_value', 'NONE');
#2757 = STYLED_ITEM ( 'NONE', ( #581 ), #2095 ) ;
#2758 = STYLED_ITEM ( 'NONE', ( #521 ), #552 ) ;
#2759 = ADVANCED_FACE ( 'NONE', ( #3497 ), #1153, .T. ) ;
#2760 = LINE ( 'NONE', #4203, #2324 ) ;
#2761 = EDGE_LOOP ( 'NONE', ( #371, #5261, #3561, #4899 ) ) ;
#2762 = CARTESIAN_POINT ( 'NONE',  ( 0.3603187164337326442, 0.5864781805825147742, 0.05000000000000000278 ) ) ;
#2763 = VECTOR ( 'NONE', #1291, 1000.000000000000000 ) ;
#2764 =( LENGTH_UNIT ( ) NAMED_UNIT ( * ) SI_UNIT ( .MILLI., .METRE. ) );
#2765 = ADVANCED_FACE ( 'NONE', ( #2771 ), #901, .F. ) ;
#2766 = VECTOR ( 'NONE', #1089, 1000.000000000000000 ) ;
#2767 = VERTEX_POINT ( 'NONE', #370 ) ;
#2768 =( NAMED_UNIT ( * ) PLANE_ANGLE_UNIT ( ) SI_UNIT ( $, .RADIAN. ) );
#2769 =( NAMED_UNIT ( * ) PLANE_ANGLE_UNIT ( ) SI_UNIT ( $, .RADIAN. ) );
#2770 = DIRECTION ( 'NONE',  ( -1.000000000000000000, 0.000000000000000000, 0.000000000000000000 ) ) ;
#2771 = FACE_OUTER_BOUND ( 'NONE', #5606, .T. ) ;
#2772 = ORIENTED_EDGE ( 'NONE', *, *, #1856, .F. ) ;
#2773 = CARTESIAN_POINT ( 'NONE',  ( -1.653762470121484363, 0.9037624701214834744, 0.6000000000000000888 ) ) ;
#2774 = DIRECTION ( 'NONE',  ( -0.000000000000000000, -1.000000000000000000, -0.000000000000000000 ) ) ;
#2775 = PRESENTATION_STYLE_ASSIGNMENT (( #2238 ) ) ;
#2776 = VECTOR ( 'NONE', #3858, 1000.000000000000000 ) ;
#2777 = ORIENTED_EDGE ( 'NONE', *, *, #6010, .T. ) ;
#2778 = CARTESIAN_POINT ( 'NONE',  ( 0.000000000000000000, 0.000000000000000000, 1.100000000000000311 ) ) ;
#2779 = DIRECTION ( 'NONE',  ( 1.000000000000000000, 3.072089739255383678E-16, 0.000000000000000000 ) ) ;
#2780 = ORIENTED_EDGE ( 'NONE', *, *, #5971, .F. ) ;
#2781 = VECTOR ( 'NONE', #2460, 1000.000000000000000 ) ;
#2782 = VERTEX_POINT ( 'NONE', #2266 ) ;
#2783 =( NAMED_UNIT ( * ) SI_UNIT ( $, .STERADIAN. ) SOLID_ANGLE_UNIT ( ) );
#2784 = SURFACE_SIDE_STYLE ('',( #1776 ) ) ;
#2785 = PRESENTATION_LAYER_ASSIGNMENT (  '', '', ( #5054 ) ) ;
#2786 =( GEOMETRIC_REPRESENTATION_CONTEXT ( 3 ) GLOBAL_UNCERTAINTY_ASSIGNED_CONTEXT ( ( #53 ) ) GLOBAL_UNIT_ASSIGNED_CONTEXT ( ( #6066, #3640, #2803 ) ) REPRESENTATION_CONTEXT ( 'NONE', 'WORKASPACE' ) );
#2787 =( LENGTH_UNIT ( ) NAMED_UNIT ( * ) SI_UNIT ( .MILLI., .METRE. ) );
#2788 = VECTOR ( 'NONE', #5209, 1000.000000000000000 ) ;
#2789 = AXIS2_PLACEMENT_3D ( 'NONE', #5005, #2049, #3963 ) ;
#2790 = CARTESIAN_POINT ( 'NONE',  ( 1.002233606196060611, 1.306864754528498818, -0.8699999999999999956 ) ) ;
#2791 = PRESENTATION_LAYER_ASSIGNMENT (  '', '', ( #4571 ) ) ;
#2792 = PLANE ( 'NONE',  #1093 ) ;
#2793 = EDGE_CURVE ( 'NONE', #5609, #4575, #4163, .T. ) ;
#2794 = ORIENTED_EDGE ( 'NONE', *, *, #1303, .T. ) ;
#2795 = VECTOR ( 'NONE', #1145, 1000.000000000000000 ) ;
#2796 = PRESENTATION_LAYER_ASSIGNMENT (  '', '', ( #5358 ) ) ;
#2797 = PRESENTATION_LAYER_ASSIGNMENT (  '', '', ( #4579 ) ) ;
#2798 = EDGE_LOOP ( 'NONE', ( #3461, #1669, #4488, #4665 ) ) ;
#2799 = COLOUR_RGB ( '',0.8980392156862745390, 0.9215686274509803377, 0.9294117647058823817 ) ;
#2800 = VECTOR ( 'NONE', #1963, 1000.000000000000000 ) ;
#2801 = EDGE_CURVE ( 'NONE', #283, #4575, #6068, .T. ) ;
#2802 = VECTOR ( 'NONE', #435, 1000.000000000000000 ) ;
#2803 =( NAMED_UNIT ( * ) SI_UNIT ( $, .STERADIAN. ) SOLID_ANGLE_UNIT ( ) );
#2804 = FILL_AREA_STYLE ('',( #4314 ) ) ;
#2805 = FILL_AREA_STYLE ('',( #6012 ) ) ;
#2806 = CARTESIAN_POINT ( 'NONE',  ( -1.002233606196060833, -0.3931352454715011935, -0.8699999999999999956 ) ) ;
#2807 = VERTEX_POINT ( 'NONE', #1317 ) ;
#2808 = FACE_OUTER_BOUND ( 'NONE', #5122, .T. ) ;
#2809 = SURFACE_SIDE_STYLE ('',( #373 ) ) ;
#2810 = EDGE_CURVE ( 'NONE', #3472, #4246, #1819, .T. ) ;
#2811 = LINE ( 'NONE', #2240, #4209 ) ;
#2812 = LINE ( 'NONE', #5245, #2802 ) ;
#2813 = ORIENTED_EDGE ( 'NONE', *, *, #2716, .F. ) ;
#2814 = VERTEX_POINT ( 'NONE', #308 ) ;
#2815 = LINE ( 'NONE', #3870, #3726 ) ;
#2816 = PRESENTATION_STYLE_ASSIGNMENT (( #1747 ) ) ;
#2817 = SURFACE_STYLE_FILL_AREA ( #6085 ) ;
#2818 = UNCERTAINTY_MEASURE_WITH_UNIT (LENGTH_MEASURE( 1.000000000000000082E-05 ), #3142, 'distance_accuracy_value', 'NONE');
#2819 = DIRECTION ( 'NONE',  ( 0.05226442768871396999, -0.05226442768871396999, 0.9972646886342373396 ) ) ;
#2820 = SURFACE_SIDE_STYLE ('',( #2282 ) ) ;
#2821 = FILL_AREA_STYLE ('',( #4612 ) ) ;
#2822 = LINE ( 'NONE', #6123, #4466 ) ;
#2823 = SURFACE_STYLE_USAGE ( .BOTH. , #4307 ) ;
#2824 = DIRECTION ( 'NONE',  ( -0.000000000000000000, -2.168404344971008079E-15, -1.000000000000000000 ) ) ;
#2825 = UNCERTAINTY_MEASURE_WITH_UNIT (LENGTH_MEASURE( 1.000000000000000082E-05 ), #3750, 'distance_accuracy_value', 'NONE');
#2826 = ORIENTED_EDGE ( 'NONE', *, *, #5886, .T. ) ;
#2827 = VECTOR ( 'NONE', #5107, 1000.000000000000000 ) ;
#2828 = DIRECTION ( 'NONE',  ( -1.000000000000000000, 0.000000000000000000, 0.000000000000000000 ) ) ;
#2829 =( NAMED_UNIT ( * ) SI_UNIT ( $, .STERADIAN. ) SOLID_ANGLE_UNIT ( ) );
#2830 = CARTESIAN_POINT ( 'NONE',  ( -1.602233606196061144, 1.306864754528498151, -0.5700000000000000622 ) ) ;
#2831 = ORIENTED_EDGE ( 'NONE', *, *, #6069, .T. ) ;
#2832 = PRESENTATION_LAYER_ASSIGNMENT (  '', '', ( #3329 ) ) ;
#2833 = ADVANCED_FACE ( 'NONE', ( #2208 ), #4110, .T. ) ;
#2834 = DIRECTION ( 'NONE',  ( 0.000000000000000000, 0.000000000000000000, 1.000000000000000000 ) ) ;
#2835 =( GEOMETRIC_REPRESENTATION_CONTEXT ( 3 ) GLOBAL_UNCERTAINTY_ASSIGNED_CONTEXT ( ( #4929 ) ) GLOBAL_UNIT_ASSIGNED_CONTEXT ( ( #1068, #2020, #4868 ) ) REPRESENTATION_CONTEXT ( 'NONE', 'WORKASPACE' ) );
#2836 = ORIENTED_EDGE ( 'NONE', *, *, #5683, .F. ) ;
#2837 = CARTESIAN_POINT ( 'NONE',  ( -0.03316504619021998224, 1.512774786421851037, 0.000000000000000000 ) ) ;
#2838 =( NAMED_UNIT ( * ) PLANE_ANGLE_UNIT ( ) SI_UNIT ( $, .RADIAN. ) );
#2839 = FACE_OUTER_BOUND ( 'NONE', #1099, .T. ) ;
#2840 = VERTEX_POINT ( 'NONE', #2321 ) ;
#2841 = ADVANCED_FACE ( 'NONE', ( #1973 ), #3327, .F. ) ;
#2842 = AXIS2_PLACEMENT_3D ( 'NONE', #6072, #527, #1823 ) ;
#2843 = EDGE_LOOP ( 'NONE', ( #1398, #1304, #5829, #1508 ) ) ;
#2844 = PRESENTATION_STYLE_ASSIGNMENT (( #4330 ) ) ;
#2845 = SURFACE_SIDE_STYLE ('',( #571 ) ) ;
#2846 = CIRCLE ( 'NONE', #2439, 0.3000000000000000999 ) ;
#2847 = COLOUR_RGB ( '',1.000000000000000000, 1.000000000000000000, 1.000000000000000000 ) ;
#2848 = VECTOR ( 'NONE', #5639, 1000.000000000000000 ) ;
#2849 = SURFACE_STYLE_USAGE ( .BOTH. , #5048 ) ;
#2850 = FILL_AREA_STYLE_COLOUR ( '', #1577 ) ;
#2851 = COLOUR_RGB ( '',0.000000000000000000, 1.000000000000000000, 0.000000000000000000 ) ;
#2852 = ORIENTED_EDGE ( 'NONE', *, *, #2299, .T. ) ;
#2853 = AXIS2_PLACEMENT_3D ( 'NONE', #3388, #5266, #1026 ) ;
#2854 = PLANE ( 'NONE',  #1995 ) ;
#2855 = FACE_OUTER_BOUND ( 'NONE', #5228, .T. ) ;
#2856 = STYLED_ITEM ( 'NONE', ( #2775 ), #2178 ) ;
#2857 = VECTOR ( 'NONE', #6101, 1000.000000000000114 ) ;
#2858 = FILL_AREA_STYLE_COLOUR ( '', #358 ) ;
#2859 = FILL_AREA_STYLE ('',( #1909 ) ) ;
#2860 = PRESENTATION_STYLE_ASSIGNMENT (( #6132 ) ) ;
#2861 = VECTOR ( 'NONE', #4617, 1000.000000000000000 ) ;
#2862 = ORIENTED_EDGE ( 'NONE', *, *, #3407, .T. ) ;
#2863 =( LENGTH_UNIT ( ) NAMED_UNIT ( * ) SI_UNIT ( .MILLI., .METRE. ) );
#2864 = PLANE ( 'NONE',  #3439 ) ;
#2865 = LINE ( 'NONE', #528, #1977 ) ;
#2866 = ORIENTED_EDGE ( 'NONE', *, *, #5244, .F. ) ;
#2867 = ORIENTED_EDGE ( 'NONE', *, *, #5366, .T. ) ;
#2868 =( NAMED_UNIT ( * ) PLANE_ANGLE_UNIT ( ) SI_UNIT ( $, .RADIAN. ) );
#2869 = SURFACE_STYLE_USAGE ( .BOTH. , #597 ) ;
#2870 = EDGE_CURVE ( 'NONE', #5307, #2657, #4283, .T. ) ;
#2871 = DIRECTION ( 'NONE',  ( 1.000000000000000000, 0.000000000000000000, -0.000000000000000000 ) ) ;
#2872 = CARTESIAN_POINT ( 'NONE',  ( 0.2971365777156378396, -0.2871897488101240459, 0.1500000000000000222 ) ) ;
#2873 = ORIENTED_EDGE ( 'NONE', *, *, #5651, .F. ) ;
#2874 = VERTEX_POINT ( 'NONE', #555 ) ;
#2875 = PRESENTATION_STYLE_ASSIGNMENT (( #4699 ) ) ;
#2876 = PLANE ( 'NONE',  #5438 ) ;
#2877 = EDGE_CURVE ( 'NONE', #3915, #1546, #4, .T. ) ;
#2878 = ADVANCED_FACE ( 'NONE', ( #4788 ), #1505, .F. ) ;
#2879 = STYLED_ITEM ( 'NONE', ( #4652 ), #1202 ) ;
#2880 = UNCERTAINTY_MEASURE_WITH_UNIT (LENGTH_MEASURE( 1.000000000000000082E-05 ), #2206, 'distance_accuracy_value', 'NONE');
#2881 = DIRECTION ( 'NONE',  ( -0.000000000000000000, -0.000000000000000000, -1.000000000000000000 ) ) ;
#2882 = EDGE_CURVE ( 'NONE', #4356, #1915, #4853, .T. ) ;
#2883 = ORIENTED_EDGE ( 'NONE', *, *, #5033, .F. ) ;
#2884 = CARTESIAN_POINT ( 'NONE',  ( 0.2971365777156378396, -0.2871897488101240459, 0.1500000000000000222 ) ) ;
#2885 = CARTESIAN_POINT ( 'NONE',  ( 1.702233606196061455, -0.3931352454715015821, -0.5700000000000003952 ) ) ;
#2886 = UNCERTAINTY_MEASURE_WITH_UNIT (LENGTH_MEASURE( 1.000000000000000082E-05 ), #3325, 'distance_accuracy_value', 'NONE');
#2887 =( NAMED_UNIT ( * ) PLANE_ANGLE_UNIT ( ) SI_UNIT ( $, .RADIAN. ) );
#2888 =( GEOMETRIC_REPRESENTATION_CONTEXT ( 3 ) GLOBAL_UNCERTAINTY_ASSIGNED_CONTEXT ( ( #443 ) ) GLOBAL_UNIT_ASSIGNED_CONTEXT ( ( #1673, #2617, #1152 ) ) REPRESENTATION_CONTEXT ( 'NONE', 'WORKASPACE' ) );
#2889 = MECHANICAL_DESIGN_GEOMETRIC_PRESENTATION_REPRESENTATION (  '', ( #1282 ), #2786 ) ;
#2890 = ORIENTED_EDGE ( 'NONE', *, *, #1336, .T. ) ;
#2891 = AXIS2_PLACEMENT_3D ( 'NONE', #4638, #1830, #3309 ) ;
#2892 = VECTOR ( 'NONE', #1761, 1000.000000000000000 ) ;
#2893 = FILL_AREA_STYLE_COLOUR ( '', #2253 ) ;
#2894 = SURFACE_SIDE_STYLE ('',( #1938 ) ) ;
#2895 = CARTESIAN_POINT ( 'NONE',  ( 1.749999999999999778, 0.5068647545284983291, -2.032879073410320814E-16 ) ) ;
#2896 = MECHANICAL_DESIGN_GEOMETRIC_PRESENTATION_REPRESENTATION (  '', ( #4380 ), #2388 ) ;
#2897 = DIRECTION ( 'NONE',  ( 0.000000000000000000, 0.000000000000000000, 1.000000000000000000 ) ) ;
#2898 =( NAMED_UNIT ( * ) PLANE_ANGLE_UNIT ( ) SI_UNIT ( $, .RADIAN. ) );
#2899 = AXIS2_PLACEMENT_3D ( 'NONE', #4406, #5779, #5921 ) ;
#2900 = COLOUR_RGB ( '',0.8980392156862745390, 0.9215686274509803377, 0.9294117647058823817 ) ;
#2901 = VECTOR ( 'NONE', #2481, 1000.000000000000114 ) ;
#2902 = LINE ( 'NONE', #4469, #3678 ) ;
#2903 = ORIENTED_EDGE ( 'NONE', *, *, #4757, .T. ) ;
#2904 = PRESENTATION_STYLE_ASSIGNMENT (( #2869 ) ) ;
#2905 = SURFACE_STYLE_FILL_AREA ( #80 ) ;
#2906 = CARTESIAN_POINT ( 'NONE',  ( 0.2971365777156376731, 0.5212690557775702116, 0.05000000000000000278 ) ) ;
#2907 = VERTEX_POINT ( 'NONE', #4382 ) ;
#2908 = EDGE_CURVE ( 'NONE', #3923, #1895, #3918, .T. ) ;
#2909 = ORIENTED_EDGE ( 'NONE', *, *, #5396, .T. ) ;
#2910 = DIRECTION ( 'NONE',  ( -0.000000000000000000, -0.000000000000000000, -1.000000000000000000 ) ) ;
#2911 = FILL_AREA_STYLE_COLOUR ( '', #2476 ) ;
#2912 = FACE_OUTER_BOUND ( 'NONE', #3847, .T. ) ;
#2913 = DIRECTION ( 'NONE',  ( 0.000000000000000000, 1.000000000000000000, 0.000000000000000000 ) ) ;
#2914 = EDGE_CURVE ( 'NONE', #5448, #1967, #3274, .T. ) ;
#2915 = ORIENTED_EDGE ( 'NONE', *, *, #820, .F. ) ;
#2916 = ORIENTED_EDGE ( 'NONE', *, *, #2721, .F. ) ;
#2917 = DIRECTION ( 'NONE',  ( -0.000000000000000000, 1.000000000000000000, -0.000000000000000000 ) ) ;
#2918 = VERTEX_POINT ( 'NONE', #5154 ) ;
#2919 = PLANE ( 'NONE',  #4768 ) ;
#2920 = LINE ( 'NONE', #1023, #4830 ) ;
#2921 =( NAMED_UNIT ( * ) SI_UNIT ( $, .STERADIAN. ) SOLID_ANGLE_UNIT ( ) );
#2922 = EDGE_CURVE ( 'NONE', #4189, #3311, #4637, .T. ) ;
#2923 = VERTEX_POINT ( 'NONE', #4139 ) ;
#2924 = VECTOR ( 'NONE', #1008, 1000.000000000000000 ) ;
#2925 = LINE ( 'NONE', #4814, #2147 ) ;
#2926 = SURFACE_SIDE_STYLE ('',( #2414 ) ) ;
#2927 = FILL_AREA_STYLE_COLOUR ( '', #3101 ) ;
#2928 = FILL_AREA_STYLE_COLOUR ( '', #4756 ) ;
#2929 = PRODUCT_CONTEXT ( 'NONE', #1131, 'mechanical' ) ;
#2930 = PRESENTATION_LAYER_ASSIGNMENT (  '', '', ( #4202 ) ) ;
#2931 = DIRECTION ( 'NONE',  ( -1.951916865401747084E-16, 1.000000000000000000, 0.000000000000000000 ) ) ;
#2932 = DIRECTION ( 'NONE',  ( -1.000000000000000000, 0.000000000000000000, 0.000000000000000000 ) ) ;
#2933 = ORIENTED_EDGE ( 'NONE', *, *, #5611, .F. ) ;
#2934 = DIRECTION ( 'NONE',  ( 0.000000000000000000, 1.000000000000000000, 0.000000000000000000 ) ) ;
#2935 =( NAMED_UNIT ( * ) SI_UNIT ( $, .STERADIAN. ) SOLID_ANGLE_UNIT ( ) );
#2936 = DIRECTION ( 'NONE',  ( 0.000000000000000000, -1.000000000000000000, 0.000000000000000000 ) ) ;
#2937 = SURFACE_STYLE_USAGE ( .BOTH. , #3401 ) ;
#2938 =( GEOMETRIC_REPRESENTATION_CONTEXT ( 3 ) GLOBAL_UNCERTAINTY_ASSIGNED_CONTEXT ( ( #2120 ) ) GLOBAL_UNIT_ASSIGNED_CONTEXT ( ( #3108, #5936, #4491 ) ) REPRESENTATION_CONTEXT ( 'NONE', 'WORKASPACE' ) );
#2939 =( NAMED_UNIT ( * ) SI_UNIT ( $, .STERADIAN. ) SOLID_ANGLE_UNIT ( ) );
#2940 = ORIENTED_EDGE ( 'NONE', *, *, #4582, .F. ) ;
#2941 = ORIENTED_EDGE ( 'NONE', *, *, #500, .F. ) ;
#2942 = VECTOR ( 'NONE', #3432, 1000.000000000000000 ) ;
#2943 = DIRECTION ( 'NONE',  ( -1.000000000000000000, 0.000000000000000000, -3.252606517456512119E-15 ) ) ;
#2944 = DIRECTION ( 'NONE',  ( 1.000000000000000000, -0.000000000000000000, -0.000000000000000000 ) ) ;
#2945 = UNCERTAINTY_MEASURE_WITH_UNIT (LENGTH_MEASURE( 1.000000000000000082E-05 ), #5101, 'distance_accuracy_value', 'NONE');
#2946 = COLOUR_RGB ( '',0.8980392156862745390, 0.9215686274509803377, 0.9294117647058823817 ) ;
#2947 = SURFACE_STYLE_FILL_AREA ( #511 ) ;
#2948 = VERTEX_POINT ( 'NONE', #2241 ) ;
#2949 = CYLINDRICAL_SURFACE ( 'NONE', #3840, 0.3000000000000000999 ) ;
#2950 = AXIS2_PLACEMENT_3D ( 'NONE', #834, #2313, #1337 ) ;
#2951 = ORIENTED_EDGE ( 'NONE', *, *, #3603, .F. ) ;
#2952 = CARTESIAN_POINT ( 'NONE',  ( -1.002233606196060833, 0.000000000000000000, -0.8000000000000000444 ) ) ;
#2953 = EDGE_CURVE ( 'NONE', #4000, #4662, #790, .T. ) ;
#2954 = PRESENTATION_STYLE_ASSIGNMENT (( #3943 ) ) ;
#2955 = UNCERTAINTY_MEASURE_WITH_UNIT (LENGTH_MEASURE( 1.000000000000000082E-05 ), #654, 'distance_accuracy_value', 'NONE');
#2956 = DIRECTION ( 'NONE',  ( -1.000000000000000000, 0.000000000000000000, 0.000000000000000000 ) ) ;
#2957 = VECTOR ( 'NONE', #620, 1000.000000000000000 ) ;
#2958 = AXIS2_PLACEMENT_3D ( 'NONE', #3434, #1458, #52 ) ;
#2959 = ORIENTED_EDGE ( 'NONE', *, *, #891, .T. ) ;
#2960 = AXIS2_PLACEMENT_3D ( 'NONE', #1753, #4101, #270 ) ;
#2961 =( GEOMETRIC_REPRESENTATION_CONTEXT ( 3 ) GLOBAL_UNCERTAINTY_ASSIGNED_CONTEXT ( ( #5292 ) ) GLOBAL_UNIT_ASSIGNED_CONTEXT ( ( #1547, #2868, #493 ) ) REPRESENTATION_CONTEXT ( 'NONE', 'WORKASPACE' ) );
#2962 =( NAMED_UNIT ( * ) SI_UNIT ( $, .STERADIAN. ) SOLID_ANGLE_UNIT ( ) );
#2963 = ADVANCED_FACE ( 'NONE', ( #1829 ), #2744, .F. ) ;
#2964 = FILL_AREA_STYLE ('',( #2576 ) ) ;
#2965 = LINE ( 'NONE', #34, #707 ) ;
#2966 = DIRECTION ( 'NONE',  ( -1.000000000000000000, 0.000000000000000000, 0.000000000000000000 ) ) ;
#2967 = DIRECTION ( 'NONE',  ( 1.000000000000000000, 0.000000000000000000, -0.000000000000000000 ) ) ;
#2968 = FACE_OUTER_BOUND ( 'NONE', #2420, .T. ) ;
#2969 = MECHANICAL_DESIGN_GEOMETRIC_PRESENTATION_REPRESENTATION (  '', ( #2757 ), #3350 ) ;
#2970 = MECHANICAL_DESIGN_GEOMETRIC_PRESENTATION_REPRESENTATION (  '', ( #3852 ), #3959 ) ;
#2971 = VECTOR ( 'NONE', #4146, 1000.000000000000000 ) ;
#2972 = ORIENTED_EDGE ( 'NONE', *, *, #867, .F. ) ;
#2973 = ORIENTED_EDGE ( 'NONE', *, *, #410, .F. ) ;
#2974 =( GEOMETRIC_REPRESENTATION_CONTEXT ( 3 ) GLOBAL_UNCERTAINTY_ASSIGNED_CONTEXT ( ( #4436 ) ) GLOBAL_UNIT_ASSIGNED_CONTEXT ( ( #4945, #3609, #2133 ) ) REPRESENTATION_CONTEXT ( 'NONE', 'WORKASPACE' ) );
#2975 =( NAMED_UNIT ( * ) SI_UNIT ( $, .STERADIAN. ) SOLID_ANGLE_UNIT ( ) );
#2976 = DIRECTION ( 'NONE',  ( 0.000000000000000000, 0.000000000000000000, 1.000000000000000000 ) ) ;
#2977 = ORIENTED_EDGE ( 'NONE', *, *, #2331, .F. ) ;
#2978 = ORIENTED_EDGE ( 'NONE', *, *, #4156, .T. ) ;
#2979 = CARTESIAN_POINT ( 'NONE',  ( -1.750000000000000444, 1.749999999999999778, 0.000000000000000000 ) ) ;
#2980 = MECHANICAL_DESIGN_GEOMETRIC_PRESENTATION_REPRESENTATION (  '', ( #2162 ), #5135 ) ;
#2981 = LINE ( 'NONE', #5251, #2848 ) ;
#2982 = DIRECTION ( 'NONE',  ( 0.000000000000000000, 1.000000000000000000, 0.000000000000000000 ) ) ;
#2983 = ORIENTED_EDGE ( 'NONE', *, *, #4214, .T. ) ;
#2984 = FILL_AREA_STYLE ('',( #1075 ) ) ;
#2985 = DIRECTION ( 'NONE',  ( 0.000000000000000000, 1.000000000000000000, 0.000000000000000000 ) ) ;
#2986 = SURFACE_STYLE_FILL_AREA ( #4063 ) ;
#2987 = VERTEX_POINT ( 'NONE', #822 ) ;
#2988 = LINE ( 'NONE', #4837, #3238 ) ;
#2989 = PRESENTATION_LAYER_ASSIGNMENT (  '', '', ( #2169 ) ) ;
#2990 = DIRECTION ( 'NONE',  ( -0.000000000000000000, -0.08715574274765820750, 0.9961946980917455452 ) ) ;
#2991 = CARTESIAN_POINT ( 'NONE',  ( 0.000000000000000000, 0.000000000000000000, 0.1500000000000000222 ) ) ;
#2992 = ORIENTED_EDGE ( 'NONE', *, *, #3531, .F. ) ;
#2993 = ADVANCED_FACE ( 'NONE', ( #4598 ), #5490, .T. ) ;
#2994 = PRESENTATION_STYLE_ASSIGNMENT (( #5882 ) ) ;
#2995 = SURFACE_STYLE_FILL_AREA ( #141 ) ;
#2996 =( GEOMETRIC_REPRESENTATION_CONTEXT ( 3 ) GLOBAL_UNCERTAINTY_ASSIGNED_CONTEXT ( ( #4683 ) ) GLOBAL_UNIT_ASSIGNED_CONTEXT ( ( #5092, #3709, #5547 ) ) REPRESENTATION_CONTEXT ( 'NONE', 'WORKASPACE' ) );
#2997 = CARTESIAN_POINT ( 'NONE',  ( -1.602233606196062921, -0.3931352454715015821, -0.2999999999999991562 ) ) ;
#2998 = VECTOR ( 'NONE', #5625, 1000.000000000000000 ) ;
#2999 = FILL_AREA_STYLE ('',( #589 ) ) ;
#3000 = EDGE_CURVE ( 'NONE', #5694, #938, #4168, .T. ) ;
#3001 = ORIENTED_EDGE ( 'NONE', *, *, #3913, .T. ) ;
#3002 = COLOUR_RGB ( '',1.000000000000000000, 1.000000000000000000, 1.000000000000000000 ) ;
#3003 = COLOUR_RGB ( '',0.003921568627450980338, 0.000000000000000000, 0.3372549019607843368 ) ;
#3004 = MECHANICAL_DESIGN_GEOMETRIC_PRESENTATION_REPRESENTATION (  '', ( #2186 ), #5353 ) ;
#3005 = ORIENTED_EDGE ( 'NONE', *, *, #4602, .T. ) ;
#3006 =( NAMED_UNIT ( * ) PLANE_ANGLE_UNIT ( ) SI_UNIT ( $, .RADIAN. ) );
#3007 = CARTESIAN_POINT ( 'NONE',  ( -0.6765465593547973500, -0.01557973693398068474, 0.000000000000000000 ) ) ;
#3008 = EDGE_LOOP ( 'NONE', ( #4912, #2235, #2379, #5400 ) ) ;
#3009 = PRESENTATION_LAYER_ASSIGNMENT (  '', '', ( #407 ) ) ;
#3010 = VECTOR ( 'NONE', #4036, 1000.000000000000000 ) ;
#3011 = VECTOR ( 'NONE', #1553, 1000.000000000000000 ) ;
#3012 = EDGE_CURVE ( 'NONE', #3311, #2086, #3711, .T. ) ;
#3013 = EDGE_LOOP ( 'NONE', ( #567, #2977, #2873, #622 ) ) ;
#3014 = CARTESIAN_POINT ( 'NONE',  ( 0.2103187164337326776, 1.509106996110444410, 0.05000000000000000278 ) ) ;
#3015 = CARTESIAN_POINT ( 'NONE',  ( -1.002233606196060611, 0.000000000000000000, -0.8000000000000000444 ) ) ;
#3016 = MECHANICAL_DESIGN_GEOMETRIC_PRESENTATION_REPRESENTATION (  '', ( #711 ), #104 ) ;
#3017 = VERTEX_POINT ( 'NONE', #1889 ) ;
#3018 = CARTESIAN_POINT ( 'NONE',  ( 1.902233606196062521, -1.193135245471501404, -0.3000000000000002109 ) ) ;
#3019 = VERTEX_POINT ( 'NONE', #1000 ) ;
#3020 =( LENGTH_UNIT ( ) NAMED_UNIT ( * ) SI_UNIT ( .MILLI., .METRE. ) );
#3021 = SURFACE_STYLE_FILL_AREA ( #2003 ) ;
#3022 = UNCERTAINTY_MEASURE_WITH_UNIT (LENGTH_MEASURE( 1.000000000000000082E-05 ), #789, 'distance_accuracy_value', 'NONE');
#3023 = DIRECTION ( 'NONE',  ( 7.228014483236693597E-16, 0.000000000000000000, 1.000000000000000000 ) ) ;
#3024 = DIRECTION ( 'NONE',  ( 0.000000000000000000, 0.000000000000000000, -1.000000000000000000 ) ) ;
#3025 = CARTESIAN_POINT ( 'NONE',  ( 0.4971365777156377397, 0.7212690557775703892, 0.05000000000000000278 ) ) ;
#3026 =( LENGTH_UNIT ( ) NAMED_UNIT ( * ) SI_UNIT ( .MILLI., .METRE. ) );
#3027 = ORIENTED_EDGE ( 'NONE', *, *, #5907, .T. ) ;
#3028 = FACE_OUTER_BOUND ( 'NONE', #5690, .T. ) ;
#3029 = DIRECTION ( 'NONE',  ( -0.000000000000000000, -0.000000000000000000, -1.000000000000000000 ) ) ;
#3030 = CARTESIAN_POINT ( 'NONE',  ( -0.9037624701214840295, 1.697506801884445693, 0.6000000000000000888 ) ) ;
#3031 = PRESENTATION_STYLE_ASSIGNMENT (( #3890 ) ) ;
#3032 = ORIENTED_EDGE ( 'NONE', *, *, #3012, .F. ) ;
#3033 = CARTESIAN_POINT ( 'NONE',  ( -1.708073776573567182, -3.174681084559854810E-16, -0.8000000000000000444 ) ) ;
#3034 = SURFACE_SIDE_STYLE ('',( #5785 ) ) ;
#3035 = ORIENTED_EDGE ( 'NONE', *, *, #2801, .F. ) ;
#3036 = FACE_OUTER_BOUND ( 'NONE', #596, .T. ) ;
#3037 =( LENGTH_UNIT ( ) NAMED_UNIT ( * ) SI_UNIT ( .MILLI., .METRE. ) );
#3038 = PLANE ( 'NONE',  #1971 ) ;
#3039 = FILL_AREA_STYLE_COLOUR ( '', #3002 ) ;
#3040 = CARTESIAN_POINT ( 'NONE',  ( 0.2971365777156376731, 0.7212690557775703892, 0.1500000000000000222 ) ) ;
#3041 = EDGE_CURVE ( 'NONE', #2113, #20, #5666, .T. ) ;
#3042 = VERTEX_POINT ( 'NONE', #5725 ) ;
#3043 = SURFACE_STYLE_USAGE ( .BOTH. , #5009 ) ;
#3044 =( LENGTH_UNIT ( ) NAMED_UNIT ( * ) SI_UNIT ( .MILLI., .METRE. ) );
#3045 = EDGE_CURVE ( 'NONE', #2948, #4903, #5646, .T. ) ;
#3046 = CARTESIAN_POINT ( 'NONE',  ( 0.4882589707855558570, 0.1605405712692378195, 0.1500000000000000222 ) ) ;
#3047 = COLOUR_RGB ( '',0.003921568627450980338, 0.000000000000000000, 0.3372549019607843368 ) ;
#3048 = FACE_OUTER_BOUND ( 'NONE', #1664, .T. ) ;
#3049 = CARTESIAN_POINT ( 'NONE',  ( 1.749999999999999556, 1.749999999999999778, 0.000000000000000000 ) ) ;
#3050 = DIRECTION ( 'NONE',  ( 2.937807041787227880E-17, 1.000000000000000000, 0.000000000000000000 ) ) ;
#3051 = DIRECTION ( 'NONE',  ( 1.000000000000000000, 0.000000000000000000, 0.000000000000000000 ) ) ;
#3052 = STYLED_ITEM ( 'NONE', ( #1415 ), #5432 ) ;
#3053 = EDGE_LOOP ( 'NONE', ( #2271, #3815, #4025, #3573 ) ) ;
#3054 = CARTESIAN_POINT ( 'NONE',  ( 1.720127565808666326, -0.3931352454715018041, -0.5700000000000010614 ) ) ;
#3055 = EDGE_LOOP ( 'NONE', ( #520, #952, #2517, #4489 ) ) ;
#3056 = PRESENTATION_LAYER_ASSIGNMENT (  '', '', ( #5503 ) ) ;
#3057 = SURFACE_SIDE_STYLE ('',( #3581 ) ) ;
#3058 = FILL_AREA_STYLE ('',( #1584 ) ) ;
#3059 = CARTESIAN_POINT ( 'NONE',  ( -0.6014578695130498032, 0.1994353412954477101, 0.1500000000000000222 ) ) ;
#3060 = CARTESIAN_POINT ( 'NONE',  ( -0.03316504619021998224, -0.4971160600431790977, 0.05000000000000000278 ) ) ;
#3061 = VECTOR ( 'NONE', #2060, 1000.000000000000000 ) ;
#3062 = PRESENTATION_LAYER_ASSIGNMENT (  '', '', ( #1445 ) ) ;
#3063 = ORIENTED_EDGE ( 'NONE', *, *, #1908, .T. ) ;
#3064 = CARTESIAN_POINT ( 'NONE',  ( -1.097766393803939255, -1.431434946801785957, -0.8000000000000000444 ) ) ;
#3066 = CARTESIAN_POINT ( 'NONE',  ( 0.2103187164337326776, 1.509106996110444410, 0.05000000000000000278 ) ) ;
#3065 = VECTOR ( 'NONE', #1708, 1000.000000000000000 ) ;
#3067 = COLOUR_RGB ( '',0.000000000000000000, 0.000000000000000000, 1.000000000000000000 ) ;
#3068 = EDGE_CURVE ( 'NONE', #633, #5170, #2812, .T. ) ;
#3069 = CARTESIAN_POINT ( 'NONE',  ( -1.002233606196060833, -0.3931352454715011935, -0.8699999999999999956 ) ) ;
#3070 = ORIENTED_EDGE ( 'NONE', *, *, #5143, .T. ) ;
#3071 = ORIENTED_EDGE ( 'NONE', *, *, #1490, .F. ) ;
#3072 = UNCERTAINTY_MEASURE_WITH_UNIT (LENGTH_MEASURE( 1.000000000000000082E-05 ), #5974, 'distance_accuracy_value', 'NONE');
#3073 = CARTESIAN_POINT ( 'NONE',  ( 1.002233606196060389, -1.193135245471500960, -0.8000000000000000444 ) ) ;
#3074 = PLANE ( 'NONE',  #5390 ) ;
#3075 = ADVANCED_FACE ( 'NONE', ( #4324 ), #1513, .F. ) ;
#3076 = EDGE_CURVE ( 'NONE', #3395, #2918, #4825, .T. ) ;
#3077 =( LENGTH_UNIT ( ) NAMED_UNIT ( * ) SI_UNIT ( .MILLI., .METRE. ) );
#3078 = UNCERTAINTY_MEASURE_WITH_UNIT (LENGTH_MEASURE( 1.000000000000000082E-05 ), #5930, 'distance_accuracy_value', 'NONE');
#3079 =( NAMED_UNIT ( * ) PLANE_ANGLE_UNIT ( ) SI_UNIT ( $, .RADIAN. ) );
#3080 = ORIENTED_EDGE ( 'NONE', *, *, #4957, .F. ) ;
#3081 = ADVANCED_FACE ( 'NONE', ( #4696 ), #530, .T. ) ;
#3082 = CARTESIAN_POINT ( 'NONE',  ( 1.702233606196061455, -1.193135245471501404, -0.5700000000000003952 ) ) ;
#3083 = PRESENTATION_STYLE_ASSIGNMENT (( #5919 ) ) ;
#3084 = SURFACE_SIDE_STYLE ('',( #2038 ) ) ;
#3085 = LINE ( 'NONE', #5446, #1596 ) ;
#3086 =( GEOMETRIC_REPRESENTATION_CONTEXT ( 3 ) GLOBAL_UNCERTAINTY_ASSIGNED_CONTEXT ( ( #2125 ) ) GLOBAL_UNIT_ASSIGNED_CONTEXT ( ( #1902, #4150, #4336 ) ) REPRESENTATION_CONTEXT ( 'NONE', 'WORKASPACE' ) );
#3087 = DIRECTION ( 'NONE',  ( 0.000000000000000000, 0.000000000000000000, -1.000000000000000000 ) ) ;
#3088 = LINE ( 'NONE', #2579, #4357 ) ;
#3089 = MECHANICAL_DESIGN_GEOMETRIC_PRESENTATION_REPRESENTATION (  '', ( #5346 ), #4968 ) ;
#3090 = DIRECTION ( 'NONE',  ( 0.000000000000000000, -1.000000000000000000, 0.000000000000000000 ) ) ;
#3091 =( LENGTH_UNIT ( ) NAMED_UNIT ( * ) SI_UNIT ( .MILLI., .METRE. ) );
#3092 = SURFACE_STYLE_FILL_AREA ( #4414 ) ;
#3093 =( NAMED_UNIT ( * ) SI_UNIT ( $, .STERADIAN. ) SOLID_ANGLE_UNIT ( ) );
#3094 = FILL_AREA_STYLE ('',( #2585 ) ) ;
#3095 = AXIS2_PLACEMENT_3D ( 'NONE', #1354, #5064, #3677 ) ;
#3096 = AXIS2_PLACEMENT_3D ( 'NONE', #3364, #1892, #2016 ) ;
#3097 = FACE_OUTER_BOUND ( 'NONE', #4723, .T. ) ;
#3098 = DIRECTION ( 'NONE',  ( -0.000000000000000000, -0.000000000000000000, -1.000000000000000000 ) ) ;
#3099 = PLANE ( 'NONE',  #388 ) ;
#3100 = ORIENTED_EDGE ( 'NONE', *, *, #6163, .F. ) ;
#3101 = COLOUR_RGB ( '',0.8313725490196077761, 0.8392156862745098200, 0.8313725490196077761 ) ;
#3102 = ORIENTED_EDGE ( 'NONE', *, *, #4610, .F. ) ;
#3103 = PRESENTATION_LAYER_ASSIGNMENT (  '', '', ( #1688 ) ) ;
#3104 = VECTOR ( 'NONE', #5985, 1000.000000000000000 ) ;
#3105 = CARTESIAN_POINT ( 'NONE',  ( 0.2971365777156377841, -0.03945942873076218466, 0.1500000000000000222 ) ) ;
#3106 = EDGE_CURVE ( 'NONE', #6021, #1035, #4251, .T. ) ;
#3107 = AXIS2_PLACEMENT_3D ( 'NONE', #1392, #3768, #2359 ) ;
#3108 =( LENGTH_UNIT ( ) NAMED_UNIT ( * ) SI_UNIT ( .MILLI., .METRE. ) );
#3109 = AXIS2_PLACEMENT_3D ( 'NONE', #2997, #1179, #5815 ) ;
#3110 = LINE ( 'NONE', #3049, #5405 ) ;
#3111 =( GEOMETRIC_REPRESENTATION_CONTEXT ( 3 ) GLOBAL_UNCERTAINTY_ASSIGNED_CONTEXT ( ( #1429 ) ) GLOBAL_UNIT_ASSIGNED_CONTEXT ( ( #1641, #3006, #2975 ) ) REPRESENTATION_CONTEXT ( 'NONE', 'WORKASPACE' ) );
#3112 =( NAMED_UNIT ( * ) SI_UNIT ( $, .STERADIAN. ) SOLID_ANGLE_UNIT ( ) );
#3113 = EDGE_CURVE ( 'NONE', #3404, #3724, #4921, .T. ) ;
#3114 = DIRECTION ( 'NONE',  ( -0.000000000000000000, 0.000000000000000000, 1.000000000000000000 ) ) ;
#3115 = CARTESIAN_POINT ( 'NONE',  ( 1.902233606196063409, 0.5068647545284984401, -4.878909776184769953E-16 ) ) ;
#3116 = ORIENTED_EDGE ( 'NONE', *, *, #5720, .T. ) ;
#3117 = CARTESIAN_POINT ( 'NONE',  ( 0.2971365777156378396, -0.2871897488101240459, 0.05000000000000000278 ) ) ;
#3118 = FACE_OUTER_BOUND ( 'NONE', #3714, .T. ) ;
#3119 =( NAMED_UNIT ( * ) SI_UNIT ( $, .STERADIAN. ) SOLID_ANGLE_UNIT ( ) );
#3120 = DIRECTION ( 'NONE',  ( 0.000000000000000000, 0.000000000000000000, -1.000000000000000000 ) ) ;
#3121 = ADVANCED_FACE ( 'NONE', ( #5891 ), #1549, .F. ) ;
#3122 = DIRECTION ( 'NONE',  ( -0.000000000000000000, -0.000000000000000000, -1.000000000000000000 ) ) ;
#3123 = ORIENTED_EDGE ( 'NONE', *, *, #2339, .T. ) ;
#3124 = FACE_OUTER_BOUND ( 'NONE', #2798, .T. ) ;
#3125 = FACE_OUTER_BOUND ( 'NONE', #211, .T. ) ;
#3126 = ORIENTED_EDGE ( 'NONE', *, *, #289, .T. ) ;
#3127 = CARTESIAN_POINT ( 'NONE',  ( -1.482564226095967941, 1.512774786421850814, 0.05000000000000000278 ) ) ;
#3128 = SURFACE_STYLE_FILL_AREA ( #1214 ) ;
#3129 = ORIENTED_EDGE ( 'NONE', *, *, #5077, .T. ) ;
#3130 = CARTESIAN_POINT ( 'NONE',  ( 1.002233606196060611, 1.306864754528498818, -0.8699999999999999956 ) ) ;
#3131 = FACE_OUTER_BOUND ( 'NONE', #5442, .T. ) ;
#3132 =( NAMED_UNIT ( * ) PLANE_ANGLE_UNIT ( ) SI_UNIT ( $, .RADIAN. ) );
#3133 = LINE ( 'NONE', #4519, #554 ) ;
#3134 = SURFACE_STYLE_FILL_AREA ( #3601 ) ;
#3135 = UNCERTAINTY_MEASURE_WITH_UNIT (LENGTH_MEASURE( 1.000000000000000082E-05 ), #5920, 'distance_accuracy_value', 'NONE');
#3136 = VECTOR ( 'NONE', #5287, 1000.000000000000000 ) ;
#3137 = CARTESIAN_POINT ( 'NONE',  ( -1.602233606196061366, -1.193135245471501182, -0.5700000000000000622 ) ) ;
#3138 = AXIS2_PLACEMENT_3D ( 'NONE', #1248, #3167, #796 ) ;
#3139 = DIRECTION ( 'NONE',  ( 0.05233595624294388321, -0.000000000000000000, -0.9986295347545739443 ) ) ;
#3140 = COLOUR_RGB ( '',0.8980392156862745390, 0.9215686274509803377, 0.9294117647058823817 ) ;
#3141 = EDGE_CURVE ( 'NONE', #4322, #1035, #4978, .T. ) ;
#3142 =( LENGTH_UNIT ( ) NAMED_UNIT ( * ) SI_UNIT ( .MILLI., .METRE. ) );
#3143 = DIRECTION ( 'NONE',  ( -0.000000000000000000, -0.000000000000000000, -1.000000000000000000 ) ) ;
#3144 =( NAMED_UNIT ( * ) PLANE_ANGLE_UNIT ( ) SI_UNIT ( $, .RADIAN. ) );
#3145 = VECTOR ( 'NONE', #3732, 1000.000000000000000 ) ;
#3146 = EDGE_LOOP ( 'NONE', ( #315, #2702, #4377, #5699 ) ) ;
#3147 = ADVANCED_FACE ( 'NONE', ( #4863 ), #5544, .F. ) ;
#3148 = MECHANICAL_DESIGN_GEOMETRIC_PRESENTATION_REPRESENTATION (  '', ( #257 ), #1538 ) ;
#3149 = DIRECTION ( 'NONE',  ( 1.000000000000000000, 0.000000000000000000, -3.252606517456512119E-15 ) ) ;
#3150 = PRESENTATION_STYLE_ASSIGNMENT (( #4626 ) ) ;
#3151 =( NAMED_UNIT ( * ) PLANE_ANGLE_UNIT ( ) SI_UNIT ( $, .RADIAN. ) );
#3152 =( GEOMETRIC_REPRESENTATION_CONTEXT ( 3 ) GLOBAL_UNCERTAINTY_ASSIGNED_CONTEXT ( ( #1436 ) ) GLOBAL_UNIT_ASSIGNED_CONTEXT ( ( #1175, #5945, #2632 ) ) REPRESENTATION_CONTEXT ( 'NONE', 'WORKASPACE' ) );
#3153 = COLOUR_RGB ( '',0.8980392156862745390, 0.9215686274509803377, 0.9294117647058823817 ) ;
#3154 = ORIENTED_EDGE ( 'NONE', *, *, #3371, .F. ) ;
#3155 = SURFACE_SIDE_STYLE ('',( #3184 ) ) ;
#3156 =( NAMED_UNIT ( * ) PLANE_ANGLE_UNIT ( ) SI_UNIT ( $, .RADIAN. ) );
#3157 = SURFACE_STYLE_USAGE ( .BOTH. , #186 ) ;
#3158 = ORIENTED_EDGE ( 'NONE', *, *, #2748, .T. ) ;
#3159 = COLOUR_RGB ( '',0.003921568627450980338, 0.000000000000000000, 0.3372549019607843368 ) ;
#3160 = CARTESIAN_POINT ( 'NONE',  ( -1.653762470121484363, 0.9037624701214840295, 1.100000000000000311 ) ) ;
#3161 =( LENGTH_UNIT ( ) NAMED_UNIT ( * ) SI_UNIT ( .MILLI., .METRE. ) );
#3162 = SURFACE_SIDE_STYLE ('',( #4517 ) ) ;
#3163 = COLOUR_RGB ( '',1.000000000000000000, 1.000000000000000000, 1.000000000000000000 ) ;
#3164 = DIRECTION ( 'NONE',  ( 0.9961946980917455452, 1.234373092445270225E-16, 0.08715574274765820750 ) ) ;
#3165 = CARTESIAN_POINT ( 'NONE',  ( -1.097766393803939255, -1.431434946801785957, -0.6700000000000000400 ) ) ;
#3166 = CYLINDRICAL_SURFACE ( 'NONE', #2958, 0.2999999999999999334 ) ;
#3167 = DIRECTION ( 'NONE',  ( -1.000000000000000000, 0.000000000000000000, -3.560066835027028802E-15 ) ) ;
#3168 = LINE ( 'NONE', #888, #3324 ) ;
#3169 =( NAMED_UNIT ( * ) SI_UNIT ( $, .STERADIAN. ) SOLID_ANGLE_UNIT ( ) );
#3170 = CARTESIAN_POINT ( 'NONE',  ( -1.602233606196061144, 1.306864754528498374, -0.8000000000000000444 ) ) ;
#3171 = CLOSED_SHELL ( 'NONE', ( #5136, #518, #3245, #3121, #4654, #632 ) ) ;
#3172 = DIRECTION ( 'NONE',  ( 1.000000000000000000, 0.000000000000000000, -0.000000000000000000 ) ) ;
#3173 = PRESENTATION_STYLE_ASSIGNMENT (( #2131 ) ) ;
#3174 =( LENGTH_UNIT ( ) NAMED_UNIT ( * ) SI_UNIT ( .MILLI., .METRE. ) );
#3175 = ADVANCED_FACE ( 'NONE', ( #2551 ), #4480, .F. ) ;
#3176 = ORIENTED_EDGE ( 'NONE', *, *, #778, .F. ) ;
#3177 = SURFACE_SIDE_STYLE ('',( #4001 ) ) ;
#3178 =( NAMED_UNIT ( * ) SI_UNIT ( $, .STERADIAN. ) SOLID_ANGLE_UNIT ( ) );
#3179 = MECHANICAL_DESIGN_GEOMETRIC_PRESENTATION_REPRESENTATION (  '', ( #2879 ), #4461 ) ;
#3180 = DIRECTION ( 'NONE',  ( 1.000000000000000000, 0.000000000000000000, 0.000000000000000000 ) ) ;
#3181 = EDGE_CURVE ( 'NONE', #1095, #2451, #3703, .T. ) ;
#3182 = VECTOR ( 'NONE', #5140, 1000.000000000000000 ) ;
#3183 = ORIENTED_EDGE ( 'NONE', *, *, #2454, .F. ) ;
#3184 = SURFACE_STYLE_FILL_AREA ( #5988 ) ;
#3185 = CARTESIAN_POINT ( 'NONE',  ( 1.602233606196061144, 0.5068647545285002165, -0.8699999999999999956 ) ) ;
#3186 = FILL_AREA_STYLE ('',( #1240 ) ) ;
#3187 = ORIENTED_EDGE ( 'NONE', *, *, #1233, .F. ) ;
#3188 = SURFACE_SIDE_STYLE ('',( #1828 ) ) ;
#3189 =( NAMED_UNIT ( * ) PLANE_ANGLE_UNIT ( ) SI_UNIT ( $, .RADIAN. ) );
#3190 = MECHANICAL_DESIGN_GEOMETRIC_PRESENTATION_REPRESENTATION (  '', ( #2377 ), #4767 ) ;
#3191 = ORIENTED_EDGE ( 'NONE', *, *, #4900, .T. ) ;
#3192 = DIRECTION ( 'NONE',  ( 1.000000000000000000, 0.000000000000000000, 0.000000000000000000 ) ) ;
#3193 = MECHANICAL_DESIGN_GEOMETRIC_PRESENTATION_REPRESENTATION (  '', ( #703 ), #2523 ) ;
#3194 = EDGE_CURVE ( 'NONE', #4694, #6147, #2232, .T. ) ;
#3195 = PRESENTATION_STYLE_ASSIGNMENT (( #418 ) ) ;
#3196 = STYLED_ITEM ( 'NONE', ( #3866 ), #3978 ) ;
#3197 = SURFACE_STYLE_FILL_AREA ( #1748 ) ;
#3198 = AXIS2_PLACEMENT_3D ( 'NONE', #4950, #692, #2583 ) ;
#3199 = VECTOR ( 'NONE', #4537, 1000.000000000000000 ) ;
#3200 = UNCERTAINTY_MEASURE_WITH_UNIT (LENGTH_MEASURE( 1.000000000000000082E-05 ), #2156, 'distance_accuracy_value', 'NONE');
#3201 = CARTESIAN_POINT ( 'NONE',  ( -1.748018770656109666, 1.306864754528498374, -0.03780410792051384222 ) ) ;
#3202 =( GEOMETRIC_REPRESENTATION_CONTEXT ( 3 ) GLOBAL_UNCERTAINTY_ASSIGNED_CONTEXT ( ( #5105 ) ) GLOBAL_UNIT_ASSIGNED_CONTEXT ( ( #2265, #783, #3704 ) ) REPRESENTATION_CONTEXT ( 'NONE', 'WORKASPACE' ) );
#3203 = AXIS2_PLACEMENT_3D ( 'NONE', #1536, #2509, #207 ) ;
#3204 = COLOUR_RGB ( '',0.000000000000000000, 0.000000000000000000, 1.000000000000000000 ) ;
#3205 = DIRECTION ( 'NONE',  ( -0.000000000000000000, -0.000000000000000000, -1.000000000000000000 ) ) ;
#3206 = CARTESIAN_POINT ( 'NONE',  ( 0.2103187164337327886, -1.454651929937279320, 0.000000000000000000 ) ) ;
#3207 = CARTESIAN_POINT ( 'NONE',  ( -0.6765465593547973500, -0.5565939275861466751, 0.000000000000000000 ) ) ;
#3208 = PLANE ( 'NONE',  #413 ) ;
#3209 = SURFACE_STYLE_FILL_AREA ( #4556 ) ;
#3210 = VECTOR ( 'NONE', #4389, 1000.000000000000000 ) ;
#3211 = EDGE_LOOP ( 'NONE', ( #2909, #4074, #5114, #2024 ) ) ;
#3212 = CARTESIAN_POINT ( 'NONE',  ( 1.002233606196060611, 1.306864754528498818, -0.8699999999999999956 ) ) ;
#3213 = DIRECTION ( 'NONE',  ( 1.000000000000000000, 8.263513526025759881E-17, 0.000000000000000000 ) ) ;
#3214 = LINE ( 'NONE', #1884, #4062 ) ;
#3215 = CARTESIAN_POINT ( 'NONE',  ( -1.505672411292870772, -0.7065939275861465863, 0.05000000000000000278 ) ) ;
#3216 = FILL_AREA_STYLE ('',( #5008 ) ) ;
#3217 = CARTESIAN_POINT ( 'NONE',  ( -1.482564226095967941, 0.4077874617970526638, 0.05000000000000000278 ) ) ;
#3218 = EDGE_LOOP ( 'NONE', ( #3518, #646, #1976, #5337 ) ) ;
#3219 = ADVANCED_FACE ( 'NONE', ( #813 ), #844, .F. ) ;
#3220 = CARTESIAN_POINT ( 'NONE',  ( 1.602233606196062699, 1.306864754528498374, -0.2999999999999991562 ) ) ;
#3221 = DIRECTION ( 'NONE',  ( 0.000000000000000000, -0.08715574274765820750, -0.9961946980917455452 ) ) ;
#3222 = ORIENTED_EDGE ( 'NONE', *, *, #5254, .T. ) ;
#3223 = FILL_AREA_STYLE_COLOUR ( '', #3526 ) ;
#3224 =( NAMED_UNIT ( * ) PLANE_ANGLE_UNIT ( ) SI_UNIT ( $, .RADIAN. ) );
#3225 = COLOUR_RGB ( '',1.000000000000000000, 1.000000000000000000, 1.000000000000000000 ) ;
#3226 = SURFACE_STYLE_USAGE ( .BOTH. , #2784 ) ;
#3227 = ADVANCED_FACE ( 'NONE', ( #5569 ), #4109, .F. ) ;
#3228 =( LENGTH_UNIT ( ) NAMED_UNIT ( * ) SI_UNIT ( .MILLI., .METRE. ) );
#3229 = DIRECTION ( 'NONE',  ( -1.000000000000000000, 0.000000000000000000, 0.000000000000000000 ) ) ;
#3230 = COLOUR_RGB ( '',0.8980392156862745390, 0.9215686274509803377, 0.9294117647058823817 ) ;
#3231 = CARTESIAN_POINT ( 'NONE',  ( -1.002233606196060833, -0.3931352454715011935, -0.8699999999999999956 ) ) ;
#3232 =( GEOMETRIC_REPRESENTATION_CONTEXT ( 3 ) GLOBAL_UNCERTAINTY_ASSIGNED_CONTEXT ( ( #3564 ) ) GLOBAL_UNIT_ASSIGNED_CONTEXT ( ( #1896, #1362, #5638 ) ) REPRESENTATION_CONTEXT ( 'NONE', 'WORKASPACE' ) );
#3233 = VERTEX_POINT ( 'NONE', #3763 ) ;
#3234 =( NAMED_UNIT ( * ) SI_UNIT ( $, .STERADIAN. ) SOLID_ANGLE_UNIT ( ) );
#3235 = FILL_AREA_STYLE_COLOUR ( '', #5631 ) ;
#3236 = AXIS2_PLACEMENT_3D ( 'NONE', #3304, #2931, #1949 ) ;
#3237 = CARTESIAN_POINT ( 'NONE',  ( 0.4882589707855558570, 0.1605405712692378195, 0.1500000000000000222 ) ) ;
#3238 = VECTOR ( 'NONE', #2469, 1000.000000000000000 ) ;
#3239 = ORIENTED_EDGE ( 'NONE', *, *, #2292, .T. ) ;
#3240 = FILL_AREA_STYLE ('',( #3620 ) ) ;
#3241 = CARTESIAN_POINT ( 'NONE',  ( -1.702233606196063009, -0.3931352454715015821, -0.2999999999999994893 ) ) ;
#3242 = STYLED_ITEM ( 'NONE', ( #3849 ), #2434 ) ;
#3243 = ORIENTED_EDGE ( 'NONE', *, *, #4264, .T. ) ;
#3244 = VECTOR ( 'NONE', #1363, 1000.000000000000000 ) ;
#3245 = ADVANCED_FACE ( 'NONE', ( #33 ), #2445, .F. ) ;
#3246 = ORIENTED_EDGE ( 'NONE', *, *, #1768, .T. ) ;
#3247 = PLANE ( 'NONE',  #5589 ) ;
#3248 = AXIS2_PLACEMENT_3D ( 'NONE', #5500, #2606, #739 ) ;
#3249 = DIRECTION ( 'NONE',  ( -0.000000000000000000, -0.000000000000000000, -1.000000000000000000 ) ) ;
#3250 = DIRECTION ( 'NONE',  ( 1.000000000000000000, 0.000000000000000000, -3.491481338843133355E-15 ) ) ;
#3251 = UNCERTAINTY_MEASURE_WITH_UNIT (LENGTH_MEASURE( 1.000000000000000082E-05 ), #4072, 'distance_accuracy_value', 'NONE');
#3252 = VECTOR ( 'NONE', #4212, 1000.000000000000000 ) ;
#3253 = EDGE_CURVE ( 'NONE', #2404, #1456, #4689, .T. ) ;
#3254 = ADVANCED_FACE ( 'NONE', ( #1348 ), #5177, .F. ) ;
#3255 =( NAMED_UNIT ( * ) PLANE_ANGLE_UNIT ( ) SI_UNIT ( $, .RADIAN. ) );
#3256 =( NAMED_UNIT ( * ) PLANE_ANGLE_UNIT ( ) SI_UNIT ( $, .RADIAN. ) );
#3257 = DIRECTION ( 'NONE',  ( 0.000000000000000000, 1.000000000000000000, 0.000000000000000000 ) ) ;
#3258 = AXIS2_PLACEMENT_3D ( 'NONE', #401, #2294, #427 ) ;
#3259 = DIRECTION ( 'NONE',  ( -0.000000000000000000, 1.000000000000000000, -0.000000000000000000 ) ) ;
#3260 = CARTESIAN_POINT ( 'NONE',  ( 1.602233606196062921, -0.3931352454715015821, -0.2999999999999991562 ) ) ;
#3261 = EDGE_CURVE ( 'NONE', #627, #5286, #3300, .T. ) ;
#3262 = COLOUR_RGB ( '',1.000000000000000000, 0.000000000000000000, 0.000000000000000000 ) ;
#3263 = ORIENTED_EDGE ( 'NONE', *, *, #2615, .F. ) ;
#3264 = CARTESIAN_POINT ( 'NONE',  ( -0.1831650461902199489, -0.1655797369339806480, 0.05000000000000000278 ) ) ;
#3265 = PRESENTATION_STYLE_ASSIGNMENT (( #4344 ) ) ;
#3266 = LINE ( 'NONE', #4690, #1003 ) ;
#3267 = SURFACE_STYLE_USAGE ( .BOTH. , #5601 ) ;
#3268 = FACE_OUTER_BOUND ( 'NONE', #4516, .T. ) ;
#3269 = PLANE ( 'NONE',  #3236 ) ;
#3270 = CARTESIAN_POINT ( 'NONE',  ( -1.708073776573567404, 1.306864754528499262, -0.8000000000000000444 ) ) ;
#3271 =( GEOMETRIC_REPRESENTATION_CONTEXT ( 3 ) GLOBAL_UNCERTAINTY_ASSIGNED_CONTEXT ( ( #3760 ) ) GLOBAL_UNIT_ASSIGNED_CONTEXT ( ( #650, #2545, #5001 ) ) REPRESENTATION_CONTEXT ( 'NONE', 'WORKASPACE' ) );
#3272 = ORIENTED_EDGE ( 'NONE', *, *, #5181, .F. ) ;
#3273 =( LENGTH_UNIT ( ) NAMED_UNIT ( * ) SI_UNIT ( .MILLI., .METRE. ) );
#3274 = LINE ( 'NONE', #343, #4386 ) ;
#3275 = FILL_AREA_STYLE_COLOUR ( '', #2197 ) ;
#3276 = VERTEX_POINT ( 'NONE', #1468 ) ;
#3277 = AXIS2_PLACEMENT_3D ( 'NONE', #5220, #3871, #1486 ) ;
#3278 = ORIENTED_EDGE ( 'NONE', *, *, #2322, .T. ) ;
#3279 = FACE_OUTER_BOUND ( 'NONE', #2284, .T. ) ;
#3280 = MECHANICAL_DESIGN_GEOMETRIC_PRESENTATION_REPRESENTATION (  '', ( #5054 ), #1969 ) ;
#3281 =( GEOMETRIC_REPRESENTATION_CONTEXT ( 3 ) GLOBAL_UNCERTAINTY_ASSIGNED_CONTEXT ( ( #1366 ) ) GLOBAL_UNIT_ASSIGNED_CONTEXT ( ( #483, #452, #2413 ) ) REPRESENTATION_CONTEXT ( 'NONE', 'WORKASPACE' ) );
#3282 = FILL_AREA_STYLE ('',( #2489 ) ) ;
#3283 = VECTOR ( 'NONE', #3464, 1000.000000000000114 ) ;
#3284 = LINE ( 'NONE', #1311, #2827 ) ;
#3285 = AXIS2_PLACEMENT_3D ( 'NONE', #5004, #752, #5030 ) ;
#3286 = LINE ( 'NONE', #5168, #1928 ) ;
#3287 = FILL_AREA_STYLE ('',( #3348 ) ) ;
#3288 = AXIS2_PLACEMENT_3D ( 'NONE', #291, #2666, #736 ) ;
#3289 = ORIENTED_EDGE ( 'NONE', *, *, #2142, .T. ) ;
#3290 = PLANE ( 'NONE',  #816 ) ;
#3291 = DIRECTION ( 'NONE',  ( 1.000000000000000000, 1.951916865401746837E-16, -0.000000000000000000 ) ) ;
#3292 = EDGE_CURVE ( 'NONE', #3798, #5389, #897, .T. ) ;
#3293 = COLOUR_RGB ( '',0.8980392156862745390, 0.9215686274509803377, 0.9294117647058823817 ) ;
#3294 = MECHANICAL_DESIGN_GEOMETRIC_PRESENTATION_REPRESENTATION (  '', ( #1004 ), #2596 ) ;
#3295 = EDGE_LOOP ( 'NONE', ( #2019, #2494, #3511, #3027 ) ) ;
#3296 = MECHANICAL_DESIGN_GEOMETRIC_PRESENTATION_REPRESENTATION (  '', ( #2498 ), #1890 ) ;
#3297 = SURFACE_STYLE_USAGE ( .BOTH. , #1380 ) ;
#3298 = LINE ( 'NONE', #4748, #4077 ) ;
#3299 = ADVANCED_FACE ( 'NONE', ( #4786 ), #6130, .T. ) ;
#3300 = LINE ( 'NONE', #2895, #5352 ) ;
#3301 =( NAMED_UNIT ( * ) PLANE_ANGLE_UNIT ( ) SI_UNIT ( $, .RADIAN. ) );
#3302 = DIRECTION ( 'NONE',  ( 1.858632295689436595E-16, -1.000000000000000000, 0.000000000000000000 ) ) ;
#3303 = ORIENTED_EDGE ( 'NONE', *, *, #3371, .T. ) ;
#3304 = CARTESIAN_POINT ( 'NONE',  ( 1.321228911128271788, -1.454651929937279098, 0.05000000000000000278 ) ) ;
#3305 =( NAMED_UNIT ( * ) PLANE_ANGLE_UNIT ( ) SI_UNIT ( $, .RADIAN. ) );
#3306 = ORIENTED_EDGE ( 'NONE', *, *, #4015, .F. ) ;
#3307 = CARTESIAN_POINT ( 'NONE',  ( 1.321228911128271788, -0.8360159872360370947, 0.000000000000000000 ) ) ;
#3308 = CARTESIAN_POINT ( 'NONE',  ( 1.602233606196061144, 1.306864754528498374, -0.6700000000000001510 ) ) ;
#3309 = DIRECTION ( 'NONE',  ( 0.000000000000000000, 0.000000000000000000, -1.000000000000000000 ) ) ;
#3310 = ORIENTED_EDGE ( 'NONE', *, *, #5323, .F. ) ;
#3311 = VERTEX_POINT ( 'NONE', #4944 ) ;
#3312 = LINE ( 'NONE', #4259, #3947 ) ;
#3313 =( NAMED_UNIT ( * ) SI_UNIT ( $, .STERADIAN. ) SOLID_ANGLE_UNIT ( ) );
#3314 = UNCERTAINTY_MEASURE_WITH_UNIT (LENGTH_MEASURE( 1.000000000000000082E-05 ), #2105, 'distance_accuracy_value', 'NONE');
#3315 = DIRECTION ( 'NONE',  ( -1.000000000000000000, 0.000000000000000000, 0.000000000000000000 ) ) ;
#3316 = DIRECTION ( 'NONE',  ( 0.000000000000000000, 1.618212197739558143E-16, -1.000000000000000000 ) ) ;
#3317 = DIRECTION ( 'NONE',  ( 0.000000000000000000, 1.000000000000000000, -0.000000000000000000 ) ) ;
#3318 = SURFACE_STYLE_FILL_AREA ( #4743 ) ;
#3319 = UNCERTAINTY_MEASURE_WITH_UNIT (LENGTH_MEASURE( 1.000000000000000082E-05 ), #4574, 'distance_accuracy_value', 'NONE');
#3320 = SURFACE_STYLE_USAGE ( .BOTH. , #3818 ) ;
#3321 = AXIS2_PLACEMENT_3D ( 'NONE', #3975, #173, #3538 ) ;
#3322 = ORIENTED_EDGE ( 'NONE', *, *, #431, .T. ) ;
#3323 = EDGE_CURVE ( 'NONE', #5637, #3592, #2609, .T. ) ;
#3324 = VECTOR ( 'NONE', #6058, 1000.000000000000000 ) ;
#3325 =( LENGTH_UNIT ( ) NAMED_UNIT ( * ) SI_UNIT ( .MILLI., .METRE. ) );
#3326 =( LENGTH_UNIT ( ) NAMED_UNIT ( * ) SI_UNIT ( .MILLI., .METRE. ) );
#3327 = PLANE ( 'NONE',  #5742 ) ;
#3328 = VERTEX_POINT ( 'NONE', #5415 ) ;
#3329 = STYLED_ITEM ( 'NONE', ( #4301 ), #4920 ) ;
#3330 = EDGE_CURVE ( 'NONE', #2128, #4731, #4405, .T. ) ;
#3331 = ADVANCED_FACE ( 'NONE', ( #5749 ), #5778, .F. ) ;
#3332 = SURFACE_STYLE_USAGE ( .BOTH. , #1031 ) ;
#3333 = DIRECTION ( 'NONE',  ( -1.000000000000000000, -2.478176394252581634E-16, 0.000000000000000000 ) ) ;
#3334 = ORIENTED_EDGE ( 'NONE', *, *, #4957, .T. ) ;
#3335 = SURFACE_STYLE_USAGE ( .BOTH. , #3427 ) ;
#3336 = DIRECTION ( 'NONE',  ( 0.000000000000000000, 0.000000000000000000, 1.000000000000000000 ) ) ;
#3337 = PLANE ( 'NONE',  #3096 ) ;
#3338 = ORIENTED_EDGE ( 'NONE', *, *, #117, .T. ) ;
#3339 = MECHANICAL_DESIGN_GEOMETRIC_PRESENTATION_REPRESENTATION (  '', ( #5926 ), #2334 ) ;
#3340 = SURFACE_SIDE_STYLE ('',( #1485 ) ) ;
#3341 = VECTOR ( 'NONE', #950, 1000.000000000000000 ) ;
#3342 = VECTOR ( 'NONE', #3506, 1000.000000000000000 ) ;
#3343 = AXIS2_PLACEMENT_3D ( 'NONE', #235, #5049, #2670 ) ;
#3344 = VECTOR ( 'NONE', #3787, 1000.000000000000000 ) ;
#3345 = PLANE ( 'NONE',  #5582 ) ;
#3346 = VERTEX_POINT ( 'NONE', #3454 ) ;
#3347 = CARTESIAN_POINT ( 'NONE',  ( -0.9037624701214840295, 1.653762470121483474, 0.6000000000000000888 ) ) ;
#3348 = FILL_AREA_STYLE_COLOUR ( '', #1278 ) ;
#3349 = FACE_OUTER_BOUND ( 'NONE', #4354, .T. ) ;
#3350 =( GEOMETRIC_REPRESENTATION_CONTEXT ( 3 ) GLOBAL_UNCERTAINTY_ASSIGNED_CONTEXT ( ( #1872 ) ) GLOBAL_UNIT_ASSIGNED_CONTEXT ( ( #3790, #4463, #3508 ) ) REPRESENTATION_CONTEXT ( 'NONE', 'WORKASPACE' ) );
#3351 = AXIS2_PLACEMENT_3D ( 'NONE', #6141, #2934, #4861 ) ;
#3352 = DIRECTION ( 'NONE',  ( 0.000000000000000000, 1.000000000000000000, 0.000000000000000000 ) ) ;
#3353 = DIRECTION ( 'NONE',  ( -0.000000000000000000, -0.000000000000000000, -1.000000000000000000 ) ) ;
#3354 = STYLED_ITEM ( 'NONE', ( #2471 ), #2249 ) ;
#3355 = AXIS2_PLACEMENT_3D ( 'NONE', #4624, #5983, #5057 ) ;
#3356 = ORIENTED_EDGE ( 'NONE', *, *, #2151, .F. ) ;
#3357 = FILL_AREA_STYLE_COLOUR ( '', #6035 ) ;
#3358 = DIRECTION ( 'NONE',  ( 6.505213034913024237E-15, 0.000000000000000000, 1.000000000000000000 ) ) ;
#3359 = CARTESIAN_POINT ( 'NONE',  ( 1.902233606196061189, -0.3931352454715015821, -0.6700000000000007061 ) ) ;
#3360 = EDGE_CURVE ( 'NONE', #4410, #2814, #5263, .T. ) ;
#3361 = ORIENTED_EDGE ( 'NONE', *, *, #5059, .T. ) ;
#3362 = SURFACE_STYLE_USAGE ( .BOTH. , #3828 ) ;
#3363 = VERTEX_POINT ( 'NONE', #3483 ) ;
#3364 = CARTESIAN_POINT ( 'NONE',  ( 0.000000000000000000, 0.000000000000000000, 0.1500000000000000222 ) ) ;
#3365 = EDGE_CURVE ( 'NONE', #2005, #1868, #5360, .T. ) ;
#3366 = ORIENTED_EDGE ( 'NONE', *, *, #3113, .T. ) ;
#3367 = VERTEX_POINT ( 'NONE', #4012 ) ;
#3368 = CARTESIAN_POINT ( 'NONE',  ( 0.8960918573386843500, -0.6860159872360372946, 0.05000000000000000278 ) ) ;
#3369 = DIRECTION ( 'NONE',  ( -0.000000000000000000, -1.000000000000000000, -0.000000000000000000 ) ) ;
#3370 =( GEOMETRIC_REPRESENTATION_CONTEXT ( 3 ) GLOBAL_UNCERTAINTY_ASSIGNED_CONTEXT ( ( #4373 ) ) GLOBAL_UNIT_ASSIGNED_CONTEXT ( ( #1057, #180, #37 ) ) REPRESENTATION_CONTEXT ( 'NONE', 'WORKASPACE' ) );
#3371 = EDGE_CURVE ( 'NONE', #3541, #4275, #2598, .T. ) ;
#3372 = UNCERTAINTY_MEASURE_WITH_UNIT (LENGTH_MEASURE( 1.000000000000000082E-05 ), #563, 'distance_accuracy_value', 'NONE');
#3373 = ORIENTED_EDGE ( 'NONE', *, *, #3850, .T. ) ;
#3374 = FACE_OUTER_BOUND ( 'NONE', #5174, .T. ) ;
#3375 = SURFACE_STYLE_USAGE ( .BOTH. , #1525 ) ;
#3376 = SURFACE_STYLE_USAGE ( .BOTH. , #3844 ) ;
#3377 = PRESENTATION_LAYER_ASSIGNMENT (  '', '', ( #3579 ) ) ;
#3378 = CARTESIAN_POINT ( 'NONE',  ( -0.1016364463799759588, 0.1994353412954477101, 0.05000000000000000278 ) ) ;
#3379 = EDGE_LOOP ( 'NONE', ( #3129, #2709, #2635, #3243 ) ) ;
#3380 = DIRECTION ( 'NONE',  ( 0.000000000000000000, 0.000000000000000000, 1.000000000000000000 ) ) ;
#3381 = DIRECTION ( 'NONE',  ( 1.000000000000000000, 0.000000000000000000, -3.491481338843133355E-15 ) ) ;
#3382 = MECHANICAL_DESIGN_GEOMETRIC_PRESENTATION_REPRESENTATION (  '', ( #4563 ), #2687 ) ;
#3383 = STYLED_ITEM ( 'NONE', ( #814 ), #4085 ) ;
#3384 = STYLED_ITEM ( 'NONE', ( #5762 ), #2601 ) ;
#3385 = ORIENTED_EDGE ( 'NONE', *, *, #1119, .F. ) ;
#3386 = COLOUR_RGB ( '',0.000000000000000000, 1.000000000000000000, 0.000000000000000000 ) ;
#3387 = VECTOR ( 'NONE', #3213, 1000.000000000000000 ) ;
#3388 = CARTESIAN_POINT ( 'NONE',  ( 0.4823405661655014720, -0.2871897488101240459, 0.1500000000000000222 ) ) ;
#3389 = CARTESIAN_POINT ( 'NONE',  ( -1.750000000000000444, 1.749999999999999778, 0.000000000000000000 ) ) ;
#3390 = CARTESIAN_POINT ( 'NONE',  ( 1.602233606196062699, 0.5068647545284983291, -0.2999999999999991562 ) ) ;
#3391 = DIRECTION ( 'NONE',  ( 0.000000000000000000, 4.814824860968087881E-31, -1.000000000000000000 ) ) ;
#3392 = PRESENTATION_STYLE_ASSIGNMENT (( #4346 ) ) ;
#3393 = APPLICATION_PROTOCOL_DEFINITION ( 'draft international standard', 'automotive_design', 1998, #3396 ) ;
#3394 = VECTOR ( 'NONE', #686, 1000.000000000000000 ) ;
#3395 = VERTEX_POINT ( 'NONE', #178 ) ;
#3396 = APPLICATION_CONTEXT ( 'automotive_design' ) ;
#3397 = DIRECTION ( 'NONE',  ( 0.000000000000000000, 0.000000000000000000, 1.000000000000000000 ) ) ;
#3398 = ORIENTED_EDGE ( 'NONE', *, *, #957, .T. ) ;
#3399 = ORIENTED_EDGE ( 'NONE', *, *, #1575, .T. ) ;
#3400 = VECTOR ( 'NONE', #1395, 1000.000000000000000 ) ;
#3401 = SURFACE_SIDE_STYLE ('',( #2360 ) ) ;
#3402 = PLANE ( 'NONE',  #6042 ) ;
#3403 = ORIENTED_EDGE ( 'NONE', *, *, #4341, .F. ) ;
#3404 = VERTEX_POINT ( 'NONE', #3979 ) ;
#3405 = SURFACE_SIDE_STYLE ('',( #468 ) ) ;
#3406 =( NAMED_UNIT ( * ) SI_UNIT ( $, .STERADIAN. ) SOLID_ANGLE_UNIT ( ) );
#3407 = EDGE_CURVE ( 'NONE', #2814, #5541, #1608, .T. ) ;
#3408 =( NAMED_UNIT ( * ) SI_UNIT ( $, .STERADIAN. ) SOLID_ANGLE_UNIT ( ) );
#3409 = FILL_AREA_STYLE ('',( #573 ) ) ;
#3410 = CARTESIAN_POINT ( 'NONE',  ( 1.321228911128271788, -0.8360159872360370947, 0.000000000000000000 ) ) ;
#3411 = ORIENTED_EDGE ( 'NONE', *, *, #1151, .T. ) ;
#3412 = EDGE_CURVE ( 'NONE', #3805, #4021, #3577, .T. ) ;
#3413 = FILL_AREA_STYLE ('',( #1020 ) ) ;
#3414 = VERTEX_POINT ( 'NONE', #3665 ) ;
#3415 = LINE ( 'NONE', #3130, #1110 ) ;
#3416 = LINE ( 'NONE', #1530, #2141 ) ;
#3417 = CARTESIAN_POINT ( 'NONE',  ( -0.6014578695130498032, -0.06436265024309432980, 0.1500000000000000222 ) ) ;
#3418 = VERTEX_POINT ( 'NONE', #238 ) ;
#3419 = STYLED_ITEM ( 'NONE', ( #2844 ), #6006 ) ;
#3420 = SURFACE_STYLE_USAGE ( .BOTH. , #1968 ) ;
#3421 = CARTESIAN_POINT ( 'NONE',  ( 0.000000000000000000, -0.3931352454715011935, -0.8000000000000000444 ) ) ;
#3422 =( NAMED_UNIT ( * ) PLANE_ANGLE_UNIT ( ) SI_UNIT ( $, .RADIAN. ) );
#3423 = FILL_AREA_STYLE ('',( #2415 ) ) ;
#3424 = FILL_AREA_STYLE_COLOUR ( '', #6027 ) ;
#3425 = CARTESIAN_POINT ( 'NONE',  ( 0.8960918573386843500, -0.8360159872360373168, 0.05000000000000000278 ) ) ;
#3426 = ORIENTED_EDGE ( 'NONE', *, *, #1455, .F. ) ;
#3427 = SURFACE_SIDE_STYLE ('',( #5212 ) ) ;
#3428 = PRESENTATION_LAYER_ASSIGNMENT (  '', '', ( #1042 ) ) ;
#3429 = VERTEX_POINT ( 'NONE', #6030 ) ;
#3430 = STYLED_ITEM ( 'NONE', ( #2994 ), #206 ) ;
#3431 = ORIENTED_EDGE ( 'NONE', *, *, #1446, .F. ) ;
#3432 = DIRECTION ( 'NONE',  ( -1.000000000000000000, -1.496071182482673119E-16, 0.000000000000000000 ) ) ;
#3433 = MECHANICAL_DESIGN_GEOMETRIC_PRESENTATION_REPRESENTATION (  '', ( #4028 ), #3232 ) ;
#3434 = CARTESIAN_POINT ( 'NONE',  ( 1.602233606196061366, -0.3931352454715018041, -0.5700000000000000622 ) ) ;
#3435 = DIRECTION ( 'NONE',  ( 0.000000000000000000, 0.000000000000000000, 1.000000000000000000 ) ) ;
#3436 = EDGE_LOOP ( 'NONE', ( #5156, #2746, #47, #3158 ) ) ;
#3437 = LINE ( 'NONE', #5674, #1660 ) ;
#3438 = PRESENTATION_STYLE_ASSIGNMENT (( #4904 ) ) ;
#3439 = AXIS2_PLACEMENT_3D ( 'NONE', #4447, #2452, #4351 ) ;
#3440 = ADVANCED_FACE ( 'NONE', ( #5977 ), #5565, .T. ) ;
#3441 = CARTESIAN_POINT ( 'NONE',  ( -0.8265465593547973722, 0.4077874617970527193, 0.05000000000000000278 ) ) ;
#3442 = VECTOR ( 'NONE', #2881, 1000.000000000000000 ) ;
#3443 = DIRECTION ( 'NONE',  ( 0.000000000000000000, 1.000000000000000000, 0.000000000000000000 ) ) ;
#3444 = DIRECTION ( 'NONE',  ( -0.000000000000000000, -0.000000000000000000, -1.000000000000000000 ) ) ;
#3445 = UNCERTAINTY_MEASURE_WITH_UNIT (LENGTH_MEASURE( 1.000000000000000082E-05 ), #1647, 'distance_accuracy_value', 'NONE');
#3446 =( GEOMETRIC_REPRESENTATION_CONTEXT ( 3 ) GLOBAL_UNCERTAINTY_ASSIGNED_CONTEXT ( ( #5222 ) ) GLOBAL_UNIT_ASSIGNED_CONTEXT ( ( #1871, #1464, #4208 ) ) REPRESENTATION_CONTEXT ( 'NONE', 'WORKASPACE' ) );
#3447 = STYLED_ITEM ( 'NONE', ( #625 ), #363 ) ;
#3448 = EDGE_CURVE ( 'NONE', #2149, #3831, #5954, .T. ) ;
#3449 = CARTESIAN_POINT ( 'NONE',  ( 0.2103187164337326776, 1.509106996110444410, 0.05000000000000000278 ) ) ;
#3450 = ORIENTED_EDGE ( 'NONE', *, *, #5169, .F. ) ;
#3451 = STYLED_ITEM ( 'NONE', ( #4498 ), #1864 ) ;
#3452 =( GEOMETRIC_REPRESENTATION_CONTEXT ( 3 ) GLOBAL_UNCERTAINTY_ASSIGNED_CONTEXT ( ( #1500 ) ) GLOBAL_UNIT_ASSIGNED_CONTEXT ( ( #3037, #5452, #2109 ) ) REPRESENTATION_CONTEXT ( 'NONE', 'WORKASPACE' ) );
#3453 =( NAMED_UNIT ( * ) SI_UNIT ( $, .STERADIAN. ) SOLID_ANGLE_UNIT ( ) );
#3454 = CARTESIAN_POINT ( 'NONE',  ( -0.8265465593547973722, -0.7065939275861464752, 0.05000000000000000278 ) ) ;
#3455 = DIRECTION ( 'NONE',  ( 0.000000000000000000, -1.000000000000000000, -0.000000000000000000 ) ) ;
#3456 = EDGE_CURVE ( 'NONE', #4903, #2581, #4502, .T. ) ;
#3457 = CARTESIAN_POINT ( 'NONE',  ( -0.6014578695130498032, -0.06436265024309432980, 0.1500000000000000222 ) ) ;
#3458 = VECTOR ( 'NONE', #5342, 1000.000000000000000 ) ;
#3459 = PRESENTATION_LAYER_ASSIGNMENT (  '', '', ( #1071 ) ) ;
#3460 = CARTESIAN_POINT ( 'NONE',  ( 0.000000000000000000, 0.000000000000000000, 0.000000000000000000 ) ) ;
#3461 = ORIENTED_EDGE ( 'NONE', *, *, #3141, .T. ) ;
#3462 =( NAMED_UNIT ( * ) PLANE_ANGLE_UNIT ( ) SI_UNIT ( $, .RADIAN. ) );
#3463 = DIRECTION ( 'NONE',  ( -0.9961946980917455452, -6.171865462226351125E-17, 0.08715574274765820750 ) ) ;
#3464 = DIRECTION ( 'NONE',  ( 0.08682659386424761150, 0.08682659386424765313, -0.9924325091389669673 ) ) ;
#3465 = CARTESIAN_POINT ( 'NONE',  ( -0.5265465593547974388, -0.3471160600431791310, 0.05000000000000000278 ) ) ;
#3466 = ORIENTED_EDGE ( 'NONE', *, *, #1986, .T. ) ;
#3467 = VERTEX_POINT ( 'NONE', #2199 ) ;
#3468 = DIRECTION ( 'NONE',  ( -1.000000000000000000, -1.548860246407862843E-16, 0.000000000000000000 ) ) ;
#3469 =( LENGTH_UNIT ( ) NAMED_UNIT ( * ) SI_UNIT ( .MILLI., .METRE. ) );
#3470 = CLOSED_SHELL ( 'NONE', ( #2263, #5512, #5576, #4506, #5070, #3081, #2249 ) ) ;
#3471 = DIRECTION ( 'NONE',  ( -0.000000000000000000, -0.000000000000000000, -1.000000000000000000 ) ) ;
#3472 = VERTEX_POINT ( 'NONE', #3231 ) ;
#3473 = VERTEX_POINT ( 'NONE', #2707 ) ;
#3474 = CARTESIAN_POINT ( 'NONE',  ( 1.321228911128271788, -0.8360159872360370947, 0.05000000000000000278 ) ) ;
#3475 = AXIS2_PLACEMENT_3D ( 'NONE', #3636, #3551, #276 ) ;
#3476 = CARTESIAN_POINT ( 'NONE',  ( 0.2971365777156378396, -0.4871897488101240015, 0.1500000000000000222 ) ) ;
#3477 =( NAMED_UNIT ( * ) PLANE_ANGLE_UNIT ( ) SI_UNIT ( $, .RADIAN. ) );
#3478 = STYLED_ITEM ( 'NONE', ( #1426 ), #1438 ) ;
#3479 =( NAMED_UNIT ( * ) SI_UNIT ( $, .STERADIAN. ) SOLID_ANGLE_UNIT ( ) );
#3480 = ORIENTED_EDGE ( 'NONE', *, *, #3076, .F. ) ;
#3481 = EDGE_CURVE ( 'NONE', #3017, #3767, #2732, .T. ) ;
#3482 = PRESENTATION_STYLE_ASSIGNMENT (( #3576 ) ) ;
#3483 = CARTESIAN_POINT ( 'NONE',  ( -0.5265465593547974388, -0.3471160600431791310, 0.05000000000000000278 ) ) ;
#3484 = PRESENTATION_LAYER_ASSIGNMENT (  '', '', ( #4564 ) ) ;
#3485 = CARTESIAN_POINT ( 'NONE',  ( -1.505672411292870772, -0.7065939275861465863, 0.000000000000000000 ) ) ;
#3486 = SURFACE_STYLE_USAGE ( .BOTH. , #3626 ) ;
#3487 = CARTESIAN_POINT ( 'NONE',  ( 0.3603187164337327553, 0.09982784171036376830, 0.000000000000000000 ) ) ;
#3488 =( LENGTH_UNIT ( ) NAMED_UNIT ( * ) SI_UNIT ( .MILLI., .METRE. ) );
#3489 = EDGE_LOOP ( 'NONE', ( #4761, #980, #1305, #501 ) ) ;
#3490 = CIRCLE ( 'NONE', #5253, 1.109580075665322685 ) ;
#3491 = FILL_AREA_STYLE_COLOUR ( '', #853 ) ;
#3492 = EDGE_CURVE ( 'NONE', #283, #5448, #2640, .T. ) ;
#3493 =( GEOMETRIC_REPRESENTATION_CONTEXT ( 3 ) GLOBAL_UNCERTAINTY_ASSIGNED_CONTEXT ( ( #4994 ) ) GLOBAL_UNIT_ASSIGNED_CONTEXT ( ( #3228, #1308, #2939 ) ) REPRESENTATION_CONTEXT ( 'NONE', 'WORKASPACE' ) );
#3494 = ORIENTED_EDGE ( 'NONE', *, *, #3068, .F. ) ;
#3495 = PRESENTATION_STYLE_ASSIGNMENT (( #1613 ) ) ;
#3496 = CARTESIAN_POINT ( 'NONE',  ( 0.4971365777156377397, 0.7212690557775703892, 0.1500000000000000222 ) ) ;
#3497 = FACE_OUTER_BOUND ( 'NONE', #1588, .T. ) ;
#3498 = VECTOR ( 'NONE', #179, 1000.000000000000000 ) ;
#3499 = COLOUR_RGB ( '',0.8313725490196077761, 0.8392156862745098200, 0.8313725490196077761 ) ;
#3500 = AXIS2_PLACEMENT_3D ( 'NONE', #3040, #3521, #2140 ) ;
#3501 = ORIENTED_EDGE ( 'NONE', *, *, #699, .T. ) ;
#3502 = DIRECTION ( 'NONE',  ( -1.000000000000000000, 0.000000000000000000, 0.000000000000000000 ) ) ;
#3503 = ORIENTED_EDGE ( 'NONE', *, *, #820, .T. ) ;
#3504 = MECHANICAL_DESIGN_GEOMETRIC_PRESENTATION_REPRESENTATION (  '', ( #1397 ), #1112 ) ;
#3505 = UNCERTAINTY_MEASURE_WITH_UNIT (LENGTH_MEASURE( 1.000000000000000082E-05 ), #1307, 'distance_accuracy_value', 'NONE');
#3506 = DIRECTION ( 'NONE',  ( -1.000000000000000000, 1.776485428646300275E-16, 0.000000000000000000 ) ) ;
#3507 = UNCERTAINTY_MEASURE_WITH_UNIT (LENGTH_MEASURE( 1.000000000000000082E-05 ), #3469, 'distance_accuracy_value', 'NONE');
#3508 =( NAMED_UNIT ( * ) SI_UNIT ( $, .STERADIAN. ) SOLID_ANGLE_UNIT ( ) );
#3509 = LINE ( 'NONE', #4009, #1444 ) ;
#3510 =( NAMED_UNIT ( * ) SI_UNIT ( $, .STERADIAN. ) SOLID_ANGLE_UNIT ( ) );
#3511 = ORIENTED_EDGE ( 'NONE', *, *, #2222, .T. ) ;
#3512 = SURFACE_SIDE_STYLE ('',( #202 ) ) ;
#3513 =( LENGTH_UNIT ( ) NAMED_UNIT ( * ) SI_UNIT ( .MILLI., .METRE. ) );
#3514 =( NAMED_UNIT ( * ) PLANE_ANGLE_UNIT ( ) SI_UNIT ( $, .RADIAN. ) );
#3515 = CARTESIAN_POINT ( 'NONE',  ( 0.3603187164337326442, 0.4364781805825147520, 0.000000000000000000 ) ) ;
#3516 = ORIENTED_EDGE ( 'NONE', *, *, #3667, .T. ) ;
#3517 = EDGE_CURVE ( 'NONE', #4796, #1905, #1258, .T. ) ;
#3518 = ORIENTED_EDGE ( 'NONE', *, *, #2608, .F. ) ;
#3519 = PLANE ( 'NONE',  #1563 ) ;
#3520 = SURFACE_SIDE_STYLE ('',( #722 ) ) ;
#3521 = DIRECTION ( 'NONE',  ( 1.000000000000000000, 0.000000000000000000, -0.000000000000000000 ) ) ;
#3522 = ADVANCED_FACE ( 'NONE', ( #2164 ), #5531, .T. ) ;
#3523 = EDGE_CURVE ( 'NONE', #1735, #4796, #5976, .T. ) ;
#3524 = CARTESIAN_POINT ( 'NONE',  ( -1.750000000000000444, 1.749999999999999778, 0.000000000000000000 ) ) ;
#3525 = DIRECTION ( 'NONE',  ( -1.000000000000000000, 0.000000000000000000, 0.000000000000000000 ) ) ;
#3526 = COLOUR_RGB ( '',1.000000000000000000, 1.000000000000000000, 1.000000000000000000 ) ;
#3527 = ORIENTED_EDGE ( 'NONE', *, *, #2027, .T. ) ;
#3528 = ORIENTED_EDGE ( 'NONE', *, *, #3194, .F. ) ;
#3529 = DIRECTION ( 'NONE',  ( 1.000000000000000000, 0.000000000000000000, 0.000000000000000000 ) ) ;
#3530 = PRESENTATION_LAYER_ASSIGNMENT (  '', '', ( #3430 ) ) ;
#3531 = EDGE_CURVE ( 'NONE', #1918, #4773, #1598, .T. ) ;
#3532 =( GEOMETRIC_REPRESENTATION_CONTEXT ( 3 ) GLOBAL_UNCERTAINTY_ASSIGNED_CONTEXT ( ( #5462 ) ) GLOBAL_UNIT_ASSIGNED_CONTEXT ( ( #5338, #1102, #1128 ) ) REPRESENTATION_CONTEXT ( 'NONE', 'WORKASPACE' ) );
#3533 = LINE ( 'NONE', #4905, #19 ) ;
#3534 = CARTESIAN_POINT ( 'NONE',  ( 0.5500000000000000444, 6.735557395310442516E-17, -0.6700000000000000400 ) ) ;
#3535 = DIRECTION ( 'NONE',  ( -0.000000000000000000, -0.000000000000000000, -1.000000000000000000 ) ) ;
#3536 = AXIS2_PLACEMENT_3D ( 'NONE', #2773, #4663, #2714 ) ;
#3537 = LINE ( 'NONE', #1111, #5515 ) ;
#3538 = DIRECTION ( 'NONE',  ( 0.000000000000000000, 0.000000000000000000, 1.000000000000000000 ) ) ;
#3539 =( GEOMETRIC_REPRESENTATION_CONTEXT ( 3 ) GLOBAL_UNCERTAINTY_ASSIGNED_CONTEXT ( ( #1492 ) ) GLOBAL_UNIT_ASSIGNED_CONTEXT ( ( #1370, #389, #3169 ) ) REPRESENTATION_CONTEXT ( 'NONE', 'WORKASPACE' ) );
#3540 = PLANE ( 'NONE',  #1160 ) ;
#3541 = VERTEX_POINT ( 'NONE', #1225 ) ;
#3542 = PRESENTATION_LAYER_ASSIGNMENT (  '', '', ( #3242 ) ) ;
#3543 = CARTESIAN_POINT ( 'NONE',  ( 0.000000000000000000, 0.000000000000000000, -0.6700000000000000400 ) ) ;
#3544 = DIRECTION ( 'NONE',  ( -0.000000000000000000, -1.000000000000000000, -0.000000000000000000 ) ) ;
#3545 = LINE ( 'NONE', #1180, #808 ) ;
#3546 = AXIS2_PLACEMENT_3D ( 'NONE', #4991, #2599, #4492 ) ;
#3547 = DIRECTION ( 'NONE',  ( -0.000000000000000000, -0.000000000000000000, -1.000000000000000000 ) ) ;
#3548 = ORIENTED_EDGE ( 'NONE', *, *, #3012, .T. ) ;
#3549 = CIRCLE ( 'NONE', #5603, 0.1499999999999999667 ) ;
#3550 = COLOUR_RGB ( '',0.8313725490196077761, 0.8392156862745098200, 0.8313725490196077761 ) ;
#3551 = DIRECTION ( 'NONE',  ( -0.000000000000000000, -1.000000000000000000, -0.000000000000000000 ) ) ;
#3552 = PRESENTATION_STYLE_ASSIGNMENT (( #2550 ) ) ;
#3553 = EDGE_CURVE ( 'NONE', #4105, #2167, #1724, .T. ) ;
#3554 =( LENGTH_UNIT ( ) NAMED_UNIT ( * ) SI_UNIT ( .MILLI., .METRE. ) );
#3555 =( NAMED_UNIT ( * ) PLANE_ANGLE_UNIT ( ) SI_UNIT ( $, .RADIAN. ) );
#3556 = COLOUR_RGB ( '',0.8313725490196077761, 0.8392156862745098200, 0.8313725490196077761 ) ;
#3557 = CARTESIAN_POINT ( 'NONE',  ( 1.002233606196060611, 0.5068647545284988842, -0.8699999999999999956 ) ) ;
#3558 = LINE ( 'NONE', #3014, #4820 ) ;
#3559 = VECTOR ( 'NONE', #3122, 1000.000000000000000 ) ;
#3560 = SURFACE_SIDE_STYLE ('',( #1648 ) ) ;
#3561 = ORIENTED_EDGE ( 'NONE', *, *, #5434, .F. ) ;
#3562 = ADVANCED_FACE ( 'NONE', ( #836 ), #3208, .F. ) ;
#3563 = ORIENTED_EDGE ( 'NONE', *, *, #4992, .F. ) ;
#3564 = UNCERTAINTY_MEASURE_WITH_UNIT (LENGTH_MEASURE( 1.000000000000000082E-05 ), #1896, 'distance_accuracy_value', 'NONE');
#3565 = LINE ( 'NONE', #5429, #3655 ) ;
#3566 = CARTESIAN_POINT ( 'NONE',  ( -1.902233606196060967, 1.306864754528498374, -0.6700000000000007061 ) ) ;
#3567 =( NAMED_UNIT ( * ) PLANE_ANGLE_UNIT ( ) SI_UNIT ( $, .RADIAN. ) );
#3568 = ADVANCED_FACE ( 'NONE', ( #4122 ), #4525, .T. ) ;
#3569 = SURFACE_SIDE_STYLE ('',( #5940 ) ) ;
#3570 = UNCERTAINTY_MEASURE_WITH_UNIT (LENGTH_MEASURE( 1.000000000000000082E-05 ), #1602, 'distance_accuracy_value', 'NONE');
#3571 = LINE ( 'NONE', #1201, #50 ) ;
#3572 = PRESENTATION_STYLE_ASSIGNMENT (( #682 ) ) ;
#3573 = ORIENTED_EDGE ( 'NONE', *, *, #4735, .T. ) ;
#3574 = VECTOR ( 'NONE', #4044, 1000.000000000000000 ) ;
#3575 = SURFACE_STYLE_USAGE ( .BOTH. , #4996 ) ;
#3576 = SURFACE_STYLE_USAGE ( .BOTH. , #4887 ) ;
#3577 = LINE ( 'NONE', #272, #4578 ) ;
#3578 = CARTESIAN_POINT ( 'NONE',  ( -0.6765465593547973500, -0.5565939275861466751, 0.000000000000000000 ) ) ;
#3579 = STYLED_ITEM ( 'NONE', ( #3998 ), #1360 ) ;
#3580 = ORIENTED_EDGE ( 'NONE', *, *, #664, .F. ) ;
#3581 = SURFACE_STYLE_FILL_AREA ( #5923 ) ;
#3582 = PRESENTATION_LAYER_ASSIGNMENT (  '', '', ( #395 ) ) ;
#3583 = LINE ( 'NONE', #5823, #1440 ) ;
#3584 =( NAMED_UNIT ( * ) SI_UNIT ( $, .STERADIAN. ) SOLID_ANGLE_UNIT ( ) );
#3585 = CARTESIAN_POINT ( 'NONE',  ( -1.602233606196061144, 0.5068647545284987732, -0.6700000000000001510 ) ) ;
#3586 = DIRECTION ( 'NONE',  ( -0.000000000000000000, -0.000000000000000000, -1.000000000000000000 ) ) ;
#3587 = PRESENTATION_LAYER_ASSIGNMENT (  '', '', ( #3882 ) ) ;
#3588 = STYLED_ITEM ( 'NONE', ( #4922 ), #4061 ) ;
#3589 = ORIENTED_EDGE ( 'NONE', *, *, #2403, .T. ) ;
#3590 = COLOUR_RGB ( '',1.000000000000000000, 1.000000000000000000, 1.000000000000000000 ) ;
#3591 = FILL_AREA_STYLE_COLOUR ( '', #5734 ) ;
#3592 = VERTEX_POINT ( 'NONE', #2258 ) ;
#3593 =( GEOMETRIC_REPRESENTATION_CONTEXT ( 3 ) GLOBAL_UNCERTAINTY_ASSIGNED_CONTEXT ( ( #2756 ) ) GLOBAL_UNIT_ASSIGNED_CONTEXT ( ( #1384, #2610, #210 ) ) REPRESENTATION_CONTEXT ( 'NONE', 'WORKASPACE' ) );
#3594 =( GEOMETRIC_REPRESENTATION_CONTEXT ( 3 ) GLOBAL_UNCERTAINTY_ASSIGNED_CONTEXT ( ( #3135 ) ) GLOBAL_UNIT_ASSIGNED_CONTEXT ( ( #5920, #2226, #1757 ) ) REPRESENTATION_CONTEXT ( 'NONE', 'WORKASPACE' ) );
#3595 = PRESENTATION_STYLE_ASSIGNMENT (( #5039 ) ) ;
#3596 = ADVANCED_FACE ( 'NONE', ( #1700 ), #2919, .F. ) ;
#3597 = AXIS2_PLACEMENT_3D ( 'NONE', #562, #116, #79 ) ;
#3598 = CARTESIAN_POINT ( 'NONE',  ( 0.2103187164337326776, 1.509106996110444410, 0.05000000000000000278 ) ) ;
#3599 = CARTESIAN_POINT ( 'NONE',  ( -1.750000000000000444, 1.749999999999999778, 0.000000000000000000 ) ) ;
#3600 = VECTOR ( 'NONE', #6077, 1000.000000000000000 ) ;
#3601 = FILL_AREA_STYLE ('',( #1689 ) ) ;
#3602 = FILL_AREA_STYLE ('',( #1910 ) ) ;
#3603 = EDGE_CURVE ( 'NONE', #1868, #852, #516, .T. ) ;
#3604 = CARTESIAN_POINT ( 'NONE',  ( 0.000000000000000000, 0.000000000000000000, 0.1500000000000000222 ) ) ;
#3605 = FILL_AREA_STYLE_COLOUR ( '', #163 ) ;
#3606 = SURFACE_SIDE_STYLE ('',( #5811 ) ) ;
#3607 = SURFACE_STYLE_FILL_AREA ( #357 ) ;
#3608 = FILL_AREA_STYLE ('',( #2673 ) ) ;
#3609 =( NAMED_UNIT ( * ) PLANE_ANGLE_UNIT ( ) SI_UNIT ( $, .RADIAN. ) );
#3610 = ORIENTED_EDGE ( 'NONE', *, *, #3360, .F. ) ;
#3611 = ORIENTED_EDGE ( 'NONE', *, *, #2410, .F. ) ;
#3612 = SURFACE_STYLE_FILL_AREA ( #4625 ) ;
#3613 = SURFACE_STYLE_FILL_AREA ( #1292 ) ;
#3614 = LINE ( 'NONE', #4048, #4080 ) ;
#3615 = DIRECTION ( 'NONE',  ( 1.000000000000000000, 0.000000000000000000, -3.614007241618346010E-15 ) ) ;
#3616 = ORIENTED_EDGE ( 'NONE', *, *, #1875, .F. ) ;
#3617 =( NAMED_UNIT ( * ) SI_UNIT ( $, .STERADIAN. ) SOLID_ANGLE_UNIT ( ) );
#3618 = ORIENTED_EDGE ( 'NONE', *, *, #2409, .T. ) ;
#3619 = FILL_AREA_STYLE ('',( #1301 ) ) ;
#3620 = FILL_AREA_STYLE_COLOUR ( '', #2098 ) ;
#3621 = VECTOR ( 'NONE', #2943, 1000.000000000000000 ) ;
#3622 = STYLED_ITEM ( 'NONE', ( #5814 ), #4651 ) ;
#3623 = EDGE_CURVE ( 'NONE', #2167, #437, #309, .T. ) ;
#3624 = CARTESIAN_POINT ( 'NONE',  ( -0.8265465593547973722, 0.2577874617970526416, 0.05000000000000000278 ) ) ;
#3625 = UNCERTAINTY_MEASURE_WITH_UNIT (LENGTH_MEASURE( 1.000000000000000082E-05 ), #3161, 'distance_accuracy_value', 'NONE');
#3626 = SURFACE_SIDE_STYLE ('',( #265 ) ) ;
#3627 = CARTESIAN_POINT ( 'NONE',  ( 1.748018770656109222, -1.193135245471501404, -0.03780410792051351609 ) ) ;
#3628 = STYLED_ITEM ( 'NONE', ( #2717 ), #318 ) ;
#3629 = DIRECTION ( 'NONE',  ( 1.000000000000000000, 1.951916865401746837E-16, -0.000000000000000000 ) ) ;
#3630 = AXIS2_PLACEMENT_3D ( 'NONE', #1834, #1218, #5249 ) ;
#3631 = DIRECTION ( 'NONE',  ( 0.05233595624294388321, -0.000000000000000000, 0.9986295347545739443 ) ) ;
#3632 = EDGE_CURVE ( 'NONE', #1035, #5637, #2314, .T. ) ;
#3633 = SURFACE_STYLE_USAGE ( .BOTH. , #296 ) ;
#3634 = PRESENTATION_LAYER_ASSIGNMENT (  '', '', ( #5926 ) ) ;
#3635 = ORIENTED_EDGE ( 'NONE', *, *, #2652, .F. ) ;
#3636 = CARTESIAN_POINT ( 'NONE',  ( -1.602233606196061144, 1.306864754528498374, -0.5700000000000000622 ) ) ;
#3637 = VECTOR ( 'NONE', #3353, 1000.000000000000000 ) ;
#3638 = PRESENTATION_LAYER_ASSIGNMENT (  '', '', ( #257 ) ) ;
#3639 = CARTESIAN_POINT ( 'NONE',  ( -0.5265465593547974388, -0.1655797369339806480, 0.05000000000000000278 ) ) ;
#3640 =( NAMED_UNIT ( * ) PLANE_ANGLE_UNIT ( ) SI_UNIT ( $, .RADIAN. ) );
#3641 = ADVANCED_FACE ( 'NONE', ( #60 ), #2854, .F. ) ;
#3642 = PRESENTATION_STYLE_ASSIGNMENT (( #5984 ) ) ;
#3643 = FILL_AREA_STYLE_COLOUR ( '', #6152 ) ;
#3644 = AXIS2_PLACEMENT_3D ( 'NONE', #1407, #4682, #2375 ) ;
#3645 = COLOUR_RGB ( '',0.8313725490196077761, 0.8392156862745098200, 0.8313725490196077761 ) ;
#3646 = PRESENTATION_LAYER_ASSIGNMENT (  '', '', ( #2440 ) ) ;
#3647 = VERTEX_POINT ( 'NONE', #2435 ) ;
#3648 = PRESENTATION_STYLE_ASSIGNMENT (( #4540 ) ) ;
#3649 = DIRECTION ( 'NONE',  ( -3.560066835027028802E-15, 0.000000000000000000, -1.000000000000000000 ) ) ;
#3650 = ORIENTED_EDGE ( 'NONE', *, *, #2908, .F. ) ;
#3651 = AXIS2_PLACEMENT_3D ( 'NONE', #2638, #4404, #2037 ) ;
#3652 =( NAMED_UNIT ( * ) PLANE_ANGLE_UNIT ( ) SI_UNIT ( $, .RADIAN. ) );
#3653 = SURFACE_STYLE_USAGE ( .BOTH. , #2330 ) ;
#3654 = ORIENTED_EDGE ( 'NONE', *, *, #4094, .T. ) ;
#3655 = VECTOR ( 'NONE', #4366, 1000.000000000000000 ) ;
#3656 = DIRECTION ( 'NONE',  ( 0.000000000000000000, -1.000000000000000000, -0.000000000000000000 ) ) ;
#3657 = DIRECTION ( 'NONE',  ( 0.000000000000000000, 0.000000000000000000, 1.000000000000000000 ) ) ;
#3658 = FILL_AREA_STYLE_COLOUR ( '', #491 ) ;
#3659 = LINE ( 'NONE', #6026, #436 ) ;
#3660 = FILL_AREA_STYLE_COLOUR ( '', #2342 ) ;
#3661 = EDGE_CURVE ( 'NONE', #5336, #1546, #4338, .T. ) ;
#3662 =( LENGTH_UNIT ( ) NAMED_UNIT ( * ) SI_UNIT ( .MILLI., .METRE. ) );
#3663 =( LENGTH_UNIT ( ) NAMED_UNIT ( * ) SI_UNIT ( .MILLI., .METRE. ) );
#3664 = SURFACE_STYLE_FILL_AREA ( #5050 ) ;
#3665 = CARTESIAN_POINT ( 'NONE',  ( -0.03316504619021998224, -1.549652246857879279, 0.05000000000000000278 ) ) ;
#3666 = ORIENTED_EDGE ( 'NONE', *, *, #3860, .T. ) ;
#3667 = EDGE_CURVE ( 'NONE', #101, #3915, #105, .T. ) ;
#3668 =( NAMED_UNIT ( * ) PLANE_ANGLE_UNIT ( ) SI_UNIT ( $, .RADIAN. ) );
#3669 = SURFACE_STYLE_FILL_AREA ( #812 ) ;
#3670 = VECTOR ( 'NONE', #5329, 1000.000000000000000 ) ;
#3671 = DIRECTION ( 'NONE',  ( 0.000000000000000000, -1.000000000000000000, -0.000000000000000000 ) ) ;
#3672 = FILL_AREA_STYLE_COLOUR ( '', #5545 ) ;
#3673 = ORIENTED_EDGE ( 'NONE', *, *, #4181, .T. ) ;
#3674 = MECHANICAL_DESIGN_GEOMETRIC_PRESENTATION_REPRESENTATION (  '', ( #1581 ), #2172 ) ;
#3675 = ADVANCED_FACE ( 'NONE', ( #2344 ), #3290, .F. ) ;
#3676 = DIRECTION ( 'NONE',  ( 1.858632295689436595E-16, -1.000000000000000000, 0.000000000000000000 ) ) ;
#3677 = DIRECTION ( 'NONE',  ( -1.000000000000000000, 0.000000000000000000, 0.000000000000000000 ) ) ;
#3678 = VECTOR ( 'NONE', #3333, 1000.000000000000000 ) ;
#3679 = VERTEX_POINT ( 'NONE', #2474 ) ;
#3680 = AXIS2_PLACEMENT_3D ( 'NONE', #3496, #724, #5865 ) ;
#3681 = AXIS2_PLACEMENT_3D ( 'NONE', #5495, #5998, #321 ) ;
#3682 = SURFACE_STYLE_FILL_AREA ( #1277 ) ;
#3683 = MECHANICAL_DESIGN_GEOMETRIC_PRESENTATION_REPRESENTATION (  '', ( #203 ), #4483 ) ;
#3684 = PRESENTATION_STYLE_ASSIGNMENT (( #3226 ) ) ;
#3685 = VECTOR ( 'NONE', #5570, 1000.000000000000000 ) ;
#3686 = UNCERTAINTY_MEASURE_WITH_UNIT (LENGTH_MEASURE( 1.000000000000000082E-05 ), #477, 'distance_accuracy_value', 'NONE');
#3687 = VECTOR ( 'NONE', #3391, 1000.000000000000000 ) ;
#3688 = VECTOR ( 'NONE', #2753, 1000.000000000000000 ) ;
#3689 = PRESENTATION_LAYER_ASSIGNMENT (  '', '', ( #4781 ) ) ;
#3690 = CARTESIAN_POINT ( 'NONE',  ( 0.2971365777156378396, -0.4871897488101240015, 0.1500000000000000222 ) ) ;
#3691 = PRESENTATION_STYLE_ASSIGNMENT (( #325 ) ) ;
#3692 = FACE_OUTER_BOUND ( 'NONE', #3996, .T. ) ;
#3693 = MECHANICAL_DESIGN_GEOMETRIC_PRESENTATION_REPRESENTATION (  '', ( #3793 ), #5265 ) ;
#3694 = ORIENTED_EDGE ( 'NONE', *, *, #3412, .T. ) ;
#3695 = CARTESIAN_POINT ( 'NONE',  ( -0.8265465593547973722, -0.5565939275861466751, 0.000000000000000000 ) ) ;
#3696 = DIRECTION ( 'NONE',  ( -6.195440985631452852E-17, 1.000000000000000000, -0.000000000000000000 ) ) ;
#3697 = FILL_AREA_STYLE_COLOUR ( '', #5853 ) ;
#3698 = SURFACE_SIDE_STYLE ('',( #1259 ) ) ;
#3699 = VERTEX_POINT ( 'NONE', #3880 ) ;
#3700 = CARTESIAN_POINT ( 'NONE',  ( -1.602233606196061144, 1.306864754528498374, -0.6700000000000001510 ) ) ;
#3701 = SURFACE_STYLE_FILL_AREA ( #5087 ) ;
#3702 = SURFACE_STYLE_USAGE ( .BOTH. , #5956 ) ;
#3703 = LINE ( 'NONE', #4161, #2892 ) ;
#3704 =( NAMED_UNIT ( * ) SI_UNIT ( $, .STERADIAN. ) SOLID_ANGLE_UNIT ( ) );
#3705 = CARTESIAN_POINT ( 'NONE',  ( -0.9037624701214840295, 1.653762470121483474, 1.100000000000000311 ) ) ;
#3706 = EDGE_CURVE ( 'NONE', #3276, #633, #3415, .T. ) ;
#3707 = VERTEX_POINT ( 'NONE', #3942 ) ;
#3708 = DIRECTION ( 'NONE',  ( 1.000000000000000000, 0.000000000000000000, 0.000000000000000000 ) ) ;
#3709 =( NAMED_UNIT ( * ) PLANE_ANGLE_UNIT ( ) SI_UNIT ( $, .RADIAN. ) );
#3710 = ORIENTED_EDGE ( 'NONE', *, *, #4818, .F. ) ;
#3711 = LINE ( 'NONE', #3865, #1998 ) ;
#3712 = LINE ( 'NONE', #2718, #1587 ) ;
#3713 = EDGE_CURVE ( 'NONE', #4731, #5819, #4090, .T. ) ;
#3714 = EDGE_LOOP ( 'NONE', ( #57, #4041, #1236, #4173 ) ) ;
#3715 = EDGE_CURVE ( 'NONE', #4782, #3805, #2686, .T. ) ;
#3716 = ORIENTED_EDGE ( 'NONE', *, *, #1226, .F. ) ;
#3717 = ADVANCED_FACE ( 'NONE', ( #1713 ), #1245, .T. ) ;
#3718 = COLOUR_RGB ( '',0.003921568627450980338, 0.000000000000000000, 0.3372549019607843368 ) ;
#3719 = CARTESIAN_POINT ( 'NONE',  ( 1.002233606196060611, 1.306864754528498818, -0.8699999999999999956 ) ) ;
#3720 =( NAMED_UNIT ( * ) SI_UNIT ( $, .STERADIAN. ) SOLID_ANGLE_UNIT ( ) );
#3721 = PRESENTATION_STYLE_ASSIGNMENT (( #2255 ) ) ;
#3722 = DIRECTION ( 'NONE',  ( -0.000000000000000000, -1.000000000000000000, -0.000000000000000000 ) ) ;
#3723 = CIRCLE ( 'NONE', #3928, 0.1499999999999999667 ) ;
#3724 = VERTEX_POINT ( 'NONE', #102 ) ;
#3725 = VECTOR ( 'NONE', #584, 1000.000000000000000 ) ;
#3726 = VECTOR ( 'NONE', #972, 1000.000000000000000 ) ;
#3727 = EDGE_LOOP ( 'NONE', ( #5784, #3710, #683, #4758 ) ) ;
#3728 = DIRECTION ( 'NONE',  ( 0.000000000000000000, 0.000000000000000000, 1.000000000000000000 ) ) ;
#3729 = AXIS2_PLACEMENT_3D ( 'NONE', #5630, #2300, #4754 ) ;
#3730 = SURFACE_STYLE_FILL_AREA ( #815 ) ;
#3731 = EDGE_LOOP ( 'NONE', ( #3191, #5367, #5917, #214 ) ) ;
#3732 = DIRECTION ( 'NONE',  ( 0.000000000000000000, 1.000000000000000000, 0.000000000000000000 ) ) ;
#3733 = AXIS2_PLACEMENT_3D ( 'NONE', #6122, #890, #3755 ) ;
#3734 = PRESENTATION_STYLE_ASSIGNMENT (( #433 ) ) ;
#3735 = EDGE_CURVE ( 'NONE', #5553, #5764, #2002, .T. ) ;
#3736 = ORIENTED_EDGE ( 'NONE', *, *, #3045, .T. ) ;
#3737 =( NAMED_UNIT ( * ) SI_UNIT ( $, .STERADIAN. ) SOLID_ANGLE_UNIT ( ) );
#3738 = SURFACE_STYLE_FILL_AREA ( #3240 ) ;
#3739 = FILL_AREA_STYLE_COLOUR ( '', #4669 ) ;
#3740 = VECTOR ( 'NONE', #3535, 1000.000000000000000 ) ;
#3741 = ORIENTED_EDGE ( 'NONE', *, *, #2567, .T. ) ;
#3742 = MECHANICAL_DESIGN_GEOMETRIC_PRESENTATION_REPRESENTATION (  '', ( #2440 ), #1645 ) ;
#3743 = ORIENTED_EDGE ( 'NONE', *, *, #4757, .F. ) ;
#3744 = FILL_AREA_STYLE ('',( #3223 ) ) ;
#3745 = AXIS2_PLACEMENT_3D ( 'NONE', #3115, #1696, #2634 ) ;
#3746 = PRESENTATION_LAYER_ASSIGNMENT (  '', '', ( #1659 ) ) ;
#3747 = EDGE_CURVE ( 'NONE', #6061, #3473, #5319, .T. ) ;
#3748 = CARTESIAN_POINT ( 'NONE',  ( -1.002233606196060833, -0.3931352454715011935, -0.8699999999999999956 ) ) ;
#3749 = UNCERTAINTY_MEASURE_WITH_UNIT (LENGTH_MEASURE( 1.000000000000000082E-05 ), #5478, 'distance_accuracy_value', 'NONE');
#3750 =( LENGTH_UNIT ( ) NAMED_UNIT ( * ) SI_UNIT ( .MILLI., .METRE. ) );
#3751 = VECTOR ( 'NONE', #5477, 1000.000000000000000 ) ;
#3752 = LINE ( 'NONE', #918, #4813 ) ;
#3753 = FILL_AREA_STYLE ('',( #3660 ) ) ;
#3754 = EDGE_CURVE ( 'NONE', #3647, #3884, #4879, .T. ) ;
#3755 = DIRECTION ( 'NONE',  ( -0.000000000000000000, 0.000000000000000000, -1.000000000000000000 ) ) ;
#3756 = AXIS2_PLACEMENT_3D ( 'NONE', #776, #5858, #1610 ) ;
#3757 = ORIENTED_EDGE ( 'NONE', *, *, #3754, .F. ) ;
#3758 = CARTESIAN_POINT ( 'NONE',  ( -1.902233606196062965, 1.306864754528498374, -0.3000000000000001554 ) ) ;
#3759 = LINE ( 'NONE', #5619, #359 ) ;
#3760 = UNCERTAINTY_MEASURE_WITH_UNIT (LENGTH_MEASURE( 1.000000000000000082E-05 ), #650, 'distance_accuracy_value', 'NONE');
#3761 = ORIENTED_EDGE ( 'NONE', *, *, #583, .F. ) ;
#3762 = SURFACE_STYLE_FILL_AREA ( #4785 ) ;
#3763 = CARTESIAN_POINT ( 'NONE',  ( -1.482564226095967941, 1.512774786421850814, 0.000000000000000000 ) ) ;
#3764 = EDGE_LOOP ( 'NONE', ( #982, #1511, #2883, #1067 ) ) ;
#3765 = PRESENTATION_STYLE_ASSIGNMENT (( #994 ) ) ;
#3766 = MECHANICAL_DESIGN_GEOMETRIC_PRESENTATION_REPRESENTATION (  '', ( #2169 ), #2678 ) ;
#3767 = VERTEX_POINT ( 'NONE', #414 ) ;
#3768 = DIRECTION ( 'NONE',  ( 0.000000000000000000, 1.000000000000000000, 0.000000000000000000 ) ) ;
#3769 = DIRECTION ( 'NONE',  ( 0.000000000000000000, 4.814824860968087881E-31, -1.000000000000000000 ) ) ;
#3770 =( NAMED_UNIT ( * ) SI_UNIT ( $, .STERADIAN. ) SOLID_ANGLE_UNIT ( ) );
#3771 = EDGE_LOOP ( 'NONE', ( #2267, #5597, #3806, #4794 ) ) ;
#3772 = STYLED_ITEM ( 'NONE', ( #979 ), #1268 ) ;
#3773 = ORIENTED_EDGE ( 'NONE', *, *, #1018, .F. ) ;
#3774 = DIRECTION ( 'NONE',  ( -0.05233595624294388321, 0.000000000000000000, -0.9986295347545739443 ) ) ;
#3775 = LINE ( 'NONE', #941, #3621 ) ;
#3776 =( GEOMETRIC_REPRESENTATION_CONTEXT ( 3 ) GLOBAL_UNCERTAINTY_ASSIGNED_CONTEXT ( ( #3507 ) ) GLOBAL_UNIT_ASSIGNED_CONTEXT ( ( #3469, #4258, #5484 ) ) REPRESENTATION_CONTEXT ( 'NONE', 'WORKASPACE' ) );
#3777 = PRESENTATION_LAYER_ASSIGNMENT (  '', '', ( #1282 ) ) ;
#3778 = DIRECTION ( 'NONE',  ( 0.000000000000000000, 0.000000000000000000, 1.000000000000000000 ) ) ;
#3779 = STYLED_ITEM ( 'NONE', ( #1185 ), #3121 ) ;
#3780 = EDGE_CURVE ( 'NONE', #2005, #2814, #1771, .T. ) ;
#3781 = ORIENTED_EDGE ( 'NONE', *, *, #5217, .T. ) ;
#3782 = LINE ( 'NONE', #475, #1319 ) ;
#3783 = AXIS2_PLACEMENT_3D ( 'NONE', #4281, #1939, #5627 ) ;
#3784 = PLANE ( 'NONE',  #3941 ) ;
#3785 = CIRCLE ( 'NONE', #1198, 0.1499999999999999667 ) ;
#3786 = ORIENTED_EDGE ( 'NONE', *, *, #6163, .T. ) ;
#3787 = DIRECTION ( 'NONE',  ( 1.000000000000000000, 0.000000000000000000, 0.000000000000000000 ) ) ;
#3788 = CARTESIAN_POINT ( 'NONE',  ( -1.602233606196061366, -1.193135245471501182, -0.6700000000000001510 ) ) ;
#3789 = VECTOR ( 'NONE', #4153, 1000.000000000000000 ) ;
#3790 =( LENGTH_UNIT ( ) NAMED_UNIT ( * ) SI_UNIT ( .MILLI., .METRE. ) );
#3791 = EDGE_CURVE ( 'NONE', #3467, #152, #3712, .T. ) ;
#3792 = EDGE_CURVE ( 'NONE', #2213, #5304, #877, .T. ) ;
#3793 = STYLED_ITEM ( 'NONE', ( #3595 ), #3675 ) ;
#3794 =( GEOMETRIC_REPRESENTATION_CONTEXT ( 3 ) GLOBAL_UNCERTAINTY_ASSIGNED_CONTEXT ( ( #5163 ) ) GLOBAL_UNIT_ASSIGNED_CONTEXT ( ( #2685, #3189, #5577 ) ) REPRESENTATION_CONTEXT ( 'NONE', 'WORKASPACE' ) );
#3795 = SURFACE_SIDE_STYLE ('',( #4312 ) ) ;
#3796 = SURFACE_SIDE_STYLE ('',( #5268 ) ) ;
#3797 = FILL_AREA_STYLE ('',( #2385 ) ) ;
#3798 = VERTEX_POINT ( 'NONE', #6111 ) ;
#3799 = CARTESIAN_POINT ( 'NONE',  ( 1.602233606196061144, 1.306864754528498151, -0.8700000000000002176 ) ) ;
#3800 = DIRECTION ( 'NONE',  ( 1.000000000000000000, 0.000000000000000000, -3.252606517456512119E-15 ) ) ;
#3801 = ORIENTED_EDGE ( 'NONE', *, *, #2525, .T. ) ;
#3802 =( LENGTH_UNIT ( ) NAMED_UNIT ( * ) SI_UNIT ( .MILLI., .METRE. ) );
#3803 = CARTESIAN_POINT ( 'NONE',  ( 0.3603187164337327553, 0.09982784171036376830, 0.05000000000000000278 ) ) ;
#3804 = CARTESIAN_POINT ( 'NONE',  ( 0.000000000000000000, 1.306864754528498818, -0.8000000000000000444 ) ) ;
#3805 = VERTEX_POINT ( 'NONE', #2745 ) ;
#3806 = ORIENTED_EDGE ( 'NONE', *, *, #4230, .F. ) ;
#3807 = CARTESIAN_POINT ( 'NONE',  ( 0.2971365777156378396, -0.2871897488101240459, 0.1500000000000000222 ) ) ;
#3808 = CARTESIAN_POINT ( 'NONE',  ( -1.002233606196060611, 1.306864754528498818, -0.8000000000000000444 ) ) ;
#3809 = UNCERTAINTY_MEASURE_WITH_UNIT (LENGTH_MEASURE( 1.000000000000000082E-05 ), #2305, 'distance_accuracy_value', 'NONE');
#3810 = VERTEX_POINT ( 'NONE', #851 ) ;
#3811 = DIRECTION ( 'NONE',  ( 0.000000000000000000, 0.000000000000000000, 1.000000000000000000 ) ) ;
#3812 = VECTOR ( 'NONE', #5768, 1000.000000000000114 ) ;
#3813 = DIRECTION ( 'NONE',  ( -7.228014483236693597E-15, 0.000000000000000000, 1.000000000000000000 ) ) ;
#3814 = ADVANCED_FACE ( 'NONE', ( #1854 ), #6020, .T. ) ;
#3815 = ORIENTED_EDGE ( 'NONE', *, *, #2643, .T. ) ;
#3816 =( LENGTH_UNIT ( ) NAMED_UNIT ( * ) SI_UNIT ( .MILLI., .METRE. ) );
#3817 = UNCERTAINTY_MEASURE_WITH_UNIT (LENGTH_MEASURE( 1.000000000000000082E-05 ), #842, 'distance_accuracy_value', 'NONE');
#3818 = SURFACE_SIDE_STYLE ('',( #4845 ) ) ;
#3819 = ORIENTED_EDGE ( 'NONE', *, *, #438, .T. ) ;
#3820 = EDGE_CURVE ( 'NONE', #3473, #1572, #823, .T. ) ;
#3821 =( LENGTH_UNIT ( ) NAMED_UNIT ( * ) SI_UNIT ( .MILLI., .METRE. ) );
#3822 = FACE_OUTER_BOUND ( 'NONE', #3489, .T. ) ;
#3823 =( NAMED_UNIT ( * ) PLANE_ANGLE_UNIT ( ) SI_UNIT ( $, .RADIAN. ) );
#3824 = STYLED_ITEM ( 'NONE', ( #376 ), #324 ) ;
#3825 = AXIS2_PLACEMENT_3D ( 'NONE', #5867, #5897, #1646 ) ;
#3826 = DIRECTION ( 'NONE',  ( 0.000000000000000000, -1.000000000000000000, 0.000000000000000000 ) ) ;
#3827 = FILL_AREA_STYLE_COLOUR ( '', #1327 ) ;
#3828 = SURFACE_SIDE_STYLE ('',( #1448 ) ) ;
#3829 = ADVANCED_FACE ( 'NONE', ( #2839 ), #5069, .T. ) ;
#3830 = STYLED_ITEM ( 'NONE', ( #150 ), #5511 ) ;
#3831 = VERTEX_POINT ( 'NONE', #3927 ) ;
#3832 =( NAMED_UNIT ( * ) SI_UNIT ( $, .STERADIAN. ) SOLID_ANGLE_UNIT ( ) );
#3833 = FILL_AREA_STYLE ('',( #2424 ) ) ;
#3834 = VERTEX_POINT ( 'NONE', #5726 ) ;
#3835 = ORIENTED_EDGE ( 'NONE', *, *, #3106, .T. ) ;
#3836 = DIRECTION ( 'NONE',  ( -1.000000000000000000, 0.000000000000000000, 0.000000000000000000 ) ) ;
#3837 = LINE ( 'NONE', #2979, #1675 ) ;
#3838 = DIRECTION ( 'NONE',  ( -0.000000000000000000, -0.000000000000000000, -1.000000000000000000 ) ) ;
#3839 = CARTESIAN_POINT ( 'NONE',  ( -0.9037624701214840295, 2.879687624179894101, 0.6000000000000000888 ) ) ;
#3840 = AXIS2_PLACEMENT_3D ( 'NONE', #3876, #1081, #3813 ) ;
#3841 = VECTOR ( 'NONE', #2078, 1000.000000000000000 ) ;
#3842 = ORIENTED_EDGE ( 'NONE', *, *, #1094, .T. ) ;
#3843 =( NAMED_UNIT ( * ) PLANE_ANGLE_UNIT ( ) SI_UNIT ( $, .RADIAN. ) );
#3844 = SURFACE_SIDE_STYLE ('',( #542 ) ) ;
#3845 =( NAMED_UNIT ( * ) SI_UNIT ( $, .STERADIAN. ) SOLID_ANGLE_UNIT ( ) );
#3846 =( GEOMETRIC_REPRESENTATION_CONTEXT ( 3 ) GLOBAL_UNCERTAINTY_ASSIGNED_CONTEXT ( ( #2825 ) ) GLOBAL_UNIT_ASSIGNED_CONTEXT ( ( #3750, #4299, #128 ) ) REPRESENTATION_CONTEXT ( 'NONE', 'WORKASPACE' ) );
#3847 = EDGE_LOOP ( 'NONE', ( #4226, #1190, #1, #5138 ) ) ;
#3848 = AXIS2_PLACEMENT_3D ( 'NONE', #2168, #3090, #4976 ) ;
#3849 = PRESENTATION_STYLE_ASSIGNMENT (( #4180 ) ) ;
#3850 = EDGE_CURVE ( 'NONE', #5448, #6064, #4826, .T. ) ;
#3851 = AXIS2_PLACEMENT_3D ( 'NONE', #6045, #5036, #2212 ) ;
#3852 = STYLED_ITEM ( 'NONE', ( #538 ), #740 ) ;
#3853 = ORIENTED_EDGE ( 'NONE', *, *, #1656, .T. ) ;
#3854 =( NAMED_UNIT ( * ) PLANE_ANGLE_UNIT ( ) SI_UNIT ( $, .RADIAN. ) );
#3855 = DIRECTION ( 'NONE',  ( 0.000000000000000000, 0.05233595624294388321, 0.9986295347545739443 ) ) ;
#3856 = DIRECTION ( 'NONE',  ( -0.000000000000000000, -0.000000000000000000, 1.000000000000000000 ) ) ;
#3857 = SURFACE_SIDE_STYLE ('',( #1941 ) ) ;
#3858 = DIRECTION ( 'NONE',  ( -1.000000000000000000, -2.550241534632516662E-16, 0.000000000000000000 ) ) ;
#3859 = SURFACE_STYLE_FILL_AREA ( #1471 ) ;
#3860 = EDGE_CURVE ( 'NONE', #3915, #2459, #4325, .T. ) ;
#3861 = PLANE ( 'NONE',  #3729 ) ;
#3862 = CARTESIAN_POINT ( 'NONE',  ( 0.5960918573386841945, 0.09982784171036376830, 0.05000000000000000278 ) ) ;
#3863 = ORIENTED_EDGE ( 'NONE', *, *, #391, .F. ) ;
#3864 =( LENGTH_UNIT ( ) NAMED_UNIT ( * ) SI_UNIT ( .MILLI., .METRE. ) );
#3865 = CARTESIAN_POINT ( 'NONE',  ( -0.6014578695130498032, 0.1994353412954477101, 0.1500000000000000222 ) ) ;
#3866 = PRESENTATION_STYLE_ASSIGNMENT (( #44 ) ) ;
#3867 = ORIENTED_EDGE ( 'NONE', *, *, #243, .F. ) ;
#3868 = EDGE_CURVE ( 'NONE', #1934, #4253, #598, .T. ) ;
#3869 = VERTEX_POINT ( 'NONE', #3007 ) ;
#3870 = CARTESIAN_POINT ( 'NONE',  ( -0.6014578695130498032, -0.06436265024309432980, 0.1500000000000000222 ) ) ;
#3871 = DIRECTION ( 'NONE',  ( 0.000000000000000000, 0.000000000000000000, 1.000000000000000000 ) ) ;
#3872 = UNCERTAINTY_MEASURE_WITH_UNIT (LENGTH_MEASURE( 1.000000000000000082E-05 ), #4990, 'distance_accuracy_value', 'NONE');
#3873 = CARTESIAN_POINT ( 'NONE',  ( 0.8960918573386843500, -0.8360159872360373168, 0.05000000000000000278 ) ) ;
#3874 = DIRECTION ( 'NONE',  ( 0.000000000000000000, -0.000000000000000000, 1.000000000000000000 ) ) ;
#3875 = ORIENTED_EDGE ( 'NONE', *, *, #1760, .T. ) ;
#3876 = CARTESIAN_POINT ( 'NONE',  ( -1.602233606196062921, -0.3931352454715015821, -0.2999999999999991562 ) ) ;
#3877 = SURFACE_STYLE_FILL_AREA ( #3413 ) ;
#3878 = PRESENTATION_LAYER_ASSIGNMENT (  '', '', ( #5441 ) ) ;
#3879 = ORIENTED_EDGE ( 'NONE', *, *, #1378, .F. ) ;
#3880 = CARTESIAN_POINT ( 'NONE',  ( -1.902233606196061633, -1.193135245471500960, -0.5700000000000011724 ) ) ;
#3881 = FACE_OUTER_BOUND ( 'NONE', #1104, .T. ) ;
#3882 = STYLED_ITEM ( 'NONE', ( #3896 ), #1697 ) ;
#3883 =( GEOMETRIC_REPRESENTATION_CONTEXT ( 3 ) GLOBAL_UNCERTAINTY_ASSIGNED_CONTEXT ( ( #1923 ) ) GLOBAL_UNIT_ASSIGNED_CONTEXT ( ( #4666, #4195, #3770 ) ) REPRESENTATION_CONTEXT ( 'NONE', 'WORKASPACE' ) );
#3884 = VERTEX_POINT ( 'NONE', #465 ) ;
#3885 = CARTESIAN_POINT ( 'NONE',  ( -0.03316504619021998224, -1.549652246857879279, 0.000000000000000000 ) ) ;
#3886 = MECHANICAL_DESIGN_GEOMETRIC_PRESENTATION_REPRESENTATION (  '', ( #4571 ), #4478 ) ;
#3887 = CARTESIAN_POINT ( 'NONE',  ( -0.6014578695130498032, 0.1994353412954477101, 0.05000000000000000278 ) ) ;
#3888 = CIRCLE ( 'NONE', #499, 1.109580075665322685 ) ;
#3889 = DIRECTION ( 'NONE',  ( -3.560066835027028802E-15, -0.000000000000000000, -1.000000000000000000 ) ) ;
#3890 = SURFACE_STYLE_USAGE ( .BOTH. , #1118 ) ;
#3891 =( GEOMETRIC_REPRESENTATION_CONTEXT ( 3 ) GLOBAL_UNCERTAINTY_ASSIGNED_CONTEXT ( ( #766 ) ) GLOBAL_UNIT_ASSIGNED_CONTEXT ( ( #5695, #1419, #5243 ) ) REPRESENTATION_CONTEXT ( 'NONE', 'WORKASPACE' ) );
#3892 = VECTOR ( 'NONE', #5386, 1000.000000000000000 ) ;
#3893 = CARTESIAN_POINT ( 'NONE',  ( 1.748018770656109000, 1.306864754528498374, -0.03780410792051351609 ) ) ;
#3894 = VECTOR ( 'NONE', #3250, 1000.000000000000000 ) ;
#3895 =( LENGTH_UNIT ( ) NAMED_UNIT ( * ) SI_UNIT ( .MILLI., .METRE. ) );
#3896 = PRESENTATION_STYLE_ASSIGNMENT (( #2355 ) ) ;
#3897 = VECTOR ( 'NONE', #1097, 1000.000000000000000 ) ;
#3898 = EDGE_CURVE ( 'NONE', #1318, #1061, #3490, .T. ) ;
#3899 = SURFACE_STYLE_USAGE ( .BOTH. , #2393 ) ;
#3900 = DIRECTION ( 'NONE',  ( 1.000000000000000000, 0.000000000000000000, 0.000000000000000000 ) ) ;
#3901 = SURFACE_STYLE_USAGE ( .BOTH. , #81 ) ;
#3902 = ORIENTED_EDGE ( 'NONE', *, *, #4313, .T. ) ;
#3903 = VERTEX_POINT ( 'NONE', #1481 ) ;
#3904 = SURFACE_STYLE_FILL_AREA ( #5830 ) ;
#3905 = FILL_AREA_STYLE_COLOUR ( '', #5833 ) ;
#3906 = CARTESIAN_POINT ( 'NONE',  ( 1.529342803400621564, 1.509106996110444410, 0.05000000000000000278 ) ) ;
#3907 = EDGE_LOOP ( 'NONE', ( #3610, #5207, #335 ) ) ;
#3908 = ADVANCED_FACE ( 'NONE', ( #1033 ), #3337, .T. ) ;
#3909 = CARTESIAN_POINT ( 'NONE',  ( -1.748018770656109222, -0.3931352454715015821, -0.03780410792051351609 ) ) ;
#3910 = ORIENTED_EDGE ( 'NONE', *, *, #968, .F. ) ;
#3911 = LINE ( 'NONE', #2373, #5693 ) ;
#3912 = LINE ( 'NONE', #3788, #5021 ) ;
#3913 = EDGE_CURVE ( 'NONE', #1831, #745, #4355, .T. ) ;
#3914 =( LENGTH_UNIT ( ) NAMED_UNIT ( * ) SI_UNIT ( .MILLI., .METRE. ) );
#3915 = VERTEX_POINT ( 'NONE', #5214 ) ;
#3916 = AXIS2_PLACEMENT_3D ( 'NONE', #5339, #3098, #2562 ) ;
#3917 =( NAMED_UNIT ( * ) PLANE_ANGLE_UNIT ( ) SI_UNIT ( $, .RADIAN. ) );
#3918 = LINE ( 'NONE', #2010, #621 ) ;
#3919 = CARTESIAN_POINT ( 'NONE',  ( -1.602233606196062699, 0.5068647545284983291, -0.2999999999999991562 ) ) ;
#3920 = FILL_AREA_STYLE ('',( #1443 ) ) ;
#3921 = ORIENTED_EDGE ( 'NONE', *, *, #4962, .F. ) ;
#3922 = DIRECTION ( 'NONE',  ( 1.000000000000000000, 0.000000000000000000, 0.000000000000000000 ) ) ;
#3923 = VERTEX_POINT ( 'NONE', #531 ) ;
#3924 = SURFACE_STYLE_FILL_AREA ( #2456 ) ;
#3925 = FILL_AREA_STYLE ('',( #655 ) ) ;
#3926 = SURFACE_STYLE_USAGE ( .BOTH. , #2048 ) ;
#3927 = CARTESIAN_POINT ( 'NONE',  ( 1.902233606196061633, -1.193135245471500960, -0.5700000000000011724 ) ) ;
#3928 = AXIS2_PLACEMENT_3D ( 'NONE', #2405, #3811, #3315 ) ;
#3929 =( NAMED_UNIT ( * ) PLANE_ANGLE_UNIT ( ) SI_UNIT ( $, .RADIAN. ) );
#3930 = ORIENTED_EDGE ( 'NONE', *, *, #1856, .T. ) ;
#3931 = COLOUR_RGB ( '',0.8980392156862745390, 0.9215686274509803377, 0.9294117647058823817 ) ;
#3932 = ORIENTED_EDGE ( 'NONE', *, *, #3850, .F. ) ;
#3933 = COLOUR_RGB ( '',1.000000000000000000, 1.000000000000000000, 1.000000000000000000 ) ;
#3934 = CARTESIAN_POINT ( 'NONE',  ( 0.000000000000000000, -1.193135245471501182, -0.6700000000000000400 ) ) ;
#3935 = ORIENTED_EDGE ( 'NONE', *, *, #3000, .T. ) ;
#3936 = DIRECTION ( 'NONE',  ( 1.000000000000000000, 0.000000000000000000, -0.000000000000000000 ) ) ;
#3937 = DIRECTION ( 'NONE',  ( -0.000000000000000000, -0.000000000000000000, -1.000000000000000000 ) ) ;
#3938 = DIRECTION ( 'NONE',  ( -1.000000000000000000, 0.000000000000000000, -3.614007241618349165E-15 ) ) ;
#3939 = EDGE_CURVE ( 'NONE', #2209, #1996, #4864, .T. ) ;
#3940 = CARTESIAN_POINT ( 'NONE',  ( -1.002233606196060833, -0.3931352454715011935, -0.8699999999999999956 ) ) ;
#3941 = AXIS2_PLACEMENT_3D ( 'NONE', #1019, #2408, #617 ) ;
#3942 = CARTESIAN_POINT ( 'NONE',  ( -1.720127565808666992, 1.306864754528498374, -0.5700000000000010614 ) ) ;
#3943 = SURFACE_STYLE_USAGE ( .BOTH. , #2504 ) ;
#3944 = DIRECTION ( 'NONE',  ( 1.000000000000000000, -3.552970857292600550E-16, -0.000000000000000000 ) ) ;
#3945 = MECHANICAL_DESIGN_GEOMETRIC_PRESENTATION_REPRESENTATION (  '', ( #2243 ), #1246 ) ;
#3946 = MECHANICAL_DESIGN_GEOMETRIC_PRESENTATION_REPRESENTATION (  '', ( #3447 ), #1746 ) ;
#3947 = VECTOR ( 'NONE', #5281, 1000.000000000000000 ) ;
#3948 = EDGE_CURVE ( 'NONE', #2286, #456, #5667, .T. ) ;
#3949 =( NAMED_UNIT ( * ) PLANE_ANGLE_UNIT ( ) SI_UNIT ( $, .RADIAN. ) );
#3950 = ORIENTED_EDGE ( 'NONE', *, *, #2681, .F. ) ;
#3951 = COLOUR_RGB ( '',0.000000000000000000, 1.000000000000000000, 0.000000000000000000 ) ;
#3952 = STYLED_ITEM ( 'NONE', ( #4849 ), #551 ) ;
#3953 = PLANE ( 'NONE',  #3651 ) ;
#3954 = SURFACE_STYLE_USAGE ( .BOTH. , #3084 ) ;
#3955 = CARTESIAN_POINT ( 'NONE',  ( -0.5265465593547974388, -0.3471160600431791310, 0.000000000000000000 ) ) ;
#3956 = PRESENTATION_STYLE_ASSIGNMENT (( #3486 ) ) ;
#3957 = PLANE ( 'NONE',  #1852 ) ;
#3958 = VECTOR ( 'NONE', #644, 1000.000000000000000 ) ;
#3959 =( GEOMETRIC_REPRESENTATION_CONTEXT ( 3 ) GLOBAL_UNCERTAINTY_ASSIGNED_CONTEXT ( ( #642 ) ) GLOBAL_UNIT_ASSIGNED_CONTEXT ( ( #4766, #4365, #1561 ) ) REPRESENTATION_CONTEXT ( 'NONE', 'WORKASPACE' ) );
#3960 = DIRECTION ( 'NONE',  ( -8.263513526025759881E-17, 1.000000000000000000, 0.000000000000000000 ) ) ;
#3961 = FACE_OUTER_BOUND ( 'NONE', #729, .T. ) ;
#3962 = VERTEX_POINT ( 'NONE', #5305 ) ;
#3963 = DIRECTION ( 'NONE',  ( -1.000000000000000000, 1.548860246407862843E-16, 0.000000000000000000 ) ) ;
#3964 = ORIENTED_EDGE ( 'NONE', *, *, #2143, .F. ) ;
#3965 = PLANE ( 'NONE',  #3825 ) ;
#3966 = CARTESIAN_POINT ( 'NONE',  ( -1.602233606196062921, -1.193135245471501626, -0.2999999999999991562 ) ) ;
#3967 = CARTESIAN_POINT ( 'NONE',  ( -1.002233606196060611, 1.306864754528498818, -0.8699999999999999956 ) ) ;
#3968 = VERTEX_POINT ( 'NONE', #2872 ) ;
#3969 = LINE ( 'NONE', #671, #3458 ) ;
#3970 = LINE ( 'NONE', #5380, #1729 ) ;
#3971 = EDGE_CURVE ( 'NONE', #4189, #5637, #1954, .T. ) ;
#3972 = CARTESIAN_POINT ( 'NONE',  ( -1.602233606196062699, 0.5068647545284983291, -0.2999999999999991562 ) ) ;
#3973 = AXIS2_PLACEMENT_3D ( 'NONE', #5931, #1189, #1592 ) ;
#3974 = CARTESIAN_POINT ( 'NONE',  ( -1.602233606196061144, 1.306864754528498374, -0.8700000000000002176 ) ) ;
#3975 = CARTESIAN_POINT ( 'NONE',  ( 1.902233606196061189, -0.3931352454715015821, -0.6700000000000007061 ) ) ;
#3976 = ORIENTED_EDGE ( 'NONE', *, *, #5817, .F. ) ;
#3977 = DIRECTION ( 'NONE',  ( -0.000000000000000000, -0.000000000000000000, -1.000000000000000000 ) ) ;
#3978 = ADVANCED_FACE ( 'NONE', ( #12 ), #1917, .F. ) ;
#3979 = CARTESIAN_POINT ( 'NONE',  ( -0.6765465593547973500, -0.4971160600431790977, 0.05000000000000000278 ) ) ;
#3980 = PRESENTATION_LAYER_ASSIGNMENT (  '', '', ( #2378 ) ) ;
#3981 = EDGE_CURVE ( 'NONE', #5609, #355, #247, .T. ) ;
#3982 = PRESENTATION_LAYER_ASSIGNMENT (  '', '', ( #5346 ) ) ;
#3983 = LINE ( 'NONE', #4443, #903 ) ;
#3984 = SURFACE_SIDE_STYLE ('',( #1228 ) ) ;
#3985 = VECTOR ( 'NONE', #858, 1000.000000000000000 ) ;
#3986 = STYLED_ITEM ( 'NONE', ( #5155 ), #3829 ) ;
#3987 =( NAMED_UNIT ( * ) SI_UNIT ( $, .STERADIAN. ) SOLID_ANGLE_UNIT ( ) );
#3988 =( GEOMETRIC_REPRESENTATION_CONTEXT ( 3 ) GLOBAL_UNCERTAINTY_ASSIGNED_CONTEXT ( ( #4066 ) ) GLOBAL_UNIT_ASSIGNED_CONTEXT ( ( #3554, #2616, #217 ) ) REPRESENTATION_CONTEXT ( 'NONE', 'WORKASPACE' ) );
#3989 = VECTOR ( 'NONE', #4417, 1000.000000000000000 ) ;
#3990 = ORIENTED_EDGE ( 'NONE', *, *, #4610, .T. ) ;
#3991 =( LENGTH_UNIT ( ) NAMED_UNIT ( * ) SI_UNIT ( .MILLI., .METRE. ) );
#3992 = CARTESIAN_POINT ( 'NONE',  ( -1.902233606196061633, -1.699999999999999956, -0.5700000000000010614 ) ) ;
#3993 = STYLED_ITEM ( 'NONE', ( #5816 ), #4358 ) ;
#3994 = AXIS2_PLACEMENT_3D ( 'NONE', #4102, #2706, #1207 ) ;
#3995 =( GEOMETRIC_REPRESENTATION_CONTEXT ( 3 ) GLOBAL_UNCERTAINTY_ASSIGNED_CONTEXT ( ( #5044 ) ) GLOBAL_UNIT_ASSIGNED_CONTEXT ( ( #5178, #1055, #4217 ) ) REPRESENTATION_CONTEXT ( 'NONE', 'WORKASPACE' ) );
#3996 = EDGE_LOOP ( 'NONE', ( #5670, #43, #4448, #2407 ) ) ;
#3997 = FILL_AREA_STYLE_COLOUR ( '', #26 ) ;
#3998 = PRESENTATION_STYLE_ASSIGNMENT (( #3157 ) ) ;
#3999 = MECHANICAL_DESIGN_GEOMETRIC_PRESENTATION_REPRESENTATION (  '', ( #5959 ), #2602 ) ;
#4000 = VERTEX_POINT ( 'NONE', #4453 ) ;
#4001 = SURFACE_STYLE_FILL_AREA ( #4260 ) ;
#4002 = AXIS2_PLACEMENT_3D ( 'NONE', #5129, #1798, #5066 ) ;
#4003 = UNCERTAINTY_MEASURE_WITH_UNIT (LENGTH_MEASURE( 1.000000000000000082E-05 ), #4115, 'distance_accuracy_value', 'NONE');
#4004 = DIRECTION ( 'NONE',  ( -0.08682659386424762538, 0.08682659386424759762, -0.9924325091389669673 ) ) ;
#4005 = DIRECTION ( 'NONE',  ( 0.000000000000000000, 0.000000000000000000, 1.000000000000000000 ) ) ;
#4006 = CARTESIAN_POINT ( 'NONE',  ( 0.2971365777156376731, 0.7212690557775703892, 0.05000000000000000278 ) ) ;
#4007 = UNCERTAINTY_MEASURE_WITH_UNIT (LENGTH_MEASURE( 1.000000000000000082E-05 ), #4428, 'distance_accuracy_value', 'NONE');
#4008 = LINE ( 'NONE', #4067, #6108 ) ;
#4009 = CARTESIAN_POINT ( 'NONE',  ( -0.6765465593547973500, -0.01557973693398068474, 0.000000000000000000 ) ) ;
#4010 = ORIENTED_EDGE ( 'NONE', *, *, #4928, .F. ) ;
#4011 = EDGE_CURVE ( 'NONE', #3414, #2146, #3614, .T. ) ;
#4012 = CARTESIAN_POINT ( 'NONE',  ( 1.529342803400621564, 0.4364781805825147520, 0.000000000000000000 ) ) ;
#4013 = ORIENTED_EDGE ( 'NONE', *, *, #289, .F. ) ;
#4014 = DIRECTION ( 'NONE',  ( -0.000000000000000000, -0.000000000000000000, -1.000000000000000000 ) ) ;
#4015 = EDGE_CURVE ( 'NONE', #2146, #3541, #1642, .T. ) ;
#4016 =( GEOMETRIC_REPRESENTATION_CONTEXT ( 3 ) GLOBAL_UNCERTAINTY_ASSIGNED_CONTEXT ( ( #2624 ) ) GLOBAL_UNIT_ASSIGNED_CONTEXT ( ( #3044, #665, #5795 ) ) REPRESENTATION_CONTEXT ( 'NONE', 'WORKASPACE' ) );
#4017 = PRESENTATION_STYLE_ASSIGNMENT (( #4452 ) ) ;
#4018 = SURFACE_STYLE_FILL_AREA ( #156 ) ;
#4019 = SURFACE_SIDE_STYLE ('',( #219 ) ) ;
#4020 = EDGE_CURVE ( 'NONE', #5863, #101, #2139, .T. ) ;
#4021 = VERTEX_POINT ( 'NONE', #5925 ) ;
#4022 = SURFACE_SIDE_STYLE ('',( #221 ) ) ;
#4023 = DIRECTION ( 'NONE',  ( 0.000000000000000000, -1.000000000000000000, 0.000000000000000000 ) ) ;
#4024 = MECHANICAL_DESIGN_GEOMETRIC_PRESENTATION_REPRESENTATION (  '', ( #3329 ), #2528 ) ;
#4025 = ORIENTED_EDGE ( 'NONE', *, *, #3706, .T. ) ;
#4026 = DIRECTION ( 'NONE',  ( -0.000000000000000000, -1.000000000000000000, -0.000000000000000000 ) ) ;
#4027 =( GEOMETRIC_REPRESENTATION_CONTEXT ( 3 ) GLOBAL_UNCERTAINTY_ASSIGNED_CONTEXT ( ( #4807 ) ) GLOBAL_UNIT_ASSIGNED_CONTEXT ( ( #3513, #2006, #4885 ) ) REPRESENTATION_CONTEXT ( 'NONE', 'WORKASPACE' ) );
#4028 = STYLED_ITEM ( 'NONE', ( #5186 ), #5175 ) ;
#4029 =( NAMED_UNIT ( * ) PLANE_ANGLE_UNIT ( ) SI_UNIT ( $, .RADIAN. ) );
#4030 = CARTESIAN_POINT ( 'NONE',  ( 0.3603187164337326442, 0.4364781805825147520, 0.05000000000000000278 ) ) ;
#4031 = VECTOR ( 'NONE', #2738, 1000.000000000000000 ) ;
#4032 = FACE_OUTER_BOUND ( 'NONE', #2353, .T. ) ;
#4033 = VECTOR ( 'NONE', #5381, 1000.000000000000000 ) ;
#4034 = ORIENTED_EDGE ( 'NONE', *, *, #4039, .F. ) ;
#4035 = VECTOR ( 'NONE', #3381, 1000.000000000000000 ) ;
#4036 = DIRECTION ( 'NONE',  ( 6.195440985631452852E-17, -1.000000000000000000, -0.000000000000000000 ) ) ;
#4037 = SURFACE_SIDE_STYLE ('',( #5326 ) ) ;
#4038 = AXIS2_PLACEMENT_3D ( 'NONE', #2692, #3656, #349 ) ;
#4039 = EDGE_CURVE ( 'NONE', #3363, #3404, #896, .T. ) ;
#4040 = LINE ( 'NONE', #1727, #4055 ) ;
#4041 = ORIENTED_EDGE ( 'NONE', *, *, #2793, .F. ) ;
#4042 = AXIS2_PLACEMENT_3D ( 'NONE', #4613, #5881, #2704 ) ;
#4043 =( GEOMETRIC_REPRESENTATION_CONTEXT ( 3 ) GLOBAL_UNCERTAINTY_ASSIGNED_CONTEXT ( ( #4744 ) ) GLOBAL_UNIT_ASSIGNED_CONTEXT ( ( #3802, #3462, #1418 ) ) REPRESENTATION_CONTEXT ( 'NONE', 'WORKASPACE' ) );
#4044 = DIRECTION ( 'NONE',  ( -0.000000000000000000, -0.000000000000000000, -1.000000000000000000 ) ) ;
#4045 = FILL_AREA_STYLE ('',( #2137 ) ) ;
#4046 = SURFACE_STYLE_FILL_AREA ( #3925 ) ;
#4047 = DIRECTION ( 'NONE',  ( 0.000000000000000000, -1.000000000000000000, 0.000000000000000000 ) ) ;
#4048 = CARTESIAN_POINT ( 'NONE',  ( -0.03316504619021998224, -1.549652246857879279, 0.05000000000000000278 ) ) ;
#4049 = MECHANICAL_DESIGN_GEOMETRIC_PRESENTATION_REPRESENTATION (  '', ( #5806 ), #1557 ) ;
#4050 = LINE ( 'NONE', #3557, #5856 ) ;
#4051 = EDGE_CURVE ( 'NONE', #101, #6140, #1123, .T. ) ;
#4052 = VERTEX_POINT ( 'NONE', #279 ) ;
#4053 = FACE_OUTER_BOUND ( 'NONE', #1120, .T. ) ;
#4054 = LINE ( 'NONE', #1618, #2180 ) ;
#4055 = VECTOR ( 'NONE', #273, 1000.000000000000000 ) ;
#4056 = DIRECTION ( 'NONE',  ( 0.000000000000000000, -2.168404344971008079E-15, -1.000000000000000000 ) ) ;
#4057 = ORIENTED_EDGE ( 'NONE', *, *, #5143, .F. ) ;
#4058 = FILL_AREA_STYLE ('',( #2526 ) ) ;
#4059 = ORIENTED_EDGE ( 'NONE', *, *, #5366, .F. ) ;
#4060 = DIRECTION ( 'NONE',  ( -1.000000000000000000, -0.000000000000000000, -0.000000000000000000 ) ) ;
#4061 = ADVANCED_FACE ( 'NONE', ( #1213 ), #4415, .F. ) ;
#4062 = VECTOR ( 'NONE', #5629, 1000.000000000000000 ) ;
#4063 = FILL_AREA_STYLE ('',( #191 ) ) ;
#4064 = DIRECTION ( 'NONE',  ( -1.000000000000000000, 0.000000000000000000, -3.491481338843133355E-15 ) ) ;
#4065 = PLANE ( 'NONE',  #3681 ) ;
#4066 = UNCERTAINTY_MEASURE_WITH_UNIT (LENGTH_MEASURE( 1.000000000000000082E-05 ), #3554, 'distance_accuracy_value', 'NONE');
#4067 = CARTESIAN_POINT ( 'NONE',  ( 1.902233606196063409, 0.5068647545284984401, -4.878909776184769953E-16 ) ) ;
#4068 = PRESENTATION_STYLE_ASSIGNMENT (( #2068 ) ) ;
#4069 = AXIS2_PLACEMENT_3D ( 'NONE', #5860, #2642, #4476 ) ;
#4070 = DIRECTION ( 'NONE',  ( 0.000000000000000000, -1.000000000000000000, 0.000000000000000000 ) ) ;
#4071 = CARTESIAN_POINT ( 'NONE',  ( -1.902233606196063631, -1.193135245471501404, -4.878909776184769953E-16 ) ) ;
#4072 =( LENGTH_UNIT ( ) NAMED_UNIT ( * ) SI_UNIT ( .MILLI., .METRE. ) );
#4073 = CARTESIAN_POINT ( 'NONE',  ( -1.708073776573567404, -1.431434946801787955, -0.8000000000000000444 ) ) ;
#4074 = ORIENTED_EDGE ( 'NONE', *, *, #957, .F. ) ;
#4075 =( NAMED_UNIT ( * ) SI_UNIT ( $, .STERADIAN. ) SOLID_ANGLE_UNIT ( ) );
#4076 = COLOUR_RGB ( '',0.8313725490196077761, 0.8392156862745098200, 0.8313725490196077761 ) ;
#4077 = VECTOR ( 'NONE', #4280, 1000.000000000000000 ) ;
#4078 = LINE ( 'NONE', #721, #3841 ) ;
#4079 = PRESENTATION_STYLE_ASSIGNMENT (( #5517 ) ) ;
#4080 = VECTOR ( 'NONE', #5892, 1000.000000000000000 ) ;
#4081 = ORIENTED_EDGE ( 'NONE', *, *, #3000, .F. ) ;
#4082 = PRESENTATION_LAYER_ASSIGNMENT (  '', '', ( #2186 ) ) ;
#4083 = SURFACE_STYLE_FILL_AREA ( #3216 ) ;
#4084 =( NAMED_UNIT ( * ) SI_UNIT ( $, .STERADIAN. ) SOLID_ANGLE_UNIT ( ) );
#4085 = ADVANCED_FACE ( 'NONE', ( #5826 ), #5371, .T. ) ;
#4086 = ORIENTED_EDGE ( 'NONE', *, *, #5434, .T. ) ;
#4087 = CARTESIAN_POINT ( 'NONE',  ( -0.6014578695130498032, 0.1994353412954477101, 0.1500000000000000222 ) ) ;
#4088 = MECHANICAL_DESIGN_GEOMETRIC_PRESENTATION_REPRESENTATION (  '', ( #3993 ), #5551 ) ;
#4089 =( GEOMETRIC_REPRESENTATION_CONTEXT ( 3 ) GLOBAL_UNCERTAINTY_ASSIGNED_CONTEXT ( ( #6153 ) ) GLOBAL_UNIT_ASSIGNED_CONTEXT ( ( #775, #5532, #3119 ) ) REPRESENTATION_CONTEXT ( 'NONE', 'WORKASPACE' ) );
#4090 = LINE ( 'NONE', #2952, #5166 ) ;
#4091 = PRESENTATION_LAYER_ASSIGNMENT (  '', '', ( #5073 ) ) ;
#4092 = FACE_OUTER_BOUND ( 'NONE', #6070, .T. ) ;
#4093 = SURFACE_SIDE_STYLE ('',( #1716 ) ) ;
#4094 = EDGE_CURVE ( 'NONE', #4479, #5053, #2387, .T. ) ;
#4095 = MECHANICAL_DESIGN_GEOMETRIC_PRESENTATION_REPRESENTATION (  '', ( #6158 ), #4680 ) ;
#4096 =( LENGTH_UNIT ( ) NAMED_UNIT ( * ) SI_UNIT ( .MILLI., .METRE. ) );
#4097 = PLANE ( 'NONE',  #2043 ) ;
#4098 = DIRECTION ( 'NONE',  ( 1.000000000000000000, 0.000000000000000000, 0.000000000000000000 ) ) ;
#4099 = SURFACE_SIDE_STYLE ('',( #294 ) ) ;
#4100 = EDGE_CURVE ( 'NONE', #1318, #2499, #1266, .T. ) ;
#4101 = DIRECTION ( 'NONE',  ( 0.000000000000000000, 0.000000000000000000, 1.000000000000000000 ) ) ;
#4102 = CARTESIAN_POINT ( 'NONE',  ( 1.602233606196062921, -1.193135245471501626, -0.2999999999999991562 ) ) ;
#4103 = DIRECTION ( 'NONE',  ( -0.000000000000000000, -1.000000000000000000, -0.000000000000000000 ) ) ;
#4104 = ORIENTED_EDGE ( 'NONE', *, *, #84, .T. ) ;
#4105 = VERTEX_POINT ( 'NONE', #5089 ) ;
#4106 = PRESENTATION_STYLE_ASSIGNMENT (( #242 ) ) ;
#4107 = CARTESIAN_POINT ( 'NONE',  ( 0.000000000000000000, 0.000000000000000000, 0.05000000000000000278 ) ) ;
#4108 = DIRECTION ( 'NONE',  ( 0.000000000000000000, -1.000000000000000000, 0.000000000000000000 ) ) ;
#4109 = PLANE ( 'NONE',  #3285 ) ;
#4110 = CYLINDRICAL_SURFACE ( 'NONE', #408, 0.3000000000000001554 ) ;
#4111 = ORIENTED_EDGE ( 'NONE', *, *, #5467, .F. ) ;
#4112 = CARTESIAN_POINT ( 'NONE',  ( -1.902233606196062965, 1.306864754528498374, -0.3000000000000001554 ) ) ;
#4113 = ORIENTED_EDGE ( 'NONE', *, *, #1056, .T. ) ;
#4114 = PRESENTATION_LAYER_ASSIGNMENT (  '', '', ( #640 ) ) ;
#4115 =( LENGTH_UNIT ( ) NAMED_UNIT ( * ) SI_UNIT ( .MILLI., .METRE. ) );
#4116 = STYLED_ITEM ( 'NONE', ( #2529 ), #5070 ) ;
#4117 = PLANE ( 'NONE',  #5206 ) ;
#4118 = UNCERTAINTY_MEASURE_WITH_UNIT (LENGTH_MEASURE( 1.000000000000000082E-05 ), #3091, 'distance_accuracy_value', 'NONE');
#4119 = PRESENTATION_LAYER_ASSIGNMENT (  '', '', ( #1822 ) ) ;
#4120 = EDGE_CURVE ( 'NONE', #3724, #3346, #1783, .T. ) ;
#4121 =( NAMED_UNIT ( * ) SI_UNIT ( $, .STERADIAN. ) SOLID_ANGLE_UNIT ( ) );
#4122 = FACE_OUTER_BOUND ( 'NONE', #4454, .T. ) ;
#4123 = EDGE_CURVE ( 'NONE', #1456, #20, #845, .T. ) ;
#4124 = VECTOR ( 'NONE', #2210, 1000.000000000000000 ) ;
#4125 = VERTEX_POINT ( 'NONE', #5058 ) ;
#4126 = PRESENTATION_LAYER_ASSIGNMENT (  '', '', ( #1932 ) ) ;
#4127 = VECTOR ( 'NONE', #4305, 1000.000000000000000 ) ;
#4128 = PRESENTATION_STYLE_ASSIGNMENT (( #871 ) ) ;
#4129 =( LENGTH_UNIT ( ) NAMED_UNIT ( * ) SI_UNIT ( .MILLI., .METRE. ) );
#4130 = SURFACE_STYLE_FILL_AREA ( #2805 ) ;
#4131 =( LENGTH_UNIT ( ) NAMED_UNIT ( * ) SI_UNIT ( .MILLI., .METRE. ) );
#4132 = ORIENTED_EDGE ( 'NONE', *, *, #4422, .T. ) ;
#4133 = AXIS2_PLACEMENT_3D ( 'NONE', #835, #1283, #1722 ) ;
#4134 = PRESENTATION_LAYER_ASSIGNMENT (  '', '', ( #669 ) ) ;
#4135 = CARTESIAN_POINT ( 'NONE',  ( 1.002233606196060389, -1.193135245471500960, -0.8000000000000000444 ) ) ;
#4136 =( LENGTH_UNIT ( ) NAMED_UNIT ( * ) SI_UNIT ( .MILLI., .METRE. ) );
#4137 = VERTEX_POINT ( 'NONE', #1818 ) ;
#4138 =( NAMED_UNIT ( * ) PLANE_ANGLE_UNIT ( ) SI_UNIT ( $, .RADIAN. ) );
#4139 = CARTESIAN_POINT ( 'NONE',  ( 0.2971365777156377841, -0.03945942873076218466, 0.05000000000000000278 ) ) ;
#4140 = DIRECTION ( 'NONE',  ( -0.000000000000000000, -1.000000000000000000, -0.000000000000000000 ) ) ;
#4141 = ORIENTED_EDGE ( 'NONE', *, *, #346, .T. ) ;
#4142 = VECTOR ( 'NONE', #5963, 1000.000000000000000 ) ;
#4143 = VECTOR ( 'NONE', #4657, 1000.000000000000114 ) ;
#4144 = FACE_OUTER_BOUND ( 'NONE', #5273, .T. ) ;
#4145 = SURFACE_SIDE_STYLE ('',( #2218 ) ) ;
#4146 = DIRECTION ( 'NONE',  ( -1.000000000000000000, -0.000000000000000000, -0.000000000000000000 ) ) ;
#4147 = FILL_AREA_STYLE ('',( #4551 ) ) ;
#4148 = FILL_AREA_STYLE ('',( #1751 ) ) ;
#4149 = DIRECTION ( 'NONE',  ( -0.000000000000000000, -0.000000000000000000, -1.000000000000000000 ) ) ;
#4150 =( NAMED_UNIT ( * ) PLANE_ANGLE_UNIT ( ) SI_UNIT ( $, .RADIAN. ) );
#4151 = ADVANCED_FACE ( 'NONE', ( #333 ), #5120, .F. ) ;
#4152 = ORIENTED_EDGE ( 'NONE', *, *, #6078, .F. ) ;
#4153 = DIRECTION ( 'NONE',  ( -1.000000000000000000, -0.000000000000000000, -0.000000000000000000 ) ) ;
#4154 = CARTESIAN_POINT ( 'NONE',  ( 0.4971365777156377397, 0.5212690557775702116, 0.05000000000000000278 ) ) ;
#4155 = ORIENTED_EDGE ( 'NONE', *, *, #1523, .F. ) ;
#4156 = EDGE_CURVE ( 'NONE', #2213, #4224, #4661, .T. ) ;
#4157 = EDGE_CURVE ( 'NONE', #3429, #3679, #3266, .T. ) ;
#4158 = LINE ( 'NONE', #2230, #1558 ) ;
#4159 = CARTESIAN_POINT ( 'NONE',  ( -1.002233606196060611, 0.5068647545284988842, -0.8699999999999999956 ) ) ;
#4160 = AXIS2_PLACEMENT_3D ( 'NONE', #3487, #2897, #2967 ) ;
#4161 = CARTESIAN_POINT ( 'NONE',  ( 0.000000000000000000, 1.708073776573566738, -0.8000000000000000444 ) ) ;
#4162 = DIRECTION ( 'NONE',  ( -2.468746184890540943E-16, 0.9961946980917455452, 0.08715574274765820750 ) ) ;
#4163 = LINE ( 'NONE', #1351, #4975 ) ;
#4164 = ORIENTED_EDGE ( 'NONE', *, *, #5, .F. ) ;
#4165 = AXIS2_PLACEMENT_3D ( 'NONE', #3165, #6022, #826 ) ;
#4166 =( LENGTH_UNIT ( ) NAMED_UNIT ( * ) SI_UNIT ( .MILLI., .METRE. ) );
#4167 = LINE ( 'NONE', #2175, #3065 ) ;
#4168 = LINE ( 'NONE', #6047, #3600 ) ;
#4169 = MECHANICAL_DESIGN_GEOMETRIC_PRESENTATION_REPRESENTATION (  '', ( #395 ), #1100 ) ;
#4170 = EDGE_LOOP ( 'NONE', ( #5264, #3126 ) ) ;
#4171 =( GEOMETRIC_REPRESENTATION_CONTEXT ( 3 ) GLOBAL_UNCERTAINTY_ASSIGNED_CONTEXT ( ( #1310 ) ) GLOBAL_UNIT_ASSIGNED_CONTEXT ( ( #6104, #307, #2296 ) ) REPRESENTATION_CONTEXT ( 'NONE', 'WORKASPACE' ) );
#4172 = MECHANICAL_DESIGN_GEOMETRIC_PRESENTATION_REPRESENTATION (  '', ( #4564 ), #5946 ) ;
#4173 = ORIENTED_EDGE ( 'NONE', *, *, #1323, .T. ) ;
#4174 = SURFACE_STYLE_USAGE ( .BOTH. , #2691 ) ;
#4175 = CARTESIAN_POINT ( 'NONE',  ( 0.2971365777156378396, -0.2871897488101240459, 0.1500000000000000222 ) ) ;
#4176 = VECTOR ( 'NONE', #4714, 1000.000000000000000 ) ;
#4177 = UNCERTAINTY_MEASURE_WITH_UNIT (LENGTH_MEASURE( 1.000000000000000082E-05 ), #4292, 'distance_accuracy_value', 'NONE');
#4178 = ORIENTED_EDGE ( 'NONE', *, *, #3323, .F. ) ;
#4179 = SURFACE_STYLE_FILL_AREA ( #1780 ) ;
#4180 = SURFACE_STYLE_USAGE ( .BOTH. , #6161 ) ;
#4181 = EDGE_CURVE ( 'NONE', #2749, #2923, #2320, .T. ) ;
#4182 = ORIENTED_EDGE ( 'NONE', *, *, #500, .T. ) ;
#4183 = ORIENTED_EDGE ( 'NONE', *, *, #930, .T. ) ;
#4184 = DIRECTION ( 'NONE',  ( -0.000000000000000000, 0.000000000000000000, 1.000000000000000000 ) ) ;
#4185 = DIRECTION ( 'NONE',  ( 1.000000000000000000, 1.548860246407862843E-16, 0.000000000000000000 ) ) ;
#4186 =( NAMED_UNIT ( * ) SI_UNIT ( $, .STERADIAN. ) SOLID_ANGLE_UNIT ( ) );
#4187 = CARTESIAN_POINT ( 'NONE',  ( 1.100000000000000089, 0.000000000000000000, -0.03340969424833490492 ) ) ;
#4188 =( NAMED_UNIT ( * ) PLANE_ANGLE_UNIT ( ) SI_UNIT ( $, .RADIAN. ) );
#4189 = VERTEX_POINT ( 'NONE', #5660 ) ;
#4190 = EDGE_CURVE ( 'NONE', #4137, #4021, #5269, .T. ) ;
#4191 = LINE ( 'NONE', #5150, #3145 ) ;
#4192 = PLANE ( 'NONE',  #4261 ) ;
#4193 = ORIENTED_EDGE ( 'NONE', *, *, #1574, .F. ) ;
#4194 = CARTESIAN_POINT ( 'NONE',  ( 1.750000000000000000, -1.750000000000000222, 0.000000000000000000 ) ) ;
#4195 =( NAMED_UNIT ( * ) PLANE_ANGLE_UNIT ( ) SI_UNIT ( $, .RADIAN. ) );
#4196 = EDGE_LOOP ( 'NONE', ( #2108, #4741, #5027, #3272 ) ) ;
#4197 = EDGE_CURVE ( 'NONE', #5099, #799, #2965, .T. ) ;
#4198 = ORIENTED_EDGE ( 'NONE', *, *, #860, .T. ) ;
#4199 = FILL_AREA_STYLE_COLOUR ( '', #5103 ) ;
#4200 = VECTOR ( 'NONE', #3471, 1000.000000000000000 ) ;
#4201 =( NAMED_UNIT ( * ) SI_UNIT ( $, .STERADIAN. ) SOLID_ANGLE_UNIT ( ) );
#4202 = STYLED_ITEM ( 'NONE', ( #2573 ), #4654 ) ;
#4203 = CARTESIAN_POINT ( 'NONE',  ( -1.750000000000000222, 0.5068647545284983291, 1.355252715606880543E-17 ) ) ;
#4204 = DIRECTION ( 'NONE',  ( 1.000000000000000000, 0.000000000000000000, 0.000000000000000000 ) ) ;
#4205 = PRESENTATION_LAYER_ASSIGNMENT (  '', '', ( #847 ) ) ;
#4206 = EDGE_LOOP ( 'NONE', ( #5149, #148, #2391, #1361, #3450, #1955, #5248, #5745, #3757, #894, #5488, #2422, #5374, #5185, #3964, #3867, #4671, #6051, #1476, #824 ) ) ;
#4207 = CARTESIAN_POINT ( 'NONE',  ( -1.708073776573567404, -1.431434946801787955, -0.6700000000000000400 ) ) ;
#4208 =( NAMED_UNIT ( * ) SI_UNIT ( $, .STERADIAN. ) SOLID_ANGLE_UNIT ( ) );
#4209 = VECTOR ( 'NONE', #5065, 1000.000000000000000 ) ;
#4210 = EDGE_LOOP ( 'NONE', ( #641, #2117, #997, #1439 ) ) ;
#4211 = CARTESIAN_POINT ( 'NONE',  ( 0.8960918573386843500, -0.8360159872360373168, 0.000000000000000000 ) ) ;
#4212 = DIRECTION ( 'NONE',  ( 1.000000000000000000, -0.000000000000000000, -0.000000000000000000 ) ) ;
#4213 = LINE ( 'NONE', #5200, #2998 ) ;
#4214 = EDGE_CURVE ( 'NONE', #1005, #4635, #1972, .T. ) ;
#4215 =( NAMED_UNIT ( * ) PLANE_ANGLE_UNIT ( ) SI_UNIT ( $, .RADIAN. ) );
#4216 = CARTESIAN_POINT ( 'NONE',  ( 0.2971365777156377841, 0.1605405712692378195, 0.05000000000000000278 ) ) ;
#4217 =( NAMED_UNIT ( * ) SI_UNIT ( $, .STERADIAN. ) SOLID_ANGLE_UNIT ( ) );
#4218 = VERTEX_POINT ( 'NONE', #1469 ) ;
#4219 = CARTESIAN_POINT ( 'NONE',  ( 1.748018770656109222, -0.3931352454715015821, -0.03780410792051351609 ) ) ;
#4220 = ORIENTED_EDGE ( 'NONE', *, *, #2484, .F. ) ;
#4221 = ADVANCED_FACE ( 'NONE', ( #454 ), #1940, .F. ) ;
#4222 = CARTESIAN_POINT ( 'NONE',  ( -1.097766393803939255, -1.431434946801785957, -0.8000000000000000444 ) ) ;
#4223 =( GEOMETRIC_REPRESENTATION_CONTEXT ( 3 ) GLOBAL_UNCERTAINTY_ASSIGNED_CONTEXT ( ( #5653 ) ) GLOBAL_UNIT_ASSIGNED_CONTEXT ( ( #2787, #4233, #1870 ) ) REPRESENTATION_CONTEXT ( 'NONE', 'WORKASPACE' ) );
#4224 = VERTEX_POINT ( 'NONE', #987 ) ;
#4225 = VECTOR ( 'NONE', #2430, 1000.000000000000000 ) ;
#4226 = ORIENTED_EDGE ( 'NONE', *, *, #1656, .F. ) ;
#4227 = FILL_AREA_STYLE ('',( #2363 ) ) ;
#4228 = VECTOR ( 'NONE', #5019, 1000.000000000000000 ) ;
#4229 = CARTESIAN_POINT ( 'NONE',  ( 1.902233606196062965, 1.306864754528498374, -0.3000000000000001554 ) ) ;
#4230 = EDGE_CURVE ( 'NONE', #274, #1905, #4787, .T. ) ;
#4231 = CARTESIAN_POINT ( 'NONE',  ( -0.03316504619021998224, -0.01557973693398068474, 0.05000000000000000278 ) ) ;
#4232 = UNCERTAINTY_MEASURE_WITH_UNIT (LENGTH_MEASURE( 1.000000000000000082E-05 ), #3326, 'distance_accuracy_value', 'NONE');
#4233 =( NAMED_UNIT ( * ) PLANE_ANGLE_UNIT ( ) SI_UNIT ( $, .RADIAN. ) );
#4234 = STYLED_ITEM ( 'NONE', ( #4068 ), #2013 ) ;
#4235 = ORIENTED_EDGE ( 'NONE', *, *, #5651, .T. ) ;
#4236 = LINE ( 'NONE', #1810, #985 ) ;
#4237 = ORIENTED_EDGE ( 'NONE', *, *, #2356, .F. ) ;
#4238 = DIRECTION ( 'NONE',  ( 0.000000000000000000, 0.000000000000000000, -1.000000000000000000 ) ) ;
#4239 = UNCERTAINTY_MEASURE_WITH_UNIT (LENGTH_MEASURE( 1.000000000000000082E-05 ), #144, 'distance_accuracy_value', 'NONE');
#4240 = VECTOR ( 'NONE', #2737, 1000.000000000000000 ) ;
#4241 = ORIENTED_EDGE ( 'NONE', *, *, #4181, .F. ) ;
#4242 = DIRECTION ( 'NONE',  ( -3.560066835027028802E-15, -0.000000000000000000, -1.000000000000000000 ) ) ;
#4243 = DIRECTION ( 'NONE',  ( -0.05233595624294388321, 1.615994494162831900E-16, -0.9986295347545739443 ) ) ;
#4244 = LINE ( 'NONE', #4852, #4779 ) ;
#4245 =( LENGTH_UNIT ( ) NAMED_UNIT ( * ) SI_UNIT ( .MILLI., .METRE. ) );
#4246 = VERTEX_POINT ( 'NONE', #5717 ) ;
#4247 = PLANE ( 'NONE',  #4042 ) ;
#4248 = VECTOR ( 'NONE', #3722, 1000.000000000000000 ) ;
#4249 = ORIENTED_EDGE ( 'NONE', *, *, #127, .F. ) ;
#4250 = PLANE ( 'NONE',  #5165 ) ;
#4251 = LINE ( 'NONE', #2080, #3210 ) ;
#4252 =( NAMED_UNIT ( * ) SI_UNIT ( $, .STERADIAN. ) SOLID_ANGLE_UNIT ( ) );
#4253 = VERTEX_POINT ( 'NONE', #4345 ) ;
#4254 = VECTOR ( 'NONE', #4829, 1000.000000000000000 ) ;
#4255 = EDGE_CURVE ( 'NONE', #152, #3042, #1883, .T. ) ;
#4256 = ORIENTED_EDGE ( 'NONE', *, *, #208, .F. ) ;
#4257 = CARTESIAN_POINT ( 'NONE',  ( -1.750000000000000444, 1.749999999999999778, 0.000000000000000000 ) ) ;
#4258 =( NAMED_UNIT ( * ) PLANE_ANGLE_UNIT ( ) SI_UNIT ( $, .RADIAN. ) );
#4259 = CARTESIAN_POINT ( 'NONE',  ( 1.002233606196060833, -0.3931352454715011935, -0.8699999999999999956 ) ) ;
#4260 = FILL_AREA_STYLE ('',( #1997 ) ) ;
#4261 = AXIS2_PLACEMENT_3D ( 'NONE', #5240, #4722, #5757 ) ;
#4262 = PRESENTATION_LAYER_ASSIGNMENT (  '', '', ( #801 ) ) ;
#4263 =( LENGTH_UNIT ( ) NAMED_UNIT ( * ) SI_UNIT ( .MILLI., .METRE. ) );
#4264 = EDGE_CURVE ( 'NONE', #2948, #5866, #4244, .T. ) ;
#4265 = PRESENTATION_LAYER_ASSIGNMENT (  '', '', ( #3383 ) ) ;
#4266 = ORIENTED_EDGE ( 'NONE', *, *, #4350, .F. ) ;
#4267 = DIRECTION ( 'NONE',  ( -1.000000000000000000, 0.000000000000000000, -3.491481338843133355E-15 ) ) ;
#4268 = MECHANICAL_DESIGN_GEOMETRIC_PRESENTATION_REPRESENTATION (  '', ( #1688 ), #1106 ) ;
#4269 = LINE ( 'NONE', #5316, #4127 ) ;
#4270 = MECHANICAL_DESIGN_GEOMETRIC_PRESENTATION_REPRESENTATION (  '', ( #2083 ), #4572 ) ;
#4271 = SURFACE_STYLE_FILL_AREA ( #6063 ) ;
#4272 = AXIS2_PLACEMENT_3D ( 'NONE', #5113, #4103, #2672 ) ;
#4273 = PRESENTATION_LAYER_ASSIGNMENT (  '', '', ( #304 ) ) ;
#4274 = EDGE_CURVE ( 'NONE', #4479, #5952, #5202, .T. ) ;
#4275 = VERTEX_POINT ( 'NONE', #1028 ) ;
#4276 = STYLED_ITEM ( 'NONE', ( #5618 ), #3596 ) ;
#4277 = DIRECTION ( 'NONE',  ( -0.000000000000000000, -0.000000000000000000, -1.000000000000000000 ) ) ;
#4279 = FILL_AREA_STYLE_COLOUR ( '', #458 ) ;
#4278 = VECTOR ( 'NONE', #3769, 1000.000000000000000 ) ;
#4280 = DIRECTION ( 'NONE',  ( -0.000000000000000000, -0.000000000000000000, -1.000000000000000000 ) ) ;
#4281 = CARTESIAN_POINT ( 'NONE',  ( 1.002233606196060611, 1.306864754528498818, -0.8699999999999999956 ) ) ;
#4282 = DIRECTION ( 'NONE',  ( 0.000000000000000000, -1.000000000000000000, 0.000000000000000000 ) ) ;
#4283 = LINE ( 'NONE', #3359, #209 ) ;
#4284 = PLANE ( 'NONE',  #451 ) ;
#4285 = DIRECTION ( 'NONE',  ( -1.000000000000000000, -8.263513526025759881E-17, 0.000000000000000000 ) ) ;
#4286 = EDGE_LOOP ( 'NONE', ( #2411, #1982, #4940, #668, #379 ) ) ;
#4287 = FILL_AREA_STYLE ('',( #2389 ) ) ;
#4288 = LINE ( 'NONE', #1950, #2788 ) ;
#4289 = ORIENTED_EDGE ( 'NONE', *, *, #1405, .T. ) ;
#4290 = FILL_AREA_STYLE_COLOUR ( '', #4835 ) ;
#4291 = FILL_AREA_STYLE_COLOUR ( '', #4894 ) ;
#4292 =( LENGTH_UNIT ( ) NAMED_UNIT ( * ) SI_UNIT ( .MILLI., .METRE. ) );
#4293 = DIRECTION ( 'NONE',  ( -0.000000000000000000, -0.000000000000000000, -1.000000000000000000 ) ) ;
#4294 = ORIENTED_EDGE ( 'NONE', *, *, #1935, .F. ) ;
#4295 = LINE ( 'NONE', #5187, #5599 ) ;
#4296 = DIRECTION ( 'NONE',  ( 0.000000000000000000, 0.000000000000000000, -1.000000000000000000 ) ) ;
#4297 = PRODUCT_RELATED_PRODUCT_CATEGORY ( 'part', '', ( #5754 ) ) ;
#4298 = UNCERTAINTY_MEASURE_WITH_UNIT (LENGTH_MEASURE( 1.000000000000000082E-05 ), #1109, 'distance_accuracy_value', 'NONE');
#4299 =( NAMED_UNIT ( * ) PLANE_ANGLE_UNIT ( ) SI_UNIT ( $, .RADIAN. ) );
#4300 = ORIENTED_EDGE ( 'NONE', *, *, #4390, .T. ) ;
#4301 = PRESENTATION_STYLE_ASSIGNMENT (( #4737 ) ) ;
#4302 = MECHANICAL_DESIGN_GEOMETRIC_PRESENTATION_REPRESENTATION (  '', ( #5982 ), #4016 ) ;
#4303 = SURFACE_STYLE_FILL_AREA ( #2406 ) ;
#4304 = ORIENTED_EDGE ( 'NONE', *, *, #4350, .T. ) ;
#4305 = DIRECTION ( 'NONE',  ( -0.000000000000000000, -1.000000000000000000, -0.000000000000000000 ) ) ;
#4306 = EDGE_LOOP ( 'NONE', ( #1580, #1396, #2683, #4795 ) ) ;
#4307 = SURFACE_SIDE_STYLE ('',( #1406 ) ) ;
#4308 = ADVANCED_FACE ( 'NONE', ( #4750 ), #2480, .F. ) ;
#4309 = UNCERTAINTY_MEASURE_WITH_UNIT (LENGTH_MEASURE( 1.000000000000000082E-05 ), #3273, 'distance_accuracy_value', 'NONE');
#4310 = ORIENTED_EDGE ( 'NONE', *, *, #2372, .T. ) ;
#4311 = VECTOR ( 'NONE', #2091, 1000.000000000000000 ) ;
#4312 = SURFACE_STYLE_FILL_AREA ( #1502 ) ;
#4313 = EDGE_CURVE ( 'NONE', #4622, #1269, #239, .T. ) ;
#4314 = FILL_AREA_STYLE_COLOUR ( '', #3003 ) ;
#4315 = DIRECTION ( 'NONE',  ( 1.000000000000000000, 0.000000000000000000, 0.000000000000000000 ) ) ;
#4316 = PLANE ( 'NONE',  #4160 ) ;
#4317 = DIRECTION ( 'NONE',  ( -1.000000000000000000, 0.000000000000000000, 0.000000000000000000 ) ) ;
#4318 = SURFACE_SIDE_STYLE ('',( #2419 ) ) ;
#4319 = ORIENTED_EDGE ( 'NONE', *, *, #1226, .T. ) ;
#4320 = FILL_AREA_STYLE ('',( #3827 ) ) ;
#4321 = STYLED_ITEM ( 'NONE', ( #5572 ), #5425 ) ;
#4322 = VERTEX_POINT ( 'NONE', #1609 ) ;
#4323 = SURFACE_STYLE_USAGE ( .BOTH. , #5332 ) ;
#4324 = FACE_OUTER_BOUND ( 'NONE', #759, .T. ) ;
#4325 = LINE ( 'NONE', #1001, #399 ) ;
#4326 = EDGE_LOOP ( 'NONE', ( #487, #1800, #1813, #5071 ) ) ;
#4327 = STYLED_ITEM ( 'NONE', ( #3691 ), #5534 ) ;
#4328 = ORIENTED_EDGE ( 'NONE', *, *, #4190, .F. ) ;
#4329 = CARTESIAN_POINT ( 'NONE',  ( -0.6765465593547973500, -0.01557973693398068474, 0.05000000000000000278 ) ) ;
#4330 = SURFACE_STYLE_USAGE ( .BOTH. , #536 ) ;
#4331 = AXIS2_PLACEMENT_3D ( 'NONE', #5915, #2100, #4553 ) ;
#4332 = MECHANICAL_DESIGN_GEOMETRIC_PRESENTATION_REPRESENTATION (  '', ( #5596 ), #1249 ) ;
#4333 = AXIS2_PLACEMENT_3D ( 'NONE', #1740, #5205, #2386 ) ;
#4334 = LINE ( 'NONE', #3441, #441 ) ;
#4335 =( NAMED_UNIT ( * ) PLANE_ANGLE_UNIT ( ) SI_UNIT ( $, .RADIAN. ) );
#4336 =( NAMED_UNIT ( * ) SI_UNIT ( $, .STERADIAN. ) SOLID_ANGLE_UNIT ( ) );
#4337 = MECHANICAL_DESIGN_GEOMETRIC_PRESENTATION_REPRESENTATION (  '', ( #2856 ), #2256 ) ;
#4338 = LINE ( 'NONE', #3758, #2800 ) ;
#4339 = PRESENTATION_LAYER_ASSIGNMENT (  '', '', ( #5318 ) ) ;
#4340 = ORIENTED_EDGE ( 'NONE', *, *, #2652, .T. ) ;
#4341 = EDGE_CURVE ( 'NONE', #6112, #5170, #5387, .T. ) ;
#4342 = LINE ( 'NONE', #65, #767 ) ;
#4343 =( NAMED_UNIT ( * ) SI_UNIT ( $, .STERADIAN. ) SOLID_ANGLE_UNIT ( ) );
#4344 = SURFACE_STYLE_USAGE ( .BOTH. , #5201 ) ;
#4345 = CARTESIAN_POINT ( 'NONE',  ( 0.4882589707855558570, 0.1605405712692378195, 0.05000000000000000278 ) ) ;
#4346 = SURFACE_STYLE_USAGE ( .BOTH. , #1820 ) ;
#4347 = CLOSED_SHELL ( 'NONE', ( #31, #3227, #42, #1360, #3908, #2260 ) ) ;
#4348 =( NAMED_UNIT ( * ) SI_UNIT ( $, .STERADIAN. ) SOLID_ANGLE_UNIT ( ) );
#4349 = EDGE_CURVE ( 'NONE', #2581, #5562, #3983, .T. ) ;
#4350 = EDGE_CURVE ( 'NONE', #4275, #4971, #1208, .T. ) ;
#4351 = DIRECTION ( 'NONE',  ( 0.000000000000000000, 0.000000000000000000, 1.000000000000000000 ) ) ;
#4352 = DIRECTION ( 'NONE',  ( -7.228014483236693597E-15, 0.000000000000000000, 1.000000000000000000 ) ) ;
#4353 = ORIENTED_EDGE ( 'NONE', *, *, #2681, .T. ) ;
#4354 = EDGE_LOOP ( 'NONE', ( #3310, #5385, #5753, #3616, #1340 ) ) ;
#4355 = LINE ( 'NONE', #3804, #2587 ) ;
#4356 = VERTEX_POINT ( 'NONE', #3054 ) ;
#4357 = VECTOR ( 'NONE', #4972, 1000.000000000000000 ) ;
#4358 = ADVANCED_FACE ( 'NONE', ( #2132 ), #2641, .F. ) ;
#4359 = ORIENTED_EDGE ( 'NONE', *, *, #4620, .F. ) ;
#4360 = LINE ( 'NONE', #49, #6088 ) ;
#4361 = LINE ( 'NONE', #1070, #6129 ) ;
#4362 = DIRECTION ( 'NONE',  ( 0.000000000000000000, 1.618212197739558143E-16, -1.000000000000000000 ) ) ;
#4363 = DIRECTION ( 'NONE',  ( -0.000000000000000000, -1.000000000000000000, -0.000000000000000000 ) ) ;
#4364 = ORIENTED_EDGE ( 'NONE', *, *, #3407, .F. ) ;
#4365 =( NAMED_UNIT ( * ) PLANE_ANGLE_UNIT ( ) SI_UNIT ( $, .RADIAN. ) );
#4366 = DIRECTION ( 'NONE',  ( -1.239088197126290817E-16, 1.000000000000000000, 0.000000000000000000 ) ) ;
#4367 = LINE ( 'NONE', #5645, #5991 ) ;
#4368 = DIRECTION ( 'NONE',  ( -1.000000000000000000, 0.000000000000000000, -3.252606517456512119E-15 ) ) ;
#4369 = STYLED_ITEM ( 'NONE', ( #2514 ), #4508 ) ;
#4370 = EDGE_LOOP ( 'NONE', ( #1080, #2742, #4241, #6119 ) ) ;
#4371 = DIRECTION ( 'NONE',  ( -0.000000000000000000, 0.000000000000000000, -1.000000000000000000 ) ) ;
#4372 = DIRECTION ( 'NONE',  ( 0.000000000000000000, 0.000000000000000000, -1.000000000000000000 ) ) ;
#4373 = UNCERTAINTY_MEASURE_WITH_UNIT (LENGTH_MEASURE( 1.000000000000000082E-05 ), #1057, 'distance_accuracy_value', 'NONE');
#4374 = COLOUR_RGB ( '',0.8980392156862745390, 0.9215686274509803377, 0.9294117647058823817 ) ;
#4375 = COLOUR_RGB ( '',0.000000000000000000, 1.000000000000000000, 0.000000000000000000 ) ;
#4376 = SURFACE_SIDE_STYLE ('',( #480 ) ) ;
#4377 = ORIENTED_EDGE ( 'NONE', *, *, #1094, .F. ) ;
#4378 = AXIS2_PLACEMENT_3D ( 'NONE', #5540, #1733, #4591 ) ;
#4379 = PRESENTATION_LAYER_ASSIGNMENT (  '', '', ( #4679 ) ) ;
#4380 = STYLED_ITEM ( 'NONE', ( #5121 ), #2765 ) ;
#4381 = PRESENTATION_STYLE_ASSIGNMENT (( #553 ) ) ;
#4382 = CARTESIAN_POINT ( 'NONE',  ( 1.902233606196061411, 1.306864754528498374, -0.5700000000000010614 ) ) ;
#4383 = PRESENTATION_LAYER_ASSIGNMENT (  '', '', ( #4980 ) ) ;
#4384 = AXIS2_PLACEMENT_3D ( 'NONE', #271, #5948, #4616 ) ;
#4385 = PLANE ( 'NONE',  #29 ) ;
#4386 = VECTOR ( 'NONE', #5095, 1000.000000000000114 ) ;
#4387 = CARTESIAN_POINT ( 'NONE',  ( 0.5960918573386841945, 0.2498278417103637350, 0.000000000000000000 ) ) ;
#4388 = PLANE ( 'NONE',  #3597 ) ;
#4389 = DIRECTION ( 'NONE',  ( -0.000000000000000000, -0.000000000000000000, -1.000000000000000000 ) ) ;
#4390 = EDGE_CURVE ( 'NONE', #1449, #2404, #143, .T. ) ;
#4391 = VERTEX_POINT ( 'NONE', #5416 ) ;
#4392 = EDGE_LOOP ( 'NONE', ( #3930, #1482, #2018, #6053 ) ) ;
#4393 = SURFACE_STYLE_USAGE ( .BOTH. , #4926 ) ;
#4394 = FILL_AREA_STYLE ('',( #3905 ) ) ;
#4395 = FACE_OUTER_BOUND ( 'NONE', #1495, .T. ) ;
#4396 = ORIENTED_EDGE ( 'NONE', *, *, #4011, .T. ) ;
#4397 = EDGE_CURVE ( 'NONE', #807, #548, #2039, .T. ) ;
#4398 = DIRECTION ( 'NONE',  ( 0.000000000000000000, 1.000000000000000000, 0.000000000000000000 ) ) ;
#4399 = ORIENTED_EDGE ( 'NONE', *, *, #4274, .F. ) ;
#4400 = LINE ( 'NONE', #5260, #3442 ) ;
#4401 = FILL_AREA_STYLE_COLOUR ( '', #3951 ) ;
#4402 = ORIENTED_EDGE ( 'NONE', *, *, #5072, .T. ) ;
#4403 = PRESENTATION_LAYER_ASSIGNMENT (  '', '', ( #3419 ) ) ;
#4404 = DIRECTION ( 'NONE',  ( 0.7071067811865474617, -0.7071067811865476838, 0.000000000000000000 ) ) ;
#4405 = LINE ( 'NONE', #3421, #3892 ) ;
#4406 = CARTESIAN_POINT ( 'NONE',  ( 1.321228911128271788, -0.8360159872360370947, 0.05000000000000000278 ) ) ;
#4407 =( LENGTH_UNIT ( ) NAMED_UNIT ( * ) SI_UNIT ( .MILLI., .METRE. ) );
#4408 =( LENGTH_UNIT ( ) NAMED_UNIT ( * ) SI_UNIT ( .MILLI., .METRE. ) );
#4409 = SURFACE_STYLE_USAGE ( .BOTH. , #526 ) ;
#4410 = VERTEX_POINT ( 'NONE', #2072 ) ;
#4411 = DIRECTION ( 'NONE',  ( 0.000000000000000000, 0.000000000000000000, -1.000000000000000000 ) ) ;
#4412 = ORIENTED_EDGE ( 'NONE', *, *, #5659, .F. ) ;
#4413 = SURFACE_SIDE_STYLE ('',( #4046 ) ) ;
#4414 = FILL_AREA_STYLE ('',( #5421 ) ) ;
#4415 = PLANE ( 'NONE',  #2789 ) ;
#4416 = AXIS2_PLACEMENT_3D ( 'NONE', #168, #2063, #227 ) ;
#4417 = DIRECTION ( 'NONE',  ( -1.000000000000000000, -0.000000000000000000, -0.000000000000000000 ) ) ;
#4418 = AXIS2_PLACEMENT_3D ( 'NONE', #3220, #412, #1357 ) ;
#4419 = ORIENTED_EDGE ( 'NONE', *, *, #4811, .T. ) ;
#4420 = VECTOR ( 'NONE', #1858, 1000.000000000000000 ) ;
#4421 =( NAMED_UNIT ( * ) SI_UNIT ( $, .STERADIAN. ) SOLID_ANGLE_UNIT ( ) );
#4422 = EDGE_CURVE ( 'NONE', #1203, #4391, #3545, .T. ) ;
#4423 = CARTESIAN_POINT ( 'NONE',  ( 1.708073776573566738, 0.5068647545284988842, -0.8000000000000000444 ) ) ;
#4424 = VERTEX_POINT ( 'NONE', #3578 ) ;
#4425 = PLANE ( 'NONE',  #4817 ) ;
#4426 = UNCERTAINTY_MEASURE_WITH_UNIT (LENGTH_MEASURE( 1.000000000000000082E-05 ), #5709, 'distance_accuracy_value', 'NONE');
#4427 =( NAMED_UNIT ( * ) SI_UNIT ( $, .STERADIAN. ) SOLID_ANGLE_UNIT ( ) );
#4428 =( LENGTH_UNIT ( ) NAMED_UNIT ( * ) SI_UNIT ( .MILLI., .METRE. ) );
#4429 = AXIS2_PLACEMENT_3D ( 'NONE', #931, #409, #2834 ) ;
#4430 = DIRECTION ( 'NONE',  ( 0.000000000000000000, -0.000000000000000000, -1.000000000000000000 ) ) ;
#4431 = COLOUR_RGB ( '',0.8313725490196077761, 0.8392156862745098200, 0.8313725490196077761 ) ;
#4432 = EDGE_CURVE ( 'NONE', #5286, #6061, #3085, .T. ) ;
#4433 = LINE ( 'NONE', #1686, #4033 ) ;
#4434 = ADVANCED_FACE ( 'NONE', ( #743 ), #4527, .F. ) ;
#4435 =( GEOMETRIC_REPRESENTATION_CONTEXT ( 3 ) GLOBAL_UNCERTAINTY_ASSIGNED_CONTEXT ( ( #4874 ) ) GLOBAL_UNIT_ASSIGNED_CONTEXT ( ( #3662, #3256, #1809 ) ) REPRESENTATION_CONTEXT ( 'NONE', 'WORKASPACE' ) );
#4436 = UNCERTAINTY_MEASURE_WITH_UNIT (LENGTH_MEASURE( 1.000000000000000082E-05 ), #4945, 'distance_accuracy_value', 'NONE');
#4437 = DIRECTION ( 'NONE',  ( 0.000000000000000000, 1.000000000000000000, 0.000000000000000000 ) ) ;
#4438 = VECTOR ( 'NONE', #5530, 1000.000000000000000 ) ;
#4439 = PRESENTATION_LAYER_ASSIGNMENT (  '', '', ( #5596 ) ) ;
#4440 = VERTEX_POINT ( 'NONE', #5760 ) ;
#4441 = AXIS2_PLACEMENT_3D ( 'NONE', #539, #5614, #5738 ) ;
#4442 = MECHANICAL_DESIGN_GEOMETRIC_PRESENTATION_REPRESENTATION (  '', ( #960 ), #5131 ) ;
#4443 = CARTESIAN_POINT ( 'NONE',  ( 0.2103187164337327886, -1.454651929937279320, 0.000000000000000000 ) ) ;
#4444 = CARTESIAN_POINT ( 'NONE',  ( -1.708073776573567404, -1.431434946801787955, -0.6700000000000000400 ) ) ;
#4445 = COLOUR_RGB ( '',0.8313725490196077761, 0.8392156862745098200, 0.8313725490196077761 ) ;
#4446 = CYLINDRICAL_SURFACE ( 'NONE', #5430, 0.3000000000000000999 ) ;
#4447 = CARTESIAN_POINT ( 'NONE',  ( -1.902233606196060967, 1.306864754528498374, -0.6700000000000007061 ) ) ;
#4448 = ORIENTED_EDGE ( 'NONE', *, *, #1416, .T. ) ;
#4449 = FILL_AREA_STYLE ('',( #2548 ) ) ;
#4450 = SURFACE_STYLE_USAGE ( .BOTH. , #2014 ) ;
#4451 = AXIS2_PLACEMENT_3D ( 'NONE', #4207, #6095, #1844 ) ;
#4452 = SURFACE_STYLE_USAGE ( .BOTH. , #4507 ) ;
#4453 = CARTESIAN_POINT ( 'NONE',  ( 0.4823405661655014720, -0.2871897488101240459, 0.05000000000000000278 ) ) ;
#4454 = EDGE_LOOP ( 'NONE', ( #3246, #3385, #4034, #4865 ) ) ;
#4455 = DIRECTION ( 'NONE',  ( -1.000000000000000000, 0.000000000000000000, -3.560066835027028802E-15 ) ) ;
#4456 = SURFACE_STYLE_FILL_AREA ( #5460 ) ;
#4457 = EDGE_LOOP ( 'NONE', ( #4561, #3466, #2992, #5871 ) ) ;
#4458 =( NAMED_UNIT ( * ) SI_UNIT ( $, .STERADIAN. ) SOLID_ANGLE_UNIT ( ) );
#4459 = ADVANCED_FACE ( 'NONE', ( #1983 ), #2423, .F. ) ;
#4460 = LINE ( 'NONE', #4006, #1332 ) ;
#4461 =( GEOMETRIC_REPRESENTATION_CONTEXT ( 3 ) GLOBAL_UNCERTAINTY_ASSIGNED_CONTEXT ( ( #4935 ) ) GLOBAL_UNIT_ASSIGNED_CONTEXT ( ( #390, #4776, #1371 ) ) REPRESENTATION_CONTEXT ( 'NONE', 'WORKASPACE' ) );
#4462 = SURFACE_SIDE_STYLE ('',( #103 ) ) ;
#4463 =( NAMED_UNIT ( * ) PLANE_ANGLE_UNIT ( ) SI_UNIT ( $, .RADIAN. ) );
#4464 = ADVANCED_FACE ( 'NONE', ( #1512 ), #4388, .F. ) ;
#4465 = LINE ( 'NONE', #681, #5703 ) ;
#4466 = VECTOR ( 'NONE', #5648, 1000.000000000000000 ) ;
#4467 = PLANE ( 'NONE',  #1912 ) ;
#4468 = ORIENTED_EDGE ( 'NONE', *, *, #5700, .F. ) ;
#4469 = CARTESIAN_POINT ( 'NONE',  ( 1.749999999999999556, 1.653762470121484363, 1.100000000000000311 ) ) ;
#4470 = AXIS2_PLACEMENT_3D ( 'NONE', #3966, #1239, #1676 ) ;
#4471 =( GEOMETRIC_REPRESENTATION_CONTEXT ( 3 ) GLOBAL_UNCERTAINTY_ASSIGNED_CONTEXT ( ( #6087 ) ) GLOBAL_UNIT_ASSIGNED_CONTEXT ( ( #3991, #1671, #3584 ) ) REPRESENTATION_CONTEXT ( 'NONE', 'WORKASPACE' ) );
#4472 = EDGE_CURVE ( 'NONE', #2907, #2918, #5455, .T. ) ;
#4473 =( GEOMETRIC_REPRESENTATION_CONTEXT ( 3 ) GLOBAL_UNCERTAINTY_ASSIGNED_CONTEXT ( ( #3200 ) ) GLOBAL_UNIT_ASSIGNED_CONTEXT ( ( #2156, #4494, #2628 ) ) REPRESENTATION_CONTEXT ( 'NONE', 'WORKASPACE' ) );
#4474 = ORIENTED_EDGE ( 'NONE', *, *, #1827, .F. ) ;
#4475 = VERTEX_POINT ( 'NONE', #3307 ) ;
#4476 = DIRECTION ( 'NONE',  ( 0.000000000000000000, 0.000000000000000000, 1.000000000000000000 ) ) ;
#4477 = VECTOR ( 'NONE', #1349, 1000.000000000000000 ) ;
#4478 =( GEOMETRIC_REPRESENTATION_CONTEXT ( 3 ) GLOBAL_UNCERTAINTY_ASSIGNED_CONTEXT ( ( #1862 ) ) GLOBAL_UNIT_ASSIGNED_CONTEXT ( ( #1212, #1705, #4186 ) ) REPRESENTATION_CONTEXT ( 'NONE', 'WORKASPACE' ) );
#4479 = VERTEX_POINT ( 'NONE', #933 ) ;
#4480 = PLANE ( 'NONE',  #611 ) ;
#4481 = DIRECTION ( 'NONE',  ( 0.000000000000000000, 0.000000000000000000, 1.000000000000000000 ) ) ;
#4482 = CARTESIAN_POINT ( 'NONE',  ( -1.002233606196060611, 1.306864754528498818, -0.8699999999999999956 ) ) ;
#4483 =( GEOMETRIC_REPRESENTATION_CONTEXT ( 3 ) GLOBAL_UNCERTAINTY_ASSIGNED_CONTEXT ( ( #3251 ) ) GLOBAL_UNIT_ASSIGNED_CONTEXT ( ( #4072, #3144, #3832 ) ) REPRESENTATION_CONTEXT ( 'NONE', 'WORKASPACE' ) );
#4484 = VERTEX_POINT ( 'NONE', #2837 ) ;
#4485 = DIRECTION ( 'NONE',  ( 3.560066835027028802E-15, -1.618212197739558143E-16, 1.000000000000000000 ) ) ;
#4486 = CARTESIAN_POINT ( 'NONE',  ( 1.702233606196062787, 1.306864754528498374, -0.2999999999999994893 ) ) ;
#4487 = VECTOR ( 'NONE', #5096, 1000.000000000000000 ) ;
#4488 = ORIENTED_EDGE ( 'NONE', *, *, #1007, .F. ) ;
#4489 = ORIENTED_EDGE ( 'NONE', *, *, #2222, .F. ) ;
#4490 = UNCERTAINTY_MEASURE_WITH_UNIT (LENGTH_MEASURE( 1.000000000000000082E-05 ), #590, 'distance_accuracy_value', 'NONE');
#4491 =( NAMED_UNIT ( * ) SI_UNIT ( $, .STERADIAN. ) SOLID_ANGLE_UNIT ( ) );
#4492 = DIRECTION ( 'NONE',  ( 7.228014483236693597E-15, 0.000000000000000000, 1.000000000000000000 ) ) ;
#4493 = PRODUCT_DEFINITION ( 'ๆ', '', #1221, #1682 ) ;
#4494 =( NAMED_UNIT ( * ) PLANE_ANGLE_UNIT ( ) SI_UNIT ( $, .RADIAN. ) );
#4495 = UNCERTAINTY_MEASURE_WITH_UNIT (LENGTH_MEASURE( 1.000000000000000082E-05 ), #1215, 'distance_accuracy_value', 'NONE');
#4496 = DIRECTION ( 'NONE',  ( -3.560066835027028802E-15, -1.618212197739558143E-16, 1.000000000000000000 ) ) ;
#4497 = FACE_OUTER_BOUND ( 'NONE', #1352, .T. ) ;
#4498 = PRESENTATION_STYLE_ASSIGNMENT (( #2604 ) ) ;
#4499 = EDGE_LOOP ( 'NONE', ( #5763, #1372, #5849, #2777 ) ) ;
#4500 = ADVANCED_FACE ( 'NONE', ( #4724 ), #4250, .T. ) ;
#4501 = FILL_AREA_STYLE_COLOUR ( '', #3718 ) ;
#4502 = LINE ( 'NONE', #866, #1988 ) ;
#4503 = DIRECTION ( 'NONE',  ( -1.000000000000000000, -0.000000000000000000, -0.000000000000000000 ) ) ;
#4504 = FACE_OUTER_BOUND ( 'NONE', #2719, .T. ) ;
#4505 = ORIENTED_EDGE ( 'NONE', *, *, #2793, .T. ) ;
#4506 = ADVANCED_FACE ( 'NONE', ( #215 ), #2614, .F. ) ;
#4507 = SURFACE_SIDE_STYLE ('',( #118 ) ) ;
#4508 = MANIFOLD_SOLID_BREP ( '\X2\0411043e0431044b0448043a0430\X0\-\X2\0412044b0442044f043d04430442044c\X0\4[3]', #578 ) ;
#4509 =( NAMED_UNIT ( * ) SI_UNIT ( $, .STERADIAN. ) SOLID_ANGLE_UNIT ( ) );
#4510 = VECTOR ( 'NONE', #1721, 1000.000000000000000 ) ;
#4511 = PLANE ( 'NONE',  #4923 ) ;
#4512 = CYLINDRICAL_SURFACE ( 'NONE', #1377, 0.1499999999999999667 ) ;
#4513 = LINE ( 'NONE', #3069, #4558 ) ;
#4514 = MECHANICAL_DESIGN_GEOMETRIC_PRESENTATION_REPRESENTATION (  '', ( #1822 ), #2026 ) ;
#4515 = ORIENTED_EDGE ( 'NONE', *, *, #62, .T. ) ;
#4516 = EDGE_LOOP ( 'NONE', ( #4183, #6080, #2306, #3990 ) ) ;
#4517 = SURFACE_STYLE_FILL_AREA ( #1567 ) ;
#4518 = MECHANICAL_DESIGN_GEOMETRIC_PRESENTATION_REPRESENTATION (  '', ( #3430 ), #4027 ) ;
#4519 = CARTESIAN_POINT ( 'NONE',  ( 0.4823405661655014720, -0.2871897488101240459, 0.05000000000000000278 ) ) ;
#4520 = DIRECTION ( 'NONE',  ( 1.000000000000000000, 0.000000000000000000, 0.000000000000000000 ) ) ;
#4521 = SURFACE_SIDE_STYLE ('',( #5439 ) ) ;
#4522 = COLOUR_RGB ( '',0.8313725490196077761, 0.8392156862745098200, 0.8313725490196077761 ) ;
#4523 =( NAMED_UNIT ( * ) PLANE_ANGLE_UNIT ( ) SI_UNIT ( $, .RADIAN. ) );
#4524 = EDGE_LOOP ( 'NONE', ( #4010, #1091, #3289, #4198, #1463 ) ) ;
#4525 = CYLINDRICAL_SURFACE ( 'NONE', #4384, 0.1499999999999999667 ) ;
#4526 = CARTESIAN_POINT ( 'NONE',  ( -1.847999750298894416E-16, -1.193135245471500738, -0.8000000000000000444 ) ) ;
#4527 = PLANE ( 'NONE',  #1205 ) ;
#4528 = AXIS2_PLACEMENT_3D ( 'NONE', #1247, #319, #5133 ) ;
#4529 = PLANE ( 'NONE',  #3756 ) ;
#4530 = ORIENTED_EDGE ( 'NONE', *, *, #854, .T. ) ;
#4531 = ADVANCED_FACE ( 'NONE', ( #2110 ), #3038, .F. ) ;
#4532 = PRESENTATION_LAYER_ASSIGNMENT (  '', '', ( #1339 ) ) ;
#4533 =( GEOMETRIC_REPRESENTATION_CONTEXT ( 3 ) GLOBAL_UNCERTAINTY_ASSIGNED_CONTEXT ( ( #1570 ) ) GLOBAL_UNIT_ASSIGNED_CONTEXT ( ( #3821, #32, #5655 ) ) REPRESENTATION_CONTEXT ( 'NONE', 'WORKASPACE' ) );
#4534 = DIRECTION ( 'NONE',  ( 1.000000000000000000, 0.000000000000000000, 0.000000000000000000 ) ) ;
#4535 = SURFACE_STYLE_USAGE ( .BOTH. , #5392 ) ;
#4536 = MECHANICAL_DESIGN_GEOMETRIC_PRESENTATION_REPRESENTATION (  '', ( #54 ), #461 ) ;
#4537 = DIRECTION ( 'NONE',  ( 0.000000000000000000, 1.000000000000000000, 0.000000000000000000 ) ) ;
#4538 = ADVANCED_FACE ( 'NONE', ( #1816 ), #5088, .F. ) ;
#4539 = ORIENTED_EDGE ( 'NONE', *, *, #4900, .F. ) ;
#4540 = SURFACE_STYLE_USAGE ( .BOTH. , #3155 ) ;
#4541 = CARTESIAN_POINT ( 'NONE',  ( -1.097766393803939255, -1.193135245471500960, -0.8000000000000000444 ) ) ;
#4542 = CIRCLE ( 'NONE', #275, 0.5500000000000000444 ) ;
#4543 = ORIENTED_EDGE ( 'NONE', *, *, #4020, .T. ) ;
#4544 = CARTESIAN_POINT ( 'NONE',  ( 1.750000000000000000, -1.193135245471501404, -4.878909776184769953E-16 ) ) ;
#4545 = PRESENTATION_STYLE_ASSIGNMENT (( #5347 ) ) ;
#4546 = ADVANCED_FACE ( 'NONE', ( #2711 ), #2205, .F. ) ;
#4547 = PRESENTATION_STYLE_ASSIGNMENT (( #763 ) ) ;
#4548 = CARTESIAN_POINT ( 'NONE',  ( 1.902233606196063631, -1.699999999999999956, -6.762711050878333907E-15 ) ) ;
#4549 = DIRECTION ( 'NONE',  ( -1.000000000000000000, -0.000000000000000000, -0.000000000000000000 ) ) ;
#4550 =( NAMED_UNIT ( * ) SI_UNIT ( $, .STERADIAN. ) SOLID_ANGLE_UNIT ( ) );
#4551 = FILL_AREA_STYLE_COLOUR ( '', #5841 ) ;
#4552 = UNCERTAINTY_MEASURE_WITH_UNIT (LENGTH_MEASURE( 1.000000000000000082E-05 ), #3864, 'distance_accuracy_value', 'NONE');
#4553 = DIRECTION ( 'NONE',  ( 1.000000000000000000, 0.000000000000000000, -0.000000000000000000 ) ) ;
#4554 = FACE_OUTER_BOUND ( 'NONE', #4952, .T. ) ;
#4555 = CARTESIAN_POINT ( 'NONE',  ( 0.2971365777156378396, -0.2871897488101240459, 0.1500000000000000222 ) ) ;
#4556 = FILL_AREA_STYLE ('',( #3697 ) ) ;
#4557 = SURFACE_STYLE_FILL_AREA ( #3608 ) ;
#4558 = VECTOR ( 'NONE', #2116, 1000.000000000000000 ) ;
#4559 = CARTESIAN_POINT ( 'NONE',  ( 0.4971365777156377397, 0.5212690557775702116, 0.1500000000000000222 ) ) ;
#4560 = ORIENTED_EDGE ( 'NONE', *, *, #172, .T. ) ;
#4561 = ORIENTED_EDGE ( 'NONE', *, *, #2223, .F. ) ;
#4562 = SURFACE_STYLE_USAGE ( .BOTH. , #3057 ) ;
#4563 = STYLED_ITEM ( 'NONE', ( #2268 ), #1605 ) ;
#4564 = STYLED_ITEM ( 'NONE', ( #1411 ), #4590 ) ;
#4565 =( LENGTH_UNIT ( ) NAMED_UNIT ( * ) SI_UNIT ( .MILLI., .METRE. ) );
#4566 = PRESENTATION_STYLE_ASSIGNMENT (( #332 ) ) ;
#4567 =( NAMED_UNIT ( * ) SI_UNIT ( $, .STERADIAN. ) SOLID_ANGLE_UNIT ( ) );
#4568 = MECHANICAL_DESIGN_GEOMETRIC_PRESENTATION_REPRESENTATION (  '', ( #3779 ), #3111 ) ;
#4569 = DIRECTION ( 'NONE',  ( 0.000000000000000000, 0.000000000000000000, -1.000000000000000000 ) ) ;
#4570 = VECTOR ( 'NONE', #967, 1000.000000000000000 ) ;
#4571 = STYLED_ITEM ( 'NONE', ( #3642 ), #3227 ) ;
#4572 =( GEOMETRIC_REPRESENTATION_CONTEXT ( 3 ) GLOBAL_UNCERTAINTY_ASSIGNED_CONTEXT ( ( #1200 ) ) GLOBAL_UNIT_ASSIGNED_CONTEXT ( ( #2533, #679, #2096 ) ) REPRESENTATION_CONTEXT ( 'NONE', 'WORKASPACE' ) );
#4573 = CARTESIAN_POINT ( 'NONE',  ( -0.8265465593547973722, -0.5565939275861466751, 0.000000000000000000 ) ) ;
#4574 =( LENGTH_UNIT ( ) NAMED_UNIT ( * ) SI_UNIT ( .MILLI., .METRE. ) );
#4575 = VERTEX_POINT ( 'NONE', #5748 ) ;
#4576 = ADVANCED_FACE ( 'NONE', ( #3822 ), #66, .T. ) ;
#4577 = PRESENTATION_LAYER_ASSIGNMENT (  '', '', ( #6040 ) ) ;
#4578 = VECTOR ( 'NONE', #1285, 1000.000000000000000 ) ;
#4579 = STYLED_ITEM ( 'NONE', ( #5204 ), #2833 ) ;
#4580 = COLOUR_RGB ( '',0.8980392156862745390, 0.9215686274509803377, 0.9294117647058823817 ) ;
#4581 = CARTESIAN_POINT ( 'NONE',  ( -1.602233606196061144, 0.5068647545285002165, -0.8699999999999999956 ) ) ;
#4582 = EDGE_CURVE ( 'NONE', #1710, #4275, #2319, .T. ) ;
#4583 = SURFACE_STYLE_USAGE ( .BOTH. , #587 ) ;
#4584 = PRESENTATION_STYLE_ASSIGNMENT (( #5022 ) ) ;
#4585 = SURFACE_STYLE_FILL_AREA ( #5949 ) ;
#4586 =( NAMED_UNIT ( * ) SI_UNIT ( $, .STERADIAN. ) SOLID_ANGLE_UNIT ( ) );
#4587 = EDGE_LOOP ( 'NONE', ( #4656, #4399, #249, #3501 ) ) ;
#4588 = LINE ( 'NONE', #3264, #3252 ) ;
#4589 = CARTESIAN_POINT ( 'NONE',  ( -1.482564226095967941, 0.4077874617970526638, 0.000000000000000000 ) ) ;
#4590 = MANIFOLD_SOLID_BREP ( '\X2\0411043e0431044b0448043a0430\X0\-\X2\0412044b0442044f043d04430442044c\X0\4[4]', #1082 ) ;
#4591 = DIRECTION ( 'NONE',  ( 1.000000000000000000, 0.000000000000000000, 0.000000000000000000 ) ) ;
#4592 = SURFACE_STYLE_FILL_AREA ( #6039 ) ;
#4593 = ORIENTED_EDGE ( 'NONE', *, *, #4951, .F. ) ;
#4594 = CARTESIAN_POINT ( 'NONE',  ( 1.708073776573566738, 2.116454056373235472E-16, -0.8000000000000000444 ) ) ;
#4595 = PLANE ( 'NONE',  #6034 ) ;
#4596 = ORIENTED_EDGE ( 'NONE', *, *, #208, .T. ) ;
#4597 = SURFACE_STYLE_USAGE ( .BOTH. , #3188 ) ;
#4598 = FACE_OUTER_BOUND ( 'NONE', #1066, .T. ) ;
#4599 = SURFACE_STYLE_FILL_AREA ( #6050 ) ;
#4600 = VECTOR ( 'NONE', #387, 1000.000000000000000 ) ;
#4601 = ORIENTED_EDGE ( 'NONE', *, *, #4390, .F. ) ;
#4602 = EDGE_CURVE ( 'NONE', #4782, #4137, #5234, .T. ) ;
#4603 = DIRECTION ( 'NONE',  ( 0.000000000000000000, -1.000000000000000000, 0.000000000000000000 ) ) ;
#4604 = LINE ( 'NONE', #4645, #3894 ) ;
#4605 = PRESENTATION_LAYER_ASSIGNMENT (  '', '', ( #3824 ) ) ;
#4606 = FILL_AREA_STYLE ('',( #3658 ) ) ;
#4607 = UNCERTAINTY_MEASURE_WITH_UNIT (LENGTH_MEASURE( 1.000000000000000082E-05 ), #448, 'distance_accuracy_value', 'NONE');
#4608 = VECTOR ( 'NONE', #5034, 1000.000000000000000 ) ;
#4609 = EDGE_CURVE ( 'NONE', #2441, #745, #4213, .T. ) ;
#4610 = EDGE_CURVE ( 'NONE', #2767, #3903, #3298, .T. ) ;
#4611 = CARTESIAN_POINT ( 'NONE',  ( 1.902233606196063187, -0.3931352454715015821, -0.3000000000000001554 ) ) ;
#4612 = FILL_AREA_STYLE_COLOUR ( '', #4522 ) ;
#4613 = CARTESIAN_POINT ( 'NONE',  ( 0.2971365777156378396, -0.4871897488101240015, 0.1500000000000000222 ) ) ;
#4614 = PRESENTATION_LAYER_ASSIGNMENT (  '', '', ( #3052 ) ) ;
#4615 = ORIENTED_EDGE ( 'NONE', *, *, #5059, .F. ) ;
#4616 = DIRECTION ( 'NONE',  ( -1.000000000000000000, 0.000000000000000000, 0.000000000000000000 ) ) ;
#4617 = DIRECTION ( 'NONE',  ( 0.000000000000000000, 1.000000000000000000, 0.000000000000000000 ) ) ;
#4618 = CARTESIAN_POINT ( 'NONE',  ( -1.653762470121483918, -1.750000000000000666, 1.100000000000000311 ) ) ;
#4619 = STYLED_ITEM ( 'NONE', ( #3721 ), #5542 ) ;
#4620 = EDGE_CURVE ( 'NONE', #437, #2907, #5176, .T. ) ;
#4621 = ORIENTED_EDGE ( 'NONE', *, *, #1875, .T. ) ;
#4622 = VERTEX_POINT ( 'NONE', #6128 ) ;
#4623 =( GEOMETRIC_REPRESENTATION_CONTEXT ( 3 ) GLOBAL_UNCERTAINTY_ASSIGNED_CONTEXT ( ( #5341 ) ) GLOBAL_UNIT_ASSIGNED_CONTEXT ( ( #881, #6055, #2783 ) ) REPRESENTATION_CONTEXT ( 'NONE', 'WORKASPACE' ) );
#4624 = CARTESIAN_POINT ( 'NONE',  ( 0.2971365777156376731, 0.5212690557775702116, 0.1500000000000000222 ) ) ;
#4625 = FILL_AREA_STYLE ('',( #3235 ) ) ;
#4626 = SURFACE_STYLE_USAGE ( .BOTH. , #2735 ) ;
#4627 =( NAMED_UNIT ( * ) SI_UNIT ( $, .STERADIAN. ) SOLID_ANGLE_UNIT ( ) );
#4628 = EDGE_LOOP ( 'NONE', ( #3635, #5961, #253, #5549 ) ) ;
#4629 = VECTOR ( 'NONE', #5975, 1000.000000000000000 ) ;
#4630 = STYLED_ITEM ( 'NONE', ( #2582 ), #510 ) ;
#4631 = CARTESIAN_POINT ( 'NONE',  ( 0.2971365777156377841, 0.1605405712692378195, 0.05000000000000000278 ) ) ;
#4632 = FACE_OUTER_BOUND ( 'NONE', #2332, .T. ) ;
#4633 = CARTESIAN_POINT ( 'NONE',  ( 1.653762470121483252, 1.653762470121484363, 1.100000000000000311 ) ) ;
#4634 = VECTOR ( 'NONE', #3944, 1000.000000000000000 ) ;
#4635 = VERTEX_POINT ( 'NONE', #1907 ) ;
#4636 = FACE_OUTER_BOUND ( 'NONE', #2333, .T. ) ;
#4637 = LINE ( 'NONE', #4087, #2708 ) ;
#4638 = CARTESIAN_POINT ( 'NONE',  ( -1.602233606196061144, 0.5068647545284987732, -0.5700000000000000622 ) ) ;
#4639 = ORIENTED_EDGE ( 'NONE', *, *, #3113, .F. ) ;
#4640 = MANIFOLD_SOLID_BREP ( '\X2\0411043e0431044b0448043a0430\X0\-\X2\0412044b0442044f043d04430442044c\X0\5[2]', #4347 ) ;
#4641 = VECTOR ( 'NONE', #3728, 1000.000000000000000 ) ;
#4642 = ORIENTED_EDGE ( 'NONE', *, *, #3292, .F. ) ;
#4643 = SURFACE_SIDE_STYLE ('',( #348 ) ) ;
#4644 = CARTESIAN_POINT ( 'NONE',  ( 0.3603187164337327553, 0.09982784171036376830, 0.05000000000000000278 ) ) ;
#4645 = CARTESIAN_POINT ( 'NONE',  ( 1.702233606196061233, 1.306864754528498374, -0.5700000000000003952 ) ) ;
#4646 = ADVANCED_FACE ( 'NONE', ( #3028 ), #1881, .T. ) ;
#4647 = PLANE ( 'NONE',  #2589 ) ;
#4648 =( GEOMETRIC_REPRESENTATION_CONTEXT ( 3 ) GLOBAL_UNCERTAINTY_ASSIGNED_CONTEXT ( ( #2066 ) ) GLOBAL_UNIT_ASSIGNED_CONTEXT ( ( #3488, #1506, #113 ) ) REPRESENTATION_CONTEXT ( 'NONE', 'WORKASPACE' ) );
#4649 = LINE ( 'NONE', #5972, #5189 ) ;
#4650 = CARTESIAN_POINT ( 'NONE',  ( -1.902233606196062521, -1.193135245471501404, -0.3000000000000002109 ) ) ;
#4651 = MANIFOLD_SOLID_BREP ( '\X2\0411043e0431044b0448043a0430\X0\-\X2\0412044b0442044f043d04430442044c\X0\5[1]', #3171 ) ;
#4652 = PRESENTATION_STYLE_ASSIGNMENT (( #476 ) ) ;
#4653 = ORIENTED_EDGE ( 'NONE', *, *, #4341, .T. ) ;
#4654 = ADVANCED_FACE ( 'NONE', ( #1144 ), #4467, .T. ) ;
#4655 = CARTESIAN_POINT ( 'NONE',  ( 1.529342803400621564, 1.509106996110444410, 0.05000000000000000278 ) ) ;
#4656 = ORIENTED_EDGE ( 'NONE', *, *, #2615, .T. ) ;
#4657 = DIRECTION ( 'NONE',  ( 0.05233595624294388321, 0.000000000000000000, -0.9986295347545739443 ) ) ;
#4658 = SURFACE_SIDE_STYLE ('',( #3612 ) ) ;
#4659 = STYLED_ITEM ( 'NONE', ( #2021 ), #1454 ) ;
#4660 = ADVANCED_FACE ( 'NONE', ( #4497 ), #1222, .T. ) ;
#4661 = LINE ( 'NONE', #404, #4477 ) ;
#4662 = VERTEX_POINT ( 'NONE', #232 ) ;
#4663 = DIRECTION ( 'NONE',  ( 8.843950781956522636E-17, -1.000000000000000000, 0.000000000000000000 ) ) ;
#4664 = MECHANICAL_DESIGN_GEOMETRIC_PRESENTATION_REPRESENTATION (  '', ( #4769 ), #3281 ) ;
#4665 = ORIENTED_EDGE ( 'NONE', *, *, #5244, .T. ) ;
#4666 =( LENGTH_UNIT ( ) NAMED_UNIT ( * ) SI_UNIT ( .MILLI., .METRE. ) );
#4667 = MECHANICAL_DESIGN_GEOMETRIC_PRESENTATION_REPRESENTATION (  '', ( #3882 ), #6004 ) ;
#4668 = ORIENTED_EDGE ( 'NONE', *, *, #473, .F. ) ;
#4669 = COLOUR_RGB ( '',0.8313725490196077761, 0.8392156862745098200, 0.8313725490196077761 ) ;
#4670 =( GEOMETRIC_REPRESENTATION_CONTEXT ( 3 ) GLOBAL_UNCERTAINTY_ASSIGNED_CONTEXT ( ( #2880 ) ) GLOBAL_UNIT_ASSIGNED_CONTEXT ( ( #2206, #1265, #6011 ) ) REPRESENTATION_CONTEXT ( 'NONE', 'WORKASPACE' ) );
#4671 = ORIENTED_EDGE ( 'NONE', *, *, #6033, .F. ) ;
#4672 = PRESENTATION_STYLE_ASSIGNMENT (( #4174 ) ) ;
#4673 = SURFACE_STYLE_USAGE ( .BOTH. , #5524 ) ;
#4674 = VECTOR ( 'NONE', #4282, 1000.000000000000000 ) ;
#4675 = AXIS2_PLACEMENT_3D ( 'NONE', #649, #5883, #2540 ) ;
#4676 = AXIS2_PLACEMENT_3D ( 'NONE', #2680, #4569, #2297 ) ;
#4677 = UNCERTAINTY_MEASURE_WITH_UNIT (LENGTH_MEASURE( 1.000000000000000082E-05 ), #5957, 'distance_accuracy_value', 'NONE');
#4678 = PRESENTATION_LAYER_ASSIGNMENT (  '', '', ( #6048 ) ) ;
#4679 = STYLED_ITEM ( 'NONE', ( #4584 ), #3568 ) ;
#4680 =( GEOMETRIC_REPRESENTATION_CONTEXT ( 3 ) GLOBAL_UNCERTAINTY_ASSIGNED_CONTEXT ( ( #3625 ) ) GLOBAL_UNIT_ASSIGNED_CONTEXT ( ( #3161, #2304, #316 ) ) REPRESENTATION_CONTEXT ( 'NONE', 'WORKASPACE' ) );
#4681 = ORIENTED_EDGE ( 'NONE', *, *, #5727, .T. ) ;
#4682 = DIRECTION ( 'NONE',  ( 0.000000000000000000, 0.000000000000000000, -1.000000000000000000 ) ) ;
#4683 = UNCERTAINTY_MEASURE_WITH_UNIT (LENGTH_MEASURE( 1.000000000000000082E-05 ), #5092, 'distance_accuracy_value', 'NONE');
#4684 = ORIENTED_EDGE ( 'NONE', *, *, #3181, .F. ) ;
#4685 = EDGE_CURVE ( 'NONE', #2149, #274, #5409, .T. ) ;
#4686 = CARTESIAN_POINT ( 'NONE',  ( 0.5500000000000000444, 6.735557395310442516E-17, -0.6700000000000000400 ) ) ;
#4687 = SURFACE_SIDE_STYLE ('',( #3701 ) ) ;
#4688 =( NAMED_UNIT ( * ) PLANE_ANGLE_UNIT ( ) SI_UNIT ( $, .RADIAN. ) );
#4689 = LINE ( 'NONE', #5716, #4176 ) ;
#4690 = CARTESIAN_POINT ( 'NONE',  ( -1.482564226095967941, 0.4077874617970526638, 0.05000000000000000278 ) ) ;
#4691 = ORIENTED_EDGE ( 'NONE', *, *, #674, .F. ) ;
#4692 = ADVANCED_FACE ( 'NONE', ( #4032 ), #5354, .T. ) ;
#4693 =( LENGTH_UNIT ( ) NAMED_UNIT ( * ) SI_UNIT ( .MILLI., .METRE. ) );
#4694 = VERTEX_POINT ( 'NONE', #5590 ) ;
#4695 =( NAMED_UNIT ( * ) PLANE_ANGLE_UNIT ( ) SI_UNIT ( $, .RADIAN. ) );
#4696 = FACE_OUTER_BOUND ( 'NONE', #5378, .T. ) ;
#4697 = ORIENTED_EDGE ( 'NONE', *, *, #1330, .F. ) ;
#4698 = ORIENTED_EDGE ( 'NONE', *, *, #1786, .F. ) ;
#4699 = SURFACE_STYLE_USAGE ( .BOTH. , #3405 ) ;
#4700 =( NAMED_UNIT ( * ) SI_UNIT ( $, .STERADIAN. ) SOLID_ANGLE_UNIT ( ) );
#4701 =( NAMED_UNIT ( * ) SI_UNIT ( $, .STERADIAN. ) SOLID_ANGLE_UNIT ( ) );
#4702 = LINE ( 'NONE', #917, #2352 ) ;
#4703 = AXIS2_PLACEMENT_3D ( 'NONE', #2790, #422, #2311 ) ;
#4704 = DIRECTION ( 'NONE',  ( -1.000000000000000000, 0.000000000000000000, 0.000000000000000000 ) ) ;
#4705 = FACE_OUTER_BOUND ( 'NONE', #5322, .T. ) ;
#4706 = ORIENTED_EDGE ( 'NONE', *, *, #4811, .F. ) ;
#4707 = SURFACE_SIDE_STYLE ('',( #28 ) ) ;
#4708 = SURFACE_STYLE_USAGE ( .BOTH. , #4778 ) ;
#4709 = VECTOR ( 'NONE', #3468, 1000.000000000000000 ) ;
#4710 = ORIENTED_EDGE ( 'NONE', *, *, #4859, .T. ) ;
#4711 = CYLINDRICAL_SURFACE ( 'NONE', #1633, 0.1499999999999999667 ) ;
#4712 = CARTESIAN_POINT ( 'NONE',  ( 1.002233606196060833, -0.3931352454715011935, -0.8699999999999999956 ) ) ;
#4713 = DIRECTION ( 'NONE',  ( 0.000000000000000000, -1.000000000000000000, 0.000000000000000000 ) ) ;
#4714 = DIRECTION ( 'NONE',  ( -1.000000000000000000, -0.000000000000000000, -0.000000000000000000 ) ) ;
#4715 = PRESENTATION_STYLE_ASSIGNMENT (( #3 ) ) ;
#4716 = MECHANICAL_DESIGN_GEOMETRIC_PRESENTATION_REPRESENTATION (  '', ( #4321 ), #251 ) ;
#4717 =( NAMED_UNIT ( * ) SI_UNIT ( $, .STERADIAN. ) SOLID_ANGLE_UNIT ( ) );
#4718 = EDGE_CURVE ( 'NONE', #4622, #5694, #5578, .T. ) ;
#4719 = ORIENTED_EDGE ( 'NONE', *, *, #2877, .T. ) ;
#4720 =( NAMED_UNIT ( * ) SI_UNIT ( $, .STERADIAN. ) SOLID_ANGLE_UNIT ( ) );
#4721 = PRESENTATION_LAYER_ASSIGNMENT (  '', '', ( #1437 ) ) ;
#4722 = DIRECTION ( 'NONE',  ( 0.000000000000000000, -1.000000000000000000, -0.000000000000000000 ) ) ;
#4723 = EDGE_LOOP ( 'NONE', ( #287, #3116, #3411, #3503, #4396, #1899, #5922, #1990, #3366 ) ) ;
#4724 = FACE_OUTER_BOUND ( 'NONE', #1769, .T. ) ;
#4725 = DIRECTION ( 'NONE',  ( 0.000000000000000000, 0.000000000000000000, 1.000000000000000000 ) ) ;
#4726 = DIRECTION ( 'NONE',  ( 0.000000000000000000, 1.000000000000000000, -0.000000000000000000 ) ) ;
#4727 = AXIS2_PLACEMENT_3D ( 'NONE', #2462, #4363, #3435 ) ;
#4728 = MECHANICAL_DESIGN_GEOMETRIC_PRESENTATION_REPRESENTATION (  '', ( #6100 ), #4223 ) ;
#4729 = EDGE_CURVE ( 'NONE', #5355, #3429, #4649, .T. ) ;
#4730 = ORIENTED_EDGE ( 'NONE', *, *, #3713, .F. ) ;
#4731 = VERTEX_POINT ( 'NONE', #833 ) ;
#4732 = PRESENTATION_LAYER_ASSIGNMENT (  '', '', ( #2758 ) ) ;
#4733 = DIRECTION ( 'NONE',  ( 0.05233595624294387627, -0.000000000000000000, -0.9986295347545739443 ) ) ;
#4734 = CARTESIAN_POINT ( 'NONE',  ( -0.6765465593547973500, 0.2577874617970526416, 0.05000000000000000278 ) ) ;
#4735 = EDGE_CURVE ( 'NONE', #633, #2918, #5560, .T. ) ;
#4736 = UNCERTAINTY_MEASURE_WITH_UNIT (LENGTH_MEASURE( 1.000000000000000082E-05 ), #4131, 'distance_accuracy_value', 'NONE');
#4737 = SURFACE_STYLE_USAGE ( .BOTH. , #1900 ) ;
#4738 =( LENGTH_UNIT ( ) NAMED_UNIT ( * ) SI_UNIT ( .MILLI., .METRE. ) );
#4739 = SURFACE_SIDE_STYLE ('',( #1433 ) ) ;
#4740 = PRESENTATION_LAYER_ASSIGNMENT (  '', '', ( #970 ) ) ;
#4741 = ORIENTED_EDGE ( 'NONE', *, *, #3365, .T. ) ;
#4742 = PRESENTATION_STYLE_ASSIGNMENT (( #1373 ) ) ;
#4743 = FILL_AREA_STYLE ('',( #1930 ) ) ;
#4744 = UNCERTAINTY_MEASURE_WITH_UNIT (LENGTH_MEASURE( 1.000000000000000082E-05 ), #3802, 'distance_accuracy_value', 'NONE');
#4745 = ORIENTED_EDGE ( 'NONE', *, *, #1685, .F. ) ;
#4746 = DIRECTION ( 'NONE',  ( 0.000000000000000000, 4.814824860968087881E-31, -1.000000000000000000 ) ) ;
#4747 = CARTESIAN_POINT ( 'NONE',  ( -1.505672411292870772, -1.549652246857879279, 0.000000000000000000 ) ) ;
#4748 = CARTESIAN_POINT ( 'NONE',  ( 0.4882589707855558570, -0.03945942873076218466, 0.1500000000000000222 ) ) ;
#4749 = FILL_AREA_STYLE_COLOUR ( '', #2088 ) ;
#4750 = FACE_OUTER_BOUND ( 'NONE', #2302, .T. ) ;
#4751 = DIRECTION ( 'NONE',  ( 1.000000000000000000, 1.743673658963608962E-17, -0.000000000000000000 ) ) ;
#4752 = CARTESIAN_POINT ( 'NONE',  ( -1.482564226095967941, 0.4077874617970526638, 0.05000000000000000278 ) ) ;
#4753 = ORIENTED_EDGE ( 'NONE', *, *, #2104, .F. ) ;
#4754 = DIRECTION ( 'NONE',  ( 1.000000000000000000, 1.548860246407862843E-16, 0.000000000000000000 ) ) ;
#4755 = FACE_OUTER_BOUND ( 'NONE', #1101, .T. ) ;
#4756 = COLOUR_RGB ( '',0.8313725490196077761, 0.8392156862745098200, 0.8313725490196077761 ) ;
#4757 = EDGE_CURVE ( 'NONE', #3414, #1925, #3659, .T. ) ;
#4758 = ORIENTED_EDGE ( 'NONE', *, *, #2443, .T. ) ;
#4759 = FILL_AREA_STYLE ('',( #5696 ) ) ;
#4760 = CARTESIAN_POINT ( 'NONE',  ( 0.4882589707855558570, 0.1605405712692378195, 0.1500000000000000222 ) ) ;
#4761 = ORIENTED_EDGE ( 'NONE', *, *, #5737, .F. ) ;
#4762 = VERTEX_POINT ( 'NONE', #1281 ) ;
#4763 =( NAMED_UNIT ( * ) SI_UNIT ( $, .STERADIAN. ) SOLID_ANGLE_UNIT ( ) );
#4764 = CARTESIAN_POINT ( 'NONE',  ( 1.529342803400621564, 0.4364781805825147520, 0.05000000000000000278 ) ) ;
#4765 = EDGE_CURVE ( 'NONE', #5520, #5184, #3168, .T. ) ;
#4766 =( LENGTH_UNIT ( ) NAMED_UNIT ( * ) SI_UNIT ( .MILLI., .METRE. ) );
#4767 =( GEOMETRIC_REPRESENTATION_CONTEXT ( 3 ) GLOBAL_UNCERTAINTY_ASSIGNED_CONTEXT ( ( #5911 ) ) GLOBAL_UNIT_ASSIGNED_CONTEXT ( ( #5663, #1474, #5723 ) ) REPRESENTATION_CONTEXT ( 'NONE', 'WORKASPACE' ) );
#4768 = AXIS2_PLACEMENT_3D ( 'NONE', #949, #3317, #1903 ) ;
#4769 = STYLED_ITEM ( 'NONE', ( #1381 ), #4576 ) ;
#4770 = SURFACE_SIDE_STYLE ('',( #1430 ) ) ;
#4771 = DIRECTION ( 'NONE',  ( -0.000000000000000000, -0.000000000000000000, -1.000000000000000000 ) ) ;
#4772 = PRESENTATION_LAYER_ASSIGNMENT (  '', '', ( #5741 ) ) ;
#4773 = VERTEX_POINT ( 'NONE', #3627 ) ;
#4774 = EDGE_CURVE ( 'NONE', #5307, #1918, #5497, .T. ) ;
#4775 = PRESENTATION_STYLE_ASSIGNMENT (( #58 ) ) ;
#4776 =( NAMED_UNIT ( * ) PLANE_ANGLE_UNIT ( ) SI_UNIT ( $, .RADIAN. ) );
#4777 = ORIENTED_EDGE ( 'NONE', *, *, #1643, .F. ) ;
#4778 = SURFACE_SIDE_STYLE ('',( #3318 ) ) ;
#4779 = VECTOR ( 'NONE', #524, 1000.000000000000000 ) ;
#4780 = AXIS2_PLACEMENT_3D ( 'NONE', #4071, #2287, #2198 ) ;
#4781 = STYLED_ITEM ( 'NONE', ( #5718 ), #2878 ) ;
#4782 = VERTEX_POINT ( 'NONE', #3690 ) ;
#4783 = COLOUR_RGB ( '',0.8980392156862745390, 0.9215686274509803377, 0.9294117647058823817 ) ;
#4785 = FILL_AREA_STYLE ('',( #2893 ) ) ;
#4784 = VECTOR ( 'NONE', #5521, 1000.000000000000000 ) ;
#4786 = FACE_OUTER_BOUND ( 'NONE', #1036, .T. ) ;
#4787 = LINE ( 'NONE', #5750, #5159 ) ;
#4788 = FACE_OUTER_BOUND ( 'NONE', #121, .T. ) ;
#4789 = LINE ( 'NONE', #525, #2073 ) ;
#4790 = DIRECTION ( 'NONE',  ( 0.000000000000000000, 0.000000000000000000, 1.000000000000000000 ) ) ;
#4791 = FILL_AREA_STYLE ('',( #1030 ) ) ;
#4792 =( NAMED_UNIT ( * ) PLANE_ANGLE_UNIT ( ) SI_UNIT ( $, .RADIAN. ) );
#4793 = DIRECTION ( 'NONE',  ( -1.000000000000000000, -3.197673771563340347E-15, 0.000000000000000000 ) ) ;
#4794 = ORIENTED_EDGE ( 'NONE', *, *, #4685, .F. ) ;
#4795 = ORIENTED_EDGE ( 'NONE', *, *, #5028, .F. ) ;
#4796 = VERTEX_POINT ( 'NONE', #5617 ) ;
#4797 = LINE ( 'NONE', #5702, #2733 ) ;
#4798 = LINE ( 'NONE', #4869, #2278 ) ;
#4799 = FILL_AREA_STYLE ('',( #1038 ) ) ;
#4800 = UNCERTAINTY_MEASURE_WITH_UNIT (LENGTH_MEASURE( 1.000000000000000082E-05 ), #154, 'distance_accuracy_value', 'NONE');
#4801 =( NAMED_UNIT ( * ) PLANE_ANGLE_UNIT ( ) SI_UNIT ( $, .RADIAN. ) );
#4802 = EDGE_CURVE ( 'NONE', #3834, #5355, #353, .T. ) ;
#4803 = ORIENTED_EDGE ( 'NONE', *, *, #2727, .F. ) ;
#4804 = DIRECTION ( 'NONE',  ( -0.000000000000000000, -0.000000000000000000, -1.000000000000000000 ) ) ;
#4805 = SURFACE_STYLE_FILL_AREA ( #1496 ) ;
#4806 = ORIENTED_EDGE ( 'NONE', *, *, #684, .T. ) ;
#4807 = UNCERTAINTY_MEASURE_WITH_UNIT (LENGTH_MEASURE( 1.000000000000000082E-05 ), #3513, 'distance_accuracy_value', 'NONE');
#4808 = DIRECTION ( 'NONE',  ( 0.000000000000000000, 0.000000000000000000, 1.000000000000000000 ) ) ;
#4809 = AXIS2_PLACEMENT_3D ( 'NONE', #5079, #5045, #6001 ) ;
#4810 = ADVANCED_FACE ( 'NONE', ( #2254 ), #5137, .F. ) ;
#4811 = EDGE_CURVE ( 'NONE', #1449, #3367, #3284, .T. ) ;
#4812 = ORIENTED_EDGE ( 'NONE', *, *, #2567, .F. ) ;
#4813 = VECTOR ( 'NONE', #1493, 1000.000000000000114 ) ;
#4814 = CARTESIAN_POINT ( 'NONE',  ( -1.708073776573567404, -1.431434946801787955, -0.6700000000000000400 ) ) ;
#4815 = DIRECTION ( 'NONE',  ( 0.000000000000000000, 0.000000000000000000, 1.000000000000000000 ) ) ;
#4816 = SURFACE_STYLE_FILL_AREA ( #1504 ) ;
#4817 = AXIS2_PLACEMENT_3D ( 'NONE', #2743, #5993, #5128 ) ;
#4818 = EDGE_CURVE ( 'NONE', #5553, #2987, #861, .T. ) ;
#4819 = FACE_OUTER_BOUND ( 'NONE', #2535, .T. ) ;
#4820 = VECTOR ( 'NONE', #727, 1000.000000000000000 ) ;
#4821 = FILL_AREA_STYLE ('',( #3491 ) ) ;
#4822 = LINE ( 'NONE', #75, #700 ) ;
#4823 = VECTOR ( 'NONE', #651, 1000.000000000000114 ) ;
#4824 = ORIENTED_EDGE ( 'NONE', *, *, #3981, .T. ) ;
#4825 = LINE ( 'NONE', #3308, #4278 ) ;
#4826 = LINE ( 'NONE', #1098, #194 ) ;
#4827 = ORIENTED_EDGE ( 'NONE', *, *, #3747, .T. ) ;
#4828 = ORIENTED_EDGE ( 'NONE', *, *, #1616, .F. ) ;
#4829 = DIRECTION ( 'NONE',  ( -0.000000000000000000, -0.000000000000000000, -1.000000000000000000 ) ) ;
#4830 = VECTOR ( 'NONE', #3444, 1000.000000000000000 ) ;
#4831 = ORIENTED_EDGE ( 'NONE', *, *, #699, .F. ) ;
#4832 = PLANE ( 'NONE',  #3355 ) ;
#4833 = STYLED_ITEM ( 'NONE', ( #2627 ), #5810 ) ;
#4834 = MECHANICAL_DESIGN_GEOMETRIC_PRESENTATION_REPRESENTATION (  '', ( #1339 ), #266 ) ;
#4835 = COLOUR_RGB ( '',1.000000000000000000, 1.000000000000000000, 1.000000000000000000 ) ;
#4836 = PLANE ( 'NONE',  #4165 ) ;
#4837 = CARTESIAN_POINT ( 'NONE',  ( 0.4971365777156377397, 0.7212690557775703892, 0.05000000000000000278 ) ) ;
#4838 = DIRECTION ( 'NONE',  ( -0.05233595624294388321, 0.000000000000000000, -0.9986295347545739443 ) ) ;
#4839 = EDGE_CURVE ( 'NONE', #1472, #2874, #2760, .T. ) ;
#4840 = MECHANICAL_DESIGN_GEOMETRIC_PRESENTATION_REPRESENTATION (  '', ( #4234 ), #2252 ) ;
#4841 = ORIENTED_EDGE ( 'NONE', *, *, #4100, .T. ) ;
#4842 =( GEOMETRIC_REPRESENTATION_CONTEXT ( 3 ) GLOBAL_UNCERTAINTY_ASSIGNED_CONTEXT ( ( #3817 ) ) GLOBAL_UNIT_ASSIGNED_CONTEXT ( ( #842, #2768, #3234 ) ) REPRESENTATION_CONTEXT ( 'NONE', 'WORKASPACE' ) );
#4843 = CARTESIAN_POINT ( 'NONE',  ( -0.8265465593547973722, 0.2577874617970526416, 0.000000000000000000 ) ) ;
#4844 = DIRECTION ( 'NONE',  ( 1.548860246407862843E-16, 1.000000000000000000, 0.000000000000000000 ) ) ;
#4845 = SURFACE_STYLE_FILL_AREA ( #479 ) ;
#4846 = MECHANICAL_DESIGN_GEOMETRIC_PRESENTATION_REPRESENTATION (  '', ( #1350 ), #1961 ) ;
#4847 = EDGE_LOOP ( 'NONE', ( #6124, #2933, #2173, #2713 ) ) ;
#4848 = EDGE_CURVE ( 'NONE', #3884, #4105, #3752, .T. ) ;
#4849 = PRESENTATION_STYLE_ASSIGNMENT (( #3420 ) ) ;
#4850 = DIRECTION ( 'NONE',  ( -1.000000000000000000, 0.000000000000000000, -0.000000000000000000 ) ) ;
#4851 =( LENGTH_UNIT ( ) NAMED_UNIT ( * ) SI_UNIT ( .MILLI., .METRE. ) );
#4852 = CARTESIAN_POINT ( 'NONE',  ( 0.3603187164337327553, 0.2498278417103637350, 0.05000000000000000278 ) ) ;
#4853 = LINE ( 'NONE', #586, #2901 ) ;
#4854 = SURFACE_SIDE_STYLE ('',( #3859 ) ) ;
#4855 = STYLED_ITEM ( 'NONE', ( #71 ), #42 ) ;
#4856 = APPLICATION_PROTOCOL_DEFINITION ( 'draft international standard', 'automotive_design', 1998, #1131 ) ;
#4857 = ORIENTED_EDGE ( 'NONE', *, *, #2223, .T. ) ;
#4858 =( NAMED_UNIT ( * ) PLANE_ANGLE_UNIT ( ) SI_UNIT ( $, .RADIAN. ) );
#4859 = EDGE_CURVE ( 'NONE', #4475, #878, #445, .T. ) ;
#4860 = ORIENTED_EDGE ( 'NONE', *, *, #1086, .T. ) ;
#4861 = DIRECTION ( 'NONE',  ( 0.000000000000000000, -0.000000000000000000, 1.000000000000000000 ) ) ;
#4862 = DIRECTION ( 'NONE',  ( 1.000000000000000000, 0.000000000000000000, 0.000000000000000000 ) ) ;
#4863 = FACE_OUTER_BOUND ( 'NONE', #1516, .T. ) ;
#4864 = LINE ( 'NONE', #1550, #3283 ) ;
#4865 = ORIENTED_EDGE ( 'NONE', *, *, #2410, .T. ) ;
#4866 = AXIS2_PLACEMENT_3D ( 'NONE', #212, #4014, #4534 ) ;
#4867 = ORIENTED_EDGE ( 'NONE', *, *, #3913, .F. ) ;
#4868 =( NAMED_UNIT ( * ) SI_UNIT ( $, .STERADIAN. ) SOLID_ANGLE_UNIT ( ) );
#4869 = CARTESIAN_POINT ( 'NONE',  ( 0.4971365777156377397, 0.5212690557775702116, 0.1500000000000000222 ) ) ;
#4870 = DIRECTION ( 'NONE',  ( -5.649957690696003971E-31, -1.000000000000000000, -1.618212197739558143E-16 ) ) ;
#4871 = ORIENTED_EDGE ( 'NONE', *, *, #314, .F. ) ;
#4872 = CARTESIAN_POINT ( 'NONE',  ( 0.7460918573386841057, 0.09982784171036376830, 0.000000000000000000 ) ) ;
#4873 = PRESENTATION_LAYER_ASSIGNMENT (  '', '', ( #3772 ) ) ;
#4874 = UNCERTAINTY_MEASURE_WITH_UNIT (LENGTH_MEASURE( 1.000000000000000082E-05 ), #3662, 'distance_accuracy_value', 'NONE');
#4875 = DIRECTION ( 'NONE',  ( 0.000000000000000000, 0.000000000000000000, 1.000000000000000000 ) ) ;
#4876 = ORIENTED_EDGE ( 'NONE', *, *, #4765, .F. ) ;
#4877 = CIRCLE ( 'NONE', #293, 0.3000000000000000444 ) ;
#4878 = SURFACE_STYLE_USAGE ( .BOTH. , #576 ) ;
#4879 = LINE ( 'NONE', #378, #4487 ) ;
#4880 = CARTESIAN_POINT ( 'NONE',  ( 1.002233606196060833, -1.193135245471500960, -0.8699999999999999956 ) ) ;
#4881 = VECTOR ( 'NONE', #5480, 1000.000000000000000 ) ;
#4882 = PRESENTATION_LAYER_ASSIGNMENT (  '', '', ( #708 ) ) ;
#4883 = ORIENTED_EDGE ( 'NONE', *, *, #5584, .F. ) ;
#4884 = AXIS2_PLACEMENT_3D ( 'NONE', #873, #2770, #2207 ) ;
#4885 =( NAMED_UNIT ( * ) SI_UNIT ( $, .STERADIAN. ) SOLID_ANGLE_UNIT ( ) );
#4886 = PRESENTATION_LAYER_ASSIGNMENT (  '', '', ( #1108 ) ) ;
#4887 = SURFACE_SIDE_STYLE ('',( #2007 ) ) ;
#4888 =( LENGTH_UNIT ( ) NAMED_UNIT ( * ) SI_UNIT ( .MILLI., .METRE. ) );
#4889 = COLOUR_RGB ( '',0.8313725490196077761, 0.8392156862745098200, 0.8313725490196077761 ) ;
#4890 =( NAMED_UNIT ( * ) PLANE_ANGLE_UNIT ( ) SI_UNIT ( $, .RADIAN. ) );
#4891 = CARTESIAN_POINT ( 'NONE',  ( 1.321228911128271788, -0.8360159872360370947, 0.05000000000000000278 ) ) ;
#4892 = SURFACE_STYLE_FILL_AREA ( #2999 ) ;
#4893 = EDGE_CURVE ( 'NONE', #4218, #4356, #55, .T. ) ;
#4894 = COLOUR_RGB ( '',0.000000000000000000, 0.000000000000000000, 1.000000000000000000 ) ;
#4895 = ORIENTED_EDGE ( 'NONE', *, *, #1126, .F. ) ;
#4896 =( NAMED_UNIT ( * ) PLANE_ANGLE_UNIT ( ) SI_UNIT ( $, .RADIAN. ) );
#4897 = CARTESIAN_POINT ( 'NONE',  ( -0.6014578695130498032, -0.06436265024309432980, 0.05000000000000000278 ) ) ;
#4898 = DIRECTION ( 'NONE',  ( -0.000000000000000000, 1.000000000000000000, -0.000000000000000000 ) ) ;
#4899 = ORIENTED_EDGE ( 'NONE', *, *, #4051, .F. ) ;
#4900 = EDGE_CURVE ( 'NONE', #6147, #2473, #940, .T. ) ;
#4901 = EDGE_LOOP ( 'NONE', ( #2867, #914, #1957, #5654 ) ) ;
#4902 = DIRECTION ( 'NONE',  ( 0.000000000000000000, -0.9986295347545739443, -0.05233595624294389015 ) ) ;
#4903 = VERTEX_POINT ( 'NONE', #1043 ) ;
#4904 = SURFACE_STYLE_USAGE ( .BOTH. , #1522 ) ;
#4905 = CARTESIAN_POINT ( 'NONE',  ( 0.2103187164337327886, -1.454651929937279320, 0.05000000000000000278 ) ) ;
#4906 = CARTESIAN_POINT ( 'NONE',  ( 0.2971365777156377841, -0.03945942873076218466, 0.1500000000000000222 ) ) ;
#4907 = ORIENTED_EDGE ( 'NONE', *, *, #705, .F. ) ;
#4908 = CARTESIAN_POINT ( 'NONE',  ( -1.702233606196061233, 0.5068647545284985512, -0.5700000000000003952 ) ) ;
#4909 = CARTESIAN_POINT ( 'NONE',  ( 0.2103187164337326776, 0.5864781805825147742, 0.000000000000000000 ) ) ;
#4910 = LINE ( 'NONE', #5018, #3958 ) ;
#4911 = SURFACE_STYLE_USAGE ( .BOTH. , #5914 ) ;
#4912 = ORIENTED_EDGE ( 'NONE', *, *, #5285, .T. ) ;
#4913 = LINE ( 'NONE', #648, #2127 ) ;
#4914 = COLOUR_RGB ( '',0.8980392156862745390, 0.9215686274509803377, 0.9294117647058823817 ) ;
#4915 =( LENGTH_UNIT ( ) NAMED_UNIT ( * ) SI_UNIT ( .MILLI., .METRE. ) );
#4916 = DIRECTION ( 'NONE',  ( 0.05233595624294388321, 0.000000000000000000, -0.9986295347545739443 ) ) ;
#4917 = FACE_OUTER_BOUND ( 'NONE', #786, .T. ) ;
#4918 = VECTOR ( 'NONE', #2432, 1000.000000000000000 ) ;
#4919 =( NAMED_UNIT ( * ) PLANE_ANGLE_UNIT ( ) SI_UNIT ( $, .RADIAN. ) );
#4920 = ADVANCED_FACE ( 'NONE', ( #945, #5315 ), #1079, .F. ) ;
#4921 = LINE ( 'NONE', #2138, #3897 ) ;
#4922 = PRESENTATION_STYLE_ASSIGNMENT (( #2647 ) ) ;
#4923 = AXIS2_PLACEMENT_3D ( 'NONE', #605, #695, #1157 ) ;
#4924 = DIRECTION ( 'NONE',  ( 0.000000000000000000, 0.000000000000000000, -1.000000000000000000 ) ) ;
#4925 = ORIENTED_EDGE ( 'NONE', *, *, #6121, .F. ) ;
#4926 = SURFACE_SIDE_STYLE ('',( #2558 ) ) ;
#4927 = ORIENTED_EDGE ( 'NONE', *, *, #2022, .F. ) ;
#4928 = EDGE_CURVE ( 'NONE', #3707, #2459, #4367, .T. ) ;
#4929 = UNCERTAINTY_MEASURE_WITH_UNIT (LENGTH_MEASURE( 1.000000000000000082E-05 ), #1068, 'distance_accuracy_value', 'NONE');
#4930 = CARTESIAN_POINT ( 'NONE',  ( -1.002233606196060833, -1.193135245471500960, -0.6700000000000000400 ) ) ;
#4931 = CARTESIAN_POINT ( 'NONE',  ( -1.505672411292870772, -0.7065939275861465863, 0.05000000000000000278 ) ) ;
#4932 = STYLED_ITEM ( 'NONE', ( #5772 ), #5576 ) ;
#4933 = EDGE_CURVE ( 'NONE', #5710, #1002, #3782, .T. ) ;
#4934 = PRESENTATION_STYLE_ASSIGNMENT (( #1136 ) ) ;
#4935 = UNCERTAINTY_MEASURE_WITH_UNIT (LENGTH_MEASURE( 1.000000000000000082E-05 ), #390, 'distance_accuracy_value', 'NONE');
#4936 = CARTESIAN_POINT ( 'NONE',  ( 1.529342803400621564, 1.509106996110444410, 0.000000000000000000 ) ) ;
#4937 = MECHANICAL_DESIGN_GEOMETRIC_PRESENTATION_REPRESENTATION (  '', ( #1750 ), #3846 ) ;
#4938 =( GEOMETRIC_REPRESENTATION_CONTEXT ( 3 ) GLOBAL_UNCERTAINTY_ASSIGNED_CONTEXT ( ( #3022 ) ) GLOBAL_UNIT_ASSIGNED_CONTEXT ( ( #789, #3652, #1325 ) ) REPRESENTATION_CONTEXT ( 'NONE', 'WORKASPACE' ) );
#4939 = PLANE ( 'NONE',  #1644 ) ;
#4940 = ORIENTED_EDGE ( 'NONE', *, *, #5691, .T. ) ;
#4941 =( LENGTH_UNIT ( ) NAMED_UNIT ( * ) SI_UNIT ( .MILLI., .METRE. ) );
#4942 = SURFACE_SIDE_STYLE ('',( #1115 ) ) ;
#4943 = FILL_AREA_STYLE ('',( #109 ) ) ;
#4944 = CARTESIAN_POINT ( 'NONE',  ( -0.6014578695130498032, 0.1994353412954477101, 0.1500000000000000222 ) ) ;
#4945 =( LENGTH_UNIT ( ) NAMED_UNIT ( * ) SI_UNIT ( .MILLI., .METRE. ) );
#4946 = ORIENTED_EDGE ( 'NONE', *, *, #2143, .T. ) ;
#4947 = AXIS2_PLACEMENT_3D ( 'NONE', #907, #1738, #1767 ) ;
#4948 = SURFACE_STYLE_FILL_AREA ( #4821 ) ;
#4949 = FILL_AREA_STYLE ('',( #277 ) ) ;
#4950 = CARTESIAN_POINT ( 'NONE',  ( 0.000000000000000000, 0.000000000000000000, -0.03340969424833490492 ) ) ;
#4951 = EDGE_CURVE ( 'NONE', #59, #878, #5740, .T. ) ;
#4952 = EDGE_LOOP ( 'NONE', ( #876, #481, #392, #4876 ) ) ;
#4953 = FILL_AREA_STYLE_COLOUR ( '', #2130 ) ;
#4954 = LINE ( 'NONE', #3934, #5188 ) ;
#4955 = EDGE_LOOP ( 'NONE', ( #2951, #6079, #1876, #4294, #1811, #3650, #1182, #185, #4141, #3618, #4057, #6127, #4860, #5523, #2972, #6094, #5279, #5728, #3580, #4964, #6105 ) ) ;
#4956 = STYLED_ITEM ( 'NONE', ( #3031 ), #1041 ) ;
#4957 = EDGE_CURVE ( 'NONE', #2807, #807, #2371, .T. ) ;
#4958 = FACE_OUTER_BOUND ( 'NONE', #4499, .T. ) ;
#4959 = SURFACE_STYLE_FILL_AREA ( #5404 ) ;
#4960 = PRESENTATION_LAYER_ASSIGNMENT (  '', '', ( #3478 ) ) ;
#4961 = CARTESIAN_POINT ( 'NONE',  ( 1.750000000000000000, -1.750000000000000222, 0.000000000000000000 ) ) ;
#4962 = EDGE_CURVE ( 'NONE', #3679, #6147, #4334, .T. ) ;
#4963 = FILL_AREA_STYLE ('',( #1174 ) ) ;
#4964 = ORIENTED_EDGE ( 'NONE', *, *, #25, .F. ) ;
#4965 = LINE ( 'NONE', #2729, #862 ) ;
#4966 =( NAMED_UNIT ( * ) PLANE_ANGLE_UNIT ( ) SI_UNIT ( $, .RADIAN. ) );
#4967 = PRESENTATION_LAYER_ASSIGNMENT (  '', '', ( #3196 ) ) ;
#4968 =( GEOMETRIC_REPRESENTATION_CONTEXT ( 3 ) GLOBAL_UNCERTAINTY_ASSIGNED_CONTEXT ( ( #2431 ) ) GLOBAL_UNIT_ASSIGNED_CONTEXT ( ( #4129, #402, #3178 ) ) REPRESENTATION_CONTEXT ( 'NONE', 'WORKASPACE' ) );
#4969 = LINE ( 'NONE', #717, #574 ) ;
#4970 = MECHANICAL_DESIGN_GEOMETRIC_PRESENTATION_REPRESENTATION (  '', ( #3384 ), #2700 ) ;
#4971 = VERTEX_POINT ( 'NONE', #1866 ) ;
#4972 = DIRECTION ( 'NONE',  ( 2.710505431213761085E-16, 1.000000000000000000, 0.000000000000000000 ) ) ;
#4973 = MECHANICAL_DESIGN_GEOMETRIC_PRESENTATION_REPRESENTATION (  '', ( #96 ), #5257 ) ;
#4974 = MECHANICAL_DESIGN_GEOMETRIC_PRESENTATION_REPRESENTATION (  '', ( #2694 ), #2092 ) ;
#4975 = VECTOR ( 'NONE', #1791, 1000.000000000000000 ) ;
#4976 = DIRECTION ( 'NONE',  ( 0.000000000000000000, 0.000000000000000000, -1.000000000000000000 ) ) ;
#4977 =( NAMED_UNIT ( * ) PLANE_ANGLE_UNIT ( ) SI_UNIT ( $, .RADIAN. ) );
#4978 = LINE ( 'NONE', #4897, #416 ) ;
#4979 = DIRECTION ( 'NONE',  ( 0.000000000000000000, 0.000000000000000000, 1.000000000000000000 ) ) ;
#4980 = STYLED_ITEM ( 'NONE', ( #183 ), #4500 ) ;
#4981 =( GEOMETRIC_REPRESENTATION_CONTEXT ( 3 ) GLOBAL_UNCERTAINTY_ASSIGNED_CONTEXT ( ( #2818 ) ) GLOBAL_UNIT_ASSIGNED_CONTEXT ( ( #3142, #5504, #6028 ) ) REPRESENTATION_CONTEXT ( 'NONE', 'WORKASPACE' ) );
#4982 = ORIENTED_EDGE ( 'NONE', *, *, #3323, .T. ) ;
#4983 = CARTESIAN_POINT ( 'NONE',  ( 0.2103187164337326776, 1.509106996110444410, 0.000000000000000000 ) ) ;
#4984 = DIRECTION ( 'NONE',  ( -1.239088197126290817E-16, 1.000000000000000000, 0.000000000000000000 ) ) ;
#4985 =( NAMED_UNIT ( * ) PLANE_ANGLE_UNIT ( ) SI_UNIT ( $, .RADIAN. ) );
#4986 = ORIENTED_EDGE ( 'NONE', *, *, #1677, .T. ) ;
#4987 = ORIENTED_EDGE ( 'NONE', *, *, #3715, .F. ) ;
#4988 = UNCERTAINTY_MEASURE_WITH_UNIT (LENGTH_MEASURE( 1.000000000000000082E-05 ), #6016, 'distance_accuracy_value', 'NONE');
#4989 = CARTESIAN_POINT ( 'NONE',  ( -1.723613999092765914, 1.723613999092765248, 0.3015933704303986329 ) ) ;
#4990 =( LENGTH_UNIT ( ) NAMED_UNIT ( * ) SI_UNIT ( .MILLI., .METRE. ) );
#4991 = CARTESIAN_POINT ( 'NONE',  ( 1.602233606196062699, 1.306864754528498374, -0.2999999999999991562 ) ) ;
#4992 = EDGE_CURVE ( 'NONE', #5193, #4125, #3723, .T. ) ;
#4993 = CARTESIAN_POINT ( 'NONE',  ( 1.425000000000008038, 0.000000000000000000, 1.100000000000000311 ) ) ;
#4994 = UNCERTAINTY_MEASURE_WITH_UNIT (LENGTH_MEASURE( 1.000000000000000082E-05 ), #3228, 'distance_accuracy_value', 'NONE');
#4995 = EDGE_LOOP ( 'NONE', ( #5790, #5885, #4237, #2053 ) ) ;
#4996 = SURFACE_SIDE_STYLE ('',( #3607 ) ) ;
#4997 = EDGE_CURVE ( 'NONE', #1925, #3541, #5190, .T. ) ;
#4998 = DIRECTION ( 'NONE',  ( -1.000000000000000000, -0.000000000000000000, -0.000000000000000000 ) ) ;
#4999 = DIRECTION ( 'NONE',  ( -0.05233595624294387627, 0.000000000000000000, -0.9986295347545739443 ) ) ;
#5000 = SURFACE_STYLE_USAGE ( .BOTH. , #3984 ) ;
#5001 =( NAMED_UNIT ( * ) SI_UNIT ( $, .STERADIAN. ) SOLID_ANGLE_UNIT ( ) );
#5002 = SURFACE_STYLE_FILL_AREA ( #3058 ) ;
#5003 = ADVANCED_FACE ( 'NONE', ( #3374 ), #3345, .F. ) ;
#5004 = CARTESIAN_POINT ( 'NONE',  ( 0.2971365777156377841, 0.1605405712692378195, 0.1500000000000000222 ) ) ;
#5005 = CARTESIAN_POINT ( 'NONE',  ( 1.002233606196060611, 0.5068647545284988842, -0.8699999999999999956 ) ) ;
#5006 = CARTESIAN_POINT ( 'NONE',  ( -0.03316504619021998224, -0.01557973693398068474, 0.05000000000000000278 ) ) ;
#5007 = ORIENTED_EDGE ( 'NONE', *, *, #2922, .T. ) ;
#5008 = FILL_AREA_STYLE_COLOUR ( '', #151 ) ;
#5009 = SURFACE_SIDE_STYLE ('',( #3128 ) ) ;
#5010 = VECTOR ( 'NONE', #2701, 1000.000000000000000 ) ;
#5011 = VERTEX_POINT ( 'NONE', #129 ) ;
#5012 = PRESENTATION_LAYER_ASSIGNMENT (  '', '', ( #6084 ) ) ;
#5013 = FILL_AREA_STYLE_COLOUR ( '', #868 ) ;
#5014 = DIRECTION ( 'NONE',  ( -1.000000000000000000, -1.596467237098151435E-16, -0.000000000000000000 ) ) ;
#5015 = MECHANICAL_DESIGN_GEOMETRIC_PRESENTATION_REPRESENTATION (  '', ( #3830 ), #2736 ) ;
#5016 = SURFACE_STYLE_USAGE ( .BOTH. , #1690 ) ;
#5017 = SURFACE_STYLE_FILL_AREA ( #1719 ) ;
#5018 = CARTESIAN_POINT ( 'NONE',  ( 7.850626685944718754E-17, 0.5068647545284989953, -0.8000000000000000444 ) ) ;
#5019 = DIRECTION ( 'NONE',  ( 1.000000000000000000, 0.000000000000000000, 0.000000000000000000 ) ) ;
#5020 = LINE ( 'NONE', #3082, #4438 ) ;
#5021 = VECTOR ( 'NONE', #2824, 1000.000000000000000 ) ;
#5022 = SURFACE_STYLE_USAGE ( .BOTH. , #864 ) ;
#5023 = SURFACE_SIDE_STYLE ('',( #4557 ) ) ;
#5024 = MECHANICAL_DESIGN_GEOMETRIC_PRESENTATION_REPRESENTATION (  '', ( #4833 ), #4623 ) ;
#5025 = MECHANICAL_DESIGN_GEOMETRIC_PRESENTATION_REPRESENTATION (  '', ( #1745 ), #1251 ) ;
#5026 = MECHANICAL_DESIGN_GEOMETRIC_PRESENTATION_REPRESENTATION (  '', ( #1445 ), #4043 ) ;
#5027 = ORIENTED_EDGE ( 'NONE', *, *, #5, .T. ) ;
#5028 = EDGE_CURVE ( 'NONE', #5336, #2459, #5802, .T. ) ;
#5029 = LINE ( 'NONE', #781, #5607 ) ;
#5030 = DIRECTION ( 'NONE',  ( 0.000000000000000000, -0.000000000000000000, -1.000000000000000000 ) ) ;
#5031 = DIRECTION ( 'NONE',  ( -0.000000000000000000, -0.000000000000000000, -1.000000000000000000 ) ) ;
#5032 = MECHANICAL_DESIGN_GEOMETRIC_PRESENTATION_REPRESENTATION (  '', ( #1071 ), #4842 ) ;
#5033 = EDGE_CURVE ( 'NONE', #4903, #5776, #3533, .T. ) ;
#5034 = DIRECTION ( 'NONE',  ( -1.239088197126290817E-16, 1.000000000000000000, 0.000000000000000000 ) ) ;
#5035 = LINE ( 'NONE', #4135, #192 ) ;
#5036 = DIRECTION ( 'NONE',  ( 0.000000000000000000, 1.000000000000000000, 0.000000000000000000 ) ) ;
#5037 = ORIENTED_EDGE ( 'NONE', *, *, #1086, .F. ) ;
#5038 = SURFACE_STYLE_USAGE ( .BOTH. , #5489 ) ;
#5039 = SURFACE_STYLE_USAGE ( .BOTH. , #1680 ) ;
#5040 = FILL_AREA_STYLE ('',( #2245 ) ) ;
#5041 = CARTESIAN_POINT ( 'NONE',  ( 0.2971365777156376731, 0.7212690557775703892, 0.05000000000000000278 ) ) ;
#5042 = PRESENTATION_STYLE_ASSIGNMENT (( #350 ) ) ;
#5043 = PRESENTATION_STYLE_ASSIGNMENT (( #5016 ) ) ;
#5044 = UNCERTAINTY_MEASURE_WITH_UNIT (LENGTH_MEASURE( 1.000000000000000082E-05 ), #5178, 'distance_accuracy_value', 'NONE');
#5045 = DIRECTION ( 'NONE',  ( 0.000000000000000000, 0.000000000000000000, 1.000000000000000000 ) ) ;
#5046 =( LENGTH_UNIT ( ) NAMED_UNIT ( * ) SI_UNIT ( .MILLI., .METRE. ) );
#5047 = AXIS2_PLACEMENT_3D ( 'NONE', #5300, #5687, #1578 ) ;
#5048 = SURFACE_SIDE_STYLE ('',( #5647 ) ) ;
#5049 = DIRECTION ( 'NONE',  ( 0.000000000000000000, 1.000000000000000000, 0.000000000000000000 ) ) ;
#5050 = FILL_AREA_STYLE ('',( #2639 ) ) ;
#5051 = VECTOR ( 'NONE', #758, 1000.000000000000000 ) ;
#5052 = CARTESIAN_POINT ( 'NONE',  ( 0.4823405661655014720, -0.2871897488101240459, 0.1500000000000000222 ) ) ;
#5053 = VERTEX_POINT ( 'NONE', #1196 ) ;
#5054 = STYLED_ITEM ( 'NONE', ( #1590 ), #1479 ) ;
#5055 = VECTOR ( 'NONE', #4140, 1000.000000000000000 ) ;
#5056 = VECTOR ( 'NONE', #2349, 1000.000000000000000 ) ;
#5057 = DIRECTION ( 'NONE',  ( 0.000000000000000000, -0.000000000000000000, 1.000000000000000000 ) ) ;
#5058 = CARTESIAN_POINT ( 'NONE',  ( -0.5265465593547974388, -0.1655797369339806480, 0.05000000000000000278 ) ) ;
#5059 = EDGE_CURVE ( 'NONE', #3869, #2455, #1425, .T. ) ;
#5060 = AXIS2_PLACEMENT_3D ( 'NONE', #1412, #2828, #4815 ) ;
#5061 = ORIENTED_EDGE ( 'NONE', *, *, #5997, .T. ) ;
#5062 = PRESENTATION_LAYER_ASSIGNMENT (  '', '', ( #1595 ) ) ;
#5063 = DIRECTION ( 'NONE',  ( -2.937807041787227880E-17, -1.000000000000000000, 0.000000000000000000 ) ) ;
#5064 = DIRECTION ( 'NONE',  ( -0.000000000000000000, 0.000000000000000000, -1.000000000000000000 ) ) ;
#5065 = DIRECTION ( 'NONE',  ( 0.000000000000000000, 0.000000000000000000, 1.000000000000000000 ) ) ;
#5066 = DIRECTION ( 'NONE',  ( 1.000000000000000000, 1.496071182482673119E-16, 0.000000000000000000 ) ) ;
#5067 = COLOUR_RGB ( '',1.000000000000000000, 1.000000000000000000, 1.000000000000000000 ) ;
#5068 = COLOUR_RGB ( '',0.8980392156862745390, 0.9215686274509803377, 0.9294117647058823817 ) ;
#5069 = PLANE ( 'NONE',  #1594 ) ;
#5070 = ADVANCED_FACE ( 'NONE', ( #4958 ), #1169, .F. ) ;
#5071 = ORIENTED_EDGE ( 'NONE', *, *, #1794, .T. ) ;
#5072 = EDGE_CURVE ( 'NONE', #1328, #4224, #5431, .T. ) ;
#5073 = STYLED_ITEM ( 'NONE', ( #5894 ), #2688 ) ;
#5074 = CARTESIAN_POINT ( 'NONE',  ( 0.3603187164337327553, 0.2498278417103637350, 0.000000000000000000 ) ) ;
#5075 = AXIS2_PLACEMENT_3D ( 'NONE', #934, #4725, #2871 ) ;
#5076 = SURFACE_STYLE_USAGE ( .BOTH. , #229 ) ;
#5077 = EDGE_CURVE ( 'NONE', #5866, #2581, #336, .T. ) ;
#5078 = FILL_AREA_STYLE ('',( #386 ) ) ;
#5079 = CARTESIAN_POINT ( 'NONE',  ( 0.3603187164337327553, 0.09982784171036376830, 0.05000000000000000278 ) ) ;
#5080 = CARTESIAN_POINT ( 'NONE',  ( 0.000000000000000000, 0.000000000000000000, 0.1500000000000000222 ) ) ;
#5081 = FACE_OUTER_BOUND ( 'NONE', #466, .T. ) ;
#5082 = PLANE ( 'NONE',  #1064 ) ;
#5083 = ORIENTED_EDGE ( 'NONE', *, *, #132, .F. ) ;
#5084 =( NAMED_UNIT ( * ) SI_UNIT ( $, .STERADIAN. ) SOLID_ANGLE_UNIT ( ) );
#5085 = ORIENTED_EDGE ( 'NONE', *, *, #4123, .T. ) ;
#5086 = CARTESIAN_POINT ( 'NONE',  ( 1.720127565808666548, -1.193135245471501404, -0.5700000000000010614 ) ) ;
#5087 = FILL_AREA_STYLE ('',( #1263 ) ) ;
#5088 = PLANE ( 'NONE',  #2588 ) ;
#5089 = CARTESIAN_POINT ( 'NONE',  ( 1.734277666215087166, 1.306864754528498374, -0.3000000000000001554 ) ) ;
#5090 = LINE ( 'NONE', #5602, #4240 ) ;
#5091 = AXIS2_PLACEMENT_3D ( 'NONE', #5399, #4902, #1159 ) ;
#5092 =( LENGTH_UNIT ( ) NAMED_UNIT ( * ) SI_UNIT ( .MILLI., .METRE. ) );
#5093 = EDGE_CURVE ( 'NONE', #4246, #697, #3970, .T. ) ;
#5094 = ORIENTED_EDGE ( 'NONE', *, *, #5208, .T. ) ;
#5095 = DIRECTION ( 'NONE',  ( -0.08682659386424762538, -0.08682659386424763925, -0.9924325091389669673 ) ) ;
#5096 = DIRECTION ( 'NONE',  ( 0.05233595624294387627, -0.000000000000000000, 0.9986295347545739443 ) ) ;
#5097 = MECHANICAL_DESIGN_GEOMETRIC_PRESENTATION_REPRESENTATION (  '', ( #840 ), #2317 ) ;
#5098 = ORIENTED_EDGE ( 'NONE', *, *, #3141, .F. ) ;
#5099 = VERTEX_POINT ( 'NONE', #2568 ) ;
#5100 = ADVANCED_FACE ( 'NONE', ( #3048 ), #3074, .T. ) ;
#5101 =( LENGTH_UNIT ( ) NAMED_UNIT ( * ) SI_UNIT ( .MILLI., .METRE. ) );
#5102 = LINE ( 'NONE', #420, #2536 ) ;
#5103 = COLOUR_RGB ( '',0.8313725490196077761, 0.8392156862745098200, 0.8313725490196077761 ) ;
#5104 = SURFACE_STYLE_USAGE ( .BOTH. , #5162 ) ;
#5105 = UNCERTAINTY_MEASURE_WITH_UNIT (LENGTH_MEASURE( 1.000000000000000082E-05 ), #2265, 'distance_accuracy_value', 'NONE');
#5106 = STYLED_ITEM ( 'NONE', ( #3648 ), #5356 ) ;
#5107 = DIRECTION ( 'NONE',  ( -0.000000000000000000, -0.000000000000000000, -1.000000000000000000 ) ) ;
#5108 = ADVANCED_FACE ( 'NONE', ( #825 ), #3247, .T. ) ;
#5109 = CARTESIAN_POINT ( 'NONE',  ( -0.5500000000000000444, 0.000000000000000000, -0.6700000000000000400 ) ) ;
#5110 = FILL_AREA_STYLE ('',( #2850 ) ) ;
#5111 = MECHANICAL_DESIGN_GEOMETRIC_PRESENTATION_REPRESENTATION (  '', ( #1638 ), #2534 ) ;
#5112 = CARTESIAN_POINT ( 'NONE',  ( -1.748018770656109666, 1.306864754528498374, -0.03780410792051384222 ) ) ;
#5113 = CARTESIAN_POINT ( 'NONE',  ( 1.602233606196061366, -1.193135245471500960, -0.5700000000000000622 ) ) ;
#5114 = ORIENTED_EDGE ( 'NONE', *, *, #167, .F. ) ;
#5115 = CIRCLE ( 'NONE', #4727, 0.3000000000000000444 ) ;
#5116 = AXIS2_PLACEMENT_3D ( 'NONE', #4644, #3249, #795 ) ;
#5117 = LINE ( 'NONE', #331, #6110 ) ;
#5118 = PRESENTATION_STYLE_ASSIGNMENT (( #3702 ) ) ;
#5119 = SURFACE_STYLE_FILL_AREA ( #278 ) ;
#5120 = PLANE ( 'NONE',  #4884 ) ;
#5121 = PRESENTATION_STYLE_ASSIGNMENT (( #405 ) ) ;
#5122 = EDGE_LOOP ( 'NONE', ( #2959, #1929, #2978, #566, #3123, #5571 ) ) ;
#5123 = CIRCLE ( 'NONE', #3343, 0.3000000000000000444 ) ;
#5124 = DIRECTION ( 'NONE',  ( -0.000000000000000000, -0.000000000000000000, -1.000000000000000000 ) ) ;
#5125 = VECTOR ( 'NONE', #1107, 1000.000000000000114 ) ;
#5126 = EDGE_LOOP ( 'NONE', ( #4710, #4593, #3773, #5449 ) ) ;
#5127 = MECHANICAL_DESIGN_GEOMETRIC_PRESENTATION_REPRESENTATION (  '', ( #1659 ), #1552 ) ;
#5128 = DIRECTION ( 'NONE',  ( 0.000000000000000000, 0.000000000000000000, -1.000000000000000000 ) ) ;
#5129 = CARTESIAN_POINT ( 'NONE',  ( -0.03316504619021998224, 1.512774786421851037, 0.05000000000000000278 ) ) ;
#5130 = ORIENTED_EDGE ( 'NONE', *, *, #3860, .F. ) ;
#5131 =( GEOMETRIC_REPRESENTATION_CONTEXT ( 3 ) GLOBAL_UNCERTAINTY_ASSIGNED_CONTEXT ( ( #580 ) ) GLOBAL_UNIT_ASSIGNED_CONTEXT ( ( #4565, #3668, #2318 ) ) REPRESENTATION_CONTEXT ( 'NONE', 'WORKASPACE' ) );
#5132 = ORIENTED_EDGE ( 'NONE', *, *, #6010, .F. ) ;
#5133 = DIRECTION ( 'NONE',  ( 1.000000000000000000, 0.000000000000000000, 0.000000000000000000 ) ) ;
#5134 = CARTESIAN_POINT ( 'NONE',  ( 0.000000000000000000, -0.3931352454715015821, -0.8000000000000000444 ) ) ;
#5135 =( GEOMETRIC_REPRESENTATION_CONTEXT ( 3 ) GLOBAL_UNCERTAINTY_ASSIGNED_CONTEXT ( ( #2505 ) ) GLOBAL_UNIT_ASSIGNED_CONTEXT ( ( #5364, #5237, #989 ) ) REPRESENTATION_CONTEXT ( 'NONE', 'WORKASPACE' ) );
#5136 = ADVANCED_FACE ( 'NONE', ( #4144 ), #381, .F. ) ;
#5137 = PLANE ( 'NONE',  #4703 ) ;
#5138 = ORIENTED_EDGE ( 'NONE', *, *, #1490, .T. ) ;
#5139 = SURFACE_STYLE_FILL_AREA ( #2703 ) ;
#5140 = DIRECTION ( 'NONE',  ( -1.000000000000000000, -0.000000000000000000, -0.000000000000000000 ) ) ;
#5141 = CARTESIAN_POINT ( 'NONE',  ( -1.602233606196061144, 0.5068647545284989953, -0.5700000000000000622 ) ) ;
#5142 = DIRECTION ( 'NONE',  ( 0.000000000000000000, -1.000000000000000000, -0.000000000000000000 ) ) ;
#5143 = EDGE_CURVE ( 'NONE', #1543, #1967, #87, .T. ) ;
#5144 = COLOUR_RGB ( '',0.8980392156862745390, 0.9215686274509803377, 0.9294117647058823817 ) ;
#5145 = ORIENTED_EDGE ( 'NONE', *, *, #5169, .T. ) ;
#5146 = MECHANICAL_DESIGN_GEOMETRIC_PRESENTATION_REPRESENTATION (  '', ( #3772 ), #3086 ) ;
#5147 =( LENGTH_UNIT ( ) NAMED_UNIT ( * ) SI_UNIT ( .MILLI., .METRE. ) );
#5148 = FILL_AREA_STYLE ('',( #3672 ) ) ;
#5149 = ORIENTED_EDGE ( 'NONE', *, *, #4893, .F. ) ;
#5150 = CARTESIAN_POINT ( 'NONE',  ( -1.002233606196060611, 1.306864754528498818, -0.8699999999999999956 ) ) ;
#5151 = COLOUR_RGB ( '',0.8313725490196077761, 0.8392156862745098200, 0.8313725490196077761 ) ;
#5152 = ORIENTED_EDGE ( 'NONE', *, *, #2062, .T. ) ;
#5153 = FACE_OUTER_BOUND ( 'NONE', #2653, .T. ) ;
#5154 = CARTESIAN_POINT ( 'NONE',  ( 1.602233606196061144, 1.306864754528498374, -0.8700000000000002176 ) ) ;
#5155 = PRESENTATION_STYLE_ASSIGNMENT (( #344 ) ) ;
#5156 = ORIENTED_EDGE ( 'NONE', *, *, #1262, .T. ) ;
#5157 =( GEOMETRIC_REPRESENTATION_CONTEXT ( 3 ) GLOBAL_UNCERTAINTY_ASSIGNED_CONTEXT ( ( #3372 ) ) GLOBAL_UNIT_ASSIGNED_CONTEXT ( ( #563, #1452, #4252 ) ) REPRESENTATION_CONTEXT ( 'NONE', 'WORKASPACE' ) );
#5158 = ORIENTED_EDGE ( 'NONE', *, *, #1935, .T. ) ;
#5159 = VECTOR ( 'NONE', #3856, 1000.000000000000000 ) ;
#5160 = LINE ( 'NONE', #882, #3688 ) ;
#5161 =( GEOMETRIC_REPRESENTATION_CONTEXT ( 3 ) GLOBAL_UNCERTAINTY_ASSIGNED_CONTEXT ( ( #5465 ) ) GLOBAL_UNIT_ASSIGNED_CONTEXT ( ( #1385, #2446, #4717 ) ) REPRESENTATION_CONTEXT ( 'NONE', 'WORKASPACE' ) );
#5162 = SURFACE_SIDE_STYLE ('',( #2457 ) ) ;
#5163 = UNCERTAINTY_MEASURE_WITH_UNIT (LENGTH_MEASURE( 1.000000000000000082E-05 ), #2685, 'distance_accuracy_value', 'NONE');
#5164 =( NAMED_UNIT ( * ) SI_UNIT ( $, .STERADIAN. ) SOLID_ANGLE_UNIT ( ) );
#5165 = AXIS2_PLACEMENT_3D ( 'NONE', #5824, #3463, #245 ) ;
#5166 = VECTOR ( 'NONE', #5808, 1000.000000000000000 ) ;
#5167 = CARTESIAN_POINT ( 'NONE',  ( 1.321228911128271788, -1.454651929937279098, 0.05000000000000000278 ) ) ;
#5168 = CARTESIAN_POINT ( 'NONE',  ( -1.750000000000000444, 1.306864754528498374, 0.000000000000000000 ) ) ;
#5169 = EDGE_CURVE ( 'NONE', #5389, #627, #1399, .T. ) ;
#5170 = VERTEX_POINT ( 'NONE', #5671 ) ;
#5171 =( NAMED_UNIT ( * ) PLANE_ANGLE_UNIT ( ) SI_UNIT ( $, .RADIAN. ) );
#5172 = CARTESIAN_POINT ( 'NONE',  ( 1.002233606196060611, 0.5068647545284988842, -0.8699999999999999956 ) ) ;
#5173 = UNCERTAINTY_MEASURE_WITH_UNIT (LENGTH_MEASURE( 1.000000000000000082E-05 ), #4693, 'distance_accuracy_value', 'NONE');
#5174 = EDGE_LOOP ( 'NONE', ( #1514, #107, #1296, #2826 ) ) ;
#5175 = ADVANCED_FACE ( 'NONE', ( #1424 ), #1457, .F. ) ;
#5176 = LINE ( 'NONE', #926, #602 ) ;
#5177 = PLANE ( 'NONE',  #3783 ) ;
#5178 =( LENGTH_UNIT ( ) NAMED_UNIT ( * ) SI_UNIT ( .MILLI., .METRE. ) );
#5179 = FACE_OUTER_BOUND ( 'NONE', #5904, .T. ) ;
#5180 = EDGE_LOOP ( 'NONE', ( #2398, #4946, #411, #2890, #226 ) ) ;
#5181 = EDGE_CURVE ( 'NONE', #2814, #2840, #2335, .T. ) ;
#5182 = ORIENTED_EDGE ( 'NONE', *, *, #3754, .T. ) ;
#5183 = SURFACE_STYLE_FILL_AREA ( #4759 ) ;
#5184 = VERTEX_POINT ( 'NONE', #915 ) ;
#5185 = ORIENTED_EDGE ( 'NONE', *, *, #1999, .T. ) ;
#5186 = PRESENTATION_STYLE_ASSIGNMENT (( #440 ) ) ;
#5187 = CARTESIAN_POINT ( 'NONE',  ( -1.750000000000000444, 1.306864754528498374, 0.000000000000000000 ) ) ;
#5188 = VECTOR ( 'NONE', #1129, 1000.000000000000000 ) ;
#5189 = VECTOR ( 'NONE', #1807, 1000.000000000000000 ) ;
#5190 = LINE ( 'NONE', #6157, #5887 ) ;
#5191 =( LENGTH_UNIT ( ) NAMED_UNIT ( * ) SI_UNIT ( .MILLI., .METRE. ) );
#5192 = SURFACE_STYLE_USAGE ( .BOTH. , #423 ) ;
#5193 = VERTEX_POINT ( 'NONE', #4329 ) ;
#5194 = FILL_AREA_STYLE ('',( #5229 ) ) ;
#5195 = LINE ( 'NONE', #2885, #4035 ) ;
#5196 = MECHANICAL_DESIGN_GEOMETRIC_PRESENTATION_REPRESENTATION (  '', ( #147 ), #3532 ) ;
#5197 = ORIENTED_EDGE ( 'NONE', *, *, #5373, .T. ) ;
#5198 = SURFACE_STYLE_FILL_AREA ( #1878 ) ;
#5199 =( NAMED_UNIT ( * ) SI_UNIT ( $, .STERADIAN. ) SOLID_ANGLE_UNIT ( ) );
#5200 = CARTESIAN_POINT ( 'NONE',  ( -1.002233606196060611, 1.306864754528498818, -0.8699999999999999956 ) ) ;
#5201 = SURFACE_SIDE_STYLE ('',( #6103 ) ) ;
#5202 = LINE ( 'NONE', #2009, #2594 ) ;
#5203 = VECTOR ( 'NONE', #3676, 1000.000000000000000 ) ;
#5204 = PRESENTATION_STYLE_ASSIGNMENT (( #3267 ) ) ;
#5205 = DIRECTION ( 'NONE',  ( 0.000000000000000000, -1.000000000000000000, 0.000000000000000000 ) ) ;
#5206 = AXIS2_PLACEMENT_3D ( 'NONE', #1364, #3657, #5525 ) ;
#5207 = ORIENTED_EDGE ( 'NONE', *, *, #1756, .T. ) ;
#5208 = EDGE_CURVE ( 'NONE', #5510, #807, #4797, .T. ) ;
#5209 = DIRECTION ( 'NONE',  ( -0.000000000000000000, -0.000000000000000000, -1.000000000000000000 ) ) ;
#5210 = ORIENTED_EDGE ( 'NONE', *, *, #4848, .T. ) ;
#5211 = SURFACE_STYLE_USAGE ( .BOTH. , #998 ) ;
#5212 = SURFACE_STYLE_FILL_AREA ( #10 ) ;
#5213 = PRESENTATION_STYLE_ASSIGNMENT (( #5275 ) ) ;
#5214 = CARTESIAN_POINT ( 'NONE',  ( -1.902233606196061411, 0.5068647545284989953, -0.5700000000000011724 ) ) ;
#5215 = PRESENTATION_LAYER_ASSIGNMENT (  '', '', ( #1750 ) ) ;
#5216 = ORIENTED_EDGE ( 'NONE', *, *, #1948, .T. ) ;
#5217 = EDGE_CURVE ( 'NONE', #3019, #2907, #4360, .T. ) ;
#5218 = ORIENTED_EDGE ( 'NONE', *, *, #4859, .F. ) ;
#5220 = CARTESIAN_POINT ( 'NONE',  ( 0.000000000000000000, 0.000000000000000000, -0.8699999999999999956 ) ) ;
#5219 =( GEOMETRIC_REPRESENTATION_CONTEXT ( 3 ) GLOBAL_UNCERTAINTY_ASSIGNED_CONTEXT ( ( #1629 ) ) GLOBAL_UNIT_ASSIGNED_CONTEXT ( ( #5966, #2887, #2921 ) ) REPRESENTATION_CONTEXT ( 'NONE', 'WORKASPACE' ) );
#5221 = PRESENTATION_LAYER_ASSIGNMENT (  '', '', ( #1341 ) ) ;
#5222 = UNCERTAINTY_MEASURE_WITH_UNIT (LENGTH_MEASURE( 1.000000000000000082E-05 ), #1871, 'distance_accuracy_value', 'NONE');
#5223 = FACE_OUTER_BOUND ( 'NONE', #4628, .T. ) ;
#5224 = PRESENTATION_LAYER_ASSIGNMENT (  '', '', ( #2056 ) ) ;
#5225 = FILL_AREA_STYLE_COLOUR ( '', #1230 ) ;
#5226 = CARTESIAN_POINT ( 'NONE',  ( -1.702233606196062787, 1.306864754528498374, -0.2999999999999994893 ) ) ;
#5227 = LINE ( 'NONE', #1404, #5533 ) ;
#5228 = EDGE_LOOP ( 'NONE', ( #4907, #2564, #4857 ) ) ;
#5229 = FILL_AREA_STYLE_COLOUR ( '', #5456 ) ;
#5230 = LINE ( 'NONE', #981, #3341 ) ;
#5231 = UNCERTAINTY_MEASURE_WITH_UNIT (LENGTH_MEASURE( 1.000000000000000082E-05 ), #5046, 'distance_accuracy_value', 'NONE');
#5232 = ORIENTED_EDGE ( 'NONE', *, *, #1491, .T. ) ;
#5233 = DIRECTION ( 'NONE',  ( 0.000000000000000000, 0.000000000000000000, 1.000000000000000000 ) ) ;
#5234 = LINE ( 'NONE', #428, #5056 ) ;
#5235 = DIRECTION ( 'NONE',  ( -0.000000000000000000, 0.000000000000000000, 1.000000000000000000 ) ) ;
#5236 = DIRECTION ( 'NONE',  ( -3.560066835027028802E-15, -1.618212197739558143E-16, 1.000000000000000000 ) ) ;
#5237 =( NAMED_UNIT ( * ) PLANE_ANGLE_UNIT ( ) SI_UNIT ( $, .RADIAN. ) );
#5238 = ORIENTED_EDGE ( 'NONE', *, *, #84, .F. ) ;
#5239 = FACE_OUTER_BOUND ( 'NONE', #3727, .T. ) ;
#5240 = CARTESIAN_POINT ( 'NONE',  ( 1.602233606196061144, 0.5068647545284987732, -0.5700000000000000622 ) ) ;
#5241 = ORIENTED_EDGE ( 'NONE', *, *, #4015, .T. ) ;
#5242 = FILL_AREA_STYLE ('',( #4290 ) ) ;
#5243 =( NAMED_UNIT ( * ) SI_UNIT ( $, .STERADIAN. ) SOLID_ANGLE_UNIT ( ) );
#5244 = EDGE_CURVE ( 'NONE', #2086, #4322, #2815, .T. ) ;
#5245 = CARTESIAN_POINT ( 'NONE',  ( 1.002233606196060611, 1.306864754528498818, -0.8699999999999999956 ) ) ;
#5246 = SURFACE_SIDE_STYLE ('',( #5697 ) ) ;
#5247 = EDGE_LOOP ( 'NONE', ( #1564, #1025, #40, #4883 ) ) ;
#5248 = ORIENTED_EDGE ( 'NONE', *, *, #3553, .F. ) ;
#5249 = DIRECTION ( 'NONE',  ( -0.000000000000000000, 0.000000000000000000, -1.000000000000000000 ) ) ;
#5250 = LINE ( 'NONE', #3807, #2781 ) ;
#5251 = CARTESIAN_POINT ( 'NONE',  ( 1.902233606196061633, -1.699999999999999956, -0.5700000000000010614 ) ) ;
#5252 = ADVANCED_FACE ( 'NONE', ( #2399 ), #1958, .T. ) ;
#5253 = AXIS2_PLACEMENT_3D ( 'NONE', #5788, #2976, #1063 ) ;
#5254 = EDGE_CURVE ( 'NONE', #1456, #4622, #3558, .T. ) ;
#5255 = COLOUR_RGB ( '',0.8313725490196077761, 0.8392156862745098200, 0.8313725490196077761 ) ;
#5256 = MECHANICAL_DESIGN_GEOMETRIC_PRESENTATION_REPRESENTATION (  '', ( #6146 ), #3493 ) ;
#5257 =( GEOMETRIC_REPRESENTATION_CONTEXT ( 3 ) GLOBAL_UNCERTAINTY_ASSIGNED_CONTEXT ( ( #2310 ) ) GLOBAL_UNIT_ASSIGNED_CONTEXT ( ( #2350, #3422, #2829 ) ) REPRESENTATION_CONTEXT ( 'NONE', 'WORKASPACE' ) );
#5258 = EDGE_LOOP ( 'NONE', ( #2852, #2916, #5678, #89 ) ) ;
#5259 = SURFACE_SIDE_STYLE ('',( #1926 ) ) ;
#5260 = CARTESIAN_POINT ( 'NONE',  ( 0.2971365777156378396, -0.2871897488101240459, 0.1500000000000000222 ) ) ;
#5261 = ORIENTED_EDGE ( 'NONE', *, *, #6086, .F. ) ;
#5262 = DIRECTION ( 'NONE',  ( 1.000000000000000000, 0.000000000000000000, -0.000000000000000000 ) ) ;
#5263 = CIRCLE ( 'NONE', #3109, 0.3000000000000000999 ) ;
#5264 = ORIENTED_EDGE ( 'NONE', *, *, #5862, .T. ) ;
#5265 =( GEOMETRIC_REPRESENTATION_CONTEXT ( 3 ) GLOBAL_UNCERTAINTY_ASSIGNED_CONTEXT ( ( #5643 ) ) GLOBAL_UNIT_ASSIGNED_CONTEXT ( ( #3914, #760, #2031 ) ) REPRESENTATION_CONTEXT ( 'NONE', 'WORKASPACE' ) );
#5266 = DIRECTION ( 'NONE',  ( -1.000000000000000000, 0.000000000000000000, 0.000000000000000000 ) ) ;
#5267 = CARTESIAN_POINT ( 'NONE',  ( -0.1831650461902199489, -0.3471160600431791310, 0.05000000000000000278 ) ) ;
#5268 = SURFACE_STYLE_FILL_AREA ( #1882 ) ;
#5269 = LINE ( 'NONE', #68, #1885 ) ;
#5270 = LINE ( 'NONE', #4891, #2776 ) ;
#5271 = LINE ( 'NONE', #73, #1672 ) ;
#5272 = FILL_AREA_STYLE ('',( #905 ) ) ;
#5273 = EDGE_LOOP ( 'NONE', ( #430, #2866, #3032, #5668 ) ) ;
#5274 =( NAMED_UNIT ( * ) PLANE_ANGLE_UNIT ( ) SI_UNIT ( $, .RADIAN. ) );
#5275 = SURFACE_STYLE_USAGE ( .BOTH. , #1916 ) ;
#5276 = DIRECTION ( 'NONE',  ( -0.000000000000000000, -0.000000000000000000, -1.000000000000000000 ) ) ;
#5277 = ORIENTED_EDGE ( 'NONE', *, *, #2908, .T. ) ;
#5278 = EDGE_CURVE ( 'NONE', #5819, #2213, #2520, .T. ) ;
#5279 = ORIENTED_EDGE ( 'NONE', *, *, #431, .F. ) ;
#5280 = FILL_AREA_STYLE ('',( #2911 ) ) ;
#5281 = DIRECTION ( 'NONE',  ( 1.000000000000000000, 0.000000000000000000, 0.000000000000000000 ) ) ;
#5282 = FACE_OUTER_BOUND ( 'NONE', #1156, .T. ) ;
#5283 = UNCERTAINTY_MEASURE_WITH_UNIT (LENGTH_MEASURE( 1.000000000000000082E-05 ), #5191, 'distance_accuracy_value', 'NONE');
#5284 = SURFACE_STYLE_USAGE ( .BOTH. , #4770 ) ;
#5285 = EDGE_CURVE ( 'NONE', #4484, #3233, #2590, .T. ) ;
#5286 = VERTEX_POINT ( 'NONE', #2618 ) ;
#5287 = DIRECTION ( 'NONE',  ( 0.05233595624294387627, -0.000000000000000000, 0.9986295347545739443 ) ) ;
#5288 = CARTESIAN_POINT ( 'NONE',  ( 0.7460918573386841057, -0.6860159872360372946, 0.05000000000000000278 ) ) ;
#5289 = FILL_AREA_STYLE ('',( #23 ) ) ;
#5290 = DIRECTION ( 'NONE',  ( -0.000000000000000000, -0.000000000000000000, -1.000000000000000000 ) ) ;
#5291 = CARTESIAN_POINT ( 'NONE',  ( 0.2971365777156376731, 0.5212690557775702116, 0.1500000000000000222 ) ) ;
#5292 = UNCERTAINTY_MEASURE_WITH_UNIT (LENGTH_MEASURE( 1.000000000000000082E-05 ), #1547, 'distance_accuracy_value', 'NONE');
#5293 = STYLED_ITEM ( 'NONE', ( #1839 ), #4810 ) ;
#5294 = ADVANCED_FACE ( 'NONE', ( #1617 ), #4511, .F. ) ;
#5295 = ORIENTED_EDGE ( 'NONE', *, *, #3194, .T. ) ;
#5296 = AXIS2_PLACEMENT_3D ( 'NONE', #3598, #1597, #4430 ) ;
#5297 = DIRECTION ( 'NONE',  ( -0.000000000000000000, -0.000000000000000000, -1.000000000000000000 ) ) ;
#5298 =( GEOMETRIC_REPRESENTATION_CONTEXT ( 3 ) GLOBAL_UNCERTAINTY_ASSIGNED_CONTEXT ( ( #1931 ) ) GLOBAL_UNIT_ASSIGNED_CONTEXT ( ( #909, #4138, #1243 ) ) REPRESENTATION_CONTEXT ( 'NONE', 'WORKASPACE' ) );
#5299 =( NAMED_UNIT ( * ) SI_UNIT ( $, .STERADIAN. ) SOLID_ANGLE_UNIT ( ) );
#5300 = CARTESIAN_POINT ( 'NONE',  ( -0.8265465593547973722, 0.2577874617970526416, 0.05000000000000000278 ) ) ;
#5301 = PRESENTATION_STYLE_ASSIGNMENT (( #4409 ) ) ;
#5302 = AXIS2_PLACEMENT_3D ( 'NONE', #3524, #5765, #1517 ) ;
#5303 = SURFACE_SIDE_STYLE ('',( #4948 ) ) ;
#5304 = VERTEX_POINT ( 'NONE', #3064 ) ;
#5305 = CARTESIAN_POINT ( 'NONE',  ( -1.505672411292870772, -1.549652246857879279, 0.05000000000000000278 ) ) ;
#5306 =( LENGTH_UNIT ( ) NAMED_UNIT ( * ) SI_UNIT ( .MILLI., .METRE. ) );
#5307 = VERTEX_POINT ( 'NONE', #160 ) ;
#5308 = EDGE_LOOP ( 'NONE', ( #30, #2612, #1887, #3835 ) ) ;
#5309 = LINE ( 'NONE', #1073, #6000 ) ;
#5310 = PRESENTATION_LAYER_ASSIGNMENT (  '', '', ( #1838 ) ) ;
#5311 = ORIENTED_EDGE ( 'NONE', *, *, #4349, .F. ) ;
#5312 = MECHANICAL_DESIGN_GEOMETRIC_PRESENTATION_REPRESENTATION (  '', ( #669 ), #2752 ) ;
#5313 = PLANE ( 'NONE',  #5807 ) ;
#5314 = AXIS2_PLACEMENT_3D ( 'NONE', #2160, #1140, #2101 ) ;
#5315 = FACE_OUTER_BOUND ( 'NONE', #1772, .T. ) ;
#5316 = CARTESIAN_POINT ( 'NONE',  ( -1.097766393803939255, -1.431434946801785957, -0.6700000000000000400 ) ) ;
#5317 = AXIS2_PLACEMENT_3D ( 'NONE', #3972, #4437, #3023 ) ;
#5318 = STYLED_ITEM ( 'NONE', ( #744 ), #925 ) ;
#5319 = LINE ( 'NONE', #255, #6054 ) ;
#5320 = ADVANCED_FACE ( 'NONE', ( #3097 ), #3965, .T. ) ;
#5321 = CARTESIAN_POINT ( 'NONE',  ( -1.902233606196061411, 1.306864754528498374, -0.5700000000000010614 ) ) ;
#5322 = EDGE_LOOP ( 'NONE', ( #4621, #4706, #2973, #3935 ) ) ;
#5323 = EDGE_CURVE ( 'NONE', #20, #1269, #5424, .T. ) ;
#5324 = PRESENTATION_STYLE_ASSIGNMENT (( #5658 ) ) ;
#5325 = EDGE_CURVE ( 'NONE', #4218, #6061, #2236, .T. ) ;
#5326 = SURFACE_STYLE_FILL_AREA ( #5857 ) ;
#5327 = CARTESIAN_POINT ( 'NONE',  ( -0.03316504619021998224, -1.549652246857879279, 0.05000000000000000278 ) ) ;
#5328 = DIRECTION ( 'NONE',  ( 0.000000000000000000, -1.000000000000000000, 0.000000000000000000 ) ) ;
#5329 = DIRECTION ( 'NONE',  ( 1.000000000000000000, 0.000000000000000000, 0.000000000000000000 ) ) ;
#5330 = SURFACE_STYLE_USAGE ( .BOTH. , #4854 ) ;
#5331 = EDGE_LOOP ( 'NONE', ( #4235, #2519, #777, #3005 ) ) ;
#5332 = SURFACE_SIDE_STYLE ('',( #3924 ) ) ;
#5333 =( LENGTH_UNIT ( ) NAMED_UNIT ( * ) SI_UNIT ( .MILLI., .METRE. ) );
#5334 = FILL_AREA_STYLE_COLOUR ( '', #1978 ) ;
#5335 = LINE ( 'NONE', #5006, #904 ) ;
#5336 = VERTEX_POINT ( 'NONE', #4112 ) ;
#5337 = ORIENTED_EDGE ( 'NONE', *, *, #2134, .T. ) ;
#5338 =( LENGTH_UNIT ( ) NAMED_UNIT ( * ) SI_UNIT ( .MILLI., .METRE. ) );
#5339 = CARTESIAN_POINT ( 'NONE',  ( 0.8960918573386843500, -0.6860159872360372946, 0.000000000000000000 ) ) ;
#5340 = ORIENTED_EDGE ( 'NONE', *, *, #2914, .F. ) ;
#5341 = UNCERTAINTY_MEASURE_WITH_UNIT (LENGTH_MEASURE( 1.000000000000000082E-05 ), #881, 'distance_accuracy_value', 'NONE');
#5342 = DIRECTION ( 'NONE',  ( -0.000000000000000000, -0.000000000000000000, -1.000000000000000000 ) ) ;
#5343 = SURFACE_STYLE_USAGE ( .BOTH. , #639 ) ;
#5344 = ORIENTED_EDGE ( 'NONE', *, *, #5727, .F. ) ;
#5345 = FACE_OUTER_BOUND ( 'NONE', #1758, .T. ) ;
#5346 = STYLED_ITEM ( 'NONE', ( #5118 ), #4531 ) ;
#5347 = SURFACE_STYLE_USAGE ( .BOTH. , #3162 ) ;
#5348 = FACE_OUTER_BOUND ( 'NONE', #5759, .T. ) ;
#5349 = UNCERTAINTY_MEASURE_WITH_UNIT (LENGTH_MEASURE( 1.000000000000000082E-05 ), #973, 'distance_accuracy_value', 'NONE');
#5350 = DIRECTION ( 'NONE',  ( 0.000000000000000000, -1.000000000000000000, 0.000000000000000000 ) ) ;
#5351 = MECHANICAL_DESIGN_GEOMETRIC_PRESENTATION_REPRESENTATION (  '', ( #3986 ), #3883 ) ;
#5352 = VECTOR ( 'NONE', #4243, 1000.000000000000114 ) ;
#5353 =( GEOMETRIC_REPRESENTATION_CONTEXT ( 3 ) GLOBAL_UNCERTAINTY_ASSIGNED_CONTEXT ( ( #385 ) ) GLOBAL_UNIT_ASSIGNED_CONTEXT ( ( #3077, #5969, #3112 ) ) REPRESENTATION_CONTEXT ( 'NONE', 'WORKASPACE' ) );
#5354 = PLANE ( 'NONE',  #4809 ) ;
#5355 = VERTEX_POINT ( 'NONE', #3127 ) ;
#5356 = ADVANCED_FACE ( 'NONE', ( #4053 ), #5458, .F. ) ;
#5357 = VECTOR ( 'NONE', #3029, 1000.000000000000000 ) ;
#5358 = STYLED_ITEM ( 'NONE', ( #362 ), #3440 ) ;
#5359 =( LENGTH_UNIT ( ) NAMED_UNIT ( * ) SI_UNIT ( .MILLI., .METRE. ) );
#5360 = LINE ( 'NONE', #1116, #1010 ) ;
#5361 = MECHANICAL_DESIGN_GEOMETRIC_PRESENTATION_REPRESENTATION (  '', ( #4579 ), #5161 ) ;
#5362 = DIRECTION ( 'NONE',  ( 0.000000000000000000, 0.000000000000000000, -1.000000000000000000 ) ) ;
#5363 = FILL_AREA_STYLE ('',( #3424 ) ) ;
#5364 =( LENGTH_UNIT ( ) NAMED_UNIT ( * ) SI_UNIT ( .MILLI., .METRE. ) );
#5365 = AXIS2_PLACEMENT_3D ( 'NONE', #1122, #1096, #628 ) ;
#5366 = EDGE_CURVE ( 'NONE', #4424, #5510, #5397, .T. ) ;
#5367 = ORIENTED_EDGE ( 'NONE', *, *, #749, .F. ) ;
#5368 = MECHANICAL_DESIGN_GEOMETRIC_PRESENTATION_REPRESENTATION (  '', ( #2397 ), #3794 ) ;
#5369 = CARTESIAN_POINT ( 'NONE',  ( 1.734277666215087388, 0.5068647545284983291, -0.3000000000000001554 ) ) ;
#5370 = SURFACE_STYLE_FILL_AREA ( #4045 ) ;
#5371 = PLANE ( 'NONE',  #5735 ) ;
#5372 =( NAMED_UNIT ( * ) SI_UNIT ( $, .STERADIAN. ) SOLID_ANGLE_UNIT ( ) );
#5373 = EDGE_CURVE ( 'NONE', #2767, #1934, #1270, .T. ) ;
#5374 = ORIENTED_EDGE ( 'NONE', *, *, #398, .F. ) ;
#5375 = CARTESIAN_POINT ( 'NONE',  ( -0.03316504619021998224, 1.512774786421851037, 0.000000000000000000 ) ) ;
#5376 = FACE_OUTER_BOUND ( 'NONE', #2357, .T. ) ;
#5377 = CARTESIAN_POINT ( 'NONE',  ( -1.602233606196061366, -1.193135245471500960, -0.6700000000000000400 ) ) ;
#5378 = EDGE_LOOP ( 'NONE', ( #3222, #9, #5822, #4300, #2370 ) ) ;
#5379 =( LENGTH_UNIT ( ) NAMED_UNIT ( * ) SI_UNIT ( .MILLI., .METRE. ) );
#5380 = CARTESIAN_POINT ( 'NONE',  ( -1.602233606196061366, -0.3931352454715018041, -0.8700000000000002176 ) ) ;
#5381 = DIRECTION ( 'NONE',  ( -0.000000000000000000, -0.000000000000000000, -1.000000000000000000 ) ) ;
#5382 = FILL_AREA_STYLE ('',( #5774 ) ) ;
#5383 =( NAMED_UNIT ( * ) SI_UNIT ( $, .STERADIAN. ) SOLID_ANGLE_UNIT ( ) );
#5384 =( LENGTH_UNIT ( ) NAMED_UNIT ( * ) SI_UNIT ( .MILLI., .METRE. ) );
#5385 = ORIENTED_EDGE ( 'NONE', *, *, #3041, .F. ) ;
#5386 = DIRECTION ( 'NONE',  ( 1.000000000000000000, 0.000000000000000000, 0.000000000000000000 ) ) ;
#5387 = LINE ( 'NONE', #687, #2795 ) ;
#5388 = EDGE_CURVE ( 'NONE', #3418, #5863, #337, .T. ) ;
#5389 = VERTEX_POINT ( 'NONE', #1298 ) ;
#5390 = AXIS2_PLACEMENT_3D ( 'NONE', #4548, #1306, #1329 ) ;
#5391 = SURFACE_STYLE_FILL_AREA ( #4449 ) ;
#5392 = SURFACE_SIDE_STYLE ('',( #1211 ) ) ;
#5393 = CARTESIAN_POINT ( 'NONE',  ( -1.002233606196060611, 0.5068647545284988842, -0.8699999999999999956 ) ) ;
#5394 = AXIS2_PLACEMENT_3D ( 'NONE', #3368, #2910, #3836 ) ;
#5395 = DIRECTION ( 'NONE',  ( -0.000000000000000000, -0.000000000000000000, -1.000000000000000000 ) ) ;
#5396 = EDGE_CURVE ( 'NONE', #4253, #2749, #5929, .T. ) ;
#5397 = CIRCLE ( 'NONE', #5898, 0.1499999999999999667 ) ;
#5398 = DIRECTION ( 'NONE',  ( -0.08715574274765820750, -7.708010992251532541E-18, -0.9961946980917455452 ) ) ;
#5399 = CARTESIAN_POINT ( 'NONE',  ( -1.749999999999999778, -1.750000000000000222, 0.000000000000000000 ) ) ;
#5400 = ORIENTED_EDGE ( 'NONE', *, *, #6115, .T. ) ;
#5401 = ORIENTED_EDGE ( 'NONE', *, *, #5093, .T. ) ;
#5402 = EDGE_CURVE ( 'NONE', #3418, #852, #1765, .T. ) ;
#5403 = UNCERTAINTY_MEASURE_WITH_UNIT (LENGTH_MEASURE( 1.000000000000000082E-05 ), #3895, 'distance_accuracy_value', 'NONE');
#5404 = FILL_AREA_STYLE ('',( #1626 ) ) ;
#5405 = VECTOR ( 'NONE', #228, 1000.000000000000000 ) ;
#5406 = SURFACE_STYLE_FILL_AREA ( #4147 ) ;
#5407 = UNCERTAINTY_MEASURE_WITH_UNIT (LENGTH_MEASURE( 1.000000000000000082E-05 ), #4407, 'distance_accuracy_value', 'NONE');
#5408 = CARTESIAN_POINT ( 'NONE',  ( -0.03316504619021998224, -0.4971160600431790977, 0.05000000000000000278 ) ) ;
#5409 = LINE ( 'NONE', #737, #1039 ) ;
#5410 = ORIENTED_EDGE ( 'NONE', *, *, #674, .T. ) ;
#5411 = LINE ( 'NONE', #1177, #1650 ) ;
#5412 = CONICAL_SURFACE ( 'NONE', #1658, 1.100000000000000089, 0.2792526803190899520 ) ;
#5413 = AXIS2_PLACEMENT_3D ( 'NONE', #4712, #1410, #1880 ) ;
#5414 = SURFACE_STYLE_USAGE ( .BOTH. , #714 ) ;
#5415 = CARTESIAN_POINT ( 'NONE',  ( -1.734277666215088054, 1.306864754528498374, -0.3000000000000001554 ) ) ;
#5416 = CARTESIAN_POINT ( 'NONE',  ( 1.708073776573566960, -1.708073776573567182, -0.8000000000000000444 ) ) ;
#5417 = CARTESIAN_POINT ( 'NONE',  ( -1.748018770656109222, -1.193135245471501626, -0.03780410792051351609 ) ) ;
#5418 = ORIENTED_EDGE ( 'NONE', *, *, #4774, .T. ) ;
#5419 = CARTESIAN_POINT ( 'NONE',  ( 1.602233606196061366, -1.193135245471501182, -0.5700000000000000622 ) ) ;
#5420 = FILL_AREA_STYLE ('',( #1548 ) ) ;
#5421 = FILL_AREA_STYLE_COLOUR ( '', #4374 ) ;
#5422 = AXIS2_PLACEMENT_3D ( 'NONE', #1540, #6, #1579 ) ;
#5423 = CARTESIAN_POINT ( 'NONE',  ( -0.1831650461902199489, -0.1655797369339806480, 0.000000000000000000 ) ) ;
#5424 = LINE ( 'NONE', #4983, #543 ) ;
#5425 = ADVANCED_FACE ( 'NONE', ( #2654 ), #1736, .T. ) ;
#5426 = PRESENTATION_STYLE_ASSIGNMENT (( #2057 ) ) ;
#5427 = ORIENTED_EDGE ( 'NONE', *, *, #3492, .F. ) ;
#5428 = ORIENTED_EDGE ( 'NONE', *, *, #1455, .T. ) ;
#5429 = CARTESIAN_POINT ( 'NONE',  ( 1.708073776573566738, 2.116454056373235472E-16, -0.8000000000000000444 ) ) ;
#5430 = AXIS2_PLACEMENT_3D ( 'NONE', #5981, #1731, #2135 ) ;
#5431 = LINE ( 'NONE', #4930, #2630 ) ;
#5432 = ADVANCED_FACE ( 'NONE', ( #5239 ), #3269, .F. ) ;
#5433 = PLANE ( 'NONE',  #4038 ) ;
#5434 = EDGE_CURVE ( 'NONE', #6140, #2441, #4191, .T. ) ;
#5435 = PRESENTATION_LAYER_ASSIGNMENT (  '', '', ( #4659 ) ) ;
#5436 = PRESENTATION_STYLE_ASSIGNMENT (( #830 ) ) ;
#5437 = FILL_AREA_STYLE_COLOUR ( '', #2448 ) ;
#5438 = AXIS2_PLACEMENT_3D ( 'NONE', #5459, #4455, #5962 ) ;
#5439 = SURFACE_STYLE_FILL_AREA ( #4963 ) ;
#5440 = SURFACE_STYLE_USAGE ( .BOTH. , #4099 ) ;
#5441 = STYLED_ITEM ( 'NONE', ( #4566 ), #4538 ) ;
#5442 = EDGE_LOOP ( 'NONE', ( #1951, #5575, #6144, #2574 ) ) ;
#5443 = ADVANCED_FACE ( 'NONE', ( #2808 ), #3861, .F. ) ;
#5444 = AXIS2_PLACEMENT_3D ( 'NONE', #3862, #3397, #2932 ) ;
#5445 = COLOUR_RGB ( '',1.000000000000000000, 0.000000000000000000, 0.000000000000000000 ) ;
#5446 = CARTESIAN_POINT ( 'NONE',  ( 1.749999999999999778, 0.5068647545284987732, -1.355252715606880543E-17 ) ) ;
#5447 =( GEOMETRIC_REPRESENTATION_CONTEXT ( 3 ) GLOBAL_UNCERTAINTY_ASSIGNED_CONTEXT ( ( #5707 ) ) GLOBAL_UNIT_ASSIGNED_CONTEXT ( ( #4096, #2695, #4201 ) ) REPRESENTATION_CONTEXT ( 'NONE', 'WORKASPACE' ) );
#5448 = VERTEX_POINT ( 'NONE', #1389 ) ;
#5449 = ORIENTED_EDGE ( 'NONE', *, *, #2721, .T. ) ;
#5450 = PRESENTATION_STYLE_ASSIGNMENT (( #4562 ) ) ;
#5451 = VECTOR ( 'NONE', #2679, 1000.000000000000114 ) ;
#5452 =( NAMED_UNIT ( * ) PLANE_ANGLE_UNIT ( ) SI_UNIT ( $, .RADIAN. ) );
#5453 = DIRECTION ( 'NONE',  ( 1.000000000000000000, 0.000000000000000000, 0.000000000000000000 ) ) ;
#5454 = LINE ( 'NONE', #3992, #3199 ) ;
#5455 = CIRCLE ( 'NONE', #3107, 0.3000000000000000444 ) ;
#5456 = COLOUR_RGB ( '',0.000000000000000000, 1.000000000000000000, 0.000000000000000000 ) ;
#5457 = ORIENTED_EDGE ( 'NONE', *, *, #1715, .T. ) ;
#5458 = PLANE ( 'NONE',  #3536 ) ;
#5459 = CARTESIAN_POINT ( 'NONE',  ( -1.902233606196063631, -1.699999999999999956, -6.762711050878333907E-15 ) ) ;
#5460 = FILL_AREA_STYLE ('',( #252 ) ) ;
#5461 = ORIENTED_EDGE ( 'NONE', *, *, #1801, .F. ) ;
#5462 = UNCERTAINTY_MEASURE_WITH_UNIT (LENGTH_MEASURE( 1.000000000000000082E-05 ), #5338, 'distance_accuracy_value', 'NONE');
#5463 = DIRECTION ( 'NONE',  ( 0.000000000000000000, 0.000000000000000000, -1.000000000000000000 ) ) ;
#5464 =( NAMED_UNIT ( * ) SI_UNIT ( $, .STERADIAN. ) SOLID_ANGLE_UNIT ( ) );
#5465 = UNCERTAINTY_MEASURE_WITH_UNIT (LENGTH_MEASURE( 1.000000000000000082E-05 ), #1385, 'distance_accuracy_value', 'NONE');
#5466 = PRESENTATION_STYLE_ASSIGNMENT (( #4583 ) ) ;
#5467 = EDGE_CURVE ( 'NONE', #2657, #3042, #5681, .T. ) ;
#5468 = ORIENTED_EDGE ( 'NONE', *, *, #1416, .F. ) ;
#5469 = CARTESIAN_POINT ( 'NONE',  ( 1.002233606196060389, -1.193135245471500960, -0.8000000000000000444 ) ) ;
#5470 = CARTESIAN_POINT ( 'NONE',  ( -0.1831650461902199489, -0.4971160600431790977, 0.05000000000000000278 ) ) ;
#5471 = SURFACE_STYLE_USAGE ( .BOTH. , #5023 ) ;
#5472 = EDGE_CURVE ( 'NONE', #2918, #1572, #6136, .T. ) ;
#5473 = FILL_AREA_STYLE ('',( #5951 ) ) ;
#5474 = ADVANCED_FACE ( 'NONE', ( #961 ), #2864, .T. ) ;
#5475 = ORIENTED_EDGE ( 'NONE', *, *, #2067, .T. ) ;
#5476 =( NAMED_UNIT ( * ) SI_UNIT ( $, .STERADIAN. ) SOLID_ANGLE_UNIT ( ) );
#5477 = DIRECTION ( 'NONE',  ( -0.000000000000000000, -0.000000000000000000, -1.000000000000000000 ) ) ;
#5478 =( LENGTH_UNIT ( ) NAMED_UNIT ( * ) SI_UNIT ( .MILLI., .METRE. ) );
#5479 =( NAMED_UNIT ( * ) PLANE_ANGLE_UNIT ( ) SI_UNIT ( $, .RADIAN. ) );
#5480 = DIRECTION ( 'NONE',  ( 1.000000000000000000, 1.548860246407862843E-16, 0.000000000000000000 ) ) ;
#5481 = SURFACE_SIDE_STYLE ('',( #281 ) ) ;
#5482 = MECHANICAL_DESIGN_GEOMETRIC_PRESENTATION_REPRESENTATION (  '', ( #4202 ), #537 ) ;
#5483 = ORIENTED_EDGE ( 'NONE', *, *, #5208, .F. ) ;
#5484 =( NAMED_UNIT ( * ) SI_UNIT ( $, .STERADIAN. ) SOLID_ANGLE_UNIT ( ) );
#5485 = SURFACE_STYLE_FILL_AREA ( #3186 ) ;
#5486 = LINE ( 'NONE', #1241, #1186 ) ;
#5487 = AXIS2_PLACEMENT_3D ( 'NONE', #2154, #4005, #733 ) ;
#5488 = ORIENTED_EDGE ( 'NONE', *, *, #716, .T. ) ;
#5489 = SURFACE_SIDE_STYLE ('',( #1797 ) ) ;
#5490 = PLANE ( 'NONE',  #2200 ) ;
#5491 =( GEOMETRIC_REPRESENTATION_CONTEXT ( 3 ) GLOBAL_UNCERTAINTY_ASSIGNED_CONTEXT ( ( #5713 ) ) GLOBAL_UNIT_ASSIGNED_CONTEXT ( ( #2277, #2183, #4550 ) ) REPRESENTATION_CONTEXT ( 'NONE', 'WORKASPACE' ) );
#5492 = MECHANICAL_DESIGN_GEOMETRIC_PRESENTATION_REPRESENTATION (  '', ( #1734 ), #5782 ) ;
#5493 = CARTESIAN_POINT ( 'NONE',  ( -1.602233606196061144, 0.5068647545284995504, -0.8000000000000000444 ) ) ;
#5494 = PRESENTATION_LAYER_ASSIGNMENT (  '', '', ( #4321 ) ) ;
#5495 = CARTESIAN_POINT ( 'NONE',  ( -0.6765465593547973500, -0.5565939275861466751, 0.05000000000000000278 ) ) ;
#5496 = LINE ( 'NONE', #2340, #164 ) ;
#5497 = LINE ( 'NONE', #4611, #741 ) ;
#5498 = PRESENTATION_STYLE_ASSIGNMENT (( #5440 ) ) ;
#5499 = CARTESIAN_POINT ( 'NONE',  ( -1.482564226095967941, 0.4077874617970526638, 0.05000000000000000278 ) ) ;
#5500 = CARTESIAN_POINT ( 'NONE',  ( 0.000000000000000000, 0.000000000000000000, -0.8000000000000000444 ) ) ;
#5501 = EDGE_CURVE ( 'NONE', #1895, #963, #626, .T. ) ;
#5502 = STYLED_ITEM ( 'NONE', ( #5498 ), #2260 ) ;
#5503 = STYLED_ITEM ( 'NONE', ( #5466 ), #364 ) ;
#5504 =( NAMED_UNIT ( * ) PLANE_ANGLE_UNIT ( ) SI_UNIT ( $, .RADIAN. ) );
#5505 = DIRECTION ( 'NONE',  ( -1.000000000000000000, 0.000000000000000000, 0.000000000000000000 ) ) ;
#5506 = VECTOR ( 'NONE', #3369, 1000.000000000000000 ) ;
#5507 = ORIENTED_EDGE ( 'NONE', *, *, #1715, .F. ) ;
#5508 = COLOUR_RGB ( '',1.000000000000000000, 1.000000000000000000, 1.000000000000000000 ) ;
#5509 =( GEOMETRIC_REPRESENTATION_CONTEXT ( 3 ) GLOBAL_UNCERTAINTY_ASSIGNED_CONTEXT ( ( #2886 ) ) GLOBAL_UNIT_ASSIGNED_CONTEXT ( ( #3325, #3854, #5199 ) ) REPRESENTATION_CONTEXT ( 'NONE', 'WORKASPACE' ) );
#5510 = VERTEX_POINT ( 'NONE', #1509 ) ;
#5511 = ADVANCED_FACE ( 'NONE', ( #1545 ), #4385, .F. ) ;
#5512 = ADVANCED_FACE ( 'NONE', ( #3961 ), #5821, .T. ) ;
#5513 = DIRECTION ( 'NONE',  ( -0.000000000000000000, 0.000000000000000000, -1.000000000000000000 ) ) ;
#5514 = DIRECTION ( 'NONE',  ( 0.000000000000000000, -0.08715574274765820750, 0.9961946980917455452 ) ) ;
#5515 = VECTOR ( 'NONE', #5912, 1000.000000000000000 ) ;
#5516 = PRESENTATION_LAYER_ASSIGNMENT (  '', '', ( #3852 ) ) ;
#5517 = SURFACE_STYLE_USAGE ( .BOTH. , #2171 ) ;
#5518 = ORIENTED_EDGE ( 'NONE', *, *, #899, .T. ) ;
#5519 = DIRECTION ( 'NONE',  ( -1.000000000000000000, -0.000000000000000000, -0.000000000000000000 ) ) ;
#5520 = VERTEX_POINT ( 'NONE', #5109 ) ;
#5521 = DIRECTION ( 'NONE',  ( -1.000000000000000000, -0.000000000000000000, -0.000000000000000000 ) ) ;
#5522 = PRESENTATION_STYLE_ASSIGNMENT (( #3653 ) ) ;
#5523 = ORIENTED_EDGE ( 'NONE', *, *, #5924, .F. ) ;
#5524 = SURFACE_SIDE_STYLE ('',( #3682 ) ) ;
#5525 = DIRECTION ( 'NONE',  ( 1.000000000000000000, 0.000000000000000000, -0.000000000000000000 ) ) ;
#5526 = UNCERTAINTY_MEASURE_WITH_UNIT (LENGTH_MEASURE( 1.000000000000000082E-05 ), #3174, 'distance_accuracy_value', 'NONE');
#5527 = FACE_OUTER_BOUND ( 'NONE', #4370, .T. ) ;
#5528 = COLOUR_RGB ( '',0.8313725490196077761, 0.8392156862745098200, 0.8313725490196077761 ) ;
#5529 = SURFACE_SIDE_STYLE ('',( #5139 ) ) ;
#5530 = DIRECTION ( 'NONE',  ( 1.000000000000000000, 0.000000000000000000, -3.491481338843133355E-15 ) ) ;
#5531 = PLANE ( 'NONE',  #4780 ) ;
#5532 =( NAMED_UNIT ( * ) PLANE_ANGLE_UNIT ( ) SI_UNIT ( $, .RADIAN. ) );
#5533 = VECTOR ( 'NONE', #3257, 1000.000000000000000 ) ;
#5534 = ADVANCED_FACE ( 'NONE', ( #5081 ), #5561, .F. ) ;
#5535 = ORIENTED_EDGE ( 'NONE', *, *, #234, .F. ) ;
#5536 = STYLED_ITEM ( 'NONE', ( #4742 ), #3641 ) ;
#5537 = CARTESIAN_POINT ( 'NONE',  ( 0.5960918573386841945, 0.2498278417103637350, 0.05000000000000000278 ) ) ;
#5538 = DIRECTION ( 'NONE',  ( -0.000000000000000000, -0.000000000000000000, -1.000000000000000000 ) ) ;
#5539 = CARTESIAN_POINT ( 'NONE',  ( -1.002233606196060611, 1.306864754528498818, -0.8699999999999999956 ) ) ;
#5540 = CARTESIAN_POINT ( 'NONE',  ( -0.1831650461902199489, -0.01557973693398068474, 0.05000000000000000278 ) ) ;
#5541 = VERTEX_POINT ( 'NONE', #4650 ) ;
#5542 = ADVANCED_FACE ( 'NONE', ( #6059 ), #5591, .F. ) ;
#5543 = PRESENTATION_LAYER_ASSIGNMENT (  '', '', ( #3986 ) ) ;
#5544 = CONICAL_SURFACE ( 'NONE', #3198, 1.100000000000000089, 0.2792526803190899520 ) ;
#5545 = COLOUR_RGB ( '',1.000000000000000000, 1.000000000000000000, 1.000000000000000000 ) ;
#5546 =( NAMED_UNIT ( * ) PLANE_ANGLE_UNIT ( ) SI_UNIT ( $, .RADIAN. ) );
#5547 =( NAMED_UNIT ( * ) SI_UNIT ( $, .STERADIAN. ) SOLID_ANGLE_UNIT ( ) );
#5548 = CARTESIAN_POINT ( 'NONE',  ( -1.002233606196060611, 0.5068647545284988842, -0.8000000000000000444 ) ) ;
#5549 = ORIENTED_EDGE ( 'NONE', *, *, #4100, .F. ) ;
#5550 = PLANE ( 'NONE',  #4418 ) ;
#5551 =( GEOMETRIC_REPRESENTATION_CONTEXT ( 3 ) GLOBAL_UNCERTAINTY_ASSIGNED_CONTEXT ( ( #1013 ) ) GLOBAL_UNIT_ASSIGNED_CONTEXT ( ( #624, #4890, #2541 ) ) REPRESENTATION_CONTEXT ( 'NONE', 'WORKASPACE' ) );
#5552 = AXIS2_PLACEMENT_3D ( 'NONE', #5470, #3143, #5505 ) ;
#5553 = VERTEX_POINT ( 'NONE', #6091 ) ;
#5554 = COLOUR_RGB ( '',0.8980392156862745390, 0.9215686274509803377, 0.9294117647058823817 ) ;
#5555 = EDGE_CURVE ( 'NONE', #396, #3328, #3286, .T. ) ;
#5556 = ORIENTED_EDGE ( 'NONE', *, *, #2409, .F. ) ;
#5557 =( NAMED_UNIT ( * ) PLANE_ANGLE_UNIT ( ) SI_UNIT ( $, .RADIAN. ) );
#5558 = PRESENTATION_LAYER_ASSIGNMENT (  '', '', ( #3793 ) ) ;
#5559 = FILL_AREA_STYLE ('',( #382 ) ) ;
#5560 = LINE ( 'NONE', #3719, #4510 ) ;
#5561 = PLANE ( 'NONE',  #3733 ) ;
#5562 = VERTEX_POINT ( 'NONE', #3206 ) ;
#5563 =( NAMED_UNIT ( * ) PLANE_ANGLE_UNIT ( ) SI_UNIT ( $, .RADIAN. ) );
#5564 = FACE_OUTER_BOUND ( 'NONE', #5180, .T. ) ;
#5565 = CYLINDRICAL_SURFACE ( 'NONE', #5552, 0.1499999999999999667 ) ;
#5566 = EDGE_LOOP ( 'NONE', ( #1287, #3950, #6032, #4364 ) ) ;
#5567 = LINE ( 'NONE', #482, #4143 ) ;
#5568 = DIRECTION ( 'NONE',  ( 0.000000000000000000, 0.000000000000000000, -1.000000000000000000 ) ) ;
#5569 = FACE_OUTER_BOUND ( 'NONE', #3211, .T. ) ;
#5570 = DIRECTION ( 'NONE',  ( 0.7071067811865476838, 0.7071067811865474617, -0.000000000000000000 ) ) ;
#5571 = ORIENTED_EDGE ( 'NONE', *, *, #473, .T. ) ;
#5572 = PRESENTATION_STYLE_ASSIGNMENT (( #2174 ) ) ;
#5573 = CARTESIAN_POINT ( 'NONE',  ( 0.4971365777156377397, 0.7212690557775703892, 0.1500000000000000222 ) ) ;
#5574 = CARTESIAN_POINT ( 'NONE',  ( -1.097766393803939255, -1.431434946801785957, -0.6700000000000000400 ) ) ;
#5575 = ORIENTED_EDGE ( 'NONE', *, *, #4197, .F. ) ;
#5576 = ADVANCED_FACE ( 'NONE', ( #4705 ), #3784, .F. ) ;
#5577 =( NAMED_UNIT ( * ) SI_UNIT ( $, .STERADIAN. ) SOLID_ANGLE_UNIT ( ) );
#5578 = CIRCLE ( 'NONE', #17, 0.1499999999999999667 ) ;
#5579 = EDGE_LOOP ( 'NONE', ( #4596, #3743, #2915, #1728 ) ) ;
#5580 = ORIENTED_EDGE ( 'NONE', *, *, #2365, .F. ) ;
#5581 = SURFACE_SIDE_STYLE ('',( #2663 ) ) ;
#5582 = AXIS2_PLACEMENT_3D ( 'NONE', #3940, #5836, #5463 ) ;
#5583 = FILL_AREA_STYLE_COLOUR ( '', #3153 ) ;
#5584 = EDGE_CURVE ( 'NONE', #4224, #5710, #4269, .T. ) ;
#5585 = EDGE_CURVE ( 'NONE', #3810, #5099, #2503, .T. ) ;
#5586 = STYLED_ITEM ( 'NONE', ( #1679 ), #282 ) ;
#5587 = LINE ( 'NONE', #1065, #3985 ) ;
#5588 = UNCERTAINTY_MEASURE_WITH_UNIT (LENGTH_MEASURE( 1.000000000000000082E-05 ), #4888, 'distance_accuracy_value', 'NONE');
#5589 = AXIS2_PLACEMENT_3D ( 'NONE', #5994, #3164, #794 ) ;
#5590 = CARTESIAN_POINT ( 'NONE',  ( -1.482564226095967941, 0.4077874617970526638, 0.000000000000000000 ) ) ;
#5591 = CYLINDRICAL_SURFACE ( 'NONE', #2950, 0.5500000000000000444 ) ;
#5592 = PLANE ( 'NONE',  #1773 ) ;
#5593 = ORIENTED_EDGE ( 'NONE', *, *, #62, .F. ) ;
#5594 = DIRECTION ( 'NONE',  ( 0.000000000000000000, 1.000000000000000000, 0.000000000000000000 ) ) ;
#5595 =( NAMED_UNIT ( * ) SI_UNIT ( $, .STERADIAN. ) SOLID_ANGLE_UNIT ( ) );
#5596 = STYLED_ITEM ( 'NONE', ( #169 ), #5767 ) ;
#5597 = ORIENTED_EDGE ( 'NONE', *, *, #3517, .T. ) ;
#5598 = VECTOR ( 'NONE', #2990, 1000.000000000000000 ) ;
#5599 = VECTOR ( 'NONE', #4733, 1000.000000000000000 ) ;
#5600 = CARTESIAN_POINT ( 'NONE',  ( -1.750000000000000222, 0.5068647545284983291, -1.897353801849632760E-16 ) ) ;
#5601 = SURFACE_SIDE_STYLE ('',( #3730 ) ) ;
#5602 = CARTESIAN_POINT ( 'NONE',  ( -1.750000000000000222, 0.5068647545284987732, 1.355252715606880543E-17 ) ) ;
#5603 = AXIS2_PLACEMENT_3D ( 'NONE', #2129, #5918, #2636 ) ;
#5604 = COLOUR_RGB ( '',1.000000000000000000, 1.000000000000000000, 1.000000000000000000 ) ;
#5605 = COLOUR_RGB ( '',0.000000000000000000, 0.000000000000000000, 1.000000000000000000 ) ;
#5606 = EDGE_LOOP ( 'NONE', ( #634, #2983, #3527, #4824, #5593 ) ) ;
#5607 = VECTOR ( 'NONE', #2677, 1000.000000000000000 ) ;
#5608 = PRESENTATION_STYLE_ASSIGNMENT (( #1770 ) ) ;
#5609 = VERTEX_POINT ( 'NONE', #3347 ) ;
#5610 = COLOUR_RGB ( '',0.8980392156862745390, 0.9215686274509803377, 0.9294117647058823817 ) ;
#5611 = EDGE_CURVE ( 'NONE', #3968, #4662, #4400, .T. ) ;
#5612 = EDGE_LOOP ( 'NONE', ( #4698, #5311, #496, #3863, #5461, #2261, #4925, #5218, #1127 ) ) ;
#5613 =( NAMED_UNIT ( * ) PLANE_ANGLE_UNIT ( ) SI_UNIT ( $, .RADIAN. ) );
#5614 = DIRECTION ( 'NONE',  ( -0.000000000000000000, -0.000000000000000000, -1.000000000000000000 ) ) ;
#5615 = PRESENTATION_LAYER_ASSIGNMENT (  '', '', ( #2162 ) ) ;
#5616 = EDGE_CURVE ( 'NONE', #977, #3017, #3911, .T. ) ;
#5617 = CARTESIAN_POINT ( 'NONE',  ( 1.602233606196061366, -1.193135245471500960, -0.8000000000000000444 ) ) ;
#5618 = PRESENTATION_STYLE_ASSIGNMENT (( #2823 ) ) ;
#5619 = CARTESIAN_POINT ( 'NONE',  ( 1.321228911128271788, -1.454651929937279098, 0.05000000000000000278 ) ) ;
#5620 = LINE ( 'NONE', #1435, #3637 ) ;
#5621 = MECHANICAL_DESIGN_GEOMETRIC_PRESENTATION_REPRESENTATION (  '', ( #2270 ), #3271 ) ;
#5622 = EDGE_CURVE ( 'NONE', #3328, #5336, #6159, .T. ) ;
#5623 = VERTEX_POINT ( 'NONE', #575 ) ;
#5624 = CARTESIAN_POINT ( 'NONE',  ( 0.000000000000000000, 0.000000000000000000, 1.100000000000000311 ) ) ;
#5625 = DIRECTION ( 'NONE',  ( 0.000000000000000000, 0.000000000000000000, 1.000000000000000000 ) ) ;
#5626 = COLOUR_RGB ( '',1.000000000000000000, 0.000000000000000000, 0.000000000000000000 ) ;
#5627 = DIRECTION ( 'NONE',  ( 0.000000000000000000, -0.000000000000000000, -1.000000000000000000 ) ) ;
#5628 = CARTESIAN_POINT ( 'NONE',  ( -0.8265465593547973722, -0.5565939275861466751, 0.05000000000000000278 ) ) ;
#5629 = DIRECTION ( 'NONE',  ( -1.000000000000000000, 0.000000000000000000, -3.491481338843133355E-15 ) ) ;
#5630 = CARTESIAN_POINT ( 'NONE',  ( -1.002233606196060833, -1.193135245471500960, -0.8699999999999999956 ) ) ;
#5631 = COLOUR_RGB ( '',0.8313725490196077761, 0.8392156862745098200, 0.8313725490196077761 ) ;
#5632 = ORIENTED_EDGE ( 'NONE', *, *, #2922, .F. ) ;
#5633 = CARTESIAN_POINT ( 'NONE',  ( 0.000000000000000000, 0.000000000000000000, -0.6700000000000000400 ) ) ;
#5634 =( NAMED_UNIT ( * ) SI_UNIT ( $, .STERADIAN. ) SOLID_ANGLE_UNIT ( ) );
#5635 = ORIENTED_EDGE ( 'NONE', *, *, #4609, .F. ) ;
#5636 =( GEOMETRIC_REPRESENTATION_CONTEXT ( 3 ) GLOBAL_UNCERTAINTY_ASSIGNED_CONTEXT ( ( #4677 ) ) GLOBAL_UNIT_ASSIGNED_CONTEXT ( ( #5957, #3555, #3093 ) ) REPRESENTATION_CONTEXT ( 'NONE', 'WORKASPACE' ) );
#5637 = VERTEX_POINT ( 'NONE', #3378 ) ;
#5638 =( NAMED_UNIT ( * ) SI_UNIT ( $, .STERADIAN. ) SOLID_ANGLE_UNIT ( ) );
#5639 = DIRECTION ( 'NONE',  ( 0.000000000000000000, 1.000000000000000000, 0.000000000000000000 ) ) ;
#5640 = VECTOR ( 'NONE', #3544, 1000.000000000000000 ) ;
#5641 =( GEOMETRIC_REPRESENTATION_CONTEXT ( 3 ) GLOBAL_UNCERTAINTY_ASSIGNED_CONTEXT ( ( #831 ) ) GLOBAL_UNIT_ASSIGNED_CONTEXT ( ( #334, #3151, #4627 ) ) REPRESENTATION_CONTEXT ( 'NONE', 'WORKASPACE' ) );
#5642 = CARTESIAN_POINT ( 'NONE',  ( 0.2103187164337327886, 0.09982784171036376830, 0.000000000000000000 ) ) ;
#5643 = UNCERTAINTY_MEASURE_WITH_UNIT (LENGTH_MEASURE( 1.000000000000000082E-05 ), #3914, 'distance_accuracy_value', 'NONE');
#5644 = MECHANICAL_DESIGN_GEOMETRIC_PRESENTATION_REPRESENTATION (  '', ( #6048 ), #3891 ) ;
#5645 = CARTESIAN_POINT ( 'NONE',  ( -1.702233606196061233, 1.306864754528498374, -0.5700000000000003952 ) ) ;
#5646 = CIRCLE ( 'NONE', #213, 0.1499999999999999667 ) ;
#5647 = SURFACE_STYLE_FILL_AREA ( #446 ) ;
#5648 = DIRECTION ( 'NONE',  ( -1.000000000000000000, 0.000000000000000000, 0.000000000000000000 ) ) ;
#5649 = EDGE_LOOP ( 'NONE', ( #5730, #3910 ) ) ;
#5650 =( NAMED_UNIT ( * ) SI_UNIT ( $, .STERADIAN. ) SOLID_ANGLE_UNIT ( ) );
#5651 = EDGE_CURVE ( 'NONE', #4137, #908, #130, .T. ) ;
#5652 = LINE ( 'NONE', #5172, #2042 ) ;
#5653 = UNCERTAINTY_MEASURE_WITH_UNIT (LENGTH_MEASURE( 1.000000000000000082E-05 ), #2787, 'distance_accuracy_value', 'NONE');
#5654 = ORIENTED_EDGE ( 'NONE', *, *, #1446, .T. ) ;
#5655 =( NAMED_UNIT ( * ) SI_UNIT ( $, .STERADIAN. ) SOLID_ANGLE_UNIT ( ) );
#5656 = DIRECTION ( 'NONE',  ( 0.000000000000000000, 0.9986295347545739443, -0.05233595624294388321 ) ) ;
#5657 = ADVANCED_FACE ( 'NONE', ( #1901 ), #2949, .T. ) ;
#5658 = SURFACE_STYLE_USAGE ( .BOTH. , #3796 ) ;
#5659 = EDGE_CURVE ( 'NONE', #456, #2273, #2988, .T. ) ;
#5660 = CARTESIAN_POINT ( 'NONE',  ( -0.1016364463799759588, 0.1994353412954477101, 0.1500000000000000222 ) ) ;
#5661 = ORIENTED_EDGE ( 'NONE', *, *, #2216, .F. ) ;
#5662 = DIRECTION ( 'NONE',  ( -0.000000000000000000, -1.000000000000000000, -0.000000000000000000 ) ) ;
#5663 =( LENGTH_UNIT ( ) NAMED_UNIT ( * ) SI_UNIT ( .MILLI., .METRE. ) );
#5664 = ORIENTED_EDGE ( 'NONE', *, *, #3330, .F. ) ;
#5665 =( NAMED_UNIT ( * ) SI_UNIT ( $, .STERADIAN. ) SOLID_ANGLE_UNIT ( ) );
#5666 = LINE ( 'NONE', #1393, #1297 ) ;
#5667 = LINE ( 'NONE', #2906, #4570 ) ;
#5668 = ORIENTED_EDGE ( 'NONE', *, *, #1655, .T. ) ;
#5669 = AXIS2_PLACEMENT_3D ( 'NONE', #974, #4870, #4362 ) ;
#5670 = ORIENTED_EDGE ( 'NONE', *, *, #5691, .F. ) ;
#5671 = CARTESIAN_POINT ( 'NONE',  ( 1.002233606196061055, 1.306864754528499262, -0.8000000000000000444 ) ) ;
#5672 =( NAMED_UNIT ( * ) SI_UNIT ( $, .STERADIAN. ) SOLID_ANGLE_UNIT ( ) );
#5673 = STYLED_ITEM ( 'NONE', ( #3083 ), #4646 ) ;
#5674 = CARTESIAN_POINT ( 'NONE',  ( 1.529342803400621564, 1.509106996110444410, 0.000000000000000000 ) ) ;
#5675 = CARTESIAN_POINT ( 'NONE',  ( 0.000000000000000000, 0.000000000000000000, -0.03340969424833490492 ) ) ;
#5676 = ORIENTED_EDGE ( 'NONE', *, *, #5933, .T. ) ;
#5677 = CARTESIAN_POINT ( 'NONE',  ( 1.749999999999999778, -0.3931352454715018041, -1.355252715606880543E-17 ) ) ;
#5678 = ORIENTED_EDGE ( 'NONE', *, *, #3735, .F. ) ;
#5679 = FILL_AREA_STYLE ('',( #5712 ) ) ;
#5680 = CARTESIAN_POINT ( 'NONE',  ( -1.740439503594298998, -1.740439503594299442, -0.1824251387197117769 ) ) ;
#5681 = CIRCLE ( 'NONE', #4429, 0.3000000000000000444 ) ;
#5682 = ORIENTED_EDGE ( 'NONE', *, *, #4602, .F. ) ;
#5683 = EDGE_CURVE ( 'NONE', #4021, #4000, #3133, .T. ) ;
#5684 = FILL_AREA_STYLE ('',( #1466 ) ) ;
#5685 = DIRECTION ( 'NONE',  ( -0.000000000000000000, -0.000000000000000000, -1.000000000000000000 ) ) ;
#5686 = MECHANICAL_DESIGN_GEOMETRIC_PRESENTATION_REPRESENTATION (  '', ( #5106 ), #1147 ) ;
#5687 = DIRECTION ( 'NONE',  ( -0.000000000000000000, -0.000000000000000000, -1.000000000000000000 ) ) ;
#5688 = MECHANICAL_DESIGN_GEOMETRIC_PRESENTATION_REPRESENTATION (  '', ( #3242 ), #3446 ) ;
#5689 = EDGE_CURVE ( 'NONE', #3810, #240, #4433, .T. ) ;
#5690 = EDGE_LOOP ( 'NONE', ( #2831, #4310 ) ) ;
#5691 = EDGE_CURVE ( 'NONE', #5797, #3915, #2155, .T. ) ;
#5692 = SURFACE_STYLE_FILL_AREA ( #5272 ) ;
#5693 = VECTOR ( 'NONE', #978, 1000.000000000000000 ) ;
#5694 = VERTEX_POINT ( 'NONE', #4030 ) ;
#5695 =( LENGTH_UNIT ( ) NAMED_UNIT ( * ) SI_UNIT ( .MILLI., .METRE. ) );
#5696 = FILL_AREA_STYLE_COLOUR ( '', #5861 ) ;
#5697 = SURFACE_STYLE_FILL_AREA ( #3833 ) ;
#5698 =( GEOMETRIC_REPRESENTATION_CONTEXT ( 3 ) GLOBAL_UNCERTAINTY_ASSIGNED_CONTEXT ( ( #5843 ) ) GLOBAL_UNIT_ASSIGNED_CONTEXT ( ( #3663, #326, #4121 ) ) REPRESENTATION_CONTEXT ( 'NONE', 'WORKASPACE' ) );
#5699 = ORIENTED_EDGE ( 'NONE', *, *, #583, .T. ) ;
#5700 = EDGE_CURVE ( 'NONE', #2202, #5863, #701, .T. ) ;
#5701 = ORIENTED_EDGE ( 'NONE', *, *, #4997, .F. ) ;
#5702 = CARTESIAN_POINT ( 'NONE',  ( -1.505672411292870772, -0.7065939275861465863, 0.000000000000000000 ) ) ;
#5704 = DIRECTION ( 'NONE',  ( -0.000000000000000000, -0.000000000000000000, -1.000000000000000000 ) ) ;
#5703 = VECTOR ( 'NONE', #2668, 1000.000000000000000 ) ;
#5705 = CARTESIAN_POINT ( 'NONE',  ( 1.750000000000000000, -1.193135245471501404, -1.355252715606880543E-17 ) ) ;
#5706 = CARTESIAN_POINT ( 'NONE',  ( -1.505672411292870772, -0.7065939275861465863, 0.000000000000000000 ) ) ;
#5707 = UNCERTAINTY_MEASURE_WITH_UNIT (LENGTH_MEASURE( 1.000000000000000082E-05 ), #4096, 'distance_accuracy_value', 'NONE');
#5708 = VECTOR ( 'NONE', #2269, 1000.000000000000000 ) ;
#5709 =( LENGTH_UNIT ( ) NAMED_UNIT ( * ) SI_UNIT ( .MILLI., .METRE. ) );
#5710 = VERTEX_POINT ( 'NONE', #2182 ) ;
#5711 =( NAMED_UNIT ( * ) PLANE_ANGLE_UNIT ( ) SI_UNIT ( $, .RADIAN. ) );
#5712 = FILL_AREA_STYLE_COLOUR ( '', #4783 ) ;
#5713 = UNCERTAINTY_MEASURE_WITH_UNIT (LENGTH_MEASURE( 1.000000000000000082E-05 ), #2277, 'distance_accuracy_value', 'NONE');
#5714 = EDGE_LOOP ( 'NONE', ( #415, #4653, #3494, #1074 ) ) ;
#5715 = CARTESIAN_POINT ( 'NONE',  ( -1.602233606196061144, 1.306864754528498374, -0.5700000000000000622 ) ) ;
#5716 = CARTESIAN_POINT ( 'NONE',  ( 0.2103187164337326776, 1.509106996110444410, 0.05000000000000000278 ) ) ;
#5717 = CARTESIAN_POINT ( 'NONE',  ( -1.602233606196061366, -0.3931352454715015821, -0.8700000000000002176 ) ) ;
#5718 = PRESENTATION_STYLE_ASSIGNMENT (( #1849 ) ) ;
#5719 = PRESENTATION_LAYER_ASSIGNMENT (  '', '', ( #2270 ) ) ;
#5720 = EDGE_CURVE ( 'NONE', #3346, #2807, #1565, .T. ) ;
#5721 = PRESENTATION_STYLE_ASSIGNMENT (( #5330 ) ) ;
#5722 =( LENGTH_UNIT ( ) NAMED_UNIT ( * ) SI_UNIT ( .MILLI., .METRE. ) );
#5723 =( NAMED_UNIT ( * ) SI_UNIT ( $, .STERADIAN. ) SOLID_ANGLE_UNIT ( ) );
#5724 = EDGE_LOOP ( 'NONE', ( #604, #5130, #4719, #788 ) ) ;
#5725 = CARTESIAN_POINT ( 'NONE',  ( 1.602233606196061366, -0.3931352454715015821, -0.8700000000000002176 ) ) ;
#5726 = CARTESIAN_POINT ( 'NONE',  ( -0.03316504619021998224, 1.512774786421851037, 0.05000000000000000278 ) ) ;
#5727 = EDGE_CURVE ( 'NONE', #2273, #4052, #4460, .T. ) ;
#5728 = ORIENTED_EDGE ( 'NONE', *, *, #4839, .F. ) ;
#5729 = PRESENTATION_LAYER_ASSIGNMENT (  '', '', ( #703 ) ) ;
#5730 = ORIENTED_EDGE ( 'NONE', *, *, #1794, .F. ) ;
#5731 = FILL_AREA_STYLE ('',( #568 ) ) ;
#5732 = SURFACE_STYLE_FILL_AREA ( #4799 ) ;
#5733 = CARTESIAN_POINT ( 'NONE',  ( 1.750000000000000000, -1.750000000000000222, 0.000000000000000000 ) ) ;
#5734 = COLOUR_RGB ( '',0.8980392156862745390, 0.9215686274509803377, 0.9294117647058823817 ) ;
#5735 = AXIS2_PLACEMENT_3D ( 'NONE', #2233, #4162, #5514 ) ;
#5736 = PRESENTATION_LAYER_ASSIGNMENT (  '', '', ( #4369 ) ) ;
#5737 = EDGE_CURVE ( 'NONE', #1996, #1543, #765, .T. ) ;
#5738 = DIRECTION ( 'NONE',  ( -1.000000000000000000, 0.000000000000000000, 0.000000000000000000 ) ) ;
#5739 = AXIS2_PLACEMENT_3D ( 'NONE', #5628, #5031, #3180 ) ;
#5740 = LINE ( 'NONE', #3873, #2225 ) ;
#5741 = STYLED_ITEM ( 'NONE', ( #955 ), #3245 ) ;
#5742 = AXIS2_PLACEMENT_3D ( 'NONE', #5751, #4751, #486 ) ;
#5743 = CARTESIAN_POINT ( 'NONE',  ( -1.002233606196060611, 1.306864754528498818, -0.8699999999999999956 ) ) ;
#5744 = PRESENTATION_LAYER_ASSIGNMENT (  '', '', ( #6158 ) ) ;
#5745 = ORIENTED_EDGE ( 'NONE', *, *, #4848, .F. ) ;
#5746 = DIRECTION ( 'NONE',  ( -1.000000000000000000, -0.000000000000000000, -0.000000000000000000 ) ) ;
#5747 = PLANE ( 'NONE',  #673 ) ;
#5748 = CARTESIAN_POINT ( 'NONE',  ( -0.9037624701214840295, 1.653762470121483474, 1.100000000000000311 ) ) ;
#5749 = FACE_OUTER_BOUND ( 'NONE', #4901, .T. ) ;
#5750 = CARTESIAN_POINT ( 'NONE',  ( 1.002233606196060833, -1.193135245471500960, -0.8699999999999999956 ) ) ;
#5751 = CARTESIAN_POINT ( 'NONE',  ( 0.2103187164337327886, -1.454651929937279320, 0.05000000000000000278 ) ) ;
#5752 = PLANE ( 'NONE',  #5422 ) ;
#5753 = ORIENTED_EDGE ( 'NONE', *, *, #785, .F. ) ;
#5754 = PRODUCT ( 'WS2812B-3535', 'WS2812B-3535', '', ( #2929 ) ) ;
#5755 = VERTEX_POINT ( 'NONE', #3534 ) ;
#5756 = CARTESIAN_POINT ( 'NONE',  ( -1.749999999999999778, -1.193135245471501404, 2.710505431213761085E-17 ) ) ;
#5757 = DIRECTION ( 'NONE',  ( 0.000000000000000000, 0.000000000000000000, -1.000000000000000000 ) ) ;
#5758 = ORIENTED_EDGE ( 'NONE', *, *, #1007, .T. ) ;
#5759 = EDGE_LOOP ( 'NONE', ( #1165, #5145, #460 ) ) ;
#5760 = CARTESIAN_POINT ( 'NONE',  ( 1.734277666215087610, -1.193135245471501404, -0.3000000000000001554 ) ) ;
#5761 = FILL_AREA_STYLE ('',( #5334 ) ) ;
#5762 = PRESENTATION_STYLE_ASSIGNMENT (( #3901 ) ) ;
#5763 = ORIENTED_EDGE ( 'NONE', *, *, #3041, .T. ) ;
#5764 = VERTEX_POINT ( 'NONE', #3474 ) ;
#5765 = DIRECTION ( 'NONE',  ( -0.9986295347545739443, -1.856085104724167681E-16, -0.05233595624294388321 ) ) ;
#5766 = DIRECTION ( 'NONE',  ( -0.05226442768871396999, 0.05226442768871396305, 0.9972646886342373396 ) ) ;
#5767 = ADVANCED_FACE ( 'NONE', ( #5345 ), #1135, .T. ) ;
#5768 = DIRECTION ( 'NONE',  ( -0.05233595624294388321, 0.000000000000000000, -0.9986295347545739443 ) ) ;
#5769 = EDGE_LOOP ( 'NONE', ( #1802, #2621, #1459 ) ) ;
#5770 = CARTESIAN_POINT ( 'NONE',  ( 0.000000000000000000, 0.000000000000000000, -0.8000000000000000444 ) ) ;
#5771 = EDGE_CURVE ( 'NONE', #2524, #1996, #3110, .T. ) ;
#5772 = PRESENTATION_STYLE_ASSIGNMENT (( #2849 ) ) ;
#5773 = DIRECTION ( 'NONE',  ( -1.000000000000000000, 0.000000000000000000, 0.000000000000000000 ) ) ;
#5774 = FILL_AREA_STYLE_COLOUR ( '', #3590 ) ;
#5775 = UNCERTAINTY_MEASURE_WITH_UNIT (LENGTH_MEASURE( 1.000000000000000082E-05 ), #1494, 'distance_accuracy_value', 'NONE');
#5776 = VERTEX_POINT ( 'NONE', #675 ) ;
#5777 = AXIS2_PLACEMENT_3D ( 'NONE', #5770, #1460, #2465 ) ;
#5778 = CYLINDRICAL_SURFACE ( 'NONE', #3203, 0.1499999999999999667 ) ;
#5779 = DIRECTION ( 'NONE',  ( 2.550241534632516662E-16, -1.000000000000000000, 0.000000000000000000 ) ) ;
#5780 = PRESENTATION_LAYER_ASSIGNMENT (  '', '', ( #3628 ) ) ;
#5781 = CARTESIAN_POINT ( 'NONE',  ( -1.697506801884446137, 0.9037624701214834744, 0.6000000000000000888 ) ) ;
#5782 =( GEOMETRIC_REPRESENTATION_CONTEXT ( 3 ) GLOBAL_UNCERTAINTY_ASSIGNED_CONTEXT ( ( #2566 ) ) GLOBAL_UNIT_ASSIGNED_CONTEXT ( ( #6114, #5613, #4763 ) ) REPRESENTATION_CONTEXT ( 'NONE', 'WORKASPACE' ) );
#5783 = SHAPE_DEFINITION_REPRESENTATION ( #2506, #2052 ) ;
#5784 = ORIENTED_EDGE ( 'NONE', *, *, #1786, .T. ) ;
#5785 = SURFACE_STYLE_FILL_AREA ( #4287 ) ;
#5786 =( GEOMETRIC_REPRESENTATION_CONTEXT ( 3 ) GLOBAL_UNCERTAINTY_ASSIGNED_CONTEXT ( ( #5403 ) ) GLOBAL_UNIT_ASSIGNED_CONTEXT ( ( #3895, #4919, #3987 ) ) REPRESENTATION_CONTEXT ( 'NONE', 'WORKASPACE' ) );
#5787 = ORIENTED_EDGE ( 'NONE', *, *, #705, .T. ) ;
#5788 = CARTESIAN_POINT ( 'NONE',  ( 0.000000000000000000, 0.000000000000000000, 0.000000000000000000 ) ) ;
#5789 = LINE ( 'NONE', #3465, #3989 ) ;
#5790 = ORIENTED_EDGE ( 'NONE', *, *, #3820, .F. ) ;
#5791 = AXIS2_PLACEMENT_3D ( 'NONE', #2762, #4149, #2341 ) ;
#5792 = ORIENTED_EDGE ( 'NONE', *, *, #1726, .T. ) ;
#5793 = SURFACE_STYLE_USAGE ( .BOTH. , #662 ) ;
#5794 = SURFACE_STYLE_FILL_AREA ( #5280 ) ;
#5795 =( NAMED_UNIT ( * ) SI_UNIT ( $, .STERADIAN. ) SOLID_ANGLE_UNIT ( ) );
#5796 = MECHANICAL_DESIGN_GEOMETRIC_PRESENTATION_REPRESENTATION (  '', ( #3354 ), #3152 ) ;
#5797 = VERTEX_POINT ( 'NONE', #2569 ) ;
#5798 = SURFACE_STYLE_USAGE ( .BOTH. , #2845 ) ;
#5799 =( GEOMETRIC_REPRESENTATION_CONTEXT ( 3 ) GLOBAL_UNCERTAINTY_ASSIGNED_CONTEXT ( ( #3505 ) ) GLOBAL_UNIT_ASSIGNED_CONTEXT ( ( #1307, #1400, #5672 ) ) REPRESENTATION_CONTEXT ( 'NONE', 'WORKASPACE' ) );
#5800 = CARTESIAN_POINT ( 'NONE',  ( -1.749999999999999778, -1.750000000000000222, 0.000000000000000000 ) ) ;
#5801 = EDGE_CURVE ( 'NONE', #1141, #3923, #193, .T. ) ;
#5802 = LINE ( 'NONE', #3566, #4311 ) ;
#5803 =( NAMED_UNIT ( * ) SI_UNIT ( $, .STERADIAN. ) SOLID_ANGLE_UNIT ( ) );
#5804 = SURFACE_SIDE_STYLE ('',( #2664 ) ) ;
#5805 = DIRECTION ( 'NONE',  ( -0.000000000000000000, -1.000000000000000000, -0.000000000000000000 ) ) ;
#5806 = STYLED_ITEM ( 'NONE', ( #3438 ), #1956 ) ;
#5807 = AXIS2_PLACEMENT_3D ( 'NONE', #609, #1011, #3936 ) ;
#5808 = DIRECTION ( 'NONE',  ( 0.000000000000000000, -1.000000000000000000, 0.000000000000000000 ) ) ;
#5809 =( LENGTH_UNIT ( ) NAMED_UNIT ( * ) SI_UNIT ( .MILLI., .METRE. ) );
#5810 = ADVANCED_FACE ( 'NONE', ( #2093 ), #5433, .F. ) ;
#5811 = SURFACE_STYLE_FILL_AREA ( #139 ) ;
#5812 = ORIENTED_EDGE ( 'NONE', *, *, #4997, .T. ) ;
#5813 =( GEOMETRIC_REPRESENTATION_CONTEXT ( 3 ) GLOBAL_UNCERTAINTY_ASSIGNED_CONTEXT ( ( #1024 ) ) GLOBAL_UNIT_ASSIGNED_CONTEXT ( ( #292, #1576, #2011 ) ) REPRESENTATION_CONTEXT ( 'NONE', 'WORKASPACE' ) );
#5814 = PRESENTATION_STYLE_ASSIGNMENT (( #237 ) ) ;
#5815 = DIRECTION ( 'NONE',  ( 0.000000000000000000, 0.000000000000000000, 1.000000000000000000 ) ) ;
#5816 = PRESENTATION_STYLE_ASSIGNMENT (( #1088 ) ) ;
#5817 = EDGE_CURVE ( 'NONE', #4052, #2286, #6082, .T. ) ;
#5818 = CLOSED_SHELL ( 'NONE', ( #3331, #4464, #3175, #3675, #2878, #3440, #324, #3568, #2515, #5320, #3562 ) ) ;
#5819 = VERTEX_POINT ( 'NONE', #2308 ) ;
#5820 = LINE ( 'NONE', #3893, #4248 ) ;
#5821 = CYLINDRICAL_SURFACE ( 'NONE', #5791, 0.1499999999999999667 ) ;
#5822 = ORIENTED_EDGE ( 'NONE', *, *, #410, .T. ) ;
#5823 = CARTESIAN_POINT ( 'NONE',  ( -1.602233606196061366, -0.3931352454715015821, -0.6700000000000001510 ) ) ;
#5824 = CARTESIAN_POINT ( 'NONE',  ( -1.750000000000000222, -1.750000000000000666, 0.000000000000000000 ) ) ;
#5825 = DIRECTION ( 'NONE',  ( 1.000000000000000000, 0.000000000000000000, 0.000000000000000000 ) ) ;
#5826 = FACE_OUTER_BOUND ( 'NONE', #5872, .T. ) ;
#5827 = CARTESIAN_POINT ( 'NONE',  ( 0.2971365777156377841, 0.1605405712692378195, 0.05000000000000000278 ) ) ;
#5828 = PRESENTATION_LAYER_ASSIGNMENT (  '', '', ( #2879 ) ) ;
#5829 = ORIENTED_EDGE ( 'NONE', *, *, #1677, .F. ) ;
#5830 = FILL_AREA_STYLE ('',( #3997 ) ) ;
#5831 = LINE ( 'NONE', #3015, #533 ) ;
#5832 = ORIENTED_EDGE ( 'NONE', *, *, #216, .F. ) ;
#5833 = COLOUR_RGB ( '',0.8313725490196077761, 0.8392156862745098200, 0.8313725490196077761 ) ;
#5834 = UNCERTAINTY_MEASURE_WITH_UNIT (LENGTH_MEASURE( 1.000000000000000082E-05 ), #3020, 'distance_accuracy_value', 'NONE');
#5835 = FILL_AREA_STYLE_COLOUR ( '', #772 ) ;
#5836 = DIRECTION ( 'NONE',  ( -1.000000000000000000, 0.000000000000000000, 0.000000000000000000 ) ) ;
#5837 = PRESENTATION_LAYER_ASSIGNMENT (  '', '', ( #2377 ) ) ;
#5838 = SURFACE_STYLE_USAGE ( .BOTH. , #5804 ) ;
#5839 = MECHANICAL_DESIGN_GEOMETRIC_PRESENTATION_REPRESENTATION (  '', ( #2378 ), #702 ) ;
#5840 = EDGE_CURVE ( 'NONE', #908, #3968, #827, .T. ) ;
#5841 = COLOUR_RGB ( '',0.000000000000000000, 0.000000000000000000, 1.000000000000000000 ) ;
#5842 = CARTESIAN_POINT ( 'NONE',  ( -0.6765465593547973500, 0.2577874617970526416, 0.000000000000000000 ) ) ;
#5843 = UNCERTAINTY_MEASURE_WITH_UNIT (LENGTH_MEASURE( 1.000000000000000082E-05 ), #3663, 'distance_accuracy_value', 'NONE');
#5844 = CARTESIAN_POINT ( 'NONE',  ( -1.902233606196063631, -1.193135245471501404, -4.878909776184769953E-16 ) ) ;
#5845 = COLOUR_RGB ( '',0.000000000000000000, 0.000000000000000000, 1.000000000000000000 ) ;
#5846 = PRESENTATION_LAYER_ASSIGNMENT (  '', '', ( #2694 ) ) ;
#5847 = MECHANICAL_DESIGN_GEOMETRIC_PRESENTATION_REPRESENTATION (  '', ( #1595 ), #1284 ) ;
#5848 = SURFACE_STYLE_USAGE ( .BOTH. , #4521 ) ;
#5849 = ORIENTED_EDGE ( 'NONE', *, *, #3253, .F. ) ;
#5850 = ADVANCED_FACE ( 'NONE', ( #2276 ), #1835, .T. ) ;
#5851 = COLOUR_RGB ( '',0.8980392156862745390, 0.9215686274509803377, 0.9294117647058823817 ) ;
#5852 = CARTESIAN_POINT ( 'NONE',  ( -0.5265465593547974388, -0.01557973693398068474, 0.05000000000000000278 ) ) ;
#5853 = COLOUR_RGB ( '',0.8980392156862745390, 0.9215686274509803377, 0.9294117647058823817 ) ;
#5854 = FILL_AREA_STYLE_COLOUR ( '', #2554 ) ;
#5855 =( NAMED_UNIT ( * ) SI_UNIT ( $, .STERADIAN. ) SOLID_ANGLE_UNIT ( ) );
#5856 = VECTOR ( 'NONE', #1615, 1000.000000000000000 ) ;
#5857 = FILL_AREA_STYLE ('',( #2165 ) ) ;
#5858 = DIRECTION ( 'NONE',  ( 0.000000000000000000, -1.000000000000000000, 0.000000000000000000 ) ) ;
#5859 =( GEOMETRIC_REPRESENTATION_CONTEXT ( 3 ) GLOBAL_UNCERTAINTY_ASSIGNED_CONTEXT ( ( #322 ) ) GLOBAL_UNIT_ASSIGNED_CONTEXT ( ( #2764, #5563, #5084 ) ) REPRESENTATION_CONTEXT ( 'NONE', 'WORKASPACE' ) );
#5860 = CARTESIAN_POINT ( 'NONE',  ( -1.902233606196061189, -0.3931352454715015821, -0.6700000000000007061 ) ) ;
#5861 = COLOUR_RGB ( '',0.8980392156862745390, 0.9215686274509803377, 0.9294117647058823817 ) ;
#5862 = EDGE_CURVE ( 'NONE', #2499, #2177, #2144, .T. ) ;
#5863 = VERTEX_POINT ( 'NONE', #5493 ) ;
#5864 = DIRECTION ( 'NONE',  ( 0.000000000000000000, 4.814824860968087881E-31, -1.000000000000000000 ) ) ;
#5865 = DIRECTION ( 'NONE',  ( 0.000000000000000000, 0.000000000000000000, 1.000000000000000000 ) ) ;
#5866 = VERTEX_POINT ( 'NONE', #5074 ) ;
#5867 = CARTESIAN_POINT ( 'NONE',  ( -0.8265465593547973722, -0.5565939275861466751, 0.05000000000000000278 ) ) ;
#5868 = DIRECTION ( 'NONE',  ( -0.000000000000000000, -0.000000000000000000, -1.000000000000000000 ) ) ;
#5869 = PLANE ( 'NONE',  #5091 ) ;
#5870 = LINE ( 'NONE', #1649, #1965 ) ;
#5871 = ORIENTED_EDGE ( 'NONE', *, *, #4774, .F. ) ;
#5872 = EDGE_LOOP ( 'NONE', ( #4515, #2102, #4828, #902, #2512, #921 ) ) ;
#5873 = FILL_AREA_STYLE ('',( #5835 ) ) ;
#5874 = PRESENTATION_STYLE_ASSIGNMENT (( #1016 ) ) ;
#5875 = DIRECTION ( 'NONE',  ( -1.000000000000000000, -0.000000000000000000, -0.000000000000000000 ) ) ;
#5876 = DIRECTION ( 'NONE',  ( -0.2756373558169964988, 3.375584055267248278E-17, 0.9612616959383195603 ) ) ;
#5877 =( NAMED_UNIT ( * ) SI_UNIT ( $, .STERADIAN. ) SOLID_ANGLE_UNIT ( ) );
#5878 =( NAMED_UNIT ( * ) PLANE_ANGLE_UNIT ( ) SI_UNIT ( $, .RADIAN. ) );
#5879 = FACE_OUTER_BOUND ( 'NONE', #5331, .T. ) ;
#5880 = ORIENTED_EDGE ( 'NONE', *, *, #4893, .T. ) ;
#5881 = DIRECTION ( 'NONE',  ( 0.000000000000000000, 1.000000000000000000, 0.000000000000000000 ) ) ;
#5882 = SURFACE_STYLE_USAGE ( .BOTH. , #954 ) ;
#5883 = DIRECTION ( 'NONE',  ( 0.000000000000000000, 0.000000000000000000, 1.000000000000000000 ) ) ;
#5884 = DIRECTION ( 'NONE',  ( -0.000000000000000000, 1.000000000000000000, -0.000000000000000000 ) ) ;
#5885 = ORIENTED_EDGE ( 'NONE', *, *, #2022, .T. ) ;
#5886 = EDGE_CURVE ( 'NONE', #2782, #3472, #419, .T. ) ;
#5887 = VECTOR ( 'NONE', #1432, 1000.000000000000000 ) ;
#5888 = LINE ( 'NONE', #3033, #70 ) ;
#5889 = MECHANICAL_DESIGN_GEOMETRIC_PRESENTATION_REPRESENTATION (  '', ( #6084 ), #5491 ) ;
#5890 =( LENGTH_UNIT ( ) NAMED_UNIT ( * ) SI_UNIT ( .MILLI., .METRE. ) );
#5891 = FACE_OUTER_BOUND ( 'NONE', #1793, .T. ) ;
#5892 = DIRECTION ( 'NONE',  ( 0.000000000000000000, 1.000000000000000000, 0.000000000000000000 ) ) ;
#5893 =( GEOMETRIC_REPRESENTATION_CONTEXT ( 3 ) GLOBAL_UNCERTAINTY_ASSIGNED_CONTEXT ( ( #4003 ) ) GLOBAL_UNIT_ASSIGNED_CONTEXT ( ( #4115, #1774, #880 ) ) REPRESENTATION_CONTEXT ( 'NONE', 'WORKASPACE' ) );
#5894 = PRESENTATION_STYLE_ASSIGNMENT (( #2516 ) ) ;
#5895 = ADVANCED_FACE ( 'NONE', ( #3279 ), #3166, .T. ) ;
#5896 = ORIENTED_EDGE ( 'NONE', *, *, #216, .T. ) ;
#5897 = DIRECTION ( 'NONE',  ( 0.000000000000000000, 0.000000000000000000, 1.000000000000000000 ) ) ;
#5898 = AXIS2_PLACEMENT_3D ( 'NONE', #4573, #2145, #3708 ) ;
#5899 = SURFACE_STYLE_USAGE ( .BOTH. , #4022 ) ;
#5900 = DIRECTION ( 'NONE',  ( -1.000000000000000000, 0.000000000000000000, 0.000000000000000000 ) ) ;
#5901 = CARTESIAN_POINT ( 'NONE',  ( 1.109580075665322685, 0.000000000000000000, 0.000000000000000000 ) ) ;
#5902 = ORIENTED_EDGE ( 'NONE', *, *, #3523, .F. ) ;
#5903 = FACE_OUTER_BOUND ( 'NONE', #1408, .T. ) ;
#5904 = EDGE_LOOP ( 'NONE', ( #5468, #1422, #4753 ) ) ;
#5905 = UNCERTAINTY_MEASURE_WITH_UNIT (LENGTH_MEASURE( 1.000000000000000082E-05 ), #1353, 'distance_accuracy_value', 'NONE');
#5906 = CARTESIAN_POINT ( 'NONE',  ( 1.749999999999999556, 1.749999999999999778, 0.000000000000000000 ) ) ;
#5907 = EDGE_CURVE ( 'NONE', #841, #3042, #3312, .T. ) ;
#5908 = FILL_AREA_STYLE ('',( #2122 ) ) ;
#5909 = AXIS2_PLACEMENT_3D ( 'NONE', #3260, #5142, #4238 ) ;
#5910 = CARTESIAN_POINT ( 'NONE',  ( -1.749999999999999778, -1.193135245471501404, 2.710505431213761085E-17 ) ) ;
#5911 = UNCERTAINTY_MEASURE_WITH_UNIT (LENGTH_MEASURE( 1.000000000000000082E-05 ), #5663, 'distance_accuracy_value', 'NONE');
#5912 = DIRECTION ( 'NONE',  ( -0.05233595624294387627, 0.000000000000000000, -0.9986295347545739443 ) ) ;
#5913 =( GEOMETRIC_REPRESENTATION_CONTEXT ( 3 ) GLOBAL_UNCERTAINTY_ASSIGNED_CONTEXT ( ( #2315 ) ) GLOBAL_UNIT_ASSIGNED_CONTEXT ( ( #5359, #4966, #3453 ) ) REPRESENTATION_CONTEXT ( 'NONE', 'WORKASPACE' ) );
#5914 = SURFACE_SIDE_STYLE ('',( #1113 ) ) ;
#5915 = CARTESIAN_POINT ( 'NONE',  ( 0.3603187164337326442, 0.5864781805825147742, 0.000000000000000000 ) ) ;
#5916 =( LENGTH_UNIT ( ) NAMED_UNIT ( * ) SI_UNIT ( .MILLI., .METRE. ) );
#5917 = ORIENTED_EDGE ( 'NONE', *, *, #2525, .F. ) ;
#5918 = DIRECTION ( 'NONE',  ( 0.000000000000000000, 0.000000000000000000, 1.000000000000000000 ) ) ;
#5919 = SURFACE_STYLE_USAGE ( .BOTH. , #2539 ) ;
#5920 =( LENGTH_UNIT ( ) NAMED_UNIT ( * ) SI_UNIT ( .MILLI., .METRE. ) );
#5921 = DIRECTION ( 'NONE',  ( 1.000000000000000000, 2.550241534632516662E-16, 0.000000000000000000 ) ) ;
#5922 = ORIENTED_EDGE ( 'NONE', *, *, #2716, .T. ) ;
#5923 = FILL_AREA_STYLE ('',( #1670 ) ) ;
#5924 = EDGE_CURVE ( 'NONE', #3707, #1555, #4295, .T. ) ;
#5925 = CARTESIAN_POINT ( 'NONE',  ( 0.4823405661655014720, -0.4871897488101240015, 0.05000000000000000278 ) ) ;
#5926 = STYLED_ITEM ( 'NONE', ( #5301 ), #72 ) ;
#5927 = CARTESIAN_POINT ( 'NONE',  ( 1.321228911128271788, -0.8360159872360370947, 0.05000000000000000278 ) ) ;
#5928 = EDGE_LOOP ( 'NONE', ( #3875, #4987, #3879, #1920 ) ) ;
#5929 = LINE ( 'NONE', #4631, #2237 ) ;
#5930 =( LENGTH_UNIT ( ) NAMED_UNIT ( * ) SI_UNIT ( .MILLI., .METRE. ) );
#5931 = CARTESIAN_POINT ( 'NONE',  ( 0.2971365777156376731, 0.7212690557775703892, 0.1500000000000000222 ) ) ;
#5932 = ORIENTED_EDGE ( 'NONE', *, *, #5254, .F. ) ;
#5933 = EDGE_CURVE ( 'NONE', #2556, #5623, #470, .T. ) ;
#5934 = SURFACE_STYLE_USAGE ( .BOTH. , #1653 ) ;
#5935 = FILL_AREA_STYLE ('',( #2150 ) ) ;
#5936 =( NAMED_UNIT ( * ) PLANE_ANGLE_UNIT ( ) SI_UNIT ( $, .RADIAN. ) );
#5937 = CARTESIAN_POINT ( 'NONE',  ( -1.097766393803939033, 0.5068647545284994393, -0.8000000000000000444 ) ) ;
#5938 = MECHANICAL_DESIGN_GEOMETRIC_PRESENTATION_REPRESENTATION (  '', ( #3478 ), #484 ) ;
#5939 = EDGE_CURVE ( 'NONE', #437, #3798, #2336, .T. ) ;
#5940 = SURFACE_STYLE_FILL_AREA ( #1199 ) ;
#5941 = FACE_OUTER_BOUND ( 'NONE', #1764, .T. ) ;
#5942 =( NAMED_UNIT ( * ) PLANE_ANGLE_UNIT ( ) SI_UNIT ( $, .RADIAN. ) );
#5943 = PLANE ( 'NONE',  #459 ) ;
#5944 = VECTOR ( 'NONE', #848, 1000.000000000000000 ) ;
#5945 =( NAMED_UNIT ( * ) PLANE_ANGLE_UNIT ( ) SI_UNIT ( $, .RADIAN. ) );
#5946 =( GEOMETRIC_REPRESENTATION_CONTEXT ( 3 ) GLOBAL_UNCERTAINTY_ASSIGNED_CONTEXT ( ( #4232 ) ) GLOBAL_UNIT_ASSIGNED_CONTEXT ( ( #3326, #4688, #4343 ) ) REPRESENTATION_CONTEXT ( 'NONE', 'WORKASPACE' ) );
#5947 = LINE ( 'NONE', #3117, #4629 ) ;
#5948 = DIRECTION ( 'NONE',  ( -0.000000000000000000, -0.000000000000000000, -1.000000000000000000 ) ) ;
#5949 = FILL_AREA_STYLE ('',( #742 ) ) ;
#5950 = MECHANICAL_DESIGN_GEOMETRIC_PRESENTATION_REPRESENTATION (  '', ( #3196 ), #2888 ) ;
#5951 = FILL_AREA_STYLE_COLOUR ( '', #5610 ) ;
#5952 = VERTEX_POINT ( 'NONE', #6150 ) ;
#5953 = LINE ( 'NONE', #720, #3574 ) ;
#5954 = CIRCLE ( 'NONE', #4272, 0.3000000000000000444 ) ;
#5955 = SURFACE_STYLE_USAGE ( .BOTH. , #1583 ) ;
#5956 = SURFACE_SIDE_STYLE ('',( #1264 ) ) ;
#5957 =( LENGTH_UNIT ( ) NAMED_UNIT ( * ) SI_UNIT ( .MILLI., .METRE. ) );
#5958 = PRESENTATION_LAYER_ASSIGNMENT (  '', '', ( #2498 ) ) ;
#5959 = STYLED_ITEM ( 'NONE', ( #4545 ), #3717 ) ;
#5960 = PRESENTATION_LAYER_ASSIGNMENT (  '', '', ( #2397 ) ) ;
#5961 = ORIENTED_EDGE ( 'NONE', *, *, #2454, .T. ) ;
#5962 = DIRECTION ( 'NONE',  ( 3.560066835027028802E-15, 0.000000000000000000, -1.000000000000000000 ) ) ;
#5963 = DIRECTION ( 'NONE',  ( -0.000000000000000000, -0.000000000000000000, -1.000000000000000000 ) ) ;
#5964 = ORIENTED_EDGE ( 'NONE', *, *, #3661, .T. ) ;
#5965 = SURFACE_STYLE_FILL_AREA ( #1244 ) ;
#5966 =( LENGTH_UNIT ( ) NAMED_UNIT ( * ) SI_UNIT ( .MILLI., .METRE. ) );
#5967 = EDGE_CURVE ( 'NONE', #3831, #2657, #2981, .T. ) ;
#5968 =( NAMED_UNIT ( * ) PLANE_ANGLE_UNIT ( ) SI_UNIT ( $, .RADIAN. ) );
#5969 =( NAMED_UNIT ( * ) PLANE_ANGLE_UNIT ( ) SI_UNIT ( $, .RADIAN. ) );
#5970 = UNCERTAINTY_MEASURE_WITH_UNIT (LENGTH_MEASURE( 1.000000000000000082E-05 ), #2159, 'distance_accuracy_value', 'NONE');
#5971 = EDGE_CURVE ( 'NONE', #1895, #5541, #3775, .T. ) ;
#5972 = CARTESIAN_POINT ( 'NONE',  ( -1.482564226095967941, 0.4077874617970526638, 0.05000000000000000278 ) ) ;
#5973 = FILL_AREA_STYLE ('',( #3605 ) ) ;
#5974 =( LENGTH_UNIT ( ) NAMED_UNIT ( * ) SI_UNIT ( .MILLI., .METRE. ) );
#5975 = DIRECTION ( 'NONE',  ( 0.000000000000000000, -1.000000000000000000, 0.000000000000000000 ) ) ;
#5976 = LINE ( 'NONE', #5469, #3789 ) ;
#5977 = FACE_OUTER_BOUND ( 'NONE', #932, .T. ) ;
#5978 = MECHANICAL_DESIGN_GEOMETRIC_PRESENTATION_REPRESENTATION (  '', ( #3419 ), #14 ) ;
#5979 = ORIENTED_EDGE ( 'NONE', *, *, #132, .T. ) ;
#5980 = EDGE_LOOP ( 'NONE', ( #2323, #5277, #971, #1345 ) ) ;
#5981 = CARTESIAN_POINT ( 'NONE',  ( 1.602233606196062921, -0.3931352454715015821, -0.2999999999999991562 ) ) ;
#5982 = STYLED_ITEM ( 'NONE', ( #5426 ), #6164 ) ;
#5983 = DIRECTION ( 'NONE',  ( 0.000000000000000000, 1.000000000000000000, 0.000000000000000000 ) ) ;
#5984 = SURFACE_STYLE_USAGE ( .BOTH. , #782 ) ;
#5985 = DIRECTION ( 'NONE',  ( -1.000000000000000000, 0.000000000000000000, 0.000000000000000000 ) ) ;
#5986 =( GEOMETRIC_REPRESENTATION_CONTEXT ( 3 ) GLOBAL_UNCERTAINTY_ASSIGNED_CONTEXT ( ( #263 ) ) GLOBAL_UNIT_ASSIGNED_CONTEXT ( ( #4915, #1607, #177 ) ) REPRESENTATION_CONTEXT ( 'NONE', 'WORKASPACE' ) );
#5987 = ORIENTED_EDGE ( 'NONE', *, *, #5285, .F. ) ;
#5988 = FILL_AREA_STYLE ('',( #1237 ) ) ;
#5989 = LINE ( 'NONE', #5573, #1192 ) ;
#5990 =( NAMED_UNIT ( * ) SI_UNIT ( $, .STERADIAN. ) SOLID_ANGLE_UNIT ( ) );
#5991 = VECTOR ( 'NONE', #4267, 1000.000000000000000 ) ;
#5992 = ORIENTED_EDGE ( 'NONE', *, *, #854, .F. ) ;
#5993 = DIRECTION ( 'NONE',  ( 0.000000000000000000, -1.000000000000000000, 0.000000000000000000 ) ) ;
#5994 = CARTESIAN_POINT ( 'NONE',  ( 1.750000000000000000, -1.750000000000000222, 0.000000000000000000 ) ) ;
#5995 = CARTESIAN_POINT ( 'NONE',  ( 1.602233606196061366, -0.3931352454715009159, -0.8000000000000000444 ) ) ;
#5996 = STYLED_ITEM ( 'NONE', ( #2044 ), #5474 ) ;
#5997 = EDGE_CURVE ( 'NONE', #3767, #4052, #1518, .T. ) ;
#5998 = DIRECTION ( 'NONE',  ( 1.000000000000000000, 0.000000000000000000, 0.000000000000000000 ) ) ;
#5999 = SURFACE_STYLE_FILL_AREA ( #2510 ) ;
#6000 = VECTOR ( 'NONE', #2982, 1000.000000000000000 ) ;
#6001 = DIRECTION ( 'NONE',  ( 1.000000000000000000, 0.000000000000000000, -0.000000000000000000 ) ) ;
#6002 = VECTOR ( 'NONE', #4064, 1000.000000000000000 ) ;
#6003 = CARTESIAN_POINT ( 'NONE',  ( -1.734277666215087388, -1.193135245471501404, -0.2999999999999996558 ) ) ;
#6004 =( GEOMETRIC_REPRESENTATION_CONTEXT ( 3 ) GLOBAL_UNCERTAINTY_ASSIGNED_CONTEXT ( ( #1084 ) ) GLOBAL_UNIT_ASSIGNED_CONTEXT ( ( #4941, #3305, #6138 ) ) REPRESENTATION_CONTEXT ( 'NONE', 'WORKASPACE' ) );
#6005 = COLOUR_RGB ( '',0.8313725490196077761, 0.8392156862745098200, 0.8313725490196077761 ) ;
#6006 = ADVANCED_FACE ( 'NONE', ( #2912 ), #1922, .T. ) ;
#6007 = VECTOR ( 'NONE', #2985, 1000.000000000000000 ) ;
#6008 = ORIENTED_EDGE ( 'NONE', *, *, #2914, .T. ) ;
#6009 = SURFACE_STYLE_USAGE ( .BOTH. , #3177 ) ;
#6010 = EDGE_CURVE ( 'NONE', #2404, #2113, #1993, .T. ) ;
#6011 =( NAMED_UNIT ( * ) SI_UNIT ( $, .STERADIAN. ) SOLID_ANGLE_UNIT ( ) );
#6012 = FILL_AREA_STYLE_COLOUR ( '', #5851 ) ;
#6013 = COLOUR_RGB ( '',0.8980392156862745390, 0.9215686274509803377, 0.9294117647058823817 ) ;
#6014 = MECHANICAL_DESIGN_GEOMETRIC_PRESENTATION_REPRESENTATION (  '', ( #2056 ), #1172 ) ;
#6015 = EDGE_LOOP ( 'NONE', ( #254, #3001, #5635, #439 ) ) ;
#6016 =( LENGTH_UNIT ( ) NAMED_UNIT ( * ) SI_UNIT ( .MILLI., .METRE. ) );
#6017 = FILL_AREA_STYLE ('',( #1321 ) ) ;
#6018 = EDGE_LOOP ( 'NONE', ( #5197, #515, #5676, #3063 ) ) ;
#6019 = CARTESIAN_POINT ( 'NONE',  ( 0.2971365777156378396, -0.2871897488101240459, 0.05000000000000000278 ) ) ;
#6020 = PLANE ( 'NONE',  #2891 ) ;
#6021 = VERTEX_POINT ( 'NONE', #1859 ) ;
#6022 = DIRECTION ( 'NONE',  ( 3.197673771563340347E-15, -1.000000000000000000, 0.000000000000000000 ) ) ;
#6023 = DIRECTION ( 'NONE',  ( -0.000000000000000000, -0.000000000000000000, -1.000000000000000000 ) ) ;
#6024 = UNCERTAINTY_MEASURE_WITH_UNIT (LENGTH_MEASURE( 1.000000000000000082E-05 ), #3816, 'distance_accuracy_value', 'NONE');
#6025 = SURFACE_SIDE_STYLE ('',( #832 ) ) ;
#6026 = CARTESIAN_POINT ( 'NONE',  ( -0.03316504619021998224, -1.549652246857879279, 0.05000000000000000278 ) ) ;
#6027 = COLOUR_RGB ( '',0.8980392156862745390, 0.9215686274509803377, 0.9294117647058823817 ) ;
#6028 =( NAMED_UNIT ( * ) SI_UNIT ( $, .STERADIAN. ) SOLID_ANGLE_UNIT ( ) );
#6029 = LINE ( 'NONE', #1781, #176 ) ;
#6030 = CARTESIAN_POINT ( 'NONE',  ( -1.482564226095967941, 0.4077874617970526638, 0.05000000000000000278 ) ) ;
#6031 = AXIS2_PLACEMENT_3D ( 'NONE', #2563, #2085, #2655 ) ;
#6032 = ORIENTED_EDGE ( 'NONE', *, *, #2107, .T. ) ;
#6033 = EDGE_CURVE ( 'NONE', #4773, #4440, #2401, .T. ) ;
#6034 = AXIS2_PLACEMENT_3D ( 'NONE', #2715, #312, #3649 ) ;
#6035 = COLOUR_RGB ( '',1.000000000000000000, 1.000000000000000000, 1.000000000000000000 ) ;
#6036 = SURFACE_SIDE_STYLE ('',( #3669 ) ) ;
#6037 = FILL_AREA_STYLE_COLOUR ( '', #5445 ) ;
#6038 = COLOUR_RGB ( '',0.8313725490196077761, 0.8392156862745098200, 0.8313725490196077761 ) ;
#6039 = FILL_AREA_STYLE ('',( #1763 ) ) ;
#6040 = STYLED_ITEM ( 'NONE', ( #3150 ), #4151 ) ;
#6041 = EDGE_CURVE ( 'NONE', #2012, #1328, #4954, .T. ) ;
#6042 = AXIS2_PLACEMENT_3D ( 'NONE', #4482, #184, #4924 ) ;
#6043 = CARTESIAN_POINT ( 'NONE',  ( -1.708073776573567182, -3.174681084559854810E-16, -0.8000000000000000444 ) ) ;
#6044 = DIRECTION ( 'NONE',  ( 0.000000000000000000, 1.000000000000000000, 0.000000000000000000 ) ) ;
#6045 = CARTESIAN_POINT ( 'NONE',  ( 1.602233606196062921, -0.3931352454715015821, -0.2999999999999991562 ) ) ;
#6046 = ORIENTED_EDGE ( 'NONE', *, *, #899, .F. ) ;
#6047 = CARTESIAN_POINT ( 'NONE',  ( 0.3603187164337326442, 0.4364781805825147520, 0.05000000000000000278 ) ) ;
#6048 = STYLED_ITEM ( 'NONE', ( #2392 ), #4459 ) ;
#6049 = PRESENTATION_LAYER_ASSIGNMENT (  '', '', ( #204 ) ) ;
#6050 = FILL_AREA_STYLE ('',( #3739 ) ) ;
#6051 = ORIENTED_EDGE ( 'NONE', *, *, #1986, .F. ) ;
#6052 = CARTESIAN_POINT ( 'NONE',  ( 0.000000000000000000, 0.000000000000000000, 0.05000000000000000278 ) ) ;
#6053 = ORIENTED_EDGE ( 'NONE', *, *, #4274, .T. ) ;
#6054 = VECTOR ( 'NONE', #4060, 1000.000000000000000 ) ;
#6055 =( NAMED_UNIT ( * ) PLANE_ANGLE_UNIT ( ) SI_UNIT ( $, .RADIAN. ) );
#6056 = SURFACE_SIDE_STYLE ('',( #2817 ) ) ;
#6057 = PRESENTATION_STYLE_ASSIGNMENT (( #2280 ) ) ;
#6058 = DIRECTION ( 'NONE',  ( -0.000000000000000000, -0.000000000000000000, -1.000000000000000000 ) ) ;
#6059 = FACE_OUTER_BOUND ( 'NONE', #4326, .T. ) ;
#6060 = CARTESIAN_POINT ( 'NONE',  ( -1.708073776573566738, -1.708073776573567182, -0.8000000000000000444 ) ) ;
#6061 = VERTEX_POINT ( 'NONE', #4423 ) ;
#6062 = PRESENTATION_STYLE_ASSIGNMENT (( #327 ) ) ;
#6063 = FILL_AREA_STYLE ('',( #2288 ) ) ;
#6064 = VERTEX_POINT ( 'NONE', #1619 ) ;
#6065 = FACE_OUTER_BOUND ( 'NONE', #912, .T. ) ;
#6066 =( LENGTH_UNIT ( ) NAMED_UNIT ( * ) SI_UNIT ( .MILLI., .METRE. ) );
#6067 = CARTESIAN_POINT ( 'NONE',  ( 0.2103187164337326776, 1.509106996110444410, 0.05000000000000000278 ) ) ;
#6068 = LINE ( 'NONE', #3705, #3685 ) ;
#6069 = EDGE_CURVE ( 'NONE', #5520, #5755, #2518, .T. ) ;
#6070 = EDGE_LOOP ( 'NONE', ( #4871, #1191, #5152, #5507, #2244, #220 ) ) ;
#6071 = AXIS2_PLACEMENT_3D ( 'NONE', #162, #607, #5900 ) ;
#6072 = CARTESIAN_POINT ( 'NONE',  ( 0.5960918573386841945, 0.09982784171036376830, 0.05000000000000000278 ) ) ;
#6073 = LINE ( 'NONE', #3217, #5944 ) ;
#6074 =( NAMED_UNIT ( * ) PLANE_ANGLE_UNIT ( ) SI_UNIT ( $, .RADIAN. ) );
#6075 = ORIENTED_EDGE ( 'NONE', *, *, #4255, .F. ) ;
#6076 = FILL_AREA_STYLE_COLOUR ( '', #1527 ) ;
#6077 = DIRECTION ( 'NONE',  ( -0.000000000000000000, -0.000000000000000000, -1.000000000000000000 ) ) ;
#6078 = EDGE_CURVE ( 'NONE', #3647, #1095, #696, .T. ) ;
#6079 = ORIENTED_EDGE ( 'NONE', *, *, #3365, .F. ) ;
#6080 = ORIENTED_EDGE ( 'NONE', *, *, #3868, .F. ) ;
#6081 = AXIS2_PLACEMENT_3D ( 'NONE', #97, #4804, #4704 ) ;
#6082 = LINE ( 'NONE', #5041, #560 ) ;
#6083 =( NAMED_UNIT ( * ) SI_UNIT ( $, .STERADIAN. ) SOLID_ANGLE_UNIT ( ) );
#6084 = STYLED_ITEM ( 'NONE', ( #5042 ), #196 ) ;
#6085 = FILL_AREA_STYLE ('',( #2279 ) ) ;
#6086 = EDGE_CURVE ( 'NONE', #2441, #2275, #2115, .T. ) ;
#6087 = UNCERTAINTY_MEASURE_WITH_UNIT (LENGTH_MEASURE( 1.000000000000000082E-05 ), #3991, 'distance_accuracy_value', 'NONE');
#6088 = VECTOR ( 'NONE', #502, 1000.000000000000000 ) ;
#6089 = DIRECTION ( 'NONE',  ( -0.05233595624294388321, 0.000000000000000000, 0.9986295347545739443 ) ) ;
#6090 = CARTESIAN_POINT ( 'NONE',  ( -1.720127565808666548, -0.3931352454715016931, -0.5700000000000005063 ) ) ;
#6091 = CARTESIAN_POINT ( 'NONE',  ( 1.321228911128271788, -1.454651929937279098, 0.05000000000000000278 ) ) ;
#6092 = LINE ( 'NONE', #920, #3182 ) ;
#6093 = PRESENTATION_LAYER_ASSIGNMENT (  '', '', ( #1638 ) ) ;
#6094 = ORIENTED_EDGE ( 'NONE', *, *, #5555, .F. ) ;
#6095 = DIRECTION ( 'NONE',  ( -1.000000000000000000, 2.710505431213761578E-16, 0.000000000000000000 ) ) ;
#6096 = UNCERTAINTY_MEASURE_WITH_UNIT (LENGTH_MEASURE( 1.000000000000000082E-05 ), #4408, 'distance_accuracy_value', 'NONE');
#6097 = MECHANICAL_DESIGN_GEOMETRIC_PRESENTATION_REPRESENTATION (  '', ( #4932 ), #354 ) ;
#6098 = EDGE_LOOP ( 'NONE', ( #2675, #3322, #3278, #5964 ) ) ;
#6099 = CIRCLE ( 'NONE', #3644, 0.5500000000000000444 ) ;
#6100 = STYLED_ITEM ( 'NONE', ( #6057 ), #400 ) ;
#6101 = DIRECTION ( 'NONE',  ( -0.05233595624294388321, -1.615994494162831900E-16, 0.9986295347545739443 ) ) ;
#6102 = DIRECTION ( 'NONE',  ( 0.000000000000000000, 0.000000000000000000, -1.000000000000000000 ) ) ;
#6103 = SURFACE_STYLE_FILL_AREA ( #453 ) ;
#6104 =( LENGTH_UNIT ( ) NAMED_UNIT ( * ) SI_UNIT ( .MILLI., .METRE. ) );
#6105 = ORIENTED_EDGE ( 'NONE', *, *, #5402, .T. ) ;
#6106 = PRESENTATION_LAYER_ASSIGNMENT (  '', '', ( #960 ) ) ;
#6107 = FILL_AREA_STYLE ('',( #1795 ) ) ;
#6108 = VECTOR ( 'NONE', #1601, 1000.000000000000000 ) ;
#6109 = ORIENTED_EDGE ( 'NONE', *, *, #5659, .T. ) ;
#6110 = VECTOR ( 'NONE', #811, 1000.000000000000000 ) ;
#6111 = CARTESIAN_POINT ( 'NONE',  ( 1.902233606196062299, 0.5068647545284984401, -0.3000000000000002109 ) ) ;
#6112 = VERTEX_POINT ( 'NONE', #635 ) ;
#6113 = EDGE_LOOP ( 'NONE', ( #4412, #13, #3976, #5344 ) ) ;
#6114 =( LENGTH_UNIT ( ) NAMED_UNIT ( * ) SI_UNIT ( .MILLI., .METRE. ) );
#6115 = EDGE_CURVE ( 'NONE', #3834, #4484, #222, .T. ) ;
#6116 = FILL_AREA_STYLE_COLOUR ( '', #4445 ) ;
#6117 = CYLINDRICAL_SURFACE ( 'NONE', #4441, 0.5500000000000000444 ) ;
#6118 = CLOSED_SHELL ( 'NONE', ( #1904, #1898, #4920, #5294, #4434, #1268, #6164, #5252, #4576, #5542, #4646, #400, #1367, #5108, #4085, #4500, #2993, #545, #3254, #4061, #4810, #1605, #5810, #3829, #1515, #2531, #2759, #1837, #2493, #318, #5767, #363, #2434, #551, #472, #4308, #4660, #5100, #735, #5895, #6006, #3299, #2417, #1050, #2601, #3219, #4531, #3814, #4546, #5474, #196, #1438, #2833, #1202, #352, #4538, #1611, #5534, #5003, #282, #5443, #1125, #1454, #3075, #2013, #1956, #3522, #2178, #510, #5657, #740, #5356, #2765, #603, #72, #3147 ) ) ;
#6119 = ORIENTED_EDGE ( 'NONE', *, *, #5396, .F. ) ;
#6120 = DIRECTION ( 'NONE',  ( -0.000000000000000000, -0.000000000000000000, -1.000000000000000000 ) ) ;
#6121 = EDGE_CURVE ( 'NONE', #878, #240, #432, .T. ) ;
#6122 = CARTESIAN_POINT ( 'NONE',  ( -1.002233606196060833, -0.3931352454715011935, -0.8699999999999999956 ) ) ;
#6123 = CARTESIAN_POINT ( 'NONE',  ( 0.5960918573386841945, 0.2498278417103637350, 0.05000000000000000278 ) ) ;
#6124 = ORIENTED_EDGE ( 'NONE', *, *, #2953, .T. ) ;
#6125 = CARTESIAN_POINT ( 'NONE',  ( -1.750000000000000000, -0.3931352454715018041, 2.710505431213761085E-17 ) ) ;
#6126 = PLANE ( 'NONE',  #1333 ) ;
#6127 = ORIENTED_EDGE ( 'NONE', *, *, #1409, .F. ) ;
#6128 = CARTESIAN_POINT ( 'NONE',  ( 0.2103187164337326776, 0.5864781805825147742, 0.05000000000000000278 ) ) ;
#6129 = VECTOR ( 'NONE', #6149, 1000.000000000000000 ) ;
#6130 = PLANE ( 'NONE',  #2699 ) ;
#6131 = SURFACE_SIDE_STYLE ('',( #4816 ) ) ;
#6132 = SURFACE_STYLE_USAGE ( .BOTH. , #988 ) ;
#6133 = CARTESIAN_POINT ( 'NONE',  ( -1.734277666215087610, -0.3931352454715016931, -0.2999999999999996558 ) ) ;
#6134 = ORIENTED_EDGE ( 'NONE', *, *, #3820, .T. ) ;
#6135 = MECHANICAL_DESIGN_GEOMETRIC_PRESENTATION_REPRESENTATION (  '', ( #992 ), #2996 ) ;
#6136 = LINE ( 'NONE', #3799, #652 ) ;
#6137 = COLOUR_RGB ( '',1.000000000000000000, 0.000000000000000000, 0.000000000000000000 ) ;
#6138 =( NAMED_UNIT ( * ) SI_UNIT ( $, .STERADIAN. ) SOLID_ANGLE_UNIT ( ) );
#6139 = COLOUR_RGB ( '',1.000000000000000000, 1.000000000000000000, 1.000000000000000000 ) ;
#6140 = VERTEX_POINT ( 'NONE', #2497 ) ;
#6141 = CARTESIAN_POINT ( 'NONE',  ( -0.6014578695130498032, -0.06436265024309432980, 0.1500000000000000222 ) ) ;
#6142 = DIRECTION ( 'NONE',  ( 0.000000000000000000, -0.000000000000000000, 1.000000000000000000 ) ) ;
#6143 = DIRECTION ( 'NONE',  ( 0.000000000000000000, 0.000000000000000000, 1.000000000000000000 ) ) ;
#6144 = ORIENTED_EDGE ( 'NONE', *, *, #5585, .F. ) ;
#6145 =( GEOMETRIC_REPRESENTATION_CONTEXT ( 3 ) GLOBAL_UNCERTAINTY_ASSIGNED_CONTEXT ( ( #1749 ) ) GLOBAL_UNIT_ASSIGNED_CONTEXT ( ( #1817, #4215, #986 ) ) REPRESENTATION_CONTEXT ( 'NONE', 'WORKASPACE' ) );
#6146 = STYLED_ITEM ( 'NONE', ( #2338 ), #2557 ) ;
#6147 = VERTEX_POINT ( 'NONE', #2591 ) ;
#6148 = CARTESIAN_POINT ( 'NONE',  ( 1.749999999999999778, 0.5068647545284983291, -1.355252715606880543E-17 ) ) ;
#6149 = DIRECTION ( 'NONE',  ( -1.000000000000000000, 0.000000000000000000, -3.252606517456512119E-15 ) ) ;
#6150 = CARTESIAN_POINT ( 'NONE',  ( -0.1831650461902199489, -0.1655797369339806480, 0.000000000000000000 ) ) ;
#6151 = VECTOR ( 'NONE', #5884, 1000.000000000000000 ) ;
#6152 = COLOUR_RGB ( '',0.8313725490196077761, 0.8392156862745098200, 0.8313725490196077761 ) ;
#6153 = UNCERTAINTY_MEASURE_WITH_UNIT (LENGTH_MEASURE( 1.000000000000000082E-05 ), #775, 'distance_accuracy_value', 'NONE');
#6154 = EDGE_CURVE ( 'NONE', #4105, #437, #1103, .T. ) ;
#6155 = AXIS2_PLACEMENT_3D ( 'NONE', #1869, #3352, #3380 ) ;
#6156 = ORIENTED_EDGE ( 'NONE', *, *, #3898, .T. ) ;
#6157 = CARTESIAN_POINT ( 'NONE',  ( -0.03316504619021998224, -1.549652246857879279, 0.000000000000000000 ) ) ;
#6158 = STYLED_ITEM ( 'NONE', ( #1741 ), #2993 ) ;
#6159 = LINE ( 'NONE', #5226, #762 ) ;
#6160 = EDGE_LOOP ( 'NONE', ( #1015, #3786, #4803, #4086 ) ) ;
#6161 = SURFACE_SIDE_STYLE ('',( #4271 ) ) ;
#6162 = UNCERTAINTY_MEASURE_WITH_UNIT (LENGTH_MEASURE( 1.000000000000000082E-05 ), #4136, 'distance_accuracy_value', 'NONE');
#6163 = EDGE_CURVE ( 'NONE', #745, #2202, #5831, .T. ) ;
#6164 = ADVANCED_FACE ( 'NONE', ( #4395 ), #5869, .T. ) ;
ENDSEC;
END-ISO-10303-21;
