ISO-10303-21;
HEADER;
FILE_DESCRIPTION (( 'STEP AP214' ),
    '1' );
FILE_NAME ('User Library-LQFP64_Grid_0.5.STEP',
    '2025-08-26T08:52:53',
    ( '' ),
    ( '' ),
    'SwSTEP 2.0',
    'SolidWorks 2022',
    '' );
FILE_SCHEMA (( 'AUTOMOTIVE_DESIGN' ));
ENDSEC;

DATA;
#1 = DIRECTION ( 'NONE',  ( 0.7071067811865471286, 0.0000000000000000000, 0.7071067811865480168 ) ) ;
#2 = CARTESIAN_POINT ( 'NONE',  ( 0.01349999999999999985, 0.004202741360954145335, -0.05233380561562839955 ) ) ;
#3 = CARTESIAN_POINT ( 'NONE',  ( -0.01349999999999999811, 0.02470831998509998711, -0.04600015128280550425 ) ) ;
#4 = ORIENTED_EDGE ( 'NONE', *, *, #2363, .F. ) ;
#5 = CARTESIAN_POINT ( 'NONE',  ( -0.01349999999999999985, 0.07036739066116175223, -0.07697299708602459156 ) ) ;
#6 =( GEOMETRIC_REPRESENTATION_CONTEXT ( 3 ) GLOBAL_UNCERTAINTY_ASSIGNED_CONTEXT ( ( #376 ) ) GLOBAL_UNIT_ASSIGNED_CONTEXT ( ( #402, #63, #749 ) ) REPRESENTATION_CONTEXT ( 'NONE', 'WORKASPACE' ) );
#7 = CONTEXT_DEPENDENT_SHAPE_REPRESENTATION ( #2416, #2207 ) ;
#8 =( GEOMETRIC_REPRESENTATION_CONTEXT ( 3 ) GLOBAL_UNCERTAINTY_ASSIGNED_CONTEXT ( ( #2084 ) ) GLOBAL_UNIT_ASSIGNED_CONTEXT ( ( #1079, #3309, #2380 ) ) REPRESENTATION_CONTEXT ( 'NONE', 'WORKASPACE' ) );
#9 = PRESENTATION_STYLE_ASSIGNMENT (( #1961 ) ) ;
#10 = DIRECTION ( 'NONE',  ( -0.7071067811865471286, -0.0000000000000000000, 0.7071067811865480168 ) ) ;
#11 = VECTOR ( 'NONE', #85, 100.0000000000000000 ) ;
#12 = VERTEX_POINT ( 'NONE', #420 ) ;
#13 = CARTESIAN_POINT ( 'NONE',  ( 0.01308578643762690549, 0.01965446577196352726, 9.095859400351435278E-17 ) ) ;
#14 = FACE_OUTER_BOUND ( 'NONE', #1546, .T. ) ;
#15 =( LENGTH_UNIT ( ) NAMED_UNIT ( * ) SI_UNIT ( .CENTI., .METRE. ) );
#16 =( NAMED_UNIT ( * ) SI_UNIT ( $, .STERADIAN. ) SOLID_ANGLE_UNIT ( ) );
#17 = ORIENTED_EDGE ( 'NONE', *, *, #2607, .F. ) ;
#18 = AXIS2_PLACEMENT_3D ( 'NONE', #2484, #33, #561 ) ;
#19 = DIRECTION ( 'NONE',  ( 0.7071067811865476838, -0.0000000000000000000, 0.7071067811865474617 ) ) ;
#20 = PRESENTATION_LAYER_ASSIGNMENT (  '', '', ( #3216 ) ) ;
#21 = ADVANCED_FACE ( 'NONE', ( #1044 ), #3170, .T. ) ;
#22 = ADVANCED_FACE ( 'NONE', ( #2533 ), #590, .T. ) ;
#23 = VERTEX_POINT ( 'NONE', #1266 ) ;
#24 = CARTESIAN_POINT ( 'NONE',  ( -0.01349999999999999985, 0.01780249144348780566, -0.06278012227940030221 ) ) ;
#25 =( REPRESENTATION_RELATIONSHIP ('NONE','NONE', #661, #1064 ) REPRESENTATION_RELATIONSHIP_WITH_TRANSFORMATION ( #1274 )SHAPE_REPRESENTATION_RELATIONSHIP( ) );
#26 =( NAMED_UNIT ( * ) PLANE_ANGLE_UNIT ( ) SI_UNIT ( $, .RADIAN. ) );
#27 = AXIS2_PLACEMENT_3D ( 'NONE', #4064, #1186, #2633 ) ;
#28 = CARTESIAN_POINT ( 'NONE',  ( -0.5946966991411010151, 0.04624999999999990230, 0.3446966991411010151 ) ) ;
#29 = ITEM_DEFINED_TRANSFORMATION ( 'NONE', 'NONE', #3546,  #1549 ) ;
#30 = SURFACE_STYLE_FILL_AREA ( #3175 ) ;
#31 = EDGE_LOOP ( 'NONE', ( #1551, #3084, #3288 ) ) ;
#32 = DIRECTION ( 'NONE',  ( -3.279322939077849880E-32, -0.0000000000000000000, 1.000000000000000000 ) ) ;
#33 = DIRECTION ( 'NONE',  ( -0.9723873019805177043, -0.2333729524753232198, 0.0000000000000000000 ) ) ;
#34 = SURFACE_SIDE_STYLE ('',( #2919 ) ) ;
#35 = DIRECTION ( 'NONE',  ( -0.7071067811865476838, 0.0000000000000000000, -0.7071067811865474617 ) ) ;
#36 = SURFACE_SIDE_STYLE ('',( #2872 ) ) ;
#37 = DIRECTION ( 'NONE',  ( -3.279322939077849880E-32, -0.0000000000000000000, 1.000000000000000000 ) ) ;
#38 = UNCERTAINTY_MEASURE_WITH_UNIT (LENGTH_MEASURE( 1.000000000000000082E-05 ), #4032, 'distance_accuracy_value', 'NONE');
#39 =( NAMED_UNIT ( * ) SI_UNIT ( $, .STERADIAN. ) SOLID_ANGLE_UNIT ( ) );
#40 = CARTESIAN_POINT ( 'NONE',  ( -0.01349999999999999985, 0.02943061643074725703, -0.04727520294751606789 ) ) ;
#41 = VERTEX_POINT ( 'NONE', #262 ) ;
#42 = ADVANCED_FACE ( 'NONE', ( #2240 ), #633, .T. ) ;
#43 = CONTEXT_DEPENDENT_SHAPE_REPRESENTATION ( #1849, #3808 ) ;
#44 =( NAMED_UNIT ( * ) SI_UNIT ( $, .STERADIAN. ) SOLID_ANGLE_UNIT ( ) );
#45 = DIRECTION ( 'NONE',  ( -1.000000000000000000, -0.0000000000000000000, -0.0000000000000000000 ) ) ;
#46 =( REPRESENTATION_RELATIONSHIP ('NONE','NONE', #661, #1064 ) REPRESENTATION_RELATIONSHIP_WITH_TRANSFORMATION ( #706 )SHAPE_REPRESENTATION_RELATIONSHIP( ) );
#47 = CARTESIAN_POINT ( 'NONE',  ( 0.01250000000000000069, 0.008955826027659945579, -0.06142727398090020580 ) ) ;
#48 = CONTEXT_DEPENDENT_SHAPE_REPRESENTATION ( #397, #2248 ) ;
#49 = DIRECTION ( 'NONE',  ( -1.000000000000000000, -0.0000000000000000000, -0.0000000000000000000 ) ) ;
#50 = DIRECTION ( 'NONE',  ( -1.000000000000000000, 0.0000000000000000000, -3.231085104332679983E-15 ) ) ;
#51 = AXIS2_PLACEMENT_3D ( 'NONE', #774, #1359, #3920 ) ;
#52 = DIRECTION ( 'NONE',  ( 3.279322939077849880E-32, -2.390708191312053464E-63, -1.000000000000000000 ) ) ;
#53 = CARTESIAN_POINT ( 'NONE',  ( 0.4849999999999999867, 0.1600000000000000311, 0.4437867965644040069 ) ) ;
#54 = ORIENTED_EDGE ( 'NONE', *, *, #2579, .T. ) ;
#55 =( GEOMETRIC_REPRESENTATION_CONTEXT ( 3 ) GLOBAL_UNCERTAINTY_ASSIGNED_CONTEXT ( ( #3449 ) ) GLOBAL_UNIT_ASSIGNED_CONTEXT ( ( #3881, #3923, #2285 ) ) REPRESENTATION_CONTEXT ( 'NONE', 'WORKASPACE' ) );
#56 = LINE ( 'NONE', #3186, #3467 ) ;
#57 = SURFACE_SIDE_STYLE ('',( #1691 ) ) ;
#58 = CARTESIAN_POINT ( 'NONE',  ( -0.01349999999999999811, 0.02161713742577897612, -0.04220931616990445528 ) ) ;
#59 = ORIENTED_EDGE ( 'NONE', *, *, #3172, .F. ) ;
#60 =( GEOMETRIC_REPRESENTATION_CONTEXT ( 3 ) GLOBAL_UNCERTAINTY_ASSIGNED_CONTEXT ( ( #243 ) ) GLOBAL_UNIT_ASSIGNED_CONTEXT ( ( #3069, #548, #16 ) ) REPRESENTATION_CONTEXT ( 'NONE', 'WORKASPACE' ) );
#61 = COLOUR_RGB ( '',0.1254901960784313708, 0.1254901960784313708, 0.1254901960784313708 ) ;
#62 = CARTESIAN_POINT ( 'NONE',  ( 0.01308578643762690723, 0.09749999999999998945, -0.1495857864376268775 ) ) ;
#63 =( NAMED_UNIT ( * ) PLANE_ANGLE_UNIT ( ) SI_UNIT ( $, .RADIAN. ) );
#64 = VECTOR ( 'NONE', #2006, 100.0000000000000000 ) ;
#65 = SURFACE_STYLE_FILL_AREA ( #2897 ) ;
#66 = PRESENTATION_STYLE_ASSIGNMENT (( #2914 ) ) ;
#67 = MECHANICAL_DESIGN_GEOMETRIC_PRESENTATION_REPRESENTATION (  '', ( #192 ), #1855 ) ;
#68 = MECHANICAL_DESIGN_GEOMETRIC_PRESENTATION_REPRESENTATION (  '', ( #338 ), #1930 ) ;
#69 = ADVANCED_FACE ( 'NONE', ( #1625 ), #1689, .T. ) ;
#70 =( LENGTH_UNIT ( ) NAMED_UNIT ( * ) SI_UNIT ( .CENTI., .METRE. ) );
#71 = ORIENTED_EDGE ( 'NONE', *, *, #3780, .T. ) ;
#72 = PRESENTATION_LAYER_ASSIGNMENT (  '', '', ( #659 ) ) ;
#73 = DIRECTION ( 'NONE',  ( 0.0000000000000000000, 0.9654274555191101337, -0.2606718782874300477 ) ) ;
#74 = DIRECTION ( 'NONE',  ( 3.231085104332679983E-15, 0.0000000000000000000, -1.000000000000000000 ) ) ;
#75 = VECTOR ( 'NONE', #569, 100.0000000000000000 ) ;
#76 = SURFACE_STYLE_USAGE ( .BOTH. , #1622 ) ;
#77 =( REPRESENTATION_RELATIONSHIP ('NONE','NONE', #661, #1064 ) REPRESENTATION_RELATIONSHIP_WITH_TRANSFORMATION ( #812 )SHAPE_REPRESENTATION_RELATIONSHIP( ) );
#78 = VERTEX_POINT ( 'NONE', #436 ) ;
#79 = CARTESIAN_POINT ( 'NONE',  ( -0.01349999999999999985, 0.07850000000000000033, -0.1489999999999999936 ) ) ;
#80 = VERTEX_POINT ( 'NONE', #53 ) ;
#81 = MECHANICAL_DESIGN_GEOMETRIC_PRESENTATION_REPRESENTATION (  '', ( #2998 ), #1342 ) ;
#82 = CARTESIAN_POINT ( 'NONE',  ( -0.01250000000000000069, 0.09650000000000000244, -0.1489999999999998270 ) ) ;
#83 = STYLED_ITEM ( 'NONE', ( #3889 ), #3016 ) ;
#84 =( LENGTH_UNIT ( ) NAMED_UNIT ( * ) SI_UNIT ( .CENTI., .METRE. ) );
#85 = DIRECTION ( 'NONE',  ( -0.0000000000000000000, -0.9654274555191101337, 0.2606718782874300477 ) ) ;
#86 = ORIENTED_EDGE ( 'NONE', *, *, #3275, .F. ) ;
#87 = COLOUR_RGB ( '',0.7529411764705882248, 0.7529411764705882248, 0.7529411764705882248 ) ;
#88 =( BOUNDED_SURFACE ( )  B_SPLINE_SURFACE ( 3, 3, ( 
 ( #3987, #1764, #2058, #510 ),
 ( #1108, #530, #3052, #197 ),
 ( #1824, #2392, #1466, #803 ),
 ( #3091, #494, #3028, #1189 ) ),
 .UNSPECIFIED., .F., .F., .F. ) 
 B_SPLINE_SURFACE_WITH_KNOTS ( ( 4, 4 ),
 ( 4, 4 ),
 ( 0.0000000000000000000, 1.000000000000000000 ),
 ( 0.0000000000000000000, 1.000000000000000000 ),
 .UNSPECIFIED. ) 
 GEOMETRIC_REPRESENTATION_ITEM ( )  RATIONAL_B_SPLINE_SURFACE ( (
 ( 1.000000000000000000, 0.8047378541243649375, 0.8047378541243649375, 1.000000000000000000),
 ( 0.8047378541243649375, 0.6476030138606876374, 0.6476030138606876374, 0.8047378541243649375),
 ( 0.8047378541243649375, 0.6476030138606876374, 0.6476030138606876374, 0.8047378541243649375),
 ( 1.000000000000000000, 0.8047378541243649375, 0.8047378541243649375, 1.000000000000000000) ) ) 
 REPRESENTATION_ITEM ( '' )  SURFACE ( )  );
#89 = DIRECTION ( 'NONE',  ( 0.7071067811865475727, 9.300984204488123101E-17, 0.7071067811865475727 ) ) ;
#90 = STYLED_ITEM ( 'NONE', ( #128 ), #3980 ) ;
#91 = SURFACE_STYLE_FILL_AREA ( #1419 ) ;
#92 = EDGE_LOOP ( 'NONE', ( #2676, #472, #352, #1325 ) ) ;
#93 = AXIS2_PLACEMENT_3D ( 'NONE', #607, #2259, #348 ) ;
#94 = SURFACE_STYLE_FILL_AREA ( #668 ) ;
#95 = EDGE_CURVE ( 'NONE', #3922, #1352, #3223, .T. ) ;
#96 = DIRECTION ( 'NONE',  ( 3.231085104332679983E-15, 0.0000000000000000000, -1.000000000000000000 ) ) ;
#97 = VERTEX_POINT ( 'NONE', #2350 ) ;
#98 = DIRECTION ( 'NONE',  ( 0.0000000000000000000, 0.0000000000000000000, -1.000000000000000000 ) ) ;
#99 = FILL_AREA_STYLE ('',( #718 ) ) ;
#100 =( REPRESENTATION_RELATIONSHIP ('NONE','NONE', #661, #1064 ) REPRESENTATION_RELATIONSHIP_WITH_TRANSFORMATION ( #3437 )SHAPE_REPRESENTATION_RELATIONSHIP( ) );
#101 = SURFACE_SIDE_STYLE ('',( #439 ) ) ;
#102 = ORIENTED_EDGE ( 'NONE', *, *, #3630, .T. ) ;
#103 = SURFACE_STYLE_USAGE ( .BOTH. , #123 ) ;
#104 = CARTESIAN_POINT ( 'NONE',  ( 0.01349999999999999985, 0.09649999999999998856, -0.1495857864376269053 ) ) ;
#105 = CYLINDRICAL_SURFACE ( 'NONE', #2992, 0.0009999999999999995871 ) ;
#106 =( NAMED_UNIT ( * ) SI_UNIT ( $, .STERADIAN. ) SOLID_ANGLE_UNIT ( ) );
#107 = DIRECTION ( 'NONE',  ( 0.0000000000000000000, -0.0000000000000000000, -1.000000000000000000 ) ) ;
#108 = ORIENTED_EDGE ( 'NONE', *, *, #695, .F. ) ;
#109 = DIRECTION ( 'NONE',  ( -0.0000000000000000000, 1.000000000000000000, 0.0000000000000000000 ) ) ;
#110 = CARTESIAN_POINT ( 'NONE',  ( -0.01349999999999999985, 0.03229800709190899788, -0.03665550093680580018 ) ) ;
#111 = AXIS2_PLACEMENT_3D ( 'NONE', #3184, #1905, #327 ) ;
#112 = CARTESIAN_POINT ( 'NONE',  ( -0.1250000000000000000, 0.0000000000000000000, -0.5999999999999999778 ) ) ;
#113 = ADVANCED_FACE ( 'NONE', ( #2265 ), #2217, .T. ) ;
#114 = CARTESIAN_POINT ( 'NONE',  ( 0.01350000000000003107, 0.02190321813710741777, -0.03729127346519280073 ) ) ;
#115 = ORIENTED_EDGE ( 'NONE', *, *, #723, .F. ) ;
#116 = AXIS2_PLACEMENT_3D ( 'NONE', #370, #416, #3298 ) ;
#117 = DIRECTION ( 'NONE',  ( 1.000000000000000000, 0.0000000000000000000, 0.0000000000000000000 ) ) ;
#118 = CIRCLE ( 'NONE', #1921, 0.0009999999999999980693 ) ;
#119 = EDGE_CURVE ( 'NONE', #2631, #1655, #761, .T. ) ;
#120 = PRESENTATION_STYLE_ASSIGNMENT (( #1048 ) ) ;
#121 = CARTESIAN_POINT ( 'NONE',  ( -0.4849999999999999867, 0.01499999999999990924, 0.4437867965644039514 ) ) ;
#122 = ORIENTED_EDGE ( 'NONE', *, *, #854, .F. ) ;
#123 = SURFACE_SIDE_STYLE ('',( #2619 ) ) ;
#124 = CARTESIAN_POINT ( 'NONE',  ( -0.01349999999999999985, 0.07850000000000000033, -0.08759269909673479682 ) ) ;
#125 = SURFACE_STYLE_FILL_AREA ( #1035 ) ;
#126 = STYLED_ITEM ( 'NONE', ( #120 ), #1385 ) ;
#127 = STYLED_ITEM ( 'NONE', ( #1424 ), #565 ) ;
#128 = PRESENTATION_STYLE_ASSIGNMENT (( #2397 ) ) ;
#129 = ITEM_DEFINED_TRANSFORMATION ( 'NONE', 'NONE', #1879,  #1549 ) ;
#130 = MECHANICAL_DESIGN_GEOMETRIC_PRESENTATION_REPRESENTATION (  '', ( #3786 ), #2517 ) ;
#131 = CIRCLE ( 'NONE', #466, 0.02000000000000000736 ) ;
#132 = CARTESIAN_POINT ( 'NONE',  ( -0.01308578643762690549, 0.09708578643762692806, -0.1499999999999999944 ) ) ;
#133 = PLANE ( 'NONE',  #2202 ) ;
#134 = CIRCLE ( 'NONE', #2065, 0.009999999999999993269 ) ;
#135 = DIRECTION ( 'NONE',  ( -1.836909530733570078E-16, 0.0000000000000000000, 1.000000000000000000 ) ) ;
#136 = CARTESIAN_POINT ( 'NONE',  ( -0.01250000000000000069, 0.001063031307206659939, -0.001000000000000000021 ) ) ;
#137 = MECHANICAL_DESIGN_GEOMETRIC_PRESENTATION_REPRESENTATION (  '', ( #1790 ), #527 ) ;
#138 = VERTEX_POINT ( 'NONE', #79 ) ;
#139 = CARTESIAN_POINT ( 'NONE',  ( 0.01349999999999999811, 0.02131852430926839750, -0.03732703487168924361 ) ) ;
#140 = ORIENTED_EDGE ( 'NONE', *, *, #2407, .T. ) ;
#141 = PRESENTATION_STYLE_ASSIGNMENT (( #1993 ) ) ;
#142 = COLOUR_RGB ( '',0.7529411764705882248, 0.7529411764705882248, 0.7529411764705882248 ) ;
#143 = DIRECTION ( 'NONE',  ( 0.0000000000000000000, 0.0000000000000000000, -1.000000000000000000 ) ) ;
#144 = DIRECTION ( 'NONE',  ( 0.0000000000000000000, 1.084202172485501594E-14, -1.000000000000000000 ) ) ;
#145 = ADVANCED_FACE ( 'NONE', ( #419 ), #1687, .T. ) ;
#146 = EDGE_CURVE ( 'NONE', #2295, #1074, #2072, .T. ) ;
#147 = FILL_AREA_STYLE ('',( #2379 ) ) ;
#148 = LINE ( 'NONE', #1095, #2191 ) ;
#149 = CARTESIAN_POINT ( 'NONE',  ( -0.4500000000000000666, 0.09749999999999994782, 0.5000000000000001110 ) ) ;
#150 = CARTESIAN_POINT ( 'NONE',  ( -0.01250000000000000069, 0.001063031307206657988, 4.573780659483264802E-18 ) ) ;
#151 = FACE_OUTER_BOUND ( 'NONE', #2356, .T. ) ;
#152 = AXIS2_PLACEMENT_3D ( 'NONE', #2068, #3995, #2672 ) ;
#153 = FACE_OUTER_BOUND ( 'NONE', #544, .T. ) ;
#154 = FILL_AREA_STYLE ('',( #1740 ) ) ;
#155 = STYLED_ITEM ( 'NONE', ( #890 ), #4028 ) ;
#156 = DIRECTION ( 'NONE',  ( -1.836909530733570078E-16, 0.0000000000000000000, 1.000000000000000000 ) ) ;
#157 = AXIS2_PLACEMENT_3D ( 'NONE', #2728, #4044, #1163 ) ;
#158 = CARTESIAN_POINT ( 'NONE',  ( 0.4924999999999999933, 0.04625000000000009659, -0.5000000000000000000 ) ) ;
#159 = PRESENTATION_STYLE_ASSIGNMENT (( #2086 ) ) ;
#160 = CARTESIAN_POINT ( 'NONE',  ( -0.01250000000000000069, 0.001063031307206661457, -0.0009999999999999924314 ) ) ;
#161 = CARTESIAN_POINT ( 'NONE',  ( -0.01349999999999999985, 0.02969128830903470379, -0.04630977549199690596 ) ) ;
#162 = FILL_AREA_STYLE_COLOUR ( '', #604 ) ;
#163 = CARTESIAN_POINT ( 'NONE',  ( 0.4999999999999999445, 0.07750000000000011047, 0.4500000000000001221 ) ) ;
#164 = CARTESIAN_POINT ( 'NONE',  ( -0.4999999999999999445, 0.07749999999999990230, 0.4500000000000000666 ) ) ;
#165 = ADVANCED_FACE ( 'NONE', ( #2404 ), #2095, .T. ) ;
#166 =( NAMED_UNIT ( * ) PLANE_ANGLE_UNIT ( ) SI_UNIT ( $, .RADIAN. ) );
#167 = SURFACE_STYLE_USAGE ( .BOTH. , #2098 ) ;
#168 = PLANE ( 'NONE',  #3608 ) ;
#169 = DIRECTION ( 'NONE',  ( -1.836909530733570078E-16, 0.0000000000000000000, 1.000000000000000000 ) ) ;
#170 = UNCERTAINTY_MEASURE_WITH_UNIT (LENGTH_MEASURE( 1.000000000000000082E-05 ), #947, 'distance_accuracy_value', 'NONE');
#171 = SURFACE_SIDE_STYLE ('',( #3006 ) ) ;
#172 = ORIENTED_EDGE ( 'NONE', *, *, #2705, .F. ) ;
#173 =( REPRESENTATION_RELATIONSHIP ('NONE','NONE', #661, #1064 ) REPRESENTATION_RELATIONSHIP_WITH_TRANSFORMATION ( #129 )SHAPE_REPRESENTATION_RELATIONSHIP( ) );
#174 = SURFACE_STYLE_USAGE ( .BOTH. , #473 ) ;
#175 =( LENGTH_UNIT ( ) NAMED_UNIT ( * ) SI_UNIT ( .CENTI., .METRE. ) );
#176 = CARTESIAN_POINT ( 'NONE',  ( 0.01250000000000000069, 0.07791421356237310247, -0.1499999999999999944 ) ) ;
#177 = ORIENTED_EDGE ( 'NONE', *, *, #3062, .F. ) ;
#178 = FILL_AREA_STYLE_COLOUR ( '', #1258 ) ;
#179 = FACE_OUTER_BOUND ( 'NONE', #1603, .T. ) ;
#180 = CARTESIAN_POINT ( 'NONE',  ( 0.01349999999999999985, 0.001063031307206666011, -0.0009999999999999835409 ) ) ;
#181 = CARTESIAN_POINT ( 'NONE',  ( -0.01349999999999999985, 0.09750000000000000333, -0.1073092908757649899 ) ) ;
#182 = CARTESIAN_POINT ( 'NONE',  ( -0.01349999999999999985, 0.05402331069110310330, -0.07176527936397669727 ) ) ;
#183 = CARTESIAN_POINT ( 'NONE',  ( 0.01250000000000000069, 0.04733443272998889839, -0.07075394419695399395 ) ) ;
#184 =( GEOMETRIC_REPRESENTATION_CONTEXT ( 3 ) GLOBAL_UNCERTAINTY_ASSIGNED_CONTEXT ( ( #2201 ) ) GLOBAL_UNIT_ASSIGNED_CONTEXT ( ( #1782, #1431, #1730 ) ) REPRESENTATION_CONTEXT ( 'NONE', 'WORKASPACE' ) );
#185 = CARTESIAN_POINT ( 'NONE',  ( -0.5999999999999999778, 0.0000000000000000000, 0.2750000000000000222 ) ) ;
#186 = CIRCLE ( 'NONE', #1594, 0.001000000000000000021 ) ;
#187 = EDGE_CURVE ( 'NONE', #783, #23, #911, .T. ) ;
#188 = VECTOR ( 'NONE', #107, 100.0000000000000000 ) ;
#189 = ADVANCED_FACE ( 'NONE', ( #151 ), #3544, .T. ) ;
#190 = CYLINDRICAL_SURFACE ( 'NONE', #2391, 0.001000000000000002623 ) ;
#191 = ORIENTED_EDGE ( 'NONE', *, *, #1002, .T. ) ;
#192 = STYLED_ITEM ( 'NONE', ( #350 ), #1844 ) ;
#193 = VECTOR ( 'NONE', #2433, 100.0000000000000000 ) ;
#194 = CARTESIAN_POINT ( 'NONE',  ( -0.2250000000000000333, 0.0000000000000000000, 0.5999999999999999778 ) ) ;
#195 = AXIS2_PLACEMENT_3D ( 'NONE', #1171, #1152, #3055 ) ;
#196 = VECTOR ( 'NONE', #3366, 100.0000000000000284 ) ;
#197 = CARTESIAN_POINT ( 'NONE',  ( -0.01308578643762690549, 0.07849999999999998646, -0.1499999999999999389 ) ) ;
#198 =( NAMED_UNIT ( * ) PLANE_ANGLE_UNIT ( ) SI_UNIT ( $, .RADIAN. ) );
#199 = VECTOR ( 'NONE', #3070, 100.0000000000000000 ) ;
#200 = CARTESIAN_POINT ( 'NONE',  ( -0.01349999999999999638, 0.0004563598011974822049, -0.0006764295447135882386 ) ) ;
#201 = COLOUR_RGB ( '',0.7529411764705882248, 0.7529411764705882248, 0.7529411764705882248 ) ;
#202 = EDGE_LOOP ( 'NONE', ( #2136, #2957, #478, #424 ) ) ;
#203 =( REPRESENTATION_RELATIONSHIP ('NONE','NONE', #661, #1064 ) REPRESENTATION_RELATIONSHIP_WITH_TRANSFORMATION ( #3638 )SHAPE_REPRESENTATION_RELATIONSHIP( ) );
#204 = CARTESIAN_POINT ( 'NONE',  ( -0.3446966991411010151, 0.1287500000000000033, -0.5946966991411010151 ) ) ;
#205 =( NAMED_UNIT ( * ) SI_UNIT ( $, .STERADIAN. ) SOLID_ANGLE_UNIT ( ) );
#206 = PRESENTATION_STYLE_ASSIGNMENT (( #2455 ) ) ;
#207 = AXIS2_PLACEMENT_3D ( 'NONE', #546, #1823, #1501 ) ;
#208 = DIRECTION ( 'NONE',  ( 7.893034146598109057E-32, 0.9654274555191098006, -0.2606718782874311025 ) ) ;
#209 =( NAMED_UNIT ( * ) SI_UNIT ( $, .STERADIAN. ) SOLID_ANGLE_UNIT ( ) );
#210 = DIRECTION ( 'NONE',  ( -1.000000000000000000, 0.0000000000000000000, -1.836909530733570078E-16 ) ) ;
#211 = PRODUCT_DEFINITION_SHAPE ( 'NONE', 'NONE',  #4081 ) ;
#212 = UNCERTAINTY_MEASURE_WITH_UNIT (LENGTH_MEASURE( 1.000000000000000082E-05 ), #3268, 'distance_accuracy_value', 'NONE');
#213 = CARTESIAN_POINT ( 'NONE',  ( -0.01349999999999999985, 0.01909666767421790839, -0.0009999999999999043942 ) ) ;
#214 = ORIENTED_EDGE ( 'NONE', *, *, #295, .F. ) ;
#215 = EDGE_CURVE ( 'NONE', #138, #1161, #1320, .T. ) ;
#216 = SHAPE_REPRESENTATION ( 'LQFP64_Koerper_2', ( #1549 ), #1756 ) ;
#217 = CARTESIAN_POINT ( 'NONE',  ( 0.3446966991411010151, 0.04624999999999999944, -0.5946966991411010151 ) ) ;
#218 = CARTESIAN_POINT ( 'NONE',  ( -0.1250000000000000000, 0.0000000000000000000, 0.5999999999999999778 ) ) ;
#219 = VECTOR ( 'NONE', #227, 100.0000000000000000 ) ;
#220 = SURFACE_STYLE_USAGE ( .BOTH. , #1465 ) ;
#221 =( NAMED_UNIT ( * ) SI_UNIT ( $, .STERADIAN. ) SOLID_ANGLE_UNIT ( ) );
#222 = CARTESIAN_POINT ( 'NONE',  ( 0.01308578643762690549, 0.07749999999999999944, -0.1495857864376269053 ) ) ;
#223 = AXIS2_PLACEMENT_3D ( 'NONE', #2821, #898, #3443 ) ;
#224 = FACE_OUTER_BOUND ( 'NONE', #3904, .T. ) ;
#225 = FILL_AREA_STYLE_COLOUR ( '', #796 ) ;
#226 = VERTEX_POINT ( 'NONE', #2602 ) ;
#227 = DIRECTION ( 'NONE',  ( -0.0000000000000000000, 0.06104853953485710888, -0.9981347984218669200 ) ) ;
#228 = CONTEXT_DEPENDENT_SHAPE_REPRESENTATION ( #1128, #3681 ) ;
#229 = PRESENTATION_STYLE_ASSIGNMENT (( #249 ) ) ;
#230 = FILL_AREA_STYLE_COLOUR ( '', #87 ) ;
#231 = APPLICATION_PROTOCOL_DEFINITION ( 'draft international standard', 'automotive_design', 1998, #3581 ) ;
#232 = ORIENTED_EDGE ( 'NONE', *, *, #2448, .F. ) ;
#233 = LINE ( 'NONE', #2054, #355 ) ;
#234 = DIRECTION ( 'NONE',  ( 0.0000000000000000000, 0.0000000000000000000, 1.000000000000000000 ) ) ;
#235 = EDGE_CURVE ( 'NONE', #23, #12, #3896, .T. ) ;
#236 = CARTESIAN_POINT ( 'NONE',  ( 0.01250000000000000069, 0.001063031307206666878, -0.0009999999999999924314 ) ) ;
#237 = EDGE_LOOP ( 'NONE', ( #3095, #2548, #2179, #1232 ) ) ;
#238 = CARTESIAN_POINT ( 'NONE',  ( 0.01349999999999999985, 0.07076165534555180214, -0.1490000000000001878 ) ) ;
#239 = COLOUR_RGB ( '',0.7529411764705882248, 0.7529411764705882248, 0.7529411764705882248 ) ;
#240 = LINE ( 'NONE', #3012, #3002 ) ;
#241 = PRESENTATION_LAYER_ASSIGNMENT (  '', '', ( #3850 ) ) ;
#242 = CARTESIAN_POINT ( 'NONE',  ( -0.4999999999999999445, 0.09749999999999990619, 0.4500000000000001221 ) ) ;
#243 = UNCERTAINTY_MEASURE_WITH_UNIT (LENGTH_MEASURE( 1.000000000000000082E-05 ), #3069, 'distance_accuracy_value', 'NONE');
#244 = EDGE_CURVE ( 'NONE', #2175, #2488, #3562, .T. ) ;
#245 = FILL_AREA_STYLE_COLOUR ( '', #732 ) ;
#246 = PRODUCT ( 'LQFP_PIN_2', 'LQFP_PIN_2', '', ( #3081 ) ) ;
#247 = CARTESIAN_POINT ( 'NONE',  ( -0.01250000000000000069, 0.01754181956520039359, -0.06374554973491940169 ) ) ;
#248 = PRESENTATION_STYLE_ASSIGNMENT (( #167 ) ) ;
#249 = SURFACE_STYLE_USAGE ( .BOTH. , #1437 ) ;
#250 = VECTOR ( 'NONE', #2923, 100.0000000000000000 ) ;
#251 = CARTESIAN_POINT ( 'NONE',  ( 0.4749999999999999778, 0.09749999999999990619, 0.4749999999999999778 ) ) ;
#252 = VECTOR ( 'NONE', #891, 100.0000000000000000 ) ;
#253 = SURFACE_SIDE_STYLE ('',( #1460 ) ) ;
#254 = ORIENTED_EDGE ( 'NONE', *, *, #2234, .F. ) ;
#255 = CARTESIAN_POINT ( 'NONE',  ( 0.01349999999999999985, 0.01942341823481138000, -0.0004142135623730033357 ) ) ;
#256 = CARTESIAN_POINT ( 'NONE',  ( -0.01349999999999999985, 0.02131852430926841832, -0.03732703487168929218 ) ) ;
#257 = AXIS2_PLACEMENT_3D ( 'NONE', #2260, #2584, #3878 ) ;
#258 = DIRECTION ( 'NONE',  ( 1.000000000000000000, 0.0000000000000000000, -3.491483361109380094E-15 ) ) ;
#259 = MECHANICAL_DESIGN_GEOMETRIC_PRESENTATION_REPRESENTATION (  '', ( #1051 ), #4070 ) ;
#260 =( LENGTH_UNIT ( ) NAMED_UNIT ( * ) SI_UNIT ( .CENTI., .METRE. ) );
#261 = ORIENTED_EDGE ( 'NONE', *, *, #973, .T. ) ;
#262 = CARTESIAN_POINT ( 'NONE',  ( 0.01250000000000000243, 0.002792561162511656737, -0.04565797141523438712 ) ) ;
#263 =( GEOMETRIC_REPRESENTATION_CONTEXT ( 3 ) GLOBAL_UNCERTAINTY_ASSIGNED_CONTEXT ( ( #3336 ) ) GLOBAL_UNIT_ASSIGNED_CONTEXT ( ( #640, #1893, #994 ) ) REPRESENTATION_CONTEXT ( 'NONE', 'WORKASPACE' ) );
#264 = LINE ( 'NONE', #1220, #3502 ) ;
#265 = ORIENTED_EDGE ( 'NONE', *, *, #295, .T. ) ;
#266 = SURFACE_SIDE_STYLE ('',( #554 ) ) ;
#267 = ADVANCED_FACE ( 'NONE', ( #2625 ), #482, .F. ) ;
#268 = EDGE_CURVE ( 'NONE', #2175, #1345, #3248, .T. ) ;
#269 = CARTESIAN_POINT ( 'NONE',  ( -0.01349999999999999811, 0.003737690562862713579, -0.05432571326721979954 ) ) ;
#270 = VECTOR ( 'NONE', #3929, 100.0000000000000000 ) ;
#271 = DIRECTION ( 'NONE',  ( -0.0000000000000000000, 0.0000000000000000000, 1.000000000000000000 ) ) ;
#272 = PRESENTATION_LAYER_ASSIGNMENT (  '', '', ( #3953 ) ) ;
#273 = DIRECTION ( 'NONE',  ( 3.279322939077849880E-32, 0.0000000000000000000, -1.000000000000000000 ) ) ;
#274 = COLOUR_RGB ( '',0.7529411764705882248, 0.7529411764705882248, 0.7529411764705882248 ) ;
#275 = CARTESIAN_POINT ( 'NONE',  ( -0.01349999999999999985, 0.01909666767421790146, -0.0009999999999999039605 ) ) ;
#276 = ORIENTED_EDGE ( 'NONE', *, *, #854, .T. ) ;
#277 = SURFACE_STYLE_FILL_AREA ( #1607 ) ;
#278 =( LENGTH_UNIT ( ) NAMED_UNIT ( * ) SI_UNIT ( .CENTI., .METRE. ) );
#279 = CARTESIAN_POINT ( 'NONE',  ( 0.5999999999999999778, 0.0000000000000000000, -0.02500000000000000139 ) ) ;
#280 =( GEOMETRIC_REPRESENTATION_CONTEXT ( 3 ) GLOBAL_UNCERTAINTY_ASSIGNED_CONTEXT ( ( #3626 ) ) GLOBAL_UNIT_ASSIGNED_CONTEXT ( ( #603, #959, #3464 ) ) REPRESENTATION_CONTEXT ( 'NONE', 'WORKASPACE' ) );
#281 = DIRECTION ( 'NONE',  ( -1.000000000000000000, -0.0000000000000000000, -0.0000000000000000000 ) ) ;
#282 = PRODUCT_DEFINITION_SHAPE ( 'NONE', 'NONE',  #4088 ) ;
#283 = ORIENTED_EDGE ( 'NONE', *, *, #3506, .F. ) ;
#284 = SURFACE_SIDE_STYLE ('',( #2238 ) ) ;
#285 = DIRECTION ( 'NONE',  ( -0.09621774059400685364, 0.9678757261790247313, 0.2322901742829644456 ) ) ;
#286 =( REPRESENTATION_RELATIONSHIP ('NONE','NONE', #661, #1064 ) REPRESENTATION_RELATIONSHIP_WITH_TRANSFORMATION ( #3701 )SHAPE_REPRESENTATION_RELATIONSHIP( ) );
#287 = UNCERTAINTY_MEASURE_WITH_UNIT (LENGTH_MEASURE( 1.000000000000000082E-05 ), #3043, 'distance_accuracy_value', 'NONE');
#288 = CARTESIAN_POINT ( 'NONE',  ( 0.4500000000000002331, 0.09749999999999989231, 0.5000000000000000000 ) ) ;
#289 = AXIS2_PLACEMENT_3D ( 'NONE', #1891, #3166, #850 ) ;
#290 = ORIENTED_EDGE ( 'NONE', *, *, #849, .T. ) ;
#291 = SURFACE_SIDE_STYLE ('',( #3843 ) ) ;
#292 = ADVANCED_BREP_SHAPE_REPRESENTATION ( '', ( #2243, #1549 ), #2221 ) ;
#293 = CARTESIAN_POINT ( 'NONE',  ( -0.01349999999999999811, 0.003206002133094529652, -0.04563268428219598161 ) ) ;
#294 = PRESENTATION_STYLE_ASSIGNMENT (( #2542 ) ) ;
#295 = EDGE_CURVE ( 'NONE', #1906, #900, #3639, .T. ) ;
#296 = FILL_AREA_STYLE ('',( #3798 ) ) ;
#297 = UNCERTAINTY_MEASURE_WITH_UNIT (LENGTH_MEASURE( 1.000000000000000082E-05 ), #3008, 'distance_accuracy_value', 'NONE');
#298 = DIRECTION ( 'NONE',  ( 0.0000000000000000000, -1.000000000000000000, 0.0000000000000000000 ) ) ;
#299 = ORIENTED_EDGE ( 'NONE', *, *, #1414, .F. ) ;
#300 = FILL_AREA_STYLE_COLOUR ( '', #201 ) ;
#301 = DIRECTION ( 'NONE',  ( 1.000000000000000000, 0.0000000000000000000, 0.0000000000000000000 ) ) ;
#302 = CARTESIAN_POINT ( 'NONE',  ( 0.3750000000000000000, 0.0000000000000000000, 0.5999999999999999778 ) ) ;
#303 = ORIENTED_EDGE ( 'NONE', *, *, #1822, .F. ) ;
#304 = ORIENTED_EDGE ( 'NONE', *, *, #3551, .F. ) ;
#305 = DIRECTION ( 'NONE',  ( 7.893034146598111246E-32, 0.9654274555191101337, -0.2606718782874300477 ) ) ;
#306 = CARTESIAN_POINT ( 'NONE',  ( 0.5999999999999999778, 0.0000000000000000000, -0.3250000000000000111 ) ) ;
#307 = CARTESIAN_POINT ( 'NONE',  ( -0.01308578643762693325, 0.02258812557724539441, -0.04170442387598637113 ) ) ;
#308 = ORIENTED_EDGE ( 'NONE', *, *, #2457, .F. ) ;
#309 =( NAMED_UNIT ( * ) SI_UNIT ( $, .STERADIAN. ) SOLID_ANGLE_UNIT ( ) );
#310 =( REPRESENTATION_RELATIONSHIP ('NONE','NONE', #661, #1064 ) REPRESENTATION_RELATIONSHIP_WITH_TRANSFORMATION ( #1230 )SHAPE_REPRESENTATION_RELATIONSHIP( ) );
#311 = PRODUCT_DEFINITION_SHAPE ( 'NONE', 'NONE',  #4125 ) ;
#312 = DIRECTION ( 'NONE',  ( 3.279322939077849880E-32, -0.0000000000000000000, -1.000000000000000000 ) ) ;
#313 = SURFACE_SIDE_STYLE ('',( #1297 ) ) ;
#314 = SURFACE_STYLE_USAGE ( .BOTH. , #3147 ) ;
#315 = CARTESIAN_POINT ( 'NONE',  ( 0.01349999999999999985, 0.07791421356237308860, -0.08759269909673478294 ) ) ;
#316 = CARTESIAN_POINT ( 'NONE',  ( -0.3499999999999999778, 0.1499999999999999944, 0.2999999999999999889 ) ) ;
#317 = SHAPE_DEFINITION_REPRESENTATION ( #509, #1064 ) ;
#318 = AXIS2_PLACEMENT_3D ( 'NONE', #3944, #1319, #1004 ) ;
#319 = COLOUR_RGB ( '',0.1254901960784313708, 0.1254901960784313708, 0.1254901960784313708 ) ;
#320 = ORIENTED_EDGE ( 'NONE', *, *, #3996, .T. ) ;
#321 = CARTESIAN_POINT ( 'NONE',  ( 0.01349999999999999985, 0.01966141385754046830, -0.0006380974885712549722 ) ) ;
#322 = ADVANCED_FACE ( 'NONE', ( #1137 ), #871, .F. ) ;
#323 = EDGE_CURVE ( 'NONE', #78, #226, #969, .T. ) ;
#324 = CARTESIAN_POINT ( 'NONE',  ( 0.5999999999999999778, 0.0000000000000000000, 0.1749999999999999889 ) ) ;
#325 = SURFACE_SIDE_STYLE ('',( #3549 ) ) ;
#326 = ORIENTED_EDGE ( 'NONE', *, *, #2725, .T. ) ;
#327 = DIRECTION ( 'NONE',  ( 0.0000000000000000000, 0.0000000000000000000, -1.000000000000000000 ) ) ;
#328 = AXIS2_PLACEMENT_3D ( 'NONE', #2806, #1269, #3516 ) ;
#329 = PRESENTATION_LAYER_ASSIGNMENT (  '', '', ( #2055 ) ) ;
#330 = FILL_AREA_STYLE_COLOUR ( '', #936 ) ;
#331 = UNCERTAINTY_MEASURE_WITH_UNIT (LENGTH_MEASURE( 1.000000000000000082E-05 ), #2254, 'distance_accuracy_value', 'NONE');
#332 = VECTOR ( 'NONE', #281, 100.0000000000000000 ) ;
#333 = PRESENTATION_LAYER_ASSIGNMENT (  '', '', ( #1669 ) ) ;
#334 = CARTESIAN_POINT ( 'NONE',  ( 0.4749999999999999778, 0.09749999999999990619, -0.4749999999999999778 ) ) ;
#335 = FILL_AREA_STYLE_COLOUR ( '', #1999 ) ;
#336 = VERTEX_POINT ( 'NONE', #1276 ) ;
#337 = DIRECTION ( 'NONE',  ( -1.000000000000000000, 0.0000000000000000000, 0.0000000000000000000 ) ) ;
#338 = STYLED_ITEM ( 'NONE', ( #2950 ), #955 ) ;
#339 = LINE ( 'NONE', #3481, #252 ) ;
#340 =( GEOMETRIC_REPRESENTATION_CONTEXT ( 3 ) GLOBAL_UNCERTAINTY_ASSIGNED_CONTEXT ( ( #3705 ) ) GLOBAL_UNIT_ASSIGNED_CONTEXT ( ( #1133, #1194, #2473 ) ) REPRESENTATION_CONTEXT ( 'NONE', 'WORKASPACE' ) );
#341 = FILL_AREA_STYLE ('',( #3193 ) ) ;
#342 = SURFACE_SIDE_STYLE ('',( #1873 ) ) ;
#343 = AXIS2_PLACEMENT_3D ( 'NONE', #2176, #613, #2847 ) ;
#344 = UNCERTAINTY_MEASURE_WITH_UNIT (LENGTH_MEASURE( 1.000000000000000082E-05 ), #3864, 'distance_accuracy_value', 'NONE');
#345 =( NAMED_UNIT ( * ) SI_UNIT ( $, .STERADIAN. ) SOLID_ANGLE_UNIT ( ) );
#346 = ORIENTED_EDGE ( 'NONE', *, *, #1291, .T. ) ;
#347 = CARTESIAN_POINT ( 'NONE',  ( 0.01349999999999999985, 0.09649999999999998856, -0.1489999999999999936 ) ) ;
#348 = DIRECTION ( 'NONE',  ( -3.491483361109380094E-15, 0.0000000000000000000, -1.000000000000000000 ) ) ;
#349 = MECHANICAL_DESIGN_GEOMETRIC_PRESENTATION_REPRESENTATION (  '', ( #2722 ), #2599 ) ;
#350 = PRESENTATION_STYLE_ASSIGNMENT (( #3022 ) ) ;
#351 = EDGE_CURVE ( 'NONE', #838, #3007, #339, .T. ) ;
#352 = ORIENTED_EDGE ( 'NONE', *, *, #3782, .T. ) ;
#353 = PRODUCT_DEFINITION_SHAPE ( 'NONE', 'NONE',  #4121 ) ;
#354 = FILL_AREA_STYLE_COLOUR ( '', #1036 ) ;
#355 = VECTOR ( 'NONE', #3632, 100.0000000000000000 ) ;
#356 = LINE ( 'NONE', #2874, #1275 ) ;
#357 = MECHANICAL_DESIGN_GEOMETRIC_PRESENTATION_REPRESENTATION (  '', ( #2543 ), #2567 ) ;
#358 = FILL_AREA_STYLE ('',( #930 ) ) ;
#359 = DIRECTION ( 'NONE',  ( -1.000000000000000000, -0.0000000000000000000, -0.0000000000000000000 ) ) ;
#360 =( NAMED_UNIT ( * ) SI_UNIT ( $, .STERADIAN. ) SOLID_ANGLE_UNIT ( ) );
#361 = VERTEX_POINT ( 'NONE', #3436 ) ;
#362 = CARTESIAN_POINT ( 'NONE',  ( -0.5000000000000000000, 0.08749999999999991118, -0.5000000000000000000 ) ) ;
#363 = MECHANICAL_DESIGN_GEOMETRIC_PRESENTATION_REPRESENTATION (  '', ( #612 ), #3742 ) ;
#364 = ITEM_DEFINED_TRANSFORMATION ( 'NONE', 'NONE', #3636,  #1549 ) ;
#365 = FILL_AREA_STYLE ('',( #578 ) ) ;
#366 = CARTESIAN_POINT ( 'NONE',  ( 0.01350000000000000158, 0.07849999999999998646, -0.08242397711235843749 ) ) ;
#367 = ORIENTED_EDGE ( 'NONE', *, *, #2841, .T. ) ;
#368 = DIRECTION ( 'NONE',  ( 0.0000000000000000000, 1.000000000000000000, 0.0000000000000000000 ) ) ;
#369 = LINE ( 'NONE', #1641, #426 ) ;
#370 = CARTESIAN_POINT ( 'NONE',  ( 0.1250000000000000000, 0.0000000000000000000, -0.5999999999999999778 ) ) ;
#371 =( NAMED_UNIT ( * ) PLANE_ANGLE_UNIT ( ) SI_UNIT ( $, .RADIAN. ) );
#372 =( LENGTH_UNIT ( ) NAMED_UNIT ( * ) SI_UNIT ( .CENTI., .METRE. ) );
#373 = CARTESIAN_POINT ( 'NONE',  ( 0.01350000000000001719, 0.09149033517301151386, -0.06342497880460019888 ) ) ;
#374 = EDGE_LOOP ( 'NONE', ( #2321, #454, #2864, #762 ) ) ;
#375 = EDGE_CURVE ( 'NONE', #553, #838, #620, .T. ) ;
#376 = UNCERTAINTY_MEASURE_WITH_UNIT (LENGTH_MEASURE( 1.000000000000000082E-05 ), #402, 'distance_accuracy_value', 'NONE');
#377 = DIRECTION ( 'NONE',  ( 3.718265416196989948E-32, 0.06104853953485690071, -0.9981347984218670311 ) ) ;
#378 = FACE_OUTER_BOUND ( 'NONE', #832, .T. ) ;
#379 = ORIENTED_EDGE ( 'NONE', *, *, #3500, .F. ) ;
#380 = CARTESIAN_POINT ( 'NONE',  ( -0.01349999999999999985, 0.009645797582824400945, -0.06057776031308204079 ) ) ;
#381 = EDGE_CURVE ( 'NONE', #3224, #845, #2541, .T. ) ;
#382 = CONTEXT_DEPENDENT_SHAPE_REPRESENTATION ( #430, #1412 ) ;
#383 = DIRECTION ( 'NONE',  ( 7.290249346361470286E-32, 1.000000000000000000, 6.938893903907229955E-15 ) ) ;
#384 =( LENGTH_UNIT ( ) NAMED_UNIT ( * ) SI_UNIT ( .CENTI., .METRE. ) );
#385 =( BOUNDED_SURFACE ( )  B_SPLINE_SURFACE ( 3, 3, ( 
 ( #3425, #3177, #560, #1211 ),
 ( #3107, #321, #255, #1522 ),
 ( #1591, #1281, #13, #2796 ),
 ( #2762, #3777, #3755, #896 ) ),
 .UNSPECIFIED., .F., .F., .F. ) 
 B_SPLINE_SURFACE_WITH_KNOTS ( ( 4, 4 ),
 ( 4, 4 ),
 ( 0.0000000000000000000, 1.000000000000000000 ),
 ( 0.0000000000000000000, 1.000000000000000000 ),
 .UNSPECIFIED. ) 
 GEOMETRIC_REPRESENTATION_ITEM ( )  RATIONAL_B_SPLINE_SURFACE ( (
 ( 1.000000000000000000, 0.8189139799216006432, 0.8189139799216006432, 1.000000000000000000),
 ( 0.8047378541243649375, 0.6590110789145521286, 0.6590110789145521286, 0.8047378541243649375),
 ( 0.8047378541243649375, 0.6590110789145521286, 0.6590110789145521286, 0.8047378541243649375),
 ( 1.000000000000000000, 0.8189139799216006432, 0.8189139799216006432, 1.000000000000000000) ) ) 
 REPRESENTATION_ITEM ( '' )  SURFACE ( )  );
#386 = CONTEXT_DEPENDENT_SHAPE_REPRESENTATION ( #3313, #644 ) ;
#387 = PRESENTATION_STYLE_ASSIGNMENT (( #2044 ) ) ;
#388 = PRESENTATION_STYLE_ASSIGNMENT (( #2278 ) ) ;
#389 = DIRECTION ( 'NONE',  ( -3.491483361109380094E-15, 0.0000000000000000000, -1.000000000000000000 ) ) ;
#390 = AXIS2_PLACEMENT_3D ( 'NONE', #2069, #2125, #3644 ) ;
#391 = PLANE ( 'NONE',  #1789 ) ;
#392 = EDGE_LOOP ( 'NONE', ( #1347, #3513, #1504, #2801 ) ) ;
#393 = CARTESIAN_POINT ( 'NONE',  ( 0.01308578643762692978, 0.02231665910769031758, -0.03726598633215438133 ) ) ;
#394 = ORIENTED_EDGE ( 'NONE', *, *, #2704, .F. ) ;
#395 = PRESENTATION_STYLE_ASSIGNMENT (( #1665 ) ) ;
#396 = DIRECTION ( 'NONE',  ( -1.000000000000000000, -0.0000000000000000000, -0.0000000000000000000 ) ) ;
#397 =( REPRESENTATION_RELATIONSHIP ('NONE','NONE', #661, #1064 ) REPRESENTATION_RELATIONSHIP_WITH_TRANSFORMATION ( #976 )SHAPE_REPRESENTATION_RELATIONSHIP( ) );
#398 = FILL_AREA_STYLE ('',( #423 ) ) ;
#399 = MECHANICAL_DESIGN_GEOMETRIC_PRESENTATION_REPRESENTATION (  '', ( #915 ), #1585 ) ;
#400 = EDGE_LOOP ( 'NONE', ( #2019, #572, #657 ) ) ;
#401 = ITEM_DEFINED_TRANSFORMATION ( 'NONE', 'NONE', #908,  #1549 ) ;
#402 =( LENGTH_UNIT ( ) NAMED_UNIT ( * ) SI_UNIT ( .CENTI., .METRE. ) );
#403 = PRESENTATION_STYLE_ASSIGNMENT (( #3247 ) ) ;
#404 = AXIS2_PLACEMENT_3D ( 'NONE', #3661, #3061, #1494 ) ;
#405 = ADVANCED_FACE ( 'NONE', ( #1892 ), #3060, .T. ) ;
#406 =( GEOMETRIC_REPRESENTATION_CONTEXT ( 3 ) GLOBAL_UNCERTAINTY_ASSIGNED_CONTEXT ( ( #949 ) ) GLOBAL_UNIT_ASSIGNED_CONTEXT ( ( #70, #1420, #2689 ) ) REPRESENTATION_CONTEXT ( 'NONE', 'WORKASPACE' ) );
#407 = ADVANCED_FACE ( 'NONE', ( #2039 ), #3245, .T. ) ;
#408 = SURFACE_SIDE_STYLE ('',( #65 ) ) ;
#409 = CARTESIAN_POINT ( 'NONE',  ( 0.01349999999999999985, 0.07850000000000000033, -0.08759269909673479682 ) ) ;
#410 = MECHANICAL_DESIGN_GEOMETRIC_PRESENTATION_REPRESENTATION (  '', ( #659 ), #1736 ) ;
#411 = STYLED_ITEM ( 'NONE', ( #2182 ), #897 ) ;
#412 =( LENGTH_UNIT ( ) NAMED_UNIT ( * ) SI_UNIT ( .CENTI., .METRE. ) );
#413 = CARTESIAN_POINT ( 'NONE',  ( -0.01308578643762690549, 0.09649999999999998856, -0.1499999999999999944 ) ) ;
#414 = ORIENTED_EDGE ( 'NONE', *, *, #1508, .F. ) ;
#415 = FILL_AREA_STYLE ('',( #2317 ) ) ;
#416 = DIRECTION ( 'NONE',  ( 3.231085104332679983E-15, 0.0000000000000000000, -1.000000000000000000 ) ) ;
#417 = PRESENTATION_LAYER_ASSIGNMENT (  '', '', ( #3133 ) ) ;
#418 = LINE ( 'NONE', #3631, #2253 ) ;
#419 = FACE_OUTER_BOUND ( 'NONE', #2255, .T. ) ;
#420 = CARTESIAN_POINT ( 'NONE',  ( -0.01250000000000000069, 0.02231665910769032105, -0.03726598633215440215 ) ) ;
#421 = VECTOR ( 'NONE', #700, 100.0000000000000000 ) ;
#422 = PRESENTATION_LAYER_ASSIGNMENT (  '', '', ( #3806 ) ) ;
#423 = FILL_AREA_STYLE_COLOUR ( '', #1257 ) ;
#424 = ORIENTED_EDGE ( 'NONE', *, *, #1147, .F. ) ;
#425 = VECTOR ( 'NONE', #1348, 100.0000000000000000 ) ;
#426 = VECTOR ( 'NONE', #685, 100.0000000000000000 ) ;
#427 = CARTESIAN_POINT ( 'NONE',  ( 0.0000000000000000000, 0.01499999999999999944, -0.5000000000000000000 ) ) ;
#428 =( GEOMETRIC_REPRESENTATION_CONTEXT ( 3 ) GLOBAL_UNCERTAINTY_ASSIGNED_CONTEXT ( ( #1116 ) ) GLOBAL_UNIT_ASSIGNED_CONTEXT ( ( #1273, #2161, #576 ) ) REPRESENTATION_CONTEXT ( 'NONE', 'WORKASPACE' ) );
#429 = ADVANCED_FACE ( 'NONE', ( #1859 ), #1658, .T. ) ;
#430 =( REPRESENTATION_RELATIONSHIP ('NONE','NONE', #661, #1064 ) REPRESENTATION_RELATIONSHIP_WITH_TRANSFORMATION ( #2596 )SHAPE_REPRESENTATION_RELATIONSHIP( ) );
#431 = PRESENTATION_STYLE_ASSIGNMENT (( #467 ) ) ;
#432 = AXIS2_PLACEMENT_3D ( 'NONE', #962, #258, #1524 ) ;
#433 = CARTESIAN_POINT ( 'NONE',  ( -0.3499999999999999778, 0.1499999999999999944, 0.3499999999999999778 ) ) ;
#434 = DIRECTION ( 'NONE',  ( -1.836909530733570078E-16, 0.0000000000000000000, 1.000000000000000000 ) ) ;
#435 = VERTEX_POINT ( 'NONE', #495 ) ;
#436 = CARTESIAN_POINT ( 'NONE',  ( 0.01349999999999999985, 0.01780249144348778831, -0.06278012227940034384 ) ) ;
#437 = CARTESIAN_POINT ( 'NONE',  ( -0.01349999999999999985, 0.01780249144348780219, -0.06278012227940030221 ) ) ;
#438 = CARTESIAN_POINT ( 'NONE',  ( -0.01349999999999999985, 0.07850000000000000033, -0.08759269909673479682 ) ) ;
#439 = SURFACE_STYLE_FILL_AREA ( #3621 ) ;
#440 = EDGE_LOOP ( 'NONE', ( #3575, #2824, #3057, #3238 ) ) ;
#441 = SURFACE_SIDE_STYLE ('',( #3246 ) ) ;
#442 = DIRECTION ( 'NONE',  ( 0.0000000000000000000, -0.9981347984218671421, -0.06104853953485449986 ) ) ;
#443 = DIRECTION ( 'NONE',  ( 3.718265416196989948E-32, 0.06104853953485710194, -0.9981347984218670311 ) ) ;
#444 = CONTEXT_DEPENDENT_SHAPE_REPRESENTATION ( #3654, #1578 ) ;
#445 = CARTESIAN_POINT ( 'NONE',  ( 0.01250000000000000069, 0.0004484671632495841804, 8.320174765267641148E-18 ) ) ;
#446 = CARTESIAN_POINT ( 'NONE',  ( 0.01250000000000000243, 0.001063031307206660590, 5.452321347860242066E-18 ) ) ;
#447 = FACE_OUTER_BOUND ( 'NONE', #3918, .T. ) ;
#448 = ORIENTED_EDGE ( 'NONE', *, *, #563, .T. ) ;
#449 = CARTESIAN_POINT ( 'NONE',  ( -0.01250000000000000069, 0.07749999999999998557, -0.08759269909673479682 ) ) ;
#450 = DIRECTION ( 'NONE',  ( 3.231085104332679983E-15, 0.0000000000000000000, -1.000000000000000000 ) ) ;
#451 = VERTEX_POINT ( 'NONE', #1766 ) ;
#452 = CARTESIAN_POINT ( 'NONE',  ( 0.01308578643762691590, 0.09750000000000001721, -0.07993465998166696118 ) ) ;
#453 = ADVANCED_FACE ( 'NONE', ( #784 ), #3029, .T. ) ;
#454 = ORIENTED_EDGE ( 'NONE', *, *, #235, .T. ) ;
#455 = ADVANCED_FACE ( 'NONE', ( #2281 ), #1949, .T. ) ;
#456 = EDGE_CURVE ( 'NONE', #783, #504, #529, .T. ) ;
#457 = DIRECTION ( 'NONE',  ( 0.0000000000000000000, -1.000000000000000000, 0.0000000000000000000 ) ) ;
#458 = FILL_AREA_STYLE ('',( #2267 ) ) ;
#459 = COLOUR_RGB ( '',0.7529411764705882248, 0.7529411764705882248, 0.7529411764705882248 ) ;
#460 = EDGE_LOOP ( 'NONE', ( #3837, #3189, #605, #722 ) ) ;
#461 = CARTESIAN_POINT ( 'NONE',  ( -0.01349999999999999811, 0.0004783374793676655823, -0.001035761406496437049 ) ) ;
#462 = CYLINDRICAL_SURFACE ( 'NONE', #2716, 0.0009999999999999995871 ) ;
#463 = AXIS2_PLACEMENT_3D ( 'NONE', #2962, #1646, #697 ) ;
#464 = COLOUR_RGB ( '',0.7529411764705882248, 0.7529411764705882248, 0.7529411764705882248 ) ;
#465 = DIRECTION ( 'NONE',  ( -0.7071067811865476838, 0.0000000000000000000, 0.7071067811865474617 ) ) ;
#466 = AXIS2_PLACEMENT_3D ( 'NONE', #2026, #2364, #2343 ) ;
#467 = SURFACE_STYLE_USAGE ( .BOTH. , #3254 ) ;
#468 = FACE_OUTER_BOUND ( 'NONE', #1067, .T. ) ;
#469 = DIRECTION ( 'NONE',  ( -1.836909530733570078E-16, 0.0000000000000000000, 1.000000000000000000 ) ) ;
#470 = LINE ( 'NONE', #1686, #3047 ) ;
#471 = COLOUR_RGB ( '',0.7529411764705882248, 0.7529411764705882248, 0.7529411764705882248 ) ;
#472 = ORIENTED_EDGE ( 'NONE', *, *, #1264, .T. ) ;
#473 = SURFACE_SIDE_STYLE ('',( #4023 ) ) ;
#474 = PRESENTATION_LAYER_ASSIGNMENT (  '', '', ( #2269 ) ) ;
#475 = EDGE_CURVE ( 'NONE', #1664, #4042, #2184, .T. ) ;
#476 = LINE ( 'NONE', #2374, #3711 ) ;
#477 = STYLED_ITEM ( 'NONE', ( #1713 ), #2869 ) ;
#478 = ORIENTED_EDGE ( 'NONE', *, *, #1699, .F. ) ;
#479 = CARTESIAN_POINT ( 'NONE',  ( 0.01250000000000000243, 0.03229800709190899788, -0.03665550093680580018 ) ) ;
#480 =( GEOMETRIC_REPRESENTATION_CONTEXT ( 3 ) GLOBAL_UNCERTAINTY_ASSIGNED_CONTEXT ( ( #212 ) ) GLOBAL_UNIT_ASSIGNED_CONTEXT ( ( #3268, #1014, #3289 ) ) REPRESENTATION_CONTEXT ( 'NONE', 'WORKASPACE' ) );
#481 = DIRECTION ( 'NONE',  ( 7.893034146598111246E-32, 0.9654274555191101337, -0.2606718782874300477 ) ) ;
#482 = PLANE ( 'NONE',  #3994 ) ;
#483 = LINE ( 'NONE', #770, #922 ) ;
#484 = DIRECTION ( 'NONE',  ( 0.9723873019805177043, 0.2333729524753232198, 0.0000000000000000000 ) ) ;
#485 = COLOUR_RGB ( '',0.1254901960784313708, 0.1254901960784313708, 0.1254901960784313708 ) ;
#486 = DIRECTION ( 'NONE',  ( -1.836909530733570078E-16, 0.0000000000000000000, 1.000000000000000000 ) ) ;
#487 =( NAMED_UNIT ( * ) PLANE_ANGLE_UNIT ( ) SI_UNIT ( $, .RADIAN. ) );
#488 = STYLED_ITEM ( 'NONE', ( #141 ), #2877 ) ;
#489 = ORIENTED_EDGE ( 'NONE', *, *, #696, .T. ) ;
#490 = SURFACE_STYLE_USAGE ( .BOTH. , #839 ) ;
#491 =( NAMED_UNIT ( * ) SI_UNIT ( $, .STERADIAN. ) SOLID_ANGLE_UNIT ( ) );
#492 = DIRECTION ( 'NONE',  ( 1.000000000000000000, 0.0000000000000000000, 0.0000000000000000000 ) ) ;
#493 = SURFACE_STYLE_USAGE ( .BOTH. , #528 ) ;
#494 = CARTESIAN_POINT ( 'NONE',  ( -0.01349999999999999985, 0.07849999999999998646, -0.1489999999999999936 ) ) ;
#495 = CARTESIAN_POINT ( 'NONE',  ( 0.4500000000000000666, 0.07750000000000006883, 0.5000000000000001110 ) ) ;
#496 = CARTESIAN_POINT ( 'NONE',  ( -0.01250000000000000069, 0.09750000000000000333, -0.08953728511987109340 ) ) ;
#497 = DIRECTION ( 'NONE',  ( 7.290249346361470286E-32, 1.000000000000000000, 4.760081218080360245E-15 ) ) ;
#498 =( REPRESENTATION_RELATIONSHIP ('NONE','NONE', #661, #1064 ) REPRESENTATION_RELATIONSHIP_WITH_TRANSFORMATION ( #2042 )SHAPE_REPRESENTATION_RELATIONSHIP( ) );
#499 = ADVANCED_FACE ( 'NONE', ( #3490 ), #631, .T. ) ;
#500 = EDGE_CURVE ( 'NONE', #1382, #3810, #2348, .T. ) ;
#501 = CYLINDRICAL_SURFACE ( 'NONE', #586, 0.0009999999999999982861 ) ;
#502 = DIRECTION ( 'NONE',  ( -1.000000000000000000, 0.0000000000000000000, -1.836909530733570078E-16 ) ) ;
#503 = UNCERTAINTY_MEASURE_WITH_UNIT (LENGTH_MEASURE( 1.000000000000000082E-05 ), #1867, 'distance_accuracy_value', 'NONE');
#504 = VERTEX_POINT ( 'NONE', #869 ) ;
#505 = PRESENTATION_STYLE_ASSIGNMENT (( #490 ) ) ;
#506 =( BOUNDED_SURFACE ( )  B_SPLINE_SURFACE ( 3, 3, ( 
 ( #535, #935, #1174, #247 ),
 ( #2853, #2494, #3078, #2116 ),
 ( #293, #269, #2812, #3098 ),
 ( #3434, #1565, #1226, #2784 ) ),
 .UNSPECIFIED., .F., .F., .F. ) 
 B_SPLINE_SURFACE_WITH_KNOTS ( ( 4, 4 ),
 ( 4, 4 ),
 ( 0.0000000000000000000, 1.000000000000000000 ),
 ( 0.0000000000000000000, 1.000000000000000000 ),
 .UNSPECIFIED. ) 
 GEOMETRIC_REPRESENTATION_ITEM ( )  RATIONAL_B_SPLINE_SURFACE ( (
 ( 1.000000000000000000, 0.8747560699726376621, 0.8747560699726376621, 1.000000000000000000),
 ( 0.8047378541243657146, 0.7039493226320439057, 0.7039493226320439057, 0.8047378541243657146),
 ( 0.8047378541243657146, 0.7039493226320439057, 0.7039493226320439057, 0.8047378541243657146),
 ( 1.000000000000000000, 0.8747560699726376621, 0.8747560699726376621, 1.000000000000000000) ) ) 
 REPRESENTATION_ITEM ( '' )  SURFACE ( )  );
#507 = DIRECTION ( 'NONE',  ( 0.0000000000000000000, 0.0000000000000000000, 1.000000000000000000 ) ) ;
#508 = DIRECTION ( 'NONE',  ( -1.000000000000000000, -0.0000000000000000000, -0.0000000000000000000 ) ) ;
#509 = PRODUCT_DEFINITION_SHAPE ( 'NONE', 'NONE',  #3925 ) ;
#510 = CARTESIAN_POINT ( 'NONE',  ( -0.01250000000000000069, 0.07849999999999998646, -0.1499999999999999944 ) ) ;
#511 = CARTESIAN_POINT ( 'NONE',  ( -0.4999999999999999445, 0.07749999999999991618, -0.5000000000000000000 ) ) ;
#512 = PRESENTATION_LAYER_ASSIGNMENT (  '', '', ( #1778 ) ) ;
#513 = FILL_AREA_STYLE ('',( #3718 ) ) ;
#514 =( NAMED_UNIT ( * ) PLANE_ANGLE_UNIT ( ) SI_UNIT ( $, .RADIAN. ) );
#515 = CONTEXT_DEPENDENT_SHAPE_REPRESENTATION ( #77, #3975 ) ;
#516 = CARTESIAN_POINT ( 'NONE',  ( 0.01250000000000000243, 0.001063031307206659939, -0.0009999999999999959008 ) ) ;
#517 = EDGE_CURVE ( 'NONE', #504, #451, #2049, .T. ) ;
#518 =( REPRESENTATION_RELATIONSHIP ('NONE','NONE', #661, #1064 ) REPRESENTATION_RELATIONSHIP_WITH_TRANSFORMATION ( #1299 )SHAPE_REPRESENTATION_RELATIONSHIP( ) );
#519 = DIRECTION ( 'NONE',  ( -7.893034146598111246E-32, -0.9654274555191101337, 0.2606718782874300477 ) ) ;
#520 = MECHANICAL_DESIGN_GEOMETRIC_PRESENTATION_REPRESENTATION (  '', ( #3582 ), #3999 ) ;
#521 = DIRECTION ( 'NONE',  ( -1.000000000000000000, 0.0000000000000000000, -1.836909530733570078E-16 ) ) ;
#522 = CIRCLE ( 'NONE', #2858, 0.001000000000000002623 ) ;
#523 = COLOUR_RGB ( '',0.7529411764705882248, 0.7529411764705882248, 0.7529411764705882248 ) ;
#524 = FILL_AREA_STYLE_COLOUR ( '', #1109 ) ;
#525 = MECHANICAL_DESIGN_GEOMETRIC_PRESENTATION_REPRESENTATION (  '', ( #792 ), #263 ) ;
#526 = MECHANICAL_DESIGN_GEOMETRIC_PRESENTATION_REPRESENTATION (  '', ( #1793 ), #662 ) ;
#527 =( GEOMETRIC_REPRESENTATION_CONTEXT ( 3 ) GLOBAL_UNCERTAINTY_ASSIGNED_CONTEXT ( ( #38 ) ) GLOBAL_UNIT_ASSIGNED_CONTEXT ( ( #4032, #1432, #2413 ) ) REPRESENTATION_CONTEXT ( 'NONE', 'WORKASPACE' ) );
#528 = SURFACE_SIDE_STYLE ('',( #2441 ) ) ;
#529 =( BOUNDED_CURVE ( )  B_SPLINE_CURVE ( 3, ( #1197, #1029, #2634, #2539 ),
 .UNSPECIFIED., .F., .T. ) 
 B_SPLINE_CURVE_WITH_KNOTS ( ( 4, 4 ),
 ( 0.0000000000000000000, 1.000000000000000000 ),
 .UNSPECIFIED. ) 
 CURVE ( )  GEOMETRIC_REPRESENTATION_ITEM ( )  RATIONAL_B_SPLINE_CURVE ( ( 1.000000000000000000, 0.8747560699726388833, 0.8747560699726388833, 1.000000000000000000 ) ) 
 REPRESENTATION_ITEM ( '' )  );
#530 = CARTESIAN_POINT ( 'NONE',  ( -0.01308578643762690723, 0.07749999999999999944, -0.1495857864376268775 ) ) ;
#531 = CARTESIAN_POINT ( 'NONE',  ( 0.01250000000000000069, 0.07749999999999998557, -0.1495857864376269053 ) ) ;
#532 = PRESENTATION_STYLE_ASSIGNMENT (( #3448 ) ) ;
#533 = CARTESIAN_POINT ( 'NONE',  ( -0.01250000000000000069, 0.002792561162511655436, -0.04565797141523439406 ) ) ;
#534 = ORIENTED_EDGE ( 'NONE', *, *, #2687, .F. ) ;
#535 = CARTESIAN_POINT ( 'NONE',  ( -0.01250000000000000069, 0.002792561162511656304, -0.04565797141523438712 ) ) ;
#536 = VECTOR ( 'NONE', #3713, 100.0000000000000000 ) ;
#537 =( LENGTH_UNIT ( ) NAMED_UNIT ( * ) SI_UNIT ( .CENTI., .METRE. ) );
#538 = CARTESIAN_POINT ( 'NONE',  ( 0.01250000000000000243, 0.07850000000000000033, -0.1489999999999999936 ) ) ;
#539 = STYLED_ITEM ( 'NONE', ( #395 ), #3207 ) ;
#540 =( NAMED_UNIT ( * ) SI_UNIT ( $, .STERADIAN. ) SOLID_ANGLE_UNIT ( ) );
#541 = EDGE_CURVE ( 'NONE', #97, #3468, #470, .T. ) ;
#542 = SHAPE_DEFINITION_REPRESENTATION ( #2431, #661 ) ;
#543 = CARTESIAN_POINT ( 'NONE',  ( -0.01250000000000000069, 0.02009480247263976949, -0.0009389514604650424411 ) ) ;
#544 = EDGE_LOOP ( 'NONE', ( #1265, #1068, #2819, #1271 ) ) ;
#545 = SURFACE_SIDE_STYLE ('',( #277 ) ) ;
#546 = CARTESIAN_POINT ( 'NONE',  ( 0.01250000000000000069, 0.07036739066116171060, -0.07697299708602459156 ) ) ;
#547 = EDGE_CURVE ( 'NONE', #2488, #4021, #118, .T. ) ;
#548 =( NAMED_UNIT ( * ) PLANE_ANGLE_UNIT ( ) SI_UNIT ( $, .RADIAN. ) );
#549 = ORIENTED_EDGE ( 'NONE', *, *, #3649, .T. ) ;
#550 = DIRECTION ( 'NONE',  ( 0.0000000000000000000, -0.9981347984218666980, -0.06104853953485989138 ) ) ;
#551 = DIRECTION ( 'NONE',  ( 1.000000000000000000, 0.0000000000000000000, 0.0000000000000000000 ) ) ;
#552 = PRESENTATION_STYLE_ASSIGNMENT (( #3676 ) ) ;
#553 = VERTEX_POINT ( 'NONE', #2299 ) ;
#554 = SURFACE_STYLE_FILL_AREA ( #3122 ) ;
#555 = ITEM_DEFINED_TRANSFORMATION ( 'NONE', 'NONE', #3573,  #1549 ) ;
#556 = DIRECTION ( 'NONE',  ( 7.290249346361489992E-32, 1.000000000000000000, 0.0000000000000000000 ) ) ;
#557 = FACE_OUTER_BOUND ( 'NONE', #3497, .T. ) ;
#558 = SURFACE_SIDE_STYLE ('',( #1441 ) ) ;
#559 = CARTESIAN_POINT ( 'NONE',  ( -0.01308578643762690549, 0.01909666767421789452, 9.486769009248163798E-17 ) ) ;
#560 = CARTESIAN_POINT ( 'NONE',  ( 0.01349999999999999985, 0.01909666767421790839, -0.0009999999999999104657 ) ) ;
#561 = DIRECTION ( 'NONE',  ( 0.2333729524753232198, -0.9723873019805177043, 0.0000000000000000000 ) ) ;
#562 = DIRECTION ( 'NONE',  ( 0.0000000000000000000, 0.0000000000000000000, 1.000000000000000000 ) ) ;
#563 = EDGE_CURVE ( 'NONE', #41, #1153, #418, .T. ) ;
#564 = CARTESIAN_POINT ( 'NONE',  ( 0.01250000000000000069, 0.01909666767421789799, 9.136003030316655667E-17 ) ) ;
#565 = ADVANCED_FACE ( 'NONE', ( #3567 ), #1225, .T. ) ;
#566 = ORIENTED_EDGE ( 'NONE', *, *, #3303, .F. ) ;
#567 = CARTESIAN_POINT ( 'NONE',  ( 0.01308578643762690549, 0.07849999999999998646, -0.1499999999999999944 ) ) ;
#568 = CLOSED_SHELL ( 'NONE', ( #267, #1844, #2250, #3980, #1952, #594, #929, #3751, #2894, #407, #4028, #1385, #2664, #877, #565, #3529, #2869, #3207, #667, #4026, #2383, #22, #1097, #897, #2781, #1630, #429, #3016, #3200, #955, #499, #113, #1313, #69, #773, #826, #42, #3014, #1081, #1975, #1868, #2558, #455, #2053, #2172, #1562, #2751, #405, #3088, #165 ) ) ;
#569 = DIRECTION ( 'NONE',  ( -0.0000000000000000000, 0.0000000000000000000, 1.000000000000000000 ) ) ;
#570 = FACE_OUTER_BOUND ( 'NONE', #3185, .T. ) ;
#571 = DIRECTION ( 'NONE',  ( -1.000000000000000000, -1.231653667943530079E-16, -0.0000000000000000000 ) ) ;
#572 = ORIENTED_EDGE ( 'NONE', *, *, #3782, .F. ) ;
#573 = CARTESIAN_POINT ( 'NONE',  ( -0.01350000000000000679, 0.07791421356237307472, -0.08269922867947770984 ) ) ;
#574 = PRODUCT_DEFINITION_SHAPE ( 'NONE', 'NONE',  #4085 ) ;
#575 = AXIS2_PLACEMENT_3D ( 'NONE', #1760, #502, #156 ) ;
#576 =( NAMED_UNIT ( * ) SI_UNIT ( $, .STERADIAN. ) SOLID_ANGLE_UNIT ( ) );
#577 = CARTESIAN_POINT ( 'NONE',  ( 0.01349999999999999985, 0.003790695960933514359, -0.04559692287569949709 ) ) ;
#578 = FILL_AREA_STYLE_COLOUR ( '', #2066 ) ;
#579 = ITEM_DEFINED_TRANSFORMATION ( 'NONE', 'NONE', #882,  #1549 ) ;
#580 = FILL_AREA_STYLE_COLOUR ( '', #61 ) ;
#581 = ORIENTED_EDGE ( 'NONE', *, *, #3576, .T. ) ;
#582 =( NAMED_UNIT ( * ) SI_UNIT ( $, .STERADIAN. ) SOLID_ANGLE_UNIT ( ) );
#583 = PRESENTATION_STYLE_ASSIGNMENT (( #3833 ) ) ;
#584 = STYLED_ITEM ( 'NONE', ( #2818 ), #622 ) ;
#585 = CARTESIAN_POINT ( 'NONE',  ( 0.5999999999999999778, 0.0000000000000000000, -0.1749999999999999889 ) ) ;
#586 = AXIS2_PLACEMENT_3D ( 'NONE', #183, #519, #835 ) ;
#587 = DIRECTION ( 'NONE',  ( 0.0000000000000000000, 5.421010862427522170E-15, -1.000000000000000000 ) ) ;
#588 = VECTOR ( 'NONE', #3563, 100.0000000000000000 ) ;
#589 = ORIENTED_EDGE ( 'NONE', *, *, #3148, .T. ) ;
#590 = PLANE ( 'NONE',  #3634 ) ;
#591 = ORIENTED_EDGE ( 'NONE', *, *, #2987, .F. ) ;
#592 = PRESENTATION_LAYER_ASSIGNMENT (  '', '', ( #791 ) ) ;
#593 = VECTOR ( 'NONE', #1335, 100.0000000000000000 ) ;
#594 = ADVANCED_FACE ( 'NONE', ( #1159 ), #190, .T. ) ;
#595 = CARTESIAN_POINT ( 'NONE',  ( 0.01349999999999999291, 0.01764979339251632542, -0.06334565658935605026 ) ) ;
#596 = PRESENTATION_STYLE_ASSIGNMENT (( #3187 ) ) ;
#597 = CARTESIAN_POINT ( 'NONE',  ( -0.01349999999999999985, 0.02943061643074723968, -0.04727520294751600544 ) ) ;
#598 = ORIENTED_EDGE ( 'NONE', *, *, #1894, .F. ) ;
#599 = CONTEXT_DEPENDENT_SHAPE_REPRESENTATION ( #1212, #2538 ) ;
#600 = VECTOR ( 'NONE', #396, 100.0000000000000000 ) ;
#601 = SURFACE_SIDE_STYLE ('',( #3825 ) ) ;
#602 = MECHANICAL_DESIGN_GEOMETRIC_PRESENTATION_REPRESENTATION (  '', ( #2340 ), #2873 ) ;
#603 =( LENGTH_UNIT ( ) NAMED_UNIT ( * ) SI_UNIT ( .CENTI., .METRE. ) );
#604 = COLOUR_RGB ( '',0.7529411764705882248, 0.7529411764705882248, 0.7529411764705882248 ) ;
#605 = ORIENTED_EDGE ( 'NONE', *, *, #2457, .T. ) ;
#606 = DIRECTION ( 'NONE',  ( -0.7071067811865476838, 0.0000000000000000000, -0.7071067811865474617 ) ) ;
#607 = CARTESIAN_POINT ( 'NONE',  ( 0.5999999999999999778, 0.0000000000000000000, 0.3750000000000000000 ) ) ;
#608 = MECHANICAL_DESIGN_GEOMETRIC_PRESENTATION_REPRESENTATION (  '', ( #3540 ), #280 ) ;
#609 = DIRECTION ( 'NONE',  ( 0.0000000000000000000, 0.0000000000000000000, -1.000000000000000000 ) ) ;
#610 = ORIENTED_EDGE ( 'NONE', *, *, #3757, .F. ) ;
#611 = ORIENTED_EDGE ( 'NONE', *, *, #215, .F. ) ;
#612 = STYLED_ITEM ( 'NONE', ( #3369 ), #4026 ) ;
#613 = DIRECTION ( 'NONE',  ( -3.279322939077849880E-32, 0.0000000000000000000, 1.000000000000000000 ) ) ;
#614 = FILL_AREA_STYLE_COLOUR ( '', #3191 ) ;
#615 = AXIS2_PLACEMENT_3D ( 'NONE', #3687, #1801, #3340 ) ;
#616 = CARTESIAN_POINT ( 'NONE',  ( -0.01250000000000000069, 0.02258812557724539441, -0.04170442387598635725 ) ) ;
#617 = ORIENTED_EDGE ( 'NONE', *, *, #3297, .T. ) ;
#618 = LINE ( 'NONE', #3165, #3601 ) ;
#619 = CARTESIAN_POINT ( 'NONE',  ( 0.01250000000000000069, 0.07850000000000000033, -0.08759269909673479682 ) ) ;
#620 = LINE ( 'NONE', #2831, #3579 ) ;
#621 = CARTESIAN_POINT ( 'NONE',  ( 0.01349999999999999985, 0.07021469261019019914, -0.07753853139598033961 ) ) ;
#622 = ADVANCED_FACE ( 'NONE', ( #1479 ), #2461, .T. ) ;
#623 = EDGE_CURVE ( 'NONE', #1664, #1819, #3507, .T. ) ;
#624 = CYLINDRICAL_SURFACE ( 'NONE', #3482, 0.001000000000000000021 ) ;
#625 = CONTEXT_DEPENDENT_SHAPE_REPRESENTATION ( #100, #842 ) ;
#626 = DIRECTION ( 'NONE',  ( -1.000000000000000000, -0.0000000000000000000, -0.0000000000000000000 ) ) ;
#627 = ORIENTED_EDGE ( 'NONE', *, *, #3500, .T. ) ;
#628 = FACE_OUTER_BOUND ( 'NONE', #31, .T. ) ;
#629 =( REPRESENTATION_RELATIONSHIP ('NONE','NONE', #661, #1064 ) REPRESENTATION_RELATIONSHIP_WITH_TRANSFORMATION ( #1416 )SHAPE_REPRESENTATION_RELATIONSHIP( ) );
#630 = DIRECTION ( 'NONE',  ( 1.000000000000000000, 0.0000000000000000000, 0.0000000000000000000 ) ) ;
#631 = CYLINDRICAL_SURFACE ( 'NONE', #2855, 0.001000000000000000238 ) ;
#632 = ORIENTED_EDGE ( 'NONE', *, *, #828, .F. ) ;
#633 = CYLINDRICAL_SURFACE ( 'NONE', #111, 0.001000000000000002623 ) ;
#634 = CARTESIAN_POINT ( 'NONE',  ( -0.01250000000000000069, 0.05945185461505573393, -0.05434532769588238527 ) ) ;
#635 =( NAMED_UNIT ( * ) PLANE_ANGLE_UNIT ( ) SI_UNIT ( $, .RADIAN. ) );
#636 = ORIENTED_EDGE ( 'NONE', *, *, #1027, .T. ) ;
#637 = SURFACE_STYLE_USAGE ( .BOTH. , #291 ) ;
#638 = STYLED_ITEM ( 'NONE', ( #2554 ), #21 ) ;
#639 =( NAMED_UNIT ( * ) SI_UNIT ( $, .STERADIAN. ) SOLID_ANGLE_UNIT ( ) );
#640 =( LENGTH_UNIT ( ) NAMED_UNIT ( * ) SI_UNIT ( .CENTI., .METRE. ) );
#641 = CARTESIAN_POINT ( 'NONE',  ( 0.01250000000000000069, 0.07010671878287427772, -0.07793842454154370492 ) ) ;
#642 = AXIS2_PLACEMENT_3D ( 'NONE', #1715, #686, #3232 ) ;
#643 = FILL_AREA_STYLE_COLOUR ( '', #2697 ) ;
#644 = PRODUCT_DEFINITION_SHAPE ( 'NONE', 'NONE',  #4089 ) ;
#645 = ADVANCED_FACE ( 'NONE', ( #1248 ), #3152, .F. ) ;
#646 = PRODUCT_DEFINITION_SHAPE ( 'NONE', 'NONE',  #4076 ) ;
#647 = ORIENTED_EDGE ( 'NONE', *, *, #3845, .F. ) ;
#648 = LINE ( 'NONE', #666, #1681 ) ;
#649 = CYLINDRICAL_SURFACE ( 'NONE', #3667, 0.009999999999999998473 ) ;
#650 = DIRECTION ( 'NONE',  ( 1.000000000000000000, 0.0000000000000000000, -3.491483361109380094E-15 ) ) ;
#651 =( REPRESENTATION_RELATIONSHIP ('NONE','NONE', #661, #1064 ) REPRESENTATION_RELATIONSHIP_WITH_TRANSFORMATION ( #1735 )SHAPE_REPRESENTATION_RELATIONSHIP( ) );
#652 =( NAMED_UNIT ( * ) SI_UNIT ( $, .STERADIAN. ) SOLID_ANGLE_UNIT ( ) );
#653 = DIRECTION ( 'NONE',  ( 0.0000000000000000000, -1.084202172485501594E-14, 1.000000000000000000 ) ) ;
#654 = PRESENTATION_LAYER_ASSIGNMENT (  '', '', ( #1261 ) ) ;
#655 = LINE ( 'NONE', #634, #3381 ) ;
#656 = CARTESIAN_POINT ( 'NONE',  ( -0.01350000000000003801, 0.02511249596446369498, -0.04550251769761891329 ) ) ;
#657 = ORIENTED_EDGE ( 'NONE', *, *, #1680, .F. ) ;
#658 = PRESENTATION_LAYER_ASSIGNMENT (  '', '', ( #2261 ) ) ;
#659 = STYLED_ITEM ( 'NONE', ( #1368 ), #2031 ) ;
#660 = CARTESIAN_POINT ( 'NONE',  ( 0.01250000000000000069, 0.07464310615893074430, -0.07916327951246451833 ) ) ;
#661 = SHAPE_REPRESENTATION ( 'User Library-LQFP64_Grid_0.5', ( #2904, #2685, #1956, #615, #3546, #1084, #1290, #3967, #157, #882, #1417, #1835, #3485, #27, #1016, #3151, #1355, #1879, #93, #2946, #1693, #432, #3343, #2737, #3285, #1480, #3826, #2023, #223, #2551, #757, #2549, #1885, #3830, #2942, #3074, #3021, #704, #51, #116, #3180, #3371, #2046, #2381, #3439, #642, #318, #975, #843, #1777, #3988, #1373, #3927, #1314, #2571, #3773, #3573, #2174, #575, #2436, #3636, #1841, #390, #2702, #908, #2312 ), #778 ) ;
#662 =( GEOMETRIC_REPRESENTATION_CONTEXT ( 3 ) GLOBAL_UNCERTAINTY_ASSIGNED_CONTEXT ( ( #503 ) ) GLOBAL_UNIT_ASSIGNED_CONTEXT ( ( #1867, #635, #3144 ) ) REPRESENTATION_CONTEXT ( 'NONE', 'WORKASPACE' ) );
#663 = ITEM_DEFINED_TRANSFORMATION ( 'NONE', 'NONE', #3343,  #1549 ) ;
#664 = PRESENTATION_STYLE_ASSIGNMENT (( #916 ) ) ;
#665 = ORIENTED_EDGE ( 'NONE', *, *, #1411, .F. ) ;
#666 = CARTESIAN_POINT ( 'NONE',  ( -0.3500000000000001443, 0.07749999999999986067, -0.6000000000000000888 ) ) ;
#667 = ADVANCED_FACE ( 'NONE', ( #3828 ), #2522, .T. ) ;
#668 = FILL_AREA_STYLE ('',( #2645 ) ) ;
#669 =( GEOMETRIC_REPRESENTATION_CONTEXT ( 3 ) GLOBAL_UNCERTAINTY_ASSIGNED_CONTEXT ( ( #2500 ) ) GLOBAL_UNIT_ASSIGNED_CONTEXT ( ( #3315, #514, #3695 ) ) REPRESENTATION_CONTEXT ( 'NONE', 'WORKASPACE' ) );
#670 =( LENGTH_UNIT ( ) NAMED_UNIT ( * ) SI_UNIT ( .CENTI., .METRE. ) );
#671 = PRESENTATION_LAYER_ASSIGNMENT (  '', '', ( #2133 ) ) ;
#672 = EDGE_CURVE ( 'NONE', #4021, #742, #3587, .T. ) ;
#673 = ORIENTED_EDGE ( 'NONE', *, *, #268, .F. ) ;
#674 = FILL_AREA_STYLE ('',( #1645 ) ) ;
#675 =( NAMED_UNIT ( * ) SI_UNIT ( $, .STERADIAN. ) SOLID_ANGLE_UNIT ( ) );
#676 = VECTOR ( 'NONE', #3942, 100.0000000000000000 ) ;
#677 = FACE_OUTER_BOUND ( 'NONE', #2165, .T. ) ;
#678 = ORIENTED_EDGE ( 'NONE', *, *, #2448, .T. ) ;
#679 = CONTEXT_DEPENDENT_SHAPE_REPRESENTATION ( #3950, #2349 ) ;
#680 = FILL_AREA_STYLE ('',( #2909 ) ) ;
#681 = FILL_AREA_STYLE ('',( #2273 ) ) ;
#682 = CARTESIAN_POINT ( 'NONE',  ( -0.4749999999999999778, 0.08749999999999991118, 0.4749999999999999778 ) ) ;
#683 = DIRECTION ( 'NONE',  ( -0.2333729524753232198, -0.9723873019805177043, 0.0000000000000000000 ) ) ;
#684 = ORIENTED_EDGE ( 'NONE', *, *, #2814, .T. ) ;
#685 = DIRECTION ( 'NONE',  ( 1.000000000000000000, 6.707947359450413076E-18, 2.794978066437673104E-17 ) ) ;
#686 = DIRECTION ( 'NONE',  ( 3.231085104332679983E-15, 0.0000000000000000000, -1.000000000000000000 ) ) ;
#687 = FILL_AREA_STYLE ('',( #1285 ) ) ;
#688 = DIRECTION ( 'NONE',  ( -3.279322939077849880E-32, -1.625387360916020109E-16, 1.000000000000000000 ) ) ;
#689 = ORIENTED_EDGE ( 'NONE', *, *, #3228, .T. ) ;
#690 = CARTESIAN_POINT ( 'NONE',  ( 0.01249999999999999896, 0.02258812557724537359, -0.04170442387598634337 ) ) ;
#691 = ORIENTED_EDGE ( 'NONE', *, *, #3297, .F. ) ;
#692 = LINE ( 'NONE', #437, #2603 ) ;
#693 = LINE ( 'NONE', #1666, #1065 ) ;
#694 = UNCERTAINTY_MEASURE_WITH_UNIT (LENGTH_MEASURE( 1.000000000000000082E-05 ), #1475, 'distance_accuracy_value', 'NONE');
#695 = EDGE_CURVE ( 'NONE', #1655, #2175, #131, .T. ) ;
#696 = EDGE_CURVE ( 'NONE', #3588, #2611, #3609, .T. ) ;
#697 = DIRECTION ( 'NONE',  ( 0.0000000000000000000, 1.084202172485501594E-14, -1.000000000000000000 ) ) ;
#698 = CARTESIAN_POINT ( 'NONE',  ( 0.01250000000000000069, 0.09749999999999998945, -0.07993465998166700281 ) ) ;
#699 = VERTEX_POINT ( 'NONE', #1372 ) ;
#700 = DIRECTION ( 'NONE',  ( 0.0000000000000000000, -1.000000000000000000, -0.0000000000000000000 ) ) ;
#701 = ITEM_DEFINED_TRANSFORMATION ( 'NONE', 'NONE', #2702,  #1549 ) ;
#702 = CARTESIAN_POINT ( 'NONE',  ( 0.01250000000000000069, 0.02196853816409000126, -0.04795466745548390697 ) ) ;
#703 = SURFACE_SIDE_STYLE ('',( #125 ) ) ;
#704 = AXIS2_PLACEMENT_3D ( 'NONE', #3901, #1700, #3629 ) ;
#705 =( NAMED_UNIT ( * ) PLANE_ANGLE_UNIT ( ) SI_UNIT ( $, .RADIAN. ) );
#706 = ITEM_DEFINED_TRANSFORMATION ( 'NONE', 'NONE', #2946,  #1549 ) ;
#707 =( REPRESENTATION_RELATIONSHIP ('NONE','NONE', #661, #1064 ) REPRESENTATION_RELATIONSHIP_WITH_TRANSFORMATION ( #1473 )SHAPE_REPRESENTATION_RELATIONSHIP( ) );
#708 = CARTESIAN_POINT ( 'NONE',  ( -0.01250000000000000069, 0.003204606562532273401, -0.05239485415516325489 ) ) ;
#709 = CARTESIAN_POINT ( 'NONE',  ( -0.4437867965644040069, 0.01499999999999994393, 0.4850000000000000977 ) ) ;
#710 = ORIENTED_EDGE ( 'NONE', *, *, #2075, .T. ) ;
#711 = LINE ( 'NONE', #758, #2809 ) ;
#712 = CARTESIAN_POINT ( 'NONE',  ( -0.2750000000000000222, 0.0000000000000000000, -0.5999999999999999778 ) ) ;
#713 = CONTEXT_DEPENDENT_SHAPE_REPRESENTATION ( #1026, #1912 ) ;
#714 = ORIENTED_EDGE ( 'NONE', *, *, #2531, .T. ) ;
#715 = SURFACE_STYLE_FILL_AREA ( #2588 ) ;
#716 = ORIENTED_EDGE ( 'NONE', *, *, #1796, .T. ) ;
#717 = AXIS2_PLACEMENT_3D ( 'NONE', #1201, #937, #2857 ) ;
#718 = FILL_AREA_STYLE_COLOUR ( '', #2080 ) ;
#719 = STYLED_ITEM ( 'NONE', ( #2090 ), #1097 ) ;
#720 =( NAMED_UNIT ( * ) SI_UNIT ( $, .STERADIAN. ) SOLID_ANGLE_UNIT ( ) );
#721 =( LENGTH_UNIT ( ) NAMED_UNIT ( * ) SI_UNIT ( .CENTI., .METRE. ) );
#722 = ORIENTED_EDGE ( 'NONE', *, *, #3650, .T. ) ;
#723 = EDGE_CURVE ( 'NONE', #1358, #1528, #2669, .T. ) ;
#724 = AXIS2_PLACEMENT_3D ( 'NONE', #2424, #2408, #3972 ) ;
#725 = AXIS2_PLACEMENT_3D ( 'NONE', #1983, #3101, #2099 ) ;
#726 = CARTESIAN_POINT ( 'NONE',  ( 0.01349999999999999985, 0.09650000000000000244, -0.1489999999999999936 ) ) ;
#727 = SURFACE_SIDE_STYLE ('',( #766 ) ) ;
#728 =( LENGTH_UNIT ( ) NAMED_UNIT ( * ) SI_UNIT ( .CENTI., .METRE. ) );
#729 = AXIS2_PLACEMENT_3D ( 'NONE', #2574, #1505, #1977 ) ;
#730 = DIRECTION ( 'NONE',  ( -0.6875816551701161572, -0.2333729524753201390, 0.6875816551701153800 ) ) ;
#731 = ITEM_DEFINED_TRANSFORMATION ( 'NONE', 'NONE', #2551,  #1549 ) ;
#732 = COLOUR_RGB ( '',0.7529411764705882248, 0.7529411764705882248, 0.7529411764705882248 ) ;
#733 = DIRECTION ( 'NONE',  ( -1.000000000000000000, 0.0000000000000000000, 0.0000000000000000000 ) ) ;
#734 = CARTESIAN_POINT ( 'NONE',  ( -0.4749999999999999778, 0.09749999999999990619, 0.4749999999999999778 ) ) ;
#735 = COLOUR_RGB ( '',0.1254901960784313708, 0.1254901960784313708, 0.1254901960784313708 ) ;
#736 = FILL_AREA_STYLE_COLOUR ( '', #1802 ) ;
#737 = DIRECTION ( 'NONE',  ( -1.000000000000000000, 0.0000000000000000000, -3.231085104332679983E-15 ) ) ;
#738 =( REPRESENTATION_RELATIONSHIP ('NONE','NONE', #661, #1064 ) REPRESENTATION_RELATIONSHIP_WITH_TRANSFORMATION ( #1897 )SHAPE_REPRESENTATION_RELATIONSHIP( ) );
#739 = FILL_AREA_STYLE_COLOUR ( '', #464 ) ;
#740 = ORIENTED_EDGE ( 'NONE', *, *, #3506, .T. ) ;
#741 = CARTESIAN_POINT ( 'NONE',  ( 0.01308578643762691417, 0.09750000000000003109, -0.07053698364643723462 ) ) ;
#742 = VERTEX_POINT ( 'NONE', #446 ) ;
#743 = VECTOR ( 'NONE', #1110, 100.0000000000000000 ) ;
#744 = STYLED_ITEM ( 'NONE', ( #583 ), #3528 ) ;
#745 = CARTESIAN_POINT ( 'NONE',  ( 0.0000000000000000000, 0.1600000000000000033, -0.5000000000000000000 ) ) ;
#746 = ORIENTED_EDGE ( 'NONE', *, *, #1411, .T. ) ;
#747 = SURFACE_STYLE_FILL_AREA ( #3931 ) ;
#748 = CONTEXT_DEPENDENT_SHAPE_REPRESENTATION ( #2624, #1942 ) ;
#749 =( NAMED_UNIT ( * ) SI_UNIT ( $, .STERADIAN. ) SOLID_ANGLE_UNIT ( ) );
#750 = VECTOR ( 'NONE', #2717, 100.0000000000000000 ) ;
#751 = CONTEXT_DEPENDENT_SHAPE_REPRESENTATION ( #3435, #1111 ) ;
#752 = AXIS2_PLACEMENT_3D ( 'NONE', #619, #312, #1491 ) ;
#753 = CARTESIAN_POINT ( 'NONE',  ( 0.01308578643762690549, 6.489650878479520213E-05, -0.001061048539534873792 ) ) ;
#754 = FILL_AREA_STYLE ('',( #1059 ) ) ;
#755 = EDGE_CURVE ( 'NONE', #3853, #1358, #1085, .T. ) ;
#756 = ORIENTED_EDGE ( 'NONE', *, *, #2987, .T. ) ;
#757 = AXIS2_PLACEMENT_3D ( 'NONE', #1237, #2503, #3778 ) ;
#758 = CARTESIAN_POINT ( 'NONE',  ( -0.4849999999999999867, 0.01499999999999993873, -0.4437867965644030077 ) ) ;
#759 = CARTESIAN_POINT ( 'NONE',  ( -0.3250000000000000111, 0.0000000000000000000, -0.5999999999999999778 ) ) ;
#760 = ORIENTED_EDGE ( 'NONE', *, *, #755, .F. ) ;
#761 = LINE ( 'NONE', #2033, #250 ) ;
#762 = ORIENTED_EDGE ( 'NONE', *, *, #2705, .T. ) ;
#763 = LINE ( 'NONE', #1012, #3046 ) ;
#764 = EDGE_LOOP ( 'NONE', ( #1259, #2508, #2236, #591 ) ) ;
#765 = LINE ( 'NONE', #3556, #421 ) ;
#766 = SURFACE_STYLE_FILL_AREA ( #680 ) ;
#767 = CARTESIAN_POINT ( 'NONE',  ( -1.293416090454340147E-17, 0.04624999999999999944, 0.4924999999999999933 ) ) ;
#768 =( NAMED_UNIT ( * ) SI_UNIT ( $, .STERADIAN. ) SOLID_ANGLE_UNIT ( ) );
#769 = CARTESIAN_POINT ( 'NONE',  ( 0.01250000000000000069, 0.02131852430926845995, -0.03732703487168929912 ) ) ;
#770 = CARTESIAN_POINT ( 'NONE',  ( 0.01250000000000000243, 0.01001868687056180207, 4.768976320238950811E-17 ) ) ;
#771 = MECHANICAL_DESIGN_GEOMETRIC_PRESENTATION_REPRESENTATION (  '', ( #3850 ), #3039 ) ;
#772 =( GEOMETRIC_REPRESENTATION_CONTEXT ( 3 ) GLOBAL_UNCERTAINTY_ASSIGNED_CONTEXT ( ( #2616 ) ) GLOBAL_UNIT_ASSIGNED_CONTEXT ( ( #3118, #2775, #3211 ) ) REPRESENTATION_CONTEXT ( 'NONE', 'WORKASPACE' ) );
#773 = ADVANCED_FACE ( 'NONE', ( #153 ), #1341, .T. ) ;
#774 = CARTESIAN_POINT ( 'NONE',  ( 0.1749999999999999889, 0.0000000000000000000, -0.5999999999999999778 ) ) ;
#775 =( LENGTH_UNIT ( ) NAMED_UNIT ( * ) SI_UNIT ( .CENTI., .METRE. ) );
#776 = EDGE_LOOP ( 'NONE', ( #1931, #276, #3706, #1209 ) ) ;
#777 = PRODUCT_DEFINITION_SHAPE ( 'NONE', 'NONE',  #4136 ) ;
#778 =( GEOMETRIC_REPRESENTATION_CONTEXT ( 3 ) GLOBAL_UNCERTAINTY_ASSIGNED_CONTEXT ( ( #2004 ) ) GLOBAL_UNIT_ASSIGNED_CONTEXT ( ( #2384, #2100, #1181 ) ) REPRESENTATION_CONTEXT ( 'NONE', 'WORKASPACE' ) );
#779 = SURFACE_SIDE_STYLE ('',( #3380 ) ) ;
#780 = CARTESIAN_POINT ( 'NONE',  ( 0.01250000000000000243, 0.02275525713094899913, -0.04443700062453719707 ) ) ;
#781 = DIRECTION ( 'NONE',  ( -0.2322901742829643901, 0.9678757261790242872, 0.09621774059401083656 ) ) ;
#782 = VECTOR ( 'NONE', #4002, 100.0000000000000000 ) ;
#783 = VERTEX_POINT ( 'NONE', #2757 ) ;
#784 = FACE_OUTER_BOUND ( 'NONE', #1846, .T. ) ;
#785 = CARTESIAN_POINT ( 'NONE',  ( -0.4500000000000000666, 0.07749999999999995781, 0.5000000000000001110 ) ) ;
#786 =( REPRESENTATION_RELATIONSHIP ('NONE','NONE', #661, #1064 ) REPRESENTATION_RELATIONSHIP_WITH_TRANSFORMATION ( #2361 )SHAPE_REPRESENTATION_RELATIONSHIP( ) );
#787 = MECHANICAL_DESIGN_GEOMETRIC_PRESENTATION_REPRESENTATION (  '', ( #126 ), #1178 ) ;
#788 = CARTESIAN_POINT ( 'NONE',  ( 0.4500000000000000666, 0.08749999999999999445, -0.5000000000000000000 ) ) ;
#789 = CARTESIAN_POINT ( 'NONE',  ( -0.01349999999999999985, 0.09650000000000001632, -0.1489999999999999936 ) ) ;
#790 = PRODUCT_DEFINITION_SHAPE ( 'NONE', 'NONE',  #4113 ) ;
#791 = STYLED_ITEM ( 'NONE', ( #1476 ), #1952 ) ;
#792 = STYLED_ITEM ( 'NONE', ( #294 ), #878 ) ;
#793 = CARTESIAN_POINT ( 'NONE',  ( -0.5999999999999999778, 0.0000000000000000000, 0.1250000000000000000 ) ) ;
#794 = UNCERTAINTY_MEASURE_WITH_UNIT (LENGTH_MEASURE( 1.000000000000000082E-05 ), #795, 'distance_accuracy_value', 'NONE');
#795 =( LENGTH_UNIT ( ) NAMED_UNIT ( * ) SI_UNIT ( .CENTI., .METRE. ) );
#796 = COLOUR_RGB ( '',0.7529411764705882248, 0.7529411764705882248, 0.7529411764705882248 ) ;
#797 = EDGE_LOOP ( 'NONE', ( #1316, #3416, #1703, #3428 ) ) ;
#798 =( BOUNDED_CURVE ( )  B_SPLINE_CURVE ( 3, ( #2521, #3756, #3488, #256 ),
 .UNSPECIFIED., .F., .T. ) 
 B_SPLINE_CURVE_WITH_KNOTS ( ( 4, 4 ),
 ( 0.0000000000000000000, 1.000000000000000000 ),
 .UNSPECIFIED. ) 
 CURVE ( )  GEOMETRIC_REPRESENTATION_ITEM ( )  RATIONAL_B_SPLINE_CURVE ( ( 1.000000000000000000, 0.8747560699726384392, 0.8747560699726384392, 1.000000000000000000 ) ) 
 REPRESENTATION_ITEM ( '' )  );
#799 =( LENGTH_UNIT ( ) NAMED_UNIT ( * ) SI_UNIT ( .CENTI., .METRE. ) );
#800 = VECTOR ( 'NONE', #4045, 100.0000000000000000 ) ;
#801 = EDGE_CURVE ( 'NONE', #2945, #2917, #2393, .T. ) ;
#802 =( NAMED_UNIT ( * ) SI_UNIT ( $, .STERADIAN. ) SOLID_ANGLE_UNIT ( ) );
#803 = CARTESIAN_POINT ( 'NONE',  ( -0.01349999999999999985, 0.07849999999999998646, -0.1495857864376268775 ) ) ;
#804 =( GEOMETRIC_REPRESENTATION_CONTEXT ( 3 ) GLOBAL_UNCERTAINTY_ASSIGNED_CONTEXT ( ( #2421 ) ) GLOBAL_UNIT_ASSIGNED_CONTEXT ( ( #3226, #985, #675 ) ) REPRESENTATION_CONTEXT ( 'NONE', 'WORKASPACE' ) );
#805 = SURFACE_SIDE_STYLE ('',( #1430 ) ) ;
#806 = CIRCLE ( 'NONE', #3660, 0.009999999999999998473 ) ;
#807 = CARTESIAN_POINT ( 'NONE',  ( -0.01308578643762690376, 6.489650878479341319E-05, -0.001061048539534836495 ) ) ;
#808 = SURFACE_SIDE_STYLE ('',( #2446 ) ) ;
#809 = CARTESIAN_POINT ( 'NONE',  ( 0.01250000000000000069, 0.03202099878083229656, -0.0009999999999998449799 ) ) ;
#810 = MECHANICAL_DESIGN_GEOMETRIC_PRESENTATION_REPRESENTATION (  '', ( #1408 ), #3605 ) ;
#811 = FILL_AREA_STYLE_COLOUR ( '', #3964 ) ;
#812 = ITEM_DEFINED_TRANSFORMATION ( 'NONE', 'NONE', #116,  #1549 ) ;
#813 = AXIS2_PLACEMENT_3D ( 'NONE', #3421, #939, #1495 ) ;
#814 = CARTESIAN_POINT ( 'NONE',  ( 0.01250000000000000069, 0.09650000000000000244, -0.08953728511987109340 ) ) ;
#815 = SURFACE_STYLE_FILL_AREA ( #1816 ) ;
#816 = MECHANICAL_DESIGN_GEOMETRIC_PRESENTATION_REPRESENTATION (  '', ( #2610 ), #1210 ) ;
#817 = CARTESIAN_POINT ( 'NONE',  ( -0.5999999999999999778, 0.0000000000000000000, -0.1749999999999999889 ) ) ;
#818 = VERTEX_POINT ( 'NONE', #3726 ) ;
#819 = SURFACE_STYLE_FILL_AREA ( #1103 ) ;
#820 = FILL_AREA_STYLE ('',( #3686 ) ) ;
#821 = DIRECTION ( 'NONE',  ( 1.000000000000000000, 0.0000000000000000000, 0.0000000000000000000 ) ) ;
#822 = DIRECTION ( 'NONE',  ( -3.279322939077849880E-32, 0.0000000000000000000, 1.000000000000000000 ) ) ;
#823 = ORIENTED_EDGE ( 'NONE', *, *, #2629, .F. ) ;
#824 = DIRECTION ( 'NONE',  ( 0.0000000000000000000, -1.084202172485501594E-14, 1.000000000000000000 ) ) ;
#825 = CARTESIAN_POINT ( 'NONE',  ( 0.01349999999999999985, 0.07850000000000000033, -0.1489999999999999936 ) ) ;
#826 = ADVANCED_FACE ( 'NONE', ( #3059 ), #1515, .T. ) ;
#827 = PRODUCT_DEFINITION_SHAPE ( 'NONE', 'NONE',  #4107 ) ;
#828 = EDGE_CURVE ( 'NONE', #12, #3946, #3793, .T. ) ;
#829 = CARTESIAN_POINT ( 'NONE',  ( -0.01308578643762690202, 2.737826534573792331E-05, -0.0004476306815889483353 ) ) ;
#830 = FACE_OUTER_BOUND ( 'NONE', #392, .T. ) ;
#831 = LINE ( 'NONE', #2733, #2591 ) ;
#832 = EDGE_LOOP ( 'NONE', ( #1618, #2990, #2474, #1883, #823, #3974, #1043, #1530 ) ) ;
#833 = SURFACE_STYLE_USAGE ( .BOTH. , #1136 ) ;
#834 = SURFACE_STYLE_FILL_AREA ( #3680 ) ;
#835 = DIRECTION ( 'NONE',  ( 0.0000000000000000000, -0.2606718782874311580, -0.9654274555191098006 ) ) ;
#836 = SURFACE_STYLE_USAGE ( .BOTH. , #3401 ) ;
#837 = UNCERTAINTY_MEASURE_WITH_UNIT (LENGTH_MEASURE( 1.000000000000000082E-05 ), #721, 'distance_accuracy_value', 'NONE');
#838 = VERTEX_POINT ( 'NONE', #1157 ) ;
#839 = SURFACE_SIDE_STYLE ('',( #1426 ) ) ;
#840 = COLOUR_RGB ( '',0.7529411764705882248, 0.7529411764705882248, 0.7529411764705882248 ) ;
#841 = DIRECTION ( 'NONE',  ( 7.290249346361489992E-32, 1.000000000000000000, 0.0000000000000000000 ) ) ;
#842 = PRODUCT_DEFINITION_SHAPE ( 'NONE', 'NONE',  #4078 ) ;
#843 = AXIS2_PLACEMENT_3D ( 'NONE', #759, #2280, #1967 ) ;
#844 = DIRECTION ( 'NONE',  ( 3.718265416196996516E-32, 0.06104853953485807339, -0.9981347984218669200 ) ) ;
#845 = VERTEX_POINT ( 'NONE', #3722 ) ;
#846 = LINE ( 'NONE', #496, #3796 ) ;
#847 = MECHANICAL_DESIGN_GEOMETRIC_PRESENTATION_REPRESENTATION (  '', ( #1315 ), #3930 ) ;
#848 = VERTEX_POINT ( 'NONE', #3992 ) ;
#849 = EDGE_CURVE ( 'NONE', #1153, #742, #987, .T. ) ;
#850 = DIRECTION ( 'NONE',  ( 0.0000000000000000000, 0.0000000000000000000, -1.000000000000000000 ) ) ;
#851 =( NAMED_UNIT ( * ) PLANE_ANGLE_UNIT ( ) SI_UNIT ( $, .RADIAN. ) );
#852 =( LENGTH_UNIT ( ) NAMED_UNIT ( * ) SI_UNIT ( .CENTI., .METRE. ) );
#853 = MECHANICAL_DESIGN_GEOMETRIC_PRESENTATION_REPRESENTATION (  '', ( #719 ), #3720 ) ;
#854 = EDGE_CURVE ( 'NONE', #3424, #3367, #1177, .T. ) ;
#855 = STYLED_ITEM ( 'NONE', ( #1566 ), #455 ) ;
#856 =( NAMED_UNIT ( * ) PLANE_ANGLE_UNIT ( ) SI_UNIT ( $, .RADIAN. ) );
#857 = APPLICATION_PROTOCOL_DEFINITION ( 'draft international standard', 'automotive_design', 1998, #1875 ) ;
#858 = VECTOR ( 'NONE', #3359, 100.0000000000000000 ) ;
#859 = ORIENTED_EDGE ( 'NONE', *, *, #2911, .F. ) ;
#860 = STYLED_ITEM ( 'NONE', ( #1559 ), #1975 ) ;
#861 = CARTESIAN_POINT ( 'NONE',  ( 0.1250000000000000000, 0.0000000000000000000, 0.5999999999999999778 ) ) ;
#862 = CARTESIAN_POINT ( 'NONE',  ( 0.01349999999999999985, 0.07850000000000001421, -0.1489999999999999936 ) ) ;
#863 = CARTESIAN_POINT ( 'NONE',  ( 0.01349999999999999985, 0.003790695960933512191, -0.04559692287569949709 ) ) ;
#864 = CIRCLE ( 'NONE', #2721, 0.001000000000000002623 ) ;
#865 = CARTESIAN_POINT ( 'NONE',  ( -0.01349999999999999985, 0.07749999999999999944, -0.1489999999999999936 ) ) ;
#866 = SURFACE_STYLE_FILL_AREA ( #1845 ) ;
#867 = EDGE_LOOP ( 'NONE', ( #2388, #4001, #2902, #2173 ) ) ;
#868 = MANIFOLD_SOLID_BREP ( 'Imported1', #3985 ) ;
#869 = CARTESIAN_POINT ( 'NONE',  ( 0.01349999999999999985, 0.02943061643074720846, -0.04727520294751601931 ) ) ;
#870 = AXIS2_PLACEMENT_3D ( 'NONE', #1246, #2512, #3791 ) ;
#871 = PLANE ( 'NONE',  #717 ) ;
#872 = SURFACE_STYLE_FILL_AREA ( #3370 ) ;
#873 = STYLED_ITEM ( 'NONE', ( #3804 ), #3452 ) ;
#874 = CARTESIAN_POINT ( 'NONE',  ( -0.01250000000000000069, 0.08271343756574851824, -0.06062611087128478432 ) ) ;
#875 = CONTEXT_DEPENDENT_SHAPE_REPRESENTATION ( #1150, #3478 ) ;
#876 = AXIS2_PLACEMENT_3D ( 'NONE', #3256, #3296, #2565 ) ;
#877 = ADVANCED_FACE ( 'NONE', ( #1139 ), #2719, .T. ) ;
#878 = ADVANCED_FACE ( 'NONE', ( #3824 ), #2232, .T. ) ;
#879 = UNCERTAINTY_MEASURE_WITH_UNIT (LENGTH_MEASURE( 1.000000000000000082E-05 ), #728, 'distance_accuracy_value', 'NONE');
#880 = SURFACE_SIDE_STYLE ('',( #3442 ) ) ;
#881 = CARTESIAN_POINT ( 'NONE',  ( 0.0000000000000000000, 0.0000000000000000000, 0.0000000000000000000 ) ) ;
#882 = AXIS2_PLACEMENT_3D ( 'NONE', #3087, #1502, #1126 ) ;
#883 = LINE ( 'NONE', #2152, #3870 ) ;
#884 = EDGE_LOOP ( 'NONE', ( #933, #2014 ) ) ;
#885 = CARTESIAN_POINT ( 'NONE',  ( 0.01250000000000000069, 0.09178621231786152079, -0.06307582081312637645 ) ) ;
#886 = CARTESIAN_POINT ( 'NONE',  ( 0.01349999999999999985, 0.07850000000000001421, -0.1489999999999999936 ) ) ;
#887 = CARTESIAN_POINT ( 'NONE',  ( 0.01250000000000000069, 0.01754181956520040400, -0.06374554973491940169 ) ) ;
#888 = ORIENTED_EDGE ( 'NONE', *, *, #119, .F. ) ;
#889 = CARTESIAN_POINT ( 'NONE',  ( -0.01349999999999999985, 0.06012762856547450296, -0.05452779118803430941 ) ) ;
#890 = PRESENTATION_STYLE_ASSIGNMENT (( #3700 ) ) ;
#891 = DIRECTION ( 'NONE',  ( -0.0000000000000000000, -0.0000000000000000000, 1.000000000000000000 ) ) ;
#892 = DIRECTION ( 'NONE',  ( 0.0000000000000000000, -0.9981347984218671421, -0.06104853953485449986 ) ) ;
#893 =( NAMED_UNIT ( * ) PLANE_ANGLE_UNIT ( ) SI_UNIT ( $, .RADIAN. ) );
#894 = SURFACE_STYLE_FILL_AREA ( #3753 ) ;
#895 = ORIENTED_EDGE ( 'NONE', *, *, #244, .T. ) ;
#896 = CARTESIAN_POINT ( 'NONE',  ( 0.01250000000000000069, 0.01909666767421789799, 8.944667923005411581E-17 ) ) ;
#897 = ADVANCED_FACE ( 'NONE', ( #1538 ), #1311, .F. ) ;
#898 = DIRECTION ( 'NONE',  ( 1.000000000000000000, 0.0000000000000000000, -3.491483361109380094E-15 ) ) ;
#899 = SURFACE_SIDE_STYLE ('',( #1567 ) ) ;
#900 = VERTEX_POINT ( 'NONE', #1653 ) ;
#901 =( NAMED_UNIT ( * ) SI_UNIT ( $, .STERADIAN. ) SOLID_ANGLE_UNIT ( ) );
#902 = ORIENTED_EDGE ( 'NONE', *, *, #1378, .T. ) ;
#903 = CARTESIAN_POINT ( 'NONE',  ( 0.01250000000000000069, 0.02943061643074720152, -0.04727520294751599156 ) ) ;
#904 = FILL_AREA_STYLE ('',( #1191 ) ) ;
#905 = UNCERTAINTY_MEASURE_WITH_UNIT (LENGTH_MEASURE( 1.000000000000000082E-05 ), #2358, 'distance_accuracy_value', 'NONE');
#906 = CARTESIAN_POINT ( 'NONE',  ( 0.01250000000000000243, 0.08749999999999999445, -0.1499999999999999944 ) ) ;
#907 = SURFACE_STYLE_FILL_AREA ( #2206 ) ;
#908 = AXIS2_PLACEMENT_3D ( 'NONE', #3024, #210, #3684 ) ;
#909 = DIRECTION ( 'NONE',  ( -0.0000000000000000000, 1.000000000000000000, 1.625387360916020355E-16 ) ) ;
#910 = CARTESIAN_POINT ( 'NONE',  ( 0.01250000000000000069, 0.07749999999999999944, -0.08759269909673479682 ) ) ;
#911 = CIRCLE ( 'NONE', #2104, 0.0009999999999999995871 ) ;
#912 = FACE_OUTER_BOUND ( 'NONE', #3593, .T. ) ;
#913 = ITEM_DEFINED_TRANSFORMATION ( 'NONE', 'NONE', #615,  #1549 ) ;
#914 = UNCERTAINTY_MEASURE_WITH_UNIT (LENGTH_MEASURE( 1.000000000000000082E-05 ), #3536, 'distance_accuracy_value', 'NONE');
#915 = STYLED_ITEM ( 'NONE', ( #248 ), #267 ) ;
#916 = SURFACE_STYLE_USAGE ( .BOTH. , #3774 ) ;
#917 = ORIENTED_EDGE ( 'NONE', *, *, #3227, .T. ) ;
#918 =( REPRESENTATION_RELATIONSHIP ('NONE','NONE', #661, #1064 ) REPRESENTATION_RELATIONSHIP_WITH_TRANSFORMATION ( #3979 )SHAPE_REPRESENTATION_RELATIONSHIP( ) );
#919 =( NAMED_UNIT ( * ) SI_UNIT ( $, .STERADIAN. ) SOLID_ANGLE_UNIT ( ) );
#920 = DIRECTION ( 'NONE',  ( 0.0000000000000000000, 0.0000000000000000000, 1.000000000000000000 ) ) ;
#921 = CARTESIAN_POINT ( 'NONE',  ( -0.01349999999999999811, 0.001063031307206659939, -0.0004142135623730958723 ) ) ;
#922 = VECTOR ( 'NONE', #2399, 100.0000000000000000 ) ;
#923 = DIRECTION ( 'NONE',  ( 0.0000000000000000000, -4.743384504624081899E-15, 1.000000000000000000 ) ) ;
#924 = EDGE_LOOP ( 'NONE', ( #2483, #3526, #1165, #265 ) ) ;
#925 = PRESENTATION_LAYER_ASSIGNMENT (  '', '', ( #2791 ) ) ;
#926 = CIRCLE ( 'NONE', #3262, 0.0009999999999999982861 ) ;
#927 = CARTESIAN_POINT ( 'NONE',  ( -0.4437867965644041179, 0.01499999999999985546, 0.4850000000000002087 ) ) ;
#928 = EDGE_CURVE ( 'NONE', #1624, #699, #2337, .T. ) ;
#929 = ADVANCED_FACE ( 'NONE', ( #1017 ), #3559, .T. ) ;
#930 = FILL_AREA_STYLE_COLOUR ( '', #1308 ) ;
#931 = DIRECTION ( 'NONE',  ( -0.0000000000000000000, -1.000000000000000000, -6.938893903907229167E-15 ) ) ;
#932 = VECTOR ( 'NONE', #4029, 100.0000000000000000 ) ;
#933 = ORIENTED_EDGE ( 'NONE', *, *, #3846, .T. ) ;
#934 = CARTESIAN_POINT ( 'NONE',  ( 0.01250000000000000069, 0.07850000000000001421, -0.1500000000000000222 ) ) ;
#935 = CARTESIAN_POINT ( 'NONE',  ( -0.01250000000000000069, 0.003335494101621765302, -0.05453484650289833202 ) ) ;
#936 = COLOUR_RGB ( '',0.1254901960784313708, 0.1254901960784313708, 0.1254901960784313708 ) ;
#937 = DIRECTION ( 'NONE',  ( 0.0000000000000000000, 0.0000000000000000000, 1.000000000000000000 ) ) ;
#938 =( NAMED_UNIT ( * ) PLANE_ANGLE_UNIT ( ) SI_UNIT ( $, .RADIAN. ) );
#939 = DIRECTION ( 'NONE',  ( 0.6875816551701161572, -0.2333729524753201390, 0.6875816551701153800 ) ) ;
#940 = CARTESIAN_POINT ( 'NONE',  ( -0.4924999999999999933, 0.1287500000000000033, -0.5000000000000000000 ) ) ;
#941 = EDGE_LOOP ( 'NONE', ( #2871, #326, #1889, #3762 ) ) ;
#942 = SURFACE_STYLE_FILL_AREA ( #1837 ) ;
#943 =( GEOMETRIC_REPRESENTATION_CONTEXT ( 3 ) GLOBAL_UNCERTAINTY_ASSIGNED_CONTEXT ( ( #997 ) ) GLOBAL_UNIT_ASSIGNED_CONTEXT ( ( #799, #1743, #1105 ) ) REPRESENTATION_CONTEXT ( 'NONE', 'WORKASPACE' ) );
#944 = DIRECTION ( 'NONE',  ( 1.000000000000000000, 0.0000000000000000000, -3.491483361109380094E-15 ) ) ;
#945 = DIRECTION ( 'NONE',  ( 0.0000000000000000000, -0.2606718782874311580, -0.9654274555191098006 ) ) ;
#946 = ORIENTED_EDGE ( 'NONE', *, *, #1203, .T. ) ;
#947 =( LENGTH_UNIT ( ) NAMED_UNIT ( * ) SI_UNIT ( .CENTI., .METRE. ) );
#948 = CARTESIAN_POINT ( 'NONE',  ( 0.4849999999999999867, 0.1600000000000000033, -0.5000000000000000000 ) ) ;
#949 = UNCERTAINTY_MEASURE_WITH_UNIT (LENGTH_MEASURE( 1.000000000000000082E-05 ), #70, 'distance_accuracy_value', 'NONE');
#950 = SURFACE_STYLE_FILL_AREA ( #358 ) ;
#951 = LINE ( 'NONE', #288, #3117 ) ;
#952 = CIRCLE ( 'NONE', #752, 0.001000000000000000021 ) ;
#953 = SURFACE_STYLE_FILL_AREA ( #2178 ) ;
#954 = PLANE ( 'NONE',  #2727 ) ;
#955 = ADVANCED_FACE ( 'NONE', ( #1694 ), #462, .T. ) ;
#956 = SURFACE_SIDE_STYLE ('',( #3619 ) ) ;
#957 = CONTEXT_DEPENDENT_SHAPE_REPRESENTATION ( #1353, #1763 ) ;
#958 = CARTESIAN_POINT ( 'NONE',  ( 0.01349999999999999811, 0.07791421356237308860, -0.08269922867947769596 ) ) ;
#959 =( NAMED_UNIT ( * ) PLANE_ANGLE_UNIT ( ) SI_UNIT ( $, .RADIAN. ) );
#960 = UNCERTAINTY_MEASURE_WITH_UNIT (LENGTH_MEASURE( 1.000000000000000082E-05 ), #3952, 'distance_accuracy_value', 'NONE');
#961 = VERTEX_POINT ( 'NONE', #124 ) ;
#962 = CARTESIAN_POINT ( 'NONE',  ( 0.5999999999999999778, 0.0000000000000000000, 0.2250000000000000333 ) ) ;
#963 = CARTESIAN_POINT ( 'NONE',  ( 0.01250000000000000243, 0.01909666767421790146, -0.0009999999999999100320 ) ) ;
#964 = PRESENTATION_STYLE_ASSIGNMENT (( #2524 ) ) ;
#965 = ORIENTED_EDGE ( 'NONE', *, *, #2840, .T. ) ;
#966 =( NAMED_UNIT ( * ) PLANE_ANGLE_UNIT ( ) SI_UNIT ( $, .RADIAN. ) );
#967 = PRESENTATION_STYLE_ASSIGNMENT (( #2288 ) ) ;
#968 = DIRECTION ( 'NONE',  ( 0.0000000000000000000, -1.626303258728256848E-15, -1.000000000000000000 ) ) ;
#969 =( BOUNDED_CURVE ( )  B_SPLINE_CURVE ( 3, ( #2495, #2209, #1870, #577 ),
 .UNSPECIFIED., .F., .T. ) 
 B_SPLINE_CURVE_WITH_KNOTS ( ( 4, 4 ),
 ( 0.0000000000000000000, 1.000000000000000000 ),
 .UNSPECIFIED. ) 
 CURVE ( )  GEOMETRIC_REPRESENTATION_ITEM ( )  RATIONAL_B_SPLINE_CURVE ( ( 1.000000000000000000, 0.8747560699726375510, 0.8747560699726375510, 1.000000000000000000 ) ) 
 REPRESENTATION_ITEM ( '' )  );
#970 = CARTESIAN_POINT ( 'NONE',  ( 0.4749999999999999778, 0.08749999999999999445, 0.4749999999999999778 ) ) ;
#971 = EDGE_LOOP ( 'NONE', ( #3807, #2778, #54, #1094 ) ) ;
#972 =( NAMED_UNIT ( * ) SI_UNIT ( $, .STERADIAN. ) SOLID_ANGLE_UNIT ( ) );
#973 = EDGE_CURVE ( 'NONE', #2228, #1074, #2263, .T. ) ;
#974 = SURFACE_STYLE_USAGE ( .BOTH. , #601 ) ;
#975 = AXIS2_PLACEMENT_3D ( 'NONE', #712, #2318, #3614 ) ;
#976 = ITEM_DEFINED_TRANSFORMATION ( 'NONE', 'NONE', #3285,  #1549 ) ;
#977 = PRODUCT_DEFINITION_SHAPE ( 'NONE', 'NONE',  #3171 ) ;
#978 = EDGE_CURVE ( 'NONE', #1633, #435, #3957, .T. ) ;
#979 = DIRECTION ( 'NONE',  ( -0.2322901742829600880, 0.9678757261790243982, -0.09621774059402013468 ) ) ;
#980 = CARTESIAN_POINT ( 'NONE',  ( 0.3250000000000000111, 0.0000000000000000000, 0.5999999999999999778 ) ) ;
#981 = FILL_AREA_STYLE ('',( #2586 ) ) ;
#982 = VERTEX_POINT ( 'NONE', #1391 ) ;
#983 = CIRCLE ( 'NONE', #328, 0.05000000000000000278 ) ;
#984 = AXIS2_PLACEMENT_3D ( 'NONE', #963, #1596, #1928 ) ;
#985 =( NAMED_UNIT ( * ) PLANE_ANGLE_UNIT ( ) SI_UNIT ( $, .RADIAN. ) );
#986 = AXIS2_PLACEMENT_3D ( 'NONE', #2195, #2171, #587 ) ;
#987 = CIRCLE ( 'NONE', #1183, 0.001000000000000000021 ) ;
#988 = CARTESIAN_POINT ( 'NONE',  ( -0.01250000000000000069, 0.08271343756574851824, -0.06062611087128476350 ) ) ;
#989 = ORIENTED_EDGE ( 'NONE', *, *, #1312, .T. ) ;
#990 =( GEOMETRIC_REPRESENTATION_CONTEXT ( 3 ) GLOBAL_UNCERTAINTY_ASSIGNED_CONTEXT ( ( #3173 ) ) GLOBAL_UNIT_ASSIGNED_CONTEXT ( ( #1498, #4038, #3749 ) ) REPRESENTATION_CONTEXT ( 'NONE', 'WORKASPACE' ) );
#991 = COLOUR_RGB ( '',0.7529411764705882248, 0.7529411764705882248, 0.7529411764705882248 ) ;
#992 = CONTEXT_DEPENDENT_SHAPE_REPRESENTATION ( #1427, #777 ) ;
#993 = VECTOR ( 'NONE', #1489, 100.0000000000000142 ) ;
#994 =( NAMED_UNIT ( * ) SI_UNIT ( $, .STERADIAN. ) SOLID_ANGLE_UNIT ( ) );
#995 = CARTESIAN_POINT ( 'NONE',  ( -0.01350000000000000679, 0.09708578643762690030, -0.07993465998166700281 ) ) ;
#996 = COLOUR_RGB ( '',0.1254901960784313708, 0.1254901960784313708, 0.1254901960784313708 ) ;
#997 = UNCERTAINTY_MEASURE_WITH_UNIT (LENGTH_MEASURE( 1.000000000000000082E-05 ), #799, 'distance_accuracy_value', 'NONE');
#998 =( REPRESENTATION_RELATIONSHIP ('NONE','NONE', #661, #1064 ) REPRESENTATION_RELATIONSHIP_WITH_TRANSFORMATION ( #3679 )SHAPE_REPRESENTATION_RELATIONSHIP( ) );
#999 =( NAMED_UNIT ( * ) PLANE_ANGLE_UNIT ( ) SI_UNIT ( $, .RADIAN. ) );
#1000 = COLOUR_RGB ( '',0.7529411764705882248, 0.7529411764705882248, 0.7529411764705882248 ) ;
#1001 = LINE ( 'NONE', #2279, #1471 ) ;
#1002 = EDGE_CURVE ( 'NONE', #982, #3393, #1077, .T. ) ;
#1003 = EDGE_CURVE ( 'NONE', #2945, #3531, #148, .T. ) ;
#1004 = DIRECTION ( 'NONE',  ( -1.000000000000000000, 0.0000000000000000000, -3.231085104332679983E-15 ) ) ;
#1005 =( NAMED_UNIT ( * ) SI_UNIT ( $, .STERADIAN. ) SOLID_ANGLE_UNIT ( ) );
#1006 = VERTEX_POINT ( 'NONE', #3094 ) ;
#1007 = SURFACE_SIDE_STYLE ('',( #715 ) ) ;
#1008 = MECHANICAL_DESIGN_GEOMETRIC_PRESENTATION_REPRESENTATION (  '', ( #873 ), #2540 ) ;
#1009 = ORIENTED_EDGE ( 'NONE', *, *, #1926, .T. ) ;
#1010 = CYLINDRICAL_SURFACE ( 'NONE', #1943, 0.01999999999999999695 ) ;
#1011 = DIRECTION ( 'NONE',  ( 0.0000000000000000000, 1.000000000000000000, -0.0000000000000000000 ) ) ;
#1012 = CARTESIAN_POINT ( 'NONE',  ( 0.4500000000000000666, 0.08749999999999999445, 0.5000000000000000000 ) ) ;
#1013 = VERTEX_POINT ( 'NONE', #785 ) ;
#1014 =( NAMED_UNIT ( * ) PLANE_ANGLE_UNIT ( ) SI_UNIT ( $, .RADIAN. ) );
#1015 = AXIS2_PLACEMENT_3D ( 'NONE', #3080, #2458, #3771 ) ;
#1016 = AXIS2_PLACEMENT_3D ( 'NONE', #1857, #3530, #3179 ) ;
#1017 = FACE_OUTER_BOUND ( 'NONE', #3647, .T. ) ;
#1018 = CARTESIAN_POINT ( 'NONE',  ( 0.01250000000000000243, 0.09650000000000000244, -0.1489999999999999936 ) ) ;
#1019 = FACE_OUTER_BOUND ( 'NONE', #3535, .T. ) ;
#1020 = ITEM_DEFINED_TRANSFORMATION ( 'NONE', 'NONE', #2023,  #1549 ) ;
#1021 = CARTESIAN_POINT ( 'NONE',  ( -0.01349999999999999985, 0.02231665910769030023, -0.03726598633215440215 ) ) ;
#1022 = CARTESIAN_POINT ( 'NONE',  ( -0.01349999999999999985, 0.09649999999999998856, -0.1489999999999999658 ) ) ;
#1023 =( NAMED_UNIT ( * ) SI_UNIT ( $, .STERADIAN. ) SOLID_ANGLE_UNIT ( ) );
#1024 =( NAMED_UNIT ( * ) PLANE_ANGLE_UNIT ( ) SI_UNIT ( $, .RADIAN. ) );
#1025 = DIRECTION ( 'NONE',  ( -1.000000000000000000, 0.0000000000000000000, -3.231085104332679983E-15 ) ) ;
#1026 =( REPRESENTATION_RELATIONSHIP ('NONE','NONE', #661, #1064 ) REPRESENTATION_RELATIONSHIP_WITH_TRANSFORMATION ( #3504 )SHAPE_REPRESENTATION_RELATIONSHIP( ) );
#1027 = EDGE_CURVE ( 'NONE', #78, #336, #926, .T. ) ;
#1028 = DIRECTION ( 'NONE',  ( 0.0000000000000000000, 1.084202172485501594E-14, -1.000000000000000000 ) ) ;
#1029 = CARTESIAN_POINT ( 'NONE',  ( 0.01349999999999999985, 0.02161713742577894837, -0.04220931616990440671 ) ) ;
#1030 = DIRECTION ( 'NONE',  ( -0.0000000000000000000, 1.000000000000000000, 0.0000000000000000000 ) ) ;
#1031 = VERTEX_POINT ( 'NONE', #2426 ) ;
#1032 = DIRECTION ( 'NONE',  ( 0.0000000000000000000, -0.9981347984218670311, -0.06104853953485690765 ) ) ;
#1033 = LINE ( 'NONE', #3389, #3465 ) ;
#1034 = DIRECTION ( 'NONE',  ( 0.0000000000000000000, 0.9981347984218671421, 0.06104853953485449986 ) ) ;
#1035 = FILL_AREA_STYLE ('',( #2359 ) ) ;
#1036 = COLOUR_RGB ( '',0.7529411764705882248, 0.7529411764705882248, 0.7529411764705882248 ) ;
#1037 =( LENGTH_UNIT ( ) NAMED_UNIT ( * ) SI_UNIT ( .CENTI., .METRE. ) );
#1038 = CONTEXT_DEPENDENT_SHAPE_REPRESENTATION ( #1800, #3697 ) ;
#1039 = UNCERTAINTY_MEASURE_WITH_UNIT (LENGTH_MEASURE( 1.000000000000000082E-05 ), #1676, 'distance_accuracy_value', 'NONE');
#1040 = VERTEX_POINT ( 'NONE', #3692 ) ;
#1041 = DIRECTION ( 'NONE',  ( -1.000000000000000000, 0.0000000000000000000, -3.231085104332679983E-15 ) ) ;
#1042 =( NAMED_UNIT ( * ) SI_UNIT ( $, .STERADIAN. ) SOLID_ANGLE_UNIT ( ) );
#1043 = ORIENTED_EDGE ( 'NONE', *, *, #3036, .F. ) ;
#1044 = FACE_OUTER_BOUND ( 'NONE', #1610, .T. ) ;
#1045 =( NAMED_UNIT ( * ) PLANE_ANGLE_UNIT ( ) SI_UNIT ( $, .RADIAN. ) );
#1046 = VECTOR ( 'NONE', #2294, 100.0000000000000000 ) ;
#1047 = CARTESIAN_POINT ( 'NONE',  ( 0.0000000000000000000, 0.0000000000000000000, 0.0000000000000000000 ) ) ;
#1048 = SURFACE_STYLE_USAGE ( .BOTH. , #57 ) ;
#1049 = ORIENTED_EDGE ( 'NONE', *, *, #3277, .T. ) ;
#1050 = FILL_AREA_STYLE_COLOUR ( '', #2532 ) ;
#1051 = STYLED_ITEM ( 'NONE', ( #3993 ), #1768 ) ;
#1052 = EDGE_CURVE ( 'NONE', #1074, #361, #846, .T. ) ;
#1053 = COLOUR_RGB ( '',0.7529411764705882248, 0.7529411764705882248, 0.7529411764705882248 ) ;
#1054 = EDGE_CURVE ( 'NONE', #1633, #845, #1754, .T. ) ;
#1055 = FILL_AREA_STYLE ('',( #3976 ) ) ;
#1056 = PRESENTATION_LAYER_ASSIGNMENT (  '', '', ( #860 ) ) ;
#1057 = COLOUR_RGB ( '',0.7529411764705882248, 0.7529411764705882248, 0.7529411764705882248 ) ;
#1058 = CIRCLE ( 'NONE', #463, 0.001000000000000002623 ) ;
#1059 = FILL_AREA_STYLE_COLOUR ( '', #523 ) ;
#1060 = EDGE_LOOP ( 'NONE', ( #320, #2569, #2660, #1809 ) ) ;
#1061 =( GEOMETRIC_REPRESENTATION_CONTEXT ( 3 ) GLOBAL_UNCERTAINTY_ASSIGNED_CONTEXT ( ( #960 ) ) GLOBAL_UNIT_ASSIGNED_CONTEXT ( ( #3952, #2329, #2617 ) ) REPRESENTATION_CONTEXT ( 'NONE', 'WORKASPACE' ) );
#1062 = FILL_AREA_STYLE ('',( #736 ) ) ;
#1063 = CARTESIAN_POINT ( 'NONE',  ( -0.5999999999999999778, 0.0000000000000000000, -0.2750000000000000222 ) ) ;
#1064 = SHAPE_REPRESENTATION ( 'LQFP_PIN_2', ( #1549 ), #2221 ) ;
#1065 = VECTOR ( 'NONE', #1627, 100.0000000000000000 ) ;
#1066 = DIRECTION ( 'NONE',  ( -0.0000000000000000000, -0.06104853953485690071, 0.9981347984218669200 ) ) ;
#1067 = EDGE_LOOP ( 'NONE', ( #647, #3615, #1682, #3902 ) ) ;
#1068 = ORIENTED_EDGE ( 'NONE', *, *, #2608, .F. ) ;
#1069 = CARTESIAN_POINT ( 'NONE',  ( -0.01349999999999999985, 0.09650000000000000244, -0.07100686746319877229 ) ) ;
#1070 = MECHANICAL_DESIGN_GEOMETRIC_PRESENTATION_REPRESENTATION (  '', ( #83 ), #480 ) ;
#1071 = SHAPE_REPRESENTATION_RELATIONSHIP ( 'NONE' , 'NONE' ,  #216, #2877 ) ;
#1072 = PRESENTATION_LAYER_ASSIGNMENT (  '', '', ( #744 ) ) ;
#1073 = PLANE ( 'NONE',  #2336 ) ;
#1074 = VERTEX_POINT ( 'NONE', #2731 ) ;
#1075 =( NAMED_UNIT ( * ) SI_UNIT ( $, .STERADIAN. ) SOLID_ANGLE_UNIT ( ) );
#1076 = SURFACE_STYLE_USAGE ( .BOTH. , #1390 ) ;
#1077 = LINE ( 'NONE', #2686, #2986 ) ;
#1078 = AXIS2_PLACEMENT_3D ( 'NONE', #204, #2735, #465 ) ;
#1079 =( LENGTH_UNIT ( ) NAMED_UNIT ( * ) SI_UNIT ( .CENTI., .METRE. ) );
#1080 = PRODUCT_RELATED_PRODUCT_CATEGORY ( 'part', '', ( #3409 ) ) ;
#1081 = ADVANCED_FACE ( 'NONE', ( #179 ), #1509, .T. ) ;
#1082 =( LENGTH_UNIT ( ) NAMED_UNIT ( * ) SI_UNIT ( .CENTI., .METRE. ) );
#1083 = CONTEXT_DEPENDENT_SHAPE_REPRESENTATION ( #2070, #2743 ) ;
#1084 = AXIS2_PLACEMENT_3D ( 'NONE', #194, #562, #3108 ) ;
#1085 = LINE ( 'NONE', #709, #64 ) ;
#1086 = CARTESIAN_POINT ( 'NONE',  ( -0.01349999999999999985, 0.07850000000000000033, -0.07176527936397669727 ) ) ;
#1087 =( LENGTH_UNIT ( ) NAMED_UNIT ( * ) SI_UNIT ( .CENTI., .METRE. ) );
#1088 = DIRECTION ( 'NONE',  ( 1.000000000000000000, 0.0000000000000000000, -3.491483361109380094E-15 ) ) ;
#1089 = DIRECTION ( 'NONE',  ( -1.000000000000000000, -0.0000000000000000000, -0.0000000000000000000 ) ) ;
#1090 = ORIENTED_EDGE ( 'NONE', *, *, #3426, .F. ) ;
#1091 = DIRECTION ( 'NONE',  ( -0.09621774059402413148, 0.9678757261790227329, -0.2322901742829653060 ) ) ;
#1092 = CARTESIAN_POINT ( 'NONE',  ( -0.01250000000000000069, 0.09650000000000000244, -0.1489999999999999936 ) ) ;
#1093 = PRESENTATION_STYLE_ASSIGNMENT (( #3574 ) ) ;
#1094 = ORIENTED_EDGE ( 'NONE', *, *, #3955, .T. ) ;
#1095 = CARTESIAN_POINT ( 'NONE',  ( -0.01349999999999999985, 0.07850000000000000033, -0.1500000000000000777 ) ) ;
#1096 = CONTEXT_DEPENDENT_SHAPE_REPRESENTATION ( #918, #2394 ) ;
#1097 = ADVANCED_FACE ( 'NONE', ( #830 ), #3675, .T. ) ;
#1098 =( REPRESENTATION_RELATIONSHIP ('NONE','NONE', #661, #1064 ) REPRESENTATION_RELATIONSHIP_WITH_TRANSFORMATION ( #2935 )SHAPE_REPRESENTATION_RELATIONSHIP( ) );
#1099 = ORIENTED_EDGE ( 'NONE', *, *, #456, .T. ) ;
#1100 = DIRECTION ( 'NONE',  ( -1.000000000000000000, 0.0000000000000000000, -1.836909530733570078E-16 ) ) ;
#1101 = EDGE_CURVE ( 'NONE', #1161, #2917, #3857, .T. ) ;
#1102 = ORIENTED_EDGE ( 'NONE', *, *, #2286, .T. ) ;
#1103 = FILL_AREA_STYLE ('',( #1776 ) ) ;
#1104 = DIRECTION ( 'NONE',  ( -3.491483361109380094E-15, 0.0000000000000000000, -1.000000000000000000 ) ) ;
#1105 =( NAMED_UNIT ( * ) SI_UNIT ( $, .STERADIAN. ) SOLID_ANGLE_UNIT ( ) );
#1106 = DIRECTION ( 'NONE',  ( 0.0000000000000000000, 0.0000000000000000000, 1.000000000000000000 ) ) ;
#1107 =( NAMED_UNIT ( * ) PLANE_ANGLE_UNIT ( ) SI_UNIT ( $, .RADIAN. ) );
#1108 = CARTESIAN_POINT ( 'NONE',  ( -0.01308578643762690549, 0.07749999999999999944, -0.1489999999999999936 ) ) ;
#1109 = COLOUR_RGB ( '',0.1254901960784313708, 0.1254901960784313708, 0.1254901960784313708 ) ;
#1110 = DIRECTION ( 'NONE',  ( -3.279322939077849880E-32, 2.390708191312053464E-63, 1.000000000000000000 ) ) ;
#1111 = PRODUCT_DEFINITION_SHAPE ( 'NONE', 'NONE',  #4100 ) ;
#1112 = SURFACE_STYLE_USAGE ( .BOTH. , #2396 ) ;
#1113 = MECHANICAL_DESIGN_GEOMETRIC_PRESENTATION_REPRESENTATION (  '', ( #2055 ), #184 ) ;
#1114 = LINE ( 'NONE', #2041, #1877 ) ;
#1115 = ITEM_DEFINED_TRANSFORMATION ( 'NONE', 'NONE', #757,  #1549 ) ;
#1116 = UNCERTAINTY_MEASURE_WITH_UNIT (LENGTH_MEASURE( 1.000000000000000082E-05 ), #1273, 'distance_accuracy_value', 'NONE');
#1117 = MECHANICAL_DESIGN_GEOMETRIC_PRESENTATION_REPRESENTATION (  '', ( #3586 ), #3385 ) ;
#1118 = DIRECTION ( 'NONE',  ( -1.000000000000000000, -0.0000000000000000000, -0.0000000000000000000 ) ) ;
#1119 = MECHANICAL_DESIGN_GEOMETRIC_PRESENTATION_REPRESENTATION (  '', ( #2920 ), #1457 ) ;
#1120 =( GEOMETRIC_REPRESENTATION_CONTEXT ( 3 ) GLOBAL_UNCERTAINTY_ASSIGNED_CONTEXT ( ( #1293 ) ) GLOBAL_UNIT_ASSIGNED_CONTEXT ( ( #2560, #2895, #1583 ) ) REPRESENTATION_CONTEXT ( 'NONE', 'WORKASPACE' ) );
#1121 = UNCERTAINTY_MEASURE_WITH_UNIT (LENGTH_MEASURE( 1.000000000000000082E-05 ), #84, 'distance_accuracy_value', 'NONE');
#1122 = VERTEX_POINT ( 'NONE', #1243 ) ;
#1123 = DIRECTION ( 'NONE',  ( 0.9723873019805177043, -0.2333729524753232198, 0.0000000000000000000 ) ) ;
#1124 = EDGE_CURVE ( 'NONE', #1970, #2228, #655, .T. ) ;
#1125 = PRESENTATION_STYLE_ASSIGNMENT (( #174 ) ) ;
#1126 = DIRECTION ( 'NONE',  ( 1.000000000000000000, 0.0000000000000000000, 0.0000000000000000000 ) ) ;
#1127 = STYLED_ITEM ( 'NONE', ( #1093 ), #2334 ) ;
#1128 =( REPRESENTATION_RELATIONSHIP ('NONE','NONE', #661, #1064 ) REPRESENTATION_RELATIONSHIP_WITH_TRANSFORMATION ( #3395 )SHAPE_REPRESENTATION_RELATIONSHIP( ) );
#1129 = LINE ( 'NONE', #2411, #3202 ) ;
#1130 =( GEOMETRIC_REPRESENTATION_CONTEXT ( 3 ) GLOBAL_UNCERTAINTY_ASSIGNED_CONTEXT ( ( #3218 ) ) GLOBAL_UNIT_ASSIGNED_CONTEXT ( ( #3071, #198, #3429 ) ) REPRESENTATION_CONTEXT ( 'NONE', 'WORKASPACE' ) );
#1131 = PRESENTATION_STYLE_ASSIGNMENT (( #1413 ) ) ;
#1132 = FILL_AREA_STYLE ('',( #245 ) ) ;
#1133 =( LENGTH_UNIT ( ) NAMED_UNIT ( * ) SI_UNIT ( .CENTI., .METRE. ) );
#1134 = AXIS2_PLACEMENT_3D ( 'NONE', #1383, #3302, #457 ) ;
#1135 = PRODUCT ( 'User Library-LQFP64_Grid_0.5', 'User Library-LQFP64_Grid_0.5', '', ( #4018 ) ) ;
#1136 = SURFACE_SIDE_STYLE ('',( #4011 ) ) ;
#1137 = FACE_OUTER_BOUND ( 'NONE', #2851, .T. ) ;
#1138 = PRESENTATION_LAYER_ASSIGNMENT (  '', '', ( #2412 ) ) ;
#1139 = FACE_OUTER_BOUND ( 'NONE', #374, .T. ) ;
#1140 = DIRECTION ( 'NONE',  ( 0.0000000000000000000, 1.000000000000000000, -0.0000000000000000000 ) ) ;
#1141 = AXIS2_PLACEMENT_3D ( 'NONE', #181, #909, #1847 ) ;
#1142 = DIRECTION ( 'NONE',  ( -1.000000000000000000, 0.0000000000000000000, -1.836909530733570078E-16 ) ) ;
#1143 = SURFACE_STYLE_USAGE ( .BOTH. , #3083 ) ;
#1144 = ORIENTED_EDGE ( 'NONE', *, *, #146, .F. ) ;
#1145 = PRESENTATION_STYLE_ASSIGNMENT (( #3065 ) ) ;
#1146 = PRODUCT_RELATED_PRODUCT_CATEGORY ( 'part', '', ( #246 ) ) ;
#1147 = EDGE_CURVE ( 'NONE', #900, #838, #1534, .T. ) ;
#1148 = CARTESIAN_POINT ( 'NONE',  ( -1.354998773851509940E-17, 0.1600000000000000033, 0.4849999999999999867 ) ) ;
#1149 = SURFACE_STYLE_USAGE ( .BOTH. , #805 ) ;
#1150 =( REPRESENTATION_RELATIONSHIP ('NONE','NONE', #661, #1064 ) REPRESENTATION_RELATIONSHIP_WITH_TRANSFORMATION ( #3827 )SHAPE_REPRESENTATION_RELATIONSHIP( ) );
#1151 =( NAMED_UNIT ( * ) SI_UNIT ( $, .STERADIAN. ) SOLID_ANGLE_UNIT ( ) );
#1152 = DIRECTION ( 'NONE',  ( 0.0000000000000000000, -1.000000000000000000, 0.0000000000000000000 ) ) ;
#1153 = VERTEX_POINT ( 'NONE', #3143 ) ;
#1154 = PRESENTATION_STYLE_ASSIGNMENT (( #3611 ) ) ;
#1155 = SURFACE_SIDE_STYLE ('',( #3032 ) ) ;
#1156 = FILL_AREA_STYLE_COLOUR ( '', #1984 ) ;
#1157 = CARTESIAN_POINT ( 'NONE',  ( 0.5000000000000001110, 0.09749999999999993394, -0.4500000000000001221 ) ) ;
#1158 = UNCERTAINTY_MEASURE_WITH_UNIT (LENGTH_MEASURE( 1.000000000000000082E-05 ), #2755, 'distance_accuracy_value', 'NONE');
#1159 = FACE_OUTER_BOUND ( 'NONE', #3553, .T. ) ;
#1160 = PLANE ( 'NONE',  #2666 ) ;
#1161 = VERTEX_POINT ( 'NONE', #1866 ) ;
#1162 = DIRECTION ( 'NONE',  ( 1.000000000000000000, -0.0000000000000000000, 0.0000000000000000000 ) ) ;
#1163 = DIRECTION ( 'NONE',  ( 1.000000000000000000, 0.0000000000000000000, 0.0000000000000000000 ) ) ;
#1164 = DIRECTION ( 'NONE',  ( 1.000000000000000000, -7.290249346361489992E-32, 3.279322939077849880E-32 ) ) ;
#1165 = ORIENTED_EDGE ( 'NONE', *, *, #3650, .F. ) ;
#1166 = LINE ( 'NONE', #2442, #1532 ) ;
#1167 = DIRECTION ( 'NONE',  ( 7.290249346361470286E-32, 1.000000000000000000, 4.760081218080361034E-15 ) ) ;
#1168 = SURFACE_SIDE_STYLE ('',( #3160 ) ) ;
#1169 = DIRECTION ( 'NONE',  ( 0.0000000000000000000, -1.000000000000000000, 0.0000000000000000000 ) ) ;
#1170 = MECHANICAL_DESIGN_GEOMETRIC_PRESENTATION_REPRESENTATION (  '', ( #3703 ), #3445 ) ;
#1171 = CARTESIAN_POINT ( 'NONE',  ( -0.3499999999999999778, 0.1600000000000000033, 0.3499999999999999778 ) ) ;
#1172 = ORIENTED_EDGE ( 'NONE', *, *, #3114, .F. ) ;
#1173 = EDGE_CURVE ( 'NONE', #845, #2291, #2226, .T. ) ;
#1174 = CARTESIAN_POINT ( 'NONE',  ( -0.01250000000000000069, 0.008955826027659950783, -0.06142727398090020580 ) ) ;
#1175 = AXIS2_PLACEMENT_3D ( 'NONE', #682, #1965, #1656 ) ;
#1176 = CONTEXT_DEPENDENT_SHAPE_REPRESENTATION ( #3483, #353 ) ;
#1177 = LINE ( 'NONE', #2788, #193 ) ;
#1178 =( GEOMETRIC_REPRESENTATION_CONTEXT ( 3 ) GLOBAL_UNCERTAINTY_ASSIGNED_CONTEXT ( ( #1994 ) ) GLOBAL_UNIT_ASSIGNED_CONTEXT ( ( #2905, #3928, #39 ) ) REPRESENTATION_CONTEXT ( 'NONE', 'WORKASPACE' ) );
#1179 = COLOUR_RGB ( '',0.7529411764705882248, 0.7529411764705882248, 0.7529411764705882248 ) ;
#1180 = LINE ( 'NONE', #4056, #1814 ) ;
#1181 =( NAMED_UNIT ( * ) SI_UNIT ( $, .STERADIAN. ) SOLID_ANGLE_UNIT ( ) );
#1182 = CIRCLE ( 'NONE', #1663, 0.0009999999999999982861 ) ;
#1183 = AXIS2_PLACEMENT_3D ( 'NONE', #516, #1118, #3398 ) ;
#1184 = ORIENTED_EDGE ( 'NONE', *, *, #3576, .F. ) ;
#1185 = AXIS2_PLACEMENT_3D ( 'NONE', #767, #1336, #3893 ) ;
#1186 = DIRECTION ( 'NONE',  ( 0.0000000000000000000, 0.0000000000000000000, 1.000000000000000000 ) ) ;
#1187 = CARTESIAN_POINT ( 'NONE',  ( 0.4999999999999999445, 0.09749999999999990619, -0.4500000000000000666 ) ) ;
#1188 = EDGE_LOOP ( 'NONE', ( #1775, #2707, #1862, #3281 ) ) ;
#1189 = CARTESIAN_POINT ( 'NONE',  ( -0.01349999999999999985, 0.07849999999999998646, -0.1489999999999999658 ) ) ;
#1190 = VECTOR ( 'NONE', #781, 100.0000000000000284 ) ;
#1191 = FILL_AREA_STYLE_COLOUR ( '', #142 ) ;
#1192 = PRESENTATION_LAYER_ASSIGNMENT (  '', '', ( #2340 ) ) ;
#1193 =( NAMED_UNIT ( * ) SI_UNIT ( $, .STERADIAN. ) SOLID_ANGLE_UNIT ( ) );
#1194 =( NAMED_UNIT ( * ) PLANE_ANGLE_UNIT ( ) SI_UNIT ( $, .RADIAN. ) );
#1195 = ORIENTED_EDGE ( 'NONE', *, *, #547, .F. ) ;
#1196 = CARTESIAN_POINT ( 'NONE',  ( -0.01308578643762691243, 0.07749999999999998557, -0.08289386092911997517 ) ) ;
#1197 = CARTESIAN_POINT ( 'NONE',  ( 0.01349999999999999985, 0.02131852430926842179, -0.03732703487168928524 ) ) ;
#1198 = COLOUR_RGB ( '',0.1254901960784313708, 0.1254901960784313708, 0.1254901960784313708 ) ;
#1199 = CONTEXT_DEPENDENT_SHAPE_REPRESENTATION ( #1939, #3607 ) ;
#1200 = UNCERTAINTY_MEASURE_WITH_UNIT (LENGTH_MEASURE( 1.000000000000000082E-05 ), #1443, 'distance_accuracy_value', 'NONE');
#1201 = CARTESIAN_POINT ( 'NONE',  ( -2.709997547703030049E-17, 0.08749999999999999445, -0.5000000000000000000 ) ) ;
#1202 =( NAMED_UNIT ( * ) SI_UNIT ( $, .STERADIAN. ) SOLID_ANGLE_UNIT ( ) );
#1203 = EDGE_CURVE ( 'NONE', #2536, #1122, #951, .T. ) ;
#1204 = CARTESIAN_POINT ( 'NONE',  ( -0.01250000000000000069, 0.07036739066116175223, -0.07697299708602459156 ) ) ;
#1205 = LINE ( 'NONE', #251, #2943 ) ;
#1206 = PRODUCT_DEFINITION_SHAPE ( 'NONE', 'NONE',  #4093 ) ;
#1207 = UNCERTAINTY_MEASURE_WITH_UNIT (LENGTH_MEASURE( 1.000000000000000082E-05 ), #1087, 'distance_accuracy_value', 'NONE');
#1208 = PRESENTATION_STYLE_ASSIGNMENT (( #1774 ) ) ;
#1209 = ORIENTED_EDGE ( 'NONE', *, *, #1751, .T. ) ;
#1210 =( GEOMETRIC_REPRESENTATION_CONTEXT ( 3 ) GLOBAL_UNCERTAINTY_ASSIGNED_CONTEXT ( ( #1039 ) ) GLOBAL_UNIT_ASSIGNED_CONTEXT ( ( #1676, #2640, #3606 ) ) REPRESENTATION_CONTEXT ( 'NONE', 'WORKASPACE' ) );
#1211 = CARTESIAN_POINT ( 'NONE',  ( 0.01349999999999999985, 0.01909666767421790146, -0.0009999999999999104657 ) ) ;
#1212 =( REPRESENTATION_RELATIONSHIP ('NONE','NONE', #661, #1064 ) REPRESENTATION_RELATIONSHIP_WITH_TRANSFORMATION ( #3460 )SHAPE_REPRESENTATION_RELATIONSHIP( ) );
#1213 = FACE_OUTER_BOUND ( 'NONE', #2239, .T. ) ;
#1214 = DIRECTION ( 'NONE',  ( -3.491483361109380094E-15, 0.0000000000000000000, -1.000000000000000000 ) ) ;
#1215 = DIRECTION ( 'NONE',  ( 0.0000000000000000000, 0.2606718782874311580, 0.9654274555191098006 ) ) ;
#1216 = DIRECTION ( 'NONE',  ( 0.7071067811865476838, 0.0000000000000000000, -0.7071067811865474617 ) ) ;
#1217 = ORIENTED_EDGE ( 'NONE', *, *, #1679, .F. ) ;
#1218 = FILL_AREA_STYLE ('',( #354 ) ) ;
#1219 = FILL_AREA_STYLE ('',( #1571 ) ) ;
#1220 = CARTESIAN_POINT ( 'NONE',  ( -0.5893933982822020523, 0.1600000000000000588, 0.3393933982822019968 ) ) ;
#1221 = DIRECTION ( 'NONE',  ( -3.279322939077849880E-32, 0.0000000000000000000, 1.000000000000000000 ) ) ;
#1222 = SURFACE_STYLE_FILL_AREA ( #3841 ) ;
#1223 = ORIENTED_EDGE ( 'NONE', *, *, #381, .T. ) ;
#1224 =( NAMED_UNIT ( * ) PLANE_ANGLE_UNIT ( ) SI_UNIT ( $, .RADIAN. ) );
#1225 =( BOUNDED_SURFACE ( )  B_SPLINE_SURFACE ( 3, 3, ( 
 ( #543, #3354, #2763, #2148 ),
 ( #4041, #3406, #3731, #559 ),
 ( #3423, #1834, #1497, #2966 ),
 ( #275, #213, #2402, #3105 ) ),
 .UNSPECIFIED., .F., .F., .T. ) 
 B_SPLINE_SURFACE_WITH_KNOTS ( ( 4, 4 ),
 ( 4, 4 ),
 ( 0.0000000000000000000, 1.000000000000000000 ),
 ( 0.0000000000000000000, 1.000000000000000000 ),
 .UNSPECIFIED. ) 
 GEOMETRIC_REPRESENTATION_ITEM ( )  RATIONAL_B_SPLINE_SURFACE ( (
 ( 1.000000000000000000, 0.8189139799216006432, 0.8189139799216006432, 1.000000000000000000),
 ( 0.8047378541243649375, 0.6590110789145521286, 0.6590110789145521286, 0.8047378541243649375),
 ( 0.8047378541243649375, 0.6590110789145521286, 0.6590110789145521286, 0.8047378541243649375),
 ( 1.000000000000000000, 0.8189139799216006432, 0.8189139799216006432, 1.000000000000000000) ) ) 
 REPRESENTATION_ITEM ( '' )  SURFACE ( )  );
#1226 = CARTESIAN_POINT ( 'NONE',  ( -0.01349999999999999811, 0.009645797582824409619, -0.06057776031308206854 ) ) ;
#1227 = ITEM_DEFINED_TRANSFORMATION ( 'NONE', 'NONE', #843,  #1549 ) ;
#1228 = SURFACE_SIDE_STYLE ('',( #3127 ) ) ;
#1229 = CARTESIAN_POINT ( 'NONE',  ( -0.01250000000000000069, 0.07850000000000000033, -0.09336630467740500428 ) ) ;
#1230 = ITEM_DEFINED_TRANSFORMATION ( 'NONE', 'NONE', #157,  #1549 ) ;
#1231 = FILL_AREA_STYLE_COLOUR ( '', #3458 ) ;
#1232 = ORIENTED_EDGE ( 'NONE', *, *, #2170, .T. ) ;
#1233 =( LENGTH_UNIT ( ) NAMED_UNIT ( * ) SI_UNIT ( .CENTI., .METRE. ) );
#1234 = CARTESIAN_POINT ( 'NONE',  ( -0.5999999999999999778, 0.07749999999999987454, 0.3500000000000000333 ) ) ;
#1235 = EDGE_CURVE ( 'NONE', #1655, #3136, #1587, .T. ) ;
#1236 = EDGE_CURVE ( 'NONE', #2917, #3747, #1516, .T. ) ;
#1237 = CARTESIAN_POINT ( 'NONE',  ( 0.5999999999999999778, 0.0000000000000000000, -0.2250000000000000333 ) ) ;
#1238 = CARTESIAN_POINT ( 'NONE',  ( -0.01250000000000000069, 0.001063031307206659722, -1.863472483959460746E-18 ) ) ;
#1239 = CARTESIAN_POINT ( 'NONE',  ( 0.4749999999999999778, 0.08749999999999999445, -0.4749999999999999778 ) ) ;
#1240 =( REPRESENTATION_RELATIONSHIP ('NONE','NONE', #661, #1064 ) REPRESENTATION_RELATIONSHIP_WITH_TRANSFORMATION ( #2952 )SHAPE_REPRESENTATION_RELATIONSHIP( ) );
#1241 = ORIENTED_EDGE ( 'NONE', *, *, #1124, .T. ) ;
#1242 = CARTESIAN_POINT ( 'NONE',  ( -0.01250000000000000069, 6.489650878479436187E-05, -0.001061048539534844518 ) ) ;
#1243 = CARTESIAN_POINT ( 'NONE',  ( 0.4437867965644041179, 0.1600000000000000033, 0.4850000000000000977 ) ) ;
#1244 = CARTESIAN_POINT ( 'NONE',  ( -0.01250000000000000069, 0.02539829154026448932, -0.04515063761498729067 ) ) ;
#1245 = ORIENTED_EDGE ( 'NONE', *, *, #1797, .F. ) ;
#1246 = CARTESIAN_POINT ( 'NONE',  ( -0.3446966991411010151, 0.04624999999999999944, -0.5946966991411010151 ) ) ;
#1247 = PRODUCT_DEFINITION_SHAPE ( 'NONE', 'NONE',  #4082 ) ;
#1248 = FACE_OUTER_BOUND ( 'NONE', #2525, .T. ) ;
#1249 = DIRECTION ( 'NONE',  ( 0.2322901742829640848, -0.9678757261790243982, 0.09621774059401072554 ) ) ;
#1250 = CARTESIAN_POINT ( 'NONE',  ( 0.01350000000000000158, 0.09650000000000000244, -0.1490000000000000213 ) ) ;
#1251 =( LENGTH_UNIT ( ) NAMED_UNIT ( * ) SI_UNIT ( .CENTI., .METRE. ) );
#1252 =( BOUNDED_CURVE ( )  B_SPLINE_CURVE ( 3, ( #3514, #1531, #1884, #3159 ),
 .UNSPECIFIED., .F., .T. ) 
 B_SPLINE_CURVE_WITH_KNOTS ( ( 4, 4 ),
 ( 0.0000000000000000000, 1.000000000000000000 ),
 .UNSPECIFIED. ) 
 CURVE ( )  GEOMETRIC_REPRESENTATION_ITEM ( )  RATIONAL_B_SPLINE_CURVE ( ( 1.000000000000000000, 0.8626246579231988676, 0.8626246579231988676, 1.000000000000000000 ) ) 
 REPRESENTATION_ITEM ( '' )  );
#1253 = VECTOR ( 'NONE', #4036, 100.0000000000000000 ) ;
#1254 =( LENGTH_UNIT ( ) NAMED_UNIT ( * ) SI_UNIT ( .CENTI., .METRE. ) );
#1255 = CONTEXT_DEPENDENT_SHAPE_REPRESENTATION ( #738, #646 ) ;
#1256 = UNCERTAINTY_MEASURE_WITH_UNIT (LENGTH_MEASURE( 1.000000000000000082E-05 ), #1500, 'distance_accuracy_value', 'NONE');
#1257 = COLOUR_RGB ( '',0.1254901960784313708, 0.1254901960784313708, 0.1254901960784313708 ) ;
#1258 = COLOUR_RGB ( '',0.1254901960784313708, 0.1254901960784313708, 0.1254901960784313708 ) ;
#1259 = ORIENTED_EDGE ( 'NONE', *, *, #3757, .T. ) ;
#1260 = DIRECTION ( 'NONE',  ( 0.0000000000000000000, 1.000000000000000000, 0.0000000000000000000 ) ) ;
#1261 = STYLED_ITEM ( 'NONE', ( #1803 ), #1592 ) ;
#1262 = DIRECTION ( 'NONE',  ( -3.491483361109380094E-15, 0.0000000000000000000, -1.000000000000000000 ) ) ;
#1263 = FILL_AREA_STYLE_COLOUR ( '', #3522 ) ;
#1264 = EDGE_CURVE ( 'NONE', #226, #2196, #3816, .T. ) ;
#1265 = ORIENTED_EDGE ( 'NONE', *, *, #1458, .F. ) ;
#1266 = CARTESIAN_POINT ( 'NONE',  ( 0.01250000000000000069, 0.02231665910769031411, -0.03726598633215441603 ) ) ;
#1267 = PRESENTATION_LAYER_ASSIGNMENT (  '', '', ( #2920 ) ) ;
#1268 = CARTESIAN_POINT ( 'NONE',  ( 0.4437867965644031742, 0.1600000000000000311, -0.4850000000000000977 ) ) ;
#1269 = DIRECTION ( 'NONE',  ( -0.0000000000000000000, 1.000000000000000000, -0.0000000000000000000 ) ) ;
#1270 = AXIS2_PLACEMENT_3D ( 'NONE', #3973, #3267, #143 ) ;
#1271 = ORIENTED_EDGE ( 'NONE', *, *, #500, .F. ) ;
#1272 = PRESENTATION_STYLE_ASSIGNMENT (( #637 ) ) ;
#1273 =( LENGTH_UNIT ( ) NAMED_UNIT ( * ) SI_UNIT ( .CENTI., .METRE. ) );
#1274 = ITEM_DEFINED_TRANSFORMATION ( 'NONE', 'NONE', #575,  #1549 ) ;
#1275 = VECTOR ( 'NONE', #1011, 100.0000000000000000 ) ;
#1276 = CARTESIAN_POINT ( 'NONE',  ( 0.01250000000000001110, 0.01754181956520039012, -0.06374554973491942944 ) ) ;
#1277 = STYLED_ITEM ( 'NONE', ( #1649 ), #2936 ) ;
#1278 = DIRECTION ( 'NONE',  ( -2.710505431213765818E-15, 0.2606718782874311580, 0.9654274555191098006 ) ) ;
#1279 = SURFACE_SIDE_STYLE ('',( #2863 ) ) ;
#1280 = ORIENTED_EDGE ( 'NONE', *, *, #801, .F. ) ;
#1281 = CARTESIAN_POINT ( 'NONE',  ( 0.01308578643762690549, 0.02006074971341707119, -0.0003821937686116100861 ) ) ;
#1282 = FILL_AREA_STYLE ('',( #1523 ) ) ;
#1283 = COLOUR_RGB ( '',0.1254901960784313708, 0.1254901960784313708, 0.1254901960784313708 ) ;
#1284 = DIRECTION ( 'NONE',  ( 1.000000000000000000, 0.0000000000000000000, 0.0000000000000000000 ) ) ;
#1285 = FILL_AREA_STYLE_COLOUR ( '', #3253 ) ;
#1286 = CIRCLE ( 'NONE', #3341, 0.05000000000000000278 ) ;
#1287 = DIRECTION ( 'NONE',  ( -0.7071067811865474617, 0.0000000000000000000, -0.7071067811865476838 ) ) ;
#1288 = ORIENTED_EDGE ( 'NONE', *, *, #1485, .F. ) ;
#1289 = PRESENTATION_STYLE_ASSIGNMENT (( #3140 ) ) ;
#1290 = AXIS2_PLACEMENT_3D ( 'NONE', #3067, #507, #492 ) ;
#1291 = EDGE_CURVE ( 'NONE', #3810, #2945, #2177, .T. ) ;
#1292 = LINE ( 'NONE', #1327, #2930 ) ;
#1293 = UNCERTAINTY_MEASURE_WITH_UNIT (LENGTH_MEASURE( 1.000000000000000082E-05 ), #2560, 'distance_accuracy_value', 'NONE');
#1294 = DIRECTION ( 'NONE',  ( -3.718265416196989948E-32, -0.06104853953485688683, 0.9981347984218669200 ) ) ;
#1295 = ORIENTED_EDGE ( 'NONE', *, *, #146, .T. ) ;
#1296 = EDGE_CURVE ( 'NONE', #2113, #2295, #3866, .T. ) ;
#1297 = SURFACE_STYLE_FILL_AREA ( #3498 ) ;
#1298 = FILL_AREA_STYLE_COLOUR ( '', #485 ) ;
#1299 = ITEM_DEFINED_TRANSFORMATION ( 'NONE', 'NONE', #1417,  #1549 ) ;
#1300 = CARTESIAN_POINT ( 'NONE',  ( -0.01349999999999999985, 0.04058487860451449880, -0.06996732999083349336 ) ) ;
#1301 = CARTESIAN_POINT ( 'NONE',  ( -0.4500000000000002331, 0.09749999999999990619, 0.5000000000000001110 ) ) ;
#1302 = DIRECTION ( 'NONE',  ( 1.000000000000000000, 0.0000000000000000000, -3.491483361109380094E-15 ) ) ;
#1303 = CARTESIAN_POINT ( 'NONE',  ( -0.01250000000000000069, 0.03229800709190899788, -0.03665550093680580018 ) ) ;
#1304 = PLANE ( 'NONE',  #3803 ) ;
#1305 = UNCERTAINTY_MEASURE_WITH_UNIT (LENGTH_MEASURE( 1.000000000000000082E-05 ), #2529, 'distance_accuracy_value', 'NONE');
#1306 = ORIENTED_EDGE ( 'NONE', *, *, #1338, .F. ) ;
#1307 = SURFACE_STYLE_USAGE ( .BOTH. , #1634 ) ;
#1308 = COLOUR_RGB ( '',0.7529411764705882248, 0.7529411764705882248, 0.7529411764705882248 ) ;
#1309 = CONTEXT_DEPENDENT_SHAPE_REPRESENTATION ( #3707, #3174 ) ;
#1310 = CARTESIAN_POINT ( 'NONE',  ( 0.01350000000000000158, 0.09684314575050763374, -0.1495857864376268775 ) ) ;
#1311 = CYLINDRICAL_SURFACE ( 'NONE', #729, 0.01000000000000000541 ) ;
#1312 = EDGE_CURVE ( 'NONE', #3783, #3393, #983, .T. ) ;
#1313 = ADVANCED_FACE ( 'NONE', ( #570 ), #2534, .T. ) ;
#1314 = AXIS2_PLACEMENT_3D ( 'NONE', #1403, #1142, #3004 ) ;
#1315 = STYLED_ITEM ( 'NONE', ( #1145 ), #165 ) ;
#1316 = ORIENTED_EDGE ( 'NONE', *, *, #2575, .T. ) ;
#1317 =( NAMED_UNIT ( * ) SI_UNIT ( $, .STERADIAN. ) SOLID_ANGLE_UNIT ( ) );
#1318 = DIRECTION ( 'NONE',  ( 0.0000000000000000000, 1.000000000000000000, 8.470329472543003391E-16 ) ) ;
#1319 = DIRECTION ( 'NONE',  ( 3.231085104332679983E-15, 0.0000000000000000000, -1.000000000000000000 ) ) ;
#1320 = CIRCLE ( 'NONE', #2180, 0.001000000000000000021 ) ;
#1321 = DIRECTION ( 'NONE',  ( 0.0000000000000000000, 1.000000000000000000, 0.0000000000000000000 ) ) ;
#1322 = DIRECTION ( 'NONE',  ( 0.0000000000000000000, -0.9654274555191098006, 0.2606718782874310469 ) ) ;
#1323 = AXIS2_PLACEMENT_3D ( 'NONE', #1574, #1221, #2848 ) ;
#1324 = VECTOR ( 'NONE', #2386, 100.0000000000000000 ) ;
#1325 = ORIENTED_EDGE ( 'NONE', *, *, #563, .F. ) ;
#1326 = SURFACE_STYLE_FILL_AREA ( #674 ) ;
#1327 = CARTESIAN_POINT ( 'NONE',  ( 0.3393933982822018858, 0.1600000000000001421, -0.5893933982822018303 ) ) ;
#1328 = STYLED_ITEM ( 'NONE', ( #964 ), #1630 ) ;
#1329 = VECTOR ( 'NONE', #2916, 100.0000000000000000 ) ;
#1330 = DIRECTION ( 'NONE',  ( 0.0000000000000000000, 0.9981347984218671421, 0.06104853953485449986 ) ) ;
#1331 = EDGE_LOOP ( 'NONE', ( #2264, #2980, #3552, #1144 ) ) ;
#1332 = MECHANICAL_DESIGN_GEOMETRIC_PRESENTATION_REPRESENTATION (  '', ( #2261 ), #990 ) ;
#1333 =( GEOMETRIC_REPRESENTATION_CONTEXT ( 3 ) GLOBAL_UNCERTAINTY_ASSIGNED_CONTEXT ( ( #2772 ) ) GLOBAL_UNIT_ASSIGNED_CONTEXT ( ( #1251, #1871, #972 ) ) REPRESENTATION_CONTEXT ( 'NONE', 'WORKASPACE' ) );
#1334 = PRESENTATION_LAYER_ASSIGNMENT (  '', '', ( #3261 ) ) ;
#1335 = DIRECTION ( 'NONE',  ( 1.000000000000000000, 1.231653667943530079E-16, 0.0000000000000000000 ) ) ;
#1336 = DIRECTION ( 'NONE',  ( 2.874346529150452681E-17, -0.2333729524753241358, 0.9723873019805174822 ) ) ;
#1337 = VECTOR ( 'NONE', #2088, 100.0000000000000000 ) ;
#1338 = EDGE_CURVE ( 'NONE', #1040, #783, #2510, .T. ) ;
#1339 = UNCERTAINTY_MEASURE_WITH_UNIT (LENGTH_MEASURE( 1.000000000000000082E-05 ), #2561, 'distance_accuracy_value', 'NONE');
#1340 = DIRECTION ( 'NONE',  ( -3.279322939077849880E-32, -0.0000000000000000000, 1.000000000000000000 ) ) ;
#1341 = CYLINDRICAL_SURFACE ( 'NONE', #725, 0.001000000000000002623 ) ;
#1342 =( GEOMETRIC_REPRESENTATION_CONTEXT ( 3 ) GLOBAL_UNCERTAINTY_ASSIGNED_CONTEXT ( ( #1256 ) ) GLOBAL_UNIT_ASSIGNED_CONTEXT ( ( #1500, #3832, #582 ) ) REPRESENTATION_CONTEXT ( 'NONE', 'WORKASPACE' ) );
#1343 = DIRECTION ( 'NONE',  ( 1.000000000000000000, 0.0000000000000000000, -3.491483361109380094E-15 ) ) ;
#1344 =( GEOMETRIC_REPRESENTATION_CONTEXT ( 3 ) GLOBAL_UNCERTAINTY_ASSIGNED_CONTEXT ( ( #344 ) ) GLOBAL_UNIT_ASSIGNED_CONTEXT ( ( #3864, #1224, #3819 ) ) REPRESENTATION_CONTEXT ( 'NONE', 'WORKASPACE' ) );
#1345 = VERTEX_POINT ( 'NONE', #1608 ) ;
#1346 = COLOUR_RGB ( '',0.1254901960784313708, 0.1254901960784313708, 0.1254901960784313708 ) ;
#1347 = ORIENTED_EDGE ( 'NONE', *, *, #2959, .T. ) ;
#1348 = DIRECTION ( 'NONE',  ( -7.893034146598111246E-32, -0.9654274555191101337, 0.2606718782874300477 ) ) ;
#1349 = CARTESIAN_POINT ( 'NONE',  ( 0.0000000000000000000, 0.0000000000000000000, 0.0000000000000000000 ) ) ;
#1350 = LINE ( 'NONE', #948, #2198 ) ;
#1351 = CARTESIAN_POINT ( 'NONE',  ( -2.709997547703030049E-17, 0.09749999999999990619, -0.5000000000000000000 ) ) ;
#1352 = VERTEX_POINT ( 'NONE', #597 ) ;
#1353 =( REPRESENTATION_RELATIONSHIP ('NONE','NONE', #661, #1064 ) REPRESENTATION_RELATIONSHIP_WITH_TRANSFORMATION ( #1848 )SHAPE_REPRESENTATION_RELATIONSHIP( ) );
#1354 = CONTEXT_DEPENDENT_SHAPE_REPRESENTATION ( #2838, #1371 ) ;
#1355 = AXIS2_PLACEMENT_3D ( 'NONE', #980, #3856, #2886 ) ;
#1356 = DIRECTION ( 'NONE',  ( 3.718265416196989948E-32, 0.06104853953485710194, -0.9981347984218670311 ) ) ;
#1357 = FILL_AREA_STYLE_COLOUR ( '', #2078 ) ;
#1358 = VERTEX_POINT ( 'NONE', #2875 ) ;
#1359 = DIRECTION ( 'NONE',  ( 3.231085104332679983E-15, 0.0000000000000000000, -1.000000000000000000 ) ) ;
#1360 = ORIENTED_EDGE ( 'NONE', *, *, #623, .F. ) ;
#1361 = EDGE_CURVE ( 'NONE', #504, #1692, #2865, .T. ) ;
#1362 = ORIENTED_EDGE ( 'NONE', *, *, #623, .T. ) ;
#1363 = EDGE_CURVE ( 'NONE', #3747, #2945, #1058, .T. ) ;
#1364 = SURFACE_STYLE_FILL_AREA ( #99 ) ;
#1365 = CARTESIAN_POINT ( 'NONE',  ( -0.01349999999999999985, 0.07849999999999997258, -0.08242397711235847912 ) ) ;
#1366 = EDGE_LOOP ( 'NONE', ( #1511, #3139, #566, #3156 ) ) ;
#1367 = DIRECTION ( 'NONE',  ( -0.7071067811865471286, -0.0000000000000000000, 0.7071067811865480168 ) ) ;
#1368 = PRESENTATION_STYLE_ASSIGNMENT (( #2338 ) ) ;
#1369 =( REPRESENTATION_RELATIONSHIP ('NONE','NONE', #661, #1064 ) REPRESENTATION_RELATIONSHIP_WITH_TRANSFORMATION ( #3422 )SHAPE_REPRESENTATION_RELATIONSHIP( ) );
#1370 = CARTESIAN_POINT ( 'NONE',  ( 0.01250000000000000069, 6.489650878479516147E-05, -0.001061048539534873792 ) ) ;
#1371 = PRODUCT_DEFINITION_SHAPE ( 'NONE', 'NONE',  #4132 ) ;
#1372 = CARTESIAN_POINT ( 'NONE',  ( 0.4437867965644032298, 0.01500000000000006710, -0.4850000000000000977 ) ) ;
#1373 = AXIS2_PLACEMENT_3D ( 'NONE', #2956, #1377, #2976 ) ;
#1374 = ORIENTED_EDGE ( 'NONE', *, *, #3090, .T. ) ;
#1375 = PRESENTATION_STYLE_ASSIGNMENT (( #2644 ) ) ;
#1376 = LINE ( 'NONE', #2257, #676 ) ;
#1377 = DIRECTION ( 'NONE',  ( -1.000000000000000000, 0.0000000000000000000, -1.836909530733570078E-16 ) ) ;
#1378 = EDGE_CURVE ( 'NONE', #2611, #2808, #1580, .T. ) ;
#1379 = AXIS2_PLACEMENT_3D ( 'NONE', #158, #1123, #3969 ) ;
#1380 = ORIENTED_EDGE ( 'NONE', *, *, #3630, .F. ) ;
#1381 = CARTESIAN_POINT ( 'NONE',  ( 0.01350000000000002934, 0.02511249596446368110, -0.04550251769761892023 ) ) ;
#1382 = VERTEX_POINT ( 'NONE', #3951 ) ;
#1383 = CARTESIAN_POINT ( 'NONE',  ( -0.01250000000000000069, 0.09650000000000001632, -0.1489999999999999936 ) ) ;
#1384 = PRESENTATION_LAYER_ASSIGNMENT (  '', '', ( #915 ) ) ;
#1385 = ADVANCED_FACE ( 'NONE', ( #677 ), #2572, .T. ) ;
#1386 = DIRECTION ( 'NONE',  ( -7.893034146598117815E-32, -0.9654274555191083573, 0.2606718782874365981 ) ) ;
#1387 = CARTESIAN_POINT ( 'NONE',  ( 0.01250000000000001457, 0.04058487860451449880, -0.06996732999083349336 ) ) ;
#1388 = ORIENTED_EDGE ( 'NONE', *, *, #1485, .T. ) ;
#1389 = AXIS2_PLACEMENT_3D ( 'NONE', #1092, #3670, #3323 ) ;
#1390 = SURFACE_SIDE_STYLE ('',( #3290 ) ) ;
#1391 = CARTESIAN_POINT ( 'NONE',  ( -0.3499999999999999778, 0.1600000000000000033, 0.4000000000000000222 ) ) ;
#1392 = SURFACE_SIDE_STYLE ('',( #2951 ) ) ;
#1393 = MECHANICAL_DESIGN_GEOMETRIC_PRESENTATION_REPRESENTATION (  '', ( #411 ), #1333 ) ;
#1394 = DIRECTION ( 'NONE',  ( -7.893034146598111246E-32, -0.9654274555191101337, 0.2606718782874300477 ) ) ;
#1395 = VECTOR ( 'NONE', #3746, 100.0000000000000000 ) ;
#1396 = VECTOR ( 'NONE', #1705, 100.0000000000000000 ) ;
#1397 = DIRECTION ( 'NONE',  ( 0.0000000000000000000, 0.9981347984218671421, 0.06104853953485449986 ) ) ;
#1398 = CARTESIAN_POINT ( 'NONE',  ( -0.01349999999999999985, 0.001063031307206660156, 5.060115359665811793E-18 ) ) ;
#1399 = ORIENTED_EDGE ( 'NONE', *, *, #1124, .F. ) ;
#1400 = MECHANICAL_DESIGN_GEOMETRIC_PRESENTATION_REPRESENTATION (  '', ( #2665 ), #3266 ) ;
#1401 = FACE_OUTER_BOUND ( 'NONE', #2671, .T. ) ;
#1402 =( LENGTH_UNIT ( ) NAMED_UNIT ( * ) SI_UNIT ( .CENTI., .METRE. ) );
#1403 = CARTESIAN_POINT ( 'NONE',  ( -0.5999999999999999778, 0.0000000000000000000, -0.2250000000000000333 ) ) ;
#1404 = COLOUR_RGB ( '',0.7529411764705882248, 0.7529411764705882248, 0.7529411764705882248 ) ;
#1405 =( NAMED_UNIT ( * ) PLANE_ANGLE_UNIT ( ) SI_UNIT ( $, .RADIAN. ) );
#1406 = ORIENTED_EDGE ( 'NONE', *, *, #2480, .F. ) ;
#1407 = DIRECTION ( 'NONE',  ( 0.2322901742829640570, 0.9678757261790229549, -0.09621774059402414536 ) ) ;
#1408 = STYLED_ITEM ( 'NONE', ( #1125 ), #3403 ) ;
#1409 = ORIENTED_EDGE ( 'NONE', *, *, #3344, .T. ) ;
#1410 = CARTESIAN_POINT ( 'NONE',  ( 0.01250000000000000069, 0.07076165534555180214, -0.1489999999999999936 ) ) ;
#1411 = EDGE_CURVE ( 'NONE', #848, #961, #1948, .T. ) ;
#1412 = PRODUCT_DEFINITION_SHAPE ( 'NONE', 'NONE',  #4130 ) ;
#1413 = SURFACE_STYLE_USAGE ( .BOTH. , #3365 ) ;
#1414 = EDGE_CURVE ( 'NONE', #900, #3424, #3620, .T. ) ;
#1415 = CARTESIAN_POINT ( 'NONE',  ( -0.01349999999999999985, 0.02131852430926841832, -0.03732703487168929218 ) ) ;
#1416 = ITEM_DEFINED_TRANSFORMATION ( 'NONE', 'NONE', #704,  #1549 ) ;
#1417 = AXIS2_PLACEMENT_3D ( 'NONE', #2405, #1106, #821 ) ;
#1418 = PRODUCT_DEFINITION_CONTEXT ( 'detailed design', #1962, 'design' ) ;
#1419 = FILL_AREA_STYLE ('',( #3938 ) ) ;
#1420 =( NAMED_UNIT ( * ) PLANE_ANGLE_UNIT ( ) SI_UNIT ( $, .RADIAN. ) );
#1421 = FILL_AREA_STYLE_COLOUR ( '', #2061 ) ;
#1422 = FILL_AREA_STYLE ('',( #3023 ) ) ;
#1423 = CARTESIAN_POINT ( 'NONE',  ( -0.5999999999999999778, 0.0000000000000000000, 0.1749999999999999889 ) ) ;
#1424 = PRESENTATION_STYLE_ASSIGNMENT (( #1440 ) ) ;
#1425 = ORIENTED_EDGE ( 'NONE', *, *, #3172, .T. ) ;
#1426 = SURFACE_STYLE_FILL_AREA ( #3379 ) ;
#1427 =( REPRESENTATION_RELATIONSHIP ('NONE','NONE', #661, #1064 ) REPRESENTATION_RELATIONSHIP_WITH_TRANSFORMATION ( #3578 )SHAPE_REPRESENTATION_RELATIONSHIP( ) );
#1428 = FACE_OUTER_BOUND ( 'NONE', #1898, .T. ) ;
#1429 = SURFACE_SIDE_STYLE ('',( #2132 ) ) ;
#1430 = SURFACE_STYLE_FILL_AREA ( #2770 ) ;
#1431 =( NAMED_UNIT ( * ) PLANE_ANGLE_UNIT ( ) SI_UNIT ( $, .RADIAN. ) );
#1432 =( NAMED_UNIT ( * ) PLANE_ANGLE_UNIT ( ) SI_UNIT ( $, .RADIAN. ) );
#1433 = PRESENTATION_STYLE_ASSIGNMENT (( #1112 ) ) ;
#1434 = CONTEXT_DEPENDENT_SHAPE_REPRESENTATION ( #3770, #827 ) ;
#1435 = SURFACE_STYLE_FILL_AREA ( #2118 ) ;
#1436 = EDGE_CURVE ( 'NONE', #435, #2536, #763, .T. ) ;
#1437 = SURFACE_SIDE_STYLE ('',( #3659 ) ) ;
#1438 = ADVANCED_FACE ( 'NONE', ( #2036 ), #3861, .T. ) ;
#1439 = EDGE_CURVE ( 'NONE', #3205, #2219, #3219, .T. ) ;
#1440 = SURFACE_STYLE_USAGE ( .BOTH. , #171 ) ;
#1441 = SURFACE_STYLE_FILL_AREA ( #1759 ) ;
#1442 = DIRECTION ( 'NONE',  ( 2.874346529150452681E-17, -0.2333729524753241358, -0.9723873019805174822 ) ) ;
#1443 =( LENGTH_UNIT ( ) NAMED_UNIT ( * ) SI_UNIT ( .CENTI., .METRE. ) );
#1444 = SURFACE_STYLE_FILL_AREA ( #3653 ) ;
#1445 =( NAMED_UNIT ( * ) PLANE_ANGLE_UNIT ( ) SI_UNIT ( $, .RADIAN. ) );
#1446 = PRESENTATION_STYLE_ASSIGNMENT (( #1149 ) ) ;
#1447 =( REPRESENTATION_RELATIONSHIP ('NONE','NONE', #661, #1064 ) REPRESENTATION_RELATIONSHIP_WITH_TRANSFORMATION ( #3849 )SHAPE_REPRESENTATION_RELATIONSHIP( ) );
#1448 = STYLED_ITEM ( 'NONE', ( #3018 ), #322 ) ;
#1449 = FILL_AREA_STYLE ('',( #178 ) ) ;
#1450 = CARTESIAN_POINT ( 'NONE',  ( -0.01250000000000000069, 0.07076165534555181602, -0.1499999999999999944 ) ) ;
#1451 = VECTOR ( 'NONE', #2800, 100.0000000000000000 ) ;
#1452 = CYLINDRICAL_SURFACE ( 'NONE', #2354, 0.0009999999999999982861 ) ;
#1453 = CONTEXT_DEPENDENT_SHAPE_REPRESENTATION ( #498, #790 ) ;
#1454 = UNCERTAINTY_MEASURE_WITH_UNIT (LENGTH_MEASURE( 1.000000000000000082E-05 ), #3304, 'distance_accuracy_value', 'NONE');
#1455 = DIRECTION ( 'NONE',  ( 3.279322939077849880E-32, 1.625387360916020109E-16, -1.000000000000000000 ) ) ;
#1456 = PRODUCT_DEFINITION_SHAPE ( 'NONE', 'NONE',  #4109 ) ;
#1457 =( GEOMETRIC_REPRESENTATION_CONTEXT ( 3 ) GLOBAL_UNCERTAINTY_ASSIGNED_CONTEXT ( ( #3128 ) ) GLOBAL_UNIT_ASSIGNED_CONTEXT ( ( #3534, #3789, #360 ) ) REPRESENTATION_CONTEXT ( 'NONE', 'WORKASPACE' ) );
#1458 = EDGE_CURVE ( 'NONE', #361, #1382, #1520, .T. ) ;
#1459 = UNCERTAINTY_MEASURE_WITH_UNIT (LENGTH_MEASURE( 1.000000000000000082E-05 ), #4010, 'distance_accuracy_value', 'NONE');
#1460 = SURFACE_STYLE_FILL_AREA ( #3377 ) ;
#1461 =( GEOMETRIC_REPRESENTATION_CONTEXT ( 3 ) GLOBAL_UNCERTAINTY_ASSIGNED_CONTEXT ( ( #1305 ) ) GLOBAL_UNIT_ASSIGNED_CONTEXT ( ( #2529, #2771, #2825 ) ) REPRESENTATION_CONTEXT ( 'NONE', 'WORKASPACE' ) );
#1462 = ORIENTED_EDGE ( 'NONE', *, *, #2093, .F. ) ;
#1463 = FILL_AREA_STYLE_COLOUR ( '', #2211 ) ;
#1464 = SHAPE_REPRESENTATION_RELATIONSHIP ( 'NONE' , 'NONE' ,  #1064, #292 ) ;
#1465 = SURFACE_SIDE_STYLE ('',( #1444 ) ) ;
#1466 = CARTESIAN_POINT ( 'NONE',  ( -0.01350000000000000158, 0.07815685424949236904, -0.1495857864376268775 ) ) ;
#1467 = CARTESIAN_POINT ( 'NONE',  ( 0.01308578643762690549, 0.07749999999999999944, -0.1489999999999999936 ) ) ;
#1468 = CIRCLE ( 'NONE', #1134, 0.001000000000000002623 ) ;
#1469 = ORIENTED_EDGE ( 'NONE', *, *, #3344, .F. ) ;
#1470 = FILL_AREA_STYLE ('',( #1828 ) ) ;
#1471 = VECTOR ( 'NONE', #3547, 100.0000000000000000 ) ;
#1472 = CARTESIAN_POINT ( 'NONE',  ( -0.4849999999999999867, 0.1600000000000000033, -0.5000000000000000000 ) ) ;
#1473 = ITEM_DEFINED_TRANSFORMATION ( 'NONE', 'NONE', #3180,  #1549 ) ;
#1474 =( GEOMETRIC_REPRESENTATION_CONTEXT ( 3 ) GLOBAL_UNCERTAINTY_ASSIGNED_CONTEXT ( ( #2341 ) ) GLOBAL_UNIT_ASSIGNED_CONTEXT ( ( #1254, #3484, #1586 ) ) REPRESENTATION_CONTEXT ( 'NONE', 'WORKASPACE' ) );
#1475 =( LENGTH_UNIT ( ) NAMED_UNIT ( * ) SI_UNIT ( .CENTI., .METRE. ) );
#1476 = PRESENTATION_STYLE_ASSIGNMENT (( #2081 ) ) ;
#1477 = PRESENTATION_LAYER_ASSIGNMENT (  '', '', ( #1547 ) ) ;
#1478 = CARTESIAN_POINT ( 'NONE',  ( -0.5999999999999999778, 0.0000000000000000000, -0.02500000000000000139 ) ) ;
#1479 = FACE_OUTER_BOUND ( 'NONE', #971, .T. ) ;
#1480 = AXIS2_PLACEMENT_3D ( 'NONE', #1621, #944, #3758 ) ;
#1481 = EDGE_LOOP ( 'NONE', ( #1388, #1554, #108, #3571 ) ) ;
#1482 = CARTESIAN_POINT ( 'NONE',  ( -0.4500000000000001221, 0.07749999999999990230, -0.5000000000000000000 ) ) ;
#1483 = DIRECTION ( 'NONE',  ( 0.0000000000000000000, 0.0000000000000000000, 1.000000000000000000 ) ) ;
#1484 = EDGE_CURVE ( 'NONE', #3468, #4021, #3450, .T. ) ;
#1485 = EDGE_CURVE ( 'NONE', #336, #41, #1851, .T. ) ;
#1486 = LINE ( 'NONE', #238, #199 ) ;
#1487 = DIRECTION ( 'NONE',  ( 0.0000000000000000000, 0.0000000000000000000, -1.000000000000000000 ) ) ;
#1488 = DIRECTION ( 'NONE',  ( -0.7071067811865471286, -0.0000000000000000000, -0.7071067811865480168 ) ) ;
#1489 = DIRECTION ( 'NONE',  ( 0.09621774059400672874, 0.9678757261790248423, -0.2322901742829641125 ) ) ;
#1490 = ORIENTED_EDGE ( 'NONE', *, *, #2094, .F. ) ;
#1491 = DIRECTION ( 'NONE',  ( 1.000000000000000000, 0.0000000000000000000, 0.0000000000000000000 ) ) ;
#1492 = FILL_AREA_STYLE ('',( #3419 ) ) ;
#1493 = CARTESIAN_POINT ( 'NONE',  ( -0.01250000000000000069, 0.02131852430926845995, -0.03732703487168925749 ) ) ;
#1494 = DIRECTION ( 'NONE',  ( 0.0000000000000000000, 0.0000000000000000000, -1.000000000000000000 ) ) ;
#1495 = DIRECTION ( 'NONE',  ( 0.7071067811865471286, 0.0000000000000000000, -0.7071067811865480168 ) ) ;
#1496 = UNCERTAINTY_MEASURE_WITH_UNIT (LENGTH_MEASURE( 1.000000000000000082E-05 ), #2605, 'distance_accuracy_value', 'NONE');
#1497 = CARTESIAN_POINT ( 'NONE',  ( -0.01349999999999999985, 0.01942341823481138000, -0.0004142135623729980231 ) ) ;
#1498 =( LENGTH_UNIT ( ) NAMED_UNIT ( * ) SI_UNIT ( .CENTI., .METRE. ) );
#1499 = ORIENTED_EDGE ( 'NONE', *, *, #2704, .T. ) ;
#1500 =( LENGTH_UNIT ( ) NAMED_UNIT ( * ) SI_UNIT ( .CENTI., .METRE. ) );
#1501 = DIRECTION ( 'NONE',  ( 0.0000000000000000000, 0.2606718782874311580, 0.9654274555191098006 ) ) ;
#1502 = DIRECTION ( 'NONE',  ( 0.0000000000000000000, 0.0000000000000000000, 1.000000000000000000 ) ) ;
#1503 = DIRECTION ( 'NONE',  ( 1.000000000000000000, 0.0000000000000000000, 0.0000000000000000000 ) ) ;
#1504 = ORIENTED_EDGE ( 'NONE', *, *, #2663, .F. ) ;
#1505 = DIRECTION ( 'NONE',  ( 1.000000000000000000, 0.0000000000000000000, 0.0000000000000000000 ) ) ;
#1506 = DIRECTION ( 'NONE',  ( 7.290249346361470286E-32, 1.000000000000000000, 6.938893903907229955E-15 ) ) ;
#1507 = CARTESIAN_POINT ( 'NONE',  ( 0.01349999999999999985, 0.07849999999999998646, -0.1495857864376269053 ) ) ;
#1508 = EDGE_CURVE ( 'NONE', #3747, #3888, #476, .T. ) ;
#1509 = CYLINDRICAL_SURFACE ( 'NONE', #2647, 0.001000000000000000021 ) ;
#1510 = CARTESIAN_POINT ( 'NONE',  ( 0.01250000000000001110, 0.08271343756574851824, -0.06062611087128476350 ) ) ;
#1511 = ORIENTED_EDGE ( 'NONE', *, *, #3426, .T. ) ;
#1512 = CARTESIAN_POINT ( 'NONE',  ( -0.01249999999999999896, 0.07749999999999998557, -0.08289386092911997517 ) ) ;
#1513 = MECHANICAL_DESIGN_GEOMETRIC_PRESENTATION_REPRESENTATION (  '', ( #2849 ), #2642 ) ;
#1514 = PRODUCT_DEFINITION_SHAPE ( 'NONE', 'NONE',  #4101 ) ;
#1515 = CYLINDRICAL_SURFACE ( 'NONE', #3523, 0.001000000000000002623 ) ;
#1516 = CIRCLE ( 'NONE', #1323, 0.001000000000000000021 ) ;
#1517 = MECHANICAL_DESIGN_GEOMETRIC_PRESENTATION_REPRESENTATION (  '', ( #3520 ), #3646 ) ;
#1518 = SURFACE_STYLE_FILL_AREA ( #2213 ) ;
#1519 = APPLICATION_PROTOCOL_DEFINITION ( 'draft international standard', 'automotive_design', 1998, #2891 ) ;
#1520 = CIRCLE ( 'NONE', #1389, 0.001000000000000002623 ) ;
#1521 = PRESENTATION_LAYER_ASSIGNMENT (  '', '', ( #2323 ) ) ;
#1522 = CARTESIAN_POINT ( 'NONE',  ( 0.01349999999999999985, 0.01909666767421789452, -0.0004142135623730048536 ) ) ;
#1523 = FILL_AREA_STYLE_COLOUR ( '', #1346 ) ;
#1524 = DIRECTION ( 'NONE',  ( -3.491483361109380094E-15, 0.0000000000000000000, -1.000000000000000000 ) ) ;
#1525 =( GEOMETRIC_REPRESENTATION_CONTEXT ( 3 ) GLOBAL_UNCERTAINTY_ASSIGNED_CONTEXT ( ( #1459 ) ) GLOBAL_UNIT_ASSIGNED_CONTEXT ( ( #4010, #3990, #2752 ) ) REPRESENTATION_CONTEXT ( 'NONE', 'WORKASPACE' ) );
#1526 = CARTESIAN_POINT ( 'NONE',  ( -0.01349999999999999638, 0.001063031307206659722, -0.0009999999999999995871 ) ) ;
#1527 = CARTESIAN_POINT ( 'NONE',  ( -0.4999999999999999445, 0.08749999999999991118, -0.4499999999999999556 ) ) ;
#1528 = VERTEX_POINT ( 'NONE', #2682 ) ;
#1529 =( NAMED_UNIT ( * ) PLANE_ANGLE_UNIT ( ) SI_UNIT ( $, .RADIAN. ) );
#1530 = ORIENTED_EDGE ( 'NONE', *, *, #3955, .F. ) ;
#1531 = CARTESIAN_POINT ( 'NONE',  ( 0.01349999999999999811, 0.09107190170196842460, -0.06391876277155343622 ) ) ;
#1532 = VECTOR ( 'NONE', #4048, 100.0000000000000000 ) ;
#1533 = UNCERTAINTY_MEASURE_WITH_UNIT (LENGTH_MEASURE( 1.000000000000000082E-05 ), #2051, 'distance_accuracy_value', 'NONE');
#1534 = LINE ( 'NONE', #334, #2773 ) ;
#1535 = PRESENTATION_STYLE_ASSIGNMENT (( #3454 ) ) ;
#1536 =( NAMED_UNIT ( * ) SI_UNIT ( $, .STERADIAN. ) SOLID_ANGLE_UNIT ( ) );
#1537 = SURFACE_STYLE_USAGE ( .BOTH. , #313 ) ;
#1538 = FACE_OUTER_BOUND ( 'NONE', #1727, .T. ) ;
#1539 = AXIS2_PLACEMENT_3D ( 'NONE', #3239, #3618, #1028 ) ;
#1540 = FILL_AREA_STYLE ('',( #1830 ) ) ;
#1541 = EDGE_CURVE ( 'NONE', #138, #3283, #3027, .T. ) ;
#1542 = CARTESIAN_POINT ( 'NONE',  ( 0.01250000000000000069, 0.08245276568746111312, -0.06159153832680386992 ) ) ;
#1543 = CONTEXT_DEPENDENT_SHAPE_REPRESENTATION ( #3020, #574 ) ;
#1544 = STYLED_ITEM ( 'NONE', ( #1966 ), #3529 ) ;
#1545 = PRODUCT_DEFINITION_SHAPE ( 'NONE', 'NONE',  #4079 ) ;
#1546 = EDGE_LOOP ( 'NONE', ( #3568, #1661, #3740, #2159 ) ) ;
#1547 = STYLED_ITEM ( 'NONE', ( #66 ), #3905 ) ;
#1548 = DIRECTION ( 'NONE',  ( -3.491483361109380094E-15, 0.0000000000000000000, -1.000000000000000000 ) ) ;
#1549 = AXIS2_PLACEMENT_3D ( 'NONE', #1047, #2016, #117 ) ;
#1550 = CYLINDRICAL_SURFACE ( 'NONE', #3939, 0.02000000000000001082 ) ;
#1551 = ORIENTED_EDGE ( 'NONE', *, *, #475, .F. ) ;
#1552 = LINE ( 'NONE', #927, #2523 ) ;
#1553 = SURFACE_SIDE_STYLE ('',( #2158 ) ) ;
#1554 = ORIENTED_EDGE ( 'NONE', *, *, #1723, .T. ) ;
#1555 = LINE ( 'NONE', #2829, #2732 ) ;
#1556 = CONTEXT_DEPENDENT_SHAPE_REPRESENTATION ( #3921, #3214 ) ;
#1557 = CARTESIAN_POINT ( 'NONE',  ( 0.01349999999999999985, 0.09650000000000001632, -0.1489999999999999936 ) ) ;
#1558 =( REPRESENTATION_RELATIONSHIP ('NONE','NONE', #661, #1064 ) REPRESENTATION_RELATIONSHIP_WITH_TRANSFORMATION ( #2785 )SHAPE_REPRESENTATION_RELATIONSHIP( ) );
#1559 = PRESENTATION_STYLE_ASSIGNMENT (( #974 ) ) ;
#1560 = CONTEXT_DEPENDENT_SHAPE_REPRESENTATION ( #4022, #2409 ) ;
#1561 = EDGE_CURVE ( 'NONE', #1122, #1959, #1747, .T. ) ;
#1562 = ADVANCED_FACE ( 'NONE', ( #1428 ), #3050, .T. ) ;
#1563 =( NAMED_UNIT ( * ) PLANE_ANGLE_UNIT ( ) SI_UNIT ( $, .RADIAN. ) );
#1564 = DIRECTION ( 'NONE',  ( -3.491483361109380094E-15, 0.0000000000000000000, -1.000000000000000000 ) ) ;
#1565 = CARTESIAN_POINT ( 'NONE',  ( -0.01349999999999999811, 0.004306482253088127210, -0.05402995420898026868 ) ) ;
#1566 = PRESENTATION_STYLE_ASSIGNMENT (( #3235 ) ) ;
#1567 = SURFACE_STYLE_FILL_AREA ( #1903 ) ;
#1568 = MECHANICAL_DESIGN_GEOMETRIC_PRESENTATION_REPRESENTATION (  '', ( #2758 ), #3305 ) ;
#1569 = ORIENTED_EDGE ( 'NONE', *, *, #2286, .F. ) ;
#1570 = EDGE_LOOP ( 'NONE', ( #611, #2747, #3487 ) ) ;
#1571 = FILL_AREA_STYLE_COLOUR ( '', #3956 ) ;
#1572 = UNCERTAINTY_MEASURE_WITH_UNIT (LENGTH_MEASURE( 1.000000000000000082E-05 ), #1798, 'distance_accuracy_value', 'NONE');
#1573 = DIRECTION ( 'NONE',  ( -0.6875816551701161572, 0.2333729524753201390, 0.6875816551701153800 ) ) ;
#1574 = CARTESIAN_POINT ( 'NONE',  ( 0.01250000000000000069, 0.07850000000000000033, -0.1489999999999999936 ) ) ;
#1575 = CARTESIAN_POINT ( 'NONE',  ( -0.01308578643762693498, 0.02231665910769033839, -0.03726598633215440909 ) ) ;
#1576 = ORIENTED_EDGE ( 'NONE', *, *, #95, .T. ) ;
#1577 = CARTESIAN_POINT ( 'NONE',  ( -0.01350000000000000505, 0.07791421356237307472, -0.08759269909673476906 ) ) ;
#1578 = PRODUCT_DEFINITION_SHAPE ( 'NONE', 'NONE',  #4094 ) ;
#1579 = SURFACE_SIDE_STYLE ('',( #3096 ) ) ;
#1580 = LINE ( 'NONE', #4053, #3898 ) ;
#1581 = MECHANICAL_DESIGN_GEOMETRIC_PRESENTATION_REPRESENTATION (  '', ( #1778 ), #2313 ) ;
#1582 = CARTESIAN_POINT ( 'NONE',  ( 0.01350000000000000158, 0.09650000000000000244, -0.1490000000000000213 ) ) ;
#1583 =( NAMED_UNIT ( * ) SI_UNIT ( $, .STERADIAN. ) SOLID_ANGLE_UNIT ( ) );
#1584 = CARTESIAN_POINT ( 'NONE',  ( 0.01350000000000000158, 0.07535741677482385437, -0.07832033755403748632 ) ) ;
#1585 =( GEOMETRIC_REPRESENTATION_CONTEXT ( 3 ) GLOBAL_UNCERTAINTY_ASSIGNED_CONTEXT ( ( #3116 ) ) GLOBAL_UNIT_ASSIGNED_CONTEXT ( ( #3349, #851, #205 ) ) REPRESENTATION_CONTEXT ( 'NONE', 'WORKASPACE' ) );
#1586 =( NAMED_UNIT ( * ) SI_UNIT ( $, .STERADIAN. ) SOLID_ANGLE_UNIT ( ) );
#1587 = CIRCLE ( 'NONE', #2854, 0.0009999999999999982861 ) ;
#1588 = MECHANICAL_DESIGN_GEOMETRIC_PRESENTATION_REPRESENTATION (  '', ( #855 ), #2514 ) ;
#1589 = FILL_AREA_STYLE ('',( #2218 ) ) ;
#1590 = EDGE_LOOP ( 'NONE', ( #2506, #3294, #2468 ) ) ;
#1591 = CARTESIAN_POINT ( 'NONE',  ( 0.01308578643762690549, 0.02009480247263976602, -0.0009389514604650454769 ) ) ;
#1592 = ADVANCED_FACE ( 'NONE', ( #2105 ), #3384, .T. ) ;
#1593 = DIRECTION ( 'NONE',  ( 1.000000000000000000, -7.290249346361489992E-32, 3.279322939077849880E-32 ) ) ;
#1594 = AXIS2_PLACEMENT_3D ( 'NONE', #236, #3781, #923 ) ;
#1595 = MECHANICAL_DESIGN_GEOMETRIC_PRESENTATION_REPRESENTATION (  '', ( #4004 ), #406 ) ;
#1596 = DIRECTION ( 'NONE',  ( -1.000000000000000000, -0.0000000000000000000, -0.0000000000000000000 ) ) ;
#1597 = MECHANICAL_DESIGN_GEOMETRIC_PRESENTATION_REPRESENTATION (  '', ( #3388 ), #2985 ) ;
#1598 = LINE ( 'NONE', #3089, #3320 ) ;
#1599 = AXIS2_PLACEMENT_3D ( 'NONE', #3868, #2210, #1917 ) ;
#1600 = ORIENTED_EDGE ( 'NONE', *, *, #2480, .T. ) ;
#1601 = FILL_AREA_STYLE_COLOUR ( '', #840 ) ;
#1602 = EDGE_CURVE ( 'NONE', #1970, #1352, #1182, .T. ) ;
#1603 = EDGE_LOOP ( 'NONE', ( #3444, #2166, #3265, #3044 ) ) ;
#1604 =( LENGTH_UNIT ( ) NAMED_UNIT ( * ) SI_UNIT ( .CENTI., .METRE. ) );
#1605 = CIRCLE ( 'NONE', #3847, 0.001000000000000002623 ) ;
#1606 = COLOUR_RGB ( '',0.7529411764705882248, 0.7529411764705882248, 0.7529411764705882248 ) ;
#1607 = FILL_AREA_STYLE ('',( #330 ) ) ;
#1608 = CARTESIAN_POINT ( 'NONE',  ( -0.01349999999999999985, 0.003790695960933523033, -0.04559692287569951791 ) ) ;
#1609 = PRESENTATION_LAYER_ASSIGNMENT (  '', '', ( #1127 ) ) ;
#1610 = EDGE_LOOP ( 'NONE', ( #710, #2573, #2882, #2922 ) ) ;
#1611 = FACE_OUTER_BOUND ( 'NONE', #1904, .T. ) ;
#1612 = ITEM_DEFINED_TRANSFORMATION ( 'NONE', 'NONE', #390,  #1549 ) ;
#1613 =( GEOMETRIC_REPRESENTATION_CONTEXT ( 3 ) GLOBAL_UNCERTAINTY_ASSIGNED_CONTEXT ( ( #3374 ) ) GLOBAL_UNIT_ASSIGNED_CONTEXT ( ( #1233, #1563, #2837 ) ) REPRESENTATION_CONTEXT ( 'NONE', 'WORKASPACE' ) );
#1614 = SURFACE_STYLE_FILL_AREA ( #341 ) ;
#1615 = CARTESIAN_POINT ( 'NONE',  ( -0.01349999999999999985, 0.08245276568746108536, -0.06159153832680390461 ) ) ;
#1616 = AXIS2_PLACEMENT_3D ( 'NONE', #4030, #844, #550 ) ;
#1617 = APPLICATION_PROTOCOL_DEFINITION ( 'draft international standard', 'automotive_design', 1998, #1962 ) ;
#1618 = ORIENTED_EDGE ( 'NONE', *, *, #2481, .F. ) ;
#1619 = CARTESIAN_POINT ( 'NONE',  ( -0.01250000000000000069, 0.07749999999999999944, -0.08759269909673479682 ) ) ;
#1620 =( GEOMETRIC_REPRESENTATION_CONTEXT ( 3 ) GLOBAL_UNCERTAINTY_ASSIGNED_CONTEXT ( ( #1496 ) ) GLOBAL_UNIT_ASSIGNED_CONTEXT ( ( #2605, #1024, #2955 ) ) REPRESENTATION_CONTEXT ( 'NONE', 'WORKASPACE' ) );
#1621 = CARTESIAN_POINT ( 'NONE',  ( 0.5999999999999999778, 0.0000000000000000000, 0.02500000000000000139 ) ) ;
#1622 = SURFACE_SIDE_STYLE ('',( #1968 ) ) ;
#1623 = VECTOR ( 'NONE', #2699, 100.0000000000000142 ) ;
#1624 = VERTEX_POINT ( 'NONE', #2505 ) ;
#1625 = FACE_OUTER_BOUND ( 'NONE', #1876, .T. ) ;
#1626 = AXIS2_PLACEMENT_3D ( 'NONE', #4024, #3048, #3358 ) ;
#1627 = DIRECTION ( 'NONE',  ( 1.000000000000000000, 0.0000000000000000000, 0.0000000000000000000 ) ) ;
#1628 = UNCERTAINTY_MEASURE_WITH_UNIT (LENGTH_MEASURE( 1.000000000000000082E-05 ), #3045, 'distance_accuracy_value', 'NONE');
#1629 = EDGE_CURVE ( 'NONE', #1031, #3783, #2223, .T. ) ;
#1630 = ADVANCED_FACE ( 'NONE', ( #4066 ), #1550, .T. ) ;
#1631 =( NAMED_UNIT ( * ) PLANE_ANGLE_UNIT ( ) SI_UNIT ( $, .RADIAN. ) );
#1632 = CARTESIAN_POINT ( 'NONE',  ( -0.01250000000000000069, 0.02969128830903470379, -0.04630977549199689902 ) ) ;
#1633 = VERTEX_POINT ( 'NONE', #2868 ) ;
#1634 = SURFACE_SIDE_STYLE ('',( #907 ) ) ;
#1635 = PRESENTATION_STYLE_ASSIGNMENT (( #1076 ) ) ;
#1636 = CARTESIAN_POINT ( 'NONE',  ( -0.01250000000000000069, 0.07850000000000000033, -0.1489999999999999936 ) ) ;
#1637 = SURFACE_SIDE_STYLE ('',( #3249 ) ) ;
#1638 = ITEM_DEFINED_TRANSFORMATION ( 'NONE', 'NONE', #2737,  #1549 ) ;
#1639 = UNCERTAINTY_MEASURE_WITH_UNIT (LENGTH_MEASURE( 1.000000000000000082E-05 ), #2655, 'distance_accuracy_value', 'NONE');
#1640 = EDGE_LOOP ( 'NONE', ( #346, #2684, #1490, #2526 ) ) ;
#1641 = CARTESIAN_POINT ( 'NONE',  ( -1.293416090454340147E-17, 0.07749999999999991618, -0.4999999999999999445 ) ) ;
#1642 = CARTESIAN_POINT ( 'NONE',  ( 0.07499999999999999722, 0.0000000000000000000, -0.5999999999999999778 ) ) ;
#1643 = CARTESIAN_POINT ( 'NONE',  ( 0.01350000000000001719, 0.09708578643762687255, -0.07073161589607948607 ) ) ;
#1644 = ORIENTED_EDGE ( 'NONE', *, *, #1296, .F. ) ;
#1645 = FILL_AREA_STYLE_COLOUR ( '', #2347 ) ;
#1646 = DIRECTION ( 'NONE',  ( 7.290249346361470286E-32, 1.000000000000000000, 6.938893903907229955E-15 ) ) ;
#1647 = LINE ( 'NONE', #1387, #11 ) ;
#1648 = ORIENTED_EDGE ( 'NONE', *, *, #3148, .F. ) ;
#1649 = PRESENTATION_STYLE_ASSIGNMENT (( #1307 ) ) ;
#1650 = EDGE_CURVE ( 'NONE', #1819, #97, #2114, .T. ) ;
#1651 =( REPRESENTATION_RELATIONSHIP ('NONE','NONE', #661, #1064 ) REPRESENTATION_RELATIONSHIP_WITH_TRANSFORMATION ( #3794 )SHAPE_REPRESENTATION_RELATIONSHIP( ) );
#1652 = ITEM_DEFINED_TRANSFORMATION ( 'NONE', 'NONE', #1841,  #1549 ) ;
#1653 = CARTESIAN_POINT ( 'NONE',  ( 0.4500000000000002331, 0.09749999999999990619, -0.5000000000000001110 ) ) ;
#1654 = CARTESIAN_POINT ( 'NONE',  ( -0.01350000000000000679, 0.08260546373843258294, -0.06102600401684815656 ) ) ;
#1655 = VERTEX_POINT ( 'NONE', #3418 ) ;
#1656 = DIRECTION ( 'NONE',  ( 0.7071067811865471286, 0.0000000000000000000, 0.7071067811865480168 ) ) ;
#1657 = CARTESIAN_POINT ( 'NONE',  ( -0.3750000000000000000, 0.0000000000000000000, -0.5999999999999999778 ) ) ;
#1658 =( BOUNDED_SURFACE ( )  B_SPLINE_SURFACE ( 3, 3, ( 
 ( #1238, #3674, #3779, #2077 ),
 ( #2504, #2486, #829, #807 ),
 ( #921, #3346, #200, #461 ),
 ( #3759, #1526, #2799, #2993 ) ),
 .UNSPECIFIED., .F., .F., .T. ) 
 B_SPLINE_SURFACE_WITH_KNOTS ( ( 4, 4 ),
 ( 4, 4 ),
 ( 0.0000000000000000000, 1.000000000000000000 ),
 ( 0.0000000000000000000, 1.000000000000000000 ),
 .UNSPECIFIED. ) 
 GEOMETRIC_REPRESENTATION_ITEM ( )  RATIONAL_B_SPLINE_SURFACE ( (
 ( 1.000000000000000000, 0.7901219935509110615, 0.7901219935509110615, 1.000000000000000000),
 ( 0.8047378541243649375, 0.6358410775866254472, 0.6358410775866254472, 0.8047378541243649375),
 ( 0.8047378541243649375, 0.6358410775866254472, 0.6358410775866254472, 0.8047378541243649375),
 ( 1.000000000000000000, 0.7901219935509110615, 0.7901219935509110615, 1.000000000000000000) ) ) 
 REPRESENTATION_ITEM ( '' )  SURFACE ( )  );
#1659 =( NAMED_UNIT ( * ) PLANE_ANGLE_UNIT ( ) SI_UNIT ( $, .RADIAN. ) );
#1660 =( NAMED_UNIT ( * ) SI_UNIT ( $, .STERADIAN. ) SOLID_ANGLE_UNIT ( ) );
#1661 = ORIENTED_EDGE ( 'NONE', *, *, #3035, .F. ) ;
#1662 = CARTESIAN_POINT ( 'NONE',  ( 0.01308578643762692978, 0.02969128830903468991, -0.04630977549199691290 ) ) ;
#1663 = AXIS2_PLACEMENT_3D ( 'NONE', #2822, #2438, #945 ) ;
#1664 = VERTEX_POINT ( 'NONE', #564 ) ;
#1665 = SURFACE_STYLE_USAGE ( .BOTH. , #1720 ) ;
#1666 = CARTESIAN_POINT ( 'NONE',  ( -0.01349999999999999985, 0.02009480247263975908, -0.0009389514604650478621 ) ) ;
#1667 = UNCERTAINTY_MEASURE_WITH_UNIT (LENGTH_MEASURE( 1.000000000000000082E-05 ), #2395, 'distance_accuracy_value', 'NONE');
#1668 = CIRCLE ( 'NONE', #3524, 0.001000000000000000238 ) ;
#1669 = STYLED_ITEM ( 'NONE', ( #2547 ), #667 ) ;
#1670 =( NAMED_UNIT ( * ) PLANE_ANGLE_UNIT ( ) SI_UNIT ( $, .RADIAN. ) );
#1671 = PRESENTATION_STYLE_ASSIGNMENT (( #2929 ) ) ;
#1672 =( NAMED_UNIT ( * ) PLANE_ANGLE_UNIT ( ) SI_UNIT ( $, .RADIAN. ) );
#1673 = AXIS2_PLACEMENT_3D ( 'NONE', #970, #3862, #2807 ) ;
#1674 = STYLED_ITEM ( 'NONE', ( #3623 ), #929 ) ;
#1675 = MECHANICAL_DESIGN_GEOMETRIC_PRESENTATION_REPRESENTATION (  '', ( #3058 ), #1061 ) ;
#1676 =( LENGTH_UNIT ( ) NAMED_UNIT ( * ) SI_UNIT ( .CENTI., .METRE. ) );
#1677 = COLOUR_RGB ( '',0.7529411764705882248, 0.7529411764705882248, 0.7529411764705882248 ) ;
#1678 = ITEM_DEFINED_TRANSFORMATION ( 'NONE', 'NONE', #223,  #1549 ) ;
#1679 = EDGE_CURVE ( 'NONE', #900, #2552, #1598, .T. ) ;
#1680 = EDGE_CURVE ( 'NONE', #742, #2196, #186, .T. ) ;
#1681 = VECTOR ( 'NONE', #1923, 100.0000000000000000 ) ;
#1682 = ORIENTED_EDGE ( 'NONE', *, *, #1054, .F. ) ;
#1683 = SURFACE_SIDE_STYLE ('',( #2580 ) ) ;
#1684 = CARTESIAN_POINT ( 'NONE',  ( 0.3250000000000000111, 0.0000000000000000000, -0.5999999999999999778 ) ) ;
#1685 = VECTOR ( 'NONE', #1167, 100.0000000000000000 ) ;
#1686 = CARTESIAN_POINT ( 'NONE',  ( -0.01349999999999999985, 0.05402331069110310330, -0.0009999999999999050447 ) ) ;
#1687 = PLANE ( 'NONE',  #1379 ) ;
#1688 = CIRCLE ( 'NONE', #1539, 0.001000000000000002623 ) ;
#1689 =( BOUNDED_SURFACE ( )  B_SPLINE_SURFACE ( 3, 3, ( 
 ( #3741, #885, #2154, #3594 ),
 ( #2012, #2322, #741, #452 ),
 ( #2570, #373, #1643, #3282 ),
 ( #2612, #3300, #1718, #1953 ) ),
 .UNSPECIFIED., .F., .F., .F. ) 
 B_SPLINE_SURFACE_WITH_KNOTS ( ( 4, 4 ),
 ( 4, 4 ),
 ( 0.0000000000000000000, 1.000000000000000000 ),
 ( 0.0000000000000000000, 1.000000000000000000 ),
 .UNSPECIFIED. ) 
 GEOMETRIC_REPRESENTATION_ITEM ( )  RATIONAL_B_SPLINE_SURFACE ( (
 ( 1.000000000000000000, 0.8626246579231989786, 0.8626246579231989786, 1.000000000000000000),
 ( 0.8047378541243600525, 0.6941867161318753254, 0.6941867161318753254, 0.8047378541243600525),
 ( 0.8047378541243600525, 0.6941867161318753254, 0.6941867161318753254, 0.8047378541243600525),
 ( 1.000000000000000000, 0.8626246579231989786, 0.8626246579231989786, 1.000000000000000000) ) ) 
 REPRESENTATION_ITEM ( '' )  SURFACE ( )  );
#1690 = DIRECTION ( 'NONE',  ( 0.0000000000000000000, -1.000000000000000000, -4.760081218080361034E-15 ) ) ;
#1691 = SURFACE_STYLE_FILL_AREA ( #458 ) ;
#1692 = VERTEX_POINT ( 'NONE', #3427 ) ;
#1693 = AXIS2_PLACEMENT_3D ( 'NONE', #1927, #2193, #2485 ) ;
#1694 = FACE_OUTER_BOUND ( 'NONE', #1060, .T. ) ;
#1695 = DIRECTION ( 'NONE',  ( 0.0000000000000000000, 0.0000000000000000000, -1.000000000000000000 ) ) ;
#1696 = PRESENTATION_STYLE_ASSIGNMENT (( #3913 ) ) ;
#1697 = ITEM_DEFINED_TRANSFORMATION ( 'NONE', 'NONE', #432,  #1549 ) ;
#1698 = CARTESIAN_POINT ( 'NONE',  ( 0.01349999999999999985, 0.0007030279666248159462, -0.0004142135623730884455 ) ) ;
#1699 = EDGE_CURVE ( 'NONE', #838, #818, #2767, .T. ) ;
#1700 = DIRECTION ( 'NONE',  ( 3.231085104332679983E-15, 0.0000000000000000000, -1.000000000000000000 ) ) ;
#1701 = ORIENTED_EDGE ( 'NONE', *, *, #3228, .F. ) ;
#1702 = CARTESIAN_POINT ( 'NONE',  ( 0.01250000000000000069, 0.02969128830903468297, -0.04630977549199690596 ) ) ;
#1703 = ORIENTED_EDGE ( 'NONE', *, *, #2121, .F. ) ;
#1704 = CARTESIAN_POINT ( 'NONE',  ( -0.01349999999999999985, 0.07010671878287430547, -0.07793842454154369104 ) ) ;
#1705 = DIRECTION ( 'NONE',  ( -1.000000000000000000, -0.0000000000000000000, 0.0000000000000000000 ) ) ;
#1706 =( NAMED_UNIT ( * ) PLANE_ANGLE_UNIT ( ) SI_UNIT ( $, .RADIAN. ) );
#1707 =( LENGTH_UNIT ( ) NAMED_UNIT ( * ) SI_UNIT ( .CENTI., .METRE. ) );
#1708 = CARTESIAN_POINT ( 'NONE',  ( -0.01250000000000000069, 0.02009480247263976949, -0.0009389514604650424411 ) ) ;
#1709 = CARTESIAN_POINT ( 'NONE',  ( -0.01250000000000000069, 0.05919118273676830105, -0.05531075515140149862 ) ) ;
#1710 = CARTESIAN_POINT ( 'NONE',  ( 0.01250000000000000069, 2.737826534571271222E-05, -0.0004476306815889631347 ) ) ;
#1711 = CARTESIAN_POINT ( 'NONE',  ( 0.01349999999999999985, 0.07036739066116171060, -0.07697299708602459156 ) ) ;
#1712 = ORIENTED_EDGE ( 'NONE', *, *, #2663, .T. ) ;
#1713 = PRESENTATION_STYLE_ASSIGNMENT (( #2754 ) ) ;
#1714 = DIRECTION ( 'NONE',  ( 0.0000000000000000000, 0.0000000000000000000, -1.000000000000000000 ) ) ;
#1715 = CARTESIAN_POINT ( 'NONE',  ( -0.1749999999999999889, 0.0000000000000000000, -0.5999999999999999778 ) ) ;
#1716 = DIRECTION ( 'NONE',  ( 1.000000000000000000, 0.0000000000000000000, 0.0000000000000000000 ) ) ;
#1717 = EDGE_CURVE ( 'NONE', #336, #1655, #2467, .T. ) ;
#1718 = CARTESIAN_POINT ( 'NONE',  ( 0.01349999999999999985, 0.09649999999999998856, -0.07100686746319871678 ) ) ;
#1719 = ORIENTED_EDGE ( 'NONE', *, *, #1414, .T. ) ;
#1720 = SURFACE_SIDE_STYLE ('',( #1326 ) ) ;
#1721 =( GEOMETRIC_REPRESENTATION_CONTEXT ( 3 ) GLOBAL_UNCERTAINTY_ASSIGNED_CONTEXT ( ( #1902 ) ) GLOBAL_UNIT_ASSIGNED_CONTEXT ( ( #537, #3844, #639 ) ) REPRESENTATION_CONTEXT ( 'NONE', 'WORKASPACE' ) );
#1722 =( NAMED_UNIT ( * ) SI_UNIT ( $, .STERADIAN. ) SOLID_ANGLE_UNIT ( ) );
#1723 = EDGE_CURVE ( 'NONE', #41, #2175, #883, .T. ) ;
#1724 = SURFACE_STYLE_USAGE ( .BOTH. , #2289 ) ;
#1725 = COLOUR_RGB ( '',0.7529411764705882248, 0.7529411764705882248, 0.7529411764705882248 ) ;
#1726 = CYLINDRICAL_SURFACE ( 'NONE', #1270, 0.05000000000000000278 ) ;
#1727 = EDGE_LOOP ( 'NONE', ( #3694, #2490, #1997, #379 ) ) ;
#1728 = PLANE ( 'NONE',  #2470 ) ;
#1729 = AXIS2_PLACEMENT_3D ( 'NONE', #780, #2057, #4027 ) ;
#1730 =( NAMED_UNIT ( * ) SI_UNIT ( $, .STERADIAN. ) SOLID_ANGLE_UNIT ( ) );
#1731 = DIRECTION ( 'NONE',  ( 0.0000000000000000000, 1.000000000000000000, 1.084202172485504631E-15 ) ) ;
#1732 = DIRECTION ( 'NONE',  ( 1.231653667943530079E-16, -1.000000000000000000, 0.0000000000000000000 ) ) ;
#1733 = COLOUR_RGB ( '',0.1254901960784313708, 0.1254901960784313708, 0.1254901960784313708 ) ;
#1734 = PRESENTATION_LAYER_ASSIGNMENT (  '', '', ( #338 ) ) ;
#1735 = ITEM_DEFINED_TRANSFORMATION ( 'NONE', 'NONE', #51,  #1549 ) ;
#1736 =( GEOMETRIC_REPRESENTATION_CONTEXT ( 3 ) GLOBAL_UNCERTAINTY_ASSIGNED_CONTEXT ( ( #879 ) ) GLOBAL_UNIT_ASSIGNED_CONTEXT ( ( #728, #3015, #2040 ) ) REPRESENTATION_CONTEXT ( 'NONE', 'WORKASPACE' ) );
#1737 = CARTESIAN_POINT ( 'NONE',  ( -0.01349999999999999985, 0.09650000000000003020, -0.1489999999999999658 ) ) ;
#1738 = DIRECTION ( 'NONE',  ( -3.718265416196989948E-32, -0.06104853953485710194, 0.9981347984218670311 ) ) ;
#1739 = AXIS2_PLACEMENT_3D ( 'NONE', #2804, #2750, #1887 ) ;
#1740 = FILL_AREA_STYLE_COLOUR ( '', #1283 ) ;
#1741 = PRESENTATION_LAYER_ASSIGNMENT (  '', '', ( #2130 ) ) ;
#1742 = PRESENTATION_STYLE_ASSIGNMENT (( #3025 ) ) ;
#1743 =( NAMED_UNIT ( * ) PLANE_ANGLE_UNIT ( ) SI_UNIT ( $, .RADIAN. ) );
#1744 = MECHANICAL_DESIGN_GEOMETRIC_PRESENTATION_REPRESENTATION (  '', ( #3133 ), #669 ) ;
#1745 =( LENGTH_UNIT ( ) NAMED_UNIT ( * ) SI_UNIT ( .CENTI., .METRE. ) );
#1746 = VECTOR ( 'NONE', #2885, 100.0000000000000000 ) ;
#1747 = LINE ( 'NONE', #1148, #2450 ) ;
#1748 = VERTEX_POINT ( 'NONE', #1839 ) ;
#1749 = DIRECTION ( 'NONE',  ( -1.000000000000000000, -0.0000000000000000000, -0.0000000000000000000 ) ) ;
#1750 = MECHANICAL_DESIGN_GEOMETRIC_PRESENTATION_REPRESENTATION (  '', ( #1544 ), #1620 ) ;
#1751 = EDGE_CURVE ( 'NONE', #2345, #2808, #3110, .T. ) ;
#1752 = EDGE_CURVE ( 'NONE', #2823, #3818, #522, .T. ) ;
#1753 = APPLICATION_CONTEXT ( 'automotive_design' ) ;
#1754 = LINE ( 'NONE', #163, #196 ) ;
#1755 = FILL_AREA_STYLE_COLOUR ( '', #2813 ) ;
#1756 =( GEOMETRIC_REPRESENTATION_CONTEXT ( 3 ) GLOBAL_UNCERTAINTY_ASSIGNED_CONTEXT ( ( #3584 ) ) GLOBAL_UNIT_ASSIGNED_CONTEXT ( ( #1745, #2304, #1722 ) ) REPRESENTATION_CONTEXT ( 'NONE', 'WORKASPACE' ) );
#1757 = SURFACE_STYLE_USAGE ( .BOTH. , #1829 ) ;
#1758 = SURFACE_STYLE_FILL_AREA ( #981 ) ;
#1759 = FILL_AREA_STYLE ('',( #3333 ) ) ;
#1760 = CARTESIAN_POINT ( 'NONE',  ( -0.5999999999999999778, 0.0000000000000000000, 0.02500000000000000139 ) ) ;
#1761 = UNCERTAINTY_MEASURE_WITH_UNIT (LENGTH_MEASURE( 1.000000000000000082E-05 ), #2203, 'distance_accuracy_value', 'NONE');
#1762 = ORIENTED_EDGE ( 'NONE', *, *, #3090, .F. ) ;
#1763 = PRODUCT_DEFINITION_SHAPE ( 'NONE', 'NONE',  #4117 ) ;
#1764 = CARTESIAN_POINT ( 'NONE',  ( -0.01250000000000000069, 0.07749999999999999944, -0.1495857864376269053 ) ) ;
#1765 = CARTESIAN_POINT ( 'NONE',  ( -0.01349999999999999985, 0.01780249144348780566, -0.06278012227940030221 ) ) ;
#1766 = CARTESIAN_POINT ( 'NONE',  ( 0.01349999999999999985, 0.08245276568746111312, -0.06159153832680386992 ) ) ;
#1767 = SURFACE_STYLE_FILL_AREA ( #3347 ) ;
#1768 = ADVANCED_FACE ( 'NONE', ( #2888 ), #391, .T. ) ;
#1769 =( NAMED_UNIT ( * ) PLANE_ANGLE_UNIT ( ) SI_UNIT ( $, .RADIAN. ) );
#1770 = PRESENTATION_LAYER_ASSIGNMENT (  '', '', ( #3505 ) ) ;
#1771 = DIRECTION ( 'NONE',  ( 0.0000000000000000000, 0.2606718782874311580, 0.9654274555191098006 ) ) ;
#1772 = CARTESIAN_POINT ( 'NONE',  ( -0.5000000000000000000, 0.08749999999999991118, 0.4500000000000001221 ) ) ;
#1773 = DIRECTION ( 'NONE',  ( -1.836909530733570078E-16, 0.0000000000000000000, 1.000000000000000000 ) ) ;
#1774 = SURFACE_STYLE_USAGE ( .BOTH. , #253 ) ;
#1775 = ORIENTED_EDGE ( 'NONE', *, *, #1002, .F. ) ;
#1776 = FILL_AREA_STYLE_COLOUR ( '', #3109 ) ;
#1777 = AXIS2_PLACEMENT_3D ( 'NONE', #1657, #96, #1041 ) ;
#1778 = STYLED_ITEM ( 'NONE', ( #505 ), #145 ) ;
#1779 = VECTOR ( 'NONE', #271, 100.0000000000000000 ) ;
#1780 = PRESENTATION_LAYER_ASSIGNMENT (  '', '', ( #719 ) ) ;
#1781 =( GEOMETRIC_REPRESENTATION_CONTEXT ( 3 ) GLOBAL_UNCERTAINTY_ASSIGNED_CONTEXT ( ( #2385 ) ) GLOBAL_UNIT_ASSIGNED_CONTEXT ( ( #775, #1405, #1042 ) ) REPRESENTATION_CONTEXT ( 'NONE', 'WORKASPACE' ) );
#1782 =( LENGTH_UNIT ( ) NAMED_UNIT ( * ) SI_UNIT ( .CENTI., .METRE. ) );
#1783 = SURFACE_STYLE_USAGE ( .BOTH. , #3989 ) ;
#1784 = EDGE_LOOP ( 'NONE', ( #632, #716, #3785, #740 ) ) ;
#1785 = DIRECTION ( 'NONE',  ( 3.718265416196989948E-32, 0.06104853953485710194, -0.9981347984218670311 ) ) ;
#1786 = AXIS2_PLACEMENT_3D ( 'NONE', #1239, #1216, #1287 ) ;
#1787 =( LENGTH_UNIT ( ) NAMED_UNIT ( * ) SI_UNIT ( .CENTI., .METRE. ) );
#1788 = CONTEXT_DEPENDENT_SHAPE_REPRESENTATION ( #707, #2063 ) ;
#1789 = AXIS2_PLACEMENT_3D ( 'NONE', #1969, #35, #2366 ) ;
#1790 = STYLED_ITEM ( 'NONE', ( #3390 ), #1081 ) ;
#1791 = DIRECTION ( 'NONE',  ( 0.0000000000000000000, 1.000000000000000000, 0.0000000000000000000 ) ) ;
#1792 = DIRECTION ( 'NONE',  ( 0.0000000000000000000, -0.9981347984218671421, -0.06104853953485449986 ) ) ;
#1793 = STYLED_ITEM ( 'NONE', ( #1535 ), #2250 ) ;
#1794 = AXIS2_PLACEMENT_3D ( 'NONE', #3162, #3188, #3764 ) ;
#1795 = CARTESIAN_POINT ( 'NONE',  ( -0.5999999999999999778, 0.0000000000000000000, 0.3750000000000000000 ) ) ;
#1796 = EDGE_CURVE ( 'NONE', #12, #1970, #134, .T. ) ;
#1797 = EDGE_CURVE ( 'NONE', #961, #138, #3332, .T. ) ;
#1798 =( LENGTH_UNIT ( ) NAMED_UNIT ( * ) SI_UNIT ( .CENTI., .METRE. ) );
#1799 = ORIENTED_EDGE ( 'NONE', *, *, #2121, .T. ) ;
#1800 =( REPRESENTATION_RELATIONSHIP ('NONE','NONE', #661, #1064 ) REPRESENTATION_RELATIONSHIP_WITH_TRANSFORMATION ( #2498 )SHAPE_REPRESENTATION_RELATIONSHIP( ) );
#1801 = DIRECTION ( 'NONE',  ( 0.0000000000000000000, 0.0000000000000000000, 1.000000000000000000 ) ) ;
#1802 = COLOUR_RGB ( '',0.1254901960784313708, 0.1254901960784313708, 0.1254901960784313708 ) ;
#1803 = PRESENTATION_STYLE_ASSIGNMENT (( #493 ) ) ;
#1804 = LINE ( 'NONE', #2768, #800 ) ;
#1805 = MECHANICAL_DESIGN_GEOMETRIC_PRESENTATION_REPRESENTATION (  '', ( #2934 ), #1130 ) ;
#1806 = LINE ( 'NONE', #2155, #743 ) ;
#1807 = SURFACE_STYLE_USAGE ( .BOTH. , #808 ) ;
#1808 = CARTESIAN_POINT ( 'NONE',  ( -0.4500000000000002331, 0.09749999999999989231, -0.5000000000000000000 ) ) ;
#1809 = ORIENTED_EDGE ( 'NONE', *, *, #3699, .F. ) ;
#1810 =( NAMED_UNIT ( * ) PLANE_ANGLE_UNIT ( ) SI_UNIT ( $, .RADIAN. ) );
#1811 = COLOUR_RGB ( '',0.1254901960784313708, 0.1254901960784313708, 0.1254901960784313708 ) ;
#1812 = PRODUCT_DEFINITION_SHAPE ( 'NONE', 'NONE',  #4090 ) ;
#1813 = CARTESIAN_POINT ( 'NONE',  ( 0.01250000000000000243, 0.02009480247263976602, -0.0009389514604650456937 ) ) ;
#1814 = VECTOR ( 'NONE', #10, 100.0000000000000000 ) ;
#1815 = DIRECTION ( 'NONE',  ( 0.0000000000000000000, 0.0000000000000000000, -1.000000000000000000 ) ) ;
#1816 = FILL_AREA_STYLE ('',( #2162 ) ) ;
#1817 = APPLICATION_PROTOCOL_DEFINITION ( 'draft international standard', 'automotive_design', 1998, #3364 ) ;
#1818 = FILL_AREA_STYLE_COLOUR ( '', #1179 ) ;
#1819 = VERTEX_POINT ( 'NONE', #1929 ) ;
#1820 = PRODUCT_RELATED_PRODUCT_CATEGORY ( 'part', '', ( #1135 ) ) ;
#1821 = FILL_AREA_STYLE ('',( #300 ) ) ;
#1822 = EDGE_CURVE ( 'NONE', #742, #1664, #483, .T. ) ;
#1823 = DIRECTION ( 'NONE',  ( 7.893034146598104678E-32, 0.9654274555191107998, -0.2606718782874274942 ) ) ;
#1824 = CARTESIAN_POINT ( 'NONE',  ( -0.01349999999999999985, 0.07791421356237308860, -0.1489999999999999936 ) ) ;
#1825 = CARTESIAN_POINT ( 'NONE',  ( 0.01250000000000000069, 0.002792561162511658906, -0.04565797141523435243 ) ) ;
#1826 = DIRECTION ( 'NONE',  ( 3.279322939077849880E-32, 1.625387360916020355E-16, -1.000000000000000000 ) ) ;
#1827 = ORIENTED_EDGE ( 'NONE', *, *, #1797, .T. ) ;
#1828 = FILL_AREA_STYLE_COLOUR ( '', #2071 ) ;
#1829 = SURFACE_SIDE_STYLE ('',( #1435 ) ) ;
#1830 = FILL_AREA_STYLE_COLOUR ( '', #4003 ) ;
#1831 = CARTESIAN_POINT ( 'NONE',  ( -0.3499999999999999778, 0.1600000000000000033, 0.3499999999999999778 ) ) ;
#1832 = CONTEXT_DEPENDENT_SHAPE_REPRESENTATION ( #1369, #2216 ) ;
#1833 = UNCERTAINTY_MEASURE_WITH_UNIT (LENGTH_MEASURE( 1.000000000000000082E-05 ), #2262, 'distance_accuracy_value', 'NONE');
#1834 = CARTESIAN_POINT ( 'NONE',  ( -0.01349999999999999985, 0.01966141385754046830, -0.0006380974885712505269 ) ) ;
#1835 = AXIS2_PLACEMENT_3D ( 'NONE', #2390, #2440, #3710 ) ;
#1836 = ORIENTED_EDGE ( 'NONE', *, *, #1822, .T. ) ;
#1837 = FILL_AREA_STYLE ('',( #2839 ) ) ;
#1838 = SURFACE_STYLE_USAGE ( .BOTH. , #2087 ) ;
#1839 = CARTESIAN_POINT ( 'NONE',  ( 0.01349999999999999985, 0.09649999999999998856, -0.07993465998166700281 ) ) ;
#1840 = PRODUCT_DEFINITION_SHAPE ( 'NONE', 'NONE',  #4097 ) ;
#1841 = AXIS2_PLACEMENT_3D ( 'NONE', #1423, #1100, #1773 ) ;
#1842 = DIRECTION ( 'NONE',  ( 0.0000000000000000000, 1.000000000000000000, 6.938893903907229167E-15 ) ) ;
#1843 = CARTESIAN_POINT ( 'NONE',  ( 0.4999999999999999445, 0.07750000000000011047, -0.5000000000000000000 ) ) ;
#1844 = ADVANCED_FACE ( 'NONE', ( #3236 ), #2670, .T. ) ;
#1845 = FILL_AREA_STYLE ('',( #225 ) ) ;
#1846 = EDGE_LOOP ( 'NONE', ( #1217, #1719, #1799, #2564 ) ) ;
#1847 = DIRECTION ( 'NONE',  ( 0.0000000000000000000, -1.625387360916020355E-16, 1.000000000000000000 ) ) ;
#1848 = ITEM_DEFINED_TRANSFORMATION ( 'NONE', 'NONE', #318,  #1549 ) ;
#1849 =( REPRESENTATION_RELATIONSHIP ('NONE','NONE', #661, #1064 ) REPRESENTATION_RELATIONSHIP_WITH_TRANSFORMATION ( #1612 )SHAPE_REPRESENTATION_RELATIONSHIP( ) );
#1850 = CARTESIAN_POINT ( 'NONE',  ( -0.01308578643762691243, 0.09750000000000000333, -0.07993465998166700281 ) ) ;
#1851 = CIRCLE ( 'NONE', #1729, 0.02000000000000001082 ) ;
#1852 = SURFACE_STYLE_USAGE ( .BOTH. , #558 ) ;
#1853 = MECHANICAL_DESIGN_GEOMETRIC_PRESENTATION_REPRESENTATION (  '', ( #1261 ), #60 ) ;
#1854 = ORIENTED_EDGE ( 'NONE', *, *, #3227, .F. ) ;
#1855 =( GEOMETRIC_REPRESENTATION_CONTEXT ( 3 ) GLOBAL_UNCERTAINTY_ASSIGNED_CONTEXT ( ( #1833 ) ) GLOBAL_UNIT_ASSIGNED_CONTEXT ( ( #2262, #1951, #1660 ) ) REPRESENTATION_CONTEXT ( 'NONE', 'WORKASPACE' ) );
#1856 = SURFACE_STYLE_FILL_AREA ( #1821 ) ;
#1857 = CARTESIAN_POINT ( 'NONE',  ( 0.2250000000000000333, 0.0000000000000000000, 0.5999999999999999778 ) ) ;
#1858 = STYLED_ITEM ( 'NONE', ( #552 ), #2199 ) ;
#1859 = FACE_OUTER_BOUND ( 'NONE', #1590, .T. ) ;
#1860 = CARTESIAN_POINT ( 'NONE',  ( -0.3499999999999999778, 0.1600000000000000033, 0.2999999999999999889 ) ) ;
#1861 = ORIENTED_EDGE ( 'NONE', *, *, #1541, .T. ) ;
#1862 = ORIENTED_EDGE ( 'NONE', *, *, #1629, .T. ) ;
#1863 = VECTOR ( 'NONE', #2156, 100.0000000000000142 ) ;
#1864 = CARTESIAN_POINT ( 'NONE',  ( 0.01349999999999999117, 0.003737690562862694497, -0.05432571326721978566 ) ) ;
#1865 = UNCERTAINTY_MEASURE_WITH_UNIT (LENGTH_MEASURE( 1.000000000000000082E-05 ), #15, 'distance_accuracy_value', 'NONE');
#1866 = CARTESIAN_POINT ( 'NONE',  ( -0.01250000000000000069, 0.07749999999999999944, -0.1489999999999999936 ) ) ;
#1867 =( LENGTH_UNIT ( ) NAMED_UNIT ( * ) SI_UNIT ( .CENTI., .METRE. ) );
#1868 = ADVANCED_FACE ( 'NONE', ( #557 ), #501, .T. ) ;
#1869 = MECHANICAL_DESIGN_GEOMETRIC_PRESENTATION_REPRESENTATION (  '', ( #3806 ), #4016 ) ;
#1870 = CARTESIAN_POINT ( 'NONE',  ( 0.01349999999999999985, 0.004306482253088090781, -0.05402995420898024787 ) ) ;
#1871 =( NAMED_UNIT ( * ) PLANE_ANGLE_UNIT ( ) SI_UNIT ( $, .RADIAN. ) );
#1872 = VECTOR ( 'NONE', #2866, 100.0000000000000000 ) ;
#1873 = SURFACE_STYLE_FILL_AREA ( #681 ) ;
#1874 = UNCERTAINTY_MEASURE_WITH_UNIT (LENGTH_MEASURE( 1.000000000000000082E-05 ), #2020, 'distance_accuracy_value', 'NONE');
#1875 = APPLICATION_CONTEXT ( 'automotive_design' ) ;
#1876 = EDGE_LOOP ( 'NONE', ( #3077, #1425, #965, #1644 ) ) ;
#1877 = VECTOR ( 'NONE', #3991, 100.0000000000000000 ) ;
#1878 = DIRECTION ( 'NONE',  ( 1.000000000000000000, 0.0000000000000000000, -3.491483361109380094E-15 ) ) ;
#1879 = AXIS2_PLACEMENT_3D ( 'NONE', #302, #3805, #630 ) ;
#1880 = DIRECTION ( 'NONE',  ( 1.000000000000000000, 0.0000000000000000000, 0.0000000000000000000 ) ) ;
#1881 = DIRECTION ( 'NONE',  ( -1.000000000000000000, -0.0000000000000000000, -0.0000000000000000000 ) ) ;
#1882 = EDGE_LOOP ( 'NONE', ( #1974, #617, #2092, #261 ) ) ;
#1883 = ORIENTED_EDGE ( 'NONE', *, *, #2725, .F. ) ;
#1884 = CARTESIAN_POINT ( 'NONE',  ( 0.01349999999999999811, 0.09649999999999998856, -0.07100686746319875842 ) ) ;
#1885 = AXIS2_PLACEMENT_3D ( 'NONE', #306, #1088, #2583 ) ;
#1886 = PRODUCT_DEFINITION_SHAPE ( 'NONE', 'NONE',  #4103 ) ;
#1887 = DIRECTION ( 'NONE',  ( -2.710505431213761085E-15, -5.421010862427522170E-15, 1.000000000000000000 ) ) ;
#1888 = SURFACE_SIDE_STYLE ('',( #953 ) ) ;
#1889 = ORIENTED_EDGE ( 'NONE', *, *, #4047, .T. ) ;
#1890 = CARTESIAN_POINT ( 'NONE',  ( -0.01349999999999999985, 0.003790695960933523033, -0.04559692287569951791 ) ) ;
#1891 = CARTESIAN_POINT ( 'NONE',  ( 0.01250000000000000243, 0.06750000000000000444, -0.08759269909673479682 ) ) ;
#1892 = FACE_OUTER_BOUND ( 'NONE', #2795, .T. ) ;
#1893 =( NAMED_UNIT ( * ) PLANE_ANGLE_UNIT ( ) SI_UNIT ( $, .RADIAN. ) );
#1894 = EDGE_CURVE ( 'NONE', #2631, #848, #3457, .T. ) ;
#1895 = CARTESIAN_POINT ( 'NONE',  ( 0.01308578643762690549, 0.07749999999999999944, -0.08759269909673478294 ) ) ;
#1896 = DIRECTION ( 'NONE',  ( -0.7071067811865471286, -0.0000000000000000000, 0.7071067811865480168 ) ) ;
#1897 = ITEM_DEFINED_TRANSFORMATION ( 'NONE', 'NONE', #1084,  #1549 ) ;
#1898 = EDGE_LOOP ( 'NONE', ( #232, #4061, #3441, #1701, #254, #414, #3325, #304, #59, #3766, #2034, #1306 ) ) ;
#1899 = SURFACE_STYLE_USAGE ( .BOTH. , #3732 ) ;
#1900 = SURFACE_STYLE_USAGE ( .BOTH. , #2150 ) ;
#1901 = CARTESIAN_POINT ( 'NONE',  ( 0.5999999999999999778, 0.0000000000000000000, 0.1250000000000000000 ) ) ;
#1902 = UNCERTAINTY_MEASURE_WITH_UNIT (LENGTH_MEASURE( 1.000000000000000082E-05 ), #537, 'distance_accuracy_value', 'NONE');
#1903 = FILL_AREA_STYLE ('',( #1263 ) ) ;
#1904 = EDGE_LOOP ( 'NONE', ( #1910, #1648, #2302, #902 ) ) ;
#1905 = DIRECTION ( 'NONE',  ( 1.000000000000000000, 0.0000000000000000000, 0.0000000000000000000 ) ) ;
#1906 = VERTEX_POINT ( 'NONE', #2434 ) ;
#1907 = DIRECTION ( 'NONE',  ( 0.0000000000000000000, -0.0000000000000000000, 1.000000000000000000 ) ) ;
#1908 = UNCERTAINTY_MEASURE_WITH_UNIT (LENGTH_MEASURE( 1.000000000000000082E-05 ), #3350, 'distance_accuracy_value', 'NONE');
#1909 = PRODUCT_DEFINITION_FORMATION_WITH_SPECIFIED_SOURCE ( 'ANY', '', #1135, .NOT_KNOWN. ) ;
#1910 = ORIENTED_EDGE ( 'NONE', *, *, #1751, .F. ) ;
#1911 = CARTESIAN_POINT ( 'NONE',  ( 0.01250000000000000243, 0.07749999999999999944, -0.1489999999999999936 ) ) ;
#1912 = PRODUCT_DEFINITION_SHAPE ( 'NONE', 'NONE',  #4073 ) ;
#1913 =( LENGTH_UNIT ( ) NAMED_UNIT ( * ) SI_UNIT ( .CENTI., .METRE. ) );
#1914 = CONTEXT_DEPENDENT_SHAPE_REPRESENTATION ( #25, #3569 ) ;
#1915 = PRESENTATION_LAYER_ASSIGNMENT (  '', '', ( #3703 ) ) ;
#1916 = PRESENTATION_STYLE_ASSIGNMENT (( #1537 ) ) ;
#1917 = DIRECTION ( 'NONE',  ( 0.7071067811865471286, 0.0000000000000000000, -0.7071067811865480168 ) ) ;
#1918 = CARTESIAN_POINT ( 'NONE',  ( 0.01308578643762690549, 0.07010671878287426384, -0.07793842454154370492 ) ) ;
#1919 = PRODUCT_CONTEXT ( 'NONE', #2891, 'mechanical' ) ;
#1920 = UNCERTAINTY_MEASURE_WITH_UNIT (LENGTH_MEASURE( 1.000000000000000082E-05 ), #384, 'distance_accuracy_value', 'NONE');
#1921 = AXIS2_PLACEMENT_3D ( 'NONE', #136, #1089, #2649 ) ;
#1922 = EDGE_LOOP ( 'NONE', ( #3319, #917, #598, #2604 ) ) ;
#1923 = DIRECTION ( 'NONE',  ( 0.7071067811865476838, -0.0000000000000000000, -0.7071067811865474617 ) ) ;
#1924 =( NAMED_UNIT ( * ) PLANE_ANGLE_UNIT ( ) SI_UNIT ( $, .RADIAN. ) );
#1925 = EDGE_CURVE ( 'NONE', #2488, #3468, #1668, .T. ) ;
#1926 = EDGE_CURVE ( 'NONE', #3393, #3783, #3125, .T. ) ;
#1927 = CARTESIAN_POINT ( 'NONE',  ( 0.5999999999999999778, 0.0000000000000000000, 0.2750000000000000222 ) ) ;
#1928 = DIRECTION ( 'NONE',  ( 0.0000000000000000000, 0.0000000000000000000, -1.000000000000000000 ) ) ;
#1929 = CARTESIAN_POINT ( 'NONE',  ( -0.01250000000000000069, 0.01909666767421789799, 9.348845657754235563E-17 ) ) ;
#1930 =( GEOMETRIC_REPRESENTATION_CONTEXT ( 3 ) GLOBAL_UNCERTAINTY_ASSIGNED_CONTEXT ( ( #2242 ) ) GLOBAL_UNIT_ASSIGNED_CONTEXT ( ( #1707, #3911, #2933 ) ) REPRESENTATION_CONTEXT ( 'NONE', 'WORKASPACE' ) );
#1931 = ORIENTED_EDGE ( 'NONE', *, *, #3958, .T. ) ;
#1932 = MECHANICAL_DESIGN_GEOMETRIC_PRESENTATION_REPRESENTATION (  '', ( #3261 ), #1525 ) ;
#1933 = AXIS2_PLACEMENT_3D ( 'NONE', #2355, #377, #1330 ) ;
#1934 = CARTESIAN_POINT ( 'NONE',  ( 0.01250000000000000243, 0.07749999999999999944, -0.07993465998166700281 ) ) ;
#1935 = CARTESIAN_POINT ( 'NONE',  ( -0.01350000000000003801, 0.02218592911600442141, -0.04191355711166490361 ) ) ;
#1936 = CIRCLE ( 'NONE', #1739, 0.001000000000000000021 ) ;
#1937 = EDGE_LOOP ( 'NONE', ( #2519, #1241, #2958, #1576 ) ) ;
#1938 = DIRECTION ( 'NONE',  ( 0.0000000000000000000, 0.0000000000000000000, 1.000000000000000000 ) ) ;
#1939 =( REPRESENTATION_RELATIONSHIP ('NONE','NONE', #661, #1064 ) REPRESENTATION_RELATIONSHIP_WITH_TRANSFORMATION ( #2515 )SHAPE_REPRESENTATION_RELATIONSHIP( ) );
#1940 = PRESENTATION_LAYER_ASSIGNMENT (  '', '', ( #477 ) ) ;
#1941 = CARTESIAN_POINT ( 'NONE',  ( -0.01349999999999999985, 0.02139631543603629990, -0.02221850031226859853 ) ) ;
#1942 = PRODUCT_DEFINITION_SHAPE ( 'NONE', 'NONE',  #4131 ) ;
#1943 = AXIS2_PLACEMENT_3D ( 'NONE', #2903, #3554, #98 ) ;
#1944 = ORIENTED_EDGE ( 'NONE', *, *, #1363, .T. ) ;
#1945 = CARTESIAN_POINT ( 'NONE',  ( -0.01250000000000000069, 0.07850000000000000033, -0.08759269909673479682 ) ) ;
#1946 = MECHANICAL_DESIGN_GEOMETRIC_PRESENTATION_REPRESENTATION (  '', ( #3216 ), #3736 ) ;
#1947 = DIRECTION ( 'NONE',  ( 1.000000000000000000, 0.0000000000000000000, -3.491483361109380094E-15 ) ) ;
#1948 =( BOUNDED_CURVE ( )  B_SPLINE_CURVE ( 3, ( #2018, #3286, #1365, #438 ),
 .UNSPECIFIED., .F., .T. ) 
 B_SPLINE_CURVE_WITH_KNOTS ( ( 4, 4 ),
 ( 0.0000000000000000000, 1.000000000000000000 ),
 .UNSPECIFIED. ) 
 CURVE ( )  GEOMETRIC_REPRESENTATION_ITEM ( )  RATIONAL_B_SPLINE_CURVE ( ( 1.000000000000000000, 0.8626246579232003109, 0.8626246579232003109, 1.000000000000000000 ) ) 
 REPRESENTATION_ITEM ( '' )  );
#1949 = CYLINDRICAL_SURFACE ( 'NONE', #4000, 0.001000000000000000021 ) ;
#1950 = CIRCLE ( 'NONE', #2282, 0.0009999999999999982861 ) ;
#1951 =( NAMED_UNIT ( * ) PLANE_ANGLE_UNIT ( ) SI_UNIT ( $, .RADIAN. ) );
#1952 = ADVANCED_FACE ( 'NONE', ( #3361 ), #3935, .T. ) ;
#1953 = CARTESIAN_POINT ( 'NONE',  ( 0.01349999999999999985, 0.09649999999999998856, -0.07993465998166697506 ) ) ;
#1954 = ORIENTED_EDGE ( 'NONE', *, *, #3845, .T. ) ;
#1955 = DIRECTION ( 'NONE',  ( 0.0000000000000000000, -4.760081218080361034E-15, 1.000000000000000000 ) ) ;
#1956 = AXIS2_PLACEMENT_3D ( 'NONE', #2423, #2765, #4006 ) ;
#1957 = LINE ( 'NONE', #3908, #600 ) ;
#1958 = FILL_AREA_STYLE ('',( #2906 ) ) ;
#1959 = VERTEX_POINT ( 'NONE', #2576 ) ;
#1960 = FILL_AREA_STYLE_COLOUR ( '', #3138 ) ;
#1961 = SURFACE_STYLE_USAGE ( .BOTH. , #342 ) ;
#1962 = APPLICATION_CONTEXT ( 'automotive_design' ) ;
#1963 = PLANE ( 'NONE',  #3146 ) ;
#1964 = ITEM_DEFINED_TRANSFORMATION ( 'NONE', 'NONE', #1355,  #1549 ) ;
#1965 = DIRECTION ( 'NONE',  ( -0.7071067811865480168, 0.0000000000000000000, 0.7071067811865471286 ) ) ;
#1966 = PRESENTATION_STYLE_ASSIGNMENT (( #3900 ) ) ;
#1967 = DIRECTION ( 'NONE',  ( -1.000000000000000000, 0.0000000000000000000, -3.231085104332679983E-15 ) ) ;
#1968 = SURFACE_STYLE_FILL_AREA ( #1449 ) ;
#1969 = CARTESIAN_POINT ( 'NONE',  ( -0.4749999999999999778, 0.08749999999999991118, -0.4749999999999999778 ) ) ;
#1970 = VERTEX_POINT ( 'NONE', #3521 ) ;
#1971 = LINE ( 'NONE', #2983, #425 ) ;
#1972 = DIRECTION ( 'NONE',  ( -7.290249346361470286E-32, -1.000000000000000000, -6.938893903907229955E-15 ) ) ;
#1973 = PRESENTATION_LAYER_ASSIGNMENT (  '', '', ( #638 ) ) ;
#1974 = ORIENTED_EDGE ( 'NONE', *, *, #2502, .T. ) ;
#1975 = ADVANCED_FACE ( 'NONE', ( #2880 ), #3784, .T. ) ;
#1976 = EDGE_CURVE ( 'NONE', #3531, #1161, #1995, .T. ) ;
#1977 = DIRECTION ( 'NONE',  ( 0.0000000000000000000, 0.0000000000000000000, -1.000000000000000000 ) ) ;
#1978 = FILL_AREA_STYLE_COLOUR ( '', #471 ) ;
#1979 = CARTESIAN_POINT ( 'NONE',  ( 0.01308578643762690029, 0.002792561162511659340, -0.04565797141523435243 ) ) ;
#1980 = FACE_OUTER_BOUND ( 'NONE', #797, .T. ) ;
#1981 = CONTEXT_DEPENDENT_SHAPE_REPRESENTATION ( #46, #1812 ) ;
#1982 = DIRECTION ( 'NONE',  ( -3.718265416196989948E-32, -0.06104853953485688683, 0.9981347984218669200 ) ) ;
#1983 = CARTESIAN_POINT ( 'NONE',  ( -0.01349999999999999985, 0.09650000000000000244, -0.1489999999999999936 ) ) ;
#1984 = COLOUR_RGB ( '',0.1254901960784313708, 0.1254901960784313708, 0.1254901960784313708 ) ;
#1985 = ORIENTED_EDGE ( 'NONE', *, *, #1680, .T. ) ;
#1986 = DIRECTION ( 'NONE',  ( 3.279322939077849880E-32, 0.0000000000000000000, -1.000000000000000000 ) ) ;
#1987 = DIRECTION ( 'NONE',  ( -1.000000000000000000, 0.0000000000000000000, -3.231085104332679983E-15 ) ) ;
#1988 =( REPRESENTATION_RELATIONSHIP ('NONE','NONE', #661, #1064 ) REPRESENTATION_RELATIONSHIP_WITH_TRANSFORMATION ( #1020 )SHAPE_REPRESENTATION_RELATIONSHIP( ) );
#1989 = ORIENTED_EDGE ( 'NONE', *, *, #1976, .F. ) ;
#1990 = CARTESIAN_POINT ( 'NONE',  ( 0.01349999999999999638, 0.02161713742577895184, -0.04220931616990443447 ) ) ;
#1991 = COLOUR_RGB ( '',0.1254901960784313708, 0.1254901960784313708, 0.1254901960784313708 ) ;
#1992 = ORIENTED_EDGE ( 'NONE', *, *, #3062, .T. ) ;
#1993 = SURFACE_STYLE_USAGE ( .BOTH. , #956 ) ;
#1994 = UNCERTAINTY_MEASURE_WITH_UNIT (LENGTH_MEASURE( 1.000000000000000082E-05 ), #2905, 'distance_accuracy_value', 'NONE');
#1995 = CIRCLE ( 'NONE', #2327, 0.001000000000000002623 ) ;
#1996 = AXIS2_PLACEMENT_3D ( 'NONE', #1493, #4054, #892 ) ;
#1997 = ORIENTED_EDGE ( 'NONE', *, *, #3244, .F. ) ;
#1998 = FACE_OUTER_BOUND ( 'NONE', #4067, .T. ) ;
#1999 = COLOUR_RGB ( '',0.7529411764705882248, 0.7529411764705882248, 0.7529411764705882248 ) ;
#2000 = CARTESIAN_POINT ( 'NONE',  ( -0.01250000000000000069, 0.04733443272998889839, -0.07075394419695399395 ) ) ;
#2001 = CARTESIAN_POINT ( 'NONE',  ( 0.5999999999999999778, 0.07750000000000009659, 0.3500000000000000333 ) ) ;
#2002 = ADVANCED_FACE ( 'NONE', ( #3463 ), #3194, .T. ) ;
#2003 = CARTESIAN_POINT ( 'NONE',  ( -0.4437867965644042290, 0.01499999999999991791, 0.4849999999999999867 ) ) ;
#2004 = UNCERTAINTY_MEASURE_WITH_UNIT (LENGTH_MEASURE( 1.000000000000000082E-05 ), #2384, 'distance_accuracy_value', 'NONE');
#2005 = CARTESIAN_POINT ( 'NONE',  ( 0.01308578643762690549, 0.001063031307206668179, 3.182856125275155176E-18 ) ) ;
#2006 = DIRECTION ( 'NONE',  ( -0.7071067811865460184, -9.300984204488336340E-17, -0.7071067811865490160 ) ) ;
#2007 =( NAMED_UNIT ( * ) PLANE_ANGLE_UNIT ( ) SI_UNIT ( $, .RADIAN. ) );
#2008 = CARTESIAN_POINT ( 'NONE',  ( 0.3750000000000000000, 0.0000000000000000000, -0.5999999999999999778 ) ) ;
#2009 = AXIS2_PLACEMENT_3D ( 'NONE', #217, #3066, #2744 ) ;
#2010 =( NAMED_UNIT ( * ) SI_UNIT ( $, .STERADIAN. ) SOLID_ANGLE_UNIT ( ) );
#2011 = ORIENTED_EDGE ( 'NONE', *, *, #3696, .F. ) ;
#2012 = CARTESIAN_POINT ( 'NONE',  ( 0.01308578643762691590, 0.08271343756574849049, -0.06062611087128476350 ) ) ;
#2013 = PRESENTATION_LAYER_ASSIGNMENT (  '', '', ( #2543 ) ) ;
#2014 = ORIENTED_EDGE ( 'NONE', *, *, #2151, .T. ) ;
#2015 = DIRECTION ( 'NONE',  ( 0.0000000000000000000, 0.9654274555191098006, -0.2606718782874311580 ) ) ;
#2016 = DIRECTION ( 'NONE',  ( 0.0000000000000000000, 0.0000000000000000000, 1.000000000000000000 ) ) ;
#2017 = VECTOR ( 'NONE', #89, 100.0000000000000000 ) ;
#2018 = CARTESIAN_POINT ( 'NONE',  ( -0.01349999999999999985, 0.07036739066116172447, -0.07697299708602460544 ) ) ;
#2019 = ORIENTED_EDGE ( 'NONE', *, *, #849, .F. ) ;
#2020 =( LENGTH_UNIT ( ) NAMED_UNIT ( * ) SI_UNIT ( .CENTI., .METRE. ) );
#2021 = MECHANICAL_DESIGN_GEOMETRIC_PRESENTATION_REPRESENTATION (  '', ( #1547 ), #2881 ) ;
#2022 = CARTESIAN_POINT ( 'NONE',  ( 0.01308578643762690549, 0.09649999999999998856, -0.1499999999999999944 ) ) ;
#2023 = AXIS2_PLACEMENT_3D ( 'NONE', #3489, #2566, #1214 ) ;
#2024 = LINE ( 'NONE', #3656, #1623 ) ;
#2025 = CONTEXT_DEPENDENT_SHAPE_REPRESENTATION ( #2229, #3738 ) ;
#2026 = CARTESIAN_POINT ( 'NONE',  ( -0.01250000000000000069, 0.02275525713094899913, -0.04443700062453719707 ) ) ;
#2027 = ORIENTED_EDGE ( 'NONE', *, *, #3604, .F. ) ;
#2028 = CARTESIAN_POINT ( 'NONE',  ( -0.01250000000000000069, 0.07010671878287431935, -0.07793842454154371879 ) ) ;
#2029 = DIRECTION ( 'NONE',  ( -1.000000000000000000, 0.0000000000000000000, 0.0000000000000000000 ) ) ;
#2030 = DIRECTION ( 'NONE',  ( -1.000000000000000000, 0.0000000000000000000, -1.836909530733570078E-16 ) ) ;
#2031 = ADVANCED_FACE ( 'NONE', ( #3637 ), #3603, .T. ) ;
#2032 = ORIENTED_EDGE ( 'NONE', *, *, #1101, .F. ) ;
#2033 = CARTESIAN_POINT ( 'NONE',  ( -0.01250000000000000069, 0.04707376085170147245, -0.07171937165247310730 ) ) ;
#2034 = ORIENTED_EDGE ( 'NONE', *, *, #456, .F. ) ;
#2035 = CARTESIAN_POINT ( 'NONE',  ( -0.01349999999999999985, 0.08245276568746109924, -0.06159153832680390461 ) ) ;
#2036 = FACE_OUTER_BOUND ( 'NONE', #3595, .T. ) ;
#2037 = ORIENTED_EDGE ( 'NONE', *, *, #928, .F. ) ;
#2038 = AXIS2_PLACEMENT_3D ( 'NONE', #3292, #443, #3678 ) ;
#2039 = FACE_OUTER_BOUND ( 'NONE', #1922, .T. ) ;
#2040 =( NAMED_UNIT ( * ) SI_UNIT ( $, .STERADIAN. ) SOLID_ANGLE_UNIT ( ) );
#2041 = CARTESIAN_POINT ( 'NONE',  ( -0.4749999999999999778, 0.09749999999999990619, -0.4749999999999999778 ) ) ;
#2042 = ITEM_DEFINED_TRANSFORMATION ( 'NONE', 'NONE', #2046,  #1549 ) ;
#2043 = UNCERTAINTY_MEASURE_WITH_UNIT (LENGTH_MEASURE( 1.000000000000000082E-05 ), #1082, 'distance_accuracy_value', 'NONE');
#2044 = SURFACE_STYLE_USAGE ( .BOTH. , #2668 ) ;
#2045 = PRODUCT_DEFINITION_SHAPE ( 'NONE', 'NONE',  #4128 ) ;
#2046 = AXIS2_PLACEMENT_3D ( 'NONE', #3259, #3877, #737 ) ;
#2047 = LINE ( 'NONE', #1772, #3068 ) ;
#2048 = DIRECTION ( 'NONE',  ( -1.000000000000000000, 0.0000000000000000000, -1.836909530733570078E-16 ) ) ;
#2049 = LINE ( 'NONE', #3966, #1324 ) ;
#2050 = ORIENTED_EDGE ( 'NONE', *, *, #3479, .F. ) ;
#2051 =( LENGTH_UNIT ( ) NAMED_UNIT ( * ) SI_UNIT ( .CENTI., .METRE. ) );
#2052 = EDGE_CURVE ( 'NONE', #3818, #3810, #1605, .T. ) ;
#2053 = ADVANCED_FACE ( 'NONE', ( #3560 ), #105, .T. ) ;
#2054 = CARTESIAN_POINT ( 'NONE',  ( 0.01250000000000001457, 0.06012762856547450296, -0.05452779118803430941 ) ) ;
#2055 = STYLED_ITEM ( 'NONE', ( #1131 ), #429 ) ;
#2056 = STYLED_ITEM ( 'NONE', ( #3495 ), #1313 ) ;
#2057 = DIRECTION ( 'NONE',  ( -1.000000000000000000, -0.0000000000000000000, -0.0000000000000000000 ) ) ;
#2058 = CARTESIAN_POINT ( 'NONE',  ( -0.01250000000000000069, 0.07791421356237308860, -0.1499999999999999389 ) ) ;
#2059 = VERTEX_POINT ( 'NONE', #1708 ) ;
#2060 = DIRECTION ( 'NONE',  ( -7.290249346361470286E-32, -1.000000000000000000, -6.938893903907229955E-15 ) ) ;
#2061 = COLOUR_RGB ( '',0.1254901960784313708, 0.1254901960784313708, 0.1254901960784313708 ) ;
#2062 = MECHANICAL_DESIGN_GEOMETRIC_PRESENTATION_REPRESENTATION (  '', ( #3321 ), #2862 ) ;
#2063 = PRODUCT_DEFINITION_SHAPE ( 'NONE', 'NONE',  #4111 ) ;
#2064 = DIRECTION ( 'NONE',  ( -3.279322939077849880E-32, 0.0000000000000000000, 1.000000000000000000 ) ) ;
#2065 = AXIS2_PLACEMENT_3D ( 'NONE', #1303, #3204, #1321 ) ;
#2066 = COLOUR_RGB ( '',0.1254901960784313708, 0.1254901960784313708, 0.1254901960784313708 ) ;
#2067 = ITEM_DEFINED_TRANSFORMATION ( 'NONE', 'NONE', #2549,  #1549 ) ;
#2068 = CARTESIAN_POINT ( 'NONE',  ( -1.354998773851509940E-17, 0.1287500000000000033, 0.4924999999999999933 ) ) ;
#2069 = CARTESIAN_POINT ( 'NONE',  ( -0.5999999999999999778, 0.0000000000000000000, 0.2250000000000000333 ) ) ;
#2070 =( REPRESENTATION_RELATIONSHIP ('NONE','NONE', #661, #1064 ) REPRESENTATION_RELATIONSHIP_WITH_TRANSFORMATION ( #2432 )SHAPE_REPRESENTATION_RELATIONSHIP( ) );
#2071 = COLOUR_RGB ( '',0.7529411764705882248, 0.7529411764705882248, 0.7529411764705882248 ) ;
#2072 = LINE ( 'NONE', #2724, #782 ) ;
#2073 = DIRECTION ( 'NONE',  ( 0.0000000000000000000, 0.9723873019805173712, -0.2333729524753241080 ) ) ;
#2074 = PRODUCT_DEFINITION ( 'UNKNOWN', '', #1909, #2999 ) ;
#2075 = EDGE_CURVE ( 'NONE', #3588, #1959, #2968, .T. ) ;
#2076 = CARTESIAN_POINT ( 'NONE',  ( 0.01349999999999999985, 0.05402331069110310330, -0.07176527936397669727 ) ) ;
#2077 = CARTESIAN_POINT ( 'NONE',  ( -0.01250000000000000069, 6.489650878479348095E-05, -0.001061048539534836495 ) ) ;
#2078 = COLOUR_RGB ( '',0.1254901960784313708, 0.1254901960784313708, 0.1254901960784313708 ) ;
#2079 = LINE ( 'NONE', #1808, #2662 ) ;
#2080 = COLOUR_RGB ( '',0.7921568627450980005, 0.8196078431372548767, 0.9333333333333333481 ) ;
#2081 = SURFACE_STYLE_USAGE ( .BOTH. , #2759 ) ;
#2082 = FACE_OUTER_BOUND ( 'NONE', #2613, .T. ) ;
#2083 = DIRECTION ( 'NONE',  ( -1.000000000000000000, 0.0000000000000000000, -1.836909530733570078E-16 ) ) ;
#2084 = UNCERTAINTY_MEASURE_WITH_UNIT (LENGTH_MEASURE( 1.000000000000000082E-05 ), #1079, 'distance_accuracy_value', 'NONE');
#2085 =( REPRESENTATION_RELATIONSHIP ('NONE','NONE', #661, #1064 ) REPRESENTATION_RELATIONSHIP_WITH_TRANSFORMATION ( #913 )SHAPE_REPRESENTATION_RELATIONSHIP( ) );
#2086 = SURFACE_STYLE_USAGE ( .BOTH. , #779 ) ;
#2087 = SURFACE_SIDE_STYLE ('',( #1364 ) ) ;
#2088 = DIRECTION ( 'NONE',  ( 1.000000000000000000, 0.0000000000000000000, 0.0000000000000000000 ) ) ;
#2089 = CARTESIAN_POINT ( 'NONE',  ( 0.01350000000000000158, 0.07815685424949238291, -0.1495857864376269053 ) ) ;
#2090 = PRESENTATION_STYLE_ASSIGNMENT (( #1783 ) ) ;
#2091 = FACE_OUTER_BOUND ( 'NONE', #2428, .T. ) ;
#2092 = ORIENTED_EDGE ( 'NONE', *, *, #3625, .F. ) ;
#2093 = EDGE_CURVE ( 'NONE', #2291, #3853, #3348, .T. ) ;
#2094 = EDGE_CURVE ( 'NONE', #1382, #3531, #2415, .T. ) ;
#2095 =( BOUNDED_SURFACE ( )  B_SPLINE_SURFACE ( 3, 3, ( 
 ( #3251, #3915, #2953, #2688 ),
 ( #2342, #1698, #3231, #2641 ),
 ( #2005, #2314, #3273, #753 ),
 ( #3293, #445, #1710, #1370 ) ),
 .UNSPECIFIED., .F., .F., .F. ) 
 B_SPLINE_SURFACE_WITH_KNOTS ( ( 4, 4 ),
 ( 4, 4 ),
 ( 0.0000000000000000000, 1.000000000000000000 ),
 ( 0.0000000000000000000, 1.000000000000000000 ),
 .UNSPECIFIED. ) 
 GEOMETRIC_REPRESENTATION_ITEM ( )  RATIONAL_B_SPLINE_SURFACE ( (
 ( 1.000000000000000000, 0.7901219935508990710, 0.7901219935508990710, 1.000000000000000000),
 ( 0.8047378541243649375, 0.6358410775866157882, 0.6358410775866157882, 0.8047378541243649375),
 ( 0.8047378541243649375, 0.6358410775866157882, 0.6358410775866157882, 0.8047378541243649375),
 ( 1.000000000000000000, 0.7901219935508990710, 0.7901219935508990710, 1.000000000000000000) ) ) 
 REPRESENTATION_ITEM ( '' )  SURFACE ( )  );
#2096 = PLANE ( 'NONE',  #3537 ) ;
#2097 = CONTEXT_DEPENDENT_SHAPE_REPRESENTATION ( #786, #1886 ) ;
#2098 = SURFACE_SIDE_STYLE ('',( #2738 ) ) ;
#2099 = DIRECTION ( 'NONE',  ( 0.0000000000000000000, 0.0000000000000000000, -1.000000000000000000 ) ) ;
#2100 =( NAMED_UNIT ( * ) PLANE_ANGLE_UNIT ( ) SI_UNIT ( $, .RADIAN. ) );
#2101 = EDGE_LOOP ( 'NONE', ( #2723, #3790, #1399, #2352 ) ) ;
#2102 = PRODUCT_DEFINITION_FORMATION_WITH_SPECIFIED_SOURCE ( 'ANY', '', #246, .NOT_KNOWN. ) ;
#2103 = DIRECTION ( 'NONE',  ( 1.000000000000000000, 0.0000000000000000000, 0.0000000000000000000 ) ) ;
#2104 = AXIS2_PLACEMENT_3D ( 'NONE', #769, #2362, #1397 ) ;
#2105 = FACE_OUTER_BOUND ( 'NONE', #924, .T. ) ;
#2106 = SURFACE_STYLE_USAGE ( .BOTH. , #1429 ) ;
#2107 = PRESENTATION_LAYER_ASSIGNMENT (  '', '', ( #2316 ) ) ;
#2108 = FACE_OUTER_BOUND ( 'NONE', #3941, .T. ) ;
#2109 = CARTESIAN_POINT ( 'NONE',  ( 0.01350000000000000158, 0.009645797582824388802, -0.06057776031308206161 ) ) ;
#2110 = AXIS2_PLACEMENT_3D ( 'NONE', #1934, #359, #968 ) ;
#2111 =( GEOMETRIC_REPRESENTATION_CONTEXT ( 3 ) GLOBAL_UNCERTAINTY_ASSIGNED_CONTEXT ( ( #794 ) ) GLOBAL_UNIT_ASSIGNED_CONTEXT ( ( #795, #487, #2010 ) ) REPRESENTATION_CONTEXT ( 'NONE', 'WORKASPACE' ) );
#2112 = CYLINDRICAL_SURFACE ( 'NONE', #2926, 0.001000000000000000021 ) ;
#2113 = VERTEX_POINT ( 'NONE', #1510 ) ;
#2114 = CIRCLE ( 'NONE', #986, 0.001000000000000000021 ) ;
#2115 = MECHANICAL_DESIGN_GEOMETRIC_PRESENTATION_REPRESENTATION (  '', ( #2323 ), #3123 ) ;
#2116 = CARTESIAN_POINT ( 'NONE',  ( -0.01308578643762690376, 0.01754181956520039359, -0.06374554973491941556 ) ) ;
#2117 = CONTEXT_DEPENDENT_SHAPE_REPRESENTATION ( #3998, #1514 ) ;
#2118 = FILL_AREA_STYLE ('',( #1156 ) ) ;
#2119 = MECHANICAL_DESIGN_GEOMETRIC_PRESENTATION_REPRESENTATION (  '', ( #1674 ), #6 ) ;
#2120 = FILL_AREA_STYLE_COLOUR ( '', #2518 ) ;
#2121 = EDGE_CURVE ( 'NONE', #3424, #2372, #2079, .T. ) ;
#2122 = SURFACE_STYLE_USAGE ( .BOTH. , #3963 ) ;
#2123 = MECHANICAL_DESIGN_GEOMETRIC_PRESENTATION_REPRESENTATION (  '', ( #1858 ), #340 ) ;
#2124 = PRESENTATION_LAYER_ASSIGNMENT (  '', '', ( #126 ) ) ;
#2125 = DIRECTION ( 'NONE',  ( -1.000000000000000000, 0.0000000000000000000, -1.836909530733570078E-16 ) ) ;
#2126 =( NAMED_UNIT ( * ) PLANE_ANGLE_UNIT ( ) SI_UNIT ( $, .RADIAN. ) );
#2127 = AXIS2_PLACEMENT_3D ( 'NONE', #3360, #1506, #824 ) ;
#2128 = CARTESIAN_POINT ( 'NONE',  ( -0.4500000000000002331, 0.09749999999999993394, -0.5000000000000001110 ) ) ;
#2129 = DIRECTION ( 'NONE',  ( 1.000000000000000000, 0.0000000000000000000, 0.0000000000000000000 ) ) ;
#2130 = STYLED_ITEM ( 'NONE', ( #1375 ), #2781 ) ;
#2131 = PRESENTATION_STYLE_ASSIGNMENT (( #220 ) ) ;
#2132 = SURFACE_STYLE_FILL_AREA ( #3689 ) ;
#2133 = STYLED_ITEM ( 'NONE', ( #1289 ), #3200 ) ;
#2134 = DIRECTION ( 'NONE',  ( 0.2322901742829609484, 0.9678757261790241762, 0.09621774059402130042 ) ) ;
#2135 = SURFACE_SIDE_STYLE ('',( #2447 ) ) ;
#2136 = ORIENTED_EDGE ( 'NONE', *, *, #1679, .T. ) ;
#2137 = CARTESIAN_POINT ( 'NONE',  ( -0.01349999999999999985, 6.489650878479766868E-05, -0.001061048539534867937 ) ) ;
#2138 = CIRCLE ( 'NONE', #3338, 0.001000000000000000021 ) ;
#2139 = PRODUCT_DEFINITION_SHAPE ( 'NONE', 'NONE',  #4074 ) ;
#2140 = FILL_AREA_STYLE_COLOUR ( '', #2546 ) ;
#2141 = ITEM_DEFINED_TRANSFORMATION ( 'NONE', 'NONE', #3773,  #1549 ) ;
#2142 = PRESENTATION_LAYER_ASSIGNMENT (  '', '', ( #612 ) ) ;
#2143 =( NAMED_UNIT ( * ) SI_UNIT ( $, .STERADIAN. ) SOLID_ANGLE_UNIT ( ) );
#2144 = SURFACE_STYLE_USAGE ( .BOTH. , #3038 ) ;
#2145 = DIRECTION ( 'NONE',  ( 0.09621774059400817203, 0.9678757261790242872, 0.2322901742829657501 ) ) ;
#2146 = MECHANICAL_DESIGN_GEOMETRIC_PRESENTATION_REPRESENTATION (  '', ( #488 ), #3415 ) ;
#2147 = EDGE_CURVE ( 'NONE', #2219, #2836, #2777, .T. ) ;
#2148 = CARTESIAN_POINT ( 'NONE',  ( -0.01250000000000000069, 0.01909666767421789799, 9.486769009248163798E-17 ) ) ;
#2149 = VERTEX_POINT ( 'NONE', #164 ) ;
#2150 = SURFACE_SIDE_STYLE ('',( #942 ) ) ;
#2151 = EDGE_CURVE ( 'NONE', #982, #1031, #3327, .T. ) ;
#2152 = CARTESIAN_POINT ( 'NONE',  ( -0.01349999999999999985, 0.002792561162511658906, -0.04565797141523439406 ) ) ;
#2153 = EDGE_LOOP ( 'NONE', ( #3208, #71, #2964, #610 ) ) ;
#2154 = CARTESIAN_POINT ( 'NONE',  ( 0.01250000000000000069, 0.09749999999999998945, -0.07053698364643723462 ) ) ;
#2155 = CARTESIAN_POINT ( 'NONE',  ( -0.01349999999999999985, 0.09650000000000000244, -0.07176527936397669727 ) ) ;
#2156 = DIRECTION ( 'NONE',  ( 0.2322901742829640848, 0.9678757261790243982, -0.09621774059401072554 ) ) ;
#2157 = SURFACE_STYLE_USAGE ( .BOTH. , #408 ) ;
#2158 = SURFACE_STYLE_FILL_AREA ( #2245 ) ;
#2159 = ORIENTED_EDGE ( 'NONE', *, *, #1796, .F. ) ;
#2160 = CARTESIAN_POINT ( 'NONE',  ( -0.01350000000000000505, 0.07021469261019022690, -0.07753853139598033961 ) ) ;
#2161 =( NAMED_UNIT ( * ) PLANE_ANGLE_UNIT ( ) SI_UNIT ( $, .RADIAN. ) );
#2162 = FILL_AREA_STYLE_COLOUR ( '', #2713 ) ;
#2163 = ITEM_DEFINED_TRANSFORMATION ( 'NONE', 'NONE', #1290,  #1549 ) ;
#2164 = UNCERTAINTY_MEASURE_WITH_UNIT (LENGTH_MEASURE( 1.000000000000000082E-05 ), #4068, 'distance_accuracy_value', 'NONE');
#2165 = EDGE_LOOP ( 'NONE', ( #3112, #140, #673, #895 ) ) ;
#2166 = ORIENTED_EDGE ( 'NONE', *, *, #1508, .T. ) ;
#2167 = FACE_OUTER_BOUND ( 'NONE', #2827, .T. ) ;
#2168 = LINE ( 'NONE', #3178, #1872 ) ;
#2169 = DIRECTION ( 'NONE',  ( -3.491483361109380094E-15, 0.0000000000000000000, -1.000000000000000000 ) ) ;
#2170 = EDGE_CURVE ( 'NONE', #3946, #97, #831, .T. ) ;
#2171 = DIRECTION ( 'NONE',  ( -7.290249346361470286E-32, -1.000000000000000000, -4.760081218080360245E-15 ) ) ;
#2172 = ADVANCED_FACE ( 'NONE', ( #2091 ), #2112, .T. ) ;
#2173 = ORIENTED_EDGE ( 'NONE', *, *, #695, .T. ) ;
#2174 = AXIS2_PLACEMENT_3D ( 'NONE', #1478, #2048, #469 ) ;
#2175 = VERTEX_POINT ( 'NONE', #533 ) ;
#2176 = CARTESIAN_POINT ( 'NONE',  ( -0.01250000000000000069, 0.09649999999999998856, -0.07993465998166700281 ) ) ;
#2177 = LINE ( 'NONE', #906, #3936 ) ;
#2178 = FILL_AREA_STYLE ('',( #335 ) ) ;
#2179 = ORIENTED_EDGE ( 'NONE', *, *, #828, .T. ) ;
#2180 = AXIS2_PLACEMENT_3D ( 'NONE', #2915, #1340, #733 ) ;
#2181 = ITEM_DEFINED_TRANSFORMATION ( 'NONE', 'NONE', #975,  #1549 ) ;
#2182 = PRESENTATION_STYLE_ASSIGNMENT (( #3769 ) ) ;
#2183 = DIRECTION ( 'NONE',  ( 0.0000000000000000000, 1.000000000000000000, 0.0000000000000000000 ) ) ;
#2184 = CIRCLE ( 'NONE', #984, 0.001000000000000000238 ) ;
#2185 = LINE ( 'NONE', #3729, #3280 ) ;
#2186 = AXIS2_PLACEMENT_3D ( 'NONE', #3960, #1738, #1792 ) ;
#2187 = PRESENTATION_LAYER_ASSIGNMENT (  '', '', ( #4004 ) ) ;
#2188 =( LENGTH_UNIT ( ) NAMED_UNIT ( * ) SI_UNIT ( .CENTI., .METRE. ) );
#2189 = EDGE_LOOP ( 'NONE', ( #3882, #1462, #1954, #1374 ) ) ;
#2190 = VECTOR ( 'NONE', #571, 100.0000000000000000 ) ;
#2191 = VECTOR ( 'NONE', #3328, 100.0000000000000000 ) ;
#2192 = PLANE ( 'NONE',  #2677 ) ;
#2193 = DIRECTION ( 'NONE',  ( 1.000000000000000000, 0.0000000000000000000, -3.491483361109380094E-15 ) ) ;
#2194 = PRESENTATION_LAYER_ASSIGNMENT (  '', '', ( #4008 ) ) ;
#2195 = CARTESIAN_POINT ( 'NONE',  ( -0.01250000000000000069, 0.01909666767421790839, -0.0009999999999999065626 ) ) ;
#2196 = VERTEX_POINT ( 'NONE', #180 ) ;
#2197 = ORIENTED_EDGE ( 'NONE', *, *, #2410, .T. ) ;
#2198 = VECTOR ( 'NONE', #1907, 100.0000000000000000 ) ;
#2199 = ADVANCED_FACE ( 'NONE', ( #3391 ), #4050, .T. ) ;
#2200 =( REPRESENTATION_RELATIONSHIP ('NONE','NONE', #661, #1064 ) REPRESENTATION_RELATIONSHIP_WITH_TRANSFORMATION ( #1678 )SHAPE_REPRESENTATION_RELATIONSHIP( ) );
#2201 = UNCERTAINTY_MEASURE_WITH_UNIT (LENGTH_MEASURE( 1.000000000000000082E-05 ), #1782, 'distance_accuracy_value', 'NONE');
#2202 = AXIS2_PLACEMENT_3D ( 'NONE', #889, #2368, #3628 ) ;
#2203 =( LENGTH_UNIT ( ) NAMED_UNIT ( * ) SI_UNIT ( .CENTI., .METRE. ) );
#2204 = DIRECTION ( 'NONE',  ( -0.7071067811865460184, -9.300984204488336340E-17, 0.7071067811865490160 ) ) ;
#2205 = ORIENTED_EDGE ( 'NONE', *, *, #1752, .F. ) ;
#2206 = FILL_AREA_STYLE ('',( #1960 ) ) ;
#2207 = PRODUCT_DEFINITION_SHAPE ( 'NONE', 'NONE',  #4120 ) ;
#2208 = LINE ( 'NONE', #3480, #219 ) ;
#2209 = CARTESIAN_POINT ( 'NONE',  ( 0.01349999999999999985, 0.009645797582824371455, -0.06057776031308205467 ) ) ;
#2210 = DIRECTION ( 'NONE',  ( 0.6875816551701161572, 0.2333729524753201390, 0.6875816551701153800 ) ) ;
#2211 = COLOUR_RGB ( '',0.1254901960784313708, 0.1254901960784313708, 0.1254901960784313708 ) ;
#2212 = CARTESIAN_POINT ( 'NONE',  ( -0.01349999999999999985, 0.09107190170196841073, -0.06391876277155345010 ) ) ;
#2213 = FILL_AREA_STYLE ('',( #230 ) ) ;
#2214 = CONTEXT_DEPENDENT_SHAPE_REPRESENTATION ( #2941, #2761 ) ;
#2215 = PRESENTATION_LAYER_ASSIGNMENT (  '', '', ( #3540 ) ) ;
#2216 = PRODUCT_DEFINITION_SHAPE ( 'NONE', 'NONE',  #4084 ) ;
#2217 =( BOUNDED_SURFACE ( )  B_SPLINE_SURFACE ( 3, 3, ( 
 ( #3532, #690, #3237, #1702 ),
 ( #393, #2301, #2944, #1662 ),
 ( #114, #3570, #1381, #3616 ),
 ( #139, #1990, #3264, #3947 ) ),
 .UNSPECIFIED., .F., .F., .T. ) 
 B_SPLINE_SURFACE_WITH_KNOTS ( ( 4, 4 ),
 ( 4, 4 ),
 ( 0.0000000000000000000, 1.000000000000000000 ),
 ( 0.0000000000000000000, 1.000000000000000000 ),
 .UNSPECIFIED. ) 
 GEOMETRIC_REPRESENTATION_ITEM ( )  RATIONAL_B_SPLINE_SURFACE ( (
 ( 1.000000000000000000, 0.8747560699726374400, 0.8747560699726374400, 1.000000000000000000),
 ( 0.8047378541243520589, 0.7039493226320318042, 0.7039493226320318042, 0.8047378541243520589),
 ( 0.8047378541243520589, 0.7039493226320318042, 0.7039493226320318042, 0.8047378541243520589),
 ( 1.000000000000000000, 0.8747560699726374400, 0.8747560699726374400, 1.000000000000000000) ) ) 
 REPRESENTATION_ITEM ( '' )  SURFACE ( )  );
#2218 = FILL_AREA_STYLE_COLOUR ( '', #2981 ) ;
#2219 = VERTEX_POINT ( 'NONE', #2535 ) ;
#2220 = CARTESIAN_POINT ( 'NONE',  ( 0.5999999999999999778, 0.0000000000000000000, 0.07499999999999999722 ) ) ;
#2221 =( GEOMETRIC_REPRESENTATION_CONTEXT ( 3 ) GLOBAL_UNCERTAINTY_ASSIGNED_CONTEXT ( ( #1454 ) ) GLOBAL_UNIT_ASSIGNED_CONTEXT ( ( #3304, #2925, #2680 ) ) REPRESENTATION_CONTEXT ( 'NONE', 'WORKASPACE' ) );
#2222 =( NAMED_UNIT ( * ) SI_UNIT ( $, .STERADIAN. ) SOLID_ANGLE_UNIT ( ) );
#2223 = LINE ( 'NONE', #1860, #2710 ) ;
#2224 = EDGE_LOOP ( 'NONE', ( #283, #2376, #691, #177, #2437, #1245, #665, #1854, #859, #3984, #3518, #3164 ) ) ;
#2225 = SURFACE_SIDE_STYLE ('',( #2927 ) ) ;
#2226 = LINE ( 'NONE', #2472, #2252 ) ;
#2227 = CARTESIAN_POINT ( 'NONE',  ( 0.01349999999999999985, 0.07850000000000000033, -0.08759269909673479682 ) ) ;
#2228 = VERTEX_POINT ( 'NONE', #988 ) ;
#2229 =( REPRESENTATION_RELATIONSHIP ('NONE','NONE', #661, #1064 ) REPRESENTATION_RELATIONSHIP_WITH_TRANSFORMATION ( #1697 )SHAPE_REPRESENTATION_RELATIONSHIP( ) );
#2230 = CONTEXT_DEPENDENT_SHAPE_REPRESENTATION ( #4071, #2636 ) ;
#2231 = DIRECTION ( 'NONE',  ( -0.0000000000000000000, 1.000000000000000000, 0.0000000000000000000 ) ) ;
#2232 = PLANE ( 'NONE',  #1599 ) ;
#2233 = CARTESIAN_POINT ( 'NONE',  ( 0.01349999999999999811, 0.07493898330378073736, -0.07881412152099070978 ) ) ;
#2234 = EDGE_CURVE ( 'NONE', #3888, #1006, #2244, .T. ) ;
#2235 =( NAMED_UNIT ( * ) SI_UNIT ( $, .STERADIAN. ) SOLID_ANGLE_UNIT ( ) );
#2236 = ORIENTED_EDGE ( 'NONE', *, *, #978, .F. ) ;
#2237 = DIRECTION ( 'NONE',  ( 1.000000000000000000, 0.0000000000000000000, -3.491483361109380094E-15 ) ) ;
#2238 = SURFACE_STYLE_FILL_AREA ( #1218 ) ;
#2239 = EDGE_LOOP ( 'NONE', ( #3968, #2511, #756, #17 ) ) ;
#2240 = FACE_OUTER_BOUND ( 'NONE', #2846, .T. ) ;
#2241 = CARTESIAN_POINT ( 'NONE',  ( -0.01250000000000000069, 0.03202099878083229656, -0.0009999999999998449799 ) ) ;
#2242 = UNCERTAINTY_MEASURE_WITH_UNIT (LENGTH_MEASURE( 1.000000000000000082E-05 ), #1707, 'distance_accuracy_value', 'NONE');
#2243 = MANIFOLD_SOLID_BREP ( 'Imported1', #568 ) ;
#2244 =( BOUNDED_CURVE ( )  B_SPLINE_CURVE ( 3, ( #2227, #2556, #3817, #1711 ),
 .UNSPECIFIED., .F., .T. ) 
 B_SPLINE_CURVE_WITH_KNOTS ( ( 4, 4 ),
 ( 0.0000000000000000000, 1.000000000000000000 ),
 .UNSPECIFIED. ) 
 CURVE ( )  GEOMETRIC_REPRESENTATION_ITEM ( )  RATIONAL_B_SPLINE_CURVE ( ( 1.000000000000000000, 0.8626246579231994227, 0.8626246579231994227, 1.000000000000000000 ) ) 
 REPRESENTATION_ITEM ( '' )  );
#2245 = FILL_AREA_STYLE ('',( #614 ) ) ;
#2246 = ORIENTED_EDGE ( 'NONE', *, *, #1436, .T. ) ;
#2247 =( NAMED_UNIT ( * ) PLANE_ANGLE_UNIT ( ) SI_UNIT ( $, .RADIAN. ) );
#2248 = PRODUCT_DEFINITION_SHAPE ( 'NONE', 'NONE',  #4095 ) ;
#2249 = FILL_AREA_STYLE ('',( #1298 ) ) ;
#2250 = ADVANCED_FACE ( 'NONE', ( #3496 ), #3351, .T. ) ;
#2251 = UNCERTAINTY_MEASURE_WITH_UNIT (LENGTH_MEASURE( 1.000000000000000082E-05 ), #372, 'distance_accuracy_value', 'NONE');
#2252 = VECTOR ( 'NONE', #2204, 100.0000000000000000 ) ;
#2253 = VECTOR ( 'NONE', #1066, 100.0000000000000142 ) ;
#2254 =( LENGTH_UNIT ( ) NAMED_UNIT ( * ) SI_UNIT ( .CENTI., .METRE. ) );
#2255 = EDGE_LOOP ( 'NONE', ( #1049, #3831, #3491, #2924 ) ) ;
#2256 = SURFACE_STYLE_FILL_AREA ( #1062 ) ;
#2257 = CARTESIAN_POINT ( 'NONE',  ( 0.01349999999999999985, 0.09650000000000000244, -0.08953728511987109340 ) ) ;
#2258 = AXIS2_PLACEMENT_3D ( 'NONE', #3852, #298, #2835 ) ;
#2259 = DIRECTION ( 'NONE',  ( 1.000000000000000000, 0.0000000000000000000, -3.491483361109380094E-15 ) ) ;
#2260 = CARTESIAN_POINT ( 'NONE',  ( -1.354998773851509940E-17, 0.1287500000000000033, -0.4924999999999999933 ) ) ;
#2261 = STYLED_ITEM ( 'NONE', ( #3352 ), #1868 ) ;
#2262 =( LENGTH_UNIT ( ) NAMED_UNIT ( * ) SI_UNIT ( .CENTI., .METRE. ) );
#2263 = CIRCLE ( 'NONE', #2658, 0.01999999999999999695 ) ;
#2264 = ORIENTED_EDGE ( 'NONE', *, *, #3479, .T. ) ;
#2265 = FACE_OUTER_BOUND ( 'NONE', #3970, .T. ) ;
#2266 = MECHANICAL_DESIGN_GEOMETRIC_PRESENTATION_REPRESENTATION (  '', ( #2791 ), #8 ) ;
#2267 = FILL_AREA_STYLE_COLOUR ( '', #1606 ) ;
#2268 = FILL_AREA_STYLE_COLOUR ( '', #3056 ) ;
#2269 = STYLED_ITEM ( 'NONE', ( #532 ), #2558 ) ;
#2270 = ORIENTED_EDGE ( 'NONE', *, *, #2075, .F. ) ;
#2271 = PLANE ( 'NONE',  #870 ) ;
#2272 = PRESENTATION_STYLE_ASSIGNMENT (( #314 ) ) ;
#2273 = FILL_AREA_STYLE_COLOUR ( '', #3943 ) ;
#2274 = PRESENTATION_LAYER_ASSIGNMENT (  '', '', ( #83 ) ) ;
#2275 = ITEM_DEFINED_TRANSFORMATION ( 'NONE', 'NONE', #93,  #1549 ) ;
#2276 = PRESENTATION_LAYER_ASSIGNMENT (  '', '', ( #4019 ) ) ;
#2277 = ORIENTED_EDGE ( 'NONE', *, *, #3604, .T. ) ;
#2278 = SURFACE_STYLE_USAGE ( .BOTH. , #3199 ) ;
#2279 = CARTESIAN_POINT ( 'NONE',  ( 0.3500000000000001443, 0.07750000000000005496, -0.6000000000000001998 ) ) ;
#2280 = DIRECTION ( 'NONE',  ( 3.231085104332679983E-15, 0.0000000000000000000, -1.000000000000000000 ) ) ;
#2281 = FACE_OUTER_BOUND ( 'NONE', #2403, .T. ) ;
#2282 = AXIS2_PLACEMENT_3D ( 'NONE', #1542, #2790, #1278 ) ;
#2283 =( REPRESENTATION_RELATIONSHIP ('NONE','NONE', #661, #1064 ) REPRESENTATION_RELATIONSHIP_WITH_TRANSFORMATION ( #1227 )SHAPE_REPRESENTATION_RELATIONSHIP( ) );
#2284 = ORIENTED_EDGE ( 'NONE', *, *, #1752, .T. ) ;
#2285 =( NAMED_UNIT ( * ) SI_UNIT ( $, .STERADIAN. ) SOLID_ANGLE_UNIT ( ) );
#2286 = EDGE_CURVE ( 'NONE', #3205, #336, #1647, .T. ) ;
#2287 = ORIENTED_EDGE ( 'NONE', *, *, #244, .F. ) ;
#2288 = SURFACE_STYLE_USAGE ( .BOTH. , #2225 ) ;
#2289 = SURFACE_SIDE_STYLE ('',( #3306 ) ) ;
#2290 = CARTESIAN_POINT ( 'NONE',  ( 0.4437867965644041179, 0.01500000000000001506, 0.4850000000000000977 ) ) ;
#2291 = VERTEX_POINT ( 'NONE', #2290 ) ;
#2292 = CARTESIAN_POINT ( 'NONE',  ( 0.4437867965644030077, 0.01500000000000005322, -0.4849999999999999867 ) ) ;
#2293 = UNCERTAINTY_MEASURE_WITH_UNIT (LENGTH_MEASURE( 1.000000000000000082E-05 ), #1913, 'distance_accuracy_value', 'NONE');
#2294 = DIRECTION ( 'NONE',  ( -1.000000000000000000, -0.0000000000000000000, -0.0000000000000000000 ) ) ;
#2295 = VERTEX_POINT ( 'NONE', #698 ) ;
#2296 =( LENGTH_UNIT ( ) NAMED_UNIT ( * ) SI_UNIT ( .CENTI., .METRE. ) );
#2297 = DIRECTION ( 'NONE',  ( 1.000000000000000000, 0.0000000000000000000, 0.0000000000000000000 ) ) ;
#2298 = DIRECTION ( 'NONE',  ( -1.000000000000000000, 0.0000000000000000000, -3.231085104332679983E-15 ) ) ;
#2299 = CARTESIAN_POINT ( 'NONE',  ( 0.5000000000000000000, 0.07750000000000008271, -0.4500000000000000666 ) ) ;
#2300 = EDGE_LOOP ( 'NONE', ( #448, #367, #2287, #2309 ) ) ;
#2301 = CARTESIAN_POINT ( 'NONE',  ( 0.01308578643762692978, 0.02258812557724536665, -0.04170442387598635725 ) ) ;
#2302 = ORIENTED_EDGE ( 'NONE', *, *, #3696, .T. ) ;
#2303 = CARTESIAN_POINT ( 'NONE',  ( 0.4849999999999999867, 0.01500000000000011047, -0.4437867965644030077 ) ) ;
#2304 =( NAMED_UNIT ( * ) PLANE_ANGLE_UNIT ( ) SI_UNIT ( $, .RADIAN. ) );
#2305 = CYLINDRICAL_SURFACE ( 'NONE', #3533, 0.001000000000000000238 ) ;
#2306 = AXIS2_PLACEMENT_3D ( 'NONE', #3815, #1573, #1 ) ;
#2307 = ADVANCED_FACE ( 'NONE', ( #378, #3887 ), #1073, .T. ) ;
#2308 = FACE_OUTER_BOUND ( 'NONE', #1188, .T. ) ;
#2309 = ORIENTED_EDGE ( 'NONE', *, *, #1723, .F. ) ;
#2310 = SURFACE_STYLE_USAGE ( .BOTH. , #2661 ) ;
#2311 = PRODUCT_DEFINITION_SHAPE ( 'NONE', 'NONE',  #4119 ) ;
#2312 = AXIS2_PLACEMENT_3D ( 'NONE', #1795, #4040, #4057 ) ;
#2313 =( GEOMETRIC_REPRESENTATION_CONTEXT ( 3 ) GLOBAL_UNCERTAINTY_ASSIGNED_CONTEXT ( ( #1533 ) ) GLOBAL_UNIT_ASSIGNED_CONTEXT ( ( #2051, #3356, #2708 ) ) REPRESENTATION_CONTEXT ( 'NONE', 'WORKASPACE' ) );
#2314 = CARTESIAN_POINT ( 'NONE',  ( 0.01308578643762690549, 0.0004484671632495841262, 8.284305690976454650E-18 ) ) ;
#2315 = CARTESIAN_POINT ( 'NONE',  ( -0.01250000000000000069, 0.09708578643762691418, -0.1499999999999999667 ) ) ;
#2316 = STYLED_ITEM ( 'NONE', ( #1916 ), #405 ) ;
#2317 = FILL_AREA_STYLE_COLOUR ( '', #1000 ) ;
#2318 = DIRECTION ( 'NONE',  ( 3.231085104332679983E-15, 0.0000000000000000000, -1.000000000000000000 ) ) ;
#2319 = PRESENTATION_LAYER_ASSIGNMENT (  '', '', ( #3582 ) ) ;
#2320 = MECHANICAL_DESIGN_GEOMETRIC_PRESENTATION_REPRESENTATION (  '', ( #127 ), #2111 ) ;
#2321 = ORIENTED_EDGE ( 'NONE', *, *, #3699, .T. ) ;
#2322 = CARTESIAN_POINT ( 'NONE',  ( 0.01308578643762691417, 0.09178621231786150692, -0.06307582081312639033 ) ) ;
#2323 = STYLED_ITEM ( 'NONE', ( #664 ), #645 ) ;
#2324 = ORIENTED_EDGE ( 'NONE', *, *, #1717, .T. ) ;
#2325 = CARTESIAN_POINT ( 'NONE',  ( -0.01349999999999999985, 0.09650000000000000244, -0.07993465998166700281 ) ) ;
#2326 = FILL_AREA_STYLE ('',( #2984 ) ) ;
#2327 = AXIS2_PLACEMENT_3D ( 'NONE', #1636, #45, #2183 ) ;
#2328 = MECHANICAL_DESIGN_GEOMETRIC_PRESENTATION_REPRESENTATION (  '', ( #2921 ), #1120 ) ;
#2329 =( NAMED_UNIT ( * ) PLANE_ANGLE_UNIT ( ) SI_UNIT ( $, .RADIAN. ) );
#2330 = ORIENTED_EDGE ( 'NONE', *, *, #1361, .T. ) ;
#2331 = FILL_AREA_STYLE ('',( #3243 ) ) ;
#2332 = PRESENTATION_LAYER_ASSIGNMENT (  '', '', ( #1793 ) ) ;
#2333 =( GEOMETRIC_REPRESENTATION_CONTEXT ( 3 ) GLOBAL_UNCERTAINTY_ASSIGNED_CONTEXT ( ( #3886 ) ) GLOBAL_UNIT_ASSIGNED_CONTEXT ( ( #3744, #1631, #1193 ) ) REPRESENTATION_CONTEXT ( 'NONE', 'WORKASPACE' ) );
#2334 = ADVANCED_FACE ( 'NONE', ( #2308 ), #1726, .F. ) ;
#2335 = CARTESIAN_POINT ( 'NONE',  ( 0.01250000000000000069, 0.09650000000000000244, -0.1499999999999999944 ) ) ;
#2336 = AXIS2_PLACEMENT_3D ( 'NONE', #745, #1030, #2375 ) ;
#2337 = LINE ( 'NONE', #3539, #593 ) ;
#2338 = SURFACE_STYLE_USAGE ( .BOTH. , #703 ) ;
#2339 = EDGE_CURVE ( 'NONE', #2113, #2228, #2947, .T. ) ;
#2340 = STYLED_ITEM ( 'NONE', ( #388 ), #2783 ) ;
#2341 = UNCERTAINTY_MEASURE_WITH_UNIT (LENGTH_MEASURE( 1.000000000000000082E-05 ), #1254, 'distance_accuracy_value', 'NONE');
#2342 = CARTESIAN_POINT ( 'NONE',  ( 0.01349999999999999985, 0.001063031307206664710, -0.0004142135623730913729 ) ) ;
#2343 = DIRECTION ( 'NONE',  ( 0.0000000000000000000, 1.000000000000000000, 0.0000000000000000000 ) ) ;
#2344 = VECTOR ( 'NONE', #3053, 100.0000000000000000 ) ;
#2345 = VERTEX_POINT ( 'NONE', #3287 ) ;
#2346 = DIRECTION ( 'NONE',  ( -1.000000000000000000, 0.0000000000000000000, -3.231085104332679983E-15 ) ) ;
#2347 = COLOUR_RGB ( '',0.7529411764705882248, 0.7529411764705882248, 0.7529411764705882248 ) ;
#2348 = LINE ( 'NONE', #3318, #3192 ) ;
#2349 = PRODUCT_DEFINITION_SHAPE ( 'NONE', 'NONE',  #4135 ) ;
#2350 = CARTESIAN_POINT ( 'NONE',  ( -0.01349999999999999985, 0.01909666767421782513, -0.0009999999999999000574 ) ) ;
#2351 = COLOUR_RGB ( '',0.7529411764705882248, 0.7529411764705882248, 0.7529411764705882248 ) ;
#2352 = ORIENTED_EDGE ( 'NONE', *, *, #2365, .T. ) ;
#2353 = CARTESIAN_POINT ( 'NONE',  ( -0.01349999999999999985, 0.09107190170196846624, -0.06391876277155345010 ) ) ;
#2354 = AXIS2_PLACEMENT_3D ( 'NONE', #1709, #1394, #2997 ) ;
#2355 = CARTESIAN_POINT ( 'NONE',  ( -0.01250000000000000069, 0.004202741360954140130, -0.05233380561562839955 ) ) ;
#2356 = EDGE_LOOP ( 'NONE', ( #489, #2011, #2742, #1499 ) ) ;
#2357 = CARTESIAN_POINT ( 'NONE',  ( -0.01349999999999999985, 0.001834878604514530304, -0.02999999999999999889 ) ) ;
#2358 =( LENGTH_UNIT ( ) NAMED_UNIT ( * ) SI_UNIT ( .CENTI., .METRE. ) );
#2359 = FILL_AREA_STYLE_COLOUR ( '', #1733 ) ;
#2360 = FACE_OUTER_BOUND ( 'NONE', #1937, .T. ) ;
#2361 = ITEM_DEFINED_TRANSFORMATION ( 'NONE', 'NONE', #1885,  #1549 ) ;
#2362 = DIRECTION ( 'NONE',  ( -3.718265416196989948E-32, -0.06104853953485710194, 0.9981347984218670311 ) ) ;
#2363 = EDGE_CURVE ( 'NONE', #1358, #2149, #2963, .T. ) ;
#2364 = DIRECTION ( 'NONE',  ( -1.000000000000000000, 7.290249346361489992E-32, -3.279322939077849880E-32 ) ) ;
#2365 = EDGE_CURVE ( 'NONE', #1970, #1692, #3386, .T. ) ;
#2366 = DIRECTION ( 'NONE',  ( -0.7071067811865474617, 0.0000000000000000000, 0.7071067811865476838 ) ) ;
#2367 = ORIENTED_EDGE ( 'NONE', *, *, #2363, .T. ) ;
#2368 = DIRECTION ( 'NONE',  ( -0.0000000000000000000, 0.2606718782874300477, 0.9654274555191101337 ) ) ;
#2369 = PRESENTATION_STYLE_ASSIGNMENT (( #836 ) ) ;
#2370 = DIRECTION ( 'NONE',  ( -1.000000000000000000, 0.0000000000000000000, -3.231085104332679983E-15 ) ) ;
#2371 = FILL_AREA_STYLE ('',( #739 ) ) ;
#2372 = VERTEX_POINT ( 'NONE', #3411 ) ;
#2373 = FACE_OUTER_BOUND ( 'NONE', #3337, .T. ) ;
#2374 = CARTESIAN_POINT ( 'NONE',  ( 0.01349999999999999985, 0.07850000000000000033, -0.09336630467740500428 ) ) ;
#2375 = DIRECTION ( 'NONE',  ( 0.0000000000000000000, -0.0000000000000000000, 1.000000000000000000 ) ) ;
#2376 = ORIENTED_EDGE ( 'NONE', *, *, #95, .F. ) ;
#2377 =( BOUNDED_SURFACE ( )  B_SPLINE_SURFACE ( 3, 3, ( 
 ( #2028, #3690, #1512, #449 ),
 ( #2779, #3295, #1196, #2475 ),
 ( #2160, #3433, #573, #1577 ),
 ( #5, #3190, #2907, #3145 ) ),
 .UNSPECIFIED., .F., .F., .F. ) 
 B_SPLINE_SURFACE_WITH_KNOTS ( ( 4, 4 ),
 ( 4, 4 ),
 ( 0.0000000000000000000, 1.000000000000000000 ),
 ( 0.0000000000000000000, 1.000000000000000000 ),
 .UNSPECIFIED. ) 
 GEOMETRIC_REPRESENTATION_ITEM ( )  RATIONAL_B_SPLINE_SURFACE ( (
 ( 1.000000000000000000, 0.8626246579232003109, 0.8626246579232003109, 1.000000000000000000),
 ( 0.8047378541243626060, 0.6941867161318785451, 0.6941867161318785451, 0.8047378541243626060),
 ( 0.8047378541243626060, 0.6941867161318785451, 0.6941867161318785451, 0.8047378541243626060),
 ( 1.000000000000000000, 0.8626246579232003109, 0.8626246579232003109, 1.000000000000000000) ) ) 
 REPRESENTATION_ITEM ( '' )  SURFACE ( )  );
#2378 = ORIENTED_EDGE ( 'NONE', *, *, #215, .T. ) ;
#2379 = FILL_AREA_STYLE_COLOUR ( '', #4059 ) ;
#2380 =( NAMED_UNIT ( * ) SI_UNIT ( $, .STERADIAN. ) SOLID_ANGLE_UNIT ( ) );
#2381 = AXIS2_PLACEMENT_3D ( 'NONE', #2940, #3965, #2298 ) ;
#2382 = DIRECTION ( 'NONE',  ( -0.2333729524753232198, 0.9723873019805177043, 0.0000000000000000000 ) ) ;
#2383 = ADVANCED_FACE ( 'NONE', ( #3010 ), #88, .T. ) ;
#2384 =( LENGTH_UNIT ( ) NAMED_UNIT ( * ) SI_UNIT ( .CENTI., .METRE. ) );
#2385 = UNCERTAINTY_MEASURE_WITH_UNIT (LENGTH_MEASURE( 1.000000000000000082E-05 ), #775, 'distance_accuracy_value', 'NONE');
#2386 = DIRECTION ( 'NONE',  ( 7.893034146598111246E-32, 0.9654274555191101337, -0.2606718782874300477 ) ) ;
#2387 = PRODUCT_DEFINITION_SHAPE ( 'NONE', 'NONE',  #4098 ) ;
#2388 = ORIENTED_EDGE ( 'NONE', *, *, #268, .T. ) ;
#2389 = COLOUR_RGB ( '',0.7529411764705882248, 0.7529411764705882248, 0.7529411764705882248 ) ;
#2390 = CARTESIAN_POINT ( 'NONE',  ( 0.07499999999999999722, 0.0000000000000000000, 0.5999999999999999778 ) ) ;
#2391 = AXIS2_PLACEMENT_3D ( 'NONE', #4020, #4060, #2482 ) ;
#2392 = CARTESIAN_POINT ( 'NONE',  ( -0.01350000000000000158, 0.07791421356237308860, -0.1493431457505076387 ) ) ;
#2393 = CIRCLE ( 'NONE', #3712, 0.001000000000000002623 ) ;
#2394 = PRODUCT_DEFINITION_SHAPE ( 'NONE', 'NONE',  #4114 ) ;
#2395 =( LENGTH_UNIT ( ) NAMED_UNIT ( * ) SI_UNIT ( .CENTI., .METRE. ) );
#2396 = SURFACE_SIDE_STYLE ('',( #866 ) ) ;
#2397 = SURFACE_STYLE_USAGE ( .BOTH. , #1155 ) ;
#2398 =( NAMED_UNIT ( * ) PLANE_ANGLE_UNIT ( ) SI_UNIT ( $, .RADIAN. ) );
#2399 = DIRECTION ( 'NONE',  ( -0.0000000000000000000, 1.000000000000000000, 4.760081218080361034E-15 ) ) ;
#2400 = MECHANICAL_DESIGN_GEOMETRIC_PRESENTATION_REPRESENTATION (  '', ( #1127 ), #3598 ) ;
#2401 = DIRECTION ( 'NONE',  ( -1.000000000000000000, 0.0000000000000000000, -1.836909530733570078E-16 ) ) ;
#2402 = CARTESIAN_POINT ( 'NONE',  ( -0.01349999999999999985, 0.01909666767421790839, -0.0009999999999999022258 ) ) ;
#2403 = EDGE_LOOP ( 'NONE', ( #1195, #3229, #290, #3355 ) ) ;
#2404 = FACE_OUTER_BOUND ( 'NONE', #400, .T. ) ;
#2405 = CARTESIAN_POINT ( 'NONE',  ( 0.02500000000000000139, 0.0000000000000000000, 0.5999999999999999778 ) ) ;
#2406 = VECTOR ( 'NONE', #1162, 100.0000000000000000 ) ;
#2407 = EDGE_CURVE ( 'NONE', #3468, #1345, #1129, .T. ) ;
#2408 = DIRECTION ( 'NONE',  ( 0.0000000000000000000, 0.0000000000000000000, 1.000000000000000000 ) ) ;
#2409 = PRODUCT_DEFINITION_SHAPE ( 'NONE', 'NONE',  #4077 ) ;
#2410 = EDGE_CURVE ( 'NONE', #2823, #3747, #1486, .T. ) ;
#2411 = CARTESIAN_POINT ( 'NONE',  ( -0.01349999999999999985, 0.001063031307206661457, -0.001000000000000002623 ) ) ;
#2412 = STYLED_ITEM ( 'NONE', ( #2760 ), #3751 ) ;
#2413 =( NAMED_UNIT ( * ) SI_UNIT ( $, .STERADIAN. ) SOLID_ANGLE_UNIT ( ) );
#2414 = CIRCLE ( 'NONE', #2038, 0.0009999999999999998040 ) ;
#2415 = LINE ( 'NONE', #1450, #3875 ) ;
#2416 =( REPRESENTATION_RELATIONSHIP ('NONE','NONE', #661, #1064 ) REPRESENTATION_RELATIONSHIP_WITH_TRANSFORMATION ( #2856 )SHAPE_REPRESENTATION_RELATIONSHIP( ) );
#2417 = FACE_OUTER_BOUND ( 'NONE', #1331, .T. ) ;
#2418 = CARTESIAN_POINT ( 'NONE',  ( -0.01250000000000000069, 0.09749999999999998945, -0.07993465998166700281 ) ) ;
#2419 =( NAMED_UNIT ( * ) PLANE_ANGLE_UNIT ( ) SI_UNIT ( $, .RADIAN. ) );
#2420 = DIRECTION ( 'NONE',  ( -1.836909530733570078E-16, 0.0000000000000000000, 1.000000000000000000 ) ) ;
#2421 = UNCERTAINTY_MEASURE_WITH_UNIT (LENGTH_MEASURE( 1.000000000000000082E-05 ), #3226, 'distance_accuracy_value', 'NONE');
#2422 =( NAMED_UNIT ( * ) SI_UNIT ( $, .STERADIAN. ) SOLID_ANGLE_UNIT ( ) );
#2423 = CARTESIAN_POINT ( 'NONE',  ( -0.3750000000000000000, 0.0000000000000000000, 0.5999999999999999778 ) ) ;
#2424 = CARTESIAN_POINT ( 'NONE',  ( -2.709997547703030049E-17, 0.08749999999999999445, 0.5000000000000000000 ) ) ;
#2425 = EDGE_CURVE ( 'NONE', #3531, #138, #2718, .T. ) ;
#2426 = CARTESIAN_POINT ( 'NONE',  ( -0.3499999999999999778, 0.1600000000000000033, 0.2999999999999999889 ) ) ;
#2427 = CARTESIAN_POINT ( 'NONE',  ( -0.01349999999999999985, 0.07749999999999999944, -0.08759269909673479682 ) ) ;
#2428 = EDGE_LOOP ( 'NONE', ( #1985, #678, #714, #303 ) ) ;
#2429 = LINE ( 'NONE', #2137, #3209 ) ;
#2430 =( NAMED_UNIT ( * ) SI_UNIT ( $, .STERADIAN. ) SOLID_ANGLE_UNIT ( ) );
#2431 = PRODUCT_DEFINITION_SHAPE ( 'NONE', 'NONE',  #2074 ) ;
#2432 = ITEM_DEFINED_TRANSFORMATION ( 'NONE', 'NONE', #3074,  #1549 ) ;
#2433 = DIRECTION ( 'NONE',  ( 0.0000000000000000000, -1.000000000000000000, -0.0000000000000000000 ) ) ;
#2434 = CARTESIAN_POINT ( 'NONE',  ( 0.4500000000000001221, 0.07749999999999994393, -0.5000000000000000000 ) ) ;
#2435 = SURFACE_STYLE_FILL_AREA ( #1422 ) ;
#2436 = AXIS2_PLACEMENT_3D ( 'NONE', #3402, #2401, #169 ) ;
#2437 = ORIENTED_EDGE ( 'NONE', *, *, #1541, .F. ) ;
#2438 = DIRECTION ( 'NONE',  ( -7.893034146598106867E-32, -0.9654274555191101337, 0.2606718782874297147 ) ) ;
#2439 = CARTESIAN_POINT ( 'NONE',  ( -0.3499999999999999778, 0.1499999999999999944, 0.4000000000000000222 ) ) ;
#2440 = DIRECTION ( 'NONE',  ( 0.0000000000000000000, 0.0000000000000000000, 1.000000000000000000 ) ) ;
#2441 = SURFACE_STYLE_FILL_AREA ( #3342 ) ;
#2442 = CARTESIAN_POINT ( 'NONE',  ( -2.709997547703030049E-17, 0.09749999999999990619, 0.5000000000000000000 ) ) ;
#2443 = AXIS2_PLACEMENT_3D ( 'NONE', #2453, #3397, #3725 ) ;
#2444 = CARTESIAN_POINT ( 'NONE',  ( 0.01308578643762690029, 0.008955826027659947314, -0.06142727398090019886 ) ) ;
#2445 = MECHANICAL_DESIGN_GEOMETRIC_PRESENTATION_REPRESENTATION (  '', ( #2711 ), #3583 ) ;
#2446 = SURFACE_STYLE_FILL_AREA ( #1132 ) ;
#2447 = SURFACE_STYLE_FILL_AREA ( #513 ) ;
#2448 = EDGE_CURVE ( 'NONE', #2196, #1040, #2469, .T. ) ;
#2449 = FILL_AREA_STYLE_COLOUR ( '', #1404 ) ;
#2450 = VECTOR ( 'NONE', #508, 100.0000000000000000 ) ;
#2451 = PRESENTATION_LAYER_ASSIGNMENT (  '', '', ( #584 ) ) ;
#2452 = DIRECTION ( 'NONE',  ( -0.0000000000000000000, -0.0000000000000000000, -1.000000000000000000 ) ) ;
#2453 = CARTESIAN_POINT ( 'NONE',  ( -0.01249999999999999722, 0.003790695960933523033, -0.04559692287569953872 ) ) ;
#2454 =( GEOMETRIC_REPRESENTATION_CONTEXT ( 3 ) GLOBAL_UNCERTAINTY_ASSIGNED_CONTEXT ( ( #1339 ) ) GLOBAL_UNIT_ASSIGNED_CONTEXT ( ( #2561, #938, #3869 ) ) REPRESENTATION_CONTEXT ( 'NONE', 'WORKASPACE' ) );
#2455 = SURFACE_STYLE_USAGE ( .BOTH. , #4015 ) ;
#2456 = CARTESIAN_POINT ( 'NONE',  ( -0.01249999999999999896, 0.09749999999999998945, -0.07053698364643727625 ) ) ;
#2457 = EDGE_CURVE ( 'NONE', #699, #1906, #1804, .T. ) ;
#2458 = DIRECTION ( 'NONE',  ( 3.718265416196989948E-32, 0.06104853953485690071, -0.9981347984218670311 ) ) ;
#2459 = DIRECTION ( 'NONE',  ( -1.000000000000000000, 0.0000000000000000000, -1.836909530733570078E-16 ) ) ;
#2460 = UNCERTAINTY_MEASURE_WITH_UNIT (LENGTH_MEASURE( 1.000000000000000082E-05 ), #4017, 'distance_accuracy_value', 'NONE');
#2461 = PLANE ( 'NONE',  #2714 ) ;
#2462 = PRESENTATION_LAYER_ASSIGNMENT (  '', '', ( #3058 ) ) ;
#2463 = ORIENTED_EDGE ( 'NONE', *, *, #1052, .T. ) ;
#2464 = CARTESIAN_POINT ( 'NONE',  ( -0.01349999999999999985, 0.001063031307206663409, -0.0009999999999999458107 ) ) ;
#2465 =( NAMED_UNIT ( * ) PLANE_ANGLE_UNIT ( ) SI_UNIT ( $, .RADIAN. ) );
#2466 = PRESENTATION_LAYER_ASSIGNMENT (  '', '', ( #2998 ) ) ;
#2467 = LINE ( 'NONE', #3737, #332 ) ;
#2468 = ORIENTED_EDGE ( 'NONE', *, *, #1484, .F. ) ;
#2469 = LINE ( 'NONE', #2748, #932 ) ;
#2470 = AXIS2_PLACEMENT_3D ( 'NONE', #2357, #1032, #2991 ) ;
#2471 = CARTESIAN_POINT ( 'NONE',  ( 0.01250000000000000069, 0.07749999999999999944, -0.1489999999999999936 ) ) ;
#2472 = CARTESIAN_POINT ( 'NONE',  ( 0.4849999999999999867, 0.01500000000000005843, 0.4437867965644039514 ) ) ;
#2473 =( NAMED_UNIT ( * ) SI_UNIT ( $, .STERADIAN. ) SOLID_ANGLE_UNIT ( ) );
#2474 = ORIENTED_EDGE ( 'NONE', *, *, #3780, .F. ) ;
#2475 = CARTESIAN_POINT ( 'NONE',  ( -0.01308578643762691243, 0.07749999999999998557, -0.08759269909673479682 ) ) ;
#2476 = COLOUR_RGB ( '',0.1254901960784313708, 0.1254901960784313708, 0.1254901960784313708 ) ;
#2477 = PRODUCT_DEFINITION_SHAPE ( 'NONE', 'NONE',  #4091 ) ;
#2478 = FACE_OUTER_BOUND ( 'NONE', #867, .T. ) ;
#2479 = MECHANICAL_DESIGN_GEOMETRIC_PRESENTATION_REPRESENTATION (  '', ( #155 ), #428 ) ;
#2480 = EDGE_CURVE ( 'NONE', #2536, #3588, #1166, .T. ) ;
#2481 = EDGE_CURVE ( 'NONE', #1959, #2678, #264, .T. ) ;
#2482 = DIRECTION ( 'NONE',  ( 0.0000000000000000000, -1.000000000000000000, 0.0000000000000000000 ) ) ;
#2483 = ORIENTED_EDGE ( 'NONE', *, *, #1147, .T. ) ;
#2484 = CARTESIAN_POINT ( 'NONE',  ( -0.4924999999999999933, 0.04624999999999990230, -0.5000000000000000000 ) ) ;
#2485 = DIRECTION ( 'NONE',  ( -3.491483361109380094E-15, 0.0000000000000000000, -1.000000000000000000 ) ) ;
#2486 = CARTESIAN_POINT ( 'NONE',  ( -0.01308578643762690202, 0.0004484671632496000098, -1.827603409668275019E-18 ) ) ;
#2487 = DIRECTION ( 'NONE',  ( 0.0000000000000000000, -1.000000000000000000, 0.0000000000000000000 ) ) ;
#2488 = VERTEX_POINT ( 'NONE', #1242 ) ;
#2489 = PRESENTATION_STYLE_ASSIGNMENT (( #3472 ) ) ;
#2490 = ORIENTED_EDGE ( 'NONE', *, *, #1439, .F. ) ;
#2491 = UNCERTAINTY_MEASURE_WITH_UNIT (LENGTH_MEASURE( 1.000000000000000082E-05 ), #3461, 'distance_accuracy_value', 'NONE');
#2492 = SURFACE_SIDE_STYLE ('',( #1222 ) ) ;
#2493 = EDGE_LOOP ( 'NONE', ( #989, #1009 ) ) ;
#2494 = CARTESIAN_POINT ( 'NONE',  ( -0.01308578643762690202, 0.003335494101621767037, -0.05453484650289833202 ) ) ;
#2495 = CARTESIAN_POINT ( 'NONE',  ( 0.01349999999999999985, 0.01780249144348778831, -0.06278012227940034384 ) ) ;
#2496 = CARTESIAN_POINT ( 'NONE',  ( -0.01349999999999999985, 0.09649999999999998856, -0.07993465998166700281 ) ) ;
#2497 = DIRECTION ( 'NONE',  ( -1.000000000000000000, 0.0000000000000000000, 0.0000000000000000000 ) ) ;
#2498 = ITEM_DEFINED_TRANSFORMATION ( 'NONE', 'NONE', #3151,  #1549 ) ;
#2499 = MECHANICAL_DESIGN_GEOMETRIC_PRESENTATION_REPRESENTATION (  '', ( #638 ), #772 ) ;
#2500 = UNCERTAINTY_MEASURE_WITH_UNIT (LENGTH_MEASURE( 1.000000000000000082E-05 ), #3315, 'distance_accuracy_value', 'NONE');
#2501 = ORIENTED_EDGE ( 'NONE', *, *, #323, .T. ) ;
#2502 = EDGE_CURVE ( 'NONE', #1074, #3255, #3724, .T. ) ;
#2503 = DIRECTION ( 'NONE',  ( 1.000000000000000000, 0.0000000000000000000, -3.491483361109380094E-15 ) ) ;
#2504 = CARTESIAN_POINT ( 'NONE',  ( -0.01308578643762690376, 0.001063031307206659939, -1.827603409668275019E-18 ) ) ;
#2505 = CARTESIAN_POINT ( 'NONE',  ( -0.4437867965644032298, 0.01499999999999989883, -0.4850000000000002087 ) ) ;
#2506 = ORIENTED_EDGE ( 'NONE', *, *, #1925, .F. ) ;
#2507 = CARTESIAN_POINT ( 'NONE',  ( -0.01349999999999999985, 0.08749999999999999445, -0.1499999999999999944 ) ) ;
#2508 = ORIENTED_EDGE ( 'NONE', *, *, #1436, .F. ) ;
#2509 = CARTESIAN_POINT ( 'NONE',  ( 0.01349999999999999985, 0.01780249144348782994, -0.06278012227940030221 ) ) ;
#2510 = LINE ( 'NONE', #3453, #3708 ) ;
#2511 = ORIENTED_EDGE ( 'NONE', *, *, #351, .T. ) ;
#2512 = DIRECTION ( 'NONE',  ( -0.6875816551701148249, -0.2333729524753249684, -0.6875816551701150470 ) ) ;
#2513 = AXIS2_PLACEMENT_3D ( 'NONE', #903, #1386, #2592 ) ;
#2514 =( GEOMETRIC_REPRESENTATION_CONTEXT ( 3 ) GLOBAL_UNCERTAINTY_ASSIGNED_CONTEXT ( ( #3161 ) ) GLOBAL_UNIT_ASSIGNED_CONTEXT ( ( #670, #1659, #2222 ) ) REPRESENTATION_CONTEXT ( 'NONE', 'WORKASPACE' ) );
#2515 = ITEM_DEFINED_TRANSFORMATION ( 'NONE', 'NONE', #1314,  #1549 ) ;
#2516 = CARTESIAN_POINT ( 'NONE',  ( -0.01350000000000000332, 0.09149033517301151386, -0.06342497880460022663 ) ) ;
#2517 =( GEOMETRIC_REPRESENTATION_CONTEXT ( 3 ) GLOBAL_UNCERTAINTY_ASSIGNED_CONTEXT ( ( #3665 ) ) GLOBAL_UNIT_ASSIGNED_CONTEXT ( ( #175, #1107, #802 ) ) REPRESENTATION_CONTEXT ( 'NONE', 'WORKASPACE' ) );
#2518 = COLOUR_RGB ( '',0.1215686274509803905, 0.1215686274509803905, 0.1215686274509803905 ) ;
#2519 = ORIENTED_EDGE ( 'NONE', *, *, #1602, .F. ) ;
#2520 = SURFACE_STYLE_USAGE ( .BOTH. , #545 ) ;
#2521 = CARTESIAN_POINT ( 'NONE',  ( -0.01349999999999999985, 0.02943061643074723968, -0.04727520294751600544 ) ) ;
#2522 =( BOUNDED_SURFACE ( )  B_SPLINE_SURFACE ( 3, 3, ( 
 ( #3940, #2315, #3312, #3001 ),
 ( #413, #132, #3627, #3897 ),
 ( #3916, #2626, #3640, #3981 ),
 ( #789, #1022, #1737, #2938 ) ),
 .UNSPECIFIED., .F., .F., .F. ) 
 B_SPLINE_SURFACE_WITH_KNOTS ( ( 4, 4 ),
 ( 4, 4 ),
 ( 0.0000000000000000000, 1.000000000000000000 ),
 ( 0.0000000000000000000, 1.000000000000000000 ),
 .UNSPECIFIED. ) 
 GEOMETRIC_REPRESENTATION_ITEM ( )  RATIONAL_B_SPLINE_SURFACE ( (
 ( 1.000000000000000000, 0.8047378541243624950, 0.8047378541243624950, 1.000000000000000000),
 ( 0.8047378541243649375, 0.6476030138606857500, 0.6476030138606857500, 0.8047378541243649375),
 ( 0.8047378541243649375, 0.6476030138606857500, 0.6476030138606857500, 0.8047378541243649375),
 ( 1.000000000000000000, 0.8047378541243624950, 0.8047378541243624950, 1.000000000000000000) ) ) 
 REPRESENTATION_ITEM ( '' )  SURFACE ( )  );
#2523 = VECTOR ( 'NONE', #285, 100.0000000000000142 ) ;
#2524 = SURFACE_STYLE_USAGE ( .BOTH. , #899 ) ;
#2525 = EDGE_LOOP ( 'NONE', ( #3176, #191, #2650, #3545 ) ) ;
#2526 = ORIENTED_EDGE ( 'NONE', *, *, #500, .T. ) ;
#2527 =( NAMED_UNIT ( * ) SI_UNIT ( $, .STERADIAN. ) SOLID_ANGLE_UNIT ( ) );
#2528 = MECHANICAL_DESIGN_GEOMETRIC_PRESENTATION_REPRESENTATION (  '', ( #2130 ), #2932 ) ;
#2529 =( LENGTH_UNIT ( ) NAMED_UNIT ( * ) SI_UNIT ( .CENTI., .METRE. ) );
#2530 = EDGE_CURVE ( 'NONE', #3853, #1013, #1552, .T. ) ;
#2531 = EDGE_CURVE ( 'NONE', #1040, #1664, #1936, .T. ) ;
#2532 = COLOUR_RGB ( '',0.7529411764705882248, 0.7529411764705882248, 0.7529411764705882248 ) ;
#2533 = FACE_OUTER_BOUND ( 'NONE', #1640, .T. ) ;
#2534 = CYLINDRICAL_SURFACE ( 'NONE', #1794, 0.0009999999999999982861 ) ;
#2535 = CARTESIAN_POINT ( 'NONE',  ( 0.01250000000000000069, 0.07749999999999999944, -0.08759269909673479682 ) ) ;
#2536 = VERTEX_POINT ( 'NONE', #3115 ) ;
#2537 = FILL_AREA_STYLE_COLOUR ( '', #1198 ) ;
#2538 = PRODUCT_DEFINITION_SHAPE ( 'NONE', 'NONE',  #4122 ) ;
#2539 = CARTESIAN_POINT ( 'NONE',  ( 0.01349999999999999985, 0.02943061643074720846, -0.04727520294751601931 ) ) ;
#2540 =( GEOMETRIC_REPRESENTATION_CONTEXT ( 3 ) GLOBAL_UNCERTAINTY_ASSIGNED_CONTEXT ( ( #1158 ) ) GLOBAL_UNIT_ASSIGNED_CONTEXT ( ( #2755, #1924, #3132 ) ) REPRESENTATION_CONTEXT ( 'NONE', 'WORKASPACE' ) );
#2541 = LINE ( 'NONE', #3124, #1779 ) ;
#2542 = SURFACE_STYLE_USAGE ( .BOTH. , #1228 ) ;
#2543 = STYLED_ITEM ( 'NONE', ( #2369 ), #3669 ) ;
#2544 = CARTESIAN_POINT ( 'NONE',  ( 0.01308578643762690549, 0.07464310615893075818, -0.07916327951246451833 ) ) ;
#2545 = CONTEXT_DEPENDENT_SHAPE_REPRESENTATION ( #3097, #1247 ) ;
#2546 = COLOUR_RGB ( '',0.7529411764705882248, 0.7529411764705882248, 0.7529411764705882248 ) ;
#2547 = PRESENTATION_STYLE_ASSIGNMENT (( #3486 ) ) ;
#2548 = ORIENTED_EDGE ( 'NONE', *, *, #3982, .T. ) ;
#2549 = AXIS2_PLACEMENT_3D ( 'NONE', #3155, #2842, #1262 ) ;
#2550 = CARTESIAN_POINT ( 'NONE',  ( 0.5999999999999999778, 0.0000000000000000000, 0.3250000000000000111 ) ) ;
#2551 = AXIS2_PLACEMENT_3D ( 'NONE', #585, #1878, #1104 ) ;
#2552 = VERTEX_POINT ( 'NONE', #1268 ) ;
#2553 =( LENGTH_UNIT ( ) NAMED_UNIT ( * ) SI_UNIT ( .CENTI., .METRE. ) );
#2554 = PRESENTATION_STYLE_ASSIGNMENT (( #2157 ) ) ;
#2555 = DIRECTION ( 'NONE',  ( 0.0000000000000000000, 0.2606718782874311580, 0.9654274555191098006 ) ) ;
#2556 = CARTESIAN_POINT ( 'NONE',  ( 0.01350000000000000505, 0.07849999999999998646, -0.08242397711235845137 ) ) ;
#2557 = EDGE_LOOP ( 'NONE', ( #2284, #2050, #3106, #3776 ) ) ;
#2558 = ADVANCED_FACE ( 'NONE', ( #224 ), #2949, .T. ) ;
#2559 =( NAMED_UNIT ( * ) SI_UNIT ( $, .STERADIAN. ) SOLID_ANGLE_UNIT ( ) );
#2560 =( LENGTH_UNIT ( ) NAMED_UNIT ( * ) SI_UNIT ( .CENTI., .METRE. ) );
#2561 =( LENGTH_UNIT ( ) NAMED_UNIT ( * ) SI_UNIT ( .CENTI., .METRE. ) );
#2562 = CONTEXT_DEPENDENT_SHAPE_REPRESENTATION ( #310, #1545 ) ;
#2563 =( NAMED_UNIT ( * ) PLANE_ANGLE_UNIT ( ) SI_UNIT ( $, .RADIAN. ) );
#2564 = ORIENTED_EDGE ( 'NONE', *, *, #3404, .T. ) ;
#2565 = DIRECTION ( 'NONE',  ( 0.0000000000000000000, -0.2606718782874311580, -0.9654274555191098006 ) ) ;
#2566 = DIRECTION ( 'NONE',  ( 1.000000000000000000, 0.0000000000000000000, -3.491483361109380094E-15 ) ) ;
#2567 =( GEOMETRIC_REPRESENTATION_CONTEXT ( 3 ) GLOBAL_UNCERTAINTY_ASSIGNED_CONTEXT ( ( #4058 ) ) GLOBAL_UNIT_ASSIGNED_CONTEXT ( ( #1402, #856, #540 ) ) REPRESENTATION_CONTEXT ( 'NONE', 'WORKASPACE' ) );
#2568 = SURFACE_SIDE_STYLE ('',( #1758 ) ) ;
#2569 = ORIENTED_EDGE ( 'NONE', *, *, #1338, .T. ) ;
#2570 = CARTESIAN_POINT ( 'NONE',  ( 0.01350000000000001546, 0.08260546373843256907, -0.06102600401684811493 ) ) ;
#2571 = AXIS2_PLACEMENT_3D ( 'NONE', #817, #2083, #486 ) ;
#2572 = CYLINDRICAL_SURFACE ( 'NONE', #1933, 0.0009999999999999995871 ) ;
#2573 = ORIENTED_EDGE ( 'NONE', *, *, #2481, .T. ) ;
#2574 = CARTESIAN_POINT ( 'NONE',  ( -0.01349999999999999985, 0.06750000000000000444, -0.08759269909673479682 ) ) ;
#2575 = EDGE_CURVE ( 'NONE', #2808, #3617, #1033, .T. ) ;
#2576 = CARTESIAN_POINT ( 'NONE',  ( -0.4437867965644041179, 0.1600000000000000311, 0.4850000000000000977 ) ) ;
#2577 = DIRECTION ( 'NONE',  ( 0.7071067811865471286, 0.0000000000000000000, 0.7071067811865480168 ) ) ;
#2578 = AXIS2_PLACEMENT_3D ( 'NONE', #4049, #1169, #3717 ) ;
#2579 = EDGE_CURVE ( 'NONE', #2611, #2678, #3414, .T. ) ;
#2580 = SURFACE_STYLE_FILL_AREA ( #415 ) ;
#2581 = DIRECTION ( 'NONE',  ( 0.7071067811865475727, 9.300984204488123101E-17, -0.7071067811865475727 ) ) ;
#2582 =( GEOMETRIC_REPRESENTATION_CONTEXT ( 3 ) GLOBAL_UNCERTAINTY_ASSIGNED_CONTEXT ( ( #331 ) ) GLOBAL_UNIT_ASSIGNED_CONTEXT ( ( #2254, #999, #2972 ) ) REPRESENTATION_CONTEXT ( 'NONE', 'WORKASPACE' ) );
#2583 = DIRECTION ( 'NONE',  ( -3.491483361109380094E-15, 0.0000000000000000000, -1.000000000000000000 ) ) ;
#2584 = DIRECTION ( 'NONE',  ( 0.0000000000000000000, 0.2333729524753241358, -0.9723873019805174822 ) ) ;
#2585 = COLOUR_RGB ( '',0.7529411764705882248, 0.7529411764705882248, 0.7529411764705882248 ) ;
#2586 = FILL_AREA_STYLE_COLOUR ( '', #2585 ) ;
#2587 = AXIS2_PLACEMENT_3D ( 'NONE', #1941, #3499, #3168 ) ;
#2588 = FILL_AREA_STYLE ('',( #3858 ) ) ;
#2589 = ORIENTED_EDGE ( 'NONE', *, *, #3577, .T. ) ;
#2590 = CARTESIAN_POINT ( 'NONE',  ( 0.01250000000000000590, 0.07010671878287430547, -0.07793842454154369104 ) ) ;
#2591 = VECTOR ( 'NONE', #3431, 100.0000000000000142 ) ;
#2592 = DIRECTION ( 'NONE',  ( 0.0000000000000000000, -0.2606718782874362095, -0.9654274555191083573 ) ) ;
#2593 = SURFACE_STYLE_FILL_AREA ( #1958 ) ;
#2594 = ORIENTED_EDGE ( 'NONE', *, *, #1173, .T. ) ;
#2595 = FACE_OUTER_BOUND ( 'NONE', #2300, .T. ) ;
#2596 = ITEM_DEFINED_TRANSFORMATION ( 'NONE', 'NONE', #2436,  #1549 ) ;
#2597 = CIRCLE ( 'NONE', #3884, 0.0009999999999999998040 ) ;
#2598 = CARTESIAN_POINT ( 'NONE',  ( 0.01250000000000000069, 0.09750000000000000333, -0.1489999999999999936 ) ) ;
#2599 =( GEOMETRIC_REPRESENTATION_CONTEXT ( 3 ) GLOBAL_UNCERTAINTY_ASSIGNED_CONTEXT ( ( #1874 ) ) GLOBAL_UNIT_ASSIGNED_CONTEXT ( ( #2020, #1672, #1075 ) ) REPRESENTATION_CONTEXT ( 'NONE', 'WORKASPACE' ) );
#2600 = SURFACE_SIDE_STYLE ('',( #3561 ) ) ;
#2601 = CONTEXT_DEPENDENT_SHAPE_REPRESENTATION ( #3233, #1206 ) ;
#2602 = CARTESIAN_POINT ( 'NONE',  ( 0.01349999999999999985, 0.003790695960933514359, -0.04559692287569949709 ) ) ;
#2603 = VECTOR ( 'NONE', #2015, 100.0000000000000000 ) ;
#2604 = ORIENTED_EDGE ( 'NONE', *, *, #119, .T. ) ;
#2605 =( LENGTH_UNIT ( ) NAMED_UNIT ( * ) SI_UNIT ( .CENTI., .METRE. ) );
#2606 = CIRCLE ( 'NONE', #2939, 0.001000000000000000021 ) ;
#2607 = EDGE_CURVE ( 'NONE', #553, #1633, #3430, .T. ) ;
#2608 = EDGE_CURVE ( 'NONE', #3818, #361, #1957, .T. ) ;
#2609 = DIRECTION ( 'NONE',  ( 3.231085104332679983E-15, 0.0000000000000000000, -1.000000000000000000 ) ) ;
#2610 = STYLED_ITEM ( 'NONE', ( #1696 ), #3926 ) ;
#2611 = VERTEX_POINT ( 'NONE', #3839 ) ;
#2612 = CARTESIAN_POINT ( 'NONE',  ( 0.01349999999999999985, 0.08245276568746105761, -0.06159153832680389073 ) ) ;
#2613 = EDGE_LOOP ( 'NONE', ( #2270, #1406, #946, #2893 ) ) ;
#2614 = LINE ( 'NONE', #1704, #2937 ) ;
#2615 = FILL_AREA_STYLE_COLOUR ( '', #1677 ) ;
#2616 = UNCERTAINTY_MEASURE_WITH_UNIT (LENGTH_MEASURE( 1.000000000000000082E-05 ), #3118, 'distance_accuracy_value', 'NONE');
#2617 =( NAMED_UNIT ( * ) SI_UNIT ( $, .STERADIAN. ) SOLID_ANGLE_UNIT ( ) );
#2618 = ORIENTED_EDGE ( 'NONE', *, *, #3149, .T. ) ;
#2619 = SURFACE_STYLE_FILL_AREA ( #2331 ) ;
#2620 = CARTESIAN_POINT ( 'NONE',  ( 0.01349999999999999985, 0.09708578643762691418, -0.1490000000000000213 ) ) ;
#2621 = DIRECTION ( 'NONE',  ( 0.0000000000000000000, -1.084202172485501594E-14, 1.000000000000000000 ) ) ;
#2622 =( NAMED_UNIT ( * ) PLANE_ANGLE_UNIT ( ) SI_UNIT ( $, .RADIAN. ) );
#2623 = CONTEXT_DEPENDENT_SHAPE_REPRESENTATION ( #1240, #3104 ) ;
#2624 =( REPRESENTATION_RELATIONSHIP ('NONE','NONE', #661, #1064 ) REPRESENTATION_RELATIONSHIP_WITH_TRANSFORMATION ( #364 )SHAPE_REPRESENTATION_RELATIONSHIP( ) );
#2625 = FACE_OUTER_BOUND ( 'NONE', #2224, .T. ) ;
#2626 = CARTESIAN_POINT ( 'NONE',  ( -0.01350000000000000158, 0.09684314575050763374, -0.1495857864376269053 ) ) ;
#2627 = ORIENTED_EDGE ( 'NONE', *, *, #1650, .F. ) ;
#2628 = DIRECTION ( 'NONE',  ( -1.000000000000000000, 0.0000000000000000000, -3.231085104332679983E-15 ) ) ;
#2629 = EDGE_CURVE ( 'NONE', #2552, #818, #1292, .T. ) ;
#2630 = SURFACE_STYLE_USAGE ( .BOTH. , #1007 ) ;
#2631 = VERTEX_POINT ( 'NONE', #3860 ) ;
#2632 = DIRECTION ( 'NONE',  ( 1.000000000000000000, 0.0000000000000000000, 0.0000000000000000000 ) ) ;
#2633 = DIRECTION ( 'NONE',  ( 1.000000000000000000, 0.0000000000000000000, 0.0000000000000000000 ) ) ;
#2634 = CARTESIAN_POINT ( 'NONE',  ( 0.01349999999999999985, 0.02470831998509993854, -0.04600015128280545568 ) ) ;
#2635 =( NAMED_UNIT ( * ) SI_UNIT ( $, .STERADIAN. ) SOLID_ANGLE_UNIT ( ) );
#2636 = PRODUCT_DEFINITION_SHAPE ( 'NONE', 'NONE',  #4127 ) ;
#2637 = CARTESIAN_POINT ( 'NONE',  ( 0.01350000000000000158, 0.09708578643762690030, -0.1493431457505076665 ) ) ;
#2638 = CARTESIAN_POINT ( 'NONE',  ( -0.01250000000000000069, 0.07076165534555180214, -0.1489999999999999936 ) ) ;
#2639 = PRESENTATION_LAYER_ASSIGNMENT (  '', '', ( #539 ) ) ;
#2640 =( NAMED_UNIT ( * ) PLANE_ANGLE_UNIT ( ) SI_UNIT ( $, .RADIAN. ) );
#2641 = CARTESIAN_POINT ( 'NONE',  ( 0.01349999999999999985, 0.0004783374793676668292, -0.001035761406496457215 ) ) ;
#2642 =( GEOMETRIC_REPRESENTATION_CONTEXT ( 3 ) GLOBAL_UNCERTAINTY_ASSIGNED_CONTEXT ( ( #905 ) ) GLOBAL_UNIT_ASSIGNED_CONTEXT ( ( #2358, #3622, #44 ) ) REPRESENTATION_CONTEXT ( 'NONE', 'WORKASPACE' ) );
#2643 = ORIENTED_EDGE ( 'NONE', *, *, #1458, .T. ) ;
#2644 = SURFACE_STYLE_USAGE ( .BOTH. , #1683 ) ;
#2645 = FILL_AREA_STYLE_COLOUR ( '', #2351 ) ;
#2646 = CARTESIAN_POINT ( 'NONE',  ( 0.5999999999999999778, 0.0000000000000000000, -0.3750000000000000000 ) ) ;
#2647 = AXIS2_PLACEMENT_3D ( 'NONE', #2698, #2064, #3073 ) ;
#2648 = PRESENTATION_LAYER_ASSIGNMENT (  '', '', ( #2711 ) ) ;
#2649 = DIRECTION ( 'NONE',  ( 0.0000000000000000000, 1.000000000000000000, 8.470329472543020154E-16 ) ) ;
#2650 = ORIENTED_EDGE ( 'NONE', *, *, #1312, .F. ) ;
#2651 = CARTESIAN_POINT ( 'NONE',  ( -0.01349999999999999985, 0.08245276568746109924, -0.06159153832680390461 ) ) ;
#2652 = PRESENTATION_LAYER_ASSIGNMENT (  '', '', ( #1051 ) ) ;
#2653 =( GEOMETRIC_REPRESENTATION_CONTEXT ( 3 ) GLOBAL_UNCERTAINTY_ASSIGNED_CONTEXT ( ( #1572 ) ) GLOBAL_UNIT_ASSIGNED_CONTEXT ( ( #1798, #2126, #2235 ) ) REPRESENTATION_CONTEXT ( 'NONE', 'WORKASPACE' ) );
#2654 = ORIENTED_EDGE ( 'NONE', *, *, #1291, .F. ) ;
#2655 =( LENGTH_UNIT ( ) NAMED_UNIT ( * ) SI_UNIT ( .CENTI., .METRE. ) );
#2656 =( NAMED_UNIT ( * ) SI_UNIT ( $, .STERADIAN. ) SOLID_ANGLE_UNIT ( ) );
#2657 = MECHANICAL_DESIGN_GEOMETRIC_PRESENTATION_REPRESENTATION (  '', ( #791 ), #3714 ) ;
#2658 = AXIS2_PLACEMENT_3D ( 'NONE', #3933, #3580, #1731 ) ;
#2659 = CARTESIAN_POINT ( 'NONE',  ( -0.01349999999999999985, 0.08271343756574851824, -0.06062611087128474269 ) ) ;
#2660 = ORIENTED_EDGE ( 'NONE', *, *, #187, .T. ) ;
#2661 = SURFACE_SIDE_STYLE ('',( #747 ) ) ;
#2662 = VECTOR ( 'NONE', #4033, 100.0000000000000284 ) ;
#2663 = EDGE_CURVE ( 'NONE', #1161, #2836, #56, .T. ) ;
#2664 = ADVANCED_FACE ( 'NONE', ( #3493 ), #2305, .T. ) ;
#2665 = STYLED_ITEM ( 'NONE', ( #3324 ), #2383 ) ;
#2666 = AXIS2_PLACEMENT_3D ( 'NONE', #1300, #3854, #73 ) ;
#2667 = CONTEXT_DEPENDENT_SHAPE_REPRESENTATION ( #3557, #3797 ) ;
#2668 = SURFACE_SIDE_STYLE ('',( #91 ) ) ;
#2669 = LINE ( 'NONE', #2954, #188 ) ;
#2670 = CYLINDRICAL_SURFACE ( 'NONE', #2186, 0.0009999999999999995871 ) ;
#2671 = EDGE_LOOP ( 'NONE', ( #2692, #746, #2027, #627 ) ) ;
#2672 = DIRECTION ( 'NONE',  ( 0.0000000000000000000, -0.9723873019805173712, 0.2333729524753241080 ) ) ;
#2673 = CARTESIAN_POINT ( 'NONE',  ( 0.2750000000000000222, 0.0000000000000000000, -0.5999999999999999778 ) ) ;
#2674 =( GEOMETRIC_REPRESENTATION_CONTEXT ( 3 ) GLOBAL_UNCERTAINTY_ASSIGNED_CONTEXT ( ( #1639 ) ) GLOBAL_UNIT_ASSIGNED_CONTEXT ( ( #2655, #1045, #3225 ) ) REPRESENTATION_CONTEXT ( 'NONE', 'WORKASPACE' ) );
#2675 = DIRECTION ( 'NONE',  ( 0.0000000000000000000, 0.0000000000000000000, -1.000000000000000000 ) ) ;
#2676 = ORIENTED_EDGE ( 'NONE', *, *, #3149, .F. ) ;
#2677 = AXIS2_PLACEMENT_3D ( 'NONE', #3470, #301, #3154 ) ;
#2678 = VERTEX_POINT ( 'NONE', #3885 ) ;
#2679 = LINE ( 'NONE', #3971, #3407 ) ;
#2680 =( NAMED_UNIT ( * ) SI_UNIT ( $, .STERADIAN. ) SOLID_ANGLE_UNIT ( ) );
#2681 = MECHANICAL_DESIGN_GEOMETRIC_PRESENTATION_REPRESENTATION (  '', ( #90 ), #3413 ) ;
#2682 = CARTESIAN_POINT ( 'NONE',  ( -0.4850000000000000977, 0.01499999999999987628, -0.4437867965644030632 ) ) ;
#2683 = FILL_AREA_STYLE_COLOUR ( '', #996 ) ;
#2684 = ORIENTED_EDGE ( 'NONE', *, *, #1003, .T. ) ;
#2685 = AXIS2_PLACEMENT_3D ( 'NONE', #881, #2694, #2103 ) ;
#2686 = CARTESIAN_POINT ( 'NONE',  ( -0.3499999999999999778, 0.1600000000000000033, 0.4000000000000000222 ) ) ;
#2687 = EDGE_CURVE ( 'NONE', #3283, #1382, #3657, .T. ) ;
#2688 = CARTESIAN_POINT ( 'NONE',  ( 0.01349999999999999985, 0.001063031307206659722, -0.0009999999999999963345 ) ) ;
#2689 =( NAMED_UNIT ( * ) SI_UNIT ( $, .STERADIAN. ) SOLID_ANGLE_UNIT ( ) );
#2690 = SURFACE_STYLE_USAGE ( .BOTH. , #3879 ) ;
#2691 = PLANE ( 'NONE',  #813 ) ;
#2692 = ORIENTED_EDGE ( 'NONE', *, *, #1894, .T. ) ;
#2693 = SURFACE_SIDE_STYLE ('',( #819 ) ) ;
#2694 = DIRECTION ( 'NONE',  ( 0.0000000000000000000, 0.0000000000000000000, 1.000000000000000000 ) ) ;
#2695 = FILL_AREA_STYLE_COLOUR ( '', #3049 ) ;
#2696 = CARTESIAN_POINT ( 'NONE',  ( -1.293416090454340147E-17, 0.07750000000000011047, 0.5000000000000000000 ) ) ;
#2697 = COLOUR_RGB ( '',0.1254901960784313708, 0.1254901960784313708, 0.1254901960784313708 ) ;
#2698 = CARTESIAN_POINT ( 'NONE',  ( 0.01250000000000000069, 0.07850000000000000033, -0.09336630467740500428 ) ) ;
#2699 = DIRECTION ( 'NONE',  ( 3.718265416196989948E-32, 0.06104853953485709500, -0.9981347984218669200 ) ) ;
#2700 = ITEM_DEFINED_TRANSFORMATION ( 'NONE', 'NONE', #3021,  #1549 ) ;
#2701 = UNCERTAINTY_MEASURE_WITH_UNIT (LENGTH_MEASURE( 1.000000000000000082E-05 ), #1787, 'distance_accuracy_value', 'NONE');
#2702 = AXIS2_PLACEMENT_3D ( 'NONE', #185, #521, #2740 ) ;
#2703 =( NAMED_UNIT ( * ) PLANE_ANGLE_UNIT ( ) SI_UNIT ( $, .RADIAN. ) );
#2704 = EDGE_CURVE ( 'NONE', #1013, #3588, #356, .T. ) ;
#2705 = EDGE_CURVE ( 'NONE', #2059, #4042, #693, .T. ) ;
#2706 = UNCERTAINTY_MEASURE_WITH_UNIT (LENGTH_MEASURE( 1.000000000000000082E-05 ), #2553, 'distance_accuracy_value', 'NONE');
#2707 = ORIENTED_EDGE ( 'NONE', *, *, #3846, .F. ) ;
#2708 =( NAMED_UNIT ( * ) SI_UNIT ( $, .STERADIAN. ) SOLID_ANGLE_UNIT ( ) );
#2709 = CARTESIAN_POINT ( 'NONE',  ( -0.2750000000000000222, 0.0000000000000000000, 0.5999999999999999778 ) ) ;
#2710 = VECTOR ( 'NONE', #2487, 100.0000000000000000 ) ;
#2711 = STYLED_ITEM ( 'NONE', ( #2887 ), #453 ) ;
#2712 = FILL_AREA_STYLE_COLOUR ( '', #2867 ) ;
#2713 = COLOUR_RGB ( '',0.7529411764705882248, 0.7529411764705882248, 0.7529411764705882248 ) ;
#2714 = AXIS2_PLACEMENT_3D ( 'NONE', #940, #3802, #683 ) ;
#2715 =( NAMED_UNIT ( * ) PLANE_ANGLE_UNIT ( ) SI_UNIT ( $, .RADIAN. ) );
#2716 = AXIS2_PLACEMENT_3D ( 'NONE', #702, #1356, #1034 ) ;
#2717 = DIRECTION ( 'NONE',  ( -0.0000000000000000000, -0.0000000000000000000, -1.000000000000000000 ) ) ;
#2718 = CIRCLE ( 'NONE', #2127, 0.001000000000000002623 ) ;
#2719 = PLANE ( 'NONE',  #2587 ) ;
#2720 = DIRECTION ( 'NONE',  ( 3.718265416196989948E-32, 0.06104853953485690071, -0.9981347984218670311 ) ) ;
#2721 = AXIS2_PLACEMENT_3D ( 'NONE', #2884, #32, #368 ) ;
#2722 = STYLED_ITEM ( 'NONE', ( #3954 ), #3014 ) ;
#2723 = ORIENTED_EDGE ( 'NONE', *, *, #3368, .T. ) ;
#2724 = CARTESIAN_POINT ( 'NONE',  ( -0.01349999999999999985, 0.09749999999999998945, -0.07993465998166700281 ) ) ;
#2725 = EDGE_CURVE ( 'NONE', #818, #80, #1350, .T. ) ;
#2726 = FILL_AREA_STYLE ('',( #1463 ) ) ;
#2727 = AXIS2_PLACEMENT_3D ( 'NONE', #362, #337, #1938 ) ;
#2728 = CARTESIAN_POINT ( 'NONE',  ( -0.07499999999999999722, 0.0000000000000000000, 0.5999999999999999778 ) ) ;
#2729 = CARTESIAN_POINT ( 'NONE',  ( 0.01349999999999999985, 0.07791421356237308860, -0.1489999999999999936 ) ) ;
#2730 = MECHANICAL_DESIGN_GEOMETRIC_PRESENTATION_REPRESENTATION (  '', ( #744 ), #3820 ) ;
#2731 = CARTESIAN_POINT ( 'NONE',  ( -0.01250000000000000069, 0.09749999999999998945, -0.07993465998166700281 ) ) ;
#2732 = VECTOR ( 'NONE', #1249, 100.0000000000000142 ) ;
#2733 = CARTESIAN_POINT ( 'NONE',  ( -0.01349999999999999985, 0.02131852430926840097, -0.03732703487168929912 ) ) ;
#2734 = ORIENTED_EDGE ( 'NONE', *, *, #3275, .T. ) ;
#2735 = DIRECTION ( 'NONE',  ( -0.6875816551701148249, 0.2333729524753249684, -0.6875816551701150470 ) ) ;
#2736 = CONTEXT_DEPENDENT_SHAPE_REPRESENTATION ( #651, #1456 ) ;
#2737 = AXIS2_PLACEMENT_3D ( 'NONE', #1901, #3510, #3201 ) ;
#2738 = SURFACE_STYLE_FILL_AREA ( #1492 ) ;
#2739 = DIRECTION ( 'NONE',  ( -1.000000000000000000, -0.0000000000000000000, -0.0000000000000000000 ) ) ;
#2740 = DIRECTION ( 'NONE',  ( -1.836909530733570078E-16, 0.0000000000000000000, 1.000000000000000000 ) ) ;
#2741 = UNCERTAINTY_MEASURE_WITH_UNIT (LENGTH_MEASURE( 1.000000000000000082E-05 ), #1604, 'distance_accuracy_value', 'NONE');
#2742 = ORIENTED_EDGE ( 'NONE', *, *, #3451, .F. ) ;
#2743 = PRODUCT_DEFINITION_SHAPE ( 'NONE', 'NONE',  #4106 ) ;
#2744 = DIRECTION ( 'NONE',  ( -0.7071067811865476838, 0.0000000000000000000, -0.7071067811865474617 ) ) ;
#2745 = DIRECTION ( 'NONE',  ( 1.000000000000000000, 0.0000000000000000000, 0.0000000000000000000 ) ) ;
#2746 = ADVANCED_FACE ( 'NONE', ( #2890 ), #1304, .T. ) ;
#2747 = ORIENTED_EDGE ( 'NONE', *, *, #2425, .F. ) ;
#2748 = CARTESIAN_POINT ( 'NONE',  ( 0.01349999999999999985, 0.03202099878083229656, -0.0009999999999998445462 ) ) ;
#2749 = CARTESIAN_POINT ( 'NONE',  ( 0.01250000000000000069, 0.07850000000000001421, -0.1499999999999999944 ) ) ;
#2750 = DIRECTION ( 'NONE',  ( -7.290249346361470286E-32, -1.000000000000000000, -4.760081218080360245E-15 ) ) ;
#2751 = ADVANCED_FACE ( 'NONE', ( #628 ), #385, .T. ) ;
#2752 =( NAMED_UNIT ( * ) SI_UNIT ( $, .STERADIAN. ) SOLID_ANGLE_UNIT ( ) );
#2753 = ORIENTED_EDGE ( 'NONE', *, *, #3322, .F. ) ;
#2754 = SURFACE_STYLE_USAGE ( .BOTH. , #266 ) ;
#2755 =( LENGTH_UNIT ( ) NAMED_UNIT ( * ) SI_UNIT ( .CENTI., .METRE. ) );
#2756 = CONTEXT_DEPENDENT_SHAPE_REPRESENTATION ( #2283, #2311 ) ;
#2757 = CARTESIAN_POINT ( 'NONE',  ( 0.01349999999999999985, 0.02131852430926842179, -0.03732703487168928524 ) ) ;
#2758 = STYLED_ITEM ( 'NONE', ( #2489 ), #42 ) ;
#2759 = SURFACE_SIDE_STYLE ('',( #815 ) ) ;
#2760 = PRESENTATION_STYLE_ASSIGNMENT (( #3183 ) ) ;
#2761 = PRODUCT_DEFINITION_SHAPE ( 'NONE', 'NONE',  #4072 ) ;
#2762 = CARTESIAN_POINT ( 'NONE',  ( 0.01250000000000000069, 0.02009480247263976949, -0.0009389514604650454769 ) ) ;
#2763 = CARTESIAN_POINT ( 'NONE',  ( -0.01250000000000000069, 0.01965446577196352726, 9.637960486594188727E-17 ) ) ;
#2764 = LINE ( 'NONE', #1234, #1746 ) ;
#2765 = DIRECTION ( 'NONE',  ( 0.0000000000000000000, 0.0000000000000000000, 1.000000000000000000 ) ) ;
#2766 = MECHANICAL_DESIGN_GEOMETRIC_PRESENTATION_REPRESENTATION (  '', ( #3859 ), #55 ) ;
#2767 = LINE ( 'NONE', #1187, #3252 ) ;
#2768 = CARTESIAN_POINT ( 'NONE',  ( 0.4437867965644033408, 0.01499999999999996822, -0.4850000000000003753 ) ) ;
#2769 = AXIS2_PLACEMENT_3D ( 'NONE', #2000, #3558, #1215 ) ;
#2770 = FILL_AREA_STYLE ('',( #162 ) ) ;
#2771 =( NAMED_UNIT ( * ) PLANE_ANGLE_UNIT ( ) SI_UNIT ( $, .RADIAN. ) );
#2772 = UNCERTAINTY_MEASURE_WITH_UNIT (LENGTH_MEASURE( 1.000000000000000082E-05 ), #1251, 'distance_accuracy_value', 'NONE');
#2773 = VECTOR ( 'NONE', #3840, 100.0000000000000000 ) ;
#2774 = PRESENTATION_LAYER_ASSIGNMENT (  '', '', ( #127 ) ) ;
#2775 =( NAMED_UNIT ( * ) PLANE_ANGLE_UNIT ( ) SI_UNIT ( $, .RADIAN. ) );
#2776 = FILL_AREA_STYLE_COLOUR ( '', #3945 ) ;
#2777 = LINE ( 'NONE', #2427, #1395 ) ;
#2778 = ORIENTED_EDGE ( 'NONE', *, *, #1378, .F. ) ;
#2779 = CARTESIAN_POINT ( 'NONE',  ( -0.01308578643762691243, 0.07010671878287431935, -0.07793842454154370492 ) ) ;
#2780 =( GEOMETRIC_REPRESENTATION_CONTEXT ( 3 ) GLOBAL_UNCERTAINTY_ASSIGNED_CONTEXT ( ( #3851 ) ) GLOBAL_UNIT_ASSIGNED_CONTEXT ( ( #260, #3836, #3760 ) ) REPRESENTATION_CONTEXT ( 'NONE', 'WORKASPACE' ) );
#2781 = ADVANCED_FACE ( 'NONE', ( #2167 ), #1160, .T. ) ;
#2782 = PRESENTATION_LAYER_ASSIGNMENT (  '', '', ( #3586 ) ) ;
#2783 = ADVANCED_FACE ( 'NONE', ( #3589 ), #3278, .T. ) ;
#2784 = CARTESIAN_POINT ( 'NONE',  ( -0.01349999999999999811, 0.01780249144348782994, -0.06278012227940030221 ) ) ;
#2785 = ITEM_DEFINED_TRANSFORMATION ( 'NONE', 'NONE', #2571,  #1549 ) ;
#2786 = VECTOR ( 'NONE', #52, 100.0000000000000000 ) ;
#2787 = PRESENTATION_LAYER_ASSIGNMENT (  '', '', ( #2921 ) ) ;
#2788 = CARTESIAN_POINT ( 'NONE',  ( -0.4500000000000000666, 0.08749999999999999445, -0.5000000000000000000 ) ) ;
#2789 = CARTESIAN_POINT ( 'NONE',  ( -0.01308578643762691243, 0.08271343756574853212, -0.06062611087128478432 ) ) ;
#2790 = DIRECTION ( 'NONE',  ( -7.893034146598111246E-32, -0.9654274555191101337, 0.2606718782874300477 ) ) ;
#2791 = STYLED_ITEM ( 'NONE', ( #403 ), #2053 ) ;
#2792 =( BOUNDED_CURVE ( )  B_SPLINE_CURVE ( 3, ( #1890, #2828, #380, #24 ),
 .UNSPECIFIED., .F., .T. ) 
 B_SPLINE_CURVE_WITH_KNOTS ( ( 4, 4 ),
 ( 0.0000000000000000000, 1.000000000000000000 ),
 .UNSPECIFIED. ) 
 CURVE ( )  GEOMETRIC_REPRESENTATION_ITEM ( )  RATIONAL_B_SPLINE_CURVE ( ( 1.000000000000000000, 0.8747560699726379951, 0.8747560699726379951, 1.000000000000000000 ) ) 
 REPRESENTATION_ITEM ( '' )  );
#2793 =( NAMED_UNIT ( * ) SI_UNIT ( $, .STERADIAN. ) SOLID_ANGLE_UNIT ( ) );
#2794 = MECHANICAL_DESIGN_GEOMETRIC_PRESENTATION_REPRESENTATION (  '', ( #2269 ), #1461 ) ;
#2795 = EDGE_LOOP ( 'NONE', ( #3863, #2205, #86 ) ) ;
#2796 = CARTESIAN_POINT ( 'NONE',  ( 0.01308578643762690549, 0.01909666767421789452, 8.944667923005411581E-17 ) ) ;
#2797 = PLANE ( 'NONE',  #18 ) ;
#2798 = CARTESIAN_POINT ( 'NONE',  ( 0.2750000000000000222, 0.0000000000000000000, 0.5999999999999999778 ) ) ;
#2799 = CARTESIAN_POINT ( 'NONE',  ( -0.01349999999999999638, 0.001063031307206659289, -0.001000000000000000021 ) ) ;
#2800 = DIRECTION ( 'NONE',  ( 0.0000000000000000000, 1.000000000000000000, 0.0000000000000000000 ) ) ;
#2801 = ORIENTED_EDGE ( 'NONE', *, *, #1101, .T. ) ;
#2802 = DIRECTION ( 'NONE',  ( 0.0000000000000000000, 6.938893903907229167E-15, -1.000000000000000000 ) ) ;
#2803 = FACE_OUTER_BOUND ( 'NONE', #3432, .T. ) ;
#2804 = CARTESIAN_POINT ( 'NONE',  ( 0.01250000000000000069, 0.01909666767421790146, -0.0009999999999999065626 ) ) ;
#2805 = MECHANICAL_DESIGN_GEOMETRIC_PRESENTATION_REPRESENTATION (  '', ( #4019 ), #943 ) ;
#2806 = CARTESIAN_POINT ( 'NONE',  ( -0.3499999999999999778, 0.1499999999999999944, 0.3499999999999999778 ) ) ;
#2807 = DIRECTION ( 'NONE',  ( 0.7071067811865471286, 0.0000000000000000000, -0.7071067811865480168 ) ) ;
#2808 = VERTEX_POINT ( 'NONE', #3527 ) ;
#2809 = VECTOR ( 'NONE', #2581, 100.0000000000000000 ) ;
#2810 = PRODUCT_DEFINITION_SHAPE ( 'NONE', 'NONE',  #4087 ) ;
#2811 =( REPRESENTATION_RELATIONSHIP ('NONE','NONE', #661, #1064 ) REPRESENTATION_RELATIONSHIP_WITH_TRANSFORMATION ( #29 )SHAPE_REPRESENTATION_RELATIONSHIP( ) );
#2812 = CARTESIAN_POINT ( 'NONE',  ( -0.01349999999999999811, 0.009241621603460724310, -0.06107539389826861093 ) ) ;
#2813 = COLOUR_RGB ( '',0.7529411764705882248, 0.7529411764705882248, 0.7529411764705882248 ) ;
#2814 = EDGE_CURVE ( 'NONE', #2345, #3367, #648, .T. ) ;
#2815 = CARTESIAN_POINT ( 'NONE',  ( 0.01250000000000000069, 0.09750000000000001721, -0.1489999999999999936 ) ) ;
#2816 = PRESENTATION_LAYER_ASSIGNMENT (  '', '', ( #3673 ) ) ;
#2817 = SHAPE_DEFINITION_REPRESENTATION ( #977, #216 ) ;
#2818 = PRESENTATION_STYLE_ASSIGNMENT (( #1143 ) ) ;
#2819 = ORIENTED_EDGE ( 'NONE', *, *, #2052, .T. ) ;
#2820 = PRESENTATION_STYLE_ASSIGNMENT (( #2520 ) ) ;
#2821 = CARTESIAN_POINT ( 'NONE',  ( 0.5999999999999999778, 0.0000000000000000000, -0.1250000000000000000 ) ) ;
#2822 = CARTESIAN_POINT ( 'NONE',  ( -0.01250000000000000069, 0.02943061643074727091, -0.04727520294751600544 ) ) ;
#2823 = VERTEX_POINT ( 'NONE', #347 ) ;
#2824 = ORIENTED_EDGE ( 'NONE', *, *, #541, .T. ) ;
#2825 =( NAMED_UNIT ( * ) SI_UNIT ( $, .STERADIAN. ) SOLID_ANGLE_UNIT ( ) );
#2826 = DIRECTION ( 'NONE',  ( 3.718265416196989948E-32, 0.06104853953485709500, -0.9981347984218669200 ) ) ;
#2827 = EDGE_LOOP ( 'NONE', ( #1102, #2324, #888, #3299 ) ) ;
#2828 = CARTESIAN_POINT ( 'NONE',  ( -0.01349999999999999985, 0.004306482253088128945, -0.05402995420898026868 ) ) ;
#2829 = CARTESIAN_POINT ( 'NONE',  ( 0.4849999999999999867, 0.1600000000000000033, 0.4437867965644039514 ) ) ;
#2830 = CONTEXT_DEPENDENT_SHAPE_REPRESENTATION ( #203, #3054 ) ;
#2831 = CARTESIAN_POINT ( 'NONE',  ( 0.5000000000000000000, 0.08749999999999999445, -0.4500000000000000666 ) ) ;
#2832 = CARTESIAN_POINT ( 'NONE',  ( -0.01350000000000000332, 0.09708578643762688642, -0.07073161589607952771 ) ) ;
#2833 = ITEM_DEFINED_TRANSFORMATION ( 'NONE', 'NONE', #1835,  #1549 ) ;
#2834 =( GEOMETRIC_REPRESENTATION_CONTEXT ( 3 ) GLOBAL_UNCERTAINTY_ASSIGNED_CONTEXT ( ( #1761 ) ) GLOBAL_UNIT_ASSIGNED_CONTEXT ( ( #2203, #1529, #3111 ) ) REPRESENTATION_CONTEXT ( 'NONE', 'WORKASPACE' ) );
#2835 = DIRECTION ( 'NONE',  ( 0.0000000000000000000, 0.0000000000000000000, -1.000000000000000000 ) ) ;
#2836 = VERTEX_POINT ( 'NONE', #1619 ) ;
#2837 =( NAMED_UNIT ( * ) SI_UNIT ( $, .STERADIAN. ) SOLID_ANGLE_UNIT ( ) );
#2838 =( REPRESENTATION_RELATIONSHIP ('NONE','NONE', #661, #1064 ) REPRESENTATION_RELATIONSHIP_WITH_TRANSFORMATION ( #1652 )SHAPE_REPRESENTATION_RELATIONSHIP( ) );
#2839 = FILL_AREA_STYLE_COLOUR ( '', #3734 ) ;
#2840 = EDGE_CURVE ( 'NONE', #1748, #2295, #864, .T. ) ;
#2841 = EDGE_CURVE ( 'NONE', #1153, #2488, #2429, .T. ) ;
#2842 = DIRECTION ( 'NONE',  ( 1.000000000000000000, 0.0000000000000000000, -3.491483361109380094E-15 ) ) ;
#2843 = CARTESIAN_POINT ( 'NONE',  ( -0.01349999999999999985, 0.001063031307206659939, -0.0009999999999999959008 ) ) ;
#2844 = CARTESIAN_POINT ( 'NONE',  ( -0.01349999999999999985, 0.02275525713094899913, -0.04443700062453719707 ) ) ;
#2845 = EDGE_LOOP ( 'NONE', ( #534, #2753, #2643 ) ) ;
#2846 = EDGE_LOOP ( 'NONE', ( #1989, #3011, #3677, #2032 ) ) ;
#2847 = DIRECTION ( 'NONE',  ( 0.0000000000000000000, 1.000000000000000000, 0.0000000000000000000 ) ) ;
#2848 = DIRECTION ( 'NONE',  ( 1.000000000000000000, 0.0000000000000000000, 0.0000000000000000000 ) ) ;
#2849 = STYLED_ITEM ( 'NONE', ( #1635 ), #407 ) ;
#2850 = CARTESIAN_POINT ( 'NONE',  ( -0.01350000000000003975, 0.02190321813710744206, -0.03729127346519281461 ) ) ;
#2851 = EDGE_LOOP ( 'NONE', ( #299, #214, #1380, #122 ) ) ;
#2852 = DIRECTION ( 'NONE',  ( -0.0000000000000000000, 0.0000000000000000000, 1.000000000000000000 ) ) ;
#2853 = CARTESIAN_POINT ( 'NONE',  ( -0.01308578643762690376, 0.002792561162511658472, -0.04565797141523438019 ) ) ;
#2854 = AXIS2_PLACEMENT_3D ( 'NONE', #3475, #3119, #2555 ) ;
#2855 = AXIS2_PLACEMENT_3D ( 'NONE', #3260, #1716, #2675 ) ;
#2856 = ITEM_DEFINED_TRANSFORMATION ( 'NONE', 'NONE', #1777,  #1549 ) ;
#2857 = DIRECTION ( 'NONE',  ( 1.000000000000000000, 0.0000000000000000000, -0.0000000000000000000 ) ) ;
#2858 = AXIS2_PLACEMENT_3D ( 'NONE', #3550, #688, #3222 ) ;
#2859 = CARTESIAN_POINT ( 'NONE',  ( 0.01250000000000000243, 0.09650000000000000244, -0.1499999999999999112 ) ) ;
#2860 = CONTEXT_DEPENDENT_SHAPE_REPRESENTATION ( #518, #211 ) ;
#2861 = COLOUR_RGB ( '',0.7529411764705882248, 0.7529411764705882248, 0.7529411764705882248 ) ;
#2862 =( GEOMETRIC_REPRESENTATION_CONTEXT ( 3 ) GLOBAL_UNCERTAINTY_ASSIGNED_CONTEXT ( ( #694 ) ) GLOBAL_UNIT_ASSIGNED_CONTEXT ( ( #1475, #1769, #1202 ) ) REPRESENTATION_CONTEXT ( 'NONE', 'WORKASPACE' ) );
#2863 = SURFACE_STYLE_FILL_AREA ( #1589 ) ;
#2864 = ORIENTED_EDGE ( 'NONE', *, *, #3982, .F. ) ;
#2865 = CIRCLE ( 'NONE', #2513, 0.0009999999999999998040 ) ;
#2866 = DIRECTION ( 'NONE',  ( -0.0000000000000000000, 1.625387360916020355E-16, -1.000000000000000000 ) ) ;
#2867 = COLOUR_RGB ( '',0.7529411764705882248, 0.7529411764705882248, 0.7529411764705882248 ) ;
#2868 = CARTESIAN_POINT ( 'NONE',  ( 0.4999999999999999445, 0.07750000000000009659, 0.4500000000000000666 ) ) ;
#2869 = ADVANCED_FACE ( 'NONE', ( #3962 ), #133, .T. ) ;
#2870 =( REPRESENTATION_RELATIONSHIP ('NONE','NONE', #661, #1064 ) REPRESENTATION_RELATIONSHIP_WITH_TRANSFORMATION ( #1964 )SHAPE_REPRESENTATION_RELATIONSHIP( ) );
#2871 = ORIENTED_EDGE ( 'NONE', *, *, #1699, .T. ) ;
#2872 = SURFACE_STYLE_FILL_AREA ( #3137 ) ;
#2873 =( GEOMETRIC_REPRESENTATION_CONTEXT ( 3 ) GLOBAL_UNCERTAINTY_ASSIGNED_CONTEXT ( ( #3752 ) ) GLOBAL_UNIT_ASSIGNED_CONTEXT ( ( #3565, #2007, #1023 ) ) REPRESENTATION_CONTEXT ( 'NONE', 'WORKASPACE' ) );
#2874 = CARTESIAN_POINT ( 'NONE',  ( -0.4500000000000000666, 0.08749999999999991118, 0.5000000000000000000 ) ) ;
#2875 = CARTESIAN_POINT ( 'NONE',  ( -0.4849999999999999867, 0.01499999999999989883, 0.4437867965644040069 ) ) ;
#2876 = ORIENTED_EDGE ( 'NONE', *, *, #1361, .F. ) ;
#2877 = ADVANCED_BREP_SHAPE_REPRESENTATION ( '', ( #868, #1549 ), #1756 ) ;
#2878 = VECTOR ( 'NONE', #1407, 100.0000000000000142 ) ;
#2879 = SURFACE_SIDE_STYLE ('',( #1614 ) ) ;
#2880 = FACE_OUTER_BOUND ( 'NONE', #1366, .T. ) ;
#2881 =( GEOMETRIC_REPRESENTATION_CONTEXT ( 3 ) GLOBAL_UNCERTAINTY_ASSIGNED_CONTEXT ( ( #3034 ) ) GLOBAL_UNIT_ASSIGNED_CONTEXT ( ( #1037, #705, #106 ) ) REPRESENTATION_CONTEXT ( 'NONE', 'WORKASPACE' ) );
#2882 = ORIENTED_EDGE ( 'NONE', *, *, #2579, .F. ) ;
#2883 = MECHANICAL_DESIGN_GEOMETRIC_PRESENTATION_REPRESENTATION (  '', ( #3673 ), #3075 ) ;
#2884 = CARTESIAN_POINT ( 'NONE',  ( 0.01250000000000000069, 0.09649999999999998856, -0.07993465998166700281 ) ) ;
#2885 = DIRECTION ( 'NONE',  ( -0.7071067811865471286, -0.0000000000000000000, -0.7071067811865480168 ) ) ;
#2886 = DIRECTION ( 'NONE',  ( 1.000000000000000000, 0.0000000000000000000, 0.0000000000000000000 ) ) ;
#2887 = PRESENTATION_STYLE_ASSIGNMENT (( #76 ) ) ;
#2888 = FACE_OUTER_BOUND ( 'NONE', #776, .T. ) ;
#2889 = EDGE_CURVE ( 'NONE', #97, #2059, #2597, .T. ) ;
#2890 = FACE_OUTER_BOUND ( 'NONE', #202, .T. ) ;
#2891 = APPLICATION_CONTEXT ( 'automotive_design' ) ;
#2892 = CARTESIAN_POINT ( 'NONE',  ( -0.01250000000000000069, 0.02231665910769033492, -0.03726598633215440215 ) ) ;
#2893 = ORIENTED_EDGE ( 'NONE', *, *, #1561, .T. ) ;
#2894 = ADVANCED_FACE ( 'NONE', ( #1401 ), #2377, .T. ) ;
#2895 =( NAMED_UNIT ( * ) PLANE_ANGLE_UNIT ( ) SI_UNIT ( $, .RADIAN. ) );
#2896 = CARTESIAN_POINT ( 'NONE',  ( 0.01349999999999999985, 0.07850000000000000033, -0.08759269909673479682 ) ) ;
#2897 = FILL_AREA_STYLE ('',( #643 ) ) ;
#2898 = ORIENTED_EDGE ( 'NONE', *, *, #3649, .F. ) ;
#2899 = CARTESIAN_POINT ( 'NONE',  ( -0.01250000000000000069, 0.01909666767421790146, -0.0009999999999999039605 ) ) ;
#2900 = CARTESIAN_POINT ( 'NONE',  ( 0.02500000000000000139, 0.0000000000000000000, -0.5999999999999999778 ) ) ;
#2901 =( NAMED_UNIT ( * ) SI_UNIT ( $, .STERADIAN. ) SOLID_ANGLE_UNIT ( ) );
#2902 = ORIENTED_EDGE ( 'NONE', *, *, #1235, .F. ) ;
#2903 = CARTESIAN_POINT ( 'NONE',  ( -0.01349999999999999985, 0.07749999999999999944, -0.07993465998166700281 ) ) ;
#2904 = AXIS2_PLACEMENT_3D ( 'NONE', #1349, #3907, #3997 ) ;
#2905 =( LENGTH_UNIT ( ) NAMED_UNIT ( * ) SI_UNIT ( .CENTI., .METRE. ) );
#2906 = FILL_AREA_STYLE_COLOUR ( '', #735 ) ;
#2907 = CARTESIAN_POINT ( 'NONE',  ( -0.01349999999999999985, 0.07850000000000000033, -0.08242397711235847912 ) ) ;
#2908 = FILL_AREA_STYLE ('',( #3602 ) ) ;
#2909 = FILL_AREA_STYLE_COLOUR ( '', #3462 ) ;
#2910 = CARTESIAN_POINT ( 'NONE',  ( 0.01308578643762690549, 0.07749999999999999944, -0.08289386092911994741 ) ) ;
#2911 = EDGE_CURVE ( 'NONE', #1345, #3136, #2792, .T. ) ;
#2912 = ADVANCED_FACE ( 'NONE', ( #1611 ), #954, .T. ) ;
#2913 =( GEOMETRIC_REPRESENTATION_CONTEXT ( 3 ) GLOBAL_UNCERTAINTY_ASSIGNED_CONTEXT ( ( #2491 ) ) GLOBAL_UNIT_ASSIGNED_CONTEXT ( ( #3461, #26, #2559 ) ) REPRESENTATION_CONTEXT ( 'NONE', 'WORKASPACE' ) );
#2914 = SURFACE_STYLE_USAGE ( .BOTH. , #2600 ) ;
#2915 = CARTESIAN_POINT ( 'NONE',  ( -0.01250000000000000069, 0.07850000000000000033, -0.1489999999999999936 ) ) ;
#2916 = DIRECTION ( 'NONE',  ( 1.000000000000000000, 0.0000000000000000000, 0.0000000000000000000 ) ) ;
#2917 = VERTEX_POINT ( 'NONE', #1911 ) ;
#2918 = MECHANICAL_DESIGN_GEOMETRIC_PRESENTATION_REPRESENTATION (  '', ( #1669 ), #2582 ) ;
#2919 = SURFACE_STYLE_FILL_AREA ( #687 ) ;
#2920 = STYLED_ITEM ( 'NONE', ( #3765 ), #2243 ) ;
#2921 = STYLED_ITEM ( 'NONE', ( #2272 ), #877 ) ;
#2922 = ORIENTED_EDGE ( 'NONE', *, *, #696, .F. ) ;
#2923 = DIRECTION ( 'NONE',  ( -7.893034146598111246E-32, -0.9654274555191101337, 0.2606718782874300477 ) ) ;
#2924 = ORIENTED_EDGE ( 'NONE', *, *, #381, .F. ) ;
#2925 =( NAMED_UNIT ( * ) PLANE_ANGLE_UNIT ( ) SI_UNIT ( $, .RADIAN. ) );
#2926 = AXIS2_PLACEMENT_3D ( 'NONE', #809, #497, #3031 ) ;
#2927 = SURFACE_STYLE_FILL_AREA ( #3555 ) ;
#2928 = PRESENTATION_STYLE_ASSIGNMENT (( #1724 ) ) ;
#2929 = SURFACE_STYLE_USAGE ( .BOTH. , #2989 ) ;
#2930 = VECTOR ( 'NONE', #19, 100.0000000000000000 ) ;
#2931 = ORIENTED_EDGE ( 'NONE', *, *, #1296, .T. ) ;
#2932 =( GEOMETRIC_REPRESENTATION_CONTEXT ( 3 ) GLOBAL_UNCERTAINTY_ASSIGNED_CONTEXT ( ( #3801 ) ) GLOBAL_UNIT_ASSIGNED_CONTEXT ( ( #2296, #3899, #1317 ) ) REPRESENTATION_CONTEXT ( 'NONE', 'WORKASPACE' ) );
#2933 =( NAMED_UNIT ( * ) SI_UNIT ( $, .STERADIAN. ) SOLID_ANGLE_UNIT ( ) );
#2934 = STYLED_ITEM ( 'NONE', ( #1446 ), #3088 ) ;
#2935 = ITEM_DEFINED_TRANSFORMATION ( 'NONE', 'NONE', #1693,  #1549 ) ;
#2936 = ADVANCED_FACE ( 'NONE', ( #3476 ), #2271, .T. ) ;
#2937 = VECTOR ( 'NONE', #2632, 100.0000000000000000 ) ;
#2938 = CARTESIAN_POINT ( 'NONE',  ( -0.01349999999999999985, 0.09650000000000001632, -0.1489999999999999658 ) ) ;
#2939 = AXIS2_PLACEMENT_3D ( 'NONE', #2899, #49, #1318 ) ;
#2940 = CARTESIAN_POINT ( 'NONE',  ( -0.07499999999999999722, 0.0000000000000000000, -0.5999999999999999778 ) ) ;
#2941 =( REPRESENTATION_RELATIONSHIP ('NONE','NONE', #661, #216 ) REPRESENTATION_RELATIONSHIP_WITH_TRANSFORMATION ( #3800 )SHAPE_REPRESENTATION_RELATIONSHIP( ) );
#2942 = AXIS2_PLACEMENT_3D ( 'NONE', #2008, #3548, #2370 ) ;
#2943 = VECTOR ( 'NONE', #1896, 100.0000000000000000 ) ;
#2944 = CARTESIAN_POINT ( 'NONE',  ( 0.01308578643762692978, 0.02539829154026446850, -0.04515063761498730455 ) ) ;
#2945 = VERTEX_POINT ( 'NONE', #934 ) ;
#2946 = AXIS2_PLACEMENT_3D ( 'NONE', #2550, #650, #3834 ) ;
#2947 = LINE ( 'NONE', #2659, #270 ) ;
#2948 = EDGE_LOOP ( 'NONE', ( #1469, #3948, #581, #684 ) ) ;
#2949 =( BOUNDED_SURFACE ( )  B_SPLINE_SURFACE ( 3, 3, ( 
 ( #887, #47, #3812, #1825 ),
 ( #3743, #2444, #3716, #1979 ),
 ( #595, #3072, #1864, #3141 ),
 ( #2509, #2109, #3093, #863 ) ),
 .UNSPECIFIED., .F., .F., .T. ) 
 B_SPLINE_SURFACE_WITH_KNOTS ( ( 4, 4 ),
 ( 4, 4 ),
 ( 0.0000000000000000000, 1.000000000000000000 ),
 ( 0.0000000000000000000, 1.000000000000000000 ),
 .UNSPECIFIED. ) 
 GEOMETRIC_REPRESENTATION_ITEM ( )  RATIONAL_B_SPLINE_SURFACE ( (
 ( 1.000000000000000000, 0.8747560699726371070, 0.8747560699726371070, 1.000000000000000000),
 ( 0.8047378541243677130, 0.7039493226320452379, 0.7039493226320452379, 0.8047378541243677130),
 ( 0.8047378541243677130, 0.7039493226320452379, 0.7039493226320452379, 0.8047378541243677130),
 ( 1.000000000000000000, 0.8747560699726371070, 0.8747560699726371070, 1.000000000000000000) ) ) 
 REPRESENTATION_ITEM ( '' )  SURFACE ( )  );
#2950 = PRESENTATION_STYLE_ASSIGNMENT (( #3308 ) ) ;
#2951 = SURFACE_STYLE_FILL_AREA ( #3329 ) ;
#2952 = ITEM_DEFINED_TRANSFORMATION ( 'NONE', 'NONE', #1480,  #1549 ) ;
#2953 = CARTESIAN_POINT ( 'NONE',  ( 0.01349999999999999985, 0.001063031307206659289, -0.0009999999999999963345 ) ) ;
#2954 = CARTESIAN_POINT ( 'NONE',  ( -0.4849999999999999867, 0.01499999999999993873, -0.5000000000000000000 ) ) ;
#2955 =( NAMED_UNIT ( * ) SI_UNIT ( $, .STERADIAN. ) SOLID_ANGLE_UNIT ( ) );
#2956 = CARTESIAN_POINT ( 'NONE',  ( -0.5999999999999999778, 0.0000000000000000000, -0.3250000000000000111 ) ) ;
#2957 = ORIENTED_EDGE ( 'NONE', *, *, #2629, .T. ) ;
#2958 = ORIENTED_EDGE ( 'NONE', *, *, #3625, .T. ) ;
#2959 = EDGE_CURVE ( 'NONE', #2917, #2219, #618, .T. ) ;
#2960 = CARTESIAN_POINT ( 'NONE',  ( -0.01349999999999999985, 0.09650000000000000244, -0.1489999999999999658 ) ) ;
#2961 = MECHANICAL_DESIGN_GEOMETRIC_PRESENTATION_REPRESENTATION (  '', ( #3505 ), #2834 ) ;
#2962 = CARTESIAN_POINT ( 'NONE',  ( 0.01250000000000000069, 0.07850000000000000033, -0.1489999999999999658 ) ) ;
#2963 = LINE ( 'NONE', #121, #1190 ) ;
#2964 = ORIENTED_EDGE ( 'NONE', *, *, #1203, .F. ) ;
#2965 = PRODUCT_DEFINITION_SHAPE ( 'NONE', 'NONE',  #4118 ) ;
#2966 = CARTESIAN_POINT ( 'NONE',  ( -0.01349999999999999985, 0.01909666767421789452, -0.0004142135623729994868 ) ) ;
#2967 = CARTESIAN_POINT ( 'NONE',  ( 0.01308578643762690723, 0.09708578643762692806, -0.1499999999999999667 ) ) ;
#2968 = LINE ( 'NONE', #149, #993 ) ;
#2969 = FILL_AREA_STYLE ('',( #1755 ) ) ;
#2970 = PRESENTATION_LAYER_ASSIGNMENT (  '', '', ( #1315 ) ) ;
#2971 = CONTEXT_DEPENDENT_SHAPE_REPRESENTATION ( #2870, #2810 ) ;
#2972 =( NAMED_UNIT ( * ) SI_UNIT ( $, .STERADIAN. ) SOLID_ANGLE_UNIT ( ) );
#2973 = MECHANICAL_DESIGN_GEOMETRIC_PRESENTATION_REPRESENTATION (  '', ( #2316 ), #2913 ) ;
#2974 = ORIENTED_EDGE ( 'NONE', *, *, #1027, .F. ) ;
#2975 = DIRECTION ( 'NONE',  ( -1.000000000000000000, -0.0000000000000000000, -0.0000000000000000000 ) ) ;
#2976 = DIRECTION ( 'NONE',  ( -1.836909530733570078E-16, 0.0000000000000000000, 1.000000000000000000 ) ) ;
#2977 = VECTOR ( 'NONE', #1294, 100.0000000000000142 ) ;
#2978 = PRESENTATION_LAYER_ASSIGNMENT (  '', '', ( #855 ) ) ;
#2979 = DIRECTION ( 'NONE',  ( -7.290249346361489992E-32, -1.000000000000000000, -0.0000000000000000000 ) ) ;
#2980 = ORIENTED_EDGE ( 'NONE', *, *, #2608, .T. ) ;
#2981 = COLOUR_RGB ( '',0.7529411764705882248, 0.7529411764705882248, 0.7529411764705882248 ) ;
#2982 = ORIENTED_EDGE ( 'NONE', *, *, #517, .T. ) ;
#2983 = CARTESIAN_POINT ( 'NONE',  ( 0.01349999999999999985, 0.04733443272998889145, -0.07075394419695403558 ) ) ;
#2984 = FILL_AREA_STYLE_COLOUR ( '', #4031 ) ;
#2985 =( GEOMETRIC_REPRESENTATION_CONTEXT ( 3 ) GLOBAL_UNCERTAINTY_ASSIGNED_CONTEXT ( ( #1920 ) ) GLOBAL_UNIT_ASSIGNED_CONTEXT ( ( #384, #2622, #3912 ) ) REPRESENTATION_CONTEXT ( 'NONE', 'WORKASPACE' ) );
#2986 = VECTOR ( 'NONE', #2994, 100.0000000000000000 ) ;
#2987 = EDGE_CURVE ( 'NONE', #3007, #1633, #765, .T. ) ;
#2988 = DIRECTION ( 'NONE',  ( 0.0000000000000000000, 4.743384504624081899E-15, -1.000000000000000000 ) ) ;
#2989 = SURFACE_SIDE_STYLE ('',( #2593 ) ) ;
#2990 = ORIENTED_EDGE ( 'NONE', *, *, #1561, .F. ) ;
#2991 = DIRECTION ( 'NONE',  ( 0.0000000000000000000, 0.06104853953485690071, -0.9981347984218669200 ) ) ;
#2992 = AXIS2_PLACEMENT_3D ( 'NONE', #3934, #3291, #442 ) ;
#2993 = CARTESIAN_POINT ( 'NONE',  ( -0.01349999999999999811, 0.001063031307206659505, -0.001000000000000000238 ) ) ;
#2994 = DIRECTION ( 'NONE',  ( 0.0000000000000000000, -1.000000000000000000, 0.0000000000000000000 ) ) ;
#2995 = DIRECTION ( 'NONE',  ( -1.000000000000000000, -0.0000000000000000000, -0.0000000000000000000 ) ) ;
#2996 =( REPRESENTATION_RELATIONSHIP ('NONE','NONE', #661, #1064 ) REPRESENTATION_RELATIONSHIP_WITH_TRANSFORMATION ( #2141 )SHAPE_REPRESENTATION_RELATIONSHIP( ) );
#2997 = DIRECTION ( 'NONE',  ( 0.0000000000000000000, -0.2606718782874311580, -0.9654274555191098006 ) ) ;
#2998 = STYLED_ITEM ( 'NONE', ( #2820 ), #2746 ) ;
#2999 = PRODUCT_DEFINITION_CONTEXT ( 'detailed design', #1875, 'design' ) ;
#3000 =( NAMED_UNIT ( * ) SI_UNIT ( $, .STERADIAN. ) SOLID_ANGLE_UNIT ( ) );
#3001 = CARTESIAN_POINT ( 'NONE',  ( -0.01250000000000000069, 0.09750000000000001721, -0.1489999999999999658 ) ) ;
#3002 = VECTOR ( 'NONE', #3092, 100.0000000000000000 ) ;
#3003 = SURFACE_STYLE_FILL_AREA ( #3641 ) ;
#3004 = DIRECTION ( 'NONE',  ( -1.836909530733570078E-16, 0.0000000000000000000, 1.000000000000000000 ) ) ;
#3005 = MECHANICAL_DESIGN_GEOMETRIC_PRESENTATION_REPRESENTATION (  '', ( #2133 ), #3809 ) ;
#3006 = SURFACE_STYLE_FILL_AREA ( #2371 ) ;
#3007 = VERTEX_POINT ( 'NONE', #3326 ) ;
#3008 =( LENGTH_UNIT ( ) NAMED_UNIT ( * ) SI_UNIT ( .CENTI., .METRE. ) );
#3009 = CARTESIAN_POINT ( 'NONE',  ( -0.01349999999999999985, 0.05402331069110310330, -0.1489999999999999936 ) ) ;
#3010 = FACE_OUTER_BOUND ( 'NONE', #1570, .T. ) ;
#3011 = ORIENTED_EDGE ( 'NONE', *, *, #1003, .F. ) ;
#3012 = CARTESIAN_POINT ( 'NONE',  ( -0.3393933982822018858, 0.1600000000000001421, -0.5893933982822018303 ) ) ;
#3013 = PRODUCT_DEFINITION_SHAPE ( 'NONE', 'NONE',  #4099 ) ;
#3014 = ADVANCED_FACE ( 'NONE', ( #1998 ), #3910, .T. ) ;
#3015 =( NAMED_UNIT ( * ) PLANE_ANGLE_UNIT ( ) SI_UNIT ( $, .RADIAN. ) );
#3016 = ADVANCED_FACE ( 'NONE', ( #2595 ), #1728, .T. ) ;
#3017 = ITEM_DEFINED_TRANSFORMATION ( 'NONE', 'NONE', #2942,  #1549 ) ;
#3018 = PRESENTATION_STYLE_ASSIGNMENT (( #1757 ) ) ;
#3019 = FILL_AREA_STYLE_COLOUR ( '', #991 ) ;
#3020 =( REPRESENTATION_RELATIONSHIP ('NONE','NONE', #661, #1064 ) REPRESENTATION_RELATIONSHIP_WITH_TRANSFORMATION ( #3099 )SHAPE_REPRESENTATION_RELATIONSHIP( ) );
#3021 = AXIS2_PLACEMENT_3D ( 'NONE', #2673, #3221, #2628 ) ;
#3022 = SURFACE_STYLE_USAGE ( .BOTH. , #2568 ) ;
#3023 = FILL_AREA_STYLE_COLOUR ( '', #1811 ) ;
#3024 = CARTESIAN_POINT ( 'NONE',  ( -0.5999999999999999778, 0.0000000000000000000, 0.3250000000000000111 ) ) ;
#3025 = SURFACE_STYLE_USAGE ( .BOTH. , #325 ) ;
#3026 = PLANE ( 'NONE',  #2009 ) ;
#3027 = LINE ( 'NONE', #3009, #858 ) ;
#3028 = CARTESIAN_POINT ( 'NONE',  ( -0.01349999999999999985, 0.07849999999999998646, -0.1489999999999999380 ) ) ;
#3029 = PLANE ( 'NONE',  #257 ) ;
#3030 = CARTESIAN_POINT ( 'NONE',  ( 0.01250000000000000069, 0.01780249144348779178, -0.06278012227940032997 ) ) ;
#3031 = DIRECTION ( 'NONE',  ( 0.0000000000000000000, -5.421010862427522170E-15, 1.000000000000000000 ) ) ;
#3032 = SURFACE_STYLE_FILL_AREA ( #4035 ) ;
#3033 = CONTEXT_DEPENDENT_SHAPE_REPRESENTATION ( #3131, #3113 ) ;
#3034 = UNCERTAINTY_MEASURE_WITH_UNIT (LENGTH_MEASURE( 1.000000000000000082E-05 ), #1037, 'distance_accuracy_value', 'NONE');
#3035 = EDGE_CURVE ( 'NONE', #1692, #23, #806, .T. ) ;
#3036 = EDGE_CURVE ( 'NONE', #3617, #2372, #240, .T. ) ;
#3037 = MECHANICAL_DESIGN_GEOMETRIC_PRESENTATION_REPRESENTATION (  '', ( #1277 ), #1344 ) ;
#3038 = SURFACE_SIDE_STYLE ('',( #4055 ) ) ;
#3039 =( GEOMETRIC_REPRESENTATION_CONTEXT ( 3 ) GLOBAL_UNCERTAINTY_ASSIGNED_CONTEXT ( ( #2706 ) ) GLOBAL_UNIT_ASSIGNED_CONTEXT ( ( #2553, #966, #652 ) ) REPRESENTATION_CONTEXT ( 'NONE', 'WORKASPACE' ) );
#3040 = SURFACE_STYLE_FILL_AREA ( #154 ) ;
#3041 = CARTESIAN_POINT ( 'NONE',  ( -0.5999999999999999778, 0.0000000000000000000, -0.07499999999999999722 ) ) ;
#3042 = VECTOR ( 'NONE', #1982, 100.0000000000000142 ) ;
#3043 =( LENGTH_UNIT ( ) NAMED_UNIT ( * ) SI_UNIT ( .CENTI., .METRE. ) );
#3044 = ORIENTED_EDGE ( 'NONE', *, *, #2959, .F. ) ;
#3045 =( LENGTH_UNIT ( ) NAMED_UNIT ( * ) SI_UNIT ( .CENTI., .METRE. ) );
#3046 = VECTOR ( 'NONE', #3909, 100.0000000000000000 ) ;
#3047 = VECTOR ( 'NONE', #2979, 100.0000000000000000 ) ;
#3048 = DIRECTION ( 'NONE',  ( 0.0000000000000000000, 0.0000000000000000000, 1.000000000000000000 ) ) ;
#3049 = COLOUR_RGB ( '',0.7529411764705882248, 0.7529411764705882248, 0.7529411764705882248 ) ;
#3050 = PLANE ( 'NONE',  #3648 ) ;
#3051 = VECTOR ( 'NONE', #626, 100.0000000000000000 ) ;
#3052 = CARTESIAN_POINT ( 'NONE',  ( -0.01308578643762690723, 0.07791421356237308860, -0.1499999999999999667 ) ) ;
#3053 = DIRECTION ( 'NONE',  ( -1.000000000000000000, -6.707947359450413076E-18, 2.794978066437673104E-17 ) ) ;
#3054 = PRODUCT_DEFINITION_SHAPE ( 'NONE', 'NONE',  #4116 ) ;
#3055 = DIRECTION ( 'NONE',  ( 0.0000000000000000000, 0.0000000000000000000, -1.000000000000000000 ) ) ;
#3056 = COLOUR_RGB ( '',0.7490196078431372584, 0.7490196078431372584, 0.7490196078431372584 ) ;
#3057 = ORIENTED_EDGE ( 'NONE', *, *, #1484, .T. ) ;
#3058 = STYLED_ITEM ( 'NONE', ( #1671 ), #2307 ) ;
#3059 = FACE_OUTER_BOUND ( 'NONE', #2557, .T. ) ;
#3060 =( BOUNDED_SURFACE ( )  B_SPLINE_SURFACE ( 3, 3, ( 
 ( #1557, #1250, #1582, #726 ),
 ( #104, #1310, #2637, #2620 ),
 ( #2022, #2967, #62, #3230 ),
 ( #2335, #3867, #3538, #2598 ) ),
 .UNSPECIFIED., .F., .F., .F. ) 
 B_SPLINE_SURFACE_WITH_KNOTS ( ( 4, 4 ),
 ( 4, 4 ),
 ( 0.0000000000000000000, 1.000000000000000000 ),
 ( 0.0000000000000000000, 1.000000000000000000 ),
 .UNSPECIFIED. ) 
 GEOMETRIC_REPRESENTATION_ITEM ( )  RATIONAL_B_SPLINE_SURFACE ( (
 ( 1.000000000000000000, 0.8047378541243613848, 0.8047378541243613848, 1.000000000000000000),
 ( 0.8047378541243649375, 0.6476030138606847508, 0.6476030138606847508, 0.8047378541243649375),
 ( 0.8047378541243649375, 0.6476030138606847508, 0.6476030138606847508, 0.8047378541243649375),
 ( 1.000000000000000000, 0.8047378541243613848, 0.8047378541243613848, 1.000000000000000000) ) ) 
 REPRESENTATION_ITEM ( '' )  SURFACE ( )  );
#3061 = DIRECTION ( 'NONE',  ( -0.0000000000000000000, 1.000000000000000000, -0.0000000000000000000 ) ) ;
#3062 = EDGE_CURVE ( 'NONE', #3283, #3255, #1806, .T. ) ;
#3063 = DIRECTION ( 'NONE',  ( -1.000000000000000000, 0.0000000000000000000, -1.836909530733570078E-16 ) ) ;
#3064 = ORIENTED_EDGE ( 'NONE', *, *, #475, .T. ) ;
#3065 = SURFACE_STYLE_USAGE ( .BOTH. , #2693 ) ;
#3066 = DIRECTION ( 'NONE',  ( 0.6875816551701148249, -0.2333729524753249684, -0.6875816551701150470 ) ) ;
#3067 = CARTESIAN_POINT ( 'NONE',  ( -0.1749999999999999889, 0.0000000000000000000, 0.5999999999999999778 ) ) ;
#3068 = VECTOR ( 'NONE', #1140, 100.0000000000000000 ) ;
#3069 =( LENGTH_UNIT ( ) NAMED_UNIT ( * ) SI_UNIT ( .CENTI., .METRE. ) );
#3070 = DIRECTION ( 'NONE',  ( -7.290249346361470286E-32, -1.000000000000000000, -6.938893903907230744E-15 ) ) ;
#3071 =( LENGTH_UNIT ( ) NAMED_UNIT ( * ) SI_UNIT ( .CENTI., .METRE. ) );
#3072 = CARTESIAN_POINT ( 'NONE',  ( 0.01349999999999999117, 0.009241621603460715637, -0.06107539389826861093 ) ) ;
#3073 = DIRECTION ( 'NONE',  ( 1.000000000000000000, 0.0000000000000000000, 0.0000000000000000000 ) ) ;
#3074 = AXIS2_PLACEMENT_3D ( 'NONE', #1684, #3566, #1025 ) ;
#3075 =( GEOMETRIC_REPRESENTATION_CONTEXT ( 3 ) GLOBAL_UNCERTAINTY_ASSIGNED_CONTEXT ( ( #1200 ) ) GLOBAL_UNIT_ASSIGNED_CONTEXT ( ( #1443, #2465, #3735 ) ) REPRESENTATION_CONTEXT ( 'NONE', 'WORKASPACE' ) );
#3076 = DIRECTION ( 'NONE',  ( -7.290249346361470286E-32, -1.000000000000000000, -6.938893903907230744E-15 ) ) ;
#3077 = ORIENTED_EDGE ( 'NONE', *, *, #3811, .F. ) ;
#3078 = CARTESIAN_POINT ( 'NONE',  ( -0.01308578643762690202, 0.008955826027659954253, -0.06142727398090020580 ) ) ;
#3079 = FILL_AREA_STYLE ('',( #4037 ) ) ;
#3080 = CARTESIAN_POINT ( 'NONE',  ( 0.01250000000000000069, 0.001063031307206660156, -0.0009999999999999809389 ) ) ;
#3081 = PRODUCT_CONTEXT ( 'NONE', #3364, 'mechanical' ) ;
#3082 = UNCERTAINTY_MEASURE_WITH_UNIT (LENGTH_MEASURE( 1.000000000000000082E-05 ), #852, 'distance_accuracy_value', 'NONE');
#3083 = SURFACE_SIDE_STYLE ('',( #894 ) ) ;
#3084 = ORIENTED_EDGE ( 'NONE', *, *, #2531, .F. ) ;
#3085 = PRODUCT_DEFINITION_SHAPE ( 'NONE', 'NONE',  #4112 ) ;
#3086 = CARTESIAN_POINT ( 'NONE',  ( -1.354998773851509940E-17, 0.1600000000000000033, -0.4849999999999999867 ) ) ;
#3087 = CARTESIAN_POINT ( 'NONE',  ( -0.02500000000000000139, 0.0000000000000000000, 0.5999999999999999778 ) ) ;
#3088 = ADVANCED_FACE ( 'NONE', ( #2108 ), #3375, .T. ) ;
#3089 = CARTESIAN_POINT ( 'NONE',  ( 0.4500000000000002331, 0.09749999999999994782, -0.5000000000000002220 ) ) ;
#3090 = EDGE_CURVE ( 'NONE', #435, #1013, #4046, .T. ) ;
#3091 = CARTESIAN_POINT ( 'NONE',  ( -0.01349999999999999985, 0.07850000000000000033, -0.1489999999999999936 ) ) ;
#3092 = DIRECTION ( 'NONE',  ( 0.7071067811865476838, -0.0000000000000000000, -0.7071067811865474617 ) ) ;
#3093 = CARTESIAN_POINT ( 'NONE',  ( 0.01350000000000000158, 0.004306482253088103791, -0.05402995420898026174 ) ) ;
#3094 = CARTESIAN_POINT ( 'NONE',  ( 0.01349999999999999985, 0.07036739066116171060, -0.07697299708602459156 ) ) ;
#3095 = ORIENTED_EDGE ( 'NONE', *, *, #2889, .T. ) ;
#3096 = SURFACE_STYLE_FILL_AREA ( #1470 ) ;
#3097 =( REPRESENTATION_RELATIONSHIP ('NONE','NONE', #661, #1064 ) REPRESENTATION_RELATIONSHIP_WITH_TRANSFORMATION ( #2833 )SHAPE_REPRESENTATION_RELATIONSHIP( ) );
#3098 = CARTESIAN_POINT ( 'NONE',  ( -0.01349999999999999811, 0.01764979339251631155, -0.06334565658935605026 ) ) ;
#3099 = ITEM_DEFINED_TRANSFORMATION ( 'NONE', 'NONE', #1016,  #1549 ) ;
#3100 = ITEM_DEFINED_TRANSFORMATION ( 'NONE', 'NONE', #3988,  #1549 ) ;
#3101 = DIRECTION ( 'NONE',  ( 1.000000000000000000, 0.0000000000000000000, 0.0000000000000000000 ) ) ;
#3102 = DIRECTION ( 'NONE',  ( 0.0000000000000000000, -1.000000000000000000, 0.0000000000000000000 ) ) ;
#3103 = CONTEXT_DEPENDENT_SHAPE_REPRESENTATION ( #3739, #3438 ) ;
#3104 = PRODUCT_DEFINITION_SHAPE ( 'NONE', 'NONE',  #4096 ) ;
#3105 = CARTESIAN_POINT ( 'NONE',  ( -0.01349999999999999985, 0.01909666767421790146, -0.0009999999999999024426 ) ) ;
#3106 = ORIENTED_EDGE ( 'NONE', *, *, #2840, .F. ) ;
#3107 = CARTESIAN_POINT ( 'NONE',  ( 0.01349999999999999985, 0.01968136150205689050, -0.0009642385935034563076 ) ) ;
#3108 = DIRECTION ( 'NONE',  ( 1.000000000000000000, 0.0000000000000000000, 0.0000000000000000000 ) ) ;
#3109 = COLOUR_RGB ( '',0.7529411764705882248, 0.7529411764705882248, 0.7529411764705882248 ) ;
#3110 = LINE ( 'NONE', #1527, #1451 ) ;
#3111 =( NAMED_UNIT ( * ) SI_UNIT ( $, .STERADIAN. ) SOLID_ANGLE_UNIT ( ) );
#3112 = ORIENTED_EDGE ( 'NONE', *, *, #1925, .T. ) ;
#3113 = PRODUCT_DEFINITION_SHAPE ( 'NONE', 'NONE',  #4102 ) ;
#3114 = EDGE_CURVE ( 'NONE', #4021, #1819, #3412, .T. ) ;
#3115 = CARTESIAN_POINT ( 'NONE',  ( 0.4500000000000000666, 0.09749999999999992006, 0.5000000000000001110 ) ) ;
#3116 = UNCERTAINTY_MEASURE_WITH_UNIT (LENGTH_MEASURE( 1.000000000000000082E-05 ), #3349, 'distance_accuracy_value', 'NONE');
#3117 = VECTOR ( 'NONE', #3212, 100.0000000000000000 ) ;
#3118 =( LENGTH_UNIT ( ) NAMED_UNIT ( * ) SI_UNIT ( .CENTI., .METRE. ) );
#3119 = DIRECTION ( 'NONE',  ( 7.893034146598111246E-32, 0.9654274555191101337, -0.2606718782874300477 ) ) ;
#3120 = SURFACE_STYLE_USAGE ( .BOTH. , #2492 ) ;
#3121 = ORIENTED_EDGE ( 'NONE', *, *, #3368, .F. ) ;
#3122 = FILL_AREA_STYLE ('',( #2449 ) ) ;
#3123 =( GEOMETRIC_REPRESENTATION_CONTEXT ( 3 ) GLOBAL_UNCERTAINTY_ASSIGNED_CONTEXT ( ( #3494 ) ) GLOBAL_UNIT_ASSIGNED_CONTEXT ( ( #2188, #2563, #345 ) ) REPRESENTATION_CONTEXT ( 'NONE', 'WORKASPACE' ) );
#3124 = CARTESIAN_POINT ( 'NONE',  ( 0.4849999999999999867, 0.01500000000000005843, -0.5000000000000000000 ) ) ;
#3125 = CIRCLE ( 'NONE', #404, 0.05000000000000000278 ) ;
#3126 = PRESENTATION_LAYER_ASSIGNMENT (  '', '', ( #411 ) ) ;
#3127 = SURFACE_STYLE_FILL_AREA ( #365 ) ;
#3128 = UNCERTAINTY_MEASURE_WITH_UNIT (LENGTH_MEASURE( 1.000000000000000082E-05 ), #3534, 'distance_accuracy_value', 'NONE');
#3129 = ORIENTED_EDGE ( 'NONE', *, *, #1236, .F. ) ;
#3130 = DIRECTION ( 'NONE',  ( 0.6875816551701148249, 0.2333729524753249684, -0.6875816551701150470 ) ) ;
#3131 =( REPRESENTATION_RELATIONSHIP ('NONE','NONE', #661, #1064 ) REPRESENTATION_RELATIONSHIP_WITH_TRANSFORMATION ( #2067 )SHAPE_REPRESENTATION_RELATIONSHIP( ) );
#3132 =( NAMED_UNIT ( * ) SI_UNIT ( $, .STERADIAN. ) SOLID_ANGLE_UNIT ( ) );
#3133 = STYLED_ITEM ( 'NONE', ( #1154 ), #2894 ) ;
#3134 = SURFACE_STYLE_FILL_AREA ( #147 ) ;
#3135 = DIRECTION ( 'NONE',  ( -0.2322901742829637795, 0.9678757261790231770, 0.09621774059402403434 ) ) ;
#3136 = VERTEX_POINT ( 'NONE', #1765 ) ;
#3137 = FILL_AREA_STYLE ('',( #1601 ) ) ;
#3138 = COLOUR_RGB ( '',0.1254901960784313708, 0.1254901960784313708, 0.1254901960784313708 ) ;
#3139 = ORIENTED_EDGE ( 'NONE', *, *, #1439, .T. ) ;
#3140 = SURFACE_STYLE_USAGE ( .BOTH. , #3492 ) ;
#3141 = CARTESIAN_POINT ( 'NONE',  ( 0.01349999999999999291, 0.003206002133094524448, -0.04563268428219593997 ) ) ;
#3142 = AXIS2_PLACEMENT_3D ( 'NONE', #3733, #1593, #1260 ) ;
#3143 = CARTESIAN_POINT ( 'NONE',  ( 0.01250000000000001110, 6.489650878479567646E-05, -0.001061048539534864468 ) ) ;
#3144 =( NAMED_UNIT ( * ) SI_UNIT ( $, .STERADIAN. ) SOLID_ANGLE_UNIT ( ) );
#3145 = CARTESIAN_POINT ( 'NONE',  ( -0.01349999999999999985, 0.07849999999999998646, -0.08759269909673479682 ) ) ;
#3146 = AXIS2_PLACEMENT_3D ( 'NONE', #28, #730, #2577 ) ;
#3147 = SURFACE_SIDE_STYLE ('',( #834 ) ) ;
#3148 = EDGE_CURVE ( 'NONE', #2149, #2345, #3362, .T. ) ;
#3149 = EDGE_CURVE ( 'NONE', #226, #41, #3405, .T. ) ;
#3150 = PRESENTATION_STYLE_ASSIGNMENT (( #1852 ) ) ;
#3151 = AXIS2_PLACEMENT_3D ( 'NONE', #2798, #920, #1284 ) ;
#3152 = CYLINDRICAL_SURFACE ( 'NONE', #2258, 0.05000000000000000278 ) ;
#3153 = PRESENTATION_STYLE_ASSIGNMENT (( #1899 ) ) ;
#3154 = DIRECTION ( 'NONE',  ( 0.0000000000000000000, 0.0000000000000000000, -1.000000000000000000 ) ) ;
#3155 = CARTESIAN_POINT ( 'NONE',  ( 0.5999999999999999778, 0.0000000000000000000, -0.2750000000000000222 ) ) ;
#3156 = ORIENTED_EDGE ( 'NONE', *, *, #2234, .T. ) ;
#3157 = SURFACE_STYLE_USAGE ( .BOTH. , #36 ) ;
#3158 = ORIENTED_EDGE ( 'NONE', *, *, #2094, .T. ) ;
#3159 = CARTESIAN_POINT ( 'NONE',  ( 0.01349999999999999985, 0.09649999999999998856, -0.07993465998166700281 ) ) ;
#3160 = SURFACE_STYLE_FILL_AREA ( #904 ) ;
#3161 = UNCERTAINTY_MEASURE_WITH_UNIT (LENGTH_MEASURE( 1.000000000000000082E-05 ), #670, 'distance_accuracy_value', 'NONE');
#3162 = CARTESIAN_POINT ( 'NONE',  ( 0.01250000000000000069, 0.05919118273676830105, -0.05531075515140149862 ) ) ;
#3163 = CARTESIAN_POINT ( 'NONE',  ( -0.01308578643762693498, 0.02969128830903470032, -0.04630977549199690596 ) ) ;
#3164 = ORIENTED_EDGE ( 'NONE', *, *, #2170, .F. ) ;
#3165 = CARTESIAN_POINT ( 'NONE',  ( 0.01250000000000000243, 0.07749999999999999944, -0.1149673299908330060 ) ) ;
#3166 = DIRECTION ( 'NONE',  ( -1.000000000000000000, -0.0000000000000000000, -0.0000000000000000000 ) ) ;
#3167 = CONTEXT_DEPENDENT_SHAPE_REPRESENTATION ( #1651, #2045 ) ;
#3168 = DIRECTION ( 'NONE',  ( 0.0000000000000000000, -0.06104853953485710888, 0.9981347984218669200 ) ) ;
#3169 = CARTESIAN_POINT ( 'NONE',  ( 0.01250000000000000069, 0.07749999999999998557, -0.08289386092911993353 ) ) ;
#3170 = PLANE ( 'NONE',  #2306 ) ;
#3171 = PRODUCT_DEFINITION ( 'UNKNOWN', '', #3511, #1418 ) ;
#3172 = EDGE_CURVE ( 'NONE', #451, #1748, #1252, .T. ) ;
#3173 = UNCERTAINTY_MEASURE_WITH_UNIT (LENGTH_MEASURE( 1.000000000000000082E-05 ), #1498, 'distance_accuracy_value', 'NONE');
#3174 = PRODUCT_DEFINITION_SHAPE ( 'NONE', 'NONE',  #4134 ) ;
#3175 = FILL_AREA_STYLE ('',( #1231 ) ) ;
#3176 = ORIENTED_EDGE ( 'NONE', *, *, #2151, .F. ) ;
#3177 = CARTESIAN_POINT ( 'NONE',  ( 0.01349999999999999985, 0.01909666767421790839, -0.0009999999999999102489 ) ) ;
#3178 = CARTESIAN_POINT ( 'NONE',  ( 0.01250000000000000243, 0.09750000000000000333, -0.1073092908757649899 ) ) ;
#3179 = DIRECTION ( 'NONE',  ( 1.000000000000000000, 0.0000000000000000000, 0.0000000000000000000 ) ) ;
#3180 = AXIS2_PLACEMENT_3D ( 'NONE', #1642, #450, #1987 ) ;
#3181 = FILL_AREA_STYLE_COLOUR ( '', #1725 ) ;
#3182 = ORIENTED_EDGE ( 'NONE', *, *, #3322, .T. ) ;
#3183 = SURFACE_STYLE_USAGE ( .BOTH. , #3503 ) ;
#3184 = CARTESIAN_POINT ( 'NONE',  ( -0.01349999999999999985, 0.07850000000000000033, -0.1489999999999999936 ) ) ;
#3185 = EDGE_LOOP ( 'NONE', ( #2876, #2982, #3263, #3121 ) ) ;
#3186 = CARTESIAN_POINT ( 'NONE',  ( -0.01250000000000000069, 0.07749999999999999944, -0.09336630467740500428 ) ) ;
#3187 = SURFACE_STYLE_USAGE ( .BOTH. , #3917 ) ;
#3188 = DIRECTION ( 'NONE',  ( 7.893034146598111246E-32, 0.9654274555191101337, -0.2606718782874300477 ) ) ;
#3189 = ORIENTED_EDGE ( 'NONE', *, *, #3874, .F. ) ;
#3190 = CARTESIAN_POINT ( 'NONE',  ( -0.01349999999999999985, 0.07535741677482384049, -0.07832033755403751407 ) ) ;
#3191 = COLOUR_RGB ( '',0.7529411764705882248, 0.7529411764705882248, 0.7529411764705882248 ) ;
#3192 = VECTOR ( 'NONE', #3983, 100.0000000000000000 ) ;
#3193 = FILL_AREA_STYLE_COLOUR ( '', #1057 ) ;
#3194 = PLANE ( 'NONE',  #1185 ) ;
#3195 = AXIS2_PLACEMENT_3D ( 'NONE', #160, #3688, #2988 ) ;
#3196 = DIRECTION ( 'NONE',  ( 0.0000000000000000000, 0.0000000000000000000, -1.000000000000000000 ) ) ;
#3197 = CARTESIAN_POINT ( 'NONE',  ( -0.01349999999999999985, 0.01909666767421790146, 9.090168912396696891E-17 ) ) ;
#3198 = AXIS2_PLACEMENT_3D ( 'NONE', #427, #1732, #3977 ) ;
#3199 = SURFACE_SIDE_STYLE ('',( #2256 ) ) ;
#3200 = ADVANCED_FACE ( 'NONE', ( #2803 ), #2096, .T. ) ;
#3201 = DIRECTION ( 'NONE',  ( -3.491483361109380094E-15, 0.0000000000000000000, -1.000000000000000000 ) ) ;
#3202 = VECTOR ( 'NONE', #3671, 100.0000000000000000 ) ;
#3203 = FILL_AREA_STYLE ('',( #3181 ) ) ;
#3204 = DIRECTION ( 'NONE',  ( 1.000000000000000000, -7.290249346361489992E-32, 3.279322939077849880E-32 ) ) ;
#3205 = VERTEX_POINT ( 'NONE', #2590 ) ;
#3206 =( NAMED_UNIT ( * ) PLANE_ANGLE_UNIT ( ) SI_UNIT ( $, .RADIAN. ) );
#3207 = ADVANCED_FACE ( 'NONE', ( #3883 ), #1010, .T. ) ;
#3208 = ORIENTED_EDGE ( 'NONE', *, *, #4047, .F. ) ;
#3209 = VECTOR ( 'NONE', #2975, 100.0000000000000000 ) ;
#3210 = PRESENTATION_LAYER_ASSIGNMENT (  '', '', ( #2722 ) ) ;
#3211 =( NAMED_UNIT ( * ) SI_UNIT ( $, .STERADIAN. ) SOLID_ANGLE_UNIT ( ) );
#3212 = DIRECTION ( 'NONE',  ( -0.09621774059400803325, 0.9678757261790243982, -0.2322901742829653893 ) ) ;
#3213 = CARTESIAN_POINT ( 'NONE',  ( -0.01350000000000003975, 0.02958331448171877195, -0.04670966863756028514 ) ) ;
#3214 = PRODUCT_DEFINITION_SHAPE ( 'NONE', 'NONE',  #4123 ) ;
#3215 = PRESENTATION_LAYER_ASSIGNMENT (  '', '', ( #873 ) ) ;
#3216 = STYLED_ITEM ( 'NONE', ( #3643 ), #3698 ) ;
#3217 = CARTESIAN_POINT ( 'NONE',  ( -0.01349999999999999985, 0.08245276568746109924, -0.06159153832680390461 ) ) ;
#3218 = UNCERTAINTY_MEASURE_WITH_UNIT (LENGTH_MEASURE( 1.000000000000000082E-05 ), #3071, 'distance_accuracy_value', 'NONE');
#3219 = CIRCLE ( 'NONE', #289, 0.01000000000000000541 ) ;
#3220 = CARTESIAN_POINT ( 'NONE',  ( -0.4850000000000000977, 0.1600000000000000311, -0.4437867965644030632 ) ) ;
#3221 = DIRECTION ( 'NONE',  ( 3.231085104332679983E-15, 0.0000000000000000000, -1.000000000000000000 ) ) ;
#3222 = DIRECTION ( 'NONE',  ( 0.0000000000000000000, 1.000000000000000000, 0.0000000000000000000 ) ) ;
#3223 = LINE ( 'NONE', #2651, #3373 ) ;
#3224 = VERTEX_POINT ( 'NONE', #3906 ) ;
#3225 =( NAMED_UNIT ( * ) SI_UNIT ( $, .STERADIAN. ) SOLID_ANGLE_UNIT ( ) );
#3226 =( LENGTH_UNIT ( ) NAMED_UNIT ( * ) SI_UNIT ( .CENTI., .METRE. ) );
#3227 = EDGE_CURVE ( 'NONE', #3136, #848, #692, .T. ) ;
#3228 = EDGE_CURVE ( 'NONE', #1006, #78, #1971, .T. ) ;
#3229 = ORIENTED_EDGE ( 'NONE', *, *, #2841, .F. ) ;
#3230 = CARTESIAN_POINT ( 'NONE',  ( 0.01308578643762690549, 0.09750000000000000333, -0.1489999999999999936 ) ) ;
#3231 = CARTESIAN_POINT ( 'NONE',  ( 0.01349999999999999985, 0.0004563598011974678392, -0.0006764295447135955028 ) ) ;
#3232 = DIRECTION ( 'NONE',  ( -1.000000000000000000, 0.0000000000000000000, -3.231085104332679983E-15 ) ) ;
#3233 =( REPRESENTATION_RELATIONSHIP ('NONE','NONE', #661, #1064 ) REPRESENTATION_RELATIONSHIP_WITH_TRANSFORMATION ( #663 )SHAPE_REPRESENTATION_RELATIONSHIP( ) );
#3234 = MECHANICAL_DESIGN_GEOMETRIC_PRESENTATION_REPRESENTATION (  '', ( #477 ), #3331 ) ;
#3235 = SURFACE_STYLE_USAGE ( .BOTH. , #34 ) ;
#3236 = FACE_OUTER_BOUND ( 'NONE', #237, .T. ) ;
#3237 = CARTESIAN_POINT ( 'NONE',  ( 0.01249999999999999896, 0.02539829154026445115, -0.04515063761498729761 ) ) ;
#3238 = ORIENTED_EDGE ( 'NONE', *, *, #3114, .T. ) ;
#3239 = CARTESIAN_POINT ( 'NONE',  ( 0.01250000000000000069, 0.09649999999999998856, -0.1489999999999998270 ) ) ;
#3240 = DIRECTION ( 'NONE',  ( -7.290249346361470286E-32, -1.000000000000000000, -4.760081218080360245E-15 ) ) ;
#3241 = CARTESIAN_POINT ( 'NONE',  ( -0.01349999999999999985, 0.02131852430926840791, -0.03732703487168927137 ) ) ;
#3242 = ORIENTED_EDGE ( 'NONE', *, *, #3451, .T. ) ;
#3243 = FILL_AREA_STYLE_COLOUR ( '', #274 ) ;
#3244 = EDGE_CURVE ( 'NONE', #2631, #3205, #2614, .T. ) ;
#3245 = CYLINDRICAL_SURFACE ( 'NONE', #2769, 0.0009999999999999982861 ) ;
#3246 = SURFACE_STYLE_FILL_AREA ( #1055 ) ;
#3247 = SURFACE_STYLE_USAGE ( .BOTH. , #1392 ) ;
#3248 = CIRCLE ( 'NONE', #2443, 0.001000000000000000021 ) ;
#3249 = SURFACE_STYLE_FILL_AREA ( #3271 ) ;
#3250 = CONTEXT_DEPENDENT_SHAPE_REPRESENTATION ( #1988, #2387 ) ;
#3251 = CARTESIAN_POINT ( 'NONE',  ( 0.01349999999999999985, 0.001063031307206659722, -0.0009999999999999956840 ) ) ;
#3252 = VECTOR ( 'NONE', #3135, 100.0000000000000142 ) ;
#3253 = COLOUR_RGB ( '',0.7529411764705882248, 0.7529411764705882248, 0.7529411764705882248 ) ;
#3254 = SURFACE_SIDE_STYLE ('',( #3276 ) ) ;
#3255 = VERTEX_POINT ( 'NONE', #2325 ) ;
#3256 = CARTESIAN_POINT ( 'NONE',  ( -0.01250000000000000069, 0.08245276568746109924, -0.06159153832680386992 ) ) ;
#3257 = PRESENTATION_LAYER_ASSIGNMENT (  '', '', ( #192 ) ) ;
#3258 = MECHANICAL_DESIGN_GEOMETRIC_PRESENTATION_REPRESENTATION (  '', ( #584 ), #2653 ) ;
#3259 = CARTESIAN_POINT ( 'NONE',  ( -0.02500000000000000139, 0.0000000000000000000, -0.5999999999999999778 ) ) ;
#3260 = CARTESIAN_POINT ( 'NONE',  ( -0.01349999999999999985, 0.01909666767421790146, -0.0009999999999999100320 ) ) ;
#3261 = STYLED_ITEM ( 'NONE', ( #1433 ), #2172 ) ;
#3262 = AXIS2_PLACEMENT_3D ( 'NONE', #3030, #481, #3655 ) ;
#3263 = ORIENTED_EDGE ( 'NONE', *, *, #3811, .T. ) ;
#3264 = CARTESIAN_POINT ( 'NONE',  ( 0.01349999999999999638, 0.02470831998509997671, -0.04600015128280549037 ) ) ;
#3265 = ORIENTED_EDGE ( 'NONE', *, *, #3303, .T. ) ;
#3266 =( GEOMETRIC_REPRESENTATION_CONTEXT ( 3 ) GLOBAL_UNCERTAINTY_ASSIGNED_CONTEXT ( ( #2164 ) ) GLOBAL_UNIT_ASSIGNED_CONTEXT ( ( #4068, #1445, #221 ) ) REPRESENTATION_CONTEXT ( 'NONE', 'WORKASPACE' ) );
#3267 = DIRECTION ( 'NONE',  ( 0.0000000000000000000, -1.000000000000000000, 0.0000000000000000000 ) ) ;
#3268 =( LENGTH_UNIT ( ) NAMED_UNIT ( * ) SI_UNIT ( .CENTI., .METRE. ) );
#3269 = PRESENTATION_LAYER_ASSIGNMENT (  '', '', ( #1277 ) ) ;
#3270 = MECHANICAL_DESIGN_GEOMETRIC_PRESENTATION_REPRESENTATION (  '', ( #539 ), #2674 ) ;
#3271 = FILL_AREA_STYLE ('',( #1357 ) ) ;
#3272 = CONTEXT_DEPENDENT_SHAPE_REPRESENTATION ( #173, #282 ) ;
#3273 = CARTESIAN_POINT ( 'NONE',  ( 0.01308578643762690549, 2.737826534571273932E-05, -0.0004476306815889630805 ) ) ;
#3274 = PRESENTATION_LAYER_ASSIGNMENT (  '', '', ( #1408 ) ) ;
#3275 = EDGE_CURVE ( 'NONE', #3810, #2823, #1688, .T. ) ;
#3276 = SURFACE_STYLE_FILL_AREA ( #754 ) ;
#3277 = EDGE_CURVE ( 'NONE', #3224, #553, #3596, .T. ) ;
#3278 = PLANE ( 'NONE',  #3400 ) ;
#3279 = DIRECTION ( 'NONE',  ( -1.000000000000000000, 0.0000000000000000000, -1.836909530733570078E-16 ) ) ;
#3280 = VECTOR ( 'NONE', #2145, 100.0000000000000142 ) ;
#3281 = ORIENTED_EDGE ( 'NONE', *, *, #1926, .F. ) ;
#3282 = CARTESIAN_POINT ( 'NONE',  ( 0.01350000000000001546, 0.09708578643762690030, -0.07993465998166696118 ) ) ;
#3283 = VERTEX_POINT ( 'NONE', #2960 ) ;
#3284 = CARTESIAN_POINT ( 'NONE',  ( -0.01349999999999999985, 0.01001868687056180207, 4.768976320238950811E-17 ) ) ;
#3285 = AXIS2_PLACEMENT_3D ( 'NONE', #2220, #1947, #2169 ) ;
#3286 = CARTESIAN_POINT ( 'NONE',  ( -0.01349999999999999985, 0.07535741677482384049, -0.07832033755403752795 ) ) ;
#3287 = CARTESIAN_POINT ( 'NONE',  ( -0.4999999999999999445, 0.07749999999999990230, -0.4500000000000000666 ) ) ;
#3288 = ORIENTED_EDGE ( 'NONE', *, *, #3996, .F. ) ;
#3289 =( NAMED_UNIT ( * ) SI_UNIT ( $, .STERADIAN. ) SOLID_ANGLE_UNIT ( ) );
#3290 = SURFACE_STYLE_FILL_AREA ( #2908 ) ;
#3291 = DIRECTION ( 'NONE',  ( -3.718265416196989948E-32, -0.06104853953485690071, 0.9981347984218670311 ) ) ;
#3292 = CARTESIAN_POINT ( 'NONE',  ( 0.01250000000000000069, 0.01909666767421791533, -0.0009999999999998942027 ) ) ;
#3293 = CARTESIAN_POINT ( 'NONE',  ( 0.01250000000000000069, 0.001063031307206668179, 3.218725199566341288E-18 ) ) ;
#3294 = ORIENTED_EDGE ( 'NONE', *, *, #547, .T. ) ;
#3295 = CARTESIAN_POINT ( 'NONE',  ( -0.01308578643762691243, 0.07464310615893079981, -0.07916327951246455996 ) ) ;
#3296 = DIRECTION ( 'NONE',  ( -7.893034146598111246E-32, -0.9654274555191101337, 0.2606718782874300477 ) ) ;
#3297 = EDGE_CURVE ( 'NONE', #3255, #3922, #3814, .T. ) ;
#3298 = DIRECTION ( 'NONE',  ( -1.000000000000000000, 0.0000000000000000000, -3.231085104332679983E-15 ) ) ;
#3299 = ORIENTED_EDGE ( 'NONE', *, *, #3244, .T. ) ;
#3300 = CARTESIAN_POINT ( 'NONE',  ( 0.01349999999999999985, 0.09107190170196842460, -0.06391876277155342234 ) ) ;
#3301 = EDGE_LOOP ( 'NONE', ( #3880, #1223, #2594, #3761, #3754, #4034, #2589, #4051 ) ) ;
#3302 = DIRECTION ( 'NONE',  ( -3.279322939077849880E-32, -1.625387360916020109E-16, 1.000000000000000000 ) ) ;
#3303 = EDGE_CURVE ( 'NONE', #3888, #2219, #952, .T. ) ;
#3304 =( LENGTH_UNIT ( ) NAMED_UNIT ( * ) SI_UNIT ( .CENTI., .METRE. ) );
#3305 =( GEOMETRIC_REPRESENTATION_CONTEXT ( 3 ) GLOBAL_UNCERTAINTY_ASSIGNED_CONTEXT ( ( #170 ) ) GLOBAL_UNIT_ASSIGNED_CONTEXT ( ( #947, #3206, #901 ) ) REPRESENTATION_CONTEXT ( 'NONE', 'WORKASPACE' ) );
#3306 = SURFACE_STYLE_FILL_AREA ( #398 ) ;
#3307 = PRODUCT_DEFINITION_SHAPE ( 'NONE', 'NONE',  #4126 ) ;
#3308 = SURFACE_STYLE_USAGE ( .BOTH. , #441 ) ;
#3309 =( NAMED_UNIT ( * ) PLANE_ANGLE_UNIT ( ) SI_UNIT ( $, .RADIAN. ) );
#3310 = LINE ( 'NONE', #1472, #750 ) ;
#3311 =( NAMED_UNIT ( * ) PLANE_ANGLE_UNIT ( ) SI_UNIT ( $, .RADIAN. ) );
#3312 = CARTESIAN_POINT ( 'NONE',  ( -0.01250000000000000069, 0.09750000000000003109, -0.1495857864376268775 ) ) ;
#3313 =( REPRESENTATION_RELATIONSHIP ('NONE','NONE', #661, #1064 ) REPRESENTATION_RELATIONSHIP_WITH_TRANSFORMATION ( #2275 )SHAPE_REPRESENTATION_RELATIONSHIP( ) );
#3314 = MECHANICAL_DESIGN_GEOMETRIC_PRESENTATION_REPRESENTATION (  '', ( #1448 ), #1721 ) ;
#3315 =( LENGTH_UNIT ( ) NAMED_UNIT ( * ) SI_UNIT ( .CENTI., .METRE. ) );
#3316 = DIRECTION ( 'NONE',  ( -1.836909530733570078E-16, 0.0000000000000000000, 1.000000000000000000 ) ) ;
#3317 = PRESENTATION_LAYER_ASSIGNMENT (  '', '', ( #3520 ) ) ;
#3318 = CARTESIAN_POINT ( 'NONE',  ( -0.01349999999999999985, 0.09650000000000000244, -0.1499999999999999389 ) ) ;
#3319 = ORIENTED_EDGE ( 'NONE', *, *, #1235, .T. ) ;
#3320 = VECTOR ( 'NONE', #3512, 100.0000000000000142 ) ;
#3321 = STYLED_ITEM ( 'NONE', ( #206 ), #868 ) ;
#3322 = EDGE_CURVE ( 'NONE', #361, #3283, #1468, .T. ) ;
#3323 = DIRECTION ( 'NONE',  ( 0.0000000000000000000, 1.000000000000000000, 0.0000000000000000000 ) ) ;
#3324 = PRESENTATION_STYLE_ASSIGNMENT (( #2106 ) ) ;
#3325 = ORIENTED_EDGE ( 'NONE', *, *, #2410, .F. ) ;
#3326 = CARTESIAN_POINT ( 'NONE',  ( 0.4999999999999999445, 0.09749999999999993394, 0.4500000000000000666 ) ) ;
#3327 = CIRCLE ( 'NONE', #195, 0.05000000000000000278 ) ;
#3328 = DIRECTION ( 'NONE',  ( -1.000000000000000000, 0.0000000000000000000, -0.0000000000000000000 ) ) ;
#3329 = FILL_AREA_STYLE ('',( #1978 ) ) ;
#3330 = PLANE ( 'NONE',  #1141 ) ;
#3331 =( GEOMETRIC_REPRESENTATION_CONTEXT ( 3 ) GLOBAL_UNCERTAINTY_ASSIGNED_CONTEXT ( ( #1207 ) ) GLOBAL_UNIT_ASSIGNED_CONTEXT ( ( #1087, #1810, #1536 ) ) REPRESENTATION_CONTEXT ( 'NONE', 'WORKASPACE' ) );
#3332 = LINE ( 'NONE', #1086, #2786 ) ;
#3333 = FILL_AREA_STYLE_COLOUR ( '', #2476 ) ;
#3334 = DIRECTION ( 'NONE',  ( -1.836909530733570078E-16, 0.0000000000000000000, 1.000000000000000000 ) ) ;
#3335 = AXIS2_PLACEMENT_3D ( 'NONE', #4005, #1442, #2073 ) ;
#3336 = UNCERTAINTY_MEASURE_WITH_UNIT (LENGTH_MEASURE( 1.000000000000000082E-05 ), #640, 'distance_accuracy_value', 'NONE');
#3337 = EDGE_LOOP ( 'NONE', ( #308, #2037, #1409, #102 ) ) ;
#3338 = AXIS2_PLACEMENT_3D ( 'NONE', #1945, #1986, #2029 ) ;
#3339 =( NAMED_UNIT ( * ) PLANE_ANGLE_UNIT ( ) SI_UNIT ( $, .RADIAN. ) );
#3340 = DIRECTION ( 'NONE',  ( 1.000000000000000000, 0.0000000000000000000, 0.0000000000000000000 ) ) ;
#3341 = AXIS2_PLACEMENT_3D ( 'NONE', #1831, #3102, #3196 ) ;
#3342 = FILL_AREA_STYLE ('',( #4007 ) ) ;
#3343 = AXIS2_PLACEMENT_3D ( 'NONE', #324, #2237, #1564 ) ;
#3344 = EDGE_CURVE ( 'NONE', #1624, #3367, #2679, .T. ) ;
#3345 = ADVANCED_FACE ( 'NONE', ( #2373 ), #3357, .T. ) ;
#3346 = CARTESIAN_POINT ( 'NONE',  ( -0.01349999999999999638, 0.0007030279666248253788, -0.0004142135623730959265 ) ) ;
#3347 = FILL_AREA_STYLE ('',( #2776 ) ) ;
#3348 = LINE ( 'NONE', #3693, #2190 ) ;
#3349 =( LENGTH_UNIT ( ) NAMED_UNIT ( * ) SI_UNIT ( .CENTI., .METRE. ) );
#3350 =( LENGTH_UNIT ( ) NAMED_UNIT ( * ) SI_UNIT ( .CENTI., .METRE. ) );
#3351 =( BOUNDED_SURFACE ( )  B_SPLINE_SURFACE ( 3, 3, ( 
 ( #1632, #1244, #616, #2892 ),
 ( #3163, #3517, #307, #1575 ),
 ( #3213, #656, #1935, #2850 ),
 ( #40, #3, #58, #3241 ) ),
 .UNSPECIFIED., .F., .F., .T. ) 
 B_SPLINE_SURFACE_WITH_KNOTS ( ( 4, 4 ),
 ( 4, 4 ),
 ( 0.0000000000000000000, 1.000000000000000000 ),
 ( 0.0000000000000000000, 1.000000000000000000 ),
 .UNSPECIFIED. ) 
 GEOMETRIC_REPRESENTATION_ITEM ( )  RATIONAL_B_SPLINE_SURFACE ( (
 ( 1.000000000000000000, 0.8747560699726376621, 0.8747560699726376621, 1.000000000000000000),
 ( 0.8047378541243490613, 0.7039493226320293617, 0.7039493226320293617, 0.8047378541243490613),
 ( 0.8047378541243490613, 0.7039493226320293617, 0.7039493226320293617, 0.8047378541243490613),
 ( 1.000000000000000000, 0.8747560699726376621, 0.8747560699726376621, 1.000000000000000000) ) ) 
 REPRESENTATION_ITEM ( '' )  SURFACE ( )  );
#3352 = PRESENTATION_STYLE_ASSIGNMENT (( #2144 ) ) ;
#3353 = DIRECTION ( 'NONE',  ( -1.000000000000000000, 0.0000000000000000000, -1.836909530733570078E-16 ) ) ;
#3354 = CARTESIAN_POINT ( 'NONE',  ( -0.01250000000000000069, 0.02006074971341707119, -0.0003821937686116067250 ) ) ;
#3355 = ORIENTED_EDGE ( 'NONE', *, *, #672, .F. ) ;
#3356 =( NAMED_UNIT ( * ) PLANE_ANGLE_UNIT ( ) SI_UNIT ( $, .RADIAN. ) );
#3357 = PLANE ( 'NONE',  #3335 ) ;
#3358 = DIRECTION ( 'NONE',  ( 1.000000000000000000, 0.0000000000000000000, 0.0000000000000000000 ) ) ;
#3359 = DIRECTION ( 'NONE',  ( 7.290249346361489992E-32, 1.000000000000000000, 0.0000000000000000000 ) ) ;
#3360 = CARTESIAN_POINT ( 'NONE',  ( -0.01250000000000000069, 0.07849999999999998646, -0.1489999999999999658 ) ) ;
#3361 = FACE_OUTER_BOUND ( 'NONE', #1882, .T. ) ;
#3362 = LINE ( 'NONE', #511, #536 ) ;
#3363 = PRESENTATION_LAYER_ASSIGNMENT (  '', '', ( #2758 ) ) ;
#3364 = APPLICATION_CONTEXT ( 'automotive_design' ) ;
#3365 = SURFACE_SIDE_STYLE ('',( #3134 ) ) ;
#3366 = DIRECTION ( 'NONE',  ( -0.2322901742829643901, -0.9678757261790242872, -0.09621774059401083656 ) ) ;
#3367 = VERTEX_POINT ( 'NONE', #1482 ) ;
#3368 = EDGE_CURVE ( 'NONE', #1692, #2113, #233, .T. ) ;
#3369 = PRESENTATION_STYLE_ASSIGNMENT (( #833 ) ) ;
#3370 = FILL_AREA_STYLE ('',( #2120 ) ) ;
#3371 = AXIS2_PLACEMENT_3D ( 'NONE', #2900, #74, #50 ) ;
#3372 = CARTESIAN_POINT ( 'NONE',  ( -0.01250000000000000069, 0.001063031307206660156, -0.0009999999999999809389 ) ) ;
#3373 = VECTOR ( 'NONE', #1322, 100.0000000000000000 ) ;
#3374 = UNCERTAINTY_MEASURE_WITH_UNIT (LENGTH_MEASURE( 1.000000000000000082E-05 ), #1233, 'distance_accuracy_value', 'NONE');
#3375 =( BOUNDED_SURFACE ( )  B_SPLINE_SURFACE ( 3, 3, ( 
 ( #3672, #825, #862, #886 ),
 ( #2729, #3387, #2089, #1507 ),
 ( #1467, #222, #4069, #567 ),
 ( #2471, #531, #176, #2749 ) ),
 .UNSPECIFIED., .F., .F., .T. ) 
 B_SPLINE_SURFACE_WITH_KNOTS ( ( 4, 4 ),
 ( 4, 4 ),
 ( 0.0000000000000000000, 1.000000000000000000 ),
 ( 0.0000000000000000000, 1.000000000000000000 ),
 .UNSPECIFIED. ) 
 GEOMETRIC_REPRESENTATION_ITEM ( )  RATIONAL_B_SPLINE_SURFACE ( (
 ( 1.000000000000000000, 0.8047378541243638272, 0.8047378541243638272, 1.000000000000000000),
 ( 0.8047378541243649375, 0.6476030138606867492, 0.6476030138606867492, 0.8047378541243649375),
 ( 0.8047378541243649375, 0.6476030138606867492, 0.6476030138606867492, 0.8047378541243649375),
 ( 1.000000000000000000, 0.8047378541243638272, 0.8047378541243638272, 1.000000000000000000) ) ) 
 REPRESENTATION_ITEM ( '' )  SURFACE ( )  );
#3376 = PRESENTATION_LAYER_ASSIGNMENT (  '', '', ( #1448 ) ) ;
#3377 = FILL_AREA_STYLE ('',( #1818 ) ) ;
#3378 = EDGE_LOOP ( 'NONE', ( #2931, #1295, #3721, #3924 ) ) ;
#3379 = FILL_AREA_STYLE ('',( #524 ) ) ;
#3380 = SURFACE_STYLE_FILL_AREA ( #820 ) ;
#3381 = VECTOR ( 'NONE', #305, 100.0000000000000000 ) ;
#3382 = PRESENTATION_STYLE_ASSIGNMENT (( #1838 ) ) ;
#3383 = PRESENTATION_LAYER_ASSIGNMENT (  '', '', ( #3786 ) ) ;
#3384 = PLANE ( 'NONE',  #1786 ) ;
#3385 =( GEOMETRIC_REPRESENTATION_CONTEXT ( 3 ) GLOBAL_UNCERTAINTY_ASSIGNED_CONTEXT ( ( #1908 ) ) GLOBAL_UNIT_ASSIGNED_CONTEXT ( ( #3350, #2398, #2143 ) ) REPRESENTATION_CONTEXT ( 'NONE', 'WORKASPACE' ) );
#3386 = LINE ( 'NONE', #161, #1337 ) ;
#3387 = CARTESIAN_POINT ( 'NONE',  ( 0.01350000000000000158, 0.07791421356237308860, -0.1493431457505076387 ) ) ;
#3388 = STYLED_ITEM ( 'NONE', ( #9 ), #2002 ) ;
#3389 = CARTESIAN_POINT ( 'NONE',  ( -0.5000000000000002220, 0.09749999999999994782, -0.4500000000000002331 ) ) ;
#3390 = PRESENTATION_STYLE_ASSIGNMENT (( #1807 ) ) ;
#3391 = FACE_OUTER_BOUND ( 'NONE', #764, .T. ) ;
#3392 = VECTOR ( 'NONE', #551, 100.0000000000000000 ) ;
#3393 = VERTEX_POINT ( 'NONE', #2439 ) ;
#3394 = DIRECTION ( 'NONE',  ( 0.0000000000000000000, -0.9981347984218669200, -0.06104853953485719215 ) ) ;
#3395 = ITEM_DEFINED_TRANSFORMATION ( 'NONE', 'NONE', #3439,  #1549 ) ;
#3396 = PRESENTATION_LAYER_ASSIGNMENT (  '', '', ( #2665 ) ) ;
#3397 = DIRECTION ( 'NONE',  ( 3.718265416197010201E-32, 0.06104853953486004403, -0.9981347984218668090 ) ) ;
#3398 = DIRECTION ( 'NONE',  ( 0.0000000000000000000, 0.0000000000000000000, -1.000000000000000000 ) ) ;
#3399 =( NAMED_UNIT ( * ) SI_UNIT ( $, .STERADIAN. ) SOLID_ANGLE_UNIT ( ) );
#3400 = AXIS2_PLACEMENT_3D ( 'NONE', #433, #109, #3508 ) ;
#3401 = SURFACE_SIDE_STYLE ('',( #3040 ) ) ;
#3402 = CARTESIAN_POINT ( 'NONE',  ( -0.5999999999999999778, 0.0000000000000000000, 0.07499999999999999722 ) ) ;
#3403 = ADVANCED_FACE ( 'NONE', ( #3651 ), #3026, .T. ) ;
#3404 = EDGE_CURVE ( 'NONE', #2372, #2552, #4043, .T. ) ;
#3405 = CIRCLE ( 'NONE', #1616, 0.001000000000000000021 ) ;
#3406 = CARTESIAN_POINT ( 'NONE',  ( -0.01308578643762690549, 0.02006074971341707119, -0.0003821937686116067250 ) ) ;
#3407 = VECTOR ( 'NONE', #1091, 100.0000000000000142 ) ;
#3408 = DIRECTION ( 'NONE',  ( 0.0000000000000000000, 0.0000000000000000000, 1.000000000000000000 ) ) ;
#3409 = PRODUCT ( 'LQFP64_Koerper_2', 'LQFP64_Koerper_2', '', ( #1919 ) ) ;
#3410 = EDGE_LOOP ( 'NONE', ( #3666, #2627, #549 ) ) ;
#3411 = CARTESIAN_POINT ( 'NONE',  ( -0.4437867965644032298, 0.1600000000000000588, -0.4850000000000002087 ) ) ;
#3412 = LINE ( 'NONE', #3691, #1685 ) ;
#3413 =( GEOMETRIC_REPRESENTATION_CONTEXT ( 3 ) GLOBAL_UNCERTAINTY_ASSIGNED_CONTEXT ( ( #2043 ) ) GLOBAL_UNIT_ASSIGNED_CONTEXT ( ( #1082, #166, #2430 ) ) REPRESENTATION_CONTEXT ( 'NONE', 'WORKASPACE' ) );
#3414 = LINE ( 'NONE', #242, #1863 ) ;
#3415 =( GEOMETRIC_REPRESENTATION_CONTEXT ( 3 ) GLOBAL_UNCERTAINTY_ASSIGNED_CONTEXT ( ( #2293 ) ) GLOBAL_UNIT_ASSIGNED_CONTEXT ( ( #1913, #3597, #2656 ) ) REPRESENTATION_CONTEXT ( 'NONE', 'WORKASPACE' ) );
#3416 = ORIENTED_EDGE ( 'NONE', *, *, #3036, .T. ) ;
#3417 = CARTESIAN_POINT ( 'NONE',  ( -0.01250000000000000069, 0.01909666767421791533, -0.0009999999999998942027 ) ) ;
#3418 = CARTESIAN_POINT ( 'NONE',  ( -0.01250000000000000069, 0.01754181956520039359, -0.06374554973491944332 ) ) ;
#3419 = FILL_AREA_STYLE_COLOUR ( '', #3642 ) ;
#3420 = CARTESIAN_POINT ( 'NONE',  ( -0.01308578643762691070, 0.09178621231786150692, -0.06307582081312640421 ) ) ;
#3421 = CARTESIAN_POINT ( 'NONE',  ( 0.5946966991411010151, 0.04625000000000009659, 0.3446966991411010151 ) ) ;
#3422 = ITEM_DEFINED_TRANSFORMATION ( 'NONE', 'NONE', #27,  #1549 ) ;
#3423 = CARTESIAN_POINT ( 'NONE',  ( -0.01349999999999999985, 0.01968136150205689050, -0.0009642385935034518624 ) ) ;
#3424 = VERTEX_POINT ( 'NONE', #2128 ) ;
#3425 = CARTESIAN_POINT ( 'NONE',  ( 0.01349999999999999985, 0.01909666767421790146, -0.0009999999999999100320 ) ) ;
#3426 = EDGE_CURVE ( 'NONE', #1006, #3205, #3664, .T. ) ;
#3427 = CARTESIAN_POINT ( 'NONE',  ( 0.01250000000000000590, 0.02969128830903468644, -0.04630977549199689902 ) ) ;
#3428 = ORIENTED_EDGE ( 'NONE', *, *, #3958, .F. ) ;
#3429 =( NAMED_UNIT ( * ) SI_UNIT ( $, .STERADIAN. ) SOLID_ANGLE_UNIT ( ) );
#3430 = LINE ( 'NONE', #1843, #75 ) ;
#3431 = DIRECTION ( 'NONE',  ( 0.0000000000000000000, -0.06104853953485593621, 0.9981347984218669200 ) ) ;
#3432 = EDGE_LOOP ( 'NONE', ( #1836, #1362, #1172, #3635 ) ) ;
#3433 = CARTESIAN_POINT ( 'NONE',  ( -0.01350000000000000679, 0.07493898330378076511, -0.07881412152099070978 ) ) ;
#3434 = CARTESIAN_POINT ( 'NONE',  ( -0.01349999999999999811, 0.003790695960933523033, -0.04559692287569952485 ) ) ;
#3435 =( REPRESENTATION_RELATIONSHIP ('NONE','NONE', #661, #1064 ) REPRESENTATION_RELATIONSHIP_WITH_TRANSFORMATION ( #731 )SHAPE_REPRESENTATION_RELATIONSHIP( ) );
#3436 = CARTESIAN_POINT ( 'NONE',  ( -0.01250000000000000069, 0.09750000000000001721, -0.1489999999999999936 ) ) ;
#3437 = ITEM_DEFINED_TRANSFORMATION ( 'NONE', 'NONE', #3967,  #1549 ) ;
#3438 = PRODUCT_DEFINITION_SHAPE ( 'NONE', 'NONE',  #4080 ) ;
#3439 = AXIS2_PLACEMENT_3D ( 'NONE', #112, #2609, #2346 ) ;
#3440 =( NAMED_UNIT ( * ) PLANE_ANGLE_UNIT ( ) SI_UNIT ( $, .RADIAN. ) );
#3441 = ORIENTED_EDGE ( 'NONE', *, *, #323, .F. ) ;
#3442 = SURFACE_STYLE_FILL_AREA ( #1282 ) ;
#3443 = DIRECTION ( 'NONE',  ( -3.491483361109380094E-15, 0.0000000000000000000, -1.000000000000000000 ) ) ;
#3444 = ORIENTED_EDGE ( 'NONE', *, *, #1236, .T. ) ;
#3445 =( GEOMETRIC_REPRESENTATION_CONTEXT ( 3 ) GLOBAL_UNCERTAINTY_ASSIGNED_CONTEXT ( ( #3572 ) ) GLOBAL_UNIT_ASSIGNED_CONTEXT ( ( #412, #3311, #3000 ) ) REPRESENTATION_CONTEXT ( 'NONE', 'WORKASPACE' ) );
#3446 = ORIENTED_EDGE ( 'NONE', *, *, #1363, .F. ) ;
#3447 =( NAMED_UNIT ( * ) PLANE_ANGLE_UNIT ( ) SI_UNIT ( $, .RADIAN. ) );
#3448 = SURFACE_STYLE_USAGE ( .BOTH. , #1168 ) ;
#3449 = UNCERTAINTY_MEASURE_WITH_UNIT (LENGTH_MEASURE( 1.000000000000000082E-05 ), #3881, 'distance_accuracy_value', 'NONE');
#3450 = CIRCLE ( 'NONE', #3195, 0.001000000000000000021 ) ;
#3451 = EDGE_CURVE ( 'NONE', #1013, #2149, #2764, .T. ) ;
#3452 = ADVANCED_FACE ( 'NONE', ( #447 ), #2797, .T. ) ;
#3453 = CARTESIAN_POINT ( 'NONE',  ( 0.01349999999999999985, 0.02196853816408998739, -0.04795466745548390697 ) ) ;
#3454 = SURFACE_STYLE_USAGE ( .BOTH. , #1888 ) ;
#3455 = ORIENTED_EDGE ( 'NONE', *, *, #2425, .T. ) ;
#3456 = FILL_AREA_STYLE ('',( #2537 ) ) ;
#3457 = CIRCLE ( 'NONE', #3590, 0.0009999999999999982861 ) ;
#3458 = COLOUR_RGB ( '',0.1254901960784313708, 0.1254901960784313708, 0.1254901960784313708 ) ;
#3459 = SURFACE_SIDE_STYLE ('',( #3748 ) ) ;
#3460 = ITEM_DEFINED_TRANSFORMATION ( 'NONE', 'NONE', #1373,  #1549 ) ;
#3461 =( LENGTH_UNIT ( ) NAMED_UNIT ( * ) SI_UNIT ( .CENTI., .METRE. ) );
#3462 = COLOUR_RGB ( '',0.7529411764705882248, 0.7529411764705882248, 0.7529411764705882248 ) ;
#3463 = FACE_OUTER_BOUND ( 'NONE', #2189, .T. ) ;
#3464 =( NAMED_UNIT ( * ) SI_UNIT ( $, .STERADIAN. ) SOLID_ANGLE_UNIT ( ) );
#3465 = VECTOR ( 'NONE', #2134, 100.0000000000000000 ) ;
#3466 = CONTEXT_DEPENDENT_SHAPE_REPRESENTATION ( #2811, #3821 ) ;
#3467 = VECTOR ( 'NONE', #37, 100.0000000000000000 ) ;
#3468 = VERTEX_POINT ( 'NONE', #2464 ) ;
#3469 = CARTESIAN_POINT ( 'NONE',  ( 0.3446966991411010151, 0.1287500000000000033, -0.5946966991411010151 ) ) ;
#3470 = CARTESIAN_POINT ( 'NONE',  ( 0.5000000000000000000, 0.08749999999999999445, -0.5000000000000000000 ) ) ;
#3471 = ORIENTED_EDGE ( 'NONE', *, *, #2502, .F. ) ;
#3472 = SURFACE_STYLE_USAGE ( .BOTH. , #284 ) ;
#3473 = AXIS2_PLACEMENT_3D ( 'NONE', #1410, #2060, #144 ) ;
#3474 = COLOUR_RGB ( '',0.1254901960784313708, 0.1254901960784313708, 0.1254901960784313708 ) ;
#3475 = CARTESIAN_POINT ( 'NONE',  ( -0.01250000000000000069, 0.01780249144348782300, -0.06278012227940034384 ) ) ;
#3476 = FACE_OUTER_BOUND ( 'NONE', #2948, .T. ) ;
#3477 = MECHANICAL_DESIGN_GEOMETRIC_PRESENTATION_REPRESENTATION (  '', ( #2412 ), #1474 ) ;
#3478 = PRODUCT_DEFINITION_SHAPE ( 'NONE', 'NONE',  #4083 ) ;
#3479 = EDGE_CURVE ( 'NONE', #2295, #3818, #2168, .T. ) ;
#3480 = CARTESIAN_POINT ( 'NONE',  ( 0.01250000000000000243, 0.02139631543603629990, -0.02221850031226859853 ) ) ;
#3481 = CARTESIAN_POINT ( 'NONE',  ( 0.5000000000000000000, 0.09749999999999990619, -0.5000000000000000000 ) ) ;
#3482 = AXIS2_PLACEMENT_3D ( 'NONE', #1229, #273, #2497 ) ;
#3483 =( REPRESENTATION_RELATIONSHIP ('NONE','NONE', #661, #1064 ) REPRESENTATION_RELATIONSHIP_WITH_TRANSFORMATION ( #3100 )SHAPE_REPRESENTATION_RELATIONSHIP( ) );
#3484 =( NAMED_UNIT ( * ) PLANE_ANGLE_UNIT ( ) SI_UNIT ( $, .RADIAN. ) );
#3485 = AXIS2_PLACEMENT_3D ( 'NONE', #861, #234, #2129 ) ;
#3486 = SURFACE_STYLE_USAGE ( .BOTH. , #1279 ) ;
#3487 = ORIENTED_EDGE ( 'NONE', *, *, #1976, .T. ) ;
#3488 = CARTESIAN_POINT ( 'NONE',  ( -0.01349999999999999985, 0.02161713742577904898, -0.04220931616990445528 ) ) ;
#3489 = CARTESIAN_POINT ( 'NONE',  ( 0.5999999999999999778, 0.0000000000000000000, -0.07499999999999999722 ) ) ;
#3490 = FACE_OUTER_BOUND ( 'NONE', #3564, .T. ) ;
#3491 = ORIENTED_EDGE ( 'NONE', *, *, #1054, .T. ) ;
#3492 = SURFACE_SIDE_STYLE ('',( #3763 ) ) ;
#3493 = FACE_OUTER_BOUND ( 'NONE', #440, .T. ) ;
#3494 = UNCERTAINTY_MEASURE_WITH_UNIT (LENGTH_MEASURE( 1.000000000000000082E-05 ), #2188, 'distance_accuracy_value', 'NONE');
#3495 = PRESENTATION_STYLE_ASSIGNMENT (( #3788 ) ) ;
#3496 = FACE_OUTER_BOUND ( 'NONE', #1784, .T. ) ;
#3497 = EDGE_LOOP ( 'NONE', ( #636, #1569, #1090, #689 ) ) ;
#3498 = FILL_AREA_STYLE ('',( #3823 ) ) ;
#3499 = DIRECTION ( 'NONE',  ( -0.0000000000000000000, 0.9981347984218669200, 0.06104853953485710888 ) ) ;
#3500 = EDGE_CURVE ( 'NONE', #2836, #2631, #3890, .T. ) ;
#3501 = CARTESIAN_POINT ( 'NONE',  ( 0.01349999999999999985, 0.07036739066116172447, -0.07697299708602459156 ) ) ;
#3502 = VECTOR ( 'NONE', #1488, 100.0000000000000000 ) ;
#3503 = SURFACE_SIDE_STYLE ('',( #1518 ) ) ;
#3504 = ITEM_DEFINED_TRANSFORMATION ( 'NONE', 'NONE', #1956,  #1549 ) ;
#3505 = STYLED_ITEM ( 'NONE', ( #596 ), #22 ) ;
#3506 = EDGE_CURVE ( 'NONE', #1352, #3946, #798, .T. ) ;
#3507 = LINE ( 'NONE', #3197, #3051 ) ;
#3508 = DIRECTION ( 'NONE',  ( 0.0000000000000000000, -0.0000000000000000000, 1.000000000000000000 ) ) ;
#3509 =( NAMED_UNIT ( * ) PLANE_ANGLE_UNIT ( ) SI_UNIT ( $, .RADIAN. ) );
#3510 = DIRECTION ( 'NONE',  ( 1.000000000000000000, 0.0000000000000000000, -3.491483361109380094E-15 ) ) ;
#3511 = PRODUCT_DEFINITION_FORMATION_WITH_SPECIFIED_SOURCE ( 'ANY', '', #3409, .NOT_KNOWN. ) ;
#3512 = DIRECTION ( 'NONE',  ( -0.09621774059402128654, 0.9678757261790238431, 0.2322901742829622806 ) ) ;
#3513 = ORIENTED_EDGE ( 'NONE', *, *, #2147, .T. ) ;
#3514 = CARTESIAN_POINT ( 'NONE',  ( 0.01349999999999999985, 0.08245276568746111312, -0.06159153832680386992 ) ) ;
#3515 = DIRECTION ( 'NONE',  ( 0.0000000000000000000, 5.421010862427520592E-15, -1.000000000000000000 ) ) ;
#3516 = DIRECTION ( 'NONE',  ( 0.0000000000000000000, 0.0000000000000000000, -1.000000000000000000 ) ) ;
#3517 = CARTESIAN_POINT ( 'NONE',  ( -0.01308578643762693325, 0.02539829154026449279, -0.04515063761498729761 ) ) ;
#3518 = ORIENTED_EDGE ( 'NONE', *, *, #541, .F. ) ;
#3519 = MECHANICAL_DESIGN_GEOMETRIC_PRESENTATION_REPRESENTATION (  '', ( #2056 ), #2333 ) ;
#3520 = STYLED_ITEM ( 'NONE', ( #1208 ), #594 ) ;
#3521 = CARTESIAN_POINT ( 'NONE',  ( -0.01250000000000000069, 0.02969128830903468297, -0.04630977549199690596 ) ) ;
#3522 = COLOUR_RGB ( '',0.7529411764705882248, 0.7529411764705882248, 0.7529411764705882248 ) ;
#3523 = AXIS2_PLACEMENT_3D ( 'NONE', #814, #1455, #1791 ) ;
#3524 = AXIS2_PLACEMENT_3D ( 'NONE', #3372, #2720, #3702 ) ;
#3525 = PRESENTATION_LAYER_ASSIGNMENT (  '', '', ( #792 ) ) ;
#3526 = ORIENTED_EDGE ( 'NONE', *, *, #375, .F. ) ;
#3527 = CARTESIAN_POINT ( 'NONE',  ( -0.5000000000000000000, 0.09749999999999990619, -0.4500000000000000666 ) ) ;
#3528 = ADVANCED_FACE ( 'NONE', ( #1213 ), #2192, .T. ) ;
#3529 = ADVANCED_FACE ( 'NONE', ( #14 ), #649, .F. ) ;
#3530 = DIRECTION ( 'NONE',  ( 0.0000000000000000000, 0.0000000000000000000, 1.000000000000000000 ) ) ;
#3531 = VERTEX_POINT ( 'NONE', #3919 ) ;
#3532 = CARTESIAN_POINT ( 'NONE',  ( 0.01250000000000000069, 0.02231665910769032105, -0.03726598633215437439 ) ) ;
#3533 = AXIS2_PLACEMENT_3D ( 'NONE', #2241, #3240, #3515 ) ;
#3534 =( LENGTH_UNIT ( ) NAMED_UNIT ( * ) SI_UNIT ( .CENTI., .METRE. ) );
#3535 = EDGE_LOOP ( 'NONE', ( #4, #760, #3842, #3242 ) ) ;
#3536 =( LENGTH_UNIT ( ) NAMED_UNIT ( * ) SI_UNIT ( .CENTI., .METRE. ) );
#3537 = AXIS2_PLACEMENT_3D ( 'NONE', #3284, #1955, #1690 ) ;
#3538 = CARTESIAN_POINT ( 'NONE',  ( 0.01250000000000000069, 0.09750000000000000333, -0.1495857864376269053 ) ) ;
#3539 = CARTESIAN_POINT ( 'NONE',  ( 0.0000000000000000000, 0.01499999999999999944, -0.4849999999999999867 ) ) ;
#3540 = STYLED_ITEM ( 'NONE', ( #3150 ), #3727 ) ;
#3541 = CARTESIAN_POINT ( 'NONE',  ( -0.01349999999999999985, 0.09649999999999997469, -0.07100686746319875842 ) ) ;
#3542 = CONTEXT_DEPENDENT_SHAPE_REPRESENTATION ( #1447, #1840 ) ;
#3543 = UNCERTAINTY_MEASURE_WITH_UNIT (LENGTH_MEASURE( 1.000000000000000082E-05 ), #278, 'distance_accuracy_value', 'NONE');
#3544 = PLANE ( 'NONE',  #1175 ) ;
#3545 = ORIENTED_EDGE ( 'NONE', *, *, #1629, .F. ) ;
#3546 = AXIS2_PLACEMENT_3D ( 'NONE', #2709, #3408, #3986 ) ;
#3547 = DIRECTION ( 'NONE',  ( 0.7071067811865476838, -0.0000000000000000000, 0.7071067811865474617 ) ) ;
#3548 = DIRECTION ( 'NONE',  ( 3.231085104332679983E-15, 0.0000000000000000000, -1.000000000000000000 ) ) ;
#3549 = SURFACE_STYLE_FILL_AREA ( #3203 ) ;
#3550 = CARTESIAN_POINT ( 'NONE',  ( 0.01250000000000000069, 0.09650000000000001632, -0.1489999999999999936 ) ) ;
#3551 = EDGE_CURVE ( 'NONE', #1748, #2823, #1376, .T. ) ;
#3552 = ORIENTED_EDGE ( 'NONE', *, *, #1052, .F. ) ;
#3553 = EDGE_LOOP ( 'NONE', ( #3182, #1992, #3471, #2463 ) ) ;
#3554 = DIRECTION ( 'NONE',  ( 1.000000000000000000, 0.0000000000000000000, 0.0000000000000000000 ) ) ;
#3555 = FILL_AREA_STYLE ('',( #2615 ) ) ;
#3556 = CARTESIAN_POINT ( 'NONE',  ( 0.5000000000000000000, 0.08749999999999999445, 0.4500000000000001221 ) ) ;
#3557 =( REPRESENTATION_RELATIONSHIP ('NONE','NONE', #661, #1064 ) REPRESENTATION_RELATIONSHIP_WITH_TRANSFORMATION ( #3017 )SHAPE_REPRESENTATION_RELATIONSHIP( ) );
#3558 = DIRECTION ( 'NONE',  ( 7.893034146598111246E-32, 0.9654274555191101337, -0.2606718782874300477 ) ) ;
#3559 = CYLINDRICAL_SURFACE ( 'NONE', #3873, 0.001000000000000002623 ) ;
#3560 = FACE_OUTER_BOUND ( 'NONE', #92, .T. ) ;
#3561 = SURFACE_STYLE_FILL_AREA ( #2249 ) ;
#3562 = LINE ( 'NONE', #708, #3042 ) ;
#3563 = DIRECTION ( 'NONE',  ( -0.7071067811865471286, -0.0000000000000000000, -0.7071067811865480168 ) ) ;
#3564 = EDGE_LOOP ( 'NONE', ( #2898, #1360, #3064, #172 ) ) ;
#3565 =( LENGTH_UNIT ( ) NAMED_UNIT ( * ) SI_UNIT ( .CENTI., .METRE. ) );
#3566 = DIRECTION ( 'NONE',  ( 3.231085104332679983E-15, 0.0000000000000000000, -1.000000000000000000 ) ) ;
#3567 = FACE_OUTER_BOUND ( 'NONE', #3410, .T. ) ;
#3568 = ORIENTED_EDGE ( 'NONE', *, *, #235, .F. ) ;
#3569 = PRODUCT_DEFINITION_SHAPE ( 'NONE', 'NONE',  #4129 ) ;
#3570 = CARTESIAN_POINT ( 'NONE',  ( 0.01350000000000002934, 0.02218592911600439713, -0.04191355711166489667 ) ) ;
#3571 = ORIENTED_EDGE ( 'NONE', *, *, #1717, .F. ) ;
#3572 = UNCERTAINTY_MEASURE_WITH_UNIT (LENGTH_MEASURE( 1.000000000000000082E-05 ), #412, 'distance_accuracy_value', 'NONE');
#3573 = AXIS2_PLACEMENT_3D ( 'NONE', #3041, #3063, #2420 ) ;
#3574 = SURFACE_STYLE_USAGE ( .BOTH. , #101 ) ;
#3575 = ORIENTED_EDGE ( 'NONE', *, *, #1650, .T. ) ;
#3576 = EDGE_CURVE ( 'NONE', #1528, #2345, #3612, .T. ) ;
#3577 = EDGE_CURVE ( 'NONE', #1528, #1624, #711, .T. ) ;
#3578 = ITEM_DEFINED_TRANSFORMATION ( 'NONE', 'NONE', #2312,  #1549 ) ;
#3579 = VECTOR ( 'NONE', #2231, 100.0000000000000000 ) ;
#3580 = DIRECTION ( 'NONE',  ( -1.000000000000000000, 7.290249346361489992E-32, -3.279322939077849880E-32 ) ) ;
#3581 = APPLICATION_CONTEXT ( 'automotive_design' ) ;
#3582 = STYLED_ITEM ( 'NONE', ( #2928 ), #1438 ) ;
#3583 =( GEOMETRIC_REPRESENTATION_CONTEXT ( 3 ) GLOBAL_UNCERTAINTY_ASSIGNED_CONTEXT ( ( #1865 ) ) GLOBAL_UNIT_ASSIGNED_CONTEXT ( ( #15, #371, #1005 ) ) REPRESENTATION_CONTEXT ( 'NONE', 'WORKASPACE' ) );
#3584 = UNCERTAINTY_MEASURE_WITH_UNIT (LENGTH_MEASURE( 1.000000000000000082E-05 ), #1745, 'distance_accuracy_value', 'NONE');
#3585 = PRESENTATION_LAYER_ASSIGNMENT (  '', '', ( #1328 ) ) ;
#3586 = STYLED_ITEM ( 'NONE', ( #229 ), #826 ) ;
#3587 = LINE ( 'NONE', #1398, #1329 ) ;
#3588 = VERTEX_POINT ( 'NONE', #1301 ) ;
#3589 = FACE_OUTER_BOUND ( 'NONE', #2493, .T. ) ;
#3590 = AXIS2_PLACEMENT_3D ( 'NONE', #1204, #208, #1771 ) ;
#3591 = PRESENTATION_LAYER_ASSIGNMENT (  '', '', ( #1674 ) ) ;
#3592 = CARTESIAN_POINT ( 'NONE',  ( -0.5999999999999999778, 0.0000000000000000000, -0.3750000000000000000 ) ) ;
#3593 = EDGE_LOOP ( 'NONE', ( #2378, #1712, #2277, #1827 ) ) ;
#3594 = CARTESIAN_POINT ( 'NONE',  ( 0.01250000000000000069, 0.09750000000000001721, -0.07993465998166697506 ) ) ;
#3595 = EDGE_LOOP ( 'NONE', ( #394, #1762, #2246, #1600 ) ) ;
#3596 = LINE ( 'NONE', #2303, #2878 ) ;
#3597 =( NAMED_UNIT ( * ) PLANE_ANGLE_UNIT ( ) SI_UNIT ( $, .RADIAN. ) );
#3598 =( GEOMETRIC_REPRESENTATION_CONTEXT ( 3 ) GLOBAL_UNCERTAINTY_ASSIGNED_CONTEXT ( ( #837 ) ) GLOBAL_UNIT_ASSIGNED_CONTEXT ( ( #721, #1706, #2635 ) ) REPRESENTATION_CONTEXT ( 'NONE', 'WORKASPACE' ) );
#3599 = MECHANICAL_DESIGN_GEOMETRIC_PRESENTATION_REPRESENTATION (  '', ( #3953 ), #1613 ) ;
#3600 = ORIENTED_EDGE ( 'NONE', *, *, #3035, .T. ) ;
#3601 = VECTOR ( 'NONE', #2852, 100.0000000000000000 ) ;
#3602 = FILL_AREA_STYLE_COLOUR ( '', #2389 ) ;
#3603 = PLANE ( 'NONE',  #3198 ) ;
#3604 = EDGE_CURVE ( 'NONE', #2836, #961, #2138, .T. ) ;
#3605 =( GEOMETRIC_REPRESENTATION_CONTEXT ( 3 ) GLOBAL_UNCERTAINTY_ASSIGNED_CONTEXT ( ( #297 ) ) GLOBAL_UNIT_ASSIGNED_CONTEXT ( ( #3008, #3339, #491 ) ) REPRESENTATION_CONTEXT ( 'NONE', 'WORKASPACE' ) );
#3606 =( NAMED_UNIT ( * ) SI_UNIT ( $, .STERADIAN. ) SOLID_ANGLE_UNIT ( ) );
#3607 = PRODUCT_DEFINITION_SHAPE ( 'NONE', 'NONE',  #4124 ) ;
#3608 = AXIS2_PLACEMENT_3D ( 'NONE', #4039, #484, #2382 ) ;
#3609 = LINE ( 'NONE', #734, #588 ) ;
#3610 = ORIENTED_EDGE ( 'NONE', *, *, #2687, .T. ) ;
#3611 = SURFACE_STYLE_USAGE ( .BOTH. , #1579 ) ;
#3612 = LINE ( 'NONE', #3876, #3959 ) ;
#3613 = PRESENTATION_LAYER_ASSIGNMENT (  '', '', ( #90 ) ) ;
#3614 = DIRECTION ( 'NONE',  ( -1.000000000000000000, 0.0000000000000000000, -3.231085104332679983E-15 ) ) ;
#3615 = ORIENTED_EDGE ( 'NONE', *, *, #1173, .F. ) ;
#3616 = CARTESIAN_POINT ( 'NONE',  ( 0.01350000000000003107, 0.02958331448171876502, -0.04670966863756029902 ) ) ;
#3617 = VERTEX_POINT ( 'NONE', #3220 ) ;
#3618 = DIRECTION ( 'NONE',  ( -7.290249346361470286E-32, -1.000000000000000000, -6.938893903907229955E-15 ) ) ;
#3619 = SURFACE_STYLE_FILL_AREA ( #2326 ) ;
#3620 = LINE ( 'NONE', #1351, #1396 ) ;
#3621 = FILL_AREA_STYLE ('',( #2683 ) ) ;
#3622 =( NAMED_UNIT ( * ) PLANE_ANGLE_UNIT ( ) SI_UNIT ( $, .RADIAN. ) );
#3623 = PRESENTATION_STYLE_ASSIGNMENT (( #3891 ) ) ;
#3624 = CONTEXT_DEPENDENT_SHAPE_REPRESENTATION ( #286, #3085 ) ;
#3625 = EDGE_CURVE ( 'NONE', #2228, #3922, #3813, .T. ) ;
#3626 = UNCERTAINTY_MEASURE_WITH_UNIT (LENGTH_MEASURE( 1.000000000000000082E-05 ), #603, 'distance_accuracy_value', 'NONE');
#3627 = CARTESIAN_POINT ( 'NONE',  ( -0.01308578643762690549, 0.09750000000000001721, -0.1495857864376269053 ) ) ;
#3628 = DIRECTION ( 'NONE',  ( 0.0000000000000000000, -0.9654274555191101337, 0.2606718782874300477 ) ) ;
#3629 = DIRECTION ( 'NONE',  ( -1.000000000000000000, 0.0000000000000000000, -3.231085104332679983E-15 ) ) ;
#3630 = EDGE_CURVE ( 'NONE', #3367, #1906, #369, .T. ) ;
#3631 = CARTESIAN_POINT ( 'NONE',  ( 0.01250000000000001457, 0.001834878604514530304, -0.02999999999999999889 ) ) ;
#3632 = DIRECTION ( 'NONE',  ( -0.0000000000000000000, 0.9654274555191101337, -0.2606718782874300477 ) ) ;
#3633 = CONTEXT_DEPENDENT_SHAPE_REPRESENTATION ( #3865, #2965 ) ;
#3634 = AXIS2_PLACEMENT_3D ( 'NONE', #2507, #2802, #1842 ) ;
#3635 = ORIENTED_EDGE ( 'NONE', *, *, #672, .T. ) ;
#3636 = AXIS2_PLACEMENT_3D ( 'NONE', #793, #2459, #3334 ) ;
#3637 = FACE_OUTER_BOUND ( 'NONE', #3301, .T. ) ;
#3638 = ITEM_DEFINED_TRANSFORMATION ( 'NONE', 'NONE', #642,  #1549 ) ;
#3639 = LINE ( 'NONE', #788, #1253 ) ;
#3640 = CARTESIAN_POINT ( 'NONE',  ( -0.01350000000000000158, 0.09708578643762692806, -0.1493431457505076110 ) ) ;
#3641 = FILL_AREA_STYLE ('',( #1421 ) ) ;
#3642 = COLOUR_RGB ( '',0.7529411764705882248, 0.7529411764705882248, 0.7529411764705882248 ) ;
#3643 = PRESENTATION_STYLE_ASSIGNMENT (( #2122 ) ) ;
#3644 = DIRECTION ( 'NONE',  ( -1.836909530733570078E-16, 0.0000000000000000000, 1.000000000000000000 ) ) ;
#3645 = PRESENTATION_LAYER_ASSIGNMENT (  '', '', ( #2056 ) ) ;
#3646 =( GEOMETRIC_REPRESENTATION_CONTEXT ( 3 ) GLOBAL_UNCERTAINTY_ASSIGNED_CONTEXT ( ( #287 ) ) GLOBAL_UNIT_ASSIGNED_CONTEXT ( ( #3043, #3440, #2793 ) ) REPRESENTATION_CONTEXT ( 'NONE', 'WORKASPACE' ) );
#3647 = EDGE_LOOP ( 'NONE', ( #3455, #1861, #3610, #3158 ) ) ;
#3648 = AXIS2_PLACEMENT_3D ( 'NONE', #2076, #1164, #841 ) ;
#3649 = EDGE_CURVE ( 'NONE', #1819, #2059, #2606, .T. ) ;
#3650 = EDGE_CURVE ( 'NONE', #1906, #553, #1001, .T. ) ;
#3651 = FACE_OUTER_BOUND ( 'NONE', #460, .T. ) ;
#3652 = COLOUR_RGB ( '',0.7529411764705882248, 0.7529411764705882248, 0.7529411764705882248 ) ;
#3653 = FILL_AREA_STYLE ('',( #2695 ) ) ;
#3654 =( REPRESENTATION_RELATIONSHIP ('NONE','NONE', #661, #1064 ) REPRESENTATION_RELATIONSHIP_WITH_TRANSFORMATION ( #1638 )SHAPE_REPRESENTATION_RELATIONSHIP( ) );
#3655 = DIRECTION ( 'NONE',  ( 0.0000000000000000000, -0.2606718782874311580, -0.9654274555191098006 ) ) ;
#3656 = CARTESIAN_POINT ( 'NONE',  ( -0.01250000000000000069, 0.02296667296251186929, -0.04789361891594905163 ) ) ;
#3657 = CIRCLE ( 'NONE', #4009, 0.001000000000000002623 ) ;
#3658 = CONTEXT_DEPENDENT_SHAPE_REPRESENTATION ( #998, #3829 ) ;
#3659 = SURFACE_STYLE_FILL_AREA ( #3079 ) ;
#3660 = AXIS2_PLACEMENT_3D ( 'NONE', #479, #1749, #1487 ) ;
#3661 = CARTESIAN_POINT ( 'NONE',  ( -0.3499999999999999778, 0.1499999999999999944, 0.3499999999999999778 ) ) ;
#3662 = FACE_OUTER_BOUND ( 'NONE', #941, .T. ) ;
#3663 = APPLICATION_PROTOCOL_DEFINITION ( 'draft international standard', 'automotive_design', 1998, #1753 ) ;
#3664 = CIRCLE ( 'NONE', #207, 0.0009999999999999982861 ) ;
#3665 = UNCERTAINTY_MEASURE_WITH_UNIT (LENGTH_MEASURE( 1.000000000000000082E-05 ), #175, 'distance_accuracy_value', 'NONE');
#3666 = ORIENTED_EDGE ( 'NONE', *, *, #2889, .F. ) ;
#3667 = AXIS2_PLACEMENT_3D ( 'NONE', #110, #2297, #1714 ) ;
#3668 = CIRCLE ( 'NONE', #1015, 0.001000000000000000238 ) ;
#3669 = ADVANCED_FACE ( 'NONE', ( #3662 ), #168, .T. ) ;
#3670 = DIRECTION ( 'NONE',  ( -1.000000000000000000, -0.0000000000000000000, -0.0000000000000000000 ) ) ;
#3671 = DIRECTION ( 'NONE',  ( 0.0000000000000000000, 0.06104853953485707418, -0.9981347984218669200 ) ) ;
#3672 = CARTESIAN_POINT ( 'NONE',  ( 0.01349999999999999985, 0.07850000000000000033, -0.1489999999999999936 ) ) ;
#3673 = STYLED_ITEM ( 'NONE', ( #3382 ), #292 ) ;
#3674 = CARTESIAN_POINT ( 'NONE',  ( -0.01250000000000000069, 0.0004484671632495997929, -1.967583699586013900E-18 ) ) ;
#3675 = PLANE ( 'NONE',  #2578 ) ;
#3676 = SURFACE_STYLE_USAGE ( .BOTH. , #2135 ) ;
#3677 = ORIENTED_EDGE ( 'NONE', *, *, #801, .T. ) ;
#3678 = DIRECTION ( 'NONE',  ( 0.0000000000000000000, 0.9981347984218669200, 0.06104853953485719215 ) ) ;
#3679 = ITEM_DEFINED_TRANSFORMATION ( 'NONE', 'NONE', #3830,  #1549 ) ;
#3680 = FILL_AREA_STYLE ('',( #3019 ) ) ;
#3681 = PRODUCT_DEFINITION_SHAPE ( 'NONE', 'NONE',  #4115 ) ;
#3682 = CARTESIAN_POINT ( 'NONE',  ( -0.01308578643762691070, 0.09749999999999998945, -0.07053698364643727625 ) ) ;
#3683 = PLANE ( 'NONE',  #152 ) ;
#3684 = DIRECTION ( 'NONE',  ( -1.836909530733570078E-16, 0.0000000000000000000, 1.000000000000000000 ) ) ;
#3685 =( NAMED_UNIT ( * ) PLANE_ANGLE_UNIT ( ) SI_UNIT ( $, .RADIAN. ) );
#3686 = FILL_AREA_STYLE_COLOUR ( '', #3474 ) ;
#3687 = CARTESIAN_POINT ( 'NONE',  ( -0.3250000000000000111, 0.0000000000000000000, 0.5999999999999999778 ) ) ;
#3688 = DIRECTION ( 'NONE',  ( 7.290249346361470286E-32, 1.000000000000000000, 4.760081218080360245E-15 ) ) ;
#3689 = FILL_AREA_STYLE ('',( #2712 ) ) ;
#3690 = CARTESIAN_POINT ( 'NONE',  ( -0.01249999999999999896, 0.07464310615893079981, -0.07916327951246455996 ) ) ;
#3691 = CARTESIAN_POINT ( 'NONE',  ( -0.01250000000000000069, 0.03202099878083229656, 1.550070293475369620E-16 ) ) ;
#3692 = CARTESIAN_POINT ( 'NONE',  ( 0.01349999999999999985, 0.01909666767421781125, -0.0009999999999999043942 ) ) ;
#3693 = CARTESIAN_POINT ( 'NONE',  ( 0.0000000000000000000, 0.01499999999999999944, 0.4850000000000000977 ) ) ;
#3694 = ORIENTED_EDGE ( 'NONE', *, *, #2147, .F. ) ;
#3695 =( NAMED_UNIT ( * ) SI_UNIT ( $, .STERADIAN. ) SOLID_ANGLE_UNIT ( ) );
#3696 = EDGE_CURVE ( 'NONE', #2149, #2611, #2047, .T. ) ;
#3697 = PRODUCT_DEFINITION_SHAPE ( 'NONE', 'NONE',  #4086 ) ;
#3698 = ADVANCED_FACE ( 'NONE', ( #2082 ), #3683, .T. ) ;
#3699 = EDGE_CURVE ( 'NONE', #4042, #23, #2208, .T. ) ;
#3700 = SURFACE_STYLE_USAGE ( .BOTH. , #3459 ) ;
#3701 = ITEM_DEFINED_TRANSFORMATION ( 'NONE', 'NONE', #3371,  #1549 ) ;
#3702 = DIRECTION ( 'NONE',  ( 0.0000000000000000000, 0.9981347984218669200, 0.06104853953485683132 ) ) ;
#3703 = STYLED_ITEM ( 'NONE', ( #387 ), #189 ) ;
#3704 = CARTESIAN_POINT ( 'NONE',  ( -0.5999999999999999778, 0.0000000000000000000, -0.1250000000000000000 ) ) ;
#3705 = UNCERTAINTY_MEASURE_WITH_UNIT (LENGTH_MEASURE( 1.000000000000000082E-05 ), #1133, 'distance_accuracy_value', 'NONE');
#3706 = ORIENTED_EDGE ( 'NONE', *, *, #2814, .F. ) ;
#3707 =( REPRESENTATION_RELATIONSHIP ('NONE','NONE', #661, #1064 ) REPRESENTATION_RELATIONSHIP_WITH_TRANSFORMATION ( #701 )SHAPE_REPRESENTATION_RELATIONSHIP( ) );
#3708 = VECTOR ( 'NONE', #2826, 100.0000000000000142 ) ;
#3709 = STYLED_ITEM ( 'NONE', ( #1742 ), #499 ) ;
#3710 = DIRECTION ( 'NONE',  ( 1.000000000000000000, 0.0000000000000000000, 0.0000000000000000000 ) ) ;
#3711 = VECTOR ( 'NONE', #822, 100.0000000000000000 ) ;
#3712 = AXIS2_PLACEMENT_3D ( 'NONE', #538, #2739, #1815 ) ;
#3713 = DIRECTION ( 'NONE',  ( -0.0000000000000000000, -0.0000000000000000000, -1.000000000000000000 ) ) ;
#3714 =( GEOMETRIC_REPRESENTATION_CONTEXT ( 3 ) GLOBAL_UNCERTAINTY_ASSIGNED_CONTEXT ( ( #3082 ) ) GLOBAL_UNIT_ASSIGNED_CONTEXT ( ( #852, #893, #3399 ) ) REPRESENTATION_CONTEXT ( 'NONE', 'WORKASPACE' ) );
#3715 = PRODUCT_DEFINITION_SHAPE ( 'NONE', 'NONE',  #4108 ) ;
#3716 = CARTESIAN_POINT ( 'NONE',  ( 0.01308578643762690029, 0.003335494101621754026, -0.05453484650289831120 ) ) ;
#3717 = DIRECTION ( 'NONE',  ( 0.0000000000000000000, -0.0000000000000000000, -1.000000000000000000 ) ) ;
#3718 = FILL_AREA_STYLE_COLOUR ( '', #3795 ) ;
#3719 = PRESENTATION_LAYER_ASSIGNMENT (  '', '', ( #1858 ) ) ;
#3720 =( GEOMETRIC_REPRESENTATION_CONTEXT ( 3 ) GLOBAL_UNCERTAINTY_ASSIGNED_CONTEXT ( ( #1667 ) ) GLOBAL_UNIT_ASSIGNED_CONTEXT ( ( #2395, #2715, #1151 ) ) REPRESENTATION_CONTEXT ( 'NONE', 'WORKASPACE' ) );
#3721 = ORIENTED_EDGE ( 'NONE', *, *, #973, .F. ) ;
#3722 = CARTESIAN_POINT ( 'NONE',  ( 0.4849999999999999867, 0.01500000000000006363, 0.4437867965644040069 ) ) ;
#3723 = CONTEXT_DEPENDENT_SHAPE_REPRESENTATION ( #1558, #311 ) ;
#3724 = CIRCLE ( 'NONE', #343, 0.001000000000000002623 ) ;
#3725 = DIRECTION ( 'NONE',  ( 0.0000000000000000000, -0.9981347984218666980, -0.06104853953485989138 ) ) ;
#3726 = CARTESIAN_POINT ( 'NONE',  ( 0.4850000000000002087, 0.1600000000000000866, -0.4437867965644031742 ) ) ;
#3727 = ADVANCED_FACE ( 'NONE', ( #468 ), #2691, .T. ) ;
#3728 = CARTESIAN_POINT ( 'NONE',  ( -0.01249999999999999896, 0.09178621231786152079, -0.06307582081312640421 ) ) ;
#3729 = CARTESIAN_POINT ( 'NONE',  ( 0.4437867965644042290, 0.01500000000000011220, 0.4849999999999999867 ) ) ;
#3730 = PRESENTATION_LAYER_ASSIGNMENT (  '', '', ( #2934 ) ) ;
#3731 = CARTESIAN_POINT ( 'NONE',  ( -0.01308578643762690549, 0.01965446577196352726, 9.637960486594187495E-17 ) ) ;
#3732 = SURFACE_SIDE_STYLE ('',( #1856 ) ) ;
#3733 = CARTESIAN_POINT ( 'NONE',  ( -0.01250000000000000069, 0.06750000000000000444, -0.08759269909673479682 ) ) ;
#3734 = COLOUR_RGB ( '',0.1254901960784313708, 0.1254901960784313708, 0.1254901960784313708 ) ;
#3735 =( NAMED_UNIT ( * ) SI_UNIT ( $, .STERADIAN. ) SOLID_ANGLE_UNIT ( ) );
#3736 =( GEOMETRIC_REPRESENTATION_CONTEXT ( 3 ) GLOBAL_UNCERTAINTY_ASSIGNED_CONTEXT ( ( #2460 ) ) GLOBAL_UNIT_ASSIGNED_CONTEXT ( ( #4017, #2419, #209 ) ) REPRESENTATION_CONTEXT ( 'NONE', 'WORKASPACE' ) );
#3737 = CARTESIAN_POINT ( 'NONE',  ( -0.01349999999999999985, 0.01754181956520039359, -0.06374554973491944332 ) ) ;
#3738 = PRODUCT_DEFINITION_SHAPE ( 'NONE', 'NONE',  #4092 ) ;
#3739 =( REPRESENTATION_RELATIONSHIP ('NONE','NONE', #661, #1064 ) REPRESENTATION_RELATIONSHIP_WITH_TRANSFORMATION ( #579 )SHAPE_REPRESENTATION_RELATIONSHIP( ) );
#3740 = ORIENTED_EDGE ( 'NONE', *, *, #2365, .F. ) ;
#3741 = CARTESIAN_POINT ( 'NONE',  ( 0.01250000000000000069, 0.08271343756574849049, -0.06062611087128476350 ) ) ;
#3742 =( GEOMETRIC_REPRESENTATION_CONTEXT ( 3 ) GLOBAL_UNCERTAINTY_ASSIGNED_CONTEXT ( ( #2701 ) ) GLOBAL_UNIT_ASSIGNED_CONTEXT ( ( #1787, #3978, #768 ) ) REPRESENTATION_CONTEXT ( 'NONE', 'WORKASPACE' ) );
#3743 = CARTESIAN_POINT ( 'NONE',  ( 0.01308578643762690029, 0.01754181956520040400, -0.06374554973491940169 ) ) ;
#3744 =( LENGTH_UNIT ( ) NAMED_UNIT ( * ) SI_UNIT ( .CENTI., .METRE. ) );
#3745 = PRESENTATION_LAYER_ASSIGNMENT (  '', '', ( #488 ) ) ;
#3746 = DIRECTION ( 'NONE',  ( -1.000000000000000000, -0.0000000000000000000, -0.0000000000000000000 ) ) ;
#3747 = VERTEX_POINT ( 'NONE', #3750 ) ;
#3748 = SURFACE_STYLE_FILL_AREA ( #3767 ) ;
#3749 =( NAMED_UNIT ( * ) SI_UNIT ( $, .STERADIAN. ) SOLID_ANGLE_UNIT ( ) );
#3750 = CARTESIAN_POINT ( 'NONE',  ( 0.01349999999999999985, 0.07850000000000000033, -0.1490000000000000768 ) ) ;
#3751 = ADVANCED_FACE ( 'NONE', ( #912 ), #624, .T. ) ;
#3752 = UNCERTAINTY_MEASURE_WITH_UNIT (LENGTH_MEASURE( 1.000000000000000082E-05 ), #3565, 'distance_accuracy_value', 'NONE');
#3753 = FILL_AREA_STYLE ('',( #580 ) ) ;
#3754 = ORIENTED_EDGE ( 'NONE', *, *, #755, .T. ) ;
#3755 = CARTESIAN_POINT ( 'NONE',  ( 0.01250000000000000069, 0.01965446577196352726, 9.095859400351434045E-17 ) ) ;
#3756 = CARTESIAN_POINT ( 'NONE',  ( -0.01349999999999999985, 0.02470831998510004957, -0.04600015128280546955 ) ) ;
#3757 = EDGE_CURVE ( 'NONE', #3007, #2536, #1205, .T. ) ;
#3758 = DIRECTION ( 'NONE',  ( -3.491483361109380094E-15, 0.0000000000000000000, -1.000000000000000000 ) ) ;
#3759 = CARTESIAN_POINT ( 'NONE',  ( -0.01349999999999999811, 0.001063031307206659939, -0.0009999999999999998040 ) ) ;
#3760 =( NAMED_UNIT ( * ) SI_UNIT ( $, .STERADIAN. ) SOLID_ANGLE_UNIT ( ) );
#3761 = ORIENTED_EDGE ( 'NONE', *, *, #2093, .T. ) ;
#3762 = ORIENTED_EDGE ( 'NONE', *, *, #351, .F. ) ;
#3763 = SURFACE_STYLE_FILL_AREA ( #1219 ) ;
#3764 = DIRECTION ( 'NONE',  ( 0.0000000000000000000, 0.2606718782874311580, 0.9654274555191098006 ) ) ;
#3765 = PRESENTATION_STYLE_ASSIGNMENT (( #3120 ) ) ;
#3766 = ORIENTED_EDGE ( 'NONE', *, *, #517, .F. ) ;
#3767 = FILL_AREA_STYLE ('',( #2140 ) ) ;
#3768 = ITEM_DEFINED_TRANSFORMATION ( 'NONE', 'NONE', #3927,  #1549 ) ;
#3769 = SURFACE_STYLE_USAGE ( .BOTH. , #2879 ) ;
#3770 =( REPRESENTATION_RELATIONSHIP ('NONE','NONE', #661, #1064 ) REPRESENTATION_RELATIONSHIP_WITH_TRANSFORMATION ( #2700 )SHAPE_REPRESENTATION_RELATIONSHIP( ) );
#3771 = DIRECTION ( 'NONE',  ( 0.0000000000000000000, -0.9981347984218669200, -0.06104853953485683132 ) ) ;
#3772 = CONTEXT_DEPENDENT_SHAPE_REPRESENTATION ( #2085, #2139 ) ;
#3773 = AXIS2_PLACEMENT_3D ( 'NONE', #3704, #3353, #3316 ) ;
#3774 = SURFACE_SIDE_STYLE ('',( #30 ) ) ;
#3775 = PRESENTATION_LAYER_ASSIGNMENT (  '', '', ( #3859 ) ) ;
#3776 = ORIENTED_EDGE ( 'NONE', *, *, #3551, .T. ) ;
#3777 = CARTESIAN_POINT ( 'NONE',  ( 0.01250000000000000069, 0.02006074971341707119, -0.0003821937686116100318 ) ) ;
#3778 = DIRECTION ( 'NONE',  ( -3.491483361109380094E-15, 0.0000000000000000000, -1.000000000000000000 ) ) ;
#3779 = CARTESIAN_POINT ( 'NONE',  ( -0.01250000000000000069, 2.737826534573786910E-05, -0.0004476306815889484437 ) ) ;
#3780 = EDGE_CURVE ( 'NONE', #80, #1122, #1180, .T. ) ;
#3781 = DIRECTION ( 'NONE',  ( 7.290249346361470286E-32, 1.000000000000000000, 4.760081218080360245E-15 ) ) ;
#3782 = EDGE_CURVE ( 'NONE', #2196, #1153, #3668, .T. ) ;
#3783 = VERTEX_POINT ( 'NONE', #316 ) ;
#3784 =( BOUNDED_SURFACE ( )  B_SPLINE_SURFACE ( 3, 3, ( 
 ( #910, #3169, #660, #641 ),
 ( #1895, #2910, #2544, #1918 ),
 ( #315, #958, #2233, #621 ),
 ( #2896, #366, #1584, #3501 ) ),
 .UNSPECIFIED., .F., .F., .T. ) 
 B_SPLINE_SURFACE_WITH_KNOTS ( ( 4, 4 ),
 ( 4, 4 ),
 ( 0.0000000000000000000, 1.000000000000000000 ),
 ( 0.0000000000000000000, 1.000000000000000000 ),
 .UNSPECIFIED. ) 
 GEOMETRIC_REPRESENTATION_ITEM ( )  RATIONAL_B_SPLINE_SURFACE ( (
 ( 1.000000000000000000, 0.8626246579231996447, 0.8626246579231996447, 1.000000000000000000),
 ( 0.8047378541243649375, 0.6941867161318799884, 0.6941867161318799884, 0.8047378541243649375),
 ( 0.8047378541243649375, 0.6941867161318799884, 0.6941867161318799884, 0.8047378541243649375),
 ( 1.000000000000000000, 0.8626246579231996447, 0.8626246579231996447, 1.000000000000000000) ) ) 
 REPRESENTATION_ITEM ( '' )  SURFACE ( )  );
#3785 = ORIENTED_EDGE ( 'NONE', *, *, #1602, .T. ) ;
#3786 = STYLED_ITEM ( 'NONE', ( #2131 ), #1562 ) ;
#3787 = MECHANICAL_DESIGN_GEOMETRIC_PRESENTATION_REPRESENTATION (  '', ( #3709 ), #1781 ) ;
#3788 = SURFACE_STYLE_USAGE ( .BOTH. , #1553 ) ;
#3789 =( NAMED_UNIT ( * ) PLANE_ANGLE_UNIT ( ) SI_UNIT ( $, .RADIAN. ) );
#3790 = ORIENTED_EDGE ( 'NONE', *, *, #2339, .T. ) ;
#3791 = DIRECTION ( 'NONE',  ( -0.7071067811865476838, 0.0000000000000000000, 0.7071067811865474617 ) ) ;
#3792 = MECHANICAL_DESIGN_GEOMETRIC_PRESENTATION_REPRESENTATION (  '', ( #860 ), #2454 ) ;
#3793 = CIRCLE ( 'NONE', #1996, 0.0009999999999999995871 ) ;
#3794 = ITEM_DEFINED_TRANSFORMATION ( 'NONE', 'NONE', #2174,  #1549 ) ;
#3795 = COLOUR_RGB ( '',0.1254901960784313708, 0.1254901960784313708, 0.1254901960784313708 ) ;
#3796 = VECTOR ( 'NONE', #1826, 100.0000000000000000 ) ;
#3797 = PRODUCT_DEFINITION_SHAPE ( 'NONE', 'NONE',  #4105 ) ;
#3798 = FILL_AREA_STYLE_COLOUR ( '', #2861 ) ;
#3799 = MECHANICAL_DESIGN_GEOMETRIC_PRESENTATION_REPRESENTATION (  '', ( #4008 ), #804 ) ;
#3800 = ITEM_DEFINED_TRANSFORMATION ( 'NONE', 'NONE', #2685,  #1549 ) ;
#3801 = UNCERTAINTY_MEASURE_WITH_UNIT (LENGTH_MEASURE( 1.000000000000000082E-05 ), #2296, 'distance_accuracy_value', 'NONE');
#3802 = DIRECTION ( 'NONE',  ( -0.9723873019805177043, 0.2333729524753232198, 0.0000000000000000000 ) ) ;
#3803 = AXIS2_PLACEMENT_3D ( 'NONE', #3469, #3130, #606 ) ;
#3804 = PRESENTATION_STYLE_ASSIGNMENT (( #1900 ) ) ;
#3805 = DIRECTION ( 'NONE',  ( 0.0000000000000000000, 0.0000000000000000000, 1.000000000000000000 ) ) ;
#3806 = STYLED_ITEM ( 'NONE', ( #1272 ), #2912 ) ;
#3807 = ORIENTED_EDGE ( 'NONE', *, *, #2575, .F. ) ;
#3808 = PRODUCT_DEFINITION_SHAPE ( 'NONE', 'NONE',  #4133 ) ;
#3809 =( GEOMETRIC_REPRESENTATION_CONTEXT ( 3 ) GLOBAL_UNCERTAINTY_ASSIGNED_CONTEXT ( ( #2741 ) ) GLOBAL_UNIT_ASSIGNED_CONTEXT ( ( #1604, #3447, #2527 ) ) REPRESENTATION_CONTEXT ( 'NONE', 'WORKASPACE' ) );
#3810 = VERTEX_POINT ( 'NONE', #2859 ) ;
#3811 = EDGE_CURVE ( 'NONE', #451, #2113, #1950, .T. ) ;
#3812 = CARTESIAN_POINT ( 'NONE',  ( 0.01250000000000000069, 0.003335494101621754460, -0.05453484650289831120 ) ) ;
#3813 = CIRCLE ( 'NONE', #876, 0.0009999999999999982861 ) ;
#3814 =( BOUNDED_CURVE ( )  B_SPLINE_CURVE ( 3, ( #3949, #1069, #2353, #2035 ),
 .UNSPECIFIED., .F., .T. ) 
 B_SPLINE_CURVE_WITH_KNOTS ( ( 4, 4 ),
 ( 0.0000000000000000000, 1.000000000000000000 ),
 .UNSPECIFIED. ) 
 CURVE ( )  GEOMETRIC_REPRESENTATION_ITEM ( )  RATIONAL_B_SPLINE_CURVE ( ( 1.000000000000000000, 0.8626246579231990896, 0.8626246579231990896, 1.000000000000000000 ) ) 
 REPRESENTATION_ITEM ( '' )  );
#3815 = CARTESIAN_POINT ( 'NONE',  ( -0.5946966991411010151, 0.1287500000000000033, 0.3446966991411010151 ) ) ;
#3816 = LINE ( 'NONE', #2, #2977 ) ;
#3817 = CARTESIAN_POINT ( 'NONE',  ( 0.01350000000000000505, 0.07535741677482385437, -0.07832033755403750019 ) ) ;
#3818 = VERTEX_POINT ( 'NONE', #2815 ) ;
#3819 =( NAMED_UNIT ( * ) SI_UNIT ( $, .STERADIAN. ) SOLID_ANGLE_UNIT ( ) );
#3820 =( GEOMETRIC_REPRESENTATION_CONTEXT ( 3 ) GLOBAL_UNCERTAINTY_ASSIGNED_CONTEXT ( ( #3543 ) ) GLOBAL_UNIT_ASSIGNED_CONTEXT ( ( #278, #3509, #919 ) ) REPRESENTATION_CONTEXT ( 'NONE', 'WORKASPACE' ) );
#3821 = PRODUCT_DEFINITION_SHAPE ( 'NONE', 'NONE',  #4075 ) ;
#3822 = CONTEXT_DEPENDENT_SHAPE_REPRESENTATION ( #2996, #3307 ) ;
#3823 = FILL_AREA_STYLE_COLOUR ( '', #239 ) ;
#3824 = FACE_OUTER_BOUND ( 'NONE', #2153, .T. ) ;
#3825 = SURFACE_STYLE_FILL_AREA ( #296 ) ;
#3826 = AXIS2_PLACEMENT_3D ( 'NONE', #279, #1302, #1548 ) ;
#3827 = ITEM_DEFINED_TRANSFORMATION ( 'NONE', 'NONE', #3485,  #1549 ) ;
#3828 = FACE_OUTER_BOUND ( 'NONE', #2845, .T. ) ;
#3829 = PRODUCT_DEFINITION_SHAPE ( 'NONE', 'NONE',  #4104 ) ;
#3830 = AXIS2_PLACEMENT_3D ( 'NONE', #2646, #1343, #389 ) ;
#3831 = ORIENTED_EDGE ( 'NONE', *, *, #2607, .T. ) ;
#3832 =( NAMED_UNIT ( * ) PLANE_ANGLE_UNIT ( ) SI_UNIT ( $, .RADIAN. ) );
#3833 = SURFACE_STYLE_USAGE ( .BOTH. , #880 ) ;
#3834 = DIRECTION ( 'NONE',  ( -3.491483361109380094E-15, 0.0000000000000000000, -1.000000000000000000 ) ) ;
#3835 = DIRECTION ( 'NONE',  ( 0.0000000000000000000, 0.0000000000000000000, -1.000000000000000000 ) ) ;
#3836 =( NAMED_UNIT ( * ) PLANE_ANGLE_UNIT ( ) SI_UNIT ( $, .RADIAN. ) );
#3837 = ORIENTED_EDGE ( 'NONE', *, *, #3277, .F. ) ;
#3838 = PRESENTATION_STYLE_ASSIGNMENT (( #3157 ) ) ;
#3839 = CARTESIAN_POINT ( 'NONE',  ( -0.4999999999999999445, 0.09749999999999992006, 0.4500000000000000666 ) ) ;
#3840 = DIRECTION ( 'NONE',  ( 0.7071067811865474617, -0.0000000000000000000, 0.7071067811865476838 ) ) ;
#3841 = FILL_AREA_STYLE ('',( #2268 ) ) ;
#3842 = ORIENTED_EDGE ( 'NONE', *, *, #2530, .T. ) ;
#3843 = SURFACE_STYLE_FILL_AREA ( #3456 ) ;
#3844 =( NAMED_UNIT ( * ) PLANE_ANGLE_UNIT ( ) SI_UNIT ( $, .RADIAN. ) );
#3845 = EDGE_CURVE ( 'NONE', #2291, #435, #2185, .T. ) ;
#3846 = EDGE_CURVE ( 'NONE', #1031, #982, #1286, .T. ) ;
#3847 = AXIS2_PLACEMENT_3D ( 'NONE', #1018, #2995, #1695 ) ;
#3848 = LINE ( 'NONE', #2292, #2017 ) ;
#3849 = ITEM_DEFINED_TRANSFORMATION ( 'NONE', 'NONE', #3826,  #1549 ) ;
#3850 = STYLED_ITEM ( 'NONE', ( #3838 ), #69 ) ;
#3851 = UNCERTAINTY_MEASURE_WITH_UNIT (LENGTH_MEASURE( 1.000000000000000082E-05 ), #260, 'distance_accuracy_value', 'NONE');
#3852 = CARTESIAN_POINT ( 'NONE',  ( -0.3499999999999999778, 0.1600000000000000033, 0.3499999999999999778 ) ) ;
#3853 = VERTEX_POINT ( 'NONE', #2003 ) ;
#3854 = DIRECTION ( 'NONE',  ( 0.0000000000000000000, -0.2606718782874300477, -0.9654274555191101337 ) ) ;
#3855 = SURFACE_SIDE_STYLE ('',( #94 ) ) ;
#3856 = DIRECTION ( 'NONE',  ( 0.0000000000000000000, 0.0000000000000000000, 1.000000000000000000 ) ) ;
#3857 = LINE ( 'NONE', #865, #3392 ) ;
#3858 = FILL_AREA_STYLE_COLOUR ( '', #459 ) ;
#3859 = STYLED_ITEM ( 'NONE', ( #3903 ), #113 ) ;
#3860 = CARTESIAN_POINT ( 'NONE',  ( -0.01250000000000000069, 0.07010671878287431935, -0.07793842454154370492 ) ) ;
#3861 = PLANE ( 'NONE',  #724 ) ;
#3862 = DIRECTION ( 'NONE',  ( 0.7071067811865480168, 0.0000000000000000000, 0.7071067811865471286 ) ) ;
#3863 = ORIENTED_EDGE ( 'NONE', *, *, #2052, .F. ) ;
#3864 =( LENGTH_UNIT ( ) NAMED_UNIT ( * ) SI_UNIT ( .CENTI., .METRE. ) );
#3865 =( REPRESENTATION_RELATIONSHIP ('NONE','NONE', #661, #1064 ) REPRESENTATION_RELATIONSHIP_WITH_TRANSFORMATION ( #2181 )SHAPE_REPRESENTATION_RELATIONSHIP( ) );
#3866 = CIRCLE ( 'NONE', #2110, 0.01999999999999999695 ) ;
#3867 = CARTESIAN_POINT ( 'NONE',  ( 0.01250000000000000069, 0.09708578643762691418, -0.1499999999999999944 ) ) ;
#3868 = CARTESIAN_POINT ( 'NONE',  ( 0.5946966991411010151, 0.1287500000000000033, 0.3446966991411010151 ) ) ;
#3869 =( NAMED_UNIT ( * ) SI_UNIT ( $, .STERADIAN. ) SOLID_ANGLE_UNIT ( ) );
#3870 = VECTOR ( 'NONE', #1881, 100.0000000000000000 ) ;
#3871 = PRESENTATION_LAYER_ASSIGNMENT (  '', '', ( #3321 ) ) ;
#3872 = PRESENTATION_LAYER_ASSIGNMENT (  '', '', ( #3388 ) ) ;
#3873 = AXIS2_PLACEMENT_3D ( 'NONE', #2638, #383, #2621 ) ;
#3874 = EDGE_CURVE ( 'NONE', #699, #3224, #3848, .T. ) ;
#3875 = VECTOR ( 'NONE', #3076, 100.0000000000000000 ) ;
#3876 = CARTESIAN_POINT ( 'NONE',  ( -0.4850000000000004308, 0.01499999999999975658, -0.4437867965644033408 ) ) ;
#3877 = DIRECTION ( 'NONE',  ( 3.231085104332679983E-15, 0.0000000000000000000, -1.000000000000000000 ) ) ;
#3878 = DIRECTION ( 'NONE',  ( 0.0000000000000000000, 0.9723873019805173712, 0.2333729524753241080 ) ) ;
#3879 = SURFACE_SIDE_STYLE ('',( #3003 ) ) ;
#3880 = ORIENTED_EDGE ( 'NONE', *, *, #3874, .T. ) ;
#3881 =( LENGTH_UNIT ( ) NAMED_UNIT ( * ) SI_UNIT ( .CENTI., .METRE. ) );
#3882 = ORIENTED_EDGE ( 'NONE', *, *, #2530, .F. ) ;
#3883 = FACE_OUTER_BOUND ( 'NONE', #3378, .T. ) ;
#3884 = AXIS2_PLACEMENT_3D ( 'NONE', #3417, #1785, #3394 ) ;
#3885 = CARTESIAN_POINT ( 'NONE',  ( -0.4849999999999999867, 0.1600000000000000311, 0.4437867965644040069 ) ) ;
#3886 = UNCERTAINTY_MEASURE_WITH_UNIT (LENGTH_MEASURE( 1.000000000000000082E-05 ), #3744, 'distance_accuracy_value', 'NONE');
#3887 = FACE_BOUND ( 'NONE', #884, .T. ) ;
#3888 = VERTEX_POINT ( 'NONE', #409 ) ;
#3889 = PRESENTATION_STYLE_ASSIGNMENT (( #2310 ) ) ;
#3890 = CIRCLE ( 'NONE', #3142, 0.009999999999999993269 ) ;
#3891 = SURFACE_STYLE_USAGE ( .BOTH. , #727 ) ;
#3892 = PRESENTATION_LAYER_ASSIGNMENT (  '', '', ( #1544 ) ) ;
#3893 = DIRECTION ( 'NONE',  ( 0.0000000000000000000, -0.9723873019805173712, -0.2333729524753241080 ) ) ;
#3894 = PLANE ( 'NONE',  #1078 ) ;
#3895 = PRESENTATION_LAYER_ASSIGNMENT (  '', '', ( #2610 ) ) ;
#3896 = LINE ( 'NONE', #1021, #1046 ) ;
#3897 = CARTESIAN_POINT ( 'NONE',  ( -0.01308578643762690549, 0.09750000000000001721, -0.1489999999999999380 ) ) ;
#3898 = VECTOR ( 'NONE', #2452, 100.0000000000000000 ) ;
#3899 =( NAMED_UNIT ( * ) PLANE_ANGLE_UNIT ( ) SI_UNIT ( $, .RADIAN. ) );
#3900 = SURFACE_STYLE_USAGE ( .BOTH. , #3855 ) ;
#3901 = CARTESIAN_POINT ( 'NONE',  ( 0.2250000000000000333, 0.0000000000000000000, -0.5999999999999999778 ) ) ;
#3902 = ORIENTED_EDGE ( 'NONE', *, *, #978, .T. ) ;
#3903 = PRESENTATION_STYLE_ASSIGNMENT (( #2630 ) ) ;
#3904 = EDGE_LOOP ( 'NONE', ( #2618, #1288, #2974, #2501 ) ) ;
#3905 = ADVANCED_FACE ( 'NONE', ( #1019 ), #1963, .T. ) ;
#3906 = CARTESIAN_POINT ( 'NONE',  ( 0.4850000000000002642, 0.01500000000000002373, -0.4437867965644031742 ) ) ;
#3907 = DIRECTION ( 'NONE',  ( 0.0000000000000000000, 0.0000000000000000000, 1.000000000000000000 ) ) ;
#3908 = CARTESIAN_POINT ( 'NONE',  ( -0.01349999999999999985, 0.09750000000000001721, -0.1489999999999999936 ) ) ;
#3909 = DIRECTION ( 'NONE',  ( -0.0000000000000000000, 1.000000000000000000, 0.0000000000000000000 ) ) ;
#3910 = CYLINDRICAL_SURFACE ( 'NONE', #3473, 0.001000000000000002623 ) ;
#3911 =( NAMED_UNIT ( * ) PLANE_ANGLE_UNIT ( ) SI_UNIT ( $, .RADIAN. ) );
#3912 =( NAMED_UNIT ( * ) SI_UNIT ( $, .STERADIAN. ) SOLID_ANGLE_UNIT ( ) );
#3913 = SURFACE_STYLE_USAGE ( .BOTH. , #1637 ) ;
#3914 = CONTEXT_DEPENDENT_SHAPE_REPRESENTATION ( #2200, #3013 ) ;
#3915 = CARTESIAN_POINT ( 'NONE',  ( 0.01349999999999999985, 0.001063031307206659722, -0.0009999999999999956840 ) ) ;
#3916 = CARTESIAN_POINT ( 'NONE',  ( -0.01349999999999999985, 0.09649999999999998856, -0.1495857864376269053 ) ) ;
#3917 = SURFACE_SIDE_STYLE ('',( #950 ) ) ;
#3918 = EDGE_LOOP ( 'NONE', ( #1184, #115, #2367, #589 ) ) ;
#3919 = CARTESIAN_POINT ( 'NONE',  ( -0.01250000000000000069, 0.07850000000000000033, -0.1499999999999999944 ) ) ;
#3920 = DIRECTION ( 'NONE',  ( -1.000000000000000000, 0.0000000000000000000, -3.231085104332679983E-15 ) ) ;
#3921 =( REPRESENTATION_RELATIONSHIP ('NONE','NONE', #661, #1064 ) REPRESENTATION_RELATIONSHIP_WITH_TRANSFORMATION ( #3768 )SHAPE_REPRESENTATION_RELATIONSHIP( ) );
#3922 = VERTEX_POINT ( 'NONE', #3217 ) ;
#3923 =( NAMED_UNIT ( * ) PLANE_ANGLE_UNIT ( ) SI_UNIT ( $, .RADIAN. ) );
#3924 = ORIENTED_EDGE ( 'NONE', *, *, #2339, .F. ) ;
#3925 = PRODUCT_DEFINITION ( 'UNKNOWN', '', #2102, #4013 ) ;
#3926 = ADVANCED_FACE ( 'NONE', ( #1980 ), #3894, .T. ) ;
#3927 = AXIS2_PLACEMENT_3D ( 'NONE', #1063, #2030, #135 ) ;
#3928 =( NAMED_UNIT ( * ) PLANE_ANGLE_UNIT ( ) SI_UNIT ( $, .RADIAN. ) );
#3929 = DIRECTION ( 'NONE',  ( -1.000000000000000000, -0.0000000000000000000, -0.0000000000000000000 ) ) ;
#3930 =( GEOMETRIC_REPRESENTATION_CONTEXT ( 3 ) GLOBAL_UNCERTAINTY_ASSIGNED_CONTEXT ( ( #1628 ) ) GLOBAL_UNIT_ASSIGNED_CONTEXT ( ( #3045, #3685, #2422 ) ) REPRESENTATION_CONTEXT ( 'NONE', 'WORKASPACE' ) );
#3931 = FILL_AREA_STYLE ('',( #1050 ) ) ;
#3932 = PRESENTATION_LAYER_ASSIGNMENT (  '', '', ( #2849 ) ) ;
#3933 = CARTESIAN_POINT ( 'NONE',  ( -0.01250000000000000069, 0.07749999999999999944, -0.07993465998166700281 ) ) ;
#3934 = CARTESIAN_POINT ( 'NONE',  ( 0.01250000000000000069, 0.004202741360954140130, -0.05233380561562839955 ) ) ;
#3935 =( BOUNDED_SURFACE ( )  B_SPLINE_SURFACE ( 3, 3, ( 
 ( #2418, #2456, #3728, #874 ),
 ( #1850, #3682, #3420, #2789 ),
 ( #995, #2832, #2516, #1654 ),
 ( #2496, #3541, #2212, #1615 ) ),
 .UNSPECIFIED., .F., .F., .F. ) 
 B_SPLINE_SURFACE_WITH_KNOTS ( ( 4, 4 ),
 ( 4, 4 ),
 ( 0.0000000000000000000, 1.000000000000000000 ),
 ( 0.0000000000000000000, 1.000000000000000000 ),
 .UNSPECIFIED. ) 
 GEOMETRIC_REPRESENTATION_ITEM ( )  RATIONAL_B_SPLINE_SURFACE ( (
 ( 1.000000000000000000, 0.8626246579231992007, 0.8626246579231992007, 1.000000000000000000),
 ( 0.8047378541243623840, 0.6941867161318774349, 0.6941867161318774349, 0.8047378541243623840),
 ( 0.8047378541243623840, 0.6941867161318774349, 0.6941867161318774349, 0.8047378541243623840),
 ( 1.000000000000000000, 0.8626246579231992007, 0.8626246579231992007, 1.000000000000000000) ) ) 
 REPRESENTATION_ITEM ( '' )  SURFACE ( )  );
#3936 = VECTOR ( 'NONE', #931, 100.0000000000000000 ) ;
#3937 = CONTEXT_DEPENDENT_SHAPE_REPRESENTATION ( #1098, #2477 ) ;
#3938 = FILL_AREA_STYLE_COLOUR ( '', #319 ) ;
#3939 = AXIS2_PLACEMENT_3D ( 'NONE', #2844, #1503, #609 ) ;
#3940 = CARTESIAN_POINT ( 'NONE',  ( -0.01250000000000000069, 0.09650000000000000244, -0.1499999999999999944 ) ) ;
#3941 = EDGE_LOOP ( 'NONE', ( #1280, #3446, #3129 ) ) ;
#3942 = DIRECTION ( 'NONE',  ( 3.279322939077849880E-32, 1.625387360916020355E-16, -1.000000000000000000 ) ) ;
#3943 = COLOUR_RGB ( '',0.1254901960784313708, 0.1254901960784313708, 0.1254901960784313708 ) ;
#3944 = CARTESIAN_POINT ( 'NONE',  ( -0.2250000000000000333, 0.0000000000000000000, -0.5999999999999999778 ) ) ;
#3945 = COLOUR_RGB ( '',0.7529411764705882248, 0.7529411764705882248, 0.7529411764705882248 ) ;
#3946 = VERTEX_POINT ( 'NONE', #1415 ) ;
#3947 = CARTESIAN_POINT ( 'NONE',  ( 0.01349999999999999811, 0.02943061643074725009, -0.04727520294751606789 ) ) ;
#3948 = ORIENTED_EDGE ( 'NONE', *, *, #3577, .F. ) ;
#3949 = CARTESIAN_POINT ( 'NONE',  ( -0.01349999999999999985, 0.09650000000000000244, -0.07993465998166700281 ) ) ;
#3950 =( REPRESENTATION_RELATIONSHIP ('NONE','NONE', #661, #1064 ) REPRESENTATION_RELATIONSHIP_WITH_TRANSFORMATION ( #401 )SHAPE_REPRESENTATION_RELATIONSHIP( ) );
#3951 = CARTESIAN_POINT ( 'NONE',  ( -0.01250000000000000069, 0.09650000000000000244, -0.1499999999999999112 ) ) ;
#3952 =( LENGTH_UNIT ( ) NAMED_UNIT ( * ) SI_UNIT ( .CENTI., .METRE. ) );
#3953 = STYLED_ITEM ( 'NONE', ( #3153 ), #2751 ) ;
#3954 = PRESENTATION_STYLE_ASSIGNMENT (( #103 ) ) ;
#3955 = EDGE_CURVE ( 'NONE', #2678, #3617, #3310, .T. ) ;
#3956 = COLOUR_RGB ( '',0.7529411764705882248, 0.7529411764705882248, 0.7529411764705882248 ) ;
#3957 = LINE ( 'NONE', #2001, #4052 ) ;
#3958 = EDGE_CURVE ( 'NONE', #2808, #3424, #1114, .T. ) ;
#3959 = VECTOR ( 'NONE', #979, 100.0000000000000142 ) ;
#3960 = CARTESIAN_POINT ( 'NONE',  ( -0.01250000000000000069, 0.02196853816409000126, -0.04795466745548390697 ) ) ;
#3961 = ORIENTED_EDGE ( 'NONE', *, *, #187, .F. ) ;
#3962 = FACE_OUTER_BOUND ( 'NONE', #2101, .T. ) ;
#3963 = SURFACE_SIDE_STYLE ('',( #2435 ) ) ;
#3964 = COLOUR_RGB ( '',0.7529411764705882248, 0.7529411764705882248, 0.7529411764705882248 ) ;
#3965 = DIRECTION ( 'NONE',  ( 3.231085104332679983E-15, 0.0000000000000000000, -1.000000000000000000 ) ) ;
#3966 = CARTESIAN_POINT ( 'NONE',  ( 0.01349999999999999985, 0.05919118273676831493, -0.05531075515140146392 ) ) ;
#3967 = AXIS2_PLACEMENT_3D ( 'NONE', #218, #1483, #2745 ) ;
#3968 = ORIENTED_EDGE ( 'NONE', *, *, #375, .T. ) ;
#3969 = DIRECTION ( 'NONE',  ( 0.2333729524753232198, 0.9723873019805177043, 0.0000000000000000000 ) ) ;
#3970 = EDGE_LOOP ( 'NONE', ( #3961, #1099, #2330, #3600 ) ) ;
#3971 = CARTESIAN_POINT ( 'NONE',  ( -0.4437867965644031742, 0.01499999999999990057, -0.4849999999999999312 ) ) ;
#3972 = DIRECTION ( 'NONE',  ( 1.000000000000000000, 0.0000000000000000000, -0.0000000000000000000 ) ) ;
#3973 = CARTESIAN_POINT ( 'NONE',  ( -0.3499999999999999778, 0.1600000000000000033, 0.3499999999999999778 ) ) ;
#3974 = ORIENTED_EDGE ( 'NONE', *, *, #3404, .F. ) ;
#3975 = PRODUCT_DEFINITION_SHAPE ( 'NONE', 'NONE',  #4110 ) ;
#3976 = FILL_AREA_STYLE_COLOUR ( '', #3652 ) ;
#3977 = DIRECTION ( 'NONE',  ( 1.000000000000000000, 1.231653667943530079E-16, 0.0000000000000000000 ) ) ;
#3978 =( NAMED_UNIT ( * ) PLANE_ANGLE_UNIT ( ) SI_UNIT ( $, .RADIAN. ) );
#3979 = ITEM_DEFINED_TRANSFORMATION ( 'NONE', 'NONE', #2381,  #1549 ) ;
#3980 = ADVANCED_FACE ( 'NONE', ( #2360 ), #1452, .T. ) ;
#3981 = CARTESIAN_POINT ( 'NONE',  ( -0.01349999999999999985, 0.09708578643762691418, -0.1489999999999999936 ) ) ;
#3982 = EDGE_CURVE ( 'NONE', #2059, #12, #2024, .T. ) ;
#3983 = DIRECTION ( 'NONE',  ( 1.000000000000000000, -0.0000000000000000000, 0.0000000000000000000 ) ) ;
#3984 = ORIENTED_EDGE ( 'NONE', *, *, #2407, .F. ) ;
#3985 = CLOSED_SHELL ( 'NONE', ( #645, #2031, #145, #3403, #3345, #2936, #3452, #3905, #2002, #3727, #3528, #1592, #322, #1768, #2912, #189, #1438, #2199, #3669, #2746, #453, #3926, #622, #21, #3698, #878, #2307, #2334, #2783 ) ) ;
#3986 = DIRECTION ( 'NONE',  ( 1.000000000000000000, 0.0000000000000000000, 0.0000000000000000000 ) ) ;
#3987 = CARTESIAN_POINT ( 'NONE',  ( -0.01250000000000000069, 0.07749999999999999944, -0.1489999999999999936 ) ) ;
#3988 = AXIS2_PLACEMENT_3D ( 'NONE', #3592, #3279, #434 ) ;
#3989 = SURFACE_SIDE_STYLE ('',( #1767 ) ) ;
#3990 =( NAMED_UNIT ( * ) PLANE_ANGLE_UNIT ( ) SI_UNIT ( $, .RADIAN. ) );
#3991 = DIRECTION ( 'NONE',  ( 0.7071067811865474617, -0.0000000000000000000, -0.7071067811865476838 ) ) ;
#3992 = CARTESIAN_POINT ( 'NONE',  ( -0.01349999999999999985, 0.07036739066116172447, -0.07697299708602460544 ) ) ;
#3993 = PRESENTATION_STYLE_ASSIGNMENT (( #2690 ) ) ;
#3994 = AXIS2_PLACEMENT_3D ( 'NONE', #182, #4014, #556 ) ;
#3995 = DIRECTION ( 'NONE',  ( -0.0000000000000000000, 0.2333729524753241358, 0.9723873019805174822 ) ) ;
#3996 = EDGE_CURVE ( 'NONE', #4042, #1040, #2414, .T. ) ;
#3997 = DIRECTION ( 'NONE',  ( 1.000000000000000000, 0.0000000000000000000, 0.0000000000000000000 ) ) ;
#3998 =( REPRESENTATION_RELATIONSHIP ('NONE','NONE', #661, #1064 ) REPRESENTATION_RELATIONSHIP_WITH_TRANSFORMATION ( #1115 )SHAPE_REPRESENTATION_RELATIONSHIP( ) );
#3999 =( GEOMETRIC_REPRESENTATION_CONTEXT ( 3 ) GLOBAL_UNCERTAINTY_ASSIGNED_CONTEXT ( ( #1121 ) ) GLOBAL_UNIT_ASSIGNED_CONTEXT ( ( #84, #1670, #720 ) ) REPRESENTATION_CONTEXT ( 'NONE', 'WORKASPACE' ) );
#4000 = AXIS2_PLACEMENT_3D ( 'NONE', #2843, #1880, #3835 ) ;
#4001 = ORIENTED_EDGE ( 'NONE', *, *, #2911, .T. ) ;
#4002 = DIRECTION ( 'NONE',  ( -1.000000000000000000, -0.0000000000000000000, -0.0000000000000000000 ) ) ;
#4003 = COLOUR_RGB ( '',0.7529411764705882248, 0.7529411764705882248, 0.7529411764705882248 ) ;
#4004 = STYLED_ITEM ( 'NONE', ( #431 ), #773 ) ;
#4005 = CARTESIAN_POINT ( 'NONE',  ( -1.293416090454340147E-17, 0.04624999999999999944, -0.4924999999999999933 ) ) ;
#4006 = DIRECTION ( 'NONE',  ( 1.000000000000000000, 0.0000000000000000000, 0.0000000000000000000 ) ) ;
#4007 = FILL_AREA_STYLE_COLOUR ( '', #1991 ) ;
#4008 = STYLED_ITEM ( 'NONE', ( #967 ), #2664 ) ;
#4009 = AXIS2_PLACEMENT_3D ( 'NONE', #82, #1972, #653 ) ;
#4010 =( LENGTH_UNIT ( ) NAMED_UNIT ( * ) SI_UNIT ( .CENTI., .METRE. ) );
#4011 = SURFACE_STYLE_FILL_AREA ( #2969 ) ;
#4012 = CONTEXT_DEPENDENT_SHAPE_REPRESENTATION ( #629, #3715 ) ;
#4013 = PRODUCT_DEFINITION_CONTEXT ( 'detailed design', #3581, 'design' ) ;
#4014 = DIRECTION ( 'NONE',  ( 1.000000000000000000, -7.290249346361489992E-32, 3.279322939077849880E-32 ) ) ;
#4015 = SURFACE_SIDE_STYLE ('',( #872 ) ) ;
#4016 =( GEOMETRIC_REPRESENTATION_CONTEXT ( 3 ) GLOBAL_UNCERTAINTY_ASSIGNED_CONTEXT ( ( #914 ) ) GLOBAL_UNIT_ASSIGNED_CONTEXT ( ( #3536, #2247, #309 ) ) REPRESENTATION_CONTEXT ( 'NONE', 'WORKASPACE' ) );
#4017 =( LENGTH_UNIT ( ) NAMED_UNIT ( * ) SI_UNIT ( .CENTI., .METRE. ) );
#4018 = PRODUCT_CONTEXT ( 'NONE', #1753, 'mechanical' ) ;
#4019 = STYLED_ITEM ( 'NONE', ( #159 ), #3345 ) ;
#4020 = CARTESIAN_POINT ( 'NONE',  ( -0.01250000000000000069, 0.09650000000000000244, -0.08953728511987109340 ) ) ;
#4021 = VERTEX_POINT ( 'NONE', #150 ) ;
#4022 =( REPRESENTATION_RELATIONSHIP ('NONE','NONE', #661, #1064 ) REPRESENTATION_RELATIONSHIP_WITH_TRANSFORMATION ( #2163 )SHAPE_REPRESENTATION_RELATIONSHIP( ) );
#4023 = SURFACE_STYLE_FILL_AREA ( #2726 ) ;
#4024 = CARTESIAN_POINT ( 'NONE',  ( 0.0000000000000000000, 0.0000000000000000000, 0.0000000000000000000 ) ) ;
#4025 = PRESENTATION_LAYER_ASSIGNMENT (  '', '', ( #155 ) ) ;
#4026 = ADVANCED_FACE ( 'NONE', ( #2417 ), #3330, .T. ) ;
#4027 = DIRECTION ( 'NONE',  ( 0.0000000000000000000, 0.0000000000000000000, -1.000000000000000000 ) ) ;
#4028 = ADVANCED_FACE ( 'NONE', ( #2478 ), #506, .T. ) ;
#4029 = DIRECTION ( 'NONE',  ( 7.290249346361470286E-32, 1.000000000000000000, 4.760081218080361034E-15 ) ) ;
#4030 = CARTESIAN_POINT ( 'NONE',  ( 0.01250000000000000069, 0.003790695960933523033, -0.04559692287569949709 ) ) ;
#4031 = COLOUR_RGB ( '',0.7921568627450980005, 0.8196078431372548767, 0.9333333333333333481 ) ;
#4032 =( LENGTH_UNIT ( ) NAMED_UNIT ( * ) SI_UNIT ( .CENTI., .METRE. ) );
#4033 = DIRECTION ( 'NONE',  ( 0.09621774059402399271, 0.9678757261790228439, 0.2322901742829649729 ) ) ;
#4034 = ORIENTED_EDGE ( 'NONE', *, *, #723, .T. ) ;
#4035 = FILL_AREA_STYLE ('',( #811 ) ) ;
#4036 = DIRECTION ( 'NONE',  ( 0.0000000000000000000, 1.000000000000000000, 0.0000000000000000000 ) ) ;
#4037 = FILL_AREA_STYLE_COLOUR ( '', #1053 ) ;
#4038 =( NAMED_UNIT ( * ) PLANE_ANGLE_UNIT ( ) SI_UNIT ( $, .RADIAN. ) );
#4039 = CARTESIAN_POINT ( 'NONE',  ( 0.4924999999999999933, 0.1287500000000000033, -0.5000000000000000000 ) ) ;
#4040 = DIRECTION ( 'NONE',  ( -1.000000000000000000, 0.0000000000000000000, -1.836909530733570078E-16 ) ) ;
#4041 = CARTESIAN_POINT ( 'NONE',  ( -0.01308578643762690549, 0.02009480247263976602, -0.0009389514604650424411 ) ) ;
#4042 = VERTEX_POINT ( 'NONE', #1813 ) ;
#4043 = LINE ( 'NONE', #3086, #2406 ) ;
#4044 = DIRECTION ( 'NONE',  ( 0.0000000000000000000, 0.0000000000000000000, 1.000000000000000000 ) ) ;
#4045 = DIRECTION ( 'NONE',  ( 0.09621774059402143919, 0.9678757261790237321, -0.2322901742829626692 ) ) ;
#4046 = LINE ( 'NONE', #2696, #2344 ) ;
#4047 = EDGE_CURVE ( 'NONE', #80, #3007, #1555, .T. ) ;
#4048 = DIRECTION ( 'NONE',  ( -1.000000000000000000, -0.0000000000000000000, 0.0000000000000000000 ) ) ;
#4049 = CARTESIAN_POINT ( 'NONE',  ( -0.01349999999999999985, 0.07749999999999999944, -0.1149673299908330060 ) ) ;
#4050 = PLANE ( 'NONE',  #1673 ) ;
#4051 = ORIENTED_EDGE ( 'NONE', *, *, #928, .T. ) ;
#4052 = VECTOR ( 'NONE', #1367, 100.0000000000000000 ) ;
#4053 = CARTESIAN_POINT ( 'NONE',  ( -0.5000000000000000000, 0.09749999999999990619, -0.5000000000000000000 ) ) ;
#4054 = DIRECTION ( 'NONE',  ( -3.718265416196989948E-32, -0.06104853953485710194, 0.9981347984218670311 ) ) ;
#4055 = SURFACE_STYLE_FILL_AREA ( #1540 ) ;
#4056 = CARTESIAN_POINT ( 'NONE',  ( 0.5893933982822020523, 0.1600000000000000311, 0.3393933982822019968 ) ) ;
#4057 = DIRECTION ( 'NONE',  ( -1.836909530733570078E-16, 0.0000000000000000000, 1.000000000000000000 ) ) ;
#4058 = UNCERTAINTY_MEASURE_WITH_UNIT (LENGTH_MEASURE( 1.000000000000000082E-05 ), #1402, 'distance_accuracy_value', 'NONE');
#4059 = COLOUR_RGB ( '',0.7529411764705882248, 0.7529411764705882248, 0.7529411764705882248 ) ;
#4060 = DIRECTION ( 'NONE',  ( -3.279322939077849880E-32, -1.625387360916020109E-16, 1.000000000000000000 ) ) ;
#4061 = ORIENTED_EDGE ( 'NONE', *, *, #1264, .F. ) ;
#4062 = PRESENTATION_LAYER_ASSIGNMENT (  '', '', ( #1790 ) ) ;
#4063 = PRESENTATION_LAYER_ASSIGNMENT (  '', '', ( #3709 ) ) ;
#4064 = CARTESIAN_POINT ( 'NONE',  ( 0.1749999999999999889, 0.0000000000000000000, 0.5999999999999999778 ) ) ;
#4065 = MECHANICAL_DESIGN_GEOMETRIC_PRESENTATION_REPRESENTATION (  '', ( #1328 ), #2780 ) ;
#4066 = FACE_OUTER_BOUND ( 'NONE', #1481, .T. ) ;
#4067 = EDGE_LOOP ( 'NONE', ( #2734, #2197, #1944, #2654 ) ) ;
#4068 =( LENGTH_UNIT ( ) NAMED_UNIT ( * ) SI_UNIT ( .CENTI., .METRE. ) );
#4069 = CARTESIAN_POINT ( 'NONE',  ( 0.01308578643762690549, 0.07791421356237310247, -0.1500000000000000222 ) ) ;
#4070 =( GEOMETRIC_REPRESENTATION_CONTEXT ( 3 ) GLOBAL_UNCERTAINTY_ASSIGNED_CONTEXT ( ( #2251 ) ) GLOBAL_UNIT_ASSIGNED_CONTEXT ( ( #372, #2703, #2901 ) ) REPRESENTATION_CONTEXT ( 'NONE', 'WORKASPACE' ) );
#4071 =( REPRESENTATION_RELATIONSHIP ('NONE','NONE', #661, #1064 ) REPRESENTATION_RELATIONSHIP_WITH_TRANSFORMATION ( #555 )SHAPE_REPRESENTATION_RELATIONSHIP( ) );
#4072 = NEXT_ASSEMBLY_USAGE_OCCURRENCE ( 'NAUO1', ' ', ' ', #2074, #3171, $ ) ;
#4073 = NEXT_ASSEMBLY_USAGE_OCCURRENCE ( 'NAUO2', ' ', ' ', #2074, #3925, $ ) ;
#4074 = NEXT_ASSEMBLY_USAGE_OCCURRENCE ( 'NAUO3', ' ', ' ', #2074, #3925, $ ) ;
#4075 = NEXT_ASSEMBLY_USAGE_OCCURRENCE ( 'NAUO4', ' ', ' ', #2074, #3925, $ ) ;
#4076 = NEXT_ASSEMBLY_USAGE_OCCURRENCE ( 'NAUO5', ' ', ' ', #2074, #3925, $ ) ;
#4077 = NEXT_ASSEMBLY_USAGE_OCCURRENCE ( 'NAUO6', ' ', ' ', #2074, #3925, $ ) ;
#4078 = NEXT_ASSEMBLY_USAGE_OCCURRENCE ( 'NAUO7', ' ', ' ', #2074, #3925, $ ) ;
#4079 = NEXT_ASSEMBLY_USAGE_OCCURRENCE ( 'NAUO8', ' ', ' ', #2074, #3925, $ ) ;
#4080 = NEXT_ASSEMBLY_USAGE_OCCURRENCE ( 'NAUO9', ' ', ' ', #2074, #3925, $ ) ;
#4081 = NEXT_ASSEMBLY_USAGE_OCCURRENCE ( 'NAUO10', ' ', ' ', #2074, #3925, $ ) ;
#4082 = NEXT_ASSEMBLY_USAGE_OCCURRENCE ( 'NAUO11', ' ', ' ', #2074, #3925, $ ) ;
#4083 = NEXT_ASSEMBLY_USAGE_OCCURRENCE ( 'NAUO12', ' ', ' ', #2074, #3925, $ ) ;
#4084 = NEXT_ASSEMBLY_USAGE_OCCURRENCE ( 'NAUO13', ' ', ' ', #2074, #3925, $ ) ;
#4085 = NEXT_ASSEMBLY_USAGE_OCCURRENCE ( 'NAUO14', ' ', ' ', #2074, #3925, $ ) ;
#4086 = NEXT_ASSEMBLY_USAGE_OCCURRENCE ( 'NAUO15', ' ', ' ', #2074, #3925, $ ) ;
#4087 = NEXT_ASSEMBLY_USAGE_OCCURRENCE ( 'NAUO16', ' ', ' ', #2074, #3925, $ ) ;
#4088 = NEXT_ASSEMBLY_USAGE_OCCURRENCE ( 'NAUO17', ' ', ' ', #2074, #3925, $ ) ;
#4089 = NEXT_ASSEMBLY_USAGE_OCCURRENCE ( 'NAUO18', ' ', ' ', #2074, #3925, $ ) ;
#4090 = NEXT_ASSEMBLY_USAGE_OCCURRENCE ( 'NAUO19', ' ', ' ', #2074, #3925, $ ) ;
#4091 = NEXT_ASSEMBLY_USAGE_OCCURRENCE ( 'NAUO20', ' ', ' ', #2074, #3925, $ ) ;
#4092 = NEXT_ASSEMBLY_USAGE_OCCURRENCE ( 'NAUO21', ' ', ' ', #2074, #3925, $ ) ;
#4093 = NEXT_ASSEMBLY_USAGE_OCCURRENCE ( 'NAUO22', ' ', ' ', #2074, #3925, $ ) ;
#4094 = NEXT_ASSEMBLY_USAGE_OCCURRENCE ( 'NAUO23', ' ', ' ', #2074, #3925, $ ) ;
#4095 = NEXT_ASSEMBLY_USAGE_OCCURRENCE ( 'NAUO24', ' ', ' ', #2074, #3925, $ ) ;
#4096 = NEXT_ASSEMBLY_USAGE_OCCURRENCE ( 'NAUO25', ' ', ' ', #2074, #3925, $ ) ;
#4097 = NEXT_ASSEMBLY_USAGE_OCCURRENCE ( 'NAUO26', ' ', ' ', #2074, #3925, $ ) ;
#4098 = NEXT_ASSEMBLY_USAGE_OCCURRENCE ( 'NAUO27', ' ', ' ', #2074, #3925, $ ) ;
#4099 = NEXT_ASSEMBLY_USAGE_OCCURRENCE ( 'NAUO28', ' ', ' ', #2074, #3925, $ ) ;
#4100 = NEXT_ASSEMBLY_USAGE_OCCURRENCE ( 'NAUO29', ' ', ' ', #2074, #3925, $ ) ;
#4101 = NEXT_ASSEMBLY_USAGE_OCCURRENCE ( 'NAUO30', ' ', ' ', #2074, #3925, $ ) ;
#4102 = NEXT_ASSEMBLY_USAGE_OCCURRENCE ( 'NAUO31', ' ', ' ', #2074, #3925, $ ) ;
#4103 = NEXT_ASSEMBLY_USAGE_OCCURRENCE ( 'NAUO32', ' ', ' ', #2074, #3925, $ ) ;
#4104 = NEXT_ASSEMBLY_USAGE_OCCURRENCE ( 'NAUO33', ' ', ' ', #2074, #3925, $ ) ;
#4105 = NEXT_ASSEMBLY_USAGE_OCCURRENCE ( 'NAUO34', ' ', ' ', #2074, #3925, $ ) ;
#4106 = NEXT_ASSEMBLY_USAGE_OCCURRENCE ( 'NAUO35', ' ', ' ', #2074, #3925, $ ) ;
#4107 = NEXT_ASSEMBLY_USAGE_OCCURRENCE ( 'NAUO36', ' ', ' ', #2074, #3925, $ ) ;
#4108 = NEXT_ASSEMBLY_USAGE_OCCURRENCE ( 'NAUO37', ' ', ' ', #2074, #3925, $ ) ;
#4109 = NEXT_ASSEMBLY_USAGE_OCCURRENCE ( 'NAUO38', ' ', ' ', #2074, #3925, $ ) ;
#4110 = NEXT_ASSEMBLY_USAGE_OCCURRENCE ( 'NAUO39', ' ', ' ', #2074, #3925, $ ) ;
#4111 = NEXT_ASSEMBLY_USAGE_OCCURRENCE ( 'NAUO40', ' ', ' ', #2074, #3925, $ ) ;
#4112 = NEXT_ASSEMBLY_USAGE_OCCURRENCE ( 'NAUO41', ' ', ' ', #2074, #3925, $ ) ;
#4113 = NEXT_ASSEMBLY_USAGE_OCCURRENCE ( 'NAUO42', ' ', ' ', #2074, #3925, $ ) ;
#4114 = NEXT_ASSEMBLY_USAGE_OCCURRENCE ( 'NAUO43', ' ', ' ', #2074, #3925, $ ) ;
#4115 = NEXT_ASSEMBLY_USAGE_OCCURRENCE ( 'NAUO44', ' ', ' ', #2074, #3925, $ ) ;
#4116 = NEXT_ASSEMBLY_USAGE_OCCURRENCE ( 'NAUO45', ' ', ' ', #2074, #3925, $ ) ;
#4117 = NEXT_ASSEMBLY_USAGE_OCCURRENCE ( 'NAUO46', ' ', ' ', #2074, #3925, $ ) ;
#4118 = NEXT_ASSEMBLY_USAGE_OCCURRENCE ( 'NAUO47', ' ', ' ', #2074, #3925, $ ) ;
#4119 = NEXT_ASSEMBLY_USAGE_OCCURRENCE ( 'NAUO48', ' ', ' ', #2074, #3925, $ ) ;
#4120 = NEXT_ASSEMBLY_USAGE_OCCURRENCE ( 'NAUO49', ' ', ' ', #2074, #3925, $ ) ;
#4121 = NEXT_ASSEMBLY_USAGE_OCCURRENCE ( 'NAUO50', ' ', ' ', #2074, #3925, $ ) ;
#4122 = NEXT_ASSEMBLY_USAGE_OCCURRENCE ( 'NAUO51', ' ', ' ', #2074, #3925, $ ) ;
#4123 = NEXT_ASSEMBLY_USAGE_OCCURRENCE ( 'NAUO52', ' ', ' ', #2074, #3925, $ ) ;
#4124 = NEXT_ASSEMBLY_USAGE_OCCURRENCE ( 'NAUO53', ' ', ' ', #2074, #3925, $ ) ;
#4125 = NEXT_ASSEMBLY_USAGE_OCCURRENCE ( 'NAUO54', ' ', ' ', #2074, #3925, $ ) ;
#4126 = NEXT_ASSEMBLY_USAGE_OCCURRENCE ( 'NAUO55', ' ', ' ', #2074, #3925, $ ) ;
#4127 = NEXT_ASSEMBLY_USAGE_OCCURRENCE ( 'NAUO56', ' ', ' ', #2074, #3925, $ ) ;
#4128 = NEXT_ASSEMBLY_USAGE_OCCURRENCE ( 'NAUO57', ' ', ' ', #2074, #3925, $ ) ;
#4129 = NEXT_ASSEMBLY_USAGE_OCCURRENCE ( 'NAUO58', ' ', ' ', #2074, #3925, $ ) ;
#4130 = NEXT_ASSEMBLY_USAGE_OCCURRENCE ( 'NAUO59', ' ', ' ', #2074, #3925, $ ) ;
#4131 = NEXT_ASSEMBLY_USAGE_OCCURRENCE ( 'NAUO60', ' ', ' ', #2074, #3925, $ ) ;
#4132 = NEXT_ASSEMBLY_USAGE_OCCURRENCE ( 'NAUO61', ' ', ' ', #2074, #3925, $ ) ;
#4133 = NEXT_ASSEMBLY_USAGE_OCCURRENCE ( 'NAUO62', ' ', ' ', #2074, #3925, $ ) ;
#4134 = NEXT_ASSEMBLY_USAGE_OCCURRENCE ( 'NAUO63', ' ', ' ', #2074, #3925, $ ) ;
#4135 = NEXT_ASSEMBLY_USAGE_OCCURRENCE ( 'NAUO64', ' ', ' ', #2074, #3925, $ ) ;
#4136 = NEXT_ASSEMBLY_USAGE_OCCURRENCE ( 'NAUO65', ' ', ' ', #2074, #3925, $ ) ;
ENDSEC;
END-ISO-10303-21;
