ISO-10303-21;
HEADER;
FILE_DESCRIPTION (( 'STEP AP214' ),
    '1' );
FILE_NAME ('443AEFDE-DBA9-4F8E-AF1D-A6E82A0E6A07.STEP',
    '2025-08-26T16:15:56',
    ( '' ),
    ( '' ),
    'SwSTEP 2.0',
    'SolidWorks 2022',
    '' );
FILE_SCHEMA (( 'AUTOMOTIVE_DESIGN' ));
ENDSEC;

DATA;
#1 = PRESENTATION_STYLE_ASSIGNMENT (( #4002 ) ) ;
#2 = LINE ( 'NONE', #5647, #1032 ) ;
#3 = PRESENTATION_STYLE_ASSIGNMENT (( #4455 ) ) ;
#4 = FILL_AREA_STYLE_COLOUR ( '', #3663 ) ;
#5 = LINE ( 'NONE', #2029, #892 ) ;
#6 = EDGE_LOOP ( 'NONE', ( #5222, #486, #2311, #4196 ) ) ;
#7 = STYLED_ITEM ( 'NONE', ( #5408 ), #818 ) ;
#8 = CARTESIAN_POINT ( 'NONE',  ( -1.501000000000000112, 0.1249999999999944766, 0.2000000000000000111 ) ) ;
#9 = CARTESIAN_POINT ( 'NONE',  ( -0.3749999999999998890, -1.500000000000000000, 0.02000000000000000042 ) ) ;
#10 = PLANE ( 'NONE',  #3628 ) ;
#11 = CARTESIAN_POINT ( 'NONE',  ( 1.500999999999999668, 0.1250000000000053291, 0.0000000000000000000 ) ) ;
#12 = CARTESIAN_POINT ( 'NONE',  ( 1.500999999999998780, 0.3750000000000046629, 0.2000000000000000111 ) ) ;
#13 =( GEOMETRIC_REPRESENTATION_CONTEXT ( 3 ) GLOBAL_UNCERTAINTY_ASSIGNED_CONTEXT ( ( #2517 ) ) GLOBAL_UNIT_ASSIGNED_CONTEXT ( ( #5348, #4115, #460 ) ) REPRESENTATION_CONTEXT ( 'NONE', 'WORKASPACE' ) );
#14 = ORIENTED_EDGE ( 'NONE', *, *, #1273, .T. ) ;
#15 =( NAMED_UNIT ( * ) PLANE_ANGLE_UNIT ( ) SI_UNIT ( $, .RADIAN. ) );
#16 = EDGE_CURVE ( 'NONE', #1158, #1414, #2144, .T. ) ;
#17 = LINE ( 'NONE', #2644, #1329 ) ;
#18 = VECTOR ( 'NONE', #2112, 1000.000000000000000 ) ;
#19 = VECTOR ( 'NONE', #3271, 1000.000000000000000 ) ;
#20 = ORIENTED_EDGE ( 'NONE', *, *, #3508, .F. ) ;
#21 = ORIENTED_EDGE ( 'NONE', *, *, #1658, .T. ) ;
#22 = ORIENTED_EDGE ( 'NONE', *, *, #3048, .F. ) ;
#23 = ADVANCED_FACE ( 'NONE', ( #919 ), #5246, .F. ) ;
#24 = COLOUR_RGB ( '',1.000000000000000000, 1.000000000000000000, 1.000000000000000000 ) ;
#25 = CARTESIAN_POINT ( 'NONE',  ( -1.501000000000000778, 0.8749999999999990008, 0.2000000000000000111 ) ) ;
#26 = SURFACE_STYLE_USAGE ( .BOTH. , #900 ) ;
#27 = ORIENTED_EDGE ( 'NONE', *, *, #4697, .F. ) ;
#28 = PRESENTATION_LAYER_ASSIGNMENT (  '', '', ( #681 ) ) ;
#29 = ADVANCED_FACE ( 'NONE', ( #3933 ), #890, .F. ) ;
#30 =( NAMED_UNIT ( * ) PLANE_ANGLE_UNIT ( ) SI_UNIT ( $, .RADIAN. ) );
#31 = SURFACE_STYLE_FILL_AREA ( #4484 ) ;
#32 = DIRECTION ( 'NONE',  ( -0.0000000000000000000, 0.0000000000000000000, 1.000000000000000000 ) ) ;
#33 = VECTOR ( 'NONE', #3984, 1000.000000000000000 ) ;
#34 = CARTESIAN_POINT ( 'NONE',  ( 1.501000000000002332, -0.6249999999999944489, 0.2000000000000000111 ) ) ;
#35 = MECHANICAL_DESIGN_GEOMETRIC_PRESENTATION_REPRESENTATION (  '', ( #296 ), #780 ) ;
#36 = DIRECTION ( 'NONE',  ( -2.703746066048639529E-16, -1.000000000000000000, 0.0000000000000000000 ) ) ;
#37 = UNCERTAINTY_MEASURE_WITH_UNIT (LENGTH_MEASURE( 1.000000000000000082E-05 ), #949, 'distance_accuracy_value', 'NONE');
#38 = EDGE_CURVE ( 'NONE', #5400, #2577, #3069, .T. ) ;
#39 =( NAMED_UNIT ( * ) PLANE_ANGLE_UNIT ( ) SI_UNIT ( $, .RADIAN. ) );
#40 = FILL_AREA_STYLE ('',( #4008 ) ) ;
#41 = LINE ( 'NONE', #4946, #3320 ) ;
#42 = ORIENTED_EDGE ( 'NONE', *, *, #1873, .T. ) ;
#43 =( NAMED_UNIT ( * ) PLANE_ANGLE_UNIT ( ) SI_UNIT ( $, .RADIAN. ) );
#44 = SURFACE_STYLE_USAGE ( .BOTH. , #2257 ) ;
#45 = STYLED_ITEM ( 'NONE', ( #4025 ), #4027 ) ;
#46 = FACE_OUTER_BOUND ( 'NONE', #3224, .T. ) ;
#47 = PLANE ( 'NONE',  #351 ) ;
#48 = MECHANICAL_DESIGN_GEOMETRIC_PRESENTATION_REPRESENTATION (  '', ( #1345 ), #4906 ) ;
#49 = ADVANCED_FACE ( 'NONE', ( #4412 ), #446, .F. ) ;
#50 = ORIENTED_EDGE ( 'NONE', *, *, #2060, .T. ) ;
#51 = VERTEX_POINT ( 'NONE', #2765 ) ;
#52 = DIRECTION ( 'NONE',  ( 1.000000000000000000, 4.324453109628793340E-15, 0.0000000000000000000 ) ) ;
#53 = AXIS2_PLACEMENT_3D ( 'NONE', #4439, #2259, #4019 ) ;
#54 =( LENGTH_UNIT ( ) NAMED_UNIT ( * ) SI_UNIT ( .MILLI., .METRE. ) );
#55 = EDGE_CURVE ( 'NONE', #2486, #1119, #2313, .T. ) ;
#56 = VECTOR ( 'NONE', #36, 1000.000000000000000 ) ;
#57 = ORIENTED_EDGE ( 'NONE', *, *, #1016, .T. ) ;
#58 = DIRECTION ( 'NONE',  ( 2.891205793294678326E-16, -1.000000000000000000, 0.0000000000000000000 ) ) ;
#59 = DIRECTION ( 'NONE',  ( -1.000000000000000000, -4.336808689942058757E-15, 0.0000000000000000000 ) ) ;
#60 = PRESENTATION_STYLE_ASSIGNMENT (( #789 ) ) ;
#61 = SURFACE_STYLE_USAGE ( .BOTH. , #4087 ) ;
#62 = DIRECTION ( 'NONE',  ( -1.000000000000000000, 0.0000000000000000000, -0.0000000000000000000 ) ) ;
#63 = ADVANCED_FACE ( 'NONE', ( #5387 ), #4471, .F. ) ;
#64 = VECTOR ( 'NONE', #4433, 1000.000000000000000 ) ;
#65 = VERTEX_POINT ( 'NONE', #3276 ) ;
#66 = DIRECTION ( 'NONE',  ( 1.000000000000000000, 0.0000000000000000000, 0.0000000000000000000 ) ) ;
#67 =( LENGTH_UNIT ( ) NAMED_UNIT ( * ) SI_UNIT ( .MILLI., .METRE. ) );
#68 = DIRECTION ( 'NONE',  ( 0.0000000000000000000, -0.0000000000000000000, -1.000000000000000000 ) ) ;
#69 = FILL_AREA_STYLE_COLOUR ( '', #1784 ) ;
#70 = VECTOR ( 'NONE', #3458, 1000.000000000000000 ) ;
#71 = ADVANCED_FACE ( 'NONE', ( #4874 ), #1931, .F. ) ;
#72 = ORIENTED_EDGE ( 'NONE', *, *, #1689, .T. ) ;
#73 = AXIS2_PLACEMENT_3D ( 'NONE', #265, #3406, #2081 ) ;
#74 =( NAMED_UNIT ( * ) SI_UNIT ( $, .STERADIAN. ) SOLID_ANGLE_UNIT ( ) );
#75 = PRESENTATION_STYLE_ASSIGNMENT (( #2587 ) ) ;
#76 = DIRECTION ( 'NONE',  ( -0.0000000000000000000, -0.0000000000000000000, -1.000000000000000000 ) ) ;
#77 = ORIENTED_EDGE ( 'NONE', *, *, #4685, .T. ) ;
#78 =( GEOMETRIC_REPRESENTATION_CONTEXT ( 3 ) GLOBAL_UNCERTAINTY_ASSIGNED_CONTEXT ( ( #4315 ) ) GLOBAL_UNIT_ASSIGNED_CONTEXT ( ( #2099, #5490, #3047 ) ) REPRESENTATION_CONTEXT ( 'NONE', 'WORKASPACE' ) );
#79 =( NAMED_UNIT ( * ) SI_UNIT ( $, .STERADIAN. ) SOLID_ANGLE_UNIT ( ) );
#80 = AXIS2_PLACEMENT_3D ( 'NONE', #2872, #2441, #2902 ) ;
#81 = FACE_OUTER_BOUND ( 'NONE', #5460, .T. ) ;
#82 =( NAMED_UNIT ( * ) PLANE_ANGLE_UNIT ( ) SI_UNIT ( $, .RADIAN. ) );
#83 = CARTESIAN_POINT ( 'NONE',  ( -0.6249999999999996669, -1.500999999999999890, 0.0000000000000000000 ) ) ;
#84 = COLOUR_RGB ( '',0.7960784313725489669, 0.8235294117647058432, 0.9372549019607843146 ) ;
#85 = ORIENTED_EDGE ( 'NONE', *, *, #4299, .T. ) ;
#86 = CARTESIAN_POINT ( 'NONE',  ( -1.499999999999999778, 0.8749999999999990008, 0.9000000000000001332 ) ) ;
#87 = UNCERTAINTY_MEASURE_WITH_UNIT (LENGTH_MEASURE( 1.000000000000000082E-05 ), #2942, 'distance_accuracy_value', 'NONE');
#88 = DIRECTION ( 'NONE',  ( -3.469446951953617344E-15, 1.000000000000000000, 0.0000000000000000000 ) ) ;
#89 = FACE_OUTER_BOUND ( 'NONE', #1765, .T. ) ;
#90 =( NAMED_UNIT ( * ) PLANE_ANGLE_UNIT ( ) SI_UNIT ( $, .RADIAN. ) );
#91 = PLANE ( 'NONE',  #765 ) ;
#92 = UNCERTAINTY_MEASURE_WITH_UNIT (LENGTH_MEASURE( 1.000000000000000082E-05 ), #1902, 'distance_accuracy_value', 'NONE');
#93 = ORIENTED_EDGE ( 'NONE', *, *, #2703, .F. ) ;
#94 = CARTESIAN_POINT ( 'NONE',  ( -0.1249999999999998890, -1.500000000000000000, 0.1999999999999999833 ) ) ;
#95 =( NAMED_UNIT ( * ) PLANE_ANGLE_UNIT ( ) SI_UNIT ( $, .RADIAN. ) );
#96 = CARTESIAN_POINT ( 'NONE',  ( 1.500000000000000666, -0.1249999999999949069, 0.1999999999999999833 ) ) ;
#97 = VECTOR ( 'NONE', #4394, 1000.000000000000000 ) ;
#98 = ORIENTED_EDGE ( 'NONE', *, *, #1971, .F. ) ;
#99 = COLOUR_RGB ( '',1.000000000000000000, 1.000000000000000000, 1.000000000000000000 ) ;
#100 = ORIENTED_EDGE ( 'NONE', *, *, #1873, .F. ) ;
#101 = LINE ( 'NONE', #1880, #3296 ) ;
#102 =( LENGTH_UNIT ( ) NAMED_UNIT ( * ) SI_UNIT ( .MILLI., .METRE. ) );
#103 = PRESENTATION_LAYER_ASSIGNMENT (  '', '', ( #285 ) ) ;
#104 = LINE ( 'NONE', #1389, #3398 ) ;
#105 = ORIENTED_EDGE ( 'NONE', *, *, #3929, .T. ) ;
#106 = VECTOR ( 'NONE', #5642, 1000.000000000000000 ) ;
#107 = SURFACE_STYLE_USAGE ( .BOTH. , #992 ) ;
#108 = LINE ( 'NONE', #1019, #5199 ) ;
#109 = FILL_AREA_STYLE ('',( #1048 ) ) ;
#110 = VECTOR ( 'NONE', #5420, 1000.000000000000000 ) ;
#111 = EDGE_CURVE ( 'NONE', #4709, #1114, #2052, .T. ) ;
#112 = CARTESIAN_POINT ( 'NONE',  ( -0.9000000000000000222, 0.9000000000000000222, 0.2000000000000000111 ) ) ;
#113 = DIRECTION ( 'NONE',  ( 1.000000000000000000, 0.0000000000000000000, 0.0000000000000000000 ) ) ;
#114 = AXIS2_PLACEMENT_3D ( 'NONE', #2250, #941, #2332 ) ;
#115 = CARTESIAN_POINT ( 'NONE',  ( -0.1250000000000000000, -1.500999999999999890, 0.2000000000000000111 ) ) ;
#116 = VECTOR ( 'NONE', #2730, 1000.000000000000000 ) ;
#117 = DIRECTION ( 'NONE',  ( -1.000000000000000000, -4.325993705677820091E-15, 0.0000000000000000000 ) ) ;
#118 =( GEOMETRIC_REPRESENTATION_CONTEXT ( 3 ) GLOBAL_UNCERTAINTY_ASSIGNED_CONTEXT ( ( #87 ) ) GLOBAL_UNIT_ASSIGNED_CONTEXT ( ( #2942, #1148, #267 ) ) REPRESENTATION_CONTEXT ( 'NONE', 'WORKASPACE' ) );
#119 = EDGE_CURVE ( 'NONE', #2539, #2997, #2822, .T. ) ;
#120 = ORIENTED_EDGE ( 'NONE', *, *, #853, .T. ) ;
#121 =( NAMED_UNIT ( * ) SI_UNIT ( $, .STERADIAN. ) SOLID_ANGLE_UNIT ( ) );
#122 = CARTESIAN_POINT ( 'NONE',  ( 0.5999999999999998668, 0.9000000000000000222, 0.2000000000000000111 ) ) ;
#123 = CARTESIAN_POINT ( 'NONE',  ( 0.3749999999999996669, -1.500999999999999890, 0.0000000000000000000 ) ) ;
#124 = VECTOR ( 'NONE', #5471, 1000.000000000000000 ) ;
#125 = FILL_AREA_STYLE_COLOUR ( '', #1149 ) ;
#126 = DIRECTION ( 'NONE',  ( 2.703746066048639036E-16, 1.000000000000000000, 0.0000000000000000000 ) ) ;
#127 = EDGE_CURVE ( 'NONE', #1489, #2292, #5112, .T. ) ;
#128 = STYLED_ITEM ( 'NONE', ( #5436 ), #3918 ) ;
#129 = VERTEX_POINT ( 'NONE', #5419 ) ;
#130 = ORIENTED_EDGE ( 'NONE', *, *, #1398, .T. ) ;
#131 = SURFACE_STYLE_USAGE ( .BOTH. , #4080 ) ;
#132 = STYLED_ITEM ( 'NONE', ( #3079 ), #4036 ) ;
#133 = SURFACE_STYLE_USAGE ( .BOTH. , #5397 ) ;
#134 = EDGE_CURVE ( 'NONE', #1830, #4469, #4626, .T. ) ;
#135 = ORIENTED_EDGE ( 'NONE', *, *, #1767, .T. ) ;
#136 =( GEOMETRIC_REPRESENTATION_CONTEXT ( 3 ) GLOBAL_UNCERTAINTY_ASSIGNED_CONTEXT ( ( #1721 ) ) GLOBAL_UNIT_ASSIGNED_CONTEXT ( ( #2317, #1435, #3821 ) ) REPRESENTATION_CONTEXT ( 'NONE', 'WORKASPACE' ) );
#137 = SURFACE_STYLE_FILL_AREA ( #109 ) ;
#138 = CARTESIAN_POINT ( 'NONE',  ( -1.500999999999998336, -0.3750000000000055511, 0.2000000000000000111 ) ) ;
#139 =( NAMED_UNIT ( * ) SI_UNIT ( $, .STERADIAN. ) SOLID_ANGLE_UNIT ( ) );
#140 = COLOUR_RGB ( '',1.000000000000000000, 1.000000000000000000, 1.000000000000000000 ) ;
#141 = PLANE ( 'NONE',  #1055 ) ;
#142 = CARTESIAN_POINT ( 'NONE',  ( 1.100000000000000311, -0.1249999999999966416, 0.0000000000000000000 ) ) ;
#143 = LINE ( 'NONE', #4093, #3083 ) ;
#144 = DIRECTION ( 'NONE',  ( -1.000000000000000000, -0.0000000000000000000, -0.0000000000000000000 ) ) ;
#145 = STYLED_ITEM ( 'NONE', ( #1514 ), #5176 ) ;
#146 = EDGE_LOOP ( 'NONE', ( #2115, #5003, #2891, #1041 ) ) ;
#147 =( LENGTH_UNIT ( ) NAMED_UNIT ( * ) SI_UNIT ( .MILLI., .METRE. ) );
#148 = FILL_AREA_STYLE ('',( #950 ) ) ;
#149 =( LENGTH_UNIT ( ) NAMED_UNIT ( * ) SI_UNIT ( .MILLI., .METRE. ) );
#150 = EDGE_CURVE ( 'NONE', #4228, #3711, #1994, .T. ) ;
#151 = DIRECTION ( 'NONE',  ( 0.0000000000000000000, -1.000000000000000000, 0.0000000000000000000 ) ) ;
#152 = SURFACE_STYLE_FILL_AREA ( #1068 ) ;
#153 = ORIENTED_EDGE ( 'NONE', *, *, #150, .T. ) ;
#154 = VERTEX_POINT ( 'NONE', #631 ) ;
#155 = FILL_AREA_STYLE_COLOUR ( '', #500 ) ;
#156 = DIRECTION ( 'NONE',  ( -0.0000000000000000000, -0.0000000000000000000, -1.000000000000000000 ) ) ;
#157 = FILL_AREA_STYLE_COLOUR ( '', #423 ) ;
#158 = MECHANICAL_DESIGN_GEOMETRIC_PRESENTATION_REPRESENTATION (  '', ( #4934 ), #3412 ) ;
#159 = VERTEX_POINT ( 'NONE', #4181 ) ;
#160 = PRESENTATION_LAYER_ASSIGNMENT (  '', '', ( #2482 ) ) ;
#161 = ORIENTED_EDGE ( 'NONE', *, *, #4884, .F. ) ;
#162 =( LENGTH_UNIT ( ) NAMED_UNIT ( * ) SI_UNIT ( .MILLI., .METRE. ) );
#163 = DIRECTION ( 'NONE',  ( -1.000000000000000000, -4.324453109628779141E-15, 0.0000000000000000000 ) ) ;
#164 = SURFACE_STYLE_USAGE ( .BOTH. , #2356 ) ;
#165 = ADVANCED_FACE ( 'NONE', ( #3816 ), #1519, .T. ) ;
#166 = CARTESIAN_POINT ( 'NONE',  ( -1.637499999999994404, -1.362500000000005818, 0.02000000000000000042 ) ) ;
#167 = FACE_OUTER_BOUND ( 'NONE', #1826, .T. ) ;
#168 =( GEOMETRIC_REPRESENTATION_CONTEXT ( 3 ) GLOBAL_UNCERTAINTY_ASSIGNED_CONTEXT ( ( #554 ) ) GLOBAL_UNIT_ASSIGNED_CONTEXT ( ( #672, #3364, #1163 ) ) REPRESENTATION_CONTEXT ( 'NONE', 'WORKASPACE' ) );
#169 = CARTESIAN_POINT ( 'NONE',  ( -1.149999999999996581, -0.8750000000000037748, 0.02000000000000000042 ) ) ;
#170 =( NAMED_UNIT ( * ) PLANE_ANGLE_UNIT ( ) SI_UNIT ( $, .RADIAN. ) );
#171 = CARTESIAN_POINT ( 'NONE',  ( -0.6249999999999991118, 1.099999999999999867, 0.0000000000000000000 ) ) ;
#172 = LINE ( 'NONE', #5023, #1707 ) ;
#173 = ORIENTED_EDGE ( 'NONE', *, *, #2879, .T. ) ;
#174 = CARTESIAN_POINT ( 'NONE',  ( 0.1249999999999998890, -1.099999999999999867, 0.0000000000000000000 ) ) ;
#175 = FILL_AREA_STYLE_COLOUR ( '', #2212 ) ;
#176 = DIRECTION ( 'NONE',  ( 0.0000000000000000000, -1.000000000000000000, 0.0000000000000000000 ) ) ;
#177 = PRESENTATION_STYLE_ASSIGNMENT (( #4127 ) ) ;
#178 = DIRECTION ( 'NONE',  ( 0.7071067811865483499, -0.7071067811865467956, 0.0000000000000000000 ) ) ;
#179 = CARTESIAN_POINT ( 'NONE',  ( -1.100000000000000311, 0.1249999999999962114, 0.2000000000000000111 ) ) ;
#180 = VECTOR ( 'NONE', #432, 1000.000000000000000 ) ;
#181 = ORIENTED_EDGE ( 'NONE', *, *, #5472, .T. ) ;
#182 = EDGE_CURVE ( 'NONE', #5541, #2952, #2450, .T. ) ;
#183 = ORIENTED_EDGE ( 'NONE', *, *, #1816, .T. ) ;
#184 = LINE ( 'NONE', #2294, #2085 ) ;
#185 = MECHANICAL_DESIGN_GEOMETRIC_PRESENTATION_REPRESENTATION (  '', ( #567 ), #278 ) ;
#186 = CARTESIAN_POINT ( 'NONE',  ( -1.099999999999998535, -0.3750000000000037748, 0.0000000000000000000 ) ) ;
#187 = SURFACE_STYLE_FILL_AREA ( #3257 ) ;
#188 = MECHANICAL_DESIGN_GEOMETRIC_PRESENTATION_REPRESENTATION (  '', ( #5588 ), #13 ) ;
#189 = ORIENTED_EDGE ( 'NONE', *, *, #2671, .T. ) ;
#190 = ORIENTED_EDGE ( 'NONE', *, *, #1733, .T. ) ;
#191 = FILL_AREA_STYLE_COLOUR ( '', #4860 ) ;
#192 = PLANE ( 'NONE',  #2692 ) ;
#193 = PRESENTATION_LAYER_ASSIGNMENT (  '', '', ( #951 ) ) ;
#194 = CARTESIAN_POINT ( 'NONE',  ( -1.100000000000000311, 0.1249999999999962114, 0.01999999999999999695 ) ) ;
#195 = DIRECTION ( 'NONE',  ( 0.0000000000000000000, 0.0000000000000000000, 1.000000000000000000 ) ) ;
#196 = LINE ( 'NONE', #2492, #2924 ) ;
#197 = VECTOR ( 'NONE', #2817, 1000.000000000000000 ) ;
#198 = ADVANCED_FACE ( 'NONE', ( #2912 ), #1091, .F. ) ;
#199 = DIRECTION ( 'NONE',  ( -0.0000000000000000000, -1.000000000000000000, -0.0000000000000000000 ) ) ;
#200 = CARTESIAN_POINT ( 'NONE',  ( -0.8999999999999998002, -0.9000000000000000222, 0.0000000000000000000 ) ) ;
#201 = VECTOR ( 'NONE', #3732, 1000.000000000000000 ) ;
#202 = CARTESIAN_POINT ( 'NONE',  ( -1.500000000000000000, 1.500000000000000000, 0.1999999999999999833 ) ) ;
#203 = COLOUR_RGB ( '',0.2509803921568627416, 0.2509803921568627416, 0.2509803921568627416 ) ;
#204 = UNCERTAINTY_MEASURE_WITH_UNIT (LENGTH_MEASURE( 1.000000000000000082E-05 ), #4247, 'distance_accuracy_value', 'NONE');
#205 = PRESENTATION_LAYER_ASSIGNMENT (  '', '', ( #3194 ) ) ;
#206 = AXIS2_PLACEMENT_3D ( 'NONE', #3706, #2312, #4495 ) ;
#207 = CARTESIAN_POINT ( 'NONE',  ( -1.501000000000000112, 0.1249999999999944766, 0.2000000000000000111 ) ) ;
#208 = LINE ( 'NONE', #1995, #4810 ) ;
#209 = FILL_AREA_STYLE ('',( #5449 ) ) ;
#210 = CARTESIAN_POINT ( 'NONE',  ( 1.500000000000000444, 1.500000000000000000, 0.02000000000000000042 ) ) ;
#211 = COLOUR_RGB ( '',1.000000000000000000, 1.000000000000000000, 1.000000000000000000 ) ;
#212 = VECTOR ( 'NONE', #3420, 1000.000000000000000 ) ;
#213 = ORIENTED_EDGE ( 'NONE', *, *, #5514, .T. ) ;
#214 =( GEOMETRIC_REPRESENTATION_CONTEXT ( 3 ) GLOBAL_UNCERTAINTY_ASSIGNED_CONTEXT ( ( #5413 ) ) GLOBAL_UNIT_ASSIGNED_CONTEXT ( ( #3941, #4804, #480 ) ) REPRESENTATION_CONTEXT ( 'NONE', 'WORKASPACE' ) );
#215 =( LENGTH_UNIT ( ) NAMED_UNIT ( * ) SI_UNIT ( .MILLI., .METRE. ) );
#216 = SURFACE_STYLE_USAGE ( .BOTH. , #2800 ) ;
#217 = AXIS2_PLACEMENT_3D ( 'NONE', #3050, #4780, #5553 ) ;
#218 = ORIENTED_EDGE ( 'NONE', *, *, #918, .F. ) ;
#219 = ORIENTED_EDGE ( 'NONE', *, *, #759, .F. ) ;
#220 = ORIENTED_EDGE ( 'NONE', *, *, #4956, .F. ) ;
#221 = FILL_AREA_STYLE ('',( #5432 ) ) ;
#222 = VECTOR ( 'NONE', #2067, 1000.000000000000000 ) ;
#223 = CARTESIAN_POINT ( 'NONE',  ( -0.1375000000000104472, -0.1375000000000082823, 0.02000000000000000042 ) ) ;
#224 = EDGE_CURVE ( 'NONE', #4071, #1810, #1726, .T. ) ;
#225 = SURFACE_SIDE_STYLE ('',( #3269 ) ) ;
#226 = DIRECTION ( 'NONE',  ( -1.000000000000000000, 2.780005570475651171E-15, 0.0000000000000000000 ) ) ;
#227 = VECTOR ( 'NONE', #328, 1000.000000000000000 ) ;
#228 = ADVANCED_FACE ( 'NONE', ( #3554 ), #3528, .F. ) ;
#229 = VECTOR ( 'NONE', #4670, 1000.000000000000000 ) ;
#230 = ORIENTED_EDGE ( 'NONE', *, *, #4272, .T. ) ;
#231 = CARTESIAN_POINT ( 'NONE',  ( -1.500000000000008216, 0.6249999999999918954, 0.02000000000000000042 ) ) ;
#232 = DIRECTION ( 'NONE',  ( 0.0000000000000000000, 1.000000000000000000, 0.0000000000000000000 ) ) ;
#233 = DIRECTION ( 'NONE',  ( -0.0000000000000000000, -0.0000000000000000000, -1.000000000000000000 ) ) ;
#234 = SURFACE_STYLE_USAGE ( .BOTH. , #1996 ) ;
#235 = DIRECTION ( 'NONE',  ( -1.445602896647339163E-16, 1.000000000000000000, -0.0000000000000000000 ) ) ;
#236 = ADVANCED_FACE ( 'NONE', ( #3466 ), #2580, .F. ) ;
#237 = CARTESIAN_POINT ( 'NONE',  ( -1.099999999999996980, -0.8250000000000038414, 0.2000000000000000111 ) ) ;
#238 = ORIENTED_EDGE ( 'NONE', *, *, #3322, .T. ) ;
#239 = VERTEX_POINT ( 'NONE', #1002 ) ;
#240 = VECTOR ( 'NONE', #2305, 1000.000000000000000 ) ;
#241 = LINE ( 'NONE', #2033, #3100 ) ;
#242 = DIRECTION ( 'NONE',  ( -0.0000000000000000000, -0.0000000000000000000, -1.000000000000000000 ) ) ;
#243 = FACE_OUTER_BOUND ( 'NONE', #3389, .T. ) ;
#244 =( NAMED_UNIT ( * ) SI_UNIT ( $, .STERADIAN. ) SOLID_ANGLE_UNIT ( ) );
#245 = VECTOR ( 'NONE', #2550, 1000.000000000000000 ) ;
#246 = VERTEX_POINT ( 'NONE', #468 ) ;
#247 = ORIENTED_EDGE ( 'NONE', *, *, #3860, .F. ) ;
#248 = ADVANCED_FACE ( 'NONE', ( #3242 ), #4868, .T. ) ;
#249 = SURFACE_SIDE_STYLE ('',( #4593 ) ) ;
#250 = SURFACE_STYLE_USAGE ( .BOTH. , #1532 ) ;
#251 = PRESENTATION_LAYER_ASSIGNMENT (  '', '', ( #908 ) ) ;
#252 = LINE ( 'NONE', #1129, #2589 ) ;
#253 = CARTESIAN_POINT ( 'NONE',  ( 0.1249999999999998890, -1.500999999999999890, 0.2000000000000000111 ) ) ;
#254 = LINE ( 'NONE', #1535, #1876 ) ;
#255 = UNCERTAINTY_MEASURE_WITH_UNIT (LENGTH_MEASURE( 1.000000000000000082E-05 ), #5596, 'distance_accuracy_value', 'NONE');
#256 = UNCERTAINTY_MEASURE_WITH_UNIT (LENGTH_MEASURE( 1.000000000000000082E-05 ), #621, 'distance_accuracy_value', 'NONE');
#257 = EDGE_CURVE ( 'NONE', #3827, #4157, #4890, .T. ) ;
#258 = VECTOR ( 'NONE', #757, 1000.000000000000000 ) ;
#259 =( NAMED_UNIT ( * ) PLANE_ANGLE_UNIT ( ) SI_UNIT ( $, .RADIAN. ) );
#260 = MECHANICAL_DESIGN_GEOMETRIC_PRESENTATION_REPRESENTATION (  '', ( #4420 ), #3333 ) ;
#261 = LINE ( 'NONE', #2933, #3377 ) ;
#262 = COLOUR_RGB ( '',1.000000000000000000, 1.000000000000000000, 1.000000000000000000 ) ;
#263 = VERTEX_POINT ( 'NONE', #1024 ) ;
#264 = ADVANCED_FACE ( 'NONE', ( #4544 ), #976, .T. ) ;
#265 = CARTESIAN_POINT ( 'NONE',  ( 0.1249999999999997918, 1.500999999999999890, 0.2000000000000000111 ) ) ;
#266 = FILL_AREA_STYLE_COLOUR ( '', #852 ) ;
#267 =( NAMED_UNIT ( * ) SI_UNIT ( $, .STERADIAN. ) SOLID_ANGLE_UNIT ( ) );
#268 = EDGE_LOOP ( 'NONE', ( #238, #4727, #1267, #294 ) ) ;
#269 = EDGE_CURVE ( 'NONE', #356, #4362, #556, .T. ) ;
#270 = ORIENTED_EDGE ( 'NONE', *, *, #3883, .T. ) ;
#271 = PLANE ( 'NONE',  #4656 ) ;
#272 = PRESENTATION_STYLE_ASSIGNMENT (( #4689 ) ) ;
#273 = ORIENTED_EDGE ( 'NONE', *, *, #4929, .F. ) ;
#274 = ORIENTED_EDGE ( 'NONE', *, *, #1689, .F. ) ;
#275 = ORIENTED_EDGE ( 'NONE', *, *, #946, .T. ) ;
#276 = SURFACE_STYLE_USAGE ( .BOTH. , #2869 ) ;
#277 = LINE ( 'NONE', #3424, #222 ) ;
#278 =( GEOMETRIC_REPRESENTATION_CONTEXT ( 3 ) GLOBAL_UNCERTAINTY_ASSIGNED_CONTEXT ( ( #313 ) ) GLOBAL_UNIT_ASSIGNED_CONTEXT ( ( #149, #633, #5389 ) ) REPRESENTATION_CONTEXT ( 'NONE', 'WORKASPACE' ) );
#279 = DIRECTION ( 'NONE',  ( -4.336808689942058757E-15, 1.000000000000000000, 0.0000000000000000000 ) ) ;
#280 = LINE ( 'NONE', #2071, #5609 ) ;
#281 = DIRECTION ( 'NONE',  ( 0.0000000000000000000, 0.0000000000000000000, 1.000000000000000000 ) ) ;
#282 =( NAMED_UNIT ( * ) PLANE_ANGLE_UNIT ( ) SI_UNIT ( $, .RADIAN. ) );
#283 = FACE_OUTER_BOUND ( 'NONE', #1524, .T. ) ;
#284 = ADVANCED_FACE ( 'NONE', ( #911 ), #3586, .F. ) ;
#285 = STYLED_ITEM ( 'NONE', ( #791 ), #1573 ) ;
#286 = ORIENTED_EDGE ( 'NONE', *, *, #4480, .F. ) ;
#287 = DIRECTION ( 'NONE',  ( -0.0000000000000000000, -0.0000000000000000000, -1.000000000000000000 ) ) ;
#288 = SURFACE_SIDE_STYLE ('',( #2395 ) ) ;
#289 = AXIS2_PLACEMENT_3D ( 'NONE', #4055, #3169, #5369 ) ;
#290 = DIRECTION ( 'NONE',  ( -0.0000000000000000000, 0.0000000000000000000, 1.000000000000000000 ) ) ;
#291 = MECHANICAL_DESIGN_GEOMETRIC_PRESENTATION_REPRESENTATION (  '', ( #4282 ), #4975 ) ;
#292 = VECTOR ( 'NONE', #242, 1000.000000000000000 ) ;
#293 = ORIENTED_EDGE ( 'NONE', *, *, #777, .T. ) ;
#294 = ORIENTED_EDGE ( 'NONE', *, *, #3975, .T. ) ;
#295 =( GEOMETRIC_REPRESENTATION_CONTEXT ( 3 ) GLOBAL_UNCERTAINTY_ASSIGNED_CONTEXT ( ( #5024 ) ) GLOBAL_UNIT_ASSIGNED_CONTEXT ( ( #1924, #503, #3588 ) ) REPRESENTATION_CONTEXT ( 'NONE', 'WORKASPACE' ) );
#296 = STYLED_ITEM ( 'NONE', ( #898 ), #2457 ) ;
#297 = CARTESIAN_POINT ( 'NONE',  ( 0.3749999999999996669, -1.500999999999999890, 0.0000000000000000000 ) ) ;
#298 = EDGE_CURVE ( 'NONE', #452, #5122, #5439, .T. ) ;
#299 = MECHANICAL_DESIGN_GEOMETRIC_PRESENTATION_REPRESENTATION (  '', ( #1238 ), #2528 ) ;
#300 = ORIENTED_EDGE ( 'NONE', *, *, #568, .T. ) ;
#301 = COLOUR_RGB ( '',1.000000000000000000, 1.000000000000000000, 1.000000000000000000 ) ;
#302 = ORIENTED_EDGE ( 'NONE', *, *, #1811, .T. ) ;
#303 = EDGE_LOOP ( 'NONE', ( #421, #2209, #5501, #572 ) ) ;
#304 = CARTESIAN_POINT ( 'NONE',  ( 0.0000000000000000000, 0.0000000000000000000, 0.0000000000000000000 ) ) ;
#305 = LINE ( 'NONE', #424, #5398 ) ;
#306 = FACE_OUTER_BOUND ( 'NONE', #2160, .T. ) ;
#307 = DIRECTION ( 'NONE',  ( 0.0000000000000000000, 0.0000000000000000000, -1.000000000000000000 ) ) ;
#308 = MECHANICAL_DESIGN_GEOMETRIC_PRESENTATION_REPRESENTATION (  '', ( #2363 ), #3103 ) ;
#309 = FILL_AREA_STYLE ('',( #4696 ) ) ;
#310 = EDGE_CURVE ( 'NONE', #4187, #386, #1984, .T. ) ;
#311 = UNCERTAINTY_MEASURE_WITH_UNIT (LENGTH_MEASURE( 1.000000000000000082E-05 ), #2072, 'distance_accuracy_value', 'NONE');
#312 = CARTESIAN_POINT ( 'NONE',  ( 0.1249999999999996808, 1.500000000000000000, 0.1999999999999999833 ) ) ;
#313 = UNCERTAINTY_MEASURE_WITH_UNIT (LENGTH_MEASURE( 1.000000000000000082E-05 ), #149, 'distance_accuracy_value', 'NONE');
#314 = COLOUR_RGB ( '',1.000000000000000000, 1.000000000000000000, 1.000000000000000000 ) ;
#315 = FILL_AREA_STYLE_COLOUR ( '', #1521 ) ;
#316 = ORIENTED_EDGE ( 'NONE', *, *, #5561, .F. ) ;
#317 =( NAMED_UNIT ( * ) SI_UNIT ( $, .STERADIAN. ) SOLID_ANGLE_UNIT ( ) );
#318 =( NAMED_UNIT ( * ) PLANE_ANGLE_UNIT ( ) SI_UNIT ( $, .RADIAN. ) );
#319 = FACE_OUTER_BOUND ( 'NONE', #6, .T. ) ;
#320 = FACE_OUTER_BOUND ( 'NONE', #5621, .T. ) ;
#321 = LINE ( 'NONE', #4766, #2807 ) ;
#322 = COLOUR_RGB ( '',1.000000000000000000, 1.000000000000000000, 1.000000000000000000 ) ;
#323 = ORIENTED_EDGE ( 'NONE', *, *, #3508, .T. ) ;
#324 = CARTESIAN_POINT ( 'NONE',  ( -0.8749999999999995559, -1.500999999999999890, 0.2000000000000000111 ) ) ;
#325 = ADVANCED_FACE ( 'NONE', ( #1511 ), #4149, .F. ) ;
#326 = CARTESIAN_POINT ( 'NONE',  ( -1.500000000000000000, 1.500000000000000000, 0.02000000000000000042 ) ) ;
#327 = MECHANICAL_DESIGN_GEOMETRIC_PRESENTATION_REPRESENTATION (  '', ( #5263 ), #3314 ) ;
#328 = DIRECTION ( 'NONE',  ( -1.445602896647338670E-16, -1.000000000000000000, 0.0000000000000000000 ) ) ;
#329 = SURFACE_STYLE_FILL_AREA ( #1560 ) ;
#330 = EDGE_LOOP ( 'NONE', ( #2479, #3799, #3152, #901, #286 ) ) ;
#331 = ORIENTED_EDGE ( 'NONE', *, *, #4508, .T. ) ;
#332 = SURFACE_STYLE_FILL_AREA ( #1482 ) ;
#333 = EDGE_CURVE ( 'NONE', #4501, #697, #618, .T. ) ;
#334 = CARTESIAN_POINT ( 'NONE',  ( -0.6249999999999996669, -1.500000000000000000, 0.02000000000000005246 ) ) ;
#335 = CARTESIAN_POINT ( 'NONE',  ( -1.100000000000000311, 0.1249999999999962114, 0.2000000000000000111 ) ) ;
#336 = SURFACE_STYLE_USAGE ( .BOTH. , #5581 ) ;
#337 = VECTOR ( 'NONE', #5105, 1000.000000000000000 ) ;
#338 = LINE ( 'NONE', #3021, #4828 ) ;
#339 = VERTEX_POINT ( 'NONE', #3807 ) ;
#340 = COLOUR_RGB ( '',1.000000000000000000, 1.000000000000000000, 1.000000000000000000 ) ;
#341 = SURFACE_STYLE_FILL_AREA ( #3024 ) ;
#342 = DIRECTION ( 'NONE',  ( -3.469446951953616950E-15, 1.000000000000000000, 0.0000000000000000000 ) ) ;
#343 =( NAMED_UNIT ( * ) SI_UNIT ( $, .STERADIAN. ) SOLID_ANGLE_UNIT ( ) );
#344 = DIRECTION ( 'NONE',  ( 0.0000000000000000000, 1.000000000000000000, -0.0000000000000000000 ) ) ;
#345 = ORIENTED_EDGE ( 'NONE', *, *, #5233, .T. ) ;
#346 = MECHANICAL_DESIGN_GEOMETRIC_PRESENTATION_REPRESENTATION (  '', ( #1377 ), #78 ) ;
#347 = DIRECTION ( 'NONE',  ( -0.0000000000000000000, -1.000000000000000000, -0.0000000000000000000 ) ) ;
#348 =( NAMED_UNIT ( * ) PLANE_ANGLE_UNIT ( ) SI_UNIT ( $, .RADIAN. ) );
#349 = PRESENTATION_STYLE_ASSIGNMENT (( #2500 ) ) ;
#350 = FILL_AREA_STYLE ('',( #4357 ) ) ;
#351 = AXIS2_PLACEMENT_3D ( 'NONE', #1093, #4184, #717 ) ;
#352 = PLANE ( 'NONE',  #5411 ) ;
#353 = LINE ( 'NONE', #2534, #227 ) ;
#354 = ORIENTED_EDGE ( 'NONE', *, *, #871, .T. ) ;
#355 = ORIENTED_EDGE ( 'NONE', *, *, #1946, .F. ) ;
#356 = VERTEX_POINT ( 'NONE', #5380 ) ;
#357 = SURFACE_SIDE_STYLE ('',( #4419 ) ) ;
#358 = APPLICATION_CONTEXT ( 'automotive_design' ) ;
#359 = CARTESIAN_POINT ( 'NONE',  ( 1.500000000000000444, 1.500000000000000000, 0.1999999999999999833 ) ) ;
#360 = CARTESIAN_POINT ( 'NONE',  ( 1.500999999999997891, 0.6250000000000048850, 0.2000000000000000111 ) ) ;
#361 = LINE ( 'NONE', #2153, #106 ) ;
#362 =( NAMED_UNIT ( * ) PLANE_ANGLE_UNIT ( ) SI_UNIT ( $, .RADIAN. ) );
#363 = UNCERTAINTY_MEASURE_WITH_UNIT (LENGTH_MEASURE( 1.000000000000000082E-05 ), #832, 'distance_accuracy_value', 'NONE');
#364 = CARTESIAN_POINT ( 'NONE',  ( -0.1250000000000000000, -1.500999999999999890, 0.2000000000000000111 ) ) ;
#365 = STYLED_ITEM ( 'NONE', ( #1301 ), #891 ) ;
#366 = ORIENTED_EDGE ( 'NONE', *, *, #4230, .T. ) ;
#367 = FACE_OUTER_BOUND ( 'NONE', #4281, .T. ) ;
#368 =( GEOMETRIC_REPRESENTATION_CONTEXT ( 3 ) GLOBAL_UNCERTAINTY_ASSIGNED_CONTEXT ( ( #2987 ) ) GLOBAL_UNIT_ASSIGNED_CONTEXT ( ( #1363, #995, #3635 ) ) REPRESENTATION_CONTEXT ( 'NONE', 'WORKASPACE' ) );
#369 = UNCERTAINTY_MEASURE_WITH_UNIT (LENGTH_MEASURE( 1.000000000000000082E-05 ), #1443, 'distance_accuracy_value', 'NONE');
#370 = FILL_AREA_STYLE_COLOUR ( '', #2007 ) ;
#371 = EDGE_CURVE ( 'NONE', #1830, #4586, #4648, .T. ) ;
#372 = AXIS2_PLACEMENT_3D ( 'NONE', #5362, #1324, #3193 ) ;
#373 = EDGE_LOOP ( 'NONE', ( #5518, #366, #938, #4742, #2318, #5268 ) ) ;
#374 = CARTESIAN_POINT ( 'NONE',  ( 1.500999999999999668, 0.1250000000000053291, 0.0000000000000000000 ) ) ;
#375 = LINE ( 'NONE', #5193, #1695 ) ;
#376 = LINE ( 'NONE', #3127, #1664 ) ;
#377 = SURFACE_SIDE_STYLE ('',( #4327 ) ) ;
#378 = CARTESIAN_POINT ( 'NONE',  ( -0.3749999999999997780, -1.099999999999999867, 0.2000000000000000111 ) ) ;
#379 = PRESENTATION_LAYER_ASSIGNMENT (  '', '', ( #4273 ) ) ;
#380 = EDGE_CURVE ( 'NONE', #1810, #4443, #4205, .T. ) ;
#381 = ORIENTED_EDGE ( 'NONE', *, *, #3860, .T. ) ;
#382 =( LENGTH_UNIT ( ) NAMED_UNIT ( * ) SI_UNIT ( .MILLI., .METRE. ) );
#383 = SURFACE_STYLE_USAGE ( .BOTH. , #2145 ) ;
#384 = CARTESIAN_POINT ( 'NONE',  ( 1.501000000000000556, -0.1249999999999949069, 0.2000000000000000111 ) ) ;
#385 = AXIS2_PLACEMENT_3D ( 'NONE', #1558, #2403, #3335 ) ;
#386 = VERTEX_POINT ( 'NONE', #651 ) ;
#387 = VERTEX_POINT ( 'NONE', #4967 ) ;
#388 = ORIENTED_EDGE ( 'NONE', *, *, #5279, .T. ) ;
#389 = COLOUR_RGB ( '',1.000000000000000000, 1.000000000000000000, 1.000000000000000000 ) ;
#390 = CARTESIAN_POINT ( 'NONE',  ( 0.3749999999999997780, -1.099999999999999867, 0.0000000000000000000 ) ) ;
#391 = EDGE_CURVE ( 'NONE', #2242, #452, #2409, .T. ) ;
#392 = PRESENTATION_STYLE_ASSIGNMENT (( #4950 ) ) ;
#393 = CARTESIAN_POINT ( 'NONE',  ( 0.8750000000000001110, 1.500999999999999890, 0.0000000000000000000 ) ) ;
#394 = LINE ( 'NONE', #1683, #4024 ) ;
#395 = DIRECTION ( 'NONE',  ( 1.000000000000000000, -8.673617379884027583E-15, 0.0000000000000000000 ) ) ;
#396 = VECTOR ( 'NONE', #2230, 1000.000000000000000 ) ;
#397 = PRESENTATION_LAYER_ASSIGNMENT (  '', '', ( #5330 ) ) ;
#398 = ORIENTED_EDGE ( 'NONE', *, *, #1317, .F. ) ;
#399 = SURFACE_STYLE_USAGE ( .BOTH. , #3428 ) ;
#400 = PRESENTATION_LAYER_ASSIGNMENT (  '', '', ( #5617 ) ) ;
#401 = CARTESIAN_POINT ( 'NONE',  ( -0.1249999999999998890, 1.500000000000000000, 0.9000000000000001332 ) ) ;
#402 = EDGE_CURVE ( 'NONE', #1071, #1404, #1252, .T. ) ;
#403 = SURFACE_STYLE_FILL_AREA ( #5187 ) ;
#404 = DIRECTION ( 'NONE',  ( 0.0000000000000000000, 1.000000000000000000, 0.0000000000000000000 ) ) ;
#405 = SURFACE_STYLE_FILL_AREA ( #4759 ) ;
#406 = SURFACE_SIDE_STYLE ('',( #5054 ) ) ;
#407 =( GEOMETRIC_REPRESENTATION_CONTEXT ( 3 ) GLOBAL_UNCERTAINTY_ASSIGNED_CONTEXT ( ( #974 ) ) GLOBAL_UNIT_ASSIGNED_CONTEXT ( ( #3110, #2239, #5672 ) ) REPRESENTATION_CONTEXT ( 'NONE', 'WORKASPACE' ) );
#408 = ORIENTED_EDGE ( 'NONE', *, *, #1059, .F. ) ;
#409 = FACE_OUTER_BOUND ( 'NONE', #1724, .T. ) ;
#410 = PLANE ( 'NONE',  #5323 ) ;
#411 = DIRECTION ( 'NONE',  ( 1.000000000000000000, 0.0000000000000000000, -0.0000000000000000000 ) ) ;
#412 = ADVANCED_FACE ( 'NONE', ( #1750 ), #3892, .F. ) ;
#413 = MECHANICAL_DESIGN_GEOMETRIC_PRESENTATION_REPRESENTATION (  '', ( #794 ), #612 ) ;
#414 = ORIENTED_EDGE ( 'NONE', *, *, #515, .F. ) ;
#415 =( NAMED_UNIT ( * ) PLANE_ANGLE_UNIT ( ) SI_UNIT ( $, .RADIAN. ) );
#416 = EDGE_CURVE ( 'NONE', #1404, #1465, #3055, .T. ) ;
#417 = VECTOR ( 'NONE', #4990, 1000.000000000000000 ) ;
#418 = CARTESIAN_POINT ( 'NONE',  ( 0.8999999999999998002, 0.6000000000000009770, 0.0000000000000000000 ) ) ;
#419 =( NAMED_UNIT ( * ) PLANE_ANGLE_UNIT ( ) SI_UNIT ( $, .RADIAN. ) );
#420 = ORIENTED_EDGE ( 'NONE', *, *, #2956, .F. ) ;
#421 = ORIENTED_EDGE ( 'NONE', *, *, #2326, .F. ) ;
#422 = ORIENTED_EDGE ( 'NONE', *, *, #671, .F. ) ;
#423 = COLOUR_RGB ( '',1.000000000000000000, 1.000000000000000000, 1.000000000000000000 ) ;
#424 = CARTESIAN_POINT ( 'NONE',  ( -1.501000000000001000, 0.3749999999999942824, 0.2000000000000000111 ) ) ;
#425 = CARTESIAN_POINT ( 'NONE',  ( 0.6249999999999995559, -1.099999999999999867, 0.0000000000000000000 ) ) ;
#426 = FILL_AREA_STYLE ('',( #2686 ) ) ;
#427 = PLANE ( 'NONE',  #1263 ) ;
#428 = PRESENTATION_LAYER_ASSIGNMENT (  '', '', ( #628 ) ) ;
#429 = ORIENTED_EDGE ( 'NONE', *, *, #1670, .T. ) ;
#430 = FILL_AREA_STYLE_COLOUR ( '', #4857 ) ;
#431 = AXIS2_PLACEMENT_3D ( 'NONE', #4640, #2776, #1506 ) ;
#432 = DIRECTION ( 'NONE',  ( 1.000000000000000000, 4.325993705677820091E-15, -0.0000000000000000000 ) ) ;
#433 = FACE_OUTER_BOUND ( 'NONE', #3739, .T. ) ;
#434 = CARTESIAN_POINT ( 'NONE',  ( 1.500000000000000888, -1.500000000000000000, 0.02000000000000000042 ) ) ;
#435 = VECTOR ( 'NONE', #232, 1000.000000000000000 ) ;
#436 = EDGE_CURVE ( 'NONE', #5121, #5118, #1197, .T. ) ;
#437 = ORIENTED_EDGE ( 'NONE', *, *, #1775, .F. ) ;
#438 = DIRECTION ( 'NONE',  ( -1.000000000000000000, -3.244495279258364871E-15, 0.0000000000000000000 ) ) ;
#439 = FILL_AREA_STYLE_COLOUR ( '', #3741 ) ;
#440 = CARTESIAN_POINT ( 'NONE',  ( 0.8999999999999998002, 0.6000000000000009770, 0.2000000000000000111 ) ) ;
#441 =( GEOMETRIC_REPRESENTATION_CONTEXT ( 3 ) GLOBAL_UNCERTAINTY_ASSIGNED_CONTEXT ( ( #2810 ) ) GLOBAL_UNIT_ASSIGNED_CONTEXT ( ( #3030, #1787, #1667 ) ) REPRESENTATION_CONTEXT ( 'NONE', 'WORKASPACE' ) );
#442 = LINE ( 'NONE', #3960, #5495 ) ;
#443 =( NAMED_UNIT ( * ) SI_UNIT ( $, .STERADIAN. ) SOLID_ANGLE_UNIT ( ) );
#444 = EDGE_CURVE ( 'NONE', #5667, #5010, #5184, .T. ) ;
#445 = ORIENTED_EDGE ( 'NONE', *, *, #2155, .F. ) ;
#446 = PLANE ( 'NONE',  #5555 ) ;
#447 = FILL_AREA_STYLE ('',( #4850 ) ) ;
#448 = VECTOR ( 'NONE', #2269, 1000.000000000000000 ) ;
#449 = VECTOR ( 'NONE', #2009, 1000.000000000000000 ) ;
#450 = CARTESIAN_POINT ( 'NONE',  ( 1.500999999999997891, 0.6250000000000048850, 0.0000000000000000000 ) ) ;
#451 = EDGE_CURVE ( 'NONE', #5480, #5010, #1300, .T. ) ;
#452 = VERTEX_POINT ( 'NONE', #1276 ) ;
#453 = ORIENTED_EDGE ( 'NONE', *, *, #1466, .T. ) ;
#454 = LINE ( 'NONE', #2793, #1328 ) ;
#455 = CARTESIAN_POINT ( 'NONE',  ( 1.100000000000000311, -0.1249999999999966416, 0.2000000000000000111 ) ) ;
#456 = SURFACE_SIDE_STYLE ('',( #4807 ) ) ;
#457 =( NAMED_UNIT ( * ) PLANE_ANGLE_UNIT ( ) SI_UNIT ( $, .RADIAN. ) );
#458 = ORIENTED_EDGE ( 'NONE', *, *, #3541, .T. ) ;
#459 = DIRECTION ( 'NONE',  ( -0.0000000000000000000, 0.0000000000000000000, 1.000000000000000000 ) ) ;
#460 =( NAMED_UNIT ( * ) SI_UNIT ( $, .STERADIAN. ) SOLID_ANGLE_UNIT ( ) );
#461 =( NAMED_UNIT ( * ) SI_UNIT ( $, .STERADIAN. ) SOLID_ANGLE_UNIT ( ) );
#462 = PRESENTATION_STYLE_ASSIGNMENT (( #2658 ) ) ;
#463 =( LENGTH_UNIT ( ) NAMED_UNIT ( * ) SI_UNIT ( .MILLI., .METRE. ) );
#464 = CARTESIAN_POINT ( 'NONE',  ( 0.6249999999999992228, 1.100000000000000311, 0.02000000000000000042 ) ) ;
#465 = ORIENTED_EDGE ( 'NONE', *, *, #2055, .T. ) ;
#466 = COLOUR_RGB ( '',0.7960784313725489669, 0.8235294117647058432, 0.9372549019607843146 ) ;
#467 = DIRECTION ( 'NONE',  ( 0.7071067811865444641, -0.7071067811865505703, 0.0000000000000000000 ) ) ;
#468 = CARTESIAN_POINT ( 'NONE',  ( 1.100000000000001865, -0.6249999999999962252, 0.01999999999999999695 ) ) ;
#469 = FILL_AREA_STYLE ('',( #1789 ) ) ;
#470 = DIRECTION ( 'NONE',  ( 0.7071067811865487940, -0.7071067811865463515, 0.0000000000000000000 ) ) ;
#471 = EDGE_CURVE ( 'NONE', #2738, #5629, #5556, .T. ) ;
#472 =( LENGTH_UNIT ( ) NAMED_UNIT ( * ) SI_UNIT ( .MILLI., .METRE. ) );
#473 = ORIENTED_EDGE ( 'NONE', *, *, #5622, .F. ) ;
#474 = SURFACE_STYLE_FILL_AREA ( #1405 ) ;
#475 = SURFACE_SIDE_STYLE ('',( #5201 ) ) ;
#476 = PRESENTATION_LAYER_ASSIGNMENT (  '', '', ( #5406 ) ) ;
#477 = VERTEX_POINT ( 'NONE', #2548 ) ;
#478 = ORIENTED_EDGE ( 'NONE', *, *, #1211, .F. ) ;
#479 = VERTEX_POINT ( 'NONE', #5212 ) ;
#480 =( NAMED_UNIT ( * ) SI_UNIT ( $, .STERADIAN. ) SOLID_ANGLE_UNIT ( ) );
#481 = STYLED_ITEM ( 'NONE', ( #5448 ), #2845 ) ;
#482 = VECTOR ( 'NONE', #1248, 1000.000000000000000 ) ;
#483 = EDGE_CURVE ( 'NONE', #5096, #1274, #3456, .T. ) ;
#484 = PRESENTATION_STYLE_ASSIGNMENT (( #2626 ) ) ;
#485 = DIRECTION ( 'NONE',  ( -0.0000000000000000000, -0.0000000000000000000, -1.000000000000000000 ) ) ;
#486 = ORIENTED_EDGE ( 'NONE', *, *, #4370, .T. ) ;
#487 = MECHANICAL_DESIGN_GEOMETRIC_PRESENTATION_REPRESENTATION (  '', ( #4630 ), #3461 ) ;
#488 = PRESENTATION_STYLE_ASSIGNMENT (( #1047 ) ) ;
#489 = FACE_OUTER_BOUND ( 'NONE', #1910, .T. ) ;
#490 = DIRECTION ( 'NONE',  ( 0.0000000000000000000, -0.0000000000000000000, 1.000000000000000000 ) ) ;
#491 = DIRECTION ( 'NONE',  ( -0.0000000000000000000, -0.0000000000000000000, -1.000000000000000000 ) ) ;
#492 = ADVANCED_FACE ( 'NONE', ( #367 ), #2186, .F. ) ;
#493 = FILL_AREA_STYLE_COLOUR ( '', #3352 ) ;
#494 = FILL_AREA_STYLE ('',( #4033 ) ) ;
#495 = UNCERTAINTY_MEASURE_WITH_UNIT (LENGTH_MEASURE( 1.000000000000000082E-05 ), #4293, 'distance_accuracy_value', 'NONE');
#496 =( NAMED_UNIT ( * ) SI_UNIT ( $, .STERADIAN. ) SOLID_ANGLE_UNIT ( ) );
#497 = UNCERTAINTY_MEASURE_WITH_UNIT (LENGTH_MEASURE( 1.000000000000000082E-05 ), #1576, 'distance_accuracy_value', 'NONE');
#498 = ORIENTED_EDGE ( 'NONE', *, *, #3399, .T. ) ;
#499 = AXIS2_PLACEMENT_3D ( 'NONE', #1284, #4358, #3066 ) ;
#500 = COLOUR_RGB ( '',1.000000000000000000, 1.000000000000000000, 1.000000000000000000 ) ;
#501 = DIRECTION ( 'NONE',  ( 3.469446951953616950E-15, -1.000000000000000000, -0.0000000000000000000 ) ) ;
#502 = SURFACE_SIDE_STYLE ('',( #3125 ) ) ;
#503 =( NAMED_UNIT ( * ) PLANE_ANGLE_UNIT ( ) SI_UNIT ( $, .RADIAN. ) );
#504 = CARTESIAN_POINT ( 'NONE',  ( -1.499999999999999112, -1.500000000000000000, 0.02000000000000000042 ) ) ;
#505 = CARTESIAN_POINT ( 'NONE',  ( -1.500000000000000000, 1.500000000000000000, 0.1999999999999999833 ) ) ;
#506 = SURFACE_SIDE_STYLE ('',( #1898 ) ) ;
#507 = STYLED_ITEM ( 'NONE', ( #1085 ), #3623 ) ;
#508 = ORIENTED_EDGE ( 'NONE', *, *, #5037, .T. ) ;
#509 = PRESENTATION_STYLE_ASSIGNMENT (( #1431 ) ) ;
#510 = COLOUR_RGB ( '',0.0000000000000000000, 0.0000000000000000000, 0.0000000000000000000 ) ;
#511 = FACE_OUTER_BOUND ( 'NONE', #2950, .T. ) ;
#512 = LINE ( 'NONE', #4876, #1723 ) ;
#513 = MECHANICAL_DESIGN_GEOMETRIC_PRESENTATION_REPRESENTATION (  '', ( #132 ), #1823 ) ;
#514 = ORIENTED_EDGE ( 'NONE', *, *, #5616, .T. ) ;
#515 = EDGE_CURVE ( 'NONE', #4077, #1465, #108, .T. ) ;
#516 = ORIENTED_EDGE ( 'NONE', *, *, #3203, .F. ) ;
#517 = FILL_AREA_STYLE_COLOUR ( '', #24 ) ;
#518 = FILL_AREA_STYLE_COLOUR ( '', #203 ) ;
#519 = LINE ( 'NONE', #4450, #4755 ) ;
#520 = ORIENTED_EDGE ( 'NONE', *, *, #3259, .F. ) ;
#521 = VECTOR ( 'NONE', #88, 1000.000000000000000 ) ;
#522 = LINE ( 'NONE', #3208, #1199 ) ;
#523 = CARTESIAN_POINT ( 'NONE',  ( 1.099999999999997646, 0.6250000000000031086, 0.2000000000000000111 ) ) ;
#524 =( GEOMETRIC_REPRESENTATION_CONTEXT ( 3 ) GLOBAL_UNCERTAINTY_ASSIGNED_CONTEXT ( ( #3694 ) ) GLOBAL_UNIT_ASSIGNED_CONTEXT ( ( #4933, #457, #1777 ) ) REPRESENTATION_CONTEXT ( 'NONE', 'WORKASPACE' ) );
#525 = EDGE_CURVE ( 'NONE', #2890, #654, #4862, .T. ) ;
#526 =( GEOMETRIC_REPRESENTATION_CONTEXT ( 3 ) GLOBAL_UNCERTAINTY_ASSIGNED_CONTEXT ( ( #1595 ) ) GLOBAL_UNIT_ASSIGNED_CONTEXT ( ( #4764, #4464, #1822 ) ) REPRESENTATION_CONTEXT ( 'NONE', 'WORKASPACE' ) );
#527 =( NAMED_UNIT ( * ) SI_UNIT ( $, .STERADIAN. ) SOLID_ANGLE_UNIT ( ) );
#528 = SURFACE_STYLE_FILL_AREA ( #3213 ) ;
#529 = LINE ( 'NONE', #440, #2205 ) ;
#530 = LINE ( 'NONE', #3671, #5224 ) ;
#531 = SURFACE_STYLE_FILL_AREA ( #3591 ) ;
#532 = STYLED_ITEM ( 'NONE', ( #3 ), #5379 ) ;
#533 = ADVANCED_FACE ( 'NONE', ( #2691 ), #1446, .F. ) ;
#534 = ORIENTED_EDGE ( 'NONE', *, *, #3087, .F. ) ;
#535 = LINE ( 'NONE', #3161, #4098 ) ;
#536 = PRESENTATION_LAYER_ASSIGNMENT (  '', '', ( #3041 ) ) ;
#537 = LINE ( 'NONE', #1096, #4393 ) ;
#538 = MECHANICAL_DESIGN_GEOMETRIC_PRESENTATION_REPRESENTATION (  '', ( #2306 ), #5280 ) ;
#539 = ORIENTED_EDGE ( 'NONE', *, *, #3008, .T. ) ;
#540 = ORIENTED_EDGE ( 'NONE', *, *, #269, .F. ) ;
#541 = LINE ( 'NONE', #4503, #3566 ) ;
#542 = PRESENTATION_LAYER_ASSIGNMENT (  '', '', ( #4332 ) ) ;
#543 = SURFACE_STYLE_USAGE ( .BOTH. , #4881 ) ;
#544 = FILL_AREA_STYLE_COLOUR ( '', #4211 ) ;
#545 = VECTOR ( 'NONE', #1836, 1000.000000000000000 ) ;
#546 = VECTOR ( 'NONE', #1308, 1000.000000000000000 ) ;
#547 = ORIENTED_EDGE ( 'NONE', *, *, #3187, .T. ) ;
#548 = VERTEX_POINT ( 'NONE', #1862 ) ;
#549 = SURFACE_STYLE_USAGE ( .BOTH. , #4939 ) ;
#550 = CARTESIAN_POINT ( 'NONE',  ( 1.100000000000001199, -0.3749999999999964473, 0.2000000000000000111 ) ) ;
#551 = SURFACE_SIDE_STYLE ('',( #4887 ) ) ;
#552 = ADVANCED_FACE ( 'NONE', ( #489 ), #3114, .T. ) ;
#553 =( LENGTH_UNIT ( ) NAMED_UNIT ( * ) SI_UNIT ( .MILLI., .METRE. ) );
#554 = UNCERTAINTY_MEASURE_WITH_UNIT (LENGTH_MEASURE( 1.000000000000000082E-05 ), #672, 'distance_accuracy_value', 'NONE');
#555 = DIRECTION ( 'NONE',  ( -0.0000000000000000000, -0.0000000000000000000, -1.000000000000000000 ) ) ;
#556 = LINE ( 'NONE', #1341, #4767 ) ;
#557 = FILL_AREA_STYLE ('',( #977 ) ) ;
#558 = DIRECTION ( 'NONE',  ( 2.703746066048639036E-16, 1.000000000000000000, 0.0000000000000000000 ) ) ;
#559 = CARTESIAN_POINT ( 'NONE',  ( 1.501000000000003443, -0.8749999999999941158, 0.2000000000000000111 ) ) ;
#560 = EDGE_CURVE ( 'NONE', #5097, #1404, #522, .T. ) ;
#561 = UNCERTAINTY_MEASURE_WITH_UNIT (LENGTH_MEASURE( 1.000000000000000082E-05 ), #5550, 'distance_accuracy_value', 'NONE');
#562 = VECTOR ( 'NONE', #3589, 1000.000000000000000 ) ;
#563 = ORIENTED_EDGE ( 'NONE', *, *, #797, .T. ) ;
#564 = DIRECTION ( 'NONE',  ( 1.000000000000000000, -1.544447539153141380E-15, 0.0000000000000000000 ) ) ;
#565 =( NAMED_UNIT ( * ) SI_UNIT ( $, .STERADIAN. ) SOLID_ANGLE_UNIT ( ) );
#566 =( NAMED_UNIT ( * ) PLANE_ANGLE_UNIT ( ) SI_UNIT ( $, .RADIAN. ) );
#567 = STYLED_ITEM ( 'NONE', ( #2371 ), #1221 ) ;
#568 = EDGE_CURVE ( 'NONE', #4501, #1741, #4615, .T. ) ;
#569 = CARTESIAN_POINT ( 'NONE',  ( -1.099999999999992539, -0.6250000000000057732, 0.2000000000000000111 ) ) ;
#570 = ORIENTED_EDGE ( 'NONE', *, *, #1891, .F. ) ;
#571 = STYLED_ITEM ( 'NONE', ( #3246 ), #1441 ) ;
#572 = ORIENTED_EDGE ( 'NONE', *, *, #5636, .T. ) ;
#573 = DIRECTION ( 'NONE',  ( 0.0000000000000000000, 0.0000000000000000000, 1.000000000000000000 ) ) ;
#574 = DIRECTION ( 'NONE',  ( 1.000000000000000000, 0.0000000000000000000, 0.0000000000000000000 ) ) ;
#575 = LINE ( 'NONE', #4225, #4493 ) ;
#576 = VERTEX_POINT ( 'NONE', #3338 ) ;
#577 = VECTOR ( 'NONE', #5230, 1000.000000000000000 ) ;
#578 = CARTESIAN_POINT ( 'NONE',  ( -0.3749999999999995559, 1.500999999999999890, 0.2000000000000000111 ) ) ;
#579 = PLANE ( 'NONE',  #1493 ) ;
#580 = DIRECTION ( 'NONE',  ( -1.000000000000000000, 0.0000000000000000000, -0.0000000000000000000 ) ) ;
#581 =( LENGTH_UNIT ( ) NAMED_UNIT ( * ) SI_UNIT ( .MILLI., .METRE. ) );
#582 = LINE ( 'NONE', #4457, #2466 ) ;
#583 = VECTOR ( 'NONE', #655, 1000.000000000000000 ) ;
#584 = ADVANCED_FACE ( 'NONE', ( #5067 ), #700, .F. ) ;
#585 = CARTESIAN_POINT ( 'NONE',  ( -1.500999999999999224, -0.1250000000000057454, 0.0000000000000000000 ) ) ;
#586 = VECTOR ( 'NONE', #2930, 1000.000000000000000 ) ;
#587 = FACE_OUTER_BOUND ( 'NONE', #3535, .T. ) ;
#588 = VECTOR ( 'NONE', #501, 1000.000000000000000 ) ;
#589 = SURFACE_STYLE_USAGE ( .BOTH. , #1454 ) ;
#590 = SURFACE_STYLE_FILL_AREA ( #4968 ) ;
#591 =( NAMED_UNIT ( * ) SI_UNIT ( $, .STERADIAN. ) SOLID_ANGLE_UNIT ( ) );
#592 = VECTOR ( 'NONE', #3596, 1000.000000000000000 ) ;
#593 = ORIENTED_EDGE ( 'NONE', *, *, #4914, .F. ) ;
#594 = EDGE_CURVE ( 'NONE', #2185, #2040, #2836, .T. ) ;
#595 = FILL_AREA_STYLE_COLOUR ( '', #5508 ) ;
#596 = CARTESIAN_POINT ( 'NONE',  ( -0.6249999999999996669, -1.500000000000000222, 0.02000000000000000042 ) ) ;
#597 = LINE ( 'NONE', #2370, #3649 ) ;
#598 = SURFACE_SIDE_STYLE ('',( #1773 ) ) ;
#599 = VECTOR ( 'NONE', #4915, 1000.000000000000000 ) ;
#600 = CARTESIAN_POINT ( 'NONE',  ( 1.500000000000000666, 0.1250000000000053291, 0.9000000000000001332 ) ) ;
#601 = SURFACE_STYLE_FILL_AREA ( #1965 ) ;
#602 = STYLED_ITEM ( 'NONE', ( #2514 ), #3968 ) ;
#603 = ORIENTED_EDGE ( 'NONE', *, *, #4417, .T. ) ;
#604 = EDGE_CURVE ( 'NONE', #4335, #356, #2406, .T. ) ;
#605 = ORIENTED_EDGE ( 'NONE', *, *, #1767, .F. ) ;
#606 = PRESENTATION_LAYER_ASSIGNMENT (  '', '', ( #1345 ) ) ;
#607 =( NAMED_UNIT ( * ) SI_UNIT ( $, .STERADIAN. ) SOLID_ANGLE_UNIT ( ) );
#608 = FACE_OUTER_BOUND ( 'NONE', #2178, .T. ) ;
#609 = EDGE_LOOP ( 'NONE', ( #270, #5203, #2430, #2176, #2151, #1243 ) ) ;
#610 = EDGE_CURVE ( 'NONE', #5258, #4826, #2461, .T. ) ;
#611 = ORIENTED_EDGE ( 'NONE', *, *, #4004, .F. ) ;
#612 =( GEOMETRIC_REPRESENTATION_CONTEXT ( 3 ) GLOBAL_UNCERTAINTY_ASSIGNED_CONTEXT ( ( #2995 ) ) GLOBAL_UNIT_ASSIGNED_CONTEXT ( ( #3332, #1551, #4607 ) ) REPRESENTATION_CONTEXT ( 'NONE', 'WORKASPACE' ) );
#613 = LINE ( 'NONE', #3689, #2766 ) ;
#614 = DIRECTION ( 'NONE',  ( -4.324453109628779141E-15, 1.000000000000000000, 0.0000000000000000000 ) ) ;
#615 =( NAMED_UNIT ( * ) PLANE_ANGLE_UNIT ( ) SI_UNIT ( $, .RADIAN. ) );
#616 = LINE ( 'NONE', #2438, #3934 ) ;
#617 =( GEOMETRIC_REPRESENTATION_CONTEXT ( 3 ) GLOBAL_UNCERTAINTY_ASSIGNED_CONTEXT ( ( #3751 ) ) GLOBAL_UNIT_ASSIGNED_CONTEXT ( ( #5102, #3425, #843 ) ) REPRESENTATION_CONTEXT ( 'NONE', 'WORKASPACE' ) );
#618 = LINE ( 'NONE', #3724, #5564 ) ;
#619 = MECHANICAL_DESIGN_GEOMETRIC_PRESENTATION_REPRESENTATION (  '', ( #3951 ), #2551 ) ;
#620 = CARTESIAN_POINT ( 'NONE',  ( -1.500999999999996781, -0.8750000000000054401, 0.0000000000000000000 ) ) ;
#621 =( LENGTH_UNIT ( ) NAMED_UNIT ( * ) SI_UNIT ( .MILLI., .METRE. ) );
#622 = DIRECTION ( 'NONE',  ( -0.0000000000000000000, -0.0000000000000000000, -1.000000000000000000 ) ) ;
#623 = CARTESIAN_POINT ( 'NONE',  ( 1.500999999999999668, 0.1250000000000053291, 0.2000000000000000111 ) ) ;
#624 = LINE ( 'NONE', #738, #784 ) ;
#625 = UNCERTAINTY_MEASURE_WITH_UNIT (LENGTH_MEASURE( 1.000000000000000082E-05 ), #3656, 'distance_accuracy_value', 'NONE');
#626 = EDGE_CURVE ( 'NONE', #3378, #2263, #2354, .T. ) ;
#627 = AXIS2_PLACEMENT_3D ( 'NONE', #1948, #4143, #1979 ) ;
#628 = STYLED_ITEM ( 'NONE', ( #2111 ), #4980 ) ;
#629 = ORIENTED_EDGE ( 'NONE', *, *, #5004, .F. ) ;
#630 = SURFACE_STYLE_USAGE ( .BOTH. , #3790 ) ;
#631 = CARTESIAN_POINT ( 'NONE',  ( -1.501000000000000778, 0.8749999999999990008, 0.0000000000000000000 ) ) ;
#632 = DIRECTION ( 'NONE',  ( 2.703746066048639036E-16, 1.000000000000000000, 0.0000000000000000000 ) ) ;
#633 =( NAMED_UNIT ( * ) PLANE_ANGLE_UNIT ( ) SI_UNIT ( $, .RADIAN. ) );
#634 = SURFACE_STYLE_USAGE ( .BOTH. , #1578 ) ;
#635 = DIRECTION ( 'NONE',  ( 2.703746066048639529E-16, -1.000000000000000000, 0.0000000000000000000 ) ) ;
#636 =( GEOMETRIC_REPRESENTATION_CONTEXT ( 3 ) GLOBAL_UNCERTAINTY_ASSIGNED_CONTEXT ( ( #4258 ) ) GLOBAL_UNIT_ASSIGNED_CONTEXT ( ( #3675, #2790, #74 ) ) REPRESENTATION_CONTEXT ( 'NONE', 'WORKASPACE' ) );
#637 = VERTEX_POINT ( 'NONE', #1977 ) ;
#638 = SURFACE_SIDE_STYLE ('',( #1939 ) ) ;
#639 = LINE ( 'NONE', #5396, #4811 ) ;
#640 = CARTESIAN_POINT ( 'NONE',  ( 1.500999999999997003, 0.8750000000000025535, 0.0000000000000000000 ) ) ;
#641 = ADVANCED_FACE ( 'NONE', ( #3263 ), #4958, .T. ) ;
#642 =( NAMED_UNIT ( * ) SI_UNIT ( $, .STERADIAN. ) SOLID_ANGLE_UNIT ( ) );
#643 = ORIENTED_EDGE ( 'NONE', *, *, #4099, .T. ) ;
#644 = VECTOR ( 'NONE', #199, 1000.000000000000000 ) ;
#645 = ORIENTED_EDGE ( 'NONE', *, *, #416, .F. ) ;
#646 = DIRECTION ( 'NONE',  ( -0.0000000000000000000, -0.0000000000000000000, -1.000000000000000000 ) ) ;
#647 = CARTESIAN_POINT ( 'NONE',  ( 0.8749999999999990008, 1.099999999999999867, 0.2000000000000000111 ) ) ;
#648 = CARTESIAN_POINT ( 'NONE',  ( 0.6249999999999992228, 1.500000000000000000, 0.9000000000000001332 ) ) ;
#649 = ADVANCED_FACE ( 'NONE', ( #3134 ), #47, .F. ) ;
#650 = LINE ( 'NONE', #1922, #2287 ) ;
#651 = CARTESIAN_POINT ( 'NONE',  ( 1.500999999999997003, 0.8750000000000025535, 0.0000000000000000000 ) ) ;
#652 = DIRECTION ( 'NONE',  ( -0.0000000000000000000, -0.0000000000000000000, -1.000000000000000000 ) ) ;
#653 = DIRECTION ( 'NONE',  ( -0.0000000000000000000, -0.0000000000000000000, -1.000000000000000000 ) ) ;
#654 = VERTEX_POINT ( 'NONE', #5504 ) ;
#655 = DIRECTION ( 'NONE',  ( -0.0000000000000000000, -0.0000000000000000000, -1.000000000000000000 ) ) ;
#656 = CARTESIAN_POINT ( 'NONE',  ( -0.8749999999999991118, 1.500999999999999890, 0.2000000000000000111 ) ) ;
#657 = ADVANCED_FACE ( 'NONE', ( #2851 ), #1610, .T. ) ;
#658 = DIRECTION ( 'NONE',  ( -4.325993705677824825E-15, 1.000000000000000000, 0.0000000000000000000 ) ) ;
#659 = SURFACE_STYLE_USAGE ( .BOTH. , #1641 ) ;
#660 = PLANE ( 'NONE',  #3371 ) ;
#661 = MECHANICAL_DESIGN_GEOMETRIC_PRESENTATION_REPRESENTATION (  '', ( #7 ), #2687 ) ;
#662 = ORIENTED_EDGE ( 'NONE', *, *, #4084, .F. ) ;
#663 =( NAMED_UNIT ( * ) SI_UNIT ( $, .STERADIAN. ) SOLID_ANGLE_UNIT ( ) );
#664 = STYLED_ITEM ( 'NONE', ( #4059 ), #973 ) ;
#665 = CARTESIAN_POINT ( 'NONE',  ( 1.099999999999999423, 0.1250000000000035805, 0.2000000000000000111 ) ) ;
#666 = STYLED_ITEM ( 'NONE', ( #4217 ), #1337 ) ;
#667 = ORIENTED_EDGE ( 'NONE', *, *, #4996, .T. ) ;
#668 = ORIENTED_EDGE ( 'NONE', *, *, #333, .T. ) ;
#669 = ORIENTED_EDGE ( 'NONE', *, *, #4499, .F. ) ;
#670 = DIRECTION ( 'NONE',  ( 1.000000000000000000, 0.0000000000000000000, 0.0000000000000000000 ) ) ;
#671 = EDGE_CURVE ( 'NONE', #1677, #1605, #3059, .T. ) ;
#672 =( LENGTH_UNIT ( ) NAMED_UNIT ( * ) SI_UNIT ( .MILLI., .METRE. ) );
#673 = LINE ( 'NONE', #3339, #2243 ) ;
#674 = CARTESIAN_POINT ( 'NONE',  ( -1.499999999999999334, -0.8750000000000051070, 0.1999999999999999833 ) ) ;
#675 = CARTESIAN_POINT ( 'NONE',  ( 0.6249999999999991118, 1.500999999999999890, 0.2000000000000000111 ) ) ;
#676 = DIRECTION ( 'NONE',  ( -1.000000000000000000, -0.0000000000000000000, -0.0000000000000000000 ) ) ;
#677 = MECHANICAL_DESIGN_GEOMETRIC_PRESENTATION_REPRESENTATION (  '', ( #5406 ), #4714 ) ;
#678 = EDGE_CURVE ( 'NONE', #4768, #3404, #376, .T. ) ;
#679 = CARTESIAN_POINT ( 'NONE',  ( 1.500999999999998780, 0.3750000000000046629, 0.0000000000000000000 ) ) ;
#680 = LINE ( 'NONE', #200, #1459 ) ;
#681 = STYLED_ITEM ( 'NONE', ( #2314 ), #2761 ) ;
#682 =( GEOMETRIC_REPRESENTATION_CONTEXT ( 3 ) GLOBAL_UNCERTAINTY_ASSIGNED_CONTEXT ( ( #1429 ) ) GLOBAL_UNIT_ASSIGNED_CONTEXT ( ( #4241, #4625, #2937 ) ) REPRESENTATION_CONTEXT ( 'NONE', 'WORKASPACE' ) );
#683 = ORIENTED_EDGE ( 'NONE', *, *, #1544, .F. ) ;
#684 = COLOUR_RGB ( '',1.000000000000000000, 1.000000000000000000, 1.000000000000000000 ) ;
#685 = MECHANICAL_DESIGN_GEOMETRIC_PRESENTATION_REPRESENTATION (  '', ( #1603 ), #5417 ) ;
#686 = CARTESIAN_POINT ( 'NONE',  ( -0.3749999999999997780, -1.500999999999999890, 0.2000000000000000111 ) ) ;
#687 =( NAMED_UNIT ( * ) SI_UNIT ( $, .STERADIAN. ) SOLID_ANGLE_UNIT ( ) );
#688 = LINE ( 'NONE', #2477, #3176 ) ;
#689 = AXIS2_PLACEMENT_3D ( 'NONE', #719, #290, #1998 ) ;
#690 =( NAMED_UNIT ( * ) PLANE_ANGLE_UNIT ( ) SI_UNIT ( $, .RADIAN. ) );
#691 = EDGE_CURVE ( 'NONE', #2523, #2040, #912, .T. ) ;
#692 = EDGE_LOOP ( 'NONE', ( #3744, #5312, #3939, #85 ) ) ;
#693 = ORIENTED_EDGE ( 'NONE', *, *, #2834, .F. ) ;
#694 =( NAMED_UNIT ( * ) PLANE_ANGLE_UNIT ( ) SI_UNIT ( $, .RADIAN. ) );
#695 = LINE ( 'NONE', #3715, #292 ) ;
#696 = ORIENTED_EDGE ( 'NONE', *, *, #2779, .T. ) ;
#697 = VERTEX_POINT ( 'NONE', #884 ) ;
#698 = ORIENTED_EDGE ( 'NONE', *, *, #1152, .F. ) ;
#699 =( NAMED_UNIT ( * ) SI_UNIT ( $, .STERADIAN. ) SOLID_ANGLE_UNIT ( ) );
#700 = PLANE ( 'NONE',  #920 ) ;
#701 = CARTESIAN_POINT ( 'NONE',  ( 1.500000000000000888, -0.8749999999999942268, 0.9000000000000001332 ) ) ;
#702 =( LENGTH_UNIT ( ) NAMED_UNIT ( * ) SI_UNIT ( .MILLI., .METRE. ) );
#703 = SURFACE_STYLE_FILL_AREA ( #5404 ) ;
#704 = PRESENTATION_STYLE_ASSIGNMENT (( #2839 ) ) ;
#705 =( GEOMETRIC_REPRESENTATION_CONTEXT ( 3 ) GLOBAL_UNCERTAINTY_ASSIGNED_CONTEXT ( ( #2137 ) ) GLOBAL_UNIT_ASSIGNED_CONTEXT ( ( #2881, #1783, #2222 ) ) REPRESENTATION_CONTEXT ( 'NONE', 'WORKASPACE' ) );
#706 = DIRECTION ( 'NONE',  ( -0.0000000000000000000, -0.0000000000000000000, -1.000000000000000000 ) ) ;
#707 = SURFACE_STYLE_FILL_AREA ( #3342 ) ;
#708 = SURFACE_STYLE_USAGE ( .BOTH. , #4575 ) ;
#709 = VECTOR ( 'NONE', #1110, 1000.000000000000000 ) ;
#710 = DIRECTION ( 'NONE',  ( -0.7071067811865467956, 0.7071067811865483499, 0.0000000000000000000 ) ) ;
#711 = ADVANCED_FACE ( 'NONE', ( #5219 ), #4821, .F. ) ;
#712 = VECTOR ( 'NONE', #5544, 1000.000000000000000 ) ;
#713 = ORIENTED_EDGE ( 'NONE', *, *, #5434, .F. ) ;
#714 = DIRECTION ( 'NONE',  ( 1.000000000000000000, 0.0000000000000000000, 0.0000000000000000000 ) ) ;
#715 =( NAMED_UNIT ( * ) SI_UNIT ( $, .STERADIAN. ) SOLID_ANGLE_UNIT ( ) );
#716 = CARTESIAN_POINT ( 'NONE',  ( 0.6249999999999995559, -1.099999999999999867, 0.0000000000000000000 ) ) ;
#717 = DIRECTION ( 'NONE',  ( 1.000000000000000000, 0.0000000000000000000, 0.0000000000000000000 ) ) ;
#718 =( NAMED_UNIT ( * ) PLANE_ANGLE_UNIT ( ) SI_UNIT ( $, .RADIAN. ) );
#719 = CARTESIAN_POINT ( 'NONE',  ( -0.8999999999999998002, -0.9000000000000000222, 0.0000000000000000000 ) ) ;
#720 = COLOUR_RGB ( '',1.000000000000000000, 1.000000000000000000, 1.000000000000000000 ) ;
#721 = EDGE_CURVE ( 'NONE', #1265, #5415, #2667, .T. ) ;
#722 = ORIENTED_EDGE ( 'NONE', *, *, #257, .F. ) ;
#723 = AXIS2_PLACEMENT_3D ( 'NONE', #5308, #2616, #4831 ) ;
#724 = CARTESIAN_POINT ( 'NONE',  ( 0.8999999999999998002, 0.6000000000000009770, 0.2000000000000000111 ) ) ;
#725 = LINE ( 'NONE', #3882, #3221 ) ;
#726 = ORIENTED_EDGE ( 'NONE', *, *, #4440, .T. ) ;
#727 = ORIENTED_EDGE ( 'NONE', *, *, #1031, .T. ) ;
#728 = ORIENTED_EDGE ( 'NONE', *, *, #5139, .F. ) ;
#729 = FILL_AREA_STYLE ('',( #5278 ) ) ;
#730 = STYLED_ITEM ( 'NONE', ( #5218 ), #228 ) ;
#731 = CARTESIAN_POINT ( 'NONE',  ( 1.500000000000000666, 0.3750000000000046629, 0.9000000000000001332 ) ) ;
#732 = LINE ( 'NONE', #2491, #3303 ) ;
#733 = VECTOR ( 'NONE', #2327, 1000.000000000000000 ) ;
#734 = UNCERTAINTY_MEASURE_WITH_UNIT (LENGTH_MEASURE( 1.000000000000000082E-05 ), #3563, 'distance_accuracy_value', 'NONE');
#735 = DIRECTION ( 'NONE',  ( -0.0000000000000000000, -0.0000000000000000000, -1.000000000000000000 ) ) ;
#736 = PRESENTATION_STYLE_ASSIGNMENT (( #4292 ) ) ;
#737 = MECHANICAL_DESIGN_GEOMETRIC_PRESENTATION_REPRESENTATION (  '', ( #1940 ), #168 ) ;
#738 = CARTESIAN_POINT ( 'NONE',  ( -1.499999999999999112, -1.500000000000000000, 0.9000000000000001332 ) ) ;
#739 = ORIENTED_EDGE ( 'NONE', *, *, #4106, .F. ) ;
#740 = CARTESIAN_POINT ( 'NONE',  ( 0.8749999999999995559, -1.149999999999999689, 0.2000000000000000111 ) ) ;
#741 = LINE ( 'NONE', #3817, #201 ) ;
#742 = EDGE_CURVE ( 'NONE', #3028, #1810, #2582, .T. ) ;
#743 = DIRECTION ( 'NONE',  ( 1.000000000000000000, 3.252606517456510541E-15, -0.0000000000000000000 ) ) ;
#744 = PLANE ( 'NONE',  #760 ) ;
#745 = DIRECTION ( 'NONE',  ( 0.0000000000000000000, -0.0000000000000000000, -1.000000000000000000 ) ) ;
#746 = FILL_AREA_STYLE ('',( #2054 ) ) ;
#747 = ORIENTED_EDGE ( 'NONE', *, *, #993, .T. ) ;
#748 = EDGE_LOOP ( 'NONE', ( #5485, #2828, #1525, #5547 ) ) ;
#749 = CARTESIAN_POINT ( 'NONE',  ( -1.501000000000001000, 0.3749999999999942824, 0.2000000000000000111 ) ) ;
#750 = ADVANCED_FACE ( 'NONE', ( #3985 ), #10, .F. ) ;
#751 = SURFACE_STYLE_USAGE ( .BOTH. , #3855 ) ;
#752 = VERTEX_POINT ( 'NONE', #4869 ) ;
#753 = VERTEX_POINT ( 'NONE', #4546 ) ;
#754 = ORIENTED_EDGE ( 'NONE', *, *, #2570, .F. ) ;
#755 = LINE ( 'NONE', #2096, #4468 ) ;
#756 = LINE ( 'NONE', #2180, #3074 ) ;
#757 = DIRECTION ( 'NONE',  ( -0.0000000000000000000, -0.0000000000000000000, -1.000000000000000000 ) ) ;
#758 = PRESENTATION_STYLE_ASSIGNMENT (( #336 ) ) ;
#759 = EDGE_CURVE ( 'NONE', #4930, #1859, #5381, .T. ) ;
#760 = AXIS2_PLACEMENT_3D ( 'NONE', #378, #4408, #3095 ) ;
#761 = CARTESIAN_POINT ( 'NONE',  ( -0.8249999999999992895, 1.099999999999999867, 0.0000000000000000000 ) ) ;
#762 = FACE_OUTER_BOUND ( 'NONE', #4534, .T. ) ;
#763 = SURFACE_STYLE_USAGE ( .BOTH. , #2188 ) ;
#764 = LINE ( 'NONE', #4786, #4825 ) ;
#765 = AXIS2_PLACEMENT_3D ( 'NONE', #4262, #404, #4785 ) ;
#766 = EDGE_CURVE ( 'NONE', #1935, #4852, #2251, .T. ) ;
#767 = ORIENTED_EDGE ( 'NONE', *, *, #4383, .T. ) ;
#768 =( NAMED_UNIT ( * ) PLANE_ANGLE_UNIT ( ) SI_UNIT ( $, .RADIAN. ) );
#769 = STYLED_ITEM ( 'NONE', ( #4561 ), #2604 ) ;
#770 = PRESENTATION_STYLE_ASSIGNMENT (( #2966 ) ) ;
#771 = SURFACE_STYLE_USAGE ( .BOTH. , #2968 ) ;
#772 = MECHANICAL_DESIGN_GEOMETRIC_PRESENTATION_REPRESENTATION (  '', ( #2521 ), #5507 ) ;
#773 = AXIS2_PLACEMENT_3D ( 'NONE', #3000, #5135, #1694 ) ;
#774 = ADVANCED_FACE ( 'NONE', ( #89 ), #2365, .F. ) ;
#775 = ORIENTED_EDGE ( 'NONE', *, *, #3503, .F. ) ;
#776 = SURFACE_STYLE_FILL_AREA ( #2506 ) ;
#777 = EDGE_CURVE ( 'NONE', #2292, #1188, #1895, .T. ) ;
#778 = PRESENTATION_LAYER_ASSIGNMENT (  '', '', ( #3295 ) ) ;
#779 = ORIENTED_EDGE ( 'NONE', *, *, #5440, .T. ) ;
#780 =( GEOMETRIC_REPRESENTATION_CONTEXT ( 3 ) GLOBAL_UNCERTAINTY_ASSIGNED_CONTEXT ( ( #4973 ) ) GLOBAL_UNIT_ASSIGNED_CONTEXT ( ( #4365, #4392, #3107 ) ) REPRESENTATION_CONTEXT ( 'NONE', 'WORKASPACE' ) );
#781 = VERTEX_POINT ( 'NONE', #1821 ) ;
#782 = LINE ( 'NONE', #3483, #1964 ) ;
#783 = DIRECTION ( 'NONE',  ( 0.0000000000000000000, 0.0000000000000000000, 1.000000000000000000 ) ) ;
#784 = VECTOR ( 'NONE', #2843, 1000.000000000000000 ) ;
#785 = SURFACE_SIDE_STYLE ('',( #1219 ) ) ;
#786 = UNCERTAINTY_MEASURE_WITH_UNIT (LENGTH_MEASURE( 1.000000000000000082E-05 ), #5014, 'distance_accuracy_value', 'NONE');
#787 = EDGE_CURVE ( 'NONE', #3390, #4077, #4091, .T. ) ;
#788 = ORIENTED_EDGE ( 'NONE', *, *, #3048, .T. ) ;
#789 = SURFACE_STYLE_USAGE ( .BOTH. , #2990 ) ;
#790 = DIRECTION ( 'NONE',  ( 1.000000000000000000, 0.0000000000000000000, -0.0000000000000000000 ) ) ;
#791 = PRESENTATION_STYLE_ASSIGNMENT (( #2576 ) ) ;
#792 = ORIENTED_EDGE ( 'NONE', *, *, #2270, .T. ) ;
#793 = DIRECTION ( 'NONE',  ( 1.000000000000000000, 4.325993705677817725E-15, 0.0000000000000000000 ) ) ;
#794 = STYLED_ITEM ( 'NONE', ( #4925 ), #4321 ) ;
#795 = DIRECTION ( 'NONE',  ( 0.0000000000000000000, 0.0000000000000000000, 1.000000000000000000 ) ) ;
#796 = DIRECTION ( 'NONE',  ( -2.780005570475651171E-15, 1.000000000000000000, 0.0000000000000000000 ) ) ;
#797 = EDGE_CURVE ( 'NONE', #1119, #4222, #4122, .T. ) ;
#798 =( LENGTH_UNIT ( ) NAMED_UNIT ( * ) SI_UNIT ( .MILLI., .METRE. ) );
#799 = MANIFOLD_SOLID_BREP ( 'Extrude3', #999 ) ;
#800 = VECTOR ( 'NONE', #3581, 1000.000000000000000 ) ;
#801 = VERTEX_POINT ( 'NONE', #3809 ) ;
#802 =( NAMED_UNIT ( * ) SI_UNIT ( $, .STERADIAN. ) SOLID_ANGLE_UNIT ( ) );
#803 = COLOUR_RGB ( '',1.000000000000000000, 1.000000000000000000, 1.000000000000000000 ) ;
#804 = LINE ( 'NONE', #1675, #712 ) ;
#805 = PRESENTATION_LAYER_ASSIGNMENT (  '', '', ( #145 ) ) ;
#806 = EDGE_LOOP ( 'NONE', ( #3901, #5109, #3106, #3687 ) ) ;
#807 = ORIENTED_EDGE ( 'NONE', *, *, #2173, .T. ) ;
#808 = VERTEX_POINT ( 'NONE', #1571 ) ;
#809 = PRESENTATION_STYLE_ASSIGNMENT (( #2488 ) ) ;
#810 = DIRECTION ( 'NONE',  ( -3.469446951953616950E-15, 1.000000000000000000, 0.0000000000000000000 ) ) ;
#811 = DIRECTION ( 'NONE',  ( -0.0000000000000000000, -0.0000000000000000000, -1.000000000000000000 ) ) ;
#812 = DIRECTION ( 'NONE',  ( -0.0000000000000000000, -1.000000000000000000, -0.0000000000000000000 ) ) ;
#813 = VERTEX_POINT ( 'NONE', #4993 ) ;
#814 = VECTOR ( 'NONE', #4214, 1000.000000000000000 ) ;
#815 = DIRECTION ( 'NONE',  ( -0.0000000000000000000, -0.0000000000000000000, -1.000000000000000000 ) ) ;
#816 = DIRECTION ( 'NONE',  ( 0.0000000000000000000, 0.0000000000000000000, -1.000000000000000000 ) ) ;
#817 =( NAMED_UNIT ( * ) PLANE_ANGLE_UNIT ( ) SI_UNIT ( $, .RADIAN. ) );
#818 = ADVANCED_FACE ( 'NONE', ( #3725 ), #5271, .F. ) ;
#819 = FILL_AREA_STYLE_COLOUR ( '', #3904 ) ;
#820 = CARTESIAN_POINT ( 'NONE',  ( 1.200000000000000400, 1.000000000000000000, 0.8500000000000000888 ) ) ;
#821 = ORIENTED_EDGE ( 'NONE', *, *, #1845, .F. ) ;
#822 = CARTESIAN_POINT ( 'NONE',  ( -1.499999999999999556, -0.1250000000000057454, 0.02000000000000000042 ) ) ;
#823 = CARTESIAN_POINT ( 'NONE',  ( 0.3749999999999996669, -1.500999999999999890, 0.2000000000000000111 ) ) ;
#824 = LINE ( 'NONE', #5169, #4814 ) ;
#825 =( NAMED_UNIT ( * ) SI_UNIT ( $, .STERADIAN. ) SOLID_ANGLE_UNIT ( ) );
#826 = CARTESIAN_POINT ( 'NONE',  ( -1.500000000000005107, -0.1250000000000079103, 0.02000000000000000042 ) ) ;
#827 = AXIS2_PLACEMENT_3D ( 'NONE', #304, #2097, #3859 ) ;
#828 = VECTOR ( 'NONE', #1077, 1000.000000000000000 ) ;
#829 = VERTEX_POINT ( 'NONE', #2444 ) ;
#830 = EDGE_CURVE ( 'NONE', #4826, #2393, #4207, .T. ) ;
#831 = PLANE ( 'NONE',  #1974 ) ;
#832 =( LENGTH_UNIT ( ) NAMED_UNIT ( * ) SI_UNIT ( .MILLI., .METRE. ) );
#833 = VERTEX_POINT ( 'NONE', #3374 ) ;
#834 = EDGE_CURVE ( 'NONE', #1349, #1274, #3785, .T. ) ;
#835 = ORIENTED_EDGE ( 'NONE', *, *, #4884, .T. ) ;
#836 = ORIENTED_EDGE ( 'NONE', *, *, #4914, .T. ) ;
#837 = DIRECTION ( 'NONE',  ( 0.0000000000000000000, 1.000000000000000000, -0.0000000000000000000 ) ) ;
#838 = CARTESIAN_POINT ( 'NONE',  ( 0.8999999999999998002, 0.6000000000000009770, 0.0000000000000000000 ) ) ;
#839 = CARTESIAN_POINT ( 'NONE',  ( -0.8249999999999997335, -1.099999999999999867, 0.0000000000000000000 ) ) ;
#840 = CYLINDRICAL_SURFACE ( 'NONE', #289, 0.2000000000000003164 ) ;
#841 = DIRECTION ( 'NONE',  ( 1.000000000000000000, 4.324453109628793340E-15, 0.0000000000000000000 ) ) ;
#842 = UNCERTAINTY_MEASURE_WITH_UNIT (LENGTH_MEASURE( 1.000000000000000082E-05 ), #3156, 'distance_accuracy_value', 'NONE');
#843 =( NAMED_UNIT ( * ) SI_UNIT ( $, .STERADIAN. ) SOLID_ANGLE_UNIT ( ) );
#844 = COLOUR_RGB ( '',1.000000000000000000, 1.000000000000000000, 1.000000000000000000 ) ;
#845 = ORIENTED_EDGE ( 'NONE', *, *, #4769, .F. ) ;
#846 = EDGE_CURVE ( 'NONE', #2619, #2094, #1137, .T. ) ;
#847 = EDGE_CURVE ( 'NONE', #4390, #1176, #2931, .T. ) ;
#848 = FILL_AREA_STYLE_COLOUR ( '', #5372 ) ;
#849 = CARTESIAN_POINT ( 'NONE',  ( 1.500999999999997891, 0.6250000000000048850, 0.0000000000000000000 ) ) ;
#850 = UNCERTAINTY_MEASURE_WITH_UNIT (LENGTH_MEASURE( 1.000000000000000082E-05 ), #463, 'distance_accuracy_value', 'NONE');
#851 = PLANE ( 'NONE',  #2920 ) ;
#852 = COLOUR_RGB ( '',1.000000000000000000, 1.000000000000000000, 1.000000000000000000 ) ;
#853 = EDGE_CURVE ( 'NONE', #2642, #3445, #2218, .T. ) ;
#854 = ORIENTED_EDGE ( 'NONE', *, *, #257, .T. ) ;
#855 = DIRECTION ( 'NONE',  ( -1.000000000000000000, -4.325993705677817725E-15, 0.0000000000000000000 ) ) ;
#856 =( LENGTH_UNIT ( ) NAMED_UNIT ( * ) SI_UNIT ( .MILLI., .METRE. ) );
#857 = CARTESIAN_POINT ( 'NONE',  ( -1.149999999999996803, -0.8750000000000038858, 0.2000000000000000111 ) ) ;
#858 =( GEOMETRIC_REPRESENTATION_CONTEXT ( 3 ) GLOBAL_UNCERTAINTY_ASSIGNED_CONTEXT ( ( #2308 ) ) GLOBAL_UNIT_ASSIGNED_CONTEXT ( ( #581, #5464, #5016 ) ) REPRESENTATION_CONTEXT ( 'NONE', 'WORKASPACE' ) );
#859 = ORIENTED_EDGE ( 'NONE', *, *, #5239, .T. ) ;
#860 =( NAMED_UNIT ( * ) PLANE_ANGLE_UNIT ( ) SI_UNIT ( $, .RADIAN. ) );
#861 = VECTOR ( 'NONE', #4949, 1000.000000000000000 ) ;
#862 = DIRECTION ( 'NONE',  ( -0.7071067811865486830, 0.7071067811865464625, -0.0000000000000000000 ) ) ;
#863 = COLOUR_RGB ( '',0.0000000000000000000, 0.0000000000000000000, 0.0000000000000000000 ) ;
#864 = PRESENTATION_STYLE_ASSIGNMENT (( #2260 ) ) ;
#865 = ORIENTED_EDGE ( 'NONE', *, *, #3961, .F. ) ;
#866 = ORIENTED_EDGE ( 'NONE', *, *, #5032, .F. ) ;
#867 = ORIENTED_EDGE ( 'NONE', *, *, #3375, .F. ) ;
#868 = MECHANICAL_DESIGN_GEOMETRIC_PRESENTATION_REPRESENTATION (  '', ( #5059 ), #1144 ) ;
#869 = LINE ( 'NONE', #2980, #3442 ) ;
#870 = PLANE ( 'NONE',  #2628 ) ;
#871 = EDGE_CURVE ( 'NONE', #5063, #4187, #1719, .T. ) ;
#872 = SURFACE_STYLE_USAGE ( .BOTH. , #785 ) ;
#873 =( GEOMETRIC_REPRESENTATION_CONTEXT ( 3 ) GLOBAL_UNCERTAINTY_ASSIGNED_CONTEXT ( ( #2632 ) ) GLOBAL_UNIT_ASSIGNED_CONTEXT ( ( #798, #2640, #443 ) ) REPRESENTATION_CONTEXT ( 'NONE', 'WORKASPACE' ) );
#874 = AXIS2_PLACEMENT_3D ( 'NONE', #724, #3770, #2057 ) ;
#875 = VERTEX_POINT ( 'NONE', #4784 ) ;
#876 = VECTOR ( 'NONE', #1487, 1000.000000000000000 ) ;
#877 =( NAMED_UNIT ( * ) SI_UNIT ( $, .STERADIAN. ) SOLID_ANGLE_UNIT ( ) );
#878 = CARTESIAN_POINT ( 'NONE',  ( -1.100000000000019629, -1.500000000000000000, 0.02000000000000000042 ) ) ;
#879 =( GEOMETRIC_REPRESENTATION_CONTEXT ( 3 ) GLOBAL_UNCERTAINTY_ASSIGNED_CONTEXT ( ( #3639 ) ) GLOBAL_UNIT_ASSIGNED_CONTEXT ( ( #2357, #2464, #1108 ) ) REPRESENTATION_CONTEXT ( 'NONE', 'WORKASPACE' ) );
#880 = EDGE_LOOP ( 'NONE', ( #1075, #3045, #3520, #275 ) ) ;
#881 = LINE ( 'NONE', #1786, #2443 ) ;
#882 = CARTESIAN_POINT ( 'NONE',  ( 0.1249999999999998890, -1.500999999999999890, 0.2000000000000000111 ) ) ;
#883 = CARTESIAN_POINT ( 'NONE',  ( -0.3749999999999995559, 1.500999999999999890, 0.0000000000000000000 ) ) ;
#884 = CARTESIAN_POINT ( 'NONE',  ( 0.6249999999999983347, 1.500000000000000000, 0.02000000000000000042 ) ) ;
#885 = LINE ( 'NONE', #4521, #1360 ) ;
#886 = DIRECTION ( 'NONE',  ( 1.000000000000000000, 0.0000000000000000000, -0.0000000000000000000 ) ) ;
#887 = SURFACE_STYLE_USAGE ( .BOTH. , #1642 ) ;
#888 = EDGE_CURVE ( 'NONE', #1582, #263, #4729, .T. ) ;
#889 = ORIENTED_EDGE ( 'NONE', *, *, #3629, .F. ) ;
#890 = PLANE ( 'NONE',  #4141 ) ;
#891 = ADVANCED_FACE ( 'NONE', ( #2133 ), #2960, .F. ) ;
#892 = VECTOR ( 'NONE', #3793, 1000.000000000000000 ) ;
#893 = FACE_OUTER_BOUND ( 'NONE', #948, .T. ) ;
#894 = ORIENTED_EDGE ( 'NONE', *, *, #3576, .F. ) ;
#895 = ORIENTED_EDGE ( 'NONE', *, *, #3722, .T. ) ;
#896 = ORIENTED_EDGE ( 'NONE', *, *, #4075, .F. ) ;
#897 = STYLED_ITEM ( 'NONE', ( #2654 ), #4732 ) ;
#898 = PRESENTATION_STYLE_ASSIGNMENT (( #5285 ) ) ;
#899 =( LENGTH_UNIT ( ) NAMED_UNIT ( * ) SI_UNIT ( .MILLI., .METRE. ) );
#900 = SURFACE_SIDE_STYLE ('',( #1327 ) ) ;
#901 = ORIENTED_EDGE ( 'NONE', *, *, #451, .F. ) ;
#902 = EDGE_CURVE ( 'NONE', #2910, #4396, #4374, .T. ) ;
#903 =( NAMED_UNIT ( * ) SI_UNIT ( $, .STERADIAN. ) SOLID_ANGLE_UNIT ( ) );
#904 =( NAMED_UNIT ( * ) PLANE_ANGLE_UNIT ( ) SI_UNIT ( $, .RADIAN. ) );
#905 = SURFACE_SIDE_STYLE ('',( #2245 ) ) ;
#906 = DIRECTION ( 'NONE',  ( -0.0000000000000000000, -0.0000000000000000000, -1.000000000000000000 ) ) ;
#907 = CARTESIAN_POINT ( 'NONE',  ( -1.500000000000005107, -0.1250000000000057454, 0.02000000000000000042 ) ) ;
#908 = STYLED_ITEM ( 'NONE', ( #5476 ), #198 ) ;
#909 = VERTEX_POINT ( 'NONE', #5186 ) ;
#910 = EDGE_CURVE ( 'NONE', #5533, #2486, #1277, .T. ) ;
#911 = FACE_OUTER_BOUND ( 'NONE', #2276, .T. ) ;
#912 = LINE ( 'NONE', #2198, #546 ) ;
#913 = SURFACE_STYLE_USAGE ( .BOTH. , #979 ) ;
#914 = PRESENTATION_STYLE_ASSIGNMENT (( #1699 ) ) ;
#915 = CARTESIAN_POINT ( 'NONE',  ( 0.3749999999999996669, -1.500999999999999890, 0.0000000000000000000 ) ) ;
#916 = VECTOR ( 'NONE', #2959, 1000.000000000000000 ) ;
#917 = ORIENTED_EDGE ( 'NONE', *, *, #1088, .T. ) ;
#918 = EDGE_CURVE ( 'NONE', #3481, #5541, #2, .T. ) ;
#919 = FACE_OUTER_BOUND ( 'NONE', #3017, .T. ) ;
#920 = AXIS2_PLACEMENT_3D ( 'NONE', #3718, #614, #163 ) ;
#921 = DIRECTION ( 'NONE',  ( -0.0000000000000000000, -0.0000000000000000000, -1.000000000000000000 ) ) ;
#922 = ORIENTED_EDGE ( 'NONE', *, *, #127, .F. ) ;
#923 = ORIENTED_EDGE ( 'NONE', *, *, #1516, .F. ) ;
#924 = EDGE_CURVE ( 'NONE', #1143, #65, #3457, .T. ) ;
#925 = ORIENTED_EDGE ( 'NONE', *, *, #3145, .T. ) ;
#926 = CARTESIAN_POINT ( 'NONE',  ( -1.500000000000001776, -0.8750000000000072164, 0.02000000000000000042 ) ) ;
#927 = LINE ( 'NONE', #3202, #5229 ) ;
#928 = FACE_OUTER_BOUND ( 'NONE', #3253, .T. ) ;
#929 = PRESENTATION_LAYER_ASSIGNMENT (  '', '', ( #1377 ) ) ;
#930 = ORIENTED_EDGE ( 'NONE', *, *, #380, .T. ) ;
#931 = CARTESIAN_POINT ( 'NONE',  ( -1.500999999999996781, -0.8750000000000054401, 0.2000000000000000111 ) ) ;
#932 = PRESENTATION_STYLE_ASSIGNMENT (( #1837 ) ) ;
#933 = SURFACE_STYLE_USAGE ( .BOTH. , #967 ) ;
#934 = DIRECTION ( 'NONE',  ( 0.0000000000000000000, 0.0000000000000000000, -1.000000000000000000 ) ) ;
#935 =( NAMED_UNIT ( * ) PLANE_ANGLE_UNIT ( ) SI_UNIT ( $, .RADIAN. ) );
#936 = COLOUR_RGB ( '',1.000000000000000000, 1.000000000000000000, 1.000000000000000000 ) ;
#937 = PRODUCT_RELATED_PRODUCT_CATEGORY ( 'part', '', ( #2337 ) ) ;
#938 = ORIENTED_EDGE ( 'NONE', *, *, #2794, .T. ) ;
#939 = CARTESIAN_POINT ( 'NONE',  ( -1.501000000000000112, 0.1249999999999944766, 0.0000000000000000000 ) ) ;
#940 = DIRECTION ( 'NONE',  ( 1.000000000000000000, 0.0000000000000000000, -0.0000000000000000000 ) ) ;
#941 = DIRECTION ( 'NONE',  ( -1.000000000000000000, 0.0000000000000000000, 0.0000000000000000000 ) ) ;
#942 = CARTESIAN_POINT ( 'NONE',  ( -0.6249999999999984457, -1.499999999999999778, 0.02000000000000000042 ) ) ;
#943 = FILL_AREA_STYLE ('',( #4092 ) ) ;
#944 = CARTESIAN_POINT ( 'NONE',  ( 1.100000000000002753, -0.8249999999999958478, 0.0000000000000000000 ) ) ;
#945 = PRESENTATION_STYLE_ASSIGNMENT (( #4871 ) ) ;
#946 = EDGE_CURVE ( 'NONE', #4478, #2977, #5234, .T. ) ;
#947 = VECTOR ( 'NONE', #1310, 1000.000000000000000 ) ;
#948 = EDGE_LOOP ( 'NONE', ( #3800, #1318, #4022, #722, #4935, #836 ) ) ;
#949 =( LENGTH_UNIT ( ) NAMED_UNIT ( * ) SI_UNIT ( .MILLI., .METRE. ) );
#950 = FILL_AREA_STYLE_COLOUR ( '', #4097 ) ;
#951 = STYLED_ITEM ( 'NONE', ( #177 ), #1228 ) ;
#952 =( NAMED_UNIT ( * ) PLANE_ANGLE_UNIT ( ) SI_UNIT ( $, .RADIAN. ) );
#953 = COLOUR_RGB ( '',1.000000000000000000, 1.000000000000000000, 1.000000000000000000 ) ;
#954 = ORIENTED_EDGE ( 'NONE', *, *, #3629, .T. ) ;
#955 = VERTEX_POINT ( 'NONE', #3550 ) ;
#956 = DIRECTION ( 'NONE',  ( -1.000000000000000000, -4.324453109628794129E-15, 0.0000000000000000000 ) ) ;
#957 = VECTOR ( 'NONE', #233, 1000.000000000000000 ) ;
#958 = VECTOR ( 'NONE', #2624, 1000.000000000000000 ) ;
#959 =( NAMED_UNIT ( * ) PLANE_ANGLE_UNIT ( ) SI_UNIT ( $, .RADIAN. ) );
#960 = ADVANCED_FACE ( 'NONE', ( #762 ), #1662, .F. ) ;
#961 = CARTESIAN_POINT ( 'NONE',  ( 0.3749999999999998890, -1.500000000000000000, 0.1999999999999999833 ) ) ;
#962 = VERTEX_POINT ( 'NONE', #1393 ) ;
#963 = VECTOR ( 'NONE', #4121, 1000.000000000000000 ) ;
#964 = EDGE_LOOP ( 'NONE', ( #1208, #1161, #5129, #1629 ) ) ;
#965 = MECHANICAL_DESIGN_GEOMETRIC_PRESENTATION_REPRESENTATION (  '', ( #4372 ), #682 ) ;
#966 = SURFACE_STYLE_FILL_AREA ( #4886 ) ;
#967 = SURFACE_SIDE_STYLE ('',( #31 ) ) ;
#968 = PLANE ( 'NONE',  #431 ) ;
#969 = SURFACE_STYLE_FILL_AREA ( #3177 ) ;
#970 = STYLED_ITEM ( 'NONE', ( #392 ), #3299 ) ;
#971 = SURFACE_STYLE_USAGE ( .BOTH. , #551 ) ;
#972 = MECHANICAL_DESIGN_GEOMETRIC_PRESENTATION_REPRESENTATION (  '', ( #4726 ), #2265 ) ;
#973 = ADVANCED_FACE ( 'NONE', ( #4513 ), #579, .F. ) ;
#974 = UNCERTAINTY_MEASURE_WITH_UNIT (LENGTH_MEASURE( 1.000000000000000082E-05 ), #3110, 'distance_accuracy_value', 'NONE');
#975 = MECHANICAL_DESIGN_GEOMETRIC_PRESENTATION_REPRESENTATION (  '', ( #1242 ), #4006 ) ;
#976 = PLANE ( 'NONE',  #1930 ) ;
#977 = FILL_AREA_STYLE_COLOUR ( '', #2998 ) ;
#978 = PRESENTATION_STYLE_ASSIGNMENT (( #589 ) ) ;
#979 = SURFACE_SIDE_STYLE ('',( #1373 ) ) ;
#980 = ORIENTED_EDGE ( 'NONE', *, *, #5622, .T. ) ;
#981 = DIRECTION ( 'NONE',  ( -1.000000000000000000, 2.703746066048639529E-16, 0.0000000000000000000 ) ) ;
#982 = ADVANCED_FACE ( 'NONE', ( #4912 ), #2750, .T. ) ;
#983 = LINE ( 'NONE', #1433, #2163 ) ;
#984 = LINE ( 'NONE', #569, #5082 ) ;
#985 = ORIENTED_EDGE ( 'NONE', *, *, #4956, .T. ) ;
#986 = ORIENTED_EDGE ( 'NONE', *, *, #4963, .T. ) ;
#987 = STYLED_ITEM ( 'NONE', ( #4787 ), #4345 ) ;
#988 = FILL_AREA_STYLE_COLOUR ( '', #1175 ) ;
#989 = EDGE_LOOP ( 'NONE', ( #408, #4665, #4265, #1585 ) ) ;
#990 = PRESENTATION_LAYER_ASSIGNMENT (  '', '', ( #3026 ) ) ;
#991 = ORIENTED_EDGE ( 'NONE', *, *, #834, .F. ) ;
#992 = SURFACE_SIDE_STYLE ('',( #966 ) ) ;
#993 = EDGE_CURVE ( 'NONE', #637, #801, #673, .T. ) ;
#994 = DIRECTION ( 'NONE',  ( 4.336808689942058757E-15, -1.000000000000000000, 0.0000000000000000000 ) ) ;
#995 =( NAMED_UNIT ( * ) PLANE_ANGLE_UNIT ( ) SI_UNIT ( $, .RADIAN. ) );
#996 = AXIS2_PLACEMENT_3D ( 'NONE', #665, #3258, #2378 ) ;
#997 = LINE ( 'NONE', #5264, #1332 ) ;
#998 = LINE ( 'NONE', #907, #4749 ) ;
#999 = CLOSED_SHELL ( 'NONE', ( #1866, #2167, #4851, #3918, #2761, #4345, #5673, #236, #1554, #2630, #49, #4350, #3306, #5666, #2716, #3058, #23, #1656, #492, #982, #4943, #960, #1573, #1337, #4732, #1763, #4036, #1989, #3789, #3968, #5305, #1221, #2645, #4014, #71, #4070, #552, #3391, #649, #1647, #3660, #4754, #2300, #2820, #412, #1921, #3022, #228, #198, #165, #5530, #4063, #1372, #5025, #2083, #1434, #3623, #4799, #3197, #4980, #2010, #2996, #5215, #29, #4704, #4472, #4336, #2604, #3299, #284, #774, #5360, #1022, #973, #4638, #5414, #711, #264, #4669, #2845, #2725, #4321, #3334, #1680, #3038, #325, #891, #2457, #5379, #4617, #2493, #2341, #4901, #63, #3835, #641, #533, #4062, #4744, #3366, #1228, #3455, #4027, #818, #1583, #5392, #2431, #1878, #2407, #5176, #750, #3474, #4219, #584, #657, #1441, #2499, #1900, #248 ) ) ;
#1000 = COLOUR_RGB ( '',1.000000000000000000, 1.000000000000000000, 1.000000000000000000 ) ;
#1001 = CARTESIAN_POINT ( 'NONE',  ( 0.6249999999999995559, -1.500999999999999890, 0.2000000000000000111 ) ) ;
#1002 = CARTESIAN_POINT ( 'NONE',  ( -1.100000000000019629, 0.8249999999999990674, 0.0000000000000000000 ) ) ;
#1003 =( LENGTH_UNIT ( ) NAMED_UNIT ( * ) SI_UNIT ( .MILLI., .METRE. ) );
#1004 =( NAMED_UNIT ( * ) SI_UNIT ( $, .STERADIAN. ) SOLID_ANGLE_UNIT ( ) );
#1005 = SURFACE_STYLE_USAGE ( .BOTH. , #506 ) ;
#1006 = PRESENTATION_LAYER_ASSIGNMENT (  '', '', ( #4409 ) ) ;
#1007 = ORIENTED_EDGE ( 'NONE', *, *, #436, .T. ) ;
#1008 = CARTESIAN_POINT ( 'NONE',  ( 1.500999999999997003, 0.8750000000000025535, 0.2000000000000000111 ) ) ;
#1009 = FILL_AREA_STYLE_COLOUR ( '', #3729 ) ;
#1010 =( GEOMETRIC_REPRESENTATION_CONTEXT ( 3 ) GLOBAL_UNCERTAINTY_ASSIGNED_CONTEXT ( ( #3641 ) ) GLOBAL_UNIT_ASSIGNED_CONTEXT ( ( #2217, #30, #1417 ) ) REPRESENTATION_CONTEXT ( 'NONE', 'WORKASPACE' ) );
#1011 = ORIENTED_EDGE ( 'NONE', *, *, #2688, .F. ) ;
#1012 = ORIENTED_EDGE ( 'NONE', *, *, #888, .F. ) ;
#1013 = CARTESIAN_POINT ( 'NONE',  ( 1.501000000000001444, -0.3749999999999946709, 0.0000000000000000000 ) ) ;
#1014 = COLOUR_RGB ( '',1.000000000000000000, 1.000000000000000000, 1.000000000000000000 ) ;
#1015 = PLANE ( 'NONE',  #3850 ) ;
#1016 = EDGE_CURVE ( 'NONE', #5258, #5400, #252, .T. ) ;
#1017 = EDGE_LOOP ( 'NONE', ( #3497, #189, #3392, #213 ) ) ;
#1018 = DIRECTION ( 'NONE',  ( 0.0000000000000000000, 0.0000000000000000000, -1.000000000000000000 ) ) ;
#1019 = CARTESIAN_POINT ( 'NONE',  ( -0.6249999999999991118, 1.099999999999999867, 0.2000000000000000111 ) ) ;
#1020 = LINE ( 'NONE', #2330, #521 ) ;
#1021 = UNCERTAINTY_MEASURE_WITH_UNIT (LENGTH_MEASURE( 1.000000000000000082E-05 ), #3868, 'distance_accuracy_value', 'NONE');
#1022 = ADVANCED_FACE ( 'NONE', ( #1078 ), #192, .F. ) ;
#1023 = LINE ( 'NONE', #112, #3924 ) ;
#1024 = CARTESIAN_POINT ( 'NONE',  ( -0.1249999999999998890, 1.500000000000000000, 0.02000000000000005246 ) ) ;
#1025 = PLANE ( 'NONE',  #114 ) ;
#1026 = CARTESIAN_POINT ( 'NONE',  ( -0.1250000000000000000, -1.500999999999999890, 0.0000000000000000000 ) ) ;
#1027 = CARTESIAN_POINT ( 'NONE',  ( 0.1249999999999997918, 1.500999999999999890, 0.2000000000000000111 ) ) ;
#1028 =( LENGTH_UNIT ( ) NAMED_UNIT ( * ) SI_UNIT ( .MILLI., .METRE. ) );
#1029 = PRESENTATION_STYLE_ASSIGNMENT (( #4466 ) ) ;
#1030 = UNCERTAINTY_MEASURE_WITH_UNIT (LENGTH_MEASURE( 1.000000000000000082E-05 ), #2449, 'distance_accuracy_value', 'NONE');
#1031 = EDGE_CURVE ( 'NONE', #4021, #1936, #1533, .T. ) ;
#1032 = VECTOR ( 'NONE', #5557, 1000.000000000000000 ) ;
#1033 = ORIENTED_EDGE ( 'NONE', *, *, #3325, .F. ) ;
#1034 = CARTESIAN_POINT ( 'NONE',  ( 1.500000000000000444, 1.500000000000000000, 0.1999999999999999833 ) ) ;
#1035 = DIRECTION ( 'NONE',  ( 1.000000000000000000, 4.325993705677824825E-15, 0.0000000000000000000 ) ) ;
#1036 = SURFACE_STYLE_FILL_AREA ( #1464 ) ;
#1037 = AXIS2_PLACEMENT_3D ( 'NONE', #2435, #1590, #1565 ) ;
#1038 = CARTESIAN_POINT ( 'NONE',  ( 0.8749999999999995559, -1.149999999999999689, 0.01999999999999999695 ) ) ;
#1039 = ORIENTED_EDGE ( 'NONE', *, *, #2961, .F. ) ;
#1040 = PRESENTATION_LAYER_ASSIGNMENT (  '', '', ( #1967 ) ) ;
#1041 = ORIENTED_EDGE ( 'NONE', *, *, #1631, .T. ) ;
#1042 = FILL_AREA_STYLE ('',( #155 ) ) ;
#1043 = FILL_AREA_STYLE_COLOUR ( '', #3763 ) ;
#1044 = VERTEX_POINT ( 'NONE', #1679 ) ;
#1045 = ORIENTED_EDGE ( 'NONE', *, *, #5125, .T. ) ;
#1046 = VECTOR ( 'NONE', #5435, 1000.000000000000000 ) ;
#1047 = SURFACE_STYLE_USAGE ( .BOTH. , #4452 ) ;
#1048 = FILL_AREA_STYLE_COLOUR ( '', #3686 ) ;
#1049 = DIRECTION ( 'NONE',  ( -3.469446951953617344E-15, 1.000000000000000000, 0.0000000000000000000 ) ) ;
#1050 = CARTESIAN_POINT ( 'NONE',  ( 0.8749999999999991118, 1.149999999999999689, 0.2000000000000000111 ) ) ;
#1051 =( NAMED_UNIT ( * ) PLANE_ANGLE_UNIT ( ) SI_UNIT ( $, .RADIAN. ) );
#1052 = PRESENTATION_LAYER_ASSIGNMENT (  '', '', ( #2521 ) ) ;
#1053 = PRESENTATION_LAYER_ASSIGNMENT (  '', '', ( #1603 ) ) ;
#1054 =( NAMED_UNIT ( * ) SI_UNIT ( $, .STERADIAN. ) SOLID_ANGLE_UNIT ( ) );
#1055 = AXIS2_PLACEMENT_3D ( 'NONE', #4206, #226, #2495 ) ;
#1056 = SURFACE_SIDE_STYLE ('',( #4891 ) ) ;
#1057 = AXIS2_PLACEMENT_3D ( 'NONE', #3167, #5253, #1805 ) ;
#1058 = CARTESIAN_POINT ( 'NONE',  ( -1.500000000000005995, 0.1249999999999923117, 0.02000000000000000042 ) ) ;
#1059 = EDGE_CURVE ( 'NONE', #1711, #2061, #4720, .T. ) ;
#1060 = LINE ( 'NONE', #623, #3733 ) ;
#1061 = SURFACE_STYLE_FILL_AREA ( #5412 ) ;
#1062 =( GEOMETRIC_REPRESENTATION_CONTEXT ( 3 ) GLOBAL_UNCERTAINTY_ASSIGNED_CONTEXT ( ( #1782 ) ) GLOBAL_UNIT_ASSIGNED_CONTEXT ( ( #472, #4948, #5301 ) ) REPRESENTATION_CONTEXT ( 'NONE', 'WORKASPACE' ) );
#1063 = ORIENTED_EDGE ( 'NONE', *, *, #1121, .T. ) ;
#1064 = LINE ( 'NONE', #231, #4976 ) ;
#1065 = DIRECTION ( 'NONE',  ( -0.7071067811865463515, -0.7071067811865487940, 0.0000000000000000000 ) ) ;
#1066 = CARTESIAN_POINT ( 'NONE',  ( -1.501000000000001000, 0.3749999999999942824, 0.2000000000000000111 ) ) ;
#1067 = MECHANICAL_DESIGN_GEOMETRIC_PRESENTATION_REPRESENTATION (  '', ( #2088 ), #4647 ) ;
#1068 = FILL_AREA_STYLE ('',( #3281 ) ) ;
#1069 = VECTOR ( 'NONE', #4172, 1000.000000000000000 ) ;
#1070 = VERTEX_POINT ( 'NONE', #1269 ) ;
#1071 = VERTEX_POINT ( 'NONE', #3887 ) ;
#1072 = DIRECTION ( 'NONE',  ( -1.000000000000000000, -0.0000000000000000000, -0.0000000000000000000 ) ) ;
#1073 = DIRECTION ( 'NONE',  ( -2.703746066048639036E-16, 1.000000000000000000, -0.0000000000000000000 ) ) ;
#1074 = EDGE_LOOP ( 'NONE', ( #5453, #3351, #4197, #5579 ) ) ;
#1075 = ORIENTED_EDGE ( 'NONE', *, *, #1200, .F. ) ;
#1076 =( NAMED_UNIT ( * ) SI_UNIT ( $, .STERADIAN. ) SOLID_ANGLE_UNIT ( ) );
#1077 = DIRECTION ( 'NONE',  ( 2.891205793294678326E-16, -1.000000000000000000, 0.0000000000000000000 ) ) ;
#1078 = FACE_OUTER_BOUND ( 'NONE', #2745, .T. ) ;
#1079 = SURFACE_SIDE_STYLE ('',( #137 ) ) ;
#1080 = PLANE ( 'NONE',  #2344 ) ;
#1081 = UNCERTAINTY_MEASURE_WITH_UNIT (LENGTH_MEASURE( 1.000000000000000082E-05 ), #1887, 'distance_accuracy_value', 'NONE');
#1082 = PRESENTATION_LAYER_ASSIGNMENT (  '', '', ( #3587 ) ) ;
#1083 = UNCERTAINTY_MEASURE_WITH_UNIT (LENGTH_MEASURE( 1.000000000000000082E-05 ), #2014, 'distance_accuracy_value', 'NONE');
#1084 = EDGE_CURVE ( 'NONE', #1553, #1842, #1217, .T. ) ;
#1085 = PRESENTATION_STYLE_ASSIGNMENT (( #3302 ) ) ;
#1086 = UNCERTAINTY_MEASURE_WITH_UNIT (LENGTH_MEASURE( 1.000000000000000082E-05 ), #1735, 'distance_accuracy_value', 'NONE');
#1087 = VECTOR ( 'NONE', #5272, 1000.000000000000000 ) ;
#1088 = EDGE_CURVE ( 'NONE', #1379, #2910, #5521, .T. ) ;
#1089 = ORIENTED_EDGE ( 'NONE', *, *, #3154, .T. ) ;
#1090 = DIRECTION ( 'NONE',  ( -0.0000000000000000000, -0.0000000000000000000, -1.000000000000000000 ) ) ;
#1091 = PLANE ( 'NONE',  #3607 ) ;
#1092 = CARTESIAN_POINT ( 'NONE',  ( -1.499999999999999334, -0.6250000000000057732, 0.9000000000000001332 ) ) ;
#1093 = CARTESIAN_POINT ( 'NONE',  ( 0.1249999999999997918, 1.099999999999999867, 0.0000000000000000000 ) ) ;
#1094 =( GEOMETRIC_REPRESENTATION_CONTEXT ( 3 ) GLOBAL_UNCERTAINTY_ASSIGNED_CONTEXT ( ( #3863 ) ) GLOBAL_UNIT_ASSIGNED_CONTEXT ( ( #2134, #3840, #343 ) ) REPRESENTATION_CONTEXT ( 'NONE', 'WORKASPACE' ) );
#1095 = FACE_OUTER_BOUND ( 'NONE', #5331, .T. ) ;
#1096 = CARTESIAN_POINT ( 'NONE',  ( -0.1249999999999990286, -1.499999999999999556, 0.02000000000000000042 ) ) ;
#1097 = EDGE_CURVE ( 'NONE', #5461, #1842, #3943, .T. ) ;
#1098 = PRESENTATION_LAYER_ASSIGNMENT (  '', '', ( #2121 ) ) ;
#1099 =( LENGTH_UNIT ( ) NAMED_UNIT ( * ) SI_UNIT ( .MILLI., .METRE. ) );
#1100 = DIRECTION ( 'NONE',  ( 1.000000000000000000, 0.0000000000000000000, 0.0000000000000000000 ) ) ;
#1101 = EDGE_CURVE ( 'NONE', #1740, #781, #3394, .T. ) ;
#1102 = ORIENTED_EDGE ( 'NONE', *, *, #2827, .T. ) ;
#1103 = AXIS2_PLACEMENT_3D ( 'NONE', #3837, #5103, #1223 ) ;
#1104 = ORIENTED_EDGE ( 'NONE', *, *, #1594, .F. ) ;
#1105 = SHAPE_DEFINITION_REPRESENTATION ( #5313, #2673 ) ;
#1106 = CARTESIAN_POINT ( 'NONE',  ( 0.8750000000000005551, -1.500999999999999890, 0.2000000000000000111 ) ) ;
#1107 =( GEOMETRIC_REPRESENTATION_CONTEXT ( 3 ) GLOBAL_UNCERTAINTY_ASSIGNED_CONTEXT ( ( #5582 ) ) GLOBAL_UNIT_ASSIGNED_CONTEXT ( ( #5488, #3745, #1190 ) ) REPRESENTATION_CONTEXT ( 'NONE', 'WORKASPACE' ) );
#1108 =( NAMED_UNIT ( * ) SI_UNIT ( $, .STERADIAN. ) SOLID_ANGLE_UNIT ( ) );
#1109 = STYLED_ITEM ( 'NONE', ( #5489 ), #641 ) ;
#1110 = DIRECTION ( 'NONE',  ( -0.0000000000000000000, -0.0000000000000000000, -1.000000000000000000 ) ) ;
#1111 = ORIENTED_EDGE ( 'NONE', *, *, #3853, .T. ) ;
#1112 = CARTESIAN_POINT ( 'NONE',  ( 1.500999999999997891, 0.6250000000000048850, 0.0000000000000000000 ) ) ;
#1113 = CARTESIAN_POINT ( 'NONE',  ( -0.8749999999999995559, -1.500999999999999890, 0.0000000000000000000 ) ) ;
#1114 = VERTEX_POINT ( 'NONE', #3046 ) ;
#1115 = CARTESIAN_POINT ( 'NONE',  ( -0.3749999999999994449, -1.500000000000000000, 0.02000000000000000042 ) ) ;
#1116 = DIRECTION ( 'NONE',  ( 1.000000000000000000, 0.0000000000000000000, -0.0000000000000000000 ) ) ;
#1117 = DIRECTION ( 'NONE',  ( 0.0000000000000000000, -0.0000000000000000000, -1.000000000000000000 ) ) ;
#1118 =( GEOMETRIC_REPRESENTATION_CONTEXT ( 3 ) GLOBAL_UNCERTAINTY_ASSIGNED_CONTEXT ( ( #3122 ) ) GLOBAL_UNIT_ASSIGNED_CONTEXT ( ( #2600, #4812, #877 ) ) REPRESENTATION_CONTEXT ( 'NONE', 'WORKASPACE' ) );
#1119 = VERTEX_POINT ( 'NONE', #334 ) ;
#1120 = CARTESIAN_POINT ( 'NONE',  ( -1.500999999999998336, -0.3750000000000055511, 0.0000000000000000000 ) ) ;
#1121 = EDGE_CURVE ( 'NONE', #1817, #4379, #869, .T. ) ;
#1122 = LINE ( 'NONE', #1527, #2994 ) ;
#1123 = LINE ( 'NONE', #4588, #3382 ) ;
#1124 = CARTESIAN_POINT ( 'NONE',  ( -0.8749999999999991118, 1.099999999999999867, 0.2000000000000000111 ) ) ;
#1125 = COLOUR_RGB ( '',1.000000000000000000, 1.000000000000000000, 1.000000000000000000 ) ;
#1126 = ORIENTED_EDGE ( 'NONE', *, *, #4536, .T. ) ;
#1127 = ORIENTED_EDGE ( 'NONE', *, *, #269, .T. ) ;
#1128 = ORIENTED_EDGE ( 'NONE', *, *, #2928, .F. ) ;
#1129 = CARTESIAN_POINT ( 'NONE',  ( -1.499999999999999334, -0.8750000000000055511, 0.9000000000000001332 ) ) ;
#1130 = AXIS2_PLACEMENT_3D ( 'NONE', #3236, #4571, #3637 ) ;
#1131 = EDGE_CURVE ( 'NONE', #654, #2846, #782, .T. ) ;
#1132 = SURFACE_STYLE_FILL_AREA ( #2490 ) ;
#1133 = PLANE ( 'NONE',  #4298 ) ;
#1134 = LINE ( 'NONE', #4644, #229 ) ;
#1135 = DIRECTION ( 'NONE',  ( 0.0000000000000000000, 0.0000000000000000000, -1.000000000000000000 ) ) ;
#1136 = LINE ( 'NONE', #1599, #2168 ) ;
#1137 = LINE ( 'NONE', #5076, #5128 ) ;
#1138 =( LENGTH_UNIT ( ) NAMED_UNIT ( * ) SI_UNIT ( .MILLI., .METRE. ) );
#1139 = MECHANICAL_DESIGN_GEOMETRIC_PRESENTATION_REPRESENTATION (  '', ( #481 ), #2707 ) ;
#1140 = LINE ( 'NONE', #1173, #1990 ) ;
#1141 = VECTOR ( 'NONE', #1637, 1000.000000000000000 ) ;
#1142 = UNCERTAINTY_MEASURE_WITH_UNIT (LENGTH_MEASURE( 1.000000000000000082E-05 ), #215, 'distance_accuracy_value', 'NONE');
#1143 = VERTEX_POINT ( 'NONE', #2540 ) ;
#1144 =( GEOMETRIC_REPRESENTATION_CONTEXT ( 3 ) GLOBAL_UNCERTAINTY_ASSIGNED_CONTEXT ( ( #2471 ) ) GLOBAL_UNIT_ASSIGNED_CONTEXT ( ( #3062, #3467, #5566 ) ) REPRESENTATION_CONTEXT ( 'NONE', 'WORKASPACE' ) );
#1145 = DIRECTION ( 'NONE',  ( -1.000000000000000000, -4.325993705677820091E-15, 0.0000000000000000000 ) ) ;
#1146 =( NAMED_UNIT ( * ) PLANE_ANGLE_UNIT ( ) SI_UNIT ( $, .RADIAN. ) );
#1147 =( NAMED_UNIT ( * ) SI_UNIT ( $, .STERADIAN. ) SOLID_ANGLE_UNIT ( ) );
#1148 =( NAMED_UNIT ( * ) PLANE_ANGLE_UNIT ( ) SI_UNIT ( $, .RADIAN. ) );
#1149 = COLOUR_RGB ( '',1.000000000000000000, 1.000000000000000000, 1.000000000000000000 ) ;
#1150 = LINE ( 'NONE', #2917, #5180 ) ;
#1151 = EDGE_LOOP ( 'NONE', ( #3857, #3825, #865, #2093 ) ) ;
#1152 = EDGE_CURVE ( 'NONE', #2001, #239, #2512, .T. ) ;
#1153 = VERTEX_POINT ( 'NONE', #4312 ) ;
#1154 = VECTOR ( 'NONE', #344, 1000.000000000000000 ) ;
#1155 = FACE_OUTER_BOUND ( 'NONE', #5026, .T. ) ;
#1156 = DIRECTION ( 'NONE',  ( 0.0000000000000000000, 0.0000000000000000000, 1.000000000000000000 ) ) ;
#1157 = PRESENTATION_STYLE_ASSIGNMENT (( #751 ) ) ;
#1158 = VERTEX_POINT ( 'NONE', #2126 ) ;
#1159 = ORIENTED_EDGE ( 'NONE', *, *, #5548, .F. ) ;
#1160 = EDGE_CURVE ( 'NONE', #1070, #1143, #3446, .T. ) ;
#1161 = ORIENTED_EDGE ( 'NONE', *, *, #4075, .T. ) ;
#1162 = CARTESIAN_POINT ( 'NONE',  ( -0.3749999999999997780, -1.500999999999999890, 0.2000000000000000111 ) ) ;
#1163 =( NAMED_UNIT ( * ) SI_UNIT ( $, .STERADIAN. ) SOLID_ANGLE_UNIT ( ) );
#1164 = PRESENTATION_STYLE_ASSIGNMENT (( #1477 ) ) ;
#1165 = CARTESIAN_POINT ( 'NONE',  ( -1.499999999999999112, 0.9000000000000002442, 0.02000000000000000042 ) ) ;
#1166 = CARTESIAN_POINT ( 'NONE',  ( -1.500999999999998336, -0.3750000000000055511, 0.2000000000000000111 ) ) ;
#1167 = AXIS2_PLACEMENT_3D ( 'NONE', #179, #1522, #4185 ) ;
#1168 = EDGE_CURVE ( 'NONE', #576, #2619, #305, .T. ) ;
#1169 =( LENGTH_UNIT ( ) NAMED_UNIT ( * ) SI_UNIT ( .MILLI., .METRE. ) );
#1170 = DIRECTION ( 'NONE',  ( 3.469446951953616950E-15, -1.000000000000000000, -0.0000000000000000000 ) ) ;
#1171 = CARTESIAN_POINT ( 'NONE',  ( -0.6249999999999996669, -1.500999999999999890, 0.2000000000000000111 ) ) ;
#1172 = MECHANICAL_DESIGN_GEOMETRIC_PRESENTATION_REPRESENTATION (  '', ( #2460 ), #617 ) ;
#1173 = CARTESIAN_POINT ( 'NONE',  ( -0.8749999999999991118, 1.500999999999999890, 0.0000000000000000000 ) ) ;
#1174 = EDGE_CURVE ( 'NONE', #1494, #159, #3832, .T. ) ;
#1175 = COLOUR_RGB ( '',1.000000000000000000, 1.000000000000000000, 1.000000000000000000 ) ;
#1176 = VERTEX_POINT ( 'NONE', #2098 ) ;
#1177 = PLANE ( 'NONE',  #1701 ) ;
#1178 =( NAMED_UNIT ( * ) SI_UNIT ( $, .STERADIAN. ) SOLID_ANGLE_UNIT ( ) );
#1179 = DIRECTION ( 'NONE',  ( -1.000000000000000000, -2.703746066048639529E-16, 0.0000000000000000000 ) ) ;
#1180 = SURFACE_SIDE_STYLE ('',( #3381 ) ) ;
#1181 = VECTOR ( 'NONE', #5325, 1000.000000000000000 ) ;
#1182 = VERTEX_POINT ( 'NONE', #1192 ) ;
#1183 = EDGE_LOOP ( 'NONE', ( #4339, #954, #50, #1390, #4451, #5669 ) ) ;
#1184 = STYLED_ITEM ( 'NONE', ( #3235 ), #5392 ) ;
#1185 = FILL_AREA_STYLE_COLOUR ( '', #2172 ) ;
#1186 = COLOUR_RGB ( '',1.000000000000000000, 1.000000000000000000, 1.000000000000000000 ) ;
#1187 = ORIENTED_EDGE ( 'NONE', *, *, #888, .T. ) ;
#1188 = VERTEX_POINT ( 'NONE', #5181 ) ;
#1189 = CARTESIAN_POINT ( 'NONE',  ( 0.1249999999999998890, -1.500000000000000000, 0.2000000000000000111 ) ) ;
#1190 =( NAMED_UNIT ( * ) SI_UNIT ( $, .STERADIAN. ) SOLID_ANGLE_UNIT ( ) );
#1191 = COLOUR_RGB ( '',0.2509803921568627416, 0.2509803921568627416, 0.2509803921568627416 ) ;
#1192 = CARTESIAN_POINT ( 'NONE',  ( 0.1249999999999996808, 1.500000000000000000, 0.02000000000000005246 ) ) ;
#1193 = PLANE ( 'NONE',  #1753 ) ;
#1194 = CARTESIAN_POINT ( 'NONE',  ( 0.7999999999999997113, 1.000000000000000000, 0.9000000000000001332 ) ) ;
#1195 = UNCERTAINTY_MEASURE_WITH_UNIT (LENGTH_MEASURE( 1.000000000000000082E-05 ), #2975, 'distance_accuracy_value', 'NONE');
#1196 = PRESENTATION_LAYER_ASSIGNMENT (  '', '', ( #2661 ) ) ;
#1197 = LINE ( 'NONE', #4346, #1563 ) ;
#1198 = LINE ( 'NONE', #5589, #4137 ) ;
#1199 = VECTOR ( 'NONE', #2748, 999.9999999999998863 ) ;
#1200 = EDGE_CURVE ( 'NONE', #4410, #2977, #2564, .T. ) ;
#1201 = UNCERTAINTY_MEASURE_WITH_UNIT (LENGTH_MEASURE( 1.000000000000000082E-05 ), #2036, 'distance_accuracy_value', 'NONE');
#1202 = ORIENTED_EDGE ( 'NONE', *, *, #910, .F. ) ;
#1203 = DIRECTION ( 'NONE',  ( -0.0000000000000000000, -0.0000000000000000000, -1.000000000000000000 ) ) ;
#1204 = CARTESIAN_POINT ( 'NONE',  ( -1.099999999999999423, -0.1250000000000040246, 0.02000000000000000042 ) ) ;
#1205 = CARTESIAN_POINT ( 'NONE',  ( -0.8749999999999991118, 1.149999999999999689, 0.2000000000000000111 ) ) ;
#1206 = PLANE ( 'NONE',  #1584 ) ;
#1207 = EDGE_CURVE ( 'NONE', #3261, #4772, #1626, .T. ) ;
#1208 = ORIENTED_EDGE ( 'NONE', *, *, #5037, .F. ) ;
#1209 = ORIENTED_EDGE ( 'NONE', *, *, #2612, .F. ) ;
#1210 = SURFACE_STYLE_FILL_AREA ( #5090 ) ;
#1211 = EDGE_CURVE ( 'NONE', #3097, #154, #756, .T. ) ;
#1212 = DIRECTION ( 'NONE',  ( 0.0000000000000000000, 0.0000000000000000000, 1.000000000000000000 ) ) ;
#1213 = ORIENTED_EDGE ( 'NONE', *, *, #1317, .T. ) ;
#1214 = PRESENTATION_LAYER_ASSIGNMENT (  '', '', ( #2778 ) ) ;
#1215 = VERTEX_POINT ( 'NONE', #838 ) ;
#1216 = VERTEX_POINT ( 'NONE', #390 ) ;
#1217 = LINE ( 'NONE', #5580, #3993 ) ;
#1218 = LINE ( 'NONE', #5208, #3086 ) ;
#1219 = SURFACE_STYLE_FILL_AREA ( #2597 ) ;
#1220 = ORIENTED_EDGE ( 'NONE', *, *, #4523, .F. ) ;
#1221 = ADVANCED_FACE ( 'NONE', ( #4805 ), #5551, .F. ) ;
#1222 = VECTOR ( 'NONE', #1374, 1000.000000000000000 ) ;
#1223 = DIRECTION ( 'NONE',  ( 0.0000000000000000000, -0.0000000000000000000, 1.000000000000000000 ) ) ;
#1224 = SURFACE_STYLE_FILL_AREA ( #5130 ) ;
#1225 = DIRECTION ( 'NONE',  ( -1.000000000000000000, -0.0000000000000000000, -0.0000000000000000000 ) ) ;
#1226 =( GEOMETRIC_REPRESENTATION_CONTEXT ( 3 ) GLOBAL_UNCERTAINTY_ASSIGNED_CONTEXT ( ( #4210 ) ) GLOBAL_UNIT_ASSIGNED_CONTEXT ( ( #3431, #2219, #3525 ) ) REPRESENTATION_CONTEXT ( 'NONE', 'WORKASPACE' ) );
#1227 = ORIENTED_EDGE ( 'NONE', *, *, #2862, .F. ) ;
#1228 = ADVANCED_FACE ( 'NONE', ( #1095 ), #2315, .F. ) ;
#1229 = DIRECTION ( 'NONE',  ( -3.469446951953623261E-15, 1.000000000000000000, 0.0000000000000000000 ) ) ;
#1230 = STYLED_ITEM ( 'NONE', ( #1807 ), #1866 ) ;
#1231 = CARTESIAN_POINT ( 'NONE',  ( -0.8999999999999998002, -0.9000000000000000222, 0.02000000000000000042 ) ) ;
#1232 = SURFACE_STYLE_FILL_AREA ( #5142 ) ;
#1233 = STYLED_ITEM ( 'NONE', ( #1894 ), #3022 ) ;
#1234 = ORIENTED_EDGE ( 'NONE', *, *, #4972, .T. ) ;
#1235 = EDGE_CURVE ( 'NONE', #5339, #1489, #4605, .T. ) ;
#1236 = SURFACE_STYLE_FILL_AREA ( #2676 ) ;
#1237 = CARTESIAN_POINT ( 'NONE',  ( 1.500999999999999668, 0.1250000000000053291, 0.2000000000000000111 ) ) ;
#1238 = STYLED_ITEM ( 'NONE', ( #4684 ), #3306 ) ;
#1239 =( NAMED_UNIT ( * ) PLANE_ANGLE_UNIT ( ) SI_UNIT ( $, .RADIAN. ) );
#1240 = VECTOR ( 'NONE', #3709, 1000.000000000000000 ) ;
#1241 = ORIENTED_EDGE ( 'NONE', *, *, #182, .F. ) ;
#1242 = STYLED_ITEM ( 'NONE', ( #2860 ), #2630 ) ;
#1243 = ORIENTED_EDGE ( 'NONE', *, *, #4646, .F. ) ;
#1244 = EDGE_CURVE ( 'NONE', #4795, #1543, #3972, .T. ) ;
#1245 = ORIENTED_EDGE ( 'NONE', *, *, #2246, .F. ) ;
#1246 = DIRECTION ( 'NONE',  ( -1.000000000000000000, -4.325993705677824825E-15, -0.0000000000000000000 ) ) ;
#1247 = LINE ( 'NONE', #360, #5284 ) ;
#1248 = DIRECTION ( 'NONE',  ( -0.0000000000000000000, -0.0000000000000000000, -1.000000000000000000 ) ) ;
#1249 = VECTOR ( 'NONE', #4434, 1000.000000000000000 ) ;
#1250 = SURFACE_SIDE_STYLE ('',( #2926 ) ) ;
#1251 = MECHANICAL_DESIGN_GEOMETRIC_PRESENTATION_REPRESENTATION (  '', ( #602 ), #5526 ) ;
#1252 = LINE ( 'NONE', #1632, #2221 ) ;
#1253 = DIRECTION ( 'NONE',  ( -1.000000000000000000, 0.0000000000000000000, -0.0000000000000000000 ) ) ;
#1254 = PLANE ( 'NONE',  #4623 ) ;
#1255 = DIRECTION ( 'NONE',  ( 0.0000000000000000000, -0.0000000000000000000, -1.000000000000000000 ) ) ;
#1256 = VERTEX_POINT ( 'NONE', #3220 ) ;
#1257 = CARTESIAN_POINT ( 'NONE',  ( -0.3749999999999997780, -1.500999999999999890, 0.0000000000000000000 ) ) ;
#1258 = VECTOR ( 'NONE', #862, 1000.000000000000000 ) ;
#1259 = LINE ( 'NONE', #4738, #2248 ) ;
#1260 = MECHANICAL_DESIGN_GEOMETRIC_PRESENTATION_REPRESENTATION (  '', ( #3026 ), #3673 ) ;
#1261 = EDGE_LOOP ( 'NONE', ( #3174, #3462, #5606, #4007 ) ) ;
#1262 = CARTESIAN_POINT ( 'NONE',  ( 0.6249999999999991118, 1.500999999999999890, 0.2000000000000000111 ) ) ;
#1263 = AXIS2_PLACEMENT_3D ( 'NONE', #1124, #2863, #1100 ) ;
#1264 =( NAMED_UNIT ( * ) SI_UNIT ( $, .STERADIAN. ) SOLID_ANGLE_UNIT ( ) );
#1265 = VERTEX_POINT ( 'NONE', #4160 ) ;
#1266 = ORIENTED_EDGE ( 'NONE', *, *, #2563, .F. ) ;
#1267 = ORIENTED_EDGE ( 'NONE', *, *, #2116, .T. ) ;
#1268 = LINE ( 'NONE', #1772, #5427 ) ;
#1269 = CARTESIAN_POINT ( 'NONE',  ( -1.099999999999996980, -0.8250000000000038414, 0.02000000000000000042 ) ) ;
#1270 = PRESENTATION_LAYER_ASSIGNMENT (  '', '', ( #3781 ) ) ;
#1271 = CARTESIAN_POINT ( 'NONE',  ( 1.100000000000000311, -0.1249999999999966416, 0.02000000000000000042 ) ) ;
#1272 = AXIS2_PLACEMENT_3D ( 'NONE', #1813, #32, #1394 ) ;
#1273 = EDGE_CURVE ( 'NONE', #3378, #2393, #1962, .T. ) ;
#1274 = VERTEX_POINT ( 'NONE', #4528 ) ;
#1275 = MECHANICAL_DESIGN_GEOMETRIC_PRESENTATION_REPRESENTATION (  '', ( #3041 ), #1458 ) ;
#1276 = CARTESIAN_POINT ( 'NONE',  ( -0.8749999999999995559, -1.149999999999999689, 0.0000000000000000000 ) ) ;
#1277 = LINE ( 'NONE', #1688, #5584 ) ;
#1278 = CARTESIAN_POINT ( 'NONE',  ( -1.500999999999997669, -0.6250000000000057732, 0.0000000000000000000 ) ) ;
#1279 = AXIS2_PLACEMENT_3D ( 'NONE', #823, #1306, #3498 ) ;
#1280 = ORIENTED_EDGE ( 'NONE', *, *, #3517, .T. ) ;
#1281 = SURFACE_SIDE_STYLE ('',( #1696 ) ) ;
#1282 = LINE ( 'NONE', #2527, #3683 ) ;
#1283 = CARTESIAN_POINT ( 'NONE',  ( 0.3749999999999996669, -1.500999999999999890, 0.2000000000000000111 ) ) ;
#1284 = CARTESIAN_POINT ( 'NONE',  ( 1.500999999999998780, 0.3750000000000046629, 0.2000000000000000111 ) ) ;
#1285 = MECHANICAL_DESIGN_GEOMETRIC_PRESENTATION_REPRESENTATION (  '', ( #4771 ), #1661 ) ;
#1286 = COLOUR_RGB ( '',1.000000000000000000, 1.000000000000000000, 1.000000000000000000 ) ;
#1287 = EDGE_LOOP ( 'NONE', ( #1011, #1280, #2537, #1063 ) ) ;
#1288 = DIRECTION ( 'NONE',  ( -0.7071067811865467956, 0.7071067811865483499, 0.0000000000000000000 ) ) ;
#1289 = ORIENTED_EDGE ( 'NONE', *, *, #1544, .T. ) ;
#1290 = ORIENTED_EDGE ( 'NONE', *, *, #3953, .T. ) ;
#1291 = VERTEX_POINT ( 'NONE', #3542 ) ;
#1292 = SURFACE_STYLE_USAGE ( .BOTH. , #357 ) ;
#1293 = EDGE_CURVE ( 'NONE', #2094, #955, #3676, .T. ) ;
#1294 = SURFACE_STYLE_FILL_AREA ( #3514 ) ;
#1295 = CARTESIAN_POINT ( 'NONE',  ( -0.1249999999999998890, 1.500999999999999890, 0.0000000000000000000 ) ) ;
#1296 = SURFACE_STYLE_USAGE ( .BOTH. , #5209 ) ;
#1297 = VECTOR ( 'NONE', #342, 1000.000000000000000 ) ;
#1298 = VERTEX_POINT ( 'NONE', #5115 ) ;
#1299 = EDGE_CURVE ( 'NONE', #1718, #1553, #688, .T. ) ;
#1300 = LINE ( 'NONE', #2103, #916 ) ;
#1301 = PRESENTATION_STYLE_ASSIGNMENT (( #3056 ) ) ;
#1302 = SURFACE_STYLE_FILL_AREA ( #5214 ) ;
#1303 = CARTESIAN_POINT ( 'NONE',  ( -0.1249999999999998890, 1.500000000000000000, 0.2000000000000000111 ) ) ;
#1304 = ORIENTED_EDGE ( 'NONE', *, *, #5094, .F. ) ;
#1305 = LINE ( 'NONE', #5167, #3200 ) ;
#1306 = DIRECTION ( 'NONE',  ( -1.000000000000000000, 2.703746066048639529E-16, 0.0000000000000000000 ) ) ;
#1307 = DIRECTION ( 'NONE',  ( 0.0000000000000000000, 0.0000000000000000000, -1.000000000000000000 ) ) ;
#1308 = DIRECTION ( 'NONE',  ( 0.0000000000000000000, -0.0000000000000000000, 1.000000000000000000 ) ) ;
#1309 = LINE ( 'NONE', #3064, #5267 ) ;
#1310 = DIRECTION ( 'NONE',  ( 2.703746066048639036E-16, 1.000000000000000000, 0.0000000000000000000 ) ) ;
#1311 = MECHANICAL_DESIGN_GEOMETRIC_PRESENTATION_REPRESENTATION (  '', ( #5050 ), #1407 ) ;
#1312 = ORIENTED_EDGE ( 'NONE', *, *, #5328, .F. ) ;
#1313 = DIRECTION ( 'NONE',  ( 0.0000000000000000000, 1.000000000000000000, 0.0000000000000000000 ) ) ;
#1314 = PRESENTATION_STYLE_ASSIGNMENT (( #383 ) ) ;
#1315 = CARTESIAN_POINT ( 'NONE',  ( 1.500999999999998780, 0.3750000000000046629, 0.2000000000000000111 ) ) ;
#1316 = MECHANICAL_DESIGN_GEOMETRIC_PRESENTATION_REPRESENTATION (  '', ( #3092 ), #2799 ) ;
#1317 = EDGE_CURVE ( 'NONE', #3994, #3738, #5505, .T. ) ;
#1318 = ORIENTED_EDGE ( 'NONE', *, *, #2246, .T. ) ;
#1319 = ORIENTED_EDGE ( 'NONE', *, *, #16, .T. ) ;
#1320 = ORIENTED_EDGE ( 'NONE', *, *, #3218, .T. ) ;
#1321 = VECTOR ( 'NONE', #1424, 1000.000000000000000 ) ;
#1322 = VECTOR ( 'NONE', #4380, 1000.000000000000000 ) ;
#1323 = LINE ( 'NONE', #4880, #5238 ) ;
#1324 = DIRECTION ( 'NONE',  ( 0.0000000000000000000, -1.000000000000000000, 0.0000000000000000000 ) ) ;
#1325 = CARTESIAN_POINT ( 'NONE',  ( -0.8249999999999997335, -1.099999999999999867, 0.2000000000000000111 ) ) ;
#1326 = FILL_AREA_STYLE ('',( #2595 ) ) ;
#1327 = SURFACE_STYLE_FILL_AREA ( #3545 ) ;
#1328 = VECTOR ( 'NONE', #2238, 1000.000000000000000 ) ;
#1329 = VECTOR ( 'NONE', #4743, 1000.000000000000000 ) ;
#1330 = EDGE_CURVE ( 'NONE', #3028, #1291, #4242, .T. ) ;
#1331 = ORIENTED_EDGE ( 'NONE', *, *, #2967, .T. ) ;
#1332 = VECTOR ( 'NONE', #5295, 1000.000000000000000 ) ;
#1333 = FILL_AREA_STYLE ('',( #5648 ) ) ;
#1334 = PLANE ( 'NONE',  #2423 ) ;
#1335 = DIRECTION ( 'NONE',  ( -0.0000000000000000000, -0.0000000000000000000, -1.000000000000000000 ) ) ;
#1336 = CARTESIAN_POINT ( 'NONE',  ( 1.500999999999997003, 0.8750000000000025535, 0.2000000000000000111 ) ) ;
#1337 = ADVANCED_FACE ( 'NONE', ( #320 ), #1206, .F. ) ;
#1338 = STYLED_ITEM ( 'NONE', ( #484 ), #4014 ) ;
#1339 = VERTEX_POINT ( 'NONE', #3438 ) ;
#1340 = PLANE ( 'NONE',  #5424 ) ;
#1341 = CARTESIAN_POINT ( 'NONE',  ( -1.499999999999999112, -1.500000000000000000, 0.02000000000000000042 ) ) ;
#1342 = DIRECTION ( 'NONE',  ( 1.000000000000000000, 0.0000000000000000000, 0.0000000000000000000 ) ) ;
#1343 = DIRECTION ( 'NONE',  ( 0.0000000000000000000, 0.0000000000000000000, 1.000000000000000000 ) ) ;
#1344 = CARTESIAN_POINT ( 'NONE',  ( -1.501000000000002998, 0.6249999999999987788, 0.2000000000000000111 ) ) ;
#1345 = STYLED_ITEM ( 'NONE', ( #2801 ), #4063 ) ;
#1346 = DIRECTION ( 'NONE',  ( 1.000000000000000000, 0.0000000000000000000, -0.0000000000000000000 ) ) ;
#1347 = EDGE_CURVE ( 'NONE', #3054, #4396, #2941, .T. ) ;
#1348 = COLOUR_RGB ( '',1.000000000000000000, 1.000000000000000000, 1.000000000000000000 ) ;
#1349 = VERTEX_POINT ( 'NONE', #1231 ) ;
#1350 =( NAMED_UNIT ( * ) SI_UNIT ( $, .STERADIAN. ) SOLID_ANGLE_UNIT ( ) );
#1351 = DIRECTION ( 'NONE',  ( -0.0000000000000000000, -0.0000000000000000000, -1.000000000000000000 ) ) ;
#1352 = LINE ( 'NONE', #3072, #1919 ) ;
#1353 = ORIENTED_EDGE ( 'NONE', *, *, #1775, .T. ) ;
#1354 = ORIENTED_EDGE ( 'NONE', *, *, #5350, .F. ) ;
#1355 = ORIENTED_EDGE ( 'NONE', *, *, #2155, .T. ) ;
#1356 = VECTOR ( 'NONE', #2921, 1000.000000000000227 ) ;
#1357 = CARTESIAN_POINT ( 'NONE',  ( -1.501000000000000778, 0.8749999999999990008, 0.2000000000000000111 ) ) ;
#1358 = LINE ( 'NONE', #926, #1240 ) ;
#1359 =( NAMED_UNIT ( * ) PLANE_ANGLE_UNIT ( ) SI_UNIT ( $, .RADIAN. ) );
#1360 = VECTOR ( 'NONE', #470, 999.9999999999998863 ) ;
#1361 = ORIENTED_EDGE ( 'NONE', *, *, #3465, .T. ) ;
#1362 = VECTOR ( 'NONE', #2874, 1000.000000000000000 ) ;
#1363 =( LENGTH_UNIT ( ) NAMED_UNIT ( * ) SI_UNIT ( .MILLI., .METRE. ) );
#1364 = EDGE_CURVE ( 'NONE', #1414, #2539, #3004, .T. ) ;
#1365 = SURFACE_STYLE_USAGE ( .BOTH. , #2328 ) ;
#1366 = FACE_OUTER_BOUND ( 'NONE', #2056, .T. ) ;
#1367 = PRESENTATION_STYLE_ASSIGNMENT (( #4888 ) ) ;
#1368 = UNCERTAINTY_MEASURE_WITH_UNIT (LENGTH_MEASURE( 1.000000000000000082E-05 ), #1169, 'distance_accuracy_value', 'NONE');
#1369 = ORIENTED_EDGE ( 'NONE', *, *, #3014, .T. ) ;
#1370 = PRESENTATION_STYLE_ASSIGNMENT (( #5270 ) ) ;
#1371 =( LENGTH_UNIT ( ) NAMED_UNIT ( * ) SI_UNIT ( .MILLI., .METRE. ) );
#1372 = ADVANCED_FACE ( 'NONE', ( #1997 ), #744, .F. ) ;
#1373 = SURFACE_STYLE_FILL_AREA ( #943 ) ;
#1374 = DIRECTION ( 'NONE',  ( 1.000000000000000000, 0.0000000000000000000, 0.0000000000000000000 ) ) ;
#1375 = DIRECTION ( 'NONE',  ( 0.0000000000000000000, -1.000000000000000000, 0.0000000000000000000 ) ) ;
#1376 = UNCERTAINTY_MEASURE_WITH_UNIT (LENGTH_MEASURE( 1.000000000000000082E-05 ), #5386, 'distance_accuracy_value', 'NONE');
#1377 = STYLED_ITEM ( 'NONE', ( #2565 ), #5530 ) ;
#1378 = PRESENTATION_LAYER_ASSIGNMENT (  '', '', ( #4420 ) ) ;
#1379 = VERTEX_POINT ( 'NONE', #3590 ) ;
#1380 = DIRECTION ( 'NONE',  ( -1.445602896647339163E-16, 1.000000000000000000, 0.0000000000000000000 ) ) ;
#1381 = DIRECTION ( 'NONE',  ( -1.000000000000000000, -0.0000000000000000000, -0.0000000000000000000 ) ) ;
#1382 = EDGE_CURVE ( 'NONE', #4363, #51, #5658, .T. ) ;
#1383 = MECHANICAL_DESIGN_GEOMETRIC_PRESENTATION_REPRESENTATION (  '', ( #1759 ), #2225 ) ;
#1384 = DIRECTION ( 'NONE',  ( 1.445602896647338424E-16, 1.000000000000000000, -0.0000000000000000000 ) ) ;
#1385 = SURFACE_SIDE_STYLE ('',( #3599 ) ) ;
#1386 = ORIENTED_EDGE ( 'NONE', *, *, #3259, .T. ) ;
#1387 = ORIENTED_EDGE ( 'NONE', *, *, #2470, .T. ) ;
#1388 = FILL_AREA_STYLE ('',( #3228 ) ) ;
#1389 = CARTESIAN_POINT ( 'NONE',  ( -1.500000000000000000, 1.500000000000000000, 0.02000000000000000042 ) ) ;
#1390 = ORIENTED_EDGE ( 'NONE', *, *, #5198, .F. ) ;
#1391 = PLANE ( 'NONE',  #1757 ) ;
#1392 =( LENGTH_UNIT ( ) NAMED_UNIT ( * ) SI_UNIT ( .MILLI., .METRE. ) );
#1393 = CARTESIAN_POINT ( 'NONE',  ( -1.099999999999999423, -0.1250000000000040246, 0.0000000000000000000 ) ) ;
#1394 = DIRECTION ( 'NONE',  ( 1.000000000000000000, 0.0000000000000000000, 0.0000000000000000000 ) ) ;
#1395 = CARTESIAN_POINT ( 'NONE',  ( -1.500000000000000000, 1.500000000000000000, 0.02000000000000000042 ) ) ;
#1396 = PRESENTATION_STYLE_ASSIGNMENT (( #1781 ) ) ;
#1397 = LINE ( 'NONE', #3151, #5352 ) ;
#1398 = EDGE_CURVE ( 'NONE', #3015, #5562, #442, .T. ) ;
#1399 = SURFACE_STYLE_FILL_AREA ( #2302 ) ;
#1400 = LINE ( 'NONE', #1843, #1321 ) ;
#1401 = SURFACE_SIDE_STYLE ('',( #1844 ) ) ;
#1402 = DIRECTION ( 'NONE',  ( 1.000000000000000000, 4.324453109628779141E-15, -0.0000000000000000000 ) ) ;
#1403 = EDGE_CURVE ( 'NONE', #51, #1793, #1259, .T. ) ;
#1404 = VERTEX_POINT ( 'NONE', #5244 ) ;
#1405 = FILL_AREA_STYLE ('',( #4873 ) ) ;
#1406 = DIRECTION ( 'NONE',  ( -1.544447539153141380E-15, -1.000000000000000000, 0.0000000000000000000 ) ) ;
#1407 =( GEOMETRIC_REPRESENTATION_CONTEXT ( 3 ) GLOBAL_UNCERTAINTY_ASSIGNED_CONTEXT ( ( #5302 ) ) GLOBAL_UNIT_ASSIGNED_CONTEXT ( ( #2136, #3492, #4032 ) ) REPRESENTATION_CONTEXT ( 'NONE', 'WORKASPACE' ) );
#1408 = COLOUR_RGB ( '',0.2509803921568627416, 0.2509803921568627416, 0.2509803921568627416 ) ;
#1409 = EDGE_CURVE ( 'NONE', #1859, #3537, #2555, .T. ) ;
#1410 = ORIENTED_EDGE ( 'NONE', *, *, #4573, .T. ) ;
#1411 = VERTEX_POINT ( 'NONE', #2229 ) ;
#1412 = SURFACE_STYLE_USAGE ( .BOTH. , #3109 ) ;
#1413 = ORIENTED_EDGE ( 'NONE', *, *, #3997, .T. ) ;
#1414 = VERTEX_POINT ( 'NONE', #4329 ) ;
#1415 = COLOUR_RGB ( '',1.000000000000000000, 1.000000000000000000, 1.000000000000000000 ) ;
#1416 = FILL_AREA_STYLE ('',( #2690 ) ) ;
#1417 =( NAMED_UNIT ( * ) SI_UNIT ( $, .STERADIAN. ) SOLID_ANGLE_UNIT ( ) );
#1418 = CARTESIAN_POINT ( 'NONE',  ( -1.500999999999998336, -0.3750000000000055511, 0.2000000000000000111 ) ) ;
#1419 = LINE ( 'NONE', #523, #3506 ) ;
#1420 = PLANE ( 'NONE',  #2065 ) ;
#1421 = MECHANICAL_DESIGN_GEOMETRIC_PRESENTATION_REPRESENTATION (  '', ( #2352 ), #3743 ) ;
#1422 = UNCERTAINTY_MEASURE_WITH_UNIT (LENGTH_MEASURE( 1.000000000000000082E-05 ), #3604, 'distance_accuracy_value', 'NONE');
#1423 = DIRECTION ( 'NONE',  ( -0.7071067811865444641, -0.7071067811865505703, 0.0000000000000000000 ) ) ;
#1424 = DIRECTION ( 'NONE',  ( 1.000000000000000000, 4.325993705677824825E-15, 0.0000000000000000000 ) ) ;
#1425 = DIRECTION ( 'NONE',  ( -1.000000000000000000, -4.325993705677820091E-15, 0.0000000000000000000 ) ) ;
#1426 = LINE ( 'NONE', #505, #240 ) ;
#1427 = EDGE_CURVE ( 'NONE', #829, #4716, #4848, .T. ) ;
#1428 = FACE_OUTER_BOUND ( 'NONE', #880, .T. ) ;
#1429 = UNCERTAINTY_MEASURE_WITH_UNIT (LENGTH_MEASURE( 1.000000000000000082E-05 ), #4241, 'distance_accuracy_value', 'NONE');
#1430 = ORIENTED_EDGE ( 'NONE', *, *, #55, .T. ) ;
#1431 = SURFACE_STYLE_USAGE ( .BOTH. , #4470 ) ;
#1432 = PRESENTATION_LAYER_ASSIGNMENT (  '', '', ( #132 ) ) ;
#1433 = CARTESIAN_POINT ( 'NONE',  ( 0.1249999999999997918, 1.500999999999999890, 0.0000000000000000000 ) ) ;
#1434 = ADVANCED_FACE ( 'NONE', ( #2669 ), #2200, .T. ) ;
#1435 =( NAMED_UNIT ( * ) PLANE_ANGLE_UNIT ( ) SI_UNIT ( $, .RADIAN. ) );
#1436 = VECTOR ( 'NONE', #5575, 1000.000000000000000 ) ;
#1437 = ORIENTED_EDGE ( 'NONE', *, *, #4554, .F. ) ;
#1438 = ORIENTED_EDGE ( 'NONE', *, *, #3325, .T. ) ;
#1439 = CARTESIAN_POINT ( 'NONE',  ( 0.1249999999999998890, -1.500000000000000000, 0.02000000000000005246 ) ) ;
#1440 = PRESENTATION_LAYER_ASSIGNMENT (  '', '', ( #1913 ) ) ;
#1441 = ADVANCED_FACE ( 'NONE', ( #4152 ), #2282, .F. ) ;
#1442 =( NAMED_UNIT ( * ) SI_UNIT ( $, .STERADIAN. ) SOLID_ANGLE_UNIT ( ) );
#1443 =( LENGTH_UNIT ( ) NAMED_UNIT ( * ) SI_UNIT ( .MILLI., .METRE. ) );
#1444 = SURFACE_STYLE_FILL_AREA ( #1834 ) ;
#1445 = VERTEX_POINT ( 'NONE', #5326 ) ;
#1446 = PLANE ( 'NONE',  #2947 ) ;
#1447 = EDGE_CURVE ( 'NONE', #4410, #4660, #1060, .T. ) ;
#1448 = FILL_AREA_STYLE ('',( #493 ) ) ;
#1449 = AXIS2_PLACEMENT_3D ( 'NONE', #3003, #743, #4269 ) ;
#1450 = CARTESIAN_POINT ( 'NONE',  ( 1.500000000000000444, 1.500000000000000000, 0.9000000000000001332 ) ) ;
#1451 =( GEOMETRIC_REPRESENTATION_CONTEXT ( 3 ) GLOBAL_UNCERTAINTY_ASSIGNED_CONTEXT ( ( #3912 ) ) GLOBAL_UNIT_ASSIGNED_CONTEXT ( ( #1455, #2784, #4547 ) ) REPRESENTATION_CONTEXT ( 'NONE', 'WORKASPACE' ) );
#1452 = DIRECTION ( 'NONE',  ( -1.204669080539449344E-16, 1.000000000000000000, 0.0000000000000000000 ) ) ;
#1453 =( LENGTH_UNIT ( ) NAMED_UNIT ( * ) SI_UNIT ( .MILLI., .METRE. ) );
#1454 = SURFACE_SIDE_STYLE ('',( #4918 ) ) ;
#1455 =( LENGTH_UNIT ( ) NAMED_UNIT ( * ) SI_UNIT ( .MILLI., .METRE. ) );
#1456 = SURFACE_STYLE_FILL_AREA ( #1871 ) ;
#1457 = LINE ( 'NONE', #3560, #4984 ) ;
#1458 =( GEOMETRIC_REPRESENTATION_CONTEXT ( 3 ) GLOBAL_UNCERTAINTY_ASSIGNED_CONTEXT ( ( #497 ) ) GLOBAL_UNIT_ASSIGNED_CONTEXT ( ( #1576, #1146, #5447 ) ) REPRESENTATION_CONTEXT ( 'NONE', 'WORKASPACE' ) );
#1459 = VECTOR ( 'NONE', #5382, 1000.000000000000000 ) ;
#1460 = VERTEX_POINT ( 'NONE', #3727 ) ;
#1461 = STYLED_ITEM ( 'NONE', ( #5565 ), #236 ) ;
#1462 = DIRECTION ( 'NONE',  ( 0.0000000000000000000, 1.000000000000000000, 0.0000000000000000000 ) ) ;
#1463 = CARTESIAN_POINT ( 'NONE',  ( -1.501000000000000112, 0.1249999999999944766, 0.2000000000000000111 ) ) ;
#1464 = FILL_AREA_STYLE ('',( #2211 ) ) ;
#1465 = VERTEX_POINT ( 'NONE', #171 ) ;
#1466 = EDGE_CURVE ( 'NONE', #1741, #2681, #530, .T. ) ;
#1467 = ORIENTED_EDGE ( 'NONE', *, *, #3165, .T. ) ;
#1468 = DIRECTION ( 'NONE',  ( 0.0000000000000000000, 0.0000000000000000000, 1.000000000000000000 ) ) ;
#1469 = VECTOR ( 'NONE', #5401, 1000.000000000000000 ) ;
#1470 = SURFACE_STYLE_FILL_AREA ( #1388 ) ;
#1471 = PLANE ( 'NONE',  #996 ) ;
#1472 = EDGE_LOOP ( 'NONE', ( #3713, #2788, #835, #4168, #1354, #4982 ) ) ;
#1473 = EDGE_CURVE ( 'NONE', #2971, #2336, #5410, .T. ) ;
#1474 = ORIENTED_EDGE ( 'NONE', *, *, #4769, .T. ) ;
#1475 = CARTESIAN_POINT ( 'NONE',  ( -1.501000000000002998, 0.6249999999999987788, 0.0000000000000000000 ) ) ;
#1476 = CARTESIAN_POINT ( 'NONE',  ( -1.500000000000000000, 1.500000000000000000, 0.02000000000000000042 ) ) ;
#1477 = SURFACE_STYLE_USAGE ( .BOTH. , #5068 ) ;
#1478 = FACE_OUTER_BOUND ( 'NONE', #268, .T. ) ;
#1479 = PRESENTATION_STYLE_ASSIGNMENT (( #1365 ) ) ;
#1480 = PLANE ( 'NONE',  #3311 ) ;
#1481 = UNCERTAINTY_MEASURE_WITH_UNIT (LENGTH_MEASURE( 1.000000000000000082E-05 ), #147, 'distance_accuracy_value', 'NONE');
#1482 = FILL_AREA_STYLE ('',( #1678 ) ) ;
#1483 = DIRECTION ( 'NONE',  ( -0.0000000000000000000, -0.0000000000000000000, -1.000000000000000000 ) ) ;
#1484 = CARTESIAN_POINT ( 'NONE',  ( 1.100000000000004974, -1.499999999999990896, 0.02000000000000000042 ) ) ;
#1485 = DIRECTION ( 'NONE',  ( 1.000000000000000000, 0.0000000000000000000, 0.0000000000000000000 ) ) ;
#1486 =( NAMED_UNIT ( * ) PLANE_ANGLE_UNIT ( ) SI_UNIT ( $, .RADIAN. ) );
#1487 = DIRECTION ( 'NONE',  ( -0.0000000000000000000, -1.000000000000000000, -0.0000000000000000000 ) ) ;
#1488 = VECTOR ( 'NONE', #2281, 1000.000000000000000 ) ;
#1489 = VERTEX_POINT ( 'NONE', #2702 ) ;
#1490 = FILL_AREA_STYLE ('',( #4016 ) ) ;
#1491 = PRESENTATION_STYLE_ASSIGNMENT (( #4473 ) ) ;
#1492 = LINE ( 'NONE', #839, #3463 ) ;
#1493 = AXIS2_PLACEMENT_3D ( 'NONE', #1418, #4454, #3234 ) ;
#1494 = VERTEX_POINT ( 'NONE', #944 ) ;
#1495 = AXIS2_PLACEMENT_3D ( 'NONE', #5597, #1762, #886 ) ;
#1496 = EDGE_LOOP ( 'NONE', ( #894, #3383, #42, #5578, #1353, #4138 ) ) ;
#1497 =( LENGTH_UNIT ( ) NAMED_UNIT ( * ) SI_UNIT ( .MILLI., .METRE. ) );
#1498 =( NAMED_UNIT ( * ) PLANE_ANGLE_UNIT ( ) SI_UNIT ( $, .RADIAN. ) );
#1499 = EDGE_CURVE ( 'NONE', #4188, #3654, #5300, .T. ) ;
#1500 =( NAMED_UNIT ( * ) PLANE_ANGLE_UNIT ( ) SI_UNIT ( $, .RADIAN. ) );
#1501 = ORIENTED_EDGE ( 'NONE', *, *, #2918, .F. ) ;
#1502 = EDGE_LOOP ( 'NONE', ( #4746, #4194, #2223, #20, #4240 ) ) ;
#1503 =( GEOMETRIC_REPRESENTATION_CONTEXT ( 3 ) GLOBAL_UNCERTAINTY_ASSIGNED_CONTEXT ( ( #625 ) ) GLOBAL_UNIT_ASSIGNED_CONTEXT ( ( #3656, #2347, #3201 ) ) REPRESENTATION_CONTEXT ( 'NONE', 'WORKASPACE' ) );
#1504 = FILL_AREA_STYLE_COLOUR ( '', #84 ) ;
#1505 = SURFACE_STYLE_FILL_AREA ( #1916 ) ;
#1506 = DIRECTION ( 'NONE',  ( 1.000000000000000000, 0.0000000000000000000, -0.0000000000000000000 ) ) ;
#1507 = LINE ( 'NONE', #2387, #5337 ) ;
#1508 = EDGE_CURVE ( 'NONE', #159, #5615, #4123, .T. ) ;
#1509 = VECTOR ( 'NONE', #1381, 1000.000000000000000 ) ;
#1510 = VECTOR ( 'NONE', #156, 1000.000000000000000 ) ;
#1511 = FACE_OUTER_BOUND ( 'NONE', #3513, .T. ) ;
#1512 = VECTOR ( 'NONE', #2782, 1000.000000000000000 ) ;
#1513 = LINE ( 'NONE', #4260, #2899 ) ;
#1514 = PRESENTATION_STYLE_ASSIGNMENT (( #708 ) ) ;
#1515 = FILL_AREA_STYLE_COLOUR ( '', #5161 ) ;
#1516 = EDGE_CURVE ( 'NONE', #1801, #3682, #4894, .T. ) ;
#1517 = ORIENTED_EDGE ( 'NONE', *, *, #3953, .F. ) ;
#1518 = CARTESIAN_POINT ( 'NONE',  ( 1.100000000000000311, -0.1249999999999966416, 0.2000000000000000111 ) ) ;
#1519 = PLANE ( 'NONE',  #4671 ) ;
#1520 =( LENGTH_UNIT ( ) NAMED_UNIT ( * ) SI_UNIT ( .MILLI., .METRE. ) );
#1521 = COLOUR_RGB ( '',1.000000000000000000, 1.000000000000000000, 1.000000000000000000 ) ;
#1522 = DIRECTION ( 'NONE',  ( 0.0000000000000000000, -0.0000000000000000000, 1.000000000000000000 ) ) ;
#1523 = VECTOR ( 'NONE', #4596, 1000.000000000000000 ) ;
#1524 = EDGE_LOOP ( 'NONE', ( #1802, #1089, #1622, #1320 ) ) ;
#1525 = ORIENTED_EDGE ( 'NONE', *, *, #3961, .T. ) ;
#1526 = PRESENTATION_STYLE_ASSIGNMENT (( #5428 ) ) ;
#1527 = CARTESIAN_POINT ( 'NONE',  ( 0.1249999999999997918, 1.099999999999999867, 0.2000000000000000111 ) ) ;
#1528 = EDGE_LOOP ( 'NONE', ( #2635, #3730, #1474, #3512, #727, #1734 ) ) ;
#1529 = ORIENTED_EDGE ( 'NONE', *, *, #3795, .T. ) ;
#1530 = EDGE_CURVE ( 'NONE', #339, #1770, #143, .T. ) ;
#1531 = APPLICATION_PROTOCOL_DEFINITION ( 'draft international standard', 'automotive_design', 1998, #358 ) ;
#1532 = SURFACE_SIDE_STYLE ('',( #3777 ) ) ;
#1533 = LINE ( 'NONE', #1106, #2507 ) ;
#1534 = DIRECTION ( 'NONE',  ( 0.0000000000000000000, 0.0000000000000000000, -1.000000000000000000 ) ) ;
#1535 = CARTESIAN_POINT ( 'NONE',  ( -1.499999999999999112, 1.099999999999999867, 0.02000000000000000042 ) ) ;
#1536 = CARTESIAN_POINT ( 'NONE',  ( 0.1249999999999997918, 1.500999999999999890, 0.2000000000000000111 ) ) ;
#1537 =( NAMED_UNIT ( * ) SI_UNIT ( $, .STERADIAN. ) SOLID_ANGLE_UNIT ( ) );
#1538 =( GEOMETRIC_REPRESENTATION_CONTEXT ( 3 ) GLOBAL_UNCERTAINTY_ASSIGNED_CONTEXT ( ( #5643 ) ) GLOBAL_UNIT_ASSIGNED_CONTEXT ( ( #3913, #4343, #1717 ) ) REPRESENTATION_CONTEXT ( 'NONE', 'WORKASPACE' ) );
#1539 = LINE ( 'NONE', #2842, #3561 ) ;
#1540 =( LENGTH_UNIT ( ) NAMED_UNIT ( * ) SI_UNIT ( .MILLI., .METRE. ) );
#1541 = DIRECTION ( 'NONE',  ( 1.000000000000000000, 0.0000000000000000000, 0.0000000000000000000 ) ) ;
#1542 = VECTOR ( 'NONE', #2289, 1000.000000000000000 ) ;
#1543 = VERTEX_POINT ( 'NONE', #2307 ) ;
#1544 = EDGE_CURVE ( 'NONE', #4418, #829, #4969, .T. ) ;
#1545 = SURFACE_SIDE_STYLE ('',( #1575 ) ) ;
#1546 = DIRECTION ( 'NONE',  ( 1.000000000000000000, 0.0000000000000000000, 0.0000000000000000000 ) ) ;
#1547 = CARTESIAN_POINT ( 'NONE',  ( -1.501000000000000112, 0.1249999999999944766, 0.2000000000000000111 ) ) ;
#1548 =( GEOMETRIC_REPRESENTATION_CONTEXT ( 3 ) GLOBAL_UNCERTAINTY_ASSIGNED_CONTEXT ( ( #311 ) ) GLOBAL_UNIT_ASSIGNED_CONTEXT ( ( #2072, #817, #1634 ) ) REPRESENTATION_CONTEXT ( 'NONE', 'WORKASPACE' ) );
#1549 = FILL_AREA_STYLE_COLOUR ( '', #1125 ) ;
#1550 =( NAMED_UNIT ( * ) PLANE_ANGLE_UNIT ( ) SI_UNIT ( $, .RADIAN. ) );
#1551 =( NAMED_UNIT ( * ) PLANE_ANGLE_UNIT ( ) SI_UNIT ( $, .RADIAN. ) );
#1552 = COLOUR_RGB ( '',1.000000000000000000, 1.000000000000000000, 1.000000000000000000 ) ;
#1553 = VERTEX_POINT ( 'NONE', #2391 ) ;
#1554 = ADVANCED_FACE ( 'NONE', ( #5357 ), #91, .F. ) ;
#1555 = ORIENTED_EDGE ( 'NONE', *, *, #3130, .T. ) ;
#1556 = SURFACE_STYLE_USAGE ( .BOTH. , #2480 ) ;
#1557 = PRESENTATION_LAYER_ASSIGNMENT (  '', '', ( #2306 ) ) ;
#1558 = CARTESIAN_POINT ( 'NONE',  ( 1.000000000000000000, 1.000000000000000000, 0.8500000000000000888 ) ) ;
#1559 = SURFACE_STYLE_FILL_AREA ( #4164 ) ;
#1560 = FILL_AREA_STYLE ('',( #157 ) ) ;
#1561 = EDGE_LOOP ( 'NONE', ( #991, #1973, #4877, #4661 ) ) ;
#1562 = ORIENTED_EDGE ( 'NONE', *, *, #4383, .F. ) ;
#1563 = VECTOR ( 'NONE', #5587, 1000.000000000000000 ) ;
#1564 = EDGE_LOOP ( 'NONE', ( #21, #917, #925, #381 ) ) ;
#1565 = DIRECTION ( 'NONE',  ( -1.000000000000000000, 0.0000000000000000000, -0.0000000000000000000 ) ) ;
#1566 = FILL_AREA_STYLE ('',( #4199 ) ) ;
#1567 = LINE ( 'NONE', #4618, #1792 ) ;
#1568 =( GEOMETRIC_REPRESENTATION_CONTEXT ( 3 ) GLOBAL_UNCERTAINTY_ASSIGNED_CONTEXT ( ( #2359 ) ) GLOBAL_UNIT_ASSIGNED_CONTEXT ( ( #5011, #5098, #1076 ) ) REPRESENTATION_CONTEXT ( 'NONE', 'WORKASPACE' ) );
#1569 = CARTESIAN_POINT ( 'NONE',  ( 1.501000000000000556, -0.1249999999999949069, 0.0000000000000000000 ) ) ;
#1570 = LINE ( 'NONE', #5407, #586 ) ;
#1571 = CARTESIAN_POINT ( 'NONE',  ( -0.1249999999999998890, -1.099999999999999867, 0.01999999999999999695 ) ) ;
#1572 = CARTESIAN_POINT ( 'NONE',  ( -1.499999999999999112, -1.500000000000000000, 0.02000000000000000042 ) ) ;
#1573 = ADVANCED_FACE ( 'NONE', ( #433 ), #1334, .F. ) ;
#1574 = ORIENTED_EDGE ( 'NONE', *, *, #1101, .F. ) ;
#1575 = SURFACE_STYLE_FILL_AREA ( #3762 ) ;
#1576 =( LENGTH_UNIT ( ) NAMED_UNIT ( * ) SI_UNIT ( .MILLI., .METRE. ) );
#1577 =( NAMED_UNIT ( * ) PLANE_ANGLE_UNIT ( ) SI_UNIT ( $, .RADIAN. ) );
#1578 = SURFACE_SIDE_STYLE ('',( #4243 ) ) ;
#1579 = SURFACE_SIDE_STYLE ('',( #3526 ) ) ;
#1580 = EDGE_CURVE ( 'NONE', #129, #752, #4840, .T. ) ;
#1581 = EDGE_LOOP ( 'NONE', ( #3681, #3443, #478, #4529, #1227 ) ) ;
#1582 = VERTEX_POINT ( 'NONE', #1303 ) ;
#1583 = ADVANCED_FACE ( 'NONE', ( #2631 ), #1254, .F. ) ;
#1584 = AXIS2_PLACEMENT_3D ( 'NONE', #4707, #1179, #3877 ) ;
#1585 = ORIENTED_EDGE ( 'NONE', *, *, #2202, .T. ) ;
#1586 = VERTEX_POINT ( 'NONE', #3665 ) ;
#1587 = ORIENTED_EDGE ( 'NONE', *, *, #3111, .T. ) ;
#1588 = PLANE ( 'NONE',  #4895 ) ;
#1589 = DIRECTION ( 'NONE',  ( 1.000000000000000000, 0.0000000000000000000, 0.0000000000000000000 ) ) ;
#1590 = DIRECTION ( 'NONE',  ( 0.0000000000000000000, 0.0000000000000000000, -1.000000000000000000 ) ) ;
#1591 = VECTOR ( 'NONE', #2694, 1000.000000000000000 ) ;
#1592 = CARTESIAN_POINT ( 'NONE',  ( -0.3749999999999995559, 1.099999999999999867, 0.01999999999999999695 ) ) ;
#1593 = CARTESIAN_POINT ( 'NONE',  ( 0.1249999999999998890, -1.500000000000000000, 0.9000000000000001332 ) ) ;
#1594 = EDGE_CURVE ( 'NONE', #781, #2262, #2726, .T. ) ;
#1595 = UNCERTAINTY_MEASURE_WITH_UNIT (LENGTH_MEASURE( 1.000000000000000082E-05 ), #4764, 'distance_accuracy_value', 'NONE');
#1596 = SURFACE_STYLE_FILL_AREA ( #3267 ) ;
#1597 = ORIENTED_EDGE ( 'NONE', *, *, #4523, .T. ) ;
#1598 = PRESENTATION_STYLE_ASSIGNMENT (( #5468 ) ) ;
#1599 = CARTESIAN_POINT ( 'NONE',  ( 0.8750000000000001110, 1.500999999999999890, 0.2000000000000000111 ) ) ;
#1600 = DIRECTION ( 'NONE',  ( 1.000000000000000000, 0.0000000000000000000, 0.0000000000000000000 ) ) ;
#1601 = PRESENTATION_LAYER_ASSIGNMENT (  '', '', ( #481 ) ) ;
#1602 = LINE ( 'NONE', #3376, #4020 ) ;
#1603 = STYLED_ITEM ( 'NONE', ( #1941 ), #1921 ) ;
#1604 = UNCERTAINTY_MEASURE_WITH_UNIT (LENGTH_MEASURE( 1.000000000000000082E-05 ), #3784, 'distance_accuracy_value', 'NONE');
#1605 = VERTEX_POINT ( 'NONE', #3211 ) ;
#1606 = VECTOR ( 'NONE', #3808, 1000.000000000000000 ) ;
#1607 = VECTOR ( 'NONE', #4148, 1000.000000000000000 ) ;
#1608 = CARTESIAN_POINT ( 'NONE',  ( -1.501000000000001000, 0.3749999999999942824, 0.0000000000000000000 ) ) ;
#1609 = CARTESIAN_POINT ( 'NONE',  ( 1.501000000000001444, -0.3749999999999946709, 0.0000000000000000000 ) ) ;
#1610 = PLANE ( 'NONE',  #3797 ) ;
#1611 = SURFACE_SIDE_STYLE ('',( #3848 ) ) ;
#1612 = CARTESIAN_POINT ( 'NONE',  ( -1.500999999999997669, -0.6250000000000057732, 0.2000000000000000111 ) ) ;
#1613 = VECTOR ( 'NONE', #178, 1000.000000000000000 ) ;
#1614 = ORIENTED_EDGE ( 'NONE', *, *, #2663, .T. ) ;
#1615 = ORIENTED_EDGE ( 'NONE', *, *, #4654, .F. ) ;
#1616 = EDGE_CURVE ( 'NONE', #4309, #4559, #3148, .T. ) ;
#1617 = DIRECTION ( 'NONE',  ( -3.469446951953616950E-15, 1.000000000000000000, 0.0000000000000000000 ) ) ;
#1618 = CARTESIAN_POINT ( 'NONE',  ( 1.500000000000000666, -0.1249999999999949069, 0.9000000000000001332 ) ) ;
#1619 = FILL_AREA_STYLE_COLOUR ( '', #4584 ) ;
#1620 = VECTOR ( 'NONE', #1335, 1000.000000000000000 ) ;
#1621 = ORIENTED_EDGE ( 'NONE', *, *, #1748, .T. ) ;
#1622 = ORIENTED_EDGE ( 'NONE', *, *, #2961, .T. ) ;
#1623 = ORIENTED_EDGE ( 'NONE', *, *, #3548, .T. ) ;
#1624 = SURFACE_SIDE_STYLE ('',( #4693 ) ) ;
#1625 = SURFACE_STYLE_FILL_AREA ( #729 ) ;
#1626 = LINE ( 'NONE', #3909, #3345 ) ;
#1627 = DIRECTION ( 'NONE',  ( 1.000000000000000000, 0.0000000000000000000, 0.0000000000000000000 ) ) ;
#1628 = PRESENTATION_STYLE_ASSIGNMENT (( #276 ) ) ;
#1629 = ORIENTED_EDGE ( 'NONE', *, *, #4175, .T. ) ;
#1630 = VECTOR ( 'NONE', #4557, 1000.000000000000000 ) ;
#1631 = EDGE_CURVE ( 'NONE', #2642, #2539, #4486, .T. ) ;
#1632 = CARTESIAN_POINT ( 'NONE',  ( -0.8249999999999992895, 1.099999999999999867, 0.2000000000000000111 ) ) ;
#1633 = DIRECTION ( 'NONE',  ( 1.000000000000000000, 0.0000000000000000000, 0.0000000000000000000 ) ) ;
#1634 =( NAMED_UNIT ( * ) SI_UNIT ( $, .STERADIAN. ) SOLID_ANGLE_UNIT ( ) );
#1635 = CARTESIAN_POINT ( 'NONE',  ( -0.3749999999999997780, -1.500999999999999890, 0.2000000000000000111 ) ) ;
#1636 = ORIENTED_EDGE ( 'NONE', *, *, #3145, .F. ) ;
#1637 = DIRECTION ( 'NONE',  ( -1.000000000000000000, -0.0000000000000000000, -0.0000000000000000000 ) ) ;
#1638 = CARTESIAN_POINT ( 'NONE',  ( -0.3749999999999997780, -1.500999999999999890, 0.0000000000000000000 ) ) ;
#1639 = PLANE ( 'NONE',  #4458 ) ;
#1640 =( NAMED_UNIT ( * ) SI_UNIT ( $, .STERADIAN. ) SOLID_ANGLE_UNIT ( ) );
#1641 = SURFACE_SIDE_STYLE ('',( #5537 ) ) ;
#1642 = SURFACE_SIDE_STYLE ('',( #4824 ) ) ;
#1643 = COLOUR_RGB ( '',1.000000000000000000, 1.000000000000000000, 1.000000000000000000 ) ;
#1644 = ORIENTED_EDGE ( 'NONE', *, *, #1088, .F. ) ;
#1645 = DIRECTION ( 'NONE',  ( -4.324453109628794129E-15, 1.000000000000000000, 0.0000000000000000000 ) ) ;
#1646 = STYLED_ITEM ( 'NONE', ( #3191 ), #49 ) ;
#1647 = ADVANCED_FACE ( 'NONE', ( #4538 ), #1864, .F. ) ;
#1648 = VERTEX_POINT ( 'NONE', #5294 ) ;
#1649 = ORIENTED_EDGE ( 'NONE', *, *, #1780, .T. ) ;
#1650 = ORIENTED_EDGE ( 'NONE', *, *, #5239, .F. ) ;
#1651 = DIRECTION ( 'NONE',  ( 1.000000000000000000, 0.0000000000000000000, 0.0000000000000000000 ) ) ;
#1652 = FACE_OUTER_BOUND ( 'NONE', #3317, .T. ) ;
#1653 = FILL_AREA_STYLE ('',( #2128 ) ) ;
#1654 = UNCERTAINTY_MEASURE_WITH_UNIT (LENGTH_MEASURE( 1.000000000000000082E-05 ), #4813, 'distance_accuracy_value', 'NONE');
#1655 = VECTOR ( 'NONE', #2489, 1000.000000000000000 ) ;
#1656 = ADVANCED_FACE ( 'NONE', ( #5320 ), #1420, .F. ) ;
#1657 = UNCERTAINTY_MEASURE_WITH_UNIT (LENGTH_MEASURE( 1.000000000000000082E-05 ), #856, 'distance_accuracy_value', 'NONE');
#1658 = EDGE_CURVE ( 'NONE', #339, #1379, #5041, .T. ) ;
#1659 = ORIENTED_EDGE ( 'NONE', *, *, #3890, .T. ) ;
#1660 = DIRECTION ( 'NONE',  ( -0.0000000000000000000, -0.0000000000000000000, -1.000000000000000000 ) ) ;
#1661 =( GEOMETRIC_REPRESENTATION_CONTEXT ( 3 ) GLOBAL_UNCERTAINTY_ASSIGNED_CONTEXT ( ( #2129 ) ) GLOBAL_UNIT_ASSIGNED_CONTEXT ( ( #162, #2747, #4058 ) ) REPRESENTATION_CONTEXT ( 'NONE', 'WORKASPACE' ) );
#1662 = PLANE ( 'NONE',  #3813 ) ;
#1663 = FILL_AREA_STYLE_COLOUR ( '', #4927 ) ;
#1664 = VECTOR ( 'NONE', #3063, 1000.000000000000000 ) ;
#1665 = LINE ( 'NONE', #878, #599 ) ;
#1666 = ORIENTED_EDGE ( 'NONE', *, *, #5659, .F. ) ;
#1667 =( NAMED_UNIT ( * ) SI_UNIT ( $, .STERADIAN. ) SOLID_ANGLE_UNIT ( ) );
#1668 = DIRECTION ( 'NONE',  ( -0.0000000000000000000, -0.0000000000000000000, -1.000000000000000000 ) ) ;
#1669 = LINE ( 'NONE', #3987, #2714 ) ;
#1670 = EDGE_CURVE ( 'NONE', #1586, #808, #1567, .T. ) ;
#1671 = ORIENTED_EDGE ( 'NONE', *, *, #3130, .F. ) ;
#1672 = FILL_AREA_STYLE ('',( #3989 ) ) ;
#1673 = DIRECTION ( 'NONE',  ( -1.000000000000000000, -4.324453109628794129E-15, 0.0000000000000000000 ) ) ;
#1674 = STYLED_ITEM ( 'NONE', ( #3323 ), #799 ) ;
#1675 = CARTESIAN_POINT ( 'NONE',  ( 1.500000000000000444, 1.500000000000000000, 0.02000000000000000042 ) ) ;
#1676 = ORIENTED_EDGE ( 'NONE', *, *, #1403, .T. ) ;
#1677 = VERTEX_POINT ( 'NONE', #2437 ) ;
#1678 = FILL_AREA_STYLE_COLOUR ( '', #4195 ) ;
#1679 = CARTESIAN_POINT ( 'NONE',  ( -1.100000000000001199, 0.3749999999999960032, 0.01999999999999999695 ) ) ;
#1680 = ADVANCED_FACE ( 'NONE', ( #1980 ), #1080, .F. ) ;
#1681 = CARTESIAN_POINT ( 'NONE',  ( 1.099999999999997646, 0.6250000000000031086, 0.0000000000000000000 ) ) ;
#1682 = CARTESIAN_POINT ( 'NONE',  ( -0.8749999999999991118, 1.500999999999999890, 0.2000000000000000111 ) ) ;
#1683 = CARTESIAN_POINT ( 'NONE',  ( -1.501000000000001000, 0.3749999999999942824, 0.0000000000000000000 ) ) ;
#1684 =( GEOMETRIC_REPRESENTATION_CONTEXT ( 3 ) GLOBAL_UNCERTAINTY_ASSIGNED_CONTEXT ( ( #1657 ) ) GLOBAL_UNIT_ASSIGNED_CONTEXT ( ( #856, #3470, #1731 ) ) REPRESENTATION_CONTEXT ( 'NONE', 'WORKASPACE' ) );
#1685 = PLANE ( 'NONE',  #4580 ) ;
#1686 = ORIENTED_EDGE ( 'NONE', *, *, #1398, .F. ) ;
#1687 = STYLED_ITEM ( 'NONE', ( #1479 ), #1647 ) ;
#1688 = CARTESIAN_POINT ( 'NONE',  ( -1.499999999999999112, -1.099999999999999867, 0.02000000000000000042 ) ) ;
#1689 = EDGE_CURVE ( 'NONE', #2619, #2095, #3395, .T. ) ;
#1690 = DIRECTION ( 'NONE',  ( -0.0000000000000000000, 0.0000000000000000000, -1.000000000000000000 ) ) ;
#1691 =( LENGTH_UNIT ( ) NAMED_UNIT ( * ) SI_UNIT ( .MILLI., .METRE. ) );
#1692 = COLOUR_RGB ( '',1.000000000000000000, 1.000000000000000000, 1.000000000000000000 ) ;
#1693 = ORIENTED_EDGE ( 'NONE', *, *, #3883, .F. ) ;
#1694 = DIRECTION ( 'NONE',  ( 1.000000000000000000, 0.0000000000000000000, 0.0000000000000000000 ) ) ;
#1695 = VECTOR ( 'NONE', #4431, 1000.000000000000000 ) ;
#1696 = SURFACE_STYLE_FILL_AREA ( #1728 ) ;
#1697 = EDGE_CURVE ( 'NONE', #2890, #962, #3294, .T. ) ;
#1698 =( NAMED_UNIT ( * ) PLANE_ANGLE_UNIT ( ) SI_UNIT ( $, .RADIAN. ) );
#1699 = SURFACE_STYLE_USAGE ( .BOTH. , #4823 ) ;
#1700 = VECTOR ( 'NONE', #4574, 1000.000000000000000 ) ;
#1701 = AXIS2_PLACEMENT_3D ( 'NONE', #686, #714, #3347 ) ;
#1702 = VERTEX_POINT ( 'NONE', #1194 ) ;
#1703 =( NAMED_UNIT ( * ) SI_UNIT ( $, .STERADIAN. ) SOLID_ANGLE_UNIT ( ) );
#1704 = MECHANICAL_DESIGN_GEOMETRIC_PRESENTATION_REPRESENTATION (  '', ( #1985 ), #1062 ) ;
#1705 = VECTOR ( 'NONE', #1203, 1000.000000000000000 ) ;
#1706 = LINE ( 'NONE', #1737, #1356 ) ;
#1707 = VECTOR ( 'NONE', #1957, 1000.000000000000000 ) ;
#1708 = EDGE_LOOP ( 'NONE', ( #5316, #3206, #4389, #323, #1437, #1636 ) ) ;
#1709 = AXIS2_PLACEMENT_3D ( 'NONE', #5455, #1645, #1673 ) ;
#1710 = ORIENTED_EDGE ( 'NONE', *, *, #5066, .T. ) ;
#1711 = VERTEX_POINT ( 'NONE', #3803 ) ;
#1712 = DIRECTION ( 'NONE',  ( 0.0000000000000000000, 0.0000000000000000000, 1.000000000000000000 ) ) ;
#1713 = CARTESIAN_POINT ( 'NONE',  ( -1.500000000000000000, 1.500000000000000000, 0.9000000000000001332 ) ) ;
#1714 = FILL_AREA_STYLE ('',( #3447 ) ) ;
#1715 = DIRECTION ( 'NONE',  ( 1.000000000000000000, 0.0000000000000000000, 0.0000000000000000000 ) ) ;
#1716 = MECHANICAL_DESIGN_GEOMETRIC_PRESENTATION_REPRESENTATION (  '', ( #45 ), #5342 ) ;
#1717 =( NAMED_UNIT ( * ) SI_UNIT ( $, .STERADIAN. ) SOLID_ANGLE_UNIT ( ) );
#1718 = VERTEX_POINT ( 'NONE', #4695 ) ;
#1719 = LINE ( 'NONE', #849, #180 ) ;
#1720 = LINE ( 'NONE', #1278, #3931 ) ;
#1721 = UNCERTAINTY_MEASURE_WITH_UNIT (LENGTH_MEASURE( 1.000000000000000082E-05 ), #2317, 'distance_accuracy_value', 'NONE');
#1722 = CARTESIAN_POINT ( 'NONE',  ( -1.500000000000000000, 1.500000000000000000, 0.9000000000000001332 ) ) ;
#1723 = VECTOR ( 'NONE', #4798, 1000.000000000000000 ) ;
#1724 = EDGE_LOOP ( 'NONE', ( #514, #1387, #2261, #2819, #2735, #4310 ) ) ;
#1725 = CARTESIAN_POINT ( 'NONE',  ( -0.3749999999999997780, -1.500000000000000000, 0.2000000000000000111 ) ) ;
#1726 = LINE ( 'NONE', #5594, #3791 ) ;
#1727 = MECHANICAL_DESIGN_GEOMETRIC_PRESENTATION_REPRESENTATION (  '', ( #987 ), #705 ) ;
#1728 = FILL_AREA_STYLE ('',( #4736 ) ) ;
#1729 = DIRECTION ( 'NONE',  ( 1.000000000000000000, 0.0000000000000000000, -0.0000000000000000000 ) ) ;
#1730 = CARTESIAN_POINT ( 'NONE',  ( 0.1249999999999997918, 1.500999999999999890, 0.2000000000000000111 ) ) ;
#1731 =( NAMED_UNIT ( * ) SI_UNIT ( $, .STERADIAN. ) SOLID_ANGLE_UNIT ( ) );
#1732 = COLOUR_RGB ( '',1.000000000000000000, 1.000000000000000000, 1.000000000000000000 ) ;
#1733 = EDGE_CURVE ( 'NONE', #4772, #4501, #254, .T. ) ;
#1734 = ORIENTED_EDGE ( 'NONE', *, *, #4929, .T. ) ;
#1735 =( LENGTH_UNIT ( ) NAMED_UNIT ( * ) SI_UNIT ( .MILLI., .METRE. ) );
#1736 = LINE ( 'NONE', #1315, #1909 ) ;
#1737 = CARTESIAN_POINT ( 'NONE',  ( -1.362500000000013811, -1.637499999999986633, 0.02000000000000000042 ) ) ;
#1738 = MECHANICAL_DESIGN_GEOMETRIC_PRESENTATION_REPRESENTATION (  '', ( #3781 ), #5013 ) ;
#1739 = ORIENTED_EDGE ( 'NONE', *, *, #3384, .F. ) ;
#1740 = VERTEX_POINT ( 'NONE', #194 ) ;
#1741 = VERTEX_POINT ( 'NONE', #2385 ) ;
#1742 = CARTESIAN_POINT ( 'NONE',  ( 1.500000000000000444, 1.500000000000000000, 0.9000000000000001332 ) ) ;
#1743 = DIRECTION ( 'NONE',  ( -0.7071067811865483499, -0.7071067811865467956, 0.0000000000000000000 ) ) ;
#1744 = DIRECTION ( 'NONE',  ( -1.000000000000000000, -0.0000000000000000000, -0.0000000000000000000 ) ) ;
#1745 = PRESENTATION_LAYER_ASSIGNMENT (  '', '', ( #1646 ) ) ;
#1746 = MECHANICAL_DESIGN_GEOMETRIC_PRESENTATION_REPRESENTATION (  '', ( #4409 ), #5458 ) ;
#1747 = SURFACE_STYLE_FILL_AREA ( #426 ) ;
#1748 = EDGE_CURVE ( 'NONE', #1070, #4591, #4144, .T. ) ;
#1749 = ORIENTED_EDGE ( 'NONE', *, *, #1131, .F. ) ;
#1750 = FACE_OUTER_BOUND ( 'NONE', #5288, .T. ) ;
#1751 = DIRECTION ( 'NONE',  ( -1.000000000000000000, 0.0000000000000000000, -0.0000000000000000000 ) ) ;
#1752 = DIRECTION ( 'NONE',  ( 1.000000000000000000, 0.0000000000000000000, 0.0000000000000000000 ) ) ;
#1753 = AXIS2_PLACEMENT_3D ( 'NONE', #253, #3422, #2044 ) ;
#1754 = PLANE ( 'NONE',  #2909 ) ;
#1755 = MECHANICAL_DESIGN_GEOMETRIC_PRESENTATION_REPRESENTATION (  '', ( #4332 ), #3700 ) ;
#1756 = ORIENTED_EDGE ( 'NONE', *, *, #1299, .T. ) ;
#1757 = AXIS2_PLACEMENT_3D ( 'NONE', #3831, #2008, #670 ) ;
#1758 = CARTESIAN_POINT ( 'NONE',  ( 0.6249999999999995559, -1.500999999999999890, 0.2000000000000000111 ) ) ;
#1759 = STYLED_ITEM ( 'NONE', ( #3348 ), #657 ) ;
#1760 = DIRECTION ( 'NONE',  ( 0.0000000000000000000, -1.000000000000000000, 0.0000000000000000000 ) ) ;
#1761 = FILL_AREA_STYLE ('',( #5140 ) ) ;
#1762 = DIRECTION ( 'NONE',  ( 0.0000000000000000000, 0.0000000000000000000, 1.000000000000000000 ) ) ;
#1763 = ADVANCED_FACE ( 'NONE', ( #3720 ), #4989, .F. ) ;
#1764 = CARTESIAN_POINT ( 'NONE',  ( -1.501000000000000112, 0.1249999999999944766, 0.2000000000000000111 ) ) ;
#1765 = EDGE_LOOP ( 'NONE', ( #3788, #473, #1666, #153 ) ) ;
#1766 = DIRECTION ( 'NONE',  ( -0.0000000000000000000, 0.0000000000000000000, -1.000000000000000000 ) ) ;
#1767 = EDGE_CURVE ( 'NONE', #1801, #4907, #1218, .T. ) ;
#1768 =( NAMED_UNIT ( * ) SI_UNIT ( $, .STERADIAN. ) SOLID_ANGLE_UNIT ( ) );
#1769 = ORIENTED_EDGE ( 'NONE', *, *, #4579, .T. ) ;
#1770 = VERTEX_POINT ( 'NONE', #3944 ) ;
#1771 = ORIENTED_EDGE ( 'NONE', *, *, #3722, .F. ) ;
#1772 = CARTESIAN_POINT ( 'NONE',  ( -1.500000000000001776, -0.8750000000000054401, 0.02000000000000000042 ) ) ;
#1773 = SURFACE_STYLE_FILL_AREA ( #4899 ) ;
#1774 = CARTESIAN_POINT ( 'NONE',  ( 0.8749999999999985567, 1.149999999999999467, 0.02000000000000000042 ) ) ;
#1775 = EDGE_CURVE ( 'NONE', #4444, #386, #5613, .T. ) ;
#1776 = DIRECTION ( 'NONE',  ( 3.469446951953623655E-15, -1.000000000000000000, 0.0000000000000000000 ) ) ;
#1777 =( NAMED_UNIT ( * ) SI_UNIT ( $, .STERADIAN. ) SOLID_ANGLE_UNIT ( ) );
#1778 = ORIENTED_EDGE ( 'NONE', *, *, #1616, .T. ) ;
#1779 = SURFACE_STYLE_USAGE ( .BOTH. , #2297 ) ;
#1780 = EDGE_CURVE ( 'NONE', #1071, #1718, #4369, .T. ) ;
#1781 = SURFACE_STYLE_USAGE ( .BOTH. , #3580 ) ;
#1782 = UNCERTAINTY_MEASURE_WITH_UNIT (LENGTH_MEASURE( 1.000000000000000082E-05 ), #472, 'distance_accuracy_value', 'NONE');
#1783 =( NAMED_UNIT ( * ) PLANE_ANGLE_UNIT ( ) SI_UNIT ( $, .RADIAN. ) );
#1784 = COLOUR_RGB ( '',1.000000000000000000, 1.000000000000000000, 1.000000000000000000 ) ;
#1785 = ORIENTED_EDGE ( 'NONE', *, *, #3014, .F. ) ;
#1786 = CARTESIAN_POINT ( 'NONE',  ( 1.500999999999997003, 0.8750000000000025535, 0.2000000000000000111 ) ) ;
#1787 =( NAMED_UNIT ( * ) PLANE_ANGLE_UNIT ( ) SI_UNIT ( $, .RADIAN. ) );
#1788 = DIRECTION ( 'NONE',  ( -1.000000000000000000, -4.325993705677824825E-15, -0.0000000000000000000 ) ) ;
#1789 = FILL_AREA_STYLE_COLOUR ( '', #4603 ) ;
#1790 = CARTESIAN_POINT ( 'NONE',  ( 1.099999999999997646, 0.6250000000000031086, 0.0000000000000000000 ) ) ;
#1791 = CARTESIAN_POINT ( 'NONE',  ( 1.501000000000000556, -0.1249999999999949069, 0.2000000000000000111 ) ) ;
#1792 = VECTOR ( 'NONE', #4171, 1000.000000000000000 ) ;
#1793 = VERTEX_POINT ( 'NONE', #1295 ) ;
#1794 = PRESENTATION_LAYER_ASSIGNMENT (  '', '', ( #3454 ) ) ;
#1795 = SURFACE_SIDE_STYLE ('',( #1236 ) ) ;
#1796 = CARTESIAN_POINT ( 'NONE',  ( -0.8249999999999997335, -1.099999999999999867, 0.2000000000000000111 ) ) ;
#1797 =( NAMED_UNIT ( * ) PLANE_ANGLE_UNIT ( ) SI_UNIT ( $, .RADIAN. ) );
#1798 = VECTOR ( 'NONE', #1380, 1000.000000000000000 ) ;
#1799 = LINE ( 'NONE', #5249, #4844 ) ;
#1800 = ORIENTED_EDGE ( 'NONE', *, *, #671, .T. ) ;
#1801 = VERTEX_POINT ( 'NONE', #5552 ) ;
#1802 = ORIENTED_EDGE ( 'NONE', *, *, #4212, .F. ) ;
#1803 = VECTOR ( 'NONE', #5137, 1000.000000000000000 ) ;
#1804 = PRESENTATION_LAYER_ASSIGNMENT (  '', '', ( #4726 ) ) ;
#1805 = DIRECTION ( 'NONE',  ( -1.000000000000000000, -4.325993705677820091E-15, 0.0000000000000000000 ) ) ;
#1806 = DIRECTION ( 'NONE',  ( -0.0000000000000000000, -1.000000000000000000, -0.0000000000000000000 ) ) ;
#1807 = PRESENTATION_STYLE_ASSIGNMENT (( #1412 ) ) ;
#1808 = VECTOR ( 'NONE', #117, 1000.000000000000000 ) ;
#1809 = AXIS2_PLACEMENT_3D ( 'NONE', #1357, #2715, #2682 ) ;
#1810 = VERTEX_POINT ( 'NONE', #4779 ) ;
#1811 = EDGE_CURVE ( 'NONE', #1605, #1677, #2603, .T. ) ;
#1812 = SURFACE_SIDE_STYLE ('',( #5347 ) ) ;
#1813 = CARTESIAN_POINT ( 'NONE',  ( -0.3749999999999995559, 1.099999999999999867, 0.2000000000000000111 ) ) ;
#1814 = DIRECTION ( 'NONE',  ( -0.7071067811865505703, 0.7071067811865444641, 0.0000000000000000000 ) ) ;
#1815 = CIRCLE ( 'NONE', #2625, 0.2000000000000003164 ) ;
#1816 = EDGE_CURVE ( 'NONE', #5629, #2642, #2566, .T. ) ;
#1817 = VERTEX_POINT ( 'NONE', #2100 ) ;
#1818 = LINE ( 'NONE', #939, #588 ) ;
#1819 = FILL_AREA_STYLE_COLOUR ( '', #2034 ) ;
#1820 = SURFACE_SIDE_STYLE ('',( #4462 ) ) ;
#1821 = CARTESIAN_POINT ( 'NONE',  ( -1.499999999999999556, 0.1249999999999944766, 0.02000000000000005246 ) ) ;
#1822 =( NAMED_UNIT ( * ) SI_UNIT ( $, .STERADIAN. ) SOLID_ANGLE_UNIT ( ) );
#1823 =( GEOMETRIC_REPRESENTATION_CONTEXT ( 3 ) GLOBAL_UNCERTAINTY_ASSIGNED_CONTEXT ( ( #369 ) ) GLOBAL_UNIT_ASSIGNED_CONTEXT ( ( #1443, #1498, #4563 ) ) REPRESENTATION_CONTEXT ( 'NONE', 'WORKASPACE' ) );
#1824 = PLANE ( 'NONE',  #2617 ) ;
#1825 =( GEOMETRIC_REPRESENTATION_CONTEXT ( 3 ) GLOBAL_UNCERTAINTY_ASSIGNED_CONTEXT ( ( #3920 ) ) GLOBAL_UNIT_ASSIGNED_CONTEXT ( ( #5200, #1797, #5248 ) ) REPRESENTATION_CONTEXT ( 'NONE', 'WORKASPACE' ) );
#1826 = EDGE_LOOP ( 'NONE', ( #2296, #4179, #611, #4566, #739, #4107, #3123, #534, #2380, #2086, #3532, #4403, #5009, #4054, #1671, #2530, #4423, #2618, #3606, #1234 ) ) ;
#1827 = PRESENTATION_STYLE_ASSIGNMENT (( #44 ) ) ;
#1828 = CARTESIAN_POINT ( 'NONE',  ( -1.500999999999997669, -0.6250000000000057732, 0.2000000000000000111 ) ) ;
#1829 = FACE_OUTER_BOUND ( 'NONE', #1017, .T. ) ;
#1830 = VERTEX_POINT ( 'NONE', #1682 ) ;
#1831 = ORIENTED_EDGE ( 'NONE', *, *, #4248, .T. ) ;
#1832 = AXIS2_PLACEMENT_3D ( 'NONE', #83, #1857, #2267 ) ;
#1833 = EDGE_CURVE ( 'NONE', #4021, #5415, #3862, .T. ) ;
#1834 = FILL_AREA_STYLE ('',( #988 ) ) ;
#1835 = ORIENTED_EDGE ( 'NONE', *, *, #5196, .T. ) ;
#1836 = DIRECTION ( 'NONE',  ( -8.673617379884027583E-15, -1.000000000000000000, -0.0000000000000000000 ) ) ;
#1837 = SURFACE_STYLE_USAGE ( .BOTH. , #4512 ) ;
#1838 = AXIS2_PLACEMENT_3D ( 'NONE', #4863, #934, #1751 ) ;
#1839 = PRESENTATION_STYLE_ASSIGNMENT (( #61 ) ) ;
#1840 = CARTESIAN_POINT ( 'NONE',  ( -1.100000000000001199, 0.3749999999999960032, 0.0000000000000000000 ) ) ;
#1841 = UNCERTAINTY_MEASURE_WITH_UNIT (LENGTH_MEASURE( 1.000000000000000082E-05 ), #4399, 'distance_accuracy_value', 'NONE');
#1842 = VERTEX_POINT ( 'NONE', #2213 ) ;
#1843 = CARTESIAN_POINT ( 'NONE',  ( -1.501000000000000112, 0.1249999999999944766, 0.0000000000000000000 ) ) ;
#1844 = SURFACE_STYLE_FILL_AREA ( #4463 ) ;
#1845 = EDGE_CURVE ( 'NONE', #1445, #5190, #361, .T. ) ;
#1846 = VECTOR ( 'NONE', #3978, 1000.000000000000000 ) ;
#1847 = VERTEX_POINT ( 'NONE', #3485 ) ;
#1848 = DIRECTION ( 'NONE',  ( 2.891205793294678326E-16, -1.000000000000000000, 0.0000000000000000000 ) ) ;
#1849 =( NAMED_UNIT ( * ) PLANE_ANGLE_UNIT ( ) SI_UNIT ( $, .RADIAN. ) );
#1850 = FILL_AREA_STYLE_COLOUR ( '', #5232 ) ;
#1851 = AXIS2_PLACEMENT_3D ( 'NONE', #1915, #1945, #3717 ) ;
#1852 = MECHANICAL_DESIGN_GEOMETRIC_PRESENTATION_REPRESENTATION (  '', ( #1109 ), #4245 ) ;
#1853 = PLANE ( 'NONE',  #1449 ) ;
#1854 = VERTEX_POINT ( 'NONE', #393 ) ;
#1855 = ORIENTED_EDGE ( 'NONE', *, *, #4169, .T. ) ;
#1856 = FACE_OUTER_BOUND ( 'NONE', #4166, .T. ) ;
#1857 = DIRECTION ( 'NONE',  ( 0.0000000000000000000, 0.0000000000000000000, 1.000000000000000000 ) ) ;
#1858 = ORIENTED_EDGE ( 'NONE', *, *, #1403, .F. ) ;
#1859 = VERTEX_POINT ( 'NONE', #1271 ) ;
#1860 = EDGE_CURVE ( 'NONE', #3932, #1648, #3049, .T. ) ;
#1861 = PLANE ( 'NONE',  #1851 ) ;
#1862 = CARTESIAN_POINT ( 'NONE',  ( -1.501000000000002998, 0.6249999999999987788, 0.2000000000000000111 ) ) ;
#1863 = PRESENTATION_STYLE_ASSIGNMENT (( #1779 ) ) ;
#1864 = PLANE ( 'NONE',  #1130 ) ;
#1865 = VECTOR ( 'NONE', #2906, 1000.000000000000000 ) ;
#1866 = ADVANCED_FACE ( 'NONE', ( #1652 ), #840, .F. ) ;
#1867 = VECTOR ( 'NONE', #5124, 1000.000000000000000 ) ;
#1868 = DIRECTION ( 'NONE',  ( -1.000000000000000000, -4.325993705677817725E-15, 0.0000000000000000000 ) ) ;
#1869 =( NAMED_UNIT ( * ) SI_UNIT ( $, .STERADIAN. ) SOLID_ANGLE_UNIT ( ) );
#1870 = FACE_OUTER_BOUND ( 'NONE', #3970, .T. ) ;
#1871 = FILL_AREA_STYLE ('',( #4576 ) ) ;
#1872 = ORIENTED_EDGE ( 'NONE', *, *, #3218, .F. ) ;
#1873 = EDGE_CURVE ( 'NONE', #2336, #2061, #927, .T. ) ;
#1874 =( NAMED_UNIT ( * ) SI_UNIT ( $, .STERADIAN. ) SOLID_ANGLE_UNIT ( ) );
#1875 = DIRECTION ( 'NONE',  ( -0.0000000000000000000, -0.0000000000000000000, -1.000000000000000000 ) ) ;
#1876 = VECTOR ( 'NONE', #5491, 1000.000000000000000 ) ;
#1877 = ORIENTED_EDGE ( 'NONE', *, *, #4417, .F. ) ;
#1878 = ADVANCED_FACE ( 'NONE', ( #81 ), #2320, .F. ) ;
#1879 = EDGE_LOOP ( 'NONE', ( #3601, #516, #445, #5245 ) ) ;
#1880 = CARTESIAN_POINT ( 'NONE',  ( 1.500000000000000444, 1.500000000000000000, 0.9000000000000001332 ) ) ;
#1881 = VECTOR ( 'NONE', #4101, 1000.000000000000000 ) ;
#1882 = FILL_AREA_STYLE_COLOUR ( '', #4301 ) ;
#1883 = LINE ( 'NONE', #3658, #5451 ) ;
#1884 = ORIENTED_EDGE ( 'NONE', *, *, #3375, .T. ) ;
#1885 = DIRECTION ( 'NONE',  ( 3.469446951953618528E-15, -1.000000000000000000, -0.0000000000000000000 ) ) ;
#1886 = CARTESIAN_POINT ( 'NONE',  ( 0.6249999999999991118, 1.500999999999999890, 0.2000000000000000111 ) ) ;
#1887 =( LENGTH_UNIT ( ) NAMED_UNIT ( * ) SI_UNIT ( .MILLI., .METRE. ) );
#1888 = VECTOR ( 'NONE', #1744, 1000.000000000000000 ) ;
#1889 = DIRECTION ( 'NONE',  ( 2.703746066048639529E-16, -1.000000000000000000, 0.0000000000000000000 ) ) ;
#1890 = FACE_OUTER_BOUND ( 'NONE', #4717, .T. ) ;
#1891 = EDGE_CURVE ( 'NONE', #1711, #2429, #4532, .T. ) ;
#1892 = VECTOR ( 'NONE', #1889, 1000.000000000000000 ) ;
#1893 =( NAMED_UNIT ( * ) SI_UNIT ( $, .STERADIAN. ) SOLID_ANGLE_UNIT ( ) );
#1894 = PRESENTATION_STYLE_ASSIGNMENT (( #2732 ) ) ;
#1895 = LINE ( 'NONE', #1026, #3266 ) ;
#1896 = CARTESIAN_POINT ( 'NONE',  ( 1.099999999999996980, 0.8250000000000033973, 0.0000000000000000000 ) ) ;
#1897 = SURFACE_STYLE_USAGE ( .BOTH. , #2758 ) ;
#1898 = SURFACE_STYLE_FILL_AREA ( #4919 ) ;
#1899 = VECTOR ( 'NONE', #4145, 1000.000000000000000 ) ;
#1900 = ADVANCED_FACE ( 'NONE', ( #1856 ), #2350, .F. ) ;
#1901 = VERTEX_POINT ( 'NONE', #186 ) ;
#1902 =( LENGTH_UNIT ( ) NAMED_UNIT ( * ) SI_UNIT ( .MILLI., .METRE. ) );
#1903 = FILL_AREA_STYLE ('',( #5573 ) ) ;
#1904 =( NAMED_UNIT ( * ) PLANE_ANGLE_UNIT ( ) SI_UNIT ( $, .RADIAN. ) );
#1905 =( NAMED_UNIT ( * ) SI_UNIT ( $, .STERADIAN. ) SOLID_ANGLE_UNIT ( ) );
#1906 =( NAMED_UNIT ( * ) SI_UNIT ( $, .STERADIAN. ) SOLID_ANGLE_UNIT ( ) );
#1907 = SURFACE_SIDE_STYLE ('',( #601 ) ) ;
#1908 = EDGE_CURVE ( 'NONE', #3173, #637, #1122, .T. ) ;
#1909 = VECTOR ( 'NONE', #1351, 1000.000000000000000 ) ;
#1910 = EDGE_LOOP ( 'NONE', ( #629, #5653, #985, #4567 ) ) ;
#1911 = ORIENTED_EDGE ( 'NONE', *, *, #4237, .T. ) ;
#1912 = CARTESIAN_POINT ( 'NONE',  ( 1.099999999999999423, 0.1250000000000035805, 0.2000000000000000111 ) ) ;
#1913 = STYLED_ITEM ( 'NONE', ( #2502 ), #4350 ) ;
#1914 = PRESENTATION_LAYER_ASSIGNMENT (  '', '', ( #897 ) ) ;
#1915 = CARTESIAN_POINT ( 'NONE',  ( 0.6249999999999991118, 1.099999999999999867, 0.2000000000000000111 ) ) ;
#1916 = FILL_AREA_STYLE ('',( #191 ) ) ;
#1917 = SURFACE_STYLE_USAGE ( .BOTH. , #1079 ) ;
#1918 = DIRECTION ( 'NONE',  ( 1.000000000000000000, 3.469446951953617344E-15, -0.0000000000000000000 ) ) ;
#1919 = VECTOR ( 'NONE', #921, 1000.000000000000000 ) ;
#1920 = DIRECTION ( 'NONE',  ( -1.000000000000000000, -4.325993705677820091E-15, 0.0000000000000000000 ) ) ;
#1921 = ADVANCED_FACE ( 'NONE', ( #4224 ), #2886, .F. ) ;
#1922 = CARTESIAN_POINT ( 'NONE',  ( 0.8750000000000001110, 1.500999999999999890, 0.2000000000000000111 ) ) ;
#1923 = PRESENTATION_LAYER_ASSIGNMENT (  '', '', ( #1184 ) ) ;
#1924 =( LENGTH_UNIT ( ) NAMED_UNIT ( * ) SI_UNIT ( .MILLI., .METRE. ) );
#1925 = DIRECTION ( 'NONE',  ( 0.0000000000000000000, 0.0000000000000000000, -1.000000000000000000 ) ) ;
#1926 = CARTESIAN_POINT ( 'NONE',  ( 0.3749999999999994449, 1.500999999999999890, 0.2000000000000000111 ) ) ;
#1927 = AXIS2_PLACEMENT_3D ( 'NONE', #1262, #5662, #1766 ) ;
#1928 = ORIENTED_EDGE ( 'NONE', *, *, #2772, .F. ) ;
#1929 = CARTESIAN_POINT ( 'NONE',  ( -0.6249999999999996669, -1.500999999999999890, 0.2000000000000000111 ) ) ;
#1930 = AXIS2_PLACEMENT_3D ( 'NONE', #585, #2731, #4520 ) ;
#1931 = PLANE ( 'NONE',  #73 ) ;
#1932 = EDGE_CURVE ( 'NONE', #246, #5252, #695, .T. ) ;
#1933 = SURFACE_SIDE_STYLE ('',( #4583 ) ) ;
#1934 = VECTOR ( 'NONE', #2629, 1000.000000000000000 ) ;
#1935 = VERTEX_POINT ( 'NONE', #2035 ) ;
#1936 = VERTEX_POINT ( 'NONE', #3289 ) ;
#1937 = PRESENTATION_LAYER_ASSIGNMENT (  '', '', ( #4771 ) ) ;
#1938 = EDGE_CURVE ( 'NONE', #4801, #154, #4954, .T. ) ;
#1939 = SURFACE_STYLE_FILL_AREA ( #1042 ) ;
#1940 = STYLED_ITEM ( 'NONE', ( #1947 ), #584 ) ;
#1941 = PRESENTATION_STYLE_ASSIGNMENT (( #216 ) ) ;
#1942 = DIRECTION ( 'NONE',  ( 0.0000000000000000000, 0.0000000000000000000, 1.000000000000000000 ) ) ;
#1943 = ORIENTED_EDGE ( 'NONE', *, *, #5108, .T. ) ;
#1944 = ORIENTED_EDGE ( 'NONE', *, *, #4331, .T. ) ;
#1945 = DIRECTION ( 'NONE',  ( 0.0000000000000000000, 1.000000000000000000, 0.0000000000000000000 ) ) ;
#1946 = EDGE_CURVE ( 'NONE', #829, #3404, #4135, .T. ) ;
#1947 = PRESENTATION_STYLE_ASSIGNMENT (( #3318 ) ) ;
#1948 = CARTESIAN_POINT ( 'NONE',  ( 1.501000000000000556, -0.1249999999999949069, 0.2000000000000000111 ) ) ;
#1949 = DIRECTION ( 'NONE',  ( -0.7071067811865444641, -0.7071067811865505703, 0.0000000000000000000 ) ) ;
#1950 = LINE ( 'NONE', #5018, #417 ) ;
#1951 = UNCERTAINTY_MEASURE_WITH_UNIT (LENGTH_MEASURE( 1.000000000000000082E-05 ), #2195, 'distance_accuracy_value', 'NONE');
#1952 = FILL_AREA_STYLE ('',( #2812 ) ) ;
#1953 = CARTESIAN_POINT ( 'NONE',  ( -0.8749999999999995559, -1.500999999999999890, 0.0000000000000000000 ) ) ;
#1954 = SURFACE_STYLE_USAGE ( .BOTH. , #5469 ) ;
#1955 = CARTESIAN_POINT ( 'NONE',  ( 0.1249999999999997918, 1.500999999999999890, 0.0000000000000000000 ) ) ;
#1956 = DIRECTION ( 'NONE',  ( 1.000000000000000000, 0.0000000000000000000, 0.0000000000000000000 ) ) ;
#1957 = DIRECTION ( 'NONE',  ( 0.0000000000000000000, 0.0000000000000000000, 1.000000000000000000 ) ) ;
#1958 = UNCERTAINTY_MEASURE_WITH_UNIT (LENGTH_MEASURE( 1.000000000000000082E-05 ), #3277, 'distance_accuracy_value', 'NONE');
#1959 = COLOUR_RGB ( '',1.000000000000000000, 1.000000000000000000, 1.000000000000000000 ) ;
#1960 = ORIENTED_EDGE ( 'NONE', *, *, #1409, .T. ) ;
#1961 = FILL_AREA_STYLE ('',( #1850 ) ) ;
#1962 = LINE ( 'NONE', #4924, #4960 ) ;
#1963 = FACE_OUTER_BOUND ( 'NONE', #3359, .T. ) ;
#1964 = VECTOR ( 'NONE', #4366, 1000.000000000000000 ) ;
#1965 = FILL_AREA_STYLE ('',( #5335 ) ) ;
#1966 = EDGE_LOOP ( 'NONE', ( #3105, #4761, #5430, #1835 ) ) ;
#1967 = STYLED_ITEM ( 'NONE', ( #2419 ), #1372 ) ;
#1968 = ORIENTED_EDGE ( 'NONE', *, *, #5311, .T. ) ;
#1969 = SURFACE_STYLE_FILL_AREA ( #2742 ) ;
#1970 =( NAMED_UNIT ( * ) SI_UNIT ( $, .STERADIAN. ) SOLID_ANGLE_UNIT ( ) );
#1971 = EDGE_CURVE ( 'NONE', #2952, #3390, #639, .T. ) ;
#1972 = ORIENTED_EDGE ( 'NONE', *, *, #2973, .F. ) ;
#1973 = ORIENTED_EDGE ( 'NONE', *, *, #4904, .T. ) ;
#1974 = AXIS2_PLACEMENT_3D ( 'NONE', #2585, #1288, #4359 ) ;
#1975 =( GEOMETRIC_REPRESENTATION_CONTEXT ( 3 ) GLOBAL_UNCERTAINTY_ASSIGNED_CONTEXT ( ( #3646 ) ) GLOBAL_UNIT_ASSIGNED_CONTEXT ( ( #899, #959, #2717 ) ) REPRESENTATION_CONTEXT ( 'NONE', 'WORKASPACE' ) );
#1976 = APPLICATION_PROTOCOL_DEFINITION ( 'draft international standard', 'automotive_design', 1998, #5087 ) ;
#1977 = CARTESIAN_POINT ( 'NONE',  ( 0.1249999999999997918, 1.099999999999999867, 0.0000000000000000000 ) ) ;
#1978 = CARTESIAN_POINT ( 'NONE',  ( -1.099999999999998535, -0.3750000000000037748, 0.2000000000000000111 ) ) ;
#1979 = DIRECTION ( 'NONE',  ( 1.000000000000000000, 4.325993705677820091E-15, 0.0000000000000000000 ) ) ;
#1980 = FACE_OUTER_BOUND ( 'NONE', #2236, .T. ) ;
#1981 = DIRECTION ( 'NONE',  ( -2.780005570475651171E-15, -1.000000000000000000, 0.0000000000000000000 ) ) ;
#1982 = VECTOR ( 'NONE', #652, 1000.000000000000000 ) ;
#1983 = PRESENTATION_LAYER_ASSIGNMENT (  '', '', ( #4630 ) ) ;
#1984 = LINE ( 'NONE', #1112, #4679 ) ;
#1985 = STYLED_ITEM ( 'NONE', ( #1029 ), #3391 ) ;
#1986 =( NAMED_UNIT ( * ) PLANE_ANGLE_UNIT ( ) SI_UNIT ( $, .RADIAN. ) );
#1987 = LINE ( 'NONE', #3324, #5274 ) ;
#1988 = CARTESIAN_POINT ( 'NONE',  ( 0.6249999999999995559, -1.500999999999999890, 0.0000000000000000000 ) ) ;
#1989 = ADVANCED_FACE ( 'NONE', ( #4552 ), #2736, .F. ) ;
#1990 = VECTOR ( 'NONE', #4209, 1000.000000000000000 ) ;
#1991 = VECTOR ( 'NONE', #3714, 1000.000000000000000 ) ;
#1992 = ORIENTED_EDGE ( 'NONE', *, *, #3539, .T. ) ;
#1993 = FILL_AREA_STYLE_COLOUR ( '', #863 ) ;
#1994 = LINE ( 'NONE', #2417, #5462 ) ;
#1995 = CARTESIAN_POINT ( 'NONE',  ( -0.3749999999999995559, 1.500999999999999890, 0.0000000000000000000 ) ) ;
#1996 = SURFACE_SIDE_STYLE ('',( #2025 ) ) ;
#1997 = FACE_OUTER_BOUND ( 'NONE', #2882, .T. ) ;
#1998 = DIRECTION ( 'NONE',  ( 1.000000000000000000, 0.0000000000000000000, 0.0000000000000000000 ) ) ;
#1999 = LINE ( 'NONE', #2768, #1630 ) ;
#2000 = EDGE_CURVE ( 'NONE', #2846, #4709, #4977, .T. ) ;
#2001 = VERTEX_POINT ( 'NONE', #2764 ) ;
#2002 = ORIENTED_EDGE ( 'NONE', *, *, #3465, .F. ) ;
#2003 = FACE_OUTER_BOUND ( 'NONE', #1528, .T. ) ;
#2004 = ORIENTED_EDGE ( 'NONE', *, *, #1347, .F. ) ;
#2005 = ORIENTED_EDGE ( 'NONE', *, *, #1473, .F. ) ;
#2006 = ORIENTED_EDGE ( 'NONE', *, *, #1811, .F. ) ;
#2007 = COLOUR_RGB ( '',0.0000000000000000000, 0.0000000000000000000, 0.0000000000000000000 ) ;
#2008 = DIRECTION ( 'NONE',  ( -0.0000000000000000000, 0.0000000000000000000, 1.000000000000000000 ) ) ;
#2009 = DIRECTION ( 'NONE',  ( 2.780005570475651171E-15, -1.000000000000000000, 0.0000000000000000000 ) ) ;
#2010 = ADVANCED_FACE ( 'NONE', ( #2338 ), #4015, .F. ) ;
#2011 = LINE ( 'NONE', #5463, #1655 ) ;
#2012 = CARTESIAN_POINT ( 'NONE',  ( -1.100000000000000311, 0.1249999999999962114, 0.0000000000000000000 ) ) ;
#2013 = CARTESIAN_POINT ( 'NONE',  ( 0.8249999999999995115, -1.099999999999999867, 0.01999999999999999695 ) ) ;
#2014 =( LENGTH_UNIT ( ) NAMED_UNIT ( * ) SI_UNIT ( .MILLI., .METRE. ) );
#2015 = CARTESIAN_POINT ( 'NONE',  ( -1.150000000000019673, 0.8749999999999990008, 0.0000000000000000000 ) ) ;
#2016 = CARTESIAN_POINT ( 'NONE',  ( -1.499999999999999112, -1.500000000000000000, 0.02000000000000000042 ) ) ;
#2017 = EDGE_CURVE ( 'NONE', #1256, #4157, #3594, .T. ) ;
#2018 = FILL_AREA_STYLE ('',( #4208 ) ) ;
#2019 =( LENGTH_UNIT ( ) NAMED_UNIT ( * ) SI_UNIT ( .MILLI., .METRE. ) );
#2020 = VECTOR ( 'NONE', #3876, 1000.000000000000000 ) ;
#2021 = ORIENTED_EDGE ( 'NONE', *, *, #3568, .F. ) ;
#2022 = DIRECTION ( 'NONE',  ( 0.0000000000000000000, 0.0000000000000000000, 1.000000000000000000 ) ) ;
#2023 = PRESENTATION_STYLE_ASSIGNMENT (( #4158 ) ) ;
#2024 = SURFACE_STYLE_FILL_AREA ( #3407 ) ;
#2025 = SURFACE_STYLE_FILL_AREA ( #209 ) ;
#2026 = EDGE_CURVE ( 'NONE', #5562, #1298, #535, .T. ) ;
#2027 = VECTOR ( 'NONE', #1253, 1000.000000000000000 ) ;
#2028 = CARTESIAN_POINT ( 'NONE',  ( -1.500999999999998336, -0.3750000000000055511, 0.2000000000000000111 ) ) ;
#2029 = CARTESIAN_POINT ( 'NONE',  ( -1.362499999999998934, -1.637500000000000178, 0.02000000000000000042 ) ) ;
#2030 =( GEOMETRIC_REPRESENTATION_CONTEXT ( 3 ) GLOBAL_UNCERTAINTY_ASSIGNED_CONTEXT ( ( #4427 ) ) GLOBAL_UNIT_ASSIGNED_CONTEXT ( ( #382, #860, #802 ) ) REPRESENTATION_CONTEXT ( 'NONE', 'WORKASPACE' ) );
#2031 = ORIENTED_EDGE ( 'NONE', *, *, #5196, .F. ) ;
#2032 = VERTEX_POINT ( 'NONE', #2369 ) ;
#2033 = CARTESIAN_POINT ( 'NONE',  ( 1.100000000000004530, -1.499999999999991562, 0.02000000000000000042 ) ) ;
#2034 = COLOUR_RGB ( '',1.000000000000000000, 1.000000000000000000, 1.000000000000000000 ) ;
#2035 = CARTESIAN_POINT ( 'NONE',  ( 1.500000000000000666, 0.1250000000000053291, 0.02000000000000005246 ) ) ;
#2036 =( LENGTH_UNIT ( ) NAMED_UNIT ( * ) SI_UNIT ( .MILLI., .METRE. ) );
#2037 = FILL_AREA_STYLE ('',( #2831 ) ) ;
#2038 = ORIENTED_EDGE ( 'NONE', *, *, #3776, .T. ) ;
#2039 = ORIENTED_EDGE ( 'NONE', *, *, #2026, .T. ) ;
#2040 = VERTEX_POINT ( 'NONE', #94 ) ;
#2041 = EDGE_LOOP ( 'NONE', ( #1007, #5445, #220, #345 ) ) ;
#2042 = SURFACE_STYLE_USAGE ( .BOTH. , #249 ) ;
#2043 = SURFACE_STYLE_FILL_AREA ( #2896 ) ;
#2044 = DIRECTION ( 'NONE',  ( 0.0000000000000000000, -0.0000000000000000000, 1.000000000000000000 ) ) ;
#2045 = PRESENTATION_LAYER_ASSIGNMENT (  '', '', ( #5571 ) ) ;
#2046 = CARTESIAN_POINT ( 'NONE',  ( -1.149999999999996803, -0.8750000000000038858, 0.0000000000000000000 ) ) ;
#2047 =( NAMED_UNIT ( * ) SI_UNIT ( $, .STERADIAN. ) SOLID_ANGLE_UNIT ( ) );
#2048 = CARTESIAN_POINT ( 'NONE',  ( 1.100000000000001199, -0.3749999999999964473, 0.2000000000000000111 ) ) ;
#2049 =( NAMED_UNIT ( * ) SI_UNIT ( $, .STERADIAN. ) SOLID_ANGLE_UNIT ( ) );
#2050 = EDGE_CURVE ( 'NONE', #1854, #1770, #2709, .T. ) ;
#2051 = ORIENTED_EDGE ( 'NONE', *, *, #4697, .T. ) ;
#2052 = LINE ( 'NONE', #4582, #2749 ) ;
#2053 = DIRECTION ( 'NONE',  ( -1.000000000000000000, -4.325993705677824825E-15, 0.0000000000000000000 ) ) ;
#2054 = FILL_AREA_STYLE_COLOUR ( '', #5086 ) ;
#2055 = EDGE_CURVE ( 'NONE', #2429, #5079, #1064, .T. ) ;
#2056 = EDGE_LOOP ( 'NONE', ( #3823, #5635, #788, #4773, #1102, #539 ) ) ;
#2057 = DIRECTION ( 'NONE',  ( -1.445602896647338670E-16, -1.000000000000000000, 0.0000000000000000000 ) ) ;
#2058 = CARTESIAN_POINT ( 'NONE',  ( 1.500999999999998780, 0.3750000000000046629, 0.0000000000000000000 ) ) ;
#2059 =( GEOMETRIC_REPRESENTATION_CONTEXT ( 3 ) GLOBAL_UNCERTAINTY_ASSIGNED_CONTEXT ( ( #2760 ) ) GLOBAL_UNIT_ASSIGNED_CONTEXT ( ( #1028, #1486, #591 ) ) REPRESENTATION_CONTEXT ( 'NONE', 'WORKASPACE' ) );
#2060 = EDGE_CURVE ( 'NONE', #1182, #4639, #2847, .T. ) ;
#2061 = VERTEX_POINT ( 'NONE', #3731 ) ;
#2062 = VERTEX_POINT ( 'NONE', #3379 ) ;
#2063 = ORIENTED_EDGE ( 'NONE', *, *, #298, .F. ) ;
#2064 = DIRECTION ( 'NONE',  ( -1.000000000000000000, -3.469446951953617344E-15, 0.0000000000000000000 ) ) ;
#2065 = AXIS2_PLACEMENT_3D ( 'NONE', #647, #3367, #5403 ) ;
#2066 = LINE ( 'NONE', #731, #2568 ) ;
#2067 = DIRECTION ( 'NONE',  ( 0.0000000000000000000, 0.0000000000000000000, -1.000000000000000000 ) ) ;
#2068 = UNCERTAINTY_MEASURE_WITH_UNIT (LENGTH_MEASURE( 1.000000000000000082E-05 ), #553, 'distance_accuracy_value', 'NONE');
#2069 = LINE ( 'NONE', #3519, #5259 ) ;
#2070 = UNCERTAINTY_MEASURE_WITH_UNIT (LENGTH_MEASURE( 1.000000000000000082E-05 ), #4120, 'distance_accuracy_value', 'NONE');
#2071 = CARTESIAN_POINT ( 'NONE',  ( -0.6249999999999996669, -1.500999999999999890, 0.2000000000000000111 ) ) ;
#2072 =( LENGTH_UNIT ( ) NAMED_UNIT ( * ) SI_UNIT ( .MILLI., .METRE. ) );
#2073 = COLOUR_RGB ( '',1.000000000000000000, 1.000000000000000000, 1.000000000000000000 ) ;
#2074 =( NAMED_UNIT ( * ) PLANE_ANGLE_UNIT ( ) SI_UNIT ( $, .RADIAN. ) );
#2075 = PRESENTATION_LAYER_ASSIGNMENT (  '', '', ( #2893 ) ) ;
#2076 = UNCERTAINTY_MEASURE_WITH_UNIT (LENGTH_MEASURE( 1.000000000000000082E-05 ), #5273, 'distance_accuracy_value', 'NONE');
#2077 = ORIENTED_EDGE ( 'NONE', *, *, #4305, .T. ) ;
#2078 = AXIS2_PLACEMENT_3D ( 'NONE', #5324, #4545, #68 ) ;
#2079 =( GEOMETRIC_REPRESENTATION_CONTEXT ( 3 ) GLOBAL_UNCERTAINTY_ASSIGNED_CONTEXT ( ( #561 ) ) GLOBAL_UNIT_ASSIGNED_CONTEXT ( ( #5550, #5153, #4340 ) ) REPRESENTATION_CONTEXT ( 'NONE', 'WORKASPACE' ) );
#2080 = LINE ( 'NONE', #174, #1141 ) ;
#2081 = DIRECTION ( 'NONE',  ( -0.0000000000000000000, 0.0000000000000000000, -1.000000000000000000 ) ) ;
#2082 = FACE_OUTER_BOUND ( 'NONE', #4337, .T. ) ;
#2083 = ADVANCED_FACE ( 'NONE', ( #2821 ), #1177, .F. ) ;
#2084 = VECTOR ( 'NONE', #2342, 1000.000000000000000 ) ;
#2085 = VECTOR ( 'NONE', #1468, 1000.000000000000000 ) ;
#2086 = ORIENTED_EDGE ( 'NONE', *, *, #2000, .T. ) ;
#2087 = ORIENTED_EDGE ( 'NONE', *, *, #1084, .F. ) ;
#2088 = STYLED_ITEM ( 'NONE', ( #1396 ), #3789 ) ;
#2089 = EDGE_CURVE ( 'NONE', #1586, #387, #4997, .T. ) ;
#2090 = SURFACE_STYLE_USAGE ( .BOTH. , #5119 ) ;
#2091 = SURFACE_STYLE_FILL_AREA ( #5148 ) ;
#2092 = MECHANICAL_DESIGN_GEOMETRIC_PRESENTATION_REPRESENTATION (  '', ( #1338 ), #407 ) ;
#2093 = ORIENTED_EDGE ( 'NONE', *, *, #5484, .T. ) ;
#2094 = VERTEX_POINT ( 'NONE', #207 ) ;
#2095 = VERTEX_POINT ( 'NONE', #1608 ) ;
#2096 = CARTESIAN_POINT ( 'NONE',  ( 1.500999999999997891, 0.6250000000000048850, 0.2000000000000000111 ) ) ;
#2097 = DIRECTION ( 'NONE',  ( 0.0000000000000000000, 0.0000000000000000000, 1.000000000000000000 ) ) ;
#2098 = CARTESIAN_POINT ( 'NONE',  ( 0.1249999999999998890, -1.099999999999999867, 0.0000000000000000000 ) ) ;
#2099 =( LENGTH_UNIT ( ) NAMED_UNIT ( * ) SI_UNIT ( .MILLI., .METRE. ) );
#2100 = CARTESIAN_POINT ( 'NONE',  ( -1.100000000000000311, 0.1249999999999962114, 0.0000000000000000000 ) ) ;
#2101 = CARTESIAN_POINT ( 'NONE',  ( -1.501000000000002998, 0.6249999999999987788, 0.2000000000000000111 ) ) ;
#2102 = VECTOR ( 'NONE', #3766, 1000.000000000000000 ) ;
#2103 = CARTESIAN_POINT ( 'NONE',  ( 1.099999999999996980, 0.8250000000000033973, 0.0000000000000000000 ) ) ;
#2104 = CARTESIAN_POINT ( 'NONE',  ( -1.501000000000002998, 0.6249999999999987788, 0.2000000000000000111 ) ) ;
#2105 = LINE ( 'NONE', #2991, #337 ) ;
#2106 = MECHANICAL_DESIGN_GEOMETRIC_PRESENTATION_REPRESENTATION (  '', ( #4040 ), #4223 ) ;
#2107 = LINE ( 'NONE', #820, #4384 ) ;
#2108 = CIRCLE ( 'NONE', #4662, 0.2000000000000003164 ) ;
#2109 = ORIENTED_EDGE ( 'NONE', *, *, #5350, .T. ) ;
#2110 = LINE ( 'NONE', #883, #2710 ) ;
#2111 = PRESENTATION_STYLE_ASSIGNMENT (( #771 ) ) ;
#2112 = DIRECTION ( 'NONE',  ( 1.000000000000000000, 4.325993705677820091E-15, -0.0000000000000000000 ) ) ;
#2113 = FILL_AREA_STYLE_COLOUR ( '', #3748 ) ;
#2114 =( GEOMETRIC_REPRESENTATION_CONTEXT ( 3 ) GLOBAL_UNCERTAINTY_ASSIGNED_CONTEXT ( ( #3805 ) ) GLOBAL_UNIT_ASSIGNED_CONTEXT ( ( #5281, #419, #4737 ) ) REPRESENTATION_CONTEXT ( 'NONE', 'WORKASPACE' ) );
#2115 = ORIENTED_EDGE ( 'NONE', *, *, #119, .T. ) ;
#2116 = EDGE_CURVE ( 'NONE', #5359, #1445, #4266, .T. ) ;
#2117 = SURFACE_STYLE_USAGE ( .BOTH. , #1795 ) ;
#2118 = COLOUR_RGB ( '',1.000000000000000000, 1.000000000000000000, 1.000000000000000000 ) ;
#2119 = PLANE ( 'NONE',  #874 ) ;
#2120 = LINE ( 'NONE', #1618, #1436 ) ;
#2121 = STYLED_ITEM ( 'NONE', ( #4496 ), #63 ) ;
#2122 = ORIENTED_EDGE ( 'NONE', *, *, #2060, .F. ) ;
#2123 = EDGE_CURVE ( 'NONE', #4335, #3634, #5475, .T. ) ;
#2124 = ORIENTED_EDGE ( 'NONE', *, *, #4169, .F. ) ;
#2125 = ORIENTED_EDGE ( 'NONE', *, *, #134, .F. ) ;
#2126 = CARTESIAN_POINT ( 'NONE',  ( 1.100000000000000311, -0.1249999999999966416, 0.0000000000000000000 ) ) ;
#2127 = CARTESIAN_POINT ( 'NONE',  ( 1.500999999999997003, 0.8750000000000025535, 0.2000000000000000111 ) ) ;
#2128 = FILL_AREA_STYLE_COLOUR ( '', #3209 ) ;
#2129 = UNCERTAINTY_MEASURE_WITH_UNIT (LENGTH_MEASURE( 1.000000000000000082E-05 ), #162, 'distance_accuracy_value', 'NONE');
#2130 = VECTOR ( 'NONE', #811, 1000.000000000000000 ) ;
#2131 = MECHANICAL_DESIGN_GEOMETRIC_PRESENTATION_REPRESENTATION (  '', ( #3053 ), #1010 ) ;
#2132 = ORIENTED_EDGE ( 'NONE', *, *, #5066, .F. ) ;
#2133 = FACE_OUTER_BOUND ( 'NONE', #373, .T. ) ;
#2134 =( LENGTH_UNIT ( ) NAMED_UNIT ( * ) SI_UNIT ( .MILLI., .METRE. ) );
#2135 = VECTOR ( 'NONE', #1729, 1000.000000000000000 ) ;
#2136 =( LENGTH_UNIT ( ) NAMED_UNIT ( * ) SI_UNIT ( .MILLI., .METRE. ) );
#2137 = UNCERTAINTY_MEASURE_WITH_UNIT (LENGTH_MEASURE( 1.000000000000000082E-05 ), #2881, 'distance_accuracy_value', 'NONE');
#2138 = ORIENTED_EDGE ( 'NONE', *, *, #2739, .F. ) ;
#2139 = FILL_AREA_STYLE_COLOUR ( '', #2999 ) ;
#2140 = SURFACE_STYLE_USAGE ( .BOTH. , #1281 ) ;
#2141 = SURFACE_STYLE_USAGE ( .BOTH. , #4326 ) ;
#2142 = SURFACE_STYLE_FILL_AREA ( #350 ) ;
#2143 = ORIENTED_EDGE ( 'NONE', *, *, #4278, .T. ) ;
#2144 = LINE ( 'NONE', #3505, #4231 ) ;
#2145 = SURFACE_SIDE_STYLE ('',( #4796 ) ) ;
#2146 = AXIS2_PLACEMENT_3D ( 'NONE', #4010, #3244, #2304 ) ;
#2147 = PRESENTATION_STYLE_ASSIGNMENT (( #2090 ) ) ;
#2148 = ORIENTED_EDGE ( 'NONE', *, *, #3068, .T. ) ;
#2149 = MECHANICAL_DESIGN_GEOMETRIC_PRESENTATION_REPRESENTATION (  '', ( #664 ), #368 ) ;
#2150 = ORIENTED_EDGE ( 'NONE', *, *, #2362, .F. ) ;
#2151 = ORIENTED_EDGE ( 'NONE', *, *, #4865, .F. ) ;
#2152 = DIRECTION ( 'NONE',  ( -1.445602896647339163E-16, 1.000000000000000000, 0.0000000000000000000 ) ) ;
#2153 = CARTESIAN_POINT ( 'NONE',  ( -1.500999999999999224, -0.1250000000000057454, 0.2000000000000000111 ) ) ;
#2154 = DIRECTION ( 'NONE',  ( 1.000000000000000000, 0.0000000000000000000, 0.0000000000000000000 ) ) ;
#2155 = EDGE_CURVE ( 'NONE', #1216, #1176, #2080, .T. ) ;
#2156 = VECTOR ( 'NONE', #235, 1000.000000000000000 ) ;
#2157 = ORIENTED_EDGE ( 'NONE', *, *, #391, .T. ) ;
#2158 = FILL_AREA_STYLE_COLOUR ( '', #5111 ) ;
#2159 = EDGE_CURVE ( 'NONE', #1859, #1158, #5418, .T. ) ;
#2160 = EDGE_LOOP ( 'NONE', ( #4636, #355, #683, #4866 ) ) ;
#2161 = PLANE ( 'NONE',  #2613 ) ;
#2162 =( NAMED_UNIT ( * ) PLANE_ANGLE_UNIT ( ) SI_UNIT ( $, .RADIAN. ) );
#2163 = VECTOR ( 'NONE', #176, 1000.000000000000000 ) ;
#2164 = CARTESIAN_POINT ( 'NONE',  ( -1.500999999999999224, -0.1250000000000057454, 0.0000000000000000000 ) ) ;
#2165 = COLOUR_RGB ( '',1.000000000000000000, 1.000000000000000000, 1.000000000000000000 ) ;
#2166 =( NAMED_UNIT ( * ) SI_UNIT ( $, .STERADIAN. ) SOLID_ANGLE_UNIT ( ) );
#2167 = ADVANCED_FACE ( 'NONE', ( #2416, #3305 ), #4180, .F. ) ;
#2168 = VECTOR ( 'NONE', #4649, 1000.000000000000000 ) ;
#2169 = MECHANICAL_DESIGN_GEOMETRIC_PRESENTATION_REPRESENTATION (  '', ( #3653 ), #3464 ) ;
#2170 = ORIENTED_EDGE ( 'NONE', *, *, #1131, .T. ) ;
#2171 = COLOUR_RGB ( '',1.000000000000000000, 1.000000000000000000, 1.000000000000000000 ) ;
#2172 = COLOUR_RGB ( '',1.000000000000000000, 1.000000000000000000, 1.000000000000000000 ) ;
#2173 = EDGE_CURVE ( 'NONE', #5541, #4363, #3925, .T. ) ;
#2174 = CARTESIAN_POINT ( 'NONE',  ( -1.500000000000000000, 1.500000000000000000, 0.9000000000000001332 ) ) ;
#2175 = AXIS2_PLACEMENT_3D ( 'NONE', #1635, #3952, #2601 ) ;
#2176 = ORIENTED_EDGE ( 'NONE', *, *, #3203, .T. ) ;
#2177 = ORIENTED_EDGE ( 'NONE', *, *, #1031, .F. ) ;
#2178 = EDGE_LOOP ( 'NONE', ( #4279, #3851, #5283, #930 ) ) ;
#2179 = FILL_AREA_STYLE ('',( #2210 ) ) ;
#2180 = CARTESIAN_POINT ( 'NONE',  ( -1.501000000000000778, 0.8749999999999990008, 0.0000000000000000000 ) ) ;
#2181 = CARTESIAN_POINT ( 'NONE',  ( -0.8749999999999991118, 1.500999999999999890, 0.2000000000000000111 ) ) ;
#2182 = AXIS2_PLACEMENT_3D ( 'NONE', #3693, #2838, #3779 ) ;
#2183 = CARTESIAN_POINT ( 'NONE',  ( -0.8749999999999995559, -1.500999999999999890, 0.2000000000000000111 ) ) ;
#2184 = DIRECTION ( 'NONE',  ( -0.0000000000000000000, -1.000000000000000000, -0.0000000000000000000 ) ) ;
#2185 = VERTEX_POINT ( 'NONE', #1725 ) ;
#2186 = PLANE ( 'NONE',  #3245 ) ;
#2187 = FILL_AREA_STYLE_COLOUR ( '', #936 ) ;
#2188 = SURFACE_SIDE_STYLE ('',( #403 ) ) ;
#2189 = FILL_AREA_STYLE ('',( #3459 ) ) ;
#2190 =( NAMED_UNIT ( * ) SI_UNIT ( $, .STERADIAN. ) SOLID_ANGLE_UNIT ( ) );
#2191 = PRESENTATION_LAYER_ASSIGNMENT (  '', '', ( #3582 ) ) ;
#2192 = VERTEX_POINT ( 'NONE', #374 ) ;
#2193 = EDGE_CURVE ( 'NONE', #2094, #4013, #4790, .T. ) ;
#2194 = SURFACE_SIDE_STYLE ('',( #5623 ) ) ;
#2195 =( LENGTH_UNIT ( ) NAMED_UNIT ( * ) SI_UNIT ( .MILLI., .METRE. ) );
#2196 = VECTOR ( 'NONE', #5437, 1000.000000000000000 ) ;
#2197 = FACE_OUTER_BOUND ( 'NONE', #2721, .T. ) ;
#2198 = CARTESIAN_POINT ( 'NONE',  ( -0.1250000000000001110, -1.500000000000000000, 0.9000000000000001332 ) ) ;
#2199 = DIRECTION ( 'NONE',  ( -0.7071067811865469066, 0.7071067811865482389, 0.0000000000000000000 ) ) ;
#2200 = PLANE ( 'NONE',  #1495 ) ;
#2201 = ORIENTED_EDGE ( 'NONE', *, *, #742, .F. ) ;
#2202 = EDGE_CURVE ( 'NONE', #4444, #2061, #881, .T. ) ;
#2203 = CARTESIAN_POINT ( 'NONE',  ( -1.500000000000000000, 1.500000000000000000, 0.1999999999999999833 ) ) ;
#2204 = SURFACE_STYLE_FILL_AREA ( #4829 ) ;
#2205 = VECTOR ( 'NONE', #4407, 1000.000000000000000 ) ;
#2206 = CARTESIAN_POINT ( 'NONE',  ( 1.099999999999999423, 0.1250000000000035805, 0.01999999999999999695 ) ) ;
#2207 = VERTEX_POINT ( 'NONE', #2578 ) ;
#2208 = ORIENTED_EDGE ( 'NONE', *, *, #5108, .F. ) ;
#2209 = ORIENTED_EDGE ( 'NONE', *, *, #5548, .T. ) ;
#2210 = FILL_AREA_STYLE_COLOUR ( '', #2803 ) ;
#2211 = FILL_AREA_STYLE_COLOUR ( '', #4190 ) ;
#2212 = COLOUR_RGB ( '',1.000000000000000000, 1.000000000000000000, 1.000000000000000000 ) ;
#2213 = CARTESIAN_POINT ( 'NONE',  ( -1.500000000000000000, 1.500000000000000000, 0.02000000000000000042 ) ) ;
#2214 = DIRECTION ( 'NONE',  ( -1.000000000000000000, -3.469446951953623655E-15, 0.0000000000000000000 ) ) ;
#2215 = ORIENTED_EDGE ( 'NONE', *, *, #444, .F. ) ;
#2216 = STYLED_ITEM ( 'NONE', ( #2279 ), #264 ) ;
#2217 =( LENGTH_UNIT ( ) NAMED_UNIT ( * ) SI_UNIT ( .MILLI., .METRE. ) );
#2218 = LINE ( 'NONE', #5213, #1297 ) ;
#2219 =( NAMED_UNIT ( * ) PLANE_ANGLE_UNIT ( ) SI_UNIT ( $, .RADIAN. ) );
#2220 = PLANE ( 'NONE',  #2275 ) ;
#2221 = VECTOR ( 'NONE', #1660, 1000.000000000000000 ) ;
#2222 =( NAMED_UNIT ( * ) SI_UNIT ( $, .STERADIAN. ) SOLID_ANGLE_UNIT ( ) );
#2223 = ORIENTED_EDGE ( 'NONE', *, *, #2050, .F. ) ;
#2224 =( LENGTH_UNIT ( ) NAMED_UNIT ( * ) SI_UNIT ( .MILLI., .METRE. ) );
#2225 =( GEOMETRIC_REPRESENTATION_CONTEXT ( 3 ) GLOBAL_UNCERTAINTY_ASSIGNED_CONTEXT ( ( #2361 ) ) GLOBAL_UNIT_ASSIGNED_CONTEXT ( ( #5084, #4355, #825 ) ) REPRESENTATION_CONTEXT ( 'NONE', 'WORKASPACE' ) );
#2226 = FILL_AREA_STYLE ('',( #5136 ) ) ;
#2227 = CARTESIAN_POINT ( 'NONE',  ( 0.8249999999999995115, -1.099999999999999867, 0.0000000000000000000 ) ) ;
#2228 = DIRECTION ( 'NONE',  ( -3.469446951953617344E-15, 1.000000000000000000, 0.0000000000000000000 ) ) ;
#2229 = CARTESIAN_POINT ( 'NONE',  ( -1.499999999999999778, 0.6249999999999987788, 0.02000000000000005246 ) ) ;
#2230 = DIRECTION ( 'NONE',  ( -0.0000000000000000000, -0.0000000000000000000, -1.000000000000000000 ) ) ;
#2231 = ORIENTED_EDGE ( 'NONE', *, *, #2470, .F. ) ;
#2232 = PRESENTATION_STYLE_ASSIGNMENT (( #2117 ) ) ;
#2233 =( NAMED_UNIT ( * ) SI_UNIT ( $, .STERADIAN. ) SOLID_ANGLE_UNIT ( ) );
#2234 = PLANE ( 'NONE',  #53 ) ;
#2235 = ORIENTED_EDGE ( 'NONE', *, *, #2290, .T. ) ;
#2236 = EDGE_LOOP ( 'NONE', ( #3562, #2150, #1517, #3478 ) ) ;
#2237 = ORIENTED_EDGE ( 'NONE', *, *, #1938, .F. ) ;
#2238 = DIRECTION ( 'NONE',  ( -1.000000000000000000, -0.0000000000000000000, -0.0000000000000000000 ) ) ;
#2239 =( NAMED_UNIT ( * ) PLANE_ANGLE_UNIT ( ) SI_UNIT ( $, .RADIAN. ) );
#2240 = DIRECTION ( 'NONE',  ( -1.000000000000000000, -0.0000000000000000000, -0.0000000000000000000 ) ) ;
#2241 =( GEOMETRIC_REPRESENTATION_CONTEXT ( 3 ) GLOBAL_UNCERTAINTY_ASSIGNED_CONTEXT ( ( #2467 ) ) GLOBAL_UNIT_ASSIGNED_CONTEXT ( ( #1371, #4067, #4042 ) ) REPRESENTATION_CONTEXT ( 'NONE', 'WORKASPACE' ) );
#2242 = VERTEX_POINT ( 'NONE', #5217 ) ;
#2243 = VECTOR ( 'NONE', #5376, 1000.000000000000000 ) ;
#2244 = CARTESIAN_POINT ( 'NONE',  ( 1.500000000000000888, -1.500000000000000000, 0.9000000000000001332 ) ) ;
#2245 = SURFACE_STYLE_FILL_AREA ( #4349 ) ;
#2246 = EDGE_CURVE ( 'NONE', #246, #3994, #2964, .T. ) ;
#2247 = LINE ( 'NONE', #3180, #56 ) ;
#2248 = VECTOR ( 'NONE', #5195, 1000.000000000000000 ) ;
#2249 = ORIENTED_EDGE ( 'NONE', *, *, #2116, .F. ) ;
#2250 = CARTESIAN_POINT ( 'NONE',  ( -1.100000000000019629, 0.6249999999999987788, 0.2000000000000000111 ) ) ;
#2251 = LINE ( 'NONE', #1058, #5486 ) ;
#2252 = CARTESIAN_POINT ( 'NONE',  ( 1.099999999999997646, 0.6250000000000031086, 0.01999999999999999695 ) ) ;
#2253 = FILL_AREA_STYLE_COLOUR ( '', #4477 ) ;
#2254 = COLOUR_RGB ( '',1.000000000000000000, 1.000000000000000000, 1.000000000000000000 ) ;
#2255 = ORIENTED_EDGE ( 'NONE', *, *, #1748, .F. ) ;
#2256 = PRESENTATION_LAYER_ASSIGNMENT (  '', '', ( #1230 ) ) ;
#2257 = SURFACE_SIDE_STYLE ('',( #4978 ) ) ;
#2258 = EDGE_CURVE ( 'NONE', #4660, #4478, #1305, .T. ) ;
#2259 = DIRECTION ( 'NONE',  ( 4.325993705677817725E-15, -1.000000000000000000, 0.0000000000000000000 ) ) ;
#2260 = SURFACE_STYLE_USAGE ( .BOTH. , #475 ) ;
#2261 = ORIENTED_EDGE ( 'NONE', *, *, #4212, .T. ) ;
#2262 = VERTEX_POINT ( 'NONE', #822 ) ;
#2263 = VERTEX_POINT ( 'NONE', #5563 ) ;
#2264 = VECTOR ( 'NONE', #1806, 1000.000000000000000 ) ;
#2265 =( GEOMETRIC_REPRESENTATION_CONTEXT ( 3 ) GLOBAL_UNCERTAINTY_ASSIGNED_CONTEXT ( ( #4046 ) ) GLOBAL_UNIT_ASSIGNED_CONTEXT ( ( #2224, #768, #527 ) ) REPRESENTATION_CONTEXT ( 'NONE', 'WORKASPACE' ) );
#2266 = SURFACE_STYLE_USAGE ( .BOTH. , #4447 ) ;
#2267 = DIRECTION ( 'NONE',  ( 1.000000000000000000, 0.0000000000000000000, -0.0000000000000000000 ) ) ;
#2268 = VECTOR ( 'NONE', #837, 1000.000000000000000 ) ;
#2269 = DIRECTION ( 'NONE',  ( -0.0000000000000000000, -0.0000000000000000000, -1.000000000000000000 ) ) ;
#2270 = EDGE_CURVE ( 'NONE', #387, #1489, #2606, .T. ) ;
#2271 = CARTESIAN_POINT ( 'NONE',  ( 0.1249999999999997918, 1.099999999999999867, 0.2000000000000000111 ) ) ;
#2272 = MECHANICAL_DESIGN_GEOMETRIC_PRESENTATION_REPRESENTATION (  '', ( #5617 ), #4642 ) ;
#2273 = CARTESIAN_POINT ( 'NONE',  ( -0.1249999999999998890, 1.500999999999999890, 0.2000000000000000111 ) ) ;
#2274 = FILL_AREA_STYLE_COLOUR ( '', #1732 ) ;
#2275 = AXIS2_PLACEMENT_3D ( 'NONE', #2695, #3666, #2298 ) ;
#2276 = EDGE_LOOP ( 'NONE', ( #5179, #5304, #3878, #4803 ) ) ;
#2277 = LINE ( 'NONE', #4038, #1607 ) ;
#2278 = EDGE_CURVE ( 'NONE', #1114, #1070, #3956, .T. ) ;
#2279 = PRESENTATION_STYLE_ASSIGNMENT (( #3644 ) ) ;
#2280 = PRESENTATION_STYLE_ASSIGNMENT (( #2303 ) ) ;
#2281 = DIRECTION ( 'NONE',  ( -3.469446951953617344E-15, 1.000000000000000000, 0.0000000000000000000 ) ) ;
#2282 = PLANE ( 'NONE',  #5310 ) ;
#2283 = LINE ( 'NONE', #1791, #1808 ) ;
#2284 = VECTOR ( 'NONE', #3936, 1000.000000000000000 ) ;
#2285 = ORIENTED_EDGE ( 'NONE', *, *, #3647, .T. ) ;
#2286 = LINE ( 'NONE', #5277, #1881 ) ;
#2287 = VECTOR ( 'NONE', #5377, 1000.000000000000000 ) ;
#2288 = CARTESIAN_POINT ( 'NONE',  ( 0.3749999999999996669, -1.500000000000000000, 0.02000000000000005246 ) ) ;
#2289 = DIRECTION ( 'NONE',  ( 1.000000000000000000, 4.324453109628779141E-15, -0.0000000000000000000 ) ) ;
#2290 = EDGE_CURVE ( 'NONE', #1265, #909, #4404, .T. ) ;
#2291 = ORIENTED_EDGE ( 'NONE', *, *, #5225, .T. ) ;
#2292 = VERTEX_POINT ( 'NONE', #5593 ) ;
#2293 = STYLED_ITEM ( 'NONE', ( #4507 ), #4704 ) ;
#2294 = CARTESIAN_POINT ( 'NONE',  ( -0.8749999999999991118, 1.500000000000000000, 0.9000000000000001332 ) ) ;
#2295 = MECHANICAL_DESIGN_GEOMETRIC_PRESENTATION_REPRESENTATION (  '', ( #4049 ), #2114 ) ;
#2296 = ORIENTED_EDGE ( 'NONE', *, *, #2794, .F. ) ;
#2297 = SURFACE_SIDE_STYLE ('',( #4031 ) ) ;
#2298 = DIRECTION ( 'NONE',  ( -0.0000000000000000000, 0.0000000000000000000, -1.000000000000000000 ) ) ;
#2299 = SURFACE_SIDE_STYLE ('',( #4541 ) ) ;
#2300 = ADVANCED_FACE ( 'NONE', ( #409 ), #2161, .F. ) ;
#2301 = PRESENTATION_LAYER_ASSIGNMENT (  '', '', ( #2940 ) ) ;
#2302 = FILL_AREA_STYLE ('',( #5353 ) ) ;
#2303 = SURFACE_STYLE_USAGE ( .BOTH. , #4917 ) ;
#2304 = DIRECTION ( 'NONE',  ( -3.469446951953618528E-15, 1.000000000000000000, 0.0000000000000000000 ) ) ;
#2305 = DIRECTION ( 'NONE',  ( -1.000000000000000000, 0.0000000000000000000, 0.0000000000000000000 ) ) ;
#2306 = STYLED_ITEM ( 'NONE', ( #4089 ), #248 ) ;
#2307 = CARTESIAN_POINT ( 'NONE',  ( -0.6249999999999995559, -1.099999999999999867, 0.0000000000000000000 ) ) ;
#2308 = UNCERTAINTY_MEASURE_WITH_UNIT (LENGTH_MEASURE( 1.000000000000000082E-05 ), #581, 'distance_accuracy_value', 'NONE');
#2309 = EDGE_CURVE ( 'NONE', #4362, #2949, #5298, .T. ) ;
#2310 = VECTOR ( 'NONE', #4783, 1000.000000000000000 ) ;
#2311 = ORIENTED_EDGE ( 'NONE', *, *, #2678, .T. ) ;
#2312 = DIRECTION ( 'NONE',  ( 0.0000000000000000000, 1.000000000000000000, 0.0000000000000000000 ) ) ;
#2313 = LINE ( 'NONE', #596, #4504 ) ;
#2314 = PRESENTATION_STYLE_ASSIGNMENT (( #4074 ) ) ;
#2315 = PLANE ( 'NONE',  #5045 ) ;
#2316 = MECHANICAL_DESIGN_GEOMETRIC_PRESENTATION_REPRESENTATION (  '', ( #4774 ), #3418 ) ;
#2317 =( LENGTH_UNIT ( ) NAMED_UNIT ( * ) SI_UNIT ( .MILLI., .METRE. ) );
#2318 = ORIENTED_EDGE ( 'NONE', *, *, #2772, .T. ) ;
#2319 = DIRECTION ( 'NONE',  ( -0.7071067811865467956, -0.7071067811865483499, -0.0000000000000000000 ) ) ;
#2320 = PLANE ( 'NONE',  #5147 ) ;
#2321 = FILL_AREA_STYLE ('',( #544 ) ) ;
#2322 = ORIENTED_EDGE ( 'NONE', *, *, #471, .F. ) ;
#2323 = CARTESIAN_POINT ( 'NONE',  ( -1.500999999999996781, -0.8750000000000054401, 0.2000000000000000111 ) ) ;
#2324 = DIRECTION ( 'NONE',  ( 0.0000000000000000000, -1.000000000000000000, 0.0000000000000000000 ) ) ;
#2325 =( NAMED_UNIT ( * ) PLANE_ANGLE_UNIT ( ) SI_UNIT ( $, .RADIAN. ) );
#2326 = EDGE_CURVE ( 'NONE', #753, #5096, #1023, .T. ) ;
#2327 = DIRECTION ( 'NONE',  ( 0.7071067811865483499, -0.7071067811865467956, 0.0000000000000000000 ) ) ;
#2328 = SURFACE_SIDE_STYLE ('',( #4940 ) ) ;
#2329 = VECTOR ( 'NONE', #735, 1000.000000000000000 ) ;
#2330 = CARTESIAN_POINT ( 'NONE',  ( 1.100000000000004974, -1.499999999999990896, 0.02000000000000000042 ) ) ;
#2331 =( GEOMETRIC_REPRESENTATION_CONTEXT ( 3 ) GLOBAL_UNCERTAINTY_ASSIGNED_CONTEXT ( ( #786 ) ) GLOBAL_UNIT_ASSIGNED_CONTEXT ( ( #5014, #615, #4142 ) ) REPRESENTATION_CONTEXT ( 'NONE', 'WORKASPACE' ) );
#2332 = DIRECTION ( 'NONE',  ( 0.0000000000000000000, 0.0000000000000000000, 1.000000000000000000 ) ) ;
#2333 =( NAMED_UNIT ( * ) PLANE_ANGLE_UNIT ( ) SI_UNIT ( $, .RADIAN. ) );
#2334 = CARTESIAN_POINT ( 'NONE',  ( -1.500000000000003997, -0.3750000000000077161, 0.02000000000000000042 ) ) ;
#2335 = SURFACE_STYLE_FILL_AREA ( #3157 ) ;
#2336 = VERTEX_POINT ( 'NONE', #2754 ) ;
#2337 = PRODUCT ( '443AEFDE-DBA9-4F8E-AF1D-A6E82A0E6A07', '443AEFDE-DBA9-4F8E-AF1D-A6E82A0E6A07', '', ( #5431 ) ) ;
#2338 = FACE_OUTER_BOUND ( 'NONE', #5183, .T. ) ;
#2339 = LINE ( 'NONE', #123, #3288 ) ;
#2340 = VECTOR ( 'NONE', #2733, 1000.000000000000000 ) ;
#2341 = ADVANCED_FACE ( 'NONE', ( #4944 ), #1340, .F. ) ;
#2342 = DIRECTION ( 'NONE',  ( -1.000000000000000000, -0.0000000000000000000, -0.0000000000000000000 ) ) ;
#2343 = LINE ( 'NONE', #5391, #2102 ) ;
#2344 = AXIS2_PLACEMENT_3D ( 'NONE', #2012, #3833, #2897 ) ;
#2345 = ORIENTED_EDGE ( 'NONE', *, *, #2017, .F. ) ;
#2346 = EDGE_LOOP ( 'NONE', ( #3504, #3626, #388, #4131 ) ) ;
#2347 =( NAMED_UNIT ( * ) PLANE_ANGLE_UNIT ( ) SI_UNIT ( $, .RADIAN. ) );
#2348 = VECTOR ( 'NONE', #1668, 1000.000000000000000 ) ;
#2349 = VECTOR ( 'NONE', #3844, 1000.000000000000000 ) ;
#2350 = CYLINDRICAL_SURFACE ( 'NONE', #385, 0.2000000000000003164 ) ;
#2351 = ORIENTED_EDGE ( 'NONE', *, *, #150, .F. ) ;
#2352 = STYLED_ITEM ( 'NONE', ( #3585 ), #2341 ) ;
#2353 = LINE ( 'NONE', #2323, #448 ) ;
#2354 = LINE ( 'NONE', #4229, #4422 ) ;
#2355 = FILL_AREA_STYLE ('',( #5261 ) ) ;
#2356 = SURFACE_SIDE_STYLE ('',( #4086 ) ) ;
#2357 =( LENGTH_UNIT ( ) NAMED_UNIT ( * ) SI_UNIT ( .MILLI., .METRE. ) );
#2358 = MECHANICAL_DESIGN_GEOMETRIC_PRESENTATION_REPRESENTATION (  '', ( #5330 ), #2615 ) ;
#2359 = UNCERTAINTY_MEASURE_WITH_UNIT (LENGTH_MEASURE( 1.000000000000000082E-05 ), #5011, 'distance_accuracy_value', 'NONE');
#2360 = CARTESIAN_POINT ( 'NONE',  ( 0.1249999999999998890, -1.500999999999999890, 0.2000000000000000111 ) ) ;
#2361 = UNCERTAINTY_MEASURE_WITH_UNIT (LENGTH_MEASURE( 1.000000000000000082E-05 ), #5084, 'distance_accuracy_value', 'NONE');
#2362 = EDGE_CURVE ( 'NONE', #2095, #4013, #1818, .T. ) ;
#2363 = STYLED_ITEM ( 'NONE', ( #2497 ), #3660 ) ;
#2364 = SURFACE_SIDE_STYLE ('',( #528 ) ) ;
#2365 = PLANE ( 'NONE',  #2146 ) ;
#2366 = CARTESIAN_POINT ( 'NONE',  ( 1.501000000000003443, -0.8749999999999941158, 0.0000000000000000000 ) ) ;
#2367 = UNCERTAINTY_MEASURE_WITH_UNIT (LENGTH_MEASURE( 1.000000000000000082E-05 ), #4867, 'distance_accuracy_value', 'NONE');
#2368 = ORIENTED_EDGE ( 'NONE', *, *, #3759, .T. ) ;
#2369 = CARTESIAN_POINT ( 'NONE',  ( 1.501000000000003443, -0.8749999999999941158, 0.2000000000000000111 ) ) ;
#2370 = CARTESIAN_POINT ( 'NONE',  ( -1.499999999999999778, 0.6249999999999987788, 0.9000000000000001332 ) ) ;
#2371 = PRESENTATION_STYLE_ASSIGNMENT (( #2622 ) ) ;
#2372 = FACE_OUTER_BOUND ( 'NONE', #1261, .T. ) ;
#2373 = FACE_OUTER_BOUND ( 'NONE', #3426, .T. ) ;
#2374 = EDGE_CURVE ( 'NONE', #5629, #3738, #2277, .T. ) ;
#2375 = EDGE_LOOP ( 'NONE', ( #2538, #1615, #1872, #4951, #273 ) ) ;
#2376 = DIRECTION ( 'NONE',  ( -2.703746066048639036E-16, 1.000000000000000000, -0.0000000000000000000 ) ) ;
#2377 = CARTESIAN_POINT ( 'NONE',  ( -1.501000000000000778, 0.8749999999999990008, 0.2000000000000000111 ) ) ;
#2378 = DIRECTION ( 'NONE',  ( -3.469446951953617344E-15, 1.000000000000000000, 0.0000000000000000000 ) ) ;
#2379 = AXIS2_PLACEMENT_3D ( 'NONE', #3575, #3171, #5286 ) ;
#2380 = ORIENTED_EDGE ( 'NONE', *, *, #3548, .F. ) ;
#2381 = EDGE_LOOP ( 'NONE', ( #3969, #4833, #896, #866, #1159 ) ) ;
#2382 = CARTESIAN_POINT ( 'NONE',  ( 0.6249999999999996669, -1.500000000000000000, 0.9000000000000001332 ) ) ;
#2383 =( NAMED_UNIT ( * ) PLANE_ANGLE_UNIT ( ) SI_UNIT ( $, .RADIAN. ) );
#2384 =( NAMED_UNIT ( * ) SI_UNIT ( $, .STERADIAN. ) SOLID_ANGLE_UNIT ( ) );
#2385 = CARTESIAN_POINT ( 'NONE',  ( 0.6249999999999991118, 1.099999999999999867, 0.0000000000000000000 ) ) ;
#2386 = MECHANICAL_DESIGN_GEOMETRIC_PRESENTATION_REPRESENTATION (  '', ( #3034 ), #3230 ) ;
#2387 = CARTESIAN_POINT ( 'NONE',  ( 0.6249999999999991118, 1.500999999999999890, 0.2000000000000000111 ) ) ;
#2388 = PRESENTATION_LAYER_ASSIGNMENT (  '', '', ( #3871 ) ) ;
#2389 =( NAMED_UNIT ( * ) PLANE_ANGLE_UNIT ( ) SI_UNIT ( $, .RADIAN. ) );
#2390 =( NAMED_UNIT ( * ) PLANE_ANGLE_UNIT ( ) SI_UNIT ( $, .RADIAN. ) );
#2391 = CARTESIAN_POINT ( 'NONE',  ( -0.8749999999999991118, 1.500000000000000000, 0.02000000000000005246 ) ) ;
#2392 = DIRECTION ( 'NONE',  ( -0.0000000000000000000, -0.0000000000000000000, -1.000000000000000000 ) ) ;
#2393 = VERTEX_POINT ( 'NONE', #2953 ) ;
#2394 = PRESENTATION_LAYER_ASSIGNMENT (  '', '', ( #2216 ) ) ;
#2395 = SURFACE_STYLE_FILL_AREA ( #4267 ) ;
#2396 = DIRECTION ( 'NONE',  ( 2.703746066048639036E-16, 1.000000000000000000, 0.0000000000000000000 ) ) ;
#2397 = EDGE_CURVE ( 'NONE', #4371, #4187, #755, .T. ) ;
#2398 =( LENGTH_UNIT ( ) NAMED_UNIT ( * ) SI_UNIT ( .MILLI., .METRE. ) );
#2399 =( GEOMETRIC_REPRESENTATION_CONTEXT ( 3 ) GLOBAL_UNCERTAINTY_ASSIGNED_CONTEXT ( ( #1083 ) ) GLOBAL_UNIT_ASSIGNED_CONTEXT ( ( #2014, #2389, #1054 ) ) REPRESENTATION_CONTEXT ( 'NONE', 'WORKASPACE' ) );
#2400 = ORIENTED_EDGE ( 'NONE', *, *, #4499, .T. ) ;
#2401 = ORIENTED_EDGE ( 'NONE', *, *, #2055, .F. ) ;
#2402 = COLOUR_RGB ( '',0.0000000000000000000, 0.0000000000000000000, 0.0000000000000000000 ) ;
#2403 = DIRECTION ( 'NONE',  ( -0.0000000000000000000, -0.0000000000000000000, 1.000000000000000000 ) ) ;
#2404 = ORIENTED_EDGE ( 'NONE', *, *, #4740, .T. ) ;
#2405 = VERTEX_POINT ( 'NONE', #1189 ) ;
#2406 = LINE ( 'NONE', #3293, #449 ) ;
#2407 = ADVANCED_FACE ( 'NONE', ( #3830 ), #1588, .F. ) ;
#2408 = DIRECTION ( 'NONE',  ( 0.0000000000000000000, -1.000000000000000000, 0.0000000000000000000 ) ) ;
#2409 = LINE ( 'NONE', #4176, #5660 ) ;
#2410 = DIRECTION ( 'NONE',  ( 0.0000000000000000000, 0.0000000000000000000, 1.000000000000000000 ) ) ;
#2411 = AXIS2_PLACEMENT_3D ( 'NONE', #2104, #3917, #4757 ) ;
#2412 = DIRECTION ( 'NONE',  ( -1.000000000000000000, 0.0000000000000000000, 0.0000000000000000000 ) ) ;
#2413 = UNCERTAINTY_MEASURE_WITH_UNIT (LENGTH_MEASURE( 1.000000000000000082E-05 ), #1520, 'distance_accuracy_value', 'NONE');
#2414 = VECTOR ( 'NONE', #5206, 1000.000000000000000 ) ;
#2415 = ORIENTED_EDGE ( 'NONE', *, *, #3929, .F. ) ;
#2416 = FACE_BOUND ( 'NONE', #2381, .T. ) ;
#2417 = CARTESIAN_POINT ( 'NONE',  ( -1.500999999999997669, -0.6250000000000057732, 0.2000000000000000111 ) ) ;
#2418 = CARTESIAN_POINT ( 'NONE',  ( 0.8750000000000001110, 1.500000000000000000, 0.2000000000000000111 ) ) ;
#2419 = PRESENTATION_STYLE_ASSIGNMENT (( #659 ) ) ;
#2420 = CARTESIAN_POINT ( 'NONE',  ( -1.499999999999999778, 0.8749999999999990008, 0.2000000000000000111 ) ) ;
#2421 = ORIENTED_EDGE ( 'NONE', *, *, #5279, .F. ) ;
#2422 = EDGE_CURVE ( 'NONE', #2185, #5339, #3362, .T. ) ;
#2423 = AXIS2_PLACEMENT_3D ( 'NONE', #3117, #3025, #1690 ) ;
#2424 = ORIENTED_EDGE ( 'NONE', *, *, #1160, .F. ) ;
#2425 = SURFACE_SIDE_STYLE ('',( #776 ) ) ;
#2426 =( NAMED_UNIT ( * ) PLANE_ANGLE_UNIT ( ) SI_UNIT ( $, .RADIAN. ) );
#2427 = SURFACE_SIDE_STYLE ('',( #187 ) ) ;
#2428 = CARTESIAN_POINT ( 'NONE',  ( 0.5999999999999998668, 0.9000000000000000222, 0.01999999999999999695 ) ) ;
#2429 = VERTEX_POINT ( 'NONE', #5065 ) ;
#2430 = ORIENTED_EDGE ( 'NONE', *, *, #847, .T. ) ;
#2431 = ADVANCED_FACE ( 'NONE', ( #5520 ), #5378, .F. ) ;
#2432 = VERTEX_POINT ( 'NONE', #1742 ) ;
#2433 = PRESENTATION_LAYER_ASSIGNMENT (  '', '', ( #4282 ) ) ;
#2434 =( GEOMETRIC_REPRESENTATION_CONTEXT ( 3 ) GLOBAL_UNCERTAINTY_ASSIGNED_CONTEXT ( ( #3592 ) ) GLOBAL_UNIT_ASSIGNED_CONTEXT ( ( #5341, #1359, #1442 ) ) REPRESENTATION_CONTEXT ( 'NONE', 'WORKASPACE' ) );
#2435 = CARTESIAN_POINT ( 'NONE',  ( 0.8749999999999990008, 1.099999999999999867, 0.0000000000000000000 ) ) ;
#2436 = FACE_OUTER_BOUND ( 'NONE', #3044, .T. ) ;
#2437 = CARTESIAN_POINT ( 'NONE',  ( 0.7999999999999997113, 1.000000000000000000, 0.8500000000000000888 ) ) ;
#2438 = CARTESIAN_POINT ( 'NONE',  ( -1.500999999999996781, -0.8750000000000054401, 0.0000000000000000000 ) ) ;
#2439 = CARTESIAN_POINT ( 'NONE',  ( 1.501000000000003443, -0.8749999999999941158, 0.0000000000000000000 ) ) ;
#2440 = COLOUR_RGB ( '',1.000000000000000000, 1.000000000000000000, 1.000000000000000000 ) ;
#2441 = DIRECTION ( 'NONE',  ( -0.7071067811865467956, -0.7071067811865483499, 0.0000000000000000000 ) ) ;
#2442 = PRESENTATION_LAYER_ASSIGNMENT (  '', '', ( #4467 ) ) ;
#2443 = VECTOR ( 'NONE', #3029, 1000.000000000000000 ) ;
#2444 = CARTESIAN_POINT ( 'NONE',  ( 0.3749999999999996669, -1.500999999999999890, 0.2000000000000000111 ) ) ;
#2445 = FACE_OUTER_BOUND ( 'NONE', #748, .T. ) ;
#2446 = CARTESIAN_POINT ( 'NONE',  ( -1.500999999999997669, -0.6250000000000057732, 0.2000000000000000111 ) ) ;
#2447 = EDGE_CURVE ( 'NONE', #1460, #5400, #1323, .T. ) ;
#2448 = ORIENTED_EDGE ( 'NONE', *, *, #3583, .F. ) ;
#2449 =( LENGTH_UNIT ( ) NAMED_UNIT ( * ) SI_UNIT ( .MILLI., .METRE. ) );
#2450 = LINE ( 'NONE', #1115, #435 ) ;
#2451 =( NAMED_UNIT ( * ) SI_UNIT ( $, .STERADIAN. ) SOLID_ANGLE_UNIT ( ) );
#2452 = DIRECTION ( 'NONE',  ( 0.0000000000000000000, 1.000000000000000000, 0.0000000000000000000 ) ) ;
#2453 = AXIS2_PLACEMENT_3D ( 'NONE', #297, #1156, #3414 ) ;
#2454 = EDGE_LOOP ( 'NONE', ( #161, #1413, #779, #2936 ) ) ;
#2455 = LINE ( 'NONE', #2885, #5517 ) ;
#2456 = FACE_OUTER_BOUND ( 'NONE', #330, .T. ) ;
#2457 = ADVANCED_FACE ( 'NONE', ( #5228 ), #5670, .F. ) ;
#2458 = ORIENTED_EDGE ( 'NONE', *, *, #3935, .F. ) ;
#2459 = ORIENTED_EDGE ( 'NONE', *, *, #5522, .F. ) ;
#2460 = STYLED_ITEM ( 'NONE', ( #2986 ), #4638 ) ;
#2461 = LINE ( 'NONE', #1476, #828 ) ;
#2462 = DIRECTION ( 'NONE',  ( 1.000000000000000000, 4.325993705677820091E-15, -0.0000000000000000000 ) ) ;
#2463 = DIRECTION ( 'NONE',  ( -0.0000000000000000000, -0.0000000000000000000, -1.000000000000000000 ) ) ;
#2464 =( NAMED_UNIT ( * ) PLANE_ANGLE_UNIT ( ) SI_UNIT ( $, .RADIAN. ) );
#2465 = EDGE_CURVE ( 'NONE', #4591, #5258, #1268, .T. ) ;
#2466 = VECTOR ( 'NONE', #4487, 1000.000000000000000 ) ;
#2467 = UNCERTAINTY_MEASURE_WITH_UNIT (LENGTH_MEASURE( 1.000000000000000082E-05 ), #1371, 'distance_accuracy_value', 'NONE');
#2468 = LINE ( 'NONE', #5075, #1700 ) ;
#2469 = LINE ( 'NONE', #4239, #2811 ) ;
#2470 = EDGE_CURVE ( 'NONE', #3654, #3716, #2651, .T. ) ;
#2471 = UNCERTAINTY_MEASURE_WITH_UNIT (LENGTH_MEASURE( 1.000000000000000082E-05 ), #3062, 'distance_accuracy_value', 'NONE');
#2472 = COLOUR_RGB ( '',1.000000000000000000, 1.000000000000000000, 1.000000000000000000 ) ;
#2473 = ORIENTED_EDGE ( 'NONE', *, *, #471, .T. ) ;
#2474 = SURFACE_STYLE_FILL_AREA ( #2911 ) ;
#2475 = LINE ( 'NONE', #5502, #110 ) ;
#2476 = VECTOR ( 'NONE', #4485, 1000.000000000000000 ) ;
#2477 = CARTESIAN_POINT ( 'NONE',  ( -0.8749999999999991118, -1.500000000000000000, 0.02000000000000000042 ) ) ;
#2478 = DIRECTION ( 'NONE',  ( -1.000000000000000000, 2.276824562219581715E-14, 0.0000000000000000000 ) ) ;
#2479 = ORIENTED_EDGE ( 'NONE', *, *, #310, .F. ) ;
#2480 = SURFACE_SIDE_STYLE ('',( #1210 ) ) ;
#2481 = AXIS2_PLACEMENT_3D ( 'NONE', #3747, #1534, #580 ) ;
#2482 = STYLED_ITEM ( 'NONE', ( #3949 ), #492 ) ;
#2483 = DIRECTION ( 'NONE',  ( -1.000000000000000000, -2.703746066048639529E-16, 0.0000000000000000000 ) ) ;
#2484 = FACE_OUTER_BOUND ( 'NONE', #3982, .T. ) ;
#2485 = VECTOR ( 'NONE', #1627, 1000.000000000000000 ) ;
#2486 = VERTEX_POINT ( 'NONE', #5639 ) ;
#2487 = ORIENTED_EDGE ( 'NONE', *, *, #797, .F. ) ;
#2488 = SURFACE_STYLE_USAGE ( .BOTH. , #2925 ) ;
#2489 = DIRECTION ( 'NONE',  ( -0.0000000000000000000, -0.0000000000000000000, -1.000000000000000000 ) ) ;
#2490 = FILL_AREA_STYLE ('',( #4200 ) ) ;
#2491 = CARTESIAN_POINT ( 'NONE',  ( 0.1375000000000065337, 0.1375000000000019817, 0.02000000000000000042 ) ) ;
#2492 = CARTESIAN_POINT ( 'NONE',  ( 0.8749999999999921174, -1.500000000000006439, 0.02000000000000000042 ) ) ;
#2493 = ADVANCED_FACE ( 'NONE', ( #3140 ), #3908, .F. ) ;
#2494 = SURFACE_SIDE_STYLE ('',( #3697 ) ) ;
#2495 = DIRECTION ( 'NONE',  ( -2.780005570475651171E-15, -1.000000000000000000, 0.0000000000000000000 ) ) ;
#2496 = PRESENTATION_STYLE_ASSIGNMENT (( #763 ) ) ;
#2497 = PRESENTATION_STYLE_ASSIGNMENT (( #2962 ) ) ;
#2498 = ORIENTED_EDGE ( 'NONE', *, *, #2579, .F. ) ;
#2499 = ADVANCED_FACE ( 'NONE', ( #2592 ), #3255, .F. ) ;
#2500 = SURFACE_STYLE_USAGE ( .BOTH. , #377 ) ;
#2501 = FILL_AREA_STYLE ('',( #1549 ) ) ;
#2502 = PRESENTATION_STYLE_ASSIGNMENT (( #3921 ) ) ;
#2503 = VECTOR ( 'NONE', #4320, 1000.000000000000000 ) ;
#2504 = ORIENTED_EDGE ( 'NONE', *, *, #4996, .F. ) ;
#2505 = ORIENTED_EDGE ( 'NONE', *, *, #5440, .F. ) ;
#2506 = FILL_AREA_STYLE ('',( #1185 ) ) ;
#2507 = VECTOR ( 'NONE', #2867, 1000.000000000000000 ) ;
#2508 = VECTOR ( 'NONE', #4683, 1000.000000000000000 ) ;
#2509 = ORIENTED_EDGE ( 'NONE', *, *, #1530, .T. ) ;
#2510 = ORIENTED_EDGE ( 'NONE', *, *, #2397, .T. ) ;
#2511 =( NAMED_UNIT ( * ) SI_UNIT ( $, .STERADIAN. ) SOLID_ANGLE_UNIT ( ) );
#2512 = LINE ( 'NONE', #2593, #5493 ) ;
#2513 = LINE ( 'NONE', #5155, #258 ) ;
#2514 = PRESENTATION_STYLE_ASSIGNMENT (( #3834 ) ) ;
#2515 = UNCERTAINTY_MEASURE_WITH_UNIT (LENGTH_MEASURE( 1.000000000000000082E-05 ), #3102, 'distance_accuracy_value', 'NONE');
#2516 = DIRECTION ( 'NONE',  ( 1.000000000000000000, 4.325993705677824825E-15, 0.0000000000000000000 ) ) ;
#2517 = UNCERTAINTY_MEASURE_WITH_UNIT (LENGTH_MEASURE( 1.000000000000000082E-05 ), #5348, 'distance_accuracy_value', 'NONE');
#2518 = MECHANICAL_DESIGN_GEOMETRIC_PRESENTATION_REPRESENTATION (  '', ( #1230 ), #2434 ) ;
#2519 = PRESENTATION_STYLE_ASSIGNMENT (( #3916 ) ) ;
#2520 = SURFACE_STYLE_USAGE ( .BOTH. , #4947 ) ;
#2521 = STYLED_ITEM ( 'NONE', ( #3564 ), #2716 ) ;
#2522 = DIRECTION ( 'NONE',  ( -0.0000000000000000000, -0.0000000000000000000, -1.000000000000000000 ) ) ;
#2523 = VERTEX_POINT ( 'NONE', #4079 ) ;
#2524 = PRESENTATION_LAYER_ASSIGNMENT (  '', '', ( #3653 ) ) ;
#2525 = SURFACE_STYLE_USAGE ( .BOTH. , #3926 ) ;
#2526 = CARTESIAN_POINT ( 'NONE',  ( -0.6249999999999996669, -1.500000000000000000, 0.9000000000000001332 ) ) ;
#2527 = CARTESIAN_POINT ( 'NONE',  ( -0.8999999999999996891, -1.500000000000000000, 0.02000000000000000042 ) ) ;
#2528 =( GEOMETRIC_REPRESENTATION_CONTEXT ( 3 ) GLOBAL_UNCERTAINTY_ASSIGNED_CONTEXT ( ( #5591 ) ) GLOBAL_UNIT_ASSIGNED_CONTEXT ( ( #2398, #5538, #3280 ) ) REPRESENTATION_CONTEXT ( 'NONE', 'WORKASPACE' ) );
#2529 = PRESENTATION_LAYER_ASSIGNMENT (  '', '', ( #4712 ) ) ;
#2530 = ORIENTED_EDGE ( 'NONE', *, *, #4099, .F. ) ;
#2531 = ORIENTED_EDGE ( 'NONE', *, *, #3795, .F. ) ;
#2532 = PRESENTATION_LAYER_ASSIGNMENT (  '', '', ( #507 ) ) ;
#2533 = CARTESIAN_POINT ( 'NONE',  ( -0.3749999999999995559, 1.099999999999999867, 0.0000000000000000000 ) ) ;
#2534 = CARTESIAN_POINT ( 'NONE',  ( 0.8999999999999993561, -1.500000000000000444, 0.02000000000000000042 ) ) ;
#2535 = CARTESIAN_POINT ( 'NONE',  ( 0.8750000000000005551, -1.500999999999999890, 0.2000000000000000111 ) ) ;
#2536 = VECTOR ( 'NONE', #2154, 1000.000000000000000 ) ;
#2537 = ORIENTED_EDGE ( 'NONE', *, *, #5479, .T. ) ;
#2538 = ORIENTED_EDGE ( 'NONE', *, *, #3541, .F. ) ;
#2539 = VERTEX_POINT ( 'NONE', #1013 ) ;
#2540 = CARTESIAN_POINT ( 'NONE',  ( -1.099999999999996980, -0.8250000000000038414, 0.0000000000000000000 ) ) ;
#2541 = CARTESIAN_POINT ( 'NONE',  ( -1.500000000000000000, 1.500000000000000000, 0.9000000000000001332 ) ) ;
#2542 = CARTESIAN_POINT ( 'NONE',  ( 0.8999999999999995781, -0.9000000000000000222, 0.2000000000000000111 ) ) ;
#2543 = CARTESIAN_POINT ( 'NONE',  ( -0.6249999999999996669, -1.500999999999999890, 0.2000000000000000111 ) ) ;
#2544 = EDGE_CURVE ( 'NONE', #4852, #4443, #4985, .T. ) ;
#2545 = LINE ( 'NONE', #4724, #2829 ) ;
#2546 = EDGE_LOOP ( 'NONE', ( #2201, #4274, #181, #3067, #2648, #4952 ) ) ;
#2547 = VECTOR ( 'NONE', #5002, 1000.000000000000000 ) ;
#2548 = CARTESIAN_POINT ( 'NONE',  ( -0.6249999999999992228, 1.500999999999999890, 0.0000000000000000000 ) ) ;
#2549 = SURFACE_SIDE_STYLE ('',( #4699 ) ) ;
#2550 = DIRECTION ( 'NONE',  ( -0.0000000000000000000, -0.0000000000000000000, -1.000000000000000000 ) ) ;
#2551 =( GEOMETRIC_REPRESENTATION_CONTEXT ( 3 ) GLOBAL_UNCERTAINTY_ASSIGNED_CONTEXT ( ( #363 ) ) GLOBAL_UNIT_ASSIGNED_CONTEXT ( ( #832, #1239, #3012 ) ) REPRESENTATION_CONTEXT ( 'NONE', 'WORKASPACE' ) );
#2552 = VERTEX_POINT ( 'NONE', #2770 ) ;
#2553 = EDGE_CURVE ( 'NONE', #3852, #452, #541, .T. ) ;
#2554 = CARTESIAN_POINT ( 'NONE',  ( 1.100000000000001643, -0.3749999999999965028, 0.02000000000000000042 ) ) ;
#2555 = LINE ( 'NONE', #826, #2596 ) ;
#2556 = ORIENTED_EDGE ( 'NONE', *, *, #3282, .T. ) ;
#2557 = MECHANICAL_DESIGN_GEOMETRIC_PRESENTATION_REPRESENTATION (  '', ( #532 ), #2935 ) ;
#2558 = DIRECTION ( 'NONE',  ( -0.0000000000000000000, -0.0000000000000000000, -1.000000000000000000 ) ) ;
#2559 = SURFACE_STYLE_FILL_AREA ( #4276 ) ;
#2560 =( GEOMETRIC_REPRESENTATION_CONTEXT ( 3 ) GLOBAL_UNCERTAINTY_ASSIGNED_CONTEXT ( ( #37 ) ) GLOBAL_UNIT_ASSIGNED_CONTEXT ( ( #949, #1849, #715 ) ) REPRESENTATION_CONTEXT ( 'NONE', 'WORKASPACE' ) );
#2561 = ORIENTED_EDGE ( 'NONE', *, *, #2309, .T. ) ;
#2562 = ORIENTED_EDGE ( 'NONE', *, *, #777, .F. ) ;
#2563 = EDGE_CURVE ( 'NONE', #2432, #3054, #101, .T. ) ;
#2564 = LINE ( 'NONE', #359, #2972 ) ;
#2565 = PRESENTATION_STYLE_ASSIGNMENT (( #4254 ) ) ;
#2566 = LINE ( 'NONE', #3543, #4806 ) ;
#2567 = DIRECTION ( 'NONE',  ( -1.000000000000000000, -4.325993705677824825E-15, -0.0000000000000000000 ) ) ;
#2568 = VECTOR ( 'NONE', #4721, 1000.000000000000000 ) ;
#2569 = VERTEX_POINT ( 'NONE', #1439 ) ;
#2570 = EDGE_CURVE ( 'NONE', #3773, #813, #5395, .T. ) ;
#2571 =( NAMED_UNIT ( * ) PLANE_ANGLE_UNIT ( ) SI_UNIT ( $, .RADIAN. ) );
#2572 = STYLED_ITEM ( 'NONE', ( #4511 ), #5673 ) ;
#2573 = CARTESIAN_POINT ( 'NONE',  ( 0.8750000000000003331, 1.500000000000000000, 0.9000000000000001332 ) ) ;
#2574 = CARTESIAN_POINT ( 'NONE',  ( -1.499999999999999112, 1.099999999999999867, 0.02000000000000000042 ) ) ;
#2575 = VECTOR ( 'NONE', #646, 1000.000000000000000 ) ;
#2576 = SURFACE_STYLE_USAGE ( .BOTH. , #2992 ) ;
#2577 = VERTEX_POINT ( 'NONE', #5367 ) ;
#2578 = CARTESIAN_POINT ( 'NONE',  ( 0.3749999999999997780, -1.099999999999999867, 0.01999999999999999695 ) ) ;
#2579 = EDGE_CURVE ( 'NONE', #1553, #4469, #184, .T. ) ;
#2580 = PLANE ( 'NONE',  #4057 ) ;
#2581 = LINE ( 'NONE', #9, #33 ) ;
#2582 = LINE ( 'NONE', #5138, #3524 ) ;
#2583 = ORIENTED_EDGE ( 'NONE', *, *, #4646, .T. ) ;
#2584 = SURFACE_STYLE_USAGE ( .BOTH. , #5173 ) ;
#2585 = CARTESIAN_POINT ( 'NONE',  ( 0.8249999999999991784, 1.099999999999999867, 0.2000000000000000111 ) ) ;
#2586 = PRESENTATION_LAYER_ASSIGNMENT (  '', '', ( #3976 ) ) ;
#2587 = SURFACE_STYLE_USAGE ( .BOTH. , #2647 ) ;
#2588 = ORIENTED_EDGE ( 'NONE', *, *, #560, .F. ) ;
#2589 = VECTOR ( 'NONE', #3264, 1000.000000000000000 ) ;
#2590 = ORIENTED_EDGE ( 'NONE', *, *, #1174, .F. ) ;
#2591 = ORIENTED_EDGE ( 'NONE', *, *, #2374, .F. ) ;
#2592 = FACE_OUTER_BOUND ( 'NONE', #3076, .T. ) ;
#2593 = CARTESIAN_POINT ( 'NONE',  ( -1.100000000000019629, 0.8249999999999990674, 0.2000000000000000111 ) ) ;
#2594 = DIRECTION ( 'NONE',  ( -0.0000000000000000000, -0.0000000000000000000, -1.000000000000000000 ) ) ;
#2595 = FILL_AREA_STYLE_COLOUR ( '', #1408 ) ;
#2596 = VECTOR ( 'NONE', #3032, 1000.000000000000000 ) ;
#2597 = FILL_AREA_STYLE ('',( #5524 ) ) ;
#2598 = ORIENTED_EDGE ( 'NONE', *, *, #2928, .T. ) ;
#2599 = DIRECTION ( 'NONE',  ( 1.204669080539449344E-16, -1.000000000000000000, 0.0000000000000000000 ) ) ;
#2600 =( LENGTH_UNIT ( ) NAMED_UNIT ( * ) SI_UNIT ( .MILLI., .METRE. ) );
#2601 = DIRECTION ( 'NONE',  ( 0.0000000000000000000, -0.0000000000000000000, 1.000000000000000000 ) ) ;
#2602 = FACE_OUTER_BOUND ( 'NONE', #303, .T. ) ;
#2603 = CIRCLE ( 'NONE', #2887, 0.2000000000000003164 ) ;
#2604 = ADVANCED_FACE ( 'NONE', ( #4953 ), #4163, .F. ) ;
#2605 = ORIENTED_EDGE ( 'NONE', *, *, #1207, .F. ) ;
#2606 = LINE ( 'NONE', #1257, #5614 ) ;
#2607 = SURFACE_STYLE_FILL_AREA ( #5192 ) ;
#2608 = COLOUR_RGB ( '',1.000000000000000000, 1.000000000000000000, 1.000000000000000000 ) ;
#2609 = SURFACE_SIDE_STYLE ('',( #3436 ) ) ;
#2610 = CARTESIAN_POINT ( 'NONE',  ( 0.3749999999999994449, 1.500000000000000000, 0.02000000000000005246 ) ) ;
#2611 = FACE_OUTER_BOUND ( 'NONE', #2546, .T. ) ;
#2612 = EDGE_CURVE ( 'NONE', #1411, #2650, #5542, .T. ) ;
#2613 = AXIS2_PLACEMENT_3D ( 'NONE', #1001, #66, #4429 ) ;
#2614 = ORIENTED_EDGE ( 'NONE', *, *, #1330, .F. ) ;
#2615 =( GEOMETRIC_REPRESENTATION_CONTEXT ( 3 ) GLOBAL_UNCERTAINTY_ASSIGNED_CONTEXT ( ( #1142 ) ) GLOBAL_UNIT_ASSIGNED_CONTEXT ( ( #215, #694, #5035 ) ) REPRESENTATION_CONTEXT ( 'NONE', 'WORKASPACE' ) );
#2616 = DIRECTION ( 'NONE',  ( -1.000000000000000000, -1.445602896647339163E-16, 0.0000000000000000000 ) ) ;
#2617 = AXIS2_PLACEMENT_3D ( 'NONE', #3787, #3811, #710 ) ;
#2618 = ORIENTED_EDGE ( 'NONE', *, *, #5599, .T. ) ;
#2619 = VERTEX_POINT ( 'NONE', #749 ) ;
#2620 = EDGE_LOOP ( 'NONE', ( #2132, #420, #4604, #2740 ) ) ;
#2621 = SURFACE_SIDE_STYLE ('',( #3573 ) ) ;
#2622 = SURFACE_STYLE_USAGE ( .BOTH. , #3077 ) ;
#2623 = SURFACE_SIDE_STYLE ('',( #1036 ) ) ;
#2624 = DIRECTION ( 'NONE',  ( -0.7071067811865469066, 0.7071067811865482389, 0.0000000000000000000 ) ) ;
#2625 = AXIS2_PLACEMENT_3D ( 'NONE', #4234, #3721, #4117 ) ;
#2626 = SURFACE_STYLE_USAGE ( .BOTH. , #456 ) ;
#2627 = ORIENTED_EDGE ( 'NONE', *, *, #4370, .F. ) ;
#2628 = AXIS2_PLACEMENT_3D ( 'NONE', #4882, #2214, #1776 ) ;
#2629 = DIRECTION ( 'NONE',  ( -0.0000000000000000000, -0.0000000000000000000, -1.000000000000000000 ) ) ;
#2630 = ADVANCED_FACE ( 'NONE', ( #4609 ), #2119, .F. ) ;
#2631 = FACE_OUTER_BOUND ( 'NONE', #3433, .T. ) ;
#2632 = UNCERTAINTY_MEASURE_WITH_UNIT (LENGTH_MEASURE( 1.000000000000000082E-05 ), #798, 'distance_accuracy_value', 'NONE');
#2633 = DIRECTION ( 'NONE',  ( 0.0000000000000000000, -0.0000000000000000000, -1.000000000000000000 ) ) ;
#2634 = VECTOR ( 'NONE', #4050, 1000.000000000000000 ) ;
#2635 = ORIENTED_EDGE ( 'NONE', *, *, #2123, .F. ) ;
#2636 = PRESENTATION_STYLE_ASSIGNMENT (( #5654 ) ) ;
#2637 = LINE ( 'NONE', #3435, #1803 ) ;
#2638 = DIRECTION ( 'NONE',  ( 0.7071067811865482389, -0.7071067811865469066, 0.0000000000000000000 ) ) ;
#2639 = CARTESIAN_POINT ( 'NONE',  ( -0.3749999999999995559, 1.099999999999999867, 0.0000000000000000000 ) ) ;
#2640 =( NAMED_UNIT ( * ) PLANE_ANGLE_UNIT ( ) SI_UNIT ( $, .RADIAN. ) );
#2641 = MECHANICAL_DESIGN_GEOMETRIC_PRESENTATION_REPRESENTATION (  '', ( #5091 ), #4129 ) ;
#2642 = VERTEX_POINT ( 'NONE', #3854 ) ;
#2643 = SURFACE_STYLE_FILL_AREA ( #1672 ) ;
#2644 = CARTESIAN_POINT ( 'NONE',  ( 1.100000000000005418, -1.499999999999988676, 0.02000000000000000042 ) ) ;
#2645 = ADVANCED_FACE ( 'NONE', ( #1155 ), #4711, .F. ) ;
#2646 = VECTOR ( 'NONE', #622, 1000.000000000000000 ) ;
#2647 = SURFACE_SIDE_STYLE ('',( #5223 ) ) ;
#2648 = ORIENTED_EDGE ( 'NONE', *, *, #4192, .T. ) ;
#2649 = EDGE_LOOP ( 'NONE', ( #4692, #2235, #1855, #3009 ) ) ;
#2650 = VERTEX_POINT ( 'NONE', #5482 ) ;
#2651 = LINE ( 'NONE', #3540, #2268 ) ;
#2652 = PRESENTATION_STYLE_ASSIGNMENT (( #543 ) ) ;
#2653 = FACE_OUTER_BOUND ( 'NONE', #4782, .T. ) ;
#2654 = PRESENTATION_STYLE_ASSIGNMENT (( #26 ) ) ;
#2655 = VERTEX_POINT ( 'NONE', #1120 ) ;
#2656 = STYLED_ITEM ( 'NONE', ( #1598 ), #284 ) ;
#2657 = FILL_AREA_STYLE_COLOUR ( '', #4672 ) ;
#2658 = SURFACE_STYLE_USAGE ( .BOTH. , #905 ) ;
#2659 = PRESENTATION_LAYER_ASSIGNMENT (  '', '', ( #4934 ) ) ;
#2660 = LINE ( 'NONE', #5237, #1620 ) ;
#2661 = STYLED_ITEM ( 'NONE', ( #2813 ), #325 ) ;
#2662 = CARTESIAN_POINT ( 'NONE',  ( 0.8999999999999998002, 0.6000000000000015321, 0.02000000000000000042 ) ) ;
#2663 = EDGE_CURVE ( 'NONE', #1901, #962, #2455, .T. ) ;
#2664 = ORIENTED_EDGE ( 'NONE', *, *, #4314, .T. ) ;
#2665 = CARTESIAN_POINT ( 'NONE',  ( 1.501000000000002332, -0.6249999999999944489, 0.2000000000000000111 ) ) ;
#2666 = CARTESIAN_POINT ( 'NONE',  ( -0.3749999999999994449, 1.500000000000000000, 0.02000000000000005246 ) ) ;
#2667 = LINE ( 'NONE', #4432, #2135 ) ;
#2668 = CARTESIAN_POINT ( 'NONE',  ( -1.500999999999998336, -0.3750000000000055511, 0.0000000000000000000 ) ) ;
#2669 = FACE_OUTER_BOUND ( 'NONE', #692, .T. ) ;
#2670 = CARTESIAN_POINT ( 'NONE',  ( 0.3749999999999996669, -1.500000000000000000, 0.9000000000000001332 ) ) ;
#2671 = EDGE_CURVE ( 'NONE', #5079, #5667, #241, .T. ) ;
#2672 = EDGE_CURVE ( 'NONE', #4048, #246, #17, .T. ) ;
#2673 = ADVANCED_BREP_SHAPE_REPRESENTATION ( '443AEFDE-DBA9-4F8E-AF1D-A6E82A0E6A07', ( #799, #827 ), #1568 ) ;
#2674 = ORIENTED_EDGE ( 'NONE', *, *, #3111, .F. ) ;
#2675 = SURFACE_STYLE_FILL_AREA ( #3275 ) ;
#2676 = FILL_AREA_STYLE ('',( #3964 ) ) ;
#2677 = FILL_AREA_STYLE_COLOUR ( '', #2472 ) ;
#2678 = EDGE_CURVE ( 'NONE', #5533, #3852, #5602, .T. ) ;
#2679 = ORIENTED_EDGE ( 'NONE', *, *, #4972, .F. ) ;
#2680 = VERTEX_POINT ( 'NONE', #4413 ) ;
#2681 = VERTEX_POINT ( 'NONE', #3037 ) ;
#2682 = DIRECTION ( 'NONE',  ( 0.0000000000000000000, -0.0000000000000000000, -1.000000000000000000 ) ) ;
#2683 = VECTOR ( 'NONE', #1600, 1000.000000000000000 ) ;
#2684 = SURFACE_STYLE_USAGE ( .BOTH. , #2623 ) ;
#2685 = DIRECTION ( 'NONE',  ( 0.0000000000000000000, 0.0000000000000000000, -1.000000000000000000 ) ) ;
#2686 = FILL_AREA_STYLE_COLOUR ( '', #314 ) ;
#2687 =( GEOMETRIC_REPRESENTATION_CONTEXT ( 3 ) GLOBAL_UNCERTAINTY_ASSIGNED_CONTEXT ( ( #5073 ) ) GLOBAL_UNIT_ASSIGNED_CONTEXT ( ( #1540, #259, #4600 ) ) REPRESENTATION_CONTEXT ( 'NONE', 'WORKASPACE' ) );
#2688 = EDGE_CURVE ( 'NONE', #1044, #4379, #5197, .T. ) ;
#2689 = EDGE_LOOP ( 'NONE', ( #1739, #2404, #130, #2039 ) ) ;
#2690 = FILL_AREA_STYLE_COLOUR ( '', #4064 ) ;
#2691 = FACE_OUTER_BOUND ( 'NONE', #4391, .T. ) ;
#2692 = AXIS2_PLACEMENT_3D ( 'NONE', #1978, #4959, #2837 ) ;
#2693 = SURFACE_SIDE_STYLE ('',( #1302 ) ) ;
#2694 = DIRECTION ( 'NONE',  ( 0.0000000000000000000, 0.0000000000000000000, -1.000000000000000000 ) ) ;
#2695 = CARTESIAN_POINT ( 'NONE',  ( -0.3749999999999995559, 1.500999999999999890, 0.2000000000000000111 ) ) ;
#2696 = UNCERTAINTY_MEASURE_WITH_UNIT (LENGTH_MEASURE( 1.000000000000000082E-05 ), #2019, 'distance_accuracy_value', 'NONE');
#2697 = VECTOR ( 'NONE', #1035, 1000.000000000000000 ) ;
#2698 = ORIENTED_EDGE ( 'NONE', *, *, #1427, .F. ) ;
#2699 = DIRECTION ( 'NONE',  ( 0.7071067811865505703, 0.7071067811865444641, 0.0000000000000000000 ) ) ;
#2700 = LINE ( 'NONE', #3669, #963 ) ;
#2701 = FILL_AREA_STYLE_COLOUR ( '', #466 ) ;
#2702 = CARTESIAN_POINT ( 'NONE',  ( -0.3749999999999997780, -1.500999999999999890, 0.0000000000000000000 ) ) ;
#2703 = EDGE_CURVE ( 'NONE', #4660, #2192, #3476, .T. ) ;
#2704 = MECHANICAL_DESIGN_GEOMETRIC_PRESENTATION_REPRESENTATION (  '', ( #285 ), #1226 ) ;
#2705 = UNCERTAINTY_MEASURE_WITH_UNIT (LENGTH_MEASURE( 1.000000000000000082E-05 ), #1138, 'distance_accuracy_value', 'NONE');
#2706 = ORIENTED_EDGE ( 'NONE', *, *, #1364, .T. ) ;
#2707 =( GEOMETRIC_REPRESENTATION_CONTEXT ( 3 ) GLOBAL_UNCERTAINTY_ASSIGNED_CONTEXT ( ( #2413 ) ) GLOBAL_UNIT_ASSIGNED_CONTEXT ( ( #1520, #1577, #687 ) ) REPRESENTATION_CONTEXT ( 'NONE', 'WORKASPACE' ) );
#2708 = VECTOR ( 'NONE', #1949, 1000.000000000000227 ) ;
#2709 = LINE ( 'NONE', #2789, #2349 ) ;
#2710 = VECTOR ( 'NONE', #3874, 1000.000000000000000 ) ;
#2711 = VECTOR ( 'NONE', #2022, 1000.000000000000000 ) ;
#2712 = ORIENTED_EDGE ( 'NONE', *, *, #2934, .T. ) ;
#2713 = ORIENTED_EDGE ( 'NONE', *, *, #5289, .T. ) ;
#2714 = VECTOR ( 'NONE', #3410, 1000.000000000000000 ) ;
#2715 = DIRECTION ( 'NONE',  ( 0.0000000000000000000, -1.000000000000000000, 0.0000000000000000000 ) ) ;
#2716 = ADVANCED_FACE ( 'NONE', ( #3133 ), #831, .F. ) ;
#2717 =( NAMED_UNIT ( * ) SI_UNIT ( $, .STERADIAN. ) SOLID_ANGLE_UNIT ( ) );
#2718 = MECHANICAL_DESIGN_GEOMETRIC_PRESENTATION_REPRESENTATION (  '', ( #507 ), #3471 ) ;
#2719 = PRESENTATION_LAYER_ASSIGNMENT (  '', '', ( #1242 ) ) ;
#2720 = ORIENTED_EDGE ( 'NONE', *, *, #224, .F. ) ;
#2721 = EDGE_LOOP ( 'NONE', ( #3357, #3886, #1769, #1355 ) ) ;
#2722 = LINE ( 'NONE', #3146, #2859 ) ;
#2723 = VECTOR ( 'NONE', #195, 1000.000000000000000 ) ;
#2724 = CARTESIAN_POINT ( 'NONE',  ( 1.501000000000002332, -0.6249999999999944489, 0.0000000000000000000 ) ) ;
#2725 = ADVANCED_FACE ( 'NONE', ( #46 ), #352, .F. ) ;
#2726 = LINE ( 'NONE', #1395, #3547 ) ;
#2727 = PRESENTATION_STYLE_ASSIGNMENT (( #971 ) ) ;
#2728 = DIRECTION ( 'NONE',  ( -0.0000000000000000000, -0.0000000000000000000, -1.000000000000000000 ) ) ;
#2729 = VECTOR ( 'NONE', #841, 1000.000000000000000 ) ;
#2730 = DIRECTION ( 'NONE',  ( -1.445602896647339163E-16, 1.000000000000000000, -0.0000000000000000000 ) ) ;
#2731 = DIRECTION ( 'NONE',  ( 0.0000000000000000000, 0.0000000000000000000, -1.000000000000000000 ) ) ;
#2732 = SURFACE_STYLE_USAGE ( .BOTH. , #1056 ) ;
#2733 = DIRECTION ( 'NONE',  ( -2.703746066048639036E-16, 1.000000000000000000, -0.0000000000000000000 ) ) ;
#2734 = FILL_AREA_STYLE_COLOUR ( '', #211 ) ;
#2735 = ORIENTED_EDGE ( 'NONE', *, *, #3068, .F. ) ;
#2736 = PLANE ( 'NONE',  #206 ) ;
#2737 = VECTOR ( 'NONE', #3806, 1000.000000000000000 ) ;
#2738 = VERTEX_POINT ( 'NONE', #96 ) ;
#2739 = EDGE_CURVE ( 'NONE', #2650, #1044, #2286, .T. ) ;
#2740 = ORIENTED_EDGE ( 'NONE', *, *, #3354, .F. ) ;
#2741 = MECHANICAL_DESIGN_GEOMETRIC_PRESENTATION_REPRESENTATION (  '', ( #5543 ), #3496 ) ;
#2742 = FILL_AREA_STYLE ('',( #517 ) ) ;
#2743 = PLANE ( 'NONE',  #4741 ) ;
#2744 = SURFACE_SIDE_STYLE ('',( #1444 ) ) ;
#2745 = EDGE_LOOP ( 'NONE', ( #5120, #3138, #547, #1614 ) ) ;
#2746 = EDGE_CURVE ( 'NONE', #5118, #637, #983, .T. ) ;
#2747 =( NAMED_UNIT ( * ) PLANE_ANGLE_UNIT ( ) SI_UNIT ( $, .RADIAN. ) );
#2748 = DIRECTION ( 'NONE',  ( 0.7071067811865467956, -0.7071067811865483499, 0.0000000000000000000 ) ) ;
#2749 = VECTOR ( 'NONE', #5081, 1000.000000000000000 ) ;
#2750 = PLANE ( 'NONE',  #1037 ) ;
#2751 = FACE_OUTER_BOUND ( 'NONE', #3546, .T. ) ;
#2752 = FILL_AREA_STYLE ('',( #4 ) ) ;
#2753 = CARTESIAN_POINT ( 'NONE',  ( 1.500999999999997003, 0.8750000000000025535, 0.0000000000000000000 ) ) ;
#2754 = CARTESIAN_POINT ( 'NONE',  ( 1.500000000000000444, 0.8750000000000025535, 0.02000000000000005246 ) ) ;
#2755 =( NAMED_UNIT ( * ) SI_UNIT ( $, .STERADIAN. ) SOLID_ANGLE_UNIT ( ) );
#2756 = CARTESIAN_POINT ( 'NONE',  ( -0.1250000000000000000, -1.500999999999999890, 0.2000000000000000111 ) ) ;
#2757 =( GEOMETRIC_REPRESENTATION_CONTEXT ( 3 ) GLOBAL_UNCERTAINTY_ASSIGNED_CONTEXT ( ( #4489 ) ) GLOBAL_UNIT_ASSIGNED_CONTEXT ( ( #4381, #4762, #3089 ) ) REPRESENTATION_CONTEXT ( 'NONE', 'WORKASPACE' ) );
#2758 = SURFACE_SIDE_STYLE ('',( #2335 ) ) ;
#2759 =( NAMED_UNIT ( * ) PLANE_ANGLE_UNIT ( ) SI_UNIT ( $, .RADIAN. ) );
#2760 = UNCERTAINTY_MEASURE_WITH_UNIT (LENGTH_MEASURE( 1.000000000000000082E-05 ), #1028, 'distance_accuracy_value', 'NONE');
#2761 = ADVANCED_FACE ( 'NONE', ( #511 ), #2823, .F. ) ;
#2762 = PRESENTATION_LAYER_ASSIGNMENT (  '', '', ( #3053 ) ) ;
#2763 = ORIENTED_EDGE ( 'NONE', *, *, #787, .T. ) ;
#2764 = CARTESIAN_POINT ( 'NONE',  ( -1.100000000000019629, 0.8249999999999990674, 0.01999999999999999695 ) ) ;
#2765 = CARTESIAN_POINT ( 'NONE',  ( -0.1249999999999997918, 1.099999999999999867, 0.0000000000000000000 ) ) ;
#2766 = VECTOR ( 'NONE', #4112, 1000.000000000000000 ) ;
#2767 =( GEOMETRIC_REPRESENTATION_CONTEXT ( 3 ) GLOBAL_UNCERTAINTY_ASSIGNED_CONTEXT ( ( #2871 ) ) GLOBAL_UNIT_ASSIGNED_CONTEXT ( ( #3529, #348, #2166 ) ) REPRESENTATION_CONTEXT ( 'NONE', 'WORKASPACE' ) );
#2768 = CARTESIAN_POINT ( 'NONE',  ( 0.3749999999999996669, -1.500000000000000444, 0.02000000000000000042 ) ) ;
#2769 = VERTEX_POINT ( 'NONE', #3192 ) ;
#2770 = CARTESIAN_POINT ( 'NONE',  ( 1.150000000000002354, -0.8749999999999956701, 0.01999999999999999695 ) ) ;
#2771 = FACE_OUTER_BOUND ( 'NONE', #1879, .T. ) ;
#2772 = EDGE_CURVE ( 'NONE', #548, #129, #3650, .T. ) ;
#2773 = ORIENTED_EDGE ( 'NONE', *, *, #380, .F. ) ;
#2774 = CARTESIAN_POINT ( 'NONE',  ( -0.9000000000000000222, 0.9000000000000000222, 0.0000000000000000000 ) ) ;
#2775 = CARTESIAN_POINT ( 'NONE',  ( -1.099999999999994538, -1.499999999999998668, 0.02000000000000000042 ) ) ;
#2776 = DIRECTION ( 'NONE',  ( 0.0000000000000000000, 0.0000000000000000000, 1.000000000000000000 ) ) ;
#2777 = SURFACE_SIDE_STYLE ('',( #703 ) ) ;
#2778 = STYLED_ITEM ( 'NONE', ( #978 ), #774 ) ;
#2779 = EDGE_CURVE ( 'NONE', #3404, #1216, #2339, .T. ) ;
#2780 = CARTESIAN_POINT ( 'NONE',  ( 1.500999999999998780, 0.3750000000000046629, 0.2000000000000000111 ) ) ;
#2781 = SURFACE_STYLE_USAGE ( .BOTH. , #2364 ) ;
#2782 = DIRECTION ( 'NONE',  ( -0.0000000000000000000, -0.0000000000000000000, -1.000000000000000000 ) ) ;
#2783 = DIRECTION ( 'NONE',  ( 2.703746066048639529E-16, -1.000000000000000000, 0.0000000000000000000 ) ) ;
#2784 =( NAMED_UNIT ( * ) PLANE_ANGLE_UNIT ( ) SI_UNIT ( $, .RADIAN. ) );
#2785 = PRESENTATION_STYLE_ASSIGNMENT (( #1005 ) ) ;
#2786 = EDGE_CURVE ( 'NONE', #697, #4907, #3708, .T. ) ;
#2787 =( GEOMETRIC_REPRESENTATION_CONTEXT ( 3 ) GLOBAL_UNCERTAINTY_ASSIGNED_CONTEXT ( ( #3451 ) ) GLOBAL_UNIT_ASSIGNED_CONTEXT ( ( #3349, #718, #1147 ) ) REPRESENTATION_CONTEXT ( 'NONE', 'WORKASPACE' ) );
#2788 = ORIENTED_EDGE ( 'NONE', *, *, #3227, .T. ) ;
#2789 = CARTESIAN_POINT ( 'NONE',  ( 0.6249999999999991118, 1.500999999999999890, 0.0000000000000000000 ) ) ;
#2790 =( NAMED_UNIT ( * ) PLANE_ANGLE_UNIT ( ) SI_UNIT ( $, .RADIAN. ) );
#2791 = DIRECTION ( 'NONE',  ( 1.000000000000000000, 4.325993705677824825E-15, 0.0000000000000000000 ) ) ;
#2792 = CARTESIAN_POINT ( 'NONE',  ( -0.3749999999999997780, -1.500999999999999890, 0.2000000000000000111 ) ) ;
#2793 = CARTESIAN_POINT ( 'NONE',  ( -1.500000000000000000, 1.500000000000000000, 0.9000000000000001332 ) ) ;
#2794 = EDGE_CURVE ( 'NONE', #1411, #1847, #597, .T. ) ;
#2795 = SURFACE_STYLE_USAGE ( .BOTH. , #1907 ) ;
#2796 = ORIENTED_EDGE ( 'NONE', *, *, #3568, .T. ) ;
#2797 = SURFACE_STYLE_USAGE ( .BOTH. , #638 ) ;
#2798 = VECTOR ( 'NONE', #1788, 1000.000000000000000 ) ;
#2799 =( GEOMETRIC_REPRESENTATION_CONTEXT ( 3 ) GLOBAL_UNCERTAINTY_ASSIGNED_CONTEXT ( ( #1030 ) ) GLOBAL_UNIT_ASSIGNED_CONTEXT ( ( #2449, #4705, #4819 ) ) REPRESENTATION_CONTEXT ( 'NONE', 'WORKASPACE' ) );
#2800 = SURFACE_SIDE_STYLE ('',( #3312 ) ) ;
#2801 = PRESENTATION_STYLE_ASSIGNMENT (( #133 ) ) ;
#2802 = ORIENTED_EDGE ( 'NONE', *, *, #3495, .F. ) ;
#2803 = COLOUR_RGB ( '',1.000000000000000000, 1.000000000000000000, 1.000000000000000000 ) ;
#2804 = ORIENTED_EDGE ( 'NONE', *, *, #5603, .T. ) ;
#2805 =( NAMED_UNIT ( * ) PLANE_ANGLE_UNIT ( ) SI_UNIT ( $, .RADIAN. ) );
#2806 = CARTESIAN_POINT ( 'NONE',  ( 1.501000000000001444, -0.3749999999999946709, 0.2000000000000000111 ) ) ;
#2807 = VECTOR ( 'NONE', #5569, 1000.000000000000000 ) ;
#2808 = LINE ( 'NONE', #1593, #1069 ) ;
#2809 = VECTOR ( 'NONE', #2558, 1000.000000000000000 ) ;
#2810 = UNCERTAINTY_MEASURE_WITH_UNIT (LENGTH_MEASURE( 1.000000000000000082E-05 ), #3030, 'distance_accuracy_value', 'NONE');
#2811 = VECTOR ( 'NONE', #4578, 1000.000000000000000 ) ;
#2812 = FILL_AREA_STYLE_COLOUR ( '', #1415 ) ;
#2813 = PRESENTATION_STYLE_ASSIGNMENT (( #4598 ) ) ;
#2814 = SURFACE_STYLE_FILL_AREA ( #557 ) ;
#2815 = FILL_AREA_STYLE_COLOUR ( '', #844 ) ;
#2816 = CARTESIAN_POINT ( 'NONE',  ( -0.9000000000000000222, 0.9000000000000000222, 0.0000000000000000000 ) ) ;
#2817 = DIRECTION ( 'NONE',  ( 1.000000000000000000, 0.0000000000000000000, 0.0000000000000000000 ) ) ;
#2818 = LINE ( 'NONE', #202, #3205 ) ;
#2819 = ORIENTED_EDGE ( 'NONE', *, *, #4654, .T. ) ;
#2820 = ADVANCED_FACE ( 'NONE', ( #5334 ), #3219, .T. ) ;
#2821 = FACE_OUTER_BOUND ( 'NONE', #4581, .T. ) ;
#2822 = LINE ( 'NONE', #1609, #814 ) ;
#2823 = PLANE ( 'NONE',  #3555 ) ;
#2824 = LINE ( 'NONE', #3350, #1613 ) ;
#2825 = SURFACE_SIDE_STYLE ('',( #152 ) ) ;
#2826 = VECTOR ( 'NONE', #126, 1000.000000000000000 ) ;
#2827 = EDGE_CURVE ( 'NONE', #5562, #4460, #2939, .T. ) ;
#2828 = ORIENTED_EDGE ( 'NONE', *, *, #3618, .T. ) ;
#2829 = VECTOR ( 'NONE', #812, 1000.000000000000000 ) ;
#2830 = CARTESIAN_POINT ( 'NONE',  ( -0.8749999999999991118, 1.099999999999999867, 0.0000000000000000000 ) ) ;
#2831 = FILL_AREA_STYLE_COLOUR ( '', #5638 ) ;
#2832 = PRESENTATION_LAYER_ASSIGNMENT (  '', '', ( #5263 ) ) ;
#2833 = VERTEX_POINT ( 'NONE', #3380 ) ;
#2834 = EDGE_CURVE ( 'NONE', #3994, #4157, #4182, .T. ) ;
#2835 = ORIENTED_EDGE ( 'NONE', *, *, #1780, .F. ) ;
#2836 = LINE ( 'NONE', #4113, #1469 ) ;
#2837 = DIRECTION ( 'NONE',  ( 3.469446951953617344E-15, -1.000000000000000000, 0.0000000000000000000 ) ) ;
#2838 = DIRECTION ( 'NONE',  ( -4.325993705677820091E-15, 1.000000000000000000, 0.0000000000000000000 ) ) ;
#2839 = SURFACE_STYLE_USAGE ( .BOTH. , #4146 ) ;
#2840 = AXIS2_PLACEMENT_3D ( 'NONE', #1171, #281, #790 ) ;
#2841 = DIRECTION ( 'NONE',  ( 0.0000000000000000000, 1.000000000000000000, 0.0000000000000000000 ) ) ;
#2842 = CARTESIAN_POINT ( 'NONE',  ( 0.6249999999999995559, -1.500999999999999890, 0.2000000000000000111 ) ) ;
#2843 = DIRECTION ( 'NONE',  ( 1.000000000000000000, 0.0000000000000000000, 0.0000000000000000000 ) ) ;
#2844 = STYLED_ITEM ( 'NONE', ( #1827 ), #71 ) ;
#2845 = ADVANCED_FACE ( 'NONE', ( #2082 ), #1639, .F. ) ;
#2846 = VERTEX_POINT ( 'NONE', #4681 ) ;
#2847 = LINE ( 'NONE', #3405, #2711 ) ;
#2848 = AXIS2_PLACEMENT_3D ( 'NONE', #4621, #1135, #4259 ) ;
#2849 = FILL_AREA_STYLE_COLOUR ( '', #3409 ) ;
#2850 = DIRECTION ( 'NONE',  ( 0.0000000000000000000, 0.0000000000000000000, -1.000000000000000000 ) ) ;
#2851 = FACE_OUTER_BOUND ( 'NONE', #3922, .T. ) ;
#2852 = DIRECTION ( 'NONE',  ( -1.000000000000000000, -4.325993705677820091E-15, 0.0000000000000000000 ) ) ;
#2853 = DIRECTION ( 'NONE',  ( 1.000000000000000000, 4.325993705677824825E-15, 0.0000000000000000000 ) ) ;
#2854 = PLANE ( 'NONE',  #1167 ) ;
#2855 = EDGE_CURVE ( 'NONE', #3773, #3390, #741, .T. ) ;
#2856 = COLOUR_RGB ( '',1.000000000000000000, 1.000000000000000000, 1.000000000000000000 ) ;
#2857 = ORIENTED_EDGE ( 'NONE', *, *, #5467, .F. ) ;
#2858 = ORIENTED_EDGE ( 'NONE', *, *, #1211, .T. ) ;
#2859 = VECTOR ( 'NONE', #58, 1000.000000000000000 ) ;
#2860 = PRESENTATION_STYLE_ASSIGNMENT (( #1556 ) ) ;
#2861 = FILL_AREA_STYLE ('',( #5036 ) ) ;
#2862 = EDGE_CURVE ( 'NONE', #752, #239, #5052, .T. ) ;
#2863 = DIRECTION ( 'NONE',  ( -0.0000000000000000000, 0.0000000000000000000, 1.000000000000000000 ) ) ;
#2864 = VERTEX_POINT ( 'NONE', #716 ) ;
#2865 = ORIENTED_EDGE ( 'NONE', *, *, #3273, .T. ) ;
#2866 = ORIENTED_EDGE ( 'NONE', *, *, #1658, .F. ) ;
#2867 = DIRECTION ( 'NONE',  ( -0.0000000000000000000, -0.0000000000000000000, -1.000000000000000000 ) ) ;
#2868 =( NAMED_UNIT ( * ) SI_UNIT ( $, .STERADIAN. ) SOLID_ANGLE_UNIT ( ) );
#2869 = SURFACE_SIDE_STYLE ('',( #1132 ) ) ;
#2870 = FACE_OUTER_BOUND ( 'NONE', #4928, .T. ) ;
#2871 = UNCERTAINTY_MEASURE_WITH_UNIT (LENGTH_MEASURE( 1.000000000000000082E-05 ), #3529, 'distance_accuracy_value', 'NONE');
#2872 = CARTESIAN_POINT ( 'NONE',  ( -1.100000000000019629, 0.8249999999999990674, 0.2000000000000000111 ) ) ;
#2873 = AXIS2_PLACEMENT_3D ( 'NONE', #679, #2410, #4178 ) ;
#2874 = DIRECTION ( 'NONE',  ( 0.7071067811865483499, 0.7071067811865467956, 0.0000000000000000000 ) ) ;
#2875 = CARTESIAN_POINT ( 'NONE',  ( -0.8749999999999995559, -1.500999999999999890, 0.0000000000000000000 ) ) ;
#2876 = UNCERTAINTY_MEASURE_WITH_UNIT (LENGTH_MEASURE( 1.000000000000000082E-05 ), #1453, 'distance_accuracy_value', 'NONE');
#2877 = ORIENTED_EDGE ( 'NONE', *, *, #3677, .F. ) ;
#2878 = SURFACE_STYLE_USAGE ( .BOTH. , #4680 ) ;
#2879 = EDGE_CURVE ( 'NONE', #4559, #833, #2475, .T. ) ;
#2880 = CARTESIAN_POINT ( 'NONE',  ( 1.500000000000000666, -0.6249999999999944489, 0.9000000000000001332 ) ) ;
#2881 =( LENGTH_UNIT ( ) NAMED_UNIT ( * ) SI_UNIT ( .MILLI., .METRE. ) );
#2882 = EDGE_LOOP ( 'NONE', ( #3907, #429, #1587, #2598 ) ) ;
#2883 = PRESENTATION_LAYER_ASSIGNMENT (  '', '', ( #1687 ) ) ;
#2884 = ORIENTED_EDGE ( 'NONE', *, *, #4299, .F. ) ;
#2885 = CARTESIAN_POINT ( 'NONE',  ( -1.099999999999998535, -0.3750000000000037748, 0.0000000000000000000 ) ) ;
#2886 = PLANE ( 'NONE',  #4009 ) ;
#2887 = AXIS2_PLACEMENT_3D ( 'NONE', #3020, #783, #1715 ) ;
#2888 = SURFACE_STYLE_USAGE ( .BOTH. , #4634 ) ;
#2889 = ORIENTED_EDGE ( 'NONE', *, *, #1059, .T. ) ;
#2890 = VERTEX_POINT ( 'NONE', #1204 ) ;
#2891 = ORIENTED_EDGE ( 'NONE', *, *, #853, .F. ) ;
#2892 = PRESENTATION_LAYER_ASSIGNMENT (  '', '', ( #3189 ) ) ;
#2893 = STYLED_ITEM ( 'NONE', ( #509 ), #1989 ) ;
#2894 =( LENGTH_UNIT ( ) NAMED_UNIT ( * ) SI_UNIT ( .MILLI., .METRE. ) );
#2895 = EDGE_CURVE ( 'NONE', #1119, #2263, #4706, .T. ) ;
#2896 = FILL_AREA_STYLE ('',( #4198 ) ) ;
#2897 = DIRECTION ( 'NONE',  ( 1.000000000000000000, 0.0000000000000000000, -0.0000000000000000000 ) ) ;
#2898 = DIRECTION ( 'NONE',  ( -2.891205793294678326E-16, 1.000000000000000000, 0.0000000000000000000 ) ) ;
#2899 = VECTOR ( 'NONE', #1633, 1000.000000000000000 ) ;
#2900 = PRESENTATION_LAYER_ASSIGNMENT (  '', '', ( #5513 ) ) ;
#2901 = EDGE_CURVE ( 'NONE', #2577, #4709, #4999, .T. ) ;
#2902 = DIRECTION ( 'NONE',  ( 0.7071067811865483499, -0.7071067811865467956, 0.0000000000000000000 ) ) ;
#2903 = COLOUR_RGB ( '',1.000000000000000000, 1.000000000000000000, 1.000000000000000000 ) ;
#2904 = DIRECTION ( 'NONE',  ( -0.0000000000000000000, -0.0000000000000000000, -1.000000000000000000 ) ) ;
#2905 =( GEOMETRIC_REPRESENTATION_CONTEXT ( 3 ) GLOBAL_UNCERTAINTY_ASSIGNED_CONTEXT ( ( #4154 ) ) GLOBAL_UNIT_ASSIGNED_CONTEXT ( ( #3287, #4479, #79 ) ) REPRESENTATION_CONTEXT ( 'NONE', 'WORKASPACE' ) );
#2906 = DIRECTION ( 'NONE',  ( -0.0000000000000000000, -0.0000000000000000000, -1.000000000000000000 ) ) ;
#2907 = LINE ( 'NONE', #2048, #5358 ) ;
#2908 = DIRECTION ( 'NONE',  ( -1.000000000000000000, 0.0000000000000000000, 0.0000000000000000000 ) ) ;
#2909 = AXIS2_PLACEMENT_3D ( 'NONE', #4322, #4701, #1255 ) ;
#2910 = VERTEX_POINT ( 'NONE', #2418 ) ;
#2911 = FILL_AREA_STYLE ('',( #5534 ) ) ;
#2912 = FACE_OUTER_BOUND ( 'NONE', #609, .T. ) ;
#2913 = DIRECTION ( 'NONE',  ( 0.0000000000000000000, 1.000000000000000000, 0.0000000000000000000 ) ) ;
#2914 = SURFACE_STYLE_USAGE ( .BOTH. , #1611 ) ;
#2915 = COLOUR_RGB ( '',1.000000000000000000, 1.000000000000000000, 1.000000000000000000 ) ;
#2916 = FILL_AREA_STYLE ('',( #5422 ) ) ;
#2917 = CARTESIAN_POINT ( 'NONE',  ( -1.499999999999999112, -0.9000000000000000222, 0.02000000000000000042 ) ) ;
#2918 = EDGE_CURVE ( 'NONE', #1793, #4460, #208, .T. ) ;
#2919 = EDGE_LOOP ( 'NONE', ( #4845, #3073, #3527, #4481 ) ) ;
#2920 = AXIS2_PLACEMENT_3D ( 'NONE', #1722, #4686, #1117 ) ;
#2921 = DIRECTION ( 'NONE',  ( 0.7071067811865505703, 0.7071067811865444641, 0.0000000000000000000 ) ) ;
#2922 = ORIENTED_EDGE ( 'NONE', *, *, #4610, .T. ) ;
#2923 = ORIENTED_EDGE ( 'NONE', *, *, #3759, .F. ) ;
#2924 = VECTOR ( 'NONE', #1981, 1000.000000000000000 ) ;
#2925 = SURFACE_SIDE_STYLE ('',( #332 ) ) ;
#2926 = SURFACE_STYLE_FILL_AREA ( #1653 ) ;
#2927 = PRESENTATION_LAYER_ASSIGNMENT (  '', '', ( #5543 ) ) ;
#2928 = EDGE_CURVE ( 'NONE', #1188, #387, #375, .T. ) ;
#2929 = VECTOR ( 'NONE', #1485, 1000.000000000000000 ) ;
#2930 = DIRECTION ( 'NONE',  ( -0.0000000000000000000, -0.0000000000000000000, -1.000000000000000000 ) ) ;
#2931 = LINE ( 'NONE', #4673, #2329 ) ;
#2932 = LINE ( 'NONE', #4348, #245 ) ;
#2933 = CARTESIAN_POINT ( 'NONE',  ( 1.501000000000002332, -0.6249999999999944489, 0.2000000000000000111 ) ) ;
#2934 = EDGE_CURVE ( 'NONE', #3634, #3571, #5625, .T. ) ;
#2935 =( GEOMETRIC_REPRESENTATION_CONTEXT ( 3 ) GLOBAL_UNCERTAINTY_ASSIGNED_CONTEXT ( ( #1654 ) ) GLOBAL_UNIT_ASSIGNED_CONTEXT ( ( #4813, #904, #4116 ) ) REPRESENTATION_CONTEXT ( 'NONE', 'WORKASPACE' ) );
#2936 = ORIENTED_EDGE ( 'NONE', *, *, #1174, .T. ) ;
#2937 =( NAMED_UNIT ( * ) SI_UNIT ( $, .STERADIAN. ) SOLID_ANGLE_UNIT ( ) );
#2938 = SURFACE_STYLE_FILL_AREA ( #3792 ) ;
#2939 = LINE ( 'NONE', #4268, #957 ) ;
#2940 = STYLED_ITEM ( 'NONE', ( #3132 ), #29 ) ;
#2941 = LINE ( 'NONE', #5141, #2508 ) ;
#2942 =( LENGTH_UNIT ( ) NAMED_UNIT ( * ) SI_UNIT ( .MILLI., .METRE. ) );
#2943 = CARTESIAN_POINT ( 'NONE',  ( -0.9000000000000000222, 0.9000000000000000222, 0.2000000000000000111 ) ) ;
#2944 = MECHANICAL_DESIGN_GEOMETRIC_PRESENTATION_REPRESENTATION (  '', ( #2216 ), #5194 ) ;
#2945 = VERTEX_POINT ( 'NONE', #5242 ) ;
#2946 = ORIENTED_EDGE ( 'NONE', *, *, #1364, .F. ) ;
#2947 = AXIS2_PLACEMENT_3D ( 'NONE', #4424, #59, #994 ) ;
#2948 = CARTESIAN_POINT ( 'NONE',  ( 0.1249999999999998890, -1.500999999999999890, 0.0000000000000000000 ) ) ;
#2949 = VERTEX_POINT ( 'NONE', #3957 ) ;
#2950 = EDGE_LOOP ( 'NONE', ( #4162, #563, #1304, #5393, #3444, #1045, #1693, #4690, #2002, #4624, #4530, #3828, #845, #1127, #5554, #5216, #1555, #3584, #3602, #4637 ) ) ;
#2951 = AXIS2_PLACEMENT_3D ( 'NONE', #2271, #459, #5319 ) ;
#2952 = VERTEX_POINT ( 'NONE', #2666 ) ;
#2953 = CARTESIAN_POINT ( 'NONE',  ( -0.8749999999999995559, -1.500000000000000000, 0.02000000000000005246 ) ) ;
#2954 = FILL_AREA_STYLE ('',( #1504 ) ) ;
#2955 = CARTESIAN_POINT ( 'NONE',  ( 1.500000000000000444, 1.500000000000000000, 0.1999999999999999833 ) ) ;
#2956 = EDGE_CURVE ( 'NONE', #962, #5190, #3499, .T. ) ;
#2957 = LINE ( 'NONE', #335, #2130 ) ;
#2958 = DIRECTION ( 'NONE',  ( 8.673617379884027583E-15, 1.000000000000000000, 0.0000000000000000000 ) ) ;
#2959 = DIRECTION ( 'NONE',  ( -0.7071067811865505703, -0.7071067811865444641, -0.0000000000000000000 ) ) ;
#2960 = PLANE ( 'NONE',  #2411 ) ;
#2961 = EDGE_CURVE ( 'NONE', #3858, #3571, #3927, .T. ) ;
#2962 = SURFACE_STYLE_USAGE ( .BOTH. , #5590 ) ;
#2963 = ORIENTED_EDGE ( 'NONE', *, *, #4106, .T. ) ;
#2964 = LINE ( 'NONE', #4734, #5158 ) ;
#2965 = CARTESIAN_POINT ( 'NONE',  ( 0.8750000000000005551, -1.500999999999999890, 0.2000000000000000111 ) ) ;
#2966 = SURFACE_STYLE_USAGE ( .BOTH. , #3393 ) ;
#2967 = EDGE_CURVE ( 'NONE', #4222, #1586, #2581, .T. ) ;
#2968 = SURFACE_SIDE_STYLE ('',( #3530 ) ) ;
#2969 = PRESENTATION_STYLE_ASSIGNMENT (( #887 ) ) ;
#2970 = ORIENTED_EDGE ( 'NONE', *, *, #1816, .F. ) ;
#2971 = VERTEX_POINT ( 'NONE', #4354 ) ;
#2972 = VECTOR ( 'NONE', #2152, 1000.000000000000000 ) ;
#2973 = EDGE_CURVE ( 'NONE', #4586, #5097, #824, .T. ) ;
#2974 = CARTESIAN_POINT ( 'NONE',  ( 0.3749999999999994449, 1.500999999999999890, 0.2000000000000000111 ) ) ;
#2975 =( LENGTH_UNIT ( ) NAMED_UNIT ( * ) SI_UNIT ( .MILLI., .METRE. ) );
#2976 = PRESENTATION_LAYER_ASSIGNMENT (  '', '', ( #571 ) ) ;
#2977 = VERTEX_POINT ( 'NONE', #3897 ) ;
#2978 = ORIENTED_EDGE ( 'NONE', *, *, #1299, .F. ) ;
#2979 = ORIENTED_EDGE ( 'NONE', *, *, #3033, .T. ) ;
#2980 = CARTESIAN_POINT ( 'NONE',  ( -1.100000000000000311, 0.1249999999999962114, 0.0000000000000000000 ) ) ;
#2981 =( GEOMETRIC_REPRESENTATION_CONTEXT ( 3 ) GLOBAL_UNCERTAINTY_ASSIGNED_CONTEXT ( ( #3186 ) ) GLOBAL_UNIT_ASSIGNED_CONTEXT ( ( #4456, #4961, #3579 ) ) REPRESENTATION_CONTEXT ( 'NONE', 'WORKASPACE' ) );
#2982 = LINE ( 'NONE', #1681, #3427 ) ;
#2983 = DIRECTION ( 'NONE',  ( 0.0000000000000000000, -1.000000000000000000, 0.0000000000000000000 ) ) ;
#2984 = CARTESIAN_POINT ( 'NONE',  ( 0.8999999999999994671, -0.9000000000000000222, 0.02000000000000000042 ) ) ;
#2985 = UNCERTAINTY_MEASURE_WITH_UNIT (LENGTH_MEASURE( 1.000000000000000082E-05 ), #3692, 'distance_accuracy_value', 'NONE');
#2986 = PRESENTATION_STYLE_ASSIGNMENT (( #872 ) ) ;
#2987 = UNCERTAINTY_MEASURE_WITH_UNIT (LENGTH_MEASURE( 1.000000000000000082E-05 ), #1363, 'distance_accuracy_value', 'NONE');
#2988 = MECHANICAL_DESIGN_GEOMETRIC_PRESENTATION_REPRESENTATION (  '', ( #681 ), #5055 ) ;
#2989 = PRODUCT_DEFINITION ( 'UNKNOWN', '', #3703, #3449 ) ;
#2990 = SURFACE_SIDE_STYLE ('',( #1224 ) ) ;
#2991 = CARTESIAN_POINT ( 'NONE',  ( 0.8249999999999991784, 1.099999999999999867, 0.2000000000000000111 ) ) ;
#2992 = SURFACE_SIDE_STYLE ('',( #5188 ) ) ;
#2993 = AXIS2_PLACEMENT_3D ( 'NONE', #2965, #4216, #1116 ) ;
#2994 = VECTOR ( 'NONE', #5456, 1000.000000000000000 ) ;
#2995 = UNCERTAINTY_MEASURE_WITH_UNIT (LENGTH_MEASURE( 1.000000000000000082E-05 ), #3332, 'distance_accuracy_value', 'NONE');
#2996 = ADVANCED_FACE ( 'NONE', ( #3556 ), #410, .F. ) ;
#2997 = VERTEX_POINT ( 'NONE', #4820 ) ;
#2998 = COLOUR_RGB ( '',1.000000000000000000, 1.000000000000000000, 1.000000000000000000 ) ;
#2999 = COLOUR_RGB ( '',1.000000000000000000, 1.000000000000000000, 1.000000000000000000 ) ;
#3000 = CARTESIAN_POINT ( 'NONE',  ( -1.499999999999999112, -1.500000000000000000, 0.02000000000000000042 ) ) ;
#3001 = DIRECTION ( 'NONE',  ( -0.7071067811865483499, 0.7071067811865467956, -0.0000000000000000000 ) ) ;
#3002 = SURFACE_STYLE_FILL_AREA ( #469 ) ;
#3003 = CARTESIAN_POINT ( 'NONE',  ( 1.099999999999997646, 0.6250000000000031086, 0.2000000000000000111 ) ) ;
#3004 = LINE ( 'NONE', #4270, #18 ) ;
#3005 = CARTESIAN_POINT ( 'NONE',  ( -0.6249999999999992228, 1.500000000000000000, 0.02000000000000005246 ) ) ;
#3006 = MECHANICAL_DESIGN_GEOMETRIC_PRESENTATION_REPRESENTATION (  '', ( #4467 ), #118 ) ;
#3007 = AXIS2_PLACEMENT_3D ( 'NONE', #3684, #573, #4931 ) ;
#3008 = EDGE_CURVE ( 'NONE', #4460, #4363, #2110, .T. ) ;
#3009 = ORIENTED_EDGE ( 'NONE', *, *, #1833, .T. ) ;
#3010 = VECTOR ( 'NONE', #144, 1000.000000000000000 ) ;
#3011 = FILL_AREA_STYLE_COLOUR ( '', #5442 ) ;
#3012 =( NAMED_UNIT ( * ) SI_UNIT ( $, .STERADIAN. ) SOLID_ANGLE_UNIT ( ) );
#3013 = VECTOR ( 'NONE', #1920, 1000.000000000000000 ) ;
#3014 = EDGE_CURVE ( 'NONE', #1718, #5097, #2637, .T. ) ;
#3015 = VERTEX_POINT ( 'NONE', #4763 ) ;
#3016 = ORIENTED_EDGE ( 'NONE', *, *, #4808, .T. ) ;
#3017 = EDGE_LOOP ( 'NONE', ( #3310, #668, #3856, #2866, #2509, #5637 ) ) ;
#3018 = MECHANICAL_DESIGN_GEOMETRIC_PRESENTATION_REPRESENTATION (  '', ( #4119 ), #4991 ) ;
#3019 = DIRECTION ( 'NONE',  ( -1.000000000000000000, -0.0000000000000000000, -0.0000000000000000000 ) ) ;
#3020 = CARTESIAN_POINT ( 'NONE',  ( 1.000000000000000000, 1.000000000000000000, 0.8500000000000000888 ) ) ;
#3021 = CARTESIAN_POINT ( 'NONE',  ( -1.500000000000000000, 1.500000000000000000, 0.1999999999999999833 ) ) ;
#3022 = ADVANCED_FACE ( 'NONE', ( #2197 ), #4406, .F. ) ;
#3023 = ORIENTED_EDGE ( 'NONE', *, *, #483, .F. ) ;
#3024 = FILL_AREA_STYLE ('',( #848 ) ) ;
#3025 = DIRECTION ( 'NONE',  ( 1.000000000000000000, 0.0000000000000000000, -0.0000000000000000000 ) ) ;
#3026 = STYLED_ITEM ( 'NONE', ( #704 ), #4617 ) ;
#3027 = CARTESIAN_POINT ( 'NONE',  ( 0.6249999999999995559, -1.500999999999999890, 0.0000000000000000000 ) ) ;
#3028 = VERTEX_POINT ( 'NONE', #3617 ) ;
#3029 = DIRECTION ( 'NONE',  ( -1.000000000000000000, 1.544447539153141380E-15, 0.0000000000000000000 ) ) ;
#3030 =( LENGTH_UNIT ( ) NAMED_UNIT ( * ) SI_UNIT ( .MILLI., .METRE. ) );
#3031 = CARTESIAN_POINT ( 'NONE',  ( -0.8749999999999995559, -1.500999999999999890, 0.2000000000000000111 ) ) ;
#3032 = DIRECTION ( 'NONE',  ( 1.000000000000000000, 4.325993705677820091E-15, 0.0000000000000000000 ) ) ;
#3033 = EDGE_CURVE ( 'NONE', #4013, #1817, #1400, .T. ) ;
#3034 = STYLED_ITEM ( 'NONE', ( #349 ), #4943 ) ;
#3035 = ORIENTED_EDGE ( 'NONE', *, *, #846, .F. ) ;
#3036 = DIRECTION ( 'NONE',  ( 3.469446951953616950E-15, -1.000000000000000000, -0.0000000000000000000 ) ) ;
#3037 = CARTESIAN_POINT ( 'NONE',  ( 0.8249999999999991784, 1.099999999999999867, 0.0000000000000000000 ) ) ;
#3038 = ADVANCED_FACE ( 'NONE', ( #587 ), #1025, .F. ) ;
#3039 = EDGE_CURVE ( 'NONE', #4631, #2292, #4090, .T. ) ;
#3040 =( NAMED_UNIT ( * ) PLANE_ANGLE_UNIT ( ) SI_UNIT ( $, .RADIAN. ) );
#3041 = STYLED_ITEM ( 'NONE', ( #2023 ), #165 ) ;
#3042 = DIRECTION ( 'NONE',  ( 2.780005570475651171E-15, -1.000000000000000000, 0.0000000000000000000 ) ) ;
#3043 = ORIENTED_EDGE ( 'NONE', *, *, #4988, .T. ) ;
#3044 = EDGE_LOOP ( 'NONE', ( #3971, #1960, #4441, #5250, #1911, #1111 ) ) ;
#3045 = ORIENTED_EDGE ( 'NONE', *, *, #1447, .T. ) ;
#3046 = CARTESIAN_POINT ( 'NONE',  ( -1.099999999999992539, -0.6250000000000057732, 0.02000000000000000042 ) ) ;
#3047 =( NAMED_UNIT ( * ) SI_UNIT ( $, .STERADIAN. ) SOLID_ANGLE_UNIT ( ) );
#3048 = EDGE_CURVE ( 'NONE', #2952, #1298, #2700, .T. ) ;
#3049 = LINE ( 'NONE', #2542, #577 ) ;
#3050 = CARTESIAN_POINT ( 'NONE',  ( -0.1249999999999998890, 1.500999999999999890, 0.2000000000000000111 ) ) ;
#3051 = UNCERTAINTY_MEASURE_WITH_UNIT (LENGTH_MEASURE( 1.000000000000000082E-05 ), #5189, 'distance_accuracy_value', 'NONE');
#3052 = CARTESIAN_POINT ( 'NONE',  ( -1.500999999999999224, -0.1250000000000057454, 0.2000000000000000111 ) ) ;
#3053 = STYLED_ITEM ( 'NONE', ( #932 ), #533 ) ;
#3054 = VERTEX_POINT ( 'NONE', #5356 ) ;
#3055 = LINE ( 'NONE', #761, #3150 ) ;
#3056 = SURFACE_STYLE_USAGE ( .BOTH. , #2549 ) ;
#3057 = CARTESIAN_POINT ( 'NONE',  ( 1.100000000000001865, -0.6249999999999962252, 0.0000000000000000000 ) ) ;
#3058 = ADVANCED_FACE ( 'NONE', ( #3243 ), #141, .F. ) ;
#3059 = CIRCLE ( 'NONE', #5473, 0.2000000000000003164 ) ;
#3060 = CARTESIAN_POINT ( 'NONE',  ( 0.1249999999999996808, -1.500000000000000000, 0.02000000000000000042 ) ) ;
#3061 = ORIENTED_EDGE ( 'NONE', *, *, #1244, .F. ) ;
#3062 =( LENGTH_UNIT ( ) NAMED_UNIT ( * ) SI_UNIT ( .MILLI., .METRE. ) );
#3063 = DIRECTION ( 'NONE',  ( 1.000000000000000000, 0.0000000000000000000, 0.0000000000000000000 ) ) ;
#3064 = CARTESIAN_POINT ( 'NONE',  ( 0.8750000000000005551, -1.500999999999999890, 0.0000000000000000000 ) ) ;
#3065 =( NAMED_UNIT ( * ) PLANE_ANGLE_UNIT ( ) SI_UNIT ( $, .RADIAN. ) );
#3066 = DIRECTION ( 'NONE',  ( 1.000000000000000000, 3.244495279258365266E-15, 0.0000000000000000000 ) ) ;
#3067 = ORIENTED_EDGE ( 'NONE', *, *, #946, .F. ) ;
#3068 = EDGE_CURVE ( 'NONE', #909, #3705, #1539, .T. ) ;
#3069 = LINE ( 'NONE', #2203, #5364 ) ;
#3070 = VECTOR ( 'NONE', #2783, 1000.000000000000000 ) ;
#3071 = CARTESIAN_POINT ( 'NONE',  ( 0.5999999999999998668, 0.9000000000000000222, 0.0000000000000000000 ) ) ;
#3072 = CARTESIAN_POINT ( 'NONE',  ( 1.150000000000002354, -0.8749999999999956701, 0.2000000000000000111 ) ) ;
#3073 = ORIENTED_EDGE ( 'NONE', *, *, #2278, .T. ) ;
#3074 = VECTOR ( 'NONE', #4777, 1000.000000000000000 ) ;
#3075 = ORIENTED_EDGE ( 'NONE', *, *, #4175, .F. ) ;
#3076 = EDGE_LOOP ( 'NONE', ( #1220, #3906, #2590, #4227, #593 ) ) ;
#3077 = SURFACE_SIDE_STYLE ('',( #1294 ) ) ;
#3078 = PLANE ( 'NONE',  #4725 ) ;
#3079 = PRESENTATION_STYLE_ASSIGNMENT (( #1296 ) ) ;
#3080 = PRESENTATION_LAYER_ASSIGNMENT (  '', '', ( #3999 ) ) ;
#3081 =( NAMED_UNIT ( * ) SI_UNIT ( $, .STERADIAN. ) SOLID_ANGLE_UNIT ( ) );
#3082 = ORIENTED_EDGE ( 'NONE', *, *, #55, .F. ) ;
#3083 = VECTOR ( 'NONE', #5383, 1000.000000000000000 ) ;
#3084 =( NAMED_UNIT ( * ) SI_UNIT ( $, .STERADIAN. ) SOLID_ANGLE_UNIT ( ) );
#3085 =( NAMED_UNIT ( * ) PLANE_ANGLE_UNIT ( ) SI_UNIT ( $, .RADIAN. ) );
#3086 = VECTOR ( 'NONE', #307, 1000.000000000000000 ) ;
#3087 = EDGE_CURVE ( 'NONE', #2833, #5359, #5020, .T. ) ;
#3088 = ORIENTED_EDGE ( 'NONE', *, *, #3975, .F. ) ;
#3089 =( NAMED_UNIT ( * ) SI_UNIT ( $, .STERADIAN. ) SOLID_ANGLE_UNIT ( ) );
#3090 = VECTOR ( 'NONE', #2913, 1000.000000000000000 ) ;
#3091 = PRESENTATION_STYLE_ASSIGNMENT (( #2140 ) ) ;
#3092 = STYLED_ITEM ( 'NONE', ( #5027 ), #2167 ) ;
#3093 = PRESENTATION_STYLE_ASSIGNMENT (( #3958 ) ) ;
#3094 = LINE ( 'NONE', #2334, #1181 ) ;
#3095 = DIRECTION ( 'NONE',  ( 0.0000000000000000000, -0.0000000000000000000, -1.000000000000000000 ) ) ;
#3096 = VECTOR ( 'NONE', #347, 1000.000000000000000 ) ;
#3097 = VERTEX_POINT ( 'NONE', #2015 ) ;
#3098 = DIRECTION ( 'NONE',  ( 0.0000000000000000000, -0.0000000000000000000, 1.000000000000000000 ) ) ;
#3099 = STYLED_ITEM ( 'NONE', ( #2969 ), #3366 ) ;
#3100 = VECTOR ( 'NONE', #3386, 1000.000000000000000 ) ;
#3101 = CARTESIAN_POINT ( 'NONE',  ( 1.500000000000000666, -0.6249999999999944489, 0.1999999999999999833 ) ) ;
#3102 =( LENGTH_UNIT ( ) NAMED_UNIT ( * ) SI_UNIT ( .MILLI., .METRE. ) );
#3103 =( GEOMETRIC_REPRESENTATION_CONTEXT ( 3 ) GLOBAL_UNCERTAINTY_ASSIGNED_CONTEXT ( ( #5296 ) ) GLOBAL_UNIT_ASSIGNED_CONTEXT ( ( #1691, #3085, #4815 ) ) REPRESENTATION_CONTEXT ( 'NONE', 'WORKASPACE' ) );
#3104 = VERTEX_POINT ( 'NONE', #620 ) ;
#3105 = ORIENTED_EDGE ( 'NONE', *, *, #1860, .F. ) ;
#3106 = ORIENTED_EDGE ( 'NONE', *, *, #3890, .F. ) ;
#3107 =( NAMED_UNIT ( * ) SI_UNIT ( $, .STERADIAN. ) SOLID_ANGLE_UNIT ( ) );
#3108 = LINE ( 'NONE', #5671, #2264 ) ;
#3109 = SURFACE_SIDE_STYLE ('',( #3423 ) ) ;
#3110 =( LENGTH_UNIT ( ) NAMED_UNIT ( * ) SI_UNIT ( .MILLI., .METRE. ) );
#3111 = EDGE_CURVE ( 'NONE', #808, #1188, #1570, .T. ) ;
#3112 = DIRECTION ( 'NONE',  ( 1.000000000000000000, 0.0000000000000000000, 0.0000000000000000000 ) ) ;
#3113 = ORIENTED_EDGE ( 'NONE', *, *, #4554, .T. ) ;
#3114 = PLANE ( 'NONE',  #2951 ) ;
#3115 = SURFACE_STYLE_FILL_AREA ( #2355 ) ;
#3116 = CARTESIAN_POINT ( 'NONE',  ( -1.499999999999999556, -0.1250000000000057454, 0.2000000000000000111 ) ) ;
#3117 = CARTESIAN_POINT ( 'NONE',  ( -0.8749999999999991118, 1.500999999999999890, 0.2000000000000000111 ) ) ;
#3118 = CARTESIAN_POINT ( 'NONE',  ( 0.3750000000000003331, -1.499999999999999556, 0.02000000000000000042 ) ) ;
#3119 = EDGE_CURVE ( 'NONE', #3884, #2655, #5497, .T. ) ;
#3120 = CARTESIAN_POINT ( 'NONE',  ( -1.149999999999996803, -0.8750000000000038858, 0.2000000000000000111 ) ) ;
#3121 = MECHANICAL_DESIGN_GEOMETRIC_PRESENTATION_REPRESENTATION (  '', ( #4488 ), #136 ) ;
#3122 = UNCERTAINTY_MEASURE_WITH_UNIT (LENGTH_MEASURE( 1.000000000000000082E-05 ), #2600, 'distance_accuracy_value', 'NONE');
#3123 = ORIENTED_EDGE ( 'NONE', *, *, #4963, .F. ) ;
#3124 = SURFACE_SIDE_STYLE ('',( #1399 ) ) ;
#3125 = SURFACE_STYLE_FILL_AREA ( #4039 ) ;
#3126 = VECTOR ( 'NONE', #3780, 1000.000000000000000 ) ;
#3127 = CARTESIAN_POINT ( 'NONE',  ( 0.1249999999999998890, -1.500999999999999890, 0.0000000000000000000 ) ) ;
#3128 = LINE ( 'NONE', #2668, #64 ) ;
#3129 = LINE ( 'NONE', #2670, #1249 ) ;
#3130 = EDGE_CURVE ( 'NONE', #875, #4826, #3372, .T. ) ;
#3131 = EDGE_LOOP ( 'NONE', ( #728, #3249, #508, #1831 ) ) ;
#3132 = PRESENTATION_STYLE_ASSIGNMENT (( #2584 ) ) ;
#3133 = FACE_OUTER_BOUND ( 'NONE', #4078, .T. ) ;
#3134 = FACE_OUTER_BOUND ( 'NONE', #806, .T. ) ;
#3135 = FILL_AREA_STYLE_COLOUR ( '', #1348 ) ;
#3136 =( GEOMETRIC_REPRESENTATION_CONTEXT ( 3 ) GLOBAL_UNCERTAINTY_ASSIGNED_CONTEXT ( ( #2985 ) ) GLOBAL_UNIT_ASSIGNED_CONTEXT ( ( #3692, #3778, #2384 ) ) REPRESENTATION_CONTEXT ( 'NONE', 'WORKASPACE' ) );
#3137 = ORIENTED_EDGE ( 'NONE', *, *, #3227, .F. ) ;
#3138 = ORIENTED_EDGE ( 'NONE', *, *, #525, .T. ) ;
#3139 = ORIENTED_EDGE ( 'NONE', *, *, #3618, .F. ) ;
#3140 = FACE_OUTER_BOUND ( 'NONE', #1581, .T. ) ;
#3141 = CARTESIAN_POINT ( 'NONE',  ( 0.1249999999999997918, 1.099999999999999867, 0.2000000000000000111 ) ) ;
#3142 = CARTESIAN_POINT ( 'NONE',  ( 1.000000000000000000, 1.000000000000000000, 0.9000000000000001332 ) ) ;
#3143 = ORIENTED_EDGE ( 'NONE', *, *, #2739, .T. ) ;
#3144 = MECHANICAL_DESIGN_GEOMETRIC_PRESENTATION_REPRESENTATION (  '', ( #2656 ), #4597 ) ;
#3145 = EDGE_CURVE ( 'NONE', #2910, #5661, #1136, .T. ) ;
#3146 = CARTESIAN_POINT ( 'NONE',  ( -1.500000000000000000, 1.500000000000000000, 0.02000000000000000042 ) ) ;
#3147 =( LENGTH_UNIT ( ) NAMED_UNIT ( * ) SI_UNIT ( .MILLI., .METRE. ) );
#3148 = LINE ( 'NONE', #86, #1591 ) ;
#3149 = CARTESIAN_POINT ( 'NONE',  ( -0.6249999999999992228, 1.500000000000000000, 0.2000000000000000111 ) ) ;
#3150 = VECTOR ( 'NONE', #3489, 1000.000000000000000 ) ;
#3151 = CARTESIAN_POINT ( 'NONE',  ( 1.501000000000003443, -0.8749999999999941158, 0.2000000000000000111 ) ) ;
#3152 = ORIENTED_EDGE ( 'NONE', *, *, #5514, .F. ) ;
#3153 = MECHANICAL_DESIGN_GEOMETRIC_PRESENTATION_REPRESENTATION (  '', ( #2572 ), #3614 ) ;
#3154 = EDGE_CURVE ( 'NONE', #3716, #3858, #2468, .T. ) ;
#3155 = PRESENTATION_LAYER_ASSIGNMENT (  '', '', ( #1109 ) ) ;
#3156 =( LENGTH_UNIT ( ) NAMED_UNIT ( * ) SI_UNIT ( .MILLI., .METRE. ) );
#3157 = FILL_AREA_STYLE ('',( #69 ) ) ;
#3158 = DIRECTION ( 'NONE',  ( 1.000000000000000000, 0.0000000000000000000, 0.0000000000000000000 ) ) ;
#3159 = ORIENTED_EDGE ( 'NONE', *, *, #2671, .F. ) ;
#3160 = EDGE_CURVE ( 'NONE', #4390, #2207, #1513, .T. ) ;
#3161 = CARTESIAN_POINT ( 'NONE',  ( -0.3749999999999995559, 1.500999999999999890, 0.2000000000000000111 ) ) ;
#3162 = DIRECTION ( 'NONE',  ( 0.0000000000000000000, -0.0000000000000000000, 1.000000000000000000 ) ) ;
#3163 = CARTESIAN_POINT ( 'NONE',  ( -1.499999999999999112, 0.6249999999999987788, 0.02000000000000000042 ) ) ;
#3164 = ORIENTED_EDGE ( 'NONE', *, *, #3119, .T. ) ;
#3165 = EDGE_CURVE ( 'NONE', #3992, #4795, #280, .T. ) ;
#3166 = EDGE_LOOP ( 'NONE', ( #775, #2063, #5033, #4344, #3061 ) ) ;
#3167 = CARTESIAN_POINT ( 'NONE',  ( 1.501000000000001444, -0.3749999999999946709, 0.2000000000000000111 ) ) ;
#3168 = COLOUR_RGB ( '',1.000000000000000000, 1.000000000000000000, 1.000000000000000000 ) ;
#3169 = DIRECTION ( 'NONE',  ( -0.0000000000000000000, -0.0000000000000000000, 1.000000000000000000 ) ) ;
#3170 = DIRECTION ( 'NONE',  ( 0.0000000000000000000, -0.0000000000000000000, 1.000000000000000000 ) ) ;
#3171 = DIRECTION ( 'NONE',  ( -1.000000000000000000, -3.469446951953617344E-15, 0.0000000000000000000 ) ) ;
#3172 = COLOUR_RGB ( '',1.000000000000000000, 1.000000000000000000, 1.000000000000000000 ) ;
#3173 = VERTEX_POINT ( 'NONE', #4992 ) ;
#3174 = ORIENTED_EDGE ( 'NONE', *, *, #2678, .F. ) ;
#3175 = FILL_AREA_STYLE_COLOUR ( '', #5307 ) ;
#3176 = VECTOR ( 'NONE', #2452, 1000.000000000000000 ) ;
#3177 = FILL_AREA_STYLE ('',( #4515 ) ) ;
#3178 = FACE_OUTER_BOUND ( 'NONE', #5474, .T. ) ;
#3179 = UNCERTAINTY_MEASURE_WITH_UNIT (LENGTH_MEASURE( 1.000000000000000082E-05 ), #4342, 'distance_accuracy_value', 'NONE');
#3180 = CARTESIAN_POINT ( 'NONE',  ( -0.1250000000000001110, -1.500000000000000444, 0.02000000000000000042 ) ) ;
#3181 = VECTOR ( 'NONE', #1752, 1000.000000000000000 ) ;
#3182 = DIRECTION ( 'NONE',  ( -2.703746066048639529E-16, -1.000000000000000000, 0.0000000000000000000 ) ) ;
#3183 = DIRECTION ( 'NONE',  ( 1.000000000000000000, 4.325993705677820091E-15, -0.0000000000000000000 ) ) ;
#3184 =( NAMED_UNIT ( * ) SI_UNIT ( $, .STERADIAN. ) SOLID_ANGLE_UNIT ( ) );
#3185 = PRESENTATION_LAYER_ASSIGNMENT (  '', '', ( #5601 ) ) ;
#3186 = UNCERTAINTY_MEASURE_WITH_UNIT (LENGTH_MEASURE( 1.000000000000000082E-05 ), #4456, 'distance_accuracy_value', 'NONE');
#3187 = EDGE_CURVE ( 'NONE', #654, #1901, #4177, .T. ) ;
#3188 = ORIENTED_EDGE ( 'NONE', *, *, #3845, .T. ) ;
#3189 = STYLED_ITEM ( 'NONE', ( #1491 ), #2820 ) ;
#3190 = DIRECTION ( 'NONE',  ( -2.703746066048639529E-16, -1.000000000000000000, 0.0000000000000000000 ) ) ;
#3191 = PRESENTATION_STYLE_ASSIGNMENT (( #4922 ) ) ;
#3192 = CARTESIAN_POINT ( 'NONE',  ( 1.200000000000000400, 1.000000000000000000, 0.9000000000000001332 ) ) ;
#3193 = DIRECTION ( 'NONE',  ( 0.0000000000000000000, -0.0000000000000000000, -1.000000000000000000 ) ) ;
#3194 = STYLED_ITEM ( 'NONE', ( #1370 ), #3058 ) ;
#3195 = DIRECTION ( 'NONE',  ( -1.000000000000000000, 0.0000000000000000000, -0.0000000000000000000 ) ) ;
#3196 =( GEOMETRIC_REPRESENTATION_CONTEXT ( 3 ) GLOBAL_UNCERTAINTY_ASSIGNED_CONTEXT ( ( #4095 ) ) GLOBAL_UNIT_ASSIGNED_CONTEXT ( ( #54, #3740, #1970 ) ) REPRESENTATION_CONTEXT ( 'NONE', 'WORKASPACE' ) );
#3197 = ADVANCED_FACE ( 'NONE', ( #2372 ), #3078, .F. ) ;
#3198 = ORIENTED_EDGE ( 'NONE', *, *, #2855, .F. ) ;
#3199 = PRESENTATION_LAYER_ASSIGNMENT (  '', '', ( #970 ) ) ;
#3200 = VECTOR ( 'NONE', #1229, 1000.000000000000000 ) ;
#3201 =( NAMED_UNIT ( * ) SI_UNIT ( $, .STERADIAN. ) SOLID_ANGLE_UNIT ( ) );
#3202 = CARTESIAN_POINT ( 'NONE',  ( 1.500000000000000444, 0.8750000000000025535, 0.9000000000000001332 ) ) ;
#3203 = EDGE_CURVE ( 'NONE', #1176, #4768, #3108, .T. ) ;
#3204 = FACE_OUTER_BOUND ( 'NONE', #3166, .T. ) ;
#3205 = VECTOR ( 'NONE', #2908, 1000.000000000000000 ) ;
#3206 = ORIENTED_EDGE ( 'NONE', *, *, #4518, .T. ) ;
#3207 = CARTESIAN_POINT ( 'NONE',  ( -0.6249999999999996669, -1.500999999999999890, 0.2000000000000000111 ) ) ;
#3208 = CARTESIAN_POINT ( 'NONE',  ( -0.8749999999999991118, 1.149999999999999689, 0.0000000000000000000 ) ) ;
#3209 = COLOUR_RGB ( '',1.000000000000000000, 1.000000000000000000, 1.000000000000000000 ) ;
#3210 = DIRECTION ( 'NONE',  ( 0.0000000000000000000, 1.000000000000000000, 0.0000000000000000000 ) ) ;
#3211 = CARTESIAN_POINT ( 'NONE',  ( 1.200000000000000400, 1.000000000000000000, 0.8500000000000000888 ) ) ;
#3212 = PLANE ( 'NONE',  #2182 ) ;
#3213 = FILL_AREA_STYLE ('',( #4066 ) ) ;
#3214 = DIRECTION ( 'NONE',  ( 1.000000000000000000, 4.336808689942026413E-15, -0.0000000000000000000 ) ) ;
#3215 = VECTOR ( 'NONE', #2728, 1000.000000000000000 ) ;
#3216 = ORIENTED_EDGE ( 'NONE', *, *, #2786, .F. ) ;
#3217 = SURFACE_SIDE_STYLE ('',( #4073 ) ) ;
#3218 = EDGE_CURVE ( 'NONE', #3571, #2864, #4128, .T. ) ;
#3219 = PLANE ( 'NONE',  #2993 ) ;
#3220 = CARTESIAN_POINT ( 'NONE',  ( 1.500000000000000888, -0.8749999999999941158, 0.2000000000000000111 ) ) ;
#3221 = VECTOR ( 'NONE', #1212, 1000.000000000000000 ) ;
#3222 = DIRECTION ( 'NONE',  ( -0.0000000000000000000, -0.0000000000000000000, -1.000000000000000000 ) ) ;
#3223 = ORIENTED_EDGE ( 'NONE', *, *, #2563, .T. ) ;
#3224 = EDGE_LOOP ( 'NONE', ( #3775, #3143, #3292, #1290, #274, #4747 ) ) ;
#3225 = AXIS2_PLACEMENT_3D ( 'NONE', #2535, #4770, #3042 ) ;
#3226 = SURFACE_SIDE_STYLE ('',( #1969 ) ) ;
#3227 = EDGE_CURVE ( 'NONE', #2949, #2552, #1358, .T. ) ;
#3228 = FILL_AREA_STYLE_COLOUR ( '', #4277 ) ;
#3229 = DIRECTION ( 'NONE',  ( -0.0000000000000000000, 0.0000000000000000000, 1.000000000000000000 ) ) ;
#3230 =( GEOMETRIC_REPRESENTATION_CONTEXT ( 3 ) GLOBAL_UNCERTAINTY_ASSIGNED_CONTEXT ( ( #255 ) ) GLOBAL_UNIT_ASSIGNED_CONTEXT ( ( #5596, #1698, #1640 ) ) REPRESENTATION_CONTEXT ( 'NONE', 'WORKASPACE' ) );
#3231 = DIRECTION ( 'NONE',  ( 2.703746066048639036E-16, 1.000000000000000000, 0.0000000000000000000 ) ) ;
#3232 = EDGE_CURVE ( 'NONE', #1543, #3852, #1492, .T. ) ;
#3233 = VECTOR ( 'NONE', #1546, 1000.000000000000000 ) ;
#3234 = DIRECTION ( 'NONE',  ( -1.000000000000000000, -4.325993705677824825E-15, 0.0000000000000000000 ) ) ;
#3235 = PRESENTATION_STYLE_ASSIGNMENT (( #1917 ) ) ;
#3236 = CARTESIAN_POINT ( 'NONE',  ( 0.8249999999999995115, -1.099999999999999867, 0.2000000000000000111 ) ) ;
#3237 =( LENGTH_UNIT ( ) NAMED_UNIT ( * ) SI_UNIT ( .MILLI., .METRE. ) );
#3238 = UNCERTAINTY_MEASURE_WITH_UNIT (LENGTH_MEASURE( 1.000000000000000082E-05 ), #4606, 'distance_accuracy_value', 'NONE');
#3239 = CARTESIAN_POINT ( 'NONE',  ( -0.3749999999999995559, 1.500999999999999890, 0.0000000000000000000 ) ) ;
#3240 = VECTOR ( 'NONE', #1868, 1000.000000000000000 ) ;
#3241 = EDGE_CURVE ( 'NONE', #2432, #5461, #454, .T. ) ;
#3242 = FACE_OUTER_BOUND ( 'NONE', #3285, .T. ) ;
#3243 = FACE_OUTER_BOUND ( 'NONE', #1708, .T. ) ;
#3244 = DIRECTION ( 'NONE',  ( 1.000000000000000000, 3.469446951953618528E-15, -0.0000000000000000000 ) ) ;
#3245 = AXIS2_PLACEMENT_3D ( 'NONE', #1886, #2324, #5260 ) ;
#3246 = PRESENTATION_STYLE_ASSIGNMENT (( #1897 ) ) ;
#3247 = SURFACE_SIDE_STYLE ('',( #1232 ) ) ;
#3248 = UNCERTAINTY_MEASURE_WITH_UNIT (LENGTH_MEASURE( 1.000000000000000082E-05 ), #1497, 'distance_accuracy_value', 'NONE');
#3249 = ORIENTED_EDGE ( 'NONE', *, *, #5032, .T. ) ;
#3250 = CARTESIAN_POINT ( 'NONE',  ( -1.500000000000000000, 1.500000000000000000, 0.02000000000000000042 ) ) ;
#3251 = CARTESIAN_POINT ( 'NONE',  ( 1.500999999999999668, 0.1250000000000053291, 0.2000000000000000111 ) ) ;
#3252 = SURFACE_SIDE_STYLE ('',( #5363 ) ) ;
#3253 = EDGE_LOOP ( 'NONE', ( #1968, #4854, #5577, #3416 ) ) ;
#3254 = EDGE_LOOP ( 'NONE', ( #2531, #3572, #807, #4920 ) ) ;
#3255 = PLANE ( 'NONE',  #3007 ) ;
#3256 = CARTESIAN_POINT ( 'NONE',  ( 0.8750000000000005551, -1.500999999999999890, 0.0000000000000000000 ) ) ;
#3257 = FILL_AREA_STYLE ('',( #1882 ) ) ;
#3258 = DIRECTION ( 'NONE',  ( 1.000000000000000000, 3.469446951953617344E-15, -0.0000000000000000000 ) ) ;
#3259 = EDGE_CURVE ( 'NONE', #4410, #1935, #3973, .T. ) ;
#3260 = ORIENTED_EDGE ( 'NONE', *, *, #525, .F. ) ;
#3261 = VERTEX_POINT ( 'NONE', #1774 ) ;
#3262 = LINE ( 'NONE', #2774, #5664 ) ;
#3263 = FACE_OUTER_BOUND ( 'NONE', #989, .T. ) ;
#3264 = DIRECTION ( 'NONE',  ( 0.0000000000000000000, 0.0000000000000000000, 1.000000000000000000 ) ) ;
#3265 = CARTESIAN_POINT ( 'NONE',  ( -1.500000000000000000, 1.500000000000000000, 0.9000000000000001332 ) ) ;
#3266 = VECTOR ( 'NONE', #558, 1000.000000000000000 ) ;
#3267 = FILL_AREA_STYLE ('',( #4620 ) ) ;
#3268 = PRESENTATION_LAYER_ASSIGNMENT (  '', '', ( #664 ) ) ;
#3269 = SURFACE_STYLE_FILL_AREA ( #5354 ) ;
#3270 = DIRECTION ( 'NONE',  ( 0.0000000000000000000, 0.0000000000000000000, -1.000000000000000000 ) ) ;
#3271 = DIRECTION ( 'NONE',  ( 1.000000000000000000, -1.544447539153141380E-15, 0.0000000000000000000 ) ) ;
#3272 = FACE_OUTER_BOUND ( 'NONE', #1074, .T. ) ;
#3273 = EDGE_CURVE ( 'NONE', #2062, #801, #4368, .T. ) ;
#3274 = ORIENTED_EDGE ( 'NONE', *, *, #2193, .T. ) ;
#3275 = FILL_AREA_STYLE ('',( #595 ) ) ;
#3276 = CARTESIAN_POINT ( 'NONE',  ( -1.099999999999992539, -0.6250000000000057732, 0.0000000000000000000 ) ) ;
#3277 =( LENGTH_UNIT ( ) NAMED_UNIT ( * ) SI_UNIT ( .MILLI., .METRE. ) );
#3278 = VECTOR ( 'NONE', #1402, 1000.000000000000000 ) ;
#3279 = DIRECTION ( 'NONE',  ( -4.325993705677820091E-15, 1.000000000000000000, 0.0000000000000000000 ) ) ;
#3280 =( NAMED_UNIT ( * ) SI_UNIT ( $, .STERADIAN. ) SOLID_ANGLE_UNIT ( ) );
#3281 = FILL_AREA_STYLE_COLOUR ( '', #4306 ) ;
#3282 = EDGE_CURVE ( 'NONE', #4309, #4801, #3996, .T. ) ;
#3283 = MECHANICAL_DESIGN_GEOMETRIC_PRESENTATION_REPRESENTATION (  '', ( #4712 ), #214 ) ;
#3284 = PRESENTATION_LAYER_ASSIGNMENT (  '', '', ( #3553 ) ) ;
#3285 = EDGE_LOOP ( 'NONE', ( #302, #1800 ) ) ;
#3286 = ORIENTED_EDGE ( 'NONE', *, *, #4278, .F. ) ;
#3287 =( LENGTH_UNIT ( ) NAMED_UNIT ( * ) SI_UNIT ( .MILLI., .METRE. ) );
#3288 = VECTOR ( 'NONE', #632, 1000.000000000000000 ) ;
#3289 = CARTESIAN_POINT ( 'NONE',  ( 0.8750000000000005551, -1.500999999999999890, 0.0000000000000000000 ) ) ;
#3290 = MECHANICAL_DESIGN_GEOMETRIC_PRESENTATION_REPRESENTATION (  '', ( #3194 ), #3460 ) ;
#3291 = ORIENTED_EDGE ( 'NONE', *, *, #5472, .F. ) ;
#3292 = ORIENTED_EDGE ( 'NONE', *, *, #2688, .T. ) ;
#3293 = CARTESIAN_POINT ( 'NONE',  ( 0.8750000000000003331, -1.499999999999993561, 0.02000000000000000042 ) ) ;
#3294 = LINE ( 'NONE', #4232, #1046 ) ;
#3295 = STYLED_ITEM ( 'NONE', ( #2785 ), #3455 ) ;
#3296 = VECTOR ( 'NONE', #4134, 1000.000000000000000 ) ;
#3297 = UNCERTAINTY_MEASURE_WITH_UNIT (LENGTH_MEASURE( 1.000000000000000082E-05 ), #4964, 'distance_accuracy_value', 'NONE');
#3298 =( GEOMETRIC_REPRESENTATION_CONTEXT ( 3 ) GLOBAL_UNCERTAINTY_ASSIGNED_CONTEXT ( ( #2076 ) ) GLOBAL_UNIT_ASSIGNED_CONTEXT ( ( #5273, #2759, #3184 ) ) REPRESENTATION_CONTEXT ( 'NONE', 'WORKASPACE' ) );
#3299 = ADVANCED_FACE ( 'NONE', ( #4555 ), #4102, .F. ) ;
#3300 = PLANE ( 'NONE',  #4235 ) ;
#3301 = PRESENTATION_STYLE_ASSIGNMENT (( #2520 ) ) ;
#3302 = SURFACE_STYLE_USAGE ( .BOTH. , #3728 ) ;
#3303 = VECTOR ( 'NONE', #4256, 1000.000000000000000 ) ;
#3304 = ORIENTED_EDGE ( 'NONE', *, *, #5094, .T. ) ;
#3305 = FACE_OUTER_BOUND ( 'NONE', #4482, .T. ) ;
#3306 = ADVANCED_FACE ( 'NONE', ( #3819 ), #5031, .F. ) ;
#3307 =( LENGTH_UNIT ( ) NAMED_UNIT ( * ) SI_UNIT ( .MILLI., .METRE. ) );
#3308 = VECTOR ( 'NONE', #3195, 1000.000000000000000 ) ;
#3309 = ORIENTED_EDGE ( 'NONE', *, *, #1207, .T. ) ;
#3310 = ORIENTED_EDGE ( 'NONE', *, *, #568, .F. ) ;
#3311 = AXIS2_PLACEMENT_3D ( 'NONE', #2101, #395, #2958 ) ;
#3312 = SURFACE_STYLE_FILL_AREA ( #2861 ) ;
#3313 =( LENGTH_UNIT ( ) NAMED_UNIT ( * ) SI_UNIT ( .MILLI., .METRE. ) );
#3314 =( GEOMETRIC_REPRESENTATION_CONTEXT ( 3 ) GLOBAL_UNCERTAINTY_ASSIGNED_CONTEXT ( ( #2515 ) ) GLOBAL_UNIT_ASSIGNED_CONTEXT ( ( #3102, #952, #1768 ) ) REPRESENTATION_CONTEXT ( 'NONE', 'WORKASPACE' ) );
#3315 = ORIENTED_EDGE ( 'NONE', *, *, #2956, .T. ) ;
#3316 = ORIENTED_EDGE ( 'NONE', *, *, #16, .F. ) ;
#3317 = EDGE_LOOP ( 'NONE', ( #422, #3627, #3188, #1771 ) ) ;
#3318 = SURFACE_STYLE_USAGE ( .BOTH. , #5375 ) ;
#3319 = FILL_AREA_STYLE_COLOUR ( '', #4367 ) ;
#3320 = VECTOR ( 'NONE', #3270, 1000.000000000000000 ) ;
#3321 = LINE ( 'NONE', #4203, #3126 ) ;
#3322 = EDGE_CURVE ( 'NONE', #3884, #2833, #4161, .T. ) ;
#3323 = PRESENTATION_STYLE_ASSIGNMENT (( #5021 ) ) ;
#3324 = CARTESIAN_POINT ( 'NONE',  ( 0.1249999999999997918, 1.500999999999999890, 0.2000000000000000111 ) ) ;
#3325 = EDGE_CURVE ( 'NONE', #3858, #4335, #2824, .T. ) ;
#3326 = EDGE_LOOP ( 'NONE', ( #1710, #4688, #3088, #5586 ) ) ;
#3327 = SURFACE_STYLE_USAGE ( .BOTH. , #1545 ) ;
#3328 = MECHANICAL_DESIGN_GEOMETRIC_PRESENTATION_REPRESENTATION (  '', ( #730 ), #2757 ) ;
#3329 = CARTESIAN_POINT ( 'NONE',  ( 0.3749999999999996669, -1.500999999999999890, 0.2000000000000000111 ) ) ;
#3330 = DIRECTION ( 'NONE',  ( -1.000000000000000000, -0.0000000000000000000, -0.0000000000000000000 ) ) ;
#3331 =( LENGTH_UNIT ( ) NAMED_UNIT ( * ) SI_UNIT ( .MILLI., .METRE. ) );
#3332 =( LENGTH_UNIT ( ) NAMED_UNIT ( * ) SI_UNIT ( .MILLI., .METRE. ) );
#3333 =( GEOMETRIC_REPRESENTATION_CONTEXT ( 3 ) GLOBAL_UNCERTAINTY_ASSIGNED_CONTEXT ( ( #1021 ) ) GLOBAL_UNIT_ASSIGNED_CONTEXT ( ( #3868, #2571, #3084 ) ) REPRESENTATION_CONTEXT ( 'NONE', 'WORKASPACE' ) );
#3334 = ADVANCED_FACE ( 'NONE', ( #1963 ), #660, .F. ) ;
#3335 = DIRECTION ( 'NONE',  ( 1.000000000000000000, 0.0000000000000000000, 0.0000000000000000000 ) ) ;
#3336 = EDGE_LOOP ( 'NONE', ( #5549, #2664, #1361, #2698, #3891, #696 ) ) ;
#3337 = ORIENTED_EDGE ( 'NONE', *, *, #4808, .F. ) ;
#3338 = CARTESIAN_POINT ( 'NONE',  ( -1.499999999999999556, 0.3749999999999942824, 0.2000000000000000111 ) ) ;
#3339 = CARTESIAN_POINT ( 'NONE',  ( 0.1249999999999997918, 1.099999999999999867, 0.0000000000000000000 ) ) ;
#3340 = PLANE ( 'NONE',  #627 ) ;
#3341 = CARTESIAN_POINT ( 'NONE',  ( 0.3749999999999994449, 1.500999999999999890, 0.0000000000000000000 ) ) ;
#3342 = FILL_AREA_STYLE ('',( #3756 ) ) ;
#3343 = LINE ( 'NONE', #1988, #3842 ) ;
#3344 = UNCERTAINTY_MEASURE_WITH_UNIT (LENGTH_MEASURE( 1.000000000000000082E-05 ), #4395, 'distance_accuracy_value', 'NONE');
#3345 = VECTOR ( 'NONE', #1743, 1000.000000000000000 ) ;
#3346 = ORIENTED_EDGE ( 'NONE', *, *, #2309, .F. ) ;
#3347 = DIRECTION ( 'NONE',  ( 0.0000000000000000000, 0.0000000000000000000, -1.000000000000000000 ) ) ;
#3348 = PRESENTATION_STYLE_ASSIGNMENT (( #234 ) ) ;
#3349 =( LENGTH_UNIT ( ) NAMED_UNIT ( * ) SI_UNIT ( .MILLI., .METRE. ) );
#3350 = CARTESIAN_POINT ( 'NONE',  ( -0.1375000000000022038, -0.1375000000000000389, 0.02000000000000000042 ) ) ;
#3351 = ORIENTED_EDGE ( 'NONE', *, *, #3039, .F. ) ;
#3352 = COLOUR_RGB ( '',1.000000000000000000, 1.000000000000000000, 1.000000000000000000 ) ;
#3353 = ORIENTED_EDGE ( 'NONE', *, *, #4518, .F. ) ;
#3354 = EDGE_CURVE ( 'NONE', #2655, #1901, #321, .T. ) ;
#3355 = CARTESIAN_POINT ( 'NONE',  ( 0.3749999999999996669, -1.500999999999999890, 0.2000000000000000111 ) ) ;
#3356 = SURFACE_STYLE_FILL_AREA ( #2037 ) ;
#3357 = ORIENTED_EDGE ( 'NONE', *, *, #847, .F. ) ;
#3358 = ORIENTED_EDGE ( 'NONE', *, *, #2862, .T. ) ;
#3359 = EDGE_LOOP ( 'NONE', ( #3962, #3938, #3035, #72 ) ) ;
#3360 = VECTOR ( 'NONE', #2850, 1000.000000000000000 ) ;
#3361 = PRESENTATION_LAYER_ASSIGNMENT (  '', '', ( #4372 ) ) ;
#3362 = LINE ( 'NONE', #1162, #212 ) ;
#3363 =( NAMED_UNIT ( * ) PLANE_ANGLE_UNIT ( ) SI_UNIT ( $, .RADIAN. ) );
#3364 =( NAMED_UNIT ( * ) PLANE_ANGLE_UNIT ( ) SI_UNIT ( $, .RADIAN. ) );
#3365 = LINE ( 'NONE', #1165, #2485 ) ;
#3366 = ADVANCED_FACE ( 'NONE', ( #2611 ), #3899, .F. ) ;
#3367 = DIRECTION ( 'NONE',  ( 0.0000000000000000000, 0.0000000000000000000, -1.000000000000000000 ) ) ;
#3368 = MECHANICAL_DESIGN_GEOMETRIC_PRESENTATION_REPRESENTATION (  '', ( #5236 ), #5423 ) ;
#3369 = COLOUR_RGB ( '',1.000000000000000000, 1.000000000000000000, 1.000000000000000000 ) ;
#3370 = FILL_AREA_STYLE ('',( #3754 ) ) ;
#3371 = AXIS2_PLACEMENT_3D ( 'NONE', #1764, #3439, #3930 ) ;
#3372 = LINE ( 'NONE', #5046, #5151 ) ;
#3373 = AXIS2_PLACEMENT_3D ( 'NONE', #2533, #4304, #5511 ) ;
#3374 = CARTESIAN_POINT ( 'NONE',  ( -1.150000000000019673, 0.8749999999999990008, 0.01999999999999999695 ) ) ;
#3375 = EDGE_CURVE ( 'NONE', #4591, #1339, #4793, .T. ) ;
#3376 = CARTESIAN_POINT ( 'NONE',  ( -1.099999999999994538, -1.499999999999998668, 0.02000000000000000042 ) ) ;
#3377 = VECTOR ( 'NONE', #2392, 1000.000000000000000 ) ;
#3378 = VERTEX_POINT ( 'NONE', #4382 ) ;
#3379 = CARTESIAN_POINT ( 'NONE',  ( 0.3749999999999995559, 1.099999999999999867, 0.01999999999999999695 ) ) ;
#3380 = CARTESIAN_POINT ( 'NONE',  ( -1.499999999999999334, -0.3750000000000055511, 0.1999999999999999833 ) ) ;
#3381 = SURFACE_STYLE_FILL_AREA ( #5000 ) ;
#3382 = VECTOR ( 'NONE', #5007, 1000.000000000000000 ) ;
#3383 = ORIENTED_EDGE ( 'NONE', *, *, #1473, .T. ) ;
#3384 = EDGE_CURVE ( 'NONE', #1582, #1298, #1669, .T. ) ;
#3385 = ORIENTED_EDGE ( 'NONE', *, *, #5479, .F. ) ;
#3386 = DIRECTION ( 'NONE',  ( -3.252606517456510541E-15, 1.000000000000000000, 0.0000000000000000000 ) ) ;
#3387 = AXIS2_PLACEMENT_3D ( 'NONE', #237, #2478, #4658 ) ;
#3388 = DIRECTION ( 'NONE',  ( 0.0000000000000000000, 0.0000000000000000000, 1.000000000000000000 ) ) ;
#3389 = EDGE_LOOP ( 'NONE', ( #135, #2038, #2865, #1659, #5668, #923 ) ) ;
#3390 = VERTEX_POINT ( 'NONE', #3005 ) ;
#3391 = ADVANCED_FACE ( 'NONE', ( #5116 ), #4300, .F. ) ;
#3392 = ORIENTED_EDGE ( 'NONE', *, *, #444, .T. ) ;
#3393 = SURFACE_SIDE_STYLE ('',( #1625 ) ) ;
#3394 = LINE ( 'NONE', #5611, #5043 ) ;
#3395 = LINE ( 'NONE', #4641, #4186 ) ;
#3396 = PLANE ( 'NONE',  #3475 ) ;
#3397 = UNCERTAINTY_MEASURE_WITH_UNIT (LENGTH_MEASURE( 1.000000000000000082E-05 ), #3313, 'distance_accuracy_value', 'NONE');
#3398 = VECTOR ( 'NONE', #2240, 1000.000000000000000 ) ;
#3399 = EDGE_CURVE ( 'NONE', #3445, #2738, #2283, .T. ) ;
#3400 = SURFACE_SIDE_STYLE ('',( #341 ) ) ;
#3401 = MECHANICAL_DESIGN_GEOMETRIC_PRESENTATION_REPRESENTATION (  '', ( #145 ), #1451 ) ;
#3402 = FACE_OUTER_BOUND ( 'NONE', #2689, .T. ) ;
#3403 = VECTOR ( 'NONE', #3578, 1000.000000000000000 ) ;
#3404 = VERTEX_POINT ( 'NONE', #915 ) ;
#3405 = CARTESIAN_POINT ( 'NONE',  ( 0.1249999999999996808, 1.500000000000000000, 0.9000000000000001332 ) ) ;
#3406 = DIRECTION ( 'NONE',  ( 1.000000000000000000, 0.0000000000000000000, -0.0000000000000000000 ) ) ;
#3407 = FILL_AREA_STYLE ('',( #3764 ) ) ;
#3408 = PLANE ( 'NONE',  #5185 ) ;
#3409 = COLOUR_RGB ( '',1.000000000000000000, 1.000000000000000000, 1.000000000000000000 ) ;
#3410 = DIRECTION ( 'NONE',  ( -1.000000000000000000, 0.0000000000000000000, 0.0000000000000000000 ) ) ;
#3411 = EDGE_LOOP ( 'NONE', ( #5211, #5365, #1944, #2285, #2351, #2802 ) ) ;
#3412 =( GEOMETRIC_REPRESENTATION_CONTEXT ( 3 ) GLOBAL_UNCERTAINTY_ASSIGNED_CONTEXT ( ( #1081 ) ) GLOBAL_UNIT_ASSIGNED_CONTEXT ( ( #1887, #2805, #2868 ) ) REPRESENTATION_CONTEXT ( 'NONE', 'WORKASPACE' ) );
#3413 = MECHANICAL_DESIGN_GEOMETRIC_PRESENTATION_REPRESENTATION (  '', ( #2482 ), #4516 ) ;
#3414 = DIRECTION ( 'NONE',  ( 1.000000000000000000, 0.0000000000000000000, -0.0000000000000000000 ) ) ;
#3415 = SURFACE_SIDE_STYLE ('',( #329 ) ) ;
#3416 = ORIENTED_EDGE ( 'NONE', *, *, #2703, .T. ) ;
#3417 = EDGE_LOOP ( 'NONE', ( #27, #4788 ) ) ;
#3418 =( GEOMETRIC_REPRESENTATION_CONTEXT ( 3 ) GLOBAL_UNCERTAINTY_ASSIGNED_CONTEXT ( ( #5019 ) ) GLOBAL_UNIT_ASSIGNED_CONTEXT ( ( #3818, #4297, #1178 ) ) REPRESENTATION_CONTEXT ( 'NONE', 'WORKASPACE' ) );
#3419 = ORIENTED_EDGE ( 'NONE', *, *, #2050, .T. ) ;
#3420 = DIRECTION ( 'NONE',  ( -0.0000000000000000000, -1.000000000000000000, -0.0000000000000000000 ) ) ;
#3421 = CARTESIAN_POINT ( 'NONE',  ( -1.500000000000000000, 1.500000000000000000, 0.1999999999999999833 ) ) ;
#3422 = DIRECTION ( 'NONE',  ( 0.0000000000000000000, 1.000000000000000000, 0.0000000000000000000 ) ) ;
#3423 = SURFACE_STYLE_FILL_AREA ( #1326 ) ;
#3424 = CARTESIAN_POINT ( 'NONE',  ( -1.499999999999999556, 0.3749999999999942824, 0.9000000000000001332 ) ) ;
#3425 =( NAMED_UNIT ( * ) PLANE_ANGLE_UNIT ( ) SI_UNIT ( $, .RADIAN. ) );
#3426 = EDGE_LOOP ( 'NONE', ( #2458, #4756, #3538, #5275 ) ) ;
#3427 = VECTOR ( 'NONE', #3484, 1000.000000000000000 ) ;
#3428 = SURFACE_SIDE_STYLE ('',( #4289 ) ) ;
#3429 = FILL_AREA_STYLE_COLOUR ( '', #3168 ) ;
#3430 = CARTESIAN_POINT ( 'NONE',  ( -1.499999999999999334, -0.8750000000000055511, 0.02000000000000000042 ) ) ;
#3431 =( LENGTH_UNIT ( ) NAMED_UNIT ( * ) SI_UNIT ( .MILLI., .METRE. ) );
#3432 = EDGE_CURVE ( 'NONE', #2405, #4716, #1457, .T. ) ;
#3433 = EDGE_LOOP ( 'NONE', ( #2208, #3577, #5509, #1319 ) ) ;
#3434 = VECTOR ( 'NONE', #3490, 1000.000000000000000 ) ;
#3435 = CARTESIAN_POINT ( 'NONE',  ( -0.8749999999999991118, 1.149999999999999689, 0.2000000000000000111 ) ) ;
#3436 = SURFACE_STYLE_FILL_AREA ( #5243 ) ;
#3437 = FILL_AREA_STYLE_COLOUR ( '', #5454 ) ;
#3438 = CARTESIAN_POINT ( 'NONE',  ( -1.149999999999996803, -0.8750000000000038858, 0.0000000000000000000 ) ) ;
#3439 = DIRECTION ( 'NONE',  ( 1.000000000000000000, 3.469446951953617344E-15, -0.0000000000000000000 ) ) ;
#3440 = VECTOR ( 'NONE', #5640, 1000.000000000000000 ) ;
#3441 = ORIENTED_EDGE ( 'NONE', *, *, #2544, .T. ) ;
#3442 = VECTOR ( 'NONE', #810, 1000.000000000000000 ) ;
#3443 = ORIENTED_EDGE ( 'NONE', *, *, #5630, .F. ) ;
#3444 = ORIENTED_EDGE ( 'NONE', *, *, #691, .F. ) ;
#3445 = VERTEX_POINT ( 'NONE', #3645 ) ;
#3446 = LINE ( 'NONE', #5154, #97 ) ;
#3447 = FILL_AREA_STYLE_COLOUR ( '', #3609 ) ;
#3448 = CARTESIAN_POINT ( 'NONE',  ( 0.8750000000000005551, -1.500999999999999890, 0.2000000000000000111 ) ) ;
#3449 = PRODUCT_DEFINITION_CONTEXT ( 'detailed design', #358, 'design' ) ;
#3450 = PRESENTATION_STYLE_ASSIGNMENT (( #5583 ) ) ;
#3451 = UNCERTAINTY_MEASURE_WITH_UNIT (LENGTH_MEASURE( 1.000000000000000082E-05 ), #3349, 'distance_accuracy_value', 'NONE');
#3452 = ORIENTED_EDGE ( 'NONE', *, *, #3241, .T. ) ;
#3453 = VECTOR ( 'NONE', #4296, 1000.000000000000000 ) ;
#3454 = STYLED_ITEM ( 'NONE', ( #758 ), #1763 ) ;
#3455 = ADVANCED_FACE ( 'NONE', ( #1428 ), #4549, .T. ) ;
#3456 = LINE ( 'NONE', #5160, #4151 ) ;
#3457 = LINE ( 'NONE', #4347, #4700 ) ;
#3458 = DIRECTION ( 'NONE',  ( -0.0000000000000000000, -0.0000000000000000000, 1.000000000000000000 ) ) ;
#3459 = FILL_AREA_STYLE_COLOUR ( '', #1692 ) ;
#3460 =( GEOMETRIC_REPRESENTATION_CONTEXT ( 3 ) GLOBAL_UNCERTAINTY_ASSIGNED_CONTEXT ( ( #1604 ) ) GLOBAL_UNIT_ASSIGNED_CONTEXT ( ( #3784, #2390, #3755 ) ) REPRESENTATION_CONTEXT ( 'NONE', 'WORKASPACE' ) );
#3461 =( GEOMETRIC_REPRESENTATION_CONTEXT ( 3 ) GLOBAL_UNCERTAINTY_ASSIGNED_CONTEXT ( ( #92 ) ) GLOBAL_UNIT_ASSIGNED_CONTEXT ( ( #1902, #5306, #4126 ) ) REPRESENTATION_CONTEXT ( 'NONE', 'WORKASPACE' ) );
#3462 = ORIENTED_EDGE ( 'NONE', *, *, #910, .T. ) ;
#3463 = VECTOR ( 'NONE', #4835, 1000.000000000000000 ) ;
#3464 =( GEOMETRIC_REPRESENTATION_CONTEXT ( 3 ) GLOBAL_UNCERTAINTY_ASSIGNED_CONTEXT ( ( #3812 ) ) GLOBAL_UNIT_ASSIGNED_CONTEXT ( ( #4252, #4719, #2511 ) ) REPRESENTATION_CONTEXT ( 'NONE', 'WORKASPACE' ) );
#3465 = EDGE_CURVE ( 'NONE', #4188, #4716, #3129, .T. ) ;
#3466 = FACE_OUTER_BOUND ( 'NONE', #1561, .T. ) ;
#3467 =( NAMED_UNIT ( * ) PLANE_ANGLE_UNIT ( ) SI_UNIT ( $, .RADIAN. ) );
#3468 = DIRECTION ( 'NONE',  ( -0.0000000000000000000, -0.0000000000000000000, -1.000000000000000000 ) ) ;
#3469 = LINE ( 'NONE', #1730, #5646 ) ;
#3470 =( NAMED_UNIT ( * ) PLANE_ANGLE_UNIT ( ) SI_UNIT ( $, .RADIAN. ) );
#3471 =( GEOMETRIC_REPRESENTATION_CONTEXT ( 3 ) GLOBAL_UNCERTAINTY_ASSIGNED_CONTEXT ( ( #495 ) ) GLOBAL_UNIT_ASSIGNED_CONTEXT ( ( #4293, #2074, #2190 ) ) REPRESENTATION_CONTEXT ( 'NONE', 'WORKASPACE' ) );
#3472 = COLOUR_RGB ( '',1.000000000000000000, 1.000000000000000000, 1.000000000000000000 ) ;
#3473 = ORIENTED_EDGE ( 'NONE', *, *, #787, .F. ) ;
#3474 = ADVANCED_FACE ( 'NONE', ( #4492 ), #1824, .F. ) ;
#3475 = AXIS2_PLACEMENT_3D ( 'NONE', #3141, #4506, #3170 ) ;
#3476 = LINE ( 'NONE', #1237, #3839 ) ;
#3477 = CARTESIAN_POINT ( 'NONE',  ( -0.6249999999999991118, 1.099999999999999867, 0.01999999999999999695 ) ) ;
#3478 = ORIENTED_EDGE ( 'NONE', *, *, #1121, .F. ) ;
#3479 = ORIENTED_EDGE ( 'NONE', *, *, #3154, .F. ) ;
#3480 = EDGE_CURVE ( 'NONE', #875, #5344, #624, .T. ) ;
#3481 = VERTEX_POINT ( 'NONE', #4652 ) ;
#3482 = DIRECTION ( 'NONE',  ( 1.000000000000000000, 0.0000000000000000000, -0.0000000000000000000 ) ) ;
#3483 = CARTESIAN_POINT ( 'NONE',  ( -1.500000000000003997, -0.3750000000000055511, 0.02000000000000000042 ) ) ;
#3484 = DIRECTION ( 'NONE',  ( 3.252606517456510147E-15, -1.000000000000000000, -0.0000000000000000000 ) ) ;
#3485 = CARTESIAN_POINT ( 'NONE',  ( -1.499999999999999778, 0.6249999999999987788, 0.1999999999999999833 ) ) ;
#3486 = PLANE ( 'NONE',  #217 ) ;
#3487 = ORIENTED_EDGE ( 'NONE', *, *, #402, .T. ) ;
#3488 = PRESENTATION_LAYER_ASSIGNMENT (  '', '', ( #4488 ) ) ;
#3489 = DIRECTION ( 'NONE',  ( 1.000000000000000000, 0.0000000000000000000, 0.0000000000000000000 ) ) ;
#3490 = DIRECTION ( 'NONE',  ( 0.0000000000000000000, 0.0000000000000000000, -1.000000000000000000 ) ) ;
#3491 = DIRECTION ( 'NONE',  ( -0.0000000000000000000, -0.0000000000000000000, -1.000000000000000000 ) ) ;
#3492 =( NAMED_UNIT ( * ) PLANE_ANGLE_UNIT ( ) SI_UNIT ( $, .RADIAN. ) );
#3493 = COLOUR_RGB ( '',1.000000000000000000, 1.000000000000000000, 1.000000000000000000 ) ;
#3494 = CARTESIAN_POINT ( 'NONE',  ( 0.6249999999999995559, -1.099999999999999867, 0.01999999999999999695 ) ) ;
#3495 = EDGE_CURVE ( 'NONE', #2577, #4228, #5049, .T. ) ;
#3496 =( GEOMETRIC_REPRESENTATION_CONTEXT ( 3 ) GLOBAL_UNCERTAINTY_ASSIGNED_CONTEXT ( ( #4202 ) ) GLOBAL_UNIT_ASSIGNED_CONTEXT ( ( #4109, #4165, #642 ) ) REPRESENTATION_CONTEXT ( 'NONE', 'WORKASPACE' ) );
#3497 = ORIENTED_EDGE ( 'NONE', *, *, #5336, .F. ) ;
#3498 = DIRECTION ( 'NONE',  ( -2.703746066048639529E-16, -1.000000000000000000, 0.0000000000000000000 ) ) ;
#3499 = LINE ( 'NONE', #2164, #2798 ) ;
#3500 = CARTESIAN_POINT ( 'NONE',  ( -1.499999999999999556, -0.1250000000000057454, 0.9000000000000001332 ) ) ;
#3501 =( NAMED_UNIT ( * ) SI_UNIT ( $, .STERADIAN. ) SOLID_ANGLE_UNIT ( ) );
#3502 = MECHANICAL_DESIGN_GEOMETRIC_PRESENTATION_REPRESENTATION (  '', ( #628 ), #526 ) ;
#3503 = EDGE_CURVE ( 'NONE', #5122, #4795, #5443, .T. ) ;
#3504 = ORIENTED_EDGE ( 'NONE', *, *, #3539, .F. ) ;
#3505 = CARTESIAN_POINT ( 'NONE',  ( 1.100000000000001199, -0.3749999999999964473, 0.0000000000000000000 ) ) ;
#3506 = VECTOR ( 'NONE', #491, 1000.000000000000000 ) ;
#3507 = LINE ( 'NONE', #3071, #1258 ) ;
#3508 = EDGE_CURVE ( 'NONE', #1153, #1854, #5499, .T. ) ;
#3509 = COLOUR_RGB ( '',1.000000000000000000, 1.000000000000000000, 1.000000000000000000 ) ;
#3510 = CARTESIAN_POINT ( 'NONE',  ( -1.499999999999999112, -1.500000000000000000, 0.02000000000000000042 ) ) ;
#3511 = ORIENTED_EDGE ( 'NONE', *, *, #3273, .F. ) ;
#3512 = ORIENTED_EDGE ( 'NONE', *, *, #1833, .F. ) ;
#3513 = EDGE_LOOP ( 'NONE', ( #5149, #3988, #4691, #1410 ) ) ;
#3514 = FILL_AREA_STYLE ('',( #3861 ) ) ;
#3515 = DIRECTION ( 'NONE',  ( 0.0000000000000000000, -0.0000000000000000000, -1.000000000000000000 ) ) ;
#3516 = DIRECTION ( 'NONE',  ( 0.0000000000000000000, -0.0000000000000000000, -1.000000000000000000 ) ) ;
#3517 = EDGE_CURVE ( 'NONE', #1044, #1740, #1602, .T. ) ;
#3518 = UNCERTAINTY_MEASURE_WITH_UNIT (LENGTH_MEASURE( 1.000000000000000082E-05 ), #3950, 'distance_accuracy_value', 'NONE');
#3519 = CARTESIAN_POINT ( 'NONE',  ( 0.1249999999999998890, -1.500999999999999890, 0.2000000000000000111 ) ) ;
#3520 = ORIENTED_EDGE ( 'NONE', *, *, #2258, .T. ) ;
#3521 = CARTESIAN_POINT ( 'NONE',  ( 1.099999999999996980, 0.8250000000000033973, 0.2000000000000000111 ) ) ;
#3522 = CARTESIAN_POINT ( 'NONE',  ( 1.500999999999998780, 0.3750000000000046629, 0.2000000000000000111 ) ) ;
#3523 = PLANE ( 'NONE',  #1838 ) ;
#3524 = VECTOR ( 'NONE', #3468, 1000.000000000000000 ) ;
#3525 =( NAMED_UNIT ( * ) SI_UNIT ( $, .STERADIAN. ) SOLID_ANGLE_UNIT ( ) );
#3526 = SURFACE_STYLE_FILL_AREA ( #4629 ) ;
#3527 = ORIENTED_EDGE ( 'NONE', *, *, #1160, .T. ) ;
#3528 = PLANE ( 'NONE',  #1279 ) ;
#3529 =( LENGTH_UNIT ( ) NAMED_UNIT ( * ) SI_UNIT ( .MILLI., .METRE. ) );
#3530 = SURFACE_STYLE_FILL_AREA ( #1761 ) ;
#3531 = EDGE_LOOP ( 'NONE', ( #3593, #190, #300, #453 ) ) ;
#3532 = ORIENTED_EDGE ( 'NONE', *, *, #2901, .F. ) ;
#3533 = VECTOR ( 'NONE', #816, 1000.000000000000000 ) ;
#3534 = LINE ( 'NONE', #4830, #2634 ) ;
#3535 = EDGE_LOOP ( 'NONE', ( #698, #2368, #2713, #3358 ) ) ;
#3536 = PRESENTATION_LAYER_ASSIGNMENT (  '', '', ( #567 ) ) ;
#3537 = VERTEX_POINT ( 'NONE', #5077 ) ;
#3538 = ORIENTED_EDGE ( 'NONE', *, *, #846, .T. ) ;
#3539 = EDGE_CURVE ( 'NONE', #3773, #4469, #2818, .T. ) ;
#3540 = CARTESIAN_POINT ( 'NONE',  ( 0.6249999999999996669, -1.500000000000000000, 0.02000000000000000042 ) ) ;
#3541 = EDGE_CURVE ( 'NONE', #3705, #1936, #3343, .T. ) ;
#3542 = CARTESIAN_POINT ( 'NONE',  ( 1.500000000000000666, 0.3750000000000046629, 0.02000000000000005246 ) ) ;
#3543 = CARTESIAN_POINT ( 'NONE',  ( 1.501000000000001444, -0.3749999999999946709, 0.2000000000000000111 ) ) ;
#3544 =( NAMED_UNIT ( * ) SI_UNIT ( $, .STERADIAN. ) SOLID_ANGLE_UNIT ( ) );
#3545 = FILL_AREA_STYLE ('',( #5343 ) ) ;
#3546 = EDGE_LOOP ( 'NONE', ( #2679, #2556, #2922, #3043 ) ) ;
#3547 = VECTOR ( 'NONE', #5349, 1000.000000000000000 ) ;
#3548 = EDGE_CURVE ( 'NONE', #2846, #2833, #172, .T. ) ;
#3549 =( NAMED_UNIT ( * ) SI_UNIT ( $, .STERADIAN. ) SOLID_ANGLE_UNIT ( ) );
#3550 = CARTESIAN_POINT ( 'NONE',  ( -1.499999999999999556, 0.1249999999999944766, 0.1999999999999999833 ) ) ;
#3551 = LINE ( 'NONE', #5293, #2476 ) ;
#3552 = CARTESIAN_POINT ( 'NONE',  ( -0.6249999999999992228, 1.500999999999999890, 0.2000000000000000111 ) ) ;
#3553 = STYLED_ITEM ( 'NONE', ( #2652 ), #1878 ) ;
#3554 = FACE_OUTER_BOUND ( 'NONE', #3336, .T. ) ;
#3555 = AXIS2_PLACEMENT_3D ( 'NONE', #4979, #1462, #3622 ) ;
#3556 = FACE_OUTER_BOUND ( 'NONE', #5145, .T. ) ;
#3557 = VECTOR ( 'NONE', #5483, 1000.000000000000000 ) ;
#3558 = DIRECTION ( 'NONE',  ( 0.7071067811865469066, 0.7071067811865482389, 0.0000000000000000000 ) ) ;
#3559 = DIRECTION ( 'NONE',  ( -1.000000000000000000, -0.0000000000000000000, -0.0000000000000000000 ) ) ;
#3560 = CARTESIAN_POINT ( 'NONE',  ( -1.499999999999999112, -1.500000000000000000, 0.1999999999999999833 ) ) ;
#3561 = VECTOR ( 'NONE', #2904, 1000.000000000000000 ) ;
#3562 = ORIENTED_EDGE ( 'NONE', *, *, #3033, .F. ) ;
#3563 =( LENGTH_UNIT ( ) NAMED_UNIT ( * ) SI_UNIT ( .MILLI., .METRE. ) );
#3564 = PRESENTATION_STYLE_ASSIGNMENT (( #4438 ) ) ;
#3565 = COLOUR_RGB ( '',1.000000000000000000, 1.000000000000000000, 1.000000000000000000 ) ;
#3566 = VECTOR ( 'NONE', #2319, 999.9999999999998863 ) ;
#3567 = LINE ( 'NONE', #3991, #1542 ) ;
#3568 = EDGE_CURVE ( 'NONE', #477, #4586, #1140, .T. ) ;
#3569 = PRESENTATION_LAYER_ASSIGNMENT (  '', '', ( #2088 ) ) ;
#3570 = ORIENTED_EDGE ( 'NONE', *, *, #4776, .F. ) ;
#3571 = VERTEX_POINT ( 'NONE', #4622 ) ;
#3572 = ORIENTED_EDGE ( 'NONE', *, *, #918, .T. ) ;
#3573 = SURFACE_STYLE_FILL_AREA ( #2179 ) ;
#3574 = PRESENTATION_LAYER_ASSIGNMENT (  '', '', ( #602 ) ) ;
#3575 = CARTESIAN_POINT ( 'NONE',  ( -1.100000000000000311, 0.1249999999999962114, 0.2000000000000000111 ) ) ;
#3576 = EDGE_CURVE ( 'NONE', #2971, #5480, #2469, .T. ) ;
#3577 = ORIENTED_EDGE ( 'NONE', *, *, #759, .T. ) ;
#3578 = DIRECTION ( 'NONE',  ( -3.469446951953623261E-15, 1.000000000000000000, 0.0000000000000000000 ) ) ;
#3579 =( NAMED_UNIT ( * ) SI_UNIT ( $, .STERADIAN. ) SOLID_ANGLE_UNIT ( ) );
#3580 = SURFACE_SIDE_STYLE ('',( #3980 ) ) ;
#3581 = DIRECTION ( 'NONE',  ( -1.000000000000000000, 1.544447539153141380E-15, 0.0000000000000000000 ) ) ;
#3582 = STYLED_ITEM ( 'NONE', ( #75 ), #4219 ) ;
#3583 = EDGE_CURVE ( 'NONE', #3827, #5317, #261, .T. ) ;
#3584 = ORIENTED_EDGE ( 'NONE', *, *, #830, .T. ) ;
#3585 = PRESENTATION_STYLE_ASSIGNMENT (( #5322 ) ) ;
#3586 = PLANE ( 'NONE',  #2848 ) ;
#3587 = STYLED_ITEM ( 'NONE', ( #3450 ), #4669 ) ;
#3588 =( NAMED_UNIT ( * ) SI_UNIT ( $, .STERADIAN. ) SOLID_ANGLE_UNIT ( ) );
#3589 = DIRECTION ( 'NONE',  ( 1.000000000000000000, 0.0000000000000000000, 0.0000000000000000000 ) ) ;
#3590 = CARTESIAN_POINT ( 'NONE',  ( 0.6249999999999992228, 1.500000000000000000, 0.1999999999999999833 ) ) ;
#3591 = FILL_AREA_STYLE ('',( #2253 ) ) ;
#3592 = UNCERTAINTY_MEASURE_WITH_UNIT (LENGTH_MEASURE( 1.000000000000000082E-05 ), #5341, 'distance_accuracy_value', 'NONE');
#3593 = ORIENTED_EDGE ( 'NONE', *, *, #5225, .F. ) ;
#3594 = LINE ( 'NONE', #1034, #1798 ) ;
#3595 = DIRECTION ( 'NONE',  ( -2.703746066048639529E-16, -1.000000000000000000, 0.0000000000000000000 ) ) ;
#3596 = DIRECTION ( 'NONE',  ( -0.0000000000000000000, -0.0000000000000000000, -1.000000000000000000 ) ) ;
#3597 = PRESENTATION_LAYER_ASSIGNMENT (  '', '', ( #4233 ) ) ;
#3598 = LINE ( 'NONE', #3163, #3308 ) ;
#3599 = SURFACE_STYLE_FILL_AREA ( #5093 ) ;
#3600 = VECTOR ( 'NONE', #5164, 1000.000000000000000 ) ;
#3601 = ORIENTED_EDGE ( 'NONE', *, *, #678, .F. ) ;
#3602 = ORIENTED_EDGE ( 'NONE', *, *, #1273, .F. ) ;
#3603 = PRESENTATION_STYLE_ASSIGNMENT (( #1292 ) ) ;
#3604 =( LENGTH_UNIT ( ) NAMED_UNIT ( * ) SI_UNIT ( .MILLI., .METRE. ) );
#3605 = CARTESIAN_POINT ( 'NONE',  ( -1.499999999999999334, -0.6250000000000057732, 0.02000000000000000042 ) ) ;
#3606 = ORIENTED_EDGE ( 'NONE', *, *, #1616, .F. ) ;
#3607 = AXIS2_PLACEMENT_3D ( 'NONE', #882, #3896, #4791 ) ;
#3608 = LINE ( 'NONE', #931, #5570 ) ;
#3609 = COLOUR_RGB ( '',1.000000000000000000, 1.000000000000000000, 1.000000000000000000 ) ;
#3610 = LINE ( 'NONE', #2273, #4903 ) ;
#3611 = VECTOR ( 'NONE', #5496, 1000.000000000000000 ) ;
#3612 = CARTESIAN_POINT ( 'NONE',  ( 0.1249999999999998890, -1.099999999999999867, 0.01999999999999999695 ) ) ;
#3613 = ORIENTED_EDGE ( 'NONE', *, *, #3822, .T. ) ;
#3614 =( GEOMETRIC_REPRESENTATION_CONTEXT ( 3 ) GLOBAL_UNCERTAINTY_ASSIGNED_CONTEXT ( ( #4540 ) ) GLOBAL_UNIT_ASSIGNED_CONTEXT ( ( #2894, #3363, #699 ) ) REPRESENTATION_CONTEXT ( 'NONE', 'WORKASPACE' ) );
#3615 = CARTESIAN_POINT ( 'NONE',  ( 1.500000000000000444, 1.500000000000000000, 0.02000000000000000042 ) ) ;
#3616 = DIRECTION ( 'NONE',  ( 0.0000000000000000000, 0.0000000000000000000, 1.000000000000000000 ) ) ;
#3617 = CARTESIAN_POINT ( 'NONE',  ( 1.099999999999998535, 0.3750000000000033862, 0.01999999999999999695 ) ) ;
#3618 = EDGE_CURVE ( 'NONE', #3378, #479, #4675, .T. ) ;
#3619 = PLANE ( 'NONE',  #5545 ) ;
#3620 = DIRECTION ( 'NONE',  ( 4.336808689942023258E-15, -1.000000000000000000, 0.0000000000000000000 ) ) ;
#3621 = ORIENTED_EDGE ( 'NONE', *, *, #2918, .T. ) ;
#3622 = DIRECTION ( 'NONE',  ( 0.0000000000000000000, -0.0000000000000000000, 1.000000000000000000 ) ) ;
#3623 = ADVANCED_FACE ( 'NONE', ( #3272 ), #4970, .F. ) ;
#3624 = DIRECTION ( 'NONE',  ( -0.0000000000000000000, -0.0000000000000000000, -1.000000000000000000 ) ) ;
#3625 = PRESENTATION_STYLE_ASSIGNMENT (( #4415 ) ) ;
#3626 = ORIENTED_EDGE ( 'NONE', *, *, #2570, .T. ) ;
#3627 = ORIENTED_EDGE ( 'NONE', *, *, #5265, .T. ) ;
#3628 = AXIS2_PLACEMENT_3D ( 'NONE', #3698, #3214, #4893 ) ;
#3629 = EDGE_CURVE ( 'NONE', #3173, #1182, #5106, .T. ) ;
#3630 = FILL_AREA_STYLE ('',( #518 ) ) ;
#3631 = SURFACE_STYLE_USAGE ( .BOTH. , #2744 ) ;
#3632 = PRESENTATION_LAYER_ASSIGNMENT (  '', '', ( #5133 ) ) ;
#3633 = EDGE_LOOP ( 'NONE', ( #5373, #4832, #5394, #5178, #2415 ) ) ;
#3634 = VERTEX_POINT ( 'NONE', #4377 ) ;
#3635 =( NAMED_UNIT ( * ) SI_UNIT ( $, .STERADIAN. ) SOLID_ANGLE_UNIT ( ) );
#3636 = PRESENTATION_LAYER_ASSIGNMENT (  '', '', ( #666 ) ) ;
#3637 = DIRECTION ( 'NONE',  ( 0.7071067811865483499, -0.7071067811865467956, 0.0000000000000000000 ) ) ;
#3638 =( NAMED_UNIT ( * ) SI_UNIT ( $, .STERADIAN. ) SOLID_ANGLE_UNIT ( ) );
#3639 = UNCERTAINTY_MEASURE_WITH_UNIT (LENGTH_MEASURE( 1.000000000000000082E-05 ), #2357, 'distance_accuracy_value', 'NONE');
#3640 = FILL_AREA_STYLE ('',( #2274 ) ) ;
#3641 = UNCERTAINTY_MEASURE_WITH_UNIT (LENGTH_MEASURE( 1.000000000000000082E-05 ), #2217, 'distance_accuracy_value', 'NONE');
#3642 = MECHANICAL_DESIGN_GEOMETRIC_PRESENTATION_REPRESENTATION (  '', ( #4273 ), #858 ) ;
#3643 =( NAMED_UNIT ( * ) PLANE_ANGLE_UNIT ( ) SI_UNIT ( $, .RADIAN. ) );
#3644 = SURFACE_STYLE_USAGE ( .BOTH. , #502 ) ;
#3645 = CARTESIAN_POINT ( 'NONE',  ( 1.501000000000000556, -0.1249999999999949069, 0.2000000000000000111 ) ) ;
#3646 = UNCERTAINTY_MEASURE_WITH_UNIT (LENGTH_MEASURE( 1.000000000000000082E-05 ), #899, 'distance_accuracy_value', 'NONE');
#3647 = EDGE_CURVE ( 'NONE', #65, #3711, #1720, .T. ) ;
#3648 = ORIENTED_EDGE ( 'NONE', *, *, #3822, .F. ) ;
#3649 = VECTOR ( 'NONE', #3162, 1000.000000000000000 ) ;
#3650 = LINE ( 'NONE', #4159, #861 ) ;
#3651 = PRESENTATION_LAYER_ASSIGNMENT (  '', '', ( #5236 ) ) ;
#3652 = PLANE ( 'NONE',  #3387 ) ;
#3653 = STYLED_ITEM ( 'NONE', ( #4667 ), #2407 ) ;
#3654 = VERTEX_POINT ( 'NONE', #5620 ) ;
#3655 = ORIENTED_EDGE ( 'NONE', *, *, #3480, .T. ) ;
#3656 =( LENGTH_UNIT ( ) NAMED_UNIT ( * ) SI_UNIT ( .MILLI., .METRE. ) );
#3657 = DIRECTION ( 'NONE',  ( 1.000000000000000000, 0.0000000000000000000, -0.0000000000000000000 ) ) ;
#3658 = CARTESIAN_POINT ( 'NONE',  ( -0.3749999999999997780, -1.500999999999999890, 0.2000000000000000111 ) ) ;
#3659 = VECTOR ( 'NONE', #4601, 1000.000000000000000 ) ;
#3660 = ADVANCED_FACE ( 'NONE', ( #283 ), #1754, .F. ) ;
#3661 = ORIENTED_EDGE ( 'NONE', *, *, #5484, .F. ) ;
#3662 = FILL_AREA_STYLE_COLOUR ( '', #2856 ) ;
#3663 = COLOUR_RGB ( '',1.000000000000000000, 1.000000000000000000, 1.000000000000000000 ) ;
#3664 =( NAMED_UNIT ( * ) SI_UNIT ( $, .STERADIAN. ) SOLID_ANGLE_UNIT ( ) );
#3665 = CARTESIAN_POINT ( 'NONE',  ( -0.3749999999999997780, -1.099999999999999867, 0.01999999999999999695 ) ) ;
#3666 = DIRECTION ( 'NONE',  ( 1.000000000000000000, 0.0000000000000000000, -0.0000000000000000000 ) ) ;
#3667 = DIRECTION ( 'NONE',  ( -1.445602896647339163E-16, 1.000000000000000000, -0.0000000000000000000 ) ) ;
#3668 = FILL_AREA_STYLE_COLOUR ( '', #5107 ) ;
#3669 = CARTESIAN_POINT ( 'NONE',  ( -0.3749999999999994449, 1.500000000000000000, 0.9000000000000001332 ) ) ;
#3670 = FILL_AREA_STYLE ('',( #2815 ) ) ;
#3671 = CARTESIAN_POINT ( 'NONE',  ( 0.6249999999999991118, 1.099999999999999867, 0.0000000000000000000 ) ) ;
#3672 =( GEOMETRIC_REPRESENTATION_CONTEXT ( 3 ) GLOBAL_UNCERTAINTY_ASSIGNED_CONTEXT ( ( #1201 ) ) GLOBAL_UNIT_ASSIGNED_CONTEXT ( ( #2036, #3881, #4333 ) ) REPRESENTATION_CONTEXT ( 'NONE', 'WORKASPACE' ) );
#3673 =( GEOMETRIC_REPRESENTATION_CONTEXT ( 3 ) GLOBAL_UNCERTAINTY_ASSIGNED_CONTEXT ( ( #3297 ) ) GLOBAL_UNIT_ASSIGNED_CONTEXT ( ( #4964, #1051, #3081 ) ) REPRESENTATION_CONTEXT ( 'NONE', 'WORKASPACE' ) );
#3674 = ORIENTED_EDGE ( 'NONE', *, *, #830, .F. ) ;
#3675 =( LENGTH_UNIT ( ) NAMED_UNIT ( * ) SI_UNIT ( .MILLI., .METRE. ) );
#3676 = LINE ( 'NONE', #1463, #2697 ) ;
#3677 = EDGE_CURVE ( 'NONE', #2569, #4390, #5650, .T. ) ;
#3678 = FILL_AREA_STYLE ('',( #125 ) ) ;
#3679 =( GEOMETRIC_REPRESENTATION_CONTEXT ( 3 ) GLOBAL_UNCERTAINTY_ASSIGNED_CONTEXT ( ( #3397 ) ) GLOBAL_UNIT_ASSIGNED_CONTEXT ( ( #3313, #1500, #244 ) ) REPRESENTATION_CONTEXT ( 'NONE', 'WORKASPACE' ) );
#3680 = CARTESIAN_POINT ( 'NONE',  ( -0.1250000000000000000, -1.500999999999999890, 0.2000000000000000111 ) ) ;
#3681 = ORIENTED_EDGE ( 'NONE', *, *, #1580, .F. ) ;
#3682 = VERTEX_POINT ( 'NONE', #5531 ) ;
#3683 = VECTOR ( 'NONE', #5627, 1000.000000000000000 ) ;
#3684 = CARTESIAN_POINT ( 'NONE',  ( 1.501000000000002332, -0.6249999999999944489, 0.0000000000000000000 ) ) ;
#3685 = SURFACE_STYLE_USAGE ( .BOTH. , #2427 ) ;
#3686 = COLOUR_RGB ( '',1.000000000000000000, 1.000000000000000000, 1.000000000000000000 ) ;
#3687 = ORIENTED_EDGE ( 'NONE', *, *, #993, .F. ) ;
#3688 = EDGE_LOOP ( 'NONE', ( #4502, #5204, #2773, #2720 ) ) ;
#3689 = CARTESIAN_POINT ( 'NONE',  ( 1.100000000000002753, -0.8249999999999958478, 0.0000000000000000000 ) ) ;
#3690 =( NAMED_UNIT ( * ) SI_UNIT ( $, .STERADIAN. ) SOLID_ANGLE_UNIT ( ) );
#3691 = MECHANICAL_DESIGN_GEOMETRIC_PRESENTATION_REPRESENTATION (  '', ( #2940 ), #2030 ) ;
#3692 =( LENGTH_UNIT ( ) NAMED_UNIT ( * ) SI_UNIT ( .MILLI., .METRE. ) );
#3693 = CARTESIAN_POINT ( 'NONE',  ( 1.500999999999997891, 0.6250000000000048850, 0.2000000000000000111 ) ) ;
#3694 = UNCERTAINTY_MEASURE_WITH_UNIT (LENGTH_MEASURE( 1.000000000000000082E-05 ), #4933, 'distance_accuracy_value', 'NONE');
#3695 = CARTESIAN_POINT ( 'NONE',  ( 0.3749999999999997780, -1.099999999999999867, 0.2000000000000000111 ) ) ;
#3696 = CARTESIAN_POINT ( 'NONE',  ( 1.501000000000001444, -0.3749999999999946709, 0.2000000000000000111 ) ) ;
#3697 = SURFACE_STYLE_FILL_AREA ( #3370 ) ;
#3698 = CARTESIAN_POINT ( 'NONE',  ( 1.100000000000002753, -0.8249999999999958478, 0.2000000000000000111 ) ) ;
#3699 = CARTESIAN_POINT ( 'NONE',  ( -1.500999999999999224, -0.1250000000000057454, 0.0000000000000000000 ) ) ;
#3700 =( GEOMETRIC_REPRESENTATION_CONTEXT ( 3 ) GLOBAL_UNCERTAINTY_ASSIGNED_CONTEXT ( ( #4542 ) ) GLOBAL_UNIT_ASSIGNED_CONTEXT ( ( #1392, #4938, #3549 ) ) REPRESENTATION_CONTEXT ( 'NONE', 'WORKASPACE' ) );
#3701 = CARTESIAN_POINT ( 'NONE',  ( -1.499999999999999112, -1.500000000000000000, 0.02000000000000000042 ) ) ;
#3702 = CARTESIAN_POINT ( 'NONE',  ( 0.8750000000000001110, 1.500999999999999890, 0.0000000000000000000 ) ) ;
#3703 = PRODUCT_DEFINITION_FORMATION_WITH_SPECIFIED_SOURCE ( 'ANY', '', #2337, .NOT_KNOWN. ) ;
#3704 = PRESENTATION_LAYER_ASSIGNMENT (  '', '', ( #1940 ) ) ;
#3705 = VERTEX_POINT ( 'NONE', #3027 ) ;
#3706 = CARTESIAN_POINT ( 'NONE',  ( -0.3749999999999995559, 1.099999999999999867, 0.2000000000000000111 ) ) ;
#3707 = SURFACE_SIDE_STYLE ('',( #4897 ) ) ;
#3708 = LINE ( 'NONE', #3250, #1509 ) ;
#3709 = DIRECTION ( 'NONE',  ( -1.000000000000000000, -4.324453109628779141E-15, 0.0000000000000000000 ) ) ;
#3710 = PRESENTATION_STYLE_ASSIGNMENT (( #3736 ) ) ;
#3711 = VERTEX_POINT ( 'NONE', #5132 ) ;
#3712 = EDGE_CURVE ( 'NONE', #2486, #1543, #764, .T. ) ;
#3713 = ORIENTED_EDGE ( 'NONE', *, *, #5467, .T. ) ;
#3714 = DIRECTION ( 'NONE',  ( -0.0000000000000000000, -0.0000000000000000000, -1.000000000000000000 ) ) ;
#3715 = CARTESIAN_POINT ( 'NONE',  ( 1.100000000000001865, -0.6249999999999962252, 0.2000000000000000111 ) ) ;
#3716 = VERTEX_POINT ( 'NONE', #3494 ) ;
#3717 = DIRECTION ( 'NONE',  ( 0.0000000000000000000, -0.0000000000000000000, 1.000000000000000000 ) ) ;
#3718 = CARTESIAN_POINT ( 'NONE',  ( 1.501000000000003443, -0.8749999999999941158, 0.2000000000000000111 ) ) ;
#3719 = PRESENTATION_STYLE_ASSIGNMENT (( #164 ) ) ;
#3720 = FACE_OUTER_BOUND ( 'NONE', #4056, .T. ) ;
#3721 = DIRECTION ( 'NONE',  ( 0.0000000000000000000, 0.0000000000000000000, 1.000000000000000000 ) ) ;
#3722 = EDGE_CURVE ( 'NONE', #1605, #2769, #2107, .T. ) ;
#3723 = COLOUR_RGB ( '',1.000000000000000000, 1.000000000000000000, 1.000000000000000000 ) ;
#3724 = CARTESIAN_POINT ( 'NONE',  ( 0.6249999999999992228, -1.500000000000000000, 0.02000000000000000042 ) ) ;
#3725 = FACE_OUTER_BOUND ( 'NONE', #3688, .T. ) ;
#3726 = FILL_AREA_STYLE_COLOUR ( '', #1643 ) ;
#3727 = CARTESIAN_POINT ( 'NONE',  ( -1.500999999999996781, -0.8750000000000054401, 0.2000000000000000111 ) ) ;
#3728 = SURFACE_SIDE_STYLE ('',( #1061 ) ) ;
#3729 = COLOUR_RGB ( '',1.000000000000000000, 1.000000000000000000, 1.000000000000000000 ) ;
#3730 = ORIENTED_EDGE ( 'NONE', *, *, #604, .T. ) ;
#3731 = CARTESIAN_POINT ( 'NONE',  ( 1.500000000000000444, 0.8750000000000031086, 0.1999999999999999833 ) ) ;
#3732 = DIRECTION ( 'NONE',  ( 0.0000000000000000000, 0.0000000000000000000, -1.000000000000000000 ) ) ;
#3733 = VECTOR ( 'NONE', #3183, 1000.000000000000000 ) ;
#3734 = DIRECTION ( 'NONE',  ( 0.0000000000000000000, 0.0000000000000000000, -1.000000000000000000 ) ) ;
#3735 = FILL_AREA_STYLE_COLOUR ( '', #2903 ) ;
#3736 = SURFACE_STYLE_USAGE ( .BOTH. , #2825 ) ;
#3737 = VECTOR ( 'NONE', #4341, 1000.000000000000000 ) ;
#3738 = VERTEX_POINT ( 'NONE', #5559 ) ;
#3739 = EDGE_LOOP ( 'NONE', ( #1785, #1756, #5061, #2125, #4494, #4037 ) ) ;
#3740 =( NAMED_UNIT ( * ) PLANE_ANGLE_UNIT ( ) SI_UNIT ( $, .RADIAN. ) );
#3741 = COLOUR_RGB ( '',1.000000000000000000, 1.000000000000000000, 1.000000000000000000 ) ;
#3742 = ORIENTED_EDGE ( 'NONE', *, *, #1347, .T. ) ;
#3743 =( GEOMETRIC_REPRESENTATION_CONTEXT ( 3 ) GLOBAL_UNCERTAINTY_ASSIGNED_CONTEXT ( ( #2367 ) ) GLOBAL_UNIT_ASSIGNED_CONTEXT ( ( #4867, #3643, #139 ) ) REPRESENTATION_CONTEXT ( 'NONE', 'WORKASPACE' ) );
#3744 = ORIENTED_EDGE ( 'NONE', *, *, #594, .F. ) ;
#3745 =( NAMED_UNIT ( * ) PLANE_ANGLE_UNIT ( ) SI_UNIT ( $, .RADIAN. ) );
#3746 = CARTESIAN_POINT ( 'NONE',  ( 1.500999999999997003, 0.8750000000000025535, 0.2000000000000000111 ) ) ;
#3747 = CARTESIAN_POINT ( 'NONE',  ( -1.500999999999999224, -0.1250000000000057454, 0.2000000000000000111 ) ) ;
#3748 = COLOUR_RGB ( '',1.000000000000000000, 1.000000000000000000, 1.000000000000000000 ) ;
#3749 = SURFACE_STYLE_USAGE ( .BOTH. , #2777 ) ;
#3750 = PRESENTATION_LAYER_ASSIGNMENT (  '', '', ( #769 ) ) ;
#3751 = UNCERTAINTY_MEASURE_WITH_UNIT (LENGTH_MEASURE( 1.000000000000000082E-05 ), #5102, 'distance_accuracy_value', 'NONE');
#3752 = LINE ( 'NONE', #5494, #2737 ) ;
#3753 = UNCERTAINTY_MEASURE_WITH_UNIT (LENGTH_MEASURE( 1.000000000000000082E-05 ), #67, 'distance_accuracy_value', 'NONE');
#3754 = FILL_AREA_STYLE_COLOUR ( '', #3794 ) ;
#3755 =( NAMED_UNIT ( * ) SI_UNIT ( $, .STERADIAN. ) SOLID_ANGLE_UNIT ( ) );
#3756 = FILL_AREA_STYLE_COLOUR ( '', #1959 ) ;
#3757 = DIRECTION ( 'NONE',  ( 0.0000000000000000000, -1.000000000000000000, 0.0000000000000000000 ) ) ;
#3758 =( NAMED_UNIT ( * ) PLANE_ANGLE_UNIT ( ) SI_UNIT ( $, .RADIAN. ) );
#3759 = EDGE_CURVE ( 'NONE', #2001, #2680, #1665, .T. ) ;
#3760 = PRESENTATION_LAYER_ASSIGNMENT (  '', '', ( #5433 ) ) ;
#3761 = ORIENTED_EDGE ( 'NONE', *, *, #3008, .F. ) ;
#3762 = FILL_AREA_STYLE ('',( #1993 ) ) ;
#3763 = COLOUR_RGB ( '',1.000000000000000000, 1.000000000000000000, 1.000000000000000000 ) ;
#3764 = FILL_AREA_STYLE_COLOUR ( '', #2073 ) ;
#3765 =( NAMED_UNIT ( * ) SI_UNIT ( $, .STERADIAN. ) SOLID_ANGLE_UNIT ( ) );
#3766 = DIRECTION ( 'NONE',  ( -1.445602896647339163E-16, 1.000000000000000000, -0.0000000000000000000 ) ) ;
#3767 = PRESENTATION_LAYER_ASSIGNMENT (  '', '', ( #5175 ) ) ;
#3768 = ORIENTED_EDGE ( 'NONE', *, *, #4590, .F. ) ;
#3769 = EDGE_LOOP ( 'NONE', ( #2122, #4550, #1012, #4613, #22, #3955, #3198, #1992, #2498, #3843, #4677, #4351, #3223, #3742, #4983, #1644, #4111, #4139, #605, #5540 ) ) ;
#3770 = DIRECTION ( 'NONE',  ( -1.000000000000000000, 1.445602896647338670E-16, 0.0000000000000000000 ) ) ;
#3771 = MECHANICAL_DESIGN_GEOMETRIC_PRESENTATION_REPRESENTATION (  '', ( #1913 ), #4659 ) ;
#3772 = PRESENTATION_STYLE_ASSIGNMENT (( #3685 ) ) ;
#3773 = VERTEX_POINT ( 'NONE', #3149 ) ;
#3774 = ORIENTED_EDGE ( 'NONE', *, *, #310, .T. ) ;
#3775 = ORIENTED_EDGE ( 'NONE', *, *, #4004, .T. ) ;
#3776 = EDGE_CURVE ( 'NONE', #4907, #2062, #4401, .T. ) ;
#3777 = SURFACE_STYLE_FILL_AREA ( #221 ) ;
#3778 =( NAMED_UNIT ( * ) PLANE_ANGLE_UNIT ( ) SI_UNIT ( $, .RADIAN. ) );
#3779 = DIRECTION ( 'NONE',  ( -1.000000000000000000, -4.325993705677820091E-15, 0.0000000000000000000 ) ) ;
#3780 = DIRECTION ( 'NONE',  ( -0.0000000000000000000, -0.0000000000000000000, -1.000000000000000000 ) ) ;
#3781 = STYLED_ITEM ( 'NONE', ( #2232 ), #23 ) ;
#3782 = EDGE_CURVE ( 'NONE', #4371, #4444, #997, .T. ) ;
#3783 = CARTESIAN_POINT ( 'NONE',  ( 1.099999999999999423, 0.1250000000000035805, 0.0000000000000000000 ) ) ;
#3784 =( LENGTH_UNIT ( ) NAMED_UNIT ( * ) SI_UNIT ( .MILLI., .METRE. ) );
#3785 = LINE ( 'NONE', #5047, #1865 ) ;
#3786 = CARTESIAN_POINT ( 'NONE',  ( 0.8249999999999991784, 1.099999999999999867, 0.0000000000000000000 ) ) ;
#3787 = CARTESIAN_POINT ( 'NONE',  ( 1.150000000000002354, -0.8749999999999956701, 0.2000000000000000111 ) ) ;
#3788 = ORIENTED_EDGE ( 'NONE', *, *, #3893, .T. ) ;
#3789 = ADVANCED_FACE ( 'NONE', ( #1366 ), #2220, .F. ) ;
#3790 = SURFACE_SIDE_STYLE ('',( #2474 ) ) ;
#3791 = VECTOR ( 'NONE', #438, 1000.000000000000000 ) ;
#3792 = FILL_AREA_STYLE ('',( #2849 ) ) ;
#3793 = DIRECTION ( 'NONE',  ( 0.7071067811865469066, 0.7071067811865482389, 0.0000000000000000000 ) ) ;
#3794 = COLOUR_RGB ( '',1.000000000000000000, 1.000000000000000000, 1.000000000000000000 ) ;
#3795 = EDGE_CURVE ( 'NONE', #3481, #51, #2660, .T. ) ;
#3796 = PRESENTATION_LAYER_ASSIGNMENT (  '', '', ( #2572 ) ) ;
#3797 = AXIS2_PLACEMENT_3D ( 'NONE', #5595, #795, #411 ) ;
#3798 =( NAMED_UNIT ( * ) SI_UNIT ( $, .STERADIAN. ) SOLID_ANGLE_UNIT ( ) );
#3799 = ORIENTED_EDGE ( 'NONE', *, *, #871, .F. ) ;
#3800 = ORIENTED_EDGE ( 'NONE', *, *, #1932, .F. ) ;
#3801 = DIRECTION ( 'NONE',  ( 0.0000000000000000000, 0.0000000000000000000, 1.000000000000000000 ) ) ;
#3802 = CARTESIAN_POINT ( 'NONE',  ( -0.8249999999999997335, -1.099999999999999867, 0.01999999999999999695 ) ) ;
#3803 = CARTESIAN_POINT ( 'NONE',  ( 1.500000000000000444, 0.6250000000000048850, 0.2000000000000000111 ) ) ;
#3804 = CARTESIAN_POINT ( 'NONE',  ( -0.8249999999999997335, -1.099999999999999867, 0.0000000000000000000 ) ) ;
#3805 = UNCERTAINTY_MEASURE_WITH_UNIT (LENGTH_MEASURE( 1.000000000000000082E-05 ), #5281, 'distance_accuracy_value', 'NONE');
#3806 = DIRECTION ( 'NONE',  ( -0.7071067811865483499, 0.7071067811865467956, 0.0000000000000000000 ) ) ;
#3807 = CARTESIAN_POINT ( 'NONE',  ( 0.6249999999999991118, 1.500999999999999890, 0.2000000000000000111 ) ) ;
#3808 = DIRECTION ( 'NONE',  ( -2.891205793294678326E-16, 1.000000000000000000, 0.0000000000000000000 ) ) ;
#3809 = CARTESIAN_POINT ( 'NONE',  ( 0.3749999999999995559, 1.099999999999999867, 0.0000000000000000000 ) ) ;
#3810 = LINE ( 'NONE', #4238, #5095 ) ;
#3811 = DIRECTION ( 'NONE',  ( 0.7071067811865483499, 0.7071067811865467956, -0.0000000000000000000 ) ) ;
#3812 = UNCERTAINTY_MEASURE_WITH_UNIT (LENGTH_MEASURE( 1.000000000000000082E-05 ), #4252, 'distance_accuracy_value', 'NONE');
#3813 = AXIS2_PLACEMENT_3D ( 'NONE', #5292, #3210, #490 ) ;
#3814 = ORIENTED_EDGE ( 'NONE', *, *, #5207, .T. ) ;
#3815 = CARTESIAN_POINT ( 'NONE',  ( -0.3749999999999997780, -1.099999999999999867, 0.2000000000000000111 ) ) ;
#3816 = FACE_OUTER_BOUND ( 'NONE', #4995, .T. ) ;
#3817 = CARTESIAN_POINT ( 'NONE',  ( -0.6249999999999992228, 1.500000000000000000, 0.9000000000000001332 ) ) ;
#3818 =( LENGTH_UNIT ( ) NAMED_UNIT ( * ) SI_UNIT ( .MILLI., .METRE. ) );
#3819 = FACE_OUTER_BOUND ( 'NONE', #5177, .T. ) ;
#3820 = VECTOR ( 'NONE', #1875, 1000.000000000000000 ) ;
#3821 =( NAMED_UNIT ( * ) SI_UNIT ( $, .STERADIAN. ) SOLID_ANGLE_UNIT ( ) );
#3822 = EDGE_CURVE ( 'NONE', #3015, #1793, #3610, .T. ) ;
#3823 = ORIENTED_EDGE ( 'NONE', *, *, #2173, .F. ) ;
#3824 = PRESENTATION_LAYER_ASSIGNMENT (  '', '', ( #5050 ) ) ;
#3825 = ORIENTED_EDGE ( 'NONE', *, *, #3165, .F. ) ;
#3826 = FILL_AREA_STYLE_COLOUR ( '', #140 ) ;
#3827 = VERTEX_POINT ( 'NONE', #34 ) ;
#3828 = ORIENTED_EDGE ( 'NONE', *, *, #721, .T. ) ;
#3829 = PRESENTATION_LAYER_ASSIGNMENT (  '', '', ( #3092 ) ) ;
#3830 = FACE_OUTER_BOUND ( 'NONE', #146, .T. ) ;
#3831 = CARTESIAN_POINT ( 'NONE',  ( -1.499999999999999112, -1.500000000000000000, 0.9000000000000001332 ) ) ;
#3832 = LINE ( 'NONE', #4694, #3440 ) ;
#3833 = DIRECTION ( 'NONE',  ( 0.0000000000000000000, -0.0000000000000000000, 1.000000000000000000 ) ) ;
#3834 = SURFACE_STYLE_USAGE ( .BOTH. , #1250 ) ;
#3835 = ADVANCED_FACE ( 'NONE', ( #3178 ), #3212, .F. ) ;
#3836 = FILL_AREA_STYLE ('',( #3889 ) ) ;
#3837 = CARTESIAN_POINT ( 'NONE',  ( 0.6249999999999995559, -1.500999999999999890, 0.2000000000000000111 ) ) ;
#3838 = PRESENTATION_LAYER_ASSIGNMENT (  '', '', ( #3099 ) ) ;
#3839 = VECTOR ( 'NONE', #5631, 1000.000000000000000 ) ;
#3840 =( NAMED_UNIT ( * ) PLANE_ANGLE_UNIT ( ) SI_UNIT ( $, .RADIAN. ) );
#3841 = CARTESIAN_POINT ( 'NONE',  ( 0.1249999999999998890, -1.500000000000000000, 0.02000000000000000042 ) ) ;
#3842 = VECTOR ( 'NONE', #1541, 1000.000000000000000 ) ;
#3843 = ORIENTED_EDGE ( 'NONE', *, *, #1084, .T. ) ;
#3844 = DIRECTION ( 'NONE',  ( -1.000000000000000000, -0.0000000000000000000, -0.0000000000000000000 ) ) ;
#3845 = EDGE_CURVE ( 'NONE', #1702, #2769, #1815, .T. ) ;
#3846 = SURFACE_SIDE_STYLE ('',( #2024 ) ) ;
#3847 = CARTESIAN_POINT ( 'NONE',  ( 1.501000000000002332, -0.6249999999999944489, 0.0000000000000000000 ) ) ;
#3848 = SURFACE_STYLE_FILL_AREA ( #4628 ) ;
#3849 = VECTOR ( 'NONE', #4285, 1000.000000000000000 ) ;
#3850 = AXIS2_PLACEMENT_3D ( 'NONE', #640, #1942, #3657 ) ;
#3851 = ORIENTED_EDGE ( 'NONE', *, *, #4398, .T. ) ;
#3852 = VERTEX_POINT ( 'NONE', #3804 ) ;
#3853 = EDGE_CURVE ( 'NONE', #2997, #1158, #5017, .T. ) ;
#3854 = CARTESIAN_POINT ( 'NONE',  ( 1.501000000000001444, -0.3749999999999946709, 0.2000000000000000111 ) ) ;
#3855 = SURFACE_SIDE_STYLE ('',( #2091 ) ) ;
#3856 = ORIENTED_EDGE ( 'NONE', *, *, #3900, .T. ) ;
#3857 = ORIENTED_EDGE ( 'NONE', *, *, #3503, .T. ) ;
#3858 = VERTEX_POINT ( 'NONE', #2013 ) ;
#3859 = DIRECTION ( 'NONE',  ( 1.000000000000000000, 0.0000000000000000000, 0.0000000000000000000 ) ) ;
#3860 = EDGE_CURVE ( 'NONE', #5661, #339, #1507, .T. ) ;
#3861 = FILL_AREA_STYLE_COLOUR ( '', #3723 ) ;
#3862 = LINE ( 'NONE', #3448, #3737 ) ;
#3863 = UNCERTAINTY_MEASURE_WITH_UNIT (LENGTH_MEASURE( 1.000000000000000082E-05 ), #2134, 'distance_accuracy_value', 'NONE');
#3864 = SURFACE_SIDE_STYLE ('',( #5210 ) ) ;
#3865 = AXIS2_PLACEMENT_3D ( 'NONE', #4334, #3388, #3903 ) ;
#3866 = UNCERTAINTY_MEASURE_WITH_UNIT (LENGTH_MEASURE( 1.000000000000000082E-05 ), #3307, 'distance_accuracy_value', 'NONE');
#3867 = EDGE_LOOP ( 'NONE', ( #986, #2400, #5338, #3315, #821, #2249 ) ) ;
#3868 =( LENGTH_UNIT ( ) NAMED_UNIT ( * ) SI_UNIT ( .MILLI., .METRE. ) );
#3869 = VECTOR ( 'NONE', #5568, 1000.000000000000000 ) ;
#3870 = DIRECTION ( 'NONE',  ( -0.0000000000000000000, -0.0000000000000000000, 1.000000000000000000 ) ) ;
#3871 = STYLED_ITEM ( 'NONE', ( #2496 ), #5305 ) ;
#3872 = ORIENTED_EDGE ( 'NONE', *, *, #4398, .F. ) ;
#3873 = EDGE_CURVE ( 'NONE', #3261, #1153, #4619, .T. ) ;
#3874 = DIRECTION ( 'NONE',  ( 0.0000000000000000000, -1.000000000000000000, 0.0000000000000000000 ) ) ;
#3875 = FILL_AREA_STYLE_COLOUR ( '', #1286 ) ;
#3876 = DIRECTION ( 'NONE',  ( 2.891205793294678326E-16, -1.000000000000000000, 0.0000000000000000000 ) ) ;
#3877 = DIRECTION ( 'NONE',  ( 2.703746066048639529E-16, -1.000000000000000000, 0.0000000000000000000 ) ) ;
#3878 = ORIENTED_EDGE ( 'NONE', *, *, #3495, .T. ) ;
#3879 = VECTOR ( 'NONE', #4752, 1000.000000000000000 ) ;
#3880 = MECHANICAL_DESIGN_GEOMETRIC_PRESENTATION_REPRESENTATION (  '', ( #2661 ), #2399 ) ;
#3881 =( NAMED_UNIT ( * ) PLANE_ANGLE_UNIT ( ) SI_UNIT ( $, .RADIAN. ) );
#3882 = CARTESIAN_POINT ( 'NONE',  ( 0.8750000000000003331, -1.500000000000000000, 0.9000000000000001332 ) ) ;
#3883 = EDGE_CURVE ( 'NONE', #2405, #2569, #2808, .T. ) ;
#3884 = VERTEX_POINT ( 'NONE', #138 ) ;
#3885 = PRESENTATION_LAYER_ASSIGNMENT (  '', '', ( #4774 ) ) ;
#3886 = ORIENTED_EDGE ( 'NONE', *, *, #3160, .T. ) ;
#3887 = CARTESIAN_POINT ( 'NONE',  ( -0.8249999999999992895, 1.099999999999999867, 0.01999999999999999695 ) ) ;
#3888 = SURFACE_STYLE_FILL_AREA ( #5182 ) ;
#3889 = FILL_AREA_STYLE_COLOUR ( '', #322 ) ;
#3890 = EDGE_CURVE ( 'NONE', #801, #5121, #5492, .T. ) ;
#3891 = ORIENTED_EDGE ( 'NONE', *, *, #1946, .T. ) ;
#3892 = PLANE ( 'NONE',  #1103 ) ;
#3893 = EDGE_CURVE ( 'NONE', #3711, #3104, #616, .T. ) ;
#3894 = ORIENTED_EDGE ( 'NONE', *, *, #4776, .T. ) ;
#3895 = CARTESIAN_POINT ( 'NONE',  ( -1.100000000000012523, -1.500000000000009104, 0.02000000000000000042 ) ) ;
#3896 = DIRECTION ( 'NONE',  ( 1.000000000000000000, 0.0000000000000000000, 0.0000000000000000000 ) ) ;
#3897 = CARTESIAN_POINT ( 'NONE',  ( 1.500000000000000666, 0.3750000000000046629, 0.1999999999999999833 ) ) ;
#3898 = LINE ( 'NONE', #3500, #3869 ) ;
#3899 = PLANE ( 'NONE',  #499 ) ;
#3900 = EDGE_CURVE ( 'NONE', #697, #1379, #5042, .T. ) ;
#3901 = ORIENTED_EDGE ( 'NONE', *, *, #2746, .F. ) ;
#3902 = VECTOR ( 'NONE', #2396, 1000.000000000000000 ) ;
#3903 = DIRECTION ( 'NONE',  ( 1.000000000000000000, 0.0000000000000000000, -0.0000000000000000000 ) ) ;
#3904 = COLOUR_RGB ( '',1.000000000000000000, 1.000000000000000000, 1.000000000000000000 ) ;
#3905 = EDGE_LOOP ( 'NONE', ( #1597, #2448, #1877, #2109 ) ) ;
#3906 = ORIENTED_EDGE ( 'NONE', *, *, #1508, .F. ) ;
#3907 = ORIENTED_EDGE ( 'NONE', *, *, #2089, .F. ) ;
#3908 = PLANE ( 'NONE',  #4475 ) ;
#3909 = CARTESIAN_POINT ( 'NONE',  ( -1.637500000000002620, -1.362499999999996048, 0.02000000000000000042 ) ) ;
#3910 = DIRECTION ( 'NONE',  ( 1.000000000000000000, 4.325993705677820091E-15, -0.0000000000000000000 ) ) ;
#3911 =( NAMED_UNIT ( * ) SI_UNIT ( $, .STERADIAN. ) SOLID_ANGLE_UNIT ( ) );
#3912 = UNCERTAINTY_MEASURE_WITH_UNIT (LENGTH_MEASURE( 1.000000000000000082E-05 ), #1455, 'distance_accuracy_value', 'NONE');
#3913 =( LENGTH_UNIT ( ) NAMED_UNIT ( * ) SI_UNIT ( .MILLI., .METRE. ) );
#3914 = EDGE_LOOP ( 'NONE', ( #3621, #4221, #1686, #3613 ) ) ;
#3915 = MECHANICAL_DESIGN_GEOMETRIC_PRESENTATION_REPRESENTATION (  '', ( #3189 ), #5416 ) ;
#3916 = SURFACE_STYLE_USAGE ( .BOTH. , #3400 ) ;
#3917 = DIRECTION ( 'NONE',  ( 0.0000000000000000000, 1.000000000000000000, 0.0000000000000000000 ) ) ;
#3918 = ADVANCED_FACE ( 'NONE', ( #167 ), #1133, .F. ) ;
#3919 = PRESENTATION_LAYER_ASSIGNMENT (  '', '', ( #5059 ) ) ;
#3920 = UNCERTAINTY_MEASURE_WITH_UNIT (LENGTH_MEASURE( 1.000000000000000082E-05 ), #5200, 'distance_accuracy_value', 'NONE');
#3921 = SURFACE_STYLE_USAGE ( .BOTH. , #406 ) ;
#3922 = EDGE_LOOP ( 'NONE', ( #2345, #4324, #603, #854 ) ) ;
#3923 = PRESENTATION_LAYER_ASSIGNMENT (  '', '', ( #1985 ) ) ;
#3924 = VECTOR ( 'NONE', #555, 1000.000000000000000 ) ;
#3925 = LINE ( 'NONE', #4325, #4104 ) ;
#3926 = SURFACE_SIDE_STYLE ('',( #2607 ) ) ;
#3927 = LINE ( 'NONE', #5655, #2348 ) ;
#3928 = DIRECTION ( 'NONE',  ( 1.000000000000000000, 3.469446951953617344E-15, -0.0000000000000000000 ) ) ;
#3929 = EDGE_CURVE ( 'NONE', #3104, #1339, #4643, .T. ) ;
#3930 = DIRECTION ( 'NONE',  ( -3.469446951953617344E-15, 1.000000000000000000, 0.0000000000000000000 ) ) ;
#3931 = VECTOR ( 'NONE', #1225, 1000.000000000000000 ) ;
#3932 = VERTEX_POINT ( 'NONE', #2984 ) ;
#3933 = FACE_OUTER_BOUND ( 'NONE', #1151, .T. ) ;
#3934 = VECTOR ( 'NONE', #4201, 1000.000000000000000 ) ;
#3935 = EDGE_CURVE ( 'NONE', #576, #955, #338, .T. ) ;
#3936 = DIRECTION ( 'NONE',  ( -0.0000000000000000000, -0.0000000000000000000, -1.000000000000000000 ) ) ;
#3937 =( NAMED_UNIT ( * ) SI_UNIT ( $, .STERADIAN. ) SOLID_ANGLE_UNIT ( ) );
#3938 = ORIENTED_EDGE ( 'NONE', *, *, #2193, .F. ) ;
#3939 = ORIENTED_EDGE ( 'NONE', *, *, #4718, .T. ) ;
#3940 = ORIENTED_EDGE ( 'NONE', *, *, #3282, .F. ) ;
#3941 =( LENGTH_UNIT ( ) NAMED_UNIT ( * ) SI_UNIT ( .MILLI., .METRE. ) );
#3942 = MECHANICAL_DESIGN_GEOMETRIC_PRESENTATION_REPRESENTATION (  '', ( #5175 ), #3672 ) ;
#3943 = LINE ( 'NONE', #1713, #2414 ) ;
#3944 = CARTESIAN_POINT ( 'NONE',  ( 0.6249999999999991118, 1.500999999999999890, 0.0000000000000000000 ) ) ;
#3945 = FACE_OUTER_BOUND ( 'NONE', #5143, .T. ) ;
#3946 = CARTESIAN_POINT ( 'NONE',  ( 1.500999999999999668, 0.1250000000000053291, 0.2000000000000000111 ) ) ;
#3947 = ORIENTED_EDGE ( 'NONE', *, *, #2465, .F. ) ;
#3948 = PRESENTATION_LAYER_ASSIGNMENT (  '', '', ( #2460 ) ) ;
#3949 = PRESENTATION_STYLE_ASSIGNMENT (( #399 ) ) ;
#3950 =( LENGTH_UNIT ( ) NAMED_UNIT ( * ) SI_UNIT ( .MILLI., .METRE. ) );
#3951 = STYLED_ITEM ( 'NONE', ( #1157 ), #4799 ) ;
#3952 = DIRECTION ( 'NONE',  ( 0.0000000000000000000, 1.000000000000000000, 0.0000000000000000000 ) ) ;
#3953 = EDGE_CURVE ( 'NONE', #4379, #2095, #394, .T. ) ;
#3954 = VECTOR ( 'NONE', #855, 1000.000000000000000 ) ;
#3955 = ORIENTED_EDGE ( 'NONE', *, *, #1971, .T. ) ;
#3956 = LINE ( 'NONE', #3895, #1322 ) ;
#3957 = CARTESIAN_POINT ( 'NONE',  ( 1.500000000000000888, -0.8749999999999942268, 0.02000000000000005246 ) ) ;
#3958 = SURFACE_STYLE_USAGE ( .BOTH. , #2609 ) ;
#3959 = DIRECTION ( 'NONE',  ( -1.000000000000000000, -0.0000000000000000000, -0.0000000000000000000 ) ) ;
#3960 = CARTESIAN_POINT ( 'NONE',  ( -0.3749999999999995559, 1.500999999999999890, 0.2000000000000000111 ) ) ;
#3961 = EDGE_CURVE ( 'NONE', #479, #3992, #4723, .T. ) ;
#3962 = ORIENTED_EDGE ( 'NONE', *, *, #2362, .T. ) ;
#3963 = COLOUR_RGB ( '',1.000000000000000000, 1.000000000000000000, 1.000000000000000000 ) ;
#3964 = FILL_AREA_STYLE_COLOUR ( '', #4051 ) ;
#3965 = MECHANICAL_DESIGN_GEOMETRIC_PRESENTATION_REPRESENTATION (  '', ( #5361 ), #1548 ) ;
#3966 = DIRECTION ( 'NONE',  ( 2.891205793294678326E-16, -1.000000000000000000, 0.0000000000000000000 ) ) ;
#3967 = FILL_AREA_STYLE ('',( #2677 ) ) ;
#3968 = ADVANCED_FACE ( 'NONE', ( #3945 ), #3486, .F. ) ;
#3969 = ORIENTED_EDGE ( 'NONE', *, *, #4904, .F. ) ;
#3970 = EDGE_LOOP ( 'NONE', ( #2674, #726, #4849, #2884, #4083, #293 ) ) ;
#3971 = ORIENTED_EDGE ( 'NONE', *, *, #2159, .F. ) ;
#3972 = LINE ( 'NONE', #5421, #3902 ) ;
#3973 = LINE ( 'NONE', #600, #4818 ) ;
#3974 = MECHANICAL_DESIGN_GEOMETRIC_PRESENTATION_REPRESENTATION (  '', ( #4859 ), #1107 ) ;
#3975 = EDGE_CURVE ( 'NONE', #1445, #3884, #5071, .T. ) ;
#3976 = STYLED_ITEM ( 'NONE', ( #5170 ), #750 ) ;
#3977 = ORIENTED_EDGE ( 'NONE', *, *, #4449, .T. ) ;
#3978 = DIRECTION ( 'NONE',  ( 3.469446951953617344E-15, -1.000000000000000000, 0.0000000000000000000 ) ) ;
#3979 = DIRECTION ( 'NONE',  ( 1.000000000000000000, 0.0000000000000000000, 0.0000000000000000000 ) ) ;
#3980 = SURFACE_STYLE_FILL_AREA ( #494 ) ;
#3981 = CARTESIAN_POINT ( 'NONE',  ( -0.3749999999999995559, 1.099999999999999867, 0.0000000000000000000 ) ) ;
#3982 = EDGE_LOOP ( 'NONE', ( #922, #5038, #1128, #2562 ) ) ;
#3983 = FILL_AREA_STYLE_COLOUR ( '', #3509 ) ;
#3984 = DIRECTION ( 'NONE',  ( 0.0000000000000000000, 1.000000000000000000, -0.0000000000000000000 ) ) ;
#3985 = FACE_OUTER_BOUND ( 'NONE', #4132, .T. ) ;
#3986 = LINE ( 'NONE', #11, #5006 ) ;
#3987 = CARTESIAN_POINT ( 'NONE',  ( -1.500000000000000000, 1.500000000000000000, 0.1999999999999999833 ) ) ;
#3988 = ORIENTED_EDGE ( 'NONE', *, *, #5434, .T. ) ;
#3989 = FILL_AREA_STYLE_COLOUR ( '', #340 ) ;
#3990 = MECHANICAL_DESIGN_GEOMETRIC_PRESENTATION_REPRESENTATION (  '', ( #3976 ), #5303 ) ;
#3991 = CARTESIAN_POINT ( 'NONE',  ( 1.501000000000003443, -0.8749999999999941158, 0.2000000000000000111 ) ) ;
#3992 = VERTEX_POINT ( 'NONE', #2543 ) ;
#3993 = VECTOR ( 'NONE', #3019, 1000.000000000000000 ) ;
#3994 = VERTEX_POINT ( 'NONE', #4668 ) ;
#3995 = ORIENTED_EDGE ( 'NONE', *, *, #3322, .F. ) ;
#3996 = LINE ( 'NONE', #25, #2084 ) ;
#3997 = EDGE_CURVE ( 'NONE', #2552, #4048, #732, .T. ) ;
#3998 = CARTESIAN_POINT ( 'NONE',  ( 1.500000000000000666, 0.6250000000000048850, 0.9000000000000001332 ) ) ;
#3999 = STYLED_ITEM ( 'NONE', ( #914 ), #1434 ) ;
#4000 = EDGE_LOOP ( 'NONE', ( #1039, #1438, #5117, #2712 ) ) ;
#4001 = MECHANICAL_DESIGN_GEOMETRIC_PRESENTATION_REPRESENTATION (  '', ( #1687 ), #2981 ) ;
#4002 = SURFACE_STYLE_USAGE ( .BOTH. , #1812 ) ;
#4003 = CARTESIAN_POINT ( 'NONE',  ( -0.3749999999999997780, -1.500999999999999890, 0.2000000000000000111 ) ) ;
#4004 = EDGE_CURVE ( 'NONE', #576, #2650, #277, .T. ) ;
#4005 =( NAMED_UNIT ( * ) PLANE_ANGLE_UNIT ( ) SI_UNIT ( $, .RADIAN. ) );
#4006 =( GEOMETRIC_REPRESENTATION_CONTEXT ( 3 ) GLOBAL_UNCERTAINTY_ASSIGNED_CONTEXT ( ( #204 ) ) GLOBAL_UNIT_ASSIGNED_CONTEXT ( ( #4247, #5146, #663 ) ) REPRESENTATION_CONTEXT ( 'NONE', 'WORKASPACE' ) );
#4007 = ORIENTED_EDGE ( 'NONE', *, *, #3232, .T. ) ;
#4008 = FILL_AREA_STYLE_COLOUR ( '', #684 ) ;
#4009 = AXIS2_PLACEMENT_3D ( 'NONE', #3256, #4562, #4587 ) ;
#4010 = CARTESIAN_POINT ( 'NONE',  ( -1.500999999999996781, -0.8750000000000054401, 0.2000000000000000111 ) ) ;
#4011 = DIRECTION ( 'NONE',  ( 1.000000000000000000, 4.325993705677820091E-15, -0.0000000000000000000 ) ) ;
#4012 = MECHANICAL_DESIGN_GEOMETRIC_PRESENTATION_REPRESENTATION (  '', ( #4287 ), #4556 ) ;
#4013 = VERTEX_POINT ( 'NONE', #5127 ) ;
#4014 = ADVANCED_FACE ( 'NONE', ( #5523 ), #3396, .F. ) ;
#4015 = PLANE ( 'NONE',  #5152 ) ;
#4016 = FILL_AREA_STYLE_COLOUR ( '', #1552 ) ;
#4017 = SURFACE_SIDE_STYLE ('',( #2204 ) ) ;
#4018 = VECTOR ( 'NONE', #2594, 1000.000000000000000 ) ;
#4019 = DIRECTION ( 'NONE',  ( 1.000000000000000000, 4.325993705677817725E-15, 0.0000000000000000000 ) ) ;
#4020 = VECTOR ( 'NONE', #4153, 1000.000000000000000 ) ;
#4021 = VERTEX_POINT ( 'NONE', #4836 ) ;
#4022 = ORIENTED_EDGE ( 'NONE', *, *, #2834, .T. ) ;
#4023 = ORIENTED_EDGE ( 'NONE', *, *, #766, .F. ) ;
#4024 = VECTOR ( 'NONE', #2567, 1000.000000000000000 ) ;
#4025 = PRESENTATION_STYLE_ASSIGNMENT (( #2266 ) ) ;
#4026 = PLANE ( 'NONE',  #1832 ) ;
#4027 = ADVANCED_FACE ( 'NONE', ( #928 ), #870, .F. ) ;
#4028 = FILL_AREA_STYLE_COLOUR ( '', #2402 ) ;
#4029 = DIRECTION ( 'NONE',  ( -0.0000000000000000000, -0.0000000000000000000, -1.000000000000000000 ) ) ;
#4030 = PRESENTATION_STYLE_ASSIGNMENT (( #549 ) ) ;
#4031 = SURFACE_STYLE_FILL_AREA ( #1333 ) ;
#4032 =( NAMED_UNIT ( * ) SI_UNIT ( $, .STERADIAN. ) SOLID_ANGLE_UNIT ( ) );
#4033 = FILL_AREA_STYLE_COLOUR ( '', #4565 ) ;
#4034 = LINE ( 'NONE', #1450, #4490 ) ;
#4035 = UNCERTAINTY_MEASURE_WITH_UNIT (LENGTH_MEASURE( 1.000000000000000082E-05 ), #5012, 'distance_accuracy_value', 'NONE');
#4036 = ADVANCED_FACE ( 'NONE', ( #2653 ), #2743, .F. ) ;
#4037 = ORIENTED_EDGE ( 'NONE', *, *, #2973, .T. ) ;
#4038 = CARTESIAN_POINT ( 'NONE',  ( 1.500000000000000666, -0.3749999999999946709, 0.9000000000000001332 ) ) ;
#4039 = FILL_AREA_STYLE ('',( #1819 ) ) ;
#4040 = STYLED_ITEM ( 'NONE', ( #1367 ), #4472 ) ;
#4041 =( NAMED_UNIT ( * ) PLANE_ANGLE_UNIT ( ) SI_UNIT ( $, .RADIAN. ) );
#4042 =( NAMED_UNIT ( * ) SI_UNIT ( $, .STERADIAN. ) SOLID_ANGLE_UNIT ( ) );
#4043 = CARTESIAN_POINT ( 'NONE',  ( -0.8749999999999995559, -1.149999999999999689, 0.2000000000000000111 ) ) ;
#4044 = DIRECTION ( 'NONE',  ( -1.000000000000000000, -4.336808689942023258E-15, 0.0000000000000000000 ) ) ;
#4045 = DIRECTION ( 'NONE',  ( 0.0000000000000000000, 0.0000000000000000000, 1.000000000000000000 ) ) ;
#4046 = UNCERTAINTY_MEASURE_WITH_UNIT (LENGTH_MEASURE( 1.000000000000000082E-05 ), #2224, 'distance_accuracy_value', 'NONE');
#4047 = EDGE_CURVE ( 'NONE', #1770, #1741, #1123, .T. ) ;
#4048 = VERTEX_POINT ( 'NONE', #4136 ) ;
#4049 = STYLED_ITEM ( 'NONE', ( #864 ), #4901 ) ;
#4050 = DIRECTION ( 'NONE',  ( 1.000000000000000000, 0.0000000000000000000, 0.0000000000000000000 ) ) ;
#4051 = COLOUR_RGB ( '',1.000000000000000000, 1.000000000000000000, 1.000000000000000000 ) ;
#4052 = PRESENTATION_LAYER_ASSIGNMENT (  '', '', ( #5361 ) ) ;
#4053 = ORIENTED_EDGE ( 'NONE', *, *, #2278, .F. ) ;
#4054 = ORIENTED_EDGE ( 'NONE', *, *, #610, .T. ) ;
#4055 = CARTESIAN_POINT ( 'NONE',  ( 1.000000000000000000, 1.000000000000000000, 0.8500000000000000888 ) ) ;
#4056 = EDGE_LOOP ( 'NONE', ( #2796, #5399, #2421, #3977 ) ) ;
#4057 = AXIS2_PLACEMENT_3D ( 'NONE', #4353, #4405, #1452 ) ;
#4058 =( NAMED_UNIT ( * ) SI_UNIT ( $, .STERADIAN. ) SOLID_ANGLE_UNIT ( ) );
#4059 = PRESENTATION_STYLE_ASSIGNMENT (( #933 ) ) ;
#4060 = LINE ( 'NONE', #4913, #3403 ) ;
#4061 = DIRECTION ( 'NONE',  ( -0.0000000000000000000, -0.0000000000000000000, -1.000000000000000000 ) ) ;
#4062 = ADVANCED_FACE ( 'NONE', ( #2456 ), #1015, .F. ) ;
#4063 = ADVANCED_FACE ( 'NONE', ( #2771 ), #4533, .F. ) ;
#4064 = COLOUR_RGB ( '',1.000000000000000000, 1.000000000000000000, 1.000000000000000000 ) ;
#4065 = COLOUR_RGB ( '',1.000000000000000000, 1.000000000000000000, 1.000000000000000000 ) ;
#4066 = FILL_AREA_STYLE_COLOUR ( '', #1191 ) ;
#4067 =( NAMED_UNIT ( * ) PLANE_ANGLE_UNIT ( ) SI_UNIT ( $, .RADIAN. ) );
#4068 = CARTESIAN_POINT ( 'NONE',  ( 0.1249999999999998890, -1.500999999999999890, 0.2000000000000000111 ) ) ;
#4069 = SURFACE_SIDE_STYLE ('',( #531 ) ) ;
#4070 = ADVANCED_FACE ( 'NONE', ( #243 ), #271, .F. ) ;
#4071 = VERTEX_POINT ( 'NONE', #2058 ) ;
#4072 = DIRECTION ( 'NONE',  ( 0.0000000000000000000, -1.000000000000000000, 0.0000000000000000000 ) ) ;
#4073 = SURFACE_STYLE_FILL_AREA ( #5333 ) ;
#4074 = SURFACE_STYLE_USAGE ( .BOTH. , #1933 ) ;
#4075 = EDGE_CURVE ( 'NONE', #4428, #3932, #353, .T. ) ;
#4076 = LINE ( 'NONE', #3680, #2826 ) ;
#4077 = VERTEX_POINT ( 'NONE', #3477 ) ;
#4078 = EDGE_LOOP ( 'NONE', ( #5370, #3309, #2291, #3814 ) ) ;
#4079 = CARTESIAN_POINT ( 'NONE',  ( -0.1250000000000001110, -1.500000000000000000, 0.02000000000000005246 ) ) ;
#4080 = SURFACE_SIDE_STYLE ('',( #5314 ) ) ;
#4081 = SURFACE_STYLE_FILL_AREA ( #2321 ) ;
#4082 = COLOUR_RGB ( '',1.000000000000000000, 1.000000000000000000, 1.000000000000000000 ) ;
#4083 = ORIENTED_EDGE ( 'NONE', *, *, #3039, .T. ) ;
#4084 = EDGE_CURVE ( 'NONE', #3537, #2738, #2120, .T. ) ;
#4085 = FACE_BOUND ( 'NONE', #3417, .T. ) ;
#4086 = SURFACE_STYLE_FILL_AREA ( #1566 ) ;
#4087 = SURFACE_SIDE_STYLE ('',( #969 ) ) ;
#4088 = PLANE ( 'NONE',  #5539 ) ;
#4089 = PRESENTATION_STYLE_ASSIGNMENT (( #2781 ) ) ;
#4090 = LINE ( 'NONE', #115, #1512 ) ;
#4091 = LINE ( 'NONE', #942, #3070 ) ;
#4092 = FILL_AREA_STYLE_COLOUR ( '', #1000 ) ;
#4093 = CARTESIAN_POINT ( 'NONE',  ( 0.6249999999999991118, 1.500999999999999890, 0.2000000000000000111 ) ) ;
#4094 = VECTOR ( 'NONE', #4446, 1000.000000000000000 ) ;
#4095 = UNCERTAINTY_MEASURE_WITH_UNIT (LENGTH_MEASURE( 1.000000000000000082E-05 ), #54, 'distance_accuracy_value', 'NONE');
#4096 = ORIENTED_EDGE ( 'NONE', *, *, #2089, .T. ) ;
#4097 = COLOUR_RGB ( '',1.000000000000000000, 1.000000000000000000, 1.000000000000000000 ) ;
#4098 = VECTOR ( 'NONE', #4072, 1000.000000000000000 ) ;
#4099 = EDGE_CURVE ( 'NONE', #5461, #875, #5092, .T. ) ;
#4100 = SURFACE_STYLE_USAGE ( .BOTH. , #4525 ) ;
#4101 = DIRECTION ( 'NONE',  ( 1.000000000000000000, 4.325993705677824825E-15, 0.0000000000000000000 ) ) ;
#4102 = PLANE ( 'NONE',  #5060 ) ;
#4103 = VECTOR ( 'NONE', #5390, 1000.000000000000000 ) ;
#4104 = VECTOR ( 'NONE', #5110, 1000.000000000000000 ) ;
#4105 = ORIENTED_EDGE ( 'NONE', *, *, #2967, .F. ) ;
#4106 = EDGE_CURVE ( 'NONE', #781, #955, #512, .T. ) ;
#4107 = ORIENTED_EDGE ( 'NONE', *, *, #1594, .T. ) ;
#4108 = STYLED_ITEM ( 'NONE', ( #1526 ), #2499 ) ;
#4109 =( LENGTH_UNIT ( ) NAMED_UNIT ( * ) SI_UNIT ( .MILLI., .METRE. ) );
#4110 = PRESENTATION_LAYER_ASSIGNMENT (  '', '', ( #2363 ) ) ;
#4111 = ORIENTED_EDGE ( 'NONE', *, *, #3900, .F. ) ;
#4112 = DIRECTION ( 'NONE',  ( 4.336808689942025625E-15, -1.000000000000000000, -0.0000000000000000000 ) ) ;
#4113 = CARTESIAN_POINT ( 'NONE',  ( -1.499999999999999112, -1.500000000000000000, 0.1999999999999999833 ) ) ;
#4114 = MECHANICAL_DESIGN_GEOMETRIC_PRESENTATION_REPRESENTATION (  '', ( #128 ), #879 ) ;
#4115 =( NAMED_UNIT ( * ) PLANE_ANGLE_UNIT ( ) SI_UNIT ( $, .RADIAN. ) );
#4116 =( NAMED_UNIT ( * ) SI_UNIT ( $, .STERADIAN. ) SOLID_ANGLE_UNIT ( ) );
#4117 = DIRECTION ( 'NONE',  ( 1.000000000000000000, 0.0000000000000000000, 0.0000000000000000000 ) ) ;
#4118 = CARTESIAN_POINT ( 'NONE',  ( 1.099999999999999423, 0.1250000000000035805, 0.0000000000000000000 ) ) ;
#4119 = STYLED_ITEM ( 'NONE', ( #3772 ), #4062 ) ;
#4120 =( LENGTH_UNIT ( ) NAMED_UNIT ( * ) SI_UNIT ( .MILLI., .METRE. ) );
#4121 = DIRECTION ( 'NONE',  ( 0.0000000000000000000, 0.0000000000000000000, 1.000000000000000000 ) ) ;
#4122 = LINE ( 'NONE', #504, #562 ) ;
#4123 = LINE ( 'NONE', #2366, #3278 ) ;
#4124 = VECTOR ( 'NONE', #3624, 1000.000000000000000 ) ;
#4125 = ORIENTED_EDGE ( 'NONE', *, *, #1427, .T. ) ;
#4126 =( NAMED_UNIT ( * ) SI_UNIT ( $, .STERADIAN. ) SOLID_ANGLE_UNIT ( ) );
#4127 = SURFACE_STYLE_USAGE ( .BOTH. , #598 ) ;
#4128 = LINE ( 'NONE', #425, #1888 ) ;
#4129 =( GEOMETRIC_REPRESENTATION_CONTEXT ( 3 ) GLOBAL_UNCERTAINTY_ASSIGNED_CONTEXT ( ( #1195 ) ) GLOBAL_UNIT_ASSIGNED_CONTEXT ( ( #2975, #4745, #3937 ) ) REPRESENTATION_CONTEXT ( 'NONE', 'WORKASPACE' ) );
#4130 = FACE_OUTER_BOUND ( 'NONE', #2919, .T. ) ;
#4131 = ORIENTED_EDGE ( 'NONE', *, *, #134, .T. ) ;
#4132 = EDGE_LOOP ( 'NONE', ( #2505, #5282, #5429, #2804 ) ) ;
#4133 =( GEOMETRIC_REPRESENTATION_CONTEXT ( 3 ) GLOBAL_UNCERTAINTY_ASSIGNED_CONTEXT ( ( #842 ) ) GLOBAL_UNIT_ASSIGNED_CONTEXT ( ( #3156, #90, #1004 ) ) REPRESENTATION_CONTEXT ( 'NONE', 'WORKASPACE' ) );
#4134 = DIRECTION ( 'NONE',  ( -0.0000000000000000000, -0.0000000000000000000, -1.000000000000000000 ) ) ;
#4135 = LINE ( 'NONE', #3355, #1510 ) ;
#4136 = CARTESIAN_POINT ( 'NONE',  ( 1.100000000000002753, -0.8249999999999958478, 0.01999999999999999695 ) ) ;
#4137 = VECTOR ( 'NONE', #3491, 1000.000000000000000 ) ;
#4138 = ORIENTED_EDGE ( 'NONE', *, *, #4480, .T. ) ;
#4139 = ORIENTED_EDGE ( 'NONE', *, *, #2786, .T. ) ;
#4140 = CARTESIAN_POINT ( 'NONE',  ( 1.500000000000000666, -0.3749999999999946709, 0.2000000000000000111 ) ) ;
#4141 = AXIS2_PLACEMENT_3D ( 'NONE', #324, #1313, #3098 ) ;
#4142 =( NAMED_UNIT ( * ) SI_UNIT ( $, .STERADIAN. ) SOLID_ANGLE_UNIT ( ) );
#4143 = DIRECTION ( 'NONE',  ( 4.325993705677820091E-15, -1.000000000000000000, 0.0000000000000000000 ) ) ;
#4144 = LINE ( 'NONE', #166, #2708 ) ;
#4145 = DIRECTION ( 'NONE',  ( -2.703746066048639036E-16, 1.000000000000000000, -0.0000000000000000000 ) ) ;
#4146 = SURFACE_SIDE_STYLE ('',( #1596 ) ) ;
#4147 =( GEOMETRIC_REPRESENTATION_CONTEXT ( 3 ) GLOBAL_UNCERTAINTY_ASSIGNED_CONTEXT ( ( #1951 ) ) GLOBAL_UNIT_ASSIGNED_CONTEXT ( ( #2195, #2162, #317 ) ) REPRESENTATION_CONTEXT ( 'NONE', 'WORKASPACE' ) );
#4148 = DIRECTION ( 'NONE',  ( 0.0000000000000000000, 0.0000000000000000000, -1.000000000000000000 ) ) ;
#4149 = PLANE ( 'NONE',  #80 ) ;
#4150 = LINE ( 'NONE', #1572, #2929 ) ;
#4151 = VECTOR ( 'NONE', #2599, 1000.000000000000000 ) ;
#4152 = FACE_OUTER_BOUND ( 'NONE', #3905, .T. ) ;
#4153 = DIRECTION ( 'NONE',  ( 3.469446951953617344E-15, -1.000000000000000000, 0.0000000000000000000 ) ) ;
#4154 = UNCERTAINTY_MEASURE_WITH_UNIT (LENGTH_MEASURE( 1.000000000000000082E-05 ), #3287, 'distance_accuracy_value', 'NONE');
#4155 = VECTOR ( 'NONE', #1018, 1000.000000000000000 ) ;
#4156 = AXIS2_PLACEMENT_3D ( 'NONE', #5626, #3928, #2228 ) ;
#4157 = VERTEX_POINT ( 'NONE', #3101 ) ;
#4158 = SURFACE_STYLE_USAGE ( .BOTH. , #288 ) ;
#4159 = CARTESIAN_POINT ( 'NONE',  ( -1.501000000000002998, 0.6249999999999987788, 0.2000000000000000111 ) ) ;
#4160 = CARTESIAN_POINT ( 'NONE',  ( 0.6249999999999995559, -1.500000000000000000, 0.2000000000000000111 ) ) ;
#4161 = LINE ( 'NONE', #2028, #5329 ) ;
#4162 = ORIENTED_EDGE ( 'NONE', *, *, #2895, .F. ) ;
#4163 = PLANE ( 'NONE',  #1709 ) ;
#4164 = FILL_AREA_STYLE ('',( #1043 ) ) ;
#4165 =( NAMED_UNIT ( * ) PLANE_ANGLE_UNIT ( ) SI_UNIT ( $, .RADIAN. ) );
#4166 = EDGE_LOOP ( 'NONE', ( #4385, #2006, #895, #2051 ) ) ;
#4167 = PRESENTATION_LAYER_ASSIGNMENT (  '', '', ( #365 ) ) ;
#4168 = ORIENTED_EDGE ( 'NONE', *, *, #1508, .T. ) ;
#4169 = EDGE_CURVE ( 'NONE', #909, #4021, #3534, .T. ) ;
#4170 = PLANE ( 'NONE',  #2481 ) ;
#4171 = DIRECTION ( 'NONE',  ( 1.000000000000000000, 0.0000000000000000000, 0.0000000000000000000 ) ) ;
#4172 = DIRECTION ( 'NONE',  ( 0.0000000000000000000, 0.0000000000000000000, -1.000000000000000000 ) ) ;
#4173 = PRESENTATION_LAYER_ASSIGNMENT (  '', '', ( #5588 ) ) ;
#4174 = LINE ( 'NONE', #2046, #4397 ) ;
#4175 = EDGE_CURVE ( 'NONE', #1648, #1215, #4476, .T. ) ;
#4176 = CARTESIAN_POINT ( 'NONE',  ( -0.8749999999999995559, -1.149999999999999689, 0.2000000000000000111 ) ) ;
#4177 = LINE ( 'NONE', #4421, #4103 ) ;
#4178 = DIRECTION ( 'NONE',  ( 1.000000000000000000, 0.0000000000000000000, -0.0000000000000000000 ) ) ;
#4179 = ORIENTED_EDGE ( 'NONE', *, *, #2612, .T. ) ;
#4180 = PLANE ( 'NONE',  #773 ) ;
#4181 = CARTESIAN_POINT ( 'NONE',  ( 1.150000000000002354, -0.8749999999999956701, 0.0000000000000000000 ) ) ;
#4182 = LINE ( 'NONE', #2880, #4551 ) ;
#4183 =( GEOMETRIC_REPRESENTATION_CONTEXT ( 3 ) GLOBAL_UNCERTAINTY_ASSIGNED_CONTEXT ( ( #2705 ) ) GLOBAL_UNIT_ASSIGNED_CONTEXT ( ( #1138, #282, #4651 ) ) REPRESENTATION_CONTEXT ( 'NONE', 'WORKASPACE' ) );
#4184 = DIRECTION ( 'NONE',  ( -0.0000000000000000000, 0.0000000000000000000, 1.000000000000000000 ) ) ;
#4185 = DIRECTION ( 'NONE',  ( 1.000000000000000000, 0.0000000000000000000, -0.0000000000000000000 ) ) ;
#4186 = VECTOR ( 'NONE', #2463, 1000.000000000000000 ) ;
#4187 = VERTEX_POINT ( 'NONE', #450 ) ;
#4188 = VERTEX_POINT ( 'NONE', #2288 ) ;
#4189 = SURFACE_STYLE_USAGE ( .BOTH. , #2425 ) ;
#4190 = COLOUR_RGB ( '',1.000000000000000000, 1.000000000000000000, 1.000000000000000000 ) ;
#4191 =( GEOMETRIC_REPRESENTATION_CONTEXT ( 3 ) GLOBAL_UNCERTAINTY_ASSIGNED_CONTEXT ( ( #1376 ) ) GLOBAL_UNIT_ASSIGNED_CONTEXT ( ( #5386, #43, #121 ) ) REPRESENTATION_CONTEXT ( 'NONE', 'WORKASPACE' ) );
#4192 = EDGE_CURVE ( 'NONE', #4478, #4071, #1736, .T. ) ;
#4193 = MECHANICAL_DESIGN_GEOMETRIC_PRESENTATION_REPRESENTATION (  '', ( #3295 ), #3298 ) ;
#4194 = ORIENTED_EDGE ( 'NONE', *, *, #4047, .F. ) ;
#4195 = COLOUR_RGB ( '',1.000000000000000000, 1.000000000000000000, 1.000000000000000000 ) ;
#4196 = ORIENTED_EDGE ( 'NONE', *, *, #2553, .T. ) ;
#4197 = ORIENTED_EDGE ( 'NONE', *, *, #4718, .F. ) ;
#4198 = FILL_AREA_STYLE_COLOUR ( '', #4082 ) ;
#4199 = FILL_AREA_STYLE_COLOUR ( '', #4843 ) ;
#4200 = FILL_AREA_STYLE_COLOUR ( '', #2254 ) ;
#4201 = DIRECTION ( 'NONE',  ( 3.469446951953618528E-15, -1.000000000000000000, -0.0000000000000000000 ) ) ;
#4202 = UNCERTAINTY_MEASURE_WITH_UNIT (LENGTH_MEASURE( 1.000000000000000082E-05 ), #4109, 'distance_accuracy_value', 'NONE');
#4203 = CARTESIAN_POINT ( 'NONE',  ( 1.500000000000000888, -1.500000000000000000, 0.9000000000000001332 ) ) ;
#4204 = PRESENTATION_LAYER_ASSIGNMENT (  '', '', ( #45 ) ) ;
#4205 = LINE ( 'NONE', #3783, #3611 ) ;
#4206 = CARTESIAN_POINT ( 'NONE',  ( 0.8750000000000001110, 1.500999999999999890, 0.2000000000000000111 ) ) ;
#4207 = LINE ( 'NONE', #2016, #2683 ) ;
#4208 = FILL_AREA_STYLE_COLOUR ( '', #2118 ) ;
#4209 = DIRECTION ( 'NONE',  ( -1.000000000000000000, -0.0000000000000000000, -0.0000000000000000000 ) ) ;
#4210 = UNCERTAINTY_MEASURE_WITH_UNIT (LENGTH_MEASURE( 1.000000000000000082E-05 ), #3431, 'distance_accuracy_value', 'NONE');
#4211 = COLOUR_RGB ( '',1.000000000000000000, 1.000000000000000000, 1.000000000000000000 ) ;
#4212 = EDGE_CURVE ( 'NONE', #3716, #2864, #4414, .T. ) ;
#4213 = ORIENTED_EDGE ( 'NONE', *, *, #1200, .T. ) ;
#4214 = DIRECTION ( 'NONE',  ( -3.469446951953616950E-15, 1.000000000000000000, 0.0000000000000000000 ) ) ;
#4215 = VECTOR ( 'NONE', #1384, 1000.000000000000000 ) ;
#4216 = DIRECTION ( 'NONE',  ( 0.0000000000000000000, -0.0000000000000000000, 1.000000000000000000 ) ) ;
#4217 = PRESENTATION_STYLE_ASSIGNMENT (( #2914 ) ) ;
#4218 = PLANE ( 'NONE',  #5444 ) ;
#4219 = ADVANCED_FACE ( 'NONE', ( #893 ), #2234, .F. ) ;
#4220 = PRESENTATION_LAYER_ASSIGNMENT (  '', '', ( #987 ) ) ;
#4221 = ORIENTED_EDGE ( 'NONE', *, *, #2827, .F. ) ;
#4222 = VERTEX_POINT ( 'NONE', #4361 ) ;
#4223 =( GEOMETRIC_REPRESENTATION_CONTEXT ( 3 ) GLOBAL_UNCERTAINTY_ASSIGNED_CONTEXT ( ( #2068 ) ) GLOBAL_UNIT_ASSIGNED_CONTEXT ( ( #553, #4864, #496 ) ) REPRESENTATION_CONTEXT ( 'NONE', 'WORKASPACE' ) );
#4224 = FACE_OUTER_BOUND ( 'NONE', #2375, .T. ) ;
#4225 = CARTESIAN_POINT ( 'NONE',  ( -0.1249999999999998890, 1.500999999999999890, 0.2000000000000000111 ) ) ;
#4226 = PRESENTATION_LAYER_ASSIGNMENT (  '', '', ( #5091 ) ) ;
#4227 = ORIENTED_EDGE ( 'NONE', *, *, #5603, .F. ) ;
#4228 = VERTEX_POINT ( 'NONE', #1828 ) ;
#4229 = CARTESIAN_POINT ( 'NONE',  ( -1.499999999999999112, -1.500000000000000000, 0.1999999999999999833 ) ) ;
#4230 = EDGE_CURVE ( 'NONE', #2680, #1411, #3598, .T. ) ;
#4231 = VECTOR ( 'NONE', #3036, 1000.000000000000000 ) ;
#4232 = CARTESIAN_POINT ( 'NONE',  ( -1.099999999999999423, -0.1250000000000040246, 0.2000000000000000111 ) ) ;
#4233 = STYLED_ITEM ( 'NONE', ( #5299 ), #5025 ) ;
#4234 = CARTESIAN_POINT ( 'NONE',  ( 1.000000000000000000, 1.000000000000000000, 0.9000000000000001332 ) ) ;
#4235 = AXIS2_PLACEMENT_3D ( 'NONE', #142, #1925, #2412 ) ;
#4236 = CARTESIAN_POINT ( 'NONE',  ( -0.8749999999999991118, 1.500999999999999890, 0.2000000000000000111 ) ) ;
#4237 = EDGE_CURVE ( 'NONE', #3445, #2997, #4902, .T. ) ;
#4238 = CARTESIAN_POINT ( 'NONE',  ( 0.5999999999999998668, 0.9000000000000000222, 0.2000000000000000111 ) ) ;
#4239 = CARTESIAN_POINT ( 'NONE',  ( 1.149999999999997247, 0.8750000000000031086, 0.2000000000000000111 ) ) ;
#4240 = ORIENTED_EDGE ( 'NONE', *, *, #5207, .F. ) ;
#4241 =( LENGTH_UNIT ( ) NAMED_UNIT ( * ) SI_UNIT ( .MILLI., .METRE. ) );
#4242 = LINE ( 'NONE', #5030, #4537 ) ;
#4243 = SURFACE_STYLE_FILL_AREA ( #2916 ) ;
#4244 = SURFACE_STYLE_USAGE ( .BOTH. , #1579 ) ;
#4245 =( GEOMETRIC_REPRESENTATION_CONTEXT ( 3 ) GLOBAL_UNCERTAINTY_ASSIGNED_CONTEXT ( ( #4035 ) ) GLOBAL_UNIT_ASSIGNED_CONTEXT ( ( #5012, #2383, #3690 ) ) REPRESENTATION_CONTEXT ( 'NONE', 'WORKASPACE' ) );
#4246 = ORIENTED_EDGE ( 'NONE', *, *, #119, .F. ) ;
#4247 =( LENGTH_UNIT ( ) NAMED_UNIT ( * ) SI_UNIT ( .MILLI., .METRE. ) );
#4248 = EDGE_CURVE ( 'NONE', #1215, #2945, #3507, .T. ) ;
#4249 = FACE_OUTER_BOUND ( 'NONE', #4303, .T. ) ;
#4250 = ORIENTED_EDGE ( 'NONE', *, *, #3576, .T. ) ;
#4251 = ORIENTED_EDGE ( 'NONE', *, *, #3160, .F. ) ;
#4252 =( LENGTH_UNIT ( ) NAMED_UNIT ( * ) SI_UNIT ( .MILLI., .METRE. ) );
#4253 = PRESENTATION_STYLE_ASSIGNMENT (( #2042 ) ) ;
#4254 = SURFACE_STYLE_USAGE ( .BOTH. , #4284 ) ;
#4255 =( NAMED_UNIT ( * ) SI_UNIT ( $, .STERADIAN. ) SOLID_ANGLE_UNIT ( ) );
#4256 = DIRECTION ( 'NONE',  ( -0.7071067811865467956, 0.7071067811865483499, 0.0000000000000000000 ) ) ;
#4257 = DIRECTION ( 'NONE',  ( 0.7071067811865444641, 0.7071067811865505703, 0.0000000000000000000 ) ) ;
#4258 = UNCERTAINTY_MEASURE_WITH_UNIT (LENGTH_MEASURE( 1.000000000000000082E-05 ), #3675, 'distance_accuracy_value', 'NONE');
#4259 = DIRECTION ( 'NONE',  ( -1.000000000000000000, 0.0000000000000000000, -0.0000000000000000000 ) ) ;
#4260 = CARTESIAN_POINT ( 'NONE',  ( -1.499999999999999112, -1.099999999999999867, 0.02000000000000000042 ) ) ;
#4261 = MECHANICAL_DESIGN_GEOMETRIC_PRESENTATION_REPRESENTATION (  '', ( #2778 ), #2241 ) ;
#4262 = CARTESIAN_POINT ( 'NONE',  ( -0.8999999999999998002, -0.9000000000000000222, 0.2000000000000000111 ) ) ;
#4263 = DIRECTION ( 'NONE',  ( 0.0000000000000000000, 1.000000000000000000, 0.0000000000000000000 ) ) ;
#4264 = MECHANICAL_DESIGN_GEOMETRIC_PRESENTATION_REPRESENTATION (  '', ( #5133 ), #4875 ) ;
#4265 = ORIENTED_EDGE ( 'NONE', *, *, #3782, .T. ) ;
#4266 = LINE ( 'NONE', #4678, #5056 ) ;
#4267 = FILL_AREA_STYLE ('',( #175 ) ) ;
#4268 = CARTESIAN_POINT ( 'NONE',  ( -0.3749999999999995559, 1.500999999999999890, 0.2000000000000000111 ) ) ;
#4269 = DIRECTION ( 'NONE',  ( -3.252606517456510541E-15, 1.000000000000000000, 0.0000000000000000000 ) ) ;
#4270 = CARTESIAN_POINT ( 'NONE',  ( 1.501000000000001444, -0.3749999999999946709, 0.0000000000000000000 ) ) ;
#4271 =( GEOMETRIC_REPRESENTATION_CONTEXT ( 3 ) GLOBAL_UNCERTAINTY_ASSIGNED_CONTEXT ( ( #5525 ) ) GLOBAL_UNIT_ASSIGNED_CONTEXT ( ( #3331, #3065, #3501 ) ) REPRESENTATION_CONTEXT ( 'NONE', 'WORKASPACE' ) );
#4272 = EDGE_CURVE ( 'NONE', #2336, #3054, #2343, .T. ) ;
#4273 = STYLED_ITEM ( 'NONE', ( #1839 ), #1656 ) ;
#4274 = ORIENTED_EDGE ( 'NONE', *, *, #1330, .T. ) ;
#4275 = PRESENTATION_STYLE_ASSIGNMENT (( #4189 ) ) ;
#4276 = FILL_AREA_STYLE ('',( #3011 ) ) ;
#4277 = COLOUR_RGB ( '',1.000000000000000000, 1.000000000000000000, 1.000000000000000000 ) ;
#4278 = EDGE_CURVE ( 'NONE', #1465, #477, #5452, .T. ) ;
#4279 = ORIENTED_EDGE ( 'NONE', *, *, #2544, .F. ) ;
#4280 = ORIENTED_EDGE ( 'NONE', *, *, #3712, .F. ) ;
#4281 = EDGE_LOOP ( 'NONE', ( #3419, #5510, #247, #3113 ) ) ;
#4282 = STYLED_ITEM ( 'NONE', ( #1314 ), #2725 ) ;
#4283 = VECTOR ( 'NONE', #1848, 1000.000000000000000 ) ;
#4284 = SURFACE_SIDE_STYLE ('',( #5126 ) ) ;
#4285 = DIRECTION ( 'NONE',  ( 3.469446951953616950E-15, -1.000000000000000000, -0.0000000000000000000 ) ) ;
#4286 = FACE_OUTER_BOUND ( 'NONE', #3867, .T. ) ;
#4287 = STYLED_ITEM ( 'NONE', ( #4778 ), #3197 ) ;
#4288 = PRESENTATION_LAYER_ASSIGNMENT (  '', '', ( #296 ) ) ;
#4289 = SURFACE_STYLE_FILL_AREA ( #4373 ) ;
#4290 = AXIS2_PLACEMENT_3D ( 'NONE', #5327, #1375, #4522 ) ;
#4291 = VECTOR ( 'NONE', #5574, 1000.000000000000000 ) ;
#4292 = SURFACE_STYLE_USAGE ( .BOTH. , #5529 ) ;
#4293 =( LENGTH_UNIT ( ) NAMED_UNIT ( * ) SI_UNIT ( .MILLI., .METRE. ) );
#4294 = ORIENTED_EDGE ( 'NONE', *, *, #2374, .T. ) ;
#4295 = FILL_AREA_STYLE ('',( #2139 ) ) ;
#4296 = DIRECTION ( 'NONE',  ( 0.0000000000000000000, -0.0000000000000000000, 1.000000000000000000 ) ) ;
#4297 =( NAMED_UNIT ( * ) PLANE_ANGLE_UNIT ( ) SI_UNIT ( $, .RADIAN. ) );
#4298 = AXIS2_PLACEMENT_3D ( 'NONE', #3265, #4539, #2898 ) ;
#4299 = EDGE_CURVE ( 'NONE', #4631, #2040, #4076, .T. ) ;
#4300 = PLANE ( 'NONE',  #4290 ) ;
#4301 = COLOUR_RGB ( '',1.000000000000000000, 1.000000000000000000, 1.000000000000000000 ) ;
#4302 = ORIENTED_EDGE ( 'NONE', *, *, #2422, .F. ) ;
#4303 = EDGE_LOOP ( 'NONE', ( #693, #1213, #2591, #2322, #662, #5159, #520, #4213, #3291, #3894, #570, #2889, #100, #230, #1266, #4809, #1126, #2561, #2857, #5089 ) ) ;
#4304 = DIRECTION ( 'NONE',  ( -0.0000000000000000000, 0.0000000000000000000, 1.000000000000000000 ) ) ;
#4305 = EDGE_CURVE ( 'NONE', #263, #3481, #537, .T. ) ;
#4306 = COLOUR_RGB ( '',1.000000000000000000, 1.000000000000000000, 1.000000000000000000 ) ;
#4307 = PLANE ( 'NONE',  #723 ) ;
#4308 = EDGE_LOOP ( 'NONE', ( #4655, #2170, #1623, #3995, #3164, #4853 ) ) ;
#4309 = VERTEX_POINT ( 'NONE', #2420 ) ;
#4310 = ORIENTED_EDGE ( 'NONE', *, *, #2290, .F. ) ;
#4311 = MECHANICAL_DESIGN_GEOMETRIC_PRESENTATION_REPRESENTATION (  '', ( #3587 ), #1538 ) ;
#4312 = CARTESIAN_POINT ( 'NONE',  ( 0.8749999999999991118, 1.149999999999999689, 0.0000000000000000000 ) ) ;
#4313 = LINE ( 'NONE', #701, #3879 ) ;
#4314 = EDGE_CURVE ( 'NONE', #2207, #4188, #1999, .T. ) ;
#4315 = UNCERTAINTY_MEASURE_WITH_UNIT (LENGTH_MEASURE( 1.000000000000000082E-05 ), #2099, 'distance_accuracy_value', 'NONE');
#4316 = FACE_OUTER_BOUND ( 'NONE', #1287, .T. ) ;
#4317 = MECHANICAL_DESIGN_GEOMETRIC_PRESENTATION_REPRESENTATION (  '', ( #2293 ), #524 ) ;
#4318 = ORIENTED_EDGE ( 'NONE', *, *, #3997, .F. ) ;
#4319 = MECHANICAL_DESIGN_GEOMETRIC_PRESENTATION_REPRESENTATION (  '', ( #4233 ), #4133 ) ;
#4320 = DIRECTION ( 'NONE',  ( -1.000000000000000000, -3.244495279258364871E-15, 0.0000000000000000000 ) ) ;
#4321 = ADVANCED_FACE ( 'NONE', ( #2373 ), #2854, .T. ) ;
#4322 = CARTESIAN_POINT ( 'NONE',  ( 0.6249999999999995559, -1.099999999999999867, 0.2000000000000000111 ) ) ;
#4323 = UNCERTAINTY_MEASURE_WITH_UNIT (LENGTH_MEASURE( 1.000000000000000082E-05 ), #3237, 'distance_accuracy_value', 'NONE');
#4324 = ORIENTED_EDGE ( 'NONE', *, *, #4856, .T. ) ;
#4325 = CARTESIAN_POINT ( 'NONE',  ( -0.3749999999999995559, 1.099999999999999867, 0.2000000000000000111 ) ) ;
#4326 = SURFACE_SIDE_STYLE ('',( #3002 ) ) ;
#4327 = SURFACE_STYLE_FILL_AREA ( #4682 ) ;
#4328 = PRESENTATION_LAYER_ASSIGNMENT (  '', '', ( #2844 ) ) ;
#4329 = CARTESIAN_POINT ( 'NONE',  ( 1.100000000000001199, -0.3749999999999964473, 0.0000000000000000000 ) ) ;
#4330 = ORIENTED_EDGE ( 'NONE', *, *, #5599, .F. ) ;
#4331 = EDGE_CURVE ( 'NONE', #1114, #65, #984, .T. ) ;
#4332 = STYLED_ITEM ( 'NONE', ( #1 ), #552 ) ;
#4333 =( NAMED_UNIT ( * ) SI_UNIT ( $, .STERADIAN. ) SOLID_ANGLE_UNIT ( ) );
#4334 = CARTESIAN_POINT ( 'NONE',  ( -0.1250000000000000000, -1.500999999999999890, 0.0000000000000000000 ) ) ;
#4335 = VERTEX_POINT ( 'NONE', #1038 ) ;
#4336 = ADVANCED_FACE ( 'NONE', ( #4130 ), #3652, .F. ) ;
#4337 = EDGE_LOOP ( 'NONE', ( #3385, #5366, #2963, #5459, #3274, #2979 ) ) ;
#4338 = PRESENTATION_LAYER_ASSIGNMENT (  '', '', ( #1759 ) ) ;
#4339 = ORIENTED_EDGE ( 'NONE', *, *, #1908, .F. ) ;
#4340 =( NAMED_UNIT ( * ) SI_UNIT ( $, .STERADIAN. ) SOLID_ANGLE_UNIT ( ) );
#4341 = DIRECTION ( 'NONE',  ( -2.780005570475651171E-15, 1.000000000000000000, 0.0000000000000000000 ) ) ;
#4342 =( LENGTH_UNIT ( ) NAMED_UNIT ( * ) SI_UNIT ( .MILLI., .METRE. ) );
#4343 =( NAMED_UNIT ( * ) PLANE_ANGLE_UNIT ( ) SI_UNIT ( $, .RADIAN. ) );
#4344 = ORIENTED_EDGE ( 'NONE', *, *, #3232, .F. ) ;
#4345 = ADVANCED_FACE ( 'NONE', ( #5506 ), #851, .F. ) ;
#4346 = CARTESIAN_POINT ( 'NONE',  ( 0.1249999999999997918, 1.500999999999999890, 0.0000000000000000000 ) ) ;
#4347 = CARTESIAN_POINT ( 'NONE',  ( -1.099999999999996980, -0.8250000000000038414, 0.0000000000000000000 ) ) ;
#4348 = CARTESIAN_POINT ( 'NONE',  ( -1.100000000000019629, 0.6249999999999987788, 0.2000000000000000111 ) ) ;
#4349 = FILL_AREA_STYLE ('',( #819 ) ) ;
#4350 = ADVANCED_FACE ( 'NONE', ( #2602 ), #4218, .F. ) ;
#4351 = ORIENTED_EDGE ( 'NONE', *, *, #3241, .F. ) ;
#4352 = MECHANICAL_DESIGN_GEOMETRIC_PRESENTATION_REPRESENTATION (  '', ( #1674 ), #4789 ) ;
#4353 = CARTESIAN_POINT ( 'NONE',  ( -0.9000000000000000222, 0.9000000000000000222, 0.2000000000000000111 ) ) ;
#4354 = CARTESIAN_POINT ( 'NONE',  ( 1.149999999999997247, 0.8750000000000031086, 0.01999999999999999695 ) ) ;
#4355 =( NAMED_UNIT ( * ) PLANE_ANGLE_UNIT ( ) SI_UNIT ( $, .RADIAN. ) );
#4356 = DIRECTION ( 'NONE',  ( 0.7071067811865482389, 0.7071067811865469066, -0.0000000000000000000 ) ) ;
#4357 = FILL_AREA_STYLE_COLOUR ( '', #99 ) ;
#4358 = DIRECTION ( 'NONE',  ( 3.244495279258365266E-15, -1.000000000000000000, 0.0000000000000000000 ) ) ;
#4359 = DIRECTION ( 'NONE',  ( -0.7071067811865483499, -0.7071067811865467956, 0.0000000000000000000 ) ) ;
#4360 = MECHANICAL_DESIGN_GEOMETRIC_PRESENTATION_REPRESENTATION (  '', ( #666 ), #2787 ) ;
#4361 = CARTESIAN_POINT ( 'NONE',  ( -0.3749999999999998890, -1.500000000000000000, 0.02000000000000005246 ) ) ;
#4362 = VERTEX_POINT ( 'NONE', #434 ) ;
#4363 = VERTEX_POINT ( 'NONE', #3981 ) ;
#4364 = ORIENTED_EDGE ( 'NONE', *, *, #2672, .F. ) ;
#4365 =( LENGTH_UNIT ( ) NAMED_UNIT ( * ) SI_UNIT ( .MILLI., .METRE. ) );
#4366 = DIRECTION ( 'NONE',  ( -1.000000000000000000, -4.325993705677824825E-15, 0.0000000000000000000 ) ) ;
#4367 = COLOUR_RGB ( '',1.000000000000000000, 1.000000000000000000, 1.000000000000000000 ) ;
#4368 = LINE ( 'NONE', #4858, #4018 ) ;
#4369 = LINE ( 'NONE', #4722, #958 ) ;
#4370 = EDGE_CURVE ( 'NONE', #2242, #5533, #5, .T. ) ;
#4371 = VERTEX_POINT ( 'NONE', #5478 ) ;
#4372 = STYLED_ITEM ( 'NONE', ( #5080 ), #2083 ) ;
#4373 = FILL_AREA_STYLE ('',( #2158 ) ) ;
#4374 = LINE ( 'NONE', #2573, #3533 ) ;
#4375 = LINE ( 'NONE', #2574, #2027 ) ;
#4376 = PRESENTATION_LAYER_ASSIGNMENT (  '', '', ( #1233 ) ) ;
#4377 = CARTESIAN_POINT ( 'NONE',  ( 0.8749999999999995559, -1.149999999999999689, 0.0000000000000000000 ) ) ;
#4378 = EDGE_CURVE ( 'NONE', #3932, #1349, #1150, .T. ) ;
#4379 = VERTEX_POINT ( 'NONE', #1840 ) ;
#4380 = DIRECTION ( 'NONE',  ( -2.276824562219581715E-14, -1.000000000000000000, 0.0000000000000000000 ) ) ;
#4381 =( LENGTH_UNIT ( ) NAMED_UNIT ( * ) SI_UNIT ( .MILLI., .METRE. ) );
#4382 = CARTESIAN_POINT ( 'NONE',  ( -0.8749999999999995559, -1.500000000000000000, 0.2000000000000000111 ) ) ;
#4383 = EDGE_CURVE ( 'NONE', #2062, #3173, #582, .T. ) ;
#4384 = VECTOR ( 'NONE', #3870, 1000.000000000000000 ) ;
#4385 = ORIENTED_EDGE ( 'NONE', *, *, #5265, .F. ) ;
#4386 =( LENGTH_UNIT ( ) NAMED_UNIT ( * ) SI_UNIT ( .MILLI., .METRE. ) );
#4387 = EDGE_CURVE ( 'NONE', #5344, #2432, #4034, .T. ) ;
#4388 = CARTESIAN_POINT ( 'NONE',  ( 0.6249999999999995559, -1.099999999999999867, 0.2000000000000000111 ) ) ;
#4389 = ORIENTED_EDGE ( 'NONE', *, *, #3873, .T. ) ;
#4390 = VERTEX_POINT ( 'NONE', #3612 ) ;
#4391 = EDGE_LOOP ( 'NONE', ( #3774, #437, #4974, #2510 ) ) ;
#4392 =( NAMED_UNIT ( * ) PLANE_ANGLE_UNIT ( ) SI_UNIT ( $, .RADIAN. ) );
#4393 = VECTOR ( 'NONE', #635, 1000.000000000000000 ) ;
#4394 = DIRECTION ( 'NONE',  ( -0.0000000000000000000, -0.0000000000000000000, -1.000000000000000000 ) ) ;
#4395 =( LENGTH_UNIT ( ) NAMED_UNIT ( * ) SI_UNIT ( .MILLI., .METRE. ) );
#4396 = VERTEX_POINT ( 'NONE', #4916 ) ;
#4397 = VECTOR ( 'NONE', #4257, 1000.000000000000000 ) ;
#4398 = EDGE_CURVE ( 'NONE', #4852, #3028, #1020, .T. ) ;
#4399 =( LENGTH_UNIT ( ) NAMED_UNIT ( * ) SI_UNIT ( .MILLI., .METRE. ) );
#4400 = PRESENTATION_LAYER_ASSIGNMENT (  '', '', ( #2293 ) ) ;
#4401 = LINE ( 'NONE', #3118, #1892 ) ;
#4402 = PRESENTATION_LAYER_ASSIGNMENT (  '', '', ( #4049 ) ) ;
#4403 = ORIENTED_EDGE ( 'NONE', *, *, #38, .F. ) ;
#4404 = LINE ( 'NONE', #1758, #3096 ) ;
#4405 = DIRECTION ( 'NONE',  ( 1.000000000000000000, 1.204669080539449344E-16, -0.0000000000000000000 ) ) ;
#4406 = PLANE ( 'NONE',  #2078 ) ;
#4407 = DIRECTION ( 'NONE',  ( -0.0000000000000000000, -0.0000000000000000000, -1.000000000000000000 ) ) ;
#4408 = DIRECTION ( 'NONE',  ( 0.0000000000000000000, -1.000000000000000000, 0.0000000000000000000 ) ) ;
#4409 = STYLED_ITEM ( 'NONE', ( #1863 ), #5360 ) ;
#4410 = VERTEX_POINT ( 'NONE', #5297 ) ;
#4411 = VECTOR ( 'NONE', #5535, 1000.000000000000000 ) ;
#4412 = FACE_OUTER_BOUND ( 'NONE', #3131, .T. ) ;
#4413 = CARTESIAN_POINT ( 'NONE',  ( -1.100000000000019629, 0.6249999999999987788, 0.01999999999999999695 ) ) ;
#4414 = LINE ( 'NONE', #4388, #4124 ) ;
#4415 = SURFACE_STYLE_USAGE ( .BOTH. , #1385 ) ;
#4416 = ORIENTED_EDGE ( 'NONE', *, *, #2000, .F. ) ;
#4417 = EDGE_CURVE ( 'NONE', #2032, #3827, #1397, .T. ) ;
#4418 = VERTEX_POINT ( 'NONE', #2360 ) ;
#4419 = SURFACE_STYLE_FILL_AREA ( #5205 ) ;
#4420 = STYLED_ITEM ( 'NONE', ( #2519 ), #412 ) ;
#4421 = CARTESIAN_POINT ( 'NONE',  ( -1.099999999999998535, -0.3750000000000037748, 0.2000000000000000111 ) ) ;
#4422 = VECTOR ( 'NONE', #1589, 1000.000000000000000 ) ;
#4423 = ORIENTED_EDGE ( 'NONE', *, *, #1097, .T. ) ;
#4424 = CARTESIAN_POINT ( 'NONE',  ( 1.500999999999997891, 0.6250000000000048850, 0.2000000000000000111 ) ) ;
#4425 = CARTESIAN_POINT ( 'NONE',  ( 1.501000000000003443, -0.8749999999999941158, 0.2000000000000000111 ) ) ;
#4426 = DIRECTION ( 'NONE',  ( 1.000000000000000000, 4.325993705677824825E-15, 0.0000000000000000000 ) ) ;
#4427 = UNCERTAINTY_MEASURE_WITH_UNIT (LENGTH_MEASURE( 1.000000000000000082E-05 ), #382, 'distance_accuracy_value', 'NONE');
#4428 = VERTEX_POINT ( 'NONE', #2662 ) ;
#4429 = DIRECTION ( 'NONE',  ( 0.0000000000000000000, 0.0000000000000000000, -1.000000000000000000 ) ) ;
#4430 =( NAMED_UNIT ( * ) PLANE_ANGLE_UNIT ( ) SI_UNIT ( $, .RADIAN. ) );
#4431 = DIRECTION ( 'NONE',  ( -1.000000000000000000, -0.0000000000000000000, -0.0000000000000000000 ) ) ;
#4432 = CARTESIAN_POINT ( 'NONE',  ( -1.499999999999999112, -1.500000000000000000, 0.1999999999999999833 ) ) ;
#4433 = DIRECTION ( 'NONE',  ( 3.469446951953616950E-15, -1.000000000000000000, -0.0000000000000000000 ) ) ;
#4434 = DIRECTION ( 'NONE',  ( 0.0000000000000000000, -0.0000000000000000000, 1.000000000000000000 ) ) ;
#4435 = UNCERTAINTY_MEASURE_WITH_UNIT (LENGTH_MEASURE( 1.000000000000000082E-05 ), #702, 'distance_accuracy_value', 'NONE');
#4436 = ORIENTED_EDGE ( 'NONE', *, *, #416, .T. ) ;
#4437 = FILL_AREA_STYLE_COLOUR ( '', #3963 ) ;
#4438 = SURFACE_STYLE_USAGE ( .BOTH. , #4017 ) ;
#4439 = CARTESIAN_POINT ( 'NONE',  ( 1.501000000000002332, -0.6249999999999944489, 0.2000000000000000111 ) ) ;
#4440 = EDGE_CURVE ( 'NONE', #808, #2523, #2247, .T. ) ;
#4441 = ORIENTED_EDGE ( 'NONE', *, *, #4084, .T. ) ;
#4442 = STYLED_ITEM ( 'NONE', ( #1164 ), #1022 ) ;
#4443 = VERTEX_POINT ( 'NONE', #4118 ) ;
#4444 = VERTEX_POINT ( 'NONE', #1336 ) ;
#4445 = FILL_AREA_STYLE_COLOUR ( '', #5241 ) ;
#4446 = DIRECTION ( 'NONE',  ( 0.0000000000000000000, 0.0000000000000000000, -1.000000000000000000 ) ) ;
#4447 = SURFACE_SIDE_STYLE ('',( #1747 ) ) ;
#4448 =( GEOMETRIC_REPRESENTATION_CONTEXT ( 3 ) GLOBAL_UNCERTAINTY_ASSIGNED_CONTEXT ( ( #3866 ) ) GLOBAL_UNIT_ASSIGNED_CONTEXT ( ( #3307, #4498, #1905 ) ) REPRESENTATION_CONTEXT ( 'NONE', 'WORKASPACE' ) );
#4449 = EDGE_CURVE ( 'NONE', #813, #477, #4942, .T. ) ;
#4450 = CARTESIAN_POINT ( 'NONE',  ( -1.150000000000019673, 0.8749999999999990008, 0.2000000000000000111 ) ) ;
#4451 = ORIENTED_EDGE ( 'NONE', *, *, #5165, .T. ) ;
#4452 = SURFACE_SIDE_STYLE ('',( #4535 ) ) ;
#4453 = SURFACE_STYLE_FILL_AREA ( #4911 ) ;
#4454 = DIRECTION ( 'NONE',  ( -4.325993705677824825E-15, 1.000000000000000000, 0.0000000000000000000 ) ) ;
#4455 = SURFACE_STYLE_USAGE ( .BOTH. , #2693 ) ;
#4456 =( LENGTH_UNIT ( ) NAMED_UNIT ( * ) SI_UNIT ( .MILLI., .METRE. ) );
#4457 = CARTESIAN_POINT ( 'NONE',  ( -1.499999999999999112, 1.099999999999999867, 0.02000000000000000042 ) ) ;
#4458 = AXIS2_PLACEMENT_3D ( 'NONE', #1547, #658, #2053 ) ;
#4459 = MECHANICAL_DESIGN_GEOMETRIC_PRESENTATION_REPRESENTATION (  '', ( #3553 ), #1975 ) ;
#4460 = VERTEX_POINT ( 'NONE', #3239 ) ;
#4461 = MECHANICAL_DESIGN_GEOMETRIC_PRESENTATION_REPRESENTATION (  '', ( #1233 ), #295 ) ;
#4462 = SURFACE_STYLE_FILL_AREA ( #40 ) ;
#4463 = FILL_AREA_STYLE ('',( #2701 ) ) ;
#4464 =( NAMED_UNIT ( * ) PLANE_ANGLE_UNIT ( ) SI_UNIT ( $, .RADIAN. ) );
#4465 = DIRECTION ( 'NONE',  ( 1.000000000000000000, 0.0000000000000000000, 0.0000000000000000000 ) ) ;
#4466 = SURFACE_STYLE_USAGE ( .BOTH. , #3247 ) ;
#4467 = STYLED_ITEM ( 'NONE', ( #5477 ), #3334 ) ;
#4468 = VECTOR ( 'NONE', #5123, 1000.000000000000000 ) ;
#4469 = VERTEX_POINT ( 'NONE', #5266 ) ;
#4470 = SURFACE_SIDE_STYLE ('',( #474 ) ) ;
#4471 = PLANE ( 'NONE',  #5276 ) ;
#4472 = ADVANCED_FACE ( 'NONE', ( #1890 ), #4088, .F. ) ;
#4473 = SURFACE_STYLE_USAGE ( .BOTH. , #5388 ) ;
#4474 = MECHANICAL_DESIGN_GEOMETRIC_PRESENTATION_REPRESENTATION (  '', ( #3099 ), #873 ) ;
#4475 = AXIS2_PLACEMENT_3D ( 'NONE', #4855, #1712, #3482 ) ;
#4476 = LINE ( 'NONE', #418, #4215 ) ;
#4477 = COLOUR_RGB ( '',1.000000000000000000, 1.000000000000000000, 1.000000000000000000 ) ;
#4478 = VERTEX_POINT ( 'NONE', #2780 ) ;
#4479 =( NAMED_UNIT ( * ) PLANE_ANGLE_UNIT ( ) SI_UNIT ( $, .RADIAN. ) );
#4480 = EDGE_CURVE ( 'NONE', #386, #5480, #4842, .T. ) ;
#4481 = ORIENTED_EDGE ( 'NONE', *, *, #924, .T. ) ;
#4482 = EDGE_LOOP ( 'NONE', ( #1245, #4364, #4318, #3137, #3346, #540, #5371, #1033, #3479, #2231, #5487, #5134, #4251, #2877, #4879, #5600, #5039, #4105, #2487, #3082, #1202, #2627, #1312, #3674, #5227, #3947, #2255, #4053, #5608, #4416, #1749, #3260, #669, #1104, #1574, #4664, #2138, #1209, #5231, #2923, #713, #4872, #4330, #2087, #2978, #2835, #1650, #3473, #98, #1241, #218, #5634, #5040, #889, #1562, #4908, #3216, #4592, #4987, #2605, #3353, #2004, #4861, #2005, #3337, #3159, #2401, #3570, #2614, #3872, #4023, #3768, #5607, #219, #2504, #398 ) ) ;
#4483 = CARTESIAN_POINT ( 'NONE',  ( 0.8750000000000001110, 1.500999999999999890, 0.2000000000000000111 ) ) ;
#4484 = FILL_AREA_STYLE ('',( #3175 ) ) ;
#4485 = DIRECTION ( 'NONE',  ( 0.0000000000000000000, 1.000000000000000000, -0.0000000000000000000 ) ) ;
#4486 = LINE ( 'NONE', #2806, #5315 ) ;
#4487 = DIRECTION ( 'NONE',  ( -1.000000000000000000, 0.0000000000000000000, -0.0000000000000000000 ) ) ;
#4488 = STYLED_ITEM ( 'NONE', ( #3710 ), #4336 ) ;
#4489 = UNCERTAINTY_MEASURE_WITH_UNIT (LENGTH_MEASURE( 1.000000000000000082E-05 ), #4381, 'distance_accuracy_value', 'NONE');
#4490 = VECTOR ( 'NONE', #3667, 1000.000000000000000 ) ;
#4491 =( NAMED_UNIT ( * ) SI_UNIT ( $, .STERADIAN. ) SOLID_ANGLE_UNIT ( ) );
#4492 = FACE_OUTER_BOUND ( 'NONE', #2454, .T. ) ;
#4493 = VECTOR ( 'NONE', #1073, 1000.000000000000000 ) ;
#4494 = ORIENTED_EDGE ( 'NONE', *, *, #371, .T. ) ;
#4495 = DIRECTION ( 'NONE',  ( 0.0000000000000000000, -0.0000000000000000000, 1.000000000000000000 ) ) ;
#4496 = PRESENTATION_STYLE_ASSIGNMENT (( #4526 ) ) ;
#4497 = AXIS2_PLACEMENT_3D ( 'NONE', #4043, #2638, #3558 ) ;
#4498 =( NAMED_UNIT ( * ) PLANE_ANGLE_UNIT ( ) SI_UNIT ( $, .RADIAN. ) );
#4499 = EDGE_CURVE ( 'NONE', #2262, #2890, #998, .T. ) ;
#4500 = VECTOR ( 'NONE', #5262, 1000.000000000000000 ) ;
#4501 = VERTEX_POINT ( 'NONE', #464 ) ;
#4502 = ORIENTED_EDGE ( 'NONE', *, *, #5311, .F. ) ;
#4503 = CARTESIAN_POINT ( 'NONE',  ( -0.8749999999999995559, -1.149999999999999689, 0.0000000000000000000 ) ) ;
#4504 = VECTOR ( 'NONE', #3595, 1000.000000000000000 ) ;
#4505 = DIRECTION ( 'NONE',  ( -1.000000000000000000, 0.0000000000000000000, 0.0000000000000000000 ) ) ;
#4506 = DIRECTION ( 'NONE',  ( 0.0000000000000000000, 1.000000000000000000, 0.0000000000000000000 ) ) ;
#4507 = PRESENTATION_STYLE_ASSIGNMENT (( #3631 ) ) ;
#4508 = EDGE_CURVE ( 'NONE', #1339, #1143, #4174, .T. ) ;
#4509 = VERTEX_POINT ( 'NONE', #1536 ) ;
#4510 = MECHANICAL_DESIGN_GEOMETRIC_PRESENTATION_REPRESENTATION (  '', ( #908 ), #4147 ) ;
#4511 = PRESENTATION_STYLE_ASSIGNMENT (( #107 ) ) ;
#4512 = SURFACE_SIDE_STYLE ('',( #4453 ) ) ;
#4513 = FACE_OUTER_BOUND ( 'NONE', #4308, .T. ) ;
#4514 = FACE_OUTER_BOUND ( 'NONE', #3633, .T. ) ;
#4515 = FILL_AREA_STYLE_COLOUR ( '', #4543 ) ;
#4516 =( GEOMETRIC_REPRESENTATION_CONTEXT ( 3 ) GLOBAL_UNCERTAINTY_ASSIGNED_CONTEXT ( ( #1841 ) ) GLOBAL_UNIT_ASSIGNED_CONTEXT ( ( #4399, #5527, #903 ) ) REPRESENTATION_CONTEXT ( 'NONE', 'WORKASPACE' ) );
#4517 = DIRECTION ( 'NONE',  ( -4.336808689942023258E-15, 1.000000000000000000, 0.0000000000000000000 ) ) ;
#4518 = EDGE_CURVE ( 'NONE', #4396, #3261, #196, .T. ) ;
#4519 = PRESENTATION_LAYER_ASSIGNMENT (  '', '', ( #4859 ) ) ;
#4520 = DIRECTION ( 'NONE',  ( -1.000000000000000000, 0.0000000000000000000, -0.0000000000000000000 ) ) ;
#4521 = CARTESIAN_POINT ( 'NONE',  ( 0.7499999999999972244, 0.7500000000000036637, 0.02000000000000000042 ) ) ;
#4522 = DIRECTION ( 'NONE',  ( 0.0000000000000000000, -0.0000000000000000000, -1.000000000000000000 ) ) ;
#4523 = EDGE_CURVE ( 'NONE', #5615, #5317, #5405, .T. ) ;
#4524 = ORIENTED_EDGE ( 'NONE', *, *, #2397, .F. ) ;
#4525 = SURFACE_SIDE_STYLE ('',( #2675 ) ) ;
#4526 = SURFACE_STYLE_USAGE ( .BOTH. , #3217 ) ;
#4527 = DIRECTION ( 'NONE',  ( 4.325993705677824825E-15, -1.000000000000000000, 0.0000000000000000000 ) ) ;
#4528 = CARTESIAN_POINT ( 'NONE',  ( -0.8999999999999998002, -0.9000000000000000222, 0.0000000000000000000 ) ) ;
#4529 = ORIENTED_EDGE ( 'NONE', *, *, #4573, .F. ) ;
#4530 = ORIENTED_EDGE ( 'NONE', *, *, #5616, .F. ) ;
#4531 = MECHANICAL_DESIGN_GEOMETRIC_PRESENTATION_REPRESENTATION (  '', ( #365 ), #1118 ) ;
#4532 = LINE ( 'NONE', #3998, #4094 ) ;
#4533 = PLANE ( 'NONE',  #2453 ) ;
#4534 = EDGE_LOOP ( 'NONE', ( #414, #859, #3487, #4436 ) ) ;
#4535 = SURFACE_STYLE_FILL_AREA ( #1416 ) ;
#4536 = EDGE_CURVE ( 'NONE', #5344, #4362, #3321, .T. ) ;
#4537 = VECTOR ( 'NONE', #4657, 1000.000000000000000 ) ;
#4538 = FACE_OUTER_BOUND ( 'NONE', #4000, .T. ) ;
#4539 = DIRECTION ( 'NONE',  ( 1.000000000000000000, 2.891205793294678326E-16, -0.0000000000000000000 ) ) ;
#4540 = UNCERTAINTY_MEASURE_WITH_UNIT (LENGTH_MEASURE( 1.000000000000000082E-05 ), #2894, 'distance_accuracy_value', 'NONE');
#4541 = SURFACE_STYLE_FILL_AREA ( #3640 ) ;
#4542 = UNCERTAINTY_MEASURE_WITH_UNIT (LENGTH_MEASURE( 1.000000000000000082E-05 ), #1392, 'distance_accuracy_value', 'NONE');
#4543 = COLOUR_RGB ( '',1.000000000000000000, 1.000000000000000000, 1.000000000000000000 ) ;
#4544 = FACE_OUTER_BOUND ( 'NONE', #2620, .T. ) ;
#4545 = DIRECTION ( 'NONE',  ( 0.0000000000000000000, -1.000000000000000000, 0.0000000000000000000 ) ) ;
#4546 = CARTESIAN_POINT ( 'NONE',  ( -0.9000000000000000222, 0.9000000000000002442, 0.02000000000000000042 ) ) ;
#4547 =( NAMED_UNIT ( * ) SI_UNIT ( $, .STERADIAN. ) SOLID_ANGLE_UNIT ( ) );
#4548 = CARTESIAN_POINT ( 'NONE',  ( -1.499999999999995559, 0.8750000000000073275, 0.02000000000000000042 ) ) ;
#4549 = PLANE ( 'NONE',  #4900 ) ;
#4550 = ORIENTED_EDGE ( 'NONE', *, *, #4710, .T. ) ;
#4551 = VECTOR ( 'NONE', #5083, 1000.000000000000000 ) ;
#4552 = FACE_OUTER_BOUND ( 'NONE', #3254, .T. ) ;
#4553 = DIRECTION ( 'NONE',  ( 0.7071067811865487940, -0.7071067811865463515, 0.0000000000000000000 ) ) ;
#4554 = EDGE_CURVE ( 'NONE', #5661, #1854, #650, .T. ) ;
#4555 = FACE_OUTER_BOUND ( 'NONE', #3411, .T. ) ;
#4556 =( GEOMETRIC_REPRESENTATION_CONTEXT ( 3 ) GLOBAL_UNCERTAINTY_ASSIGNED_CONTEXT ( ( #5078 ) ) GLOBAL_UNIT_ASSIGNED_CONTEXT ( ( #5641, #566, #1906 ) ) REPRESENTATION_CONTEXT ( 'NONE', 'WORKASPACE' ) );
#4557 = DIRECTION ( 'NONE',  ( -2.703746066048639529E-16, -1.000000000000000000, 0.0000000000000000000 ) ) ;
#4558 = MECHANICAL_DESIGN_GEOMETRIC_PRESENTATION_REPRESENTATION (  '', ( #5513 ), #2079 ) ;
#4559 = VERTEX_POINT ( 'NONE', #4572 ) ;
#4560 = MECHANICAL_DESIGN_GEOMETRIC_PRESENTATION_REPRESENTATION (  '', ( #769 ), #2905 ) ;
#4561 = PRESENTATION_STYLE_ASSIGNMENT (( #2797 ) ) ;
#4562 = DIRECTION ( 'NONE',  ( 0.0000000000000000000, -0.0000000000000000000, 1.000000000000000000 ) ) ;
#4563 =( NAMED_UNIT ( * ) SI_UNIT ( $, .STERADIAN. ) SOLID_ANGLE_UNIT ( ) );
#4564 = PRESENTATION_STYLE_ASSIGNMENT (( #2888 ) ) ;
#4565 = COLOUR_RGB ( '',1.000000000000000000, 1.000000000000000000, 1.000000000000000000 ) ;
#4566 = ORIENTED_EDGE ( 'NONE', *, *, #3935, .T. ) ;
#4567 = ORIENTED_EDGE ( 'NONE', *, *, #5198, .T. ) ;
#4568 = DIRECTION ( 'NONE',  ( -1.000000000000000000, -0.0000000000000000000, -0.0000000000000000000 ) ) ;
#4569 = DIRECTION ( 'NONE',  ( 1.000000000000000000, 0.0000000000000000000, -0.0000000000000000000 ) ) ;
#4570 = PRESENTATION_LAYER_ASSIGNMENT (  '', '', ( #1338 ) ) ;
#4571 = DIRECTION ( 'NONE',  ( -0.7071067811865467956, -0.7071067811865483499, 0.0000000000000000000 ) ) ;
#4572 = CARTESIAN_POINT ( 'NONE',  ( -1.499999999999999778, 0.8749999999999990008, 0.02000000000000005246 ) ) ;
#4573 = EDGE_CURVE ( 'NONE', #239, #3097, #3752, .T. ) ;
#4574 = DIRECTION ( 'NONE',  ( 1.000000000000000000, 0.0000000000000000000, 0.0000000000000000000 ) ) ;
#4575 = SURFACE_SIDE_STYLE ('',( #590 ) ) ;
#4576 = FILL_AREA_STYLE_COLOUR ( '', #953 ) ;
#4577 = COLOUR_RGB ( '',1.000000000000000000, 1.000000000000000000, 1.000000000000000000 ) ;
#4578 = DIRECTION ( 'NONE',  ( -0.0000000000000000000, -0.0000000000000000000, -1.000000000000000000 ) ) ;
#4579 = EDGE_CURVE ( 'NONE', #2207, #1216, #5072, .T. ) ;
#4580 = AXIS2_PLACEMENT_3D ( 'NONE', #3052, #4781, #2516 ) ;
#4581 = EDGE_LOOP ( 'NONE', ( #3304, #1331, #4096, #792, #5645, #4302 ) ) ;
#4582 = CARTESIAN_POINT ( 'NONE',  ( -1.499999999999999112, -0.6250000000000057732, 0.02000000000000000042 ) ) ;
#4583 = SURFACE_STYLE_FILL_AREA ( #1961 ) ;
#4584 = COLOUR_RGB ( '',0.0000000000000000000, 0.0000000000000000000, 0.0000000000000000000 ) ;
#4585 = CARTESIAN_POINT ( 'NONE',  ( -0.6249999999999992228, 1.500999999999999890, 0.0000000000000000000 ) ) ;
#4586 = VERTEX_POINT ( 'NONE', #5465 ) ;
#4587 = DIRECTION ( 'NONE',  ( 1.000000000000000000, 0.0000000000000000000, -0.0000000000000000000 ) ) ;
#4588 = CARTESIAN_POINT ( 'NONE',  ( 0.6249999999999991118, 1.500999999999999890, 0.0000000000000000000 ) ) ;
#4589 = PRESENTATION_LAYER_ASSIGNMENT (  '', '', ( #532 ) ) ;
#4590 = EDGE_CURVE ( 'NONE', #3537, #1935, #1134, .T. ) ;
#4591 = VERTEX_POINT ( 'NONE', #169 ) ;
#4592 = ORIENTED_EDGE ( 'NONE', *, *, #333, .F. ) ;
#4593 = SURFACE_STYLE_FILL_AREA ( #2954 ) ;
#4594 = CARTESIAN_POINT ( 'NONE',  ( 0.6249999999999991118, 1.099999999999999867, 0.2000000000000000111 ) ) ;
#4595 = MECHANICAL_DESIGN_GEOMETRIC_PRESENTATION_REPRESENTATION (  '', ( #2121 ), #4765 ) ;
#4596 = DIRECTION ( 'NONE',  ( -0.0000000000000000000, -0.0000000000000000000, -1.000000000000000000 ) ) ;
#4597 =( GEOMETRIC_REPRESENTATION_CONTEXT ( 3 ) GLOBAL_UNCERTAINTY_ASSIGNED_CONTEXT ( ( #1368 ) ) GLOBAL_UNIT_ASSIGNED_CONTEXT ( ( #1169, #170, #1537 ) ) REPRESENTATION_CONTEXT ( 'NONE', 'WORKASPACE' ) );
#4598 = SURFACE_STYLE_USAGE ( .BOTH. , #2494 ) ;
#4599 = CARTESIAN_POINT ( 'NONE',  ( -1.500999999999998336, -0.3750000000000055511, 0.2000000000000000111 ) ) ;
#4600 =( NAMED_UNIT ( * ) SI_UNIT ( $, .STERADIAN. ) SOLID_ANGLE_UNIT ( ) );
#4601 = DIRECTION ( 'NONE',  ( 2.780005570475651171E-15, 1.000000000000000000, -0.0000000000000000000 ) ) ;
#4602 = UNCERTAINTY_MEASURE_WITH_UNIT (LENGTH_MEASURE( 1.000000000000000082E-05 ), #4898, 'distance_accuracy_value', 'NONE');
#4603 = COLOUR_RGB ( '',1.000000000000000000, 1.000000000000000000, 1.000000000000000000 ) ;
#4604 = ORIENTED_EDGE ( 'NONE', *, *, #2663, .F. ) ;
#4605 = LINE ( 'NONE', #2792, #3820 ) ;
#4606 =( LENGTH_UNIT ( ) NAMED_UNIT ( * ) SI_UNIT ( .MILLI., .METRE. ) );
#4607 =( NAMED_UNIT ( * ) SI_UNIT ( $, .STERADIAN. ) SOLID_ANGLE_UNIT ( ) );
#4608 = ORIENTED_EDGE ( 'NONE', *, *, #5328, .T. ) ;
#4609 = FACE_OUTER_BOUND ( 'NONE', #964, .T. ) ;
#4610 = EDGE_CURVE ( 'NONE', #4801, #548, #1950, .T. ) ;
#4611 = EDGE_LOOP ( 'NONE', ( #4294, #667, #1943, #2706, #4703, #2970 ) ) ;
#4612 = PRESENTATION_LAYER_ASSIGNMENT (  '', '', ( #1674 ) ) ;
#4613 = ORIENTED_EDGE ( 'NONE', *, *, #3384, .T. ) ;
#4614 = EDGE_LOOP ( 'NONE', ( #2215, #3016, #4250, #5005 ) ) ;
#4615 = LINE ( 'NONE', #4594, #2575 ) ;
#4616 = LINE ( 'NONE', #223, #733 ) ;
#4617 = ADVANCED_FACE ( 'NONE', ( #2870 ), #1480, .F. ) ;
#4618 = CARTESIAN_POINT ( 'NONE',  ( -1.499999999999999112, -1.099999999999999867, 0.02000000000000000042 ) ) ;
#4619 = LINE ( 'NONE', #1050, #1523 ) ;
#4620 = FILL_AREA_STYLE_COLOUR ( '', #3493 ) ;
#4621 = CARTESIAN_POINT ( 'NONE',  ( -1.500999999999997669, -0.6250000000000057732, 0.2000000000000000111 ) ) ;
#4622 = CARTESIAN_POINT ( 'NONE',  ( 0.8249999999999995115, -1.099999999999999867, 0.0000000000000000000 ) ) ;
#4623 = AXIS2_PLACEMENT_3D ( 'NONE', #550, #1918, #1049 ) ;
#4624 = ORIENTED_EDGE ( 'NONE', *, *, #1499, .T. ) ;
#4625 =( NAMED_UNIT ( * ) PLANE_ANGLE_UNIT ( ) SI_UNIT ( $, .RADIAN. ) );
#4626 = LINE ( 'NONE', #656, #4411 ) ;
#4627 = MECHANICAL_DESIGN_GEOMETRIC_PRESENTATION_REPRESENTATION (  '', ( #5601 ), #3196 ) ;
#4628 = FILL_AREA_STYLE ('',( #266 ) ) ;
#4629 = FILL_AREA_STYLE ('',( #370 ) ) ;
#4630 = STYLED_ITEM ( 'NONE', ( #5332 ), #2010 ) ;
#4631 = VERTEX_POINT ( 'NONE', #364 ) ;
#4632 = ORIENTED_EDGE ( 'NONE', *, *, #5636, .F. ) ;
#4633 = FILL_AREA_STYLE_COLOUR ( '', #3472 ) ;
#4634 = SURFACE_SIDE_STYLE ('',( #3356 ) ) ;
#4635 = MECHANICAL_DESIGN_GEOMETRIC_PRESENTATION_REPRESENTATION (  '', ( #970 ), #5515 ) ;
#4636 = ORIENTED_EDGE ( 'NONE', *, *, #678, .T. ) ;
#4637 = ORIENTED_EDGE ( 'NONE', *, *, #626, .T. ) ;
#4638 = ADVANCED_FACE ( 'NONE', ( #4286 ), #1685, .F. ) ;
#4639 = VERTEX_POINT ( 'NONE', #312 ) ;
#4640 = CARTESIAN_POINT ( 'NONE',  ( -1.100000000000019629, 0.6249999999999987788, 0.2000000000000000111 ) ) ;
#4641 = CARTESIAN_POINT ( 'NONE',  ( -1.501000000000001000, 0.3749999999999942824, 0.2000000000000000111 ) ) ;
#4642 =( GEOMETRIC_REPRESENTATION_CONTEXT ( 3 ) GLOBAL_UNCERTAINTY_ASSIGNED_CONTEXT ( ( #2696 ) ) GLOBAL_UNIT_ASSIGNED_CONTEXT ( ( #2019, #3758, #2049 ) ) REPRESENTATION_CONTEXT ( 'NONE', 'WORKASPACE' ) );
#4643 = LINE ( 'NONE', #4962, #2729 ) ;
#4644 = CARTESIAN_POINT ( 'NONE',  ( 1.500000000000000444, 1.500000000000000000, 0.02000000000000000042 ) ) ;
#4645 = UNCERTAINTY_MEASURE_WITH_UNIT (LENGTH_MEASURE( 1.000000000000000082E-05 ), #1003, 'distance_accuracy_value', 'NONE');
#4646 = EDGE_CURVE ( 'NONE', #2405, #4418, #2069, .T. ) ;
#4647 =( GEOMETRIC_REPRESENTATION_CONTEXT ( 3 ) GLOBAL_UNCERTAINTY_ASSIGNED_CONTEXT ( ( #850 ) ) GLOBAL_UNIT_ASSIGNED_CONTEXT ( ( #463, #935, #4841 ) ) REPRESENTATION_CONTEXT ( 'NONE', 'WORKASPACE' ) );
#4648 = LINE ( 'NONE', #4236, #4936 ) ;
#4649 = DIRECTION ( 'NONE',  ( 2.780005570475651171E-15, 1.000000000000000000, -0.0000000000000000000 ) ) ;
#4650 = CARTESIAN_POINT ( 'NONE',  ( 0.3749999999999994449, 1.500999999999999890, 0.0000000000000000000 ) ) ;
#4651 =( NAMED_UNIT ( * ) SI_UNIT ( $, .STERADIAN. ) SOLID_ANGLE_UNIT ( ) );
#4652 = CARTESIAN_POINT ( 'NONE',  ( -0.1249999999999997918, 1.099999999999999867, 0.01999999999999999695 ) ) ;
#4653 = UNCERTAINTY_MEASURE_WITH_UNIT (LENGTH_MEASURE( 1.000000000000000082E-05 ), #4386, 'distance_accuracy_value', 'NONE');
#4654 = EDGE_CURVE ( 'NONE', #2864, #3705, #2545, .T. ) ;
#4655 = ORIENTED_EDGE ( 'NONE', *, *, #3187, .F. ) ;
#4656 = AXIS2_PLACEMENT_3D ( 'NONE', #2974, #2483, #4713 ) ;
#4657 = DIRECTION ( 'NONE',  ( 1.000000000000000000, 3.244495279258365266E-15, 0.0000000000000000000 ) ) ;
#4658 = DIRECTION ( 'NONE',  ( -2.276824562219581715E-14, -1.000000000000000000, 0.0000000000000000000 ) ) ;
#4659 =( GEOMETRIC_REPRESENTATION_CONTEXT ( 3 ) GLOBAL_UNCERTAINTY_ASSIGNED_CONTEXT ( ( #3051 ) ) GLOBAL_UNIT_ASSIGNED_CONTEXT ( ( #5189, #690, #5651 ) ) REPRESENTATION_CONTEXT ( 'NONE', 'WORKASPACE' ) );
#4660 = VERTEX_POINT ( 'NONE', #3946 ) ;
#4661 = ORIENTED_EDGE ( 'NONE', *, *, #483, .T. ) ;
#4662 = AXIS2_PLACEMENT_3D ( 'NONE', #3142, #4883, #5257 ) ;
#4663 = PRESENTATION_LAYER_ASSIGNMENT (  '', '', ( #3034 ) ) ;
#4664 = ORIENTED_EDGE ( 'NONE', *, *, #3517, .F. ) ;
#4665 = ORIENTED_EDGE ( 'NONE', *, *, #5522, .T. ) ;
#4666 = ORIENTED_EDGE ( 'NONE', *, *, #2447, .F. ) ;
#4667 = PRESENTATION_STYLE_ASSIGNMENT (( #4966 ) ) ;
#4668 = CARTESIAN_POINT ( 'NONE',  ( 1.500000000000000666, -0.6249999999999944489, 0.02000000000000005246 ) ) ;
#4669 = ADVANCED_FACE ( 'NONE', ( #4316 ), #5644, .F. ) ;
#4670 = DIRECTION ( 'NONE',  ( -1.445602896647339163E-16, 1.000000000000000000, -0.0000000000000000000 ) ) ;
#4671 = AXIS2_PLACEMENT_3D ( 'NONE', #3329, #4998, #5028 ) ;
#4672 = COLOUR_RGB ( '',1.000000000000000000, 1.000000000000000000, 1.000000000000000000 ) ;
#4673 = CARTESIAN_POINT ( 'NONE',  ( 0.1249999999999998890, -1.099999999999999867, 0.2000000000000000111 ) ) ;
#4674 = PLANE ( 'NONE',  #1272 ) ;
#4675 = LINE ( 'NONE', #5384, #876 ) ;
#4676 = MECHANICAL_DESIGN_GEOMETRIC_PRESENTATION_REPRESENTATION (  '', ( #1461 ), #441 ) ;
#4677 = ORIENTED_EDGE ( 'NONE', *, *, #1097, .F. ) ;
#4678 = CARTESIAN_POINT ( 'NONE',  ( -1.500999999999999224, -0.1250000000000057454, 0.2000000000000000111 ) ) ;
#4679 = VECTOR ( 'NONE', #279, 1000.000000000000000 ) ;
#4680 = SURFACE_SIDE_STYLE ('',( #2938 ) ) ;
#4681 = CARTESIAN_POINT ( 'NONE',  ( -1.499999999999999334, -0.3750000000000055511, 0.02000000000000000042 ) ) ;
#4682 = FILL_AREA_STYLE ('',( #3437 ) ) ;
#4683 = DIRECTION ( 'NONE',  ( -1.000000000000000000, -0.0000000000000000000, -0.0000000000000000000 ) ) ;
#4684 = PRESENTATION_STYLE_ASSIGNMENT (( #634 ) ) ;
#4685 = EDGE_CURVE ( 'NONE', #833, #3097, #519, .T. ) ;
#4686 = DIRECTION ( 'NONE',  ( 0.0000000000000000000, -1.000000000000000000, 0.0000000000000000000 ) ) ;
#4687 = MECHANICAL_DESIGN_GEOMETRIC_PRESENTATION_REPRESENTATION (  '', ( #5571 ), #2767 ) ;
#4688 = ORIENTED_EDGE ( 'NONE', *, *, #3119, .F. ) ;
#4689 = SURFACE_STYLE_USAGE ( .BOTH. , #3415 ) ;
#4690 = ORIENTED_EDGE ( 'NONE', *, *, #3432, .T. ) ;
#4691 = ORIENTED_EDGE ( 'NONE', *, *, #1152, .T. ) ;
#4692 = ORIENTED_EDGE ( 'NONE', *, *, #721, .F. ) ;
#4693 = SURFACE_STYLE_FILL_AREA ( #1952 ) ;
#4694 = CARTESIAN_POINT ( 'NONE',  ( 1.150000000000002354, -0.8749999999999956701, 0.0000000000000000000 ) ) ;
#4695 = CARTESIAN_POINT ( 'NONE',  ( -0.8749999999999991118, 1.149999999999999689, 0.01999999999999999695 ) ) ;
#4696 = FILL_AREA_STYLE_COLOUR ( '', #2915 ) ;
#4697 = EDGE_CURVE ( 'NONE', #2769, #1702, #2108, .T. ) ;
#4698 = CARTESIAN_POINT ( 'NONE',  ( 1.500000000000000444, 1.500000000000000000, 0.1999999999999999833 ) ) ;
#4699 = SURFACE_STYLE_FILL_AREA ( #5162 ) ;
#4700 = VECTOR ( 'NONE', #5618, 1000.000000000000000 ) ;
#4701 = DIRECTION ( 'NONE',  ( 0.0000000000000000000, -1.000000000000000000, 0.0000000000000000000 ) ) ;
#4702 = VECTOR ( 'NONE', #1651, 1000.000000000000000 ) ;
#4703 = ORIENTED_EDGE ( 'NONE', *, *, #1631, .F. ) ;
#4704 = ADVANCED_FACE ( 'NONE', ( #3204 ), #4026, .F. ) ;
#4705 =( NAMED_UNIT ( * ) PLANE_ANGLE_UNIT ( ) SI_UNIT ( $, .RADIAN. ) );
#4706 = LINE ( 'NONE', #2526, #3453 ) ;
#4707 = CARTESIAN_POINT ( 'NONE',  ( -0.6249999999999992228, 1.500999999999999890, 0.2000000000000000111 ) ) ;
#4708 = FILL_AREA_STYLE ('',( #5628 ) ) ;
#4709 = VERTEX_POINT ( 'NONE', #3605 ) ;
#4710 = EDGE_CURVE ( 'NONE', #1182, #263, #104, .T. ) ;
#4711 = PLANE ( 'NONE',  #3373 ) ;
#4712 = STYLED_ITEM ( 'NONE', ( #3603 ), #2493 ) ;
#4713 = DIRECTION ( 'NONE',  ( 2.703746066048639529E-16, -1.000000000000000000, 0.0000000000000000000 ) ) ;
#4714 =( GEOMETRIC_REPRESENTATION_CONTEXT ( 3 ) GLOBAL_UNCERTAINTY_ASSIGNED_CONTEXT ( ( #4435 ) ) GLOBAL_UNIT_ASSIGNED_CONTEXT ( ( #702, #5069, #4255 ) ) REPRESENTATION_CONTEXT ( 'NONE', 'WORKASPACE' ) );
#4715 = CARTESIAN_POINT ( 'NONE',  ( -0.6249999999999996669, -1.500999999999999890, 0.0000000000000000000 ) ) ;
#4716 = VERTEX_POINT ( 'NONE', #961 ) ;
#4717 = EDGE_LOOP ( 'NONE', ( #2424, #1621, #1884, #331 ) ) ;
#4718 = EDGE_CURVE ( 'NONE', #5339, #4631, #1883, .T. ) ;
#4719 =( NAMED_UNIT ( * ) PLANE_ANGLE_UNIT ( ) SI_UNIT ( $, .RADIAN. ) );
#4720 = LINE ( 'NONE', #2955, #1867 ) ;
#4721 = DIRECTION ( 'NONE',  ( 0.0000000000000000000, 0.0000000000000000000, 1.000000000000000000 ) ) ;
#4722 = CARTESIAN_POINT ( 'NONE',  ( 0.1375000000000013434, 0.1374999999999974298, 0.02000000000000000042 ) ) ;
#4723 = LINE ( 'NONE', #2183, #2536 ) ;
#4724 = CARTESIAN_POINT ( 'NONE',  ( 0.6249999999999995559, -1.500999999999999890, 0.0000000000000000000 ) ) ;
#4725 = AXIS2_PLACEMENT_3D ( 'NONE', #1325, #151, #3515 ) ;
#4726 = STYLED_ITEM ( 'NONE', ( #2636 ), #2300 ) ;
#4727 = ORIENTED_EDGE ( 'NONE', *, *, #3087, .T. ) ;
#4728 = PRESENTATION_LAYER_ASSIGNMENT (  '', '', ( #1238 ) ) ;
#4729 = LINE ( 'NONE', #401, #3434 ) ;
#4730 = VECTOR ( 'NONE', #2376, 1000.000000000000000 ) ;
#4731 = CARTESIAN_POINT ( 'NONE',  ( 0.7999999999999998224, 1.000000000000000000, 0.8500000000000000888 ) ) ;
#4732 = ADVANCED_FACE ( 'NONE', ( #5674 ), #427, .T. ) ;
#4733 = ORIENTED_EDGE ( 'NONE', *, *, #1447, .F. ) ;
#4734 = CARTESIAN_POINT ( 'NONE',  ( -1.500000000000002887, -0.6250000000000075495, 0.02000000000000000042 ) ) ;
#4735 = SURFACE_STYLE_USAGE ( .BOTH. , #5168 ) ;
#4736 = FILL_AREA_STYLE_COLOUR ( '', #389 ) ;
#4737 =( NAMED_UNIT ( * ) SI_UNIT ( $, .STERADIAN. ) SOLID_ANGLE_UNIT ( ) );
#4738 = CARTESIAN_POINT ( 'NONE',  ( -0.1249999999999998890, 1.500999999999999890, 0.0000000000000000000 ) ) ;
#4739 = PRESENTATION_LAYER_ASSIGNMENT (  '', '', ( #128 ) ) ;
#4740 = EDGE_CURVE ( 'NONE', #1582, #3015, #575, .T. ) ;
#4741 = AXIS2_PLACEMENT_3D ( 'NONE', #2830, #3229, #574 ) ;
#4742 = ORIENTED_EDGE ( 'NONE', *, *, #4988, .F. ) ;
#4743 = DIRECTION ( 'NONE',  ( -4.336808689942026413E-15, 1.000000000000000000, 0.0000000000000000000 ) ) ;
#4744 = ADVANCED_FACE ( 'NONE', ( #608 ), #1471, .F. ) ;
#4745 =( NAMED_UNIT ( * ) PLANE_ANGLE_UNIT ( ) SI_UNIT ( $, .RADIAN. ) );
#4746 = ORIENTED_EDGE ( 'NONE', *, *, #1466, .F. ) ;
#4747 = ORIENTED_EDGE ( 'NONE', *, *, #1168, .F. ) ;
#4748 = VERTEX_POINT ( 'NONE', #2428 ) ;
#4749 = VECTOR ( 'NONE', #4426, 1000.000000000000000 ) ;
#4750 = DIRECTION ( 'NONE',  ( 3.469446951953617344E-15, -1.000000000000000000, 0.0000000000000000000 ) ) ;
#4751 = DIRECTION ( 'NONE',  ( -1.000000000000000000, -4.325993705677824825E-15, 0.0000000000000000000 ) ) ;
#4752 = DIRECTION ( 'NONE',  ( 0.0000000000000000000, 0.0000000000000000000, -1.000000000000000000 ) ) ;
#4753 =( NAMED_UNIT ( * ) PLANE_ANGLE_UNIT ( ) SI_UNIT ( $, .RADIAN. ) );
#4754 = ADVANCED_FACE ( 'NONE', ( #2003 ), #5457, .F. ) ;
#4755 = VECTOR ( 'NONE', #485, 1000.000000000000000 ) ;
#4756 = ORIENTED_EDGE ( 'NONE', *, *, #1168, .T. ) ;
#4757 = DIRECTION ( 'NONE',  ( 0.0000000000000000000, -0.0000000000000000000, 1.000000000000000000 ) ) ;
#4758 = CARTESIAN_POINT ( 'NONE',  ( -0.8749999999999991118, 1.500999999999999890, 0.2000000000000000111 ) ) ;
#4759 = FILL_AREA_STYLE ('',( #315 ) ) ;
#4760 = COLOUR_RGB ( '',1.000000000000000000, 1.000000000000000000, 1.000000000000000000 ) ;
#4761 = ORIENTED_EDGE ( 'NONE', *, *, #4378, .T. ) ;
#4762 =( NAMED_UNIT ( * ) PLANE_ANGLE_UNIT ( ) SI_UNIT ( $, .RADIAN. ) );
#4763 = CARTESIAN_POINT ( 'NONE',  ( -0.1249999999999998890, 1.500999999999999890, 0.2000000000000000111 ) ) ;
#4764 =( LENGTH_UNIT ( ) NAMED_UNIT ( * ) SI_UNIT ( .MILLI., .METRE. ) );
#4765 =( GEOMETRIC_REPRESENTATION_CONTEXT ( 3 ) GLOBAL_UNCERTAINTY_ASSIGNED_CONTEXT ( ( #1481 ) ) GLOBAL_UNIT_ASSIGNED_CONTEXT ( ( #147, #95, #1874 ) ) REPRESENTATION_CONTEXT ( 'NONE', 'WORKASPACE' ) );
#4766 = CARTESIAN_POINT ( 'NONE',  ( -1.500999999999998336, -0.3750000000000055511, 0.0000000000000000000 ) ) ;
#4767 = VECTOR ( 'NONE', #113, 1000.000000000000000 ) ;
#4768 = VERTEX_POINT ( 'NONE', #2948 ) ;
#4769 = EDGE_CURVE ( 'NONE', #356, #5415, #725, .T. ) ;
#4770 = DIRECTION ( 'NONE',  ( -1.000000000000000000, -2.780005570475651171E-15, 0.0000000000000000000 ) ) ;
#4771 = STYLED_ITEM ( 'NONE', ( #488 ), #5666 ) ;
#4772 = VERTEX_POINT ( 'NONE', #5576 ) ;
#4773 = ORIENTED_EDGE ( 'NONE', *, *, #2026, .F. ) ;
#4774 = STYLED_ITEM ( 'NONE', ( #770 ), #649 ) ;
#4775 = ORIENTED_EDGE ( 'NONE', *, *, #4610, .F. ) ;
#4776 = EDGE_CURVE ( 'NONE', #1291, #2429, #804, .T. ) ;
#4777 = DIRECTION ( 'NONE',  ( -1.000000000000000000, -0.0000000000000000000, -0.0000000000000000000 ) ) ;
#4778 = PRESENTATION_STYLE_ASSIGNMENT (( #2684 ) ) ;
#4779 = CARTESIAN_POINT ( 'NONE',  ( 1.099999999999998535, 0.3750000000000033862, 0.0000000000000000000 ) ) ;
#4780 = DIRECTION ( 'NONE',  ( -1.000000000000000000, -2.703746066048639529E-16, 0.0000000000000000000 ) ) ;
#4781 = DIRECTION ( 'NONE',  ( 4.325993705677824825E-15, -1.000000000000000000, 0.0000000000000000000 ) ) ;
#4782 = EDGE_LOOP ( 'NONE', ( #1972, #2021, #3286, #645, #2588 ) ) ;
#4783 = DIRECTION ( 'NONE',  ( 1.445602896647339163E-16, -1.000000000000000000, 0.0000000000000000000 ) ) ;
#4784 = CARTESIAN_POINT ( 'NONE',  ( -1.499999999999999112, -1.500000000000000000, 0.9000000000000001332 ) ) ;
#4785 = DIRECTION ( 'NONE',  ( 0.0000000000000000000, -0.0000000000000000000, 1.000000000000000000 ) ) ;
#4786 = CARTESIAN_POINT ( 'NONE',  ( -0.6249999999999995559, -1.099999999999999867, 0.2000000000000000111 ) ) ;
#4787 = PRESENTATION_STYLE_ASSIGNMENT (( #4244 ) ) ;
#4788 = ORIENTED_EDGE ( 'NONE', *, *, #3845, .F. ) ;
#4789 =( GEOMETRIC_REPRESENTATION_CONTEXT ( 3 ) GLOBAL_UNCERTAINTY_ASSIGNED_CONTEXT ( ( #256 ) ) GLOBAL_UNIT_ASSIGNED_CONTEXT ( ( #621, #1986, #2047 ) ) REPRESENTATION_CONTEXT ( 'NONE', 'WORKASPACE' ) );
#4790 = LINE ( 'NONE', #8, #1705 ) ;
#4791 = DIRECTION ( 'NONE',  ( 0.0000000000000000000, 0.0000000000000000000, -1.000000000000000000 ) ) ;
#4792 = PLANE ( 'NONE',  #4497 ) ;
#4793 = LINE ( 'NONE', #857, #396 ) ;
#4794 = PRESENTATION_LAYER_ASSIGNMENT (  '', '', ( #4442 ) ) ;
#4795 = VERTEX_POINT ( 'NONE', #4715 ) ;
#4796 = SURFACE_STYLE_FILL_AREA ( #447 ) ;
#4797 = MECHANICAL_DESIGN_GEOMETRIC_PRESENTATION_REPRESENTATION (  '', ( #1967 ), #4271 ) ;
#4798 = DIRECTION ( 'NONE',  ( 0.0000000000000000000, 0.0000000000000000000, 1.000000000000000000 ) ) ;
#4799 = ADVANCED_FACE ( 'NONE', ( #2484 ), #5633, .F. ) ;
#4800 = VECTOR ( 'NONE', #4465, 1000.000000000000000 ) ;
#4801 = VERTEX_POINT ( 'NONE', #5605 ) ;
#4802 = ORIENTED_EDGE ( 'NONE', *, *, #1382, .F. ) ;
#4803 = ORIENTED_EDGE ( 'NONE', *, *, #5659, .T. ) ;
#4804 =( NAMED_UNIT ( * ) PLANE_ANGLE_UNIT ( ) SI_UNIT ( $, .RADIAN. ) );
#4805 = FACE_OUTER_BOUND ( 'NONE', #3914, .T. ) ;
#4806 = VECTOR ( 'NONE', #3910, 1000.000000000000000 ) ;
#4807 = SURFACE_STYLE_FILL_AREA ( #309 ) ;
#4808 = EDGE_CURVE ( 'NONE', #5667, #2971, #1706, .T. ) ;
#4809 = ORIENTED_EDGE ( 'NONE', *, *, #4387, .F. ) ;
#4810 = VECTOR ( 'NONE', #3330, 1000.000000000000000 ) ;
#4811 = VECTOR ( 'NONE', #1072, 1000.000000000000000 ) ;
#4812 =( NAMED_UNIT ( * ) PLANE_ANGLE_UNIT ( ) SI_UNIT ( $, .RADIAN. ) );
#4813 =( LENGTH_UNIT ( ) NAMED_UNIT ( * ) SI_UNIT ( .MILLI., .METRE. ) );
#4814 = VECTOR ( 'NONE', #1760, 1000.000000000000000 ) ;
#4815 =( NAMED_UNIT ( * ) SI_UNIT ( $, .STERADIAN. ) SOLID_ANGLE_UNIT ( ) );
#4816 = DIRECTION ( 'NONE',  ( 0.0000000000000000000, -1.000000000000000000, 0.0000000000000000000 ) ) ;
#4817 = ORIENTED_EDGE ( 'NONE', *, *, #2895, .T. ) ;
#4818 = VECTOR ( 'NONE', #5255, 1000.000000000000000 ) ;
#4819 =( NAMED_UNIT ( * ) SI_UNIT ( $, .STERADIAN. ) SOLID_ANGLE_UNIT ( ) );
#4820 = CARTESIAN_POINT ( 'NONE',  ( 1.501000000000000556, -0.1249999999999949069, 0.0000000000000000000 ) ) ;
#4821 = PLANE ( 'NONE',  #4156 ) ;
#4822 = DIRECTION ( 'NONE',  ( -1.000000000000000000, 2.703746066048639529E-16, 0.0000000000000000000 ) ) ;
#4823 = SURFACE_SIDE_STYLE ('',( #2142 ) ) ;
#4824 = SURFACE_STYLE_FILL_AREA ( #4708 ) ;
#4825 = VECTOR ( 'NONE', #2522, 1000.000000000000000 ) ;
#4826 = VERTEX_POINT ( 'NONE', #3510 ) ;
#4827 = DIRECTION ( 'NONE',  ( -2.891205793294678326E-16, 1.000000000000000000, 0.0000000000000000000 ) ) ;
#4828 = VECTOR ( 'NONE', #5157, 1000.000000000000000 ) ;
#4829 = FILL_AREA_STYLE ('',( #5663 ) ) ;
#4830 = CARTESIAN_POINT ( 'NONE',  ( 0.6249999999999995559, -1.500999999999999890, 0.2000000000000000111 ) ) ;
#4831 = DIRECTION ( 'NONE',  ( 1.445602896647339163E-16, -1.000000000000000000, 0.0000000000000000000 ) ) ;
#4832 = ORIENTED_EDGE ( 'NONE', *, *, #3647, .F. ) ;
#4833 = ORIENTED_EDGE ( 'NONE', *, *, #4378, .F. ) ;
#4834 = ORIENTED_EDGE ( 'NONE', *, *, #3853, .F. ) ;
#4835 = DIRECTION ( 'NONE',  ( -1.000000000000000000, -0.0000000000000000000, -0.0000000000000000000 ) ) ;
#4836 = CARTESIAN_POINT ( 'NONE',  ( 0.8750000000000005551, -1.500999999999999890, 0.2000000000000000111 ) ) ;
#4837 = ORIENTED_EDGE ( 'NONE', *, *, #5044, .T. ) ;
#4838 = PRESENTATION_LAYER_ASSIGNMENT (  '', '', ( #4040 ) ) ;
#4839 =( NAMED_UNIT ( * ) PLANE_ANGLE_UNIT ( ) SI_UNIT ( $, .RADIAN. ) );
#4840 = LINE ( 'NONE', #5649, #3181 ) ;
#4841 =( NAMED_UNIT ( * ) SI_UNIT ( $, .STERADIAN. ) SOLID_ANGLE_UNIT ( ) );
#4842 = LINE ( 'NONE', #2753, #800 ) ;
#4843 = COLOUR_RGB ( '',1.000000000000000000, 1.000000000000000000, 1.000000000000000000 ) ;
#4844 = VECTOR ( 'NONE', #76, 1000.000000000000000 ) ;
#4845 = ORIENTED_EDGE ( 'NONE', *, *, #4331, .F. ) ;
#4846 = CARTESIAN_POINT ( 'NONE',  ( 1.099999999999996980, 0.8250000000000033973, 0.2000000000000000111 ) ) ;
#4847 = DIRECTION ( 'NONE',  ( 1.000000000000000000, 0.0000000000000000000, 0.0000000000000000000 ) ) ;
#4848 = LINE ( 'NONE', #1283, #947 ) ;
#4849 = ORIENTED_EDGE ( 'NONE', *, *, #691, .T. ) ;
#4850 = FILL_AREA_STYLE_COLOUR ( '', #5604 ) ;
#4851 = ADVANCED_FACE ( 'NONE', ( #4249 ), #4307, .F. ) ;
#4852 = VERTEX_POINT ( 'NONE', #2206 ) ;
#4853 = ORIENTED_EDGE ( 'NONE', *, *, #3354, .T. ) ;
#4854 = ORIENTED_EDGE ( 'NONE', *, *, #4192, .F. ) ;
#4855 = CARTESIAN_POINT ( 'NONE',  ( -1.100000000000019629, 0.6249999999999987788, 0.0000000000000000000 ) ) ;
#4856 = EDGE_CURVE ( 'NONE', #1256, #2032, #3567, .T. ) ;
#4857 = COLOUR_RGB ( '',1.000000000000000000, 1.000000000000000000, 1.000000000000000000 ) ;
#4858 = CARTESIAN_POINT ( 'NONE',  ( 0.3749999999999995559, 1.099999999999999867, 0.2000000000000000111 ) ) ;
#4859 = STYLED_ITEM ( 'NONE', ( #4253 ), #2673 ) ;
#4860 = COLOUR_RGB ( '',1.000000000000000000, 1.000000000000000000, 1.000000000000000000 ) ;
#4861 = ORIENTED_EDGE ( 'NONE', *, *, #4272, .F. ) ;
#4862 = LINE ( 'NONE', #2775, #1846 ) ;
#4863 = CARTESIAN_POINT ( 'NONE',  ( -1.500999999999997669, -0.6250000000000057732, 0.0000000000000000000 ) ) ;
#4864 =( NAMED_UNIT ( * ) PLANE_ANGLE_UNIT ( ) SI_UNIT ( $, .RADIAN. ) );
#4865 = EDGE_CURVE ( 'NONE', #4418, #4768, #1799, .T. ) ;
#4866 = ORIENTED_EDGE ( 'NONE', *, *, #4865, .T. ) ;
#4867 =( LENGTH_UNIT ( ) NAMED_UNIT ( * ) SI_UNIT ( .MILLI., .METRE. ) );
#4868 = PLANE ( 'NONE',  #4932 ) ;
#4869 = CARTESIAN_POINT ( 'NONE',  ( -1.100000000000019629, 0.6249999999999987788, 0.0000000000000000000 ) ) ;
#4870 = LINE ( 'NONE', #1344, #1087 ) ;
#4871 = SURFACE_STYLE_USAGE ( .BOTH. , #4069 ) ;
#4872 = ORIENTED_EDGE ( 'NONE', *, *, #2879, .F. ) ;
#4873 = FILL_AREA_STYLE_COLOUR ( '', #2440 ) ;
#4874 = FACE_OUTER_BOUND ( 'NONE', #1183, .T. ) ;
#4875 =( GEOMETRIC_REPRESENTATION_CONTEXT ( 3 ) GLOBAL_UNCERTAINTY_ASSIGNED_CONTEXT ( ( #5585 ) ) GLOBAL_UNIT_ASSIGNED_CONTEXT ( ( #3147, #2325, #3664 ) ) REPRESENTATION_CONTEXT ( 'NONE', 'WORKASPACE' ) );
#4876 = CARTESIAN_POINT ( 'NONE',  ( -1.499999999999999556, 0.1249999999999944766, 0.9000000000000001332 ) ) ;
#4877 = ORIENTED_EDGE ( 'NONE', *, *, #2326, .T. ) ;
#4878 = MECHANICAL_DESIGN_GEOMETRIC_PRESENTATION_REPRESENTATION (  '', ( #951 ), #4448 ) ;
#4879 = ORIENTED_EDGE ( 'NONE', *, *, #5125, .F. ) ;
#4880 = CARTESIAN_POINT ( 'NONE',  ( -1.500999999999996781, -0.8750000000000054401, 0.2000000000000000111 ) ) ;
#4881 = SURFACE_SIDE_STYLE ('',( #1470 ) ) ;
#4882 = CARTESIAN_POINT ( 'NONE',  ( 1.500999999999999668, 0.1250000000000053291, 0.2000000000000000111 ) ) ;
#4883 = DIRECTION ( 'NONE',  ( 0.0000000000000000000, 0.0000000000000000000, 1.000000000000000000 ) ) ;
#4884 = EDGE_CURVE ( 'NONE', #2552, #159, #1352, .T. ) ;
#4885 = ORIENTED_EDGE ( 'NONE', *, *, #402, .F. ) ;
#4886 = FILL_AREA_STYLE ('',( #4028 ) ) ;
#4887 = SURFACE_STYLE_FILL_AREA ( #2752 ) ;
#4888 = SURFACE_STYLE_USAGE ( .BOTH. , #2299 ) ;
#4889 = VECTOR ( 'NONE', #3001, 1000.000000000000000 ) ;
#4890 = LINE ( 'NONE', #2665, #3240 ) ;
#4891 = SURFACE_STYLE_FILL_AREA ( #4945 ) ;
#4892 = VECTOR ( 'NONE', #1090, 1000.000000000000000 ) ;
#4893 = DIRECTION ( 'NONE',  ( -4.336808689942026413E-15, 1.000000000000000000, 0.0000000000000000000 ) ) ;
#4894 = LINE ( 'NONE', #1926, #2340 ) ;
#4895 = AXIS2_PLACEMENT_3D ( 'NONE', #3696, #2064, #4750 ) ;
#4896 = ORIENTED_EDGE ( 'NONE', *, *, #1938, .T. ) ;
#4897 = SURFACE_STYLE_FILL_AREA ( #1903 ) ;
#4898 =( LENGTH_UNIT ( ) NAMED_UNIT ( * ) SI_UNIT ( .MILLI., .METRE. ) );
#4899 = FILL_AREA_STYLE ('',( #1009 ) ) ;
#4900 = AXIS2_PLACEMENT_3D ( 'NONE', #12, #4045, #1346 ) ;
#4901 = ADVANCED_FACE ( 'NONE', ( #1829 ), #1853, .F. ) ;
#4902 = LINE ( 'NONE', #384, #2284 ) ;
#4903 = VECTOR ( 'NONE', #906, 1000.000000000000000 ) ;
#4904 = EDGE_CURVE ( 'NONE', #1349, #753, #1282, .T. ) ;
#4905 = PRESENTATION_STYLE_ASSIGNMENT (( #131 ) ) ;
#4906 =( GEOMETRIC_REPRESENTATION_CONTEXT ( 3 ) GLOBAL_UNCERTAINTY_ASSIGNED_CONTEXT ( ( #5532 ) ) GLOBAL_UNIT_ASSIGNED_CONTEXT ( ( #1099, #3040, #1264 ) ) REPRESENTATION_CONTEXT ( 'NONE', 'WORKASPACE' ) );
#4907 = VERTEX_POINT ( 'NONE', #2610 ) ;
#4908 = ORIENTED_EDGE ( 'NONE', *, *, #3776, .F. ) ;
#4909 = MECHANICAL_DESIGN_GEOMETRIC_PRESENTATION_REPRESENTATION (  '', ( #3582 ), #1825 ) ;
#4910 = FACE_OUTER_BOUND ( 'NONE', #5240, .T. ) ;
#4911 = FILL_AREA_STYLE ('',( #430 ) ) ;
#4912 = FACE_OUTER_BOUND ( 'NONE', #1502, .T. ) ;
#4913 = CARTESIAN_POINT ( 'NONE',  ( 1.500999999999999668, 0.1250000000000053291, 0.0000000000000000000 ) ) ;
#4914 = EDGE_CURVE ( 'NONE', #5317, #5252, #5220, .T. ) ;
#4915 = DIRECTION ( 'NONE',  ( 0.0000000000000000000, -1.000000000000000000, 0.0000000000000000000 ) ) ;
#4916 = CARTESIAN_POINT ( 'NONE',  ( 0.8749999999999994449, 1.500000000000000000, 0.02000000000000000042 ) ) ;
#4917 = SURFACE_SIDE_STYLE ('',( #2814 ) ) ;
#4918 = SURFACE_STYLE_FILL_AREA ( #3670 ) ;
#4919 = FILL_AREA_STYLE ('',( #2734 ) ) ;
#4920 = ORIENTED_EDGE ( 'NONE', *, *, #1382, .T. ) ;
#4921 = CARTESIAN_POINT ( 'NONE',  ( -1.500000000000000000, 1.500000000000000000, 0.02000000000000000042 ) ) ;
#4922 = SURFACE_STYLE_USAGE ( .BOTH. , #3707 ) ;
#4923 = SURFACE_STYLE_FILL_AREA ( #148 ) ;
#4924 = CARTESIAN_POINT ( 'NONE',  ( -0.8749999999999995559, -1.500000000000000000, 0.9000000000000001332 ) ) ;
#4925 = PRESENTATION_STYLE_ASSIGNMENT (( #2795 ) ) ;
#4926 = MECHANICAL_DESIGN_GEOMETRIC_PRESENTATION_REPRESENTATION (  '', ( #1646 ), #636 ) ;
#4927 = COLOUR_RGB ( '',1.000000000000000000, 1.000000000000000000, 1.000000000000000000 ) ;
#4928 = EDGE_LOOP ( 'NONE', ( #5385, #1928, #4775, #4896 ) ) ;
#4929 = EDGE_CURVE ( 'NONE', #1936, #3634, #1309, .T. ) ;
#4930 = VERTEX_POINT ( 'NONE', #2554 ) ;
#4931 = DIRECTION ( 'NONE',  ( 1.000000000000000000, 0.0000000000000000000, -0.0000000000000000000 ) ) ;
#4932 = AXIS2_PLACEMENT_3D ( 'NONE', #5269, #3616, #940 ) ;
#4933 =( LENGTH_UNIT ( ) NAMED_UNIT ( * ) SI_UNIT ( .MILLI., .METRE. ) );
#4934 = STYLED_ITEM ( 'NONE', ( #3719 ), #5414 ) ;
#4935 = ORIENTED_EDGE ( 'NONE', *, *, #3583, .T. ) ;
#4936 = VECTOR ( 'NONE', #1483, 1000.000000000000000 ) ;
#4937 = LINE ( 'NONE', #1475, #545 ) ;
#4938 =( NAMED_UNIT ( * ) PLANE_ANGLE_UNIT ( ) SI_UNIT ( $, .RADIAN. ) );
#4939 = SURFACE_SIDE_STYLE ('',( #3115 ) ) ;
#4940 = SURFACE_STYLE_FILL_AREA ( #1448 ) ;
#4941 = FILL_AREA_STYLE_COLOUR ( '', #510 ) ;
#4942 = LINE ( 'NONE', #3552, #3215 ) ;
#4943 = ADVANCED_FACE ( 'NONE', ( #5536 ), #3408, .F. ) ;
#4944 = FACE_OUTER_BOUND ( 'NONE', #4614, .T. ) ;
#4945 = FILL_AREA_STYLE ('',( #439 ) ) ;
#4946 = CARTESIAN_POINT ( 'NONE',  ( -0.3749999999999998890, -1.500000000000000000, 0.9000000000000001332 ) ) ;
#4947 = SURFACE_SIDE_STYLE ('',( #1456 ) ) ;
#4948 =( NAMED_UNIT ( * ) PLANE_ANGLE_UNIT ( ) SI_UNIT ( $, .RADIAN. ) );
#4949 = DIRECTION ( 'NONE',  ( -0.0000000000000000000, -0.0000000000000000000, -1.000000000000000000 ) ) ;
#4950 = SURFACE_STYLE_USAGE ( .BOTH. , #3252 ) ;
#4951 = ORIENTED_EDGE ( 'NONE', *, *, #2934, .F. ) ;
#4952 = ORIENTED_EDGE ( 'NONE', *, *, #224, .T. ) ;
#4953 = FACE_OUTER_BOUND ( 'NONE', #5166, .T. ) ;
#4954 = LINE ( 'NONE', #2377, #3557 ) ;
#4955 =( NAMED_UNIT ( * ) PLANE_ANGLE_UNIT ( ) SI_UNIT ( $, .RADIAN. ) );
#4956 = EDGE_CURVE ( 'NONE', #3682, #4509, #3469, .T. ) ;
#4957 = EDGE_LOOP ( 'NONE', ( #3511, #767, #5172, #747 ) ) ;
#4958 = PLANE ( 'NONE',  #5287 ) ;
#4959 = DIRECTION ( 'NONE',  ( -1.000000000000000000, -3.469446951953617344E-15, 0.0000000000000000000 ) ) ;
#4960 = VECTOR ( 'NONE', #3734, 1000.000000000000000 ) ;
#4961 =( NAMED_UNIT ( * ) PLANE_ANGLE_UNIT ( ) SI_UNIT ( $, .RADIAN. ) );
#4962 = CARTESIAN_POINT ( 'NONE',  ( -1.500999999999996781, -0.8750000000000054401, 0.0000000000000000000 ) ) ;
#4963 = EDGE_CURVE ( 'NONE', #5359, #2262, #3898, .T. ) ;
#4964 =( LENGTH_UNIT ( ) NAMED_UNIT ( * ) SI_UNIT ( .MILLI., .METRE. ) );
#4965 = VECTOR ( 'NONE', #2408, 1000.000000000000000 ) ;
#4966 = SURFACE_STYLE_USAGE ( .BOTH. , #1624 ) ;
#4967 = CARTESIAN_POINT ( 'NONE',  ( -0.3749999999999997780, -1.099999999999999867, 0.0000000000000000000 ) ) ;
#4968 = FILL_AREA_STYLE ('',( #3726 ) ) ;
#4969 = LINE ( 'NONE', #4068, #197 ) ;
#4970 = PLANE ( 'NONE',  #2175 ) ;
#4971 =( GEOMETRIC_REPRESENTATION_CONTEXT ( 3 ) GLOBAL_UNCERTAINTY_ASSIGNED_CONTEXT ( ( #3344 ) ) GLOBAL_UNIT_ASSIGNED_CONTEXT ( ( #4395, #4753, #5156 ) ) REPRESENTATION_CONTEXT ( 'NONE', 'WORKASPACE' ) );
#4972 = EDGE_CURVE ( 'NONE', #4309, #1847, #5114, .T. ) ;
#4973 = UNCERTAINTY_MEASURE_WITH_UNIT (LENGTH_MEASURE( 1.000000000000000082E-05 ), #4365, 'distance_accuracy_value', 'NONE');
#4974 = ORIENTED_EDGE ( 'NONE', *, *, #3782, .F. ) ;
#4975 =( GEOMETRIC_REPRESENTATION_CONTEXT ( 3 ) GLOBAL_UNCERTAINTY_ASSIGNED_CONTEXT ( ( #4653 ) ) GLOBAL_UNIT_ASSIGNED_CONTEXT ( ( #4386, #415, #2233 ) ) REPRESENTATION_CONTEXT ( 'NONE', 'WORKASPACE' ) );
#4976 = VECTOR ( 'NONE', #1145, 1000.000000000000000 ) ;
#4977 = LINE ( 'NONE', #4921, #4283 ) ;
#4978 = SURFACE_STYLE_FILL_AREA ( #1490 ) ;
#4979 = CARTESIAN_POINT ( 'NONE',  ( -1.499999999999999112, -1.500000000000000000, 0.9000000000000001332 ) ) ;
#4980 = ADVANCED_FACE ( 'NONE', ( #319 ), #4792, .F. ) ;
#4981 = PRESENTATION_LAYER_ASSIGNMENT (  '', '', ( #2352 ) ) ;
#4982 = ORIENTED_EDGE ( 'NONE', *, *, #4856, .F. ) ;
#4983 = ORIENTED_EDGE ( 'NONE', *, *, #902, .F. ) ;
#4984 = VECTOR ( 'NONE', #3158, 1000.000000000000000 ) ;
#4985 = LINE ( 'NONE', #1912, #1991 ) ;
#4986 = ORIENTED_EDGE ( 'NONE', *, *, #766, .T. ) ;
#4987 = ORIENTED_EDGE ( 'NONE', *, *, #1733, .F. ) ;
#4988 = EDGE_CURVE ( 'NONE', #548, #1847, #4870, .T. ) ;
#4989 = PLANE ( 'NONE',  #5053 ) ;
#4990 = DIRECTION ( 'NONE',  ( -8.673617379884027583E-15, -1.000000000000000000, -0.0000000000000000000 ) ) ;
#4991 =( GEOMETRIC_REPRESENTATION_CONTEXT ( 3 ) GLOBAL_UNCERTAINTY_ASSIGNED_CONTEXT ( ( #5351 ) ) GLOBAL_UNIT_ASSIGNED_CONTEXT ( ( #102, #4955, #607 ) ) REPRESENTATION_CONTEXT ( 'NONE', 'WORKASPACE' ) );
#4992 = CARTESIAN_POINT ( 'NONE',  ( 0.1249999999999997918, 1.099999999999999867, 0.01999999999999999695 ) ) ;
#4993 = CARTESIAN_POINT ( 'NONE',  ( -0.6249999999999992228, 1.500999999999999890, 0.2000000000000000111 ) ) ;
#4994 = DIRECTION ( 'NONE',  ( -0.0000000000000000000, -0.0000000000000000000, -1.000000000000000000 ) ) ;
#4995 = EDGE_LOOP ( 'NONE', ( #5516, #2583, #1289, #4125 ) ) ;
#4996 = EDGE_CURVE ( 'NONE', #3738, #4930, #3094, .T. ) ;
#4997 = LINE ( 'NONE', #3815, #583 ) ;
#4998 = DIRECTION ( 'NONE',  ( 0.0000000000000000000, 0.0000000000000000000, 1.000000000000000000 ) ) ;
#4999 = LINE ( 'NONE', #1092, #3360 ) ;
#5000 = FILL_AREA_STYLE ('',( #3735 ) ) ;
#5001 = PRESENTATION_LAYER_ASSIGNMENT (  '', '', ( #3951 ) ) ;
#5002 = DIRECTION ( 'NONE',  ( -2.703746066048639036E-16, 1.000000000000000000, -0.0000000000000000000 ) ) ;
#5003 = ORIENTED_EDGE ( 'NONE', *, *, #4237, .F. ) ;
#5004 = EDGE_CURVE ( 'NONE', #1801, #4639, #1426, .T. ) ;
#5005 = ORIENTED_EDGE ( 'NONE', *, *, #451, .T. ) ;
#5006 = VECTOR ( 'NONE', #4011, 1000.000000000000000 ) ;
#5007 = DIRECTION ( 'NONE',  ( 0.0000000000000000000, -1.000000000000000000, 0.0000000000000000000 ) ) ;
#5008 = MECHANICAL_DESIGN_GEOMETRIC_PRESENTATION_REPRESENTATION (  '', ( #3871 ), #1094 ) ;
#5009 = ORIENTED_EDGE ( 'NONE', *, *, #1016, .F. ) ;
#5010 = VERTEX_POINT ( 'NONE', #1896 ) ;
#5011 =( LENGTH_UNIT ( ) NAMED_UNIT ( * ) SI_UNIT ( .MILLI., .METRE. ) );
#5012 =( LENGTH_UNIT ( ) NAMED_UNIT ( * ) SI_UNIT ( .MILLI., .METRE. ) );
#5013 =( GEOMETRIC_REPRESENTATION_CONTEXT ( 3 ) GLOBAL_UNCERTAINTY_ASSIGNED_CONTEXT ( ( #734 ) ) GLOBAL_UNIT_ASSIGNED_CONTEXT ( ( #3563, #15, #1703 ) ) REPRESENTATION_CONTEXT ( 'NONE', 'WORKASPACE' ) );
#5014 =( LENGTH_UNIT ( ) NAMED_UNIT ( * ) SI_UNIT ( .MILLI., .METRE. ) );
#5015 = CARTESIAN_POINT ( 'NONE',  ( 0.8750000000000003331, -1.500000000000000000, 0.1999999999999999833 ) ) ;
#5016 =( NAMED_UNIT ( * ) SI_UNIT ( $, .STERADIAN. ) SOLID_ANGLE_UNIT ( ) );
#5017 = LINE ( 'NONE', #1569, #3013 ) ;
#5018 = CARTESIAN_POINT ( 'NONE',  ( -1.501000000000002998, 0.6249999999999987788, 0.2000000000000000111 ) ) ;
#5019 = UNCERTAINTY_MEASURE_WITH_UNIT (LENGTH_MEASURE( 1.000000000000000082E-05 ), #3818, 'distance_accuracy_value', 'NONE');
#5020 = LINE ( 'NONE', #5104, #1606 ) ;
#5021 = SURFACE_STYLE_USAGE ( .BOTH. , #1401 ) ;
#5022 = FACE_OUTER_BOUND ( 'NONE', #5519, .T. ) ;
#5023 = CARTESIAN_POINT ( 'NONE',  ( -1.499999999999999334, -0.3750000000000055511, 0.9000000000000001332 ) ) ;
#5024 = UNCERTAINTY_MEASURE_WITH_UNIT (LENGTH_MEASURE( 1.000000000000000082E-05 ), #1924, 'distance_accuracy_value', 'NONE');
#5025 = ADVANCED_FACE ( 'NONE', ( #1870 ), #3619, .F. ) ;
#5026 = EDGE_LOOP ( 'NONE', ( #3761, #1501, #1858, #4802 ) ) ;
#5027 = PRESENTATION_STYLE_ASSIGNMENT (( #3327 ) ) ;
#5028 = DIRECTION ( 'NONE',  ( 1.000000000000000000, 0.0000000000000000000, -0.0000000000000000000 ) ) ;
#5029 = SURFACE_STYLE_USAGE ( .BOTH. , #3846 ) ;
#5030 = CARTESIAN_POINT ( 'NONE',  ( -1.500000000000005329, 0.3749999999999948930, 0.02000000000000000042 ) ) ;
#5031 = PLANE ( 'NONE',  #689 ) ;
#5032 = EDGE_CURVE ( 'NONE', #4748, #4428, #885, .T. ) ;
#5033 = ORIENTED_EDGE ( 'NONE', *, *, #2553, .F. ) ;
#5034 = ORIENTED_EDGE ( 'NONE', *, *, #4449, .F. ) ;
#5035 =( NAMED_UNIT ( * ) SI_UNIT ( $, .STERADIAN. ) SOLID_ANGLE_UNIT ( ) );
#5036 = FILL_AREA_STYLE_COLOUR ( '', #2608 ) ;
#5037 = EDGE_CURVE ( 'NONE', #4428, #1215, #529, .T. ) ;
#5038 = ORIENTED_EDGE ( 'NONE', *, *, #2270, .F. ) ;
#5039 = ORIENTED_EDGE ( 'NONE', *, *, #1670, .F. ) ;
#5040 = ORIENTED_EDGE ( 'NONE', *, *, #4710, .F. ) ;
#5041 = LINE ( 'NONE', #675, #4965 ) ;
#5042 = LINE ( 'NONE', #648, #2723 ) ;
#5043 = VECTOR ( 'NONE', #4751, 1000.000000000000000 ) ;
#5044 = EDGE_CURVE ( 'NONE', #4443, #2192, #3986, .T. ) ;
#5045 = AXIS2_PLACEMENT_3D ( 'NONE', #3251, #3279, #2852 ) ;
#5046 = CARTESIAN_POINT ( 'NONE',  ( -1.499999999999999112, -1.500000000000000000, 0.9000000000000001332 ) ) ;
#5047 = CARTESIAN_POINT ( 'NONE',  ( -0.8999999999999998002, -0.9000000000000000222, 0.2000000000000000111 ) ) ;
#5048 = CARTESIAN_POINT ( 'NONE',  ( -0.8749999999999991118, 1.149999999999999689, 0.0000000000000000000 ) ) ;
#5049 = LINE ( 'NONE', #2446, #3010 ) ;
#5050 = STYLED_ITEM ( 'NONE', ( #462 ), #1583 ) ;
#5051 = DIRECTION ( 'NONE',  ( -0.0000000000000000000, -0.0000000000000000000, -1.000000000000000000 ) ) ;
#5052 = LINE ( 'NONE', #5113, #3090 ) ;
#5053 = AXIS2_PLACEMENT_3D ( 'NONE', #2181, #2983, #3516 ) ;
#5054 = SURFACE_STYLE_FILL_AREA ( #746 ) ;
#5055 =( GEOMETRIC_REPRESENTATION_CONTEXT ( 3 ) GLOBAL_UNCERTAINTY_ASSIGNED_CONTEXT ( ( #1958 ) ) GLOBAL_UNIT_ASSIGNED_CONTEXT ( ( #3277, #1904, #565 ) ) REPRESENTATION_CONTEXT ( 'NONE', 'WORKASPACE' ) );
#5056 = VECTOR ( 'NONE', #5446, 1000.000000000000000 ) ;
#5057 = ORIENTED_EDGE ( 'NONE', *, *, #515, .T. ) ;
#5058 = EDGE_LOOP ( 'NONE', ( #4885, #1649, #1369, #5481 ) ) ;
#5059 = STYLED_ITEM ( 'NONE', ( #3091 ), #2996 ) ;
#5060 = AXIS2_PLACEMENT_3D ( 'NONE', #1612, #5450, #745 ) ;
#5061 = ORIENTED_EDGE ( 'NONE', *, *, #2579, .T. ) ;
#5062 = PRESENTATION_LAYER_ASSIGNMENT (  '', '', ( #4108 ) ) ;
#5063 = VERTEX_POINT ( 'NONE', #1790 ) ;
#5064 = ORIENTED_EDGE ( 'NONE', *, *, #5336, .T. ) ;
#5065 = CARTESIAN_POINT ( 'NONE',  ( 1.500000000000000666, 0.6250000000000048850, 0.02000000000000005246 ) ) ;
#5066 = EDGE_CURVE ( 'NONE', #5190, #2655, #3128, .T. ) ;
#5067 = FACE_OUTER_BOUND ( 'NONE', #1472, .T. ) ;
#5068 = SURFACE_SIDE_STYLE ('',( #2043 ) ) ;
#5069 =( NAMED_UNIT ( * ) PLANE_ANGLE_UNIT ( ) SI_UNIT ( $, .RADIAN. ) );
#5070 = VECTOR ( 'NONE', #4263, 1000.000000000000000 ) ;
#5071 = LINE ( 'NONE', #1166, #3849 ) ;
#5072 = LINE ( 'NONE', #3695, #709 ) ;
#5073 = UNCERTAINTY_MEASURE_WITH_UNIT (LENGTH_MEASURE( 1.000000000000000082E-05 ), #1540, 'distance_accuracy_value', 'NONE');
#5074 = MECHANICAL_DESIGN_GEOMETRIC_PRESENTATION_REPRESENTATION (  '', ( #5433 ), #5171 ) ;
#5075 = CARTESIAN_POINT ( 'NONE',  ( -1.499999999999999112, -1.099999999999999867, 0.02000000000000000042 ) ) ;
#5076 = CARTESIAN_POINT ( 'NONE',  ( -1.501000000000000112, 0.1249999999999944766, 0.2000000000000000111 ) ) ;
#5077 = CARTESIAN_POINT ( 'NONE',  ( 1.500000000000000666, -0.1249999999999949069, 0.02000000000000000042 ) ) ;
#5078 = UNCERTAINTY_MEASURE_WITH_UNIT (LENGTH_MEASURE( 1.000000000000000082E-05 ), #5641, 'distance_accuracy_value', 'NONE');
#5079 = VERTEX_POINT ( 'NONE', #2252 ) ;
#5080 = PRESENTATION_STYLE_ASSIGNMENT (( #630 ) ) ;
#5081 = DIRECTION ( 'NONE',  ( 1.000000000000000000, 0.0000000000000000000, 0.0000000000000000000 ) ) ;
#5082 = VECTOR ( 'NONE', #3222, 1000.000000000000000 ) ;
#5083 = DIRECTION ( 'NONE',  ( 0.0000000000000000000, 0.0000000000000000000, 1.000000000000000000 ) ) ;
#5084 =( LENGTH_UNIT ( ) NAMED_UNIT ( * ) SI_UNIT ( .MILLI., .METRE. ) );
#5085 = SURFACE_STYLE_USAGE ( .BOTH. , #1180 ) ;
#5086 = COLOUR_RGB ( '',1.000000000000000000, 1.000000000000000000, 1.000000000000000000 ) ;
#5087 = APPLICATION_CONTEXT ( 'automotive_design' ) ;
#5088 = ORIENTED_EDGE ( 'NONE', *, *, #1891, .T. ) ;
#5089 = ORIENTED_EDGE ( 'NONE', *, *, #2017, .T. ) ;
#5090 = FILL_AREA_STYLE ('',( #4633 ) ) ;
#5091 = STYLED_ITEM ( 'NONE', ( #272 ), #4754 ) ;
#5092 = LINE ( 'NONE', #2174, #5345 ) ;
#5093 = FILL_AREA_STYLE ('',( #1619 ) ) ;
#5094 = EDGE_CURVE ( 'NONE', #2185, #4222, #41, .T. ) ;
#5095 = VECTOR ( 'NONE', #653, 1000.000000000000000 ) ;
#5096 = VERTEX_POINT ( 'NONE', #2816 ) ;
#5097 = VERTEX_POINT ( 'NONE', #5048 ) ;
#5098 =( NAMED_UNIT ( * ) PLANE_ANGLE_UNIT ( ) SI_UNIT ( $, .RADIAN. ) );
#5099 = DIRECTION ( 'NONE',  ( -0.0000000000000000000, -0.0000000000000000000, -1.000000000000000000 ) ) ;
#5100 = LINE ( 'NONE', #3207, #5202 ) ;
#5101 = MECHANICAL_DESIGN_GEOMETRIC_PRESENTATION_REPRESENTATION (  '', ( #1184 ), #3136 ) ;
#5102 =( LENGTH_UNIT ( ) NAMED_UNIT ( * ) SI_UNIT ( .MILLI., .METRE. ) );
#5103 = DIRECTION ( 'NONE',  ( 0.0000000000000000000, 1.000000000000000000, 0.0000000000000000000 ) ) ;
#5104 = CARTESIAN_POINT ( 'NONE',  ( -1.500000000000000000, 1.500000000000000000, 0.1999999999999999833 ) ) ;
#5105 = DIRECTION ( 'NONE',  ( -0.0000000000000000000, -0.0000000000000000000, -1.000000000000000000 ) ) ;
#5106 = LINE ( 'NONE', #3060, #5070 ) ;
#5107 = COLOUR_RGB ( '',1.000000000000000000, 1.000000000000000000, 1.000000000000000000 ) ;
#5108 = EDGE_CURVE ( 'NONE', #4930, #1414, #2907, .T. ) ;
#5109 = ORIENTED_EDGE ( 'NONE', *, *, #436, .F. ) ;
#5110 = DIRECTION ( 'NONE',  ( -0.0000000000000000000, -0.0000000000000000000, -1.000000000000000000 ) ) ;
#5111 = COLOUR_RGB ( '',1.000000000000000000, 1.000000000000000000, 1.000000000000000000 ) ;
#5112 = LINE ( 'NONE', #1638, #3233 ) ;
#5113 = CARTESIAN_POINT ( 'NONE',  ( -1.100000000000019629, 0.6249999999999987788, 0.0000000000000000000 ) ) ;
#5114 = LINE ( 'NONE', #5656, #2020 ) ;
#5115 = CARTESIAN_POINT ( 'NONE',  ( -0.3749999999999996669, 1.500000000000000000, 0.1999999999999999833 ) ) ;
#5116 = FACE_OUTER_BOUND ( 'NONE', #2041, .T. ) ;
#5117 = ORIENTED_EDGE ( 'NONE', *, *, #2123, .T. ) ;
#5118 = VERTEX_POINT ( 'NONE', #1955 ) ;
#5119 = SURFACE_SIDE_STYLE ('',( #2559 ) ) ;
#5120 = ORIENTED_EDGE ( 'NONE', *, *, #1697, .F. ) ;
#5121 = VERTEX_POINT ( 'NONE', #4650 ) ;
#5122 = VERTEX_POINT ( 'NONE', #1113 ) ;
#5123 = DIRECTION ( 'NONE',  ( -0.0000000000000000000, -0.0000000000000000000, -1.000000000000000000 ) ) ;
#5124 = DIRECTION ( 'NONE',  ( -1.445602896647339163E-16, 1.000000000000000000, 0.0000000000000000000 ) ) ;
#5125 = EDGE_CURVE ( 'NONE', #2523, #2569, #4150, .T. ) ;
#5126 = SURFACE_STYLE_FILL_AREA ( #1714 ) ;
#5127 = CARTESIAN_POINT ( 'NONE',  ( -1.501000000000000112, 0.1249999999999944766, 0.0000000000000000000 ) ) ;
#5128 = VECTOR ( 'NONE', #1170, 1000.000000000000000 ) ;
#5129 = ORIENTED_EDGE ( 'NONE', *, *, #1860, .T. ) ;
#5130 = FILL_AREA_STYLE ('',( #3429 ) ) ;
#5131 = PRESENTATION_LAYER_ASSIGNMENT (  '', '', ( #7 ) ) ;
#5132 = CARTESIAN_POINT ( 'NONE',  ( -1.500999999999997669, -0.6250000000000057732, 0.0000000000000000000 ) ) ;
#5133 = STYLED_ITEM ( 'NONE', ( #4030 ), #982 ) ;
#5134 = ORIENTED_EDGE ( 'NONE', *, *, #4314, .F. ) ;
#5135 = DIRECTION ( 'NONE',  ( -0.0000000000000000000, 0.0000000000000000000, 1.000000000000000000 ) ) ;
#5136 = FILL_AREA_STYLE_COLOUR ( '', #5657 ) ;
#5137 = DIRECTION ( 'NONE',  ( -0.0000000000000000000, -0.0000000000000000000, -1.000000000000000000 ) ) ;
#5138 = CARTESIAN_POINT ( 'NONE',  ( 1.099999999999998535, 0.3750000000000033862, 0.2000000000000000111 ) ) ;
#5139 = EDGE_CURVE ( 'NONE', #4748, #2945, #3810, .T. ) ;
#5140 = FILL_AREA_STYLE_COLOUR ( '', #720 ) ;
#5141 = CARTESIAN_POINT ( 'NONE',  ( -1.500000000000000000, 1.500000000000000000, 0.02000000000000000042 ) ) ;
#5142 = FILL_AREA_STYLE ('',( #2113 ) ) ;
#5143 = EDGE_LOOP ( 'NONE', ( #1187, #2077, #1529, #1676, #3648, #5425 ) ) ;
#5144 = STYLED_ITEM ( 'NONE', ( #3301 ), #1554 ) ;
#5145 = EDGE_LOOP ( 'NONE', ( #14, #4608, #2157, #5426, #3661, #3139 ) ) ;
#5146 =( NAMED_UNIT ( * ) PLANE_ANGLE_UNIT ( ) SI_UNIT ( $, .RADIAN. ) );
#5147 = AXIS2_PLACEMENT_3D ( 'NONE', #455, #2685, #4505 ) ;
#5148 = FILL_AREA_STYLE ('',( #3826 ) ) ;
#5149 = ORIENTED_EDGE ( 'NONE', *, *, #4685, .F. ) ;
#5150 = ORIENTED_EDGE ( 'NONE', *, *, #4248, .F. ) ;
#5151 = VECTOR ( 'NONE', #706, 1000.000000000000000 ) ;
#5152 = AXIS2_PLACEMENT_3D ( 'NONE', #1929, #981, #3190 ) ;
#5153 =( NAMED_UNIT ( * ) PLANE_ANGLE_UNIT ( ) SI_UNIT ( $, .RADIAN. ) );
#5154 = CARTESIAN_POINT ( 'NONE',  ( -1.099999999999996980, -0.8250000000000038414, 0.2000000000000000111 ) ) ;
#5155 = CARTESIAN_POINT ( 'NONE',  ( -0.8749999999999995559, -1.500999999999999890, 0.2000000000000000111 ) ) ;
#5156 =( NAMED_UNIT ( * ) SI_UNIT ( $, .STERADIAN. ) SOLID_ANGLE_UNIT ( ) );
#5157 = DIRECTION ( 'NONE',  ( 2.891205793294678326E-16, -1.000000000000000000, 0.0000000000000000000 ) ) ;
#5158 = VECTOR ( 'NONE', #793, 1000.000000000000000 ) ;
#5159 = ORIENTED_EDGE ( 'NONE', *, *, #4590, .T. ) ;
#5160 = CARTESIAN_POINT ( 'NONE',  ( -0.9000000000000000222, 0.9000000000000000222, 0.0000000000000000000 ) ) ;
#5161 = COLOUR_RGB ( '',1.000000000000000000, 1.000000000000000000, 1.000000000000000000 ) ;
#5162 = FILL_AREA_STYLE ('',( #2187 ) ) ;
#5163 = MECHANICAL_DESIGN_GEOMETRIC_PRESENTATION_REPRESENTATION (  '', ( #4108 ), #1503 ) ;
#5164 = DIRECTION ( 'NONE',  ( -1.000000000000000000, -0.0000000000000000000, -0.0000000000000000000 ) ) ;
#5165 = EDGE_CURVE ( 'NONE', #4509, #5118, #5409, .T. ) ;
#5166 = EDGE_LOOP ( 'NONE', ( #867, #5546, #57, #4666, #980, #105 ) ) ;
#5167 = CARTESIAN_POINT ( 'NONE',  ( 1.500999999999999668, 0.1250000000000053291, 0.2000000000000000111 ) ) ;
#5168 = SURFACE_SIDE_STYLE ('',( #5624 ) ) ;
#5169 = CARTESIAN_POINT ( 'NONE',  ( -0.8749999999999991118, 1.500999999999999890, 0.0000000000000000000 ) ) ;
#5170 = PRESENTATION_STYLE_ASSIGNMENT (( #2141 ) ) ;
#5171 =( GEOMETRIC_REPRESENTATION_CONTEXT ( 3 ) GLOBAL_UNCERTAINTY_ASSIGNED_CONTEXT ( ( #4323 ) ) GLOBAL_UNIT_ASSIGNED_CONTEXT ( ( #3237, #4005, #3638 ) ) REPRESENTATION_CONTEXT ( 'NONE', 'WORKASPACE' ) );
#5172 = ORIENTED_EDGE ( 'NONE', *, *, #1908, .T. ) ;
#5173 = SURFACE_SIDE_STYLE ('',( #2643 ) ) ;
#5174 =( NAMED_UNIT ( * ) PLANE_ANGLE_UNIT ( ) SI_UNIT ( $, .RADIAN. ) );
#5175 = STYLED_ITEM ( 'NONE', ( #2147 ), #4070 ) ;
#5176 = ADVANCED_FACE ( 'NONE', ( #5022 ), #3300, .T. ) ;
#5177 = EDGE_LOOP ( 'NONE', ( #3023, #4632, #5150, #3075, #2031 ) ) ;
#5178 = ORIENTED_EDGE ( 'NONE', *, *, #4508, .F. ) ;
#5179 = ORIENTED_EDGE ( 'NONE', *, *, #2447, .T. ) ;
#5180 = VECTOR ( 'NONE', #62, 1000.000000000000000 ) ;
#5181 = CARTESIAN_POINT ( 'NONE',  ( -0.1249999999999998890, -1.099999999999999867, 0.0000000000000000000 ) ) ;
#5182 = FILL_AREA_STYLE ('',( #3319 ) ) ;
#5183 = EDGE_LOOP ( 'NONE', ( #4280, #1430, #4817, #316, #1467, #5572 ) ) ;
#5184 = LINE ( 'NONE', #3521, #1934 ) ;
#5185 = AXIS2_PLACEMENT_3D ( 'NONE', #1205, #4356, #2199 ) ;
#5186 = CARTESIAN_POINT ( 'NONE',  ( 0.6249999999999995559, -1.500999999999999890, 0.2000000000000000111 ) ) ;
#5187 = FILL_AREA_STYLE ('',( #1663 ) ) ;
#5188 = SURFACE_STYLE_FILL_AREA ( #2189 ) ;
#5189 =( LENGTH_UNIT ( ) NAMED_UNIT ( * ) SI_UNIT ( .MILLI., .METRE. ) );
#5190 = VERTEX_POINT ( 'NONE', #3699 ) ;
#5191 = DIRECTION ( 'NONE',  ( -0.0000000000000000000, -1.000000000000000000, -0.0000000000000000000 ) ) ;
#5192 = FILL_AREA_STYLE ('',( #3983 ) ) ;
#5193 = CARTESIAN_POINT ( 'NONE',  ( -0.3749999999999997780, -1.099999999999999867, 0.0000000000000000000 ) ) ;
#5194 =( GEOMETRIC_REPRESENTATION_CONTEXT ( 3 ) GLOBAL_UNCERTAINTY_ASSIGNED_CONTEXT ( ( #2070 ) ) GLOBAL_UNIT_ASSIGNED_CONTEXT ( ( #4120, #4430, #2755 ) ) REPRESENTATION_CONTEXT ( 'NONE', 'WORKASPACE' ) );
#5195 = DIRECTION ( 'NONE',  ( -2.703746066048639036E-16, 1.000000000000000000, -0.0000000000000000000 ) ) ;
#5196 = EDGE_CURVE ( 'NONE', #1274, #1648, #680, .T. ) ;
#5197 = LINE ( 'NONE', #5247, #592 ) ;
#5198 = EDGE_CURVE ( 'NONE', #4509, #4639, #1987, .T. ) ;
#5199 = VECTOR ( 'NONE', #4029, 1000.000000000000000 ) ;
#5200 =( LENGTH_UNIT ( ) NAMED_UNIT ( * ) SI_UNIT ( .MILLI., .METRE. ) );
#5201 = SURFACE_STYLE_FILL_AREA ( #3967 ) ;
#5202 = VECTOR ( 'NONE', #3231, 1000.000000000000000 ) ;
#5203 = ORIENTED_EDGE ( 'NONE', *, *, #3677, .T. ) ;
#5204 = ORIENTED_EDGE ( 'NONE', *, *, #5044, .F. ) ;
#5205 = FILL_AREA_STYLE ('',( #4445 ) ) ;
#5206 = DIRECTION ( 'NONE',  ( -0.0000000000000000000, -0.0000000000000000000, -1.000000000000000000 ) ) ;
#5207 = EDGE_CURVE ( 'NONE', #2681, #1153, #5441, .T. ) ;
#5208 = CARTESIAN_POINT ( 'NONE',  ( 0.3749999999999994449, 1.500000000000000000, 0.9000000000000001332 ) ) ;
#5209 = SURFACE_SIDE_STYLE ('',( #4081 ) ) ;
#5210 = SURFACE_STYLE_FILL_AREA ( #3836 ) ;
#5211 = ORIENTED_EDGE ( 'NONE', *, *, #2901, .T. ) ;
#5212 = CARTESIAN_POINT ( 'NONE',  ( -0.8749999999999995559, -1.500999999999999890, 0.2000000000000000111 ) ) ;
#5213 = CARTESIAN_POINT ( 'NONE',  ( 1.501000000000001444, -0.3749999999999946709, 0.2000000000000000111 ) ) ;
#5214 = FILL_AREA_STYLE ('',( #2657 ) ) ;
#5215 = ADVANCED_FACE ( 'NONE', ( #2445 ), #5470, .T. ) ;
#5216 = ORIENTED_EDGE ( 'NONE', *, *, #3480, .F. ) ;
#5217 = CARTESIAN_POINT ( 'NONE',  ( -0.8749999999999995559, -1.149999999999999689, 0.01999999999999999695 ) ) ;
#5218 = PRESENTATION_STYLE_ASSIGNMENT (( #2525 ) ) ;
#5219 = FACE_OUTER_BOUND ( 'NONE', #3326, .T. ) ;
#5220 = LINE ( 'NONE', #3847, #3954 ) ;
#5221 = MECHANICAL_DESIGN_GEOMETRIC_PRESENTATION_REPRESENTATION (  '', ( #4442 ), #2331 ) ;
#5222 = ORIENTED_EDGE ( 'NONE', *, *, #391, .F. ) ;
#5223 = SURFACE_STYLE_FILL_AREA ( #5665 ) ;
#5224 = VECTOR ( 'NONE', #1956, 1000.000000000000000 ) ;
#5225 = EDGE_CURVE ( 'NONE', #4772, #2681, #2105, .T. ) ;
#5226 = ORIENTED_EDGE ( 'NONE', *, *, #4387, .T. ) ;
#5227 = ORIENTED_EDGE ( 'NONE', *, *, #610, .F. ) ;
#5228 = FACE_OUTER_BOUND ( 'NONE', #5309, .T. ) ;
#5229 = VECTOR ( 'NONE', #5256, 1000.000000000000000 ) ;
#5230 = DIRECTION ( 'NONE',  ( -0.0000000000000000000, -0.0000000000000000000, -1.000000000000000000 ) ) ;
#5231 = ORIENTED_EDGE ( 'NONE', *, *, #4230, .F. ) ;
#5232 = COLOUR_RGB ( '',0.0000000000000000000, 0.0000000000000000000, 0.0000000000000000000 ) ;
#5233 = EDGE_CURVE ( 'NONE', #3682, #5121, #1198, .T. ) ;
#5234 = LINE ( 'NONE', #3522, #2503 ) ;
#5235 = LINE ( 'NONE', #4425, #4500 ) ;
#5236 = STYLED_ITEM ( 'NONE', ( #2280 ), #3038 ) ;
#5237 = CARTESIAN_POINT ( 'NONE',  ( -0.1249999999999997918, 1.099999999999999867, 0.2000000000000000111 ) ) ;
#5238 = VECTOR ( 'NONE', #52, 1000.000000000000000 ) ;
#5239 = EDGE_CURVE ( 'NONE', #4077, #1071, #4375, .T. ) ;
#5240 = EDGE_LOOP ( 'NONE', ( #643, #3655, #5226, #3452 ) ) ;
#5241 = COLOUR_RGB ( '',1.000000000000000000, 1.000000000000000000, 1.000000000000000000 ) ;
#5242 = CARTESIAN_POINT ( 'NONE',  ( 0.5999999999999998668, 0.9000000000000000222, 0.0000000000000000000 ) ) ;
#5243 = FILL_AREA_STYLE ('',( #3875 ) ) ;
#5244 = CARTESIAN_POINT ( 'NONE',  ( -0.8249999999999992895, 1.099999999999999867, 0.0000000000000000000 ) ) ;
#5245 = ORIENTED_EDGE ( 'NONE', *, *, #2779, .F. ) ;
#5246 = PLANE ( 'NONE',  #1927 ) ;
#5247 = CARTESIAN_POINT ( 'NONE',  ( -1.100000000000001199, 0.3749999999999960032, 0.2000000000000000111 ) ) ;
#5248 =( NAMED_UNIT ( * ) SI_UNIT ( $, .STERADIAN. ) SOLID_ANGLE_UNIT ( ) );
#5249 = CARTESIAN_POINT ( 'NONE',  ( 0.1249999999999998890, -1.500999999999999890, 0.2000000000000000111 ) ) ;
#5250 = ORIENTED_EDGE ( 'NONE', *, *, #3399, .F. ) ;
#5251 = ORIENTED_EDGE ( 'NONE', *, *, #2855, .T. ) ;
#5252 = VERTEX_POINT ( 'NONE', #3057 ) ;
#5253 = DIRECTION ( 'NONE',  ( -4.325993705677820091E-15, 1.000000000000000000, 0.0000000000000000000 ) ) ;
#5254 = PRESENTATION_LAYER_ASSIGNMENT (  '', '', ( #794 ) ) ;
#5255 = DIRECTION ( 'NONE',  ( 0.0000000000000000000, 0.0000000000000000000, -1.000000000000000000 ) ) ;
#5256 = DIRECTION ( 'NONE',  ( 0.0000000000000000000, 0.0000000000000000000, 1.000000000000000000 ) ) ;
#5257 = DIRECTION ( 'NONE',  ( 1.000000000000000000, 0.0000000000000000000, 0.0000000000000000000 ) ) ;
#5258 = VERTEX_POINT ( 'NONE', #3430 ) ;
#5259 = VECTOR ( 'NONE', #2184, 1000.000000000000000 ) ;
#5260 = DIRECTION ( 'NONE',  ( 0.0000000000000000000, -0.0000000000000000000, -1.000000000000000000 ) ) ;
#5261 = FILL_AREA_STYLE_COLOUR ( '', #3172 ) ;
#5262 = DIRECTION ( 'NONE',  ( -0.0000000000000000000, -0.0000000000000000000, -1.000000000000000000 ) ) ;
#5263 = STYLED_ITEM ( 'NONE', ( #3625 ), #4851 ) ;
#5264 = CARTESIAN_POINT ( 'NONE',  ( 1.500999999999997891, 0.6250000000000048850, 0.2000000000000000111 ) ) ;
#5265 = EDGE_CURVE ( 'NONE', #1677, #1702, #5498, .T. ) ;
#5266 = CARTESIAN_POINT ( 'NONE',  ( -0.8749999999999991118, 1.500000000000000000, 0.1999999999999999833 ) ) ;
#5267 = VECTOR ( 'NONE', #796, 1000.000000000000000 ) ;
#5268 = ORIENTED_EDGE ( 'NONE', *, *, #1580, .T. ) ;
#5269 = CARTESIAN_POINT ( 'NONE',  ( 1.000000000000000000, 1.000000000000000000, 0.8500000000000000888 ) ) ;
#5270 = SURFACE_STYLE_USAGE ( .BOTH. , #1820 ) ;
#5271 = PLANE ( 'NONE',  #2873 ) ;
#5272 = DIRECTION ( 'NONE',  ( 1.000000000000000000, 0.0000000000000000000, 0.0000000000000000000 ) ) ;
#5273 =( LENGTH_UNIT ( ) NAMED_UNIT ( * ) SI_UNIT ( .MILLI., .METRE. ) );
#5274 = VECTOR ( 'NONE', #3757, 1000.000000000000000 ) ;
#5275 = ORIENTED_EDGE ( 'NONE', *, *, #1293, .T. ) ;
#5276 = AXIS2_PLACEMENT_3D ( 'NONE', #1008, #1406, #564 ) ;
#5277 = CARTESIAN_POINT ( 'NONE',  ( -1.500000000000007105, 0.3749999999999942824, 0.02000000000000000042 ) ) ;
#5278 = FILL_AREA_STYLE_COLOUR ( '', #262 ) ;
#5279 = EDGE_CURVE ( 'NONE', #813, #1830, #5558, .T. ) ;
#5280 =( GEOMETRIC_REPRESENTATION_CONTEXT ( 3 ) GLOBAL_UNCERTAINTY_ASSIGNED_CONTEXT ( ( #3753 ) ) GLOBAL_UNIT_ASSIGNED_CONTEXT ( ( #67, #39, #1893 ) ) REPRESENTATION_CONTEXT ( 'NONE', 'WORKASPACE' ) );
#5281 =( LENGTH_UNIT ( ) NAMED_UNIT ( * ) SI_UNIT ( .MILLI., .METRE. ) );
#5282 = ORIENTED_EDGE ( 'NONE', *, *, #2672, .T. ) ;
#5283 = ORIENTED_EDGE ( 'NONE', *, *, #742, .T. ) ;
#5284 = VECTOR ( 'NONE', #2462, 1000.000000000000000 ) ;
#5285 = SURFACE_STYLE_USAGE ( .BOTH. , #2621 ) ;
#5286 = DIRECTION ( 'NONE',  ( 3.469446951953617344E-15, -1.000000000000000000, 0.0000000000000000000 ) ) ;
#5287 = AXIS2_PLACEMENT_3D ( 'NONE', #3746, #3801, #4569 ) ;
#5288 = EDGE_LOOP ( 'NONE', ( #458, #2177, #2124, #2148 ) ) ;
#5289 = EDGE_CURVE ( 'NONE', #2680, #752, #2932, .T. ) ;
#5290 = FACE_OUTER_BOUND ( 'NONE', #3531, .T. ) ;
#5291 = FILL_AREA_STYLE ('',( #3662 ) ) ;
#5292 = CARTESIAN_POINT ( 'NONE',  ( -0.8249999999999992895, 1.099999999999999867, 0.2000000000000000111 ) ) ;
#5293 = CARTESIAN_POINT ( 'NONE',  ( -0.8749999999999995559, -1.500000000000000000, 0.02000000000000000042 ) ) ;
#5294 = CARTESIAN_POINT ( 'NONE',  ( 0.8999999999999995781, -0.9000000000000000222, 0.0000000000000000000 ) ) ;
#5295 = DIRECTION ( 'NONE',  ( -4.336808689942058757E-15, 1.000000000000000000, 0.0000000000000000000 ) ) ;
#5296 = UNCERTAINTY_MEASURE_WITH_UNIT (LENGTH_MEASURE( 1.000000000000000082E-05 ), #1691, 'distance_accuracy_value', 'NONE');
#5297 = CARTESIAN_POINT ( 'NONE',  ( 1.500000000000000666, 0.1250000000000053291, 0.2000000000000000111 ) ) ;
#5298 = LINE ( 'NONE', #3615, #116 ) ;
#5299 = PRESENTATION_STYLE_ASSIGNMENT (( #913 ) ) ;
#5300 = LINE ( 'NONE', #3701, #4800 ) ;
#5301 =( NAMED_UNIT ( * ) SI_UNIT ( $, .STERADIAN. ) SOLID_ANGLE_UNIT ( ) );
#5302 = UNCERTAINTY_MEASURE_WITH_UNIT (LENGTH_MEASURE( 1.000000000000000082E-05 ), #2136, 'distance_accuracy_value', 'NONE');
#5303 =( GEOMETRIC_REPRESENTATION_CONTEXT ( 3 ) GLOBAL_UNCERTAINTY_ASSIGNED_CONTEXT ( ( #4645 ) ) GLOBAL_UNIT_ASSIGNED_CONTEXT ( ( #1003, #2333, #4491 ) ) REPRESENTATION_CONTEXT ( 'NONE', 'WORKASPACE' ) );
#5304 = ORIENTED_EDGE ( 'NONE', *, *, #38, .T. ) ;
#5305 = ADVANCED_FACE ( 'NONE', ( #3402 ), #4674, .T. ) ;
#5306 =( NAMED_UNIT ( * ) PLANE_ANGLE_UNIT ( ) SI_UNIT ( $, .RADIAN. ) );
#5307 = COLOUR_RGB ( '',1.000000000000000000, 1.000000000000000000, 1.000000000000000000 ) ;
#5308 = CARTESIAN_POINT ( 'NONE',  ( 1.500000000000000444, 1.500000000000000000, 0.9000000000000001332 ) ) ;
#5309 = EDGE_LOOP ( 'NONE', ( #1778, #173, #77, #2858, #2237, #3940 ) ) ;
#5310 = AXIS2_PLACEMENT_3D ( 'NONE', #559, #4044, #3620 ) ;
#5311 = EDGE_CURVE ( 'NONE', #2192, #4071, #4060, .T. ) ;
#5312 = ORIENTED_EDGE ( 'NONE', *, *, #2422, .T. ) ;
#5313 = PRODUCT_DEFINITION_SHAPE ( 'NONE', 'NONE',  #2989 ) ;
#5314 = SURFACE_STYLE_FILL_AREA ( #3630 ) ;
#5315 = VECTOR ( 'NONE', #4061, 1000.000000000000000 ) ;
#5316 = ORIENTED_EDGE ( 'NONE', *, *, #902, .T. ) ;
#5317 = VERTEX_POINT ( 'NONE', #2724 ) ;
#5318 = CARTESIAN_POINT ( 'NONE',  ( 1.099999999999996980, 0.8250000000000033973, 0.01999999999999999695 ) ) ;
#5319 = DIRECTION ( 'NONE',  ( 1.000000000000000000, 0.0000000000000000000, 0.0000000000000000000 ) ) ;
#5320 = FACE_OUTER_BOUND ( 'NONE', #1564, .T. ) ;
#5321 = MECHANICAL_DESIGN_GEOMETRIC_PRESENTATION_REPRESENTATION (  '', ( #2893 ), #4191 ) ;
#5322 = SURFACE_STYLE_USAGE ( .BOTH. , #3124 ) ;
#5323 = AXIS2_PLACEMENT_3D ( 'NONE', #3031, #1342, #1307 ) ;
#5324 = CARTESIAN_POINT ( 'NONE',  ( 0.1249999999999998890, -1.099999999999999867, 0.2000000000000000111 ) ) ;
#5325 = DIRECTION ( 'NONE',  ( -1.000000000000000000, -4.325993705677820091E-15, 0.0000000000000000000 ) ) ;
#5326 = CARTESIAN_POINT ( 'NONE',  ( -1.500999999999999224, -0.1250000000000057454, 0.2000000000000000111 ) ) ;
#5327 = CARTESIAN_POINT ( 'NONE',  ( 0.1249999999999997918, 1.500999999999999890, 0.2000000000000000111 ) ) ;
#5328 = EDGE_CURVE ( 'NONE', #2393, #2242, #3551, .T. ) ;
#5329 = VECTOR ( 'NONE', #2853, 1000.000000000000000 ) ;
#5330 = STYLED_ITEM ( 'NONE', ( #4275 ), #2645 ) ;
#5331 = EDGE_LOOP ( 'NONE', ( #1386, #4986, #3441, #4837, #93, #4733 ) ) ;
#5332 = PRESENTATION_STYLE_ASSIGNMENT (( #4100 ) ) ;
#5333 = FILL_AREA_STYLE ('',( #4437 ) ) ;
#5334 = FACE_OUTER_BOUND ( 'NONE', #2649, .T. ) ;
#5335 = FILL_AREA_STYLE_COLOUR ( '', #4577 ) ;
#5336 = EDGE_CURVE ( 'NONE', #5079, #5063, #1419, .T. ) ;
#5337 = VECTOR ( 'NONE', #676, 1000.000000000000000 ) ;
#5338 = ORIENTED_EDGE ( 'NONE', *, *, #1697, .T. ) ;
#5339 = VERTEX_POINT ( 'NONE', #4003 ) ;
#5340 = CARTESIAN_POINT ( 'NONE',  ( -0.6249999999999992228, 1.500999999999999890, 0.2000000000000000111 ) ) ;
#5341 =( LENGTH_UNIT ( ) NAMED_UNIT ( * ) SI_UNIT ( .MILLI., .METRE. ) );
#5342 =( GEOMETRIC_REPRESENTATION_CONTEXT ( 3 ) GLOBAL_UNCERTAINTY_ASSIGNED_CONTEXT ( ( #1422 ) ) GLOBAL_UNIT_ASSIGNED_CONTEXT ( ( #3604, #82, #3544 ) ) REPRESENTATION_CONTEXT ( 'NONE', 'WORKASPACE' ) );
#5343 = FILL_AREA_STYLE_COLOUR ( '', #803 ) ;
#5344 = VERTEX_POINT ( 'NONE', #2244 ) ;
#5345 = VECTOR ( 'NONE', #3966, 1000.000000000000000 ) ;
#5346 = CARTESIAN_POINT ( 'NONE',  ( 1.501000000000003443, -0.8749999999999941158, 0.0000000000000000000 ) ) ;
#5347 = SURFACE_STYLE_FILL_AREA ( #5291 ) ;
#5348 =( LENGTH_UNIT ( ) NAMED_UNIT ( * ) SI_UNIT ( .MILLI., .METRE. ) );
#5349 = DIRECTION ( 'NONE',  ( 2.891205793294678326E-16, -1.000000000000000000, 0.0000000000000000000 ) ) ;
#5350 = EDGE_CURVE ( 'NONE', #2032, #5615, #5235, .T. ) ;
#5351 = UNCERTAINTY_MEASURE_WITH_UNIT (LENGTH_MEASURE( 1.000000000000000082E-05 ), #102, 'distance_accuracy_value', 'NONE');
#5352 = VECTOR ( 'NONE', #4517, 1000.000000000000000 ) ;
#5353 = FILL_AREA_STYLE_COLOUR ( '', #3369 ) ;
#5354 = FILL_AREA_STYLE ('',( #3668 ) ) ;
#5355 = MECHANICAL_DESIGN_GEOMETRIC_PRESENTATION_REPRESENTATION (  '', ( #897 ), #3679 ) ;
#5356 = CARTESIAN_POINT ( 'NONE',  ( 1.500000000000000444, 1.500000000000000000, 0.02000000000000000042 ) ) ;
#5357 = FACE_OUTER_BOUND ( 'NONE', #1966, .T. ) ;
#5358 = VECTOR ( 'NONE', #4994, 1000.000000000000000 ) ;
#5359 = VERTEX_POINT ( 'NONE', #3116 ) ;
#5360 = ADVANCED_FACE ( 'NONE', ( #4514 ), #3523, .T. ) ;
#5361 = STYLED_ITEM ( 'NONE', ( #736 ), #5215 ) ;
#5362 = CARTESIAN_POINT ( 'NONE',  ( -0.3749999999999995559, 1.500999999999999890, 0.2000000000000000111 ) ) ;
#5363 = SURFACE_STYLE_FILL_AREA ( #3678 ) ;
#5364 = VECTOR ( 'NONE', #4827, 1000.000000000000000 ) ;
#5365 = ORIENTED_EDGE ( 'NONE', *, *, #111, .T. ) ;
#5366 = ORIENTED_EDGE ( 'NONE', *, *, #1101, .T. ) ;
#5367 = CARTESIAN_POINT ( 'NONE',  ( -1.499999999999999334, -0.6250000000000057732, 0.2000000000000000111 ) ) ;
#5368 = PRESENTATION_LAYER_ASSIGNMENT (  '', '', ( #730 ) ) ;
#5369 = DIRECTION ( 'NONE',  ( 1.000000000000000000, 0.0000000000000000000, 0.0000000000000000000 ) ) ;
#5370 = ORIENTED_EDGE ( 'NONE', *, *, #3873, .F. ) ;
#5371 = ORIENTED_EDGE ( 'NONE', *, *, #604, .F. ) ;
#5372 = COLOUR_RGB ( '',1.000000000000000000, 1.000000000000000000, 1.000000000000000000 ) ;
#5373 = ORIENTED_EDGE ( 'NONE', *, *, #3893, .F. ) ;
#5374 = LINE ( 'NONE', #2382, #4155 ) ;
#5375 = SURFACE_SIDE_STYLE ('',( #1505 ) ) ;
#5376 = DIRECTION ( 'NONE',  ( 1.000000000000000000, 0.0000000000000000000, 0.0000000000000000000 ) ) ;
#5377 = DIRECTION ( 'NONE',  ( -0.0000000000000000000, -0.0000000000000000000, -1.000000000000000000 ) ) ;
#5378 = PLANE ( 'NONE',  #1057 ) ;
#5379 = ADVANCED_FACE ( 'NONE', ( #2751 ), #968, .T. ) ;
#5380 = CARTESIAN_POINT ( 'NONE',  ( 0.8750000000000003331, -1.500000000000000000, 0.02000000000000005246 ) ) ;
#5381 = LINE ( 'NONE', #1484, #1488 ) ;
#5382 = DIRECTION ( 'NONE',  ( 1.000000000000000000, 0.0000000000000000000, 0.0000000000000000000 ) ) ;
#5383 = DIRECTION ( 'NONE',  ( -0.0000000000000000000, -0.0000000000000000000, -1.000000000000000000 ) ) ;
#5384 = CARTESIAN_POINT ( 'NONE',  ( -0.8749999999999995559, -1.500999999999999890, 0.2000000000000000111 ) ) ;
#5385 = ORIENTED_EDGE ( 'NONE', *, *, #5630, .T. ) ;
#5386 =( LENGTH_UNIT ( ) NAMED_UNIT ( * ) SI_UNIT ( .MILLI., .METRE. ) );
#5387 = FACE_OUTER_BOUND ( 'NONE', #1496, .T. ) ;
#5388 = SURFACE_SIDE_STYLE ('',( #4923 ) ) ;
#5389 =( NAMED_UNIT ( * ) SI_UNIT ( $, .STERADIAN. ) SOLID_ANGLE_UNIT ( ) );
#5390 = DIRECTION ( 'NONE',  ( -0.0000000000000000000, -0.0000000000000000000, -1.000000000000000000 ) ) ;
#5391 = CARTESIAN_POINT ( 'NONE',  ( 1.500000000000000444, 1.500000000000000000, 0.02000000000000000042 ) ) ;
#5392 = ADVANCED_FACE ( 'NONE', ( #2436 ), #3340, .F. ) ;
#5393 = ORIENTED_EDGE ( 'NONE', *, *, #594, .T. ) ;
#5394 = ORIENTED_EDGE ( 'NONE', *, *, #924, .F. ) ;
#5395 = LINE ( 'NONE', #5340, #4730 ) ;
#5396 = CARTESIAN_POINT ( 'NONE',  ( -1.500000000000000000, 1.500000000000000000, 0.02000000000000000042 ) ) ;
#5397 = SURFACE_SIDE_STYLE ('',( #1559 ) ) ;
#5398 = VECTOR ( 'NONE', #1246, 1000.000000000000000 ) ;
#5399 = ORIENTED_EDGE ( 'NONE', *, *, #371, .F. ) ;
#5400 = VERTEX_POINT ( 'NONE', #674 ) ;
#5401 = DIRECTION ( 'NONE',  ( 1.000000000000000000, 0.0000000000000000000, 0.0000000000000000000 ) ) ;
#5402 = MECHANICAL_DESIGN_GEOMETRIC_PRESENTATION_REPRESENTATION (  '', ( #3999 ), #1684 ) ;
#5403 = DIRECTION ( 'NONE',  ( -1.000000000000000000, 0.0000000000000000000, -0.0000000000000000000 ) ) ;
#5404 = FILL_AREA_STYLE ('',( #4941 ) ) ;
#5405 = LINE ( 'NONE', #2439, #2196 ) ;
#5406 = STYLED_ITEM ( 'NONE', ( #1628 ), #1680 ) ;
#5407 = CARTESIAN_POINT ( 'NONE',  ( -0.1249999999999998890, -1.099999999999999867, 0.2000000000000000111 ) ) ;
#5408 = PRESENTATION_STYLE_ASSIGNMENT (( #1954 ) ) ;
#5409 = LINE ( 'NONE', #1027, #2646 ) ;
#5410 = LINE ( 'NONE', #4548, #19 ) ;
#5411 = AXIS2_PLACEMENT_3D ( 'NONE', #1066, #4527, #2791 ) ;
#5412 = FILL_AREA_STYLE ('',( #1515 ) ) ;
#5413 = UNCERTAINTY_MEASURE_WITH_UNIT (LENGTH_MEASURE( 1.000000000000000082E-05 ), #3941, 'distance_accuracy_value', 'NONE');
#5414 = ADVANCED_FACE ( 'NONE', ( #1478 ), #4170, .F. ) ;
#5415 = VERTEX_POINT ( 'NONE', #5015 ) ;
#5416 =( GEOMETRIC_REPRESENTATION_CONTEXT ( 3 ) GLOBAL_UNCERTAINTY_ASSIGNED_CONTEXT ( ( #4602 ) ) GLOBAL_UNIT_ASSIGNED_CONTEXT ( ( #4898, #318, #2451 ) ) REPRESENTATION_CONTEXT ( 'NONE', 'WORKASPACE' ) );
#5417 =( GEOMETRIC_REPRESENTATION_CONTEXT ( 3 ) GLOBAL_UNCERTAINTY_ASSIGNED_CONTEXT ( ( #3248 ) ) GLOBAL_UNIT_ASSIGNED_CONTEXT ( ( #1497, #2426, #3798 ) ) REPRESENTATION_CONTEXT ( 'NONE', 'WORKASPACE' ) );
#5418 = LINE ( 'NONE', #1518, #4892 ) ;
#5419 = CARTESIAN_POINT ( 'NONE',  ( -1.501000000000002998, 0.6249999999999987788, 0.0000000000000000000 ) ) ;
#5420 = DIRECTION ( 'NONE',  ( 1.000000000000000000, 0.0000000000000000000, 0.0000000000000000000 ) ) ;
#5421 = CARTESIAN_POINT ( 'NONE',  ( -0.6249999999999996669, -1.500999999999999890, 0.0000000000000000000 ) ) ;
#5422 = FILL_AREA_STYLE_COLOUR ( '', #2171 ) ;
#5423 =( GEOMETRIC_REPRESENTATION_CONTEXT ( 3 ) GLOBAL_UNCERTAINTY_ASSIGNED_CONTEXT ( ( #2876 ) ) GLOBAL_UNIT_ASSIGNED_CONTEXT ( ( #1453, #4041, #1869 ) ) REPRESENTATION_CONTEXT ( 'NONE', 'WORKASPACE' ) );
#5424 = AXIS2_PLACEMENT_3D ( 'NONE', #4846, #467, #2699 ) ;
#5425 = ORIENTED_EDGE ( 'NONE', *, *, #4740, .F. ) ;
#5426 = ORIENTED_EDGE ( 'NONE', *, *, #298, .T. ) ;
#5427 = VECTOR ( 'NONE', #956, 1000.000000000000000 ) ;
#5428 = SURFACE_STYLE_USAGE ( .BOTH. , #3226 ) ;
#5429 = ORIENTED_EDGE ( 'NONE', *, *, #1932, .T. ) ;
#5430 = ORIENTED_EDGE ( 'NONE', *, *, #834, .T. ) ;
#5431 = PRODUCT_CONTEXT ( 'NONE', #5087, 'mechanical' ) ;
#5432 = FILL_AREA_STYLE_COLOUR ( '', #1014 ) ;
#5433 = STYLED_ITEM ( 'NONE', ( #2727 ), #3835 ) ;
#5434 = EDGE_CURVE ( 'NONE', #833, #2001, #4616, .T. ) ;
#5435 = DIRECTION ( 'NONE',  ( -0.0000000000000000000, -0.0000000000000000000, -1.000000000000000000 ) ) ;
#5436 = PRESENTATION_STYLE_ASSIGNMENT (( #3749 ) ) ;
#5437 = DIRECTION ( 'NONE',  ( -4.336808689942023258E-15, 1.000000000000000000, 0.0000000000000000000 ) ) ;
#5438 = PRESENTATION_LAYER_ASSIGNMENT (  '', '', ( #4119 ) ) ;
#5439 = LINE ( 'NONE', #1953, #644 ) ;
#5440 = EDGE_CURVE ( 'NONE', #4048, #1494, #2011, .T. ) ;
#5441 = LINE ( 'NONE', #3786, #1362 ) ;
#5442 = COLOUR_RGB ( '',1.000000000000000000, 1.000000000000000000, 1.000000000000000000 ) ;
#5443 = LINE ( 'NONE', #2875, #124 ) ;
#5444 = AXIS2_PLACEMENT_3D ( 'NONE', #2943, #4816, #2633 ) ;
#5445 = ORIENTED_EDGE ( 'NONE', *, *, #5165, .F. ) ;
#5446 = DIRECTION ( 'NONE',  ( -1.000000000000000000, -4.325993705677824825E-15, -0.0000000000000000000 ) ) ;
#5447 =( NAMED_UNIT ( * ) SI_UNIT ( $, .STERADIAN. ) SOLID_ANGLE_UNIT ( ) );
#5448 = PRESENTATION_STYLE_ASSIGNMENT (( #5029 ) ) ;
#5449 = FILL_AREA_STYLE_COLOUR ( '', #4065 ) ;
#5450 = DIRECTION ( 'NONE',  ( 0.0000000000000000000, -1.000000000000000000, 0.0000000000000000000 ) ) ;
#5451 = VECTOR ( 'NONE', #3112, 1000.000000000000000 ) ;
#5452 = LINE ( 'NONE', #4585, #2547 ) ;
#5453 = ORIENTED_EDGE ( 'NONE', *, *, #127, .T. ) ;
#5454 = COLOUR_RGB ( '',1.000000000000000000, 1.000000000000000000, 1.000000000000000000 ) ;
#5455 = CARTESIAN_POINT ( 'NONE',  ( -1.500999999999996781, -0.8750000000000054401, 0.2000000000000000111 ) ) ;
#5456 = DIRECTION ( 'NONE',  ( -0.0000000000000000000, -0.0000000000000000000, -1.000000000000000000 ) ) ;
#5457 = PLANE ( 'NONE',  #3225 ) ;
#5458 =( GEOMETRIC_REPRESENTATION_CONTEXT ( 3 ) GLOBAL_UNCERTAINTY_ASSIGNED_CONTEXT ( ( #3518 ) ) GLOBAL_UNIT_ASSIGNED_CONTEXT ( ( #3950, #4839, #461 ) ) REPRESENTATION_CONTEXT ( 'NONE', 'WORKASPACE' ) );
#5459 = ORIENTED_EDGE ( 'NONE', *, *, #1293, .F. ) ;
#5460 = EDGE_LOOP ( 'NONE', ( #498, #2473, #183, #120 ) ) ;
#5461 = VERTEX_POINT ( 'NONE', #2541 ) ;
#5462 = VECTOR ( 'NONE', #5051, 1000.000000000000000 ) ;
#5463 = CARTESIAN_POINT ( 'NONE',  ( 1.100000000000002753, -0.8249999999999958478, 0.2000000000000000111 ) ) ;
#5464 =( NAMED_UNIT ( * ) PLANE_ANGLE_UNIT ( ) SI_UNIT ( $, .RADIAN. ) );
#5465 = CARTESIAN_POINT ( 'NONE',  ( -0.8749999999999991118, 1.500999999999999890, 0.0000000000000000000 ) ) ;
#5466 = PRESENTATION_LAYER_ASSIGNMENT (  '', '', ( #1461 ) ) ;
#5467 = EDGE_CURVE ( 'NONE', #1256, #2949, #4313, .T. ) ;
#5468 = SURFACE_STYLE_USAGE ( .BOTH. , #225 ) ;
#5469 = SURFACE_SIDE_STYLE ('',( #707 ) ) ;
#5470 = PLANE ( 'NONE',  #2840 ) ;
#5471 = DIRECTION ( 'NONE',  ( 1.000000000000000000, 0.0000000000000000000, 0.0000000000000000000 ) ) ;
#5472 = EDGE_CURVE ( 'NONE', #1291, #2977, #2066, .T. ) ;
#5473 = AXIS2_PLACEMENT_3D ( 'NONE', #5567, #1343, #4847 ) ;
#5474 = EDGE_LOOP ( 'NONE', ( #5088, #465, #5064, #354, #4524, #2459 ) ) ;
#5475 = LINE ( 'NONE', #740, #5610 ) ;
#5476 = PRESENTATION_STYLE_ASSIGNMENT (( #2878 ) ) ;
#5477 = PRESENTATION_STYLE_ASSIGNMENT (( #5085 ) ) ;
#5478 = CARTESIAN_POINT ( 'NONE',  ( 1.500999999999997891, 0.6250000000000048850, 0.2000000000000000111 ) ) ;
#5479 = EDGE_CURVE ( 'NONE', #1740, #1817, #2957, .T. ) ;
#5480 = VERTEX_POINT ( 'NONE', #5612 ) ;
#5481 = ORIENTED_EDGE ( 'NONE', *, *, #560, .T. ) ;
#5482 = CARTESIAN_POINT ( 'NONE',  ( -1.499999999999999556, 0.3749999999999942824, 0.02000000000000005246 ) ) ;
#5483 = DIRECTION ( 'NONE',  ( -0.0000000000000000000, -0.0000000000000000000, -1.000000000000000000 ) ) ;
#5484 = EDGE_CURVE ( 'NONE', #479, #5122, #2513, .T. ) ;
#5485 = ORIENTED_EDGE ( 'NONE', *, *, #626, .F. ) ;
#5486 = VECTOR ( 'NONE', #1425, 1000.000000000000000 ) ;
#5487 = ORIENTED_EDGE ( 'NONE', *, *, #1499, .F. ) ;
#5488 =( LENGTH_UNIT ( ) NAMED_UNIT ( * ) SI_UNIT ( .MILLI., .METRE. ) );
#5489 = PRESENTATION_STYLE_ASSIGNMENT (( #250 ) ) ;
#5490 =( NAMED_UNIT ( * ) PLANE_ANGLE_UNIT ( ) SI_UNIT ( $, .RADIAN. ) );
#5491 = DIRECTION ( 'NONE',  ( -1.000000000000000000, 0.0000000000000000000, -0.0000000000000000000 ) ) ;
#5492 = LINE ( 'NONE', #3341, #1899 ) ;
#5493 = VECTOR ( 'NONE', #5099, 1000.000000000000000 ) ;
#5494 = CARTESIAN_POINT ( 'NONE',  ( -1.100000000000019629, 0.8249999999999990674, 0.0000000000000000000 ) ) ;
#5495 = VECTOR ( 'NONE', #3559, 1000.000000000000000 ) ;
#5496 = DIRECTION ( 'NONE',  ( 3.469446951953616950E-15, -1.000000000000000000, -0.0000000000000000000 ) ) ;
#5497 = LINE ( 'NONE', #4599, #1982 ) ;
#5498 = LINE ( 'NONE', #4731, #70 ) ;
#5499 = LINE ( 'NONE', #3702, #3659 ) ;
#5500 = MECHANICAL_DESIGN_GEOMETRIC_PRESENTATION_REPRESENTATION (  '', ( #5144 ), #4183 ) ;
#5501 = ORIENTED_EDGE ( 'NONE', *, *, #5139, .T. ) ;
#5502 = CARTESIAN_POINT ( 'NONE',  ( -1.499999999999999112, 0.8749999999999990008, 0.02000000000000000042 ) ) ;
#5503 = MECHANICAL_DESIGN_GEOMETRIC_PRESENTATION_REPRESENTATION (  '', ( #3454 ), #4971 ) ;
#5504 = CARTESIAN_POINT ( 'NONE',  ( -1.099999999999998535, -0.3750000000000037748, 0.02000000000000000042 ) ) ;
#5505 = LINE ( 'NONE', #210, #2156 ) ;
#5506 = FACE_OUTER_BOUND ( 'NONE', #3769, .T. ) ;
#5507 =( GEOMETRIC_REPRESENTATION_CONTEXT ( 3 ) GLOBAL_UNCERTAINTY_ASSIGNED_CONTEXT ( ( #1086 ) ) GLOBAL_UNIT_ASSIGNED_CONTEXT ( ( #1735, #5174, #1350 ) ) REPRESENTATION_CONTEXT ( 'NONE', 'WORKASPACE' ) );
#5508 = COLOUR_RGB ( '',1.000000000000000000, 1.000000000000000000, 1.000000000000000000 ) ;
#5509 = ORIENTED_EDGE ( 'NONE', *, *, #2159, .T. ) ;
#5510 = ORIENTED_EDGE ( 'NONE', *, *, #1530, .F. ) ;
#5511 = DIRECTION ( 'NONE',  ( 1.000000000000000000, 0.0000000000000000000, 0.0000000000000000000 ) ) ;
#5512 = PRESENTATION_LAYER_ASSIGNMENT (  '', '', ( #4287 ) ) ;
#5513 = STYLED_ITEM ( 'NONE', ( #809 ), #2431 ) ;
#5514 = EDGE_CURVE ( 'NONE', #5010, #5063, #2982, .T. ) ;
#5515 =( GEOMETRIC_REPRESENTATION_CONTEXT ( 3 ) GLOBAL_UNCERTAINTY_ASSIGNED_CONTEXT ( ( #3238 ) ) GLOBAL_UNIT_ASSIGNED_CONTEXT ( ( #4606, #1550, #3765 ) ) REPRESENTATION_CONTEXT ( 'NONE', 'WORKASPACE' ) );
#5516 = ORIENTED_EDGE ( 'NONE', *, *, #3432, .F. ) ;
#5517 = VECTOR ( 'NONE', #1617, 1000.000000000000000 ) ;
#5518 = ORIENTED_EDGE ( 'NONE', *, *, #5289, .F. ) ;
#5519 = EDGE_LOOP ( 'NONE', ( #4834, #4246, #2946, #3316 ) ) ;
#5520 = FACE_OUTER_BOUND ( 'NONE', #4611, .T. ) ;
#5521 = LINE ( 'NONE', #3421, #4702 ) ;
#5522 = EDGE_CURVE ( 'NONE', #1711, #4371, #1247, .T. ) ;
#5523 = FACE_OUTER_BOUND ( 'NONE', #4957, .T. ) ;
#5524 = FILL_AREA_STYLE_COLOUR ( '', #5632 ) ;
#5525 = UNCERTAINTY_MEASURE_WITH_UNIT (LENGTH_MEASURE( 1.000000000000000082E-05 ), #3331, 'distance_accuracy_value', 'NONE');
#5526 =( GEOMETRIC_REPRESENTATION_CONTEXT ( 3 ) GLOBAL_UNCERTAINTY_ASSIGNED_CONTEXT ( ( #3179 ) ) GLOBAL_UNIT_ASSIGNED_CONTEXT ( ( #4342, #362, #3911 ) ) REPRESENTATION_CONTEXT ( 'NONE', 'WORKASPACE' ) );
#5527 =( NAMED_UNIT ( * ) PLANE_ANGLE_UNIT ( ) SI_UNIT ( $, .RADIAN. ) );
#5528 = DIRECTION ( 'NONE',  ( -0.0000000000000000000, -0.0000000000000000000, -1.000000000000000000 ) ) ;
#5529 = SURFACE_SIDE_STYLE ('',( #5619 ) ) ;
#5530 = ADVANCED_FACE ( 'NONE', ( #306 ), #1193, .F. ) ;
#5531 = CARTESIAN_POINT ( 'NONE',  ( 0.3749999999999994449, 1.500999999999999890, 0.2000000000000000111 ) ) ;
#5532 = UNCERTAINTY_MEASURE_WITH_UNIT (LENGTH_MEASURE( 1.000000000000000082E-05 ), #1099, 'distance_accuracy_value', 'NONE');
#5533 = VERTEX_POINT ( 'NONE', #3802 ) ;
#5534 = FILL_AREA_STYLE_COLOUR ( '', #2165 ) ;
#5535 = DIRECTION ( 'NONE',  ( 0.0000000000000000000, -1.000000000000000000, 0.0000000000000000000 ) ) ;
#5536 = FACE_OUTER_BOUND ( 'NONE', #5058, .T. ) ;
#5537 = SURFACE_STYLE_FILL_AREA ( #2501 ) ;
#5538 =( NAMED_UNIT ( * ) PLANE_ANGLE_UNIT ( ) SI_UNIT ( $, .RADIAN. ) );
#5539 = AXIS2_PLACEMENT_3D ( 'NONE', #3120, #1814, #1423 ) ;
#5540 = ORIENTED_EDGE ( 'NONE', *, *, #5004, .T. ) ;
#5541 = VERTEX_POINT ( 'NONE', #1592 ) ;
#5542 = LINE ( 'NONE', #326, #4291 ) ;
#5543 = STYLED_ITEM ( 'NONE', ( #4564 ), #4744 ) ;
#5544 = DIRECTION ( 'NONE',  ( -1.445602896647339163E-16, 1.000000000000000000, -0.0000000000000000000 ) ) ;
#5545 = AXIS2_PLACEMENT_3D ( 'NONE', #2756, #4822, #3182 ) ;
#5546 = ORIENTED_EDGE ( 'NONE', *, *, #2465, .T. ) ;
#5547 = ORIENTED_EDGE ( 'NONE', *, *, #5561, .T. ) ;
#5548 = EDGE_CURVE ( 'NONE', #753, #4748, #3365, .T. ) ;
#5549 = ORIENTED_EDGE ( 'NONE', *, *, #4579, .F. ) ;
#5550 =( LENGTH_UNIT ( ) NAMED_UNIT ( * ) SI_UNIT ( .MILLI., .METRE. ) );
#5551 = PLANE ( 'NONE',  #372 ) ;
#5552 = CARTESIAN_POINT ( 'NONE',  ( 0.3749999999999994449, 1.500000000000000000, 0.2000000000000000111 ) ) ;
#5553 = DIRECTION ( 'NONE',  ( 2.703746066048639529E-16, -1.000000000000000000, 0.0000000000000000000 ) ) ;
#5554 = ORIENTED_EDGE ( 'NONE', *, *, #4536, .F. ) ;
#5555 = AXIS2_PLACEMENT_3D ( 'NONE', #122, #1065, #4553 ) ;
#5556 = LINE ( 'NONE', #4698, #2310 ) ;
#5557 = DIRECTION ( 'NONE',  ( -1.000000000000000000, 0.0000000000000000000, -0.0000000000000000000 ) ) ;
#5558 = LINE ( 'NONE', #4758, #3600 ) ;
#5559 = CARTESIAN_POINT ( 'NONE',  ( 1.500000000000000666, -0.3749999999999946709, 0.02000000000000000042 ) ) ;
#5560 = PRESENTATION_LAYER_ASSIGNMENT (  '', '', ( #2656 ) ) ;
#5561 = EDGE_CURVE ( 'NONE', #3992, #2263, #5100, .T. ) ;
#5562 = VERTEX_POINT ( 'NONE', #578 ) ;
#5563 = CARTESIAN_POINT ( 'NONE',  ( -0.6249999999999995559, -1.500000000000000000, 0.1999999999999999833 ) ) ;
#5564 = VECTOR ( 'NONE', #2841, 1000.000000000000000 ) ;
#5565 = PRESENTATION_STYLE_ASSIGNMENT (( #4735 ) ) ;
#5566 =( NAMED_UNIT ( * ) SI_UNIT ( $, .STERADIAN. ) SOLID_ANGLE_UNIT ( ) );
#5567 = CARTESIAN_POINT ( 'NONE',  ( 1.000000000000000000, 1.000000000000000000, 0.8500000000000000888 ) ) ;
#5568 = DIRECTION ( 'NONE',  ( 0.0000000000000000000, 0.0000000000000000000, -1.000000000000000000 ) ) ;
#5569 = DIRECTION ( 'NONE',  ( 1.000000000000000000, 4.325993705677824825E-15, 0.0000000000000000000 ) ) ;
#5570 = VECTOR ( 'NONE', #1885, 1000.000000000000000 ) ;
#5571 = STYLED_ITEM ( 'NONE', ( #3093 ), #711 ) ;
#5572 = ORIENTED_EDGE ( 'NONE', *, *, #1244, .T. ) ;
#5573 = FILL_AREA_STYLE_COLOUR ( '', #1186 ) ;
#5574 = DIRECTION ( 'NONE',  ( 2.891205793294678326E-16, -1.000000000000000000, 0.0000000000000000000 ) ) ;
#5575 = DIRECTION ( 'NONE',  ( 0.0000000000000000000, 0.0000000000000000000, 1.000000000000000000 ) ) ;
#5576 = CARTESIAN_POINT ( 'NONE',  ( 0.8249999999999989564, 1.099999999999999867, 0.02000000000000000042 ) ) ;
#5577 = ORIENTED_EDGE ( 'NONE', *, *, #2258, .F. ) ;
#5578 = ORIENTED_EDGE ( 'NONE', *, *, #2202, .F. ) ;
#5579 = ORIENTED_EDGE ( 'NONE', *, *, #1235, .T. ) ;
#5580 = CARTESIAN_POINT ( 'NONE',  ( -1.500000000000000000, 1.500000000000000000, 0.02000000000000000042 ) ) ;
#5581 = SURFACE_SIDE_STYLE ('',( #3888 ) ) ;
#5582 = UNCERTAINTY_MEASURE_WITH_UNIT (LENGTH_MEASURE( 1.000000000000000082E-05 ), #5488, 'distance_accuracy_value', 'NONE');
#5583 = SURFACE_STYLE_USAGE ( .BOTH. , #3864 ) ;
#5584 = VECTOR ( 'NONE', #3979, 1000.000000000000000 ) ;
#5585 = UNCERTAINTY_MEASURE_WITH_UNIT (LENGTH_MEASURE( 1.000000000000000082E-05 ), #3147, 'distance_accuracy_value', 'NONE');
#5586 = ORIENTED_EDGE ( 'NONE', *, *, #1845, .T. ) ;
#5587 = DIRECTION ( 'NONE',  ( -1.000000000000000000, -0.0000000000000000000, -0.0000000000000000000 ) ) ;
#5588 = STYLED_ITEM ( 'NONE', ( #60 ), #960 ) ;
#5589 = CARTESIAN_POINT ( 'NONE',  ( 0.3749999999999994449, 1.500999999999999890, 0.2000000000000000111 ) ) ;
#5590 = SURFACE_SIDE_STYLE ('',( #405 ) ) ;
#5591 = UNCERTAINTY_MEASURE_WITH_UNIT (LENGTH_MEASURE( 1.000000000000000082E-05 ), #2398, 'distance_accuracy_value', 'NONE');
#5592 = MECHANICAL_DESIGN_GEOMETRIC_PRESENTATION_REPRESENTATION (  '', ( #571 ), #2059 ) ;
#5593 = CARTESIAN_POINT ( 'NONE',  ( -0.1250000000000000000, -1.500999999999999890, 0.0000000000000000000 ) ) ;
#5594 = CARTESIAN_POINT ( 'NONE',  ( 1.500999999999998780, 0.3750000000000046629, 0.0000000000000000000 ) ) ;
#5595 = CARTESIAN_POINT ( 'NONE',  ( 1.501000000000002332, -0.6249999999999944489, 0.2000000000000000111 ) ) ;
#5596 =( LENGTH_UNIT ( ) NAMED_UNIT ( * ) SI_UNIT ( .MILLI., .METRE. ) );
#5597 = CARTESIAN_POINT ( 'NONE',  ( -0.1250000000000000000, -1.500999999999999890, 0.2000000000000000111 ) ) ;
#5598 = PRESENTATION_LAYER_ASSIGNMENT (  '', '', ( #5144 ) ) ;
#5599 = EDGE_CURVE ( 'NONE', #1842, #4559, #2722, .T. ) ;
#5600 = ORIENTED_EDGE ( 'NONE', *, *, #4440, .F. ) ;
#5601 = STYLED_ITEM ( 'NONE', ( #4905 ), #1900 ) ;
#5602 = LINE ( 'NONE', #1796, #2809 ) ;
#5603 = EDGE_CURVE ( 'NONE', #5252, #1494, #613, .T. ) ;
#5604 = COLOUR_RGB ( '',1.000000000000000000, 1.000000000000000000, 1.000000000000000000 ) ;
#5605 = CARTESIAN_POINT ( 'NONE',  ( -1.501000000000000778, 0.8749999999999990008, 0.2000000000000000111 ) ) ;
#5606 = ORIENTED_EDGE ( 'NONE', *, *, #3712, .T. ) ;
#5607 = ORIENTED_EDGE ( 'NONE', *, *, #1409, .F. ) ;
#5608 = ORIENTED_EDGE ( 'NONE', *, *, #111, .F. ) ;
#5609 = VECTOR ( 'NONE', #5528, 1000.000000000000000 ) ;
#5610 = VECTOR ( 'NONE', #287, 1000.000000000000000 ) ;
#5611 = CARTESIAN_POINT ( 'NONE',  ( -1.500000000000005995, 0.1249999999999944766, 0.02000000000000000042 ) ) ;
#5612 = CARTESIAN_POINT ( 'NONE',  ( 1.149999999999997247, 0.8750000000000031086, 0.0000000000000000000 ) ) ;
#5613 = LINE ( 'NONE', #2127, #482 ) ;
#5614 = VECTOR ( 'NONE', #5191, 1000.000000000000000 ) ;
#5615 = VERTEX_POINT ( 'NONE', #5346 ) ;
#5616 = EDGE_CURVE ( 'NONE', #1265, #3654, #5374, .T. ) ;
#5617 = STYLED_ITEM ( 'NONE', ( #945 ), #3474 ) ;
#5618 = DIRECTION ( 'NONE',  ( 2.276824562219581715E-14, 1.000000000000000000, 0.0000000000000000000 ) ) ;
#5619 = SURFACE_STYLE_FILL_AREA ( #2018 ) ;
#5620 = CARTESIAN_POINT ( 'NONE',  ( 0.6249999999999996669, -1.500000000000000000, 0.02000000000000005246 ) ) ;
#5621 = EDGE_LOOP ( 'NONE', ( #5251, #2763, #5057, #2143, #5034, #754 ) ) ;
#5622 = EDGE_CURVE ( 'NONE', #1460, #3104, #2353, .T. ) ;
#5623 = SURFACE_STYLE_FILL_AREA ( #4295 ) ;
#5624 = SURFACE_STYLE_FILL_AREA ( #2226 ) ;
#5625 = LINE ( 'NONE', #2227, #4889 ) ;
#5626 = CARTESIAN_POINT ( 'NONE',  ( -1.500999999999998336, -0.3750000000000055511, 0.2000000000000000111 ) ) ;
#5627 = DIRECTION ( 'NONE',  ( -1.204669080539449344E-16, 1.000000000000000000, 0.0000000000000000000 ) ) ;
#5628 = FILL_AREA_STYLE_COLOUR ( '', #3565 ) ;
#5629 = VERTEX_POINT ( 'NONE', #4140 ) ;
#5630 = EDGE_CURVE ( 'NONE', #154, #129, #4937, .T. ) ;
#5631 = DIRECTION ( 'NONE',  ( -0.0000000000000000000, -0.0000000000000000000, -1.000000000000000000 ) ) ;
#5632 = COLOUR_RGB ( '',1.000000000000000000, 1.000000000000000000, 1.000000000000000000 ) ;
#5633 = PLANE ( 'NONE',  #3865 ) ;
#5634 = ORIENTED_EDGE ( 'NONE', *, *, #4305, .F. ) ;
#5635 = ORIENTED_EDGE ( 'NONE', *, *, #182, .T. ) ;
#5636 = EDGE_CURVE ( 'NONE', #2945, #5096, #3262, .T. ) ;
#5637 = ORIENTED_EDGE ( 'NONE', *, *, #4047, .T. ) ;
#5638 = COLOUR_RGB ( '',1.000000000000000000, 1.000000000000000000, 1.000000000000000000 ) ;
#5639 = CARTESIAN_POINT ( 'NONE',  ( -0.6249999999999995559, -1.099999999999999867, 0.01999999999999999695 ) ) ;
#5640 = DIRECTION ( 'NONE',  ( 0.7071067811865467956, -0.7071067811865483499, -0.0000000000000000000 ) ) ;
#5641 =( LENGTH_UNIT ( ) NAMED_UNIT ( * ) SI_UNIT ( .MILLI., .METRE. ) );
#5642 = DIRECTION ( 'NONE',  ( -0.0000000000000000000, -0.0000000000000000000, -1.000000000000000000 ) ) ;
#5643 = UNCERTAINTY_MEASURE_WITH_UNIT (LENGTH_MEASURE( 1.000000000000000082E-05 ), #3913, 'distance_accuracy_value', 'NONE');
#5644 = PLANE ( 'NONE',  #2379 ) ;
#5645 = ORIENTED_EDGE ( 'NONE', *, *, #1235, .F. ) ;
#5646 = VECTOR ( 'NONE', #3959, 1000.000000000000000 ) ;
#5647 = CARTESIAN_POINT ( 'NONE',  ( -1.499999999999999112, 1.099999999999999867, 0.02000000000000000042 ) ) ;
#5648 = FILL_AREA_STYLE_COLOUR ( '', #4760 ) ;
#5649 = CARTESIAN_POINT ( 'NONE',  ( -1.501000000000002998, 0.6249999999999987788, 0.0000000000000000000 ) ) ;
#5650 = LINE ( 'NONE', #3841, #1154 ) ;
#5651 =( NAMED_UNIT ( * ) SI_UNIT ( $, .STERADIAN. ) SOLID_ANGLE_UNIT ( ) );
#5652 = MECHANICAL_DESIGN_GEOMETRIC_PRESENTATION_REPRESENTATION (  '', ( #2844 ), #2560 ) ;
#5653 = ORIENTED_EDGE ( 'NONE', *, *, #1516, .T. ) ;
#5654 = SURFACE_STYLE_USAGE ( .BOTH. , #2194 ) ;
#5655 = CARTESIAN_POINT ( 'NONE',  ( 0.8249999999999995115, -1.099999999999999867, 0.2000000000000000111 ) ) ;
#5656 = CARTESIAN_POINT ( 'NONE',  ( -1.500000000000000000, 1.500000000000000000, 0.1999999999999999833 ) ) ;
#5657 = COLOUR_RGB ( '',1.000000000000000000, 1.000000000000000000, 1.000000000000000000 ) ;
#5658 = LINE ( 'NONE', #2639, #1222 ) ;
#5659 = EDGE_CURVE ( 'NONE', #4228, #1460, #3608, .T. ) ;
#5660 = VECTOR ( 'NONE', #815, 1000.000000000000000 ) ;
#5661 = VERTEX_POINT ( 'NONE', #4483 ) ;
#5662 = DIRECTION ( 'NONE',  ( 1.000000000000000000, 0.0000000000000000000, -0.0000000000000000000 ) ) ;
#5663 = FILL_AREA_STYLE_COLOUR ( '', #301 ) ;
#5664 = VECTOR ( 'NONE', #4568, 1000.000000000000000 ) ;
#5665 = FILL_AREA_STYLE ('',( #3135 ) ) ;
#5666 = ADVANCED_FACE ( 'NONE', ( #5290 ), #1861, .F. ) ;
#5667 = VERTEX_POINT ( 'NONE', #5318 ) ;
#5668 = ORIENTED_EDGE ( 'NONE', *, *, #5233, .F. ) ;
#5669 = ORIENTED_EDGE ( 'NONE', *, *, #2746, .T. ) ;
#5670 = PLANE ( 'NONE',  #1809 ) ;
#5671 = CARTESIAN_POINT ( 'NONE',  ( 0.1249999999999998890, -1.500999999999999890, 0.0000000000000000000 ) ) ;
#5672 =( NAMED_UNIT ( * ) SI_UNIT ( $, .STERADIAN. ) SOLID_ANGLE_UNIT ( ) );
#5673 = ADVANCED_FACE ( 'NONE', ( #4085, #4910 ), #1391, .T. ) ;
#5674 = FACE_OUTER_BOUND ( 'NONE', #2346, .T. ) ;
ENDSEC;
END-ISO-10303-21;
