ISO-10303-21;
HEADER;
FILE_DESCRIPTION (( 'STEP AP214' ),
    '1' );
FILE_NAME ('FA6E251C-094E-445E-A2F8-BB9178BCF62D.STEP',
    '2025-08-28T00:53:10',
    ( '' ),
    ( '' ),
    'SwSTEP 2.0',
    'SolidWorks 2022',
    '' );
FILE_SCHEMA (( 'AUTOMOTIVE_DESIGN' ));
ENDSEC;

DATA;
#1 = SURFACE_STYLE_USAGE ( .BOTH. , #4983 ) ;
#2 = AXIS2_PLACEMENT_3D ( 'NONE', #7295, #954, #3803 ) ;
#3 = PRESENTATION_STYLE_ASSIGNMENT (( #4112 ) ) ;
#4 = DIRECTION ( 'NONE',  ( 0.0000000000000000000, -0.0000000000000000000, 1.000000000000000000 ) ) ;
#5 = DIRECTION ( 'NONE',  ( 0.0000000000000000000, 0.0000000000000000000, 1.000000000000000000 ) ) ;
#6 = VECTOR ( 'NONE', #7804, 1000.000000000000000 ) ;
#7 = CARTESIAN_POINT ( 'NONE',  ( -2.000000000000000000, 0.9000000000000000222, -2.000000000000000000 ) ) ;
#8 = ORIENTED_EDGE ( 'NONE', *, *, #4581, .F. ) ;
#9 = ADVANCED_FACE ( 'NONE', ( #1605 ), #5827, .T. ) ;
#10 = AXIS2_PLACEMENT_3D ( 'NONE', #6361, #4925, #8586 ) ;
#11 = UNCERTAINTY_MEASURE_WITH_UNIT (LENGTH_MEASURE( 1.000000000000000082E-05 ), #3927, 'distance_accuracy_value', 'NONE');
#12 = SURFACE_STYLE_USAGE ( .BOTH. , #6378 ) ;
#13 = FACE_OUTER_BOUND ( 'NONE', #3957, .T. ) ;
#14 = EDGE_LOOP ( 'NONE', ( #4532, #5451, #5530, #5727 ) ) ;
#15 = LINE ( 'NONE', #2885, #8657 ) ;
#16 =( NAMED_UNIT ( * ) PLANE_ANGLE_UNIT ( ) SI_UNIT ( $, .RADIAN. ) );
#17 = VECTOR ( 'NONE', #1149, 1000.000000000000000 ) ;
#18 = AXIS2_PLACEMENT_3D ( 'NONE', #1319, #3402, #2636 ) ;
#19 = FILL_AREA_STYLE_COLOUR ( '', #4985 ) ;
#20 = SURFACE_SIDE_STYLE ('',( #8509 ) ) ;
#21 = FILL_AREA_STYLE_COLOUR ( '', #4826 ) ;
#22 = AXIS2_PLACEMENT_3D ( 'NONE', #271, #3085, #3920 ) ;
#23 = PRESENTATION_STYLE_ASSIGNMENT (( #6443 ) ) ;
#24 = ADVANCED_FACE ( 'NONE', ( #8760 ), #8068, .F. ) ;
#25 =( NAMED_UNIT ( * ) SI_UNIT ( $, .STERADIAN. ) SOLID_ANGLE_UNIT ( ) );
#26 = VECTOR ( 'NONE', #2660, 1000.000000000000000 ) ;
#27 = ORIENTED_EDGE ( 'NONE', *, *, #4913, .F. ) ;
#28 = SURFACE_STYLE_USAGE ( .BOTH. , #7649 ) ;
#29 = ORIENTED_EDGE ( 'NONE', *, *, #1708, .T. ) ;
#30 = ORIENTED_EDGE ( 'NONE', *, *, #314, .F. ) ;
#31 = LINE ( 'NONE', #8422, #7738 ) ;
#32 = VECTOR ( 'NONE', #253, 1000.000000000000000 ) ;
#33 = PRESENTATION_LAYER_ASSIGNMENT (  '', '', ( #1554 ) ) ;
#34 = COLOUR_RGB ( '',1.000000000000000000, 1.000000000000000000, 1.000000000000000000 ) ;
#35 = DIRECTION ( 'NONE',  ( 0.0000000000000000000, -1.000000000000000000, 0.0000000000000000000 ) ) ;
#36 =( LENGTH_UNIT ( ) NAMED_UNIT ( * ) SI_UNIT ( .MILLI., .METRE. ) );
#37 = VERTEX_POINT ( 'NONE', #1753 ) ;
#38 = ADVANCED_FACE ( 'NONE', ( #1699 ), #407, .F. ) ;
#39 =( NAMED_UNIT ( * ) SI_UNIT ( $, .STERADIAN. ) SOLID_ANGLE_UNIT ( ) );
#40 = ORIENTED_EDGE ( 'NONE', *, *, #2097, .T. ) ;
#41 = ORIENTED_EDGE ( 'NONE', *, *, #7652, .T. ) ;
#42 = CARTESIAN_POINT ( 'NONE',  ( -2.000000000000000000, 0.2025000000000000133, 0.6349999999999998979 ) ) ;
#43 = VECTOR ( 'NONE', #4166, 1000.000000000000000 ) ;
#44 = DIRECTION ( 'NONE',  ( 0.0000000000000000000, -0.0000000000000000000, 1.000000000000000000 ) ) ;
#45 = PRESENTATION_LAYER_ASSIGNMENT (  '', '', ( #5387 ) ) ;
#46 = SURFACE_SIDE_STYLE ('',( #6414 ) ) ;
#47 = LINE ( 'NONE', #2230, #2878 ) ;
#48 = PRESENTATION_STYLE_ASSIGNMENT (( #6416 ) ) ;
#49 = STYLED_ITEM ( 'NONE', ( #2019 ), #7399 ) ;
#50 = DIRECTION ( 'NONE',  ( -1.000000000000000000, 0.0000000000000000000, -0.0000000000000000000 ) ) ;
#51 = EDGE_CURVE ( 'NONE', #4879, #156, #1929, .T. ) ;
#52 = STYLED_ITEM ( 'NONE', ( #3342 ), #4171 ) ;
#53 = VERTEX_POINT ( 'NONE', #1212 ) ;
#54 = PRESENTATION_LAYER_ASSIGNMENT (  '', '', ( #5526 ) ) ;
#55 = DIRECTION ( 'NONE',  ( 0.0000000000000000000, 0.0000000000000000000, -1.000000000000000000 ) ) ;
#56 = MECHANICAL_DESIGN_GEOMETRIC_PRESENTATION_REPRESENTATION (  '', ( #4514 ), #7765 ) ;
#57 = PLANE ( 'NONE',  #3929 ) ;
#58 = FILL_AREA_STYLE ('',( #1485 ) ) ;
#59 = CARTESIAN_POINT ( 'NONE',  ( -2.000000000000000000, 0.002500000000000000052, 2.000000000000000000 ) ) ;
#60 = VECTOR ( 'NONE', #5705, 1000.000000000000000 ) ;
#61 = AXIS2_PLACEMENT_3D ( 'NONE', #6475, #55, #1581 ) ;
#62 = CARTESIAN_POINT ( 'NONE',  ( -0.1349999999999995925, 0.002499999999999985307, 2.000000000000000000 ) ) ;
#63 = VERTEX_POINT ( 'NONE', #9036 ) ;
#64 = CARTESIAN_POINT ( 'NONE',  ( -1.364999999999999547, -4.463288363752166281E-18, -1.600000000000000089 ) ) ;
#65 = AXIS2_PLACEMENT_3D ( 'NONE', #2272, #2866, #5161 ) ;
#66 =( GEOMETRIC_REPRESENTATION_CONTEXT ( 3 ) GLOBAL_UNCERTAINTY_ASSIGNED_CONTEXT ( ( #8131 ) ) GLOBAL_UNIT_ASSIGNED_CONTEXT ( ( #5801, #1773, #9023 ) ) REPRESENTATION_CONTEXT ( 'NONE', 'WORKASPACE' ) );
#67 = CARTESIAN_POINT ( 'NONE',  ( -2.000000000000000000, 0.0000000000000000000, 0.6350000000000000089 ) ) ;
#68 = VECTOR ( 'NONE', #9176, 1000.000000000000000 ) ;
#69 = CARTESIAN_POINT ( 'NONE',  ( -0.6349999999999995648, 0.1999999999999999833, -2.001999999999999780 ) ) ;
#70 =( NAMED_UNIT ( * ) PLANE_ANGLE_UNIT ( ) SI_UNIT ( $, .RADIAN. ) );
#71 = LINE ( 'NONE', #6982, #8709 ) ;
#72 = STYLED_ITEM ( 'NONE', ( #7844 ), #8416 ) ;
#73 = FACE_OUTER_BOUND ( 'NONE', #7727, .T. ) ;
#74 = EDGE_LOOP ( 'NONE', ( #186, #8617, #7741, #7898 ) ) ;
#75 = ORIENTED_EDGE ( 'NONE', *, *, #6867, .F. ) ;
#76 = EDGE_LOOP ( 'NONE', ( #7385, #8715, #369, #4633 ) ) ;
#77 =( GEOMETRIC_REPRESENTATION_CONTEXT ( 3 ) GLOBAL_UNCERTAINTY_ASSIGNED_CONTEXT ( ( #1169 ) ) GLOBAL_UNIT_ASSIGNED_CONTEXT ( ( #1054, #2432, #358 ) ) REPRESENTATION_CONTEXT ( 'NONE', 'WORKASPACE' ) );
#78 =( NAMED_UNIT ( * ) PLANE_ANGLE_UNIT ( ) SI_UNIT ( $, .RADIAN. ) );
#79 = ADVANCED_FACE ( 'NONE', ( #6236 ), #5416, .F. ) ;
#80 =( LENGTH_UNIT ( ) NAMED_UNIT ( * ) SI_UNIT ( .MILLI., .METRE. ) );
#81 = PRESENTATION_STYLE_ASSIGNMENT (( #7931 ) ) ;
#82 = CARTESIAN_POINT ( 'NONE',  ( -2.001999999999999780, 0.002500000000000000052, -0.3650000000000001577 ) ) ;
#83 = CARTESIAN_POINT ( 'NONE',  ( 1.600000000000000089, 0.002500000000000000052, -1.365000000000000213 ) ) ;
#84 = VERTEX_POINT ( 'NONE', #7588 ) ;
#85 = ORIENTED_EDGE ( 'NONE', *, *, #7192, .T. ) ;
#86 = VERTEX_POINT ( 'NONE', #6384 ) ;
#87 = SURFACE_SIDE_STYLE ('',( #1667 ) ) ;
#88 = SURFACE_STYLE_FILL_AREA ( #1473 ) ;
#89 = PLANE ( 'NONE',  #10 ) ;
#90 = FACE_OUTER_BOUND ( 'NONE', #4156, .T. ) ;
#91 =( GEOMETRIC_REPRESENTATION_CONTEXT ( 3 ) GLOBAL_UNCERTAINTY_ASSIGNED_CONTEXT ( ( #2034 ) ) GLOBAL_UNIT_ASSIGNED_CONTEXT ( ( #6206, #9054, #8348 ) ) REPRESENTATION_CONTEXT ( 'NONE', 'WORKASPACE' ) );
#92 = FACE_OUTER_BOUND ( 'NONE', #6296, .T. ) ;
#93 =( LENGTH_UNIT ( ) NAMED_UNIT ( * ) SI_UNIT ( .MILLI., .METRE. ) );
#94 = ORIENTED_EDGE ( 'NONE', *, *, #3467, .T. ) ;
#95 = CARTESIAN_POINT ( 'NONE',  ( -2.000000000000000000, 0.002500000000000000052, -0.3650000000000001577 ) ) ;
#96 = PLANE ( 'NONE',  #974 ) ;
#97 = CARTESIAN_POINT ( 'NONE',  ( 2.001999999999999780, 0.2025000000000000133, -0.8650000000000001021 ) ) ;
#98 = MECHANICAL_DESIGN_GEOMETRIC_PRESENTATION_REPRESENTATION (  '', ( #3684 ), #6034 ) ;
#99 = ADVANCED_FACE ( 'NONE', ( #6435 ), #4341, .F. ) ;
#100 = FILL_AREA_STYLE ('',( #2926 ) ) ;
#101 =( NAMED_UNIT ( * ) PLANE_ANGLE_UNIT ( ) SI_UNIT ( $, .RADIAN. ) );
#102 = LINE ( 'NONE', #1585, #7754 ) ;
#103 = DIRECTION ( 'NONE',  ( 0.0000000000000000000, -0.0000000000000000000, 1.000000000000000000 ) ) ;
#104 = VERTEX_POINT ( 'NONE', #4438 ) ;
#105 =( GEOMETRIC_REPRESENTATION_CONTEXT ( 3 ) GLOBAL_UNCERTAINTY_ASSIGNED_CONTEXT ( ( #4402 ) ) GLOBAL_UNIT_ASSIGNED_CONTEXT ( ( #4198, #3522, #8099 ) ) REPRESENTATION_CONTEXT ( 'NONE', 'WORKASPACE' ) );
#106 = EDGE_LOOP ( 'NONE', ( #4178, #7115, #4406, #8828 ) ) ;
#107 =( NAMED_UNIT ( * ) PLANE_ANGLE_UNIT ( ) SI_UNIT ( $, .RADIAN. ) );
#108 = ORIENTED_EDGE ( 'NONE', *, *, #383, .F. ) ;
#109 =( NAMED_UNIT ( * ) PLANE_ANGLE_UNIT ( ) SI_UNIT ( $, .RADIAN. ) );
#110 =( NAMED_UNIT ( * ) PLANE_ANGLE_UNIT ( ) SI_UNIT ( $, .RADIAN. ) );
#111 = LINE ( 'NONE', #3567, #7792 ) ;
#112 = FILL_AREA_STYLE_COLOUR ( '', #6102 ) ;
#113 =( NAMED_UNIT ( * ) PLANE_ANGLE_UNIT ( ) SI_UNIT ( $, .RADIAN. ) );
#114 =( NAMED_UNIT ( * ) PLANE_ANGLE_UNIT ( ) SI_UNIT ( $, .RADIAN. ) );
#115 = UNCERTAINTY_MEASURE_WITH_UNIT (LENGTH_MEASURE( 1.000000000000000082E-05 ), #4404, 'distance_accuracy_value', 'NONE');
#116 = ORIENTED_EDGE ( 'NONE', *, *, #1070, .T. ) ;
#117 =( NAMED_UNIT ( * ) SI_UNIT ( $, .STERADIAN. ) SOLID_ANGLE_UNIT ( ) );
#118 = ORIENTED_EDGE ( 'NONE', *, *, #4338, .T. ) ;
#119 = ORIENTED_EDGE ( 'NONE', *, *, #2246, .T. ) ;
#120 = CARTESIAN_POINT ( 'NONE',  ( 1.000000000000000000, 0.0005000000000000003357, 1.250000000000000000 ) ) ;
#121 = PRESENTATION_STYLE_ASSIGNMENT (( #1609 ) ) ;
#122 = LINE ( 'NONE', #2174, #7311 ) ;
#123 = SURFACE_STYLE_USAGE ( .BOTH. , #7834 ) ;
#124 = SURFACE_SIDE_STYLE ('',( #4365 ) ) ;
#125 = ORIENTED_EDGE ( 'NONE', *, *, #4528, .F. ) ;
#126 = EDGE_CURVE ( 'NONE', #5274, #8106, #5136, .T. ) ;
#127 = ORIENTED_EDGE ( 'NONE', *, *, #3730, .F. ) ;
#128 = PRESENTATION_LAYER_ASSIGNMENT (  '', '', ( #1036 ) ) ;
#129 = ORIENTED_EDGE ( 'NONE', *, *, #857, .T. ) ;
#130 =( LENGTH_UNIT ( ) NAMED_UNIT ( * ) SI_UNIT ( .MILLI., .METRE. ) );
#131 = DIRECTION ( 'NONE',  ( -1.000000000000000000, 0.0000000000000000000, 0.0000000000000000000 ) ) ;
#132 =( NAMED_UNIT ( * ) PLANE_ANGLE_UNIT ( ) SI_UNIT ( $, .RADIAN. ) );
#133 = FILL_AREA_STYLE_COLOUR ( '', #4037 ) ;
#134 = SURFACE_SIDE_STYLE ('',( #6509 ) ) ;
#135 =( GEOMETRIC_REPRESENTATION_CONTEXT ( 3 ) GLOBAL_UNCERTAINTY_ASSIGNED_CONTEXT ( ( #5129 ) ) GLOBAL_UNIT_ASSIGNED_CONTEXT ( ( #262, #5368, #5322 ) ) REPRESENTATION_CONTEXT ( 'NONE', 'WORKASPACE' ) );
#136 = PRESENTATION_STYLE_ASSIGNMENT (( #9198 ) ) ;
#137 = SURFACE_STYLE_USAGE ( .BOTH. , #6511 ) ;
#138 = PRESENTATION_LAYER_ASSIGNMENT (  '', '', ( #4889 ) ) ;
#139 = ORIENTED_EDGE ( 'NONE', *, *, #5111, .F. ) ;
#140 = ORIENTED_EDGE ( 'NONE', *, *, #6503, .T. ) ;
#141 = PLANE ( 'NONE',  #8032 ) ;
#142 = DIRECTION ( 'NONE',  ( 0.0000000000000000000, 0.0000000000000000000, -1.000000000000000000 ) ) ;
#143 =( NAMED_UNIT ( * ) PLANE_ANGLE_UNIT ( ) SI_UNIT ( $, .RADIAN. ) );
#144 = VECTOR ( 'NONE', #5020, 1000.000000000000000 ) ;
#145 = VECTOR ( 'NONE', #4272, 1000.000000000000114 ) ;
#146 = CARTESIAN_POINT ( 'NONE',  ( -0.3649999999999996581, 0.1999999999999999833, 2.001999999999999780 ) ) ;
#147 = DIRECTION ( 'NONE',  ( 0.0000000000000000000, 0.0000000000000000000, -1.000000000000000000 ) ) ;
#148 = LINE ( 'NONE', #5127, #1632 ) ;
#149 = STYLED_ITEM ( 'NONE', ( #2717 ), #1379 ) ;
#150 = EDGE_CURVE ( 'NONE', #1934, #6821, #1643, .T. ) ;
#151 = LINE ( 'NONE', #4387, #4013 ) ;
#152 = VERTEX_POINT ( 'NONE', #714 ) ;
#153 = ADVANCED_FACE ( 'NONE', ( #7259 ), #7771, .F. ) ;
#154 = CARTESIAN_POINT ( 'NONE',  ( -2.000000000000000000, 0.0000000000000000000, 1.365000000000000213 ) ) ;
#155 = VECTOR ( 'NONE', #2117, 1000.000000000000000 ) ;
#156 = VERTEX_POINT ( 'NONE', #5436 ) ;
#157 = SURFACE_SIDE_STYLE ('',( #203 ) ) ;
#158 = COLOUR_RGB ( '',1.000000000000000000, 1.000000000000000000, 1.000000000000000000 ) ;
#159 = FACE_OUTER_BOUND ( 'NONE', #3745, .T. ) ;
#160 = CARTESIAN_POINT ( 'NONE',  ( -1.134999999999999787, 0.1999999999999999556, 2.001999999999999780 ) ) ;
#161 = ADVANCED_FACE ( 'NONE', ( #3938 ), #6876, .F. ) ;
#162 = VERTEX_POINT ( 'NONE', #1235 ) ;
#163 = FILL_AREA_STYLE_COLOUR ( '', #1790 ) ;
#164 = ORIENTED_EDGE ( 'NONE', *, *, #5818, .F. ) ;
#165 = COLOUR_RGB ( '',1.000000000000000000, 1.000000000000000000, 1.000000000000000000 ) ;
#166 = PLANE ( 'NONE',  #190 ) ;
#167 = MECHANICAL_DESIGN_GEOMETRIC_PRESENTATION_REPRESENTATION (  '', ( #3027 ), #2452 ) ;
#168 = PLANE ( 'NONE',  #4115 ) ;
#169 = ORIENTED_EDGE ( 'NONE', *, *, #7703, .F. ) ;
#170 = CARTESIAN_POINT ( 'NONE',  ( -1.600000000000000089, 0.0000000000000000000, 0.1349999999999998701 ) ) ;
#171 = VERTEX_POINT ( 'NONE', #3327 ) ;
#172 = VECTOR ( 'NONE', #8968, 1000.000000000000000 ) ;
#173 = FILL_AREA_STYLE ('',( #839 ) ) ;
#174 = VERTEX_POINT ( 'NONE', #6796 ) ;
#175 = LINE ( 'NONE', #1566, #2414 ) ;
#176 = AXIS2_PLACEMENT_3D ( 'NONE', #2998, #8835, #5294 ) ;
#177 =( NAMED_UNIT ( * ) SI_UNIT ( $, .STERADIAN. ) SOLID_ANGLE_UNIT ( ) );
#178 = VECTOR ( 'NONE', #3259, 1000.000000000000000 ) ;
#179 = DIRECTION ( 'NONE',  ( -1.000000000000000000, 0.0000000000000000000, -4.065758146820642614E-16 ) ) ;
#180 =( NAMED_UNIT ( * ) PLANE_ANGLE_UNIT ( ) SI_UNIT ( $, .RADIAN. ) );
#181 = VECTOR ( 'NONE', #3422, 1000.000000000000000 ) ;
#182 = CARTESIAN_POINT ( 'NONE',  ( 2.000000000000000000, 0.9000000000000000222, -2.000000000000000000 ) ) ;
#183 = VECTOR ( 'NONE', #7317, 1000.000000000000000 ) ;
#184 = SURFACE_STYLE_USAGE ( .BOTH. , #5750 ) ;
#185 = CIRCLE ( 'NONE', #1716, 0.1000000000000000472 ) ;
#186 = ORIENTED_EDGE ( 'NONE', *, *, #902, .T. ) ;
#187 = VECTOR ( 'NONE', #1132, 1000.000000000000000 ) ;
#188 = EDGE_CURVE ( 'NONE', #368, #7793, #8308, .T. ) ;
#189 = FILL_AREA_STYLE ('',( #5860 ) ) ;
#190 = AXIS2_PLACEMENT_3D ( 'NONE', #7543, #1216, #2578 ) ;
#191 = ADVANCED_FACE ( 'NONE', ( #5181 ), #8931, .F. ) ;
#192 = STYLED_ITEM ( 'NONE', ( #8298 ), #6624 ) ;
#193 = PRESENTATION_STYLE_ASSIGNMENT (( #6043 ) ) ;
#194 = CARTESIAN_POINT ( 'NONE',  ( 0.1350000000000003419, 0.0000000000000000000, 2.000000000000000000 ) ) ;
#195 =( GEOMETRIC_REPRESENTATION_CONTEXT ( 3 ) GLOBAL_UNCERTAINTY_ASSIGNED_CONTEXT ( ( #5579 ) ) GLOBAL_UNIT_ASSIGNED_CONTEXT ( ( #6344, #7778, #25 ) ) REPRESENTATION_CONTEXT ( 'NONE', 'WORKASPACE' ) );
#196 = CARTESIAN_POINT ( 'NONE',  ( -2.000000000000000000, 0.0000000000000000000, 0.8649999999999999911 ) ) ;
#197 = ORIENTED_EDGE ( 'NONE', *, *, #8368, .T. ) ;
#198 = UNCERTAINTY_MEASURE_WITH_UNIT (LENGTH_MEASURE( 1.000000000000000082E-05 ), #3890, 'distance_accuracy_value', 'NONE');
#199 = DIRECTION ( 'NONE',  ( 0.0000000000000000000, 1.000000000000000000, 0.0000000000000000000 ) ) ;
#200 = AXIS2_PLACEMENT_3D ( 'NONE', #1794, #7406, #4996 ) ;
#201 = LINE ( 'NONE', #8605, #1579 ) ;
#202 = ORIENTED_EDGE ( 'NONE', *, *, #7204, .F. ) ;
#203 = SURFACE_STYLE_FILL_AREA ( #5084 ) ;
#204 =( NAMED_UNIT ( * ) PLANE_ANGLE_UNIT ( ) SI_UNIT ( $, .RADIAN. ) );
#205 = VECTOR ( 'NONE', #6383, 1000.000000000000000 ) ;
#206 =( GEOMETRIC_REPRESENTATION_CONTEXT ( 3 ) GLOBAL_UNCERTAINTY_ASSIGNED_CONTEXT ( ( #2942 ) ) GLOBAL_UNIT_ASSIGNED_CONTEXT ( ( #3103, #8802, #1106 ) ) REPRESENTATION_CONTEXT ( 'NONE', 'WORKASPACE' ) );
#207 = FACE_OUTER_BOUND ( 'NONE', #4328, .T. ) ;
#208 = SURFACE_SIDE_STYLE ('',( #6577 ) ) ;
#209 = EDGE_CURVE ( 'NONE', #915, #6408, #2599, .T. ) ;
#210 = LINE ( 'NONE', #8153, #8374 ) ;
#211 = VECTOR ( 'NONE', #7993, 1000.000000000000000 ) ;
#212 = UNCERTAINTY_MEASURE_WITH_UNIT (LENGTH_MEASURE( 1.000000000000000082E-05 ), #4727, 'distance_accuracy_value', 'NONE');
#213 =( GEOMETRIC_REPRESENTATION_CONTEXT ( 3 ) GLOBAL_UNCERTAINTY_ASSIGNED_CONTEXT ( ( #3670 ) ) GLOBAL_UNIT_ASSIGNED_CONTEXT ( ( #2825, #657, #5124 ) ) REPRESENTATION_CONTEXT ( 'NONE', 'WORKASPACE' ) );
#214 = PLANE ( 'NONE',  #3044 ) ;
#215 = ORIENTED_EDGE ( 'NONE', *, *, #8549, .T. ) ;
#216 = FILL_AREA_STYLE ('',( #5724 ) ) ;
#217 = VERTEX_POINT ( 'NONE', #464 ) ;
#218 = ORIENTED_EDGE ( 'NONE', *, *, #3695, .F. ) ;
#219 = EDGE_CURVE ( 'NONE', #9009, #4895, #9154, .T. ) ;
#220 = CARTESIAN_POINT ( 'NONE',  ( 0.1350000000000003419, 0.2000000000000000111, -2.001999999999999780 ) ) ;
#221 = STYLED_ITEM ( 'NONE', ( #1175 ), #8149 ) ;
#222 = DIRECTION ( 'NONE',  ( 0.0000000000000000000, 0.0000000000000000000, 1.000000000000000000 ) ) ;
#223 = ORIENTED_EDGE ( 'NONE', *, *, #1275, .F. ) ;
#224 = FILL_AREA_STYLE ('',( #3634 ) ) ;
#225 = SURFACE_SIDE_STYLE ('',( #7935 ) ) ;
#226 =( GEOMETRIC_REPRESENTATION_CONTEXT ( 3 ) GLOBAL_UNCERTAINTY_ASSIGNED_CONTEXT ( ( #5485 ) ) GLOBAL_UNIT_ASSIGNED_CONTEXT ( ( #5327, #7457, #5195 ) ) REPRESENTATION_CONTEXT ( 'NONE', 'WORKASPACE' ) );
#227 = ORIENTED_EDGE ( 'NONE', *, *, #5515, .F. ) ;
#228 = DIRECTION ( 'NONE',  ( 0.0000000000000000000, 0.0000000000000000000, 1.000000000000000000 ) ) ;
#229 = SURFACE_STYLE_FILL_AREA ( #935 ) ;
#230 = COLOUR_RGB ( '',1.000000000000000000, 1.000000000000000000, 1.000000000000000000 ) ;
#231 = FACE_OUTER_BOUND ( 'NONE', #3136, .T. ) ;
#232 = SURFACE_STYLE_FILL_AREA ( #4419 ) ;
#233 = PRESENTATION_STYLE_ASSIGNMENT (( #8731 ) ) ;
#234 =( NAMED_UNIT ( * ) SI_UNIT ( $, .STERADIAN. ) SOLID_ANGLE_UNIT ( ) );
#235 = MECHANICAL_DESIGN_GEOMETRIC_PRESENTATION_REPRESENTATION (  '', ( #7050 ), #77 ) ;
#236 = SURFACE_SIDE_STYLE ('',( #2456 ) ) ;
#237 = VECTOR ( 'NONE', #5360, 1000.000000000000000 ) ;
#238 = MANIFOLD_SOLID_BREP ( 'Cut-Extrude1', #5008 ) ;
#239 = DIRECTION ( 'NONE',  ( -0.0000000000000000000, -0.0000000000000000000, -1.000000000000000000 ) ) ;
#240 = VERTEX_POINT ( 'NONE', #8435 ) ;
#241 = SURFACE_STYLE_USAGE ( .BOTH. , #1580 ) ;
#242 = SURFACE_SIDE_STYLE ('',( #7994 ) ) ;
#243 = VECTOR ( 'NONE', #2921, 1000.000000000000000 ) ;
#244 = PRESENTATION_STYLE_ASSIGNMENT (( #6616 ) ) ;
#245 = CARTESIAN_POINT ( 'NONE',  ( -1.364999999999999547, 0.002499999999999955383, 1.600000000000000089 ) ) ;
#246 = DIRECTION ( 'NONE',  ( -1.000000000000000000, -0.0000000000000000000, -0.0000000000000000000 ) ) ;
#247 = ORIENTED_EDGE ( 'NONE', *, *, #2469, .T. ) ;
#248 = SURFACE_SIDE_STYLE ('',( #2384 ) ) ;
#249 = CARTESIAN_POINT ( 'NONE',  ( 2.000000000000000000, 0.0000000000000000000, -0.6350000000000000089 ) ) ;
#250 = EDGE_CURVE ( 'NONE', #4734, #634, #5596, .T. ) ;
#251 = ORIENTED_EDGE ( 'NONE', *, *, #6938, .F. ) ;
#252 = LINE ( 'NONE', #8655, #8067 ) ;
#253 = DIRECTION ( 'NONE',  ( -1.000000000000000000, 0.0000000000000000000, 0.0000000000000000000 ) ) ;
#254 =( LENGTH_UNIT ( ) NAMED_UNIT ( * ) SI_UNIT ( .MILLI., .METRE. ) );
#255 = COLOUR_RGB ( '',0.2509803921568627416, 0.2509803921568627416, 0.2509803921568627416 ) ;
#256 = STYLED_ITEM ( 'NONE', ( #2475 ), #5128 ) ;
#257 = VERTEX_POINT ( 'NONE', #5511 ) ;
#258 = LINE ( 'NONE', #5826, #4503 ) ;
#259 =( LENGTH_UNIT ( ) NAMED_UNIT ( * ) SI_UNIT ( .MILLI., .METRE. ) );
#260 = EDGE_CURVE ( 'NONE', #7267, #2393, #3504, .T. ) ;
#261 = ORIENTED_EDGE ( 'NONE', *, *, #9044, .T. ) ;
#262 =( LENGTH_UNIT ( ) NAMED_UNIT ( * ) SI_UNIT ( .MILLI., .METRE. ) );
#263 =( NAMED_UNIT ( * ) SI_UNIT ( $, .STERADIAN. ) SOLID_ANGLE_UNIT ( ) );
#264 =( LENGTH_UNIT ( ) NAMED_UNIT ( * ) SI_UNIT ( .MILLI., .METRE. ) );
#265 = LINE ( 'NONE', #5885, #5687 ) ;
#266 = LINE ( 'NONE', #316, #2525 ) ;
#267 = EDGE_LOOP ( 'NONE', ( #1508, #3119, #5975, #4552, #1383, #3356 ) ) ;
#268 = EDGE_CURVE ( 'NONE', #861, #588, #7094, .T. ) ;
#269 = EDGE_LOOP ( 'NONE', ( #5770, #1976, #6354, #1329, #4241, #8568, #4979, #6284, #5330, #653, #5145, #4118, #3963, #2545, #1894, #5993, #6186, #7350, #5912, #5099, #3003, #8966, #772, #6817, #1939, #8607, #2993, #94 ) ) ;
#270 = LINE ( 'NONE', #5113, #5040 ) ;
#271 = CARTESIAN_POINT ( 'NONE',  ( 0.1350000000000003419, 0.002500000000000000052, 2.000000000000000000 ) ) ;
#272 = LINE ( 'NONE', #1802, #1013 ) ;
#273 = SURFACE_STYLE_USAGE ( .BOTH. , #6647 ) ;
#274 = SURFACE_STYLE_USAGE ( .BOTH. , #4605 ) ;
#275 =( LENGTH_UNIT ( ) NAMED_UNIT ( * ) SI_UNIT ( .MILLI., .METRE. ) );
#276 = FACE_BOUND ( 'NONE', #8559, .T. ) ;
#277 = ORIENTED_EDGE ( 'NONE', *, *, #4630, .T. ) ;
#278 = AXIS2_PLACEMENT_3D ( 'NONE', #4131, #7687, #4169 ) ;
#279 = UNCERTAINTY_MEASURE_WITH_UNIT (LENGTH_MEASURE( 1.000000000000000082E-05 ), #6194, 'distance_accuracy_value', 'NONE');
#280 = FILL_AREA_STYLE_COLOUR ( '', #7254 ) ;
#281 = EDGE_CURVE ( 'NONE', #5784, #6775, #7842, .T. ) ;
#282 = ORIENTED_EDGE ( 'NONE', *, *, #2672, .T. ) ;
#283 =( NAMED_UNIT ( * ) PLANE_ANGLE_UNIT ( ) SI_UNIT ( $, .RADIAN. ) );
#284 = PRESENTATION_STYLE_ASSIGNMENT (( #3233 ) ) ;
#285 = CARTESIAN_POINT ( 'NONE',  ( -2.000000000000000000, 0.002500000000000000052, 0.8649999999999999911 ) ) ;
#286 =( GEOMETRIC_REPRESENTATION_CONTEXT ( 3 ) GLOBAL_UNCERTAINTY_ASSIGNED_CONTEXT ( ( #1530 ) ) GLOBAL_UNIT_ASSIGNED_CONTEXT ( ( #1916, #3987, #1778 ) ) REPRESENTATION_CONTEXT ( 'NONE', 'WORKASPACE' ) );
#287 =( GEOMETRIC_REPRESENTATION_CONTEXT ( 3 ) GLOBAL_UNCERTAINTY_ASSIGNED_CONTEXT ( ( #7348 ) ) GLOBAL_UNIT_ASSIGNED_CONTEXT ( ( #510, #6041, #4790 ) ) REPRESENTATION_CONTEXT ( 'NONE', 'WORKASPACE' ) );
#288 =( NAMED_UNIT ( * ) SI_UNIT ( $, .STERADIAN. ) SOLID_ANGLE_UNIT ( ) );
#289 = DIRECTION ( 'NONE',  ( -1.000000000000000000, 0.0000000000000000000, -2.710505431213761578E-16 ) ) ;
#290 = CARTESIAN_POINT ( 'NONE',  ( 1.365000000000000435, 0.2000000000000000389, -2.001999999999999780 ) ) ;
#291 = ORIENTED_EDGE ( 'NONE', *, *, #8314, .T. ) ;
#292 = UNCERTAINTY_MEASURE_WITH_UNIT (LENGTH_MEASURE( 1.000000000000000082E-05 ), #456, 'distance_accuracy_value', 'NONE');
#293 = VECTOR ( 'NONE', #2416, 1000.000000000000000 ) ;
#294 = DIRECTION ( 'NONE',  ( 0.0000000000000000000, 1.000000000000000000, 0.0000000000000000000 ) ) ;
#295 = DIRECTION ( 'NONE',  ( 1.000000000000000000, 0.0000000000000000000, 0.0000000000000000000 ) ) ;
#296 = STYLED_ITEM ( 'NONE', ( #7280 ), #441 ) ;
#297 = FILL_AREA_STYLE_COLOUR ( '', #7318 ) ;
#298 = DIRECTION ( 'NONE',  ( 1.000000000000000000, 0.0000000000000000000, 0.0000000000000000000 ) ) ;
#299 = LINE ( 'NONE', #1694, #237 ) ;
#300 = EDGE_CURVE ( 'NONE', #6257, #1196, #2226, .T. ) ;
#301 = COLOUR_RGB ( '',1.000000000000000000, 1.000000000000000000, 1.000000000000000000 ) ;
#302 = PRESENTATION_STYLE_ASSIGNMENT (( #7356 ) ) ;
#303 = DIRECTION ( 'NONE',  ( -0.0000000000000000000, -0.0000000000000000000, 1.000000000000000000 ) ) ;
#304 = UNCERTAINTY_MEASURE_WITH_UNIT (LENGTH_MEASURE( 1.000000000000000082E-05 ), #5521, 'distance_accuracy_value', 'NONE');
#305 = FILL_AREA_STYLE_COLOUR ( '', #1737 ) ;
#306 = ORIENTED_EDGE ( 'NONE', *, *, #3907, .F. ) ;
#307 = DIRECTION ( 'NONE',  ( 0.0000000000000000000, 1.000000000000000000, 0.0000000000000000000 ) ) ;
#308 = VECTOR ( 'NONE', #2245, 1000.000000000000000 ) ;
#309 = CARTESIAN_POINT ( 'NONE',  ( -1.364999999999999769, -4.470451666064363791E-17, 2.000000000000000000 ) ) ;
#310 = MECHANICAL_DESIGN_GEOMETRIC_PRESENTATION_REPRESENTATION (  '', ( #1062 ), #7570 ) ;
#311 = CARTESIAN_POINT ( 'NONE',  ( 2.000000000000000000, 0.002500000000000000052, 1.365000000000000213 ) ) ;
#312 = EDGE_CURVE ( 'NONE', #4567, #6638, #9111, .T. ) ;
#313 = CARTESIAN_POINT ( 'NONE',  ( -2.000000000000000000, 0.0000000000000000000, 0.3649999999999999911 ) ) ;
#314 = EDGE_CURVE ( 'NONE', #1722, #317, #8533, .T. ) ;
#315 = DIRECTION ( 'NONE',  ( -0.0000000000000000000, -1.000000000000000000, -0.0000000000000000000 ) ) ;
#316 = CARTESIAN_POINT ( 'NONE',  ( 2.000000000000000000, 0.002500000000000000052, -1.135000000000000009 ) ) ;
#317 = VERTEX_POINT ( 'NONE', #2129 ) ;
#318 = CARTESIAN_POINT ( 'NONE',  ( 2.000000000000000000, 0.2024999999999999856, -0.8650000000000001021 ) ) ;
#319 =( NAMED_UNIT ( * ) PLANE_ANGLE_UNIT ( ) SI_UNIT ( $, .RADIAN. ) );
#320 = PRESENTATION_LAYER_ASSIGNMENT (  '', '', ( #5942 ) ) ;
#321 = ORIENTED_EDGE ( 'NONE', *, *, #3063, .F. ) ;
#322 = VERTEX_POINT ( 'NONE', #4923 ) ;
#323 = ORIENTED_EDGE ( 'NONE', *, *, #696, .F. ) ;
#324 = CARTESIAN_POINT ( 'NONE',  ( -0.1349999999999995925, -1.490150555354787828E-17, 1.600000000000000089 ) ) ;
#325 = PLANE ( 'NONE',  #2659 ) ;
#326 = FACE_OUTER_BOUND ( 'NONE', #6274, .T. ) ;
#327 = SURFACE_STYLE_FILL_AREA ( #5933 ) ;
#328 = EDGE_CURVE ( 'NONE', #1471, #1722, #4141, .T. ) ;
#329 = PRESENTATION_STYLE_ASSIGNMENT (( #8084 ) ) ;
#330 =( NAMED_UNIT ( * ) PLANE_ANGLE_UNIT ( ) SI_UNIT ( $, .RADIAN. ) );
#331 = EDGE_CURVE ( 'NONE', #2728, #2631, #6311, .T. ) ;
#332 = CARTESIAN_POINT ( 'NONE',  ( 1.250000000000000222, 0.002500000000000000052, -1.249999999999999778 ) ) ;
#333 = FILL_AREA_STYLE ('',( #8039 ) ) ;
#334 = VERTEX_POINT ( 'NONE', #7663 ) ;
#335 = DIRECTION ( 'NONE',  ( 0.0000000000000000000, -1.000000000000000000, 0.0000000000000000000 ) ) ;
#336 = ORIENTED_EDGE ( 'NONE', *, *, #7790, .T. ) ;
#337 = SURFACE_STYLE_FILL_AREA ( #7380 ) ;
#338 = CARTESIAN_POINT ( 'NONE',  ( -0.6349999999999995648, 0.002499999999999970562, 2.000000000000000000 ) ) ;
#339 = VECTOR ( 'NONE', #5419, 1000.000000000000000 ) ;
#340 = CARTESIAN_POINT ( 'NONE',  ( -2.000000000000000000, 0.0000000000000000000, 0.6350000000000000089 ) ) ;
#341 = STYLED_ITEM ( 'NONE', ( #8994 ), #2682 ) ;
#342 = CARTESIAN_POINT ( 'NONE',  ( 1.365000000000000435, 0.2000000000000000389, 2.000000000000000000 ) ) ;
#343 = EDGE_CURVE ( 'NONE', #7651, #4575, #2044, .T. ) ;
#344 = FILL_AREA_STYLE_COLOUR ( '', #1093 ) ;
#345 = AXIS2_PLACEMENT_3D ( 'NONE', #1381, #4068, #514 ) ;
#346 = DIRECTION ( 'NONE',  ( -0.0000000000000000000, -0.0000000000000000000, -1.000000000000000000 ) ) ;
#347 = VERTEX_POINT ( 'NONE', #7697 ) ;
#348 = VECTOR ( 'NONE', #1071, 1000.000000000000000 ) ;
#349 = DIRECTION ( 'NONE',  ( 0.0000000000000000000, 0.0000000000000000000, -1.000000000000000000 ) ) ;
#350 = CARTESIAN_POINT ( 'NONE',  ( 2.000000000000000000, 0.9000000000000000222, -2.000000000000000000 ) ) ;
#351 = ORIENTED_EDGE ( 'NONE', *, *, #8368, .F. ) ;
#352 = DIRECTION ( 'NONE',  ( 0.0000000000000000000, -0.0000000000000000000, -1.000000000000000000 ) ) ;
#353 = COLOUR_RGB ( '',1.000000000000000000, 1.000000000000000000, 1.000000000000000000 ) ;
#354 = DIRECTION ( 'NONE',  ( 0.0000000000000000000, 0.0000000000000000000, -1.000000000000000000 ) ) ;
#355 = CARTESIAN_POINT ( 'NONE',  ( -2.000000000000000000, 0.2024999999999999856, 1.134999999999999787 ) ) ;
#356 = STYLED_ITEM ( 'NONE', ( #1209 ), #3284 ) ;
#357 = PRESENTATION_STYLE_ASSIGNMENT (( #5278 ) ) ;
#358 =( NAMED_UNIT ( * ) SI_UNIT ( $, .STERADIAN. ) SOLID_ANGLE_UNIT ( ) );
#359 = SURFACE_SIDE_STYLE ('',( #872 ) ) ;
#360 = ORIENTED_EDGE ( 'NONE', *, *, #4814, .F. ) ;
#361 = CARTESIAN_POINT ( 'NONE',  ( -1.134999999999999787, 0.002499999999999995715, -2.000000000000000000 ) ) ;
#362 = DIRECTION ( 'NONE',  ( -0.0000000000000000000, -0.0000000000000000000, 1.000000000000000000 ) ) ;
#363 = MECHANICAL_DESIGN_GEOMETRIC_PRESENTATION_REPRESENTATION (  '', ( #7028 ), #5531 ) ;
#364 = LINE ( 'NONE', #8720, #6893 ) ;
#365 = DIRECTION ( 'NONE',  ( 0.0000000000000000000, -0.0000000000000000000, 1.000000000000000000 ) ) ;
#366 = VERTEX_POINT ( 'NONE', #3454 ) ;
#367 = CARTESIAN_POINT ( 'NONE',  ( -0.1349999999999995925, -1.490150555354787828E-17, -2.001999999999999780 ) ) ;
#368 = VERTEX_POINT ( 'NONE', #2960 ) ;
#369 = ORIENTED_EDGE ( 'NONE', *, *, #4764, .F. ) ;
#370 = ORIENTED_EDGE ( 'NONE', *, *, #2616, .T. ) ;
#371 = MECHANICAL_DESIGN_GEOMETRIC_PRESENTATION_REPRESENTATION (  '', ( #1593 ), #4088 ) ;
#372 = FILL_AREA_STYLE_COLOUR ( '', #4893 ) ;
#373 =( NAMED_UNIT ( * ) PLANE_ANGLE_UNIT ( ) SI_UNIT ( $, .RADIAN. ) );
#374 = VECTOR ( 'NONE', #7978, 1000.000000000000000 ) ;
#375 = CARTESIAN_POINT ( 'NONE',  ( 1.365000000000000435, 0.2000000000000000944, -2.000000000000000000 ) ) ;
#376 = PRESENTATION_STYLE_ASSIGNMENT (( #4607 ) ) ;
#377 = DIRECTION ( 'NONE',  ( -1.000000000000000000, -0.0000000000000000000, -0.0000000000000000000 ) ) ;
#378 = STYLED_ITEM ( 'NONE', ( #4693 ), #4704 ) ;
#379 = CARTESIAN_POINT ( 'NONE',  ( -2.000000000000000000, 0.2025000000000000133, 0.1349999999999998701 ) ) ;
#380 = ORIENTED_EDGE ( 'NONE', *, *, #2522, .T. ) ;
#381 = DIRECTION ( 'NONE',  ( 0.0000000000000000000, -0.0000000000000000000, -1.000000000000000000 ) ) ;
#382 =( NAMED_UNIT ( * ) PLANE_ANGLE_UNIT ( ) SI_UNIT ( $, .RADIAN. ) );
#383 = EDGE_CURVE ( 'NONE', #979, #8419, #7887, .T. ) ;
#384 =( NAMED_UNIT ( * ) SI_UNIT ( $, .STERADIAN. ) SOLID_ANGLE_UNIT ( ) );
#385 = FILL_AREA_STYLE_COLOUR ( '', #1439 ) ;
#386 = EDGE_CURVE ( 'NONE', #2374, #6864, #270, .T. ) ;
#387 = CARTESIAN_POINT ( 'NONE',  ( -1.364999999999999547, 0.002499999999999995715, -1.600000000000000089 ) ) ;
#388 = FILL_AREA_STYLE ('',( #7487 ) ) ;
#389 = VECTOR ( 'NONE', #3066, 1000.000000000000000 ) ;
#390 = CARTESIAN_POINT ( 'NONE',  ( 2.000000000000000000, 0.002500000000000000052, 0.1350000000000000366 ) ) ;
#391 = UNCERTAINTY_MEASURE_WITH_UNIT (LENGTH_MEASURE( 1.000000000000000082E-05 ), #1272, 'distance_accuracy_value', 'NONE');
#392 = UNCERTAINTY_MEASURE_WITH_UNIT (LENGTH_MEASURE( 1.000000000000000082E-05 ), #5351, 'distance_accuracy_value', 'NONE');
#393 = LINE ( 'NONE', #3381, #1226 ) ;
#394 = DIRECTION ( 'NONE',  ( 1.000000000000000000, 0.0000000000000000000, 0.0000000000000000000 ) ) ;
#395 = EDGE_CURVE ( 'NONE', #5976, #2679, #2450, .T. ) ;
#396 = ORIENTED_EDGE ( 'NONE', *, *, #5818, .T. ) ;
#397 =( GEOMETRIC_REPRESENTATION_CONTEXT ( 3 ) GLOBAL_UNCERTAINTY_ASSIGNED_CONTEXT ( ( #8574 ) ) GLOBAL_UNIT_ASSIGNED_CONTEXT ( ( #1116, #4763, #1168 ) ) REPRESENTATION_CONTEXT ( 'NONE', 'WORKASPACE' ) );
#398 = SURFACE_STYLE_USAGE ( .BOTH. , #6136 ) ;
#399 = STYLED_ITEM ( 'NONE', ( #1389 ), #8764 ) ;
#400 = PLANE ( 'NONE',  #1518 ) ;
#401 = FILL_AREA_STYLE ('',( #6768 ) ) ;
#402 = UNCERTAINTY_MEASURE_WITH_UNIT (LENGTH_MEASURE( 1.000000000000000082E-05 ), #2971, 'distance_accuracy_value', 'NONE');
#403 = SURFACE_STYLE_USAGE ( .BOTH. , #3147 ) ;
#404 = EDGE_CURVE ( 'NONE', #2947, #7999, #175, .T. ) ;
#405 = ORIENTED_EDGE ( 'NONE', *, *, #2835, .F. ) ;
#406 = PLANE ( 'NONE',  #1410 ) ;
#407 = PLANE ( 'NONE',  #8413 ) ;
#408 = STYLED_ITEM ( 'NONE', ( #23 ), #9114 ) ;
#409 =( GEOMETRIC_REPRESENTATION_CONTEXT ( 3 ) GLOBAL_UNCERTAINTY_ASSIGNED_CONTEXT ( ( #8012 ) ) GLOBAL_UNIT_ASSIGNED_CONTEXT ( ( #8485, #1474, #1567 ) ) REPRESENTATION_CONTEXT ( 'NONE', 'WORKASPACE' ) );
#410 = LINE ( 'NONE', #4638, #178 ) ;
#411 =( NAMED_UNIT ( * ) PLANE_ANGLE_UNIT ( ) SI_UNIT ( $, .RADIAN. ) );
#412 = ORIENTED_EDGE ( 'NONE', *, *, #8217, .T. ) ;
#413 = EDGE_LOOP ( 'NONE', ( #578, #7982, #8305, #5929 ) ) ;
#414 = ORIENTED_EDGE ( 'NONE', *, *, #6214, .F. ) ;
#415 = DIRECTION ( 'NONE',  ( 1.000000000000000000, 0.0000000000000000000, -0.0000000000000000000 ) ) ;
#416 = DIRECTION ( 'NONE',  ( -0.0000000000000000000, -1.000000000000000000, -0.0000000000000000000 ) ) ;
#417 = CARTESIAN_POINT ( 'NONE',  ( 1.600000000000000089, 0.002500000000000000052, 0.6349999999999998979 ) ) ;
#418 = PLANE ( 'NONE',  #5960 ) ;
#419 =( NAMED_UNIT ( * ) SI_UNIT ( $, .STERADIAN. ) SOLID_ANGLE_UNIT ( ) );
#420 = DIRECTION ( 'NONE',  ( -1.000000000000000000, 0.0000000000000000000, -0.0000000000000000000 ) ) ;
#421 = ORIENTED_EDGE ( 'NONE', *, *, #4193, .T. ) ;
#422 =( LENGTH_UNIT ( ) NAMED_UNIT ( * ) SI_UNIT ( .MILLI., .METRE. ) );
#423 = EDGE_LOOP ( 'NONE', ( #2449, #4356, #2627, #4505 ) ) ;
#424 =( LENGTH_UNIT ( ) NAMED_UNIT ( * ) SI_UNIT ( .MILLI., .METRE. ) );
#425 = EDGE_CURVE ( 'NONE', #4699, #7914, #3736, .T. ) ;
#426 = COLOUR_RGB ( '',0.2509803921568627416, 0.2509803921568627416, 0.2509803921568627416 ) ;
#427 = CARTESIAN_POINT ( 'NONE',  ( 2.000000000000000000, 0.2025000000000000133, 1.364999999999999991 ) ) ;
#428 = VERTEX_POINT ( 'NONE', #7941 ) ;
#429 = DIRECTION ( 'NONE',  ( 0.0000000000000000000, -0.0000000000000000000, 1.000000000000000000 ) ) ;
#430 = VECTOR ( 'NONE', #3152, 1000.000000000000000 ) ;
#431 = COLOUR_RGB ( '',1.000000000000000000, 1.000000000000000000, 1.000000000000000000 ) ;
#432 = LINE ( 'NONE', #3295, #6417 ) ;
#433 = ADVANCED_FACE ( 'NONE', ( #4510 ), #5785, .F. ) ;
#434 = VECTOR ( 'NONE', #7899, 1000.000000000000000 ) ;
#435 = EDGE_CURVE ( 'NONE', #8381, #8106, #8584, .T. ) ;
#436 = VERTEX_POINT ( 'NONE', #5842 ) ;
#437 = DIRECTION ( 'NONE',  ( 0.0000000000000000000, 0.0000000000000000000, 1.000000000000000000 ) ) ;
#438 =( NAMED_UNIT ( * ) PLANE_ANGLE_UNIT ( ) SI_UNIT ( $, .RADIAN. ) );
#439 = MECHANICAL_DESIGN_GEOMETRIC_PRESENTATION_REPRESENTATION (  '', ( #903 ), #742 ) ;
#440 =( NAMED_UNIT ( * ) PLANE_ANGLE_UNIT ( ) SI_UNIT ( $, .RADIAN. ) );
#441 = ADVANCED_FACE ( 'NONE', ( #5160 ), #3639, .T. ) ;
#442 = SURFACE_STYLE_FILL_AREA ( #8163 ) ;
#443 = VECTOR ( 'NONE', #2075, 1000.000000000000000 ) ;
#444 = FILL_AREA_STYLE_COLOUR ( '', #4382 ) ;
#445 = SURFACE_STYLE_FILL_AREA ( #8285 ) ;
#446 = ORIENTED_EDGE ( 'NONE', *, *, #7007, .T. ) ;
#447 = VECTOR ( 'NONE', #4939, 1000.000000000000000 ) ;
#448 = DIRECTION ( 'NONE',  ( 1.000000000000000000, 0.0000000000000000000, 0.0000000000000000000 ) ) ;
#449 = DIRECTION ( 'NONE',  ( -2.710505431213761578E-16, 0.0000000000000000000, 1.000000000000000000 ) ) ;
#450 = ORIENTED_EDGE ( 'NONE', *, *, #636, .T. ) ;
#451 = ORIENTED_EDGE ( 'NONE', *, *, #5756, .F. ) ;
#452 = COLOUR_RGB ( '',1.000000000000000000, 1.000000000000000000, 1.000000000000000000 ) ;
#453 = CARTESIAN_POINT ( 'NONE',  ( -2.001999999999999780, 0.002500000000000000052, 0.8649999999999998801 ) ) ;
#454 = FILL_AREA_STYLE ('',( #1141 ) ) ;
#455 = COLOUR_RGB ( '',1.000000000000000000, 1.000000000000000000, 1.000000000000000000 ) ;
#456 =( LENGTH_UNIT ( ) NAMED_UNIT ( * ) SI_UNIT ( .MILLI., .METRE. ) );
#457 = FACE_OUTER_BOUND ( 'NONE', #7234, .T. ) ;
#458 = CARTESIAN_POINT ( 'NONE',  ( -2.001999999999999780, 0.2025000000000000133, -0.8650000000000001021 ) ) ;
#459 = COLOUR_RGB ( '',1.000000000000000000, 1.000000000000000000, 1.000000000000000000 ) ;
#460 = CARTESIAN_POINT ( 'NONE',  ( 1.135000000000000453, 2.980301110709575655E-17, -2.001999999999999780 ) ) ;
#461 = EDGE_LOOP ( 'NONE', ( #8414, #6985, #5496, #41 ) ) ;
#462 = STYLED_ITEM ( 'NONE', ( #7153 ), #1954 ) ;
#463 =( NAMED_UNIT ( * ) SI_UNIT ( $, .STERADIAN. ) SOLID_ANGLE_UNIT ( ) );
#464 = CARTESIAN_POINT ( 'NONE',  ( 2.001999999999999780, 0.2025000000000000133, -0.1350000000000001477 ) ) ;
#465 = CARTESIAN_POINT ( 'NONE',  ( -0.3649999999999995470, 0.002499999999999998317, -1.600000000000000089 ) ) ;
#466 = AXIS2_PLACEMENT_3D ( 'NONE', #728, #2949, #7045 ) ;
#467 = SURFACE_STYLE_FILL_AREA ( #3412 ) ;
#468 = LINE ( 'NONE', #4881, #4474 ) ;
#469 = STYLED_ITEM ( 'NONE', ( #1895 ), #2482 ) ;
#470 = LINE ( 'NONE', #1334, #5987 ) ;
#471 = LINE ( 'NONE', #6802, #6666 ) ;
#472 = PRESENTATION_LAYER_ASSIGNMENT (  '', '', ( #8194 ) ) ;
#473 = ORIENTED_EDGE ( 'NONE', *, *, #1550, .T. ) ;
#474 = CARTESIAN_POINT ( 'NONE',  ( -2.000000000000000000, 0.002500000000000000052, 2.000000000000000000 ) ) ;
#475 = PLANE ( 'NONE',  #6444 ) ;
#476 = VECTOR ( 'NONE', #3655, 1000.000000000000000 ) ;
#477 = EDGE_CURVE ( 'NONE', #624, #6676, #8079, .T. ) ;
#478 = EDGE_CURVE ( 'NONE', #1687, #6006, #2507, .T. ) ;
#479 = CARTESIAN_POINT ( 'NONE',  ( 2.000000000000000000, 0.2025000000000000133, 0.3649999999999998801 ) ) ;
#480 = VECTOR ( 'NONE', #2594, 1000.000000000000000 ) ;
#481 = DIRECTION ( 'NONE',  ( -1.000000000000000000, 0.0000000000000000000, -0.0000000000000000000 ) ) ;
#482 =( GEOMETRIC_REPRESENTATION_CONTEXT ( 3 ) GLOBAL_UNCERTAINTY_ASSIGNED_CONTEXT ( ( #7825 ) ) GLOBAL_UNIT_ASSIGNED_CONTEXT ( ( #5800, #1633, #2419 ) ) REPRESENTATION_CONTEXT ( 'NONE', 'WORKASPACE' ) );
#483 = UNCERTAINTY_MEASURE_WITH_UNIT (LENGTH_MEASURE( 1.000000000000000082E-05 ), #1584, 'distance_accuracy_value', 'NONE');
#484 = CARTESIAN_POINT ( 'NONE',  ( 2.000000000000000000, 0.2025000000000000133, 1.135000000000000009 ) ) ;
#485 = STYLED_ITEM ( 'NONE', ( #6915 ), #6517 ) ;
#486 = PRESENTATION_STYLE_ASSIGNMENT (( #8901 ) ) ;
#487 =( LENGTH_UNIT ( ) NAMED_UNIT ( * ) SI_UNIT ( .MILLI., .METRE. ) );
#488 = ADVANCED_FACE ( 'NONE', ( #6158 ), #7372, .F. ) ;
#489 = VECTOR ( 'NONE', #5913, 1000.000000000000000 ) ;
#490 = FACE_OUTER_BOUND ( 'NONE', #4543, .T. ) ;
#491 = MECHANICAL_DESIGN_GEOMETRIC_PRESENTATION_REPRESENTATION (  '', ( #4509 ), #1565 ) ;
#492 =( LENGTH_UNIT ( ) NAMED_UNIT ( * ) SI_UNIT ( .MILLI., .METRE. ) );
#493 =( GEOMETRIC_REPRESENTATION_CONTEXT ( 3 ) GLOBAL_UNCERTAINTY_ASSIGNED_CONTEXT ( ( #8840 ) ) GLOBAL_UNIT_ASSIGNED_CONTEXT ( ( #3105, #4437, #916 ) ) REPRESENTATION_CONTEXT ( 'NONE', 'WORKASPACE' ) );
#494 = VECTOR ( 'NONE', #6718, 1000.000000000000000 ) ;
#495 = VERTEX_POINT ( 'NONE', #3876 ) ;
#496 = ORIENTED_EDGE ( 'NONE', *, *, #8048, .T. ) ;
#497 = VECTOR ( 'NONE', #8541, 1000.000000000000000 ) ;
#499 = EDGE_CURVE ( 'NONE', #8874, #2756, #5290, .T. ) ;
#498 = EDGE_LOOP ( 'NONE', ( #2830, #2798, #1357, #116 ) ) ;
#500 = CARTESIAN_POINT ( 'NONE',  ( -2.000000000000000000, 0.2025000000000000133, -0.3650000000000001577 ) ) ;
#501 = VECTOR ( 'NONE', #1386, 1000.000000000000000 ) ;
#502 = PRESENTATION_LAYER_ASSIGNMENT (  '', '', ( #6437 ) ) ;
#503 = FILL_AREA_STYLE_COLOUR ( '', #5226 ) ;
#504 =( NAMED_UNIT ( * ) PLANE_ANGLE_UNIT ( ) SI_UNIT ( $, .RADIAN. ) );
#505 = VECTOR ( 'NONE', #35, 1000.000000000000000 ) ;
#506 =( NAMED_UNIT ( * ) PLANE_ANGLE_UNIT ( ) SI_UNIT ( $, .RADIAN. ) );
#507 = ORIENTED_EDGE ( 'NONE', *, *, #3566, .F. ) ;
#508 = DIRECTION ( 'NONE',  ( -1.000000000000000000, -0.0000000000000000000, 4.065758146820642614E-16 ) ) ;
#509 = ORIENTED_EDGE ( 'NONE', *, *, #1708, .F. ) ;
#510 =( LENGTH_UNIT ( ) NAMED_UNIT ( * ) SI_UNIT ( .MILLI., .METRE. ) );
#511 = CARTESIAN_POINT ( 'NONE',  ( -0.6349999999999995648, 0.1999999999999999833, 2.000000000000000000 ) ) ;
#512 = FILL_AREA_STYLE ('',( #4017 ) ) ;
#513 = VECTOR ( 'NONE', #8463, 1000.000000000000000 ) ;
#514 = DIRECTION ( 'NONE',  ( -0.0000000000000000000, 0.0000000000000000000, -1.000000000000000000 ) ) ;
#515 = CARTESIAN_POINT ( 'NONE',  ( 2.001999999999999780, 0.2025000000000000133, 0.8649999999999998801 ) ) ;
#516 = STYLED_ITEM ( 'NONE', ( #892 ), #8431 ) ;
#517 = LINE ( 'NONE', #427, #2692 ) ;
#518 = ORIENTED_EDGE ( 'NONE', *, *, #5421, .F. ) ;
#519 =( GEOMETRIC_REPRESENTATION_CONTEXT ( 3 ) GLOBAL_UNCERTAINTY_ASSIGNED_CONTEXT ( ( #6233 ) ) GLOBAL_UNIT_ASSIGNED_CONTEXT ( ( #1166, #3253, #6934 ) ) REPRESENTATION_CONTEXT ( 'NONE', 'WORKASPACE' ) );
#520 = DIRECTION ( 'NONE',  ( 1.000000000000000000, -0.0000000000000000000, 0.0000000000000000000 ) ) ;
#521 = DIRECTION ( 'NONE',  ( 1.000000000000000000, 0.0000000000000000000, 0.0000000000000000000 ) ) ;
#522 = AXIS2_PLACEMENT_3D ( 'NONE', #1964, #6230, #1342 ) ;
#523 = DIRECTION ( 'NONE',  ( -0.0000000000000000000, -0.0000000000000000000, 1.000000000000000000 ) ) ;
#524 = FILL_AREA_STYLE ('',( #8197 ) ) ;
#525 = EDGE_CURVE ( 'NONE', #2193, #7886, #4650, .T. ) ;
#526 =( GEOMETRIC_REPRESENTATION_CONTEXT ( 3 ) GLOBAL_UNCERTAINTY_ASSIGNED_CONTEXT ( ( #5501 ) ) GLOBAL_UNIT_ASSIGNED_CONTEXT ( ( #2038, #4782, #6997 ) ) REPRESENTATION_CONTEXT ( 'NONE', 'WORKASPACE' ) );
#527 = PRESENTATION_STYLE_ASSIGNMENT (( #7676 ) ) ;
#528 = VERTEX_POINT ( 'NONE', #1137 ) ;
#529 = PRESENTATION_STYLE_ASSIGNMENT (( #4811 ) ) ;
#530 =( NAMED_UNIT ( * ) PLANE_ANGLE_UNIT ( ) SI_UNIT ( $, .RADIAN. ) );
#531 = DIRECTION ( 'NONE',  ( 0.0000000000000000000, 0.0000000000000000000, 1.000000000000000000 ) ) ;
#532 = FACE_OUTER_BOUND ( 'NONE', #6448, .T. ) ;
#533 = SURFACE_STYLE_USAGE ( .BOTH. , #6901 ) ;
#534 = CARTESIAN_POINT ( 'NONE',  ( -2.000000000000000000, 0.002500000000000000052, -2.000000000000000000 ) ) ;
#535 = EDGE_CURVE ( 'NONE', #6147, #4358, #1077, .T. ) ;
#536 = ORIENTED_EDGE ( 'NONE', *, *, #9173, .F. ) ;
#537 = ADVANCED_FACE ( 'NONE', ( #2589 ), #3919, .T. ) ;
#538 = ORIENTED_EDGE ( 'NONE', *, *, #4010, .F. ) ;
#539 = SURFACE_STYLE_USAGE ( .BOTH. , #7429 ) ;
#540 = STYLED_ITEM ( 'NONE', ( #3727 ), #9016 ) ;
#541 = ORIENTED_EDGE ( 'NONE', *, *, #8805, .T. ) ;
#542 = CARTESIAN_POINT ( 'NONE',  ( 1.600000000000000089, 0.002500000000000000052, -0.3650000000000001577 ) ) ;
#543 =( NAMED_UNIT ( * ) PLANE_ANGLE_UNIT ( ) SI_UNIT ( $, .RADIAN. ) );
#544 = SURFACE_STYLE_USAGE ( .BOTH. , #7556 ) ;
#545 = SURFACE_STYLE_USAGE ( .BOTH. , #7557 ) ;
#546 = VECTOR ( 'NONE', #5185, 1000.000000000000000 ) ;
#547 = PLANE ( 'NONE',  #8825 ) ;
#548 = SURFACE_STYLE_USAGE ( .BOTH. , #1903 ) ;
#549 = EDGE_CURVE ( 'NONE', #7041, #1075, #1463, .T. ) ;
#550 = ORIENTED_EDGE ( 'NONE', *, *, #2448, .F. ) ;
#551 = EDGE_CURVE ( 'NONE', #347, #6821, #3400, .T. ) ;
#552 = SURFACE_SIDE_STYLE ('',( #6918 ) ) ;
#553 = VERTEX_POINT ( 'NONE', #8294 ) ;
#554 = LINE ( 'NONE', #639, #7877 ) ;
#555 = ORIENTED_EDGE ( 'NONE', *, *, #2978, .T. ) ;
#556 = DIRECTION ( 'NONE',  ( 1.000000000000000000, 0.0000000000000000000, 0.0000000000000000000 ) ) ;
#557 = DIRECTION ( 'NONE',  ( -1.000000000000000000, -0.0000000000000000000, -0.0000000000000000000 ) ) ;
#558 = DIRECTION ( 'NONE',  ( 0.0000000000000000000, 0.0000000000000000000, 1.000000000000000000 ) ) ;
#559 = DIRECTION ( 'NONE',  ( 0.0000000000000000000, 1.000000000000000000, 0.0000000000000000000 ) ) ;
#560 = ADVANCED_FACE ( 'NONE', ( #6197 ), #7728, .F. ) ;
#561 = UNCERTAINTY_MEASURE_WITH_UNIT (LENGTH_MEASURE( 1.000000000000000082E-05 ), #5166, 'distance_accuracy_value', 'NONE');
#562 =( LENGTH_UNIT ( ) NAMED_UNIT ( * ) SI_UNIT ( .MILLI., .METRE. ) );
#563 = VERTEX_POINT ( 'NONE', #2855 ) ;
#564 = DIRECTION ( 'NONE',  ( -1.000000000000000000, 0.0000000000000000000, 0.0000000000000000000 ) ) ;
#565 = DIRECTION ( 'NONE',  ( 1.000000000000000000, 0.0000000000000000000, 0.0000000000000000000 ) ) ;
#566 = PRESENTATION_STYLE_ASSIGNMENT (( #2875 ) ) ;
#567 = UNCERTAINTY_MEASURE_WITH_UNIT (LENGTH_MEASURE( 1.000000000000000082E-05 ), #8010, 'distance_accuracy_value', 'NONE');
#568 = FACE_OUTER_BOUND ( 'NONE', #3870, .T. ) ;
#569 = ORIENTED_EDGE ( 'NONE', *, *, #6518, .T. ) ;
#570 = LINE ( 'NONE', #2789, #4209 ) ;
#571 = DIRECTION ( 'NONE',  ( -0.0000000000000000000, -1.000000000000000000, -0.0000000000000000000 ) ) ;
#572 = COLOUR_RGB ( '',1.000000000000000000, 1.000000000000000000, 1.000000000000000000 ) ;
#573 = UNCERTAINTY_MEASURE_WITH_UNIT (LENGTH_MEASURE( 1.000000000000000082E-05 ), #8886, 'distance_accuracy_value', 'NONE');
#574 = ORIENTED_EDGE ( 'NONE', *, *, #8112, .T. ) ;
#575 = FACE_OUTER_BOUND ( 'NONE', #2712, .T. ) ;
#576 = ORIENTED_EDGE ( 'NONE', *, *, #2969, .F. ) ;
#577 = CARTESIAN_POINT ( 'NONE',  ( -2.001999999999999780, 0.002500000000000000052, 0.1349999999999998701 ) ) ;
#578 = ORIENTED_EDGE ( 'NONE', *, *, #857, .F. ) ;
#579 = EDGE_LOOP ( 'NONE', ( #7279, #7051, #3635, #351 ) ) ;
#580 = FACE_OUTER_BOUND ( 'NONE', #8307, .T. ) ;
#581 = EDGE_CURVE ( 'NONE', #3030, #8389, #4956, .T. ) ;
#582 = EDGE_CURVE ( 'NONE', #5254, #171, #6945, .T. ) ;
#583 = LINE ( 'NONE', #4777, #8554 ) ;
#584 = EDGE_CURVE ( 'NONE', #2543, #8875, #7043, .T. ) ;
#585 = SURFACE_STYLE_USAGE ( .BOTH. , #6948 ) ;
#586 = LINE ( 'NONE', #5555, #5962 ) ;
#587 = CARTESIAN_POINT ( 'NONE',  ( 1.135000000000000453, 2.975525575834778034E-18, -2.000000000000000000 ) ) ;
#588 = VERTEX_POINT ( 'NONE', #2757 ) ;
#589 = STYLED_ITEM ( 'NONE', ( #7633 ), #5567 ) ;
#590 = ORIENTED_EDGE ( 'NONE', *, *, #9124, .T. ) ;
#591 = ORIENTED_EDGE ( 'NONE', *, *, #3630, .F. ) ;
#592 = DIRECTION ( 'NONE',  ( 1.000000000000000000, 0.0000000000000000000, 4.065758146820642614E-16 ) ) ;
#593 = LINE ( 'NONE', #7698, #8830 ) ;
#594 = MECHANICAL_DESIGN_GEOMETRIC_PRESENTATION_REPRESENTATION (  '', ( #3437 ), #4898 ) ;
#595 = EDGE_CURVE ( 'NONE', #5828, #2581, #6990, .T. ) ;
#596 =( LENGTH_UNIT ( ) NAMED_UNIT ( * ) SI_UNIT ( .MILLI., .METRE. ) );
#597 = DIRECTION ( 'NONE',  ( -1.000000000000000000, 0.0000000000000000000, 0.0000000000000000000 ) ) ;
#598 = ADVANCED_FACE ( 'NONE', ( #6347 ), #9146, .T. ) ;
#599 = AXIS2_PLACEMENT_3D ( 'NONE', #3186, #1098, #5900 ) ;
#600 = CARTESIAN_POINT ( 'NONE',  ( 2.001999999999999780, 0.002500000000000000052, -0.1350000000000001477 ) ) ;
#601 = SURFACE_STYLE_FILL_AREA ( #6132 ) ;
#602 = SURFACE_SIDE_STYLE ('',( #9202 ) ) ;
#603 = EDGE_LOOP ( 'NONE', ( #4379, #108, #6572, #2655 ) ) ;
#604 = LINE ( 'NONE', #1959, #7480 ) ;
#605 = AXIS2_PLACEMENT_3D ( 'NONE', #417, #5847, #3790 ) ;
#606 = EDGE_CURVE ( 'NONE', #669, #2167, #3676, .T. ) ;
#607 = STYLED_ITEM ( 'NONE', ( #4746 ), #2010 ) ;
#608 = CARTESIAN_POINT ( 'NONE',  ( 2.001999999999999780, 0.2025000000000000133, -0.8650000000000001021 ) ) ;
#609 = STYLED_ITEM ( 'NONE', ( #5917 ), #6088 ) ;
#610 = ORIENTED_EDGE ( 'NONE', *, *, #8672, .T. ) ;
#611 = VECTOR ( 'NONE', #5931, 1000.000000000000000 ) ;
#612 = ORIENTED_EDGE ( 'NONE', *, *, #2062, .T. ) ;
#613 =( NAMED_UNIT ( * ) PLANE_ANGLE_UNIT ( ) SI_UNIT ( $, .RADIAN. ) );
#614 = VECTOR ( 'NONE', #2188, 1000.000000000000000 ) ;
#615 = LINE ( 'NONE', #3480, #1159 ) ;
#616 = COLOUR_RGB ( '',1.000000000000000000, 1.000000000000000000, 1.000000000000000000 ) ;
#617 =( NAMED_UNIT ( * ) SI_UNIT ( $, .STERADIAN. ) SOLID_ANGLE_UNIT ( ) );
#618 =( LENGTH_UNIT ( ) NAMED_UNIT ( * ) SI_UNIT ( .MILLI., .METRE. ) );
#619 = PRESENTATION_LAYER_ASSIGNMENT (  '', '', ( #485 ) ) ;
#620 = ORIENTED_EDGE ( 'NONE', *, *, #1365, .F. ) ;
#621 = ORIENTED_EDGE ( 'NONE', *, *, #1294, .T. ) ;
#622 = FILL_AREA_STYLE_COLOUR ( '', #3337 ) ;
#623 = VERTEX_POINT ( 'NONE', #2312 ) ;
#624 = VERTEX_POINT ( 'NONE', #4407 ) ;
#625 = FILL_AREA_STYLE_COLOUR ( '', #8148 ) ;
#626 = DIRECTION ( 'NONE',  ( -1.000000000000000000, 0.0000000000000000000, 0.0000000000000000000 ) ) ;
#627 = SURFACE_STYLE_USAGE ( .BOTH. , #1596 ) ;
#628 = VECTOR ( 'NONE', #2149, 1000.000000000000000 ) ;
#629 = PLANE ( 'NONE',  #1994 ) ;
#630 = AXIS2_PLACEMENT_3D ( 'NONE', #3904, #4035, #437 ) ;
#631 = CARTESIAN_POINT ( 'NONE',  ( 1.135000000000000453, 0.002500000000000029976, 2.000000000000000000 ) ) ;
#632 = MECHANICAL_DESIGN_GEOMETRIC_PRESENTATION_REPRESENTATION (  '', ( #8646 ), #8347 ) ;
#633 = FILL_AREA_STYLE_COLOUR ( '', #3384 ) ;
#634 = VERTEX_POINT ( 'NONE', #120 ) ;
#635 = STYLED_ITEM ( 'NONE', ( #1883 ), #7301 ) ;
#636 = EDGE_CURVE ( 'NONE', #3196, #5939, #5101, .T. ) ;
#637 = SURFACE_SIDE_STYLE ('',( #7562 ) ) ;
#638 = ORIENTED_EDGE ( 'NONE', *, *, #7951, .F. ) ;
#639 = CARTESIAN_POINT ( 'NONE',  ( 0.6350000000000003419, 1.487762787917389017E-18, -2.000000000000000000 ) ) ;
#640 = VERTEX_POINT ( 'NONE', #5002 ) ;
#641 = DIRECTION ( 'NONE',  ( 2.710505431213761578E-16, 0.0000000000000000000, -1.000000000000000000 ) ) ;
#642 = LINE ( 'NONE', #5562, #1750 ) ;
#643 = COLOUR_RGB ( '',0.2509803921568627416, 0.2509803921568627416, 0.2509803921568627416 ) ;
#644 = CARTESIAN_POINT ( 'NONE',  ( 1.600000000000000089, 0.002500000000000000052, -0.1350000000000000089 ) ) ;
#645 = PLANE ( 'NONE',  #6302 ) ;
#646 = FACE_OUTER_BOUND ( 'NONE', #3006, .T. ) ;
#647 = AXIS2_PLACEMENT_3D ( 'NONE', #5440, #9028, #1195 ) ;
#648 =( LENGTH_UNIT ( ) NAMED_UNIT ( * ) SI_UNIT ( .MILLI., .METRE. ) );
#649 = CARTESIAN_POINT ( 'NONE',  ( 0.1350000000000004530, 0.002500000000000000052, 1.600000000000000089 ) ) ;
#650 = PRESENTATION_LAYER_ASSIGNMENT (  '', '', ( #2922 ) ) ;
#651 = EDGE_CURVE ( 'NONE', #2167, #6075, #4310, .T. ) ;
#652 = DIRECTION ( 'NONE',  ( 1.000000000000000000, 0.0000000000000000000, 0.0000000000000000000 ) ) ;
#653 = ORIENTED_EDGE ( 'NONE', *, *, #2672, .F. ) ;
#654 = PRESENTATION_STYLE_ASSIGNMENT (( #1433 ) ) ;
#655 =( GEOMETRIC_REPRESENTATION_CONTEXT ( 3 ) GLOBAL_UNCERTAINTY_ASSIGNED_CONTEXT ( ( #3879 ) ) GLOBAL_UNIT_ASSIGNED_CONTEXT ( ( #2176, #4268, #3543 ) ) REPRESENTATION_CONTEXT ( 'NONE', 'WORKASPACE' ) );
#656 = ADVANCED_FACE ( 'NONE', ( #7225 ), #879, .F. ) ;
#657 =( NAMED_UNIT ( * ) PLANE_ANGLE_UNIT ( ) SI_UNIT ( $, .RADIAN. ) );
#658 = DIRECTION ( 'NONE',  ( 0.0000000000000000000, -1.000000000000000000, 0.0000000000000000000 ) ) ;
#659 = CARTESIAN_POINT ( 'NONE',  ( -2.000000000000000000, 0.0000000000000000000, -0.3649999999999999911 ) ) ;
#660 = LINE ( 'NONE', #608, #4765 ) ;
#661 = CARTESIAN_POINT ( 'NONE',  ( -0.8649999999999996581, 0.1999999999999999833, 2.001999999999999780 ) ) ;
#662 = VECTOR ( 'NONE', #6442, 1000.000000000000000 ) ;
#663 = VERTEX_POINT ( 'NONE', #1701 ) ;
#664 = APPLICATION_PROTOCOL_DEFINITION ( 'draft international standard', 'automotive_design', 1998, #6792 ) ;
#665 = ADVANCED_FACE ( 'NONE', ( #7315 ), #8570, .F. ) ;
#666 =( GEOMETRIC_REPRESENTATION_CONTEXT ( 3 ) GLOBAL_UNCERTAINTY_ASSIGNED_CONTEXT ( ( #3768 ) ) GLOBAL_UNIT_ASSIGNED_CONTEXT ( ( #492, #7506, #8908 ) ) REPRESENTATION_CONTEXT ( 'NONE', 'WORKASPACE' ) );
#667 = UNCERTAINTY_MEASURE_WITH_UNIT (LENGTH_MEASURE( 1.000000000000000082E-05 ), #3304, 'distance_accuracy_value', 'NONE');
#668 = PRESENTATION_STYLE_ASSIGNMENT (( #7025 ) ) ;
#669 = VERTEX_POINT ( 'NONE', #3862 ) ;
#670 = LINE ( 'NONE', #7715, #803 ) ;
#671 =( GEOMETRIC_REPRESENTATION_CONTEXT ( 3 ) GLOBAL_UNCERTAINTY_ASSIGNED_CONTEXT ( ( #8688 ) ) GLOBAL_UNIT_ASSIGNED_CONTEXT ( ( #3878, #132, #6601 ) ) REPRESENTATION_CONTEXT ( 'NONE', 'WORKASPACE' ) );
#672 = DIRECTION ( 'NONE',  ( 1.000000000000000000, 0.0000000000000000000, 0.0000000000000000000 ) ) ;
#673 = COLOUR_RGB ( '',1.000000000000000000, 1.000000000000000000, 1.000000000000000000 ) ;
#674 = PLANE ( 'NONE',  #9106 ) ;
#675 = MECHANICAL_DESIGN_GEOMETRIC_PRESENTATION_REPRESENTATION (  '', ( #4703 ), #7949 ) ;
#676 = VERTEX_POINT ( 'NONE', #1018 ) ;
#677 = LINE ( 'NONE', #5543, #3940 ) ;
#678 = VERTEX_POINT ( 'NONE', #6670 ) ;
#679 =( LENGTH_UNIT ( ) NAMED_UNIT ( * ) SI_UNIT ( .MILLI., .METRE. ) );
#680 = ORIENTED_EDGE ( 'NONE', *, *, #395, .F. ) ;
#681 = ORIENTED_EDGE ( 'NONE', *, *, #1857, .F. ) ;
#682 = CARTESIAN_POINT ( 'NONE',  ( -0.1349999999999995925, 0.1999999999999999833, -2.000000000000000000 ) ) ;
#683 = DIRECTION ( 'NONE',  ( 0.0000000000000000000, 0.0000000000000000000, 1.000000000000000000 ) ) ;
#684 = MECHANICAL_DESIGN_GEOMETRIC_PRESENTATION_REPRESENTATION (  '', ( #7211 ), #4990 ) ;
#685 = PRESENTATION_STYLE_ASSIGNMENT (( #4218 ) ) ;
#686 = FILL_AREA_STYLE ('',( #4959 ) ) ;
#687 =( LENGTH_UNIT ( ) NAMED_UNIT ( * ) SI_UNIT ( .MILLI., .METRE. ) );
#688 = FILL_AREA_STYLE_COLOUR ( '', #1307 ) ;
#689 = VERTEX_POINT ( 'NONE', #1881 ) ;
#690 =( LENGTH_UNIT ( ) NAMED_UNIT ( * ) SI_UNIT ( .MILLI., .METRE. ) );
#691 = CARTESIAN_POINT ( 'NONE',  ( -0.3649999999999996581, 0.002499999999999998317, -2.000000000000000000 ) ) ;
#692 = PRESENTATION_STYLE_ASSIGNMENT (( #794 ) ) ;
#693 = LINE ( 'NONE', #9193, #6183 ) ;
#694 = AXIS2_PLACEMENT_3D ( 'NONE', #6904, #7644, #4162 ) ;
#695 =( LENGTH_UNIT ( ) NAMED_UNIT ( * ) SI_UNIT ( .MILLI., .METRE. ) );
#696 = EDGE_CURVE ( 'NONE', #6775, #528, #8868, .T. ) ;
#697 = STYLED_ITEM ( 'NONE', ( #5203 ), #5279 ) ;
#698 = DIRECTION ( 'NONE',  ( -1.000000000000000000, -0.0000000000000000000, 4.065758146820642614E-16 ) ) ;
#699 = SURFACE_STYLE_USAGE ( .BOTH. , #7058 ) ;
#700 = DIRECTION ( 'NONE',  ( -0.0000000000000000000, -1.000000000000000000, -0.0000000000000000000 ) ) ;
#701 = CARTESIAN_POINT ( 'NONE',  ( -0.3649999999999996581, -1.487762787917389017E-18, -2.000000000000000000 ) ) ;
#702 = ORIENTED_EDGE ( 'NONE', *, *, #5934, .T. ) ;
#703 = FACE_OUTER_BOUND ( 'NONE', #1842, .T. ) ;
#704 =( LENGTH_UNIT ( ) NAMED_UNIT ( * ) SI_UNIT ( .MILLI., .METRE. ) );
#705 = EDGE_CURVE ( 'NONE', #7813, #4092, #2495, .T. ) ;
#706 = SURFACE_STYLE_USAGE ( .BOTH. , #2285 ) ;
#707 = EDGE_CURVE ( 'NONE', #8176, #2815, #3258, .T. ) ;
#708 = EDGE_CURVE ( 'NONE', #8735, #3915, #1791, .T. ) ;
#709 = EDGE_LOOP ( 'NONE', ( #8434, #9105, #202, #9192 ) ) ;
#710 = FILL_AREA_STYLE_COLOUR ( '', #6385 ) ;
#711 = DIRECTION ( 'NONE',  ( -1.000000000000000000, -0.0000000000000000000, -0.0000000000000000000 ) ) ;
#712 = EDGE_LOOP ( 'NONE', ( #5329, #1355, #8074, #8789 ) ) ;
#713 = DIRECTION ( 'NONE',  ( -1.000000000000000000, -0.0000000000000000000, -0.0000000000000000000 ) ) ;
#714 = CARTESIAN_POINT ( 'NONE',  ( -2.000000000000000000, 0.002500000000000000052, -0.8649999999999999911 ) ) ;
#715 = ADVANCED_FACE ( 'NONE', ( #4690 ), #7403, .T. ) ;
#716 = EDGE_CURVE ( 'NONE', #8801, #6644, #3753, .T. ) ;
#717 = CARTESIAN_POINT ( 'NONE',  ( -1.600000000000000089, 0.0000000000000000000, -0.3650000000000001577 ) ) ;
#718 = FACE_OUTER_BOUND ( 'NONE', #4307, .T. ) ;
#719 = LINE ( 'NONE', #5620, #5417 ) ;
#720 = ORIENTED_EDGE ( 'NONE', *, *, #5868, .F. ) ;
#721 = DIRECTION ( 'NONE',  ( -0.0000000000000000000, -0.0000000000000000000, 1.000000000000000000 ) ) ;
#722 = EDGE_LOOP ( 'NONE', ( #5565, #2257, #5557, #8911, #8125, #1506 ) ) ;
#723 = FILL_AREA_STYLE ('',( #625 ) ) ;
#724 = CARTESIAN_POINT ( 'NONE',  ( 2.000000000000000000, 0.0000000000000000000, 0.3649999999999999911 ) ) ;
#725 = VECTOR ( 'NONE', #3211, 1000.000000000000000 ) ;
#726 = VECTOR ( 'NONE', #2865, 1000.000000000000000 ) ;
#727 = EDGE_CURVE ( 'NONE', #8169, #2415, #151, .T. ) ;
#728 = CARTESIAN_POINT ( 'NONE',  ( -2.001999999999999780, 0.2025000000000000133, 1.135000000000000009 ) ) ;
#729 =( LENGTH_UNIT ( ) NAMED_UNIT ( * ) SI_UNIT ( .MILLI., .METRE. ) );
#730 = DIRECTION ( 'NONE',  ( -0.0000000000000000000, 1.000000000000000000, -0.0000000000000000000 ) ) ;
#731 = SURFACE_STYLE_FILL_AREA ( #4961 ) ;
#732 = EDGE_LOOP ( 'NONE', ( #8737, #1800, #3702, #5677 ) ) ;
#733 = VECTOR ( 'NONE', #6606, 1000.000000000000000 ) ;
#734 =( GEOMETRIC_REPRESENTATION_CONTEXT ( 3 ) GLOBAL_UNCERTAINTY_ASSIGNED_CONTEXT ( ( #3847 ) ) GLOBAL_UNIT_ASSIGNED_CONTEXT ( ( #8392, #4230, #4969 ) ) REPRESENTATION_CONTEXT ( 'NONE', 'WORKASPACE' ) );
#735 = ORIENTED_EDGE ( 'NONE', *, *, #331, .T. ) ;
#736 = ORIENTED_EDGE ( 'NONE', *, *, #901, .T. ) ;
#737 = FILL_AREA_STYLE ('',( #2770 ) ) ;
#738 = PLANE ( 'NONE',  #2341 ) ;
#739 = FILL_AREA_STYLE_COLOUR ( '', #230 ) ;
#740 = VECTOR ( 'NONE', #3039, 1000.000000000000000 ) ;
#741 = CARTESIAN_POINT ( 'NONE',  ( -1.250000000000000000, 0.002500000000000000052, 1.249999999999999778 ) ) ;
#742 =( GEOMETRIC_REPRESENTATION_CONTEXT ( 3 ) GLOBAL_UNCERTAINTY_ASSIGNED_CONTEXT ( ( #3378 ) ) GLOBAL_UNIT_ASSIGNED_CONTEXT ( ( #6781, #7514, #7465 ) ) REPRESENTATION_CONTEXT ( 'NONE', 'WORKASPACE' ) );
#743 = FACE_OUTER_BOUND ( 'NONE', #1559, .T. ) ;
#744 = SURFACE_STYLE_FILL_AREA ( #5746 ) ;
#745 = DIRECTION ( 'NONE',  ( 2.710505431213761578E-16, 0.0000000000000000000, 1.000000000000000000 ) ) ;
#746 = COLOUR_RGB ( '',1.000000000000000000, 1.000000000000000000, 1.000000000000000000 ) ;
#747 = UNCERTAINTY_MEASURE_WITH_UNIT (LENGTH_MEASURE( 1.000000000000000082E-05 ), #7208, 'distance_accuracy_value', 'NONE');
#748 = VERTEX_POINT ( 'NONE', #2424 ) ;
#749 = VECTOR ( 'NONE', #6431, 1000.000000000000000 ) ;
#750 = CARTESIAN_POINT ( 'NONE',  ( 2.001999999999999780, 0.002500000000000000052, -0.1350000000000001477 ) ) ;
#751 = SURFACE_STYLE_FILL_AREA ( #5704 ) ;
#752 = DIRECTION ( 'NONE',  ( -1.000000000000000000, 0.0000000000000000000, -0.0000000000000000000 ) ) ;
#753 = FACE_OUTER_BOUND ( 'NONE', #3499, .T. ) ;
#754 = DIRECTION ( 'NONE',  ( -0.7071067811865475727, 0.0000000000000000000, -0.7071067811865475727 ) ) ;
#755 = PRESENTATION_LAYER_ASSIGNMENT (  '', '', ( #8769 ) ) ;
#756 = SURFACE_STYLE_USAGE ( .BOTH. , #8552 ) ;
#757 = ORIENTED_EDGE ( 'NONE', *, *, #4430, .F. ) ;
#758 = VECTOR ( 'NONE', #597, 1000.000000000000000 ) ;
#759 = UNCERTAINTY_MEASURE_WITH_UNIT (LENGTH_MEASURE( 1.000000000000000082E-05 ), #8879, 'distance_accuracy_value', 'NONE');
#760 = EDGE_CURVE ( 'NONE', #2563, #7312, #8053, .T. ) ;
#761 = ORIENTED_EDGE ( 'NONE', *, *, #6760, .T. ) ;
#762 = COLOUR_RGB ( '',1.000000000000000000, 1.000000000000000000, 1.000000000000000000 ) ;
#763 =( NAMED_UNIT ( * ) PLANE_ANGLE_UNIT ( ) SI_UNIT ( $, .RADIAN. ) );
#764 = CARTESIAN_POINT ( 'NONE',  ( 1.600000000000000089, 0.002500000000000000052, -0.3650000000000001577 ) ) ;
#765 = DIRECTION ( 'NONE',  ( 1.000000000000000000, -0.0000000000000000000, 0.0000000000000000000 ) ) ;
#766 = VECTOR ( 'NONE', #8529, 1000.000000000000000 ) ;
#767 = UNCERTAINTY_MEASURE_WITH_UNIT (LENGTH_MEASURE( 1.000000000000000082E-05 ), #2564, 'distance_accuracy_value', 'NONE');
#768 = VECTOR ( 'NONE', #8358, 1000.000000000000000 ) ;
#769 = FILL_AREA_STYLE_COLOUR ( '', #8215 ) ;
#770 = EDGE_CURVE ( 'NONE', #634, #8457, #4531, .T. ) ;
#771 = COLOUR_RGB ( '',1.000000000000000000, 1.000000000000000000, 1.000000000000000000 ) ;
#772 = ORIENTED_EDGE ( 'NONE', *, *, #4816, .T. ) ;
#773 = DIRECTION ( 'NONE',  ( 0.0000000000000000000, 0.0000000000000000000, 1.000000000000000000 ) ) ;
#774 = ORIENTED_EDGE ( 'NONE', *, *, #1157, .F. ) ;
#775 = EDGE_CURVE ( 'NONE', #8017, #4699, #6657, .T. ) ;
#776 = ORIENTED_EDGE ( 'NONE', *, *, #3930, .T. ) ;
#777 = SURFACE_SIDE_STYLE ('',( #8673 ) ) ;
#778 = DIRECTION ( 'NONE',  ( 0.0000000000000000000, 0.0000000000000000000, 1.000000000000000000 ) ) ;
#779 = PRESENTATION_LAYER_ASSIGNMENT (  '', '', ( #7147 ) ) ;
#780 = STYLED_ITEM ( 'NONE', ( #7422 ), #7016 ) ;
#781 = VECTOR ( 'NONE', #6995, 1000.000000000000000 ) ;
#782 = CARTESIAN_POINT ( 'NONE',  ( -2.000000000000000000, 0.9000000000000000222, -2.000000000000000000 ) ) ;
#783 = DIRECTION ( 'NONE',  ( 0.0000000000000000000, 0.0000000000000000000, 1.000000000000000000 ) ) ;
#784 = DIRECTION ( 'NONE',  ( -0.0000000000000000000, -1.000000000000000000, -0.0000000000000000000 ) ) ;
#785 = VERTEX_POINT ( 'NONE', #959 ) ;
#786 = CARTESIAN_POINT ( 'NONE',  ( -0.6349999999999995648, 0.1999999999999999833, -2.000000000000000000 ) ) ;
#787 = EDGE_CURVE ( 'NONE', #7789, #5134, #7349, .T. ) ;
#788 = EDGE_LOOP ( 'NONE', ( #3427, #7704, #215, #5723 ) ) ;
#789 = CARTESIAN_POINT ( 'NONE',  ( -1.250000000000000000, 0.0005000000000000003357, 1.250000000000000000 ) ) ;
#790 = PRESENTATION_LAYER_ASSIGNMENT (  '', '', ( #8643 ) ) ;
#791 = VERTEX_POINT ( 'NONE', #1004 ) ;
#792 = COLOUR_RGB ( '',1.000000000000000000, 1.000000000000000000, 1.000000000000000000 ) ;
#793 = DIRECTION ( 'NONE',  ( -0.0000000000000000000, 1.000000000000000000, -0.0000000000000000000 ) ) ;
#794 = SURFACE_STYLE_USAGE ( .BOTH. , #7054 ) ;
#795 = COLOUR_RGB ( '',1.000000000000000000, 1.000000000000000000, 1.000000000000000000 ) ;
#796 = SURFACE_STYLE_FILL_AREA ( #2228 ) ;
#797 = AXIS2_PLACEMENT_3D ( 'NONE', #8950, #6811, #3207 ) ;
#798 = CARTESIAN_POINT ( 'NONE',  ( 0.6350000000000003419, 1.490150555354787828E-17, -2.001999999999999780 ) ) ;
#799 =( GEOMETRIC_REPRESENTATION_CONTEXT ( 3 ) GLOBAL_UNCERTAINTY_ASSIGNED_CONTEXT ( ( #8188 ) ) GLOBAL_UNIT_ASSIGNED_CONTEXT ( ( #9002, #5422, #4770 ) ) REPRESENTATION_CONTEXT ( 'NONE', 'WORKASPACE' ) );
#800 = DIRECTION ( 'NONE',  ( 1.000000000000000000, 0.0000000000000000000, 0.0000000000000000000 ) ) ;
#801 =( NAMED_UNIT ( * ) PLANE_ANGLE_UNIT ( ) SI_UNIT ( $, .RADIAN. ) );
#802 = LINE ( 'NONE', #898, #293 ) ;
#803 = VECTOR ( 'NONE', #1395, 1000.000000000000000 ) ;
#804 = ORIENTED_EDGE ( 'NONE', *, *, #3076, .T. ) ;
#805 = VECTOR ( 'NONE', #8992, 1000.000000000000000 ) ;
#806 = FILL_AREA_STYLE_COLOUR ( '', #7768 ) ;
#807 = STYLED_ITEM ( 'NONE', ( #136 ), #7614 ) ;
#808 = DIRECTION ( 'NONE',  ( -1.000000000000000000, 0.0000000000000000000, -0.0000000000000000000 ) ) ;
#809 = PRESENTATION_LAYER_ASSIGNMENT (  '', '', ( #7028 ) ) ;
#810 = COLOUR_RGB ( '',1.000000000000000000, 1.000000000000000000, 1.000000000000000000 ) ;
#811 = LINE ( 'NONE', #6480, #2645 ) ;
#812 = ORIENTED_EDGE ( 'NONE', *, *, #971, .T. ) ;
#813 = PRESENTATION_LAYER_ASSIGNMENT (  '', '', ( #2917 ) ) ;
#814 =( NAMED_UNIT ( * ) PLANE_ANGLE_UNIT ( ) SI_UNIT ( $, .RADIAN. ) );
#815 = FACE_OUTER_BOUND ( 'NONE', #1362, .T. ) ;
#816 = FILL_AREA_STYLE ('',( #4435 ) ) ;
#817 = ORIENTED_EDGE ( 'NONE', *, *, #6407, .T. ) ;
#818 = VECTOR ( 'NONE', #556, 1000.000000000000000 ) ;
#819 = VECTOR ( 'NONE', #1309, 1000.000000000000000 ) ;
#820 = DIRECTION ( 'NONE',  ( 0.0000000000000000000, -1.000000000000000000, 0.0000000000000000000 ) ) ;
#821 = EDGE_CURVE ( 'NONE', #156, #6929, #860, .T. ) ;
#822 = LINE ( 'NONE', #2301, #6121 ) ;
#823 = PRESENTATION_LAYER_ASSIGNMENT (  '', '', ( #8243 ) ) ;
#824 = CARTESIAN_POINT ( 'NONE',  ( -1.600000000000000089, 0.002500000000000000052, -0.8650000000000001021 ) ) ;
#825 = AXIS2_PLACEMENT_3D ( 'NONE', #1621, #3788, #179 ) ;
#826 = CARTESIAN_POINT ( 'NONE',  ( -0.1349999999999995925, 0.1999999999999999833, 2.001999999999999780 ) ) ;
#827 = ORIENTED_EDGE ( 'NONE', *, *, #2237, .F. ) ;
#828 = ORIENTED_EDGE ( 'NONE', *, *, #2018, .T. ) ;
#829 = ORIENTED_EDGE ( 'NONE', *, *, #2575, .T. ) ;
#830 =( LENGTH_UNIT ( ) NAMED_UNIT ( * ) SI_UNIT ( .MILLI., .METRE. ) );
#831 = LINE ( 'NONE', #6449, #4783 ) ;
#832 = EDGE_CURVE ( 'NONE', #2293, #689, #4334, .T. ) ;
#833 = DIRECTION ( 'NONE',  ( 1.000000000000000000, 0.0000000000000000000, 0.0000000000000000000 ) ) ;
#834 = FILL_AREA_STYLE ('',( #3680 ) ) ;
#835 = DIRECTION ( 'NONE',  ( 0.0000000000000000000, -0.0000000000000000000, 1.000000000000000000 ) ) ;
#836 = ORIENTED_EDGE ( 'NONE', *, *, #477, .F. ) ;
#837 =( NAMED_UNIT ( * ) PLANE_ANGLE_UNIT ( ) SI_UNIT ( $, .RADIAN. ) );
#838 = ORIENTED_EDGE ( 'NONE', *, *, #3229, .T. ) ;
#839 = FILL_AREA_STYLE_COLOUR ( '', #6566 ) ;
#840 = ORIENTED_EDGE ( 'NONE', *, *, #3466, .T. ) ;
#841 = DIRECTION ( 'NONE',  ( -0.0000000000000000000, -1.000000000000000000, -0.0000000000000000000 ) ) ;
#842 = DIRECTION ( 'NONE',  ( -0.0000000000000000000, -1.000000000000000000, -0.0000000000000000000 ) ) ;
#843 = DIRECTION ( 'NONE',  ( 1.000000000000000000, 0.0000000000000000000, 0.0000000000000000000 ) ) ;
#844 = EDGE_CURVE ( 'NONE', #2837, #5179, #1531, .T. ) ;
#845 = CARTESIAN_POINT ( 'NONE',  ( -2.000000000000000000, 0.002500000000000000052, 1.365000000000000213 ) ) ;
#846 =( NAMED_UNIT ( * ) SI_UNIT ( $, .STERADIAN. ) SOLID_ANGLE_UNIT ( ) );
#847 = ADVANCED_FACE ( 'NONE', ( #6522 ), #8703, .F. ) ;
#848 =( NAMED_UNIT ( * ) SI_UNIT ( $, .STERADIAN. ) SOLID_ANGLE_UNIT ( ) );
#849 = CARTESIAN_POINT ( 'NONE',  ( 2.000000000000000000, 0.0000000000000000000, -0.3649999999999999911 ) ) ;
#850 = EDGE_LOOP ( 'NONE', ( #4262, #4698, #2429, #118, #7338, #4557, #6196, #3104, #7692, #2446, #6461, #5094, #8649, #4788, #1547, #1969, #5560, #7413, #1654, #1837, #6062, #5679, #2863, #3674, #2587, #7659, #4612, #4622 ) ) ;
#851 = UNCERTAINTY_MEASURE_WITH_UNIT (LENGTH_MEASURE( 1.000000000000000082E-05 ), #6650, 'distance_accuracy_value', 'NONE');
#852 = CARTESIAN_POINT ( 'NONE',  ( -2.000000000000000000, 0.002500000000000000052, 1.135000000000000009 ) ) ;
#853 = ORIENTED_EDGE ( 'NONE', *, *, #8499, .F. ) ;
#854 = PRESENTATION_STYLE_ASSIGNMENT (( #1629 ) ) ;
#855 = DIRECTION ( 'NONE',  ( -0.0000000000000000000, -1.000000000000000000, -0.0000000000000000000 ) ) ;
#856 = VECTOR ( 'NONE', #1512, 1000.000000000000000 ) ;
#857 = EDGE_CURVE ( 'NONE', #4167, #347, #2338, .T. ) ;
#858 = DIRECTION ( 'NONE',  ( 1.000000000000000000, 0.0000000000000000000, 0.0000000000000000000 ) ) ;
#859 = SURFACE_SIDE_STYLE ('',( #7250 ) ) ;
#860 = LINE ( 'NONE', #7213, #5325 ) ;
#861 = VERTEX_POINT ( 'NONE', #4432 ) ;
#862 = DIRECTION ( 'NONE',  ( -1.000000000000000000, -0.0000000000000000000, 4.065758146820642614E-16 ) ) ;
#863 = CARTESIAN_POINT ( 'NONE',  ( -2.000000000000000000, 0.002500000000000000052, 1.135000000000000231 ) ) ;
#864 = ORIENTED_EDGE ( 'NONE', *, *, #981, .F. ) ;
#865 = SURFACE_STYLE_USAGE ( .BOTH. , #2430 ) ;
#866 = PRESENTATION_STYLE_ASSIGNMENT (( #5669 ) ) ;
#867 = CARTESIAN_POINT ( 'NONE',  ( -1.364999999999999547, 0.002499999999999955383, 1.600000000000000089 ) ) ;
#868 =( NAMED_UNIT ( * ) PLANE_ANGLE_UNIT ( ) SI_UNIT ( $, .RADIAN. ) );
#869 =( NAMED_UNIT ( * ) PLANE_ANGLE_UNIT ( ) SI_UNIT ( $, .RADIAN. ) );
#870 = DIRECTION ( 'NONE',  ( -0.0000000000000000000, -1.000000000000000000, -0.0000000000000000000 ) ) ;
#871 = DIRECTION ( 'NONE',  ( -0.0000000000000000000, -0.0000000000000000000, -1.000000000000000000 ) ) ;
#872 = SURFACE_STYLE_FILL_AREA ( #6716 ) ;
#873 = UNCERTAINTY_MEASURE_WITH_UNIT (LENGTH_MEASURE( 1.000000000000000082E-05 ), #7554, 'distance_accuracy_value', 'NONE');
#874 = CARTESIAN_POINT ( 'NONE',  ( 1.365000000000000435, 0.2000000000000000389, -2.001999999999999780 ) ) ;
#875 = VERTEX_POINT ( 'NONE', #2382 ) ;
#876 = SURFACE_STYLE_FILL_AREA ( #216 ) ;
#877 = ORIENTED_EDGE ( 'NONE', *, *, #7238, .F. ) ;
#878 = ORIENTED_EDGE ( 'NONE', *, *, #8558, .T. ) ;
#879 = PLANE ( 'NONE',  #7840 ) ;
#880 = LINE ( 'NONE', #8766, #7435 ) ;
#881 = LINE ( 'NONE', #4452, #183 ) ;
#882 = DIRECTION ( 'NONE',  ( 0.0000000000000000000, 0.0000000000000000000, -1.000000000000000000 ) ) ;
#883 = DIRECTION ( 'NONE',  ( -1.000000000000000000, 0.0000000000000000000, -0.0000000000000000000 ) ) ;
#884 = ORIENTED_EDGE ( 'NONE', *, *, #8672, .F. ) ;
#885 = ORIENTED_EDGE ( 'NONE', *, *, #5585, .T. ) ;
#886 = LINE ( 'NONE', #3734, #1392 ) ;
#887 = EDGE_CURVE ( 'NONE', #4785, #3587, #5947, .T. ) ;
#888 = ADVANCED_FACE ( 'NONE', ( #4751 ), #8239, .F. ) ;
#889 = ORIENTED_EDGE ( 'NONE', *, *, #6283, .T. ) ;
#890 = CARTESIAN_POINT ( 'NONE',  ( -0.1349999999999995925, -1.487762787917389017E-18, -2.000000000000000000 ) ) ;
#891 =( NAMED_UNIT ( * ) PLANE_ANGLE_UNIT ( ) SI_UNIT ( $, .RADIAN. ) );
#892 = PRESENTATION_STYLE_ASSIGNMENT (( #4464 ) ) ;
#893 = UNCERTAINTY_MEASURE_WITH_UNIT (LENGTH_MEASURE( 1.000000000000000082E-05 ), #5891, 'distance_accuracy_value', 'NONE');
#894 = LINE ( 'NONE', #5067, #7449 ) ;
#895 = VECTOR ( 'NONE', #3552, 1000.000000000000000 ) ;
#896 = DIRECTION ( 'NONE',  ( 0.0000000000000000000, 0.0000000000000000000, 1.000000000000000000 ) ) ;
#897 =( NAMED_UNIT ( * ) SI_UNIT ( $, .STERADIAN. ) SOLID_ANGLE_UNIT ( ) );
#898 = CARTESIAN_POINT ( 'NONE',  ( -0.8649999999999996581, -2.975525575834778034E-18, -2.000000000000000000 ) ) ;
#899 = VERTEX_POINT ( 'NONE', #8800 ) ;
#900 = FACE_OUTER_BOUND ( 'NONE', #3398, .T. ) ;
#901 = EDGE_CURVE ( 'NONE', #7781, #8029, #6046, .T. ) ;
#902 = EDGE_CURVE ( 'NONE', #6775, #1806, #8142, .T. ) ;
#903 = STYLED_ITEM ( 'NONE', ( #8127 ), #488 ) ;
#904 = DIRECTION ( 'NONE',  ( -0.0000000000000000000, -0.0000000000000000000, 1.000000000000000000 ) ) ;
#905 = VECTOR ( 'NONE', #8708, 1000.000000000000000 ) ;
#906 = CARTESIAN_POINT ( 'NONE',  ( 2.000000000000000000, 0.002500000000000000052, 0.8649999999999999911 ) ) ;
#907 = LINE ( 'NONE', #3751, #2073 ) ;
#908 = AXIS2_PLACEMENT_3D ( 'NONE', #5132, #199, #3244 ) ;
#909 = SURFACE_STYLE_FILL_AREA ( #2244 ) ;
#910 = ORIENTED_EDGE ( 'NONE', *, *, #7026, .T. ) ;
#911 = DIRECTION ( 'NONE',  ( -0.0000000000000000000, -1.000000000000000000, -0.0000000000000000000 ) ) ;
#912 = SURFACE_SIDE_STYLE ('',( #5665 ) ) ;
#913 = EDGE_CURVE ( 'NONE', #5378, #1005, #2523, .T. ) ;
#914 = VECTOR ( 'NONE', #3468, 1000.000000000000000 ) ;
#915 = VERTEX_POINT ( 'NONE', #1043 ) ;
#916 =( NAMED_UNIT ( * ) SI_UNIT ( $, .STERADIAN. ) SOLID_ANGLE_UNIT ( ) );
#917 = FILL_AREA_STYLE_COLOUR ( '', #572 ) ;
#918 = DIRECTION ( 'NONE',  ( -1.000000000000000000, 0.0000000000000000000, -0.0000000000000000000 ) ) ;
#919 = CARTESIAN_POINT ( 'NONE',  ( 2.000000000000000000, 0.002500000000000000052, -0.8650000000000001021 ) ) ;
#920 = CARTESIAN_POINT ( 'NONE',  ( -0.8649999999999995470, 0.002499999999999997450, -1.600000000000000089 ) ) ;
#921 = AXIS2_PLACEMENT_3D ( 'NONE', #1080, #8878, #938 ) ;
#922 = DIRECTION ( 'NONE',  ( -1.000000000000000000, 0.0000000000000000000, 0.0000000000000000000 ) ) ;
#923 = ORIENTED_EDGE ( 'NONE', *, *, #844, .T. ) ;
#924 = PLANE ( 'NONE',  #630 ) ;
#925 = EDGE_LOOP ( 'NONE', ( #4403, #8856, #8626, #2754 ) ) ;
#926 = ORIENTED_EDGE ( 'NONE', *, *, #7574, .F. ) ;
#927 =( GEOMETRIC_REPRESENTATION_CONTEXT ( 3 ) GLOBAL_UNCERTAINTY_ASSIGNED_CONTEXT ( ( #4292 ) ) GLOBAL_UNIT_ASSIGNED_CONTEXT ( ( #4656, #7374, #7421 ) ) REPRESENTATION_CONTEXT ( 'NONE', 'WORKASPACE' ) );
#928 = SURFACE_SIDE_STYLE ('',( #7269 ) ) ;
#929 = CARTESIAN_POINT ( 'NONE',  ( 2.001999999999999780, 0.002500000000000000052, 1.135000000000000009 ) ) ;
#930 = LINE ( 'NONE', #2439, #5542 ) ;
#931 =( GEOMETRIC_REPRESENTATION_CONTEXT ( 3 ) GLOBAL_UNCERTAINTY_ASSIGNED_CONTEXT ( ( #4201 ) ) GLOBAL_UNIT_ASSIGNED_CONTEXT ( ( #8818, #7363, #6636 ) ) REPRESENTATION_CONTEXT ( 'NONE', 'WORKASPACE' ) );
#932 = LINE ( 'NONE', #170, #740 ) ;
#933 = VECTOR ( 'NONE', #1714, 1000.000000000000000 ) ;
#934 = ORIENTED_EDGE ( 'NONE', *, *, #2256, .F. ) ;
#935 = FILL_AREA_STYLE ('',( #8031 ) ) ;
#936 = STYLED_ITEM ( 'NONE', ( #1380 ), #6949 ) ;
#937 = FILL_AREA_STYLE_COLOUR ( '', #9158 ) ;
#938 = DIRECTION ( 'NONE',  ( 1.000000000000000000, 0.0000000000000000000, -0.0000000000000000000 ) ) ;
#939 = DIRECTION ( 'NONE',  ( 0.0000000000000000000, -1.000000000000000000, 0.0000000000000000000 ) ) ;
#940 =( NAMED_UNIT ( * ) PLANE_ANGLE_UNIT ( ) SI_UNIT ( $, .RADIAN. ) );
#941 = VECTOR ( 'NONE', #5407, 1000.000000000000000 ) ;
#942 = CARTESIAN_POINT ( 'NONE',  ( 2.001999999999999780, 0.2025000000000000133, 0.1349999999999998701 ) ) ;
#943 = EDGE_CURVE ( 'NONE', #2574, #1806, #1866, .T. ) ;
#944 = FILL_AREA_STYLE ('',( #6786 ) ) ;
#945 = ORIENTED_EDGE ( 'NONE', *, *, #1968, .F. ) ;
#946 = STYLED_ITEM ( 'NONE', ( #6856 ), #7275 ) ;
#947 =( NAMED_UNIT ( * ) SI_UNIT ( $, .STERADIAN. ) SOLID_ANGLE_UNIT ( ) );
#948 = COLOUR_RGB ( '',1.000000000000000000, 1.000000000000000000, 1.000000000000000000 ) ;
#949 = FILL_AREA_STYLE_COLOUR ( '', #165 ) ;
#950 =( GEOMETRIC_REPRESENTATION_CONTEXT ( 3 ) GLOBAL_UNCERTAINTY_ASSIGNED_CONTEXT ( ( #5937 ) ) GLOBAL_UNIT_ASSIGNED_CONTEXT ( ( #6771, #6851, #2656 ) ) REPRESENTATION_CONTEXT ( 'NONE', 'WORKASPACE' ) );
#951 = DIRECTION ( 'NONE',  ( 1.000000000000000000, 0.0000000000000000000, 0.0000000000000000000 ) ) ;
#952 = MECHANICAL_DESIGN_GEOMETRIC_PRESENTATION_REPRESENTATION (  '', ( #6576 ), #6118 ) ;
#953 = DIRECTION ( 'NONE',  ( 1.000000000000000000, 0.0000000000000000000, 0.0000000000000000000 ) ) ;
#954 = DIRECTION ( 'NONE',  ( 0.0000000000000000000, -1.000000000000000000, 0.0000000000000000000 ) ) ;
#955 = VECTOR ( 'NONE', #7761, 1000.000000000000000 ) ;
#956 = PLANE ( 'NONE',  #8045 ) ;
#957 = ADVANCED_FACE ( 'NONE', ( #5308 ), #3241, .T. ) ;
#958 = EDGE_CURVE ( 'NONE', #9131, #4836, #471, .T. ) ;
#959 = CARTESIAN_POINT ( 'NONE',  ( 1.600000000000000089, 0.0000000000000000000, -1.135000000000000009 ) ) ;
#960 = ORIENTED_EDGE ( 'NONE', *, *, #2061, .F. ) ;
#961 = PLANE ( 'NONE',  #908 ) ;
#962 = DIRECTION ( 'NONE',  ( -0.0000000000000000000, -0.0000000000000000000, -1.000000000000000000 ) ) ;
#963 = EDGE_LOOP ( 'NONE', ( #5703, #2141, #7851, #550 ) ) ;
#964 = PRESENTATION_STYLE_ASSIGNMENT (( #5038 ) ) ;
#965 = SURFACE_SIDE_STYLE ('',( #6754 ) ) ;
#966 = VECTOR ( 'NONE', #3141, 1000.000000000000000 ) ;
#967 = VECTOR ( 'NONE', #8056, 1000.000000000000000 ) ;
#968 = FILL_AREA_STYLE ('',( #5551 ) ) ;
#969 = PLANE ( 'NONE',  #7744 ) ;
#970 = MECHANICAL_DESIGN_GEOMETRIC_PRESENTATION_REPRESENTATION (  '', ( #2917 ), #655 ) ;
#971 = EDGE_CURVE ( 'NONE', #8960, #8622, #517, .T. ) ;
#972 = CARTESIAN_POINT ( 'NONE',  ( -2.000000000000000000, 0.002500000000000000052, -2.000000000000000000 ) ) ;
#973 = VECTOR ( 'NONE', #6213, 1000.000000000000000 ) ;
#974 = AXIS2_PLACEMENT_3D ( 'NONE', #4381, #8638, #4931 ) ;
#975 = DIRECTION ( 'NONE',  ( 1.000000000000000000, 0.0000000000000000000, 0.0000000000000000000 ) ) ;
#976 = ORIENTED_EDGE ( 'NONE', *, *, #705, .T. ) ;
#977 = CARTESIAN_POINT ( 'NONE',  ( -2.001999999999999780, 0.002500000000000000052, -1.365000000000000213 ) ) ;
#978 = VECTOR ( 'NONE', #8330, 1000.000000000000000 ) ;
#979 = VERTEX_POINT ( 'NONE', #8938 ) ;
#980 = CARTESIAN_POINT ( 'NONE',  ( -2.000000000000000000, 0.0000000000000000000, -0.1350000000000000089 ) ) ;
#981 = EDGE_CURVE ( 'NONE', #8622, #7625, #6839, .T. ) ;
#982 =( NAMED_UNIT ( * ) PLANE_ANGLE_UNIT ( ) SI_UNIT ( $, .RADIAN. ) );
#983 = UNCERTAINTY_MEASURE_WITH_UNIT (LENGTH_MEASURE( 1.000000000000000082E-05 ), #7499, 'distance_accuracy_value', 'NONE');
#984 = CARTESIAN_POINT ( 'NONE',  ( 1.600000000000000089, 0.0000000000000000000, -0.3650000000000001577 ) ) ;
#985 = DIRECTION ( 'NONE',  ( 0.0000000000000000000, 0.0000000000000000000, -1.000000000000000000 ) ) ;
#986 = EDGE_LOOP ( 'NONE', ( #2801, #3783, #3903, #827 ) ) ;
#987 = CARTESIAN_POINT ( 'NONE',  ( -0.8649999999999996581, 0.002499999999999970562, 2.000000000000000000 ) ) ;
#988 = ORIENTED_EDGE ( 'NONE', *, *, #6202, .F. ) ;
#989 = CARTESIAN_POINT ( 'NONE',  ( 0.3650000000000004352, 0.2000000000000000111, 2.001999999999999780 ) ) ;
#990 = AXIS2_PLACEMENT_3D ( 'NONE', #4373, #7986, #6687 ) ;
#991 = DIRECTION ( 'NONE',  ( 0.0000000000000000000, -1.000000000000000000, 0.0000000000000000000 ) ) ;
#992 = CARTESIAN_POINT ( 'NONE',  ( -0.3649999999999996581, 0.1999999999999999833, -2.000000000000000000 ) ) ;
#993 = UNCERTAINTY_MEASURE_WITH_UNIT (LENGTH_MEASURE( 1.000000000000000082E-05 ), #8838, 'distance_accuracy_value', 'NONE');
#994 = VECTOR ( 'NONE', #2696, 1000.000000000000000 ) ;
#995 = LINE ( 'NONE', #1854, #6880 ) ;
#996 = ORIENTED_EDGE ( 'NONE', *, *, #7512, .F. ) ;
#997 =( GEOMETRIC_REPRESENTATION_CONTEXT ( 3 ) GLOBAL_UNCERTAINTY_ASSIGNED_CONTEXT ( ( #5164 ) ) GLOBAL_UNIT_ASSIGNED_CONTEXT ( ( #7217, #868, #2208 ) ) REPRESENTATION_CONTEXT ( 'NONE', 'WORKASPACE' ) );
#998 = EDGE_LOOP ( 'NONE', ( #1534, #2320, #7522, #836 ) ) ;
#999 = SURFACE_STYLE_FILL_AREA ( #4472 ) ;
#1000 = CARTESIAN_POINT ( 'NONE',  ( -2.001999999999999780, 0.2025000000000000133, -0.6350000000000001199 ) ) ;
#1001 = LINE ( 'NONE', #2520, #7156 ) ;
#1002 = DIRECTION ( 'NONE',  ( -0.0000000000000000000, 0.0000000000000000000, 1.000000000000000000 ) ) ;
#1003 = CARTESIAN_POINT ( 'NONE',  ( 2.001999999999999780, 0.2025000000000000133, 0.1349999999999998701 ) ) ;
#1004 = CARTESIAN_POINT ( 'NONE',  ( -2.000000000000000000, 0.2024999999999999856, -0.6350000000000001199 ) ) ;
#1005 = VERTEX_POINT ( 'NONE', #7529 ) ;
#1006 = DIRECTION ( 'NONE',  ( -0.0000000000000000000, -0.0000000000000000000, 1.000000000000000000 ) ) ;
#1007 = LINE ( 'NONE', #5904, #1879 ) ;
#1008 = LINE ( 'NONE', #8804, #7762 ) ;
#1009 = EDGE_CURVE ( 'NONE', #8381, #7938, #4022, .T. ) ;
#1010 = EDGE_CURVE ( 'NONE', #8875, #8466, #1336, .T. ) ;
#1011 = CARTESIAN_POINT ( 'NONE',  ( -1.134999999999999787, -4.470451666064363791E-17, 1.600000000000000089 ) ) ;
#1012 = PLANE ( 'NONE',  #522 ) ;
#1013 = VECTOR ( 'NONE', #5845, 1000.000000000000000 ) ;
#1014 = PLANE ( 'NONE',  #7201 ) ;
#1015 = ORIENTED_EDGE ( 'NONE', *, *, #887, .F. ) ;
#1016 = FILL_AREA_STYLE ('',( #4545 ) ) ;
#1017 = ADVANCED_FACE ( 'NONE', ( #7624 ), #8443, .F. ) ;
#1018 = CARTESIAN_POINT ( 'NONE',  ( -2.000000000000000000, 0.002500000000000000052, 1.135000000000000231 ) ) ;
#1019 = EDGE_CURVE ( 'NONE', #6644, #8569, #4188, .T. ) ;
#1020 = CARTESIAN_POINT ( 'NONE',  ( -0.6349999999999995648, 0.1999999999999999833, 2.001999999999999780 ) ) ;
#1021 = LINE ( 'NONE', #3867, #5296 ) ;
#1022 = ORIENTED_EDGE ( 'NONE', *, *, #7192, .F. ) ;
#1023 = FILL_AREA_STYLE ('',( #8167 ) ) ;
#1024 = ORIENTED_EDGE ( 'NONE', *, *, #209, .F. ) ;
#1025 = ORIENTED_EDGE ( 'NONE', *, *, #1656, .T. ) ;
#1027 = EDGE_CURVE ( 'NONE', #240, #8622, #7012, .T. ) ;
#1026 = ORIENTED_EDGE ( 'NONE', *, *, #5880, .F. ) ;
#1028 = SURFACE_SIDE_STYLE ('',( #6684 ) ) ;
#1029 = CARTESIAN_POINT ( 'NONE',  ( -2.001999999999999780, 0.2025000000000000133, 1.135000000000000009 ) ) ;
#1030 =( LENGTH_UNIT ( ) NAMED_UNIT ( * ) SI_UNIT ( .MILLI., .METRE. ) );
#1031 = CARTESIAN_POINT ( 'NONE',  ( 0.1350000000000003419, 0.2000000000000000111, 2.001999999999999780 ) ) ;
#1032 = DIRECTION ( 'NONE',  ( 2.710505431213761578E-16, 0.0000000000000000000, 1.000000000000000000 ) ) ;
#1033 = DIRECTION ( 'NONE',  ( -0.0000000000000000000, 0.0000000000000000000, -1.000000000000000000 ) ) ;
#1034 = EDGE_LOOP ( 'NONE', ( #2458, #3885, #4129, #7000, #4003, #9091 ) ) ;
#1035 = UNCERTAINTY_MEASURE_WITH_UNIT (LENGTH_MEASURE( 1.000000000000000082E-05 ), #679, 'distance_accuracy_value', 'NONE');
#1036 = STYLED_ITEM ( 'NONE', ( #5964 ), #24 ) ;
#1037 = DIRECTION ( 'NONE',  ( 0.0000000000000000000, -1.000000000000000000, 0.0000000000000000000 ) ) ;
#1038 = ORIENTED_EDGE ( 'NONE', *, *, #4357, .T. ) ;
#1039 = LINE ( 'NONE', #8844, #17 ) ;
#1040 = DIRECTION ( 'NONE',  ( -0.0000000000000000000, -0.0000000000000000000, 1.000000000000000000 ) ) ;
#1041 = CARTESIAN_POINT ( 'NONE',  ( -2.000000000000000000, 0.2025000000000000133, -0.8650000000000001021 ) ) ;
#1042 = DIRECTION ( 'NONE',  ( -1.000000000000000000, 0.0000000000000000000, -0.0000000000000000000 ) ) ;
#1043 = CARTESIAN_POINT ( 'NONE',  ( -0.6349999999999995648, 0.002499999999999970562, 1.600000000000000089 ) ) ;
#1044 = UNCERTAINTY_MEASURE_WITH_UNIT (LENGTH_MEASURE( 1.000000000000000082E-05 ), #7996, 'distance_accuracy_value', 'NONE');
#1045 =( GEOMETRIC_REPRESENTATION_CONTEXT ( 3 ) GLOBAL_UNCERTAINTY_ASSIGNED_CONTEXT ( ( #7801 ) ) GLOBAL_UNIT_ASSIGNED_CONTEXT ( ( #422, #5345, #8788 ) ) REPRESENTATION_CONTEXT ( 'NONE', 'WORKASPACE' ) );
#1046 = SURFACE_STYLE_USAGE ( .BOTH. , #8991 ) ;
#1047 = ORIENTED_EDGE ( 'NONE', *, *, #4257, .T. ) ;
#1048 =( NAMED_UNIT ( * ) SI_UNIT ( $, .STERADIAN. ) SOLID_ANGLE_UNIT ( ) );
#1049 =( NAMED_UNIT ( * ) SI_UNIT ( $, .STERADIAN. ) SOLID_ANGLE_UNIT ( ) );
#1050 = CARTESIAN_POINT ( 'NONE',  ( 2.000000000000000000, 0.2025000000000000133, -1.365000000000000213 ) ) ;
#1051 = DIRECTION ( 'NONE',  ( 1.000000000000000000, -0.0000000000000000000, -0.0000000000000000000 ) ) ;
#1052 =( NAMED_UNIT ( * ) SI_UNIT ( $, .STERADIAN. ) SOLID_ANGLE_UNIT ( ) );
#1053 = COLOUR_RGB ( '',1.000000000000000000, 1.000000000000000000, 1.000000000000000000 ) ;
#1054 =( LENGTH_UNIT ( ) NAMED_UNIT ( * ) SI_UNIT ( .MILLI., .METRE. ) );
#1055 = EDGE_CURVE ( 'NONE', #4358, #1432, #4240, .T. ) ;
#1056 = PRESENTATION_LAYER_ASSIGNMENT (  '', '', ( #5612 ) ) ;
#1057 = UNCERTAINTY_MEASURE_WITH_UNIT (LENGTH_MEASURE( 1.000000000000000082E-05 ), #7216, 'distance_accuracy_value', 'NONE');
#1058 = SURFACE_SIDE_STYLE ('',( #7501 ) ) ;
#1059 = VERTEX_POINT ( 'NONE', #8494 ) ;
#1060 = DIRECTION ( 'NONE',  ( 4.065758146820642614E-16, 0.0000000000000000000, -1.000000000000000000 ) ) ;
#1061 = CARTESIAN_POINT ( 'NONE',  ( 1.135000000000000453, 0.2000000000000000389, -2.000000000000000000 ) ) ;
#1062 = STYLED_ITEM ( 'NONE', ( #2783 ), #5633 ) ;
#1063 = LINE ( 'NONE', #220, #2298 ) ;
#1064 = CARTESIAN_POINT ( 'NONE',  ( 2.001999999999999780, 0.2025000000000000133, 0.3649999999999998801 ) ) ;
#1065 = STYLED_ITEM ( 'NONE', ( #1244 ), #1792 ) ;
#1066 =( NAMED_UNIT ( * ) SI_UNIT ( $, .STERADIAN. ) SOLID_ANGLE_UNIT ( ) );
#1067 = PLANE ( 'NONE',  #6639 ) ;
#1068 = ADVANCED_FACE ( 'NONE', ( #1480 ), #7755, .T. ) ;
#1069 = ORIENTED_EDGE ( 'NONE', *, *, #5478, .F. ) ;
#1070 = EDGE_CURVE ( 'NONE', #2435, #1232, #4426, .T. ) ;
#1071 = DIRECTION ( 'NONE',  ( 1.000000000000000000, 0.0000000000000000000, 0.0000000000000000000 ) ) ;
#1072 = CARTESIAN_POINT ( 'NONE',  ( 2.000000000000000000, 0.002500000000000000052, 0.1349999999999998701 ) ) ;
#1073 = MECHANICAL_DESIGN_GEOMETRIC_PRESENTATION_REPRESENTATION (  '', ( #1532 ), #7127 ) ;
#1074 = ORIENTED_EDGE ( 'NONE', *, *, #425, .F. ) ;
#1075 = VERTEX_POINT ( 'NONE', #5071 ) ;
#1076 = VERTEX_POINT ( 'NONE', #2234 ) ;
#1077 = LINE ( 'NONE', #6069, #8300 ) ;
#1078 = CARTESIAN_POINT ( 'NONE',  ( -1.364999999999999769, -4.463288363752166281E-18, -2.000000000000000000 ) ) ;
#1079 = CARTESIAN_POINT ( 'NONE',  ( 2.000000000000000000, 0.0000000000000000000, -1.135000000000000009 ) ) ;
#1080 = CARTESIAN_POINT ( 'NONE',  ( 2.001999999999999780, 0.2025000000000000133, -0.6350000000000001199 ) ) ;
#1081 = PRESENTATION_LAYER_ASSIGNMENT (  '', '', ( #609 ) ) ;
#1082 = SURFACE_STYLE_FILL_AREA ( #3170 ) ;
#1083 = CARTESIAN_POINT ( 'NONE',  ( 1.499999999999999778, 0.8979999999999999094, -1.500000000000000000 ) ) ;
#1084 = CARTESIAN_POINT ( 'NONE',  ( 2.000000000000000000, 0.002500000000000000052, -0.6350000000000000089 ) ) ;
#1085 =( NAMED_UNIT ( * ) SI_UNIT ( $, .STERADIAN. ) SOLID_ANGLE_UNIT ( ) );
#1086 = EDGE_CURVE ( 'NONE', #8281, #4205, #8736, .T. ) ;
#1087 = PRESENTATION_LAYER_ASSIGNMENT (  '', '', ( #7294 ) ) ;
#1088 = ORIENTED_EDGE ( 'NONE', *, *, #6336, .F. ) ;
#1089 = LINE ( 'NONE', #1856, #2268 ) ;
#1090 = ORIENTED_EDGE ( 'NONE', *, *, #7454, .T. ) ;
#1091 = CARTESIAN_POINT ( 'NONE',  ( 0.3650000000000004352, 0.002500000000000000052, -2.000000000000000000 ) ) ;
#1092 = SURFACE_SIDE_STYLE ('',( #8884 ) ) ;
#1093 = COLOUR_RGB ( '',1.000000000000000000, 1.000000000000000000, 1.000000000000000000 ) ;
#1094 = COLOUR_RGB ( '',1.000000000000000000, 1.000000000000000000, 1.000000000000000000 ) ;
#1095 = DIRECTION ( 'NONE',  ( -1.000000000000000000, 0.0000000000000000000, -0.0000000000000000000 ) ) ;
#1096 = CARTESIAN_POINT ( 'NONE',  ( 1.600000000000000089, 0.002500000000000000052, -0.6350000000000000089 ) ) ;
#1097 = PLANE ( 'NONE',  #5269 ) ;
#1098 = DIRECTION ( 'NONE',  ( 0.0000000000000000000, 1.000000000000000000, 0.0000000000000000000 ) ) ;
#1099 = CARTESIAN_POINT ( 'NONE',  ( 1.600000000000000089, 0.002500000000000000052, -0.8650000000000001021 ) ) ;
#1100 = PRESENTATION_LAYER_ASSIGNMENT (  '', '', ( #4787 ) ) ;
#1101 = DIRECTION ( 'NONE',  ( 1.000000000000000000, 0.0000000000000000000, 0.0000000000000000000 ) ) ;
#1102 = CARTESIAN_POINT ( 'NONE',  ( 1.600000000000000089, 0.002500000000000000052, 0.8649999999999999911 ) ) ;
#1103 = ORIENTED_EDGE ( 'NONE', *, *, #2347, .T. ) ;
#1104 = PRESENTATION_LAYER_ASSIGNMENT (  '', '', ( #2455 ) ) ;
#1105 = CARTESIAN_POINT ( 'NONE',  ( 2.001999999999999780, 0.2025000000000000133, 1.364999999999999991 ) ) ;
#1106 =( NAMED_UNIT ( * ) SI_UNIT ( $, .STERADIAN. ) SOLID_ANGLE_UNIT ( ) );
#1107 = ORIENTED_EDGE ( 'NONE', *, *, #6625, .F. ) ;
#1108 =( GEOMETRIC_REPRESENTATION_CONTEXT ( 3 ) GLOBAL_UNCERTAINTY_ASSIGNED_CONTEXT ( ( #4753 ) ) GLOBAL_UNIT_ASSIGNED_CONTEXT ( ( #264, #8620, #1658 ) ) REPRESENTATION_CONTEXT ( 'NONE', 'WORKASPACE' ) );
#1109 = COLOUR_RGB ( '',1.000000000000000000, 1.000000000000000000, 1.000000000000000000 ) ;
#1110 = FILL_AREA_STYLE ('',( #2611 ) ) ;
#1111 = CARTESIAN_POINT ( 'NONE',  ( 0.3650000000000004352, 0.0000000000000000000, 2.001999999999999780 ) ) ;
#1112 = STYLED_ITEM ( 'NONE', ( #9041 ), #3802 ) ;
#1113 = PRESENTATION_LAYER_ASSIGNMENT (  '', '', ( #2468 ) ) ;
#1114 = DIRECTION ( 'NONE',  ( -0.0000000000000000000, 0.0000000000000000000, 1.000000000000000000 ) ) ;
#1115 = AXIS2_PLACEMENT_3D ( 'NONE', #3189, #7490, #6004 ) ;
#1116 =( LENGTH_UNIT ( ) NAMED_UNIT ( * ) SI_UNIT ( .MILLI., .METRE. ) );
#1117 = CARTESIAN_POINT ( 'NONE',  ( -0.1349999999999995925, 0.1999999999999999833, -2.001999999999999780 ) ) ;
#1118 = ORIENTED_EDGE ( 'NONE', *, *, #6227, .T. ) ;
#1119 = MECHANICAL_DESIGN_GEOMETRIC_PRESENTATION_REPRESENTATION (  '', ( #7915 ), #493 ) ;
#1120 = SURFACE_STYLE_FILL_AREA ( #7503 ) ;
#1121 = MECHANICAL_DESIGN_GEOMETRIC_PRESENTATION_REPRESENTATION (  '', ( #5526 ), #6280 ) ;
#1122 = STYLED_ITEM ( 'NONE', ( #2330 ), #7693 ) ;
#1123 = EDGE_CURVE ( 'NONE', #5990, #676, #4378, .T. ) ;
#1124 = SURFACE_STYLE_FILL_AREA ( #9085 ) ;
#1125 = FILL_AREA_STYLE ('',( #4000 ) ) ;
#1126 = COLOUR_RGB ( '',1.000000000000000000, 1.000000000000000000, 1.000000000000000000 ) ;
#1127 = COLOUR_RGB ( '',1.000000000000000000, 1.000000000000000000, 1.000000000000000000 ) ;
#1128 = CARTESIAN_POINT ( 'NONE',  ( -2.000000000000000000, 0.002500000000000000052, -1.364999999999999991 ) ) ;
#1129 =( NAMED_UNIT ( * ) PLANE_ANGLE_UNIT ( ) SI_UNIT ( $, .RADIAN. ) );
#1130 = ORIENTED_EDGE ( 'NONE', *, *, #4287, .T. ) ;
#1131 = STYLED_ITEM ( 'NONE', ( #6950 ), #7845 ) ;
#1132 = DIRECTION ( 'NONE',  ( 1.000000000000000000, -0.0000000000000000000, -0.0000000000000000000 ) ) ;
#1133 = FILL_AREA_STYLE ('',( #6597 ) ) ;
#1134 = ORIENTED_EDGE ( 'NONE', *, *, #260, .T. ) ;
#1135 = ORIENTED_EDGE ( 'NONE', *, *, #5515, .T. ) ;
#1136 = VECTOR ( 'NONE', #842, 1000.000000000000000 ) ;
#1137 = CARTESIAN_POINT ( 'NONE',  ( -1.364999999999999547, -4.470451666064363791E-17, 1.600000000000000089 ) ) ;
#1138 = DIRECTION ( 'NONE',  ( 0.0000000000000000000, -1.000000000000000000, 0.0000000000000000000 ) ) ;
#1139 = EDGE_CURVE ( 'NONE', #8479, #1740, #6559, .T. ) ;
#1140 = DIRECTION ( 'NONE',  ( 0.0000000000000000000, 0.0000000000000000000, 1.000000000000000000 ) ) ;
#1141 = FILL_AREA_STYLE_COLOUR ( '', #7053 ) ;
#1142 = EDGE_CURVE ( 'NONE', #7789, #7938, #7151, .T. ) ;
#1143 = FILL_AREA_STYLE_COLOUR ( '', #5236 ) ;
#1144 = CARTESIAN_POINT ( 'NONE',  ( -2.001999999999999780, 0.2025000000000000133, 0.6349999999999998979 ) ) ;
#1145 = CARTESIAN_POINT ( 'NONE',  ( -1.134999999999999787, 0.002499999999999995715, -2.000000000000000000 ) ) ;
#1146 = ORIENTED_EDGE ( 'NONE', *, *, #6947, .F. ) ;
#1147 = UNCERTAINTY_MEASURE_WITH_UNIT (LENGTH_MEASURE( 1.000000000000000082E-05 ), #3564, 'distance_accuracy_value', 'NONE');
#1148 = FILL_AREA_STYLE_COLOUR ( '', #1827 ) ;
#1149 = DIRECTION ( 'NONE',  ( 0.0000000000000000000, -0.0000000000000000000, -1.000000000000000000 ) ) ;
#1150 =( GEOMETRIC_REPRESENTATION_CONTEXT ( 3 ) GLOBAL_UNCERTAINTY_ASSIGNED_CONTEXT ( ( #5338 ) ) GLOBAL_UNIT_ASSIGNED_CONTEXT ( ( #2086, #5744, #4880 ) ) REPRESENTATION_CONTEXT ( 'NONE', 'WORKASPACE' ) );
#1151 = LINE ( 'NONE', #5215, #6751 ) ;
#1152 =( NAMED_UNIT ( * ) PLANE_ANGLE_UNIT ( ) SI_UNIT ( $, .RADIAN. ) );
#1153 = DIRECTION ( 'NONE',  ( -2.710505431213761578E-16, 0.0000000000000000000, 1.000000000000000000 ) ) ;
#1154 = COLOUR_RGB ( '',1.000000000000000000, 1.000000000000000000, 1.000000000000000000 ) ;
#1155 = LINE ( 'NONE', #2683, #2494 ) ;
#1156 = CARTESIAN_POINT ( 'NONE',  ( -0.3649999999999996581, -1.490150555354787828E-17, -2.001999999999999780 ) ) ;
#1157 = EDGE_CURVE ( 'NONE', #4483, #6929, #5702, .T. ) ;
#1158 = PRESENTATION_STYLE_ASSIGNMENT (( #6174 ) ) ;
#1159 = VECTOR ( 'NONE', #6287, 1000.000000000000000 ) ;
#1160 = ORIENTED_EDGE ( 'NONE', *, *, #8213, .F. ) ;
#1161 = DIRECTION ( 'NONE',  ( 0.0000000000000000000, 0.0000000000000000000, -1.000000000000000000 ) ) ;
#1162 = SURFACE_STYLE_FILL_AREA ( #1744 ) ;
#1163 = PRESENTATION_LAYER_ASSIGNMENT (  '', '', ( #7211 ) ) ;
#1164 = EDGE_CURVE ( 'NONE', #6560, #3587, #6513, .T. ) ;
#1165 = CARTESIAN_POINT ( 'NONE',  ( -1.364999999999999769, 0.1999999999999999556, -2.000000000000000000 ) ) ;
#1166 =( LENGTH_UNIT ( ) NAMED_UNIT ( * ) SI_UNIT ( .MILLI., .METRE. ) );
#1167 = STYLED_ITEM ( 'NONE', ( #6353 ), #9013 ) ;
#1168 =( NAMED_UNIT ( * ) SI_UNIT ( $, .STERADIAN. ) SOLID_ANGLE_UNIT ( ) );
#1169 = UNCERTAINTY_MEASURE_WITH_UNIT (LENGTH_MEASURE( 1.000000000000000082E-05 ), #1054, 'distance_accuracy_value', 'NONE');
#1170 = EDGE_LOOP ( 'NONE', ( #1469, #945, #3525, #3220 ) ) ;
#1171 = FILL_AREA_STYLE_COLOUR ( '', #8353 ) ;
#1172 = PRESENTATION_STYLE_ASSIGNMENT (( #8902 ) ) ;
#1173 =( GEOMETRIC_REPRESENTATION_CONTEXT ( 3 ) GLOBAL_UNCERTAINTY_ASSIGNED_CONTEXT ( ( #4220 ) ) GLOBAL_UNIT_ASSIGNED_CONTEXT ( ( #618, #3669, #4947 ) ) REPRESENTATION_CONTEXT ( 'NONE', 'WORKASPACE' ) );
#1174 = VECTOR ( 'NONE', #3134, 1000.000000000000000 ) ;
#1175 = PRESENTATION_STYLE_ASSIGNMENT (( #7507 ) ) ;
#1176 = PRESENTATION_STYLE_ASSIGNMENT (( #5540 ) ) ;
#1177 = ORIENTED_EDGE ( 'NONE', *, *, #3108, .T. ) ;
#1178 = CARTESIAN_POINT ( 'NONE',  ( -2.000000000000000000, 0.2025000000000000133, 1.364999999999999991 ) ) ;
#1179 = PRESENTATION_STYLE_ASSIGNMENT (( #6733 ) ) ;
#1180 = ORIENTED_EDGE ( 'NONE', *, *, #5462, .F. ) ;
#1181 = EDGE_LOOP ( 'NONE', ( #323, #5903, #2043, #4147, #3659, #3307 ) ) ;
#1182 = CARTESIAN_POINT ( 'NONE',  ( -0.6349999999999995648, 0.1999999999999999833, 2.001999999999999780 ) ) ;
#1183 = LINE ( 'NONE', #3272, #7447 ) ;
#1184 = FACE_OUTER_BOUND ( 'NONE', #4909, .T. ) ;
#1185 = FILL_AREA_STYLE ('',( #7603 ) ) ;
#1186 = FILL_AREA_STYLE ('',( #4176 ) ) ;
#1187 = EDGE_CURVE ( 'NONE', #2909, #7605, #802, .T. ) ;
#1188 = EDGE_CURVE ( 'NONE', #4260, #3515, #5896, .T. ) ;
#1189 = FILL_AREA_STYLE ('',( #280 ) ) ;
#1190 = ORIENTED_EDGE ( 'NONE', *, *, #7069, .F. ) ;
#1191 =( NAMED_UNIT ( * ) PLANE_ANGLE_UNIT ( ) SI_UNIT ( $, .RADIAN. ) );
#1192 = CARTESIAN_POINT ( 'NONE',  ( -0.6349999999999995648, 0.002499999999999970562, 1.600000000000000089 ) ) ;
#1193 = DIRECTION ( 'NONE',  ( -0.0000000000000000000, -0.0000000000000000000, -1.000000000000000000 ) ) ;
#1194 = SURFACE_STYLE_FILL_AREA ( #5600 ) ;
#1195 = DIRECTION ( 'NONE',  ( 0.0000000000000000000, 0.0000000000000000000, 1.000000000000000000 ) ) ;
#1196 = VERTEX_POINT ( 'NONE', #7850 ) ;
#1197 = DIRECTION ( 'NONE',  ( 0.0000000000000000000, 1.000000000000000000, 0.0000000000000000000 ) ) ;
#1198 = EDGE_CURVE ( 'NONE', #678, #4167, #8543, .T. ) ;
#1199 = FILL_AREA_STYLE ('',( #8365 ) ) ;
#1200 = VECTOR ( 'NONE', #5271, 1000.000000000000000 ) ;
#1201 = VECTOR ( 'NONE', #3612, 1000.000000000000000 ) ;
#1202 = CARTESIAN_POINT ( 'NONE',  ( 1.600000000000000089, 0.0000000000000000000, 0.3649999999999999911 ) ) ;
#1203 = CARTESIAN_POINT ( 'NONE',  ( -2.000000000000000000, 0.9000000000000000222, 2.000000000000000000 ) ) ;
#1204 = SURFACE_STYLE_USAGE ( .BOTH. , #7536 ) ;
#1205 = FACE_OUTER_BOUND ( 'NONE', #14, .T. ) ;
#1206 = MECHANICAL_DESIGN_GEOMETRIC_PRESENTATION_REPRESENTATION (  '', ( #5467 ), #2102 ) ;
#1207 = COLOUR_RGB ( '',0.7529411764705882248, 0.7529411764705882248, 0.7529411764705882248 ) ;
#1208 = EDGE_CURVE ( 'NONE', #2947, #7426, #6472, .T. ) ;
#1209 = PRESENTATION_STYLE_ASSIGNMENT (( #403 ) ) ;
#1210 = ORIENTED_EDGE ( 'NONE', *, *, #4076, .T. ) ;
#1211 = DIRECTION ( 'NONE',  ( 0.0000000000000000000, -1.000000000000000000, -0.0000000000000000000 ) ) ;
#1212 = CARTESIAN_POINT ( 'NONE',  ( 2.001999999999999780, 0.002500000000000000052, 1.364999999999999991 ) ) ;
#1213 = PRESENTATION_LAYER_ASSIGNMENT (  '', '', ( #9195 ) ) ;
#1214 = VECTOR ( 'NONE', #7784, 1000.000000000000000 ) ;
#1215 = LINE ( 'NONE', #5535, #7735 ) ;
#1216 = DIRECTION ( 'NONE',  ( 0.0000000000000000000, -1.000000000000000000, 0.0000000000000000000 ) ) ;
#1217 = VECTOR ( 'NONE', #9012, 1000.000000000000000 ) ;
#1218 = SURFACE_STYLE_FILL_AREA ( #1933 ) ;
#1219 = ORIENTED_EDGE ( 'NONE', *, *, #1602, .F. ) ;
#1220 = CARTESIAN_POINT ( 'NONE',  ( -2.000000000000000000, 0.002500000000000000052, -2.000000000000000000 ) ) ;
#1221 = ORIENTED_EDGE ( 'NONE', *, *, #478, .T. ) ;
#1222 = ORIENTED_EDGE ( 'NONE', *, *, #3743, .T. ) ;
#1223 = VERTEX_POINT ( 'NONE', #3701 ) ;
#1224 = SURFACE_STYLE_FILL_AREA ( #3221 ) ;
#1225 = DIRECTION ( 'NONE',  ( 0.0000000000000000000, 0.0000000000000000000, 1.000000000000000000 ) ) ;
#1226 = VECTOR ( 'NONE', #6007, 1000.000000000000000 ) ;
#1227 =( LENGTH_UNIT ( ) NAMED_UNIT ( * ) SI_UNIT ( .MILLI., .METRE. ) );
#1228 = PRESENTATION_STYLE_ASSIGNMENT (( #544 ) ) ;
#1229 = DIRECTION ( 'NONE',  ( 0.0000000000000000000, -0.0000000000000000000, -1.000000000000000000 ) ) ;
#1230 = VECTOR ( 'NONE', #9196, 1000.000000000000000 ) ;
#1231 = EDGE_LOOP ( 'NONE', ( #4212, #1026, #2201, #2444, #6987, #621 ) ) ;
#1232 = VERTEX_POINT ( 'NONE', #95 ) ;
#1233 =( GEOMETRIC_REPRESENTATION_CONTEXT ( 3 ) GLOBAL_UNCERTAINTY_ASSIGNED_CONTEXT ( ( #4843 ) ) GLOBAL_UNIT_ASSIGNED_CONTEXT ( ( #5435, #6169, #5994 ) ) REPRESENTATION_CONTEXT ( 'NONE', 'WORKASPACE' ) );
#1234 = FACE_OUTER_BOUND ( 'NONE', #963, .T. ) ;
#1235 = CARTESIAN_POINT ( 'NONE',  ( 2.001999999999999780, 0.2025000000000000133, 0.1349999999999998701 ) ) ;
#1236 = DIRECTION ( 'NONE',  ( 0.0000000000000000000, 1.000000000000000000, 0.0000000000000000000 ) ) ;
#1237 = CARTESIAN_POINT ( 'NONE',  ( 1.600000000000000089, 0.002500000000000000052, 0.6349999999999998979 ) ) ;
#1238 = LINE ( 'NONE', #9024, #6843 ) ;
#1239 = ADVANCED_FACE ( 'NONE', ( #1679 ), #5853, .F. ) ;
#1240 = PLANE ( 'NONE',  #7443 ) ;
#1241 = VECTOR ( 'NONE', #7466, 1000.000000000000000 ) ;
#1242 = SURFACE_STYLE_FILL_AREA ( #8989 ) ;
#1243 = UNCERTAINTY_MEASURE_WITH_UNIT (LENGTH_MEASURE( 1.000000000000000082E-05 ), #5326, 'distance_accuracy_value', 'NONE');
#1244 = PRESENTATION_STYLE_ASSIGNMENT (( #5311 ) ) ;
#1245 = LINE ( 'NONE', #1339, #6600 ) ;
#1246 =( GEOMETRIC_REPRESENTATION_CONTEXT ( 3 ) GLOBAL_UNCERTAINTY_ASSIGNED_CONTEXT ( ( #1519 ) ) GLOBAL_UNIT_ASSIGNED_CONTEXT ( ( #4679, #7494, #1049 ) ) REPRESENTATION_CONTEXT ( 'NONE', 'WORKASPACE' ) );
#1247 = CARTESIAN_POINT ( 'NONE',  ( 0.8650000000000004352, 0.2000000000000000389, 2.001999999999999780 ) ) ;
#1248 = MECHANICAL_DESIGN_GEOMETRIC_PRESENTATION_REPRESENTATION (  '', ( #4787 ), #4928 ) ;
#1249 = EDGE_CURVE ( 'NONE', #7660, #3159, #3128, .T. ) ;
#1250 = MECHANICAL_DESIGN_GEOMETRIC_PRESENTATION_REPRESENTATION (  '', ( #8952 ), #3778 ) ;
#1251 = ADVANCED_FACE ( 'NONE', ( #7379 ), #8090, .F. ) ;
#1252 =( NAMED_UNIT ( * ) PLANE_ANGLE_UNIT ( ) SI_UNIT ( $, .RADIAN. ) );
#1253 = VECTOR ( 'NONE', #8933, 1000.000000000000000 ) ;
#1254 = PRESENTATION_LAYER_ASSIGNMENT (  '', '', ( #8342 ) ) ;
#1255 = LINE ( 'NONE', #4766, #7907 ) ;
#1256 = PRESENTATION_LAYER_ASSIGNMENT (  '', '', ( #4509 ) ) ;
#1257 = ORIENTED_EDGE ( 'NONE', *, *, #2904, .T. ) ;
#1258 = FILL_AREA_STYLE ('',( #9035 ) ) ;
#1259 = MECHANICAL_DESIGN_GEOMETRIC_PRESENTATION_REPRESENTATION (  '', ( #1112 ), #6729 ) ;
#1260 = COLOUR_RGB ( '',1.000000000000000000, 1.000000000000000000, 1.000000000000000000 ) ;
#1261 = FACE_OUTER_BOUND ( 'NONE', #8467, .T. ) ;
#1262 = COLOUR_RGB ( '',1.000000000000000000, 1.000000000000000000, 1.000000000000000000 ) ;
#1263 = FACE_OUTER_BOUND ( 'NONE', #6357, .T. ) ;
#1264 = COLOUR_RGB ( '',1.000000000000000000, 1.000000000000000000, 1.000000000000000000 ) ;
#1265 = VECTOR ( 'NONE', #4757, 1000.000000000000000 ) ;
#1266 = ORIENTED_EDGE ( 'NONE', *, *, #887, .T. ) ;
#1267 = PLANE ( 'NONE',  #5097 ) ;
#1268 = ORIENTED_EDGE ( 'NONE', *, *, #5430, .F. ) ;
#1269 = EDGE_LOOP ( 'NONE', ( #776, #9179, #1190, #7873, #5879, #612, #3895, #2995, #5062, #6209, #6015, #1613, #4731, #6376, #1391, #7036, #5601, #8927, #7830, #8014, #7910, #840, #7836, #7461, #7561, #6120, #5739, #7607 ) ) ;
#1270 = VECTOR ( 'NONE', #6510, 1000.000000000000000 ) ;
#1271 = ORIENTED_EDGE ( 'NONE', *, *, #6527, .F. ) ;
#1272 =( LENGTH_UNIT ( ) NAMED_UNIT ( * ) SI_UNIT ( .MILLI., .METRE. ) );
#1273 = LINE ( 'NONE', #1318, #8464 ) ;
#1274 = FACE_OUTER_BOUND ( 'NONE', #461, .T. ) ;
#1275 = EDGE_CURVE ( 'NONE', #3263, #2679, #1089, .T. ) ;
#1276 = FACE_OUTER_BOUND ( 'NONE', #7609, .T. ) ;
#1277 = FILL_AREA_STYLE ('',( #1143 ) ) ;
#1278 = COLOUR_RGB ( '',1.000000000000000000, 1.000000000000000000, 1.000000000000000000 ) ;
#1279 = SURFACE_SIDE_STYLE ('',( #6256 ) ) ;
#1280 = SURFACE_STYLE_USAGE ( .BOTH. , #6165 ) ;
#1281 = VERTEX_POINT ( 'NONE', #6748 ) ;
#1282 = VECTOR ( 'NONE', #6312, 1000.000000000000000 ) ;
#1283 = ORIENTED_EDGE ( 'NONE', *, *, #3362, .T. ) ;
#1284 = ORIENTED_EDGE ( 'NONE', *, *, #2823, .T. ) ;
#1285 = PRODUCT_DEFINITION_SHAPE ( 'NONE', 'NONE',  #6091 ) ;
#1286 =( GEOMETRIC_REPRESENTATION_CONTEXT ( 3 ) GLOBAL_UNCERTAINTY_ASSIGNED_CONTEXT ( ( #3320 ) ) GLOBAL_UNIT_ASSIGNED_CONTEXT ( ( #6857, #411, #6903 ) ) REPRESENTATION_CONTEXT ( 'NONE', 'WORKASPACE' ) );
#1287 = DIRECTION ( 'NONE',  ( 1.000000000000000000, 0.0000000000000000000, 0.0000000000000000000 ) ) ;
#1288 = CARTESIAN_POINT ( 'NONE',  ( 2.000000000000000000, 0.002500000000000000052, 0.8649999999999998801 ) ) ;
#1289 =( LENGTH_UNIT ( ) NAMED_UNIT ( * ) SI_UNIT ( .MILLI., .METRE. ) );
#1290 = CARTESIAN_POINT ( 'NONE',  ( -2.001999999999999780, 0.002500000000000000052, 1.135000000000000009 ) ) ;
#1291 = SURFACE_STYLE_FILL_AREA ( #6272 ) ;
#1292 = ORIENTED_EDGE ( 'NONE', *, *, #1188, .T. ) ;
#1293 = SURFACE_STYLE_USAGE ( .BOTH. , #8316 ) ;
#1294 = EDGE_CURVE ( 'NONE', #3553, #1432, #6791, .T. ) ;
#1295 = MECHANICAL_DESIGN_GEOMETRIC_PRESENTATION_REPRESENTATION (  '', ( #1761 ), #2352 ) ;
#1296 = FILL_AREA_STYLE ('',( #8400 ) ) ;
#1297 = CARTESIAN_POINT ( 'NONE',  ( 0.6350000000000003419, 0.2000000000000000389, -2.001999999999999780 ) ) ;
#1298 = VECTOR ( 'NONE', #6869, 1000.000000000000000 ) ;
#1299 =( NAMED_UNIT ( * ) PLANE_ANGLE_UNIT ( ) SI_UNIT ( $, .RADIAN. ) );
#1300 = EDGE_CURVE ( 'NONE', #4866, #1806, #4014, .T. ) ;
#1301 = VECTOR ( 'NONE', #7753, 1000.000000000000000 ) ;
#1302 = DIRECTION ( 'NONE',  ( 0.0000000000000000000, 1.000000000000000000, 0.0000000000000000000 ) ) ;
#1303 = EDGE_CURVE ( 'NONE', #3948, #3515, #3976, .T. ) ;
#1304 = VERTEX_POINT ( 'NONE', #460 ) ;
#1305 = EDGE_CURVE ( 'NONE', #3218, #3952, #2597, .T. ) ;
#1306 = DIRECTION ( 'NONE',  ( -0.0000000000000000000, -1.000000000000000000, -0.0000000000000000000 ) ) ;
#1307 = COLOUR_RGB ( '',1.000000000000000000, 1.000000000000000000, 1.000000000000000000 ) ;
#1308 = DIRECTION ( 'NONE',  ( -0.0000000000000000000, -0.0000000000000000000, -1.000000000000000000 ) ) ;
#1309 = DIRECTION ( 'NONE',  ( -1.000000000000000000, -0.0000000000000000000, -0.0000000000000000000 ) ) ;
#1310 = ORIENTED_EDGE ( 'NONE', *, *, #1423, .F. ) ;
#1311 = DIRECTION ( 'NONE',  ( 1.000000000000000000, 0.0000000000000000000, 0.0000000000000000000 ) ) ;
#1312 = EDGE_CURVE ( 'NONE', #4034, #3301, #4664, .T. ) ;
#1313 = ORIENTED_EDGE ( 'NONE', *, *, #5685, .F. ) ;
#1314 = ORIENTED_EDGE ( 'NONE', *, *, #8101, .F. ) ;
#1315 = MECHANICAL_DESIGN_GEOMETRIC_PRESENTATION_REPRESENTATION (  '', ( #3243 ), #4413 ) ;
#1316 = ORIENTED_EDGE ( 'NONE', *, *, #6895, .T. ) ;
#1317 = DIRECTION ( 'NONE',  ( 1.000000000000000000, -0.0000000000000000000, -0.0000000000000000000 ) ) ;
#1318 = CARTESIAN_POINT ( 'NONE',  ( -2.000000000000000000, 0.0000000000000000000, 0.1350000000000000366 ) ) ;
#1319 = CARTESIAN_POINT ( 'NONE',  ( 0.8650000000000004352, 0.2000000000000000389, 2.001999999999999780 ) ) ;
#1320 = DIRECTION ( 'NONE',  ( -0.0000000000000000000, -1.000000000000000000, -0.0000000000000000000 ) ) ;
#1321 =( LENGTH_UNIT ( ) NAMED_UNIT ( * ) SI_UNIT ( .MILLI., .METRE. ) );
#1322 = FILL_AREA_STYLE ('',( #2638 ) ) ;
#1323 = PLANE ( 'NONE',  #2220 ) ;
#1324 = VECTOR ( 'NONE', #7794, 1000.000000000000000 ) ;
#1325 = EDGE_LOOP ( 'NONE', ( #1867, #4389, #1905, #8601 ) ) ;
#1326 = EDGE_CURVE ( 'NONE', #8851, #152, #8229, .T. ) ;
#1327 = ORIENTED_EDGE ( 'NONE', *, *, #6645, .T. ) ;
#1328 = CARTESIAN_POINT ( 'NONE',  ( -2.001999999999999780, 0.002500000000000000052, -0.1350000000000001477 ) ) ;
#1329 = ORIENTED_EDGE ( 'NONE', *, *, #708, .T. ) ;
#1330 = DIRECTION ( 'NONE',  ( -0.0000000000000000000, -1.000000000000000000, -0.0000000000000000000 ) ) ;
#1331 = FILL_AREA_STYLE ('',( #7612 ) ) ;
#1332 = CARTESIAN_POINT ( 'NONE',  ( 1.365000000000000435, 0.2000000000000000389, -2.001999999999999780 ) ) ;
#1333 =( NAMED_UNIT ( * ) PLANE_ANGLE_UNIT ( ) SI_UNIT ( $, .RADIAN. ) );
#1334 = CARTESIAN_POINT ( 'NONE',  ( -1.250000000000000000, 0.002500000000000000052, -1.250000000000000000 ) ) ;
#1335 = UNCERTAINTY_MEASURE_WITH_UNIT (LENGTH_MEASURE( 1.000000000000000082E-05 ), #7052, 'distance_accuracy_value', 'NONE');
#1336 = LINE ( 'NONE', #4146, #3721 ) ;
#1337 = ORIENTED_EDGE ( 'NONE', *, *, #5921, .T. ) ;
#1338 = FILL_AREA_STYLE_COLOUR ( '', #6699 ) ;
#1339 = CARTESIAN_POINT ( 'NONE',  ( -0.6349999999999995648, 0.1999999999999999833, 2.000000000000000000 ) ) ;
#1340 = PRESENTATION_STYLE_ASSIGNMENT (( #3383 ) ) ;
#1341 = CARTESIAN_POINT ( 'NONE',  ( 1.365000000000000435, 2.980301110709575655E-17, -2.001999999999999780 ) ) ;
#1342 = DIRECTION ( 'NONE',  ( -1.000000000000000000, 0.0000000000000000000, 0.0000000000000000000 ) ) ;
#1343 = FILL_AREA_STYLE ('',( #2288 ) ) ;
#1344 = EDGE_LOOP ( 'NONE', ( #2386, #6943, #4728, #1700 ) ) ;
#1345 = UNCERTAINTY_MEASURE_WITH_UNIT (LENGTH_MEASURE( 1.000000000000000082E-05 ), #2793, 'distance_accuracy_value', 'NONE');
#1346 = VECTOR ( 'NONE', #1956, 1000.000000000000000 ) ;
#1347 = DIRECTION ( 'NONE',  ( -0.0000000000000000000, -1.000000000000000000, -0.0000000000000000000 ) ) ;
#1348 = MECHANICAL_DESIGN_GEOMETRIC_PRESENTATION_REPRESENTATION (  '', ( #8582 ), #3277 ) ;
#1349 = ORIENTED_EDGE ( 'NONE', *, *, #8602, .T. ) ;
#1350 = DIRECTION ( 'NONE',  ( 1.000000000000000000, -0.0000000000000000000, -0.0000000000000000000 ) ) ;
#1351 = DIRECTION ( 'NONE',  ( 0.0000000000000000000, -0.0000000000000000000, 1.000000000000000000 ) ) ;
#1352 = COLOUR_RGB ( '',1.000000000000000000, 1.000000000000000000, 1.000000000000000000 ) ;
#1353 = ADVANCED_FACE ( 'NONE', ( #5390 ), #7478, .T. ) ;
#1354 = FILL_AREA_STYLE_COLOUR ( '', #5855 ) ;
#1355 = ORIENTED_EDGE ( 'NONE', *, *, #1294, .F. ) ;
#1356 = DIRECTION ( 'NONE',  ( 1.000000000000000000, 0.0000000000000000000, 0.0000000000000000000 ) ) ;
#1357 = ORIENTED_EDGE ( 'NONE', *, *, #3859, .F. ) ;
#1358 =( LENGTH_UNIT ( ) NAMED_UNIT ( * ) SI_UNIT ( .MILLI., .METRE. ) );
#1359 = ORIENTED_EDGE ( 'NONE', *, *, #4408, .T. ) ;
#1360 = VECTOR ( 'NONE', #3005, 1000.000000000000000 ) ;
#1361 = MECHANICAL_DESIGN_GEOMETRIC_PRESENTATION_REPRESENTATION (  '', ( #296 ), #1678 ) ;
#1362 = EDGE_LOOP ( 'NONE', ( #1130, #5796, #1284, #4964 ) ) ;
#1363 = LINE ( 'NONE', #6300, #155 ) ;
#1364 = PLANE ( 'NONE',  #18 ) ;
#1365 = EDGE_CURVE ( 'NONE', #7510, #7813, #4102, .T. ) ;
#1366 = FILL_AREA_STYLE_COLOUR ( '', #1864 ) ;
#1367 = MECHANICAL_DESIGN_GEOMETRIC_PRESENTATION_REPRESENTATION (  '', ( #9195 ), #7110 ) ;
#1368 = ADVANCED_FACE ( 'NONE', ( #2081 ), #6259, .F. ) ;
#1369 = LINE ( 'NONE', #7521, #2363 ) ;
#1370 = ORIENTED_EDGE ( 'NONE', *, *, #8904, .T. ) ;
#1371 = COLOUR_RGB ( '',1.000000000000000000, 1.000000000000000000, 1.000000000000000000 ) ;
#1372 = ORIENTED_EDGE ( 'NONE', *, *, #6325, .T. ) ;
#1373 = CARTESIAN_POINT ( 'NONE',  ( -1.364999999999999547, 0.1999999999999999833, -2.000000000000000000 ) ) ;
#1374 = ORIENTED_EDGE ( 'NONE', *, *, #6153, .T. ) ;
#1375 = DIRECTION ( 'NONE',  ( -0.0000000000000000000, -0.0000000000000000000, -1.000000000000000000 ) ) ;
#1376 = DIRECTION ( 'NONE',  ( -0.0000000000000000000, -1.000000000000000000, -0.0000000000000000000 ) ) ;
#1377 = VECTOR ( 'NONE', #8556, 1000.000000000000000 ) ;
#1378 = CARTESIAN_POINT ( 'NONE',  ( -0.1349999999999994815, 0.1999999999999999833, -2.000000000000000000 ) ) ;
#1379 = ADVANCED_FACE ( 'NONE', ( #8303 ), #4059, .F. ) ;
#1380 = PRESENTATION_STYLE_ASSIGNMENT (( #4882 ) ) ;
#1381 = CARTESIAN_POINT ( 'NONE',  ( 2.000000000000000000, 0.0000000000000000000, 1.365000000000000213 ) ) ;
#1382 = DIRECTION ( 'NONE',  ( -0.0000000000000000000, -1.000000000000000000, -0.0000000000000000000 ) ) ;
#1383 = ORIENTED_EDGE ( 'NONE', *, *, #958, .F. ) ;
#1384 = CARTESIAN_POINT ( 'NONE',  ( -1.600000000000000089, 0.002500000000000000052, 1.365000000000000213 ) ) ;
#1385 = VECTOR ( 'NONE', #3592, 1000.000000000000000 ) ;
#1386 = DIRECTION ( 'NONE',  ( 0.0000000000000000000, 0.0000000000000000000, -1.000000000000000000 ) ) ;
#1387 = CARTESIAN_POINT ( 'NONE',  ( 1.135000000000000675, 2.980301110709575655E-17, 1.600000000000000089 ) ) ;
#1388 = PRESENTATION_LAYER_ASSIGNMENT (  '', '', ( #3306 ) ) ;
#1389 = PRESENTATION_STYLE_ASSIGNMENT (( #1204 ) ) ;
#1390 = AXIS2_PLACEMENT_3D ( 'NONE', #1777, #4573, #4476 ) ;
#1391 = ORIENTED_EDGE ( 'NONE', *, *, #2138, .F. ) ;
#1392 = VECTOR ( 'NONE', #1712, 1000.000000000000000 ) ;
#1393 = CARTESIAN_POINT ( 'NONE',  ( 2.000000000000000000, 0.002500000000000000052, 0.6350000000000000089 ) ) ;
#1394 = ORIENTED_EDGE ( 'NONE', *, *, #4193, .F. ) ;
#1395 = DIRECTION ( 'NONE',  ( -0.0000000000000000000, -1.000000000000000000, -0.0000000000000000000 ) ) ;
#1396 = MECHANICAL_DESIGN_GEOMETRIC_PRESENTATION_REPRESENTATION (  '', ( #7890 ), #3029 ) ;
#1397 = PRESENTATION_STYLE_ASSIGNMENT (( #5293 ) ) ;
#1398 = SURFACE_STYLE_USAGE ( .BOTH. , #20 ) ;
#1399 = LINE ( 'NONE', #824, #2496 ) ;
#1400 = VERTEX_POINT ( 'NONE', #3586 ) ;
#1401 = DIRECTION ( 'NONE',  ( -0.0000000000000000000, -0.0000000000000000000, -1.000000000000000000 ) ) ;
#1402 = ORIENTED_EDGE ( 'NONE', *, *, #4029, .F. ) ;
#1403 = COLOUR_RGB ( '',1.000000000000000000, 1.000000000000000000, 1.000000000000000000 ) ;
#1404 = EDGE_CURVE ( 'NONE', #4734, #8029, #4368, .T. ) ;
#1405 = ORIENTED_EDGE ( 'NONE', *, *, #2197, .F. ) ;
#1406 =( NAMED_UNIT ( * ) PLANE_ANGLE_UNIT ( ) SI_UNIT ( $, .RADIAN. ) );
#1407 =( GEOMETRIC_REPRESENTATION_CONTEXT ( 3 ) GLOBAL_UNCERTAINTY_ASSIGNED_CONTEXT ( ( #1044 ) ) GLOBAL_UNIT_ASSIGNED_CONTEXT ( ( #7996, #5173, #288 ) ) REPRESENTATION_CONTEXT ( 'NONE', 'WORKASPACE' ) );
#1408 = FILL_AREA_STYLE_COLOUR ( '', #8782 ) ;
#1409 = LINE ( 'NONE', #4219, #2007 ) ;
#1410 = AXIS2_PLACEMENT_3D ( 'NONE', #2492, #1211, #3257 ) ;
#1411 = LINE ( 'NONE', #5632, #3179 ) ;
#1412 = PRESENTATION_LAYER_ASSIGNMENT (  '', '', ( #6428 ) ) ;
#1413 = FILL_AREA_STYLE_COLOUR ( '', #4563 ) ;
#1414 = ORIENTED_EDGE ( 'NONE', *, *, #8473, .F. ) ;
#1415 = STYLED_ITEM ( 'NONE', ( #4255 ), #7355 ) ;
#1416 = ORIENTED_EDGE ( 'NONE', *, *, #6740, .F. ) ;
#1417 = SURFACE_STYLE_USAGE ( .BOTH. , #6356 ) ;
#1418 = EDGE_CURVE ( 'NONE', #2111, #4836, #3081, .T. ) ;
#1419 = ORIENTED_EDGE ( 'NONE', *, *, #2008, .T. ) ;
#1420 = CARTESIAN_POINT ( 'NONE',  ( -1.364999999999999769, 0.1999999999999999556, 2.001999999999999780 ) ) ;
#1421 = CARTESIAN_POINT ( 'NONE',  ( -2.000000000000000000, 0.9000000000000000222, 2.000000000000000000 ) ) ;
#1422 = STYLED_ITEM ( 'NONE', ( #7438 ), #3521 ) ;
#1423 = EDGE_CURVE ( 'NONE', #6257, #8466, #2994, .T. ) ;
#1424 = CARTESIAN_POINT ( 'NONE',  ( -0.8649999999999996581, 0.1999999999999999833, -2.001999999999999780 ) ) ;
#1425 = VECTOR ( 'NONE', #3091, 1000.000000000000000 ) ;
#1426 = FILL_AREA_STYLE_COLOUR ( '', #3769 ) ;
#1427 = SURFACE_STYLE_USAGE ( .BOTH. , #9067 ) ;
#1428 = CARTESIAN_POINT ( 'NONE',  ( 0.3650000000000004352, 0.002500000000000006557, -2.000000000000000000 ) ) ;
#1429 = LINE ( 'NONE', #701, #8540 ) ;
#1430 = COLOUR_RGB ( '',1.000000000000000000, 1.000000000000000000, 1.000000000000000000 ) ;
#1431 = UNCERTAINTY_MEASURE_WITH_UNIT (LENGTH_MEASURE( 1.000000000000000082E-05 ), #5155, 'distance_accuracy_value', 'NONE');
#1432 = VERTEX_POINT ( 'NONE', #1663 ) ;
#1433 = SURFACE_STYLE_USAGE ( .BOTH. , #7101 ) ;
#1434 = VECTOR ( 'NONE', #1795, 1000.000000000000000 ) ;
#1435 = ADVANCED_FACE ( 'NONE', ( #6500 ), #5738, .F. ) ;
#1436 = LINE ( 'NONE', #5443, #501 ) ;
#1437 = EDGE_CURVE ( 'NONE', #1232, #6698, #5058, .T. ) ;
#1438 = SURFACE_SIDE_STYLE ('',( #4802 ) ) ;
#1439 = COLOUR_RGB ( '',1.000000000000000000, 1.000000000000000000, 1.000000000000000000 ) ;
#1440 = CARTESIAN_POINT ( 'NONE',  ( 2.001999999999999780, 0.2025000000000000133, -0.1350000000000001477 ) ) ;
#1441 =( NAMED_UNIT ( * ) SI_UNIT ( $, .STERADIAN. ) SOLID_ANGLE_UNIT ( ) );
#1442 = MECHANICAL_DESIGN_GEOMETRIC_PRESENTATION_REPRESENTATION (  '', ( #8238 ), #7331 ) ;
#1443 = CARTESIAN_POINT ( 'NONE',  ( -2.001999999999999780, 0.2025000000000000133, 0.3649999999999998801 ) ) ;
#1444 = ORIENTED_EDGE ( 'NONE', *, *, #5031, .T. ) ;
#1445 = VECTOR ( 'NONE', #2020, 1000.000000000000000 ) ;
#1446 = UNCERTAINTY_MEASURE_WITH_UNIT (LENGTH_MEASURE( 1.000000000000000082E-05 ), #3697, 'distance_accuracy_value', 'NONE');
#1447 = EDGE_CURVE ( 'NONE', #563, #8143, #6548, .T. ) ;
#1448 = ORIENTED_EDGE ( 'NONE', *, *, #2447, .T. ) ;
#1449 =( LENGTH_UNIT ( ) NAMED_UNIT ( * ) SI_UNIT ( .MILLI., .METRE. ) );
#1450 = COLOUR_RGB ( '',1.000000000000000000, 1.000000000000000000, 1.000000000000000000 ) ;
#1451 = FILL_AREA_STYLE ('',( #7260 ) ) ;
#1452 =( GEOMETRIC_REPRESENTATION_CONTEXT ( 3 ) GLOBAL_UNCERTAINTY_ASSIGNED_CONTEXT ( ( #567 ) ) GLOBAL_UNIT_ASSIGNED_CONTEXT ( ( #8010, #4490, #3954 ) ) REPRESENTATION_CONTEXT ( 'NONE', 'WORKASPACE' ) );
#1453 = CARTESIAN_POINT ( 'NONE',  ( 2.001999999999999780, 0.2025000000000000133, -0.8650000000000001021 ) ) ;
#1454 = DIRECTION ( 'NONE',  ( -0.0000000000000000000, -1.000000000000000000, -0.0000000000000000000 ) ) ;
#1455 = FILL_AREA_STYLE ('',( #21 ) ) ;
#1456 = PRESENTATION_LAYER_ASSIGNMENT (  '', '', ( #8693 ) ) ;
#1457 = CARTESIAN_POINT ( 'NONE',  ( -2.000000000000000000, 0.0000000000000000000, -0.6350000000000000089 ) ) ;
#1458 = CARTESIAN_POINT ( 'NONE',  ( 0.8650000000000004352, 0.2000000000000000389, 2.000000000000000000 ) ) ;
#1459 = EDGE_LOOP ( 'NONE', ( #5613, #3363, #3163, #5715 ) ) ;
#1460 = LINE ( 'NONE', #7081, #8486 ) ;
#1461 = ORIENTED_EDGE ( 'NONE', *, *, #3166, .F. ) ;
#1462 = VERTEX_POINT ( 'NONE', #7196 ) ;
#1463 = LINE ( 'NONE', #6252, #3887 ) ;
#1464 = PRESENTATION_STYLE_ASSIGNMENT (( #7131 ) ) ;
#1465 = PLANE ( 'NONE',  #7159 ) ;
#1466 = CARTESIAN_POINT ( 'NONE',  ( -1.600000000000000089, 0.0000000000000000000, -1.135000000000000009 ) ) ;
#1467 = CARTESIAN_POINT ( 'NONE',  ( 2.000000000000000000, 0.2024999999999999856, 1.364999999999999991 ) ) ;
#1468 = DIRECTION ( 'NONE',  ( 0.0000000000000000000, -0.0000000000000000000, -1.000000000000000000 ) ) ;
#1469 = ORIENTED_EDGE ( 'NONE', *, *, #3900, .T. ) ;
#1470 =( NAMED_UNIT ( * ) PLANE_ANGLE_UNIT ( ) SI_UNIT ( $, .RADIAN. ) );
#1471 = VERTEX_POINT ( 'NONE', #5108 ) ;
#1472 = CARTESIAN_POINT ( 'NONE',  ( 1.000000000000000000, 0.0005000000000000003357, 1.250000000000000000 ) ) ;
#1473 = FILL_AREA_STYLE ('',( #3640 ) ) ;
#1474 =( NAMED_UNIT ( * ) PLANE_ANGLE_UNIT ( ) SI_UNIT ( $, .RADIAN. ) );
#1475 = CARTESIAN_POINT ( 'NONE',  ( 2.001999999999999780, 0.2025000000000000133, 1.135000000000000009 ) ) ;
#1476 =( GEOMETRIC_REPRESENTATION_CONTEXT ( 3 ) GLOBAL_UNCERTAINTY_ASSIGNED_CONTEXT ( ( #6810 ) ) GLOBAL_UNIT_ASSIGNED_CONTEXT ( ( #5256, #4602, #2453 ) ) REPRESENTATION_CONTEXT ( 'NONE', 'WORKASPACE' ) );
#1477 = CARTESIAN_POINT ( 'NONE',  ( -2.001999999999999780, 0.2025000000000000133, 0.3649999999999998801 ) ) ;
#1478 = EDGE_CURVE ( 'NONE', #1706, #9058, #932, .T. ) ;
#1479 = LINE ( 'NONE', #7097, #243 ) ;
#1480 = FACE_OUTER_BOUND ( 'NONE', #3279, .T. ) ;
#1481 = EDGE_LOOP ( 'NONE', ( #197, #5301, #2987, #1448 ) ) ;
#1482 = CARTESIAN_POINT ( 'NONE',  ( 0.3650000000000004352, 0.2000000000000000111, -2.001999999999999780 ) ) ;
#1483 = LINE ( 'NONE', #2335, #4527 ) ;
#1484 =( NAMED_UNIT ( * ) PLANE_ANGLE_UNIT ( ) SI_UNIT ( $, .RADIAN. ) );
#1485 = FILL_AREA_STYLE_COLOUR ( '', #452 ) ;
#1486 = ADVANCED_FACE ( 'NONE', ( #5839 ), #2360, .T. ) ;
#1487 = LINE ( 'NONE', #62, #9136 ) ;
#1488 = EDGE_CURVE ( 'NONE', #6859, #8143, #3309, .T. ) ;
#1489 = CARTESIAN_POINT ( 'NONE',  ( -2.000000000000000000, 0.002500000000000000052, 0.1349999999999998701 ) ) ;
#1490 = VERTEX_POINT ( 'NONE', #1072 ) ;
#1491 = DIRECTION ( 'NONE',  ( 0.0000000000000000000, 0.0000000000000000000, 1.000000000000000000 ) ) ;
#1492 = ADVANCED_FACE ( 'NONE', ( #3161 ), #1709, .F. ) ;
#1493 = SURFACE_SIDE_STYLE ('',( #2983 ) ) ;
#1494 = AXIS2_PLACEMENT_3D ( 'NONE', #980, #5192, #7928 ) ;
#1495 = PRESENTATION_STYLE_ASSIGNMENT (( #4860 ) ) ;
#1496 =( GEOMETRIC_REPRESENTATION_CONTEXT ( 3 ) GLOBAL_UNCERTAINTY_ASSIGNED_CONTEXT ( ( #6619 ) ) GLOBAL_UNIT_ASSIGNED_CONTEXT ( ( #8204, #438, #7360 ) ) REPRESENTATION_CONTEXT ( 'NONE', 'WORKASPACE' ) );
#1497 = DIRECTION ( 'NONE',  ( 0.0000000000000000000, -1.000000000000000000, 0.0000000000000000000 ) ) ;
#1498 = VERTEX_POINT ( 'NONE', #6641 ) ;
#1499 = EDGE_LOOP ( 'NONE', ( #9007, #6540, #9034, #3821 ) ) ;
#1500 = ORIENTED_EDGE ( 'NONE', *, *, #8028, .T. ) ;
#1501 = AXIS2_PLACEMENT_3D ( 'NONE', #6705, #4071, #5352 ) ;
#1502 = COLOUR_RGB ( '',1.000000000000000000, 1.000000000000000000, 1.000000000000000000 ) ;
#1503 = DIRECTION ( 'NONE',  ( -2.710505431213761578E-16, 0.0000000000000000000, -1.000000000000000000 ) ) ;
#1504 = PRESENTATION_STYLE_ASSIGNMENT (( #123 ) ) ;
#1505 = SURFACE_STYLE_USAGE ( .BOTH. , #124 ) ;
#1506 = ORIENTED_EDGE ( 'NONE', *, *, #4010, .T. ) ;
#1507 = CARTESIAN_POINT ( 'NONE',  ( -2.000000000000000000, 0.002500000000000000052, 0.3649999999999999911 ) ) ;
#1508 = ORIENTED_EDGE ( 'NONE', *, *, #6202, .T. ) ;
#1509 = LINE ( 'NONE', #2957, #3766 ) ;
#1510 = ORIENTED_EDGE ( 'NONE', *, *, #1303, .F. ) ;
#1511 = DIRECTION ( 'NONE',  ( 0.0000000000000000000, -1.000000000000000000, 0.0000000000000000000 ) ) ;
#1512 = DIRECTION ( 'NONE',  ( -0.0000000000000000000, -1.000000000000000000, -0.0000000000000000000 ) ) ;
#1513 = DIRECTION ( 'NONE',  ( 0.0000000000000000000, 0.0000000000000000000, 1.000000000000000000 ) ) ;
#1514 = PRESENTATION_LAYER_ASSIGNMENT (  '', '', ( #149 ) ) ;
#1515 = LINE ( 'NONE', #7056, #1385 ) ;
#1516 = STYLED_ITEM ( 'NONE', ( #2897 ), #598 ) ;
#1517 = CARTESIAN_POINT ( 'NONE',  ( -2.000000000000000000, 0.9000000000000000222, 2.000000000000000000 ) ) ;
#1518 = AXIS2_PLACEMENT_3D ( 'NONE', #2485, #8860, #8061 ) ;
#1519 = UNCERTAINTY_MEASURE_WITH_UNIT (LENGTH_MEASURE( 1.000000000000000082E-05 ), #4679, 'distance_accuracy_value', 'NONE');
#1520 = CARTESIAN_POINT ( 'NONE',  ( 2.001999999999999780, 0.002500000000000000052, 0.6349999999999998979 ) ) ;
#1521 = ORIENTED_EDGE ( 'NONE', *, *, #913, .T. ) ;
#1522 = VECTOR ( 'NONE', #8604, 1000.000000000000000 ) ;
#1523 = DIRECTION ( 'NONE',  ( -1.000000000000000000, 0.0000000000000000000, -4.065758146820642614E-16 ) ) ;
#1524 = EDGE_CURVE ( 'NONE', #7714, #861, #7594, .T. ) ;
#1525 = COLOUR_RGB ( '',1.000000000000000000, 1.000000000000000000, 1.000000000000000000 ) ;
#1526 = DIRECTION ( 'NONE',  ( -1.000000000000000000, 0.0000000000000000000, 0.0000000000000000000 ) ) ;
#1527 = PLANE ( 'NONE',  #5516 ) ;
#1528 = PRESENTATION_STYLE_ASSIGNMENT (( #756 ) ) ;
#1529 = ORIENTED_EDGE ( 'NONE', *, *, #2658, .T. ) ;
#1530 = UNCERTAINTY_MEASURE_WITH_UNIT (LENGTH_MEASURE( 1.000000000000000082E-05 ), #1916, 'distance_accuracy_value', 'NONE');
#1531 = LINE ( 'NONE', #3135, #7688 ) ;
#1532 = STYLED_ITEM ( 'NONE', ( #5258 ), #5944 ) ;
#1533 = DIRECTION ( 'NONE',  ( -0.0000000000000000000, -1.000000000000000000, -0.0000000000000000000 ) ) ;
#1534 = ORIENTED_EDGE ( 'NONE', *, *, #7926, .F. ) ;
#1535 =( NAMED_UNIT ( * ) SI_UNIT ( $, .STERADIAN. ) SOLID_ANGLE_UNIT ( ) );
#1536 =( GEOMETRIC_REPRESENTATION_CONTEXT ( 3 ) GLOBAL_UNCERTAINTY_ASSIGNED_CONTEXT ( ( #3551 ) ) GLOBAL_UNIT_ASSIGNED_CONTEXT ( ( #8594, #283, #2281 ) ) REPRESENTATION_CONTEXT ( 'NONE', 'WORKASPACE' ) );
#1537 = EDGE_CURVE ( 'NONE', #7882, #6942, #5713, .T. ) ;
#1538 = PRESENTATION_STYLE_ASSIGNMENT (( #627 ) ) ;
#1539 =( GEOMETRIC_REPRESENTATION_CONTEXT ( 3 ) GLOBAL_UNCERTAINTY_ASSIGNED_CONTEXT ( ( #5949 ) ) GLOBAL_UNIT_ASSIGNED_CONTEXT ( ( #6992, #3445, #5552 ) ) REPRESENTATION_CONTEXT ( 'NONE', 'WORKASPACE' ) );
#1540 =( NAMED_UNIT ( * ) PLANE_ANGLE_UNIT ( ) SI_UNIT ( $, .RADIAN. ) );
#1541 = PRESENTATION_STYLE_ASSIGNMENT (( #1398 ) ) ;
#1542 = CARTESIAN_POINT ( 'NONE',  ( 1.600000000000000089, 0.002500000000000000052, -0.1350000000000000089 ) ) ;
#1543 = LINE ( 'NONE', #6291, #6460 ) ;
#1544 = MECHANICAL_DESIGN_GEOMETRIC_PRESENTATION_REPRESENTATION (  '', ( #5498 ), #2596 ) ;
#1545 = LINE ( 'NONE', #3572, #1754 ) ;
#1546 = DIRECTION ( 'NONE',  ( -1.000000000000000000, 0.0000000000000000000, 0.0000000000000000000 ) ) ;
#1547 = ORIENTED_EDGE ( 'NONE', *, *, #7388, .T. ) ;
#1548 = ORIENTED_EDGE ( 'NONE', *, *, #2347, .F. ) ;
#1550 = EDGE_CURVE ( 'NONE', #8275, #678, #6105, .T. ) ;
#1549 = EDGE_LOOP ( 'NONE', ( #4305, #3409, #5507, #6068 ) ) ;
#1551 = CARTESIAN_POINT ( 'NONE',  ( 2.000000000000000000, 0.002500000000000000052, -0.8650000000000001021 ) ) ;
#1552 =( GEOMETRIC_REPRESENTATION_CONTEXT ( 3 ) GLOBAL_UNCERTAINTY_ASSIGNED_CONTEXT ( ( #5748 ) ) GLOBAL_UNIT_ASSIGNED_CONTEXT ( ( #7808, #9164, #2827 ) ) REPRESENTATION_CONTEXT ( 'NONE', 'WORKASPACE' ) );
#1553 = EDGE_CURVE ( 'NONE', #2881, #5288, #7548, .T. ) ;
#1554 = STYLED_ITEM ( 'NONE', ( #1228 ), #7059 ) ;
#1555 = PRESENTATION_LAYER_ASSIGNMENT (  '', '', ( #8952 ) ) ;
#1556 = FACE_OUTER_BOUND ( 'NONE', #4517, .T. ) ;
#1557 = FILL_AREA_STYLE ('',( #2809 ) ) ;
#1558 = PRESENTATION_LAYER_ASSIGNMENT (  '', '', ( #2607 ) ) ;
#1559 = EDGE_LOOP ( 'NONE', ( #9142, #5252, #1146, #4662 ) ) ;
#1560 = CARTESIAN_POINT ( 'NONE',  ( -2.001999999999999780, 0.002500000000000000052, -0.3650000000000001577 ) ) ;
#1561 = ORIENTED_EDGE ( 'NONE', *, *, #8850, .T. ) ;
#1562 = PRESENTATION_LAYER_ASSIGNMENT (  '', '', ( #4203 ) ) ;
#1564 = EDGE_CURVE ( 'NONE', #3274, #174, #8962, .T. ) ;
#1563 = ORIENTED_EDGE ( 'NONE', *, *, #4020, .F. ) ;
#1565 =( GEOMETRIC_REPRESENTATION_CONTEXT ( 3 ) GLOBAL_UNCERTAINTY_ASSIGNED_CONTEXT ( ( #3755 ) ) GLOBAL_UNIT_ASSIGNED_CONTEXT ( ( #5753, #6373, #7160 ) ) REPRESENTATION_CONTEXT ( 'NONE', 'WORKASPACE' ) );
#1566 = CARTESIAN_POINT ( 'NONE',  ( 2.001999999999999780, 0.2025000000000000133, 0.3649999999999998801 ) ) ;
#1567 =( NAMED_UNIT ( * ) SI_UNIT ( $, .STERADIAN. ) SOLID_ANGLE_UNIT ( ) );
#1568 = MECHANICAL_DESIGN_GEOMETRIC_PRESENTATION_REPRESENTATION (  '', ( #3057 ), #6117 ) ;
#1569 = CARTESIAN_POINT ( 'NONE',  ( 0.8650000000000004352, 0.2000000000000000389, 2.001999999999999780 ) ) ;
#1570 = VECTOR ( 'NONE', #4033, 1000.000000000000000 ) ;
#1571 = PRESENTATION_STYLE_ASSIGNMENT (( #4276 ) ) ;
#1572 = PRESENTATION_LAYER_ASSIGNMENT (  '', '', ( #5398 ) ) ;
#1573 = SURFACE_SIDE_STYLE ('',( #5068 ) ) ;
#1574 = FILL_AREA_STYLE ('',( #7241 ) ) ;
#1575 = ORIENTED_EDGE ( 'NONE', *, *, #844, .F. ) ;
#1576 = CARTESIAN_POINT ( 'NONE',  ( 2.001999999999999780, 0.2025000000000000133, 0.3649999999999998801 ) ) ;
#1577 = STYLED_ITEM ( 'NONE', ( #529 ), #4030 ) ;
#1578 = EDGE_LOOP ( 'NONE', ( #40, #6298, #8468, #5487, #5772, #8526 ) ) ;
#1579 = VECTOR ( 'NONE', #3061, 1000.000000000000000 ) ;
#1580 = SURFACE_SIDE_STYLE ('',( #6608 ) ) ;
#1581 = DIRECTION ( 'NONE',  ( -1.000000000000000000, 0.0000000000000000000, -0.0000000000000000000 ) ) ;
#1582 = SURFACE_SIDE_STYLE ('',( #3799 ) ) ;
#1583 = CIRCLE ( 'NONE', #8817, 0.1000000000000000472 ) ;
#1584 =( LENGTH_UNIT ( ) NAMED_UNIT ( * ) SI_UNIT ( .MILLI., .METRE. ) );
#1585 = CARTESIAN_POINT ( 'NONE',  ( 1.600000000000000089, 0.002500000000000000052, 1.365000000000000213 ) ) ;
#1586 = VECTOR ( 'NONE', #8278, 1000.000000000000000 ) ;
#1587 = PRESENTATION_LAYER_ASSIGNMENT (  '', '', ( #5114 ) ) ;
#1588 = STYLED_ITEM ( 'NONE', ( #8120 ), #7995 ) ;
#1589 = CARTESIAN_POINT ( 'NONE',  ( 2.000000000000000000, 0.002500000000000000052, -0.1350000000000000089 ) ) ;
#1590 = ORIENTED_EDGE ( 'NONE', *, *, #5323, .T. ) ;
#1591 = FILL_AREA_STYLE_COLOUR ( '', #3628 ) ;
#1592 = ORIENTED_EDGE ( 'NONE', *, *, #6667, .F. ) ;
#1593 = STYLED_ITEM ( 'NONE', ( #1619 ), #4588 ) ;
#1594 = CARTESIAN_POINT ( 'NONE',  ( 2.000000000000000000, 0.2025000000000000133, 0.8649999999999998801 ) ) ;
#1595 = MECHANICAL_DESIGN_GEOMETRIC_PRESENTATION_REPRESENTATION (  '', ( #221 ), #7190 ) ;
#1596 = SURFACE_SIDE_STYLE ('',( #5137 ) ) ;
#1597 = SURFACE_STYLE_USAGE ( .BOTH. , #7821 ) ;
#1598 = FILL_AREA_STYLE_COLOUR ( '', #7444 ) ;
#1599 = LINE ( 'NONE', #1290, #6277 ) ;
#1600 = VECTOR ( 'NONE', #8768, 1000.000000000000000 ) ;
#1601 = PLANE ( 'NONE',  #3364 ) ;
#1602 = EDGE_CURVE ( 'NONE', #6696, #3148, #6861, .T. ) ;
#1603 = COLOUR_RGB ( '',1.000000000000000000, 1.000000000000000000, 1.000000000000000000 ) ;
#1604 = ORIENTED_EDGE ( 'NONE', *, *, #2246, .F. ) ;
#1605 = FACE_OUTER_BOUND ( 'NONE', #3248, .T. ) ;
#1606 = ORIENTED_EDGE ( 'NONE', *, *, #9138, .F. ) ;
#1607 = AXIS2_PLACEMENT_3D ( 'NONE', #6579, #5958, #6626 ) ;
#1608 = CARTESIAN_POINT ( 'NONE',  ( -1.600000000000000089, 0.0000000000000000000, 1.135000000000000009 ) ) ;
#1609 = SURFACE_STYLE_USAGE ( .BOTH. , #5148 ) ;
#1610 =( LENGTH_UNIT ( ) NAMED_UNIT ( * ) SI_UNIT ( .MILLI., .METRE. ) );
#1611 = LINE ( 'NONE', #83, #6779 ) ;
#1612 = EDGE_CURVE ( 'NONE', #2756, #1232, #9006, .T. ) ;
#1613 = ORIENTED_EDGE ( 'NONE', *, *, #2832, .F. ) ;
#1614 = ADVANCED_FACE ( 'NONE', ( #815 ), #8289, .F. ) ;
#1615 = SURFACE_STYLE_USAGE ( .BOTH. , #225 ) ;
#1616 = ORIENTED_EDGE ( 'NONE', *, *, #651, .T. ) ;
#1617 = PRESENTATION_LAYER_ASSIGNMENT (  '', '', ( #2652 ) ) ;
#1618 = ORIENTED_EDGE ( 'NONE', *, *, #1164, .T. ) ;
#1619 = PRESENTATION_STYLE_ASSIGNMENT (( #5742 ) ) ;
#1620 = CARTESIAN_POINT ( 'NONE',  ( 0.3650000000000004352, 0.2000000000000000111, 2.001999999999999780 ) ) ;
#1621 = CARTESIAN_POINT ( 'NONE',  ( 2.000000000000000000, 0.002500000000000000052, 0.6350000000000000089 ) ) ;
#1622 = CARTESIAN_POINT ( 'NONE',  ( 0.6350000000000003419, 1.487762787917389017E-18, -2.000000000000000000 ) ) ;
#1623 = ADVANCED_FACE ( 'NONE', ( #1935 ), #6332, .T. ) ;
#1624 = ORIENTED_EDGE ( 'NONE', *, *, #1721, .T. ) ;
#1625 = UNCERTAINTY_MEASURE_WITH_UNIT (LENGTH_MEASURE( 1.000000000000000082E-05 ), #6823, 'distance_accuracy_value', 'NONE');
#1626 = DIRECTION ( 'NONE',  ( -1.000000000000000000, 0.0000000000000000000, 0.0000000000000000000 ) ) ;
#1627 = ORIENTED_EDGE ( 'NONE', *, *, #5439, .T. ) ;
#1628 = SURFACE_SIDE_STYLE ('',( #8738 ) ) ;
#1629 = SURFACE_STYLE_USAGE ( .BOTH. , #3601 ) ;
#1630 =( NAMED_UNIT ( * ) SI_UNIT ( $, .STERADIAN. ) SOLID_ANGLE_UNIT ( ) );
#1631 = PRESENTATION_LAYER_ASSIGNMENT (  '', '', ( #1779 ) ) ;
#1632 = VECTOR ( 'NONE', #5174, 1000.000000000000000 ) ;
#1633 =( NAMED_UNIT ( * ) PLANE_ANGLE_UNIT ( ) SI_UNIT ( $, .RADIAN. ) );
#1634 = CARTESIAN_POINT ( 'NONE',  ( 2.000000000000000000, 0.9000000000000000222, -2.000000000000000000 ) ) ;
#1635 = MECHANICAL_DESIGN_GEOMETRIC_PRESENTATION_REPRESENTATION (  '', ( #5564 ), #4858 ) ;
#1636 = UNCERTAINTY_MEASURE_WITH_UNIT (LENGTH_MEASURE( 1.000000000000000082E-05 ), #7451, 'distance_accuracy_value', 'NONE');
#1637 = CARTESIAN_POINT ( 'NONE',  ( 2.001999999999999780, 0.002500000000000000052, 0.6349999999999998979 ) ) ;
#1638 = ORIENTED_EDGE ( 'NONE', *, *, #8253, .F. ) ;
#1639 = UNCERTAINTY_MEASURE_WITH_UNIT (LENGTH_MEASURE( 1.000000000000000082E-05 ), #729, 'distance_accuracy_value', 'NONE');
#1640 = CARTESIAN_POINT ( 'NONE',  ( -2.000000000000000000, 0.002500000000000000052, -2.000000000000000000 ) ) ;
#1641 = PLANE ( 'NONE',  #5675 ) ;
#1642 = ORIENTED_EDGE ( 'NONE', *, *, #3817, .T. ) ;
#1643 = LINE ( 'NONE', #1594, #7542 ) ;
#1644 = CARTESIAN_POINT ( 'NONE',  ( 2.000000000000000000, 0.002500000000000000052, -0.8649999999999999911 ) ) ;
#1645 = CARTESIAN_POINT ( 'NONE',  ( 2.000000000000000000, 0.002500000000000000052, 1.364999999999999991 ) ) ;
#1646 = SURFACE_STYLE_FILL_AREA ( #5957 ) ;
#1647 = CARTESIAN_POINT ( 'NONE',  ( -2.000000000000000000, 0.9000000000000000222, -2.000000000000000000 ) ) ;
#1648 = CARTESIAN_POINT ( 'NONE',  ( 1.600000000000000089, 0.002500000000000000052, -1.135000000000000009 ) ) ;
#1649 = UNCERTAINTY_MEASURE_WITH_UNIT (LENGTH_MEASURE( 1.000000000000000082E-05 ), #424, 'distance_accuracy_value', 'NONE');
#1650 = FILL_AREA_STYLE_COLOUR ( '', #2175 ) ;
#1651 = ORIENTED_EDGE ( 'NONE', *, *, #8599, .T. ) ;
#1652 =( NAMED_UNIT ( * ) SI_UNIT ( $, .STERADIAN. ) SOLID_ANGLE_UNIT ( ) );
#1653 = ORIENTED_EDGE ( 'NONE', *, *, #300, .F. ) ;
#1654 = ORIENTED_EDGE ( 'NONE', *, *, #3510, .T. ) ;
#1655 = DIRECTION ( 'NONE',  ( 0.0000000000000000000, -1.000000000000000000, 0.0000000000000000000 ) ) ;
#1656 = EDGE_CURVE ( 'NONE', #5541, #676, #2426, .T. ) ;
#1657 = LINE ( 'NONE', #1793, #8186 ) ;
#1658 =( NAMED_UNIT ( * ) SI_UNIT ( $, .STERADIAN. ) SOLID_ANGLE_UNIT ( ) );
#1659 = SURFACE_SIDE_STYLE ('',( #7273 ) ) ;
#1660 = LINE ( 'NONE', #8770, #2195 ) ;
#1661 =( NAMED_UNIT ( * ) PLANE_ANGLE_UNIT ( ) SI_UNIT ( $, .RADIAN. ) );
#1662 = ORIENTED_EDGE ( 'NONE', *, *, #1832, .F. ) ;
#1663 = CARTESIAN_POINT ( 'NONE',  ( -0.1349999999999995925, -1.490150555354787828E-17, 2.001999999999999780 ) ) ;
#1664 = ORIENTED_EDGE ( 'NONE', *, *, #2400, .F. ) ;
#1665 = VECTOR ( 'NONE', #7958, 1000.000000000000000 ) ;
#1666 = ORIENTED_EDGE ( 'NONE', *, *, #3452, .T. ) ;
#1667 = SURFACE_STYLE_FILL_AREA ( #2365 ) ;
#1668 = LINE ( 'NONE', #6685, #611 ) ;
#1669 = EDGE_CURVE ( 'NONE', #7041, #4333, #7214, .T. ) ;
#1670 = DIRECTION ( 'NONE',  ( 1.000000000000000000, 0.0000000000000000000, 0.0000000000000000000 ) ) ;
#1671 = EDGE_CURVE ( 'NONE', #4825, #1471, #3851, .T. ) ;
#1672 = PLANE ( 'NONE',  #1715 ) ;
#1673 = UNCERTAINTY_MEASURE_WITH_UNIT (LENGTH_MEASURE( 1.000000000000000082E-05 ), #3995, 'distance_accuracy_value', 'NONE');
#1674 = CARTESIAN_POINT ( 'NONE',  ( -0.6349999999999995648, -2.980301110709575655E-17, 1.600000000000000089 ) ) ;
#1675 = STYLED_ITEM ( 'NONE', ( #8882 ), #1251 ) ;
#1676 = CARTESIAN_POINT ( 'NONE',  ( 1.135000000000000675, 0.002500000000000003088, -1.600000000000000089 ) ) ;
#1677 = PRESENTATION_STYLE_ASSIGNMENT (( #5989 ) ) ;
#1678 =( GEOMETRIC_REPRESENTATION_CONTEXT ( 3 ) GLOBAL_UNCERTAINTY_ASSIGNED_CONTEXT ( ( #3013 ) ) GLOBAL_UNIT_ASSIGNED_CONTEXT ( ( #3688, #4418, #3786 ) ) REPRESENTATION_CONTEXT ( 'NONE', 'WORKASPACE' ) );
#1679 = FACE_OUTER_BOUND ( 'NONE', #4908, .T. ) ;
#1680 = ORIENTED_EDGE ( 'NONE', *, *, #6988, .T. ) ;
#1681 = PLANE ( 'NONE',  #3479 ) ;
#1682 = EDGE_CURVE ( 'NONE', #5541, #3449, #5228, .T. ) ;
#1683 = PRESENTATION_STYLE_ASSIGNMENT (( #5171 ) ) ;
#1684 = FILL_AREA_STYLE ('',( #8598 ) ) ;
#1685 = PRESENTATION_LAYER_ASSIGNMENT (  '', '', ( #4894 ) ) ;
#1686 = VECTOR ( 'NONE', #8258, 1000.000000000000000 ) ;
#1687 = VERTEX_POINT ( 'NONE', #2480 ) ;
#1688 = FACE_OUTER_BOUND ( 'NONE', #5376, .T. ) ;
#1689 = LINE ( 'NONE', #8557, #4518 ) ;
#1690 = MECHANICAL_DESIGN_GEOMETRIC_PRESENTATION_REPRESENTATION (  '', ( #2428 ), #1979 ) ;
#1691 = ORIENTED_EDGE ( 'NONE', *, *, #4528, .T. ) ;
#1692 = VECTOR ( 'NONE', #4930, 1000.000000000000000 ) ;
#1693 = LINE ( 'NONE', #6531, #443 ) ;
#1694 = CARTESIAN_POINT ( 'NONE',  ( 1.600000000000000089, 0.002500000000000000052, -1.365000000000000213 ) ) ;
#1695 = DIRECTION ( 'NONE',  ( 0.0000000000000000000, -0.0000000000000000000, -1.000000000000000000 ) ) ;
#1696 =( GEOMETRIC_REPRESENTATION_CONTEXT ( 3 ) GLOBAL_UNCERTAINTY_ASSIGNED_CONTEXT ( ( #7623 ) ) GLOBAL_UNIT_ASSIGNED_CONTEXT ( ( #3130, #3652, #8091 ) ) REPRESENTATION_CONTEXT ( 'NONE', 'WORKASPACE' ) );
#1697 = PRESENTATION_STYLE_ASSIGNMENT (( #2306 ) ) ;
#1698 = EDGE_LOOP ( 'NONE', ( #9180, #538, #4165, #6681 ) ) ;
#1699 = FACE_OUTER_BOUND ( 'NONE', #2956, .T. ) ;
#1700 = ORIENTED_EDGE ( 'NONE', *, *, #5100, .T. ) ;
#1701 = CARTESIAN_POINT ( 'NONE',  ( 1.135000000000000675, 2.980301110709575655E-17, 1.600000000000000089 ) ) ;
#1702 = DIRECTION ( 'NONE',  ( -1.000000000000000000, -0.0000000000000000000, -0.0000000000000000000 ) ) ;
#1703 = SURFACE_STYLE_USAGE ( .BOTH. , #1659 ) ;
#1704 = STYLED_ITEM ( 'NONE', ( #1158 ), #6848 ) ;
#1705 =( GEOMETRIC_REPRESENTATION_CONTEXT ( 3 ) GLOBAL_UNCERTAINTY_ASSIGNED_CONTEXT ( ( #3017 ) ) GLOBAL_UNIT_ASSIGNED_CONTEXT ( ( #2344, #869, #1052 ) ) REPRESENTATION_CONTEXT ( 'NONE', 'WORKASPACE' ) );
#1706 = VERTEX_POINT ( 'NONE', #5809 ) ;
#1707 = PRESENTATION_STYLE_ASSIGNMENT (( #8023 ) ) ;
#1708 = EDGE_CURVE ( 'NONE', #6696, #7882, #6659, .T. ) ;
#1709 = PLANE ( 'NONE',  #6833 ) ;
#1710 = EDGE_LOOP ( 'NONE', ( #8405, #223, #8532, #1222, #6222, #7523 ) ) ;
#1711 =( GEOMETRIC_REPRESENTATION_CONTEXT ( 3 ) GLOBAL_UNCERTAINTY_ASSIGNED_CONTEXT ( ( #1625 ) ) GLOBAL_UNIT_ASSIGNED_CONTEXT ( ( #6823, #8263, #8341 ) ) REPRESENTATION_CONTEXT ( 'NONE', 'WORKASPACE' ) );
#1712 = DIRECTION ( 'NONE',  ( -0.0000000000000000000, -0.0000000000000000000, 1.000000000000000000 ) ) ;
#1713 = ORIENTED_EDGE ( 'NONE', *, *, #8213, .T. ) ;
#1714 = DIRECTION ( 'NONE',  ( 0.0000000000000000000, 0.0000000000000000000, 1.000000000000000000 ) ) ;
#1715 = AXIS2_PLACEMENT_3D ( 'NONE', #5892, #6032, #7518 ) ;
#1716 = AXIS2_PLACEMENT_3D ( 'NONE', #1083, #2454, #6691 ) ;
#1717 =( NAMED_UNIT ( * ) SI_UNIT ( $, .STERADIAN. ) SOLID_ANGLE_UNIT ( ) );
#1718 = SURFACE_STYLE_FILL_AREA ( #8033 ) ;
#1719 = SURFACE_STYLE_USAGE ( .BOTH. , #3171 ) ;
#1720 = VECTOR ( 'NONE', #8288, 1000.000000000000000 ) ;
#1722 = VERTEX_POINT ( 'NONE', #4577 ) ;
#1721 = EDGE_CURVE ( 'NONE', #3477, #2122, #5273, .T. ) ;
#1723 = UNCERTAINTY_MEASURE_WITH_UNIT (LENGTH_MEASURE( 1.000000000000000082E-05 ), #6064, 'distance_accuracy_value', 'NONE');
#1724 = EDGE_CURVE ( 'NONE', #6075, #86, #8747, .T. ) ;
#1725 = PRESENTATION_STYLE_ASSIGNMENT (( #184 ) ) ;
#1726 = ORIENTED_EDGE ( 'NONE', *, *, #1305, .F. ) ;
#1727 = ADVANCED_FACE ( 'NONE', ( #1688 ), #961, .F. ) ;
#1728 = LINE ( 'NONE', #1860, #4372 ) ;
#1729 = SURFACE_STYLE_USAGE ( .BOTH. , #5216 ) ;
#1730 = VECTOR ( 'NONE', #975, 1000.000000000000000 ) ;
#1731 = CARTESIAN_POINT ( 'NONE',  ( 2.000000000000000000, 0.2025000000000000133, -0.1350000000000001477 ) ) ;
#1732 = DIRECTION ( 'NONE',  ( -0.0000000000000000000, -1.000000000000000000, -0.0000000000000000000 ) ) ;
#1733 = COLOUR_RGB ( '',1.000000000000000000, 1.000000000000000000, 1.000000000000000000 ) ;
#1734 = PRESENTATION_LAYER_ASSIGNMENT (  '', '', ( #192 ) ) ;
#1735 = FILL_AREA_STYLE_COLOUR ( '', #6787 ) ;
#1736 = PRESENTATION_LAYER_ASSIGNMENT (  '', '', ( #2750 ) ) ;
#1737 = COLOUR_RGB ( '',1.000000000000000000, 1.000000000000000000, 1.000000000000000000 ) ;
#1738 = EDGE_CURVE ( 'NONE', #6109, #53, #4801, .T. ) ;
#1739 = CARTESIAN_POINT ( 'NONE',  ( 0.1350000000000003419, 0.2000000000000000111, 2.000000000000000000 ) ) ;
#1740 = VERTEX_POINT ( 'NONE', #1105 ) ;
#1741 = CARTESIAN_POINT ( 'NONE',  ( -2.000000000000000000, 0.0000000000000000000, 1.135000000000000231 ) ) ;
#1742 = ADVANCED_FACE ( 'NONE', ( #4755 ), #5354, .F. ) ;
#1743 = ORIENTED_EDGE ( 'NONE', *, *, #7165, .T. ) ;
#1744 = FILL_AREA_STYLE ('',( #297 ) ) ;
#1745 = CARTESIAN_POINT ( 'NONE',  ( -2.000000000000000000, 0.0000000000000000000, -1.364999999999999991 ) ) ;
#1746 = PRESENTATION_LAYER_ASSIGNMENT (  '', '', ( #52 ) ) ;
#1747 = VECTOR ( 'NONE', #1919, 1000.000000000000000 ) ;
#1748 = VECTOR ( 'NONE', #8575, 1000.000000000000000 ) ;
#1749 = EDGE_CURVE ( 'NONE', #3733, #3396, #393, .T. ) ;
#1750 = VECTOR ( 'NONE', #2045, 1000.000000000000000 ) ;
#1751 = ORIENTED_EDGE ( 'NONE', *, *, #5323, .F. ) ;
#1752 = DIRECTION ( 'NONE',  ( 0.0000000000000000000, 0.0000000000000000000, 1.000000000000000000 ) ) ;
#1753 = CARTESIAN_POINT ( 'NONE',  ( -1.600000000000000089, 0.0000000000000000000, 0.6349999999999998979 ) ) ;
#1754 = VECTOR ( 'NONE', #6389, 1000.000000000000000 ) ;
#1755 = FILL_AREA_STYLE ('',( #6589 ) ) ;
#1756 = SURFACE_STYLE_FILL_AREA ( #5244 ) ;
#1757 = MECHANICAL_DESIGN_GEOMETRIC_PRESENTATION_REPRESENTATION (  '', ( #5692 ), #1150 ) ;
#1758 = CARTESIAN_POINT ( 'NONE',  ( 2.000000000000000000, 0.002500000000000000052, 1.135000000000000231 ) ) ;
#1759 = VERTEX_POINT ( 'NONE', #5403 ) ;
#1760 = PRESENTATION_STYLE_ASSIGNMENT (( #8725 ) ) ;
#1761 = STYLED_ITEM ( 'NONE', ( #4849 ), #4915 ) ;
#1762 = ORIENTED_EDGE ( 'NONE', *, *, #6527, .T. ) ;
#1763 = ORIENTED_EDGE ( 'NONE', *, *, #2447, .F. ) ;
#1764 = DIRECTION ( 'NONE',  ( 0.0000000000000000000, -1.000000000000000000, 0.0000000000000000000 ) ) ;
#1765 = CARTESIAN_POINT ( 'NONE',  ( -1.364999999999999769, 0.1999999999999999556, 2.000000000000000000 ) ) ;
#1766 = COLOUR_RGB ( '',1.000000000000000000, 1.000000000000000000, 1.000000000000000000 ) ;
#1767 = PRESENTATION_STYLE_ASSIGNMENT (( #3737 ) ) ;
#1768 = LINE ( 'NONE', #3880, #5384 ) ;
#1769 = PLANE ( 'NONE',  #8965 ) ;
#1770 =( GEOMETRIC_REPRESENTATION_CONTEXT ( 3 ) GLOBAL_UNCERTAINTY_ASSIGNED_CONTEXT ( ( #4708 ) ) GLOBAL_UNIT_ASSIGNED_CONTEXT ( ( #6140, #801, #8590 ) ) REPRESENTATION_CONTEXT ( 'NONE', 'WORKASPACE' ) );
#1771 = DIRECTION ( 'NONE',  ( 0.0000000000000000000, -1.000000000000000000, 0.0000000000000000000 ) ) ;
#1772 = DIRECTION ( 'NONE',  ( -0.0000000000000000000, -0.0000000000000000000, 1.000000000000000000 ) ) ;
#1773 =( NAMED_UNIT ( * ) PLANE_ANGLE_UNIT ( ) SI_UNIT ( $, .RADIAN. ) );
#1774 = PRESENTATION_LAYER_ASSIGNMENT (  '', '', ( #4556 ) ) ;
#1775 = LINE ( 'NONE', #8796, #8310 ) ;
#1776 = EDGE_CURVE ( 'NONE', #3948, #7091, #7492, .T. ) ;
#1777 = CARTESIAN_POINT ( 'NONE',  ( -2.001999999999999780, 0.2025000000000000133, 0.1349999999999998701 ) ) ;
#1778 =( NAMED_UNIT ( * ) SI_UNIT ( $, .STERADIAN. ) SOLID_ANGLE_UNIT ( ) );
#1779 = STYLED_ITEM ( 'NONE', ( #6628 ), #9172 ) ;
#1780 = CARTESIAN_POINT ( 'NONE',  ( 0.6350000000000003419, 0.2000000000000000389, 2.001999999999999780 ) ) ;
#1781 = LINE ( 'NONE', #3293, #4210 ) ;
#1782 = ORIENTED_EDGE ( 'NONE', *, *, #150, .F. ) ;
#1783 = CARTESIAN_POINT ( 'NONE',  ( 1.600000000000000089, 0.002500000000000000052, -0.6350000000000000089 ) ) ;
#1784 = CARTESIAN_POINT ( 'NONE',  ( 1.365000000000000435, 0.2000000000000000389, 2.001999999999999780 ) ) ;
#1785 = EDGE_CURVE ( 'NONE', #7726, #2311, #3990, .T. ) ;
#1786 = EDGE_CURVE ( 'NONE', #6473, #5274, #2690, .T. ) ;
#1787 = VECTOR ( 'NONE', #3315, 1000.000000000000000 ) ;
#1788 = LINE ( 'NONE', #7395, #2203 ) ;
#1789 = ORIENTED_EDGE ( 'NONE', *, *, #4829, .F. ) ;
#1790 = COLOUR_RGB ( '',1.000000000000000000, 1.000000000000000000, 1.000000000000000000 ) ;
#1791 = LINE ( 'NONE', #1061, #725 ) ;
#1792 = ADVANCED_FACE ( 'NONE', ( #6804 ), #8853, .T. ) ;
#1793 = CARTESIAN_POINT ( 'NONE',  ( -2.000000000000000000, 0.002500000000000000052, -2.000000000000000000 ) ) ;
#1794 = CARTESIAN_POINT ( 'NONE',  ( -2.001999999999999780, 0.002500000000000000052, 0.3649999999999998801 ) ) ;
#1795 = DIRECTION ( 'NONE',  ( -0.0000000000000000000, -1.000000000000000000, -0.0000000000000000000 ) ) ;
#1796 = ORIENTED_EDGE ( 'NONE', *, *, #1669, .F. ) ;
#1797 = CARTESIAN_POINT ( 'NONE',  ( -2.000000000000000000, 0.9000000000000000222, -2.000000000000000000 ) ) ;
#1798 = CARTESIAN_POINT ( 'NONE',  ( 0.3650000000000004352, 0.0000000000000000000, -2.001999999999999780 ) ) ;
#1799 = ORIENTED_EDGE ( 'NONE', *, *, #4515, .F. ) ;
#1800 = ORIENTED_EDGE ( 'NONE', *, *, #7427, .F. ) ;
#1801 = ORIENTED_EDGE ( 'NONE', *, *, #4971, .T. ) ;
#1802 = CARTESIAN_POINT ( 'NONE',  ( -1.600000000000000089, 0.002500000000000000052, -0.3650000000000001577 ) ) ;
#1803 = PLANE ( 'NONE',  #2936 ) ;
#1804 = SURFACE_STYLE_FILL_AREA ( #7332 ) ;
#1805 = CARTESIAN_POINT ( 'NONE',  ( 2.000000000000000000, 0.002500000000000000052, -2.000000000000000000 ) ) ;
#1806 = VERTEX_POINT ( 'NONE', #2824 ) ;
#1807 = VECTOR ( 'NONE', #6634, 1000.000000000000000 ) ;
#1808 = CARTESIAN_POINT ( 'NONE',  ( -2.000000000000000000, 0.002500000000000000052, -0.8650000000000001021 ) ) ;
#1809 = VERTEX_POINT ( 'NONE', #6224 ) ;
#1810 = DIRECTION ( 'NONE',  ( 1.000000000000000000, 0.0000000000000000000, 0.0000000000000000000 ) ) ;
#1811 = FACE_OUTER_BOUND ( 'NONE', #712, .T. ) ;
#1812 = VECTOR ( 'NONE', #5965, 1000.000000000000000 ) ;
#1813 = DIRECTION ( 'NONE',  ( -1.000000000000000000, 0.0000000000000000000, 0.0000000000000000000 ) ) ;
#1814 = CARTESIAN_POINT ( 'NONE',  ( -0.8649999999999996581, -2.980301110709575655E-17, 2.001999999999999780 ) ) ;
#1815 = CARTESIAN_POINT ( 'NONE',  ( 1.600000000000000089, 0.002500000000000000052, -1.365000000000000213 ) ) ;
#1816 = CARTESIAN_POINT ( 'NONE',  ( -1.134999999999999787, -4.470451666064363791E-17, 2.000000000000000000 ) ) ;
#1817 = EDGE_LOOP ( 'NONE', ( #5662, #6777, #7252, #5782 ) ) ;
#1818 = VECTOR ( 'NONE', #652, 1000.000000000000000 ) ;
#1819 =( NAMED_UNIT ( * ) PLANE_ANGLE_UNIT ( ) SI_UNIT ( $, .RADIAN. ) );
#1820 = EDGE_CURVE ( 'NONE', #2293, #7137, #9070, .T. ) ;
#1821 = VECTOR ( 'NONE', #7005, 1000.000000000000000 ) ;
#1822 = ORIENTED_EDGE ( 'NONE', *, *, #8896, .F. ) ;
#1823 = DIRECTION ( 'NONE',  ( -0.0000000000000000000, -1.000000000000000000, -0.0000000000000000000 ) ) ;
#1824 = FILL_AREA_STYLE_COLOUR ( '', #2118 ) ;
#1825 = FILL_AREA_STYLE ('',( #8809 ) ) ;
#1826 = CARTESIAN_POINT ( 'NONE',  ( 2.000000000000000000, 0.2025000000000000133, 0.1349999999999998701 ) ) ;
#1827 = COLOUR_RGB ( '',1.000000000000000000, 1.000000000000000000, 1.000000000000000000 ) ;
#1828 = VECTOR ( 'NONE', #3268, 1000.000000000000000 ) ;
#1829 = LINE ( 'NONE', #4585, #3074 ) ;
#1830 = MECHANICAL_DESIGN_GEOMETRIC_PRESENTATION_REPRESENTATION (  '', ( #589 ), #9200 ) ;
#1831 = LINE ( 'NONE', #484, #5671 ) ;
#1832 = EDGE_CURVE ( 'NONE', #1059, #7789, #4110, .T. ) ;
#1833 = ORIENTED_EDGE ( 'NONE', *, *, #1839, .F. ) ;
#1834 = MECHANICAL_DESIGN_GEOMETRIC_PRESENTATION_REPRESENTATION (  '', ( #6975 ), #7713 ) ;
#1835 = CARTESIAN_POINT ( 'NONE',  ( -1.250000000000000000, 0.002500000000000000052, -1.250000000000000000 ) ) ;
#1836 = DIRECTION ( 'NONE',  ( 0.0000000000000000000, -0.0000000000000000000, 1.000000000000000000 ) ) ;
#1837 = ORIENTED_EDGE ( 'NONE', *, *, #4829, .T. ) ;
#1838 = DIRECTION ( 'NONE',  ( 0.0000000000000000000, 0.0000000000000000000, -1.000000000000000000 ) ) ;
#1839 = EDGE_CURVE ( 'NONE', #8544, #2563, #5566, .T. ) ;
#1840 = PRESENTATION_LAYER_ASSIGNMENT (  '', '', ( #4918 ) ) ;
#1841 = ORIENTED_EDGE ( 'NONE', *, *, #328, .T. ) ;
#1842 = EDGE_LOOP ( 'NONE', ( #6812, #5427, #5388, #9203, #5253, #5509 ) ) ;
#1843 = EDGE_CURVE ( 'NONE', #1809, #7914, #2142, .T. ) ;
#1844 = VERTEX_POINT ( 'NONE', #8446 ) ;
#1845 = SURFACE_SIDE_STYLE ('',( #1224 ) ) ;
#1846 = SURFACE_STYLE_USAGE ( .BOTH. , #4559 ) ;
#1847 = COLOUR_RGB ( '',1.000000000000000000, 1.000000000000000000, 1.000000000000000000 ) ;
#1848 = PLANE ( 'NONE',  #8442 ) ;
#1849 = DIRECTION ( 'NONE',  ( -0.0000000000000000000, 0.0000000000000000000, -1.000000000000000000 ) ) ;
#1850 = DIRECTION ( 'NONE',  ( 0.0000000000000000000, -1.000000000000000000, 0.0000000000000000000 ) ) ;
#1851 = AXIS2_PLACEMENT_3D ( 'NONE', #4589, #5967, #7271 ) ;
#1852 = DIRECTION ( 'NONE',  ( 0.0000000000000000000, -0.0000000000000000000, -1.000000000000000000 ) ) ;
#1853 = FILL_AREA_STYLE_COLOUR ( '', #4654 ) ;
#1854 = CARTESIAN_POINT ( 'NONE',  ( 2.000000000000000000, 0.0000000000000000000, 0.6350000000000000089 ) ) ;
#1855 = ORIENTED_EDGE ( 'NONE', *, *, #2233, .F. ) ;
#1856 = CARTESIAN_POINT ( 'NONE',  ( -0.1349999999999995925, 0.1999999999999999833, -2.001999999999999780 ) ) ;
#1857 = EDGE_CURVE ( 'NONE', #1005, #1498, #7757, .T. ) ;
#1858 = EDGE_LOOP ( 'NONE', ( #3917, #2910, #4565, #277 ) ) ;
#1859 = LINE ( 'NONE', #4568, #2591 ) ;
#1860 = CARTESIAN_POINT ( 'NONE',  ( -0.1349999999999995925, 0.1999999999999999833, -2.000000000000000000 ) ) ;
#1861 = STYLED_ITEM ( 'NONE', ( #5718 ), #6316 ) ;
#1862 =( NAMED_UNIT ( * ) SI_UNIT ( $, .STERADIAN. ) SOLID_ANGLE_UNIT ( ) );
#1863 = VECTOR ( 'NONE', #7729, 1000.000000000000000 ) ;
#1864 = COLOUR_RGB ( '',0.2509803921568627416, 0.2509803921568627416, 0.2509803921568627416 ) ;
#1865 = FILL_AREA_STYLE_COLOUR ( '', #2171 ) ;
#1866 = LINE ( 'NONE', #1816, #7541 ) ;
#1867 = ORIENTED_EDGE ( 'NONE', *, *, #551, .F. ) ;
#1868 = PRESENTATION_LAYER_ASSIGNMENT (  '', '', ( #3472 ) ) ;
#1869 = SURFACE_STYLE_FILL_AREA ( #3950 ) ;
#1870 = SURFACE_STYLE_USAGE ( .BOTH. , #6844 ) ;
#1871 = VECTOR ( 'NONE', #4197, 1000.000000000000000 ) ;
#1872 = CARTESIAN_POINT ( 'NONE',  ( 1.499999999999999778, 0.9000000000000000222, -1.399999999999999911 ) ) ;
#1873 = SURFACE_STYLE_FILL_AREA ( #8246 ) ;
#1874 = COLOUR_RGB ( '',1.000000000000000000, 1.000000000000000000, 1.000000000000000000 ) ;
#1875 = LINE ( 'NONE', #8996, #6469 ) ;
#1876 = ORIENTED_EDGE ( 'NONE', *, *, #8027, .T. ) ;
#1877 = AXIS2_PLACEMENT_3D ( 'NONE', #6286, #9132, #6978 ) ;
#1878 = DIRECTION ( 'NONE',  ( 0.0000000000000000000, 0.0000000000000000000, -1.000000000000000000 ) ) ;
#1879 = VECTOR ( 'NONE', #394, 1000.000000000000000 ) ;
#1880 = SURFACE_STYLE_USAGE ( .BOTH. , #3209 ) ;
#1881 = CARTESIAN_POINT ( 'NONE',  ( 1.365000000000000435, 2.980301110709575655E-17, -2.001999999999999780 ) ) ;
#1882 = VECTOR ( 'NONE', #1032, 1000.000000000000000 ) ;
#1883 = PRESENTATION_STYLE_ASSIGNMENT (( #8209 ) ) ;
#1884 = AXIS2_PLACEMENT_3D ( 'NONE', #7017, #658, #3518 ) ;
#1885 =( GEOMETRIC_REPRESENTATION_CONTEXT ( 3 ) GLOBAL_UNCERTAINTY_ASSIGNED_CONTEXT ( ( #5300 ) ) GLOBAL_UNIT_ASSIGNED_CONTEXT ( ( #8178, #382, #8137 ) ) REPRESENTATION_CONTEXT ( 'NONE', 'WORKASPACE' ) );
#1886 = SURFACE_SIDE_STYLE ('',( #445 ) ) ;
#1887 =( NAMED_UNIT ( * ) PLANE_ANGLE_UNIT ( ) SI_UNIT ( $, .RADIAN. ) );
#1888 = EDGE_LOOP ( 'NONE', ( #5167, #8723, #735, #3573 ) ) ;
#1889 =( GEOMETRIC_REPRESENTATION_CONTEXT ( 3 ) GLOBAL_UNCERTAINTY_ASSIGNED_CONTEXT ( ( #8036 ) ) GLOBAL_UNIT_ASSIGNED_CONTEXT ( ( #687, #4222, #1066 ) ) REPRESENTATION_CONTEXT ( 'NONE', 'WORKASPACE' ) );
#1890 = SURFACE_SIDE_STYLE ('',( #6063 ) ) ;
#1891 =( LENGTH_UNIT ( ) NAMED_UNIT ( * ) SI_UNIT ( .MILLI., .METRE. ) );
#1892 = ORIENTED_EDGE ( 'NONE', *, *, #5529, .T. ) ;
#1893 = ORIENTED_EDGE ( 'NONE', *, *, #1447, .F. ) ;
#1894 = ORIENTED_EDGE ( 'NONE', *, *, #595, .T. ) ;
#1895 = PRESENTATION_STYLE_ASSIGNMENT (( #5454 ) ) ;
#1896 = LINE ( 'NONE', #4653, #5930 ) ;
#1897 = CARTESIAN_POINT ( 'NONE',  ( -2.000000000000000000, 0.0000000000000000000, -0.8649999999999999911 ) ) ;
#1898 = PRESENTATION_LAYER_ASSIGNMENT (  '', '', ( #8238 ) ) ;
#1899 = EDGE_CURVE ( 'NONE', #3860, #1934, #7669, .T. ) ;
#1900 = DIRECTION ( 'NONE',  ( 0.0000000000000000000, 0.0000000000000000000, -1.000000000000000000 ) ) ;
#1901 = ADVANCED_FACE ( 'NONE', ( #6275 ), #4190, .T. ) ;
#1902 = CARTESIAN_POINT ( 'NONE',  ( 2.000000000000000000, 0.0000000000000000000, -0.8649999999999999911 ) ) ;
#1903 = SURFACE_SIDE_STYLE ('',( #6916 ) ) ;
#1904 = VECTOR ( 'NONE', #1308, 1000.000000000000000 ) ;
#1905 = ORIENTED_EDGE ( 'NONE', *, *, #1899, .T. ) ;
#1906 = CARTESIAN_POINT ( 'NONE',  ( 0.8650000000000004352, 0.2000000000000000389, -2.000000000000000000 ) ) ;
#1907 = PRESENTATION_LAYER_ASSIGNMENT (  '', '', ( #5692 ) ) ;
#1908 = PRESENTATION_LAYER_ASSIGNMENT (  '', '', ( #5864 ) ) ;
#1909 = LINE ( 'NONE', #6878, #6766 ) ;
#1910 = PLANE ( 'NONE',  #2584 ) ;
#1911 = EDGE_CURVE ( 'NONE', #2811, #8176, #5653, .T. ) ;
#1912 = DIRECTION ( 'NONE',  ( 0.0000000000000000000, -0.0000000000000000000, -1.000000000000000000 ) ) ;
#1913 = VECTOR ( 'NONE', #1051, 1000.000000000000000 ) ;
#1914 =( NAMED_UNIT ( * ) PLANE_ANGLE_UNIT ( ) SI_UNIT ( $, .RADIAN. ) );
#1915 = UNCERTAINTY_MEASURE_WITH_UNIT (LENGTH_MEASURE( 1.000000000000000082E-05 ), #259, 'distance_accuracy_value', 'NONE');
#1916 =( LENGTH_UNIT ( ) NAMED_UNIT ( * ) SI_UNIT ( .MILLI., .METRE. ) );
#1917 = UNCERTAINTY_MEASURE_WITH_UNIT (LENGTH_MEASURE( 1.000000000000000082E-05 ), #3213, 'distance_accuracy_value', 'NONE');
#1918 = DIRECTION ( 'NONE',  ( -1.000000000000000000, 0.0000000000000000000, 0.0000000000000000000 ) ) ;
#1919 = DIRECTION ( 'NONE',  ( 0.0000000000000000000, 0.0000000000000000000, 1.000000000000000000 ) ) ;
#1920 = SURFACE_STYLE_FILL_AREA ( #3197 ) ;
#1921 = AXIS2_PLACEMENT_3D ( 'NONE', #3794, #1033, #7476 ) ;
#1922 = CARTESIAN_POINT ( 'NONE',  ( 1.600000000000000089, 0.002500000000000000052, 0.6349999999999998979 ) ) ;
#1923 = PRESENTATION_STYLE_ASSIGNMENT (( #3251 ) ) ;
#1924 = SURFACE_STYLE_FILL_AREA ( #401 ) ;
#1925 = MECHANICAL_DESIGN_GEOMETRIC_PRESENTATION_REPRESENTATION (  '', ( #1167 ), #2064 ) ;
#1926 = UNCERTAINTY_MEASURE_WITH_UNIT (LENGTH_MEASURE( 1.000000000000000082E-05 ), #6767, 'distance_accuracy_value', 'NONE');
#1927 = DIRECTION ( 'NONE',  ( -0.0000000000000000000, -0.0000000000000000000, -1.000000000000000000 ) ) ;
#1928 = ORIENTED_EDGE ( 'NONE', *, *, #8386, .F. ) ;
#1929 = LINE ( 'NONE', #4036, #4439 ) ;
#1930 = SURFACE_STYLE_USAGE ( .BOTH. , #8254 ) ;
#1931 =( NAMED_UNIT ( * ) SI_UNIT ( $, .STERADIAN. ) SOLID_ANGLE_UNIT ( ) );
#1932 = DIRECTION ( 'NONE',  ( -1.000000000000000000, 0.0000000000000000000, 0.0000000000000000000 ) ) ;
#1933 = FILL_AREA_STYLE ('',( #4819 ) ) ;
#1934 = VERTEX_POINT ( 'NONE', #2236 ) ;
#1935 = FACE_OUTER_BOUND ( 'NONE', #7859, .T. ) ;
#1936 = ORIENTED_EDGE ( 'NONE', *, *, #7204, .T. ) ;
#1937 = ORIENTED_EDGE ( 'NONE', *, *, #3403, .T. ) ;
#1938 = EDGE_CURVE ( 'NONE', #7818, #7781, #5520, .T. ) ;
#1939 = ORIENTED_EDGE ( 'NONE', *, *, #1564, .T. ) ;
#1940 =( NAMED_UNIT ( * ) PLANE_ANGLE_UNIT ( ) SI_UNIT ( $, .RADIAN. ) );
#1941 = LINE ( 'NONE', #2031, #4571 ) ;
#1942 =( NAMED_UNIT ( * ) SI_UNIT ( $, .STERADIAN. ) SOLID_ANGLE_UNIT ( ) );
#1943 = CARTESIAN_POINT ( 'NONE',  ( 2.000000000000000000, 0.0000000000000000000, 0.3649999999999999911 ) ) ;
#1944 = UNCERTAINTY_MEASURE_WITH_UNIT (LENGTH_MEASURE( 1.000000000000000082E-05 ), #8133, 'distance_accuracy_value', 'NONE');
#1945 = SURFACE_STYLE_FILL_AREA ( #7474 ) ;
#1946 = FILL_AREA_STYLE ('',( #2037 ) ) ;
#1947 = FILL_AREA_STYLE ('',( #633 ) ) ;
#1948 = ORIENTED_EDGE ( 'NONE', *, *, #4876, .F. ) ;
#1949 = CARTESIAN_POINT ( 'NONE',  ( 1.365000000000000435, 0.002500000000000029976, 2.000000000000000000 ) ) ;
#1950 = EDGE_LOOP ( 'NONE', ( #1160, #853, #4015, #2267 ) ) ;
#1951 = SURFACE_SIDE_STYLE ('',( #6040 ) ) ;
#1952 = ADVANCED_FACE ( 'NONE', ( #5797 ), #6515, .T. ) ;
#1953 = SURFACE_STYLE_USAGE ( .BOTH. , #2644 ) ;
#1954 = ADVANCED_FACE ( 'NONE', ( #7339 ), #141, .T. ) ;
#1955 = PLANE ( 'NONE',  #7617 ) ;
#1956 = DIRECTION ( 'NONE',  ( -0.0000000000000000000, -1.000000000000000000, -0.0000000000000000000 ) ) ;
#1957 = ORIENTED_EDGE ( 'NONE', *, *, #8314, .F. ) ;
#1958 =( NAMED_UNIT ( * ) SI_UNIT ( $, .STERADIAN. ) SOLID_ANGLE_UNIT ( ) );
#1959 = CARTESIAN_POINT ( 'NONE',  ( 2.001999999999999780, 0.002500000000000000052, -1.365000000000000213 ) ) ;
#1960 = ADVANCED_FACE ( 'NONE', ( #2375 ), #6652, .F. ) ;
#1961 = CARTESIAN_POINT ( 'NONE',  ( -0.8649999999999996581, 0.002500000000000000052, -2.000000000000000000 ) ) ;
#1962 = AXIS2_PLACEMENT_3D ( 'NONE', #8252, #4729, #6852 ) ;
#1963 = DIRECTION ( 'NONE',  ( 0.0000000000000000000, -0.0000000000000000000, -1.000000000000000000 ) ) ;
#1964 = CARTESIAN_POINT ( 'NONE',  ( -0.1349999999999995925, 0.1999999999999999833, -2.001999999999999780 ) ) ;
#1965 = FACE_OUTER_BOUND ( 'NONE', #4339, .T. ) ;
#1966 = AXIS2_PLACEMENT_3D ( 'NONE', #4281, #5795, #2279 ) ;
#1967 = VECTOR ( 'NONE', #841, 1000.000000000000000 ) ;
#1968 = EDGE_CURVE ( 'NONE', #2415, #6193, #6794, .T. ) ;
#1969 = ORIENTED_EDGE ( 'NONE', *, *, #2104, .T. ) ;
#1970 = PRESENTATION_STYLE_ASSIGNMENT (( #8203 ) ) ;
#1971 = COLOUR_RGB ( '',1.000000000000000000, 1.000000000000000000, 1.000000000000000000 ) ;
#1972 = FACE_OUTER_BOUND ( 'NONE', #579, .T. ) ;
#1973 = SURFACE_SIDE_STYLE ('',( #1218 ) ) ;
#1974 = ORIENTED_EDGE ( 'NONE', *, *, #4530, .T. ) ;
#1975 = DIRECTION ( 'NONE',  ( 0.0000000000000000000, 0.0000000000000000000, 1.000000000000000000 ) ) ;
#1976 = ORIENTED_EDGE ( 'NONE', *, *, #8376, .F. ) ;
#1977 = VERTEX_POINT ( 'NONE', #4666 ) ;
#1978 = ORIENTED_EDGE ( 'NONE', *, *, #6743, .T. ) ;
#1979 =( GEOMETRIC_REPRESENTATION_CONTEXT ( 3 ) GLOBAL_UNCERTAINTY_ASSIGNED_CONTEXT ( ( #483 ) ) GLOBAL_UNIT_ASSIGNED_CONTEXT ( ( #1584, #4429, #3657 ) ) REPRESENTATION_CONTEXT ( 'NONE', 'WORKASPACE' ) );
#1980 = LINE ( 'NONE', #4095, #4759 ) ;
#1981 = SURFACE_STYLE_FILL_AREA ( #9099 ) ;
#1982 = DIRECTION ( 'NONE',  ( 0.0000000000000000000, -1.000000000000000000, 0.0000000000000000000 ) ) ;
#1983 = CARTESIAN_POINT ( 'NONE',  ( 2.001999999999999780, 0.002500000000000000052, -1.135000000000000231 ) ) ;
#1984 = EDGE_CURVE ( 'NONE', #4211, #623, #1039, .T. ) ;
#1985 = COLOUR_RGB ( '',1.000000000000000000, 1.000000000000000000, 1.000000000000000000 ) ;
#1986 = ORIENTED_EDGE ( 'NONE', *, *, #6377, .T. ) ;
#1987 = FILL_AREA_STYLE ('',( #6167 ) ) ;
#1988 = ORIENTED_EDGE ( 'NONE', *, *, #1326, .T. ) ;
#1989 = VECTOR ( 'NONE', #7695, 1000.000000000000000 ) ;
#1990 = DIRECTION ( 'NONE',  ( 1.000000000000000000, 0.0000000000000000000, -0.0000000000000000000 ) ) ;
#1991 = ORIENTED_EDGE ( 'NONE', *, *, #5202, .T. ) ;
#1992 = FILL_AREA_STYLE ('',( #8232 ) ) ;
#1993 = CARTESIAN_POINT ( 'NONE',  ( 2.001999999999999780, 0.2025000000000000133, -0.1350000000000001477 ) ) ;
#1994 = AXIS2_PLACEMENT_3D ( 'NONE', #5775, #7929, #3541 ) ;
#1995 = LINE ( 'NONE', #4792, #8845 ) ;
#1996 = DIRECTION ( 'NONE',  ( 1.000000000000000000, 0.0000000000000000000, 0.0000000000000000000 ) ) ;
#1997 = CARTESIAN_POINT ( 'NONE',  ( 0.3650000000000004352, 0.0000000000000000000, 2.001999999999999780 ) ) ;
#1998 = SURFACE_STYLE_FILL_AREA ( #8312 ) ;
#1999 = VECTOR ( 'NONE', #5158, 1000.000000000000000 ) ;
#2000 = ADVANCED_FACE ( 'NONE', ( #1234 ), #3978, .T. ) ;
#2001 = UNCERTAINTY_MEASURE_WITH_UNIT (LENGTH_MEASURE( 1.000000000000000082E-05 ), #3892, 'distance_accuracy_value', 'NONE');
#2002 = CARTESIAN_POINT ( 'NONE',  ( 0.1350000000000003419, 0.002500000000000000052, 2.000000000000000000 ) ) ;
#2003 = AXIS2_PLACEMENT_3D ( 'NONE', #6338, #7868, #2159 ) ;
#2004 = ORIENTED_EDGE ( 'NONE', *, *, #3362, .F. ) ;
#2005 = LINE ( 'NONE', #2145, #8071 ) ;
#2006 = PRESENTATION_LAYER_ASSIGNMENT (  '', '', ( #341 ) ) ;
#2007 = VECTOR ( 'NONE', #6452, 1000.000000000000000 ) ;
#2008 = EDGE_CURVE ( 'NONE', #2630, #8066, #1859, .T. ) ;
#2009 = STYLED_ITEM ( 'NONE', ( #2284 ), #2840 ) ;
#2010 = ADVANCED_FACE ( 'NONE', ( #3232 ), #2519, .T. ) ;
#2011 = VECTOR ( 'NONE', #5053, 1000.000000000000000 ) ;
#2012 = EDGE_LOOP ( 'NONE', ( #8168, #1069, #9170, #3544 ) ) ;
#2013 = CARTESIAN_POINT ( 'NONE',  ( 2.001999999999999780, 0.2025000000000000133, -0.3650000000000001577 ) ) ;
#2014 = AXIS2_PLACEMENT_3D ( 'NONE', #3622, #4951, #6297 ) ;
#2015 = VECTOR ( 'NONE', #1401, 1000.000000000000000 ) ;
#2016 = FILL_AREA_STYLE_COLOUR ( '', #1094 ) ;
#2017 = COLOUR_RGB ( '',1.000000000000000000, 1.000000000000000000, 1.000000000000000000 ) ;
#2018 = EDGE_CURVE ( 'NONE', #3875, #2711, #7661, .T. ) ;
#2019 = PRESENTATION_STYLE_ASSIGNMENT (( #4817 ) ) ;
#2020 = DIRECTION ( 'NONE',  ( -0.0000000000000000000, -1.000000000000000000, -0.0000000000000000000 ) ) ;
#2021 = CARTESIAN_POINT ( 'NONE',  ( 1.600000000000000089, 0.0000000000000000000, -0.8650000000000001021 ) ) ;
#2022 = VERTEX_POINT ( 'NONE', #9109 ) ;
#2023 = CARTESIAN_POINT ( 'NONE',  ( 2.001999999999999780, 0.2025000000000000133, -0.8650000000000001021 ) ) ;
#2024 = EDGE_LOOP ( 'NONE', ( #7637, #5948, #8502, #2946 ) ) ;
#2025 = CARTESIAN_POINT ( 'NONE',  ( -2.001999999999999780, 0.2025000000000000133, -0.3650000000000001577 ) ) ;
#2026 = ORIENTED_EDGE ( 'NONE', *, *, #958, .T. ) ;
#2027 = PRESENTATION_LAYER_ASSIGNMENT (  '', '', ( #8652 ) ) ;
#2028 = ORIENTED_EDGE ( 'NONE', *, *, #2716, .F. ) ;
#2029 = DIRECTION ( 'NONE',  ( 0.0000000000000000000, 1.000000000000000000, 0.0000000000000000000 ) ) ;
#2030 = DIRECTION ( 'NONE',  ( -1.000000000000000000, 0.0000000000000000000, 0.0000000000000000000 ) ) ;
#2031 = CARTESIAN_POINT ( 'NONE',  ( -1.134999999999999787, 0.002499999999999995715, -1.600000000000000089 ) ) ;
#2032 = MECHANICAL_DESIGN_GEOMETRIC_PRESENTATION_REPRESENTATION (  '', ( #52 ), #3638 ) ;
#2033 = VECTOR ( 'NONE', #142, 1000.000000000000000 ) ;
#2034 = UNCERTAINTY_MEASURE_WITH_UNIT (LENGTH_MEASURE( 1.000000000000000082E-05 ), #6206, 'distance_accuracy_value', 'NONE');
#2035 = CARTESIAN_POINT ( 'NONE',  ( -0.3649999999999995470, 0.002499999999999985307, 1.600000000000000089 ) ) ;
#2036 = VECTOR ( 'NONE', #5778, 1000.000000000000000 ) ;
#2037 = FILL_AREA_STYLE_COLOUR ( '', #8364 ) ;
#2038 =( LENGTH_UNIT ( ) NAMED_UNIT ( * ) SI_UNIT ( .MILLI., .METRE. ) );
#2039 = ORIENTED_EDGE ( 'NONE', *, *, #6756, .F. ) ;
#2040 = DIRECTION ( 'NONE',  ( -1.000000000000000000, 0.0000000000000000000, -0.0000000000000000000 ) ) ;
#2041 = VERTEX_POINT ( 'NONE', #9191 ) ;
#2042 = CARTESIAN_POINT ( 'NONE',  ( 2.001999999999999780, 0.2025000000000000133, -1.365000000000000213 ) ) ;
#2043 = ORIENTED_EDGE ( 'NONE', *, *, #6888, .F. ) ;
#2044 = LINE ( 'NONE', #6958, #6219 ) ;
#2045 = DIRECTION ( 'NONE',  ( -0.0000000000000000000, -1.000000000000000000, -0.0000000000000000000 ) ) ;
#2046 = PRESENTATION_LAYER_ASSIGNMENT (  '', '', ( #221 ) ) ;
#2047 = DIRECTION ( 'NONE',  ( 0.0000000000000000000, 0.0000000000000000000, -1.000000000000000000 ) ) ;
#2048 = LINE ( 'NONE', #6835, #8926 ) ;
#2049 = AXIS2_PLACEMENT_3D ( 'NONE', #2357, #8164, #3865 ) ;
#2050 = SURFACE_SIDE_STYLE ('',( #4069 ) ) ;
#2051 = PRESENTATION_LAYER_ASSIGNMENT (  '', '', ( #8685 ) ) ;
#2052 = EDGE_LOOP ( 'NONE', ( #5045, #2442, #1134, #4955 ) ) ;
#2053 = CARTESIAN_POINT ( 'NONE',  ( -0.6349999999999995648, 0.1999999999999999833, -2.001999999999999780 ) ) ;
#2054 =( NAMED_UNIT ( * ) PLANE_ANGLE_UNIT ( ) SI_UNIT ( $, .RADIAN. ) );
#2055 = LINE ( 'NONE', #1387, #7446 ) ;
#2056 = MECHANICAL_DESIGN_GEOMETRIC_PRESENTATION_REPRESENTATION (  '', ( #6471 ), #8997 ) ;
#2057 = DIRECTION ( 'NONE',  ( 4.065758146820642614E-16, -0.0000000000000000000, 1.000000000000000000 ) ) ;
#2058 = SURFACE_STYLE_USAGE ( .BOTH. , #8369 ) ;
#2059 = VERTEX_POINT ( 'NONE', #1373 ) ;
#2060 = DIRECTION ( 'NONE',  ( 0.0000000000000000000, -0.0000000000000000000, -1.000000000000000000 ) ) ;
#2061 = EDGE_CURVE ( 'NONE', #2711, #6346, #4139, .T. ) ;
#2062 = EDGE_CURVE ( 'NONE', #2362, #6660, #4965, .T. ) ;
#2063 = DIRECTION ( 'NONE',  ( 0.0000000000000000000, 0.0000000000000000000, -1.000000000000000000 ) ) ;
#2064 =( GEOMETRIC_REPRESENTATION_CONTEXT ( 3 ) GLOBAL_UNCERTAINTY_ASSIGNED_CONTEXT ( ( #5790 ) ) GLOBAL_UNIT_ASSIGNED_CONTEXT ( ( #9188, #3498, #7089 ) ) REPRESENTATION_CONTEXT ( 'NONE', 'WORKASPACE' ) );
#2065 = SURFACE_SIDE_STYLE ('',( #2209 ) ) ;
#2066 = CARTESIAN_POINT ( 'NONE',  ( -2.000000000000000000, 0.002500000000000000052, -0.1350000000000000089 ) ) ;
#2067 = ORIENTED_EDGE ( 'NONE', *, *, #2726, .T. ) ;
#2068 = CARTESIAN_POINT ( 'NONE',  ( 1.135000000000000453, 2.980301110709575655E-17, 2.001999999999999780 ) ) ;
#2069 = VERTEX_POINT ( 'NONE', #2181 ) ;
#2070 = SURFACE_SIDE_STYLE ('',( #999 ) ) ;
#2071 = VERTEX_POINT ( 'NONE', #8391 ) ;
#2072 = EDGE_CURVE ( 'NONE', #1075, #4200, #7001, .T. ) ;
#2073 = VECTOR ( 'NONE', #7347, 1000.000000000000000 ) ;
#2074 = LINE ( 'NONE', #4776, #2876 ) ;
#2075 = DIRECTION ( 'NONE',  ( -1.000000000000000000, 0.0000000000000000000, 0.0000000000000000000 ) ) ;
#2076 = SURFACE_SIDE_STYLE ('',( #2674 ) ) ;
#2077 = FACE_OUTER_BOUND ( 'NONE', #1578, .T. ) ;
#2078 = CARTESIAN_POINT ( 'NONE',  ( -1.364999999999999769, 0.1999999999999999556, 2.000000000000000000 ) ) ;
#2079 = LINE ( 'NONE', #8975, #8385 ) ;
#2080 = ORIENTED_EDGE ( 'NONE', *, *, #2852, .F. ) ;
#2081 = FACE_OUTER_BOUND ( 'NONE', #1499, .T. ) ;
#2082 = ORIENTED_EDGE ( 'NONE', *, *, #8722, .T. ) ;
#2083 = ORIENTED_EDGE ( 'NONE', *, *, #2097, .F. ) ;
#2084 = DIRECTION ( 'NONE',  ( -0.0000000000000000000, -1.000000000000000000, -0.0000000000000000000 ) ) ;
#2085 = DIRECTION ( 'NONE',  ( -0.0000000000000000000, -1.000000000000000000, -0.0000000000000000000 ) ) ;
#2086 =( LENGTH_UNIT ( ) NAMED_UNIT ( * ) SI_UNIT ( .MILLI., .METRE. ) );
#2087 = PRESENTATION_STYLE_ASSIGNMENT (( #3331 ) ) ;
#2088 = LINE ( 'NONE', #7893, #2593 ) ;
#2089 = FILL_AREA_STYLE_COLOUR ( '', #2615 ) ;
#2090 = UNCERTAINTY_MEASURE_WITH_UNIT (LENGTH_MEASURE( 1.000000000000000082E-05 ), #5474, 'distance_accuracy_value', 'NONE');
#2091 = CARTESIAN_POINT ( 'NONE',  ( -2.000000000000000000, 0.002500000000000000052, 0.8649999999999999911 ) ) ;
#2092 = DIRECTION ( 'NONE',  ( 1.000000000000000000, -0.0000000000000000000, -0.0000000000000000000 ) ) ;
#2093 =( LENGTH_UNIT ( ) NAMED_UNIT ( * ) SI_UNIT ( .MILLI., .METRE. ) );
#2094 = PLANE ( 'NONE',  #4388 ) ;
#2095 = ORIENTED_EDGE ( 'NONE', *, *, #6947, .T. ) ;
#2096 =( NAMED_UNIT ( * ) SI_UNIT ( $, .STERADIAN. ) SOLID_ANGLE_UNIT ( ) );
#2097 = EDGE_CURVE ( 'NONE', #6910, #2837, #554, .T. ) ;
#2098 = UNCERTAINTY_MEASURE_WITH_UNIT (LENGTH_MEASURE( 1.000000000000000082E-05 ), #3548, 'distance_accuracy_value', 'NONE');
#2099 = STYLED_ITEM ( 'NONE', ( #3113 ), #715 ) ;
#2100 = ORIENTED_EDGE ( 'NONE', *, *, #2575, .F. ) ;
#2101 = SURFACE_SIDE_STYLE ('',( #7678 ) ) ;
#2102 =( GEOMETRIC_REPRESENTATION_CONTEXT ( 3 ) GLOBAL_UNCERTAINTY_ASSIGNED_CONTEXT ( ( #561 ) ) GLOBAL_UNIT_ASSIGNED_CONTEXT ( ( #5166, #7991, #947 ) ) REPRESENTATION_CONTEXT ( 'NONE', 'WORKASPACE' ) );
#2103 = DIRECTION ( 'NONE',  ( -0.0000000000000000000, -1.000000000000000000, -0.0000000000000000000 ) ) ;
#2104 = EDGE_CURVE ( 'NONE', #4567, #7813, #3546, .T. ) ;
#2105 = UNCERTAINTY_MEASURE_WITH_UNIT (LENGTH_MEASURE( 1.000000000000000082E-05 ), #8667, 'distance_accuracy_value', 'NONE');
#2106 = ORIENTED_EDGE ( 'NONE', *, *, #6177, .T. ) ;
#2107 = EDGE_CURVE ( 'NONE', #217, #2864, #7092, .T. ) ;
#2108 = FILL_AREA_STYLE_COLOUR ( '', #1260 ) ;
#2109 = ORIENTED_EDGE ( 'NONE', *, *, #1786, .F. ) ;
#2110 = DIRECTION ( 'NONE',  ( 0.0000000000000000000, 0.0000000000000000000, -1.000000000000000000 ) ) ;
#2111 = VERTEX_POINT ( 'NONE', #2814 ) ;
#2112 = MECHANICAL_DESIGN_GEOMETRIC_PRESENTATION_REPRESENTATION (  '', ( #8009 ), #2571 ) ;
#2113 = MECHANICAL_DESIGN_GEOMETRIC_PRESENTATION_REPRESENTATION (  '', ( #8749 ), #734 ) ;
#2114 = ORIENTED_EDGE ( 'NONE', *, *, #1027, .T. ) ;
#2115 = SURFACE_STYLE_USAGE ( .BOTH. , #8469 ) ;
#2116 = CARTESIAN_POINT ( 'NONE',  ( 1.365000000000000435, 2.980301110709575655E-17, 2.001999999999999780 ) ) ;
#2117 = DIRECTION ( 'NONE',  ( -0.0000000000000000000, -1.000000000000000000, -0.0000000000000000000 ) ) ;
#2118 = COLOUR_RGB ( '',1.000000000000000000, 1.000000000000000000, 1.000000000000000000 ) ;
#2119 = LINE ( 'NONE', #8477, #8984 ) ;
#2120 = SURFACE_STYLE_USAGE ( .BOTH. , #7933 ) ;
#2121 = ADVANCED_FACE ( 'NONE', ( #8433 ), #2127, .F. ) ;
#2122 = VERTEX_POINT ( 'NONE', #9059 ) ;
#2123 = EDGE_CURVE ( 'NONE', #6874, #1809, #5508, .T. ) ;
#2124 = DIRECTION ( 'NONE',  ( 0.0000000000000000000, 0.0000000000000000000, -1.000000000000000000 ) ) ;
#2125 = PRESENTATION_LAYER_ASSIGNMENT (  '', '', ( #8916 ) ) ;
#2126 = ORIENTED_EDGE ( 'NONE', *, *, #5503, .T. ) ;
#2127 = PLANE ( 'NONE',  #2139 ) ;
#2128 = ORIENTED_EDGE ( 'NONE', *, *, #770, .T. ) ;
#2129 = CARTESIAN_POINT ( 'NONE',  ( 0.6350000000000004530, 1.490150555354787828E-17, 1.600000000000000089 ) ) ;
#2130 = LINE ( 'NONE', #6832, #973 ) ;
#2131 = VECTOR ( 'NONE', #8891, 1000.000000000000000 ) ;
#2132 = DIRECTION ( 'NONE',  ( -2.710505431213761578E-16, 0.0000000000000000000, 1.000000000000000000 ) ) ;
#2133 = PRESENTATION_LAYER_ASSIGNMENT (  '', '', ( #8774 ) ) ;
#2134 =( NAMED_UNIT ( * ) PLANE_ANGLE_UNIT ( ) SI_UNIT ( $, .RADIAN. ) );
#2135 = DIRECTION ( 'NONE',  ( 0.0000000000000000000, -0.0000000000000000000, -1.000000000000000000 ) ) ;
#2136 = DIRECTION ( 'NONE',  ( -0.0000000000000000000, -1.000000000000000000, -0.0000000000000000000 ) ) ;
#2137 = DIRECTION ( 'NONE',  ( 0.0000000000000000000, -1.000000000000000000, -0.0000000000000000000 ) ) ;
#2138 = EDGE_CURVE ( 'NONE', #7169, #4700, #4506, .T. ) ;
#2139 = AXIS2_PLACEMENT_3D ( 'NONE', #1328, #8306, #6210 ) ;
#2140 = SURFACE_STYLE_USAGE ( .BOTH. , #602 ) ;
#2141 = ORIENTED_EDGE ( 'NONE', *, *, #5379, .F. ) ;
#2142 = LINE ( 'NONE', #4886, #5489 ) ;
#2143 = LINE ( 'NONE', #474, #1265 ) ;
#2144 = PRESENTATION_LAYER_ASSIGNMENT (  '', '', ( #3151 ) ) ;
#2145 = CARTESIAN_POINT ( 'NONE',  ( 0.6350000000000003419, 0.2000000000000000389, 2.000000000000000000 ) ) ;
#2146 = DIRECTION ( 'NONE',  ( -1.000000000000000000, -0.0000000000000000000, 4.065758146820642614E-16 ) ) ;
#2147 =( GEOMETRIC_REPRESENTATION_CONTEXT ( 3 ) GLOBAL_UNCERTAINTY_ASSIGNED_CONTEXT ( ( #8633 ) ) GLOBAL_UNIT_ASSIGNED_CONTEXT ( ( #7323, #3784, #7885 ) ) REPRESENTATION_CONTEXT ( 'NONE', 'WORKASPACE' ) );
#2148 =( NAMED_UNIT ( * ) SI_UNIT ( $, .STERADIAN. ) SOLID_ANGLE_UNIT ( ) );
#2149 = DIRECTION ( 'NONE',  ( 1.000000000000000000, 0.0000000000000000000, 0.0000000000000000000 ) ) ;
#2150 =( GEOMETRIC_REPRESENTATION_CONTEXT ( 3 ) GLOBAL_UNCERTAINTY_ASSIGNED_CONTEXT ( ( #5759 ) ) GLOBAL_UNIT_ASSIGNED_CONTEXT ( ( #7086, #3579, #2806 ) ) REPRESENTATION_CONTEXT ( 'NONE', 'WORKASPACE' ) );
#2151 = ORIENTED_EDGE ( 'NONE', *, *, #7759, .T. ) ;
#2152 = VECTOR ( 'NONE', #2030, 1000.000000000000000 ) ;
#2153 = DIRECTION ( 'NONE',  ( -1.000000000000000000, 0.0000000000000000000, -0.0000000000000000000 ) ) ;
#2154 = ORIENTED_EDGE ( 'NONE', *, *, #6847, .T. ) ;
#2155 = SURFACE_SIDE_STYLE ('',( #8458 ) ) ;
#2156 = PRESENTATION_LAYER_ASSIGNMENT (  '', '', ( #936 ) ) ;
#2157 = PRESENTATION_LAYER_ASSIGNMENT (  '', '', ( #8047 ) ) ;
#2158 = VECTOR ( 'NONE', #5628, 1000.000000000000000 ) ;
#2159 = DIRECTION ( 'NONE',  ( 0.0000000000000000000, -0.0000000000000000000, 1.000000000000000000 ) ) ;
#2160 = FACE_OUTER_BOUND ( 'NONE', #5287, .T. ) ;
#2161 =( NAMED_UNIT ( * ) SI_UNIT ( $, .STERADIAN. ) SOLID_ANGLE_UNIT ( ) );
#2162 = SURFACE_SIDE_STYLE ('',( #2254 ) ) ;
#2163 = STYLED_ITEM ( 'NONE', ( #8836 ), #6441 ) ;
#2164 = EDGE_LOOP ( 'NONE', ( #7458, #2004, #3313, #5263 ) ) ;
#2165 = COLOUR_RGB ( '',1.000000000000000000, 1.000000000000000000, 1.000000000000000000 ) ;
#2166 =( NAMED_UNIT ( * ) PLANE_ANGLE_UNIT ( ) SI_UNIT ( $, .RADIAN. ) );
#2167 = VERTEX_POINT ( 'NONE', #3636 ) ;
#2168 = PRESENTATION_STYLE_ASSIGNMENT (( #2115 ) ) ;
#2169 = DIRECTION ( 'NONE',  ( -0.0000000000000000000, 1.000000000000000000, -0.0000000000000000000 ) ) ;
#2170 = EDGE_CURVE ( 'NONE', #8457, #5939, #8625, .T. ) ;
#2171 = COLOUR_RGB ( '',1.000000000000000000, 1.000000000000000000, 1.000000000000000000 ) ;
#2172 = COLOUR_RGB ( '',1.000000000000000000, 1.000000000000000000, 1.000000000000000000 ) ;
#2173 = DIRECTION ( 'NONE',  ( 1.000000000000000000, 0.0000000000000000000, 0.0000000000000000000 ) ) ;
#2174 = CARTESIAN_POINT ( 'NONE',  ( 2.001999999999999780, 0.002500000000000000052, -0.6350000000000001199 ) ) ;
#2175 = COLOUR_RGB ( '',1.000000000000000000, 1.000000000000000000, 1.000000000000000000 ) ;
#2176 =( LENGTH_UNIT ( ) NAMED_UNIT ( * ) SI_UNIT ( .MILLI., .METRE. ) );
#2177 = ORIENTED_EDGE ( 'NONE', *, *, #4630, .F. ) ;
#2178 = AXIS2_PLACEMENT_3D ( 'NONE', #6269, #9115, #4145 ) ;
#2179 = DIRECTION ( 'NONE',  ( -0.0000000000000000000, -0.0000000000000000000, -1.000000000000000000 ) ) ;
#2180 = EDGE_LOOP ( 'NONE', ( #3774, #7546, #7725, #3140 ) ) ;
#2181 = CARTESIAN_POINT ( 'NONE',  ( 2.000000000000000000, 0.0000000000000000000, 0.6350000000000000089 ) ) ;
#2182 = ORIENTED_EDGE ( 'NONE', *, *, #7584, .T. ) ;
#2183 = FACE_OUTER_BOUND ( 'NONE', #1269, .T. ) ;
#2184 = ADVANCED_FACE ( 'NONE', ( #2996 ), #4318, .F. ) ;
#2185 = LINE ( 'NONE', #5693, #1324 ) ;
#2186 = SURFACE_SIDE_STYLE ('',( #796 ) ) ;
#2187 = COLOUR_RGB ( '',1.000000000000000000, 1.000000000000000000, 1.000000000000000000 ) ;
#2188 = DIRECTION ( 'NONE',  ( 1.000000000000000000, 0.0000000000000000000, 0.0000000000000000000 ) ) ;
#2189 = CARTESIAN_POINT ( 'NONE',  ( 1.499999999999999778, 0.9000000000000000222, -1.500000000000000000 ) ) ;
#2190 = AXIS2_PLACEMENT_3D ( 'NONE', #6797, #3235, #3280 ) ;
#2191 = MECHANICAL_DESIGN_GEOMETRIC_PRESENTATION_REPRESENTATION (  '', ( #3190 ), #8980 ) ;
#2192 =( NAMED_UNIT ( * ) PLANE_ANGLE_UNIT ( ) SI_UNIT ( $, .RADIAN. ) );
#2193 = VERTEX_POINT ( 'NONE', #5783 ) ;
#2194 = CARTESIAN_POINT ( 'NONE',  ( -2.000000000000000000, 0.2025000000000000133, -1.365000000000000213 ) ) ;
#2195 = VECTOR ( 'NONE', #2358, 1000.000000000000000 ) ;
#2196 =( NAMED_UNIT ( * ) PLANE_ANGLE_UNIT ( ) SI_UNIT ( $, .RADIAN. ) );
#2197 = EDGE_CURVE ( 'NONE', #4447, #2563, #886, .T. ) ;
#2198 = FACE_OUTER_BOUND ( 'NONE', #5881, .T. ) ;
#2199 = LINE ( 'NONE', #4987, #4070 ) ;
#2200 = DIRECTION ( 'NONE',  ( -0.0000000000000000000, 0.0000000000000000000, -1.000000000000000000 ) ) ;
#2201 = ORIENTED_EDGE ( 'NONE', *, *, #4993, .T. ) ;
#2202 =( NAMED_UNIT ( * ) PLANE_ANGLE_UNIT ( ) SI_UNIT ( $, .RADIAN. ) );
#2203 = VECTOR ( 'NONE', #4542, 1000.000000000000000 ) ;
#2204 = UNCERTAINTY_MEASURE_WITH_UNIT (LENGTH_MEASURE( 1.000000000000000082E-05 ), #5139, 'distance_accuracy_value', 'NONE');
#2205 = LINE ( 'NONE', #3662, #3486 ) ;
#2206 = ORIENTED_EDGE ( 'NONE', *, *, #1602, .T. ) ;
#2207 = FACE_OUTER_BOUND ( 'NONE', #1231, .T. ) ;
#2208 =( NAMED_UNIT ( * ) SI_UNIT ( $, .STERADIAN. ) SOLID_ANGLE_UNIT ( ) );
#2209 = SURFACE_STYLE_FILL_AREA ( #9175 ) ;
#2210 = VECTOR ( 'NONE', #5717, 1000.000000000000000 ) ;
#2211 =( LENGTH_UNIT ( ) NAMED_UNIT ( * ) SI_UNIT ( .MILLI., .METRE. ) );
#2212 = ORIENTED_EDGE ( 'NONE', *, *, #551, .T. ) ;
#2213 =( NAMED_UNIT ( * ) PLANE_ANGLE_UNIT ( ) SI_UNIT ( $, .RADIAN. ) );
#2214 = ORIENTED_EDGE ( 'NONE', *, *, #3608, .T. ) ;
#2215 = CARTESIAN_POINT ( 'NONE',  ( -1.250000000000000000, 0.002500000000000000052, 1.250000000000000000 ) ) ;
#2216 = CARTESIAN_POINT ( 'NONE',  ( -1.250000000000000000, 0.0005000000000000003357, -1.250000000000000000 ) ) ;
#2217 = CARTESIAN_POINT ( 'NONE',  ( -0.6349999999999995648, 0.1999999999999999833, 2.001999999999999780 ) ) ;
#2218 = PLANE ( 'NONE',  #8862 ) ;
#2219 = ORIENTED_EDGE ( 'NONE', *, *, #1010, .F. ) ;
#2220 = AXIS2_PLACEMENT_3D ( 'NONE', #587, #8576, #7835 ) ;
#2221 = EDGE_CURVE ( 'NONE', #2581, #2225, #1509, .T. ) ;
#2222 = CARTESIAN_POINT ( 'NONE',  ( -1.134999999999999787, 0.1999999999999999556, -2.000000000000000000 ) ) ;
#2223 = EDGE_LOOP ( 'NONE', ( #8583, #6329, #8976, #1561 ) ) ;
#2224 = CARTESIAN_POINT ( 'NONE',  ( -2.000000000000000000, 0.002500000000000000052, 0.6350000000000000089 ) ) ;
#2225 = VERTEX_POINT ( 'NONE', #4459 ) ;
#2226 = LINE ( 'NONE', #6358, #6672 ) ;
#2227 = CARTESIAN_POINT ( 'NONE',  ( -2.000000000000000000, 0.2025000000000000133, 0.1349999999999998701 ) ) ;
#2228 = FILL_AREA_STYLE ('',( #7699 ) ) ;
#2229 = AXIS2_PLACEMENT_3D ( 'NONE', #3706, #289, #6521 ) ;
#2230 = CARTESIAN_POINT ( 'NONE',  ( 1.600000000000000089, 0.002500000000000000052, 1.135000000000000009 ) ) ;
#2231 = PLANE ( 'NONE',  #7306 ) ;
#2232 =( NAMED_UNIT ( * ) PLANE_ANGLE_UNIT ( ) SI_UNIT ( $, .RADIAN. ) );
#2233 = EDGE_CURVE ( 'NONE', #9019, #6676, #8581, .T. ) ;
#2234 = CARTESIAN_POINT ( 'NONE',  ( -2.001999999999999780, 0.002500000000000000052, -0.6350000000000001199 ) ) ;
#2235 = ORIENTED_EDGE ( 'NONE', *, *, #821, .T. ) ;
#2236 = CARTESIAN_POINT ( 'NONE',  ( 2.000000000000000000, 0.2024999999999999856, 0.8649999999999998801 ) ) ;
#2237 = EDGE_CURVE ( 'NONE', #3407, #6481, #4371, .T. ) ;
#2238 = FACE_OUTER_BOUND ( 'NONE', #4989, .T. ) ;
#2239 = SURFACE_STYLE_FILL_AREA ( #5752 ) ;
#2240 = LINE ( 'NONE', #5606, #1871 ) ;
#2241 = DIRECTION ( 'NONE',  ( -1.000000000000000000, 0.0000000000000000000, 0.0000000000000000000 ) ) ;
#2242 = ORIENTED_EDGE ( 'NONE', *, *, #9072, .F. ) ;
#2243 = ADVANCED_FACE ( 'NONE', ( #3083 ), #3222, .T. ) ;
#2244 = FILL_AREA_STYLE ('',( #3014 ) ) ;
#2245 = DIRECTION ( 'NONE',  ( -0.0000000000000000000, -1.000000000000000000, -0.0000000000000000000 ) ) ;
#2246 = EDGE_CURVE ( 'NONE', #3449, #2630, #3787, .T. ) ;
#2247 = DIRECTION ( 'NONE',  ( 4.065758146820642614E-16, -0.0000000000000000000, 1.000000000000000000 ) ) ;
#2248 = EDGE_LOOP ( 'NONE', ( #6905, #1855, #3854, #2893 ) ) ;
#2249 =( NAMED_UNIT ( * ) SI_UNIT ( $, .STERADIAN. ) SOLID_ANGLE_UNIT ( ) );
#2250 = SURFACE_STYLE_FILL_AREA ( #4399 ) ;
#2251 =( NAMED_UNIT ( * ) PLANE_ANGLE_UNIT ( ) SI_UNIT ( $, .RADIAN. ) );
#2252 = PRESENTATION_LAYER_ASSIGNMENT (  '', '', ( #3863 ) ) ;
#2253 = LINE ( 'NONE', #1457, #662 ) ;
#2254 = SURFACE_STYLE_FILL_AREA ( #4302 ) ;
#2255 = MECHANICAL_DESIGN_GEOMETRIC_PRESENTATION_REPRESENTATION (  '', ( #1036 ), #1496 ) ;
#2256 = EDGE_CURVE ( 'NONE', #4895, #3120, #5255, .T. ) ;
#2257 = ORIENTED_EDGE ( 'NONE', *, *, #3853, .F. ) ;
#2258 = FILL_AREA_STYLE ('',( #3673 ) ) ;
#2259 = ORIENTED_EDGE ( 'NONE', *, *, #4794, .T. ) ;
#2260 = ORIENTED_EDGE ( 'NONE', *, *, #595, .F. ) ;
#2261 = FILL_AREA_STYLE ('',( #4449 ) ) ;
#2262 = MECHANICAL_DESIGN_GEOMETRIC_PRESENTATION_REPRESENTATION (  '', ( #6814 ), #286 ) ;
#2263 = PRESENTATION_LAYER_ASSIGNMENT (  '', '', ( #5594 ) ) ;
#2264 = CARTESIAN_POINT ( 'NONE',  ( -0.8649999999999996581, 0.1999999999999999833, 2.001999999999999780 ) ) ;
#2265 = LINE ( 'NONE', #82, #3808 ) ;
#2266 = DIRECTION ( 'NONE',  ( 0.0000000000000000000, -0.0000000000000000000, -1.000000000000000000 ) ) ;
#2267 = ORIENTED_EDGE ( 'NONE', *, *, #7675, .F. ) ;
#2268 = VECTOR ( 'NONE', #1771, 1000.000000000000000 ) ;
#2269 = FACE_OUTER_BOUND ( 'NONE', #3683, .T. ) ;
#2270 = ORIENTED_EDGE ( 'NONE', *, *, #2072, .T. ) ;
#2271 = EDGE_LOOP ( 'NONE', ( #4822, #6737, #7193, #7513 ) ) ;
#2272 = CARTESIAN_POINT ( 'NONE',  ( 2.001999999999999780, 0.2025000000000000133, 0.1349999999999998701 ) ) ;
#2273 = AXIS2_PLACEMENT_3D ( 'NONE', #2222, #7276, #1468 ) ;
#2274 =( GEOMETRIC_REPRESENTATION_CONTEXT ( 3 ) GLOBAL_UNCERTAINTY_ASSIGNED_CONTEXT ( ( #391 ) ) GLOBAL_UNIT_ASSIGNED_CONTEXT ( ( #1272, #1406, #2804 ) ) REPRESENTATION_CONTEXT ( 'NONE', 'WORKASPACE' ) );
#2275 = CARTESIAN_POINT ( 'NONE',  ( 2.000000000000000000, 0.2024999999999999856, -1.365000000000000213 ) ) ;
#2276 = FILL_AREA_STYLE ('',( #8588 ) ) ;
#2277 = ORIENTED_EDGE ( 'NONE', *, *, #331, .F. ) ;
#2278 = UNCERTAINTY_MEASURE_WITH_UNIT (LENGTH_MEASURE( 1.000000000000000082E-05 ), #3836, 'distance_accuracy_value', 'NONE');
#2279 = DIRECTION ( 'NONE',  ( -0.0000000000000000000, 0.0000000000000000000, -1.000000000000000000 ) ) ;
#2280 = ORIENTED_EDGE ( 'NONE', *, *, #6518, .F. ) ;
#2281 =( NAMED_UNIT ( * ) SI_UNIT ( $, .STERADIAN. ) SOLID_ANGLE_UNIT ( ) );
#2282 =( NAMED_UNIT ( * ) PLANE_ANGLE_UNIT ( ) SI_UNIT ( $, .RADIAN. ) );
#2283 = CARTESIAN_POINT ( 'NONE',  ( -0.1349999999999995925, 0.002499999999999998317, -2.000000000000000000 ) ) ;
#2284 = PRESENTATION_STYLE_ASSIGNMENT (( #2972 ) ) ;
#2285 = SURFACE_SIDE_STYLE ('',( #2336 ) ) ;
#2286 = EDGE_CURVE ( 'NONE', #5544, #553, #6599, .T. ) ;
#2287 = STYLED_ITEM ( 'NONE', ( #6474 ), #1952 ) ;
#2288 = FILL_AREA_STYLE_COLOUR ( '', #673 ) ;
#2289 = CARTESIAN_POINT ( 'NONE',  ( -2.001999999999999780, 0.002500000000000000052, 1.364999999999999991 ) ) ;
#2290 = STYLED_ITEM ( 'NONE', ( #2087 ), #5815 ) ;
#2291 = UNCERTAINTY_MEASURE_WITH_UNIT (LENGTH_MEASURE( 1.000000000000000082E-05 ), #1289, 'distance_accuracy_value', 'NONE');
#2292 = DIRECTION ( 'NONE',  ( 1.000000000000000000, 0.0000000000000000000, 0.0000000000000000000 ) ) ;
#2293 = VERTEX_POINT ( 'NONE', #2549 ) ;
#2294 = CARTESIAN_POINT ( 'NONE',  ( 1.600000000000000089, 0.0000000000000000000, -0.3650000000000001577 ) ) ;
#2295 = STYLED_ITEM ( 'NONE', ( #4228 ), #2121 ) ;
#2296 =( NAMED_UNIT ( * ) SI_UNIT ( $, .STERADIAN. ) SOLID_ANGLE_UNIT ( ) );
#2297 = EDGE_CURVE ( 'NONE', #171, #2837, #2451, .T. ) ;
#2298 = VECTOR ( 'NONE', #6543, 1000.000000000000000 ) ;
#2299 =( LENGTH_UNIT ( ) NAMED_UNIT ( * ) SI_UNIT ( .MILLI., .METRE. ) );
#2300 =( NAMED_UNIT ( * ) PLANE_ANGLE_UNIT ( ) SI_UNIT ( $, .RADIAN. ) );
#2301 = CARTESIAN_POINT ( 'NONE',  ( -2.001999999999999780, 0.2025000000000000133, 0.8649999999999998801 ) ) ;
#2302 =( NAMED_UNIT ( * ) SI_UNIT ( $, .STERADIAN. ) SOLID_ANGLE_UNIT ( ) );
#2303 = PLANE ( 'NONE',  #3842 ) ;
#2304 = UNCERTAINTY_MEASURE_WITH_UNIT (LENGTH_MEASURE( 1.000000000000000082E-05 ), #1358, 'distance_accuracy_value', 'NONE');
#2305 = COLOUR_RGB ( '',1.000000000000000000, 1.000000000000000000, 1.000000000000000000 ) ;
#2306 = SURFACE_STYLE_USAGE ( .BOTH. , #4445 ) ;
#2307 = AXIS2_PLACEMENT_3D ( 'NONE', #6439, #7719, #2063 ) ;
#2308 = ORIENTED_EDGE ( 'NONE', *, *, #7415, .F. ) ;
#2309 = LINE ( 'NONE', #2349, #3182 ) ;
#2310 = ORIENTED_EDGE ( 'NONE', *, *, #4864, .T. ) ;
#2311 = VERTEX_POINT ( 'NONE', #324 ) ;
#2312 = CARTESIAN_POINT ( 'NONE',  ( 1.600000000000000089, 0.002500000000000000052, -0.8650000000000001021 ) ) ;
#2313 = AXIS2_PLACEMENT_3D ( 'NONE', #8366, #6228, #6278 ) ;
#2314 = EDGE_CURVE ( 'NONE', #6582, #6660, #2508, .T. ) ;
#2315 =( GEOMETRIC_REPRESENTATION_CONTEXT ( 3 ) GLOBAL_UNCERTAINTY_ASSIGNED_CONTEXT ( ( #6976 ) ) GLOBAL_UNIT_ASSIGNED_CONTEXT ( ( #6744, #940, #3973 ) ) REPRESENTATION_CONTEXT ( 'NONE', 'WORKASPACE' ) );
#2316 = LINE ( 'NONE', #3724, #6113 ) ;
#2317 = PRESENTATION_STYLE_ASSIGNMENT (( #5777 ) ) ;
#2318 = LINE ( 'NONE', #3779, #1434 ) ;
#2319 = PRESENTATION_LAYER_ASSIGNMENT (  '', '', ( #6576 ) ) ;
#2320 = ORIENTED_EDGE ( 'NONE', *, *, #1437, .F. ) ;
#2321 = CARTESIAN_POINT ( 'NONE',  ( 0.3650000000000004352, 0.0000000000000000000, -2.000000000000000000 ) ) ;
#2322 = ORIENTED_EDGE ( 'NONE', *, *, #5100, .F. ) ;
#2323 = VECTOR ( 'NONE', #8973, 1000.000000000000000 ) ;
#2324 = CARTESIAN_POINT ( 'NONE',  ( 2.000000000000000000, 0.002500000000000000052, -0.6350000000000000089 ) ) ;
#2325 = COLOUR_RGB ( '',1.000000000000000000, 1.000000000000000000, 1.000000000000000000 ) ;
#2326 =( GEOMETRIC_REPRESENTATION_CONTEXT ( 3 ) GLOBAL_UNCERTAINTY_ASSIGNED_CONTEXT ( ( #7645 ) ) GLOBAL_UNIT_ASSIGNED_CONTEXT ( ( #5722, #6629, #8566 ) ) REPRESENTATION_CONTEXT ( 'NONE', 'WORKASPACE' ) );
#2327 = LINE ( 'NONE', #7239, #8193 ) ;
#2328 = UNCERTAINTY_MEASURE_WITH_UNIT (LENGTH_MEASURE( 1.000000000000000082E-05 ), #4454, 'distance_accuracy_value', 'NONE');
#2329 = VECTOR ( 'NONE', #1382, 1000.000000000000000 ) ;
#2330 = PRESENTATION_STYLE_ASSIGNMENT (( #8631 ) ) ;
#2331 = ORIENTED_EDGE ( 'NONE', *, *, #6909, .F. ) ;
#2332 = DIRECTION ( 'NONE',  ( 0.0000000000000000000, 0.0000000000000000000, 1.000000000000000000 ) ) ;
#2333 = ORIENTED_EDGE ( 'NONE', *, *, #3298, .T. ) ;
#2334 = STYLED_ITEM ( 'NONE', ( #6432 ), #3456 ) ;
#2335 = CARTESIAN_POINT ( 'NONE',  ( 1.600000000000000089, 0.002500000000000000052, 0.1349999999999998701 ) ) ;
#2336 = SURFACE_STYLE_FILL_AREA ( #1684 ) ;
#2337 = MECHANICAL_DESIGN_GEOMETRIC_PRESENTATION_REPRESENTATION (  '', ( #1131 ), #8503 ) ;
#2338 = LINE ( 'NONE', #1637, #1665 ) ;
#2339 = ORIENTED_EDGE ( 'NONE', *, *, #5261, .T. ) ;
#2340 = EDGE_CURVE ( 'NONE', #4004, #6157, #1668, .T. ) ;
#2341 = AXIS2_PLACEMENT_3D ( 'NONE', #1421, #2913, #5843 ) ;
#2342 = FACE_OUTER_BOUND ( 'NONE', #8291, .T. ) ;
#2343 = DIRECTION ( 'NONE',  ( 1.000000000000000000, 0.0000000000000000000, -0.0000000000000000000 ) ) ;
#2344 =( LENGTH_UNIT ( ) NAMED_UNIT ( * ) SI_UNIT ( .MILLI., .METRE. ) );
#2345 = LINE ( 'NONE', #5141, #9015 ) ;
#2346 = PRESENTATION_LAYER_ASSIGNMENT (  '', '', ( #72 ) ) ;
#2347 = EDGE_CURVE ( 'NONE', #3396, #2881, #8877, .T. ) ;
#2348 = ORIENTED_EDGE ( 'NONE', *, *, #7574, .T. ) ;
#2349 = CARTESIAN_POINT ( 'NONE',  ( -2.001999999999999780, 0.2025000000000000133, 0.6349999999999998979 ) ) ;
#2350 = EDGE_LOOP ( 'NONE', ( #2372, #996, #6512, #7508 ) ) ;
#2351 = ORIENTED_EDGE ( 'NONE', *, *, #2170, .T. ) ;
#2352 =( GEOMETRIC_REPRESENTATION_CONTEXT ( 3 ) GLOBAL_UNCERTAINTY_ASSIGNED_CONTEXT ( ( #212 ) ) GLOBAL_UNIT_ASSIGNED_CONTEXT ( ( #4727, #1252, #6808 ) ) REPRESENTATION_CONTEXT ( 'NONE', 'WORKASPACE' ) );
#2353 = SURFACE_STYLE_USAGE ( .BOTH. , #777 ) ;
#2354 = DIRECTION ( 'NONE',  ( 0.0000000000000000000, -0.0000000000000000000, 1.000000000000000000 ) ) ;
#2355 =( GEOMETRIC_REPRESENTATION_CONTEXT ( 3 ) GLOBAL_UNCERTAINTY_ASSIGNED_CONTEXT ( ( #2676 ) ) GLOBAL_UNIT_ASSIGNED_CONTEXT ( ( #3923, #7555, #7469 ) ) REPRESENTATION_CONTEXT ( 'NONE', 'WORKASPACE' ) );
#2356 = SURFACE_STYLE_FILL_AREA ( #2437 ) ;
#2357 = CARTESIAN_POINT ( 'NONE',  ( -2.000000000000000000, 0.002500000000000000052, -1.364999999999999991 ) ) ;
#2358 = DIRECTION ( 'NONE',  ( -1.000000000000000000, -0.0000000000000000000, 4.065758146820642614E-16 ) ) ;
#2359 = PRESENTATION_STYLE_ASSIGNMENT (( #7195 ) ) ;
#2360 = PLANE ( 'NONE',  #7262 ) ;
#2361 = ADVANCED_FACE ( 'NONE', ( #4601 ), #8918, .F. ) ;
#2362 = VERTEX_POINT ( 'NONE', #3164 ) ;
#2363 = VECTOR ( 'NONE', #6827, 1000.000000000000000 ) ;
#2364 = EDGE_LOOP ( 'NONE', ( #8668, #9150, #6234, #6551 ) ) ;
#2365 = FILL_AREA_STYLE ('',( #6464 ) ) ;
#2366 = CARTESIAN_POINT ( 'NONE',  ( -0.8649999999999996581, 0.1999999999999999833, 2.000000000000000000 ) ) ;
#2367 = CARTESIAN_POINT ( 'NONE',  ( -1.250000000000000000, 0.0005000000000000003357, 1.250000000000000000 ) ) ;
#2368 = SURFACE_SIDE_STYLE ('',( #327 ) ) ;
#2369 = DIRECTION ( 'NONE',  ( -0.0000000000000000000, 0.0000000000000000000, -1.000000000000000000 ) ) ;
#2370 = MECHANICAL_DESIGN_GEOMETRIC_PRESENTATION_REPRESENTATION (  '', ( #7511 ), #3678 ) ;
#2371 = PRESENTATION_STYLE_ASSIGNMENT (( #3881 ) ) ;
#2372 = ORIENTED_EDGE ( 'NONE', *, *, #2978, .F. ) ;
#2373 = UNCERTAINTY_MEASURE_WITH_UNIT (LENGTH_MEASURE( 1.000000000000000082E-05 ), #5393, 'distance_accuracy_value', 'NONE');
#2374 = VERTEX_POINT ( 'NONE', #989 ) ;
#2375 = FACE_OUTER_BOUND ( 'NONE', #8383, .T. ) ;
#2376 = FACE_OUTER_BOUND ( 'NONE', #7940, .T. ) ;
#2377 = PRESENTATION_LAYER_ASSIGNMENT (  '', '', ( #3684 ) ) ;
#2378 = VECTOR ( 'NONE', #5806, 1000.000000000000000 ) ;
#2379 = SURFACE_SIDE_STYLE ('',( #5858 ) ) ;
#2380 =( NAMED_UNIT ( * ) SI_UNIT ( $, .STERADIAN. ) SOLID_ANGLE_UNIT ( ) );
#2381 = LINE ( 'NONE', #5901, #4851 ) ;
#2382 = CARTESIAN_POINT ( 'NONE',  ( -1.250000000000000000, 0.0005000000000000003357, -1.250000000000000000 ) ) ;
#2383 = EDGE_LOOP ( 'NONE', ( #9168, #1310, #3326, #8145 ) ) ;
#2384 = SURFACE_STYLE_FILL_AREA ( #4434 ) ;
#2385 = CARTESIAN_POINT ( 'NONE',  ( 1.600000000000000089, 0.0000000000000000000, -0.8650000000000001021 ) ) ;
#2386 = ORIENTED_EDGE ( 'NONE', *, *, #4530, .F. ) ;
#2387 = LINE ( 'NONE', #1644, #7417 ) ;
#2388 = CARTESIAN_POINT ( 'NONE',  ( -0.8649999999999996581, 0.1999999999999999833, 2.000000000000000000 ) ) ;
#2389 = EDGE_CURVE ( 'NONE', #2071, #8801, #6028, .T. ) ;
#2390 = DIRECTION ( 'NONE',  ( -1.000000000000000000, 0.0000000000000000000, 0.0000000000000000000 ) ) ;
#2391 = SURFACE_STYLE_USAGE ( .BOTH. , #359 ) ;
#2392 = LINE ( 'NONE', #4351, #9102 ) ;
#2393 = VERTEX_POINT ( 'NONE', #3269 ) ;
#2394 = CARTESIAN_POINT ( 'NONE',  ( 0.1350000000000004530, 0.002500000000000000052, 1.600000000000000089 ) ) ;
#2395 = VERTEX_POINT ( 'NONE', #6070 ) ;
#2396 = EDGE_LOOP ( 'NONE', ( #2259, #8121, #7265, #7462 ) ) ;
#2397 = FILL_AREA_STYLE_COLOUR ( '', #4615 ) ;
#2398 = SURFACE_SIDE_STYLE ('',( #5324 ) ) ;
#2399 = EDGE_CURVE ( 'NONE', #2506, #2711, #6865, .T. ) ;
#2400 = EDGE_CURVE ( 'NONE', #5990, #2362, #4170, .T. ) ;
#2401 = SURFACE_STYLE_USAGE ( .BOTH. , #8820 ) ;
#2402 = EDGE_CURVE ( 'NONE', #6821, #4785, #6946, .T. ) ;
#2403 = CARTESIAN_POINT ( 'NONE',  ( -2.000000000000000000, 0.9000000000000000222, -2.000000000000000000 ) ) ;
#2404 = ORIENTED_EDGE ( 'NONE', *, *, #3695, .T. ) ;
#2405 = ORIENTED_EDGE ( 'NONE', *, *, #6144, .F. ) ;
#2406 =( LENGTH_UNIT ( ) NAMED_UNIT ( * ) SI_UNIT ( .MILLI., .METRE. ) );
#2407 = PRESENTATION_LAYER_ASSIGNMENT (  '', '', ( #6208 ) ) ;
#2408 =( GEOMETRIC_REPRESENTATION_CONTEXT ( 3 ) GLOBAL_UNCERTAINTY_ASSIGNED_CONTEXT ( ( #5946 ) ) GLOBAL_UNIT_ASSIGNED_CONTEXT ( ( #8885, #204, #384 ) ) REPRESENTATION_CONTEXT ( 'NONE', 'WORKASPACE' ) );
#2409 = SURFACE_STYLE_USAGE ( .BOTH. , #3877 ) ;
#2410 = PLANE ( 'NONE',  #6096 ) ;
#2411 = LINE ( 'NONE', #1031, #8634 ) ;
#2412 = EDGE_CURVE ( 'NONE', #1490, #7789, #6198, .T. ) ;
#2413 = PLANE ( 'NONE',  #1921 ) ;
#2414 = VECTOR ( 'NONE', #5741, 1000.000000000000000 ) ;
#2415 = VERTEX_POINT ( 'NONE', #9096 ) ;
#2416 = DIRECTION ( 'NONE',  ( 2.710505431213761578E-16, 0.0000000000000000000, 1.000000000000000000 ) ) ;
#2417 = FILL_AREA_STYLE_COLOUR ( '', #2759 ) ;
#2418 = STYLED_ITEM ( 'NONE', ( #5010 ), #1435 ) ;
#2419 =( NAMED_UNIT ( * ) SI_UNIT ( $, .STERADIAN. ) SOLID_ANGLE_UNIT ( ) );
#2420 = DIRECTION ( 'NONE',  ( 0.0000000000000000000, 0.0000000000000000000, 1.000000000000000000 ) ) ;
#2421 = EDGE_CURVE ( 'NONE', #5134, #8381, #6112, .T. ) ;
#2422 = CARTESIAN_POINT ( 'NONE',  ( 1.600000000000000089, 0.002500000000000000052, 1.135000000000000009 ) ) ;
#2423 = STYLED_ITEM ( 'NONE', ( #2883 ), #1623 ) ;
#2424 = CARTESIAN_POINT ( 'NONE',  ( 2.000000000000000000, 0.2024999999999999856, 0.1349999999999997036 ) ) ;
#2425 = EDGE_LOOP ( 'NONE', ( #2505, #9029, #7696, #7004 ) ) ;
#2426 = LINE ( 'NONE', #5177, #6544 ) ;
#2427 = CARTESIAN_POINT ( 'NONE',  ( 2.000000000000000000, 0.9000000000000000222, -2.000000000000000000 ) ) ;
#2428 = STYLED_ITEM ( 'NONE', ( #5708 ), #5648 ) ;
#2429 = ORIENTED_EDGE ( 'NONE', *, *, #5041, .T. ) ;
#2430 = SURFACE_SIDE_STYLE ('',( #7304 ) ) ;
#2431 = MECHANICAL_DESIGN_GEOMETRIC_PRESENTATION_REPRESENTATION (  '', ( #4918 ), #927 ) ;
#2432 =( NAMED_UNIT ( * ) PLANE_ANGLE_UNIT ( ) SI_UNIT ( $, .RADIAN. ) );
#2433 = PRESENTATION_LAYER_ASSIGNMENT (  '', '', ( #607 ) ) ;
#2434 =( NAMED_UNIT ( * ) SI_UNIT ( $, .STERADIAN. ) SOLID_ANGLE_UNIT ( ) );
#2435 = VERTEX_POINT ( 'NONE', #500 ) ;
#2436 = STYLED_ITEM ( 'NONE', ( #1464 ), #6052 ) ;
#2437 = FILL_AREA_STYLE ('',( #6637 ) ) ;
#2438 = FACE_OUTER_BOUND ( 'NONE', #3966, .T. ) ;
#2439 = CARTESIAN_POINT ( 'NONE',  ( 1.600000000000000089, 0.002500000000000000052, 1.135000000000000009 ) ) ;
#2440 = DIRECTION ( 'NONE',  ( -1.000000000000000000, 0.0000000000000000000, 0.0000000000000000000 ) ) ;
#2441 = VECTOR ( 'NONE', #1695, 1000.000000000000000 ) ;
#2442 = ORIENTED_EDGE ( 'NONE', *, *, #7471, .T. ) ;
#2443 = FILL_AREA_STYLE_COLOUR ( '', #7117 ) ;
#2444 = ORIENTED_EDGE ( 'NONE', *, *, #2340, .F. ) ;
#2445 = AXIS2_PLACEMENT_3D ( 'NONE', #9121, #2733, #4847 ) ;
#2446 = ORIENTED_EDGE ( 'NONE', *, *, #4864, .F. ) ;
#2447 = EDGE_CURVE ( 'NONE', #553, #2478, #2670, .T. ) ;
#2448 = EDGE_CURVE ( 'NONE', #3148, #7863, #2074, .T. ) ;
#2449 = ORIENTED_EDGE ( 'NONE', *, *, #2286, .T. ) ;
#2450 = LINE ( 'NONE', #890, #8292 ) ;
#2451 = LINE ( 'NONE', #8080, #5637 ) ;
#2452 =( GEOMETRIC_REPRESENTATION_CONTEXT ( 3 ) GLOBAL_UNCERTAINTY_ASSIGNED_CONTEXT ( ( #1446 ) ) GLOBAL_UNIT_ASSIGNED_CONTEXT ( ( #3697, #7096, #6415 ) ) REPRESENTATION_CONTEXT ( 'NONE', 'WORKASPACE' ) );
#2453 =( NAMED_UNIT ( * ) SI_UNIT ( $, .STERADIAN. ) SOLID_ANGLE_UNIT ( ) );
#2454 = DIRECTION ( 'NONE',  ( 0.0000000000000000000, 1.000000000000000000, 0.0000000000000000000 ) ) ;
#2455 = STYLED_ITEM ( 'NONE', ( #2359 ), #2918 ) ;
#2456 = SURFACE_STYLE_FILL_AREA ( #7240 ) ;
#2457 =( NAMED_UNIT ( * ) SI_UNIT ( $, .STERADIAN. ) SOLID_ANGLE_UNIT ( ) );
#2458 = ORIENTED_EDGE ( 'NONE', *, *, #5018, .T. ) ;
#2459 = UNCERTAINTY_MEASURE_WITH_UNIT (LENGTH_MEASURE( 1.000000000000000082E-05 ), #8257, 'distance_accuracy_value', 'NONE');
#2460 = DIRECTION ( 'NONE',  ( 1.000000000000000000, 0.0000000000000000000, 0.0000000000000000000 ) ) ;
#2461 = AXIS2_PLACEMENT_3D ( 'NONE', #6453, #7048, #7087 ) ;
#2462 = ORIENTED_EDGE ( 'NONE', *, *, #5935, .T. ) ;
#2463 = CARTESIAN_POINT ( 'NONE',  ( -2.001999999999999780, 0.2025000000000000133, -1.135000000000000231 ) ) ;
#2464 = DIRECTION ( 'NONE',  ( -0.0000000000000000000, -1.000000000000000000, -0.0000000000000000000 ) ) ;
#2465 = EDGE_CURVE ( 'NONE', #9058, #3631, #1273, .T. ) ;
#2466 = VECTOR ( 'NONE', #1752, 1000.000000000000000 ) ;
#2467 = DIRECTION ( 'NONE',  ( 1.000000000000000000, 0.0000000000000000000, 0.0000000000000000000 ) ) ;
#2468 = STYLED_ITEM ( 'NONE', ( #7079 ), #3117 ) ;
#2469 = EDGE_CURVE ( 'NONE', #6025, #2478, #7553, .T. ) ;
#2470 =( NAMED_UNIT ( * ) PLANE_ANGLE_UNIT ( ) SI_UNIT ( $, .RADIAN. ) );
#2471 = PRESENTATION_STYLE_ASSIGNMENT (( #8848 ) ) ;
#2472 = LINE ( 'NONE', #342, #6081 ) ;
#2473 = VECTOR ( 'NONE', #2103, 1000.000000000000000 ) ;
#2474 = SURFACE_SIDE_STYLE ('',( #8701 ) ) ;
#2475 = PRESENTATION_STYLE_ASSIGNMENT (( #4529 ) ) ;
#2476 = VECTOR ( 'NONE', #6187, 1000.000000000000000 ) ;
#2477 = VECTOR ( 'NONE', #3709, 1000.000000000000000 ) ;
#2478 = VERTEX_POINT ( 'NONE', #4049 ) ;
#2479 = UNCERTAINTY_MEASURE_WITH_UNIT (LENGTH_MEASURE( 1.000000000000000082E-05 ), #695, 'distance_accuracy_value', 'NONE');
#2480 = CARTESIAN_POINT ( 'NONE',  ( -1.134999999999999787, 0.1999999999999999556, -2.001999999999999780 ) ) ;
#2481 = VECTOR ( 'NONE', #7667, 1000.000000000000000 ) ;
#2482 = ADVANCED_FACE ( 'NONE', ( #580 ), #5497, .F. ) ;
#2483 = ORIENTED_EDGE ( 'NONE', *, *, #7987, .T. ) ;
#2484 = DIRECTION ( 'NONE',  ( -0.0000000000000000000, -1.000000000000000000, -0.0000000000000000000 ) ) ;
#2485 = CARTESIAN_POINT ( 'NONE',  ( 1.499999999999999778, 0.8979999999999999094, -1.500000000000000000 ) ) ;
#2486 = SURFACE_STYLE_USAGE ( .BOTH. , #4683 ) ;
#2487 = VECTOR ( 'NONE', #3497, 1000.000000000000000 ) ;
#2488 = CARTESIAN_POINT ( 'NONE',  ( 0.6350000000000003419, 0.2000000000000000389, 2.000000000000000000 ) ) ;
#2489 = STYLED_ITEM ( 'NONE', ( #2961 ), #4600 ) ;
#2490 = MECHANICAL_DESIGN_GEOMETRIC_PRESENTATION_REPRESENTATION (  '', ( #5095 ), #8645 ) ;
#2491 = ORIENTED_EDGE ( 'NONE', *, *, #1911, .T. ) ;
#2492 = CARTESIAN_POINT ( 'NONE',  ( 2.000000000000000000, 0.0000000000000000000, -0.1350000000000000089 ) ) ;
#2493 = FILL_AREA_STYLE ('',( #8867 ) ) ;
#2494 = VECTOR ( 'NONE', #8887, 1000.000000000000000 ) ;
#2495 = LINE ( 'NONE', #2576, #430 ) ;
#2496 = VECTOR ( 'NONE', #2796, 1000.000000000000000 ) ;
#2497 = PLANE ( 'NONE',  #4479 ) ;
#2498 = SURFACE_STYLE_USAGE ( .BOTH. , #6673 ) ;
#2499 = UNCERTAINTY_MEASURE_WITH_UNIT (LENGTH_MEASURE( 1.000000000000000082E-05 ), #3819, 'distance_accuracy_value', 'NONE');
#2500 = DIRECTION ( 'NONE',  ( 0.0000000000000000000, 0.0000000000000000000, -1.000000000000000000 ) ) ;
#2501 = FILL_AREA_STYLE ('',( #3215 ) ) ;
#2502 = VERTEX_POINT ( 'NONE', #3577 ) ;
#2503 = VECTOR ( 'NONE', #5184, 1000.000000000000000 ) ;
#2504 = ORIENTED_EDGE ( 'NONE', *, *, #6612, .F. ) ;
#2505 = ORIENTED_EDGE ( 'NONE', *, *, #4984, .F. ) ;
#2506 = VERTEX_POINT ( 'NONE', #724 ) ;
#2507 = LINE ( 'NONE', #3969, #8903 ) ;
#2508 = LINE ( 'NONE', #1765, #2725 ) ;
#2509 = VECTOR ( 'NONE', #3665, 1000.000000000000000 ) ;
#2510 = CARTESIAN_POINT ( 'NONE',  ( -1.134999999999999787, -4.463288363752166281E-18, -1.600000000000000089 ) ) ;
#2511 =( NAMED_UNIT ( * ) PLANE_ANGLE_UNIT ( ) SI_UNIT ( $, .RADIAN. ) );
#2512 = UNCERTAINTY_MEASURE_WITH_UNIT (LENGTH_MEASURE( 1.000000000000000082E-05 ), #4629, 'distance_accuracy_value', 'NONE');
#2513 = SURFACE_STYLE_FILL_AREA ( #7333 ) ;
#2514 = DIRECTION ( 'NONE',  ( 1.000000000000000000, 0.0000000000000000000, 4.065758146820642614E-16 ) ) ;
#2515 = EDGE_CURVE ( 'NONE', #3915, #7714, #7875, .T. ) ;
#2516 = EDGE_LOOP ( 'NONE', ( #396, #5289, #6917, #2715, #1822, #3450 ) ) ;
#2517 = DIRECTION ( 'NONE',  ( -0.0000000000000000000, -0.0000000000000000000, -1.000000000000000000 ) ) ;
#2518 = ORIENTED_EDGE ( 'NONE', *, *, #404, .T. ) ;
#2519 = PLANE ( 'NONE',  #7432 ) ;
#2520 = CARTESIAN_POINT ( 'NONE',  ( 0.8650000000000004352, 0.002500000000000001787, -1.600000000000000089 ) ) ;
#2521 = DIRECTION ( 'NONE',  ( -0.0000000000000000000, -1.000000000000000000, -0.0000000000000000000 ) ) ;
#2522 = EDGE_CURVE ( 'NONE', #4270, #6607, #3677, .T. ) ;
#2523 = LINE ( 'NONE', #6762, #1200 ) ;
#2524 = ORIENTED_EDGE ( 'NONE', *, *, #6888, .T. ) ;
#2525 = VECTOR ( 'NONE', #2440, 1000.000000000000000 ) ;
#2526 = FACE_OUTER_BOUND ( 'NONE', #3849, .T. ) ;
#2527 = ORIENTED_EDGE ( 'NONE', *, *, #4185, .F. ) ;
#2528 = DIRECTION ( 'NONE',  ( -0.0000000000000000000, -1.000000000000000000, -0.0000000000000000000 ) ) ;
#2529 = FACE_OUTER_BOUND ( 'NONE', #8315, .T. ) ;
#2530 = LINE ( 'NONE', #1165, #5559 ) ;
#2531 = EDGE_CURVE ( 'NONE', #6491, #8623, #4265, .T. ) ;
#2532 = VECTOR ( 'NONE', #7943, 1000.000000000000000 ) ;
#2533 = PRESENTATION_STYLE_ASSIGNMENT (( #6665 ) ) ;
#2534 = EDGE_CURVE ( 'NONE', #4004, #7169, #7129, .T. ) ;
#2535 = CARTESIAN_POINT ( 'NONE',  ( -1.600000000000000089, 0.002500000000000000052, 0.6349999999999998979 ) ) ;
#2536 = ORIENTED_EDGE ( 'NONE', *, *, #4644, .F. ) ;
#2537 = SURFACE_SIDE_STYLE ('',( #8116 ) ) ;
#2538 = SURFACE_STYLE_FILL_AREA ( #5241 ) ;
#2539 = EDGE_CURVE ( 'NONE', #8851, #9042, #31, .T. ) ;
#2540 = SURFACE_SIDE_STYLE ('',( #442 ) ) ;
#2541 = FILL_AREA_STYLE ('',( #5884 ) ) ;
#2542 = DIRECTION ( 'NONE',  ( 0.0000000000000000000, 0.0000000000000000000, -1.000000000000000000 ) ) ;
#2543 = VERTEX_POINT ( 'NONE', #1551 ) ;
#2544 = PRESENTATION_STYLE_ASSIGNMENT (( #3308 ) ) ;
#2545 = ORIENTED_EDGE ( 'NONE', *, *, #3743, .F. ) ;
#2546 = VERTEX_POINT ( 'NONE', #4536 ) ;
#2547 = VERTEX_POINT ( 'NONE', #1745 ) ;
#2548 = CARTESIAN_POINT ( 'NONE',  ( -2.001999999999999780, 0.2025000000000000133, 0.1349999999999998701 ) ) ;
#2549 = CARTESIAN_POINT ( 'NONE',  ( 1.365000000000000435, 0.2000000000000000389, -2.001999999999999780 ) ) ;
#2550 = SURFACE_SIDE_STYLE ('',( #3224 ) ) ;
#2551 = LINE ( 'NONE', #6689, #6238 ) ;
#2552 = CARTESIAN_POINT ( 'NONE',  ( -2.001999999999999780, 0.2025000000000000133, -0.1350000000000001477 ) ) ;
#2553 = FACE_OUTER_BOUND ( 'NONE', #722, .T. ) ;
#2554 = DIRECTION ( 'NONE',  ( -1.000000000000000000, 0.0000000000000000000, 0.0000000000000000000 ) ) ;
#2555 = EDGE_LOOP ( 'NONE', ( #1405, #884, #6245, #6192 ) ) ;
#2556 = EDGE_LOOP ( 'NONE', ( #1928, #8876, #3871, #5176 ) ) ;
#2557 = SURFACE_STYLE_FILL_AREA ( #1992 ) ;
#2558 = SURFACE_STYLE_USAGE ( .BOTH. , #2601 ) ;
#2559 = PRESENTATION_LAYER_ASSIGNMENT (  '', '', ( #5467 ) ) ;
#2560 = AXIS2_PLACEMENT_3D ( 'NONE', #8609, #3712, #9171 ) ;
#2561 = DIRECTION ( 'NONE',  ( -0.0000000000000000000, -1.000000000000000000, -0.0000000000000000000 ) ) ;
#2562 = DIRECTION ( 'NONE',  ( -0.0000000000000000000, 0.0000000000000000000, -1.000000000000000000 ) ) ;
#2563 = VERTEX_POINT ( 'NONE', #7831 ) ;
#2564 =( LENGTH_UNIT ( ) NAMED_UNIT ( * ) SI_UNIT ( .MILLI., .METRE. ) );
#2565 = VECTOR ( 'NONE', #8627, 1000.000000000000000 ) ;
#2566 = CARTESIAN_POINT ( 'NONE',  ( -0.8649999999999996581, 0.002499999999999997450, -2.000000000000000000 ) ) ;
#2567 = EDGE_CURVE ( 'NONE', #875, #7961, #5906, .T. ) ;
#2568 = DIRECTION ( 'NONE',  ( -0.0000000000000000000, -1.000000000000000000, -0.0000000000000000000 ) ) ;
#2569 = PLANE ( 'NONE',  #7708 ) ;
#2570 = DIRECTION ( 'NONE',  ( 0.0000000000000000000, -1.000000000000000000, 0.0000000000000000000 ) ) ;
#2571 =( GEOMETRIC_REPRESENTATION_CONTEXT ( 3 ) GLOBAL_UNCERTAINTY_ASSIGNED_CONTEXT ( ( #6605 ) ) GLOBAL_UNIT_ASSIGNED_CONTEXT ( ( #1891, #319, #8123 ) ) REPRESENTATION_CONTEXT ( 'NONE', 'WORKASPACE' ) );
#2572 = APPLICATION_PROTOCOL_DEFINITION ( 'draft international standard', 'automotive_design', 1998, #4288 ) ;
#2573 = UNCERTAINTY_MEASURE_WITH_UNIT (LENGTH_MEASURE( 1.000000000000000082E-05 ), #7141, 'distance_accuracy_value', 'NONE');
#2574 = VERTEX_POINT ( 'NONE', #1011 ) ;
#2575 = EDGE_CURVE ( 'NONE', #3116, #3515, #3626, .T. ) ;
#2576 = CARTESIAN_POINT ( 'NONE',  ( -2.001999999999999780, 0.002500000000000000052, 0.6349999999999998979 ) ) ;
#2577 = EDGE_CURVE ( 'NONE', #4295, #4333, #831, .T. ) ;
#2578 = DIRECTION ( 'NONE',  ( 0.0000000000000000000, 0.0000000000000000000, 1.000000000000000000 ) ) ;
#2579 = AXIS2_PLACEMENT_3D ( 'NONE', #7532, #2729, #8363 ) ;
#2580 = PLANE ( 'NONE',  #4689 ) ;
#2581 = VERTEX_POINT ( 'NONE', #5730 ) ;
#2582 = LINE ( 'NONE', #9005, #8487 ) ;
#2583 = CARTESIAN_POINT ( 'NONE',  ( 1.135000000000000453, 2.980301110709575655E-17, 2.000000000000000000 ) ) ;
#2584 = AXIS2_PLACEMENT_3D ( 'NONE', #4143, #5438, #4749 ) ;
#2585 = VERTEX_POINT ( 'NONE', #8571 ) ;
#2586 = VERTEX_POINT ( 'NONE', #2898 ) ;
#2588 = EDGE_CURVE ( 'NONE', #6193, #6696, #4910, .T. ) ;
#2587 = ORIENTED_EDGE ( 'NONE', *, *, #4352, .F. ) ;
#2589 = FACE_OUTER_BOUND ( 'NONE', #1698, .T. ) ;
#2590 = CARTESIAN_POINT ( 'NONE',  ( -2.001999999999999780, 0.2025000000000000133, 1.135000000000000009 ) ) ;
#2591 = VECTOR ( 'NONE', #6752, 1000.000000000000000 ) ;
#2592 = LINE ( 'NONE', #1897, #5701 ) ;
#2593 = VECTOR ( 'NONE', #2919, 1000.000000000000000 ) ;
#2594 = DIRECTION ( 'NONE',  ( -0.0000000000000000000, -1.000000000000000000, -0.0000000000000000000 ) ) ;
#2595 = PRESENTATION_STYLE_ASSIGNMENT (( #1280 ) ) ;
#2596 =( GEOMETRIC_REPRESENTATION_CONTEXT ( 3 ) GLOBAL_UNCERTAINTY_ASSIGNED_CONTEXT ( ( #2278 ) ) GLOBAL_UNIT_ASSIGNED_CONTEXT ( ( #3836, #5291, #8128 ) ) REPRESENTATION_CONTEXT ( 'NONE', 'WORKASPACE' ) );
#2597 = LINE ( 'NONE', #1949, #6533 ) ;
#2598 =( GEOMETRIC_REPRESENTATION_CONTEXT ( 3 ) GLOBAL_UNCERTAINTY_ASSIGNED_CONTEXT ( ( #7815 ) ) GLOBAL_UNIT_ASSIGNED_CONTEXT ( ( #7540, #440, #4254 ) ) REPRESENTATION_CONTEXT ( 'NONE', 'WORKASPACE' ) );
#2599 = LINE ( 'NONE', #1192, #6526 ) ;
#2600 = CARTESIAN_POINT ( 'NONE',  ( 2.001999999999999780, 0.2025000000000000133, 0.6349999999999998979 ) ) ;
#2601 = SURFACE_SIDE_STYLE ('',( #467 ) ) ;
#2602 = AXIS2_PLACEMENT_3D ( 'NONE', #1784, #5953, #2653 ) ;
#2603 = SURFACE_SIDE_STYLE ('',( #3283 ) ) ;
#2604 = FILL_AREA_STYLE_COLOUR ( '', #2305 ) ;
#2605 = STYLED_ITEM ( 'NONE', ( #376 ), #6479 ) ;
#2606 = CARTESIAN_POINT ( 'NONE',  ( 2.000000000000000000, 0.002500000000000000052, 1.365000000000000213 ) ) ;
#2607 = STYLED_ITEM ( 'NONE', ( #1683 ), #2849 ) ;
#2608 =( NAMED_UNIT ( * ) SI_UNIT ( $, .STERADIAN. ) SOLID_ANGLE_UNIT ( ) );
#2609 = DIRECTION ( 'NONE',  ( 0.0000000000000000000, 1.000000000000000000, 0.0000000000000000000 ) ) ;
#2610 = VECTOR ( 'NONE', #5804, 1000.000000000000000 ) ;
#2611 = FILL_AREA_STYLE_COLOUR ( '', #616 ) ;
#2612 = FACE_OUTER_BOUND ( 'NONE', #7973, .T. ) ;
#2613 = AXIS2_PLACEMENT_3D ( 'NONE', #5135, #7170, #4394 ) ;
#2614 = SURFACE_SIDE_STYLE ('',( #3996 ) ) ;
#2615 = COLOUR_RGB ( '',1.000000000000000000, 1.000000000000000000, 1.000000000000000000 ) ;
#2616 = EDGE_CURVE ( 'NONE', #162, #2947, #4215, .T. ) ;
#2617 = CARTESIAN_POINT ( 'NONE',  ( 1.365000000000000435, 0.002500000000000029976, 1.600000000000000089 ) ) ;
#2618 = EDGE_LOOP ( 'NONE', ( #7277, #7414, #8261, #878 ) ) ;
#2619 = STYLED_ITEM ( 'NONE', ( #7103 ), #4398 ) ;
#2620 = AXIS2_PLACEMENT_3D ( 'NONE', #7493, #295, #1161 ) ;
#2621 = VECTOR ( 'NONE', #4833, 1000.000000000000000 ) ;
#2622 = CARTESIAN_POINT ( 'NONE',  ( 2.000000000000000000, 0.0000000000000000000, -1.135000000000000009 ) ) ;
#2623 = VECTOR ( 'NONE', #951, 1000.000000000000000 ) ;
#2624 = MECHANICAL_DESIGN_GEOMETRIC_PRESENTATION_REPRESENTATION (  '', ( #2922 ), #213 ) ;
#2625 = FILL_AREA_STYLE_COLOUR ( '', #4720 ) ;
#2626 = EDGE_CURVE ( 'NONE', #2311, #1432, #9182, .T. ) ;
#2627 = ORIENTED_EDGE ( 'NONE', *, *, #1249, .T. ) ;
#2628 = LINE ( 'NONE', #5450, #7452 ) ;
#2629 = DIRECTION ( 'NONE',  ( -1.000000000000000000, -0.0000000000000000000, 4.065758146820642614E-16 ) ) ;
#2630 = VERTEX_POINT ( 'NONE', #8470 ) ;
#2631 = VERTEX_POINT ( 'NONE', #1872 ) ;
#2632 = PRESENTATION_STYLE_ASSIGNMENT (( #8967 ) ) ;
#2633 = CARTESIAN_POINT ( 'NONE',  ( -2.001999999999999780, 0.002500000000000000052, 0.1349999999999998701 ) ) ;
#2634 = FILL_AREA_STYLE_COLOUR ( '', #6931 ) ;
#2635 = LINE ( 'NONE', #7517, #9140 ) ;
#2636 = DIRECTION ( 'NONE',  ( -1.000000000000000000, 0.0000000000000000000, -0.0000000000000000000 ) ) ;
#2637 = DIRECTION ( 'NONE',  ( -0.0000000000000000000, -1.000000000000000000, -0.0000000000000000000 ) ) ;
#2638 = FILL_AREA_STYLE_COLOUR ( '', #2187 ) ;
#2639 = PRESENTATION_LAYER_ASSIGNMENT (  '', '', ( #6614 ) ) ;
#2640 = ORIENTED_EDGE ( 'NONE', *, *, #2694, .F. ) ;
#2641 = SURFACE_STYLE_FILL_AREA ( #1189 ) ;
#2642 = DIRECTION ( 'NONE',  ( 0.0000000000000000000, 0.0000000000000000000, 1.000000000000000000 ) ) ;
#2643 = MECHANICAL_DESIGN_GEOMETRIC_PRESENTATION_REPRESENTATION (  '', ( #4977 ), #4385 ) ;
#2644 = SURFACE_SIDE_STYLE ('',( #2557 ) ) ;
#2645 = VECTOR ( 'NONE', #7763, 1000.000000000000000 ) ;
#2646 = DIRECTION ( 'NONE',  ( -0.0000000000000000000, -0.0000000000000000000, -1.000000000000000000 ) ) ;
#2647 =( LENGTH_UNIT ( ) NAMED_UNIT ( * ) SI_UNIT ( .MILLI., .METRE. ) );
#2648 = DIRECTION ( 'NONE',  ( -0.0000000000000000000, -0.0000000000000000000, 1.000000000000000000 ) ) ;
#2649 = ORIENTED_EDGE ( 'NONE', *, *, #7584, .F. ) ;
#2650 = CARTESIAN_POINT ( 'NONE',  ( -0.3649999999999995470, -1.490150555354787828E-17, 1.600000000000000089 ) ) ;
#2651 =( NAMED_UNIT ( * ) PLANE_ANGLE_UNIT ( ) SI_UNIT ( $, .RADIAN. ) );
#2652 = STYLED_ITEM ( 'NONE', ( #5298 ), #8863 ) ;
#2653 = DIRECTION ( 'NONE',  ( -1.000000000000000000, 0.0000000000000000000, -0.0000000000000000000 ) ) ;
#2654 = LINE ( 'NONE', #4079, #8175 ) ;
#2655 = ORIENTED_EDGE ( 'NONE', *, *, #2539, .T. ) ;
#2656 =( NAMED_UNIT ( * ) SI_UNIT ( $, .STERADIAN. ) SOLID_ANGLE_UNIT ( ) );
#2657 = COLOUR_RGB ( '',1.000000000000000000, 1.000000000000000000, 1.000000000000000000 ) ;
#2658 = EDGE_CURVE ( 'NONE', #3060, #2543, #7392, .T. ) ;
#2659 = AXIS2_PLACEMENT_3D ( 'NONE', #1620, #3167, #8832 ) ;
#2660 = DIRECTION ( 'NONE',  ( 0.0000000000000000000, 0.0000000000000000000, 1.000000000000000000 ) ) ;
#2661 = LINE ( 'NONE', #5371, #1445 ) ;
#2662 = LINE ( 'NONE', #534, #819 ) ;
#2663 = PRESENTATION_STYLE_ASSIGNMENT (( #4123 ) ) ;
#2664 = ORIENTED_EDGE ( 'NONE', *, *, #2522, .F. ) ;
#2665 = LINE ( 'NONE', #367, #187 ) ;
#2666 = VERTEX_POINT ( 'NONE', #8894 ) ;
#2667 = VERTEX_POINT ( 'NONE', #8807 ) ;
#2668 = EDGE_LOOP ( 'NONE', ( #5634, #1314, #7491, #5836, #4719, #7539 ) ) ;
#2669 = CARTESIAN_POINT ( 'NONE',  ( -1.134999999999999787, 0.1999999999999999556, -2.000000000000000000 ) ) ;
#2670 = LINE ( 'NONE', #9011, #172 ) ;
#2671 = EDGE_CURVE ( 'NONE', #2666, #2502, #3142, .T. ) ;
#2672 = EDGE_CURVE ( 'NONE', #1498, #7648, #3250, .T. ) ;
#2673 = LINE ( 'NONE', #7516, #3002 ) ;
#2674 = SURFACE_STYLE_FILL_AREA ( #8296 ) ;
#2675 = LINE ( 'NONE', #2552, #7591 ) ;
#2676 = UNCERTAINTY_MEASURE_WITH_UNIT (LENGTH_MEASURE( 1.000000000000000082E-05 ), #3923, 'distance_accuracy_value', 'NONE');
#2677 = ORIENTED_EDGE ( 'NONE', *, *, #7353, .F. ) ;
#2678 = ORIENTED_EDGE ( 'NONE', *, *, #3730, .T. ) ;
#2679 = VERTEX_POINT ( 'NONE', #4626 ) ;
#2680 = DIRECTION ( 'NONE',  ( 0.0000000000000000000, 0.0000000000000000000, -1.000000000000000000 ) ) ;
#2681 = CARTESIAN_POINT ( 'NONE',  ( 2.001999999999999780, 0.002500000000000000052, 0.1349999999999998701 ) ) ;
#2682 = ADVANCED_FACE ( 'NONE', ( #6137 ), #6806, .F. ) ;
#2683 = CARTESIAN_POINT ( 'NONE',  ( -2.001999999999999780, 0.2025000000000000133, -0.3650000000000001577 ) ) ;
#2684 = CARTESIAN_POINT ( 'NONE',  ( 2.000000000000000000, 0.0000000000000000000, -0.1350000000000000089 ) ) ;
#2685 = EDGE_CURVE ( 'NONE', #8632, #5571, #8150, .T. ) ;
#2686 = SURFACE_SIDE_STYLE ('',( #8183 ) ) ;
#2687 = PRESENTATION_LAYER_ASSIGNMENT (  '', '', ( #2702 ) ) ;
#2688 = COLOUR_RGB ( '',1.000000000000000000, 1.000000000000000000, 1.000000000000000000 ) ;
#2689 = ORIENTED_EDGE ( 'NONE', *, *, #5074, .F. ) ;
#2690 = LINE ( 'NONE', #6048, #5358 ) ;
#2691 = FILL_AREA_STYLE_COLOUR ( '', #1127 ) ;
#2692 = VECTOR ( 'NONE', #3288, 1000.000000000000000 ) ;
#2693 = AXIS2_PLACEMENT_3D ( 'NONE', #4484, #2680, #4016 ) ;
#2694 = EDGE_CURVE ( 'NONE', #5346, #8544, #432, .T. ) ;
#2695 = FILL_AREA_STYLE ('',( #4151 ) ) ;
#2696 = DIRECTION ( 'NONE',  ( 1.000000000000000000, -0.0000000000000000000, -0.0000000000000000000 ) ) ;
#2697 = SURFACE_STYLE_USAGE ( .BOTH. , #6143 ) ;
#2698 = CARTESIAN_POINT ( 'NONE',  ( -2.001999999999999780, 0.002500000000000000052, -1.135000000000000231 ) ) ;
#2699 = ORIENTED_EDGE ( 'NONE', *, *, #8273, .T. ) ;
#2700 = FACE_OUTER_BOUND ( 'NONE', #3436, .T. ) ;
#2701 = AXIS2_PLACEMENT_3D ( 'NONE', #1507, #8579, #8682 ) ;
#2702 = STYLED_ITEM ( 'NONE', ( #2948 ), #656 ) ;
#2703 = CARTESIAN_POINT ( 'NONE',  ( 1.600000000000000089, 0.002500000000000000052, 0.6349999999999998979 ) ) ;
#2704 = VECTOR ( 'NONE', #5316, 1000.000000000000000 ) ;
#2705 = PLANE ( 'NONE',  #7932 ) ;
#2706 =( LENGTH_UNIT ( ) NAMED_UNIT ( * ) SI_UNIT ( .MILLI., .METRE. ) );
#2708 = ORIENTED_EDGE ( 'NONE', *, *, #7019, .T. ) ;
#2707 = EDGE_CURVE ( 'NONE', #4785, #8275, #6089, .T. ) ;
#2709 = VECTOR ( 'NONE', #911, 1000.000000000000000 ) ;
#2710 = FILL_AREA_STYLE ('',( #3395 ) ) ;
#2711 = VERTEX_POINT ( 'NONE', #1202 ) ;
#2712 = EDGE_LOOP ( 'NONE', ( #2219, #2884, #1372, #6549 ) ) ;
#2713 = LINE ( 'NONE', #4705, #1217 ) ;
#2714 =( NAMED_UNIT ( * ) PLANE_ANGLE_UNIT ( ) SI_UNIT ( $, .RADIAN. ) );
#2715 = ORIENTED_EDGE ( 'NONE', *, *, #525, .T. ) ;
#2716 = EDGE_CURVE ( 'NONE', #5012, #4458, #4760, .T. ) ;
#2717 = PRESENTATION_STYLE_ASSIGNMENT (( #3408 ) ) ;
#2718 = CARTESIAN_POINT ( 'NONE',  ( -2.000000000000000000, 0.002500000000000000052, 2.000000000000000000 ) ) ;
#2719 = ORIENTED_EDGE ( 'NONE', *, *, #1843, .F. ) ;
#2720 = CARTESIAN_POINT ( 'NONE',  ( -2.000000000000000000, 0.002500000000000000052, 0.3649999999999998801 ) ) ;
#2721 = MECHANICAL_DESIGN_GEOMETRIC_PRESENTATION_REPRESENTATION (  '', ( #3151 ), #9077 ) ;
#2722 = LINE ( 'NONE', #8934, #6454 ) ;
#2723 = DIRECTION ( 'NONE',  ( -0.0000000000000000000, -1.000000000000000000, -0.0000000000000000000 ) ) ;
#2724 = DIRECTION ( 'NONE',  ( 0.0000000000000000000, -1.000000000000000000, 0.0000000000000000000 ) ) ;
#2725 = VECTOR ( 'NONE', #1138, 1000.000000000000000 ) ;
#2726 = EDGE_CURVE ( 'NONE', #8457, #875, #4582, .T. ) ;
#2727 = DIRECTION ( 'NONE',  ( 0.0000000000000000000, -0.0000000000000000000, -1.000000000000000000 ) ) ;
#2728 = VERTEX_POINT ( 'NONE', #8108 ) ;
#2729 = DIRECTION ( 'NONE',  ( 0.0000000000000000000, 0.0000000000000000000, -1.000000000000000000 ) ) ;
#2730 = EDGE_CURVE ( 'NONE', #156, #5807, #4027, .T. ) ;
#2731 = SURFACE_SIDE_STYLE ('',( #4844 ) ) ;
#2732 = MECHANICAL_DESIGN_GEOMETRIC_PRESENTATION_REPRESENTATION (  '', ( #341 ), #1246 ) ;
#2733 = DIRECTION ( 'NONE',  ( -1.000000000000000000, 0.0000000000000000000, 0.0000000000000000000 ) ) ;
#2734 = CARTESIAN_POINT ( 'NONE',  ( -1.134999999999999787, 0.002499999999999952347, 2.000000000000000000 ) ) ;
#2735 = PRESENTATION_LAYER_ASSIGNMENT (  '', '', ( #2163 ) ) ;
#2736 = PLANE ( 'NONE',  #8847 ) ;
#2737 = VECTOR ( 'NONE', #3844, 1000.000000000000000 ) ;
#2738 = EDGE_CURVE ( 'NONE', #8176, #2547, #6009, .T. ) ;
#2739 = VECTOR ( 'NONE', #833, 1000.000000000000000 ) ;
#2740 = PRESENTATION_LAYER_ASSIGNMENT (  '', '', ( #6123 ) ) ;
#2741 = ORIENTED_EDGE ( 'NONE', *, *, #6177, .F. ) ;
#2742 = CARTESIAN_POINT ( 'NONE',  ( 0.3650000000000004352, 0.002500000000000000052, 1.600000000000000089 ) ) ;
#2743 = SURFACE_STYLE_USAGE ( .BOTH. , #2101 ) ;
#2744 = STYLED_ITEM ( 'NONE', ( #4907 ), #3826 ) ;
#2745 = AXIS2_PLACEMENT_3D ( 'NONE', #2698, #1302, #8998 ) ;
#2746 = VECTOR ( 'NONE', #2521, 1000.000000000000000 ) ;
#2747 = DIRECTION ( 'NONE',  ( -1.000000000000000000, 0.0000000000000000000, -0.0000000000000000000 ) ) ;
#2748 = CARTESIAN_POINT ( 'NONE',  ( -1.134999999999999787, 0.1999999999999999556, 2.001999999999999780 ) ) ;
#2749 = SURFACE_SIDE_STYLE ('',( #9089 ) ) ;
#2750 = STYLED_ITEM ( 'NONE', ( #7819 ), #4135 ) ;
#2751 = COLOUR_RGB ( '',1.000000000000000000, 1.000000000000000000, 1.000000000000000000 ) ;
#2752 = VERTEX_POINT ( 'NONE', #5523 ) ;
#2753 = LINE ( 'NONE', #8415, #2015 ) ;
#2754 = ORIENTED_EDGE ( 'NONE', *, *, #5306, .T. ) ;
#2755 = PRESENTATION_LAYER_ASSIGNMENT (  '', '', ( #2907 ) ) ;
#2756 = VERTEX_POINT ( 'NONE', #7064 ) ;
#2757 = CARTESIAN_POINT ( 'NONE',  ( 1.365000000000000435, 2.975525575834778034E-18, -1.600000000000000089 ) ) ;
#2758 = FILL_AREA_STYLE ('',( #2634 ) ) ;
#2759 = COLOUR_RGB ( '',1.000000000000000000, 1.000000000000000000, 1.000000000000000000 ) ;
#2760 = PRESENTATION_STYLE_ASSIGNMENT (( #4096 ) ) ;
#2761 = DIRECTION ( 'NONE',  ( 0.0000000000000000000, 0.0000000000000000000, -1.000000000000000000 ) ) ;
#2762 = SURFACE_STYLE_USAGE ( .BOTH. , #1279 ) ;
#2763 = SURFACE_STYLE_FILL_AREA ( #1186 ) ;
#2764 = ORIENTED_EDGE ( 'NONE', *, *, #425, .T. ) ;
#2765 = DIRECTION ( 'NONE',  ( 0.0000000000000000000, -0.0000000000000000000, -1.000000000000000000 ) ) ;
#2766 = PRESENTATION_LAYER_ASSIGNMENT (  '', '', ( #8987 ) ) ;
#2767 = EDGE_LOOP ( 'NONE', ( #736, #8202, #5320, #4370 ) ) ;
#2768 = DIRECTION ( 'NONE',  ( 0.0000000000000000000, -0.0000000000000000000, 1.000000000000000000 ) ) ;
#2769 = EDGE_LOOP ( 'NONE', ( #7900, #4648, #7782, #6066 ) ) ;
#2770 = FILL_AREA_STYLE_COLOUR ( '', #1207 ) ;
#2771 = LINE ( 'NONE', #2681, #8979 ) ;
#2772 = PLANE ( 'NONE',  #2870 ) ;
#2773 = ADVANCED_FACE ( 'NONE', ( #5657 ), #5568, .F. ) ;
#2774 = FACE_OUTER_BOUND ( 'NONE', #1034, .T. ) ;
#2775 = MECHANICAL_DESIGN_GEOMETRIC_PRESENTATION_REPRESENTATION (  '', ( #8511 ), #226 ) ;
#2776 = VECTOR ( 'NONE', #7527, 1000.000000000000000 ) ;
#2777 = VERTEX_POINT ( 'NONE', #1297 ) ;
#2778 =( LENGTH_UNIT ( ) NAMED_UNIT ( * ) SI_UNIT ( .MILLI., .METRE. ) );
#2779 =( NAMED_UNIT ( * ) PLANE_ANGLE_UNIT ( ) SI_UNIT ( $, .RADIAN. ) );
#2780 = COLOUR_RGB ( '',1.000000000000000000, 1.000000000000000000, 1.000000000000000000 ) ;
#2781 = CARTESIAN_POINT ( 'NONE',  ( -2.000000000000000000, 0.002500000000000000052, 1.135000000000000231 ) ) ;
#2782 = PRESENTATION_LAYER_ASSIGNMENT (  '', '', ( #4703 ) ) ;
#2783 = PRESENTATION_STYLE_ASSIGNMENT (( #9165 ) ) ;
#2784 = ADVANCED_FACE ( 'NONE', ( #2198 ), #3556, .T. ) ;
#2785 = EDGE_CURVE ( 'NONE', #663, #4260, #2055, .T. ) ;
#2786 = ORIENTED_EDGE ( 'NONE', *, *, #6336, .T. ) ;
#2787 = COLOUR_RGB ( '',1.000000000000000000, 1.000000000000000000, 1.000000000000000000 ) ;
#2788 = SURFACE_SIDE_STYLE ('',( #3426 ) ) ;
#2789 = CARTESIAN_POINT ( 'NONE',  ( 1.600000000000000089, 0.0000000000000000000, 0.6349999999999998979 ) ) ;
#2790 = FILL_AREA_STYLE ('',( #3527 ) ) ;
#2791 = EDGE_CURVE ( 'NONE', #2777, #6910, #4194, .T. ) ;
#2792 = CARTESIAN_POINT ( 'NONE',  ( -2.000000000000000000, 0.002500000000000000052, -0.1350000000000000089 ) ) ;
#2793 =( LENGTH_UNIT ( ) NAMED_UNIT ( * ) SI_UNIT ( .MILLI., .METRE. ) );
#2794 = VECTOR ( 'NONE', #4269, 1000.000000000000000 ) ;
#2795 = EDGE_CURVE ( 'NONE', #2167, #676, #3385, .T. ) ;
#2796 = DIRECTION ( 'NONE',  ( -0.0000000000000000000, -0.0000000000000000000, -1.000000000000000000 ) ) ;
#2797 = SURFACE_STYLE_FILL_AREA ( #6292 ) ;
#2798 = ORIENTED_EDGE ( 'NONE', *, *, #8273, .F. ) ;
#2799 = ORIENTED_EDGE ( 'NONE', *, *, #2399, .F. ) ;
#2800 = LINE ( 'NONE', #2025, #8955 ) ;
#2801 = ORIENTED_EDGE ( 'NONE', *, *, #3392, .F. ) ;
#2802 = AXIS2_PLACEMENT_3D ( 'NONE', #6546, #365, #5923 ) ;
#2803 = EDGE_LOOP ( 'NONE', ( #829, #1510, #4919, #7874 ) ) ;
#2804 =( NAMED_UNIT ( * ) SI_UNIT ( $, .STERADIAN. ) SOLID_ANGLE_UNIT ( ) );
#2805 = EDGE_CURVE ( 'NONE', #4393, #4154, #7020, .T. ) ;
#2806 =( NAMED_UNIT ( * ) SI_UNIT ( $, .STERADIAN. ) SOLID_ANGLE_UNIT ( ) );
#2807 = FILL_AREA_STYLE_COLOUR ( '', #7597 ) ;
#2808 = FILL_AREA_STYLE ('',( #9148 ) ) ;
#2809 = FILL_AREA_STYLE_COLOUR ( '', #5116 ) ;
#2810 = PLANE ( 'NONE',  #2802 ) ;
#2811 = VERTEX_POINT ( 'NONE', #4932 ) ;
#2812 =( NAMED_UNIT ( * ) PLANE_ANGLE_UNIT ( ) SI_UNIT ( $, .RADIAN. ) );
#2813 = ORIENTED_EDGE ( 'NONE', *, *, #708, .F. ) ;
#2814 = CARTESIAN_POINT ( 'NONE',  ( -0.6349999999999994538, 0.1999999999999999833, -2.000000000000000000 ) ) ;
#2815 = VERTEX_POINT ( 'NONE', #7760 ) ;
#2816 = LINE ( 'NONE', #465, #7631 ) ;
#2817 = FILL_AREA_STYLE_COLOUR ( '', #7219 ) ;
#2818 = PLANE ( 'NONE',  #8092 ) ;
#2819 = FILL_AREA_STYLE_COLOUR ( '', #9073 ) ;
#2820 = DIRECTION ( 'NONE',  ( -1.000000000000000000, 0.0000000000000000000, -0.0000000000000000000 ) ) ;
#2821 = CARTESIAN_POINT ( 'NONE',  ( 1.600000000000000089, 0.0000000000000000000, 1.135000000000000009 ) ) ;
#2822 = ORIENTED_EDGE ( 'NONE', *, *, #3245, .T. ) ;
#2823 = EDGE_CURVE ( 'NONE', #7169, #6147, #7157, .T. ) ;
#2824 = CARTESIAN_POINT ( 'NONE',  ( -1.134999999999999787, -4.470451666064363791E-17, 2.001999999999999780 ) ) ;
#2825 =( LENGTH_UNIT ( ) NAMED_UNIT ( * ) SI_UNIT ( .MILLI., .METRE. ) );
#2826 = CARTESIAN_POINT ( 'NONE',  ( 1.365000000000000435, 2.980301110709575655E-17, 1.600000000000000089 ) ) ;
#2827 =( NAMED_UNIT ( * ) SI_UNIT ( $, .STERADIAN. ) SOLID_ANGLE_UNIT ( ) );
#2828 = LINE ( 'NONE', #4384, #5822 ) ;
#2829 =( LENGTH_UNIT ( ) NAMED_UNIT ( * ) SI_UNIT ( .MILLI., .METRE. ) );
#2830 = ORIENTED_EDGE ( 'NONE', *, *, #1437, .T. ) ;
#2831 = UNCERTAINTY_MEASURE_WITH_UNIT (LENGTH_MEASURE( 1.000000000000000082E-05 ), #1321, 'distance_accuracy_value', 'NONE');
#2832 = EDGE_CURVE ( 'NONE', #8270, #8695, #3748, .T. ) ;
#2833 =( LENGTH_UNIT ( ) NAMED_UNIT ( * ) SI_UNIT ( .MILLI., .METRE. ) );
#2834 = CARTESIAN_POINT ( 'NONE',  ( -2.001999999999999780, 0.2025000000000000133, -0.6350000000000001199 ) ) ;
#2835 = EDGE_CURVE ( 'NONE', #7436, #6109, #8641, .T. ) ;
#2836 = MECHANICAL_DESIGN_GEOMETRIC_PRESENTATION_REPRESENTATION (  '', ( #5594 ), #7397 ) ;
#2837 = VERTEX_POINT ( 'NONE', #6613 ) ;
#2838 = LINE ( 'NONE', #5614, #8815 ) ;
#2839 =( NAMED_UNIT ( * ) SI_UNIT ( $, .STERADIAN. ) SOLID_ANGLE_UNIT ( ) );
#2840 = ADVANCED_FACE ( 'NONE', ( #6477 ), #57, .F. ) ;
#2841 = PRESENTATION_STYLE_ASSIGNMENT (( #7174 ) ) ;
#2842 = PLANE ( 'NONE',  #2003 ) ;
#2843 = VECTOR ( 'NONE', #2517, 1000.000000000000000 ) ;
#2844 = LINE ( 'NONE', #3570, #2473 ) ;
#2845 = SURFACE_STYLE_FILL_AREA ( #1455 ) ;
#2846 = CARTESIAN_POINT ( 'NONE',  ( -2.001999999999999780, 0.2025000000000000133, -0.1350000000000001477 ) ) ;
#2847 = DIRECTION ( 'NONE',  ( 1.000000000000000000, 0.0000000000000000000, 0.0000000000000000000 ) ) ;
#2848 = PLANE ( 'NONE',  #4355 ) ;
#2849 = ADVANCED_FACE ( 'NONE', ( #7246 ), #7106, .T. ) ;
#2850 = ORIENTED_EDGE ( 'NONE', *, *, #3441, .F. ) ;
#2851 = VECTOR ( 'NONE', #508, 1000.000000000000000 ) ;
#2852 = EDGE_CURVE ( 'NONE', #4211, #2585, #6702, .T. ) ;
#2853 = AXIS2_PLACEMENT_3D ( 'NONE', #2548, #3365, #9010 ) ;
#2854 = ORIENTED_EDGE ( 'NONE', *, *, #328, .F. ) ;
#2855 = CARTESIAN_POINT ( 'NONE',  ( 0.3650000000000004352, 0.0000000000000000000, -1.600000000000000089 ) ) ;
#2856 = CARTESIAN_POINT ( 'NONE',  ( -0.1349999999999995925, -1.490150555354787828E-17, 2.000000000000000000 ) ) ;
#2857 = PRESENTATION_LAYER_ASSIGNMENT (  '', '', ( #589 ) ) ;
#2858 = DIRECTION ( 'NONE',  ( -0.0000000000000000000, -0.0000000000000000000, 1.000000000000000000 ) ) ;
#2859 = PRESENTATION_LAYER_ASSIGNMENT (  '', '', ( #5616 ) ) ;
#2860 = EDGE_LOOP ( 'NONE', ( #5725, #8078, #6155, #812 ) ) ;
#2861 = EDGE_CURVE ( 'NONE', #5584, #5625, #8234, .T. ) ;
#2862 = COLOUR_RGB ( '',1.000000000000000000, 1.000000000000000000, 1.000000000000000000 ) ;
#2863 = ORIENTED_EDGE ( 'NONE', *, *, #3063, .T. ) ;
#2864 = VERTEX_POINT ( 'NONE', #1731 ) ;
#2865 = DIRECTION ( 'NONE',  ( 2.710505431213761578E-16, 0.0000000000000000000, 1.000000000000000000 ) ) ;
#2866 = DIRECTION ( 'NONE',  ( 0.0000000000000000000, 0.0000000000000000000, -1.000000000000000000 ) ) ;
#2867 = VECTOR ( 'NONE', #6181, 1000.000000000000000 ) ;
#2868 = FACE_OUTER_BOUND ( 'NONE', #4047, .T. ) ;
#2869 = FACE_OUTER_BOUND ( 'NONE', #4508, .T. ) ;
#2870 = AXIS2_PLACEMENT_3D ( 'NONE', #1475, #843, #4274 ) ;
#2871 = PLANE ( 'NONE',  #6567 ) ;
#2872 = CARTESIAN_POINT ( 'NONE',  ( 0.8650000000000004352, 1.490150555354787828E-17, -2.001999999999999780 ) ) ;
#2873 = ORIENTED_EDGE ( 'NONE', *, *, #7876, .F. ) ;
#2874 =( NAMED_UNIT ( * ) SI_UNIT ( $, .STERADIAN. ) SOLID_ANGLE_UNIT ( ) );
#2875 = SURFACE_STYLE_USAGE ( .BOTH. , #1438 ) ;
#2876 = VECTOR ( 'NONE', #4735, 1000.000000000000000 ) ;
#2877 = SURFACE_STYLE_USAGE ( .BOTH. , #7065 ) ;
#2878 = VECTOR ( 'NONE', #9197, 1000.000000000000000 ) ;
#2879 = MECHANICAL_DESIGN_GEOMETRIC_PRESENTATION_REPRESENTATION (  '', ( #6712 ), #8327 ) ;
#2880 = CARTESIAN_POINT ( 'NONE',  ( -0.8649999999999996581, 0.1999999999999999833, -2.000000000000000000 ) ) ;
#2881 = VERTEX_POINT ( 'NONE', #3185 ) ;
#2882 = VECTOR ( 'NONE', #4724, 1000.000000000000000 ) ;
#2883 = PRESENTATION_STYLE_ASSIGNMENT (( #12 ) ) ;
#2884 = ORIENTED_EDGE ( 'NONE', *, *, #5610, .F. ) ;
#2885 = CARTESIAN_POINT ( 'NONE',  ( 0.8650000000000004352, 0.002500000000000015231, 2.000000000000000000 ) ) ;
#2886 = FILL_AREA_STYLE_COLOUR ( '', #3421 ) ;
#2887 = MECHANICAL_DESIGN_GEOMETRIC_PRESENTATION_REPRESENTATION (  '', ( #1554 ), #4492 ) ;
#2888 =( GEOMETRIC_REPRESENTATION_CONTEXT ( 3 ) GLOBAL_UNCERTAINTY_ASSIGNED_CONTEXT ( ( #573 ) ) GLOBAL_UNIT_ASSIGNED_CONTEXT ( ( #8886, #2470, #1862 ) ) REPRESENTATION_CONTEXT ( 'NONE', 'WORKASPACE' ) );
#2889 = EDGE_CURVE ( 'NONE', #1196, #3060, #4523, .T. ) ;
#2890 = FACE_OUTER_BOUND ( 'NONE', #7587, .T. ) ;
#2891 = STYLED_ITEM ( 'NONE', ( #6190 ), #7286 ) ;
#2892 = VECTOR ( 'NONE', #2858, 1000.000000000000000 ) ;
#2893 = ORIENTED_EDGE ( 'NONE', *, *, #4966, .T. ) ;
#2894 = CARTESIAN_POINT ( 'NONE',  ( 1.600000000000000089, 0.0000000000000000000, 1.135000000000000009 ) ) ;
#2895 = VERTEX_POINT ( 'NONE', #8846 ) ;
#2896 = ORIENTED_EDGE ( 'NONE', *, *, #5880, .T. ) ;
#2897 = PRESENTATION_STYLE_ASSIGNMENT (( #8519 ) ) ;
#2898 = CARTESIAN_POINT ( 'NONE',  ( 2.001999999999999780, 0.002500000000000000052, -1.135000000000000231 ) ) ;
#2899 = MECHANICAL_DESIGN_GEOMETRIC_PRESENTATION_REPRESENTATION (  '', ( #49 ), #7751 ) ;
#2900 = SURFACE_SIDE_STYLE ('',( #6402 ) ) ;
#2901 = EDGE_CURVE ( 'NONE', #7863, #6355, #7342, .T. ) ;
#2902 = AXIS2_PLACEMENT_3D ( 'NONE', #3711, #6529, #2935 ) ;
#2903 = VECTOR ( 'NONE', #8653, 1000.000000000000000 ) ;
#2904 = EDGE_CURVE ( 'NONE', #4483, #5179, #1001, .T. ) ;
#2905 = CARTESIAN_POINT ( 'NONE',  ( -1.600000000000000089, 0.002500000000000000052, -1.135000000000000009 ) ) ;
#2906 = ORIENTED_EDGE ( 'NONE', *, *, #7759, .F. ) ;
#2907 = STYLED_ITEM ( 'NONE', ( #5849 ), #7732 ) ;
#2908 = CARTESIAN_POINT ( 'NONE',  ( 2.001999999999999780, 0.2025000000000000133, -0.6350000000000001199 ) ) ;
#2909 = VERTEX_POINT ( 'NONE', #8138 ) ;
#2910 = ORIENTED_EDGE ( 'NONE', *, *, #435, .F. ) ;
#2911 = MECHANICAL_DESIGN_GEOMETRIC_PRESENTATION_REPRESENTATION (  '', ( #8230 ), #3494 ) ;
#2912 = DIRECTION ( 'NONE',  ( -1.000000000000000000, 0.0000000000000000000, 0.0000000000000000000 ) ) ;
#2913 = DIRECTION ( 'NONE',  ( 0.0000000000000000000, 0.0000000000000000000, -1.000000000000000000 ) ) ;
#2914 = VECTOR ( 'NONE', #2092, 1000.000000000000000 ) ;
#2915 = FILL_AREA_STYLE ('',( #6960 ) ) ;
#2916 = LINE ( 'NONE', #5695, #5218 ) ;
#2917 = STYLED_ITEM ( 'NONE', ( #1504 ), #7854 ) ;
#2918 = ADVANCED_FACE ( 'NONE', ( #1811 ), #5838, .F. ) ;
#2919 = DIRECTION ( 'NONE',  ( -0.0000000000000000000, -0.0000000000000000000, -1.000000000000000000 ) ) ;
#2920 = CARTESIAN_POINT ( 'NONE',  ( 0.1350000000000003419, 0.0000000000000000000, -2.000000000000000000 ) ) ;
#2921 = DIRECTION ( 'NONE',  ( -0.0000000000000000000, -1.000000000000000000, -0.0000000000000000000 ) ) ;
#2922 = STYLED_ITEM ( 'NONE', ( #6276 ), #3633 ) ;
#2923 = ORIENTED_EDGE ( 'NONE', *, *, #7951, .T. ) ;
#2924 = CARTESIAN_POINT ( 'NONE',  ( 1.365000000000000435, 0.2000000000000000389, -2.001999999999999780 ) ) ;
#2925 = VECTOR ( 'NONE', #4002, 1000.000000000000000 ) ;
#2926 = FILL_AREA_STYLE_COLOUR ( '', #1403 ) ;
#2927 = PRESENTATION_LAYER_ASSIGNMENT (  '', '', ( #4975 ) ) ;
#2928 = FACE_OUTER_BOUND ( 'NONE', #8762, .T. ) ;
#2929 = ADVANCED_FACE ( 'NONE', ( #2269 ), #8772, .F. ) ;
#2930 = CARTESIAN_POINT ( 'NONE',  ( -2.000000000000000000, 0.002500000000000000052, -1.135000000000000231 ) ) ;
#2931 =( GEOMETRIC_REPRESENTATION_CONTEXT ( 3 ) GLOBAL_UNCERTAINTY_ASSIGNED_CONTEXT ( ( #6163 ) ) GLOBAL_UNIT_ASSIGNED_CONTEXT ( ( #596, #6413, #5599 ) ) REPRESENTATION_CONTEXT ( 'NONE', 'WORKASPACE' ) );
#2932 = ORIENTED_EDGE ( 'NONE', *, *, #8712, .F. ) ;
#2933 = CARTESIAN_POINT ( 'NONE',  ( 1.135000000000000675, 0.002500000000000003088, -1.600000000000000089 ) ) ;
#2934 = ORIENTED_EDGE ( 'NONE', *, *, #1776, .T. ) ;
#2935 = DIRECTION ( 'NONE',  ( 1.000000000000000000, 0.0000000000000000000, -4.065758146820642614E-16 ) ) ;
#2936 = AXIS2_PLACEMENT_3D ( 'NONE', #1079, #5335, #1849 ) ;
#2937 = SURFACE_SIDE_STYLE ('',( #8660 ) ) ;
#2938 = FILL_AREA_STYLE ('',( #112 ) ) ;
#2939 = CARTESIAN_POINT ( 'NONE',  ( 2.001999999999999780, 0.2025000000000000133, 1.135000000000000009 ) ) ;
#2940 =( GEOMETRIC_REPRESENTATION_CONTEXT ( 3 ) GLOBAL_UNCERTAINTY_ASSIGNED_CONTEXT ( ( #1944 ) ) GLOBAL_UNIT_ASSIGNED_CONTEXT ( ( #8133, #5895, #1085 ) ) REPRESENTATION_CONTEXT ( 'NONE', 'WORKASPACE' ) );
#2941 = LINE ( 'NONE', #6343, #5886 ) ;
#2942 = UNCERTAINTY_MEASURE_WITH_UNIT (LENGTH_MEASURE( 1.000000000000000082E-05 ), #3103, 'distance_accuracy_value', 'NONE');
#2943 = CARTESIAN_POINT ( 'NONE',  ( -0.3649999999999995470, -1.487762787917389017E-18, -1.600000000000000089 ) ) ;
#2944 = ORIENTED_EDGE ( 'NONE', *, *, #8516, .F. ) ;
#2945 = LINE ( 'NONE', #3773, #489 ) ;
#2946 = ORIENTED_EDGE ( 'NONE', *, *, #5194, .T. ) ;
#2947 = VERTEX_POINT ( 'NONE', #7509 ) ;
#2948 = PRESENTATION_STYLE_ASSIGNMENT (( #2353 ) ) ;
#2949 = DIRECTION ( 'NONE',  ( 1.000000000000000000, 0.0000000000000000000, 0.0000000000000000000 ) ) ;
#2950 = SURFACE_STYLE_USAGE ( .BOTH. , #6351 ) ;
#2951 =( NAMED_UNIT ( * ) SI_UNIT ( $, .STERADIAN. ) SOLID_ANGLE_UNIT ( ) );
#2952 = DIRECTION ( 'NONE',  ( 0.0000000000000000000, 0.0000000000000000000, 1.000000000000000000 ) ) ;
#2953 = FACE_OUTER_BOUND ( 'NONE', #4773, .T. ) ;
#2954 = ORIENTED_EDGE ( 'NONE', *, *, #1738, .T. ) ;
#2955 = FILL_AREA_STYLE_COLOUR ( '', #6423 ) ;
#2956 = EDGE_LOOP ( 'NONE', ( #6935, #5048, #988, #6586 ) ) ;
#2957 = CARTESIAN_POINT ( 'NONE',  ( -0.3649999999999996581, 0.1999999999999999833, -2.001999999999999780 ) ) ;
#2958 = ADVANCED_FACE ( 'NONE', ( #6022 ), #6679, .F. ) ;
#2959 = ORIENTED_EDGE ( 'NONE', *, *, #6258, .F. ) ;
#2960 = CARTESIAN_POINT ( 'NONE',  ( -2.000000000000000000, 0.2024999999999999856, -0.8650000000000001021 ) ) ;
#2961 = PRESENTATION_STYLE_ASSIGNMENT (( #6465 ) ) ;
#2962 = CARTESIAN_POINT ( 'NONE',  ( -0.6349999999999995648, 0.1999999999999999833, -2.000000000000000000 ) ) ;
#2963 = STYLED_ITEM ( 'NONE', ( #6161 ), #5355 ) ;
#2964 = CARTESIAN_POINT ( 'NONE',  ( -2.001999999999999780, 0.2025000000000000133, -0.6350000000000001199 ) ) ;
#2965 = FILL_AREA_STYLE_COLOUR ( '', #3792 ) ;
#2966 = FILL_AREA_STYLE_COLOUR ( '', #1352 ) ;
#2967 = SURFACE_SIDE_STYLE ('',( #8044 ) ) ;
#2968 = CARTESIAN_POINT ( 'NONE',  ( 0.3650000000000004352, 0.2000000000000000111, 2.001999999999999780 ) ) ;
#2969 = EDGE_CURVE ( 'NONE', #3477, #915, #6818, .T. ) ;
#2970 = STYLED_ITEM ( 'NONE', ( #1172 ), #9 ) ;
#2971 =( LENGTH_UNIT ( ) NAMED_UNIT ( * ) SI_UNIT ( .MILLI., .METRE. ) );
#2972 = SURFACE_STYLE_USAGE ( .BOTH. , #242 ) ;
#2973 = LINE ( 'NONE', #7810, #955 ) ;
#2974 = CARTESIAN_POINT ( 'NONE',  ( 0.8650000000000004352, 1.490150555354787828E-17, -2.001999999999999780 ) ) ;
#2975 = ORIENTED_EDGE ( 'NONE', *, *, #5514, .F. ) ;
#2976 =( NAMED_UNIT ( * ) SI_UNIT ( $, .STERADIAN. ) SOLID_ANGLE_UNIT ( ) );
#2977 = DIRECTION ( 'NONE',  ( 0.0000000000000000000, -1.000000000000000000, 0.0000000000000000000 ) ) ;
#2978 = EDGE_CURVE ( 'NONE', #5353, #1400, #4732, .T. ) ;
#2979 = ORIENTED_EDGE ( 'NONE', *, *, #4338, .F. ) ;
#2980 = DIRECTION ( 'NONE',  ( -1.000000000000000000, -0.0000000000000000000, -0.0000000000000000000 ) ) ;
#2981 = CARTESIAN_POINT ( 'NONE',  ( 0.8650000000000004352, 1.490150555354787828E-17, 2.000000000000000000 ) ) ;
#2982 = LINE ( 'NONE', #390, #8065 ) ;
#2983 = SURFACE_STYLE_FILL_AREA ( #7177 ) ;
#2984 = STYLED_ITEM ( 'NONE', ( #2168 ), #560 ) ;
#2985 = DIRECTION ( 'NONE',  ( 0.0000000000000000000, -0.0000000000000000000, 1.000000000000000000 ) ) ;
#2986 = ORIENTED_EDGE ( 'NONE', *, *, #8367, .T. ) ;
#2987 = ORIENTED_EDGE ( 'NONE', *, *, #4369, .F. ) ;
#2988 = ORIENTED_EDGE ( 'NONE', *, *, #4515, .T. ) ;
#2989 = AXIS2_PLACEMENT_3D ( 'NONE', #7861, #8745, #7251 ) ;
#2990 =( LENGTH_UNIT ( ) NAMED_UNIT ( * ) SI_UNIT ( .MILLI., .METRE. ) );
#2991 = SURFACE_SIDE_STYLE ('',( #4364 ) ) ;
#2992 =( NAMED_UNIT ( * ) PLANE_ANGLE_UNIT ( ) SI_UNIT ( $, .RADIAN. ) );
#2993 = ORIENTED_EDGE ( 'NONE', *, *, #8611, .F. ) ;
#2994 = LINE ( 'NONE', #2908, #6677 ) ;
#2995 = ORIENTED_EDGE ( 'NONE', *, *, #6847, .F. ) ;
#2996 = FACE_OUTER_BOUND ( 'NONE', #7126, .T. ) ;
#2997 = STYLED_ITEM ( 'NONE', ( #7694 ), #1368 ) ;
#2998 = CARTESIAN_POINT ( 'NONE',  ( -2.001999999999999780, 0.2025000000000000133, 1.364999999999999991 ) ) ;
#2999 =( NAMED_UNIT ( * ) SI_UNIT ( $, .STERADIAN. ) SOLID_ANGLE_UNIT ( ) );
#3000 =( NAMED_UNIT ( * ) PLANE_ANGLE_UNIT ( ) SI_UNIT ( $, .RADIAN. ) );
#3001 = EDGE_CURVE ( 'NONE', #6408, #6587, #2582, .T. ) ;
#3002 = VECTOR ( 'NONE', #8295, 1000.000000000000000 ) ;
#3003 = ORIENTED_EDGE ( 'NONE', *, *, #6110, .T. ) ;
#3004 = UNCERTAINTY_MEASURE_WITH_UNIT (LENGTH_MEASURE( 1.000000000000000082E-05 ), #4481, 'distance_accuracy_value', 'NONE');
#3005 = DIRECTION ( 'NONE',  ( -0.0000000000000000000, -1.000000000000000000, -0.0000000000000000000 ) ) ;
#3006 = EDGE_LOOP ( 'NONE', ( #6921, #8758, #7042, #1666 ) ) ;
#3007 = PRESENTATION_STYLE_ASSIGNMENT (( #241 ) ) ;
#3008 = DIRECTION ( 'NONE',  ( 0.0000000000000000000, -0.0000000000000000000, -1.000000000000000000 ) ) ;
#3009 = COLOUR_RGB ( '',1.000000000000000000, 1.000000000000000000, 1.000000000000000000 ) ;
#3010 = LINE ( 'NONE', #661, #2610 ) ;
#3011 = VECTOR ( 'NONE', #8941, 1000.000000000000000 ) ;
#3012 = EDGE_CURVE ( 'NONE', #5784, #4866, #2628, .T. ) ;
#3013 = UNCERTAINTY_MEASURE_WITH_UNIT (LENGTH_MEASURE( 1.000000000000000082E-05 ), #3688, 'distance_accuracy_value', 'NONE');
#3014 = FILL_AREA_STYLE_COLOUR ( '', #9037 ) ;
#3015 = VECTOR ( 'NONE', #3458, 1000.000000000000000 ) ;
#3016 = ORIENTED_EDGE ( 'NONE', *, *, #1671, .T. ) ;
#3017 = UNCERTAINTY_MEASURE_WITH_UNIT (LENGTH_MEASURE( 1.000000000000000082E-05 ), #2344, 'distance_accuracy_value', 'NONE');
#3018 = CARTESIAN_POINT ( 'NONE',  ( -0.8649999999999995470, 0.002499999999999970562, 1.600000000000000089 ) ) ;
#3019 = CARTESIAN_POINT ( 'NONE',  ( -2.000000000000000000, 0.0000000000000000000, -0.1350000000000000089 ) ) ;
#3020 = EDGE_LOOP ( 'NONE', ( #1268, #8496, #7871, #2308 ) ) ;
#3021 = FILL_AREA_STYLE ('',( #2886 ) ) ;
#3022 =( NAMED_UNIT ( * ) SI_UNIT ( $, .STERADIAN. ) SOLID_ANGLE_UNIT ( ) );
#3023 = EDGE_CURVE ( 'NONE', #5711, #2679, #2665, .T. ) ;
#3024 =( NAMED_UNIT ( * ) SI_UNIT ( $, .STERADIAN. ) SOLID_ANGLE_UNIT ( ) );
#3025 = VECTOR ( 'NONE', #3401, 1000.000000000000000 ) ;
#3026 = UNCERTAINTY_MEASURE_WITH_UNIT (LENGTH_MEASURE( 1.000000000000000082E-05 ), #6324, 'distance_accuracy_value', 'NONE');
#3027 = STYLED_ITEM ( 'NONE', ( #1571 ), #6919 ) ;
#3028 = DIRECTION ( 'NONE',  ( 0.0000000000000000000, 1.000000000000000000, 0.0000000000000000000 ) ) ;
#3029 =( GEOMETRIC_REPRESENTATION_CONTEXT ( 3 ) GLOBAL_UNCERTAINTY_ASSIGNED_CONTEXT ( ( #7911 ) ) GLOBAL_UNIT_ASSIGNED_CONTEXT ( ( #7032, #4346, #2249 ) ) REPRESENTATION_CONTEXT ( 'NONE', 'WORKASPACE' ) );
#3030 = VERTEX_POINT ( 'NONE', #7547 ) ;
#3031 = PRESENTATION_STYLE_ASSIGNMENT (( #8759 ) ) ;
#3032 = FILL_AREA_STYLE ('',( #163 ) ) ;
#3033 = MECHANICAL_DESIGN_GEOMETRIC_PRESENTATION_REPRESENTATION (  '', ( #7147 ), #8049 ) ;
#3034 = CARTESIAN_POINT ( 'NONE',  ( -2.001999999999999780, 0.2025000000000000133, -1.135000000000000231 ) ) ;
#3035 = CARTESIAN_POINT ( 'NONE',  ( -1.600000000000000089, 0.002500000000000000052, 0.1349999999999998701 ) ) ;
#3036 = SURFACE_STYLE_FILL_AREA ( #2501 ) ;
#3037 = COLOUR_RGB ( '',1.000000000000000000, 1.000000000000000000, 1.000000000000000000 ) ;
#3038 = ORIENTED_EDGE ( 'NONE', *, *, #2402, .F. ) ;
#3039 = DIRECTION ( 'NONE',  ( -0.0000000000000000000, -0.0000000000000000000, -1.000000000000000000 ) ) ;
#3040 = EDGE_LOOP ( 'NONE', ( #5009, #8728, #2677, #2850 ) ) ;
#3041 = CARTESIAN_POINT ( 'NONE',  ( -0.3649999999999996581, 0.1999999999999999833, 2.000000000000000000 ) ) ;
#3042 =( NAMED_UNIT ( * ) SI_UNIT ( $, .STERADIAN. ) SOLID_ANGLE_UNIT ( ) );
#3043 = FILL_AREA_STYLE ('',( #2817 ) ) ;
#3044 = AXIS2_PLACEMENT_3D ( 'NONE', #3109, #4997, #7826 ) ;
#3045 = LINE ( 'NONE', #3838, #7734 ) ;
#3046 = AXIS2_PLACEMENT_3D ( 'NONE', #4639, #3260, #4591 ) ;
#3047 = CARTESIAN_POINT ( 'NONE',  ( 0.1350000000000003419, 0.2000000000000000111, 2.000000000000000000 ) ) ;
#3048 = ORIENTED_EDGE ( 'NONE', *, *, #4077, .F. ) ;
#3049 = MECHANICAL_DESIGN_GEOMETRIC_PRESENTATION_REPRESENTATION (  '', ( #1577 ), #6591 ) ;
#3050 = ORIENTED_EDGE ( 'NONE', *, *, #3513, .F. ) ;
#3051 = FILL_AREA_STYLE ('',( #3798 ) ) ;
#3052 = PLANE ( 'NONE',  #4216 ) ;
#3053 = EDGE_CURVE ( 'NONE', #861, #495, #3964, .T. ) ;
#3054 = FILL_AREA_STYLE ('',( #3603 ) ) ;
#3055 = FACE_OUTER_BOUND ( 'NONE', #2024, .T. ) ;
#3056 = COLOUR_RGB ( '',1.000000000000000000, 1.000000000000000000, 1.000000000000000000 ) ;
#3057 = STYLED_ITEM ( 'NONE', ( #284 ), #3767 ) ;
#3058 = LINE ( 'NONE', #245, #3247 ) ;
#3059 = SURFACE_SIDE_STYLE ('',( #909 ) ) ;
#3060 = VERTEX_POINT ( 'NONE', #318 ) ;
#3061 = DIRECTION ( 'NONE',  ( -0.0000000000000000000, -0.0000000000000000000, 1.000000000000000000 ) ) ;
#3062 = VECTOR ( 'NONE', #7341, 1000.000000000000000 ) ;
#3063 = EDGE_CURVE ( 'NONE', #8066, #5990, #4696, .T. ) ;
#3064 = COLOUR_RGB ( '',1.000000000000000000, 1.000000000000000000, 1.000000000000000000 ) ;
#3065 = SURFACE_SIDE_STYLE ('',( #7173 ) ) ;
#3066 = DIRECTION ( 'NONE',  ( -0.0000000000000000000, -1.000000000000000000, -0.0000000000000000000 ) ) ;
#3067 = COLOUR_RGB ( '',1.000000000000000000, 1.000000000000000000, 1.000000000000000000 ) ;
#3068 = FILL_AREA_STYLE_COLOUR ( '', #8248 ) ;
#3069 =( NAMED_UNIT ( * ) SI_UNIT ( $, .STERADIAN. ) SOLID_ANGLE_UNIT ( ) );
#3070 = VECTOR ( 'NONE', #557, 1000.000000000000000 ) ;
#3071 = ORIENTED_EDGE ( 'NONE', *, *, #1682, .T. ) ;
#3073 = EDGE_CURVE ( 'NONE', #3915, #6929, #5974, .T. ) ;
#3072 = ORIENTED_EDGE ( 'NONE', *, *, #6867, .T. ) ;
#3074 = VECTOR ( 'NONE', #5233, 1000.000000000000000 ) ;
#3075 = DIRECTION ( 'NONE',  ( 0.0000000000000000000, 0.0000000000000000000, 1.000000000000000000 ) ) ;
#3076 = EDGE_CURVE ( 'NONE', #8851, #979, #6732, .T. ) ;
#3077 = COLOUR_RGB ( '',1.000000000000000000, 1.000000000000000000, 1.000000000000000000 ) ;
#3078 = DIRECTION ( 'NONE',  ( 0.0000000000000000000, 0.0000000000000000000, 1.000000000000000000 ) ) ;
#3079 = DIRECTION ( 'NONE',  ( 1.000000000000000000, 0.0000000000000000000, 4.065758146820642614E-16 ) ) ;
#3080 = ORIENTED_EDGE ( 'NONE', *, *, #7869, .F. ) ;
#3081 = LINE ( 'NONE', #786, #5047 ) ;
#3082 = ORIENTED_EDGE ( 'NONE', *, *, #8841, .T. ) ;
#3083 = FACE_OUTER_BOUND ( 'NONE', #5000, .T. ) ;
#3084 = ADVANCED_FACE ( 'NONE', ( #575 ), #1267, .T. ) ;
#3085 = DIRECTION ( 'NONE',  ( -1.000000000000000000, 0.0000000000000000000, -2.710505431213761578E-16 ) ) ;
#3086 = FILL_AREA_STYLE ('',( #937 ) ) ;
#3087 = SURFACE_SIDE_STYLE ('',( #232 ) ) ;
#3088 = DIRECTION ( 'NONE',  ( 0.0000000000000000000, -0.0000000000000000000, -1.000000000000000000 ) ) ;
#3089 = CARTESIAN_POINT ( 'NONE',  ( 2.000000000000000000, 0.0000000000000000000, -0.1350000000000000089 ) ) ;
#3090 = PRESENTATION_LAYER_ASSIGNMENT (  '', '', ( #7511 ) ) ;
#3091 = DIRECTION ( 'NONE',  ( 1.000000000000000000, -0.0000000000000000000, -0.0000000000000000000 ) ) ;
#3092 = CARTESIAN_POINT ( 'NONE',  ( 0.8650000000000004352, 0.2000000000000000389, -2.001999999999999780 ) ) ;
#3093 = CARTESIAN_POINT ( 'NONE',  ( 1.135000000000000453, 0.002500000000000029976, 2.000000000000000000 ) ) ;
#3094 = VERTEX_POINT ( 'NONE', #6246 ) ;
#3095 = FILL_AREA_STYLE ('',( #2417 ) ) ;
#3096 = PLANE ( 'NONE',  #4818 ) ;
#3097 = FILL_AREA_STYLE_COLOUR ( '', #7038 ) ;
#3098 = LINE ( 'NONE', #8309, #3747 ) ;
#3099 = CARTESIAN_POINT ( 'NONE',  ( -1.600000000000000089, 0.0000000000000000000, -0.1350000000000000089 ) ) ;
#3100 = ORIENTED_EDGE ( 'NONE', *, *, #3475, .F. ) ;
#3101 = UNCERTAINTY_MEASURE_WITH_UNIT (LENGTH_MEASURE( 1.000000000000000082E-05 ), #6002, 'distance_accuracy_value', 'NONE');
#3102 = DIRECTION ( 'NONE',  ( -0.0000000000000000000, -1.000000000000000000, -0.0000000000000000000 ) ) ;
#3103 =( LENGTH_UNIT ( ) NAMED_UNIT ( * ) SI_UNIT ( .MILLI., .METRE. ) );
#3104 = ORIENTED_EDGE ( 'NONE', *, *, #6625, .T. ) ;
#3105 =( LENGTH_UNIT ( ) NAMED_UNIT ( * ) SI_UNIT ( .MILLI., .METRE. ) );
#3106 = DIRECTION ( 'NONE',  ( -1.000000000000000000, 0.0000000000000000000, -0.0000000000000000000 ) ) ;
#3107 = DIRECTION ( 'NONE',  ( 0.0000000000000000000, -1.000000000000000000, 0.0000000000000000000 ) ) ;
#3108 = EDGE_CURVE ( 'NONE', #2059, #3733, #2753, .T. ) ;
#3109 = CARTESIAN_POINT ( 'NONE',  ( -2.000000000000000000, 0.002500000000000000052, -0.3649999999999999911 ) ) ;
#3110 = ORIENTED_EDGE ( 'NONE', *, *, #6188, .F. ) ;
#3111 = SURFACE_STYLE_FILL_AREA ( #2258 ) ;
#3112 = ORIENTED_EDGE ( 'NONE', *, *, #787, .T. ) ;
#3113 = PRESENTATION_STYLE_ASSIGNMENT (( #3960 ) ) ;
#3114 = LINE ( 'NONE', #1020, #374 ) ;
#3115 = EDGE_CURVE ( 'NONE', #6547, #7726, #677, .T. ) ;
#3116 = VERTEX_POINT ( 'NONE', #2068 ) ;
#3117 = ADVANCED_FACE ( 'NONE', ( #4863 ), #2848, .T. ) ;
#3118 = ORIENTED_EDGE ( 'NONE', *, *, #3115, .T. ) ;
#3119 = ORIENTED_EDGE ( 'NONE', *, *, #4750, .F. ) ;
#3120 = VERTEX_POINT ( 'NONE', #2943 ) ;
#3121 = DIRECTION ( 'NONE',  ( -0.0000000000000000000, -0.0000000000000000000, -1.000000000000000000 ) ) ;
#3122 = DIRECTION ( 'NONE',  ( 0.0000000000000000000, 0.0000000000000000000, 1.000000000000000000 ) ) ;
#3123 = CARTESIAN_POINT ( 'NONE',  ( 1.600000000000000089, 0.0000000000000000000, -0.1350000000000000089 ) ) ;
#3124 = PRESENTATION_STYLE_ASSIGNMENT (( #273 ) ) ;
#3125 = UNCERTAINTY_MEASURE_WITH_UNIT (LENGTH_MEASURE( 1.000000000000000082E-05 ), #7319, 'distance_accuracy_value', 'NONE');
#3126 = EDGE_CURVE ( 'NONE', #5378, #6859, #8013, .T. ) ;
#3127 = EDGE_LOOP ( 'NONE', ( #450, #7925, #4101, #6620 ) ) ;
#3128 = LINE ( 'NONE', #379, #2843 ) ;
#3129 = ORIENTED_EDGE ( 'NONE', *, *, #2805, .T. ) ;
#3130 =( LENGTH_UNIT ( ) NAMED_UNIT ( * ) SI_UNIT ( .MILLI., .METRE. ) );
#3131 = SURFACE_STYLE_FILL_AREA ( #8932 ) ;
#3132 = MECHANICAL_DESIGN_GEOMETRIC_PRESENTATION_REPRESENTATION (  '', ( #2418 ), #4308 ) ;
#3133 = MECHANICAL_DESIGN_GEOMETRIC_PRESENTATION_REPRESENTATION (  '', ( #1516 ), #7560 ) ;
#3134 = DIRECTION ( 'NONE',  ( -0.0000000000000000000, -1.000000000000000000, -0.0000000000000000000 ) ) ;
#3135 = CARTESIAN_POINT ( 'NONE',  ( 0.6350000000000004530, 1.487762787917389017E-18, -1.600000000000000089 ) ) ;
#3136 = EDGE_LOOP ( 'NONE', ( #1135, #4093, #2039, #446 ) ) ;
#3137 =( LENGTH_UNIT ( ) NAMED_UNIT ( * ) SI_UNIT ( .MILLI., .METRE. ) );
#3138 = CARTESIAN_POINT ( 'NONE',  ( -0.8649999999999995470, 0.002499999999999970562, 1.600000000000000089 ) ) ;
#3139 = AXIS2_PLACEMENT_3D ( 'NONE', #5943, #4525, #3888 ) ;
#3140 = ORIENTED_EDGE ( 'NONE', *, *, #5622, .T. ) ;
#3141 = DIRECTION ( 'NONE',  ( 2.710505431213761578E-16, 0.0000000000000000000, 1.000000000000000000 ) ) ;
#3142 = LINE ( 'NONE', #8191, #6998 ) ;
#3143 = VECTOR ( 'NONE', #8545, 1000.000000000000000 ) ;
#3144 = DIRECTION ( 'NONE',  ( 0.0000000000000000000, 0.0000000000000000000, 1.000000000000000000 ) ) ;
#3145 = MECHANICAL_DESIGN_GEOMETRIC_PRESENTATION_REPRESENTATION (  '', ( #8774 ), #6849 ) ;
#3146 = VECTOR ( 'NONE', #6261, 1000.000000000000000 ) ;
#3147 = SURFACE_SIDE_STYLE ('',( #6769 ) ) ;
#3148 = VERTEX_POINT ( 'NONE', #3620 ) ;
#3149 = FACE_OUTER_BOUND ( 'NONE', #2223, .T. ) ;
#3150 = DIRECTION ( 'NONE',  ( -1.000000000000000000, 0.0000000000000000000, -4.065758146820642614E-16 ) ) ;
#3151 = STYLED_ITEM ( 'NONE', ( #6913 ), #6036 ) ;
#3152 = DIRECTION ( 'NONE',  ( -1.000000000000000000, -0.0000000000000000000, -0.0000000000000000000 ) ) ;
#3153 = ADVANCED_FACE ( 'NONE', ( #4493 ), #3671, .F. ) ;
#3154 = DIRECTION ( 'NONE',  ( 1.000000000000000000, 0.0000000000000000000, -0.0000000000000000000 ) ) ;
#3155 = DIRECTION ( 'NONE',  ( 0.0000000000000000000, 0.0000000000000000000, 1.000000000000000000 ) ) ;
#3156 = SURFACE_STYLE_FILL_AREA ( #2541 ) ;
#3157 = PRESENTATION_LAYER_ASSIGNMENT (  '', '', ( #1704 ) ) ;
#3158 = AXIS2_PLACEMENT_3D ( 'NONE', #6189, #3352, #8283 ) ;
#3159 = VERTEX_POINT ( 'NONE', #6446 ) ;
#3160 =( NAMED_UNIT ( * ) PLANE_ANGLE_UNIT ( ) SI_UNIT ( $, .RADIAN. ) );
#3161 = FACE_OUTER_BOUND ( 'NONE', #8429, .T. ) ;
#3162 = ORIENTED_EDGE ( 'NONE', *, *, #8963, .F. ) ;
#3163 = ORIENTED_EDGE ( 'NONE', *, *, #5769, .T. ) ;
#3164 = CARTESIAN_POINT ( 'NONE',  ( -2.000000000000000000, 0.002500000000000000052, 2.000000000000000000 ) ) ;
#3165 = VECTOR ( 'NONE', #4974, 1000.000000000000000 ) ;
#3166 = EDGE_CURVE ( 'NONE', #428, #3631, #2392, .T. ) ;
#3167 = DIRECTION ( 'NONE',  ( 0.0000000000000000000, 0.0000000000000000000, -1.000000000000000000 ) ) ;
#3168 = CARTESIAN_POINT ( 'NONE',  ( 2.001999999999999780, 0.002500000000000000052, -0.6350000000000001199 ) ) ;
#3169 = EDGE_CURVE ( 'NONE', #6147, #3553, #6488, .T. ) ;
#3170 = FILL_AREA_STYLE ('',( #5259 ) ) ;
#3171 = SURFACE_SIDE_STYLE ('',( #7989 ) ) ;
#3172 = COLOUR_RGB ( '',0.2509803921568627416, 0.2509803921568627416, 0.2509803921568627416 ) ;
#3173 = LINE ( 'NONE', #5988, #6595 ) ;
#3174 = SURFACE_SIDE_STYLE ('',( #7990 ) ) ;
#3175 = ORIENTED_EDGE ( 'NONE', *, *, #1832, .T. ) ;
#3176 = UNCERTAINTY_MEASURE_WITH_UNIT (LENGTH_MEASURE( 1.000000000000000082E-05 ), #3822, 'distance_accuracy_value', 'NONE');
#3177 = COLOUR_RGB ( '',1.000000000000000000, 1.000000000000000000, 1.000000000000000000 ) ;
#3178 = CARTESIAN_POINT ( 'NONE',  ( 2.000000000000000000, 0.9000000000000000222, -2.000000000000000000 ) ) ;
#3179 = VECTOR ( 'NONE', #783, 1000.000000000000000 ) ;
#3180 = ORIENTED_EDGE ( 'NONE', *, *, #5031, .F. ) ;
#3181 = FACE_OUTER_BOUND ( 'NONE', #5432, .T. ) ;
#3182 = VECTOR ( 'NONE', #6631, 1000.000000000000000 ) ;
#3183 = CARTESIAN_POINT ( 'NONE',  ( -2.000000000000000000, 0.002500000000000000052, 0.6350000000000000089 ) ) ;
#3184 = MECHANICAL_DESIGN_GEOMETRIC_PRESENTATION_REPRESENTATION (  '', ( #7162 ), #6585 ) ;
#3185 = CARTESIAN_POINT ( 'NONE',  ( -1.364999999999999547, -4.463288363752166281E-18, -1.600000000000000089 ) ) ;
#3186 = CARTESIAN_POINT ( 'NONE',  ( 0.1350000000000003419, 0.0000000000000000000, -2.000000000000000000 ) ) ;
#3187 = MECHANICAL_DESIGN_GEOMETRIC_PRESENTATION_REPRESENTATION (  '', ( #1415 ), #5664 ) ;
#3188 = ADVANCED_FACE ( 'NONE', ( #73 ), #214, .F. ) ;
#3189 = CARTESIAN_POINT ( 'NONE',  ( -0.8649999999999995470, 0.002499999999999970562, 1.600000000000000089 ) ) ;
#3190 = STYLED_ITEM ( 'NONE', ( #6182 ), #3617 ) ;
#3191 = DIRECTION ( 'NONE',  ( -0.0000000000000000000, 1.000000000000000000, -0.0000000000000000000 ) ) ;
#3192 = VERTEX_POINT ( 'NONE', #5319 ) ;
#3193 = UNCERTAINTY_MEASURE_WITH_UNIT (LENGTH_MEASURE( 1.000000000000000082E-05 ), #9086, 'distance_accuracy_value', 'NONE');
#3194 = FILL_AREA_STYLE_COLOUR ( '', #455 ) ;
#3195 = LINE ( 'NONE', #350, #7916 ) ;
#3196 = VERTEX_POINT ( 'NONE', #7398 ) ;
#3197 = FILL_AREA_STYLE ('',( #7258 ) ) ;
#3198 = ADVANCED_FACE ( 'NONE', ( #4686 ), #8813, .F. ) ;
#3199 = DIRECTION ( 'NONE',  ( -1.000000000000000000, 0.0000000000000000000, 0.0000000000000000000 ) ) ;
#3200 = VECTOR ( 'NONE', #8107, 1000.000000000000000 ) ;
#3201 = PRESENTATION_LAYER_ASSIGNMENT (  '', '', ( #7181 ) ) ;
#3202 = PLANE ( 'NONE',  #8907 ) ;
#3203 = CARTESIAN_POINT ( 'NONE',  ( 2.000000000000000000, 0.002500000000000000052, -1.135000000000000009 ) ) ;
#3204 = MECHANICAL_DESIGN_GEOMETRIC_PRESENTATION_REPRESENTATION (  '', ( #8075 ), #1889 ) ;
#3205 =( GEOMETRIC_REPRESENTATION_CONTEXT ( 3 ) GLOBAL_UNCERTAINTY_ASSIGNED_CONTEXT ( ( #8666 ) ) GLOBAL_UNIT_ASSIGNED_CONTEXT ( ( #8793, #6078, #5395 ) ) REPRESENTATION_CONTEXT ( 'NONE', 'WORKASPACE' ) );
#3206 = UNCERTAINTY_MEASURE_WITH_UNIT (LENGTH_MEASURE( 1.000000000000000082E-05 ), #4273, 'distance_accuracy_value', 'NONE');
#3207 = DIRECTION ( 'NONE',  ( 0.0000000000000000000, 0.0000000000000000000, 1.000000000000000000 ) ) ;
#3208 = ORIENTED_EDGE ( 'NONE', *, *, #3023, .T. ) ;
#3209 = SURFACE_SIDE_STYLE ('',( #5190 ) ) ;
#3210 = MECHANICAL_DESIGN_GEOMETRIC_PRESENTATION_REPRESENTATION (  '', ( #8679 ), #1286 ) ;
#3211 = DIRECTION ( 'NONE',  ( 0.0000000000000000000, -1.000000000000000000, 0.0000000000000000000 ) ) ;
#3212 = CARTESIAN_POINT ( 'NONE',  ( -0.1349999999999995925, 0.002499999999999979669, 2.000000000000000000 ) ) ;
#3213 =( LENGTH_UNIT ( ) NAMED_UNIT ( * ) SI_UNIT ( .MILLI., .METRE. ) );
#3214 = COLOUR_RGB ( '',1.000000000000000000, 1.000000000000000000, 1.000000000000000000 ) ;
#3215 = FILL_AREA_STYLE_COLOUR ( '', #9156 ) ;
#3216 = CARTESIAN_POINT ( 'NONE',  ( -2.000000000000000000, 0.002500000000000000052, -0.6350000000000000089 ) ) ;
#3217 = AXIS2_PLACEMENT_3D ( 'NONE', #8249, #3424, #6185 ) ;
#3218 = VERTEX_POINT ( 'NONE', #2617 ) ;
#3219 = ORIENTED_EDGE ( 'NONE', *, *, #707, .T. ) ;
#3220 = ORIENTED_EDGE ( 'NONE', *, *, #3884, .T. ) ;
#3221 = FILL_AREA_STYLE ('',( #372 ) ) ;
#3222 = PLANE ( 'NONE',  #22 ) ;
#3223 = AXIS2_PLACEMENT_3D ( 'NONE', #7118, #1491, #7918 ) ;
#3224 = SURFACE_STYLE_FILL_AREA ( #3043 ) ;
#3225 = CARTESIAN_POINT ( 'NONE',  ( -2.000000000000000000, 0.002500000000000000052, 2.000000000000000000 ) ) ;
#3226 = FACE_OUTER_BOUND ( 'NONE', #2383, .T. ) ;
#3227 = UNCERTAINTY_MEASURE_WITH_UNIT (LENGTH_MEASURE( 1.000000000000000082E-05 ), #8733, 'distance_accuracy_value', 'NONE');
#3228 = MECHANICAL_DESIGN_GEOMETRIC_PRESENTATION_REPRESENTATION (  '', ( #3668 ), #8530 ) ;
#3229 = EDGE_CURVE ( 'NONE', #6346, #7336, #6014, .T. ) ;
#3230 = DIRECTION ( 'NONE',  ( -0.0000000000000000000, -0.0000000000000000000, 1.000000000000000000 ) ) ;
#3231 = ORIENTED_EDGE ( 'NONE', *, *, #1157, .T. ) ;
#3232 = FACE_OUTER_BOUND ( 'NONE', #5046, .T. ) ;
#3233 = SURFACE_STYLE_USAGE ( .BOTH. , #1092 ) ;
#3234 = DIRECTION ( 'NONE',  ( -1.000000000000000000, -0.0000000000000000000, -0.0000000000000000000 ) ) ;
#3235 = DIRECTION ( 'NONE',  ( 0.0000000000000000000, 1.000000000000000000, 0.0000000000000000000 ) ) ;
#3236 = DIRECTION ( 'NONE',  ( -0.0000000000000000000, -0.0000000000000000000, -1.000000000000000000 ) ) ;
#3237 = CARTESIAN_POINT ( 'NONE',  ( 2.000000000000000000, 0.0000000000000000000, -1.364999999999999991 ) ) ;
#3238 = PRESENTATION_STYLE_ASSIGNMENT (( #5349 ) ) ;
#3239 =( NAMED_UNIT ( * ) PLANE_ANGLE_UNIT ( ) SI_UNIT ( $, .RADIAN. ) );
#3240 = EDGE_CURVE ( 'NONE', #5191, #7436, #1831, .T. ) ;
#3241 = PLANE ( 'NONE',  #1501 ) ;
#3242 = EDGE_LOOP ( 'NONE', ( #1988, #2678, #1713, #8654 ) ) ;
#3243 = STYLED_ITEM ( 'NONE', ( #5328 ), #9025 ) ;
#3244 = DIRECTION ( 'NONE',  ( 0.0000000000000000000, -0.0000000000000000000, 1.000000000000000000 ) ) ;
#3245 = EDGE_CURVE ( 'NONE', #84, #7510, #8864, .T. ) ;
#3246 = CARTESIAN_POINT ( 'NONE',  ( -2.000000000000000000, 0.2025000000000000133, 0.8649999999999998801 ) ) ;
#3247 = VECTOR ( 'NONE', #6656, 1000.000000000000000 ) ;
#3248 = EDGE_LOOP ( 'NONE', ( #7093, #6735, #541, #6393 ) ) ;
#3249 = CARTESIAN_POINT ( 'NONE',  ( -2.000000000000000000, 0.002500000000000000052, 2.000000000000000000 ) ) ;
#3250 = LINE ( 'NONE', #4078, #2882 ) ;
#3251 = SURFACE_STYLE_USAGE ( .BOTH. , #4538 ) ;
#3252 = LINE ( 'NONE', #7394, #1913 ) ;
#3253 =( NAMED_UNIT ( * ) PLANE_ANGLE_UNIT ( ) SI_UNIT ( $, .RADIAN. ) );
#3254 = EDGE_CURVE ( 'NONE', #2041, #5200, #5362, .T. ) ;
#3255 = FILL_AREA_STYLE ('',( #7448 ) ) ;
#3256 = ORIENTED_EDGE ( 'NONE', *, *, #7824, .T. ) ;
#3257 = DIRECTION ( 'NONE',  ( -0.0000000000000000000, 0.0000000000000000000, -1.000000000000000000 ) ) ;
#3258 = LINE ( 'NONE', #5282, #5760 ) ;
#3259 = DIRECTION ( 'NONE',  ( -1.000000000000000000, 0.0000000000000000000, 0.0000000000000000000 ) ) ;
#3260 = DIRECTION ( 'NONE',  ( 0.0000000000000000000, -1.000000000000000000, 0.0000000000000000000 ) ) ;
#3261 = PLANE ( 'NONE',  #9129 ) ;
#3262 = DIRECTION ( 'NONE',  ( 0.0000000000000000000, 1.000000000000000000, 0.0000000000000000000 ) ) ;
#3263 = VERTEX_POINT ( 'NONE', #1117 ) ;
#3264 = CARTESIAN_POINT ( 'NONE',  ( -0.8649999999999995470, 0.002499999999999970562, 1.600000000000000089 ) ) ;
#3265 = VERTEX_POINT ( 'NONE', #6668 ) ;
#3266 = EDGE_LOOP ( 'NONE', ( #8336, #1563, #536, #5153 ) ) ;
#3267 = ORIENTED_EDGE ( 'NONE', *, *, #1188, .F. ) ;
#3268 = DIRECTION ( 'NONE',  ( -0.0000000000000000000, -0.0000000000000000000, -1.000000000000000000 ) ) ;
#3269 = CARTESIAN_POINT ( 'NONE',  ( -2.000000000000000000, 0.2024999999999999856, 0.6350000000000001199 ) ) ;
#3270 = CARTESIAN_POINT ( 'NONE',  ( 2.000000000000000000, 0.0000000000000000000, 1.365000000000000213 ) ) ;
#3271 =( NAMED_UNIT ( * ) SI_UNIT ( $, .STERADIAN. ) SOLID_ANGLE_UNIT ( ) );
#3272 = CARTESIAN_POINT ( 'NONE',  ( 0.6350000000000003419, 0.2000000000000000389, -2.000000000000000000 ) ) ;
#3273 = CARTESIAN_POINT ( 'NONE',  ( -1.250000000000000000, 0.0005000000000000003357, -1.250000000000000000 ) ) ;
#3274 = VERTEX_POINT ( 'NONE', #4632 ) ;
#3275 = VECTOR ( 'NONE', #8185, 1000.000000000000000 ) ;
#3276 = UNCERTAINTY_MEASURE_WITH_UNIT (LENGTH_MEASURE( 1.000000000000000082E-05 ), #9205, 'distance_accuracy_value', 'NONE');
#3277 =( GEOMETRIC_REPRESENTATION_CONTEXT ( 3 ) GLOBAL_UNCERTAINTY_ASSIGNED_CONTEXT ( ( #8100 ) ) GLOBAL_UNIT_ASSIGNED_CONTEXT ( ( #5488, #530, #4085 ) ) REPRESENTATION_CONTEXT ( 'NONE', 'WORKASPACE' ) );
#3278 = DIRECTION ( 'NONE',  ( 0.0000000000000000000, 0.0000000000000000000, -1.000000000000000000 ) ) ;
#3279 = EDGE_LOOP ( 'NONE', ( #85, #1618, #4745, #4774 ) ) ;
#3280 = DIRECTION ( 'NONE',  ( 0.0000000000000000000, 0.0000000000000000000, 1.000000000000000000 ) ) ;
#3281 = FILL_AREA_STYLE_COLOUR ( '', #1603 ) ;
#3282 = STYLED_ITEM ( 'NONE', ( #4884 ), #1017 ) ;
#3283 = SURFACE_STYLE_FILL_AREA ( #388 ) ;
#3284 = ADVANCED_FACE ( 'NONE', ( #7538 ), #3956, .F. ) ;
#3285 = MECHANICAL_DESIGN_GEOMETRIC_PRESENTATION_REPRESENTATION (  '', ( #4889 ), #5186 ) ;
#3286 = FILL_AREA_STYLE_COLOUR ( '', #7142 ) ;
#3287 =( LENGTH_UNIT ( ) NAMED_UNIT ( * ) SI_UNIT ( .MILLI., .METRE. ) );
#3288 = DIRECTION ( 'NONE',  ( -0.0000000000000000000, -1.000000000000000000, -0.0000000000000000000 ) ) ;
#3289 = ORIENTED_EDGE ( 'NONE', *, *, #2889, .F. ) ;
#3290 = UNCERTAINTY_MEASURE_WITH_UNIT (LENGTH_MEASURE( 1.000000000000000082E-05 ), #8475, 'distance_accuracy_value', 'NONE');
#3291 = AXIS2_PLACEMENT_3D ( 'NONE', #5591, #9107, #2765 ) ;
#3292 = PRESENTATION_STYLE_ASSIGNMENT (( #1046 ) ) ;
#3293 = CARTESIAN_POINT ( 'NONE',  ( -1.600000000000000089, 0.002500000000000000052, 0.1349999999999998701 ) ) ;
#3294 = VECTOR ( 'NONE', #5871, 1000.000000000000000 ) ;
#3295 = CARTESIAN_POINT ( 'NONE',  ( -2.001999999999999780, 0.002500000000000000052, 0.8649999999999998801 ) ) ;
#3296 = LINE ( 'NONE', #1111, #2704 ) ;
#3297 = EDGE_CURVE ( 'NONE', #8479, #6109, #1255, .T. ) ;
#3298 = EDGE_CURVE ( 'NONE', #8622, #334, #8370, .T. ) ;
#3299 =( GEOMETRIC_REPRESENTATION_CONTEXT ( 3 ) GLOBAL_UNCERTAINTY_ASSIGNED_CONTEXT ( ( #6145 ) ) GLOBAL_UNIT_ASSIGNED_CONTEXT ( ( #5076, #101, #5025 ) ) REPRESENTATION_CONTEXT ( 'NONE', 'WORKASPACE' ) );
#3300 = SURFACE_STYLE_USAGE ( .BOTH. , #1058 ) ;
#3301 = VERTEX_POINT ( 'NONE', #7072 ) ;
#3302 = ADVANCED_FACE ( 'NONE', ( #568 ), #9169, .F. ) ;
#3303 = MECHANICAL_DESIGN_GEOMETRIC_PRESENTATION_REPRESENTATION (  '', ( #5942 ), #3901 ) ;
#3304 =( LENGTH_UNIT ( ) NAMED_UNIT ( * ) SI_UNIT ( .MILLI., .METRE. ) );
#3305 = SURFACE_STYLE_USAGE ( .BOTH. , #2540 ) ;
#3306 = STYLED_ITEM ( 'NONE', ( #3007 ), #1960 ) ;
#3307 = ORIENTED_EDGE ( 'NONE', *, *, #5420, .T. ) ;
#3308 = SURFACE_STYLE_USAGE ( .BOTH. , #1890 ) ;
#3309 = LINE ( 'NONE', #1798, #8445 ) ;
#3310 = MECHANICAL_DESIGN_GEOMETRIC_PRESENTATION_REPRESENTATION (  '', ( #2436 ), #2150 ) ;
#3311 = VERTEX_POINT ( 'NONE', #4854 ) ;
#3312 = ORIENTED_EDGE ( 'NONE', *, *, #8027, .F. ) ;
#3313 = ORIENTED_EDGE ( 'NONE', *, *, #6097, .T. ) ;
#3314 = COLOUR_RGB ( '',1.000000000000000000, 1.000000000000000000, 1.000000000000000000 ) ;
#3315 = DIRECTION ( 'NONE',  ( -1.000000000000000000, 0.0000000000000000000, 0.0000000000000000000 ) ) ;
#3316 = DIRECTION ( 'NONE',  ( 0.0000000000000000000, 0.0000000000000000000, -1.000000000000000000 ) ) ;
#3317 = FILL_AREA_STYLE_COLOUR ( '', #762 ) ;
#3318 = COLOUR_RGB ( '',1.000000000000000000, 1.000000000000000000, 1.000000000000000000 ) ;
#3319 = CARTESIAN_POINT ( 'NONE',  ( 2.000000000000000000, 0.2025000000000000133, -0.3650000000000001577 ) ) ;
#3320 = UNCERTAINTY_MEASURE_WITH_UNIT (LENGTH_MEASURE( 1.000000000000000082E-05 ), #6857, 'distance_accuracy_value', 'NONE');
#3321 = DIRECTION ( 'NONE',  ( 0.0000000000000000000, 1.000000000000000000, 0.0000000000000000000 ) ) ;
#3322 = PRESENTATION_STYLE_ASSIGNMENT (( #548 ) ) ;
#3323 = VECTOR ( 'NONE', #2146, 1000.000000000000000 ) ;
#3324 = EDGE_LOOP ( 'NONE', ( #4952, #1461, #1402, #6410 ) ) ;
#3325 = SURFACE_STYLE_FILL_AREA ( #4711 ) ;
#3326 = ORIENTED_EDGE ( 'NONE', *, *, #300, .T. ) ;
#3327 = CARTESIAN_POINT ( 'NONE',  ( 0.6350000000000004530, 0.002500000000000001787, -1.600000000000000089 ) ) ;
#3328 = DIRECTION ( 'NONE',  ( 1.000000000000000000, -0.0000000000000000000, -0.0000000000000000000 ) ) ;
#3329 = LINE ( 'NONE', #6042, #4238 ) ;
#3330 = VECTOR ( 'NONE', #3199, 1000.000000000000000 ) ;
#3331 = SURFACE_STYLE_USAGE ( .BOTH. , #3507 ) ;
#3332 =( NAMED_UNIT ( * ) SI_UNIT ( $, .STERADIAN. ) SOLID_ANGLE_UNIT ( ) );
#3333 = MECHANICAL_DESIGN_GEOMETRIC_PRESENTATION_REPRESENTATION (  '', ( #2891 ), #4672 ) ;
#3334 = FILL_AREA_STYLE ('',( #9068 ) ) ;
#3335 = MECHANICAL_DESIGN_GEOMETRIC_PRESENTATION_REPRESENTATION (  '', ( #2605 ), #5238 ) ;
#3336 = CARTESIAN_POINT ( 'NONE',  ( 2.000000000000000000, 0.002500000000000000052, -0.3649999999999999911 ) ) ;
#3337 = COLOUR_RGB ( '',1.000000000000000000, 1.000000000000000000, 1.000000000000000000 ) ;
#3338 = EDGE_LOOP ( 'NONE', ( #3607, #5131, #2214, #1219 ) ) ;
#3339 = MECHANICAL_DESIGN_GEOMETRIC_PRESENTATION_REPRESENTATION (  '', ( #3472 ), #4498 ) ;
#3340 = CARTESIAN_POINT ( 'NONE',  ( -2.000000000000000000, 0.0000000000000000000, -1.135000000000000009 ) ) ;
#3341 = EDGE_CURVE ( 'NONE', #3159, #5544, #4204, .T. ) ;
#3342 = PRESENTATION_STYLE_ASSIGNMENT (( #1870 ) ) ;
#3343 = PRESENTATION_LAYER_ASSIGNMENT (  '', '', ( #7310 ) ) ;
#3344 = MECHANICAL_DESIGN_GEOMETRIC_PRESENTATION_REPRESENTATION (  '', ( #3785 ), #3762 ) ;
#3345 = CARTESIAN_POINT ( 'NONE',  ( -1.250000000000000000, 0.0005000000000000003357, -1.250000000000000000 ) ) ;
#3346 = VECTOR ( 'NONE', #700, 1000.000000000000000 ) ;
#3347 = EDGE_CURVE ( 'NONE', #1400, #5990, #6571, .T. ) ;
#3348 = ORIENTED_EDGE ( 'NONE', *, *, #8057, .T. ) ;
#3349 = PRESENTATION_LAYER_ASSIGNMENT (  '', '', ( #6749 ) ) ;
#3350 = LINE ( 'NONE', #2013, #8224 ) ;
#3351 = EDGE_CURVE ( 'NONE', #3265, #317, #6379, .T. ) ;
#3352 = DIRECTION ( 'NONE',  ( 0.0000000000000000000, -1.000000000000000000, 0.0000000000000000000 ) ) ;
#3353 = VECTOR ( 'NONE', #8233, 1000.000000000000000 ) ;
#3354 = STYLED_ITEM ( 'NONE', ( #854 ), #3647 ) ;
#3355 = CARTESIAN_POINT ( 'NONE',  ( -2.001999999999999780, 0.2025000000000000133, 0.8649999999999998801 ) ) ;
#3356 = ORIENTED_EDGE ( 'NONE', *, *, #5829, .T. ) ;
#3357 =( NAMED_UNIT ( * ) PLANE_ANGLE_UNIT ( ) SI_UNIT ( $, .RADIAN. ) );
#3358 = FILL_AREA_STYLE_COLOUR ( '', #158 ) ;
#3359 = EDGE_CURVE ( 'NONE', #257, #9058, #7862, .T. ) ;
#3360 = EDGE_LOOP ( 'NONE', ( #960, #5851, #2404, #2462 ) ) ;
#3361 = ORIENTED_EDGE ( 'NONE', *, *, #5996, .F. ) ;
#3362 = EDGE_CURVE ( 'NONE', #2225, #5711, #2205, .T. ) ;
#3363 = ORIENTED_EDGE ( 'NONE', *, *, #8684, .F. ) ;
#3364 = AXIS2_PLACEMENT_3D ( 'NONE', #4400, #7776, #8564 ) ;
#3365 = DIRECTION ( 'NONE',  ( 1.000000000000000000, 0.0000000000000000000, 0.0000000000000000000 ) ) ;
#3366 = CARTESIAN_POINT ( 'NONE',  ( 2.000000000000000000, 0.002500000000000000052, 1.135000000000000231 ) ) ;
#3367 = SURFACE_SIDE_STYLE ('',( #1981 ) ) ;
#3368 = VECTOR ( 'NONE', #8833, 1000.000000000000000 ) ;
#3369 = DIRECTION ( 'NONE',  ( 0.0000000000000000000, -0.0000000000000000000, 1.000000000000000000 ) ) ;
#3370 = PLANE ( 'NONE',  #2461 ) ;
#3371 = CARTESIAN_POINT ( 'NONE',  ( -2.000000000000000000, 0.002500000000000000052, 0.6350000000000000089 ) ) ;
#3372 = DIRECTION ( 'NONE',  ( 0.0000000000000000000, 0.0000000000000000000, 1.000000000000000000 ) ) ;
#3373 = ORIENTED_EDGE ( 'NONE', *, *, #4311, .T. ) ;
#3374 = ADVANCED_FACE ( 'NONE', ( #4992 ), #3562, .F. ) ;
#3375 = VERTEX_POINT ( 'NONE', #2385 ) ;
#3376 =( GEOMETRIC_REPRESENTATION_CONTEXT ( 3 ) GLOBAL_UNCERTAINTY_ASSIGNED_CONTEXT ( ( #1673 ) ) GLOBAL_UNIT_ASSIGNED_CONTEXT ( ( #3995, #5277, #8320 ) ) REPRESENTATION_CONTEXT ( 'NONE', 'WORKASPACE' ) );
#3377 = CARTESIAN_POINT ( 'NONE',  ( -0.6349999999999995648, 0.1999999999999999833, 2.001999999999999780 ) ) ;
#3378 = UNCERTAINTY_MEASURE_WITH_UNIT (LENGTH_MEASURE( 1.000000000000000082E-05 ), #6781, 'distance_accuracy_value', 'NONE');
#3379 = CARTESIAN_POINT ( 'NONE',  ( 2.000000000000000000, 0.002500000000000000052, -2.000000000000000000 ) ) ;
#3380 = ORIENTED_EDGE ( 'NONE', *, *, #2465, .F. ) ;
#3381 = CARTESIAN_POINT ( 'NONE',  ( -1.364999999999999769, 0.1999999999999999556, -2.001999999999999780 ) ) ;
#3382 = PLANE ( 'NONE',  #61 ) ;
#3383 = SURFACE_STYLE_USAGE ( .BOTH. , #4845 ) ;
#3384 = COLOUR_RGB ( '',1.000000000000000000, 1.000000000000000000, 1.000000000000000000 ) ;
#3385 = LINE ( 'NONE', #2781, #181 ) ;
#3386 = PLANE ( 'NONE',  #5484 ) ;
#3387 = COLOUR_RGB ( '',1.000000000000000000, 1.000000000000000000, 1.000000000000000000 ) ;
#3388 = EDGE_LOOP ( 'NONE', ( #6840, #8483, #6457, #5667 ) ) ;
#3389 = LINE ( 'NONE', #6898, #2476 ) ;
#3390 = VECTOR ( 'NONE', #303, 1000.000000000000000 ) ;
#3391 = AXIS2_PLACEMENT_3D ( 'NONE', #8129, #5292, #5932 ) ;
#3392 = EDGE_CURVE ( 'NONE', #86, #3407, #201, .T. ) ;
#3393 =( NAMED_UNIT ( * ) PLANE_ANGLE_UNIT ( ) SI_UNIT ( $, .RADIAN. ) );
#3394 = ORIENTED_EDGE ( 'NONE', *, *, #7415, .T. ) ;
#3395 = FILL_AREA_STYLE_COLOUR ( '', #3037 ) ;
#3396 = VERTEX_POINT ( 'NONE', #4337 ) ;
#3397 = PLANE ( 'NONE',  #8214 ) ;
#3398 = EDGE_LOOP ( 'NONE', ( #923, #6103, #1180, #6108 ) ) ;
#3399 = ORIENTED_EDGE ( 'NONE', *, *, #9138, .T. ) ;
#3400 = LINE ( 'NONE', #7084, #6226 ) ;
#3401 = DIRECTION ( 'NONE',  ( 0.0000000000000000000, -0.0000000000000000000, -1.000000000000000000 ) ) ;
#3402 = DIRECTION ( 'NONE',  ( 0.0000000000000000000, 0.0000000000000000000, -1.000000000000000000 ) ) ;
#3403 = EDGE_CURVE ( 'NONE', #4567, #428, #5867, .T. ) ;
#3404 = SURFACE_STYLE_FILL_AREA ( #7472 ) ;
#3405 = EDGE_CURVE ( 'NONE', #528, #2574, #1689, .T. ) ;
#3406 = LINE ( 'NONE', #1144, #7627 ) ;
#3407 = VERTEX_POINT ( 'NONE', #154 ) ;
#3408 = SURFACE_STYLE_USAGE ( .BOTH. , #552 ) ;
#3409 = ORIENTED_EDGE ( 'NONE', *, *, #2123, .F. ) ;
#3410 = PRESENTATION_STYLE_ASSIGNMENT (( #8484 ) ) ;
#3411 = CARTESIAN_POINT ( 'NONE',  ( -0.8649999999999995470, -2.975525575834778034E-18, -1.600000000000000089 ) ) ;
#3412 = FILL_AREA_STYLE ('',( #3281 ) ) ;
#3413 = CARTESIAN_POINT ( 'NONE',  ( 0.8650000000000004352, 0.2000000000000000389, 2.001999999999999780 ) ) ;
#3414 =( NAMED_UNIT ( * ) SI_UNIT ( $, .STERADIAN. ) SOLID_ANGLE_UNIT ( ) );
#3415 = LINE ( 'NONE', #1826, #6574 ) ;
#3416 = MECHANICAL_DESIGN_GEOMETRIC_PRESENTATION_REPRESENTATION (  '', ( #3863 ), #135 ) ;
#3417 = SURFACE_STYLE_USAGE ( .BOTH. , #6176 ) ;
#3418 = DIRECTION ( 'NONE',  ( -0.0000000000000000000, -0.0000000000000000000, -1.000000000000000000 ) ) ;
#3419 = FILL_AREA_STYLE ('',( #8317 ) ) ;
#3420 = VECTOR ( 'NONE', #5402, 1000.000000000000000 ) ;
#3421 = COLOUR_RGB ( '',1.000000000000000000, 1.000000000000000000, 1.000000000000000000 ) ;
#3422 = DIRECTION ( 'NONE',  ( -1.000000000000000000, -0.0000000000000000000, 4.065758146820642614E-16 ) ) ;
#3423 = FILL_AREA_STYLE ('',( #6933 ) ) ;
#3424 = DIRECTION ( 'NONE',  ( -0.0000000000000000000, 0.0000000000000000000, 1.000000000000000000 ) ) ;
#3425 = VECTOR ( 'NONE', #335, 1000.000000000000000 ) ;
#3426 = SURFACE_STYLE_FILL_AREA ( #3524 ) ;
#3427 = ORIENTED_EDGE ( 'NONE', *, *, #9124, .F. ) ;
#3428 = DIRECTION ( 'NONE',  ( 0.0000000000000000000, 0.0000000000000000000, 1.000000000000000000 ) ) ;
#3429 = CARTESIAN_POINT ( 'NONE',  ( -0.8649999999999996581, -2.975525575834778034E-18, -2.000000000000000000 ) ) ;
#3430 = VECTOR ( 'NONE', #8928, 1000.000000000000000 ) ;
#3431 = VECTOR ( 'NONE', #4827, 1000.000000000000000 ) ;
#3432 = CARTESIAN_POINT ( 'NONE',  ( 2.001999999999999780, 0.2025000000000000133, -0.6350000000000001199 ) ) ;
#3433 = PLANE ( 'NONE',  #5522 ) ;
#3434 = VECTOR ( 'NONE', #4028, 1000.000000000000000 ) ;
#3435 = FILL_AREA_STYLE ('',( #2625 ) ) ;
#3436 = EDGE_LOOP ( 'NONE', ( #7039, #7477, #1394, #4775, #7389, #1651 ) ) ;
#3437 = STYLED_ITEM ( 'NONE', ( #3756 ), #1727 ) ;
#3438 = DIRECTION ( 'NONE',  ( 0.0000000000000000000, 0.0000000000000000000, -1.000000000000000000 ) ) ;
#3439 = ORIENTED_EDGE ( 'NONE', *, *, #5978, .T. ) ;
#3440 = PLANE ( 'NONE',  #2014 ) ;
#3441 = EDGE_CURVE ( 'NONE', #6951, #5098, #7256, .T. ) ;
#3442 = ORIENTED_EDGE ( 'NONE', *, *, #8674, .F. ) ;
#3443 = CARTESIAN_POINT ( 'NONE',  ( 0.6350000000000003419, 0.002500000000000001787, -2.000000000000000000 ) ) ;
#3444 = COLOUR_RGB ( '',1.000000000000000000, 1.000000000000000000, 1.000000000000000000 ) ;
#3445 =( NAMED_UNIT ( * ) PLANE_ANGLE_UNIT ( ) SI_UNIT ( $, .RADIAN. ) );
#3446 = CARTESIAN_POINT ( 'NONE',  ( 2.000000000000000000, 0.002500000000000000052, 0.3649999999999998801 ) ) ;
#3447 = FACE_OUTER_BOUND ( 'NONE', #106, .T. ) ;
#3448 = PRESENTATION_LAYER_ASSIGNMENT (  '', '', ( #6980 ) ) ;
#3449 = VERTEX_POINT ( 'NONE', #7960 ) ;
#3450 = ORIENTED_EDGE ( 'NONE', *, *, #5318, .T. ) ;
#3451 = PRESENTATION_LAYER_ASSIGNMENT (  '', '', ( #2295 ) ) ;
#3452 = EDGE_CURVE ( 'NONE', #1740, #53, #5714, .T. ) ;
#3453 = ORIENTED_EDGE ( 'NONE', *, *, #1839, .T. ) ;
#3454 = CARTESIAN_POINT ( 'NONE',  ( 0.1350000000000004530, 0.0000000000000000000, 1.600000000000000089 ) ) ;
#3455 = DIRECTION ( 'NONE',  ( 0.0000000000000000000, -0.0000000000000000000, 1.000000000000000000 ) ) ;
#3456 = ADVANCED_FACE ( 'NONE', ( #13 ), #1641, .F. ) ;
#3457 = PRESENTATION_STYLE_ASSIGNMENT (( #5064 ) ) ;
#3458 = DIRECTION ( 'NONE',  ( 0.0000000000000000000, -1.000000000000000000, 0.0000000000000000000 ) ) ;
#3459 = PLANE ( 'NONE',  #6563 ) ;
#3460 = VECTOR ( 'NONE', #6646, 1000.000000000000000 ) ;
#3461 = CARTESIAN_POINT ( 'NONE',  ( 2.000000000000000000, 0.002500000000000000052, -1.364999999999999991 ) ) ;
#3462 = VECTOR ( 'NONE', #3594, 1000.000000000000000 ) ;
#3463 =( NAMED_UNIT ( * ) SI_UNIT ( $, .STERADIAN. ) SOLID_ANGLE_UNIT ( ) );
#3464 = MECHANICAL_DESIGN_GEOMETRIC_PRESENTATION_REPRESENTATION (  '', ( #8047 ), #1705 ) ;
#3465 = ORIENTED_EDGE ( 'NONE', *, *, #2286, .F. ) ;
#3466 = EDGE_CURVE ( 'NONE', #2667, #63, #1007, .T. ) ;
#3467 = EDGE_CURVE ( 'NONE', #3301, #5905, #3195, .T. ) ;
#3468 = DIRECTION ( 'NONE',  ( -0.0000000000000000000, -1.000000000000000000, -0.0000000000000000000 ) ) ;
#3469 = VECTOR ( 'NONE', #6468, 1000.000000000000000 ) ;
#3470 = PRESENTATION_LAYER_ASSIGNMENT (  '', '', ( #2605 ) ) ;
#3471 = SURFACE_SIDE_STYLE ('',( #4153 ) ) ;
#3472 = STYLED_ITEM ( 'NONE', ( #1707 ), #2929 ) ;
#3473 = ORIENTED_EDGE ( 'NONE', *, *, #7866, .F. ) ;
#3474 =( GEOMETRIC_REPRESENTATION_CONTEXT ( 3 ) GLOBAL_UNCERTAINTY_ASSIGNED_CONTEXT ( ( #3290 ) ) GLOBAL_UNIT_ASSIGNED_CONTEXT ( ( #8475, #6403, #5554 ) ) REPRESENTATION_CONTEXT ( 'NONE', 'WORKASPACE' ) );
#3475 = EDGE_CURVE ( 'NONE', #5624, #1462, #8855, .T. ) ;
#3476 = MECHANICAL_DESIGN_GEOMETRIC_PRESENTATION_REPRESENTATION (  '', ( #7905 ), #5666 ) ;
#3477 = VERTEX_POINT ( 'NONE', #3138 ) ;
#3478 = LINE ( 'NONE', #8324, #7313 ) ;
#3479 = AXIS2_PLACEMENT_3D ( 'NONE', #8418, #7684, #2110 ) ;
#3480 = CARTESIAN_POINT ( 'NONE',  ( 0.6350000000000004530, 0.002500000000000015231, 1.600000000000000089 ) ) ;
#3481 = DIRECTION ( 'NONE',  ( -1.000000000000000000, 0.0000000000000000000, -0.0000000000000000000 ) ) ;
#3482 = COLOUR_RGB ( '',1.000000000000000000, 1.000000000000000000, 1.000000000000000000 ) ;
#3483 = FILL_AREA_STYLE ('',( #5577 ) ) ;
#3484 = CARTESIAN_POINT ( 'NONE',  ( 2.000000000000000000, 0.9000000000000000222, -2.000000000000000000 ) ) ;
#3485 = UNCERTAINTY_MEASURE_WITH_UNIT (LENGTH_MEASURE( 1.000000000000000082E-05 ), #5780, 'distance_accuracy_value', 'NONE');
#3486 = VECTOR ( 'NONE', #2977, 1000.000000000000000 ) ;
#3487 = ORIENTED_EDGE ( 'NONE', *, *, #4583, .F. ) ;
#3488 = SURFACE_STYLE_USAGE ( .BOTH. , #4164 ) ;
#3489 = EDGE_LOOP ( 'NONE', ( #4554, #5811, #3968, #3728 ) ) ;
#3490 = FILL_AREA_STYLE ('',( #622 ) ) ;
#3491 = PRESENTATION_LAYER_ASSIGNMENT (  '', '', ( #1122 ) ) ;
#3492 = VERTEX_POINT ( 'NONE', #3852 ) ;
#3493 = DIRECTION ( 'NONE',  ( -1.000000000000000000, -0.0000000000000000000, 4.065758146820642614E-16 ) ) ;
#3494 =( GEOMETRIC_REPRESENTATION_CONTEXT ( 3 ) GLOBAL_UNCERTAINTY_ASSIGNED_CONTEXT ( ( #6054 ) ) GLOBAL_UNIT_ASSIGNED_CONTEXT ( ( #4330, #8497, #7807 ) ) REPRESENTATION_CONTEXT ( 'NONE', 'WORKASPACE' ) );
#3495 = CARTESIAN_POINT ( 'NONE',  ( -0.8649999999999996581, -2.980301110709575655E-17, 2.000000000000000000 ) ) ;
#3496 = VECTOR ( 'NONE', #7520, 1000.000000000000000 ) ;
#3497 = DIRECTION ( 'NONE',  ( 1.000000000000000000, 0.0000000000000000000, 0.0000000000000000000 ) ) ;
#3498 =( NAMED_UNIT ( * ) PLANE_ANGLE_UNIT ( ) SI_UNIT ( $, .RADIAN. ) );
#3499 = EDGE_LOOP ( 'NONE', ( #4799, #3882, #1316, #574 ) ) ;
#3500 = STYLED_ITEM ( 'NONE', ( #692 ), #4641 ) ;
#3501 = ORIENTED_EDGE ( 'NONE', *, *, #1019, .T. ) ;
#3502 = CARTESIAN_POINT ( 'NONE',  ( 2.001999999999999780, 0.2025000000000000133, -0.1350000000000001477 ) ) ;
#3503 = ORIENTED_EDGE ( 'NONE', *, *, #1524, .F. ) ;
#3504 = LINE ( 'NONE', #42, #5767 ) ;
#3505 = CARTESIAN_POINT ( 'NONE',  ( 1.135000000000000675, 2.975525575834778034E-18, -1.600000000000000089 ) ) ;
#3506 = MECHANICAL_DESIGN_GEOMETRIC_PRESENTATION_REPRESENTATION (  '', ( #8083 ), #3653 ) ;
#3507 = SURFACE_SIDE_STYLE ('',( #9064 ) ) ;
#3508 = COLOUR_RGB ( '',1.000000000000000000, 1.000000000000000000, 1.000000000000000000 ) ;
#3509 = FILL_AREA_STYLE ('',( #5563 ) ) ;
#3510 = EDGE_CURVE ( 'NONE', #7267, #8544, #4677, .T. ) ;
#3511 = EDGE_CURVE ( 'NONE', #5109, #257, #1781, .T. ) ;
#3512 = VECTOR ( 'NONE', #2646, 1000.000000000000000 ) ;
#3513 = EDGE_CURVE ( 'NONE', #2777, #4879, #8892, .T. ) ;
#3514 = FILL_AREA_STYLE_COLOUR ( '', #5331 ) ;
#3515 = VERTEX_POINT ( 'NONE', #5405 ) ;
#3516 = SURFACE_STYLE_FILL_AREA ( #5477 ) ;
#3517 = STYLED_ITEM ( 'NONE', ( #1528 ), #4967 ) ;
#3518 = DIRECTION ( 'NONE',  ( 0.0000000000000000000, -0.0000000000000000000, -1.000000000000000000 ) ) ;
#3519 = CARTESIAN_POINT ( 'NONE',  ( 2.000000000000000000, 0.0000000000000000000, -0.8649999999999999911 ) ) ;
#3520 = LINE ( 'NONE', #4247, #8493 ) ;
#3521 = ADVANCED_FACE ( 'NONE', ( #2526 ), #6085, .T. ) ;
#3522 =( NAMED_UNIT ( * ) PLANE_ANGLE_UNIT ( ) SI_UNIT ( $, .RADIAN. ) );
#3523 = VECTOR ( 'NONE', #6365, 1000.000000000000000 ) ;
#3524 = FILL_AREA_STYLE ('',( #4083 ) ) ;
#3525 = ORIENTED_EDGE ( 'NONE', *, *, #727, .F. ) ;
#3526 = DIRECTION ( 'NONE',  ( 2.710505431213761578E-16, 0.0000000000000000000, -1.000000000000000000 ) ) ;
#3527 = FILL_AREA_STYLE_COLOUR ( '', #426 ) ;
#3528 = FACE_OUTER_BOUND ( 'NONE', #7712, .T. ) ;
#3529 = EDGE_CURVE ( 'NONE', #3952, #240, #3991, .T. ) ;
#3530 = DIRECTION ( 'NONE',  ( 0.0000000000000000000, 0.0000000000000000000, -1.000000000000000000 ) ) ;
#3531 = DIRECTION ( 'NONE',  ( 0.0000000000000000000, 0.0000000000000000000, -1.000000000000000000 ) ) ;
#3532 = PLANE ( 'NONE',  #3537 ) ;
#3533 = ORIENTED_EDGE ( 'NONE', *, *, #3752, .F. ) ;
#3534 = SURFACE_STYLE_FILL_AREA ( #4905 ) ;
#3535 = ORIENTED_EDGE ( 'NONE', *, *, #6645, .F. ) ;
#3536 = ORIENTED_EDGE ( 'NONE', *, *, #3240, .T. ) ;
#3537 = AXIS2_PLACEMENT_3D ( 'NONE', #7122, #7823, #4208 ) ;
#3538 = ORIENTED_EDGE ( 'NONE', *, *, #4804, .F. ) ;
#3539 = DIRECTION ( 'NONE',  ( -1.000000000000000000, 0.0000000000000000000, 0.0000000000000000000 ) ) ;
#3540 = DIRECTION ( 'NONE',  ( 2.710505431213761578E-16, 0.0000000000000000000, 1.000000000000000000 ) ) ;
#3541 = DIRECTION ( 'NONE',  ( -2.710505431213761578E-16, 0.0000000000000000000, -1.000000000000000000 ) ) ;
#3542 = SURFACE_STYLE_FILL_AREA ( #686 ) ;
#3543 =( NAMED_UNIT ( * ) SI_UNIT ( $, .STERADIAN. ) SOLID_ANGLE_UNIT ( ) );
#3544 = ORIENTED_EDGE ( 'NONE', *, *, #8286, .T. ) ;
#3545 = ORIENTED_EDGE ( 'NONE', *, *, #1312, .F. ) ;
#3546 = LINE ( 'NONE', #4878, #9076 ) ;
#3547 = ORIENTED_EDGE ( 'NONE', *, *, #1208, .T. ) ;
#3548 =( LENGTH_UNIT ( ) NAMED_UNIT ( * ) SI_UNIT ( .MILLI., .METRE. ) );
#3549 = CARTESIAN_POINT ( 'NONE',  ( 2.000000000000000000, 0.0000000000000000000, 1.365000000000000213 ) ) ;
#3550 = LINE ( 'NONE', #849, #3523 ) ;
#3551 = UNCERTAINTY_MEASURE_WITH_UNIT (LENGTH_MEASURE( 1.000000000000000082E-05 ), #8594, 'distance_accuracy_value', 'NONE');
#3552 = DIRECTION ( 'NONE',  ( 1.000000000000000000, 0.0000000000000000000, 4.065758146820642614E-16 ) ) ;
#3553 = VERTEX_POINT ( 'NONE', #6842 ) ;
#3554 = CARTESIAN_POINT ( 'NONE',  ( 2.001999999999999780, 0.2025000000000000133, 0.8649999999999998801 ) ) ;
#3555 = DIRECTION ( 'NONE',  ( 0.0000000000000000000, 0.0000000000000000000, -1.000000000000000000 ) ) ;
#3556 = PLANE ( 'NONE',  #2313 ) ;
#3557 = COLOUR_RGB ( '',1.000000000000000000, 1.000000000000000000, 1.000000000000000000 ) ;
#3558 = CARTESIAN_POINT ( 'NONE',  ( 1.000000000000000000, 0.0005000000000000003357, 1.250000000000000000 ) ) ;
#3559 = CARTESIAN_POINT ( 'NONE',  ( -0.6349999999999995648, 0.1999999999999999833, -2.001999999999999780 ) ) ;
#3560 = ORIENTED_EDGE ( 'NONE', *, *, #9181, .F. ) ;
#3561 = SURFACE_STYLE_FILL_AREA ( #7816 ) ;
#3562 = PLANE ( 'NONE',  #5833 ) ;
#3563 = ORIENTED_EDGE ( 'NONE', *, *, #1776, .F. ) ;
#3564 =( LENGTH_UNIT ( ) NAMED_UNIT ( * ) SI_UNIT ( .MILLI., .METRE. ) );
#3565 = EDGE_CURVE ( 'NONE', #8389, #640, #6225, .T. ) ;
#3566 = EDGE_CURVE ( 'NONE', #6157, #6644, #2143, .T. ) ;
#3567 = CARTESIAN_POINT ( 'NONE',  ( -2.000000000000000000, 0.9000000000000000222, -2.000000000000000000 ) ) ;
#3568 = SURFACE_STYLE_USAGE ( .BOTH. , #8562 ) ;
#3569 =( GEOMETRIC_REPRESENTATION_CONTEXT ( 3 ) GLOBAL_UNCERTAINTY_ASSIGNED_CONTEXT ( ( #2090 ) ) GLOBAL_UNIT_ASSIGNED_CONTEXT ( ( #5474, #2192, #3463 ) ) REPRESENTATION_CONTEXT ( 'NONE', 'WORKASPACE' ) );
#3570 = CARTESIAN_POINT ( 'NONE',  ( -1.600000000000000089, 0.002500000000000000052, -1.365000000000000213 ) ) ;
#3571 =( LENGTH_UNIT ( ) NAMED_UNIT ( * ) SI_UNIT ( .MILLI., .METRE. ) );
#3572 = CARTESIAN_POINT ( 'NONE',  ( 0.8650000000000004352, 1.487762787917389017E-18, -2.000000000000000000 ) ) ;
#3573 = ORIENTED_EDGE ( 'NONE', *, *, #7691, .T. ) ;
#3574 = LINE ( 'NONE', #7828, #8063 ) ;
#3575 = ORIENTED_EDGE ( 'NONE', *, *, #636, .F. ) ;
#3576 = EDGE_CURVE ( 'NONE', #669, #6481, #7628, .T. ) ;
#3577 = CARTESIAN_POINT ( 'NONE',  ( -1.600000000000000089, 0.0000000000000000000, -0.8650000000000001021 ) ) ;
#3578 = PRESENTATION_LAYER_ASSIGNMENT (  '', '', ( #7563 ) ) ;
#3579 =( NAMED_UNIT ( * ) PLANE_ANGLE_UNIT ( ) SI_UNIT ( $, .RADIAN. ) );
#3580 = PRESENTATION_STYLE_ASSIGNMENT (( #585 ) ) ;
#3581 = LINE ( 'NONE', #5732, #7455 ) ;
#3582 = MECHANICAL_DESIGN_GEOMETRIC_PRESENTATION_REPRESENTATION (  '', ( #2423 ), #6688 ) ;
#3583 = DIRECTION ( 'NONE',  ( 0.0000000000000000000, 0.0000000000000000000, -1.000000000000000000 ) ) ;
#3584 = CARTESIAN_POINT ( 'NONE',  ( -0.3649999999999996581, 0.002500000000000000052, -2.000000000000000000 ) ) ;
#3585 = ORIENTED_EDGE ( 'NONE', *, *, #7362, .F. ) ;
#3586 = CARTESIAN_POINT ( 'NONE',  ( -2.001999999999999780, 0.002500000000000000052, 1.364999999999999991 ) ) ;
#3587 = VERTEX_POINT ( 'NONE', #9071 ) ;
#3588 = ORIENTED_EDGE ( 'NONE', *, *, #3229, .F. ) ;
#3589 = SURFACE_SIDE_STYLE ('',( #5640 ) ) ;
#3590 = COLOUR_RGB ( '',1.000000000000000000, 1.000000000000000000, 1.000000000000000000 ) ;
#3591 = DIRECTION ( 'NONE',  ( 0.0000000000000000000, 1.000000000000000000, 0.0000000000000000000 ) ) ;
#3592 = DIRECTION ( 'NONE',  ( -0.0000000000000000000, -1.000000000000000000, -0.0000000000000000000 ) ) ;
#3593 = COLOUR_RGB ( '',1.000000000000000000, 1.000000000000000000, 1.000000000000000000 ) ;
#3594 = DIRECTION ( 'NONE',  ( 1.000000000000000000, 0.0000000000000000000, 0.0000000000000000000 ) ) ;
#3595 = SURFACE_SIDE_STYLE ('',( #744 ) ) ;
#3596 = LINE ( 'NONE', #2920, #8356 ) ;
#3597 = PLANE ( 'NONE',  #4547 ) ;
#3598 = STYLED_ITEM ( 'NONE', ( #5302 ), #2000 ) ;
#3599 = ORIENTED_EDGE ( 'NONE', *, *, #4714, .T. ) ;
#3600 =( NAMED_UNIT ( * ) SI_UNIT ( $, .STERADIAN. ) SOLID_ANGLE_UNIT ( ) );
#3601 = SURFACE_SIDE_STYLE ('',( #8697 ) ) ;
#3602 = MECHANICAL_DESIGN_GEOMETRIC_PRESENTATION_REPRESENTATION (  '', ( #5494 ), #1539 ) ;
#3603 = FILL_AREA_STYLE_COLOUR ( '', #7903 ) ;
#3604 = DIRECTION ( 'NONE',  ( -0.0000000000000000000, -0.0000000000000000000, 1.000000000000000000 ) ) ;
#3605 = STYLED_ITEM ( 'NONE', ( #244 ), #6809 ) ;
#3606 =( GEOMETRIC_REPRESENTATION_CONTEXT ( 3 ) GLOBAL_UNCERTAINTY_ASSIGNED_CONTEXT ( ( #2204 ) ) GLOBAL_UNIT_ASSIGNED_CONTEXT ( ( #5139, #2300, #4584 ) ) REPRESENTATION_CONTEXT ( 'NONE', 'WORKASPACE' ) );
#3607 = ORIENTED_EDGE ( 'NONE', *, *, #7589, .T. ) ;
#3608 = EDGE_CURVE ( 'NONE', #2547, #3148, #9119, .T. ) ;
#3609 = FILL_AREA_STYLE ('',( #3358 ) ) ;
#3610 = CARTESIAN_POINT ( 'NONE',  ( 2.001999999999999780, 0.2025000000000000133, 1.364999999999999991 ) ) ;
#3611 = ORIENTED_EDGE ( 'NONE', *, *, #51, .F. ) ;
#3612 = DIRECTION ( 'NONE',  ( 0.0000000000000000000, -0.0000000000000000000, -1.000000000000000000 ) ) ;
#3613 = VECTOR ( 'NONE', #8880, 1000.000000000000000 ) ;
#3614 = FILL_AREA_STYLE_COLOUR ( '', #4488 ) ;
#3615 = FILL_AREA_STYLE_COLOUR ( '', #1733 ) ;
#3616 = DIRECTION ( 'NONE',  ( 0.0000000000000000000, 0.0000000000000000000, -1.000000000000000000 ) ) ;
#3617 = ADVANCED_FACE ( 'NONE', ( #8399 ), #7015, .T. ) ;
#3618 = EDGE_CURVE ( 'NONE', #7914, #2586, #604, .T. ) ;
#3619 =( GEOMETRIC_REPRESENTATION_CONTEXT ( 3 ) GLOBAL_UNCERTAINTY_ASSIGNED_CONTEXT ( ( #2831 ) ) GLOBAL_UNIT_ASSIGNED_CONTEXT ( ( #1321, #504, #6871 ) ) REPRESENTATION_CONTEXT ( 'NONE', 'WORKASPACE' ) );
#3620 = CARTESIAN_POINT ( 'NONE',  ( -2.000000000000000000, 0.0000000000000000000, -1.135000000000000009 ) ) ;
#3621 = ORIENTED_EDGE ( 'NONE', *, *, #3012, .T. ) ;
#3622 = CARTESIAN_POINT ( 'NONE',  ( -2.001999999999999780, 0.2025000000000000133, -1.365000000000000213 ) ) ;
#3623 = AXIS2_PLACEMENT_3D ( 'NONE', #5044, #3028, #2985 ) ;
#3624 = VERTEX_POINT ( 'NONE', #8447 ) ;
#3625 = ORIENTED_EDGE ( 'NONE', *, *, #5087, .F. ) ;
#3626 = LINE ( 'NONE', #2116, #7895 ) ;
#3627 =( NAMED_UNIT ( * ) PLANE_ANGLE_UNIT ( ) SI_UNIT ( $, .RADIAN. ) );
#3628 = COLOUR_RGB ( '',1.000000000000000000, 1.000000000000000000, 1.000000000000000000 ) ;
#3629 = LINE ( 'NONE', #6455, #2487 ) ;
#3630 = EDGE_CURVE ( 'NONE', #8270, #3754, #1245, .T. ) ;
#3631 = VERTEX_POINT ( 'NONE', #4074 ) ;
#3632 = AXIS2_PLACEMENT_3D ( 'NONE', #1477, #8441, #50 ) ;
#3633 = ADVANCED_FACE ( 'NONE', ( #6887 ), #3382, .F. ) ;
#3634 = FILL_AREA_STYLE_COLOUR ( '', #3172 ) ;
#3635 = ORIENTED_EDGE ( 'NONE', *, *, #3403, .F. ) ;
#3636 = CARTESIAN_POINT ( 'NONE',  ( -1.600000000000000089, 0.002500000000000000052, 1.135000000000000009 ) ) ;
#3637 = ORIENTED_EDGE ( 'NONE', *, *, #4430, .T. ) ;
#3638 =( GEOMETRIC_REPRESENTATION_CONTEXT ( 3 ) GLOBAL_UNCERTAINTY_ASSIGNED_CONTEXT ( ( #6038 ) ) GLOBAL_UNIT_ASSIGNED_CONTEXT ( ( #3855, #4678, #1048 ) ) REPRESENTATION_CONTEXT ( 'NONE', 'WORKASPACE' ) );
#3639 = PLANE ( 'NONE',  #7405 ) ;
#3640 = FILL_AREA_STYLE_COLOUR ( '', #5267 ) ;
#3641 = FACE_OUTER_BOUND ( 'NONE', #4412, .T. ) ;
#3642 = SURFACE_STYLE_FILL_AREA ( #5115 ) ;
#3643 = PRESENTATION_LAYER_ASSIGNMENT (  '', '', ( #6886 ) ) ;
#3644 = LINE ( 'NONE', #845, #3469 ) ;
#3645 = DIRECTION ( 'NONE',  ( 0.0000000000000000000, 0.0000000000000000000, 1.000000000000000000 ) ) ;
#3646 = DIRECTION ( 'NONE',  ( -0.0000000000000000000, 0.0000000000000000000, 1.000000000000000000 ) ) ;
#3647 = ADVANCED_FACE ( 'NONE', ( #2238 ), #96, .F. ) ;
#3648 = ORIENTED_EDGE ( 'NONE', *, *, #1984, .F. ) ;
#3649 = UNCERTAINTY_MEASURE_WITH_UNIT (LENGTH_MEASURE( 1.000000000000000082E-05 ), #704, 'distance_accuracy_value', 'NONE');
#3650 = DIRECTION ( 'NONE',  ( -0.0000000000000000000, -0.0000000000000000000, 1.000000000000000000 ) ) ;
#3651 = ORIENTED_EDGE ( 'NONE', *, *, #3240, .F. ) ;
#3652 =( NAMED_UNIT ( * ) PLANE_ANGLE_UNIT ( ) SI_UNIT ( $, .RADIAN. ) );
#3653 =( GEOMETRIC_REPRESENTATION_CONTEXT ( 3 ) GLOBAL_UNCERTAINTY_ASSIGNED_CONTEXT ( ( #4513 ) ) GLOBAL_UNIT_ASSIGNED_CONTEXT ( ( #2211, #70, #4301 ) ) REPRESENTATION_CONTEXT ( 'NONE', 'WORKASPACE' ) );
#3654 = SURFACE_STYLE_USAGE ( .BOTH. , #1582 ) ;
#3655 = DIRECTION ( 'NONE',  ( -1.000000000000000000, 0.0000000000000000000, 0.0000000000000000000 ) ) ;
#3656 = MECHANICAL_DESIGN_GEOMETRIC_PRESENTATION_REPRESENTATION (  '', ( #8243 ), #6894 ) ;
#3657 =( NAMED_UNIT ( * ) SI_UNIT ( $, .STERADIAN. ) SOLID_ANGLE_UNIT ( ) );
#3658 = DIRECTION ( 'NONE',  ( -0.0000000000000000000, -1.000000000000000000, -0.0000000000000000000 ) ) ;
#3659 = ORIENTED_EDGE ( 'NONE', *, *, #7238, .T. ) ;
#3660 = UNCERTAINTY_MEASURE_WITH_UNIT (LENGTH_MEASURE( 1.000000000000000082E-05 ), #7227, 'distance_accuracy_value', 'NONE');
#3661 = FILL_AREA_STYLE_COLOUR ( '', #3891 ) ;
#3662 = CARTESIAN_POINT ( 'NONE',  ( -0.3649999999999996581, 0.1999999999999999833, -2.001999999999999780 ) ) ;
#3663 = ORIENTED_EDGE ( 'NONE', *, *, #2062, .F. ) ;
#3664 = DIRECTION ( 'NONE',  ( -0.0000000000000000000, -1.000000000000000000, -0.0000000000000000000 ) ) ;
#3665 = DIRECTION ( 'NONE',  ( 0.0000000000000000000, 0.0000000000000000000, 1.000000000000000000 ) ) ;
#3666 = PLANE ( 'NONE',  #2307 ) ;
#3667 = FILL_AREA_STYLE ('',( #7968 ) ) ;
#3668 = STYLED_ITEM ( 'NONE', ( #2371 ), #8888 ) ;
#3669 =( NAMED_UNIT ( * ) PLANE_ANGLE_UNIT ( ) SI_UNIT ( $, .RADIAN. ) );
#3670 = UNCERTAINTY_MEASURE_WITH_UNIT (LENGTH_MEASURE( 1.000000000000000082E-05 ), #2825, 'distance_accuracy_value', 'NONE');
#3671 = PLANE ( 'NONE',  #3623 ) ;
#3672 = EDGE_LOOP ( 'NONE', ( #761, #3175, #9022, #4168 ) ) ;
#3673 = FILL_AREA_STYLE_COLOUR ( '', #2325 ) ;
#3674 = ORIENTED_EDGE ( 'NONE', *, *, #2400, .T. ) ;
#3675 = VERTEX_POINT ( 'NONE', #6421 ) ;
#3676 = LINE ( 'NONE', #8719, #5455 ) ;
#3677 = LINE ( 'NONE', #8751, #6570 ) ;
#3678 =( GEOMETRIC_REPRESENTATION_CONTEXT ( 3 ) GLOBAL_UNCERTAINTY_ASSIGNED_CONTEXT ( ( #7657 ) ) GLOBAL_UNIT_ASSIGNED_CONTEXT ( ( #36, #2992, #5106 ) ) REPRESENTATION_CONTEXT ( 'NONE', 'WORKASPACE' ) );
#3679 = ADVANCED_FACE ( 'NONE', ( #900 ), #6516, .F. ) ;
#3680 = FILL_AREA_STYLE_COLOUR ( '', #353 ) ;
#3681 = CARTESIAN_POINT ( 'NONE',  ( 1.600000000000000089, 0.002500000000000000052, -0.8650000000000001021 ) ) ;
#3682 = PRESENTATION_STYLE_ASSIGNMENT (( #1505 ) ) ;
#3683 = EDGE_LOOP ( 'NONE', ( #5573, #1892, #2483, #3735, #7983, #3545, #6447, #2114, #8872, #6977, #3536, #5449, #1782, #3832, #885, #3439, #8420, #1986, #5415, #4072, #7232, #8058, #702, #9069, #7198, #6966, #1529, #6907 ) ) ;
#3684 = STYLED_ITEM ( 'NONE', ( #2663 ), #9075 ) ;
#3685 = CARTESIAN_POINT ( 'NONE',  ( -0.1349999999999995925, 0.1999999999999999833, 2.001999999999999780 ) ) ;
#3686 = ORIENTED_EDGE ( 'NONE', *, *, #5366, .F. ) ;
#3687 = SURFACE_SIDE_STYLE ('',( #8026 ) ) ;
#3688 =( LENGTH_UNIT ( ) NAMED_UNIT ( * ) SI_UNIT ( .MILLI., .METRE. ) );
#3689 = FACE_OUTER_BOUND ( 'NONE', #3935, .T. ) ;
#3690 = EDGE_CURVE ( 'NONE', #2374, #2071, #7806, .T. ) ;
#3691 = LINE ( 'NONE', #2324, #2532 ) ;
#3692 = DIRECTION ( 'NONE',  ( 0.0000000000000000000, -0.0000000000000000000, 1.000000000000000000 ) ) ;
#3693 = AXIS2_PLACEMENT_3D ( 'NONE', #8504, #9128, #7112 ) ;
#3694 = LINE ( 'NONE', #7145, #1230 ) ;
#3695 = EDGE_CURVE ( 'NONE', #3875, #7223, #1483, .T. ) ;
#3696 = VECTOR ( 'NONE', #991, 1000.000000000000000 ) ;
#3697 =( LENGTH_UNIT ( ) NAMED_UNIT ( * ) SI_UNIT ( .MILLI., .METRE. ) );
#3698 = LINE ( 'NONE', #5118, #497 ) ;
#3699 = SURFACE_STYLE_FILL_AREA ( #7149 ) ;
#3700 = ORIENTED_EDGE ( 'NONE', *, *, #8488, .F. ) ;
#3701 = CARTESIAN_POINT ( 'NONE',  ( 1.600000000000000089, 0.0000000000000000000, 0.6349999999999998979 ) ) ;
#3702 = ORIENTED_EDGE ( 'NONE', *, *, #2421, .T. ) ;
#3703 = DIRECTION ( 'NONE',  ( -0.0000000000000000000, 1.000000000000000000, -0.0000000000000000000 ) ) ;
#3704 = CARTESIAN_POINT ( 'NONE',  ( -1.600000000000000089, 0.0000000000000000000, -0.3650000000000001577 ) ) ;
#3705 = CARTESIAN_POINT ( 'NONE',  ( -2.001999999999999780, 0.002500000000000000052, -0.3650000000000001577 ) ) ;
#3706 = CARTESIAN_POINT ( 'NONE',  ( -1.364999999999999769, 0.002499999999999955383, 2.000000000000000000 ) ) ;
#3707 = DIRECTION ( 'NONE',  ( 0.0000000000000000000, -1.000000000000000000, 0.0000000000000000000 ) ) ;
#3708 = EDGE_LOOP ( 'NONE', ( #6483, #1024, #8338, #591, #7971, #8683 ) ) ;
#3709 = DIRECTION ( 'NONE',  ( -0.0000000000000000000, -0.0000000000000000000, -1.000000000000000000 ) ) ;
#3710 = ORIENTED_EDGE ( 'NONE', *, *, #4581, .T. ) ;
#3711 = CARTESIAN_POINT ( 'NONE',  ( -2.000000000000000000, 0.002500000000000000052, 0.1350000000000000366 ) ) ;
#3712 = DIRECTION ( 'NONE',  ( 0.0000000000000000000, 0.0000000000000000000, -1.000000000000000000 ) ) ;
#3713 = LINE ( 'NONE', #4486, #4312 ) ;
#3714 = FACE_OUTER_BOUND ( 'NONE', #269, .T. ) ;
#3715 = FACE_OUTER_BOUND ( 'NONE', #8054, .T. ) ;
#3716 = VECTOR ( 'NONE', #5032, 1000.000000000000000 ) ;
#3717 = ORIENTED_EDGE ( 'NONE', *, *, #1553, .F. ) ;
#3718 = DIRECTION ( 'NONE',  ( 0.0000000000000000000, 0.0000000000000000000, -1.000000000000000000 ) ) ;
#3719 = EDGE_LOOP ( 'NONE', ( #9144, #2080, #5211, #8990 ) ) ;
#3720 = ORIENTED_EDGE ( 'NONE', *, *, #6743, .F. ) ;
#3721 = VECTOR ( 'NONE', #6367, 1000.000000000000000 ) ;
#3722 = PRESENTATION_LAYER_ASSIGNMENT (  '', '', ( #4150 ) ) ;
#3723 = LINE ( 'NONE', #8069, #4329 ) ;
#3724 = CARTESIAN_POINT ( 'NONE',  ( -2.001999999999999780, 0.2025000000000000133, 0.8649999999999998801 ) ) ;
#3725 = SURFACE_SIDE_STYLE ('',( #6404 ) ) ;
#3726 = SURFACE_STYLE_FILL_AREA ( #3909 ) ;
#3727 = PRESENTATION_STYLE_ASSIGNMENT (( #5151 ) ) ;
#3728 = ORIENTED_EDGE ( 'NONE', *, *, #2256, .T. ) ;
#3729 = MECHANICAL_DESIGN_GEOMETRIC_PRESENTATION_REPRESENTATION (  '', ( #149 ), #6072 ) ;
#3730 = EDGE_CURVE ( 'NONE', #152, #3675, #5798, .T. ) ;
#3731 = VECTOR ( 'NONE', #641, 1000.000000000000000 ) ;
#3732 = DIRECTION ( 'NONE',  ( -1.000000000000000000, -0.0000000000000000000, -0.0000000000000000000 ) ) ;
#3733 = VERTEX_POINT ( 'NONE', #3979 ) ;
#3734 = CARTESIAN_POINT ( 'NONE',  ( -2.000000000000000000, 0.0000000000000000000, 0.8649999999999999911 ) ) ;
#3735 = ORIENTED_EDGE ( 'NONE', *, *, #6667, .T. ) ;
#3736 = LINE ( 'NONE', #7140, #5916 ) ;
#3737 = SURFACE_STYLE_USAGE ( .BOTH. , #3087 ) ;
#3738 = PRESENTATION_LAYER_ASSIGNMENT (  '', '', ( #2423 ) ) ;
#3739 = PLANE ( 'NONE',  #8333 ) ;
#3740 = DIRECTION ( 'NONE',  ( -0.0000000000000000000, -0.0000000000000000000, -1.000000000000000000 ) ) ;
#3741 = PLANE ( 'NONE',  #6772 ) ;
#3742 = UNCERTAINTY_MEASURE_WITH_UNIT (LENGTH_MEASURE( 1.000000000000000082E-05 ), #2778, 'distance_accuracy_value', 'NONE');
#3743 = EDGE_CURVE ( 'NONE', #5828, #4333, #1728, .T. ) ;
#3744 = FILL_AREA_STYLE ('',( #2966 ) ) ;
#3745 = EDGE_LOOP ( 'NONE', ( #1074, #3775, #7549, #7923 ) ) ;
#3746 = ADVANCED_FACE ( 'NONE', ( #3181 ), #7381, .F. ) ;
#3747 = VECTOR ( 'NONE', #1996, 1000.000000000000000 ) ;
#3748 = LINE ( 'NONE', #6519, #476 ) ;
#3749 = CARTESIAN_POINT ( 'NONE',  ( -0.3649999999999996581, -1.487762787917389017E-18, -2.000000000000000000 ) ) ;
#3750 = PLANE ( 'NONE',  #1390 ) ;
#3751 = CARTESIAN_POINT ( 'NONE',  ( 1.365000000000000435, 2.975525575834778034E-18, -2.000000000000000000 ) ) ;
#3752 = EDGE_CURVE ( 'NONE', #915, #3754, #4667, .T. ) ;
#3753 = LINE ( 'NONE', #1739, #8741 ) ;
#3754 = VERTEX_POINT ( 'NONE', #7992 ) ;
#3755 = UNCERTAINTY_MEASURE_WITH_UNIT (LENGTH_MEASURE( 1.000000000000000082E-05 ), #5753, 'distance_accuracy_value', 'NONE');
#3756 = PRESENTATION_STYLE_ASSIGNMENT (( #6482 ) ) ;
#3757 = EDGE_CURVE ( 'NONE', #4358, #7726, #1151, .T. ) ;
#3758 = ORIENTED_EDGE ( 'NONE', *, *, #8119, .T. ) ;
#3759 = SURFACE_STYLE_FILL_AREA ( #8561 ) ;
#3760 = MECHANICAL_DESIGN_GEOMETRIC_PRESENTATION_REPRESENTATION (  '', ( #2295 ), #6090 ) ;
#3761 = PRESENTATION_STYLE_ASSIGNMENT (( #7963 ) ) ;
#3762 =( GEOMETRIC_REPRESENTATION_CONTEXT ( 3 ) GLOBAL_UNCERTAINTY_ASSIGNED_CONTEXT ( ( #198 ) ) GLOBAL_UNIT_ASSIGNED_CONTEXT ( ( #3890, #4431, #2380 ) ) REPRESENTATION_CONTEXT ( 'NONE', 'WORKASPACE' ) );
#3763 = PRESENTATION_LAYER_ASSIGNMENT (  '', '', ( #6984 ) ) ;
#3764 = SURFACE_STYLE_FILL_AREA ( #8610 ) ;
#3765 = PRESENTATION_STYLE_ASSIGNMENT (( #5042 ) ) ;
#3766 = VECTOR ( 'NONE', #5740, 1000.000000000000000 ) ;
#3767 = ADVANCED_FACE ( 'NONE', ( #8093 ), #3397, .F. ) ;
#3768 = UNCERTAINTY_MEASURE_WITH_UNIT (LENGTH_MEASURE( 1.000000000000000082E-05 ), #492, 'distance_accuracy_value', 'NONE');
#3769 = COLOUR_RGB ( '',1.000000000000000000, 1.000000000000000000, 1.000000000000000000 ) ;
#3770 =( NAMED_UNIT ( * ) PLANE_ANGLE_UNIT ( ) SI_UNIT ( $, .RADIAN. ) );
#3771 = PRESENTATION_LAYER_ASSIGNMENT (  '', '', ( #6854 ) ) ;
#3772 = ORIENTED_EDGE ( 'NONE', *, *, #8302, .F. ) ;
#3773 = CARTESIAN_POINT ( 'NONE',  ( -2.001999999999999780, 0.2025000000000000133, -1.365000000000000213 ) ) ;
#3774 = ORIENTED_EDGE ( 'NONE', *, *, #1198, .F. ) ;
#3775 = ORIENTED_EDGE ( 'NONE', *, *, #7987, .F. ) ;
#3776 = SURFACE_STYLE_USAGE ( .BOTH. , #928 ) ;
#3777 = CARTESIAN_POINT ( 'NONE',  ( -0.3649999999999996581, 0.1999999999999999833, 2.001999999999999780 ) ) ;
#3778 =( GEOMETRIC_REPRESENTATION_CONTEXT ( 3 ) GLOBAL_UNCERTAINTY_ASSIGNED_CONTEXT ( ( #8104 ) ) GLOBAL_UNIT_ASSIGNED_CONTEXT ( ( #6175, #9027, #6267 ) ) REPRESENTATION_CONTEXT ( 'NONE', 'WORKASPACE' ) );
#3779 = CARTESIAN_POINT ( 'NONE',  ( 2.000000000000000000, 0.2025000000000000133, -1.365000000000000213 ) ) ;
#3780 = CARTESIAN_POINT ( 'NONE',  ( -2.000000000000000000, 0.2025000000000000133, -0.1350000000000001477 ) ) ;
#3781 = ORIENTED_EDGE ( 'NONE', *, *, #6790, .T. ) ;
#3782 = FILL_AREA_STYLE ('',( #4457 ) ) ;
#3783 = ORIENTED_EDGE ( 'NONE', *, *, #1724, .F. ) ;
#3784 =( NAMED_UNIT ( * ) PLANE_ANGLE_UNIT ( ) SI_UNIT ( $, .RADIAN. ) );
#3785 = STYLED_ITEM ( 'NONE', ( #5266 ), #6805 ) ;
#3786 =( NAMED_UNIT ( * ) SI_UNIT ( $, .STERADIAN. ) SOLID_ANGLE_UNIT ( ) );
#3787 = LINE ( 'NONE', #1029, #8786 ) ;
#3788 = DIRECTION ( 'NONE',  ( 4.065758146820642614E-16, 0.0000000000000000000, -1.000000000000000000 ) ) ;
#3789 = MECHANICAL_DESIGN_GEOMETRIC_PRESENTATION_REPRESENTATION (  '', ( #2468 ), #195 ) ;
#3790 = DIRECTION ( 'NONE',  ( -0.0000000000000000000, 0.0000000000000000000, 1.000000000000000000 ) ) ;
#3791 = DIRECTION ( 'NONE',  ( 0.0000000000000000000, 1.000000000000000000, 0.0000000000000000000 ) ) ;
#3792 = COLOUR_RGB ( '',1.000000000000000000, 1.000000000000000000, 1.000000000000000000 ) ;
#3793 = FACE_OUTER_BOUND ( 'NONE', #5159, .T. ) ;
#3794 = CARTESIAN_POINT ( 'NONE',  ( 0.3650000000000004352, 0.2000000000000000111, -2.001999999999999780 ) ) ;
#3795 = PRESENTATION_LAYER_ASSIGNMENT (  '', '', ( #2619 ) ) ;
#3796 = EDGE_LOOP ( 'NONE', ( #405, #3651, #4084, #5755 ) ) ;
#3797 = VECTOR ( 'NONE', #565, 1000.000000000000000 ) ;
#3798 = FILL_AREA_STYLE_COLOUR ( '', #8184 ) ;
#3799 = SURFACE_STYLE_FILL_AREA ( #8548 ) ;
#3800 = MECHANICAL_DESIGN_GEOMETRIC_PRESENTATION_REPRESENTATION (  '', ( #6886 ), #7485 ) ;
#3801 = FACE_OUTER_BOUND ( 'NONE', #5595, .T. ) ;
#3802 = ADVANCED_FACE ( 'NONE', ( #2376 ), #1681, .T. ) ;
#3803 = DIRECTION ( 'NONE',  ( 0.0000000000000000000, -0.0000000000000000000, -1.000000000000000000 ) ) ;
#3804 = EDGE_CURVE ( 'NONE', #428, #6025, #4867, .T. ) ;
#3805 = FILL_AREA_STYLE ('',( #344 ) ) ;
#3806 =( GEOMETRIC_REPRESENTATION_CONTEXT ( 3 ) GLOBAL_UNCERTAINTY_ASSIGNED_CONTEXT ( ( #8949 ) ) GLOBAL_UNIT_ASSIGNED_CONTEXT ( ( #4713, #1152, #8094 ) ) REPRESENTATION_CONTEXT ( 'NONE', 'WORKASPACE' ) );
#3807 = MECHANICAL_DESIGN_GEOMETRIC_PRESENTATION_REPRESENTATION (  '', ( #7181 ), #1885 ) ;
#3808 = VECTOR ( 'NONE', #2952, 1000.000000000000000 ) ;
#3809 = SURFACE_STYLE_USAGE ( .BOTH. , #3059 ) ;
#3810 = ORIENTED_EDGE ( 'NONE', *, *, #3053, .T. ) ;
#3811 = ORIENTED_EDGE ( 'NONE', *, *, #7866, .T. ) ;
#3812 = VECTOR ( 'NONE', #9155, 1000.000000000000000 ) ;
#3813 =( LENGTH_UNIT ( ) NAMED_UNIT ( * ) SI_UNIT ( .MILLI., .METRE. ) );
#3814 = MECHANICAL_DESIGN_GEOMETRIC_PRESENTATION_REPRESENTATION (  '', ( #7777 ), #66 ) ;
#3815 =( NAMED_UNIT ( * ) PLANE_ANGLE_UNIT ( ) SI_UNIT ( $, .RADIAN. ) );
#3816 = EDGE_CURVE ( 'NONE', #3263, #5828, #4128, .T. ) ;
#3817 = EDGE_CURVE ( 'NONE', #1462, #2585, #3574, .T. ) ;
#3818 = DIRECTION ( 'NONE',  ( 0.0000000000000000000, 0.0000000000000000000, 1.000000000000000000 ) ) ;
#3819 =( LENGTH_UNIT ( ) NAMED_UNIT ( * ) SI_UNIT ( .MILLI., .METRE. ) );
#3820 = VECTOR ( 'NONE', #4715, 1000.000000000000000 ) ;
#3821 = ORIENTED_EDGE ( 'NONE', *, *, #7245, .T. ) ;
#3822 =( LENGTH_UNIT ( ) NAMED_UNIT ( * ) SI_UNIT ( .MILLI., .METRE. ) );
#3823 = ORIENTED_EDGE ( 'NONE', *, *, #8558, .F. ) ;
#3824 = MECHANICAL_DESIGN_GEOMETRIC_PRESENTATION_REPRESENTATION (  '', ( #6149 ), #519 ) ;
#3825 = DIRECTION ( 'NONE',  ( -0.0000000000000000000, -0.0000000000000000000, -1.000000000000000000 ) ) ;
#3826 = ADVANCED_FACE ( 'NONE', ( #6249 ), #3440, .F. ) ;
#3827 = MECHANICAL_DESIGN_GEOMETRIC_PRESENTATION_REPRESENTATION (  '', ( #8521 ), #2355 ) ;
#3828 = DIRECTION ( 'NONE',  ( 1.000000000000000000, 0.0000000000000000000, -0.0000000000000000000 ) ) ;
#3829 =( LENGTH_UNIT ( ) NAMED_UNIT ( * ) SI_UNIT ( .MILLI., .METRE. ) );
#3830 = FILL_AREA_STYLE_COLOUR ( '', #1278 ) ;
#3831 = CARTESIAN_POINT ( 'NONE',  ( -2.000000000000000000, 0.0000000000000000000, -0.6350000000000000089 ) ) ;
#3832 = ORIENTED_EDGE ( 'NONE', *, *, #5152, .T. ) ;
#3833 = DIRECTION ( 'NONE',  ( 0.0000000000000000000, 0.0000000000000000000, -1.000000000000000000 ) ) ;
#3834 = ORIENTED_EDGE ( 'NONE', *, *, #5462, .T. ) ;
#3835 = ORIENTED_EDGE ( 'NONE', *, *, #3351, .T. ) ;
#3836 =( LENGTH_UNIT ( ) NAMED_UNIT ( * ) SI_UNIT ( .MILLI., .METRE. ) );
#3837 = LINE ( 'NONE', #2366, #3696 ) ;
#3838 = CARTESIAN_POINT ( 'NONE',  ( -2.001999999999999780, 0.002500000000000000052, 0.6349999999999998979 ) ) ;
#3839 =( NAMED_UNIT ( * ) PLANE_ANGLE_UNIT ( ) SI_UNIT ( $, .RADIAN. ) );
#3840 =( NAMED_UNIT ( * ) PLANE_ANGLE_UNIT ( ) SI_UNIT ( $, .RADIAN. ) );
#3841 = ORIENTED_EDGE ( 'NONE', *, *, #5978, .F. ) ;
#3842 = AXIS2_PLACEMENT_3D ( 'NONE', #5821, #5910, #8664 ) ;
#3843 = VECTOR ( 'NONE', #131, 1000.000000000000000 ) ;
#3844 = DIRECTION ( 'NONE',  ( 0.0000000000000000000, -0.0000000000000000000, -1.000000000000000000 ) ) ;
#3845 = FACE_OUTER_BOUND ( 'NONE', #2555, .T. ) ;
#3846 = DIRECTION ( 'NONE',  ( 2.710505431213761578E-16, 0.0000000000000000000, -1.000000000000000000 ) ) ;
#3847 = UNCERTAINTY_MEASURE_WITH_UNIT (LENGTH_MEASURE( 1.000000000000000082E-05 ), #8392, 'distance_accuracy_value', 'NONE');
#3848 = DIRECTION ( 'NONE',  ( 0.0000000000000000000, -1.000000000000000000, 0.0000000000000000000 ) ) ;
#3849 = EDGE_LOOP ( 'NONE', ( #8717, #2719, #1349, #5309 ) ) ;
#3850 = UNCERTAINTY_MEASURE_WITH_UNIT (LENGTH_MEASURE( 1.000000000000000082E-05 ), #4572, 'distance_accuracy_value', 'NONE');
#3851 = LINE ( 'NONE', #1780, #6231 ) ;
#3852 = CARTESIAN_POINT ( 'NONE',  ( 2.000000000000000000, 0.0000000000000000000, -1.364999999999999991 ) ) ;
#3853 = EDGE_CURVE ( 'NONE', #4415, #3116, #7780, .T. ) ;
#3854 = ORIENTED_EDGE ( 'NONE', *, *, #7075, .F. ) ;
#3855 =( LENGTH_UNIT ( ) NAMED_UNIT ( * ) SI_UNIT ( .MILLI., .METRE. ) );
#3856 = DIRECTION ( 'NONE',  ( 0.0000000000000000000, 0.0000000000000000000, -1.000000000000000000 ) ) ;
#3857 = FILL_AREA_STYLE_COLOUR ( '', #3318 ) ;
#3858 = SURFACE_STYLE_FILL_AREA ( #8711 ) ;
#3859 = EDGE_CURVE ( 'NONE', #2435, #4270, #2800, .T. ) ;
#3860 = VERTEX_POINT ( 'NONE', #5582 ) ;
#3861 = SURFACE_SIDE_STYLE ('',( #1120 ) ) ;
#3862 = CARTESIAN_POINT ( 'NONE',  ( -1.600000000000000089, 0.002500000000000000052, 1.365000000000000213 ) ) ;
#3863 = STYLED_ITEM ( 'NONE', ( #8763 ), #665 ) ;
#3864 = FILL_AREA_STYLE ('',( #8677 ) ) ;
#3865 = DIRECTION ( 'NONE',  ( 1.000000000000000000, 0.0000000000000000000, -4.065758146820642614E-16 ) ) ;
#3866 = CARTESIAN_POINT ( 'NONE',  ( 0.1350000000000004530, 0.002500000000000000052, -1.600000000000000089 ) ) ;
#3867 = CARTESIAN_POINT ( 'NONE',  ( -2.000000000000000000, 0.002500000000000000052, 1.365000000000000213 ) ) ;
#3868 = EDGE_LOOP ( 'NONE', ( #3588, #5198, #496, #3394 ) ) ;
#3869 = EDGE_CURVE ( 'NONE', #3631, #6638, #1460, .T. ) ;
#3870 = EDGE_LOOP ( 'NONE', ( #9056, #4868, #6514, #4646 ) ) ;
#3871 = ORIENTED_EDGE ( 'NONE', *, *, #581, .F. ) ;
#3872 = VECTOR ( 'NONE', #8648, 1000.000000000000000 ) ;
#3873 = EDGE_CURVE ( 'NONE', #5854, #7651, #6394, .T. ) ;
#3874 = AXIS2_PLACEMENT_3D ( 'NONE', #5394, #4712, #8006 ) ;
#3875 = VERTEX_POINT ( 'NONE', #8515 ) ;
#3876 = CARTESIAN_POINT ( 'NONE',  ( 1.365000000000000435, 0.002500000000000003088, -2.000000000000000000 ) ) ;
#3877 = SURFACE_SIDE_STYLE ('',( #8730 ) ) ;
#3878 =( LENGTH_UNIT ( ) NAMED_UNIT ( * ) SI_UNIT ( .MILLI., .METRE. ) );
#3879 = UNCERTAINTY_MEASURE_WITH_UNIT (LENGTH_MEASURE( 1.000000000000000082E-05 ), #2176, 'distance_accuracy_value', 'NONE');
#3880 = CARTESIAN_POINT ( 'NONE',  ( 1.135000000000000453, 0.2000000000000000389, 2.000000000000000000 ) ) ;
#3881 = SURFACE_STYLE_USAGE ( .BOTH. , #8785 ) ;
#3882 = ORIENTED_EDGE ( 'NONE', *, *, #6678, .F. ) ;
#3883 = CARTESIAN_POINT ( 'NONE',  ( -0.1349999999999995925, 0.1999999999999999833, 2.001999999999999780 ) ) ;
#3884 = EDGE_CURVE ( 'NONE', #8169, #2815, #2945, .T. ) ;
#3885 = ORIENTED_EDGE ( 'NONE', *, *, #832, .F. ) ;
#3886 = LINE ( 'NONE', #6611, #8236 ) ;
#3887 = VECTOR ( 'NONE', #5453, 1000.000000000000000 ) ;
#3888 = DIRECTION ( 'NONE',  ( -0.0000000000000000000, 0.0000000000000000000, 1.000000000000000000 ) ) ;
#3889 =( GEOMETRIC_REPRESENTATION_CONTEXT ( 3 ) GLOBAL_UNCERTAINTY_ASSIGNED_CONTEXT ( ( #1926 ) ) GLOBAL_UNIT_ASSIGNED_CONTEXT ( ( #6767, #8895, #6807 ) ) REPRESENTATION_CONTEXT ( 'NONE', 'WORKASPACE' ) );
#3890 =( LENGTH_UNIT ( ) NAMED_UNIT ( * ) SI_UNIT ( .MILLI., .METRE. ) );
#3891 = COLOUR_RGB ( '',1.000000000000000000, 1.000000000000000000, 1.000000000000000000 ) ;
#3892 =( LENGTH_UNIT ( ) NAMED_UNIT ( * ) SI_UNIT ( .MILLI., .METRE. ) );
#3893 = DIRECTION ( 'NONE',  ( -0.0000000000000000000, -1.000000000000000000, -0.0000000000000000000 ) ) ;
#3894 = PRESENTATION_LAYER_ASSIGNMENT (  '', '', ( #6695 ) ) ;
#3895 = ORIENTED_EDGE ( 'NONE', *, *, #2314, .F. ) ;
#3896 =( NAMED_UNIT ( * ) SI_UNIT ( $, .STERADIAN. ) SOLID_ANGLE_UNIT ( ) );
#3897 = DIRECTION ( 'NONE',  ( 1.000000000000000000, 0.0000000000000000000, 0.0000000000000000000 ) ) ;
#3898 = DIRECTION ( 'NONE',  ( 0.0000000000000000000, 0.0000000000000000000, -1.000000000000000000 ) ) ;
#3899 = FACE_OUTER_BOUND ( 'NONE', #3672, .T. ) ;
#3900 = EDGE_CURVE ( 'NONE', #2815, #6193, #5878, .T. ) ;
#3901 =( GEOMETRIC_REPRESENTATION_CONTEXT ( 3 ) GLOBAL_UNCERTAINTY_ASSIGNED_CONTEXT ( ( #2098 ) ) GLOBAL_UNIT_ASSIGNED_CONTEXT ( ( #3548, #4420, #4323 ) ) REPRESENTATION_CONTEXT ( 'NONE', 'WORKASPACE' ) );
#3902 =( NAMED_UNIT ( * ) PLANE_ANGLE_UNIT ( ) SI_UNIT ( $, .RADIAN. ) );
#3903 = ORIENTED_EDGE ( 'NONE', *, *, #8271, .F. ) ;
#3904 = CARTESIAN_POINT ( 'NONE',  ( -1.600000000000000089, 0.002500000000000000052, 0.6349999999999998979 ) ) ;
#3905 = STYLED_ITEM ( 'NONE', ( #685 ), #6060 ) ;
#3906 = FILL_AREA_STYLE_COLOUR ( '', #6952 ) ;
#3907 = EDGE_CURVE ( 'NONE', #2909, #3094, #7182, .T. ) ;
#3908 = FACE_OUTER_BOUND ( 'NONE', #2618, .T. ) ;
#3909 = FILL_AREA_STYLE ('',( #3830 ) ) ;
#3910 = FILL_AREA_STYLE_COLOUR ( '', #2657 ) ;
#3911 = PRESENTATION_LAYER_ASSIGNMENT (  '', '', ( #6712 ) ) ;
#3912 = ORIENTED_EDGE ( 'NONE', *, *, #2738, .F. ) ;
#3913 = DIRECTION ( 'NONE',  ( -0.0000000000000000000, -1.000000000000000000, -0.0000000000000000000 ) ) ;
#3914 = FILL_AREA_STYLE ('',( #2443 ) ) ;
#3915 = VERTEX_POINT ( 'NONE', #4354 ) ;
#3916 = VECTOR ( 'NONE', #1963, 1000.000000000000000 ) ;
#3917 = ORIENTED_EDGE ( 'NONE', *, *, #8850, .F. ) ;
#3918 = ORIENTED_EDGE ( 'NONE', *, *, #6895, .F. ) ;
#3919 = PLANE ( 'NONE',  #278 ) ;
#3920 = DIRECTION ( 'NONE',  ( -2.710505431213761578E-16, 0.0000000000000000000, 1.000000000000000000 ) ) ;
#3921 = COLOUR_RGB ( '',0.2509803921568627416, 0.2509803921568627416, 0.2509803921568627416 ) ;
#3922 =( GEOMETRIC_REPRESENTATION_CONTEXT ( 3 ) GLOBAL_UNCERTAINTY_ASSIGNED_CONTEXT ( ( #4576 ) ) GLOBAL_UNIT_ASSIGNED_CONTEXT ( ( #8539, #7847, #2999 ) ) REPRESENTATION_CONTEXT ( 'NONE', 'WORKASPACE' ) );
#3923 =( LENGTH_UNIT ( ) NAMED_UNIT ( * ) SI_UNIT ( .MILLI., .METRE. ) );
#3924 = FACE_OUTER_BOUND ( 'NONE', #925, .T. ) ;
#3925 = EDGE_CURVE ( 'NONE', #6179, #6623, #2309, .T. ) ;
#3926 = ADVANCED_BREP_SHAPE_REPRESENTATION ( 'FA6E251C-094E-445E-A2F8-BB9178BCF62D', ( #238, #3693 ), #397 ) ;
#3927 =( LENGTH_UNIT ( ) NAMED_UNIT ( * ) SI_UNIT ( .MILLI., .METRE. ) );
#3928 = DIRECTION ( 'NONE',  ( 0.0000000000000000000, -1.000000000000000000, 0.0000000000000000000 ) ) ;
#3929 = AXIS2_PLACEMENT_3D ( 'NONE', #4428, #7210, #5219 ) ;
#3930 = EDGE_CURVE ( 'NONE', #7091, #3952, #258, .T. ) ;
#3931 =( LENGTH_UNIT ( ) NAMED_UNIT ( * ) SI_UNIT ( .MILLI., .METRE. ) );
#3932 = UNCERTAINTY_MEASURE_WITH_UNIT (LENGTH_MEASURE( 1.000000000000000082E-05 ), #3813, 'distance_accuracy_value', 'NONE');
#3933 = COLOUR_RGB ( '',1.000000000000000000, 1.000000000000000000, 1.000000000000000000 ) ;
#3934 = AXIS2_PLACEMENT_3D ( 'NONE', #8678, #7229, #882 ) ;
#3935 = EDGE_LOOP ( 'NONE', ( #4417, #3912, #3312, #8259 ) ) ;
#3936 = DIRECTION ( 'NONE',  ( 0.0000000000000000000, -1.000000000000000000, 0.0000000000000000000 ) ) ;
#3937 = VECTOR ( 'NONE', #8337, 1000.000000000000000 ) ;
#3938 = FACE_OUTER_BOUND ( 'NONE', #7027, .T. ) ;
#3939 = CARTESIAN_POINT ( 'NONE',  ( 0.8650000000000004352, 0.2000000000000000389, 2.000000000000000000 ) ) ;
#3940 = VECTOR ( 'NONE', #8382, 1000.000000000000000 ) ;
#3941 = CARTESIAN_POINT ( 'NONE',  ( 2.000000000000000000, 0.002500000000000000052, -2.000000000000000000 ) ) ;
#3942 = FILL_AREA_STYLE_COLOUR ( '', #1525 ) ;
#3943 = ADVANCED_FACE ( 'NONE', ( #5240 ), #4544, .T. ) ;
#3944 = SURFACE_STYLE_FILL_AREA ( #3805 ) ;
#3945 = CARTESIAN_POINT ( 'NONE',  ( 1.135000000000000453, 0.2000000000000000389, -2.001999999999999780 ) ) ;
#3946 = PRESENTATION_LAYER_ASSIGNMENT (  '', '', ( #1422 ) ) ;
#3947 = CARTESIAN_POINT ( 'NONE',  ( 1.499999999999999778, 0.8979999999999999094, -1.500000000000000000 ) ) ;
#3948 = VERTEX_POINT ( 'NONE', #6584 ) ;
#3949 = UNCERTAINTY_MEASURE_WITH_UNIT (LENGTH_MEASURE( 1.000000000000000082E-05 ), #2990, 'distance_accuracy_value', 'NONE');
#3950 = FILL_AREA_STYLE ('',( #6841 ) ) ;
#3951 = COLOUR_RGB ( '',1.000000000000000000, 1.000000000000000000, 1.000000000000000000 ) ;
#3952 = VERTEX_POINT ( 'NONE', #7359 ) ;
#3953 = SURFACE_STYLE_USAGE ( .BOTH. , #7442 ) ;
#3954 =( NAMED_UNIT ( * ) SI_UNIT ( $, .STERADIAN. ) SOLID_ANGLE_UNIT ( ) );
#3955 = UNCERTAINTY_MEASURE_WITH_UNIT (LENGTH_MEASURE( 1.000000000000000082E-05 ), #5314, 'distance_accuracy_value', 'NONE');
#3956 = PLANE ( 'NONE',  #2745 ) ;
#3957 = EDGE_LOOP ( 'NONE', ( #1088, #8704, #3100, #6708 ) ) ;
#3958 = SURFACE_STYLE_FILL_AREA ( #1016 ) ;
#3959 = PRESENTATION_LAYER_ASSIGNMENT (  '', '', ( #8679 ) ) ;
#3960 = SURFACE_STYLE_USAGE ( .BOTH. , #8159 ) ;
#3961 = SURFACE_SIDE_STYLE ('',( #6937 ) ) ;
#3962 = FACE_OUTER_BOUND ( 'NONE', #2248, .T. ) ;
#3963 = ORIENTED_EDGE ( 'NONE', *, *, #1669, .T. ) ;
#3964 = LINE ( 'NONE', #6776, #1720 ) ;
#3965 = VECTOR ( 'NONE', #8600, 1000.000000000000000 ) ;
#3966 = EDGE_LOOP ( 'NONE', ( #7416, #169, #8580, #4319 ) ) ;
#3967 = ADVANCED_FACE ( 'NONE', ( #7266 ), #924, .F. ) ;
#3968 = ORIENTED_EDGE ( 'NONE', *, *, #4570, .F. ) ;
#3969 = CARTESIAN_POINT ( 'NONE',  ( -1.134999999999999787, 0.1999999999999999556, -2.001999999999999780 ) ) ;
#3970 = VECTOR ( 'NONE', #4006, 1000.000000000000000 ) ;
#3971 = PRESENTATION_STYLE_ASSIGNMENT (( #6071 ) ) ;
#3972 = UNCERTAINTY_MEASURE_WITH_UNIT (LENGTH_MEASURE( 1.000000000000000082E-05 ), #5385, 'distance_accuracy_value', 'NONE');
#3973 =( NAMED_UNIT ( * ) SI_UNIT ( $, .STERADIAN. ) SOLID_ANGLE_UNIT ( ) );
#3974 = LINE ( 'NONE', #8228, #3496 ) ;
#3975 = COLOUR_RGB ( '',0.2509803921568627416, 0.2509803921568627416, 0.2509803921568627416 ) ;
#3976 = LINE ( 'NONE', #6828, #3430 ) ;
#3977 = ORIENTED_EDGE ( 'NONE', *, *, #1724, .T. ) ;
#3978 = PLANE ( 'NONE',  #6401 ) ;
#3979 = CARTESIAN_POINT ( 'NONE',  ( -1.364999999999999769, 0.1999999999999999556, -2.001999999999999780 ) ) ;
#3980 = ADVANCED_FACE ( 'NONE', ( #6721 ), #3998, .F. ) ;
#3981 = PRESENTATION_STYLE_ASSIGNMENT (( #1953 ) ) ;
#3982 = ADVANCED_FACE ( 'NONE', ( #3149 ), #406, .T. ) ;
#3983 = CARTESIAN_POINT ( 'NONE',  ( 1.135000000000000453, 0.002500000000000033445, 2.000000000000000000 ) ) ;
#3984 = AXIS2_PLACEMENT_3D ( 'NONE', #7737, #835, #8478 ) ;
#3985 = CARTESIAN_POINT ( 'NONE',  ( -2.000000000000000000, 0.0000000000000000000, -0.6350000000000000089 ) ) ;
#3986 = CARTESIAN_POINT ( 'NONE',  ( 2.001999999999999780, 0.002500000000000000052, 0.3649999999999998801 ) ) ;
#3987 =( NAMED_UNIT ( * ) PLANE_ANGLE_UNIT ( ) SI_UNIT ( $, .RADIAN. ) );
#3988 = ORIENTED_EDGE ( 'NONE', *, *, #5439, .F. ) ;
#3989 = COLOUR_RGB ( '',1.000000000000000000, 1.000000000000000000, 1.000000000000000000 ) ;
#3990 = LINE ( 'NONE', #2650, #2867 ) ;
#3991 = LINE ( 'NONE', #7533, #3797 ) ;
#3992 = EDGE_CURVE ( 'NONE', #2395, #217, #3350, .T. ) ;
#3993 =( GEOMETRIC_REPRESENTATION_CONTEXT ( 3 ) GLOBAL_UNCERTAINTY_ASSIGNED_CONTEXT ( ( #5874 ) ) GLOBAL_UNIT_ASSIGNED_CONTEXT ( ( #7418, #373, #177 ) ) REPRESENTATION_CONTEXT ( 'NONE', 'WORKASPACE' ) );
#3994 = SURFACE_SIDE_STYLE ('',( #7496 ) ) ;
#3995 =( LENGTH_UNIT ( ) NAMED_UNIT ( * ) SI_UNIT ( .MILLI., .METRE. ) );
#3996 = SURFACE_STYLE_FILL_AREA ( #9078 ) ;
#3997 = ORIENTED_EDGE ( 'NONE', *, *, #606, .T. ) ;
#3998 = PLANE ( 'NONE',  #8959 ) ;
#3999 =( NAMED_UNIT ( * ) SI_UNIT ( $, .STERADIAN. ) SOLID_ANGLE_UNIT ( ) );
#4000 = FILL_AREA_STYLE_COLOUR ( '', #1262 ) ;
#4001 = DIRECTION ( 'NONE',  ( 0.0000000000000000000, 0.0000000000000000000, -1.000000000000000000 ) ) ;
#4002 = DIRECTION ( 'NONE',  ( 1.000000000000000000, 0.0000000000000000000, 0.0000000000000000000 ) ) ;
#4003 = ORIENTED_EDGE ( 'NONE', *, *, #3053, .F. ) ;
#4004 = VERTEX_POINT ( 'NONE', #7638 ) ;
#4005 = DIRECTION ( 'NONE',  ( 0.0000000000000000000, -1.000000000000000000, 0.0000000000000000000 ) ) ;
#4006 = DIRECTION ( 'NONE',  ( 1.000000000000000000, 0.0000000000000000000, 0.0000000000000000000 ) ) ;
#4007 = DIRECTION ( 'NONE',  ( 4.065758146820642614E-16, 0.0000000000000000000, -1.000000000000000000 ) ) ;
#4008 = CARTESIAN_POINT ( 'NONE',  ( 0.1350000000000003419, 0.0000000000000000000, 2.001999999999999780 ) ) ;
#4009 = DIRECTION ( 'NONE',  ( -1.000000000000000000, -0.0000000000000000000, -0.0000000000000000000 ) ) ;
#4010 = EDGE_CURVE ( 'NONE', #4205, #663, #3389, .T. ) ;
#4011 = PLANE ( 'NONE',  #7357 ) ;
#4012 = ORIENTED_EDGE ( 'NONE', *, *, #2658, .F. ) ;
#4013 = VECTOR ( 'NONE', #5225, 1000.000000000000000 ) ;
#4014 = LINE ( 'NONE', #6122, #3425 ) ;
#4015 = ORIENTED_EDGE ( 'NONE', *, *, #4853, .F. ) ;
#4016 = DIRECTION ( 'NONE',  ( -1.000000000000000000, 0.0000000000000000000, -0.0000000000000000000 ) ) ;
#4017 = FILL_AREA_STYLE_COLOUR ( '', #459 ) ;
#4018 = VECTOR ( 'NONE', #1330, 1000.000000000000000 ) ;
#4019 = LINE ( 'NONE', #4067, #768 ) ;
#4020 = EDGE_CURVE ( 'NONE', #5191, #8479, #4857, .T. ) ;
#4021 = EDGE_CURVE ( 'NONE', #6248, #3477, #3478, .T. ) ;
#4022 = LINE ( 'NONE', #3336, #895 ) ;
#4023 = ORIENTED_EDGE ( 'NONE', *, *, #1164, .F. ) ;
#4024 = COLOUR_RGB ( '',1.000000000000000000, 1.000000000000000000, 1.000000000000000000 ) ;
#4025 = PRESENTATION_LAYER_ASSIGNMENT (  '', '', ( #5199 ) ) ;
#4026 =( GEOMETRIC_REPRESENTATION_CONTEXT ( 3 ) GLOBAL_UNCERTAINTY_ASSIGNED_CONTEXT ( ( #5413 ) ) GLOBAL_UNIT_ASSIGNED_CONTEXT ( ( #254, #110, #2296 ) ) REPRESENTATION_CONTEXT ( 'NONE', 'WORKASPACE' ) );
#4027 = LINE ( 'NONE', #6845, #3330 ) ;
#4028 = DIRECTION ( 'NONE',  ( 0.0000000000000000000, -0.0000000000000000000, -1.000000000000000000 ) ) ;
#4029 = EDGE_CURVE ( 'NONE', #257, #428, #7074, .T. ) ;
#4030 = ADVANCED_FACE ( 'NONE', ( #2700 ), #9083, .F. ) ;
#4031 = COLOUR_RGB ( '',1.000000000000000000, 1.000000000000000000, 1.000000000000000000 ) ;
#4032 = UNCERTAINTY_MEASURE_WITH_UNIT (LENGTH_MEASURE( 1.000000000000000082E-05 ), #4383, 'distance_accuracy_value', 'NONE');
#4033 = DIRECTION ( 'NONE',  ( -0.0000000000000000000, -1.000000000000000000, -0.0000000000000000000 ) ) ;
#4034 = VERTEX_POINT ( 'NONE', #6936 ) ;
#4035 = DIRECTION ( 'NONE',  ( -1.000000000000000000, 0.0000000000000000000, 0.0000000000000000000 ) ) ;
#4036 = CARTESIAN_POINT ( 'NONE',  ( 0.8650000000000004352, 0.2000000000000000389, -2.001999999999999780 ) ) ;
#4037 = COLOUR_RGB ( '',1.000000000000000000, 1.000000000000000000, 1.000000000000000000 ) ;
#4038 = CARTESIAN_POINT ( 'NONE',  ( -2.001999999999999780, 0.2025000000000000133, 0.6349999999999998979 ) ) ;
#4039 = EDGE_CURVE ( 'NONE', #3587, #1223, #570, .T. ) ;
#4040 =( NAMED_UNIT ( * ) SI_UNIT ( $, .STERADIAN. ) SOLID_ANGLE_UNIT ( ) );
#4041 = CARTESIAN_POINT ( 'NONE',  ( 2.000000000000000000, 0.002500000000000000052, -1.365000000000000213 ) ) ;
#4042 = VECTOR ( 'NONE', #6125, 1000.000000000000000 ) ;
#4043 = PRESENTATION_STYLE_ASSIGNMENT (( #7643 ) ) ;
#4044 = ORIENTED_EDGE ( 'NONE', *, *, #7814, .F. ) ;
#4045 = COLOUR_RGB ( '',0.2509803921568627416, 0.2509803921568627416, 0.2509803921568627416 ) ;
#4046 = ORIENTED_EDGE ( 'NONE', *, *, #6044, .F. ) ;
#4047 = EDGE_LOOP ( 'NONE', ( #5080, #1936, #4597, #291 ) ) ;
#4048 = ORIENTED_EDGE ( 'NONE', *, *, #51, .T. ) ;
#4049 = CARTESIAN_POINT ( 'NONE',  ( -2.001999999999999780, 0.002500000000000000052, 0.3649999999999998801 ) ) ;
#4050 = MECHANICAL_DESIGN_GEOMETRIC_PRESENTATION_REPRESENTATION (  '', ( #469 ), #1711 ) ;
#4051 = DIRECTION ( 'NONE',  ( -1.000000000000000000, 0.0000000000000000000, 0.0000000000000000000 ) ) ;
#4052 = CARTESIAN_POINT ( 'NONE',  ( 2.001999999999999780, 0.002500000000000000052, -0.3650000000000001577 ) ) ;
#4053 = SURFACE_STYLE_USAGE ( .BOTH. , #2076 ) ;
#4054 = VECTOR ( 'NONE', #8397, 1000.000000000000000 ) ;
#4055 = LINE ( 'NONE', #1943, #6858 ) ;
#4056 = UNCERTAINTY_MEASURE_WITH_UNIT (LENGTH_MEASURE( 1.000000000000000082E-05 ), #5556, 'distance_accuracy_value', 'NONE');
#4057 = SURFACE_STYLE_USAGE ( .BOTH. , #8427 ) ;
#4058 = ORIENTED_EDGE ( 'NONE', *, *, #3576, .T. ) ;
#4059 = PLANE ( 'NONE',  #2273 ) ;
#4060 = EDGE_LOOP ( 'NONE', ( #3977, #125, #5779, #1616 ) ) ;
#4061 = DIRECTION ( 'NONE',  ( -1.000000000000000000, 0.0000000000000000000, 0.0000000000000000000 ) ) ;
#4062 = AXIS2_PLACEMENT_3D ( 'NONE', #7988, #939, #3088 ) ;
#4063 = AXIS2_PLACEMENT_3D ( 'NONE', #1622, #5017, #7797 ) ;
#4064 = CARTESIAN_POINT ( 'NONE',  ( 0.8650000000000004352, 0.002500000000000001787, -1.600000000000000089 ) ) ;
#4065 = MECHANICAL_DESIGN_GEOMETRIC_PRESENTATION_REPRESENTATION (  '', ( #2009 ), #482 ) ;
#4066 = CARTESIAN_POINT ( 'NONE',  ( 0.6350000000000005640, 0.2000000000000000944, -2.000000000000000000 ) ) ;
#4067 = CARTESIAN_POINT ( 'NONE',  ( -1.134999999999999787, 0.1999999999999999556, 2.000000000000000000 ) ) ;
#4068 = DIRECTION ( 'NONE',  ( 0.0000000000000000000, -1.000000000000000000, -0.0000000000000000000 ) ) ;
#4069 = SURFACE_STYLE_FILL_AREA ( #3334 ) ;
#4070 = VECTOR ( 'NONE', #7212, 1000.000000000000000 ) ;
#4071 = DIRECTION ( 'NONE',  ( 1.000000000000000000, 0.0000000000000000000, 0.0000000000000000000 ) ) ;
#4072 = ORIENTED_EDGE ( 'NONE', *, *, #2412, .T. ) ;
#4073 = MECHANICAL_DESIGN_GEOMETRIC_PRESENTATION_REPRESENTATION (  '', ( #356 ), #6730 ) ;
#4074 = CARTESIAN_POINT ( 'NONE',  ( -2.000000000000000000, 0.0000000000000000000, 0.1350000000000000366 ) ) ;
#4075 = CARTESIAN_POINT ( 'NONE',  ( -2.001999999999999780, 0.2025000000000000133, -0.3650000000000001577 ) ) ;
#4076 = EDGE_CURVE ( 'NONE', #4200, #563, #6235, .T. ) ;
#4077 = EDGE_CURVE ( 'NONE', #4962, #6065, #4896, .T. ) ;
#4078 = CARTESIAN_POINT ( 'NONE',  ( 0.3650000000000004352, 0.2000000000000000111, -2.000000000000000000 ) ) ;
#4079 = CARTESIAN_POINT ( 'NONE',  ( 2.000000000000000000, 0.2025000000000000133, 0.6349999999999998979 ) ) ;
#4080 = COLOUR_RGB ( '',1.000000000000000000, 1.000000000000000000, 1.000000000000000000 ) ;
#4081 = PRESENTATION_LAYER_ASSIGNMENT (  '', '', ( #2334 ) ) ;
#4082 = PRESENTATION_LAYER_ASSIGNMENT (  '', '', ( #807 ) ) ;
#4083 = FILL_AREA_STYLE_COLOUR ( '', #2751 ) ;
#4084 = ORIENTED_EDGE ( 'NONE', *, *, #4020, .T. ) ;
#4085 =( NAMED_UNIT ( * ) SI_UNIT ( $, .STERADIAN. ) SOLID_ANGLE_UNIT ( ) );
#4086 = EDGE_CURVE ( 'NONE', #152, #3624, #8409, .T. ) ;
#4087 = EDGE_CURVE ( 'NONE', #7714, #7268, #670, .T. ) ;
#4088 =( GEOMETRIC_REPRESENTATION_CONTEXT ( 3 ) GLOBAL_UNCERTAINTY_ASSIGNED_CONTEXT ( ( #2573 ) ) GLOBAL_UNIT_ASSIGNED_CONTEXT ( ( #7141, #891, #3042 ) ) REPRESENTATION_CONTEXT ( 'NONE', 'WORKASPACE' ) );
#4089 = FILL_AREA_STYLE ('',( #444 ) ) ;
#4090 = SURFACE_STYLE_FILL_AREA ( #9003 ) ;
#4091 = ORIENTED_EDGE ( 'NONE', *, *, #6896, .F. ) ;
#4092 = VERTEX_POINT ( 'NONE', #4206 ) ;
#4094 = EDGE_CURVE ( 'NONE', #322, #1076, #2838, .T. ) ;
#4093 = ORIENTED_EDGE ( 'NONE', *, *, #386, .F. ) ;
#4095 = CARTESIAN_POINT ( 'NONE',  ( -2.000000000000000000, 0.0000000000000000000, -1.364999999999999991 ) ) ;
#4096 = SURFACE_STYLE_USAGE ( .BOTH. , #3367 ) ;
#4097 = LINE ( 'NONE', #3319, #7002 ) ;
#4098 = CARTESIAN_POINT ( 'NONE',  ( -2.001999999999999780, 0.2025000000000000133, -0.1350000000000001477 ) ) ;
#4099 = PRESENTATION_STYLE_ASSIGNMENT (( #2762 ) ) ;
#4100 = FACE_OUTER_BOUND ( 'NONE', #5281, .T. ) ;
#4101 = ORIENTED_EDGE ( 'NONE', *, *, #770, .F. ) ;
#4102 = LINE ( 'NONE', #4225, #2851 ) ;
#4103 = VERTEX_POINT ( 'NONE', #7769 ) ;
#4104 = PRESENTATION_LAYER_ASSIGNMENT (  '', '', ( #6471 ) ) ;
#4105 = PLANE ( 'NONE',  #5553 ) ;
#4106 = DIRECTION ( 'NONE',  ( 1.000000000000000000, -0.0000000000000000000, -0.0000000000000000000 ) ) ;
#4107 = SURFACE_STYLE_FILL_AREA ( #5513 ) ;
#4108 = DIRECTION ( 'NONE',  ( 0.0000000000000000000, 0.0000000000000000000, 1.000000000000000000 ) ) ;
#4109 = ORIENTED_EDGE ( 'NONE', *, *, #4094, .F. ) ;
#4110 = LINE ( 'NONE', #750, #1692 ) ;
#4111 = SURFACE_SIDE_STYLE ('',( #4191 ) ) ;
#4112 = SURFACE_STYLE_USAGE ( .BOTH. , #8401 ) ;
#4113 =( NAMED_UNIT ( * ) SI_UNIT ( $, .STERADIAN. ) SOLID_ANGLE_UNIT ( ) );
#4114 = CARTESIAN_POINT ( 'NONE',  ( 1.600000000000000089, 0.002500000000000000052, -1.365000000000000213 ) ) ;
#4115 = AXIS2_PLACEMENT_3D ( 'NONE', #2403, #5197, #985 ) ;
#4116 = EDGE_CURVE ( 'NONE', #2041, #7550, #15, .T. ) ;
#4117 = UNCERTAINTY_MEASURE_WITH_UNIT (LENGTH_MEASURE( 1.000000000000000082E-05 ), #5578, 'distance_accuracy_value', 'NONE');
#4118 = ORIENTED_EDGE ( 'NONE', *, *, #7856, .T. ) ;
#4119 = PRESENTATION_LAYER_ASSIGNMENT (  '', '', ( #6330 ) ) ;
#4120 = LINE ( 'NONE', #6900, #5500 ) ;
#4121 = SURFACE_STYLE_FILL_AREA ( #3483 ) ;
#4122 = DIRECTION ( 'NONE',  ( 0.0000000000000000000, -0.0000000000000000000, -1.000000000000000000 ) ) ;
#4123 = SURFACE_STYLE_USAGE ( .BOTH. , #6101 ) ;
#4124 = ADVANCED_FACE ( 'NONE', ( #2207 ), #5869, .T. ) ;
#4125 = EDGE_CURVE ( 'NONE', #7883, #4415, #6484, .T. ) ;
#4126 = PRESENTATION_LAYER_ASSIGNMENT (  '', '', ( #2970 ) ) ;
#4127 = EDGE_LOOP ( 'NONE', ( #7791, #4695, #4048, #2235, #774, #1257 ) ) ;
#4128 = LINE ( 'NONE', #4306, #8810 ) ;
#4129 = ORIENTED_EDGE ( 'NONE', *, *, #1820, .T. ) ;
#4130 = ORIENTED_EDGE ( 'NONE', *, *, #5430, .T. ) ;
#4131 = CARTESIAN_POINT ( 'NONE',  ( 1.135000000000000675, 0.002500000000000029976, 1.600000000000000089 ) ) ;
#4132 = SURFACE_SIDE_STYLE ('',( #3404 ) ) ;
#4133 = UNCERTAINTY_MEASURE_WITH_UNIT (LENGTH_MEASURE( 1.000000000000000082E-05 ), #5397, 'distance_accuracy_value', 'NONE');
#4134 = PLANE ( 'NONE',  #4953 ) ;
#4135 = ADVANCED_FACE ( 'NONE', ( #8707 ), #6434, .F. ) ;
#4136 = ORIENTED_EDGE ( 'NONE', *, *, #268, .F. ) ;
#4137 = EDGE_CURVE ( 'NONE', #4700, #6547, #252, .T. ) ;
#4138 = ORIENTED_EDGE ( 'NONE', *, *, #9060, .T. ) ;
#4139 = LINE ( 'NONE', #4786, #7130 ) ;
#4140 = ORIENTED_EDGE ( 'NONE', *, *, #2901, .T. ) ;
#4141 = LINE ( 'NONE', #4839, #5343 ) ;
#4142 = FACE_OUTER_BOUND ( 'NONE', #2012, .T. ) ;
#4143 = CARTESIAN_POINT ( 'NONE',  ( -2.000000000000000000, 0.002500000000000000052, -1.135000000000000009 ) ) ;
#4144 = AXIS2_PLACEMENT_3D ( 'NONE', #2289, #5079, #7909 ) ;
#4145 = DIRECTION ( 'NONE',  ( 0.0000000000000000000, 0.0000000000000000000, 1.000000000000000000 ) ) ;
#4146 = CARTESIAN_POINT ( 'NONE',  ( 2.001999999999999780, 0.002500000000000000052, -0.8650000000000001021 ) ) ;
#4147 = ORIENTED_EDGE ( 'NONE', *, *, #2314, .T. ) ;
#4148 = FILL_AREA_STYLE ('',( #1338 ) ) ;
#4149 = LINE ( 'NONE', #4758, #1586 ) ;
#4150 = STYLED_ITEM ( 'NONE', ( #866 ), #153 ) ;
#4151 = FILL_AREA_STYLE_COLOUR ( '', #4192 ) ;
#4152 = CARTESIAN_POINT ( 'NONE',  ( 2.000000000000000000, 0.2024999999999999856, 0.6350000000000001199 ) ) ;
#4153 = SURFACE_STYLE_FILL_AREA ( #1343 ) ;
#4154 = VERTEX_POINT ( 'NONE', #8560 ) ;
#4155 =( NAMED_UNIT ( * ) PLANE_ANGLE_UNIT ( ) SI_UNIT ( $, .RADIAN. ) );
#4156 = EDGE_LOOP ( 'NONE', ( #6731, #321, #6124, #1743 ) ) ;
#4157 = CARTESIAN_POINT ( 'NONE',  ( -2.001999999999999780, 0.002500000000000000052, -0.8650000000000001021 ) ) ;
#4158 =( NAMED_UNIT ( * ) PLANE_ANGLE_UNIT ( ) SI_UNIT ( $, .RADIAN. ) );
#4159 = VECTOR ( 'NONE', #8135, 1000.000000000000000 ) ;
#4160 =( NAMED_UNIT ( * ) SI_UNIT ( $, .STERADIAN. ) SOLID_ANGLE_UNIT ( ) );
#4161 = VECTOR ( 'NONE', #6663, 1000.000000000000000 ) ;
#4162 = DIRECTION ( 'NONE',  ( 0.0000000000000000000, -0.0000000000000000000, 1.000000000000000000 ) ) ;
#4163 = EDGE_LOOP ( 'NONE', ( #4875, #8771, #1370, #1221 ) ) ;
#4164 = SURFACE_SIDE_STYLE ('',( #4949 ) ) ;
#4165 = ORIENTED_EDGE ( 'NONE', *, *, #5154, .T. ) ;
#4166 = DIRECTION ( 'NONE',  ( -1.000000000000000000, -0.0000000000000000000, -0.0000000000000000000 ) ) ;
#4167 = VERTEX_POINT ( 'NONE', #4340 ) ;
#4168 = ORIENTED_EDGE ( 'NONE', *, *, #8547, .T. ) ;
#4169 = DIRECTION ( 'NONE',  ( -1.000000000000000000, 0.0000000000000000000, -0.0000000000000000000 ) ) ;
#4170 = LINE ( 'NONE', #7654, #4331 ) ;
#4171 = ADVANCED_FACE ( 'NONE', ( #2342 ), #7962, .F. ) ;
#4172 = EDGE_CURVE ( 'NONE', #1196, #3192, #1008, .T. ) ;
#4173 = PLANE ( 'NONE',  #6970 ) ;
#4174 = CARTESIAN_POINT ( 'NONE',  ( -2.000000000000000000, 0.9000000000000000222, -2.000000000000000000 ) ) ;
#4175 =( NAMED_UNIT ( * ) SI_UNIT ( $, .STERADIAN. ) SOLID_ANGLE_UNIT ( ) );
#4176 = FILL_AREA_STYLE_COLOUR ( '', #8699 ) ;
#4177 = PRESENTATION_LAYER_ASSIGNMENT (  '', '', ( #2290 ) ) ;
#4178 = ORIENTED_EDGE ( 'NONE', *, *, #4086, .T. ) ;
#4179 = CARTESIAN_POINT ( 'NONE',  ( 2.001999999999999780, 0.2025000000000000133, -0.1350000000000001477 ) ) ;
#4180 = PRESENTATION_LAYER_ASSIGNMENT (  '', '', ( #3027 ) ) ;
#4181 = ADVANCED_FACE ( 'NONE', ( #7440, #8059 ), #475, .F. ) ;
#4182 = FACE_OUTER_BOUND ( 'NONE', #2767, .T. ) ;
#4183 = MECHANICAL_DESIGN_GEOMETRIC_PRESENTATION_REPRESENTATION (  '', ( #6984 ), #931 ) ;
#4184 = CARTESIAN_POINT ( 'NONE',  ( -0.3649999999999996581, 0.002499999999999985307, 2.000000000000000000 ) ) ;
#4185 = EDGE_CURVE ( 'NONE', #6547, #2895, #8893, .T. ) ;
#4186 = LINE ( 'NONE', #8359, #2481 ) ;
#4187 = UNCERTAINTY_MEASURE_WITH_UNIT (LENGTH_MEASURE( 1.000000000000000082E-05 ), #8527, 'distance_accuracy_value', 'NONE');
#4188 = LINE ( 'NONE', #2002, #7104 ) ;
#4189 = MECHANICAL_DESIGN_GEOMETRIC_PRESENTATION_REPRESENTATION (  '', ( #8194 ), #3606 ) ;
#4190 = PLANE ( 'NONE',  #8929 ) ;
#4191 = SURFACE_STYLE_FILL_AREA ( #3419 ) ;
#4192 = COLOUR_RGB ( '',1.000000000000000000, 1.000000000000000000, 1.000000000000000000 ) ;
#4193 = EDGE_CURVE ( 'NONE', #4291, #5506, #4535, .T. ) ;
#4194 = LINE ( 'NONE', #5482, #4647 ) ;
#4195 = LINE ( 'NONE', #7021, #914 ) ;
#4196 = AXIS2_PLACEMENT_3D ( 'NONE', #7423, #3791, #4562 ) ;
#4197 = DIRECTION ( 'NONE',  ( -0.0000000000000000000, -1.000000000000000000, -0.0000000000000000000 ) ) ;
#4198 =( LENGTH_UNIT ( ) NAMED_UNIT ( * ) SI_UNIT ( .MILLI., .METRE. ) );
#4199 = MECHANICAL_DESIGN_GEOMETRIC_PRESENTATION_REPRESENTATION (  '', ( #2455 ), #9093 ) ;
#4200 = VERTEX_POINT ( 'NONE', #8943 ) ;
#4201 = UNCERTAINTY_MEASURE_WITH_UNIT (LENGTH_MEASURE( 1.000000000000000082E-05 ), #8818, 'distance_accuracy_value', 'NONE');
#4202 = CARTESIAN_POINT ( 'NONE',  ( -2.000000000000000000, 0.002500000000000000052, -0.3649999999999999911 ) ) ;
#4203 = STYLED_ITEM ( 'NONE', ( #3580 ), #7194 ) ;
#4204 = LINE ( 'NONE', #6146, #7613 ) ;
#4205 = VERTEX_POINT ( 'NONE', #5356 ) ;
#4206 = CARTESIAN_POINT ( 'NONE',  ( -2.001999999999999780, 0.002500000000000000052, 0.6349999999999998979 ) ) ;
#4207 = LINE ( 'NONE', #6535, #7636 ) ;
#4208 = DIRECTION ( 'NONE',  ( -2.710505431213761578E-16, 0.0000000000000000000, -1.000000000000000000 ) ) ;
#4209 = VECTOR ( 'NONE', #2060, 1000.000000000000000 ) ;
#4210 = VECTOR ( 'NONE', #962, 1000.000000000000000 ) ;
#4211 = VERTEX_POINT ( 'NONE', #1783 ) ;
#4212 = ORIENTED_EDGE ( 'NONE', *, *, #2626, .F. ) ;
#4213 = ORIENTED_EDGE ( 'NONE', *, *, #2835, .T. ) ;
#4214 = ORIENTED_EDGE ( 'NONE', *, *, #4410, .T. ) ;
#4215 = LINE ( 'NONE', #7044, #8948 ) ;
#4216 = AXIS2_PLACEMENT_3D ( 'NONE', #5799, #5857, #752 ) ;
#4217 = PRESENTATION_LAYER_ASSIGNMENT (  '', '', ( #3057 ) ) ;
#4218 = SURFACE_STYLE_USAGE ( .BOTH. , #2900 ) ;
#4219 = CARTESIAN_POINT ( 'NONE',  ( -2.001999999999999780, 0.2025000000000000133, 1.364999999999999991 ) ) ;
#4220 = UNCERTAINTY_MEASURE_WITH_UNIT (LENGTH_MEASURE( 1.000000000000000082E-05 ), #618, 'distance_accuracy_value', 'NONE');
#4221 =( NAMED_UNIT ( * ) PLANE_ANGLE_UNIT ( ) SI_UNIT ( $, .RADIAN. ) );
#4222 =( NAMED_UNIT ( * ) PLANE_ANGLE_UNIT ( ) SI_UNIT ( $, .RADIAN. ) );
#4223 = FILL_AREA_STYLE ('',( #688 ) ) ;
#4224 = ORIENTED_EDGE ( 'NONE', *, *, #1749, .T. ) ;
#4225 = CARTESIAN_POINT ( 'NONE',  ( -2.000000000000000000, 0.002500000000000000052, 0.6350000000000000089 ) ) ;
#4226 = PRESENTATION_LAYER_ASSIGNMENT (  '', '', ( #5120 ) ) ;
#4227 = EDGE_LOOP ( 'NONE', ( #129, #2212, #1762, #4767 ) ) ;
#4228 = PRESENTATION_STYLE_ASSIGNMENT (( #1417 ) ) ;
#4229 = EDGE_LOOP ( 'NONE', ( #1592, #9110, #3162, #9004, #4504, #251, #3648, #6643, #6433, #6345, #8408, #6021, #6026, #4596, #218, #2959, #3841, #5446, #7370, #3038, #3772, #8567, #3918, #7739, #8293, #4366, #1726, #8390, #5639, #3700, #5583, #8287, #5927, #5609, #9145, #4480, #5461, #507, #6830, #2527, #5735, #5889, #3533, #576, #5581, #2944, #1948, #2689, #877, #3663, #1664, #2095, #3997, #4462, #1789, #3637, #2822, #6397, #5495, #817, #5057, #6897, #3686, #5626, #6750, #5841, #1107, #804, #8881, #8843, #2979, #29, #5029, #1876, #9039, #6262, #2151, #8334, #7841, #9040, #421, #1090, #2026, #3625, #6884, #4316, #5950, #1796, #6539, #2270, #6778, #4252, #5824, #3834, #3231, #4835, #5973, #4838, #3810, #7324 ) ) ;
#4230 =( NAMED_UNIT ( * ) PLANE_ANGLE_UNIT ( ) SI_UNIT ( $, .RADIAN. ) );
#4231 = LINE ( 'NONE', #8534, #1136 ) ;
#4232 = SURFACE_SIDE_STYLE ('',( #5015 ) ) ;
#4233 = DIRECTION ( 'NONE',  ( -0.0000000000000000000, -1.000000000000000000, -0.0000000000000000000 ) ) ;
#4234 = FILL_AREA_STYLE_COLOUR ( '', #5805 ) ;
#4235 = AXIS2_PLACEMENT_3D ( 'NONE', #4903, #765, #3616 ) ;
#4236 = FILL_AREA_STYLE_COLOUR ( '', #4499 ) ;
#4237 = LINE ( 'NONE', #5791, #7316 ) ;
#4238 = VECTOR ( 'NONE', #7747, 1000.000000000000000 ) ;
#4239 = EDGE_CURVE ( 'NONE', #1759, #2574, #8190, .T. ) ;
#4240 = LINE ( 'NONE', #5651, #1818 ) ;
#4241 = ORIENTED_EDGE ( 'NONE', *, *, #3073, .T. ) ;
#4242 =( NAMED_UNIT ( * ) PLANE_ANGLE_UNIT ( ) SI_UNIT ( $, .RADIAN. ) );
#4243 = DIRECTION ( 'NONE',  ( 0.0000000000000000000, 0.0000000000000000000, -1.000000000000000000 ) ) ;
#4244 = MECHANICAL_DESIGN_GEOMETRIC_PRESENTATION_REPRESENTATION (  '', ( #4541 ), #1452 ) ;
#4245 = MECHANICAL_DESIGN_GEOMETRIC_PRESENTATION_REPRESENTATION (  '', ( #8250 ), #3376 ) ;
#4246 = DIRECTION ( 'NONE',  ( 0.0000000000000000000, 1.000000000000000000, 0.0000000000000000000 ) ) ;
#4247 = CARTESIAN_POINT ( 'NONE',  ( 2.001999999999999780, 0.002500000000000000052, -0.3650000000000001577 ) ) ;
#4248 = CARTESIAN_POINT ( 'NONE',  ( 1.499999999999999778, 0.9000000000000000222, -1.600000000000000089 ) ) ;
#4249 = ORIENTED_EDGE ( 'NONE', *, *, #2671, .F. ) ;
#4250 = EDGE_CURVE ( 'NONE', #3116, #663, #7390, .T. ) ;
#4251 = CARTESIAN_POINT ( 'NONE',  ( -0.1349999999999995925, 0.1999999999999999833, 2.000000000000000000 ) ) ;
#4252 = ORIENTED_EDGE ( 'NONE', *, *, #7746, .F. ) ;
#4253 = DIRECTION ( 'NONE',  ( 0.0000000000000000000, 0.0000000000000000000, -1.000000000000000000 ) ) ;
#4254 =( NAMED_UNIT ( * ) SI_UNIT ( $, .STERADIAN. ) SOLID_ANGLE_UNIT ( ) );
#4255 = PRESENTATION_STYLE_ASSIGNMENT (( #6240 ) ) ;
#4256 = CARTESIAN_POINT ( 'NONE',  ( 1.600000000000000089, 0.002500000000000000052, 0.8649999999999999911 ) ) ;
#4257 = EDGE_CURVE ( 'NONE', #4825, #63, #2005, .T. ) ;
#4258 = ORIENTED_EDGE ( 'NONE', *, *, #6097, .F. ) ;
#4259 = DIRECTION ( 'NONE',  ( -1.000000000000000000, -0.0000000000000000000, -0.0000000000000000000 ) ) ;
#4260 = VERTEX_POINT ( 'NONE', #2826 ) ;
#4261 =( GEOMETRIC_REPRESENTATION_CONTEXT ( 3 ) GLOBAL_UNCERTAINTY_ASSIGNED_CONTEXT ( ( #2499 ) ) GLOBAL_UNIT_ASSIGNED_CONTEXT ( ( #3819, #8011, #3069 ) ) REPRESENTATION_CONTEXT ( 'NONE', 'WORKASPACE' ) );
#4262 = ORIENTED_EDGE ( 'NONE', *, *, #1911, .F. ) ;
#4263 = VECTOR ( 'NONE', #3846, 1000.000000000000000 ) ;
#4264 = CARTESIAN_POINT ( 'NONE',  ( 2.001999999999999780, 0.002500000000000000052, -0.8650000000000001021 ) ) ;
#4265 = LINE ( 'NONE', #7085, #8471 ) ;
#4266 = DIRECTION ( 'NONE',  ( -1.000000000000000000, 0.0000000000000000000, 0.0000000000000000000 ) ) ;
#4267 =( NAMED_UNIT ( * ) SI_UNIT ( $, .STERADIAN. ) SOLID_ANGLE_UNIT ( ) );
#4268 =( NAMED_UNIT ( * ) PLANE_ANGLE_UNIT ( ) SI_UNIT ( $, .RADIAN. ) );
#4269 = DIRECTION ( 'NONE',  ( -0.0000000000000000000, -0.0000000000000000000, -1.000000000000000000 ) ) ;
#4270 = VERTEX_POINT ( 'NONE', #4075 ) ;
#4271 = ORIENTED_EDGE ( 'NONE', *, *, #5576, .T. ) ;
#4272 = DIRECTION ( 'NONE',  ( -0.7071067811865474617, -0.0000000000000000000, 0.7071067811865474617 ) ) ;
#4273 =( LENGTH_UNIT ( ) NAMED_UNIT ( * ) SI_UNIT ( .MILLI., .METRE. ) );
#4274 = DIRECTION ( 'NONE',  ( 0.0000000000000000000, 0.0000000000000000000, -1.000000000000000000 ) ) ;
#4275 = ADVANCED_FACE ( 'NONE', ( #703 ), #9074, .T. ) ;
#4276 = SURFACE_STYLE_USAGE ( .BOTH. , #6317 ) ;
#4277 = FILL_AREA_STYLE_COLOUR ( '', #7592 ) ;
#4278 = LINE ( 'NONE', #5646, #1270 ) ;
#4279 = CARTESIAN_POINT ( 'NONE',  ( 2.000000000000000000, 0.0000000000000000000, 0.3649999999999999911 ) ) ;
#4280 = UNCERTAINTY_MEASURE_WITH_UNIT (LENGTH_MEASURE( 1.000000000000000082E-05 ), #2833, 'distance_accuracy_value', 'NONE');
#4281 = CARTESIAN_POINT ( 'NONE',  ( 2.000000000000000000, 0.0000000000000000000, 0.8649999999999999911 ) ) ;
#4282 = ORIENTED_EDGE ( 'NONE', *, *, #901, .F. ) ;
#4283 = DIRECTION ( 'NONE',  ( -0.0000000000000000000, -1.000000000000000000, -0.0000000000000000000 ) ) ;
#4284 = CARTESIAN_POINT ( 'NONE',  ( -2.000000000000000000, 0.2025000000000000133, 1.135000000000000009 ) ) ;
#4285 = VECTOR ( 'NONE', #1764, 1000.000000000000000 ) ;
#4286 = SURFACE_SIDE_STYLE ('',( #8700 ) ) ;
#4287 = EDGE_CURVE ( 'NONE', #3553, #4004, #1436, .T. ) ;
#4288 = APPLICATION_CONTEXT ( 'automotive_design' ) ;
#4289 = EDGE_CURVE ( 'NONE', #748, #1490, #4149, .T. ) ;
#4290 = FILL_AREA_STYLE_COLOUR ( '', #2780 ) ;
#4291 = VERTEX_POINT ( 'NONE', #1961 ) ;
#4292 = UNCERTAINTY_MEASURE_WITH_UNIT (LENGTH_MEASURE( 1.000000000000000082E-05 ), #4656, 'distance_accuracy_value', 'NONE');
#4293 = SURFACE_STYLE_USAGE ( .BOTH. , #5762 ) ;
#4294 = STYLED_ITEM ( 'NONE', ( #3981 ), #191 ) ;
#4295 = VERTEX_POINT ( 'NONE', #9031 ) ;
#4296 = ADVANCED_FACE ( 'NONE', ( #4887 ), #5479, .F. ) ;
#4297 = SURFACE_STYLE_FILL_AREA ( #2938 ) ;
#4298 = ADVANCED_FACE ( 'NONE', ( #6323 ), #3052, .F. ) ;
#4299 = COLOUR_RGB ( '',1.000000000000000000, 1.000000000000000000, 1.000000000000000000 ) ;
#4300 = PRESENTATION_STYLE_ASSIGNMENT (( #6487 ) ) ;
#4301 =( NAMED_UNIT ( * ) SI_UNIT ( $, .STERADIAN. ) SOLID_ANGLE_UNIT ( ) );
#4302 = FILL_AREA_STYLE ('',( #6390 ) ) ;
#4303 = UNCERTAINTY_MEASURE_WITH_UNIT (LENGTH_MEASURE( 1.000000000000000082E-05 ), #5237, 'distance_accuracy_value', 'NONE');
#4304 = PRESENTATION_STYLE_ASSIGNMENT (( #5911 ) ) ;
#4305 = ORIENTED_EDGE ( 'NONE', *, *, #8602, .F. ) ;
#4306 = CARTESIAN_POINT ( 'NONE',  ( -0.1349999999999995925, 0.1999999999999999833, -2.001999999999999780 ) ) ;
#4307 = EDGE_LOOP ( 'NONE', ( #3267, #1416, #8803, #7082, #3563, #5492 ) ) ;
#4308 =( GEOMETRIC_REPRESENTATION_CONTEXT ( 3 ) GLOBAL_UNCERTAINTY_ASSIGNED_CONTEXT ( ( #1431 ) ) GLOBAL_UNIT_ASSIGNED_CONTEXT ( ( #5155, #7837, #6459 ) ) REPRESENTATION_CONTEXT ( 'NONE', 'WORKASPACE' ) );
#4309 = VECTOR ( 'NONE', #6541, 1000.000000000000000 ) ;
#4310 = LINE ( 'NONE', #7128, #4309 ) ;
#4311 = EDGE_CURVE ( 'NONE', #3060, #7838, #5170, .T. ) ;
#4312 = VECTOR ( 'NONE', #4440, 1000.000000000000000 ) ;
#4313 = LINE ( 'NONE', #3034, #2739 ) ;
#4314 = CARTESIAN_POINT ( 'NONE',  ( -2.000000000000000000, 0.0000000000000000000, 0.3649999999999999911 ) ) ;
#4315 = AXIS2_PLACEMENT_3D ( 'NONE', #8105, #294, #8002 ) ;
#4316 = ORIENTED_EDGE ( 'NONE', *, *, #4570, .T. ) ;
#4317 = AXIS2_PLACEMENT_3D ( 'NONE', #3749, #7247, #4 ) ;
#4318 = PLANE ( 'NONE',  #5230 ) ;
#4319 = ORIENTED_EDGE ( 'NONE', *, *, #404, .F. ) ;
#4320 = PRESENTATION_LAYER_ASSIGNMENT (  '', '', ( #8921 ) ) ;
#4321 = CARTESIAN_POINT ( 'NONE',  ( 0.8650000000000004352, 1.490150555354787828E-17, 1.600000000000000089 ) ) ;
#4322 = SURFACE_STYLE_USAGE ( .BOTH. , #2186 ) ;
#4323 =( NAMED_UNIT ( * ) SI_UNIT ( $, .STERADIAN. ) SOLID_ANGLE_UNIT ( ) );
#4324 = VECTOR ( 'NONE', #4106, 1000.000000000000000 ) ;
#4325 = DIRECTION ( 'NONE',  ( 0.0000000000000000000, 0.0000000000000000000, -1.000000000000000000 ) ) ;
#4326 = DIRECTION ( 'NONE',  ( 1.000000000000000000, 0.0000000000000000000, -0.0000000000000000000 ) ) ;
#4327 = FACE_OUTER_BOUND ( 'NONE', #2425, .T. ) ;
#4328 = EDGE_LOOP ( 'NONE', ( #8593, #518, #8865, #3710 ) ) ;
#4329 = VECTOR ( 'NONE', #5147, 1000.000000000000000 ) ;
#4330 =( LENGTH_UNIT ( ) NAMED_UNIT ( * ) SI_UNIT ( .MILLI., .METRE. ) );
#4331 = VECTOR ( 'NONE', #5550, 1000.000000000000000 ) ;
#4332 = AXIS2_PLACEMENT_3D ( 'NONE', #4944, #9137, #3481 ) ;
#4333 = VERTEX_POINT ( 'NONE', #2283 ) ;
#4334 = LINE ( 'NONE', #290, #5460 ) ;
#4335 = VECTOR ( 'NONE', #2528, 1000.000000000000000 ) ;
#4336 = DIRECTION ( 'NONE',  ( 1.000000000000000000, 0.0000000000000000000, 0.0000000000000000000 ) ) ;
#4337 = CARTESIAN_POINT ( 'NONE',  ( -1.364999999999999769, -4.470451666064363791E-17, -2.001999999999999780 ) ) ;
#4338 = EDGE_CURVE ( 'NONE', #6696, #152, #5023, .T. ) ;
#4339 = EDGE_LOOP ( 'NONE', ( #306, #7779, #7378, #8041 ) ) ;
#4340 = CARTESIAN_POINT ( 'NONE',  ( 2.001999999999999780, 0.002500000000000000052, 0.6349999999999998979 ) ) ;
#4341 = PLANE ( 'NONE',  #2560 ) ;
#4342 =( GEOMETRIC_REPRESENTATION_CONTEXT ( 3 ) GLOBAL_UNCERTAINTY_ASSIGNED_CONTEXT ( ( #6430 ) ) GLOBAL_UNIT_ASSIGNED_CONTEXT ( ( #4657, #7879, #8522 ) ) REPRESENTATION_CONTEXT ( 'NONE', 'WORKASPACE' ) );
#4343 = COLOUR_RGB ( '',1.000000000000000000, 1.000000000000000000, 1.000000000000000000 ) ;
#4344 = LINE ( 'NONE', #867, #3294 ) ;
#4345 = CARTESIAN_POINT ( 'NONE',  ( 2.001999999999999780, 0.2025000000000000133, -1.365000000000000213 ) ) ;
#4346 =( NAMED_UNIT ( * ) PLANE_ANGLE_UNIT ( ) SI_UNIT ( $, .RADIAN. ) );
#4347 = SURFACE_STYLE_USAGE ( .BOTH. , #7870 ) ;
#4348 = PLANE ( 'NONE',  #6141 ) ;
#4349 = MECHANICAL_DESIGN_GEOMETRIC_PRESENTATION_REPRESENTATION (  '', ( #8643 ), #6866 ) ;
#4350 = LINE ( 'NONE', #5621, #3390 ) ;
#4351 = CARTESIAN_POINT ( 'NONE',  ( -2.000000000000000000, 0.002500000000000000052, 0.1350000000000000366 ) ) ;
#4352 = EDGE_CURVE ( 'NONE', #7662, #2362, #7292, .T. ) ;
#4353 = MECHANICAL_DESIGN_GEOMETRIC_PRESENTATION_REPRESENTATION (  '', ( #4668 ), #5518 ) ;
#4354 = CARTESIAN_POINT ( 'NONE',  ( 1.135000000000000675, 0.002500000000000000052, -2.000000000000000000 ) ) ;
#4355 = AXIS2_PLACEMENT_3D ( 'NONE', #874, #8714, #922 ) ;
#4356 = ORIENTED_EDGE ( 'NONE', *, *, #4369, .T. ) ;
#4357 = EDGE_CURVE ( 'NONE', #8066, #5541, #6422, .T. ) ;
#4358 = VERTEX_POINT ( 'NONE', #5655 ) ;
#4359 = VECTOR ( 'NONE', #8377, 1000.000000000000000 ) ;
#4360 = PLANE ( 'NONE',  #4636 ) ;
#4361 = CARTESIAN_POINT ( 'NONE',  ( -2.000000000000000000, 0.2024999999999999856, 0.8649999999999998801 ) ) ;
#4362 = FACE_OUTER_BOUND ( 'NONE', #8025, .T. ) ;
#4363 = MECHANICAL_DESIGN_GEOMETRIC_PRESENTATION_REPRESENTATION (  '', ( #6437 ), #6877 ) ;
#4364 = SURFACE_STYLE_FILL_AREA ( #1557 ) ;
#4365 = SURFACE_STYLE_FILL_AREA ( #4223 ) ;
#4366 = ORIENTED_EDGE ( 'NONE', *, *, #3529, .F. ) ;
#4367 =( GEOMETRIC_REPRESENTATION_CONTEXT ( 3 ) GLOBAL_UNCERTAINTY_ASSIGNED_CONTEXT ( ( #5310 ) ) GLOBAL_UNIT_ASSIGNED_CONTEXT ( ( #275, #5936, #5341 ) ) REPRESENTATION_CONTEXT ( 'NONE', 'WORKASPACE' ) );
#4368 = LINE ( 'NONE', #6406, #5608 ) ;
#4369 = EDGE_CURVE ( 'NONE', #553, #7660, #6476, .T. ) ;
#4370 = ORIENTED_EDGE ( 'NONE', *, *, #1938, .T. ) ;
#4371 = LINE ( 'NONE', #6550, #8944 ) ;
#4372 = VECTOR ( 'NONE', #7289, 1000.000000000000000 ) ;
#4373 = CARTESIAN_POINT ( 'NONE',  ( -0.6349999999999995648, 0.002499999999999970562, 2.000000000000000000 ) ) ;
#4374 = CARTESIAN_POINT ( 'NONE',  ( 0.8650000000000004352, 0.002500000000000001787, -2.000000000000000000 ) ) ;
#4375 = CARTESIAN_POINT ( 'NONE',  ( -2.000000000000000000, 0.2024999999999999856, 0.3649999999999998801 ) ) ;
#4376 = PRESENTATION_LAYER_ASSIGNMENT (  '', '', ( #2489 ) ) ;
#4377 = ORIENTED_EDGE ( 'NONE', *, *, #4954, .T. ) ;
#4378 = LINE ( 'NONE', #852, #4888 ) ;
#4379 = ORIENTED_EDGE ( 'NONE', *, *, #7675, .T. ) ;
#4380 = AXIS2_PLACEMENT_3D ( 'NONE', #3035, #5834, #222 ) ;
#4381 = CARTESIAN_POINT ( 'NONE',  ( -0.3649999999999996581, 0.002499999999999998317, -2.000000000000000000 ) ) ;
#4382 = COLOUR_RGB ( '',0.2509803921568627416, 0.2509803921568627416, 0.2509803921568627416 ) ;
#4383 =( LENGTH_UNIT ( ) NAMED_UNIT ( * ) SI_UNIT ( .MILLI., .METRE. ) );
#4384 = CARTESIAN_POINT ( 'NONE',  ( 1.250000000000000000, 0.0005000000000000003357, 1.000000000000000000 ) ) ;
#4385 =( GEOMETRIC_REPRESENTATION_CONTEXT ( 3 ) GLOBAL_UNCERTAINTY_ASSIGNED_CONTEXT ( ( #893 ) ) GLOBAL_UNIT_ASSIGNED_CONTEXT ( ( #5891, #8779, #1717 ) ) REPRESENTATION_CONTEXT ( 'NONE', 'WORKASPACE' ) );
#4386 = DIRECTION ( 'NONE',  ( -1.000000000000000000, -0.0000000000000000000, -0.0000000000000000000 ) ) ;
#4387 = CARTESIAN_POINT ( 'NONE',  ( -2.001999999999999780, 0.2025000000000000133, -1.365000000000000213 ) ) ;
#4388 = AXIS2_PLACEMENT_3D ( 'NONE', #1443, #5607, #103 ) ;
#4389 = ORIENTED_EDGE ( 'NONE', *, *, #4548, .F. ) ;
#4390 = UNCERTAINTY_MEASURE_WITH_UNIT (LENGTH_MEASURE( 1.000000000000000082E-05 ), #4658, 'distance_accuracy_value', 'NONE');
#4391 =( NAMED_UNIT ( * ) PLANE_ANGLE_UNIT ( ) SI_UNIT ( $, .RADIAN. ) );
#4392 =( NAMED_UNIT ( * ) PLANE_ANGLE_UNIT ( ) SI_UNIT ( $, .RADIAN. ) );
#4393 = VERTEX_POINT ( 'NONE', #3704 ) ;
#4394 = DIRECTION ( 'NONE',  ( 0.0000000000000000000, 0.0000000000000000000, -1.000000000000000000 ) ) ;
#4395 =( LENGTH_UNIT ( ) NAMED_UNIT ( * ) SI_UNIT ( .MILLI., .METRE. ) );
#4396 = FACE_OUTER_BOUND ( 'NONE', #3388, .T. ) ;
#4397 = CARTESIAN_POINT ( 'NONE',  ( -0.8649999999999996581, 0.1999999999999999833, -2.001999999999999780 ) ) ;
#4398 = ADVANCED_FACE ( 'NONE', ( #7155 ), #7902, .T. ) ;
#4399 = FILL_AREA_STYLE ('',( #1865 ) ) ;
#4400 = CARTESIAN_POINT ( 'NONE',  ( 2.001999999999999780, 0.2025000000000000133, -0.3650000000000001577 ) ) ;
#4401 = PRESENTATION_LAYER_ASSIGNMENT (  '', '', ( #4842 ) ) ;
#4402 = UNCERTAINTY_MEASURE_WITH_UNIT (LENGTH_MEASURE( 1.000000000000000082E-05 ), #4198, 'distance_accuracy_value', 'NONE');
#4403 = ORIENTED_EDGE ( 'NONE', *, *, #343, .F. ) ;
#4404 =( LENGTH_UNIT ( ) NAMED_UNIT ( * ) SI_UNIT ( .MILLI., .METRE. ) );
#4405 = ORIENTED_EDGE ( 'NONE', *, *, #7512, .T. ) ;
#4406 = ORIENTED_EDGE ( 'NONE', *, *, #188, .F. ) ;
#4407 = CARTESIAN_POINT ( 'NONE',  ( -2.001999999999999780, 0.002500000000000000052, -0.1350000000000001477 ) ) ;
#4408 = EDGE_CURVE ( 'NONE', #4962, #2667, #3886, .T. ) ;
#4409 = PLANE ( 'NONE',  #6725 ) ;
#4410 = EDGE_CURVE ( 'NONE', #7813, #4447, #6755, .T. ) ;
#4411 = LINE ( 'NONE', #3866, #8988 ) ;
#4412 = EDGE_LOOP ( 'NONE', ( #7243, #9177, #8814, #4904, #4906, #3118 ) ) ;
#4413 =( GEOMETRIC_REPRESENTATION_CONTEXT ( 3 ) GLOBAL_UNCERTAINTY_ASSIGNED_CONTEXT ( ( #2328 ) ) GLOBAL_UNIT_ASSIGNED_CONTEXT ( ( #4454, #8021, #8721 ) ) REPRESENTATION_CONTEXT ( 'NONE', 'WORKASPACE' ) );
#4414 = DIRECTION ( 'NONE',  ( -0.0000000000000000000, 1.000000000000000000, -0.0000000000000000000 ) ) ;
#4415 = VERTEX_POINT ( 'NONE', #5265 ) ;
#4416 = SURFACE_STYLE_FILL_AREA ( #6462 ) ;
#4417 = ORIENTED_EDGE ( 'NONE', *, *, #5379, .T. ) ;
#4418 =( NAMED_UNIT ( * ) PLANE_ANGLE_UNIT ( ) SI_UNIT ( $, .RADIAN. ) );
#4419 = FILL_AREA_STYLE ('',( #7329 ) ) ;
#4420 =( NAMED_UNIT ( * ) PLANE_ANGLE_UNIT ( ) SI_UNIT ( $, .RADIAN. ) );
#4421 = ADVANCED_FACE ( 'NONE', ( #5997 ), #4521, .T. ) ;
#4422 =( NAMED_UNIT ( * ) SI_UNIT ( $, .STERADIAN. ) SOLID_ANGLE_UNIT ( ) );
#4423 = UNCERTAINTY_MEASURE_WITH_UNIT (LENGTH_MEASURE( 1.000000000000000082E-05 ), #6940, 'distance_accuracy_value', 'NONE');
#4424 = EDGE_CURVE ( 'NONE', #368, #152, #5347, .T. ) ;
#4425 = DIRECTION ( 'NONE',  ( -1.000000000000000000, 0.0000000000000000000, -0.0000000000000000000 ) ) ;
#4426 = LINE ( 'NONE', #7206, #733 ) ;
#4427 = EDGE_LOOP ( 'NONE', ( #3758, #8890, #4824, #6250 ) ) ;
#4428 = CARTESIAN_POINT ( 'NONE',  ( -2.001999999999999780, 0.2025000000000000133, -0.3650000000000001577 ) ) ;
#4429 =( NAMED_UNIT ( * ) PLANE_ANGLE_UNIT ( ) SI_UNIT ( $, .RADIAN. ) );
#4430 = EDGE_CURVE ( 'NONE', #8544, #84, #5899, .T. ) ;
#4431 =( NAMED_UNIT ( * ) PLANE_ANGLE_UNIT ( ) SI_UNIT ( $, .RADIAN. ) );
#4432 = CARTESIAN_POINT ( 'NONE',  ( 1.365000000000000435, 0.002500000000000003088, -1.600000000000000089 ) ) ;
#4433 = ORIENTED_EDGE ( 'NONE', *, *, #7245, .F. ) ;
#4434 = FILL_AREA_STYLE ('',( #3661 ) ) ;
#4435 = FILL_AREA_STYLE_COLOUR ( '', #643 ) ;
#4436 = ORIENTED_EDGE ( 'NONE', *, *, #8684, .T. ) ;
#4437 =( NAMED_UNIT ( * ) PLANE_ANGLE_UNIT ( ) SI_UNIT ( $, .RADIAN. ) );
#4438 = CARTESIAN_POINT ( 'NONE',  ( 2.001999999999999780, 0.002500000000000000052, 0.1349999999999998701 ) ) ;
#4439 = VECTOR ( 'NONE', #8325, 1000.000000000000000 ) ;
#4440 = DIRECTION ( 'NONE',  ( 1.000000000000000000, 0.0000000000000000000, 0.0000000000000000000 ) ) ;
#4441 = CARTESIAN_POINT ( 'NONE',  ( -1.134999999999999787, 0.1999999999999999556, 2.000000000000000000 ) ) ;
#4442 = PLANE ( 'NONE',  #1115 ) ;
#4443 = FILL_AREA_STYLE ('',( #6012 ) ) ;
#4444 = COLOUR_RGB ( '',1.000000000000000000, 1.000000000000000000, 1.000000000000000000 ) ;
#4445 = SURFACE_SIDE_STYLE ('',( #5823 ) ) ;
#4446 = DIRECTION ( 'NONE',  ( 0.0000000000000000000, -1.000000000000000000, 0.0000000000000000000 ) ) ;
#4447 = VERTEX_POINT ( 'NONE', #340 ) ;
#4448 = ORIENTED_EDGE ( 'NONE', *, *, #2221, .F. ) ;
#4449 = FILL_AREA_STYLE_COLOUR ( '', #301 ) ;
#4450 = STYLED_ITEM ( 'NONE', ( #6178 ), #1068 ) ;
#4451 =( NAMED_UNIT ( * ) PLANE_ANGLE_UNIT ( ) SI_UNIT ( $, .RADIAN. ) );
#4452 = CARTESIAN_POINT ( 'NONE',  ( -1.364999999999999769, 0.002499999999999955383, 2.000000000000000000 ) ) ;
#4453 = LINE ( 'NONE', #7274, #8508 ) ;
#4454 =( LENGTH_UNIT ( ) NAMED_UNIT ( * ) SI_UNIT ( .MILLI., .METRE. ) );
#4455 = ORIENTED_EDGE ( 'NONE', *, *, #4482, .F. ) ;
#4456 = PRESENTATION_LAYER_ASSIGNMENT (  '', '', ( #903 ) ) ;
#4457 = FILL_AREA_STYLE_COLOUR ( '', #5924 ) ;
#4458 = VERTEX_POINT ( 'NONE', #3939 ) ;
#4459 = CARTESIAN_POINT ( 'NONE',  ( -0.3649999999999996581, 0.1999999999999999833, -2.001999999999999780 ) ) ;
#4460 = ADVANCED_FACE ( 'NONE', ( #4569 ), #3096, .T. ) ;
#4461 = EDGE_CURVE ( 'NONE', #791, #8851, #7567, .T. ) ;
#4462 = ORIENTED_EDGE ( 'NONE', *, *, #2795, .T. ) ;
#4463 = SURFACE_STYLE_USAGE ( .BOTH. , #87 ) ;
#4464 = SURFACE_STYLE_USAGE ( .BOTH. , #7373 ) ;
#4465 =( GEOMETRIC_REPRESENTATION_CONTEXT ( 3 ) GLOBAL_UNCERTAINTY_ASSIGNED_CONTEXT ( ( #1723 ) ) GLOBAL_UNIT_ASSIGNED_CONTEXT ( ( #6064, #7368, #7460 ) ) REPRESENTATION_CONTEXT ( 'NONE', 'WORKASPACE' ) );
#4466 = FACE_OUTER_BOUND ( 'NONE', #7596, .T. ) ;
#4467 = CARTESIAN_POINT ( 'NONE',  ( -1.250000000000000000, 0.0005000000000000003357, -1.250000000000000000 ) ) ;
#4468 = DIRECTION ( 'NONE',  ( 0.0000000000000000000, 0.0000000000000000000, 1.000000000000000000 ) ) ;
#4469 =( GEOMETRIC_REPRESENTATION_CONTEXT ( 3 ) GLOBAL_UNCERTAINTY_ASSIGNED_CONTEXT ( ( #4032 ) ) GLOBAL_UNIT_ASSIGNED_CONTEXT ( ( #4383, #5126, #4986 ) ) REPRESENTATION_CONTEXT ( 'NONE', 'WORKASPACE' ) );
#4470 = AXIS2_PLACEMENT_3D ( 'NONE', #7577, #1197, #349 ) ;
#4471 = SURFACE_STYLE_USAGE ( .BOTH. , #2967 ) ;
#4472 = FILL_AREA_STYLE ('',( #4520 ) ) ;
#4473 = EDGE_CURVE ( 'NONE', #2071, #2667, #6923, .T. ) ;
#4474 = VECTOR ( 'NONE', #7569, 1000.000000000000000 ) ;
#4475 = CARTESIAN_POINT ( 'NONE',  ( 2.001999999999999780, 0.002500000000000000052, 1.135000000000000009 ) ) ;
#4476 = DIRECTION ( 'NONE',  ( 1.000000000000000000, 0.0000000000000000000, -0.0000000000000000000 ) ) ;
#4477 = FILL_AREA_STYLE ('',( #1735 ) ) ;
#4478 = DIRECTION ( 'NONE',  ( 0.0000000000000000000, -1.000000000000000000, 0.0000000000000000000 ) ) ;
#4479 = AXIS2_PLACEMENT_3D ( 'NONE', #311, #2354, #3154 ) ;
#4480 = ORIENTED_EDGE ( 'NONE', *, *, #5363, .F. ) ;
#4481 =( LENGTH_UNIT ( ) NAMED_UNIT ( * ) SI_UNIT ( .MILLI., .METRE. ) );
#4482 = EDGE_CURVE ( 'NONE', #5625, #3860, #593, .T. ) ;
#4483 = VERTEX_POINT ( 'NONE', #4064 ) ;
#4484 = CARTESIAN_POINT ( 'NONE',  ( -0.3649999999999995470, 0.002499999999999998317, -1.600000000000000089 ) ) ;
#4485 = VECTOR ( 'NONE', #1225, 1000.000000000000000 ) ;
#4486 = CARTESIAN_POINT ( 'NONE',  ( 0.6350000000000004530, 0.002500000000000001787, -1.600000000000000089 ) ) ;
#4487 = MECHANICAL_DESIGN_GEOMETRIC_PRESENTATION_REPRESENTATION (  '', ( #7290 ), #5499 ) ;
#4488 = COLOUR_RGB ( '',0.2509803921568627416, 0.2509803921568627416, 0.2509803921568627416 ) ;
#4489 = CARTESIAN_POINT ( 'NONE',  ( 1.600000000000000089, 0.0000000000000000000, 0.1349999999999998701 ) ) ;
#4490 =( NAMED_UNIT ( * ) PLANE_ANGLE_UNIT ( ) SI_UNIT ( $, .RADIAN. ) );
#4491 = VECTOR ( 'NONE', #904, 1000.000000000000000 ) ;
#4492 =( GEOMETRIC_REPRESENTATION_CONTEXT ( 3 ) GLOBAL_UNCERTAINTY_ASSIGNED_CONTEXT ( ( #759 ) ) GLOBAL_UNIT_ASSIGNED_CONTEXT ( ( #8879, #5457, #5386 ) ) REPRESENTATION_CONTEXT ( 'NONE', 'WORKASPACE' ) );
#4493 = FACE_OUTER_BOUND ( 'NONE', #8156, .T. ) ;
#4494 = MECHANICAL_DESIGN_GEOMETRIC_PRESENTATION_REPRESENTATION (  '', ( #6719 ), #3922 ) ;
#4495 =( NAMED_UNIT ( * ) PLANE_ANGLE_UNIT ( ) SI_UNIT ( $, .RADIAN. ) );
#4496 = ORIENTED_EDGE ( 'NONE', *, *, #2567, .F. ) ;
#4497 = FILL_AREA_STYLE ('',( #2397 ) ) ;
#4498 =( GEOMETRIC_REPRESENTATION_CONTEXT ( 3 ) GLOBAL_UNCERTAINTY_ASSIGNED_CONTEXT ( ( #3485 ) ) GLOBAL_UNIT_ASSIGNED_CONTEXT ( ( #5780, #3160, #8122 ) ) REPRESENTATION_CONTEXT ( 'NONE', 'WORKASPACE' ) );
#4499 = COLOUR_RGB ( '',1.000000000000000000, 1.000000000000000000, 1.000000000000000000 ) ;
#4500 = CARTESIAN_POINT ( 'NONE',  ( -1.600000000000000089, 0.002500000000000000052, -1.365000000000000213 ) ) ;
#4501 = PRESENTATION_STYLE_ASSIGNMENT (( #1703 ) ) ;
#4502 = CARTESIAN_POINT ( 'NONE',  ( -2.000000000000000000, 0.002500000000000000052, 0.8649999999999999911 ) ) ;
#4503 = VECTOR ( 'NONE', #4446, 1000.000000000000000 ) ;
#4504 = ORIENTED_EDGE ( 'NONE', *, *, #7749, .F. ) ;
#4505 = ORIENTED_EDGE ( 'NONE', *, *, #3341, .T. ) ;
#4506 = LINE ( 'NONE', #3041, #1999 ) ;
#4507 = PRESENTATION_LAYER_ASSIGNMENT (  '', '', ( #1415 ) ) ;
#4508 = EDGE_LOOP ( 'NONE', ( #4594, #1015, #6734, #6505 ) ) ;
#4509 = STYLED_ITEM ( 'NONE', ( #8551 ), #6765 ) ;
#4510 = FACE_OUTER_BOUND ( 'NONE', #4862, .T. ) ;
#4511 = CARTESIAN_POINT ( 'NONE',  ( 1.600000000000000089, 0.0000000000000000000, -1.365000000000000213 ) ) ;
#4512 = FILL_AREA_STYLE_COLOUR ( '', #7150 ) ;
#4513 = UNCERTAINTY_MEASURE_WITH_UNIT (LENGTH_MEASURE( 1.000000000000000082E-05 ), #2211, 'distance_accuracy_value', 'NONE');
#4514 = STYLED_ITEM ( 'NONE', ( #8237 ), #7582 ) ;
#4515 = EDGE_CURVE ( 'NONE', #7268, #588, #6171, .T. ) ;
#4516 = STYLED_ITEM ( 'NONE', ( #7534 ), #4181 ) ;
#4517 = EDGE_LOOP ( 'NONE', ( #1937, #9190, #8776, #8481 ) ) ;
#4518 = VECTOR ( 'NONE', #6525, 1000.000000000000000 ) ;
#4519 =( NAMED_UNIT ( * ) SI_UNIT ( $, .STERADIAN. ) SOLID_ANGLE_UNIT ( ) );
#4520 = FILL_AREA_STYLE_COLOUR ( '', #795 ) ;
#4521 = PLANE ( 'NONE',  #6890 ) ;
#4522 = COLOUR_RGB ( '',1.000000000000000000, 1.000000000000000000, 1.000000000000000000 ) ;
#4523 = LINE ( 'NONE', #6000, #2737 ) ;
#4524 = FILL_AREA_STYLE ('',( #3097 ) ) ;
#4525 = DIRECTION ( 'NONE',  ( -1.000000000000000000, 0.0000000000000000000, -0.0000000000000000000 ) ) ;
#4526 = PLANE ( 'NONE',  #6580 ) ;
#4527 = VECTOR ( 'NONE', #3008, 1000.000000000000000 ) ;
#4528 = EDGE_CURVE ( 'NONE', #676, #86, #642, .T. ) ;
#4529 = SURFACE_STYLE_USAGE ( .BOTH. , #859 ) ;
#4530 = EDGE_CURVE ( 'NONE', #1490, #104, #2771, .T. ) ;
#4531 = LINE ( 'NONE', #5175, #8154 ) ;
#4532 = ORIENTED_EDGE ( 'NONE', *, *, #6166, .T. ) ;
#4533 = FILL_AREA_STYLE ('',( #8748 ) ) ;
#4534 = PRESENTATION_LAYER_ASSIGNMENT (  '', '', ( #8511 ) ) ;
#4535 = LINE ( 'NONE', #2566, #966 ) ;
#4536 = CARTESIAN_POINT ( 'NONE',  ( -1.364999999999999547, 0.002499999999999995715, -1.600000000000000089 ) ) ;
#4537 = MECHANICAL_DESIGN_GEOMETRIC_PRESENTATION_REPRESENTATION (  '', ( #72 ), #6466 ) ;
#4538 = SURFACE_SIDE_STYLE ('',( #1873 ) ) ;
#4539 = CARTESIAN_POINT ( 'NONE',  ( -2.001999999999999780, 0.002500000000000000052, -0.6350000000000001199 ) ) ;
#4540 = EDGE_CURVE ( 'NONE', #7605, #3311, #7006, .T. ) ;
#4541 = STYLED_ITEM ( 'NONE', ( #2533 ), #4869 ) ;
#4542 = DIRECTION ( 'NONE',  ( -0.0000000000000000000, -0.0000000000000000000, -1.000000000000000000 ) ) ;
#4543 = EDGE_LOOP ( 'NONE', ( #6251, #3380, #5580, #2536 ) ) ;
#4544 = PLANE ( 'NONE',  #5660 ) ;
#4545 = FILL_AREA_STYLE_COLOUR ( '', #2688 ) ;
#4546 = SURFACE_STYLE_USAGE ( .BOTH. , #2398 ) ;
#4547 = AXIS2_PLACEMENT_3D ( 'NONE', #3092, #7334, #4608 ) ;
#4548 = EDGE_CURVE ( 'NONE', #3860, #347, #9062, .T. ) ;
#4549 = SURFACE_SIDE_STYLE ('',( #1756 ) ) ;
#4550 =( NAMED_UNIT ( * ) PLANE_ANGLE_UNIT ( ) SI_UNIT ( $, .RADIAN. ) );
#4551 = CARTESIAN_POINT ( 'NONE',  ( 1.365000000000000435, 0.2000000000000000389, 2.001999999999999780 ) ) ;
#4552 = ORIENTED_EDGE ( 'NONE', *, *, #1418, .T. ) ;
#4553 = SURFACE_STYLE_FILL_AREA ( #6640 ) ;
#4554 = ORIENTED_EDGE ( 'NONE', *, *, #7876, .T. ) ;
#4555 = ORIENTED_EDGE ( 'NONE', *, *, #1537, .F. ) ;
#4556 = STYLED_ITEM ( 'NONE', ( #3322 ), #8954 ) ;
#4557 = ORIENTED_EDGE ( 'NONE', *, *, #9001, .F. ) ;
#4558 = DIRECTION ( 'NONE',  ( 1.000000000000000000, 0.0000000000000000000, 0.0000000000000000000 ) ) ;
#4559 = SURFACE_SIDE_STYLE ('',( #229 ) ) ;
#4560 = FACE_OUTER_BOUND ( 'NONE', #3708, .T. ) ;
#4561 = PLANE ( 'NONE',  #4062 ) ;
#4562 = DIRECTION ( 'NONE',  ( 0.0000000000000000000, 0.0000000000000000000, 1.000000000000000000 ) ) ;
#4563 = COLOUR_RGB ( '',1.000000000000000000, 1.000000000000000000, 1.000000000000000000 ) ;
#4564 = LINE ( 'NONE', #7376, #4945 ) ;
#4565 = ORIENTED_EDGE ( 'NONE', *, *, #1009, .T. ) ;
#4566 = SURFACE_STYLE_USAGE ( .BOTH. , #5938 ) ;
#4567 = VERTEX_POINT ( 'NONE', #2720 ) ;
#4568 = CARTESIAN_POINT ( 'NONE',  ( -2.001999999999999780, 0.2025000000000000133, 1.364999999999999991 ) ) ;
#4569 = FACE_OUTER_BOUND ( 'NONE', #4610, .T. ) ;
#4570 = EDGE_CURVE ( 'NONE', #4895, #4295, #2816, .T. ) ;
#4571 = VECTOR ( 'NONE', #416, 1000.000000000000000 ) ;
#4572 =( LENGTH_UNIT ( ) NAMED_UNIT ( * ) SI_UNIT ( .MILLI., .METRE. ) );
#4573 = DIRECTION ( 'NONE',  ( 0.0000000000000000000, 0.0000000000000000000, 1.000000000000000000 ) ) ;
#4574 = SURFACE_SIDE_STYLE ('',( #1242 ) ) ;
#4575 = VERTEX_POINT ( 'NONE', #7745 ) ;
#4576 = UNCERTAINTY_MEASURE_WITH_UNIT (LENGTH_MEASURE( 1.000000000000000082E-05 ), #8539, 'distance_accuracy_value', 'NONE');
#4577 = CARTESIAN_POINT ( 'NONE',  ( 0.6350000000000003419, 1.490150555354787828E-17, 2.001999999999999780 ) ) ;
#4578 = CARTESIAN_POINT ( 'NONE',  ( 0.8650000000000004352, 0.2000000000000000389, -2.001999999999999780 ) ) ;
#4579 = EDGE_LOOP ( 'NONE', ( #8187, #1590, #7320, #9092 ) ) ;
#4580 = DIRECTION ( 'NONE',  ( -0.0000000000000000000, -1.000000000000000000, -0.0000000000000000000 ) ) ;
#4581 = EDGE_CURVE ( 'NONE', #217, #1059, #5597, .T. ) ;
#4582 = LINE ( 'NONE', #3345, #7299 ) ;
#4583 = EDGE_CURVE ( 'NONE', #6065, #6864, #2130, .T. ) ;
#4584 =( NAMED_UNIT ( * ) SI_UNIT ( $, .STERADIAN. ) SOLID_ANGLE_UNIT ( ) );
#4585 = CARTESIAN_POINT ( 'NONE',  ( 2.001999999999999780, 0.002500000000000000052, 0.3649999999999998801 ) ) ;
#4586 = ORIENTED_EDGE ( 'NONE', *, *, #6633, .T. ) ;
#4587 = DIRECTION ( 'NONE',  ( 0.0000000000000000000, 0.0000000000000000000, -1.000000000000000000 ) ) ;
#4588 = ADVANCED_FACE ( 'NONE', ( #4924 ), #7664, .T. ) ;
#4589 = CARTESIAN_POINT ( 'NONE',  ( 2.000000000000000000, 0.002500000000000000052, 0.3649999999999999911 ) ) ;
#4590 = PRESENTATION_LAYER_ASSIGNMENT (  '', '', ( #8582 ) ) ;
#4591 = DIRECTION ( 'NONE',  ( 0.0000000000000000000, 0.0000000000000000000, 1.000000000000000000 ) ) ;
#4592 = PLANE ( 'NONE',  #4963 ) ;
#4593 = DIRECTION ( 'NONE',  ( -0.0000000000000000000, -1.000000000000000000, -0.0000000000000000000 ) ) ;
#4594 = ORIENTED_EDGE ( 'NONE', *, *, #4039, .F. ) ;
#4595 = DIRECTION ( 'NONE',  ( 1.000000000000000000, -0.0000000000000000000, -0.0000000000000000000 ) ) ;
#4596 = ORIENTED_EDGE ( 'NONE', *, *, #8048, .F. ) ;
#4597 = ORIENTED_EDGE ( 'NONE', *, *, #5375, .T. ) ;
#4598 = MECHANICAL_DESIGN_GEOMETRIC_PRESENTATION_REPRESENTATION (  '', ( #6208 ), #4883 ) ;
#4599 = STYLED_ITEM ( 'NONE', ( #6170 ), #161 ) ;
#4600 = ADVANCED_FACE ( 'NONE', ( #2183 ), #738, .F. ) ;
#4601 = FACE_OUTER_BOUND ( 'NONE', #7764, .T. ) ;
#4602 =( NAMED_UNIT ( * ) PLANE_ANGLE_UNIT ( ) SI_UNIT ( $, .RADIAN. ) );
#4603 = DIRECTION ( 'NONE',  ( 1.000000000000000000, 0.0000000000000000000, 0.0000000000000000000 ) ) ;
#4604 = DIRECTION ( 'NONE',  ( -0.0000000000000000000, -0.0000000000000000000, -1.000000000000000000 ) ) ;
#4605 = SURFACE_SIDE_STYLE ('',( #1804 ) ) ;
#4606 = UNCERTAINTY_MEASURE_WITH_UNIT (LENGTH_MEASURE( 1.000000000000000082E-05 ), #6019, 'distance_accuracy_value', 'NONE');
#4607 = SURFACE_STYLE_USAGE ( .BOTH. , #6033 ) ;
#4608 = DIRECTION ( 'NONE',  ( -1.000000000000000000, 0.0000000000000000000, 0.0000000000000000000 ) ) ;
#4609 = PRESENTATION_LAYER_ASSIGNMENT (  '', '', ( #8749 ) ) ;
#4610 = EDGE_LOOP ( 'NONE', ( #5865, #5897, #7221, #6056 ) ) ;
#4611 = DIRECTION ( 'NONE',  ( -0.0000000000000000000, -0.0000000000000000000, -1.000000000000000000 ) ) ;
#4612 = ORIENTED_EDGE ( 'NONE', *, *, #8854, .T. ) ;
#4613 = SURFACE_STYLE_FILL_AREA ( #6654 ) ;
#4614 = PRESENTATION_LAYER_ASSIGNMENT (  '', '', ( #8009 ) ) ;
#4615 = COLOUR_RGB ( '',1.000000000000000000, 1.000000000000000000, 1.000000000000000000 ) ;
#4616 = CARTESIAN_POINT ( 'NONE',  ( 0.6350000000000003419, 0.002500000000000015231, 2.000000000000000000 ) ) ;
#4617 = VECTOR ( 'NONE', #8109, 1000.000000000000000 ) ;
#4618 = FACE_OUTER_BOUND ( 'NONE', #3719, .T. ) ;
#4619 = LINE ( 'NONE', #920, #4940 ) ;
#4620 = PRESENTATION_LAYER_ASSIGNMENT (  '', '', ( #3437 ) ) ;
#4621 = SURFACE_STYLE_USAGE ( .BOTH. , #4574 ) ;
#4622 = ORIENTED_EDGE ( 'NONE', *, *, #8942, .T. ) ;
#4623 =( NAMED_UNIT ( * ) SI_UNIT ( $, .STERADIAN. ) SOLID_ANGLE_UNIT ( ) );
#4624 = DIRECTION ( 'NONE',  ( -0.0000000000000000000, -1.000000000000000000, -0.0000000000000000000 ) ) ;
#4625 = VECTOR ( 'NONE', #1732, 1000.000000000000000 ) ;
#4626 = CARTESIAN_POINT ( 'NONE',  ( -0.1349999999999995925, -1.490150555354787828E-17, -2.001999999999999780 ) ) ;
#4627 = PRESENTATION_STYLE_ASSIGNMENT (( #1427 ) ) ;
#4628 = DIRECTION ( 'NONE',  ( -0.0000000000000000000, -0.0000000000000000000, -1.000000000000000000 ) ) ;
#4629 =( LENGTH_UNIT ( ) NAMED_UNIT ( * ) SI_UNIT ( .MILLI., .METRE. ) );
#4630 = EDGE_CURVE ( 'NONE', #7938, #1844, #4231, .T. ) ;
#4631 = MECHANICAL_DESIGN_GEOMETRIC_PRESENTATION_REPRESENTATION (  '', ( #3598 ), #1233 ) ;
#4632 = CARTESIAN_POINT ( 'NONE',  ( -1.364999999999999547, 0.002500000000000000052, -2.000000000000000000 ) ) ;
#4633 = ORIENTED_EDGE ( 'NONE', *, *, #5270, .F. ) ;
#4634 = FILL_AREA_STYLE_COLOUR ( '', #7308 ) ;
#4635 = SURFACE_STYLE_USAGE ( .BOTH. , #7402 ) ;
#4636 = AXIS2_PLACEMENT_3D ( 'NONE', #7878, #4266, #8425 ) ;
#4637 = VECTOR ( 'NONE', #7278, 1000.000000000000000 ) ;
#4638 = CARTESIAN_POINT ( 'NONE',  ( 2.000000000000000000, 0.002500000000000000052, 0.3649999999999999911 ) ) ;
#4639 = CARTESIAN_POINT ( 'NONE',  ( 0.3650000000000004352, 0.2000000000000000111, 2.000000000000000000 ) ) ;
#4640 = FACE_OUTER_BOUND ( 'NONE', #6974, .T. ) ;
#4641 = ADVANCED_FACE ( 'NONE', ( #3689 ), #5969, .F. ) ;
#4642 = VECTOR ( 'NONE', #8676, 1000.000000000000000 ) ;
#4643 = ORIENTED_EDGE ( 'NONE', *, *, #1326, .F. ) ;
#4644 = EDGE_CURVE ( 'NONE', #6638, #1706, #5920, .T. ) ;
#4645 = CARTESIAN_POINT ( 'NONE',  ( 2.000000000000000000, 0.9000000000000000222, -2.000000000000000000 ) ) ;
#4646 = ORIENTED_EDGE ( 'NONE', *, *, #4094, .T. ) ;
#4647 = VECTOR ( 'NONE', #7671, 1000.000000000000000 ) ;
#4648 = ORIENTED_EDGE ( 'NONE', *, *, #5829, .F. ) ;
#4649 = ORIENTED_EDGE ( 'NONE', *, *, #3245, .F. ) ;
#4650 = LINE ( 'NONE', #2669, #4285 ) ;
#4651 = DIRECTION ( 'NONE',  ( -0.0000000000000000000, -1.000000000000000000, -0.0000000000000000000 ) ) ;
#4652 = PRESENTATION_LAYER_ASSIGNMENT (  '', '', ( #5086 ) ) ;
#4653 = CARTESIAN_POINT ( 'NONE',  ( 0.1350000000000004530, 0.002500000000000000052, 1.600000000000000089 ) ) ;
#4654 = COLOUR_RGB ( '',1.000000000000000000, 1.000000000000000000, 1.000000000000000000 ) ;
#4655 = LINE ( 'NONE', #4052, #1298 ) ;
#4656 =( LENGTH_UNIT ( ) NAMED_UNIT ( * ) SI_UNIT ( .MILLI., .METRE. ) );
#4657 =( LENGTH_UNIT ( ) NAMED_UNIT ( * ) SI_UNIT ( .MILLI., .METRE. ) );
#4658 =( LENGTH_UNIT ( ) NAMED_UNIT ( * ) SI_UNIT ( .MILLI., .METRE. ) );
#4659 = VECTOR ( 'NONE', #8826, 1000.000000000000000 ) ;
#4660 =( NAMED_UNIT ( * ) SI_UNIT ( $, .STERADIAN. ) SOLID_ANGLE_UNIT ( ) );
#4661 = ADVANCED_FACE ( 'NONE', ( #2438 ), #4592, .T. ) ;
#4662 = ORIENTED_EDGE ( 'NONE', *, *, #9072, .T. ) ;
#4663 = PRESENTATION_LAYER_ASSIGNMENT (  '', '', ( #946 ) ) ;
#4664 = LINE ( 'NONE', #3178, #4159 ) ;
#4665 = ORIENTED_EDGE ( 'NONE', *, *, #5610, .T. ) ;
#4666 = CARTESIAN_POINT ( 'NONE',  ( 1.600000000000000089, 0.002500000000000000052, -1.135000000000000009 ) ) ;
#4667 = LINE ( 'NONE', #338, #7029 ) ;
#4668 = STYLED_ITEM ( 'NONE', ( #5096 ), #3943 ) ;
#4669 = SURFACE_STYLE_USAGE ( .BOTH. , #8180 ) ;
#4670 = MECHANICAL_DESIGN_GEOMETRIC_PRESENTATION_REPRESENTATION (  '', ( #5387 ), #5248 ) ;
#4671 = DIRECTION ( 'NONE',  ( -1.000000000000000000, 0.0000000000000000000, -2.710505431213761578E-16 ) ) ;
#4672 =( GEOMETRIC_REPRESENTATION_CONTEXT ( 3 ) GLOBAL_UNCERTAINTY_ASSIGNED_CONTEXT ( ( #1243 ) ) GLOBAL_UNIT_ASSIGNED_CONTEXT ( ( #5326, #6815, #1931 ) ) REPRESENTATION_CONTEXT ( 'NONE', 'WORKASPACE' ) );
#4673 =( NAMED_UNIT ( * ) SI_UNIT ( $, .STERADIAN. ) SOLID_ANGLE_UNIT ( ) );
#4674 = PRESENTATION_LAYER_ASSIGNMENT (  '', '', ( #6126 ) ) ;
#4675 = PRESENTATION_STYLE_ASSIGNMENT (( #4621 ) ) ;
#4676 =( NAMED_UNIT ( * ) PLANE_ANGLE_UNIT ( ) SI_UNIT ( $, .RADIAN. ) );
#4677 = LINE ( 'NONE', #3246, #4948 ) ;
#4678 =( NAMED_UNIT ( * ) PLANE_ANGLE_UNIT ( ) SI_UNIT ( $, .RADIAN. ) );
#4679 =( LENGTH_UNIT ( ) NAMED_UNIT ( * ) SI_UNIT ( .MILLI., .METRE. ) );
#4680 = MECHANICAL_DESIGN_GEOMETRIC_PRESENTATION_REPRESENTATION (  '', ( #4516 ), #6285 ) ;
#4681 = AXIS2_PLACEMENT_3D ( 'NONE', #6930, #8277, #6968 ) ;
#4682 = CARTESIAN_POINT ( 'NONE',  ( -1.600000000000000089, 0.002500000000000000052, 0.6349999999999998979 ) ) ;
#4683 = SURFACE_SIDE_STYLE ('',( #8062 ) ) ;
#4684 = SURFACE_STYLE_FILL_AREA ( #524 ) ;
#4685 = MECHANICAL_DESIGN_GEOMETRIC_PRESENTATION_REPRESENTATION (  '', ( #3500 ), #8993 ) ;
#4686 = FACE_OUTER_BOUND ( 'NONE', #4127, .T. ) ;
#4687 = ORIENTED_EDGE ( 'NONE', *, *, #651, .F. ) ;
#4688 =( LENGTH_UNIT ( ) NAMED_UNIT ( * ) SI_UNIT ( .MILLI., .METRE. ) );
#4689 = AXIS2_PLACEMENT_3D ( 'NONE', #2846, #3531, #6342 ) ;
#4690 = FACE_OUTER_BOUND ( 'NONE', #3868, .T. ) ;
#4691 = ADVANCED_FACE ( 'NONE', ( #3908 ), #3261, .F. ) ;
#4692 = PLANE ( 'NONE',  #3158 ) ;
#4693 = PRESENTATION_STYLE_ASSIGNMENT (( #533 ) ) ;
#4694 = CARTESIAN_POINT ( 'NONE',  ( -2.000000000000000000, 0.002500000000000000052, -0.3650000000000001577 ) ) ;
#4695 = ORIENTED_EDGE ( 'NONE', *, *, #7629, .F. ) ;
#4696 = LINE ( 'NONE', #1178, #8640 ) ;
#4697 = VECTOR ( 'NONE', #4988, 1000.000000000000000 ) ;
#4698 = ORIENTED_EDGE ( 'NONE', *, *, #5375, .F. ) ;
#4699 = VERTEX_POINT ( 'NONE', #4041 ) ;
#4700 = VERTEX_POINT ( 'NONE', #4859 ) ;
#4701 = DIRECTION ( 'NONE',  ( 0.0000000000000000000, -1.000000000000000000, 0.0000000000000000000 ) ) ;
#4702 = CARTESIAN_POINT ( 'NONE',  ( 2.000000000000000000, 0.002500000000000000052, 0.8649999999999999911 ) ) ;
#4703 = STYLED_ITEM ( 'NONE', ( #1397 ), #8476 ) ;
#4704 = ADVANCED_FACE ( 'NONE', ( #1263 ), #5423, .F. ) ;
#4705 = CARTESIAN_POINT ( 'NONE',  ( -2.000000000000000000, 0.002500000000000000052, -2.000000000000000000 ) ) ;
#4706 = SURFACE_STYLE_FILL_AREA ( #6825 ) ;
#4707 =( NAMED_UNIT ( * ) PLANE_ANGLE_UNIT ( ) SI_UNIT ( $, .RADIAN. ) );
#4708 = UNCERTAINTY_MEASURE_WITH_UNIT (LENGTH_MEASURE( 1.000000000000000082E-05 ), #6140, 'distance_accuracy_value', 'NONE');
#4709 = SURFACE_STYLE_USAGE ( .BOTH. , #9017 ) ;
#4710 = MECHANICAL_DESIGN_GEOMETRIC_PRESENTATION_REPRESENTATION (  '', ( #4842 ), #526 ) ;
#4711 = FILL_AREA_STYLE ('',( #1148 ) ) ;
#4712 = DIRECTION ( 'NONE',  ( 0.0000000000000000000, -1.000000000000000000, 0.0000000000000000000 ) ) ;
#4713 =( LENGTH_UNIT ( ) NAMED_UNIT ( * ) SI_UNIT ( .MILLI., .METRE. ) );
#4714 = EDGE_CURVE ( 'NONE', #84, #7312, #2661, .T. ) ;
#4715 = DIRECTION ( 'NONE',  ( -0.0000000000000000000, -1.000000000000000000, -0.0000000000000000000 ) ) ;
#4716 = DIRECTION ( 'NONE',  ( -1.000000000000000000, 0.0000000000000000000, 0.0000000000000000000 ) ) ;
#4717 = DIRECTION ( 'NONE',  ( -1.000000000000000000, 0.0000000000000000000, 0.0000000000000000000 ) ) ;
#4718 = LINE ( 'NONE', #3461, #2329 ) ;
#4719 = ORIENTED_EDGE ( 'NONE', *, *, #6095, .T. ) ;
#4720 = COLOUR_RGB ( '',1.000000000000000000, 1.000000000000000000, 1.000000000000000000 ) ;
#4721 = CARTESIAN_POINT ( 'NONE',  ( 2.001999999999999780, 0.002500000000000000052, 1.135000000000000009 ) ) ;
#4722 = VECTOR ( 'NONE', #6029, 1000.000000000000000 ) ;
#4723 = EDGE_CURVE ( 'NONE', #8544, #7813, #6241, .T. ) ;
#4724 = DIRECTION ( 'NONE',  ( 0.0000000000000000000, -1.000000000000000000, 0.0000000000000000000 ) ) ;
#4725 = LINE ( 'NONE', #1050, #3434 ) ;
#4726 = FILL_AREA_STYLE_COLOUR ( '', #1766 ) ;
#4727 =( LENGTH_UNIT ( ) NAMED_UNIT ( * ) SI_UNIT ( .MILLI., .METRE. ) );
#4728 = ORIENTED_EDGE ( 'NONE', *, *, #7703, .T. ) ;
#4729 = DIRECTION ( 'NONE',  ( -1.000000000000000000, 0.0000000000000000000, 0.0000000000000000000 ) ) ;
#4730 = CARTESIAN_POINT ( 'NONE',  ( 2.001999999999999780, 0.002500000000000000052, -0.6350000000000001199 ) ) ;
#4731 = ORIENTED_EDGE ( 'NONE', *, *, #3630, .T. ) ;
#4732 = LINE ( 'NONE', #6154, #7309 ) ;
#4733 = ORIENTED_EDGE ( 'NONE', *, *, #2785, .T. ) ;
#4734 = VERTEX_POINT ( 'NONE', #6939 ) ;
#4735 = DIRECTION ( 'NONE',  ( 1.000000000000000000, 0.0000000000000000000, 0.0000000000000000000 ) ) ;
#4736 =( NAMED_UNIT ( * ) PLANE_ANGLE_UNIT ( ) SI_UNIT ( $, .RADIAN. ) );
#4737 = CARTESIAN_POINT ( 'NONE',  ( 0.3650000000000004352, 0.002500000000000000052, -2.000000000000000000 ) ) ;
#4738 = DIRECTION ( 'NONE',  ( 0.0000000000000000000, 0.0000000000000000000, 1.000000000000000000 ) ) ;
#4739 = DIRECTION ( 'NONE',  ( -1.000000000000000000, 0.0000000000000000000, -2.710505431213761578E-16 ) ) ;
#4740 = FACE_OUTER_BOUND ( 'NONE', #1817, .T. ) ;
#4741 = EDGE_CURVE ( 'NONE', #4866, #8632, #9087, .T. ) ;
#4742 = PRESENTATION_LAYER_ASSIGNMENT (  '', '', ( #6814 ) ) ;
#4743 = ADVANCED_FACE ( 'NONE', ( #718 ), #6341, .T. ) ;
#4744 = SURFACE_STYLE_USAGE ( .BOTH. , #637 ) ;
#4745 = ORIENTED_EDGE ( 'NONE', *, *, #4039, .T. ) ;
#4746 = PRESENTATION_STYLE_ASSIGNMENT (( #7524 ) ) ;
#4747 =( NAMED_UNIT ( * ) SI_UNIT ( $, .STERADIAN. ) SOLID_ANGLE_UNIT ( ) );
#4748 = VECTOR ( 'NONE', #1626, 1000.000000000000000 ) ;
#4749 = DIRECTION ( 'NONE',  ( -1.000000000000000000, 0.0000000000000000000, -0.0000000000000000000 ) ) ;
#4750 = EDGE_CURVE ( 'NONE', #640, #3094, #6388, .T. ) ;
#4751 = FACE_OUTER_BOUND ( 'NONE', #1888, .T. ) ;
#4752 = EDGE_LOOP ( 'NONE', ( #1103, #7479, #2906, #7163, #1177, #4224 ) ) ;
#4753 = UNCERTAINTY_MEASURE_WITH_UNIT (LENGTH_MEASURE( 1.000000000000000082E-05 ), #264, 'distance_accuracy_value', 'NONE');
#4754 = VECTOR ( 'NONE', #2179, 1000.000000000000000 ) ;
#4755 = FACE_OUTER_BOUND ( 'NONE', #6260, .T. ) ;
#4756 = ADVANCED_FACE ( 'NONE', ( #7076 ), #1601, .T. ) ;
#4757 = DIRECTION ( 'NONE',  ( 1.000000000000000000, 0.0000000000000000000, 0.0000000000000000000 ) ) ;
#4758 = CARTESIAN_POINT ( 'NONE',  ( 2.000000000000000000, 0.2025000000000000133, 0.1349999999999998701 ) ) ;
#4759 = VECTOR ( 'NONE', #9049, 1000.000000000000000 ) ;
#4760 = LINE ( 'NONE', #1247, #6107 ) ;
#4761 = CARTESIAN_POINT ( 'NONE',  ( -2.000000000000000000, 0.002500000000000000052, -0.8649999999999999911 ) ) ;
#4762 = MECHANICAL_DESIGN_GEOMETRIC_PRESENTATION_REPRESENTATION (  '', ( #9063 ), #4465 ) ;
#4763 =( NAMED_UNIT ( * ) PLANE_ANGLE_UNIT ( ) SI_UNIT ( $, .RADIAN. ) );
#4764 = EDGE_CURVE ( 'NONE', #8735, #7464, #5043, .T. ) ;
#4765 = VECTOR ( 'NONE', #5524, 1000.000000000000000 ) ;
#4766 = CARTESIAN_POINT ( 'NONE',  ( 2.001999999999999780, 0.2025000000000000133, 1.135000000000000009 ) ) ;
#4767 = ORIENTED_EDGE ( 'NONE', *, *, #1198, .T. ) ;
#4768 =( GEOMETRIC_REPRESENTATION_CONTEXT ( 3 ) GLOBAL_UNCERTAINTY_ASSIGNED_CONTEXT ( ( #2001 ) ) GLOBAL_UNIT_ASSIGNED_CONTEXT ( ( #3892, #4676, #4623 ) ) REPRESENTATION_CONTEXT ( 'NONE', 'WORKASPACE' ) );
#4769 = FILL_AREA_STYLE ('',( #8905 ) ) ;
#4770 =( NAMED_UNIT ( * ) SI_UNIT ( $, .STERADIAN. ) SOLID_ANGLE_UNIT ( ) );
#4771 = MECHANICAL_DESIGN_GEOMETRIC_PRESENTATION_REPRESENTATION (  '', ( #607 ), #5945 ) ;
#4772 =( NAMED_UNIT ( * ) PLANE_ANGLE_UNIT ( ) SI_UNIT ( $, .RADIAN. ) );
#4773 = EDGE_LOOP ( 'NONE', ( #9094, #4249, #3538, #7979 ) ) ;
#4774 = ORIENTED_EDGE ( 'NONE', *, *, #7731, .T. ) ;
#4775 = ORIENTED_EDGE ( 'NONE', *, *, #4981, .F. ) ;
#4776 = CARTESIAN_POINT ( 'NONE',  ( -2.000000000000000000, 0.0000000000000000000, -1.135000000000000009 ) ) ;
#4777 = CARTESIAN_POINT ( 'NONE',  ( 0.6350000000000003419, 0.002500000000000015231, 2.000000000000000000 ) ) ;
#4778 = VECTOR ( 'NONE', #362, 1000.000000000000000 ) ;
#4779 = FACE_OUTER_BOUND ( 'NONE', #3242, .T. ) ;
#4780 =( LENGTH_UNIT ( ) NAMED_UNIT ( * ) SI_UNIT ( .MILLI., .METRE. ) );
#4781 = PLANE ( 'NONE',  #5998 ) ;
#4782 =( NAMED_UNIT ( * ) PLANE_ANGLE_UNIT ( ) SI_UNIT ( $, .RADIAN. ) );
#4783 = VECTOR ( 'NONE', #6348, 1000.000000000000000 ) ;
#4784 = ORIENTED_EDGE ( 'NONE', *, *, #3115, .F. ) ;
#4785 = VERTEX_POINT ( 'NONE', #4256 ) ;
#4786 = CARTESIAN_POINT ( 'NONE',  ( 1.600000000000000089, 0.0000000000000000000, 0.1349999999999998701 ) ) ;
#4787 = STYLED_ITEM ( 'NONE', ( #329 ), #6963 ) ;
#4788 = ORIENTED_EDGE ( 'NONE', *, *, #1249, .F. ) ;
#4789 = AXIS2_PLACEMENT_3D ( 'NONE', #631, #4739, #7601 ) ;
#4790 =( NAMED_UNIT ( * ) SI_UNIT ( $, .STERADIAN. ) SOLID_ANGLE_UNIT ( ) );
#4791 = DIRECTION ( 'NONE',  ( -0.0000000000000000000, -1.000000000000000000, -0.0000000000000000000 ) ) ;
#4792 = CARTESIAN_POINT ( 'NONE',  ( -2.001999999999999780, 0.002500000000000000052, 0.3649999999999998801 ) ) ;
#4793 = FACE_OUTER_BOUND ( 'NONE', #8514, .T. ) ;
#4794 = EDGE_CURVE ( 'NONE', #8029, #3196, #1543, .T. ) ;
#4795 = LINE ( 'NONE', #7618, #3462 ) ;
#4796 = PLANE ( 'NONE',  #4063 ) ;
#4797 = DIRECTION ( 'NONE',  ( -0.0000000000000000000, -0.0000000000000000000, -1.000000000000000000 ) ) ;
#4798 = MECHANICAL_DESIGN_GEOMETRIC_PRESENTATION_REPRESENTATION (  '', ( #6123 ), #1407 ) ;
#4799 = ORIENTED_EDGE ( 'NONE', *, *, #3873, .F. ) ;
#4800 = PRESENTATION_LAYER_ASSIGNMENT (  '', '', ( #7162 ) ) ;
#4801 = LINE ( 'NONE', #4721, #2131 ) ;
#4802 = SURFACE_STYLE_FILL_AREA ( #2695 ) ;
#4803 = PLANE ( 'NONE',  #6232 ) ;
#4804 = EDGE_CURVE ( 'NONE', #979, #2666, #1399, .T. ) ;
#4805 = PRESENTATION_LAYER_ASSIGNMENT (  '', '', ( #7915 ) ) ;
#4806 = VECTOR ( 'NONE', #2292, 1000.000000000000000 ) ;
#4807 = EDGE_CURVE ( 'NONE', #2586, #8017, #4207, .T. ) ;
#4808 =( GEOMETRIC_REPRESENTATION_CONTEXT ( 3 ) GLOBAL_UNCERTAINTY_ASSIGNED_CONTEXT ( ( #6885 ) ) GLOBAL_UNIT_ASSIGNED_CONTEXT ( ( #3287, #6882, #6838 ) ) REPRESENTATION_CONTEXT ( 'NONE', 'WORKASPACE' ) );
#4809 = EDGE_LOOP ( 'NONE', ( #2348, #4496, #6049, #2351 ) ) ;
#4810 = AXIS2_PLACEMENT_3D ( 'NONE', #6889, #520, #3555 ) ;
#4811 = SURFACE_STYLE_USAGE ( .BOTH. , #2155 ) ;
#4812 = VECTOR ( 'NONE', #2464, 1000.000000000000000 ) ;
#4813 = PRESENTATION_LAYER_ASSIGNMENT (  '', '', ( #1131 ) ) ;
#4814 = EDGE_CURVE ( 'NONE', #7426, #6538, #1829, .T. ) ;
#4815 = PRESENTATION_STYLE_ASSIGNMENT (( #5370 ) ) ;
#4816 = EDGE_CURVE ( 'NONE', #2193, #2059, #8663, .T. ) ;
#4817 = SURFACE_STYLE_USAGE ( .BOTH. , #2065 ) ;
#4818 = AXIS2_PLACEMENT_3D ( 'NONE', #1000, #1236, #3455 ) ;
#4819 = FILL_AREA_STYLE_COLOUR ( '', #4821 ) ;
#4820 = ORIENTED_EDGE ( 'NONE', *, *, #7066, .F. ) ;
#4821 = COLOUR_RGB ( '',1.000000000000000000, 1.000000000000000000, 1.000000000000000000 ) ;
#4822 = ORIENTED_EDGE ( 'NONE', *, *, #3900, .F. ) ;
#4823 = SURFACE_STYLE_USAGE ( .BOTH. , #2070 ) ;
#4824 = ORIENTED_EDGE ( 'NONE', *, *, #2072, .F. ) ;
#4825 = VERTEX_POINT ( 'NONE', #2488 ) ;
#4826 = COLOUR_RGB ( '',1.000000000000000000, 1.000000000000000000, 1.000000000000000000 ) ;
#4827 = DIRECTION ( 'NONE',  ( -0.0000000000000000000, -0.0000000000000000000, -1.000000000000000000 ) ) ;
#4828 = LINE ( 'NONE', #3270, #1787 ) ;
#4829 = EDGE_CURVE ( 'NONE', #8544, #676, #8111, .T. ) ;
#4830 = MECHANICAL_DESIGN_GEOMETRIC_PRESENTATION_REPRESENTATION (  '', ( #8685 ), #2931 ) ;
#4831 = LINE ( 'NONE', #9014, #480 ) ;
#4832 = LINE ( 'NONE', #3495, #781 ) ;
#4833 = DIRECTION ( 'NONE',  ( -1.000000000000000000, 0.0000000000000000000, 0.0000000000000000000 ) ) ;
#4834 = PRESENTATION_LAYER_ASSIGNMENT (  '', '', ( #1761 ) ) ;
#4835 = ORIENTED_EDGE ( 'NONE', *, *, #3073, .F. ) ;
#4836 = VERTEX_POINT ( 'NONE', #5140 ) ;
#4837 = DIRECTION ( 'NONE',  ( 1.000000000000000000, -0.0000000000000000000, -0.0000000000000000000 ) ) ;
#4838 = ORIENTED_EDGE ( 'NONE', *, *, #1524, .T. ) ;
#4839 = CARTESIAN_POINT ( 'NONE',  ( 0.6350000000000003419, 0.2000000000000000389, 2.001999999999999780 ) ) ;
#4840 = LINE ( 'NONE', #6798, #3070 ) ;
#4841 = CARTESIAN_POINT ( 'NONE',  ( -1.364999999999999547, 0.002499999999999955383, 1.600000000000000089 ) ) ;
#4842 = STYLED_ITEM ( 'NONE', ( #2595 ), #8951 ) ;
#4843 = UNCERTAINTY_MEASURE_WITH_UNIT (LENGTH_MEASURE( 1.000000000000000082E-05 ), #5435, 'distance_accuracy_value', 'NONE');
#4844 = SURFACE_STYLE_FILL_AREA ( #1199 ) ;
#4845 = SURFACE_SIDE_STYLE ('',( #8448 ) ) ;
#4846 = PRESENTATION_LAYER_ASSIGNMENT (  '', '', ( #1167 ) ) ;
#4847 = DIRECTION ( 'NONE',  ( 0.0000000000000000000, 0.0000000000000000000, 1.000000000000000000 ) ) ;
#4848 = DIRECTION ( 'NONE',  ( 1.000000000000000000, 0.0000000000000000000, -4.065758146820642614E-16 ) ) ;
#4849 = PRESENTATION_STYLE_ASSIGNMENT (( #2058 ) ) ;
#4850 = EDGE_LOOP ( 'NONE', ( #7927, #4820, #7136, #8432 ) ) ;
#4851 = VECTOR ( 'NONE', #8744, 1000.000000000000000 ) ;
#4852 = UNCERTAINTY_MEASURE_WITH_UNIT (LENGTH_MEASURE( 1.000000000000000082E-05 ), #1227, 'distance_accuracy_value', 'NONE');
#4853 = EDGE_CURVE ( 'NONE', #8419, #2502, #1788, .T. ) ;
#4854 = CARTESIAN_POINT ( 'NONE',  ( -0.6349999999999995648, -2.975525575834778034E-18, -1.600000000000000089 ) ) ;
#4855 = ADVANCED_FACE ( 'NONE', ( #8064 ), #6714, .T. ) ;
#4856 = VERTEX_POINT ( 'NONE', #1647 ) ;
#4857 = LINE ( 'NONE', #5668, #5831 ) ;
#4858 =( GEOMETRIC_REPRESENTATION_CONTEXT ( 3 ) GLOBAL_UNCERTAINTY_ASSIGNED_CONTEXT ( ( #983 ) ) GLOBAL_UNIT_ASSIGNED_CONTEXT ( ( #7499, #2202, #2096 ) ) REPRESENTATION_CONTEXT ( 'NONE', 'WORKASPACE' ) );
#4859 = CARTESIAN_POINT ( 'NONE',  ( -0.3649999999999996581, 0.002499999999999979669, 2.000000000000000000 ) ) ;
#4860 = SURFACE_STYLE_USAGE ( .BOTH. , #8379 ) ;
#4861 = UNCERTAINTY_MEASURE_WITH_UNIT (LENGTH_MEASURE( 1.000000000000000082E-05 ), #7707, 'distance_accuracy_value', 'NONE');
#4862 = EDGE_LOOP ( 'NONE', ( #8349, #336, #2923, #2277 ) ) ;
#4863 = FACE_OUTER_BOUND ( 'NONE', #1459, .T. ) ;
#4864 = EDGE_CURVE ( 'NONE', #9019, #2435, #210, .T. ) ;
#4865 = MECHANICAL_DESIGN_GEOMETRIC_PRESENTATION_REPRESENTATION (  '', ( #2970 ), #7248 ) ;
#4866 = VERTEX_POINT ( 'NONE', #160 ) ;
#4867 = LINE ( 'NONE', #577, #43 ) ;
#4868 = ORIENTED_EDGE ( 'NONE', *, *, #4461, .F. ) ;
#4869 = ADVANCED_FACE ( 'NONE', ( #3715 ), #1014, .T. ) ;
#4870 = ORIENTED_EDGE ( 'NONE', *, *, #6612, .T. ) ;
#4871 = SURFACE_STYLE_FILL_AREA ( #5586 ) ;
#4872 = DIRECTION ( 'NONE',  ( -0.0000000000000000000, -1.000000000000000000, -0.0000000000000000000 ) ) ;
#4873 = CARTESIAN_POINT ( 'NONE',  ( -2.001999999999999780, 0.002500000000000000052, 0.1349999999999998701 ) ) ;
#4874 = SURFACE_STYLE_USAGE ( .BOTH. , #2991 ) ;
#4875 = ORIENTED_EDGE ( 'NONE', *, *, #8702, .F. ) ;
#4876 = EDGE_CURVE ( 'NONE', #1759, #5571, #1875, .T. ) ;
#4877 = ORIENTED_EDGE ( 'NONE', *, *, #4794, .F. ) ;
#4878 = CARTESIAN_POINT ( 'NONE',  ( -2.000000000000000000, 0.002500000000000000052, -2.000000000000000000 ) ) ;
#4879 = VERTEX_POINT ( 'NONE', #6093 ) ;
#4880 =( NAMED_UNIT ( * ) SI_UNIT ( $, .STERADIAN. ) SOLID_ANGLE_UNIT ( ) );
#4881 = CARTESIAN_POINT ( 'NONE',  ( -1.134999999999999787, -4.463288363752166281E-18, -2.000000000000000000 ) ) ;
#4882 = SURFACE_STYLE_USAGE ( .BOTH. , #134 ) ;
#4883 =( GEOMETRIC_REPRESENTATION_CONTEXT ( 3 ) GLOBAL_UNCERTAINTY_ASSIGNED_CONTEXT ( ( #8936 ) ) GLOBAL_UNIT_ASSIGNED_CONTEXT ( ( #5902, #814, #2976 ) ) REPRESENTATION_CONTEXT ( 'NONE', 'WORKASPACE' ) );
#4884 = PRESENTATION_STYLE_ASSIGNMENT (( #2140 ) ) ;
#4885 = ORIENTED_EDGE ( 'NONE', *, *, #7926, .T. ) ;
#4886 = CARTESIAN_POINT ( 'NONE',  ( 2.001999999999999780, 0.2025000000000000133, -1.365000000000000213 ) ) ;
#4887 = FACE_OUTER_BOUND ( 'NONE', #76, .T. ) ;
#4888 = VECTOR ( 'NONE', #239, 1000.000000000000000 ) ;
#4889 = STYLED_ITEM ( 'NONE', ( #5085 ), #99 ) ;
#4890 =( NAMED_UNIT ( * ) PLANE_ANGLE_UNIT ( ) SI_UNIT ( $, .RADIAN. ) );
#4891 = COLOUR_RGB ( '',1.000000000000000000, 1.000000000000000000, 1.000000000000000000 ) ;
#4892 = EDGE_LOOP ( 'NONE', ( #3473, #2649, #6501, #8004 ) ) ;
#4893 = COLOUR_RGB ( '',1.000000000000000000, 1.000000000000000000, 1.000000000000000000 ) ;
#4894 = STYLED_ITEM ( 'NONE', ( #1923 ), #5527 ) ;
#4895 = VERTEX_POINT ( 'NONE', #7497 ) ;
#4896 = LINE ( 'NONE', #2742, #7171 ) ;
#4897 = PRESENTATION_STYLE_ASSIGNMENT (( #2743 ) ) ;
#4898 =( GEOMETRIC_REPRESENTATION_CONTEXT ( 3 ) GLOBAL_UNCERTAINTY_ASSIGNED_CONTEXT ( ( #3004 ) ) GLOBAL_UNIT_ASSIGNED_CONTEXT ( ( #4481, #4391, #7255 ) ) REPRESENTATION_CONTEXT ( 'NONE', 'WORKASPACE' ) );
#4899 = PLANE ( 'NONE',  #5870 ) ;
#4900 = FACE_OUTER_BOUND ( 'NONE', #3338, .T. ) ;
#4901 = ADVANCED_FACE ( 'NONE', ( #1205 ), #6142, .F. ) ;
#4902 = VECTOR ( 'NONE', #6217, 1000.000000000000000 ) ;
#4903 = CARTESIAN_POINT ( 'NONE',  ( 1.365000000000000435, 0.002500000000000029976, 2.000000000000000000 ) ) ;
#4904 = ORIENTED_EDGE ( 'NONE', *, *, #2138, .T. ) ;
#4905 = FILL_AREA_STYLE ('',( #2108 ) ) ;
#4906 = ORIENTED_EDGE ( 'NONE', *, *, #4137, .T. ) ;
#4907 = PRESENTATION_STYLE_ASSIGNMENT (( #28 ) ) ;
#4908 = EDGE_LOOP ( 'NONE', ( #1978, #4109, #414, #5963 ) ) ;
#4909 = EDGE_LOOP ( 'NONE', ( #7125, #7959, #8528, #6764, #2028, #5272 ) ) ;
#4910 = LINE ( 'NONE', #5683, #1863 ) ;
#4911 = FILL_AREA_STYLE ('',( #7689 ) ) ;
#4912 = FACE_OUTER_BOUND ( 'NONE', #5425, .T. ) ;
#4913 = EDGE_CURVE ( 'NONE', #2022, #2395, #9032, .T. ) ;
#4914 = SURFACE_STYLE_FILL_AREA ( #8426 ) ;
#4915 = ADVANCED_FACE ( 'NONE', ( #1965 ), #2736, .T. ) ;
#4916 = PRESENTATION_STYLE_ASSIGNMENT (( #4874 ) ) ;
#4917 = DIRECTION ( 'NONE',  ( -1.000000000000000000, 0.0000000000000000000, 0.0000000000000000000 ) ) ;
#4918 = STYLED_ITEM ( 'NONE', ( #233 ), #5999 ) ;
#4919 = ORIENTED_EDGE ( 'NONE', *, *, #9060, .F. ) ;
#4920 = VERTEX_POINT ( 'NONE', #4248 ) ;
#4921 = FILL_AREA_STYLE ('',( #6956 ) ) ;
#4922 = ORIENTED_EDGE ( 'NONE', *, *, #1478, .T. ) ;
#4923 = CARTESIAN_POINT ( 'NONE',  ( -2.001999999999999780, 0.2025000000000000133, -0.6350000000000001199 ) ) ;
#4924 = FACE_OUTER_BOUND ( 'NONE', #1344, .T. ) ;
#4925 = DIRECTION ( 'NONE',  ( 1.000000000000000000, 0.0000000000000000000, -2.710505431213761578E-16 ) ) ;
#4926 =( GEOMETRIC_REPRESENTATION_CONTEXT ( 3 ) GLOBAL_UNCERTAINTY_ASSIGNED_CONTEXT ( ( #5649 ) ) GLOBAL_UNIT_ASSIGNED_CONTEXT ( ( #2406, #6409, #7326 ) ) REPRESENTATION_CONTEXT ( 'NONE', 'WORKASPACE' ) );
#4927 = LINE ( 'NONE', #5069, #1301 ) ;
#4928 =( GEOMETRIC_REPRESENTATION_CONTEXT ( 3 ) GLOBAL_UNCERTAINTY_ASSIGNED_CONTEXT ( ( #8555 ) ) GLOBAL_UNIT_ASSIGNED_CONTEXT ( ( #7284, #6555, #234 ) ) REPRESENTATION_CONTEXT ( 'NONE', 'WORKASPACE' ) );
#4929 = ORIENTED_EDGE ( 'NONE', *, *, #1553, .T. ) ;
#4930 = DIRECTION ( 'NONE',  ( -1.000000000000000000, 0.0000000000000000000, 0.0000000000000000000 ) ) ;
#4931 = DIRECTION ( 'NONE',  ( -2.710505431213761578E-16, 0.0000000000000000000, -1.000000000000000000 ) ) ;
#4932 = CARTESIAN_POINT ( 'NONE',  ( -2.000000000000000000, 0.2024999999999999856, -1.365000000000000213 ) ) ;
#4933 = COLOUR_RGB ( '',1.000000000000000000, 1.000000000000000000, 1.000000000000000000 ) ;
#4934 = PRESENTATION_LAYER_ASSIGNMENT (  '', '', ( #9090 ) ) ;
#4935 =( NAMED_UNIT ( * ) SI_UNIT ( $, .STERADIAN. ) SOLID_ANGLE_UNIT ( ) );
#4936 = MECHANICAL_DESIGN_GEOMETRIC_PRESENTATION_REPRESENTATION (  '', ( #2607 ), #2888 ) ;
#4937 = ORIENTED_EDGE ( 'NONE', *, *, #7066, .T. ) ;
#4938 = SHAPE_DEFINITION_REPRESENTATION ( #1285, #3926 ) ;
#4939 = DIRECTION ( 'NONE',  ( 1.000000000000000000, 0.0000000000000000000, 0.0000000000000000000 ) ) ;
#4940 = VECTOR ( 'NONE', #1101, 1000.000000000000000 ) ;
#4941 =( GEOMETRIC_REPRESENTATION_CONTEXT ( 3 ) GLOBAL_UNCERTAINTY_ASSIGNED_CONTEXT ( ( #1639 ) ) GLOBAL_UNIT_ASSIGNED_CONTEXT ( ( #729, #3627, #2951 ) ) REPRESENTATION_CONTEXT ( 'NONE', 'WORKASPACE' ) );
#4942 = ORIENTED_EDGE ( 'NONE', *, *, #7559, .T. ) ;
#4943 = DIRECTION ( 'NONE',  ( -0.0000000000000000000, -1.000000000000000000, -0.0000000000000000000 ) ) ;
#4944 = CARTESIAN_POINT ( 'NONE',  ( 1.135000000000000675, 0.002500000000000003088, -1.600000000000000089 ) ) ;
#4945 = VECTOR ( 'NONE', #377, 1000.000000000000000 ) ;
#4946 = LINE ( 'NONE', #8510, #7463 ) ;
#4947 =( NAMED_UNIT ( * ) SI_UNIT ( $, .STERADIAN. ) SOLID_ANGLE_UNIT ( ) );
#4948 = VECTOR ( 'NONE', #3893, 1000.000000000000000 ) ;
#4949 = SURFACE_STYLE_FILL_AREA ( #2710 ) ;
#4950 = ORIENTED_EDGE ( 'NONE', *, *, #4723, .T. ) ;
#4951 = DIRECTION ( 'NONE',  ( 1.000000000000000000, 0.0000000000000000000, 0.0000000000000000000 ) ) ;
#4952 = ORIENTED_EDGE ( 'NONE', *, *, #2465, .T. ) ;
#4953 = AXIS2_PLACEMENT_3D ( 'NONE', #1983, #3321, #5458 ) ;
#4954 = EDGE_CURVE ( 'NONE', #4856, #7662, #6426, .T. ) ;
#4955 = ORIENTED_EDGE ( 'NONE', *, *, #7814, .T. ) ;
#4956 = LINE ( 'NONE', #7653, #3431 ) ;
#4957 = VECTOR ( 'NONE', #4791, 1000.000000000000000 ) ;
#4958 = DIRECTION ( 'NONE',  ( 0.0000000000000000000, 0.0000000000000000000, -1.000000000000000000 ) ) ;
#4959 = FILL_AREA_STYLE_COLOUR ( '', #5658 ) ;
#4960 = CARTESIAN_POINT ( 'NONE',  ( 1.499999999999999778, 0.9000000000000000222, -1.500000000000000000 ) ) ;
#4961 = FILL_AREA_STYLE ('',( #1413 ) ) ;
#4962 = VERTEX_POINT ( 'NONE', #5028 ) ;
#4963 = AXIS2_PLACEMENT_3D ( 'NONE', #1064, #8019, #3078 ) ;
#4964 = ORIENTED_EDGE ( 'NONE', *, *, #3169, .T. ) ;
#4965 = LINE ( 'NONE', #2718, #3146 ) ;
#4966 = EDGE_CURVE ( 'NONE', #6607, #624, #811, .T. ) ;
#4967 = ADVANCED_FACE ( 'NONE', ( #9167 ), #2094, .T. ) ;
#4968 = ORIENTED_EDGE ( 'NONE', *, *, #6756, .T. ) ;
#4969 =( NAMED_UNIT ( * ) SI_UNIT ( $, .STERADIAN. ) SOLID_ANGLE_UNIT ( ) );
#4970 = PRESENTATION_LAYER_ASSIGNMENT (  '', '', ( #7777 ) ) ;
#4971 = EDGE_CURVE ( 'NONE', #2864, #7789, #7067, .T. ) ;
#4972 = PRESENTATION_STYLE_ASSIGNMENT (( #4322 ) ) ;
#4973 = FILL_AREA_STYLE_COLOUR ( '', #1985 ) ;
#4974 = DIRECTION ( 'NONE',  ( 1.000000000000000000, 0.0000000000000000000, 4.065758146820642614E-16 ) ) ;
#4975 = STYLED_ITEM ( 'NONE', ( #4501 ), #4691 ) ;
#4976 = DIRECTION ( 'NONE',  ( 2.710505431213761578E-16, 0.0000000000000000000, 1.000000000000000000 ) ) ;
#4977 = STYLED_ITEM ( 'NONE', ( #1767 ), #8462 ) ;
#4978 = DIRECTION ( 'NONE',  ( 2.710505431213761578E-16, 0.0000000000000000000, -1.000000000000000000 ) ) ;
#4979 = ORIENTED_EDGE ( 'NONE', *, *, #2730, .T. ) ;
#4980 = DIRECTION ( 'NONE',  ( -0.0000000000000000000, -1.000000000000000000, -0.0000000000000000000 ) ) ;
#4981 = EDGE_CURVE ( 'NONE', #3030, #4291, #6327, .T. ) ;
#4982 =( GEOMETRIC_REPRESENTATION_CONTEXT ( 3 ) GLOBAL_UNCERTAINTY_ASSIGNED_CONTEXT ( ( #8113 ) ) GLOBAL_UNIT_ASSIGNED_CONTEXT ( ( #2829, #8404, #4935 ) ) REPRESENTATION_CONTEXT ( 'NONE', 'WORKASPACE' ) );
#4983 = SURFACE_SIDE_STYLE ('',( #2239 ) ) ;
#4984 = EDGE_CURVE ( 'NONE', #6910, #7686, #7811, .T. ) ;
#4985 = COLOUR_RGB ( '',0.2509803921568627416, 0.2509803921568627416, 0.2509803921568627416 ) ;
#4986 =( NAMED_UNIT ( * ) SI_UNIT ( $, .STERADIAN. ) SOLID_ANGLE_UNIT ( ) );
#4987 = CARTESIAN_POINT ( 'NONE',  ( -2.001999999999999780, 0.002500000000000000052, -0.8650000000000001021 ) ) ;
#4988 = DIRECTION ( 'NONE',  ( 0.0000000000000000000, -1.000000000000000000, 0.0000000000000000000 ) ) ;
#4989 = EDGE_LOOP ( 'NONE', ( #3082, #934, #5979, #3361, #8775, #1283 ) ) ;
#4990 =( GEOMETRIC_REPRESENTATION_CONTEXT ( 3 ) GLOBAL_UNCERTAINTY_ASSIGNED_CONTEXT ( ( #993 ) ) GLOBAL_UNIT_ASSIGNED_CONTEXT ( ( #8838, #3840, #2457 ) ) REPRESENTATION_CONTEXT ( 'NONE', 'WORKASPACE' ) );
#4991 =( NAMED_UNIT ( * ) SI_UNIT ( $, .STERADIAN. ) SOLID_ANGLE_UNIT ( ) );
#4992 = FACE_OUTER_BOUND ( 'NONE', #4060, .T. ) ;
#4993 = EDGE_CURVE ( 'NONE', #2895, #6157, #1487, .T. ) ;
#4994 =( NAMED_UNIT ( * ) SI_UNIT ( $, .STERADIAN. ) SOLID_ANGLE_UNIT ( ) );
#4995 = PLANE ( 'NONE',  #3223 ) ;
#4996 = DIRECTION ( 'NONE',  ( 0.0000000000000000000, -0.0000000000000000000, 1.000000000000000000 ) ) ;
#4997 = DIRECTION ( 'NONE',  ( 4.065758146820642614E-16, -0.0000000000000000000, 1.000000000000000000 ) ) ;
#4998 = ORIENTED_EDGE ( 'NONE', *, *, #8271, .T. ) ;
#4999 = MECHANICAL_DESIGN_GEOMETRIC_PRESENTATION_REPRESENTATION (  '', ( #408 ), #1173 ) ;
#5000 = EDGE_LOOP ( 'NONE', ( #3180, #9189, #1606, #8706, #3501, #2182 ) ) ;
#5001 = VECTOR ( 'NONE', #4386, 1000.000000000000000 ) ;
#5002 = CARTESIAN_POINT ( 'NONE',  ( -0.6349999999999995648, 0.1999999999999999833, -2.001999999999999780 ) ) ;
#5003 = CARTESIAN_POINT ( 'NONE',  ( 1.135000000000000453, 0.002500000000000003088, -2.000000000000000000 ) ) ;
#5004 = CARTESIAN_POINT ( 'NONE',  ( 0.6350000000000003419, 0.002500000000000001787, -2.000000000000000000 ) ) ;
#5005 = SURFACE_SIDE_STYLE ('',( #3542 ) ) ;
#5006 = ADVANCED_FACE ( 'NONE', ( #5710 ), #7711, .T. ) ;
#5007 = FACE_OUTER_BOUND ( 'NONE', #8577, .T. ) ;
#5008 = CLOSED_SHELL ( 'NONE', ( #433, #4181, #79, #3456, #7693, #4704, #5635, #6052, #2929, #4600, #6326, #7139, #9025, #9172, #7178, #2958, #8656, #8476, #8898, #9114, #4298, #1960, #5716, #4691, #5355, #3188, #598, #8888, #6963, #24, #8198, #2840, #1623, #2121, #3647, #191, #7016, #5648, #4030, #7854, #2773, #38, #5918, #153, #665, #3153, #7194, #3679, #3198, #6392, #6060, #6271, #6836, #8954, #8734, #4171, #4915, #1017, #4855, #1379, #8863, #1251, #3117, #4296, #1435, #7995, #4135, #6218, #7975, #3967, #2184, #5737, #6919, #3767, #3374, #1353, #99, #8978, #5567, #6809, #5815, #7236, #4641, #2000, #488, #7614, #6805, #4967, #7301, #3746, #1368, #8265, #8171, #6316, #6045, #6949, #2361, #9081, #847, #1239, #3302, #8951, #4460, #6339, #3826, #5527, #7226, #8407, #3284, #2243, #3802, #3943, #560, #8406, #4124, #1792, #6635, #1486, #8462, #7488, #1742, #5006, #4275, #7805, #6441, #2849, #6624, #8149, #3980, #6517, #4743, #537, #1492, #5279, #7286, #2918, #1614, #6848, #7732, #6765, #656, #6036, #7275, #2682, #161, #1952, #7355, #9016, #3982, #5480, #4756, #2010, #5633, #6349, #715, #8764, #6088, #8778, #8431, #5944, #1954, #1068, #6008, #5684, #6152, #6380, #5128, #6795, #5465, #7412, #9, #4869, #9013, #8531, #8264, #4588, #7059, #4661, #8322, #957, #4421, #1901, #7582, #7526, #5908, #7399, #3617, #4398, #2482, #3084, #441, #5999, #2784, #9075, #3521, #8589, #8416, #6479, #7845, #6675, #3633, #6396, #4901, #5217, #1727, #888, #5486 ) ) ;
#5009 = ORIENTED_EDGE ( 'NONE', *, *, #6153, .F. ) ;
#5010 = PRESENTATION_STYLE_ASSIGNMENT (( #1615 ) ) ;
#5011 = SURFACE_SIDE_STYLE ('',( #4416 ) ) ;
#5012 = VERTEX_POINT ( 'NONE', #7906 ) ;
#5013 = CARTESIAN_POINT ( 'NONE',  ( 0.6350000000000003419, 1.490150555354787828E-17, 2.000000000000000000 ) ) ;
#5014 = FILL_AREA_STYLE ('',( #5786 ) ) ;
#5015 = SURFACE_STYLE_FILL_AREA ( #5643 ) ;
#5016 = FACE_OUTER_BOUND ( 'NONE', #4752, .T. ) ;
#5017 = DIRECTION ( 'NONE',  ( 0.0000000000000000000, 1.000000000000000000, 0.0000000000000000000 ) ) ;
#5018 = EDGE_CURVE ( 'NONE', #588, #689, #907, .T. ) ;
#5019 = SURFACE_SIDE_STYLE ('',( #5700 ) ) ;
#5020 = DIRECTION ( 'NONE',  ( -0.0000000000000000000, -0.0000000000000000000, -1.000000000000000000 ) ) ;
#5021 = CARTESIAN_POINT ( 'NONE',  ( 2.000000000000000000, 0.002500000000000000052, -0.3649999999999999911 ) ) ;
#5022 = SURFACE_STYLE_USAGE ( .BOTH. , #8546 ) ;
#5023 = LINE ( 'NONE', #5073, #211 ) ;
#5024 =( GEOMETRIC_REPRESENTATION_CONTEXT ( 3 ) GLOBAL_UNCERTAINTY_ASSIGNED_CONTEXT ( ( #7433 ) ) GLOBAL_UNIT_ASSIGNED_CONTEXT ( ( #6822, #1940, #6911 ) ) REPRESENTATION_CONTEXT ( 'NONE', 'WORKASPACE' ) );
#5025 =( NAMED_UNIT ( * ) SI_UNIT ( $, .STERADIAN. ) SOLID_ANGLE_UNIT ( ) );
#5026 = AXIS2_PLACEMENT_3D ( 'NONE', #5914, #1060, #3150 ) ;
#5027 = PLANE ( 'NONE',  #8208 ) ;
#5028 = CARTESIAN_POINT ( 'NONE',  ( 0.3650000000000004352, 0.002500000000000000052, 1.600000000000000089 ) ) ;
#5029 = ORIENTED_EDGE ( 'NONE', *, *, #1537, .T. ) ;
#5030 = UNCERTAINTY_MEASURE_WITH_UNIT (LENGTH_MEASURE( 1.000000000000000082E-05 ), #487, 'distance_accuracy_value', 'NONE');
#5031 = EDGE_CURVE ( 'NONE', #7024, #366, #6618, .T. ) ;
#5032 = DIRECTION ( 'NONE',  ( 1.000000000000000000, 0.0000000000000000000, 0.0000000000000000000 ) ) ;
#5033 = AXIS2_PLACEMENT_3D ( 'NONE', #3947, #3191, #6134 ) ;
#5034 = SURFACE_SIDE_STYLE ('',( #8505 ) ) ;
#5035 = DIRECTION ( 'NONE',  ( -0.0000000000000000000, -1.000000000000000000, -0.0000000000000000000 ) ) ;
#5036 = MECHANICAL_DESIGN_GEOMETRIC_PRESENTATION_REPRESENTATION (  '', ( #4599 ), #2408 ) ;
#5037 = ORIENTED_EDGE ( 'NONE', *, *, #6938, .T. ) ;
#5038 = SURFACE_STYLE_USAGE ( .BOTH. , #157 ) ;
#5039 = MECHANICAL_DESIGN_GEOMETRIC_PRESENTATION_REPRESENTATION (  '', ( #1675 ), #1045 ) ;
#5040 = VECTOR ( 'NONE', #1511, 1000.000000000000000 ) ;
#5041 = EDGE_CURVE ( 'NONE', #9061, #6696, #5078, .T. ) ;
#5042 = SURFACE_STYLE_USAGE ( .BOTH. , #6761 ) ;
#5043 = LINE ( 'NONE', #7220, #5275 ) ;
#5044 = CARTESIAN_POINT ( 'NONE',  ( -1.364999999999999769, -4.463288363752166281E-18, -2.000000000000000000 ) ) ;
#5045 = ORIENTED_EDGE ( 'NONE', *, *, #3925, .T. ) ;
#5046 = EDGE_LOOP ( 'NONE', ( #1662, #8, #8076, #1801 ) ) ;
#5047 = VECTOR ( 'NONE', #7981, 1000.000000000000000 ) ;
#5048 = ORIENTED_EDGE ( 'NONE', *, *, #3907, .T. ) ;
#5049 =( NAMED_UNIT ( * ) PLANE_ANGLE_UNIT ( ) SI_UNIT ( $, .RADIAN. ) );
#5050 = CARTESIAN_POINT ( 'NONE',  ( 2.001999999999999780, 0.002500000000000000052, 1.364999999999999991 ) ) ;
#5051 =( GEOMETRIC_REPRESENTATION_CONTEXT ( 3 ) GLOBAL_UNCERTAINTY_ASSIGNED_CONTEXT ( ( #1057 ) ) GLOBAL_UNIT_ASSIGNED_CONTEXT ( ( #7216, #3815, #3022 ) ) REPRESENTATION_CONTEXT ( 'NONE', 'WORKASPACE' ) );
#5052 = FACE_OUTER_BOUND ( 'NONE', #8240, .T. ) ;
#5053 = DIRECTION ( 'NONE',  ( 0.0000000000000000000, 0.0000000000000000000, 1.000000000000000000 ) ) ;
#5054 = DIRECTION ( 'NONE',  ( -0.0000000000000000000, -0.0000000000000000000, -1.000000000000000000 ) ) ;
#5055 = PLANE ( 'NONE',  #5534 ) ;
#5056 = FACE_OUTER_BOUND ( 'NONE', #8750, .T. ) ;
#5057 = ORIENTED_EDGE ( 'NONE', *, *, #3511, .T. ) ;
#5058 = LINE ( 'NONE', #1560, #9052 ) ;
#5059 = MECHANICAL_DESIGN_GEOMETRIC_PRESENTATION_REPRESENTATION (  '', ( #6695 ), #8613 ) ;
#5060 = EDGE_LOOP ( 'NONE', ( #6803, #5083, #4649, #3599 ) ) ;
#5061 = CARTESIAN_POINT ( 'NONE',  ( -2.000000000000000000, 0.2025000000000000133, -0.1350000000000001477 ) ) ;
#5062 = ORIENTED_EDGE ( 'NONE', *, *, #2685, .T. ) ;
#5063 = VECTOR ( 'NONE', #4980, 1000.000000000000000 ) ;
#5064 = SURFACE_STYLE_USAGE ( .BOTH. , #4232 ) ;
#5065 = SURFACE_SIDE_STYLE ('',( #1194 ) ) ;
#5066 = FILL_AREA_STYLE ('',( #4234 ) ) ;
#5067 = CARTESIAN_POINT ( 'NONE',  ( -2.000000000000000000, 0.002500000000000000052, 0.3649999999999999911 ) ) ;
#5068 = SURFACE_STYLE_FILL_AREA ( #2276 ) ;
#5069 = CARTESIAN_POINT ( 'NONE',  ( 2.000000000000000000, 0.002500000000000000052, -1.364999999999999991 ) ) ;
#5070 = VECTOR ( 'NONE', #6308, 1000.000000000000000 ) ;
#5071 = CARTESIAN_POINT ( 'NONE',  ( 0.1350000000000004530, 0.002500000000000000052, -1.600000000000000089 ) ) ;
#5072 = PRESENTATION_LAYER_ASSIGNMENT (  '', '', ( #3905 ) ) ;
#5073 = CARTESIAN_POINT ( 'NONE',  ( -2.000000000000000000, 0.002500000000000000052, -2.000000000000000000 ) ) ;
#5074 = EDGE_CURVE ( 'NONE', #5877, #1759, #3058, .T. ) ;
#5075 = STYLED_ITEM ( 'NONE', ( #8727 ), #2243 ) ;
#5076 =( LENGTH_UNIT ( ) NAMED_UNIT ( * ) SI_UNIT ( .MILLI., .METRE. ) );
#5077 = LINE ( 'NONE', #8500, #6726 ) ;
#5078 = LINE ( 'NONE', #7997, #1174 ) ;
#5079 = DIRECTION ( 'NONE',  ( 0.0000000000000000000, 1.000000000000000000, 0.0000000000000000000 ) ) ;
#5080 = ORIENTED_EDGE ( 'NONE', *, *, #727, .T. ) ;
#5081 = COLOUR_RGB ( '',1.000000000000000000, 1.000000000000000000, 1.000000000000000000 ) ;
#5082 = CARTESIAN_POINT ( 'NONE',  ( 0.6350000000000004530, 0.002500000000000015231, 1.600000000000000089 ) ) ;
#5083 = ORIENTED_EDGE ( 'NONE', *, *, #5536, .F. ) ;
#5084 = FILL_AREA_STYLE ('',( #5180 ) ) ;
#5085 = PRESENTATION_STYLE_ASSIGNMENT (( #5813 ) ) ;
#5086 = STYLED_ITEM ( 'NONE', ( #3971 ), #7139 ) ;
#5087 = EDGE_CURVE ( 'NONE', #9009, #4836, #5863, .T. ) ;
#5088 = CARTESIAN_POINT ( 'NONE',  ( 2.000000000000000000, 0.002500000000000000052, 0.1349999999999998701 ) ) ;
#5089 = PLANE ( 'NONE',  #6902 ) ;
#5090 = DIRECTION ( 'NONE',  ( 1.000000000000000000, 0.0000000000000000000, 0.0000000000000000000 ) ) ;
#5091 = MECHANICAL_DESIGN_GEOMETRIC_PRESENTATION_REPRESENTATION (  '', ( #9097 ), #1108 ) ;
#5092 = STYLED_ITEM ( 'NONE', ( #81 ), #6635 ) ;
#5093 = SURFACE_SIDE_STYLE ('',( #5875 ) ) ;
#5094 = ORIENTED_EDGE ( 'NONE', *, *, #5366, .T. ) ;
#5095 = STYLED_ITEM ( 'NONE', ( #3031 ), #3967 ) ;
#5096 = PRESENTATION_STYLE_ASSIGNMENT (( #5189 ) ) ;
#5097 = AXIS2_PLACEMENT_3D ( 'NONE', #2023, #1311, #3438 ) ;
#5098 = VERTEX_POINT ( 'NONE', #3099 ) ;
#5100 = EDGE_CURVE ( 'NONE', #162, #104, #8052, .T. ) ;
#5099 = ORIENTED_EDGE ( 'NONE', *, *, #4981, .T. ) ;
#5101 = LINE ( 'NONE', #2215, #1807 ) ;
#5102 =( GEOMETRIC_REPRESENTATION_CONTEXT ( 3 ) GLOBAL_UNCERTAINTY_ASSIGNED_CONTEXT ( ( #392 ) ) GLOBAL_UNIT_ASSIGNED_CONTEXT ( ( #5351, #8889, #4673 ) ) REPRESENTATION_CONTEXT ( 'NONE', 'WORKASPACE' ) );
#5103 = EDGE_CURVE ( 'NONE', #5506, #7605, #2381, .T. ) ;
#5104 = CARTESIAN_POINT ( 'NONE',  ( -2.001999999999999780, 0.2025000000000000133, -1.365000000000000213 ) ) ;
#5105 =( LENGTH_UNIT ( ) NAMED_UNIT ( * ) SI_UNIT ( .MILLI., .METRE. ) );
#5106 =( NAMED_UNIT ( * ) SI_UNIT ( $, .STERADIAN. ) SOLID_ANGLE_UNIT ( ) );
#5107 =( GEOMETRIC_REPRESENTATION_CONTEXT ( 3 ) GLOBAL_UNCERTAINTY_ASSIGNED_CONTEXT ( ( #8852 ) ) GLOBAL_UNIT_ASSIGNED_CONTEXT ( ( #7752, #3000, #848 ) ) REPRESENTATION_CONTEXT ( 'NONE', 'WORKASPACE' ) );
#5108 = CARTESIAN_POINT ( 'NONE',  ( 0.6350000000000003419, 0.2000000000000000389, 2.001999999999999780 ) ) ;
#5109 = VERTEX_POINT ( 'NONE', #8644 ) ;
#5110 = FILL_AREA_STYLE_COLOUR ( '', #7730 ) ;
#5111 = EDGE_CURVE ( 'NONE', #1304, #7268, #148, .T. ) ;
#5112 = AXIS2_PLACEMENT_3D ( 'NONE', #8857, #5951, #352 ) ;
#5113 = CARTESIAN_POINT ( 'NONE',  ( 0.3650000000000004352, 0.2000000000000000111, 2.001999999999999780 ) ) ;
#5114 = STYLED_ITEM ( 'NONE', ( #6562 ), #3679 ) ;
#5115 = FILL_AREA_STYLE ('',( #133 ) ) ;
#5116 = COLOUR_RGB ( '',1.000000000000000000, 1.000000000000000000, 1.000000000000000000 ) ;
#5117 = FACE_OUTER_BOUND ( 'NONE', #2364, .T. ) ;
#5118 = CARTESIAN_POINT ( 'NONE',  ( -2.000000000000000000, 0.002500000000000000052, -1.365000000000000213 ) ) ;
#5119 = SURFACE_STYLE_USAGE ( .BOTH. , #5019 ) ;
#5120 = STYLED_ITEM ( 'NONE', ( #7484 ), #4460 ) ;
#5121 = CARTESIAN_POINT ( 'NONE',  ( 2.000000000000000000, 0.0000000000000000000, 0.8649999999999999911 ) ) ;
#5122 = VERTEX_POINT ( 'NONE', #2422 ) ;
#5123 = AXIS2_PLACEMENT_3D ( 'NONE', #3355, #8165, #1836 ) ;
#5124 =( NAMED_UNIT ( * ) SI_UNIT ( $, .STERADIAN. ) SOLID_ANGLE_UNIT ( ) );
#5125 = PRESENTATION_LAYER_ASSIGNMENT (  '', '', ( #378 ) ) ;
#5126 =( NAMED_UNIT ( * ) PLANE_ANGLE_UNIT ( ) SI_UNIT ( $, .RADIAN. ) );
#5127 = CARTESIAN_POINT ( 'NONE',  ( 1.135000000000000453, 2.975525575834778034E-18, -2.000000000000000000 ) ) ;
#5128 = ADVANCED_FACE ( 'NONE', ( #5223 ), #7957, .T. ) ;
#5129 = UNCERTAINTY_MEASURE_WITH_UNIT (LENGTH_MEASURE( 1.000000000000000082E-05 ), #262, 'distance_accuracy_value', 'NONE');
#5130 = PRESENTATION_STYLE_ASSIGNMENT (( #3809 ) ) ;
#5131 = ORIENTED_EDGE ( 'NONE', *, *, #2738, .T. ) ;
#5132 = CARTESIAN_POINT ( 'NONE',  ( 1.250000000000000000, 0.0005000000000000003357, 1.000000000000000000 ) ) ;
#5133 = DIRECTION ( 'NONE',  ( 1.000000000000000000, 0.0000000000000000000, 0.0000000000000000000 ) ) ;
#5134 = VERTEX_POINT ( 'NONE', #644 ) ;
#5135 = CARTESIAN_POINT ( 'NONE',  ( -0.1349999999999995925, 0.002499999999999985307, 2.000000000000000000 ) ) ;
#5136 = LINE ( 'NONE', #2294, #1201 ) ;
#5137 = SURFACE_STYLE_FILL_AREA ( #968 ) ;
#5138 =( NAMED_UNIT ( * ) SI_UNIT ( $, .STERADIAN. ) SOLID_ANGLE_UNIT ( ) );
#5139 =( LENGTH_UNIT ( ) NAMED_UNIT ( * ) SI_UNIT ( .MILLI., .METRE. ) );
#5140 = CARTESIAN_POINT ( 'NONE',  ( -0.6349999999999995648, 0.002499999999999997450, -2.000000000000000000 ) ) ;
#5141 = CARTESIAN_POINT ( 'NONE',  ( 2.000000000000000000, 0.2025000000000000133, 1.135000000000000009 ) ) ;
#5142 = EDGE_CURVE ( 'NONE', #2111, #3030, #6506, .T. ) ;
#5143 = UNCERTAINTY_MEASURE_WITH_UNIT (LENGTH_MEASURE( 1.000000000000000082E-05 ), #8402, 'distance_accuracy_value', 'NONE');
#5144 = SURFACE_SIDE_STYLE ('',( #8670 ) ) ;
#5145 = ORIENTED_EDGE ( 'NONE', *, *, #8674, .T. ) ;
#5146 = MECHANICAL_DESIGN_GEOMETRIC_PRESENTATION_REPRESENTATION (  '', ( #540 ), #5726 ) ;
#5147 = DIRECTION ( 'NONE',  ( 1.000000000000000000, -0.0000000000000000000, -0.0000000000000000000 ) ) ;
#5148 = SURFACE_SIDE_STYLE ('',( #2356 ) ) ;
#5149 = FILL_AREA_STYLE_COLOUR ( '', #5548 ) ;
#5150 = DIRECTION ( 'NONE',  ( 1.000000000000000000, 0.0000000000000000000, 4.065758146820642614E-16 ) ) ;
#5151 = SURFACE_STYLE_USAGE ( .BOTH. , #6020 ) ;
#5152 = EDGE_CURVE ( 'NONE', #1934, #5584, #693, .T. ) ;
#5153 = ORIENTED_EDGE ( 'NONE', *, *, #5761, .F. ) ;
#5154 = EDGE_CURVE ( 'NONE', #4205, #3218, #2185, .T. ) ;
#5155 =( LENGTH_UNIT ( ) NAMED_UNIT ( * ) SI_UNIT ( .MILLI., .METRE. ) );
#5156 = MECHANICAL_DESIGN_GEOMETRIC_PRESENTATION_REPRESENTATION (  '', ( #697 ), #1476 ) ;
#5157 = ORIENTED_EDGE ( 'NONE', *, *, #3359, .F. ) ;
#5158 = DIRECTION ( 'NONE',  ( 0.0000000000000000000, -1.000000000000000000, 0.0000000000000000000 ) ) ;
#5159 = EDGE_LOOP ( 'NONE', ( #8616, #7551, #1327, #3348 ) ) ;
#5160 = FACE_OUTER_BOUND ( 'NONE', #8290, .T. ) ;
#5161 = DIRECTION ( 'NONE',  ( -1.000000000000000000, 0.0000000000000000000, -0.0000000000000000000 ) ) ;
#5162 = CARTESIAN_POINT ( 'NONE',  ( 2.001999999999999780, 0.2025000000000000133, -1.135000000000000231 ) ) ;
#5163 = CARTESIAN_POINT ( 'NONE',  ( -2.000000000000000000, 0.0000000000000000000, -0.1350000000000000089 ) ) ;
#5164 = UNCERTAINTY_MEASURE_WITH_UNIT (LENGTH_MEASURE( 1.000000000000000082E-05 ), #7217, 'distance_accuracy_value', 'NONE');
#5165 = FILL_AREA_STYLE ('',( #6556 ) ) ;
#5166 =( LENGTH_UNIT ( ) NAMED_UNIT ( * ) SI_UNIT ( .MILLI., .METRE. ) );
#5167 = ORIENTED_EDGE ( 'NONE', *, *, #7790, .F. ) ;
#5168 = FILL_AREA_STYLE ('',( #949 ) ) ;
#5169 = SURFACE_STYLE_FILL_AREA ( #6610 ) ;
#5170 = LINE ( 'NONE', #97, #60 ) ;
#5171 = SURFACE_STYLE_USAGE ( .BOTH. , #2379 ) ;
#5172 = PLANE ( 'NONE',  #3139 ) ;
#5173 =( NAMED_UNIT ( * ) PLANE_ANGLE_UNIT ( ) SI_UNIT ( $, .RADIAN. ) );
#5174 = DIRECTION ( 'NONE',  ( 2.710505431213761578E-16, 0.0000000000000000000, 1.000000000000000000 ) ) ;
#5175 = CARTESIAN_POINT ( 'NONE',  ( -1.250000000000000000, 0.0005000000000000003357, 1.250000000000000000 ) ) ;
#5176 = ORIENTED_EDGE ( 'NONE', *, *, #5142, .F. ) ;
#5177 = CARTESIAN_POINT ( 'NONE',  ( -2.000000000000000000, 0.2025000000000000133, 1.135000000000000009 ) ) ;
#5178 = DIRECTION ( 'NONE',  ( 1.000000000000000000, 0.0000000000000000000, -4.065758146820642614E-16 ) ) ;
#5179 = VERTEX_POINT ( 'NONE', #5598 ) ;
#5180 = FILL_AREA_STYLE_COLOUR ( '', #5982 ) ;
#5181 = FACE_OUTER_BOUND ( 'NONE', #3489, .T. ) ;
#5182 = LINE ( 'NONE', #7917, #8304 ) ;
#5183 = LINE ( 'NONE', #919, #2441 ) ;
#5184 = DIRECTION ( 'NONE',  ( -1.000000000000000000, 0.0000000000000000000, 0.0000000000000000000 ) ) ;
#5185 = DIRECTION ( 'NONE',  ( -0.0000000000000000000, -1.000000000000000000, -0.0000000000000000000 ) ) ;
#5186 =( GEOMETRIC_REPRESENTATION_CONTEXT ( 3 ) GLOBAL_UNCERTAINTY_ASSIGNED_CONTEXT ( ( #5224 ) ) GLOBAL_UNIT_ASSIGNED_CONTEXT ( ( #1449, #16, #2839 ) ) REPRESENTATION_CONTEXT ( 'NONE', 'WORKASPACE' ) );
#5187 = FILL_AREA_STYLE ('',( #769 ) ) ;
#5188 = ORIENTED_EDGE ( 'NONE', *, *, #5111, .T. ) ;
#5189 = SURFACE_STYLE_USAGE ( .BOTH. , #8669 ) ;
#5190 = SURFACE_STYLE_FILL_AREA ( #2493 ) ;
#5191 = VERTEX_POINT ( 'NONE', #8629 ) ;
#5192 = DIRECTION ( 'NONE',  ( 0.0000000000000000000, -1.000000000000000000, 0.0000000000000000000 ) ) ;
#5193 = PRESENTATION_LAYER_ASSIGNMENT (  '', '', ( #4450 ) ) ;
#5194 = EDGE_CURVE ( 'NONE', #3159, #428, #8536, .T. ) ;
#5195 =( NAMED_UNIT ( * ) SI_UNIT ( $, .STERADIAN. ) SOLID_ANGLE_UNIT ( ) );
#5196 = DIRECTION ( 'NONE',  ( -0.0000000000000000000, -1.000000000000000000, -0.0000000000000000000 ) ) ;
#5197 = DIRECTION ( 'NONE',  ( 1.000000000000000000, 0.0000000000000000000, 0.0000000000000000000 ) ) ;
#5198 = ORIENTED_EDGE ( 'NONE', *, *, #5935, .F. ) ;
#5199 = STYLED_ITEM ( 'NONE', ( #2632 ), #537 ) ;
#5200 = VERTEX_POINT ( 'NONE', #4321 ) ;
#5201 = VECTOR ( 'NONE', #7672, 1000.000000000000000 ) ;
#5202 = EDGE_CURVE ( 'NONE', #6179, #4092, #7143, .T. ) ;
#5203 = PRESENTATION_STYLE_ASSIGNMENT (( #2409 ) ) ;
#5204 = FILL_AREA_STYLE_COLOUR ( '', #7495 ) ;
#5205 = MECHANICAL_DESIGN_GEOMETRIC_PRESENTATION_REPRESENTATION (  '', ( #5616 ), #7568 ) ;
#5206 = FILL_AREA_STYLE_COLOUR ( '', #3593 ) ;
#5207 = EDGE_CURVE ( 'NONE', #3192, #1462, #3691, .T. ) ;
#5208 = DIRECTION ( 'NONE',  ( 0.0000000000000000000, -1.000000000000000000, 0.0000000000000000000 ) ) ;
#5209 = CARTESIAN_POINT ( 'NONE',  ( 2.001999999999999780, 0.2025000000000000133, -1.135000000000000231 ) ) ;
#5210 = DIRECTION ( 'NONE',  ( -0.0000000000000000000, -0.0000000000000000000, -1.000000000000000000 ) ) ;
#5211 = ORIENTED_EDGE ( 'NONE', *, *, #1984, .T. ) ;
#5212 = CARTESIAN_POINT ( 'NONE',  ( 1.365000000000000435, 2.980301110709575655E-17, 2.000000000000000000 ) ) ;
#5213 = ORIENTED_EDGE ( 'NONE', *, *, #4086, .F. ) ;
#5214 = CARTESIAN_POINT ( 'NONE',  ( 1.250000000000000000, 0.0005000000000000003357, -1.250000000000000000 ) ) ;
#5215 = CARTESIAN_POINT ( 'NONE',  ( -0.3649999999999996581, -1.490150555354787828E-17, 2.000000000000000000 ) ) ;
#5216 = SURFACE_SIDE_STYLE ('',( #4613 ) ) ;
#5217 = ADVANCED_FACE ( 'NONE', ( #4182 ), #6313, .F. ) ;
#5218 = VECTOR ( 'NONE', #4233, 1000.000000000000000 ) ;
#5219 = DIRECTION ( 'NONE',  ( 1.000000000000000000, 0.0000000000000000000, -0.0000000000000000000 ) ) ;
#5220 = SURFACE_SIDE_STYLE ('',( #8139 ) ) ;
#5221 = SURFACE_STYLE_USAGE ( .BOTH. , #6655 ) ;
#5222 = SURFACE_STYLE_FILL_AREA ( #5307 ) ;
#5223 = FACE_OUTER_BOUND ( 'NONE', #8827, .T. ) ;
#5224 = UNCERTAINTY_MEASURE_WITH_UNIT (LENGTH_MEASURE( 1.000000000000000082E-05 ), #1449, 'distance_accuracy_value', 'NONE');
#5225 = DIRECTION ( 'NONE',  ( 0.0000000000000000000, 0.0000000000000000000, 1.000000000000000000 ) ) ;
#5226 = COLOUR_RGB ( '',1.000000000000000000, 1.000000000000000000, 1.000000000000000000 ) ;
#5227 = EDGE_LOOP ( 'NONE', ( #4023, #8824, #5794, #1266 ) ) ;
#5228 = LINE ( 'NONE', #7386, #7705 ) ;
#5229 = ORIENTED_EDGE ( 'NONE', *, *, #5536, .T. ) ;
#5230 = AXIS2_PLACEMENT_3D ( 'NONE', #2224, #6502, #7939 ) ;
#5231 = EDGE_CURVE ( 'NONE', #8695, #6248, #3837, .T. ) ;
#5232 = DIRECTION ( 'NONE',  ( -1.000000000000000000, 0.0000000000000000000, 0.0000000000000000000 ) ) ;
#5233 = DIRECTION ( 'NONE',  ( -1.000000000000000000, 0.0000000000000000000, 0.0000000000000000000 ) ) ;
#5234 = VECTOR ( 'NONE', #2169, 1000.000000000000000 ) ;
#5235 = UNCERTAINTY_MEASURE_WITH_UNIT (LENGTH_MEASURE( 1.000000000000000082E-05 ), #130, 'distance_accuracy_value', 'NONE');
#5236 = COLOUR_RGB ( '',1.000000000000000000, 1.000000000000000000, 1.000000000000000000 ) ;
#5237 =( LENGTH_UNIT ( ) NAMED_UNIT ( * ) SI_UNIT ( .MILLI., .METRE. ) );
#5238 =( GEOMETRIC_REPRESENTATION_CONTEXT ( 3 ) GLOBAL_UNCERTAINTY_ASSIGNED_CONTEXT ( ( #4390 ) ) GLOBAL_UNIT_ASSIGNED_CONTEXT ( ( #4658, #330, #419 ) ) REPRESENTATION_CONTEXT ( 'NONE', 'WORKASPACE' ) );
#5239 = ORIENTED_EDGE ( 'NONE', *, *, #2861, .F. ) ;
#5240 = FACE_OUTER_BOUND ( 'NONE', #4892, .T. ) ;
#5241 = FILL_AREA_STYLE ('',( #3906 ) ) ;
#5242 = DIRECTION ( 'NONE',  ( 0.0000000000000000000, 0.0000000000000000000, 1.000000000000000000 ) ) ;
#5243 = PRESENTATION_LAYER_ASSIGNMENT (  '', '', ( #5092 ) ) ;
#5244 = FILL_AREA_STYLE ('',( #7272 ) ) ;
#5245 = SURFACE_STYLE_USAGE ( .BOTH. , #8822 ) ;
#5246 = LINE ( 'NONE', #4551, #6180 ) ;
#5247 = PRESENTATION_LAYER_ASSIGNMENT (  '', '', ( #2744 ) ) ;
#5248 =( GEOMETRIC_REPRESENTATION_CONTEXT ( 3 ) GLOBAL_UNCERTAINTY_ASSIGNED_CONTEXT ( ( #6789 ) ) GLOBAL_UNIT_ASSIGNED_CONTEXT ( ( #5493, #6295, #8335 ) ) REPRESENTATION_CONTEXT ( 'NONE', 'WORKASPACE' ) );
#5249 = VERTEX_POINT ( 'NONE', #4511 ) ;
#5250 = EDGE_CURVE ( 'NONE', #2756, #4393, #272, .T. ) ;
#5251 = SURFACE_STYLE_FILL_AREA ( #3914 ) ;
#5252 = ORIENTED_EDGE ( 'NONE', *, *, #3576, .F. ) ;
#5253 = ORIENTED_EDGE ( 'NONE', *, *, #4741, .F. ) ;
#5254 = VERTEX_POINT ( 'NONE', #6686 ) ;
#5255 = LINE ( 'NONE', #6739, #1241 ) ;
#5256 =( LENGTH_UNIT ( ) NAMED_UNIT ( * ) SI_UNIT ( .MILLI., .METRE. ) );
#5257 = PLANE ( 'NONE',  #990 ) ;
#5258 = PRESENTATION_STYLE_ASSIGNMENT (( #6031 ) ) ;
#5259 = FILL_AREA_STYLE_COLOUR ( '', #5650 ) ;
#5260 = CARTESIAN_POINT ( 'NONE',  ( -0.3649999999999995470, -1.490150555354787828E-17, 1.600000000000000089 ) ) ;
#5261 = EDGE_CURVE ( 'NONE', #6793, #6587, #8686, .T. ) ;
#5262 = VECTOR ( 'NONE', #855, 1000.000000000000000 ) ;
#5263 = ORIENTED_EDGE ( 'NONE', *, *, #1275, .T. ) ;
#5264 = DIRECTION ( 'NONE',  ( 2.710505431213761578E-16, 0.0000000000000000000, -1.000000000000000000 ) ) ;
#5265 = CARTESIAN_POINT ( 'NONE',  ( 1.135000000000000453, 0.2000000000000000389, 2.001999999999999780 ) ) ;
#5266 = PRESENTATION_STYLE_ASSIGNMENT (( #5350 ) ) ;
#5267 = COLOUR_RGB ( '',0.2509803921568627416, 0.2509803921568627416, 0.2509803921568627416 ) ;
#5268 = MECHANICAL_DESIGN_GEOMETRIC_PRESENTATION_REPRESENTATION (  '', ( #5825 ), #950 ) ;
#5269 = AXIS2_PLACEMENT_3D ( 'NONE', #6128, #6079, #6172 ) ;
#5270 = EDGE_CURVE ( 'NONE', #7137, #8735, #7282, .T. ) ;
#5271 = DIRECTION ( 'NONE',  ( 1.000000000000000000, -0.0000000000000000000, -0.0000000000000000000 ) ) ;
#5272 = ORIENTED_EDGE ( 'NONE', *, *, #5756, .T. ) ;
#5273 = LINE ( 'NONE', #3018, #2709 ) ;
#5274 = VERTEX_POINT ( 'NONE', #3123 ) ;
#5275 = VECTOR ( 'NONE', #871, 1000.000000000000000 ) ;
#5276 = DIRECTION ( 'NONE',  ( -0.0000000000000000000, -0.0000000000000000000, -1.000000000000000000 ) ) ;
#5277 =( NAMED_UNIT ( * ) PLANE_ANGLE_UNIT ( ) SI_UNIT ( $, .RADIAN. ) );
#5278 = SURFACE_STYLE_USAGE ( .BOTH. , #208 ) ;
#5279 = ADVANCED_FACE ( 'NONE', ( #231 ), #325, .F. ) ;
#5280 = VECTOR ( 'NONE', #820, 1000.000000000000000 ) ;
#5281 = EDGE_LOOP ( 'NONE', ( #139, #4271, #7722, #1799 ) ) ;
#5282 = CARTESIAN_POINT ( 'NONE',  ( -2.001999999999999780, 0.002500000000000000052, -1.365000000000000213 ) ) ;
#5283 = CARTESIAN_POINT ( 'NONE',  ( -2.000000000000000000, 0.0000000000000000000, -0.1350000000000000089 ) ) ;
#5284 = PRESENTATION_LAYER_ASSIGNMENT (  '', '', ( #5872 ) ) ;
#5285 = PRESENTATION_STYLE_ASSIGNMENT (( #2401 ) ) ;
#5286 = DIRECTION ( 'NONE',  ( -0.0000000000000000000, -1.000000000000000000, -0.0000000000000000000 ) ) ;
#5287 = EDGE_LOOP ( 'NONE', ( #7138, #1642, #6955, #3256 ) ) ;
#5288 = VERTEX_POINT ( 'NONE', #2510 ) ;
#5289 = ORIENTED_EDGE ( 'NONE', *, *, #478, .F. ) ;
#5290 = LINE ( 'NONE', #8917, #1828 ) ;
#5291 =( NAMED_UNIT ( * ) PLANE_ANGLE_UNIT ( ) SI_UNIT ( $, .RADIAN. ) );
#5292 = DIRECTION ( 'NONE',  ( -1.000000000000000000, 0.0000000000000000000, -0.0000000000000000000 ) ) ;
#5293 = SURFACE_STYLE_USAGE ( .BOTH. , #6741 ) ;
#5294 = DIRECTION ( 'NONE',  ( -1.000000000000000000, 0.0000000000000000000, -0.0000000000000000000 ) ) ;
#5295 = FACE_OUTER_BOUND ( 'NONE', #1549, .T. ) ;
#5296 = VECTOR ( 'NONE', #5286, 1000.000000000000000 ) ;
#5297 = CARTESIAN_POINT ( 'NONE',  ( -2.001999999999999780, 0.2025000000000000133, -0.8650000000000001021 ) ) ;
#5298 = PRESENTATION_STYLE_ASSIGNMENT (( #137 ) ) ;
#5299 = ORIENTED_EDGE ( 'NONE', *, *, #314, .T. ) ;
#5300 = UNCERTAINTY_MEASURE_WITH_UNIT (LENGTH_MEASURE( 1.000000000000000082E-05 ), #8178, 'distance_accuracy_value', 'NONE');
#5301 = ORIENTED_EDGE ( 'NONE', *, *, #7388, .F. ) ;
#5302 = PRESENTATION_STYLE_ASSIGNMENT (( #7565 ) ) ;
#5303 = DIRECTION ( 'NONE',  ( -1.000000000000000000, 0.0000000000000000000, 0.0000000000000000000 ) ) ;
#5304 = FILL_AREA_STYLE_COLOUR ( '', #5412 ) ;
#5305 = DIRECTION ( 'NONE',  ( -0.0000000000000000000, -1.000000000000000000, -0.0000000000000000000 ) ) ;
#5306 = EDGE_CURVE ( 'NONE', #7436, #4575, #6824, .T. ) ;
#5307 = FILL_AREA_STYLE ('',( #7383 ) ) ;
#5308 = FACE_OUTER_BOUND ( 'NONE', #413, .T. ) ;
#5309 = ORIENTED_EDGE ( 'NONE', *, *, #5478, .T. ) ;
#5310 = UNCERTAINTY_MEASURE_WITH_UNIT (LENGTH_MEASURE( 1.000000000000000082E-05 ), #275, 'distance_accuracy_value', 'NONE');
#5311 = SURFACE_STYLE_USAGE ( .BOTH. , #5476 ) ;
#5312 = SURFACE_STYLE_USAGE ( .BOTH. , #6622 ) ;
#5313 = EDGE_LOOP ( 'NONE', ( #3219, #6047, #1957, #2491 ) ) ;
#5314 =( LENGTH_UNIT ( ) NAMED_UNIT ( * ) SI_UNIT ( .MILLI., .METRE. ) );
#5315 = SURFACE_STYLE_FILL_AREA ( #1110 ) ;
#5316 = DIRECTION ( 'NONE',  ( 1.000000000000000000, 0.0000000000000000000, 0.0000000000000000000 ) ) ;
#5317 = EDGE_CURVE ( 'NONE', #63, #3265, #583, .T. ) ;
#5318 = EDGE_CURVE ( 'NONE', #899, #5288, #1941, .T. ) ;
#5319 = CARTESIAN_POINT ( 'NONE',  ( 2.000000000000000000, 0.002500000000000000052, -0.6350000000000001199 ) ) ;
#5320 = ORIENTED_EDGE ( 'NONE', *, *, #6723, .F. ) ;
#5321 =( NAMED_UNIT ( * ) PLANE_ANGLE_UNIT ( ) SI_UNIT ( $, .RADIAN. ) );
#5322 =( NAMED_UNIT ( * ) SI_UNIT ( $, .STERADIAN. ) SOLID_ANGLE_UNIT ( ) );
#5323 = EDGE_CURVE ( 'NONE', #7625, #5854, #4828, .T. ) ;
#5324 = SURFACE_STYLE_FILL_AREA ( #1755 ) ;
#5325 = VECTOR ( 'NONE', #3848, 1000.000000000000000 ) ;
#5326 =( LENGTH_UNIT ( ) NAMED_UNIT ( * ) SI_UNIT ( .MILLI., .METRE. ) );
#5327 =( LENGTH_UNIT ( ) NAMED_UNIT ( * ) SI_UNIT ( .MILLI., .METRE. ) );
#5328 = PRESENTATION_STYLE_ASSIGNMENT (( #8073 ) ) ;
#5329 = ORIENTED_EDGE ( 'NONE', *, *, #1055, .T. ) ;
#5330 = ORIENTED_EDGE ( 'NONE', *, *, #7746, .T. ) ;
#5331 = COLOUR_RGB ( '',1.000000000000000000, 1.000000000000000000, 1.000000000000000000 ) ;
#5332 = VERTEX_POINT ( 'NONE', #8919 ) ;
#5333 = DIRECTION ( 'NONE',  ( 2.710505431213761578E-16, 0.0000000000000000000, 1.000000000000000000 ) ) ;
#5334 = PRESENTATION_STYLE_ASSIGNMENT (( #7328 ) ) ;
#5335 = DIRECTION ( 'NONE',  ( 0.0000000000000000000, -1.000000000000000000, -0.0000000000000000000 ) ) ;
#5336 = FILL_AREA_STYLE_COLOUR ( '', #7717 ) ;
#5337 = LINE ( 'NONE', #8268, #6717 ) ;
#5338 = UNCERTAINTY_MEASURE_WITH_UNIT (LENGTH_MEASURE( 1.000000000000000082E-05 ), #2086, 'distance_accuracy_value', 'NONE');
#5339 = PLANE ( 'NONE',  #4789 ) ;
#5340 = VECTOR ( 'NONE', #3650, 1000.000000000000000 ) ;
#5341 =( NAMED_UNIT ( * ) SI_UNIT ( $, .STERADIAN. ) SOLID_ANGLE_UNIT ( ) );
#5342 = SURFACE_STYLE_FILL_AREA ( #944 ) ;
#5343 = VECTOR ( 'NONE', #6922, 1000.000000000000000 ) ;
#5344 = ORIENTED_EDGE ( 'NONE', *, *, #6678, .T. ) ;
#5345 =( NAMED_UNIT ( * ) PLANE_ANGLE_UNIT ( ) SI_UNIT ( $, .RADIAN. ) );
#5346 = VERTEX_POINT ( 'NONE', #453 ) ;
#5347 = LINE ( 'NONE', #1041, #3062 ) ;
#5348 = DIRECTION ( 'NONE',  ( -0.0000000000000000000, -1.000000000000000000, -0.0000000000000000000 ) ) ;
#5349 = SURFACE_STYLE_USAGE ( .BOTH. , #2603 ) ;
#5350 = SURFACE_STYLE_USAGE ( .BOTH. , #2474 ) ;
#5351 =( LENGTH_UNIT ( ) NAMED_UNIT ( * ) SI_UNIT ( .MILLI., .METRE. ) );
#5352 = DIRECTION ( 'NONE',  ( 0.0000000000000000000, 0.0000000000000000000, -1.000000000000000000 ) ) ;
#5353 = VERTEX_POINT ( 'NONE', #9098 ) ;
#5354 = PLANE ( 'NONE',  #4470 ) ;
#5355 = ADVANCED_FACE ( 'NONE', ( #1274 ), #1848, .F. ) ;
#5356 = CARTESIAN_POINT ( 'NONE',  ( 1.135000000000000675, 0.002500000000000029976, 1.600000000000000089 ) ) ;
#5357 = CARTESIAN_POINT ( 'NONE',  ( -1.134999999999999787, 0.1999999999999999556, 2.000000000000000000 ) ) ;
#5358 = VECTOR ( 'NONE', #1918, 1000.000000000000000 ) ;
#5359 = CARTESIAN_POINT ( 'NONE',  ( -2.001999999999999780, 0.2025000000000000133, -1.135000000000000231 ) ) ;
#5360 = DIRECTION ( 'NONE',  ( -0.0000000000000000000, -1.000000000000000000, -0.0000000000000000000 ) ) ;
#5361 = VECTOR ( 'NONE', #558, 1000.000000000000000 ) ;
#5362 = LINE ( 'NONE', #8251, #1570 ) ;
#5363 = EDGE_CURVE ( 'NONE', #8569, #4962, #1896, .T. ) ;
#5364 = EDGE_LOOP ( 'NONE', ( #4140, #3585, #4555, #1500 ) ) ;
#5365 = FILL_AREA_STYLE ('',( #1171 ) ) ;
#5366 = EDGE_CURVE ( 'NONE', #6676, #428, #2713, .T. ) ;
#5367 = PRESENTATION_LAYER_ASSIGNMENT (  '', '', ( #7290 ) ) ;
#5368 =( NAMED_UNIT ( * ) PLANE_ANGLE_UNIT ( ) SI_UNIT ( $, .RADIAN. ) );
#5369 = PRESENTATION_LAYER_ASSIGNMENT (  '', '', ( #5075 ) ) ;
#5370 = SURFACE_STYLE_USAGE ( .BOTH. , #3961 ) ;
#5371 = CARTESIAN_POINT ( 'NONE',  ( -1.600000000000000089, 0.002500000000000000052, 0.8649999999999999911 ) ) ;
#5372 = FILL_AREA_STYLE_COLOUR ( '', #3064 ) ;
#5373 = DIRECTION ( 'NONE',  ( 0.0000000000000000000, 0.0000000000000000000, 1.000000000000000000 ) ) ;
#5374 = ORIENTED_EDGE ( 'NONE', *, *, #4807, .T. ) ;
#5375 = EDGE_CURVE ( 'NONE', #9061, #2811, #2673, .T. ) ;
#5376 = EDGE_LOOP ( 'NONE', ( #8787, #2128, #2067, #7743, #8692 ) ) ;
#5377 = AXIS2_PLACEMENT_3D ( 'NONE', #5050, #6493, #6662 ) ;
#5378 = VERTEX_POINT ( 'NONE', #6200 ) ;
#5379 = EDGE_CURVE ( 'NONE', #6355, #2547, #1980, .T. ) ;
#5380 = VERTEX_POINT ( 'NONE', #1182 ) ;
#5381 = FILL_AREA_STYLE_COLOUR ( '', #1053 ) ;
#5382 = FILL_AREA_STYLE ('',( #6299 ) ) ;
#5383 = COLOUR_RGB ( '',1.000000000000000000, 1.000000000000000000, 1.000000000000000000 ) ;
#5384 = VECTOR ( 'NONE', #3928, 1000.000000000000000 ) ;
#5385 =( LENGTH_UNIT ( ) NAMED_UNIT ( * ) SI_UNIT ( .MILLI., .METRE. ) );
#5386 =( NAMED_UNIT ( * ) SI_UNIT ( $, .STERADIAN. ) SOLID_ANGLE_UNIT ( ) );
#5387 = STYLED_ITEM ( 'NONE', ( #7647 ), #3084 ) ;
#5388 = ORIENTED_EDGE ( 'NONE', *, *, #4876, .T. ) ;
#5389 = MECHANICAL_DESIGN_GEOMETRIC_PRESENTATION_REPRESENTATION (  '', ( #4203 ), #7453 ) ;
#5390 = FACE_OUTER_BOUND ( 'NONE', #986, .T. ) ;
#5391 = EDGE_CURVE ( 'NONE', #2543, #5624, #2387, .T. ) ;
#5392 = ORIENTED_EDGE ( 'NONE', *, *, #5261, .F. ) ;
#5393 =( LENGTH_UNIT ( ) NAMED_UNIT ( * ) SI_UNIT ( .MILLI., .METRE. ) );
#5394 = CARTESIAN_POINT ( 'NONE',  ( 1.365000000000000435, 0.2000000000000000389, 2.000000000000000000 ) ) ;
#5395 =( NAMED_UNIT ( * ) SI_UNIT ( $, .STERADIAN. ) SOLID_ANGLE_UNIT ( ) );
#5396 = VECTOR ( 'NONE', #1497, 1000.000000000000000 ) ;
#5397 =( LENGTH_UNIT ( ) NAMED_UNIT ( * ) SI_UNIT ( .MILLI., .METRE. ) );
#5398 = STYLED_ITEM ( 'NONE', ( #5819 ), #7412 ) ;
#5399 = CARTESIAN_POINT ( 'NONE',  ( 1.365000000000000435, 0.002500000000000003088, -2.000000000000000000 ) ) ;
#5400 = PLANE ( 'NONE',  #647 ) ;
#5401 = VECTOR ( 'NONE', #5035, 1000.000000000000000 ) ;
#5402 = DIRECTION ( 'NONE',  ( -0.0000000000000000000, -1.000000000000000000, -0.0000000000000000000 ) ) ;
#5403 = CARTESIAN_POINT ( 'NONE',  ( -1.134999999999999787, 0.002499999999999955383, 1.600000000000000089 ) ) ;
#5404 = CIRCLE ( 'NONE', #2178, 0.1000000000000000472 ) ;
#5405 = CARTESIAN_POINT ( 'NONE',  ( 1.365000000000000435, 2.980301110709575655E-17, 2.001999999999999780 ) ) ;
#5406 = CARTESIAN_POINT ( 'NONE',  ( -1.134999999999999787, 0.002499999999999955383, 1.600000000000000089 ) ) ;
#5407 = DIRECTION ( 'NONE',  ( 0.0000000000000000000, -1.000000000000000000, 0.0000000000000000000 ) ) ;
#5408 = VECTOR ( 'NONE', #8639, 1000.000000000000000 ) ;
#5409 = CARTESIAN_POINT ( 'NONE',  ( 2.000000000000000000, 0.0000000000000000000, 1.365000000000000213 ) ) ;
#5410 = VECTOR ( 'NONE', #8924, 1000.000000000000000 ) ;
#5411 = SURFACE_STYLE_USAGE ( .BOTH. , #2614 ) ;
#5412 = COLOUR_RGB ( '',1.000000000000000000, 1.000000000000000000, 1.000000000000000000 ) ;
#5413 = UNCERTAINTY_MEASURE_WITH_UNIT (LENGTH_MEASURE( 1.000000000000000082E-05 ), #254, 'distance_accuracy_value', 'NONE');
#5414 = DIRECTION ( 'NONE',  ( -0.0000000000000000000, -1.000000000000000000, -0.0000000000000000000 ) ) ;
#5415 = ORIENTED_EDGE ( 'NONE', *, *, #4289, .T. ) ;
#5416 = PLANE ( 'NONE',  #1962 ) ;
#5417 = VECTOR ( 'NONE', #7077, 1000.000000000000000 ) ;
#5418 = MECHANICAL_DESIGN_GEOMETRIC_PRESENTATION_REPRESENTATION (  '', ( #378 ), #666 ) ;
#5419 = DIRECTION ( 'NONE',  ( -0.0000000000000000000, -0.0000000000000000000, -1.000000000000000000 ) ) ;
#5420 = EDGE_CURVE ( 'NONE', #5877, #528, #4344, .T. ) ;
#5421 = EDGE_CURVE ( 'NONE', #2395, #7530, #5182, .T. ) ;
#5422 =( NAMED_UNIT ( * ) PLANE_ANGLE_UNIT ( ) SI_UNIT ( $, .RADIAN. ) );
#5423 = PLANE ( 'NONE',  #5859 ) ;
#5424 = DIRECTION ( 'NONE',  ( -1.000000000000000000, 0.0000000000000000000, -0.0000000000000000000 ) ) ;
#5425 = EDGE_LOOP ( 'NONE', ( #2799, #9021, #6528, #828 ) ) ;
#5426 = ORIENTED_EDGE ( 'NONE', *, *, #8217, .F. ) ;
#5427 = ORIENTED_EDGE ( 'NONE', *, *, #4239, .F. ) ;
#5428 = ORIENTED_EDGE ( 'NONE', *, *, #2730, .F. ) ;
#5429 =( NAMED_UNIT ( * ) SI_UNIT ( $, .STERADIAN. ) SOLID_ANGLE_UNIT ( ) );
#5430 = EDGE_CURVE ( 'NONE', #6538, #1490, #6991, .T. ) ;
#5431 = UNCERTAINTY_MEASURE_WITH_UNIT (LENGTH_MEASURE( 1.000000000000000082E-05 ), #93, 'distance_accuracy_value', 'NONE');
#5432 = EDGE_LOOP ( 'NONE', ( #7183, #4433, #7073, #1991 ) ) ;
#5433 = VECTOR ( 'NONE', #7203, 1000.000000000000000 ) ;
#5434 = SURFACE_STYLE_USAGE ( .BOTH. , #8977 ) ;
#5435 =( LENGTH_UNIT ( ) NAMED_UNIT ( * ) SI_UNIT ( .MILLI., .METRE. ) );
#5436 = CARTESIAN_POINT ( 'NONE',  ( 0.8650000000000003242, 0.2000000000000000944, -2.000000000000000000 ) ) ;
#5437 = FACE_OUTER_BOUND ( 'NONE', #7756, .T. ) ;
#5438 = DIRECTION ( 'NONE',  ( 0.0000000000000000000, 0.0000000000000000000, -1.000000000000000000 ) ) ;
#5439 = EDGE_CURVE ( 'NONE', #8939, #785, #1693, .T. ) ;
#5440 = CARTESIAN_POINT ( 'NONE',  ( 2.001999999999999780, 0.002500000000000000052, 0.8649999999999998801 ) ) ;
#5441 = STYLED_ITEM ( 'NONE', ( #1176 ), #9081 ) ;
#5442 =( LENGTH_UNIT ( ) NAMED_UNIT ( * ) SI_UNIT ( .MILLI., .METRE. ) );
#5443 = CARTESIAN_POINT ( 'NONE',  ( -0.1349999999999995925, 0.1999999999999999833, 2.001999999999999780 ) ) ;
#5444 = SURFACE_SIDE_STYLE ('',( #6184 ) ) ;
#5445 = PRESENTATION_STYLE_ASSIGNMENT (( #2697 ) ) ;
#5446 = ORIENTED_EDGE ( 'NONE', *, *, #1550, .F. ) ;
#5447 = PLANE ( 'NONE',  #3046 ) ;
#5448 = LINE ( 'NONE', #2021, #6005 ) ;
#5449 = ORIENTED_EDGE ( 'NONE', *, *, #8302, .T. ) ;
#5450 = CARTESIAN_POINT ( 'NONE',  ( -1.134999999999999787, 0.1999999999999999556, 2.001999999999999780 ) ) ;
#5451 = ORIENTED_EDGE ( 'NONE', *, *, #1938, .F. ) ;
#5452 = ORIENTED_EDGE ( 'NONE', *, *, #1055, .F. ) ;
#5453 = DIRECTION ( 'NONE',  ( 2.710505431213761578E-16, 0.0000000000000000000, 1.000000000000000000 ) ) ;
#5454 = SURFACE_STYLE_USAGE ( .BOTH. , #8222 ) ;
#5455 = VECTOR ( 'NONE', #3825, 1000.000000000000000 ) ;
#5456 = FACE_OUTER_BOUND ( 'NONE', #9082, .T. ) ;
#5457 =( NAMED_UNIT ( * ) PLANE_ANGLE_UNIT ( ) SI_UNIT ( $, .RADIAN. ) );
#5458 = DIRECTION ( 'NONE',  ( 0.0000000000000000000, 0.0000000000000000000, 1.000000000000000000 ) ) ;
#5459 = CARTESIAN_POINT ( 'NONE',  ( -2.000000000000000000, 0.9000000000000000222, 2.000000000000000000 ) ) ;
#5460 = VECTOR ( 'NONE', #3707, 1000.000000000000000 ) ;
#5461 = ORIENTED_EDGE ( 'NONE', *, *, #1019, .F. ) ;
#5462 = EDGE_CURVE ( 'NONE', #171, #4483, #3713, .T. ) ;
#5463 = EDGE_LOOP ( 'NONE', ( #5426, #6207, #7829, #7564 ) ) ;
#5464 = DIRECTION ( 'NONE',  ( 1.000000000000000000, 0.0000000000000000000, 0.0000000000000000000 ) ) ;
#5465 = ADVANCED_FACE ( 'NONE', ( #4396 ), #8424, .T. ) ;
#5466 = CARTESIAN_POINT ( 'NONE',  ( 2.001999999999999780, 0.002500000000000000052, 0.3649999999999998801 ) ) ;
#5467 = STYLED_ITEM ( 'NONE', ( #1725 ), #1239 ) ;
#5468 = CARTESIAN_POINT ( 'NONE',  ( 2.000000000000000000, 0.002500000000000000052, -2.000000000000000000 ) ) ;
#5469 = PRESENTATION_LAYER_ASSIGNMENT (  '', '', ( #296 ) ) ;
#5470 =( LENGTH_UNIT ( ) NAMED_UNIT ( * ) SI_UNIT ( .MILLI., .METRE. ) );
#5471 = FACE_OUTER_BOUND ( 'NONE', #8362, .T. ) ;
#5472 = PRESENTATION_STYLE_ASSIGNMENT (( #7011 ) ) ;
#5473 = UNCERTAINTY_MEASURE_WITH_UNIT (LENGTH_MEASURE( 1.000000000000000082E-05 ), #3137, 'distance_accuracy_value', 'NONE');
#5474 =( LENGTH_UNIT ( ) NAMED_UNIT ( * ) SI_UNIT ( .MILLI., .METRE. ) );
#5475 = VECTOR ( 'NONE', #4611, 1000.000000000000000 ) ;
#5476 = SURFACE_SIDE_STYLE ('',( #8241 ) ) ;
#5477 = FILL_AREA_STYLE ('',( #2691 ) ) ;
#5478 = EDGE_CURVE ( 'NONE', #6491, #2586, #1363, .T. ) ;
#5479 = PLANE ( 'NONE',  #1884 ) ;
#5480 = ADVANCED_FACE ( 'NONE', ( #207 ), #4173, .T. ) ;
#5481 = AXIS2_PLACEMENT_3D ( 'NONE', #7307, #8659, #2343 ) ;
#5482 = CARTESIAN_POINT ( 'NONE',  ( 0.6350000000000003419, 0.2000000000000000389, -2.001999999999999780 ) ) ;
#5483 = VECTOR ( 'NONE', #7300, 1000.000000000000000 ) ;
#5484 = AXIS2_PLACEMENT_3D ( 'NONE', #1440, #4246, #6229 ) ;
#5485 = UNCERTAINTY_MEASURE_WITH_UNIT (LENGTH_MEASURE( 1.000000000000000082E-05 ), #5327, 'distance_accuracy_value', 'NONE');
#5486 = ADVANCED_FACE ( 'NONE', ( #2612 ), #400, .T. ) ;
#5487 = ORIENTED_EDGE ( 'NONE', *, *, #7105, .F. ) ;
#5488 =( LENGTH_UNIT ( ) NAMED_UNIT ( * ) SI_UNIT ( .MILLI., .METRE. ) );
#5489 = VECTOR ( 'NONE', #4283, 1000.000000000000000 ) ;
#5490 =( NAMED_UNIT ( * ) PLANE_ANGLE_UNIT ( ) SI_UNIT ( $, .RADIAN. ) );
#5491 = CARTESIAN_POINT ( 'NONE',  ( 0.6350000000000004530, 0.002500000000000015231, 1.600000000000000089 ) ) ;
#5492 = ORIENTED_EDGE ( 'NONE', *, *, #1303, .T. ) ;
#5493 =( LENGTH_UNIT ( ) NAMED_UNIT ( * ) SI_UNIT ( .MILLI., .METRE. ) );
#5494 = STYLED_ITEM ( 'NONE', ( #2760 ), #6045 ) ;
#5495 = ORIENTED_EDGE ( 'NONE', *, *, #2104, .F. ) ;
#5496 = ORIENTED_EDGE ( 'NONE', *, *, #499, .F. ) ;
#5497 = PLANE ( 'NONE',  #5377 ) ;
#5498 = STYLED_ITEM ( 'NONE', ( #5980 ), #2361 ) ;
#5499 =( GEOMETRIC_REPRESENTATION_CONTEXT ( 3 ) GLOBAL_UNCERTAINTY_ASSIGNED_CONTEXT ( ( #6331 ) ) GLOBAL_UNIT_ASSIGNED_CONTEXT ( ( #7571, #1333, #6926 ) ) REPRESENTATION_CONTEXT ( 'NONE', 'WORKASPACE' ) );
#5500 = VECTOR ( 'NONE', #1306, 1000.000000000000000 ) ;
#5501 = UNCERTAINTY_MEASURE_WITH_UNIT (LENGTH_MEASURE( 1.000000000000000082E-05 ), #2038, 'distance_accuracy_value', 'NONE');
#5502 =( NAMED_UNIT ( * ) SI_UNIT ( $, .STERADIAN. ) SOLID_ANGLE_UNIT ( ) );
#5503 = EDGE_CURVE ( 'NONE', #7662, #4034, #8192, .T. ) ;
#5504 = DIRECTION ( 'NONE',  ( 0.0000000000000000000, -0.0000000000000000000, 1.000000000000000000 ) ) ;
#5505 = PRESENTATION_LAYER_ASSIGNMENT (  '', '', ( #5808 ) ) ;
#5506 = VERTEX_POINT ( 'NONE', #8151 ) ;
#5507 = ORIENTED_EDGE ( 'NONE', *, *, #5529, .F. ) ;
#5508 = LINE ( 'NONE', #2042, #6098 ) ;
#5509 = ORIENTED_EDGE ( 'NONE', *, *, #1300, .T. ) ;
#5510 =( GEOMETRIC_REPRESENTATION_CONTEXT ( 3 ) GLOBAL_UNCERTAINTY_ASSIGNED_CONTEXT ( ( #2291 ) ) GLOBAL_UNIT_ASSIGNED_CONTEXT ( ( #1289, #6363, #846 ) ) REPRESENTATION_CONTEXT ( 'NONE', 'WORKASPACE' ) );
#5511 = CARTESIAN_POINT ( 'NONE',  ( -1.600000000000000089, 0.002500000000000000052, 0.1349999999999998701 ) ) ;
#5512 = PRESENTATION_LAYER_ASSIGNMENT (  '', '', ( #2009 ) ) ;
#5513 = FILL_AREA_STYLE ('',( #2604 ) ) ;
#5514 = EDGE_CURVE ( 'NONE', #4575, #7625, #7393, .T. ) ;
#5515 = EDGE_CURVE ( 'NONE', #7024, #6864, #3296, .T. ) ;
#5516 = AXIS2_PLACEMENT_3D ( 'NONE', #3558, #754, #9166 ) ;
#5517 = DIRECTION ( 'NONE',  ( 0.0000000000000000000, -1.000000000000000000, 0.0000000000000000000 ) ) ;
#5518 =( GEOMETRIC_REPRESENTATION_CONTEXT ( 3 ) GLOBAL_UNCERTAINTY_ASSIGNED_CONTEXT ( ( #115 ) ) GLOBAL_UNIT_ASSIGNED_CONTEXT ( ( #4404, #7222, #117 ) ) REPRESENTATION_CONTEXT ( 'NONE', 'WORKASPACE' ) );
#5519 = ORIENTED_EDGE ( 'NONE', *, *, #4087, .T. ) ;
#5520 = LINE ( 'NONE', #5214, #6237 ) ;
#5521 =( LENGTH_UNIT ( ) NAMED_UNIT ( * ) SI_UNIT ( .MILLI., .METRE. ) );
#5522 = AXIS2_PLACEMENT_3D ( 'NONE', #764, #2747, #7720 ) ;
#5523 = CARTESIAN_POINT ( 'NONE',  ( 0.8650000000000004352, 1.490150555354787828E-17, 2.001999999999999780 ) ) ;
#5524 = DIRECTION ( 'NONE',  ( -0.0000000000000000000, -1.000000000000000000, -0.0000000000000000000 ) ) ;
#5525 = VECTOR ( 'NONE', #6334, 1000.000000000000000 ) ;
#5526 = STYLED_ITEM ( 'NONE', ( #7913 ), #3374 ) ;
#5527 = ADVANCED_FACE ( 'NONE', ( #5954 ), #2569, .F. ) ;
#5528 = VECTOR ( 'NONE', #2136, 1000.000000000000000 ) ;
#5529 = EDGE_CURVE ( 'NONE', #8623, #6874, #4725, .T. ) ;
#5530 = ORIENTED_EDGE ( 'NONE', *, *, #6451, .F. ) ;
#5531 =( GEOMETRIC_REPRESENTATION_CONTEXT ( 3 ) GLOBAL_UNCERTAINTY_ASSIGNED_CONTEXT ( ( #7922 ) ) GLOBAL_UNIT_ASSIGNED_CONTEXT ( ( #2093, #2651, #5603 ) ) REPRESENTATION_CONTEXT ( 'NONE', 'WORKASPACE' ) );
#5532 = CARTESIAN_POINT ( 'NONE',  ( 0.3650000000000004352, 0.002500000000000000052, -1.600000000000000089 ) ) ;
#5533 = AXIS2_PLACEMENT_3D ( 'NONE', #6653, #1810, #8791 ) ;
#5534 = AXIS2_PLACEMENT_3D ( 'NONE', #4502, #2500, #883 ) ;
#5535 = CARTESIAN_POINT ( 'NONE',  ( -2.001999999999999780, 0.2025000000000000133, -0.8650000000000001021 ) ) ;
#5536 = EDGE_CURVE ( 'NONE', #7510, #37, #8808, .T. ) ;
#5537 = CARTESIAN_POINT ( 'NONE',  ( -1.600000000000000089, 0.0000000000000000000, 0.8649999999999999911 ) ) ;
#5538 = MECHANICAL_DESIGN_GEOMETRIC_PRESENTATION_REPRESENTATION (  '', ( #8987 ), #3806 ) ;
#5539 =( NAMED_UNIT ( * ) SI_UNIT ( $, .STERADIAN. ) SOLID_ANGLE_UNIT ( ) );
#5540 = SURFACE_STYLE_USAGE ( .BOTH. , #2749 ) ;
#5541 = VERTEX_POINT ( 'NONE', #355 ) ;
#5542 = VECTOR ( 'NONE', #8020, 1000.000000000000000 ) ;
#5543 = CARTESIAN_POINT ( 'NONE',  ( -0.3649999999999995470, 0.002499999999999985307, 1.600000000000000089 ) ) ;
#5544 = VERTEX_POINT ( 'NONE', #6710 ) ;
#5545 = SURFACE_STYLE_FILL_AREA ( #3490 ) ;
#5546 = ORIENTED_EDGE ( 'NONE', *, *, #2061, .T. ) ;
#5547 = ORIENTED_EDGE ( 'NONE', *, *, #1899, .F. ) ;
#5548 = COLOUR_RGB ( '',1.000000000000000000, 1.000000000000000000, 1.000000000000000000 ) ;
#5549 = FILL_AREA_STYLE_COLOUR ( '', #1971 ) ;
#5550 = DIRECTION ( 'NONE',  ( 0.0000000000000000000, 0.0000000000000000000, 1.000000000000000000 ) ) ;
#5551 = FILL_AREA_STYLE_COLOUR ( '', #746 ) ;
#5552 =( NAMED_UNIT ( * ) SI_UNIT ( $, .STERADIAN. ) SOLID_ANGLE_UNIT ( ) );
#5553 = AXIS2_PLACEMENT_3D ( 'NONE', #5466, #8355, #7486 ) ;
#5554 =( NAMED_UNIT ( * ) SI_UNIT ( $, .STERADIAN. ) SOLID_ANGLE_UNIT ( ) );
#5555 = CARTESIAN_POINT ( 'NONE',  ( 2.000000000000000000, 0.002500000000000000052, 0.6349999999999998979 ) ) ;
#5556 =( LENGTH_UNIT ( ) NAMED_UNIT ( * ) SI_UNIT ( .MILLI., .METRE. ) );
#5557 = ORIENTED_EDGE ( 'NONE', *, *, #4125, .F. ) ;
#5558 = ORIENTED_EDGE ( 'NONE', *, *, #5749, .F. ) ;
#5559 = VECTOR ( 'NONE', #2570, 1000.000000000000000 ) ;
#5560 = ORIENTED_EDGE ( 'NONE', *, *, #7852, .F. ) ;
#5561 = DIRECTION ( 'NONE',  ( 0.0000000000000000000, -1.000000000000000000, 0.0000000000000000000 ) ) ;
#5562 = CARTESIAN_POINT ( 'NONE',  ( -2.000000000000000000, 0.002500000000000000052, 1.135000000000000231 ) ) ;
#5563 = FILL_AREA_STYLE_COLOUR ( '', #948 ) ;
#5564 = STYLED_ITEM ( 'NONE', ( #5445 ), #3926 ) ;
#5565 = ORIENTED_EDGE ( 'NONE', *, *, #4250, .F. ) ;
#5566 = LINE ( 'NONE', #2091, #6 ) ;
#5567 = ADVANCED_FACE ( 'NONE', ( #2529 ), #3202, .F. ) ;
#5568 = PLANE ( 'NONE',  #2445 ) ;
#5569 = DIRECTION ( 'NONE',  ( -0.0000000000000000000, -1.000000000000000000, -0.0000000000000000000 ) ) ;
#5570 = MECHANICAL_DESIGN_GEOMETRIC_PRESENTATION_REPRESENTATION (  '', ( #5441 ), #7218 ) ;
#5571 = VERTEX_POINT ( 'NONE', #2734 ) ;
#5572 = DIRECTION ( 'NONE',  ( -1.000000000000000000, 0.0000000000000000000, 0.0000000000000000000 ) ) ;
#5573 = ORIENTED_EDGE ( 'NONE', *, *, #8286, .F. ) ;
#5574 = CARTESIAN_POINT ( 'NONE',  ( -2.000000000000000000, 0.002500000000000000052, 0.1350000000000000366 ) ) ;
#5575 = EDGE_CURVE ( 'NONE', #7999, #6538, #6139, .T. ) ;
#5576 = EDGE_CURVE ( 'NONE', #1304, #689, #7581, .T. ) ;
#5577 = FILL_AREA_STYLE_COLOUR ( '', #2017 ) ;
#5578 =( LENGTH_UNIT ( ) NAMED_UNIT ( * ) SI_UNIT ( .MILLI., .METRE. ) );
#5579 = UNCERTAINTY_MEASURE_WITH_UNIT (LENGTH_MEASURE( 1.000000000000000082E-05 ), #6344, 'distance_accuracy_value', 'NONE');
#5580 = ORIENTED_EDGE ( 'NONE', *, *, #1478, .F. ) ;
#5581 = ORIENTED_EDGE ( 'NONE', *, *, #4021, .F. ) ;
#5582 = CARTESIAN_POINT ( 'NONE',  ( 2.001999999999999780, 0.2025000000000000133, 0.8649999999999998801 ) ) ;
#5583 = ORIENTED_EDGE ( 'NONE', *, *, #4116, .F. ) ;
#5585 = EDGE_CURVE ( 'NONE', #5584, #678, #2654, .T. ) ;
#5584 = VERTEX_POINT ( 'NONE', #4152 ) ;
#5586 = FILL_AREA_STYLE ('',( #5549 ) ) ;
#5587 = CARTESIAN_POINT ( 'NONE',  ( -0.1349999999999995925, 0.1999999999999999833, 2.000000000000000000 ) ) ;
#5588 = SURFACE_STYLE_FILL_AREA ( #2808 ) ;
#5589 = LINE ( 'NONE', #9187, #505 ) ;
#5590 = FILL_AREA_STYLE ('',( #8525 ) ) ;
#5591 = CARTESIAN_POINT ( 'NONE',  ( -2.000000000000000000, 0.0000000000000000000, 1.365000000000000213 ) ) ;
#5592 = ORIENTED_EDGE ( 'NONE', *, *, #8057, .F. ) ;
#5593 = DIRECTION ( 'NONE',  ( 2.710505431213761578E-16, 0.0000000000000000000, 1.000000000000000000 ) ) ;
#5594 = STYLED_ITEM ( 'NONE', ( #4897 ), #79 ) ;
#5595 = EDGE_LOOP ( 'NONE', ( #976, #8077, #4044, #6306 ) ) ;
#5596 = LINE ( 'NONE', #1472, #145 ) ;
#5597 = LINE ( 'NONE', #1993, #4957 ) ;
#5598 = CARTESIAN_POINT ( 'NONE',  ( 0.8650000000000004352, 1.487762787917389017E-18, -1.600000000000000089 ) ) ;
#5599 =( NAMED_UNIT ( * ) SI_UNIT ( $, .STERADIAN. ) SOLID_ANGLE_UNIT ( ) );
#5600 = FILL_AREA_STYLE ('',( #2819 ) ) ;
#5601 = ORIENTED_EDGE ( 'NONE', *, *, #2340, .T. ) ;
#5602 =( NAMED_UNIT ( * ) SI_UNIT ( $, .STERADIAN. ) SOLID_ANGLE_UNIT ( ) );
#5603 =( NAMED_UNIT ( * ) SI_UNIT ( $, .STERADIAN. ) SOLID_ANGLE_UNIT ( ) );
#5604 = AXIS2_PLACEMENT_3D ( 'NONE', #8842, #2460, #3278 ) ;
#5605 = SURFACE_STYLE_FILL_AREA ( #6971 ) ;
#5606 = CARTESIAN_POINT ( 'NONE',  ( 1.365000000000000435, 0.002500000000000029976, 1.600000000000000089 ) ) ;
#5607 = DIRECTION ( 'NONE',  ( 0.0000000000000000000, 1.000000000000000000, 0.0000000000000000000 ) ) ;
#5608 = VECTOR ( 'NONE', #4414, 1000.000000000000000 ) ;
#5609 = ORIENTED_EDGE ( 'NONE', *, *, #3466, .F. ) ;
#5610 = EDGE_CURVE ( 'NONE', #7838, #8875, #660, .T. ) ;
#5611 = DIRECTION ( 'NONE',  ( 0.0000000000000000000, 0.0000000000000000000, -1.000000000000000000 ) ) ;
#5612 = STYLED_ITEM ( 'NONE', ( #1538 ), #5465 ) ;
#5613 = ORIENTED_EDGE ( 'NONE', *, *, #5576, .F. ) ;
#5614 = CARTESIAN_POINT ( 'NONE',  ( -2.001999999999999780, 0.2025000000000000133, -0.6350000000000001199 ) ) ;
#5615 = SURFACE_SIDE_STYLE ('',( #5763 ) ) ;
#5616 = STYLED_ITEM ( 'NONE', ( #668 ), #1614 ) ;
#5617 =( NAMED_UNIT ( * ) PLANE_ANGLE_UNIT ( ) SI_UNIT ( $, .RADIAN. ) );
#5618 = MECHANICAL_DESIGN_GEOMETRIC_PRESENTATION_REPRESENTATION (  '', ( #9065 ), #4469 ) ;
#5619 = SURFACE_SIDE_STYLE ('',( #2845 ) ) ;
#5620 = CARTESIAN_POINT ( 'NONE',  ( -0.8649999999999995470, -2.980301110709575655E-17, 1.600000000000000089 ) ) ;
#5621 = CARTESIAN_POINT ( 'NONE',  ( 0.1350000000000003419, 0.2000000000000000111, 2.001999999999999780 ) ) ;
#5622 = EDGE_CURVE ( 'NONE', #5625, #4167, #4195, .T. ) ;
#5623 =( GEOMETRIC_REPRESENTATION_CONTEXT ( 3 ) GLOBAL_UNCERTAINTY_ASSIGNED_CONTEXT ( ( #7242 ) ) GLOBAL_UNIT_ASSIGNED_CONTEXT ( ( #5442, #8144, #1958 ) ) REPRESENTATION_CONTEXT ( 'NONE', 'WORKASPACE' ) );
#5624 = VERTEX_POINT ( 'NONE', #3519 ) ;
#5625 = VERTEX_POINT ( 'NONE', #9123 ) ;
#5626 = ORIENTED_EDGE ( 'NONE', *, *, #6788, .T. ) ;
#5627 = VECTOR ( 'NONE', #6315, 1000.000000000000000 ) ;
#5628 = DIRECTION ( 'NONE',  ( -0.0000000000000000000, -0.0000000000000000000, 1.000000000000000000 ) ) ;
#5629 = MECHANICAL_DESIGN_GEOMETRIC_PRESENTATION_REPRESENTATION (  '', ( #462 ), #1536 ) ;
#5630 = SURFACE_SIDE_STYLE ('',( #9184 ) ) ;
#5631 = DIRECTION ( 'NONE',  ( 1.000000000000000000, 0.0000000000000000000, 0.0000000000000000000 ) ) ;
#5632 = CARTESIAN_POINT ( 'NONE',  ( -2.000000000000000000, 0.002500000000000000052, -2.000000000000000000 ) ) ;
#5633 = ADVANCED_FACE ( 'NONE', ( #6892 ), #3386, .T. ) ;
#5634 = ORIENTED_EDGE ( 'NONE', *, *, #7639, .T. ) ;
#5635 = ADVANCED_FACE ( 'NONE', ( #8319 ), #4803, .F. ) ;
#5636 = ORIENTED_EDGE ( 'NONE', *, *, #981, .T. ) ;
#5637 = VECTOR ( 'NONE', #4651, 1000.000000000000000 ) ;
#5638 = CARTESIAN_POINT ( 'NONE',  ( 1.600000000000000089, 0.002500000000000000052, 0.3649999999999999911 ) ) ;
#5639 = ORIENTED_EDGE ( 'NONE', *, *, #1086, .F. ) ;
#5640 = SURFACE_STYLE_FILL_AREA ( #737 ) ;
#5641 =( NAMED_UNIT ( * ) SI_UNIT ( $, .STERADIAN. ) SOLID_ANGLE_UNIT ( ) );
#5642 = MECHANICAL_DESIGN_GEOMETRIC_PRESENTATION_REPRESENTATION (  '', ( #1861 ), #9084 ) ;
#5643 = FILL_AREA_STYLE ('',( #739 ) ) ;
#5644 = PLANE ( 'NONE',  #605 ) ;
#5645 = VECTOR ( 'NONE', #7904, 1000.000000000000000 ) ;
#5646 = CARTESIAN_POINT ( 'NONE',  ( 0.8650000000000004352, 0.2000000000000000389, -2.001999999999999780 ) ) ;
#5647 = CARTESIAN_POINT ( 'NONE',  ( 1.600000000000000089, 0.002500000000000000052, 0.1349999999999998701 ) ) ;
#5648 = ADVANCED_FACE ( 'NONE', ( #2928 ), #8550, .F. ) ;
#5649 = UNCERTAINTY_MEASURE_WITH_UNIT (LENGTH_MEASURE( 1.000000000000000082E-05 ), #2406, 'distance_accuracy_value', 'NONE');
#5650 = COLOUR_RGB ( '',1.000000000000000000, 1.000000000000000000, 1.000000000000000000 ) ;
#5651 = CARTESIAN_POINT ( 'NONE',  ( -0.1349999999999995925, -1.490150555354787828E-17, 2.001999999999999780 ) ) ;
#5652 = MECHANICAL_DESIGN_GEOMETRIC_PRESENTATION_REPRESENTATION (  '', ( #9090 ), #5510 ) ;
#5653 = LINE ( 'NONE', #2194, #5063 ) ;
#5654 = CARTESIAN_POINT ( 'NONE',  ( 0.6350000000000004530, 0.002500000000000001787, -1.600000000000000089 ) ) ;
#5655 = CARTESIAN_POINT ( 'NONE',  ( -0.3649999999999996581, -1.490150555354787828E-17, 2.001999999999999780 ) ) ;
#5656 = AXIS2_PLACEMENT_3D ( 'NONE', #4616, #4671, #1153 ) ;
#5657 = FACE_OUTER_BOUND ( 'NONE', #267, .T. ) ;
#5658 = COLOUR_RGB ( '',1.000000000000000000, 1.000000000000000000, 1.000000000000000000 ) ;
#5659 = CARTESIAN_POINT ( 'NONE',  ( -1.134999999999999787, 0.1999999999999999556, 2.001999999999999780 ) ) ;
#5660 = AXIS2_PLACEMENT_3D ( 'NONE', #2394, #3718, #7872 ) ;
#5661 = PRESENTATION_LAYER_ASSIGNMENT (  '', '', ( #356 ) ) ;
#5662 = ORIENTED_EDGE ( 'NONE', *, *, #3405, .F. ) ;
#5663 = CARTESIAN_POINT ( 'NONE',  ( -1.600000000000000089, 0.002500000000000000052, -1.365000000000000213 ) ) ;
#5664 =( GEOMETRIC_REPRESENTATION_CONTEXT ( 3 ) GLOBAL_UNCERTAINTY_ASSIGNED_CONTEXT ( ( #3193 ) ) GLOBAL_UNIT_ASSIGNED_CONTEXT ( ( #9086, #7641, #7822 ) ) REPRESENTATION_CONTEXT ( 'NONE', 'WORKASPACE' ) );
#5665 = SURFACE_STYLE_FILL_AREA ( #816 ) ;
#5666 =( GEOMETRIC_REPRESENTATION_CONTEXT ( 3 ) GLOBAL_UNCERTAINTY_ASSIGNED_CONTEXT ( ( #7253 ) ) GLOBAL_UNIT_ASSIGNED_CONTEXT ( ( #5105, #4221, #1441 ) ) REPRESENTATION_CONTEXT ( 'NONE', 'WORKASPACE' ) );
#5667 = ORIENTED_EDGE ( 'NONE', *, *, #2852, .T. ) ;
#5668 = CARTESIAN_POINT ( 'NONE',  ( 2.001999999999999780, 0.2025000000000000133, 1.135000000000000009 ) ) ;
#5669 = SURFACE_STYLE_USAGE ( .BOTH. , #5615 ) ;
#5670 = VECTOR ( 'NONE', #8005, 1000.000000000000000 ) ;
#5671 = VECTOR ( 'NONE', #5414, 1000.000000000000000 ) ;
#5672 = VECTOR ( 'NONE', #800, 1000.000000000000000 ) ;
#5673 = LINE ( 'NONE', #7033, #4359 ) ;
#5674 = PRESENTATION_STYLE_ASSIGNMENT (( #8512 ) ) ;
#5675 = AXIS2_PLACEMENT_3D ( 'NONE', #2427, #6763, #8242 ) ;
#5676 = SURFACE_SIDE_STYLE ('',( #3534 ) ) ;
#5677 = ORIENTED_EDGE ( 'NONE', *, *, #435, .T. ) ;
#5678 = DIRECTION ( 'NONE',  ( 0.0000000000000000000, -0.0000000000000000000, -1.000000000000000000 ) ) ;
#5679 = ORIENTED_EDGE ( 'NONE', *, *, #4357, .F. ) ;
#5680 = AXIS2_PLACEMENT_3D ( 'NONE', #4960, #5733, #8428 ) ;
#5681 = ORIENTED_EDGE ( 'NONE', *, *, #5306, .F. ) ;
#5682 =( NAMED_UNIT ( * ) SI_UNIT ( $, .STERADIAN. ) SOLID_ANGLE_UNIT ( ) );
#5683 = CARTESIAN_POINT ( 'NONE',  ( -2.001999999999999780, 0.002500000000000000052, -1.135000000000000231 ) ) ;
#5684 = ADVANCED_FACE ( 'NONE', ( #753 ), #5172, .T. ) ;
#5685 = EDGE_CURVE ( 'NONE', #104, #7426, #1775, .T. ) ;
#5686 = COLOUR_RGB ( '',1.000000000000000000, 1.000000000000000000, 1.000000000000000000 ) ;
#5687 = VECTOR ( 'NONE', #4593, 1000.000000000000000 ) ;
#5688 = CARTESIAN_POINT ( 'NONE',  ( 2.000000000000000000, 0.002500000000000000052, -0.3650000000000001021 ) ) ;
#5689 = ORIENTED_EDGE ( 'NONE', *, *, #7427, .T. ) ;
#5690 = EDGE_LOOP ( 'NONE', ( #5188, #7371, #8103, #2813, #7185, #4436 ) ) ;
#5691 = CARTESIAN_POINT ( 'NONE',  ( -2.000000000000000000, 0.002500000000000000052, 0.3649999999999999911 ) ) ;
#5692 = STYLED_ITEM ( 'NONE', ( #3457 ), #8406 ) ;
#5693 = CARTESIAN_POINT ( 'NONE',  ( 1.135000000000000675, 0.002500000000000029976, 1.600000000000000089 ) ) ;
#5694 = SURFACE_STYLE_FILL_AREA ( #2915 ) ;
#5695 = CARTESIAN_POINT ( 'NONE',  ( 2.000000000000000000, 0.002500000000000000052, -0.1350000000000000089 ) ) ;
#5696 = EDGE_CURVE ( 'NONE', #7091, #7883, #2472, .T. ) ;
#5697 = LINE ( 'NONE', #7146, #3165 ) ;
#5698 = COLOUR_RGB ( '',1.000000000000000000, 1.000000000000000000, 1.000000000000000000 ) ;
#5699 = LINE ( 'NONE', #7849, #5528 ) ;
#5700 = SURFACE_STYLE_FILL_AREA ( #1574 ) ;
#5701 = VECTOR ( 'NONE', #7031, 1000.000000000000000 ) ;
#5702 = LINE ( 'NONE', #8592, #144 ) ;
#5703 = ORIENTED_EDGE ( 'NONE', *, *, #3608, .F. ) ;
#5704 = FILL_AREA_STYLE ('',( #7209 ) ) ;
#5705 = DIRECTION ( 'NONE',  ( 1.000000000000000000, -0.0000000000000000000, -0.0000000000000000000 ) ) ;
#5706 = EDGE_CURVE ( 'NONE', #4295, #5976, #8235, .T. ) ;
#5707 = VECTOR ( 'NONE', #5210, 1000.000000000000000 ) ;
#5708 = PRESENTATION_STYLE_ASSIGNMENT (( #7853 ) ) ;
#5709 = SURFACE_STYLE_FILL_AREA ( #7855 ) ;
#5710 = FACE_OUTER_BOUND ( 'NONE', #1181, .T. ) ;
#5711 = VERTEX_POINT ( 'NONE', #1156 ) ;
#5712 = PRODUCT_CONTEXT ( 'NONE', #4288, 'mechanical' ) ;
#5713 = LINE ( 'NONE', #5663, #749 ) ;
#5714 = LINE ( 'NONE', #3610, #6742 ) ;
#5715 = ORIENTED_EDGE ( 'NONE', *, *, #832, .T. ) ;
#5716 = ADVANCED_FACE ( 'NONE', ( #6703 ), #6080, .F. ) ;
#5717 = DIRECTION ( 'NONE',  ( -1.000000000000000000, -0.0000000000000000000, 4.065758146820642614E-16 ) ) ;
#5718 = PRESENTATION_STYLE_ASSIGNMENT (( #3568 ) ) ;
#5719 = PRESENTATION_LAYER_ASSIGNMENT (  '', '', ( #540 ) ) ;
#5720 = DIRECTION ( 'NONE',  ( 0.0000000000000000000, -1.000000000000000000, -0.0000000000000000000 ) ) ;
#5721 = LINE ( 'NONE', #1458, #7068 ) ;
#5722 =( LENGTH_UNIT ( ) NAMED_UNIT ( * ) SI_UNIT ( .MILLI., .METRE. ) );
#5723 = ORIENTED_EDGE ( 'NONE', *, *, #3254, .T. ) ;
#5724 = FILL_AREA_STYLE_COLOUR ( '', #2165 ) ;
#5725 = ORIENTED_EDGE ( 'NONE', *, *, #5751, .F. ) ;
#5726 =( GEOMETRIC_REPRESENTATION_CONTEXT ( 3 ) GLOBAL_UNCERTAINTY_ASSIGNED_CONTEXT ( ( #3125 ) ) GLOBAL_UNIT_ASSIGNED_CONTEXT ( ( #7319, #1661, #5835 ) ) REPRESENTATION_CONTEXT ( 'NONE', 'WORKASPACE' ) );
#5727 = ORIENTED_EDGE ( 'NONE', *, *, #2567, .T. ) ;
#5728 = MECHANICAL_DESIGN_GEOMETRIC_PRESENTATION_REPRESENTATION (  '', ( #5864 ), #105 ) ;
#5729 = CARTESIAN_POINT ( 'NONE',  ( -1.134999999999999787, 0.1999999999999999556, 2.000000000000000000 ) ) ;
#5730 = CARTESIAN_POINT ( 'NONE',  ( -0.3649999999999996581, 0.1999999999999999833, -2.000000000000000000 ) ) ;
#5731 = SURFACE_STYLE_FILL_AREA ( #8520 ) ;
#5732 = CARTESIAN_POINT ( 'NONE',  ( 2.000000000000000000, 0.002500000000000000052, -2.000000000000000000 ) ) ;
#5733 = DIRECTION ( 'NONE',  ( 0.0000000000000000000, 1.000000000000000000, 0.0000000000000000000 ) ) ;
#5734 = CARTESIAN_POINT ( 'NONE',  ( -2.000000000000000000, 0.2025000000000000133, -0.8650000000000001021 ) ) ;
#5735 = ORIENTED_EDGE ( 'NONE', *, *, #4137, .F. ) ;
#5736 =( NAMED_UNIT ( * ) SI_UNIT ( $, .STERADIAN. ) SOLID_ANGLE_UNIT ( ) );
#5737 = ADVANCED_FACE ( 'NONE', ( #3845 ), #8097, .T. ) ;
#5738 = PLANE ( 'NONE',  #2701 ) ;
#5739 = ORIENTED_EDGE ( 'NONE', *, *, #6504, .F. ) ;
#5740 = DIRECTION ( 'NONE',  ( -0.0000000000000000000, -0.0000000000000000000, -1.000000000000000000 ) ) ;
#5741 = DIRECTION ( 'NONE',  ( -1.000000000000000000, 0.0000000000000000000, 0.0000000000000000000 ) ) ;
#5742 = SURFACE_STYLE_USAGE ( .BOTH. , #7235 ) ;
#5743 = CARTESIAN_POINT ( 'NONE',  ( 2.000000000000000000, 0.002500000000000000052, -0.8649999999999999911 ) ) ;
#5744 =( NAMED_UNIT ( * ) PLANE_ANGLE_UNIT ( ) SI_UNIT ( $, .RADIAN. ) );
#5745 = FILL_AREA_STYLE ('',( #1426 ) ) ;
#5746 = FILL_AREA_STYLE ('',( #4277 ) ) ;
#5747 = PLANE ( 'NONE',  #6745 ) ;
#5748 = UNCERTAINTY_MEASURE_WITH_UNIT (LENGTH_MEASURE( 1.000000000000000082E-05 ), #7808, 'distance_accuracy_value', 'NONE');
#5749 = EDGE_CURVE ( 'NONE', #1076, #8851, #3098, .T. ) ;
#5750 = SURFACE_SIDE_STYLE ('',( #8042 ) ) ;
#5751 = EDGE_CURVE ( 'NONE', #53, #8622, #2048, .T. ) ;
#5752 = FILL_AREA_STYLE ('',( #8698 ) ) ;
#5753 =( LENGTH_UNIT ( ) NAMED_UNIT ( * ) SI_UNIT ( .MILLI., .METRE. ) );
#5754 = SURFACE_STYLE_FILL_AREA ( #7857 ) ;
#5755 = ORIENTED_EDGE ( 'NONE', *, *, #3297, .T. ) ;
#5756 = EDGE_CURVE ( 'NONE', #5012, #2752, #8395, .T. ) ;
#5757 = DIRECTION ( 'NONE',  ( 1.000000000000000000, 0.0000000000000000000, 0.0000000000000000000 ) ) ;
#5758 = ORIENTED_EDGE ( 'NONE', *, *, #5391, .T. ) ;
#5759 = UNCERTAINTY_MEASURE_WITH_UNIT (LENGTH_MEASURE( 1.000000000000000082E-05 ), #7086, 'distance_accuracy_value', 'NONE');
#5760 = VECTOR ( 'NONE', #8117, 1000.000000000000000 ) ;
#5761 = EDGE_CURVE ( 'NONE', #1740, #8960, #9157, .T. ) ;
#5762 = SURFACE_SIDE_STYLE ('',( #7168 ) ) ;
#5763 = SURFACE_STYLE_FILL_AREA ( #3021 ) ;
#5764 = CARTESIAN_POINT ( 'NONE',  ( 2.000000000000000000, 0.2024999999999999856, -1.135000000000000231 ) ) ;
#5765 = DIRECTION ( 'NONE',  ( 0.0000000000000000000, 0.0000000000000000000, 1.000000000000000000 ) ) ;
#5766 = PRESENTATION_LAYER_ASSIGNMENT (  '', '', ( #3282 ) ) ;
#5767 = VECTOR ( 'NONE', #1375, 1000.000000000000000 ) ;
#5768 = SURFACE_STYLE_FILL_AREA ( #3667 ) ;
#5769 = EDGE_CURVE ( 'NONE', #7464, #2293, #8985, .T. ) ;
#5770 = ORIENTED_EDGE ( 'NONE', *, *, #8147, .T. ) ;
#5771 = SURFACE_SIDE_STYLE ('',( #876 ) ) ;
#5772 = ORIENTED_EDGE ( 'NONE', *, *, #6909, .T. ) ;
#5773 = MECHANICAL_DESIGN_GEOMETRIC_PRESENTATION_REPRESENTATION (  '', ( #2702 ), #8280 ) ;
#5774 = ORIENTED_EDGE ( 'NONE', *, *, #1682, .F. ) ;
#5775 = CARTESIAN_POINT ( 'NONE',  ( 1.135000000000000453, 0.002500000000000003088, -2.000000000000000000 ) ) ;
#5776 = FACE_OUTER_BOUND ( 'NONE', #5313, .T. ) ;
#5777 = SURFACE_STYLE_USAGE ( .BOTH. , #3725 ) ;
#5778 = DIRECTION ( 'NONE',  ( 1.000000000000000000, 0.0000000000000000000, 0.0000000000000000000 ) ) ;
#5779 = ORIENTED_EDGE ( 'NONE', *, *, #2795, .F. ) ;
#5780 =( LENGTH_UNIT ( ) NAMED_UNIT ( * ) SI_UNIT ( .MILLI., .METRE. ) );
#5781 = PRESENTATION_LAYER_ASSIGNMENT (  '', '', ( #6975 ) ) ;
#5782 = ORIENTED_EDGE ( 'NONE', *, *, #4239, .T. ) ;
#5783 = CARTESIAN_POINT ( 'NONE',  ( -1.134999999999999787, 0.1999999999999999833, -2.000000000000000000 ) ) ;
#5784 = VERTEX_POINT ( 'NONE', #8272 ) ;
#5785 = CYLINDRICAL_SURFACE ( 'NONE', #8439, 0.1000000000000000472 ) ;
#5786 = FILL_AREA_STYLE_COLOUR ( '', #7489 ) ;
#5787 = DIRECTION ( 'NONE',  ( -1.000000000000000000, 0.0000000000000000000, -4.065758146820642614E-16 ) ) ;
#5788 = DIRECTION ( 'NONE',  ( 1.000000000000000000, 0.0000000000000000000, -0.0000000000000000000 ) ) ;
#5789 =( NAMED_UNIT ( * ) PLANE_ANGLE_UNIT ( ) SI_UNIT ( $, .RADIAN. ) );
#5790 = UNCERTAINTY_MEASURE_WITH_UNIT (LENGTH_MEASURE( 1.000000000000000082E-05 ), #9188, 'distance_accuracy_value', 'NONE');
#5791 = CARTESIAN_POINT ( 'NONE',  ( 2.000000000000000000, 0.002500000000000000052, -2.000000000000000000 ) ) ;
#5792 = DIRECTION ( 'NONE',  ( -0.0000000000000000000, 0.0000000000000000000, -1.000000000000000000 ) ) ;
#5793 = PRESENTATION_LAYER_ASSIGNMENT (  '', '', ( #462 ) ) ;
#5794 = ORIENTED_EDGE ( 'NONE', *, *, #2402, .T. ) ;
#5795 = DIRECTION ( 'NONE',  ( 0.0000000000000000000, -1.000000000000000000, -0.0000000000000000000 ) ) ;
#5796 = ORIENTED_EDGE ( 'NONE', *, *, #2534, .T. ) ;
#5797 = FACE_OUTER_BOUND ( 'NONE', #1858, .T. ) ;
#5798 = LINE ( 'NONE', #7102, #4812 ) ;
#5799 = CARTESIAN_POINT ( 'NONE',  ( 0.1350000000000004530, 0.002500000000000000052, -1.600000000000000089 ) ) ;
#5800 =( LENGTH_UNIT ( ) NAMED_UNIT ( * ) SI_UNIT ( .MILLI., .METRE. ) );
#5801 =( LENGTH_UNIT ( ) NAMED_UNIT ( * ) SI_UNIT ( .MILLI., .METRE. ) );
#5802 = VECTOR ( 'NONE', #7515, 1000.000000000000000 ) ;
#5803 = SURFACE_STYLE_USAGE ( .BOTH. , #4286 ) ;
#5804 = DIRECTION ( 'NONE',  ( 0.0000000000000000000, -1.000000000000000000, 0.0000000000000000000 ) ) ;
#5805 = COLOUR_RGB ( '',1.000000000000000000, 1.000000000000000000, 1.000000000000000000 ) ;
#5806 = DIRECTION ( 'NONE',  ( -0.0000000000000000000, -1.000000000000000000, -0.0000000000000000000 ) ) ;
#5807 = VERTEX_POINT ( 'NONE', #4066 ) ;
#5808 = STYLED_ITEM ( 'NONE', ( #3 ), #2784 ) ;
#5809 = CARTESIAN_POINT ( 'NONE',  ( -1.600000000000000089, 0.0000000000000000000, 0.3649999999999999911 ) ) ;
#5810 = FILL_AREA_STYLE ('',( #1591 ) ) ;
#5811 = ORIENTED_EDGE ( 'NONE', *, *, #5706, .F. ) ;
#5812 = CARTESIAN_POINT ( 'NONE',  ( 1.135000000000000453, 0.2000000000000000389, 2.001999999999999780 ) ) ;
#5813 = SURFACE_STYLE_USAGE ( .BOTH. , #7820 ) ;
#5814 = MECHANICAL_DESIGN_GEOMETRIC_PRESENTATION_REPRESENTATION (  '', ( #485 ), #6420 ) ;
#5815 = ADVANCED_FACE ( 'NONE', ( #4793 ), #1910, .F. ) ;
#5816 = LINE ( 'NONE', #4345, #2509 ) ;
#5817 = VECTOR ( 'NONE', #8095, 1000.000000000000000 ) ;
#5818 = EDGE_CURVE ( 'NONE', #5288, #6006, #468, .T. ) ;
#5819 = PRESENTATION_STYLE_ASSIGNMENT (( #4347 ) ) ;
#5820 = MECHANICAL_DESIGN_GEOMETRIC_PRESENTATION_REPRESENTATION (  '', ( #946 ), #8207 ) ;
#5821 = CARTESIAN_POINT ( 'NONE',  ( -2.000000000000000000, 0.9000000000000000222, -2.000000000000000000 ) ) ;
#5822 = VECTOR ( 'NONE', #3604, 1000.000000000000000 ) ;
#5823 = SURFACE_STYLE_FILL_AREA ( #5187 ) ;
#5824 = ORIENTED_EDGE ( 'NONE', *, *, #582, .T. ) ;
#5825 = STYLED_ITEM ( 'NONE', ( #486 ), #3980 ) ;
#5826 = CARTESIAN_POINT ( 'NONE',  ( 1.365000000000000435, 0.2000000000000000389, 2.000000000000000000 ) ) ;
#5827 = PLANE ( 'NONE',  #5026 ) ;
#5828 = VERTEX_POINT ( 'NONE', #1378 ) ;
#5829 = EDGE_CURVE ( 'NONE', #9131, #3311, #1238, .T. ) ;
#5830 = LINE ( 'NONE', #5283, #4778 ) ;
#5831 = VECTOR ( 'NONE', #1350, 1000.000000000000000 ) ;
#5832 = PLANE ( 'NONE',  #3934 ) ;
#5833 = AXIS2_PLACEMENT_3D ( 'NONE', #863, #2247, #5178 ) ;
#5834 = DIRECTION ( 'NONE',  ( -1.000000000000000000, 0.0000000000000000000, 0.0000000000000000000 ) ) ;
#5835 =( NAMED_UNIT ( * ) SI_UNIT ( $, .STERADIAN. ) SOLID_ANGLE_UNIT ( ) );
#5836 = ORIENTED_EDGE ( 'NONE', *, *, #7856, .F. ) ;
#5837 = VECTOR ( 'NONE', #3740, 1000.000000000000000 ) ;
#5838 = PLANE ( 'NONE',  #8055 ) ;
#5839 = FACE_OUTER_BOUND ( 'NONE', #7351, .T. ) ;
#5840 = ORIENTED_EDGE ( 'NONE', *, *, #8841, .F. ) ;
#5841 = ORIENTED_EDGE ( 'NONE', *, *, #1612, .T. ) ;
#5842 = CARTESIAN_POINT ( 'NONE',  ( 0.1350000000000003419, 0.2000000000000000111, 2.001999999999999780 ) ) ;
#5843 = DIRECTION ( 'NONE',  ( -1.000000000000000000, 0.0000000000000000000, -0.0000000000000000000 ) ) ;
#5844 = MECHANICAL_DESIGN_GEOMETRIC_PRESENTATION_REPRESENTATION (  '', ( #5114 ), #8821 ) ;
#5845 = DIRECTION ( 'NONE',  ( -0.0000000000000000000, -1.000000000000000000, -0.0000000000000000000 ) ) ;
#5846 = FILL_AREA_STYLE ('',( #5204 ) ) ;
#5847 = DIRECTION ( 'NONE',  ( -1.000000000000000000, 0.0000000000000000000, -0.0000000000000000000 ) ) ;
#5848 = PRESENTATION_LAYER_ASSIGNMENT (  '', '', ( #8075 ) ) ;
#5849 = PRESENTATION_STYLE_ASSIGNMENT (( #5894 ) ) ;
#5850 =( GEOMETRIC_REPRESENTATION_CONTEXT ( 3 ) GLOBAL_UNCERTAINTY_ASSIGNED_CONTEXT ( ( #402 ) ) GLOBAL_UNIT_ASSIGNED_CONTEXT ( ( #2971, #143, #1630 ) ) REPRESENTATION_CONTEXT ( 'NONE', 'WORKASPACE' ) );
#5851 = ORIENTED_EDGE ( 'NONE', *, *, #2018, .F. ) ;
#5852 = UNCERTAINTY_MEASURE_WITH_UNIT (LENGTH_MEASURE( 1.000000000000000082E-05 ), #562, 'distance_accuracy_value', 'NONE');
#5853 = PLANE ( 'NONE',  #5604 ) ;
#5854 = VERTEX_POINT ( 'NONE', #6962 ) ;
#5855 = COLOUR_RGB ( '',1.000000000000000000, 1.000000000000000000, 1.000000000000000000 ) ;
#5856 = FILL_AREA_STYLE_COLOUR ( '', #8231 ) ;
#5857 = DIRECTION ( 'NONE',  ( 0.0000000000000000000, 0.0000000000000000000, -1.000000000000000000 ) ) ;
#5858 = SURFACE_STYLE_FILL_AREA ( #3054 ) ;
#5859 = AXIS2_PLACEMENT_3D ( 'NONE', #3484, #1932, #6981 ) ;
#5860 = FILL_AREA_STYLE_COLOUR ( '', #8449 ) ;
#5861 = FILL_AREA_STYLE ('',( #8797 ) ) ;
#5862 = AXIS2_PLACEMENT_3D ( 'NONE', #5162, #3692, #5788 ) ;
#5863 = LINE ( 'NONE', #8799, #5001 ) ;
#5864 = STYLED_ITEM ( 'NONE', ( #9125 ), #5006 ) ;
#5865 = ORIENTED_EDGE ( 'NONE', *, *, #6214, .T. ) ;
#5866 = DIRECTION ( 'NONE',  ( -1.000000000000000000, -0.0000000000000000000, -0.0000000000000000000 ) ) ;
#5867 = LINE ( 'NONE', #1489, #2477 ) ;
#5868 = EDGE_CURVE ( 'NONE', #1005, #8143, #7528, .T. ) ;
#5869 = PLANE ( 'NONE',  #2613 ) ;
#5870 = AXIS2_PLACEMENT_3D ( 'NONE', #7718, #4603, #3316 ) ;
#5871 = DIRECTION ( 'NONE',  ( -0.0000000000000000000, -1.000000000000000000, -0.0000000000000000000 ) ) ;
#5872 = STYLED_ITEM ( 'NONE', ( #9199 ), #8778 ) ;
#5873 = FILL_AREA_STYLE_COLOUR ( '', #255 ) ;
#5874 = UNCERTAINTY_MEASURE_WITH_UNIT (LENGTH_MEASURE( 1.000000000000000082E-05 ), #7418, 'distance_accuracy_value', 'NONE');
#5875 = SURFACE_STYLE_FILL_AREA ( #6537 ) ;
#5876 = EDGE_CURVE ( 'NONE', #1844, #6473, #6173, .T. ) ;
#5877 = VERTEX_POINT ( 'NONE', #4841 ) ;
#5878 = LINE ( 'NONE', #977, #2466 ) ;
#5879 = ORIENTED_EDGE ( 'NONE', *, *, #4352, .T. ) ;
#5880 = EDGE_CURVE ( 'NONE', #2895, #2311, #6265, .T. ) ;
#5881 = EDGE_LOOP ( 'NONE', ( #6706, #6077, #3289, #1653 ) ) ;
#5882 =( LENGTH_UNIT ( ) NAMED_UNIT ( * ) SI_UNIT ( .MILLI., .METRE. ) );
#5883 = CARTESIAN_POINT ( 'NONE',  ( 1.600000000000000089, 0.002500000000000000052, 0.1349999999999998701 ) ) ;
#5884 = FILL_AREA_STYLE_COLOUR ( '', #3508 ) ;
#5885 = CARTESIAN_POINT ( 'NONE',  ( -1.600000000000000089, 0.002500000000000000052, -1.135000000000000009 ) ) ;
#5886 = VECTOR ( 'NONE', #2847, 1000.000000000000000 ) ;
#5887 = DIRECTION ( 'NONE',  ( -0.0000000000000000000, -1.000000000000000000, -0.0000000000000000000 ) ) ;
#5888 = PRESENTATION_LAYER_ASSIGNMENT (  '', '', ( #697 ) ) ;
#5889 = ORIENTED_EDGE ( 'NONE', *, *, #6694, .F. ) ;
#5890 = SURFACE_STYLE_USAGE ( .BOTH. , #3687 ) ;
#5891 =( LENGTH_UNIT ( ) NAMED_UNIT ( * ) SI_UNIT ( .MILLI., .METRE. ) );
#5892 = CARTESIAN_POINT ( 'NONE',  ( -0.1349999999999995925, 0.002499999999999998317, -2.000000000000000000 ) ) ;
#5893 = CARTESIAN_POINT ( 'NONE',  ( -1.364999999999999769, -4.470451666064363791E-17, 2.000000000000000000 ) ) ;
#5894 = SURFACE_STYLE_USAGE ( .BOTH. , #236 ) ;
#5895 =( NAMED_UNIT ( * ) PLANE_ANGLE_UNIT ( ) SI_UNIT ( $, .RADIAN. ) );
#5896 = LINE ( 'NONE', #5212, #5340 ) ;
#5897 = ORIENTED_EDGE ( 'NONE', *, *, #6906, .T. ) ;
#5898 = DIRECTION ( 'NONE',  ( 4.065758146820642614E-16, 0.0000000000000000000, -1.000000000000000000 ) ) ;
#5899 = LINE ( 'NONE', #285, #6604 ) ;
#5900 = DIRECTION ( 'NONE',  ( 0.0000000000000000000, -0.0000000000000000000, 1.000000000000000000 ) ) ;
#5901 = CARTESIAN_POINT ( 'NONE',  ( -0.8649999999999995470, 0.002499999999999997450, -1.600000000000000089 ) ) ;
#5902 =( LENGTH_UNIT ( ) NAMED_UNIT ( * ) SI_UNIT ( .MILLI., .METRE. ) );
#5903 = ORIENTED_EDGE ( 'NONE', *, *, #281, .F. ) ;
#5904 = CARTESIAN_POINT ( 'NONE',  ( -2.000000000000000000, 0.002500000000000000052, 2.000000000000000000 ) ) ;
#5905 = VERTEX_POINT ( 'NONE', #5468 ) ;
#5906 = LINE ( 'NONE', #2216, #5234 ) ;
#5907 = PRESENTATION_STYLE_ASSIGNMENT (( #2486 ) ) ;
#5908 = ADVANCED_FACE ( 'NONE', ( #646 ), #2772, .T. ) ;
#5909 = CARTESIAN_POINT ( 'NONE',  ( -1.134999999999999787, 0.1999999999999999556, -2.000000000000000000 ) ) ;
#5910 = DIRECTION ( 'NONE',  ( 1.000000000000000000, 0.0000000000000000000, 0.0000000000000000000 ) ) ;
#5911 = SURFACE_STYLE_USAGE ( .BOTH. , #5093 ) ;
#5912 = ORIENTED_EDGE ( 'NONE', *, *, #5142, .T. ) ;
#5913 = DIRECTION ( 'NONE',  ( -0.0000000000000000000, -1.000000000000000000, -0.0000000000000000000 ) ) ;
#5914 = CARTESIAN_POINT ( 'NONE',  ( 2.000000000000000000, 0.002500000000000000052, -1.364999999999999991 ) ) ;
#5915 = ORIENTED_EDGE ( 'NONE', *, *, #1447, .T. ) ;
#5916 = VECTOR ( 'NONE', #7199, 1000.000000000000000 ) ;
#5917 = PRESENTATION_STYLE_ASSIGNMENT (( #7974 ) ) ;
#5918 = ADVANCED_FACE ( 'NONE', ( #5016 ), #89, .F. ) ;
#5919 = DIRECTION ( 'NONE',  ( -0.0000000000000000000, -1.000000000000000000, -0.0000000000000000000 ) ) ;
#5920 = LINE ( 'NONE', #313, #1600 ) ;
#5921 = EDGE_CURVE ( 'NONE', #7789, #6473, #2916, .T. ) ;
#5922 =( NAMED_UNIT ( * ) SI_UNIT ( $, .STERADIAN. ) SOLID_ANGLE_UNIT ( ) );
#5923 = DIRECTION ( 'NONE',  ( 1.000000000000000000, 0.0000000000000000000, -0.0000000000000000000 ) ) ;
#5924 = COLOUR_RGB ( '',1.000000000000000000, 1.000000000000000000, 1.000000000000000000 ) ;
#5925 = DIRECTION ( 'NONE',  ( 0.0000000000000000000, 0.0000000000000000000, -1.000000000000000000 ) ) ;
#5926 = SURFACE_SIDE_STYLE ('',( #8024 ) ) ;
#5927 = ORIENTED_EDGE ( 'NONE', *, *, #5317, .F. ) ;
#5928 = EDGE_LOOP ( 'NONE', ( #6632, #2154, #2524, #3621 ) ) ;
#5929 = ORIENTED_EDGE ( 'NONE', *, *, #4548, .T. ) ;
#5930 = VECTOR ( 'NONE', #7467, 1000.000000000000000 ) ;
#5931 = DIRECTION ( 'NONE',  ( 0.0000000000000000000, -1.000000000000000000, 0.0000000000000000000 ) ) ;
#5932 = DIRECTION ( 'NONE',  ( -0.0000000000000000000, 0.0000000000000000000, 1.000000000000000000 ) ) ;
#5933 = FILL_AREA_STYLE ('',( #5336 ) ) ;
#5934 = EDGE_CURVE ( 'NONE', #2022, #7938, #1515, .T. ) ;
#5935 = EDGE_CURVE ( 'NONE', #7223, #6346, #3694, .T. ) ;
#5936 =( NAMED_UNIT ( * ) PLANE_ANGLE_UNIT ( ) SI_UNIT ( $, .RADIAN. ) );
#5937 = UNCERTAINTY_MEASURE_WITH_UNIT (LENGTH_MEASURE( 1.000000000000000082E-05 ), #6771, 'distance_accuracy_value', 'NONE');
#5938 = SURFACE_SIDE_STYLE ('',( #2641 ) ) ;
#5939 = VERTEX_POINT ( 'NONE', #741 ) ;
#5940 = MECHANICAL_DESIGN_GEOMETRIC_PRESENTATION_REPRESENTATION (  '', ( #8769 ), #7716 ) ;
#5941 =( NAMED_UNIT ( * ) PLANE_ANGLE_UNIT ( ) SI_UNIT ( $, .RADIAN. ) );
#5942 = STYLED_ITEM ( 'NONE', ( #6508 ), #5918 ) ;
#5943 = CARTESIAN_POINT ( 'NONE',  ( 1.600000000000000089, 0.002500000000000000052, 1.135000000000000009 ) ) ;
#5944 = ADVANCED_FACE ( 'NONE', ( #2869 ), #5644, .T. ) ;
#5945 =( GEOMETRIC_REPRESENTATION_CONTEXT ( 3 ) GLOBAL_UNCERTAINTY_ASSIGNED_CONTEXT ( ( #2373 ) ) GLOBAL_UNIT_ASSIGNED_CONTEXT ( ( #5393, #1191, #463 ) ) REPRESENTATION_CONTEXT ( 'NONE', 'WORKASPACE' ) );
#5946 = UNCERTAINTY_MEASURE_WITH_UNIT (LENGTH_MEASURE( 1.000000000000000082E-05 ), #8885, 'distance_accuracy_value', 'NONE');
#5947 = LINE ( 'NONE', #1102, #1346 ) ;
#5948 = ORIENTED_EDGE ( 'NONE', *, *, #7026, .F. ) ;
#5949 = UNCERTAINTY_MEASURE_WITH_UNIT (LENGTH_MEASURE( 1.000000000000000082E-05 ), #6992, 'distance_accuracy_value', 'NONE');
#5950 = ORIENTED_EDGE ( 'NONE', *, *, #2577, .T. ) ;
#5951 = DIRECTION ( 'NONE',  ( 0.0000000000000000000, -1.000000000000000000, 0.0000000000000000000 ) ) ;
#5952 = MECHANICAL_DESIGN_GEOMETRIC_PRESENTATION_REPRESENTATION (  '', ( #5075 ), #4926 ) ;
#5953 = DIRECTION ( 'NONE',  ( 0.0000000000000000000, 0.0000000000000000000, -1.000000000000000000 ) ) ;
#5954 = FACE_OUTER_BOUND ( 'NONE', #709, .T. ) ;
#5955 = VECTOR ( 'NONE', #571, 1000.000000000000000 ) ;
#5956 = CARTESIAN_POINT ( 'NONE',  ( 0.3650000000000004352, 0.2000000000000000111, -2.000000000000000000 ) ) ;
#5957 = FILL_AREA_STYLE ('',( #1598 ) ) ;
#5958 = DIRECTION ( 'NONE',  ( -0.0000000000000000000, 0.0000000000000000000, -1.000000000000000000 ) ) ;
#5959 = FACE_OUTER_BOUND ( 'NONE', #7205, .T. ) ;
#5960 = AXIS2_PLACEMENT_3D ( 'NONE', #8173, #3369, #6162 ) ;
#5961 = FILL_AREA_STYLE ('',( #305 ) ) ;
#5962 = VECTOR ( 'NONE', #1229, 1000.000000000000000 ) ;
#5963 = ORIENTED_EDGE ( 'NONE', *, *, #8110, .T. ) ;
#5964 = PRESENTATION_STYLE_ASSIGNMENT (( #1880 ) ) ;
#5965 = DIRECTION ( 'NONE',  ( 2.710505431213761578E-16, 0.0000000000000000000, -1.000000000000000000 ) ) ;
#5966 = AXIS2_PLACEMENT_3D ( 'NONE', #1797, #448, #1838 ) ;
#5967 = DIRECTION ( 'NONE',  ( 0.0000000000000000000, -0.0000000000000000000, 1.000000000000000000 ) ) ;
#5968 = PRESENTATION_LAYER_ASSIGNMENT (  '', '', ( #3785 ) ) ;
#5969 = PLANE ( 'NONE',  #2049 ) ;
#5970 = CARTESIAN_POINT ( 'NONE',  ( 2.000000000000000000, 0.2024999999999999856, 0.3649999999999998801 ) ) ;
#5971 = CARTESIAN_POINT ( 'NONE',  ( -1.600000000000000089, 0.0000000000000000000, 0.1349999999999998701 ) ) ;
#5972 = MECHANICAL_DESIGN_GEOMETRIC_PRESENTATION_REPRESENTATION (  '', ( #2744 ), #6427 ) ;
#5973 = ORIENTED_EDGE ( 'NONE', *, *, #2515, .T. ) ;
#5974 = LINE ( 'NONE', #1220, #4659 ) ;
#5975 = ORIENTED_EDGE ( 'NONE', *, *, #8386, .T. ) ;
#5976 = VERTEX_POINT ( 'NONE', #8082 ) ;
#5977 = VECTOR ( 'NONE', #8329, 1000.000000000000000 ) ;
#5978 = EDGE_CURVE ( 'NONE', #678, #6538, #2551, .T. ) ;
#5979 = ORIENTED_EDGE ( 'NONE', *, *, #219, .F. ) ;
#5980 = PRESENTATION_STYLE_ASSIGNMENT (( #1846 ) ) ;
#5981 = CARTESIAN_POINT ( 'NONE',  ( 1.365000000000000435, 0.2000000000000000389, -2.000000000000000000 ) ) ;
#5982 = COLOUR_RGB ( '',1.000000000000000000, 1.000000000000000000, 1.000000000000000000 ) ;
#5983 = LINE ( 'NONE', #1569, #3368 ) ;
#5984 = VECTOR ( 'NONE', #9163, 1000.000000000000000 ) ;
#5985 = CARTESIAN_POINT ( 'NONE',  ( -2.000000000000000000, 0.002500000000000000052, 1.364999999999999991 ) ) ;
#5986 = UNCERTAINTY_MEASURE_WITH_UNIT (LENGTH_MEASURE( 1.000000000000000082E-05 ), #1610, 'distance_accuracy_value', 'NONE');
#5987 = VECTOR ( 'NONE', #4797, 1000.000000000000000 ) ;
#5988 = CARTESIAN_POINT ( 'NONE',  ( 1.499999999999999778, 0.8979999999999999094, -1.600000000000000089 ) ) ;
#5989 = SURFACE_STYLE_USAGE ( .BOTH. , #3174 ) ;
#5990 = VERTEX_POINT ( 'NONE', #5985 ) ;
#5991 = DIRECTION ( 'NONE',  ( 0.0000000000000000000, -0.0000000000000000000, -1.000000000000000000 ) ) ;
#5992 = MECHANICAL_DESIGN_GEOMETRIC_PRESENTATION_REPRESENTATION (  '', ( #6749 ), #7921 ) ;
#5993 = ORIENTED_EDGE ( 'NONE', *, *, #5996, .T. ) ;
#5994 =( NAMED_UNIT ( * ) SI_UNIT ( $, .STERADIAN. ) SOLID_ANGLE_UNIT ( ) );
#5995 =( NAMED_UNIT ( * ) SI_UNIT ( $, .STERADIAN. ) SOLID_ANGLE_UNIT ( ) );
#5996 = EDGE_CURVE ( 'NONE', #2581, #9009, #7330, .T. ) ;
#5997 = FACE_OUTER_BOUND ( 'NONE', #2180, .T. ) ;
#5998 = AXIS2_PLACEMENT_3D ( 'NONE', #7088, #3583, #6996 ) ;
#5999 = ADVANCED_FACE ( 'NONE', ( #3226 ), #7283, .T. ) ;
#6000 = CARTESIAN_POINT ( 'NONE',  ( 2.000000000000000000, 0.2025000000000000133, -0.8650000000000001021 ) ) ;
#6001 = FILL_AREA_STYLE ('',( #3942 ) ) ;
#6002 =( LENGTH_UNIT ( ) NAMED_UNIT ( * ) SI_UNIT ( .MILLI., .METRE. ) );
#6003 = VECTOR ( 'NONE', #2085, 1000.000000000000000 ) ;
#6004 = DIRECTION ( 'NONE',  ( -1.000000000000000000, 0.0000000000000000000, -0.0000000000000000000 ) ) ;
#6005 = VECTOR ( 'NONE', #4122, 1000.000000000000000 ) ;
#6006 = VERTEX_POINT ( 'NONE', #6785 ) ;
#6007 = DIRECTION ( 'NONE',  ( 0.0000000000000000000, -1.000000000000000000, 0.0000000000000000000 ) ) ;
#6008 = ADVANCED_FACE ( 'NONE', ( #3924 ), #2410, .T. ) ;
#6009 = LINE ( 'NONE', #8859, #4335 ) ;
#6010 = PRESENTATION_LAYER_ASSIGNMENT (  '', '', ( #4977 ) ) ;
#6011 = PRESENTATION_LAYER_ASSIGNMENT (  '', '', ( #7050 ) ) ;
#6012 = FILL_AREA_STYLE_COLOUR ( '', #5698 ) ;
#6013 = MECHANICAL_DESIGN_GEOMETRIC_PRESENTATION_REPRESENTATION (  '', ( #8693 ), #997 ) ;
#6014 = LINE ( 'NONE', #8757, #494 ) ;
#6015 = ORIENTED_EDGE ( 'NONE', *, *, #5231, .F. ) ;
#6016 =( NAMED_UNIT ( * ) PLANE_ANGLE_UNIT ( ) SI_UNIT ( $, .RADIAN. ) );
#6017 = DIRECTION ( 'NONE',  ( -1.000000000000000000, 0.0000000000000000000, 0.0000000000000000000 ) ) ;
#6018 =( GEOMETRIC_REPRESENTATION_CONTEXT ( 3 ) GLOBAL_UNCERTAINTY_ASSIGNED_CONTEXT ( ( #5431 ) ) GLOBAL_UNIT_ASSIGNED_CONTEXT ( ( #93, #2232, #897 ) ) REPRESENTATION_CONTEXT ( 'NONE', 'WORKASPACE' ) );
#6019 =( LENGTH_UNIT ( ) NAMED_UNIT ( * ) SI_UNIT ( .MILLI., .METRE. ) );
#6020 = SURFACE_SIDE_STYLE ('',( #731 ) ) ;
#6021 = ORIENTED_EDGE ( 'NONE', *, *, #787, .F. ) ;
#6022 = FACE_OUTER_BOUND ( 'NONE', #850, .T. ) ;
#6023 = SURFACE_SIDE_STYLE ('',( #5251 ) ) ;
#6024 = ORIENTED_EDGE ( 'NONE', *, *, #4125, .T. ) ;
#6025 = VERTEX_POINT ( 'NONE', #4873 ) ;
#6026 = ORIENTED_EDGE ( 'NONE', *, *, #2412, .F. ) ;
#6027 = SURFACE_STYLE_USAGE ( .BOTH. , #1845 ) ;
#6028 = LINE ( 'NONE', #8172, #3460 ) ;
#6029 = DIRECTION ( 'NONE',  ( -1.000000000000000000, 0.0000000000000000000, 0.0000000000000000000 ) ) ;
#6030 = PRESENTATION_STYLE_ASSIGNMENT (( #9174 ) ) ;
#6031 = SURFACE_STYLE_USAGE ( .BOTH. , #46 ) ;
#6032 = DIRECTION ( 'NONE',  ( -1.000000000000000000, 0.0000000000000000000, 0.0000000000000000000 ) ) ;
#6033 = SURFACE_SIDE_STYLE ('',( #2513 ) ) ;
#6034 =( GEOMETRIC_REPRESENTATION_CONTEXT ( 3 ) GLOBAL_UNCERTAINTY_ASSIGNED_CONTEXT ( ( #4423 ) ) GLOBAL_UNIT_ASSIGNED_CONTEXT ( ( #6940, #1129, #8910 ) ) REPRESENTATION_CONTEXT ( 'NONE', 'WORKASPACE' ) );
#6035 = CARTESIAN_POINT ( 'NONE',  ( -1.364999999999999769, 0.002499999999999995715, -2.000000000000000000 ) ) ;
#6036 = ADVANCED_FACE ( 'NONE', ( #5456 ), #1364, .F. ) ;
#6037 = FACE_OUTER_BOUND ( 'NONE', #7231, .T. ) ;
#6038 = UNCERTAINTY_MEASURE_WITH_UNIT (LENGTH_MEASURE( 1.000000000000000082E-05 ), #3855, 'distance_accuracy_value', 'NONE');
#6039 = ORIENTED_EDGE ( 'NONE', *, *, #4966, .F. ) ;
#6040 = SURFACE_STYLE_FILL_AREA ( #8136 ) ;
#6041 =( NAMED_UNIT ( * ) PLANE_ANGLE_UNIT ( ) SI_UNIT ( $, .RADIAN. ) );
#6042 = CARTESIAN_POINT ( 'NONE',  ( 1.365000000000000435, 0.2000000000000000389, -2.000000000000000000 ) ) ;
#6043 = SURFACE_STYLE_USAGE ( .BOTH. , #8050 ) ;
#6044 = EDGE_CURVE ( 'NONE', #4200, #7648, #8267, .T. ) ;
#6045 = ADVANCED_FACE ( 'NONE', ( #1276 ), #6870, .F. ) ;
#6046 = LINE ( 'NONE', #7434, #3275 ) ;
#6047 = ORIENTED_EDGE ( 'NONE', *, *, #3884, .F. ) ;
#6048 = CARTESIAN_POINT ( 'NONE',  ( 2.000000000000000000, 0.0000000000000000000, -0.1350000000000000089 ) ) ;
#6049 = ORIENTED_EDGE ( 'NONE', *, *, #2726, .F. ) ;
#6050 = FILL_AREA_STYLE ('',( #1824 ) ) ;
#6051 = LINE ( 'NONE', #8195, #6160 ) ;
#6052 = ADVANCED_FACE ( 'NONE', ( #5052 ), #4360, .F. ) ;
#6053 = SURFACE_STYLE_USAGE ( .BOTH. , #8412 ) ;
#6054 = UNCERTAINTY_MEASURE_WITH_UNIT (LENGTH_MEASURE( 1.000000000000000082E-05 ), #4330, 'distance_accuracy_value', 'NONE');
#6055 =( NAMED_UNIT ( * ) SI_UNIT ( $, .STERADIAN. ) SOLID_ANGLE_UNIT ( ) );
#6056 = ORIENTED_EDGE ( 'NONE', *, *, #188, .T. ) ;
#6057 =( NAMED_UNIT ( * ) PLANE_ANGLE_UNIT ( ) SI_UNIT ( $, .RADIAN. ) );
#6058 = LINE ( 'NONE', #2703, #5955 ) ;
#6059 = PRESENTATION_LAYER_ASSIGNMENT (  '', '', ( #2099 ) ) ;
#6060 = ADVANCED_FACE ( 'NONE', ( #6450 ), #629, .F. ) ;
#6061 = DIRECTION ( 'NONE',  ( -0.0000000000000000000, -1.000000000000000000, -0.0000000000000000000 ) ) ;
#6062 = ORIENTED_EDGE ( 'NONE', *, *, #1656, .F. ) ;
#6063 = SURFACE_STYLE_FILL_AREA ( #1023 ) ;
#6064 =( LENGTH_UNIT ( ) NAMED_UNIT ( * ) SI_UNIT ( .MILLI., .METRE. ) );
#6065 = VERTEX_POINT ( 'NONE', #8572 ) ;
#6066 = ORIENTED_EDGE ( 'NONE', *, *, #5103, .T. ) ;
#6067 = VECTOR ( 'NONE', #3418, 1000.000000000000000 ) ;
#6068 = ORIENTED_EDGE ( 'NONE', *, *, #2531, .F. ) ;
#6069 = CARTESIAN_POINT ( 'NONE',  ( -0.3649999999999996581, 0.1999999999999999833, 2.001999999999999780 ) ) ;
#6070 = CARTESIAN_POINT ( 'NONE',  ( 2.001999999999999780, 0.2025000000000000133, -0.3650000000000001577 ) ) ;
#6071 = SURFACE_STYLE_USAGE ( .BOTH. , #4132 ) ;
#6072 =( GEOMETRIC_REPRESENTATION_CONTEXT ( 3 ) GLOBAL_UNCERTAINTY_ASSIGNED_CONTEXT ( ( #4187 ) ) GLOBAL_UNIT_ASSIGNED_CONTEXT ( ( #8527, #837, #39 ) ) REPRESENTATION_CONTEXT ( 'NONE', 'WORKASPACE' ) );
#6073 = CARTESIAN_POINT ( 'NONE',  ( 2.001999999999999780, 0.2025000000000000133, -0.8650000000000001021 ) ) ;
#6074 = DIRECTION ( 'NONE',  ( 0.0000000000000000000, 1.000000000000000000, 0.0000000000000000000 ) ) ;
#6075 = VERTEX_POINT ( 'NONE', #1608 ) ;
#6076 = VECTOR ( 'NONE', #8450, 1000.000000000000000 ) ;
#6077 = ORIENTED_EDGE ( 'NONE', *, *, #4311, .F. ) ;
#6078 =( NAMED_UNIT ( * ) PLANE_ANGLE_UNIT ( ) SI_UNIT ( $, .RADIAN. ) );
#6079 = DIRECTION ( 'NONE',  ( 0.0000000000000000000, 0.0000000000000000000, 1.000000000000000000 ) ) ;
#6080 = PLANE ( 'NONE',  #599 ) ;
#6081 = VECTOR ( 'NONE', #1813, 1000.000000000000000 ) ;
#6082 =( NAMED_UNIT ( * ) PLANE_ANGLE_UNIT ( ) SI_UNIT ( $, .RADIAN. ) );
#6083 = CARTESIAN_POINT ( 'NONE',  ( 2.001999999999999780, 0.002500000000000000052, -0.3650000000000001577 ) ) ;
#6084 = CARTESIAN_POINT ( 'NONE',  ( -1.134999999999999787, -4.470451666064363791E-17, 2.001999999999999780 ) ) ;
#6085 = PLANE ( 'NONE',  #2620 ) ;
#6086 = VECTOR ( 'NONE', #1850, 1000.000000000000000 ) ;
#6087 = CARTESIAN_POINT ( 'NONE',  ( -0.3649999999999995470, 0.002499999999999985307, 1.600000000000000089 ) ) ;
#6088 = ADVANCED_FACE ( 'NONE', ( #4912 ), #7733, .T. ) ;
#6089 = LINE ( 'NONE', #1922, #3916 ) ;
#6090 =( GEOMETRIC_REPRESENTATION_CONTEXT ( 3 ) GLOBAL_UNCERTAINTY_ASSIGNED_CONTEXT ( ( #9201 ) ) GLOBAL_UNIT_ASSIGNED_CONTEXT ( ( #690, #1470, #6920 ) ) REPRESENTATION_CONTEXT ( 'NONE', 'WORKASPACE' ) );
#6091 = PRODUCT_DEFINITION ( 'UNKNOWN', '', #6335, #7189 ) ;
#6092 = FACE_OUTER_BOUND ( 'NONE', #3360, .T. ) ;
#6093 = CARTESIAN_POINT ( 'NONE',  ( 0.8650000000000004352, 0.2000000000000000389, -2.001999999999999780 ) ) ;
#6094 = ORIENTED_EDGE ( 'NONE', *, *, #3392, .T. ) ;
#6095 = EDGE_CURVE ( 'NONE', #5332, #5378, #1063, .T. ) ;
#6096 = AXIS2_PLACEMENT_3D ( 'NONE', #7599, #4007, #8344 ) ;
#6097 = EDGE_CURVE ( 'NONE', #2225, #3263, #3723, .T. ) ;
#6098 = VECTOR ( 'NONE', #4837, 1000.000000000000000 ) ;
#6099 = LINE ( 'NONE', #8956, #339 ) ;
#6100 = PRESENTATION_LAYER_ASSIGNMENT (  '', '', ( #780 ) ) ;
#6101 = SURFACE_SIDE_STYLE ('',( #4090 ) ) ;
#6102 = COLOUR_RGB ( '',1.000000000000000000, 1.000000000000000000, 1.000000000000000000 ) ;
#6103 = ORIENTED_EDGE ( 'NONE', *, *, #2904, .F. ) ;
#6104 =( NAMED_UNIT ( * ) SI_UNIT ( $, .STERADIAN. ) SOLID_ANGLE_UNIT ( ) );
#6105 = LINE ( 'NONE', #1393, #1377 ) ;
#6106 = EDGE_LOOP ( 'NONE', ( #7646, #7215, #8953, #6780 ) ) ;
#6107 = VECTOR ( 'NONE', #354, 1000.000000000000000 ) ;
#6108 = ORIENTED_EDGE ( 'NONE', *, *, #2297, .T. ) ;
#6110 = EDGE_CURVE ( 'NONE', #4291, #7886, #1657, .T. ) ;
#6109 = VERTEX_POINT ( 'NONE', #929 ) ;
#6111 = CARTESIAN_POINT ( 'NONE',  ( -2.001999999999999780, 0.002500000000000000052, -0.1350000000000001477 ) ) ;
#6112 = LINE ( 'NONE', #542, #3025 ) ;
#6113 = VECTOR ( 'NONE', #5919, 1000.000000000000000 ) ;
#6114 = PRESENTATION_LAYER_ASSIGNMENT (  '', '', ( #6719 ) ) ;
#6115 = SURFACE_SIDE_STYLE ('',( #6337 ) ) ;
#6116 = CARTESIAN_POINT ( 'NONE',  ( -2.001999999999999780, 0.2025000000000000133, 0.1349999999999998701 ) ) ;
#6117 =( GEOMETRIC_REPRESENTATION_CONTEXT ( 3 ) GLOBAL_UNCERTAINTY_ASSIGNED_CONTEXT ( ( #279 ) ) GLOBAL_UNIT_ASSIGNED_CONTEXT ( ( #6194, #5941, #5995 ) ) REPRESENTATION_CONTEXT ( 'NONE', 'WORKASPACE' ) );
#6118 =( GEOMETRIC_REPRESENTATION_CONTEXT ( 3 ) GLOBAL_UNCERTAINTY_ASSIGNED_CONTEXT ( ( #2459 ) ) GLOBAL_UNIT_ASSIGNED_CONTEXT ( ( #8257, #3357, #6104 ) ) REPRESENTATION_CONTEXT ( 'NONE', 'WORKASPACE' ) );
#6119 =( NAMED_UNIT ( * ) SI_UNIT ( $, .STERADIAN. ) SOLID_ANGLE_UNIT ( ) );
#6120 = ORIENTED_EDGE ( 'NONE', *, *, #8488, .T. ) ;
#6121 = VECTOR ( 'NONE', #5090, 1000.000000000000000 ) ;
#6122 = CARTESIAN_POINT ( 'NONE',  ( -1.134999999999999787, 0.1999999999999999556, 2.001999999999999780 ) ) ;
#6123 = STYLED_ITEM ( 'NONE', ( #193 ), #6795 ) ;
#6124 = ORIENTED_EDGE ( 'NONE', *, *, #2008, .F. ) ;
#6125 = DIRECTION ( 'NONE',  ( -0.0000000000000000000, -1.000000000000000000, -0.0000000000000000000 ) ) ;
#6126 = STYLED_ITEM ( 'NONE', ( #1970 ), #3982 ) ;
#6127 = CARTESIAN_POINT ( 'NONE',  ( -2.001999999999999780, 0.2025000000000000133, -0.8650000000000001021 ) ) ;
#6128 = CARTESIAN_POINT ( 'NONE',  ( -2.001999999999999780, 0.2025000000000000133, 0.6349999999999998979 ) ) ;
#6129 =( NAMED_UNIT ( * ) PLANE_ANGLE_UNIT ( ) SI_UNIT ( $, .RADIAN. ) );
#6130 = MECHANICAL_DESIGN_GEOMETRIC_PRESENTATION_REPRESENTATION (  '', ( #8652 ), #4808 ) ;
#6131 = SURFACE_STYLE_USAGE ( .BOTH. , #6220 ) ;
#6132 = FILL_AREA_STYLE ('',( #2089 ) ) ;
#6133 = PRESENTATION_LAYER_ASSIGNMENT (  '', '', ( #8230 ) ) ;
#6134 = DIRECTION ( 'NONE',  ( 0.0000000000000000000, 0.0000000000000000000, 1.000000000000000000 ) ) ;
#6135 = SURFACE_STYLE_USAGE ( .BOTH. , #2731 ) ;
#6136 = SURFACE_SIDE_STYLE ('',( #1162 ) ) ;
#6137 = FACE_OUTER_BOUND ( 'NONE', #2803, .T. ) ;
#6138 = VECTOR ( 'NONE', #1376, 1000.000000000000000 ) ;
#6139 = LINE ( 'NONE', #479, #6076 ) ;
#6140 =( LENGTH_UNIT ( ) NAMED_UNIT ( * ) SI_UNIT ( .MILLI., .METRE. ) );
#6141 = AXIS2_PLACEMENT_3D ( 'NONE', #7293, #953, #8794 ) ;
#6142 = PLANE ( 'NONE',  #3217 ) ;
#6143 = SURFACE_SIDE_STYLE ('',( #4684 ) ) ;
#6144 = EDGE_CURVE ( 'NONE', #1687, #2193, #880, .T. ) ;
#6145 = UNCERTAINTY_MEASURE_WITH_UNIT (LENGTH_MEASURE( 1.000000000000000082E-05 ), #5076, 'distance_accuracy_value', 'NONE');
#6146 = CARTESIAN_POINT ( 'NONE',  ( -2.001999999999999780, 0.2025000000000000133, 0.1349999999999998701 ) ) ;
#6147 = VERTEX_POINT ( 'NONE', #3777 ) ;
#6148 = PRESENTATION_LAYER_ASSIGNMENT (  '', '', ( #516 ) ) ;
#6149 = STYLED_ITEM ( 'NONE', ( #7537 ), #4901 ) ;
#6150 = PLANE ( 'NONE',  #200 ) ;
#6151 = CARTESIAN_POINT ( 'NONE',  ( 0.1350000000000004530, 0.0000000000000000000, -1.600000000000000089 ) ) ;
#6152 = ADVANCED_FACE ( 'NONE', ( #8118 ), #2497, .T. ) ;
#6153 = EDGE_CURVE ( 'NONE', #4154, #6951, #5830, .T. ) ;
#6154 = CARTESIAN_POINT ( 'NONE',  ( -2.001999999999999780, 0.002500000000000000052, 1.135000000000000009 ) ) ;
#6155 = ORIENTED_EDGE ( 'NONE', *, *, #5761, .T. ) ;
#6156 = EDGE_LOOP ( 'NONE', ( #4929, #8913, #8746, #2986 ) ) ;
#6157 = VERTEX_POINT ( 'NONE', #3212 ) ;
#6158 = FACE_OUTER_BOUND ( 'NONE', #6294, .T. ) ;
#6159 = CARTESIAN_POINT ( 'NONE',  ( 2.000000000000000000, 0.0000000000000000000, 0.3649999999999999911 ) ) ;
#6160 = VECTOR ( 'NONE', #3107, 1000.000000000000000 ) ;
#6161 = PRESENTATION_STYLE_ASSIGNMENT (( #8266 ) ) ;
#6162 = DIRECTION ( 'NONE',  ( 1.000000000000000000, 0.0000000000000000000, -0.0000000000000000000 ) ) ;
#6163 = UNCERTAINTY_MEASURE_WITH_UNIT (LENGTH_MEASURE( 1.000000000000000082E-05 ), #596, 'distance_accuracy_value', 'NONE');
#6164 = DIRECTION ( 'NONE',  ( 0.0000000000000000000, 0.0000000000000000000, -1.000000000000000000 ) ) ;
#6165 = SURFACE_SIDE_STYLE ('',( #2763 ) ) ;
#6166 = EDGE_CURVE ( 'NONE', #7961, #7781, #8162, .T. ) ;
#6167 = FILL_AREA_STYLE_COLOUR ( '', #4024 ) ;
#6168 = ORIENTED_EDGE ( 'NONE', *, *, #5868, .T. ) ;
#6169 =( NAMED_UNIT ( * ) PLANE_ANGLE_UNIT ( ) SI_UNIT ( $, .RADIAN. ) );
#6170 = PRESENTATION_STYLE_ASSIGNMENT (( #7566 ) ) ;
#6171 = LINE ( 'NONE', #3505, #818 ) ;
#6172 = DIRECTION ( 'NONE',  ( 1.000000000000000000, 0.0000000000000000000, -0.0000000000000000000 ) ) ;
#6173 = LINE ( 'NONE', #2684, #5361 ) ;
#6174 = SURFACE_STYLE_USAGE ( .BOTH. , #2686 ) ;
#6175 =( LENGTH_UNIT ( ) NAMED_UNIT ( * ) SI_UNIT ( .MILLI., .METRE. ) );
#6176 = SURFACE_SIDE_STYLE ('',( #601 ) ) ;
#6177 = EDGE_CURVE ( 'NONE', #3492, #8939, #8206, .T. ) ;
#6178 = PRESENTATION_STYLE_ASSIGNMENT (( #7099 ) ) ;
#6179 = VERTEX_POINT ( 'NONE', #4038 ) ;
#6180 = VECTOR ( 'NONE', #8823, 1000.000000000000000 ) ;
#6181 = DIRECTION ( 'NONE',  ( 1.000000000000000000, 0.0000000000000000000, 0.0000000000000000000 ) ) ;
#6182 = PRESENTATION_STYLE_ASSIGNMENT (( #6135 ) ) ;
#6183 = VECTOR ( 'NONE', #7889, 1000.000000000000000 ) ;
#6184 = SURFACE_STYLE_FILL_AREA ( #3423 ) ;
#6185 = DIRECTION ( 'NONE',  ( 1.000000000000000000, 0.0000000000000000000, 0.0000000000000000000 ) ) ;
#6186 = ORIENTED_EDGE ( 'NONE', *, *, #5087, .T. ) ;
#6187 = DIRECTION ( 'NONE',  ( -0.0000000000000000000, -1.000000000000000000, -0.0000000000000000000 ) ) ;
#6188 = EDGE_CURVE ( 'NONE', #8275, #1223, #6058, .T. ) ;
#6189 = CARTESIAN_POINT ( 'NONE',  ( -2.000000000000000000, 0.0000000000000000000, 0.3649999999999999911 ) ) ;
#6190 = PRESENTATION_STYLE_ASSIGNMENT (( #3305 ) ) ;
#6191 = CARTESIAN_POINT ( 'NONE',  ( 0.3650000000000004352, 0.0000000000000000000, -2.001999999999999780 ) ) ;
#6192 = ORIENTED_EDGE ( 'NONE', *, *, #760, .F. ) ;
#6193 = VERTEX_POINT ( 'NONE', #6855 ) ;
#6194 =( LENGTH_UNIT ( ) NAMED_UNIT ( * ) SI_UNIT ( .MILLI., .METRE. ) );
#6195 = ORIENTED_EDGE ( 'NONE', *, *, #2399, .T. ) ;
#6196 = ORIENTED_EDGE ( 'NONE', *, *, #4461, .T. ) ;
#6197 = FACE_OUTER_BOUND ( 'NONE', #7400, .T. ) ;
#6198 = LINE ( 'NONE', #9147, #5802 ) ;
#6199 = MECHANICAL_DESIGN_GEOMETRIC_PRESENTATION_REPRESENTATION (  '', ( #2984 ), #2274 ) ;
#6200 = CARTESIAN_POINT ( 'NONE',  ( 0.1350000000000003419, 0.2000000000000000111, -2.001999999999999780 ) ) ;
#6201 = DIRECTION ( 'NONE',  ( -0.0000000000000000000, -0.0000000000000000000, -1.000000000000000000 ) ) ;
#6202 = EDGE_CURVE ( 'NONE', #3311, #3094, #6099, .T. ) ;
#6203 = LINE ( 'NONE', #6116, #8946 ) ;
#6204 = CARTESIAN_POINT ( 'NONE',  ( -2.001999999999999780, 0.2025000000000000133, 0.8649999999999998801 ) ) ;
#6205 = SURFACE_STYLE_FILL_AREA ( #1946 ) ;
#6206 =( LENGTH_UNIT ( ) NAMED_UNIT ( * ) SI_UNIT ( .MILLI., .METRE. ) );
#6207 = ORIENTED_EDGE ( 'NONE', *, *, #1721, .F. ) ;
#6208 = STYLED_ITEM ( 'NONE', ( #5130 ), #847 ) ;
#6209 = ORIENTED_EDGE ( 'NONE', *, *, #8516, .T. ) ;
#6210 = DIRECTION ( 'NONE',  ( 0.0000000000000000000, -0.0000000000000000000, 1.000000000000000000 ) ) ;
#6211 = ORIENTED_EDGE ( 'NONE', *, *, #1785, .T. ) ;
#6212 = CARTESIAN_POINT ( 'NONE',  ( 1.499999999999999778, 0.8979999999999999094, -1.399999999999999911 ) ) ;
#6213 = DIRECTION ( 'NONE',  ( -0.0000000000000000000, -0.0000000000000000000, 1.000000000000000000 ) ) ;
#6214 = EDGE_CURVE ( 'NONE', #7793, #322, #1215, .T. ) ;
#6215 =( NAMED_UNIT ( * ) PLANE_ANGLE_UNIT ( ) SI_UNIT ( $, .RADIAN. ) );
#6216 = AXIS2_PLACEMENT_3D ( 'NONE', #1906, #1037, #5991 ) ;
#6217 = DIRECTION ( 'NONE',  ( 0.0000000000000000000, -1.000000000000000000, 0.0000000000000000000 ) ) ;
#6218 = ADVANCED_FACE ( 'NONE', ( #490 ), #4692, .T. ) ;
#6219 = VECTOR ( 'NONE', #592, 1000.000000000000000 ) ;
#6220 = SURFACE_SIDE_STYLE ('',( #4107 ) ) ;
#6221 = SURFACE_STYLE_FILL_AREA ( #3509 ) ;
#6222 = ORIENTED_EDGE ( 'NONE', *, *, #2577, .F. ) ;
#6223 = PRESENTATION_LAYER_ASSIGNMENT (  '', '', ( #2418 ) ) ;
#6224 = CARTESIAN_POINT ( 'NONE',  ( 2.001999999999999780, 0.2025000000000000133, -1.365000000000000213 ) ) ;
#6225 = LINE ( 'NONE', #2053, #2914 ) ;
#6226 = VECTOR ( 'NONE', #6399, 1000.000000000000000 ) ;
#6227 = EDGE_CURVE ( 'NONE', #678, #2069, #4120, .T. ) ;
#6228 = DIRECTION ( 'NONE',  ( 0.0000000000000000000, 1.000000000000000000, 0.0000000000000000000 ) ) ;
#6229 = DIRECTION ( 'NONE',  ( 0.0000000000000000000, 0.0000000000000000000, 1.000000000000000000 ) ) ;
#6230 = DIRECTION ( 'NONE',  ( -0.0000000000000000000, 0.0000000000000000000, -1.000000000000000000 ) ) ;
#6231 = VECTOR ( 'NONE', #1006, 1000.000000000000000 ) ;
#6232 = AXIS2_PLACEMENT_3D ( 'NONE', #1634, #1526, #7809 ) ;
#6233 = UNCERTAINTY_MEASURE_WITH_UNIT (LENGTH_MEASURE( 1.000000000000000082E-05 ), #1166, 'distance_accuracy_value', 'NONE');
#6234 = ORIENTED_EDGE ( 'NONE', *, *, #943, .T. ) ;
#6235 = LINE ( 'NONE', #5532, #205 ) ;
#6236 = FACE_OUTER_BOUND ( 'NONE', #7303, .T. ) ;
#6237 = VECTOR ( 'NONE', #3703, 1000.000000000000000 ) ;
#6238 = VECTOR ( 'NONE', #4604, 1000.000000000000000 ) ;
#6239 = PLANE ( 'NONE',  #4332 ) ;
#6240 = SURFACE_STYLE_USAGE ( .BOTH. , #8411 ) ;
#6241 = LINE ( 'NONE', #7642, #1904 ) ;
#6242 = COLOUR_RGB ( '',1.000000000000000000, 1.000000000000000000, 1.000000000000000000 ) ;
#6243 = SURFACE_STYLE_FILL_AREA ( #8211 ) ;
#6244 = UNCERTAINTY_MEASURE_WITH_UNIT (LENGTH_MEASURE( 1.000000000000000082E-05 ), #8724, 'distance_accuracy_value', 'NONE');
#6245 = ORIENTED_EDGE ( 'NONE', *, *, #6568, .F. ) ;
#6246 = CARTESIAN_POINT ( 'NONE',  ( -0.6349999999999995648, -2.980301110709575655E-17, -2.001999999999999780 ) ) ;
#6247 =( GEOMETRIC_REPRESENTATION_CONTEXT ( 3 ) GLOBAL_UNCERTAINTY_ASSIGNED_CONTEXT ( ( #3660 ) ) GLOBAL_UNIT_ASSIGNED_CONTEXT ( ( #7227, #4451, #263 ) ) REPRESENTATION_CONTEXT ( 'NONE', 'WORKASPACE' ) );
#6248 = VERTEX_POINT ( 'NONE', #8375 ) ;
#6249 = FACE_OUTER_BOUND ( 'NONE', #1170, .T. ) ;
#6250 = ORIENTED_EDGE ( 'NONE', *, *, #8101, .T. ) ;
#6251 = ORIENTED_EDGE ( 'NONE', *, *, #3869, .F. ) ;
#6252 = CARTESIAN_POINT ( 'NONE',  ( 0.1350000000000003419, 0.002500000000000000052, -2.000000000000000000 ) ) ;
#6253 = PRESENTATION_LAYER_ASSIGNMENT (  '', '', ( #1861 ) ) ;
#6254 =( NAMED_UNIT ( * ) PLANE_ANGLE_UNIT ( ) SI_UNIT ( $, .RADIAN. ) );
#6255 = CARTESIAN_POINT ( 'NONE',  ( 2.000000000000000000, 0.0000000000000000000, 0.8649999999999999911 ) ) ;
#6256 = SURFACE_STYLE_FILL_AREA ( #1322 ) ;
#6257 = VERTEX_POINT ( 'NONE', #3432 ) ;
#6258 = EDGE_CURVE ( 'NONE', #6538, #3875, #410, .T. ) ;
#6259 = PLANE ( 'NONE',  #6967 ) ;
#6260 = EDGE_LOOP ( 'NONE', ( #569, #412, #6989, #5392 ) ) ;
#6261 = DIRECTION ( 'NONE',  ( 1.000000000000000000, 0.0000000000000000000, 0.0000000000000000000 ) ) ;
#6262 = ORIENTED_EDGE ( 'NONE', *, *, #1564, .F. ) ;
#6263 = MECHANICAL_DESIGN_GEOMETRIC_PRESENTATION_REPRESENTATION (  '', ( #2163 ), #2315 ) ;
#6264 = SURFACE_STYLE_USAGE ( .BOTH. , #8537 ) ;
#6265 = LINE ( 'NONE', #9113, #5627 ) ;
#6266 = DIRECTION ( 'NONE',  ( -1.000000000000000000, 0.0000000000000000000, -0.0000000000000000000 ) ) ;
#6267 =( NAMED_UNIT ( * ) SI_UNIT ( $, .STERADIAN. ) SOLID_ANGLE_UNIT ( ) );
#6268 = AXIS2_PLACEMENT_3D ( 'NONE', #4500, #8070, #7976 ) ;
#6269 = CARTESIAN_POINT ( 'NONE',  ( 1.499999999999999778, 0.8979999999999999094, -1.500000000000000000 ) ) ;
#6270 = MECHANICAL_DESIGN_GEOMETRIC_PRESENTATION_REPRESENTATION (  '', ( #5092 ), #4941 ) ;
#6271 = ADVANCED_FACE ( 'NONE', ( #1261 ), #6239, .F. ) ;
#6272 = FILL_AREA_STYLE ('',( #3514 ) ) ;
#6273 = PRESENTATION_LAYER_ASSIGNMENT (  '', '', ( #1112 ) ) ;
#6274 = EDGE_LOOP ( 'NONE', ( #8384, #3110, #473, #1118 ) ) ;
#6275 = FACE_OUTER_BOUND ( 'NONE', #1325, .T. ) ;
#6276 = PRESENTATION_STYLE_ASSIGNMENT (( #1293 ) ) ;
#6277 = VECTOR ( 'NONE', #8313, 1000.000000000000000 ) ;
#6278 = DIRECTION ( 'NONE',  ( 0.0000000000000000000, 0.0000000000000000000, 1.000000000000000000 ) ) ;
#6279 = MECHANICAL_DESIGN_GEOMETRIC_PRESENTATION_REPRESENTATION (  '', ( #2750 ), #6583 ) ;
#6280 =( GEOMETRIC_REPRESENTATION_CONTEXT ( 3 ) GLOBAL_UNCERTAINTY_ASSIGNED_CONTEXT ( ( #6445 ) ) GLOBAL_UNIT_ASSIGNED_CONTEXT ( ( #7302, #4392, #7817 ) ) REPRESENTATION_CONTEXT ( 'NONE', 'WORKASPACE' ) );
#6281 = SURFACE_STYLE_USAGE ( .BOTH. , #3471 ) ;
#6282 = ORIENTED_EDGE ( 'NONE', *, *, #4410, .F. ) ;
#6283 = EDGE_CURVE ( 'NONE', #5200, #2752, #7774, .T. ) ;
#6284 = ORIENTED_EDGE ( 'NONE', *, *, #7105, .T. ) ;
#6285 =( GEOMETRIC_REPRESENTATION_CONTEXT ( 3 ) GLOBAL_UNCERTAINTY_ASSIGNED_CONTEXT ( ( #3955 ) ) GLOBAL_UNIT_ASSIGNED_CONTEXT ( ( #5314, #8146, #3896 ) ) REPRESENTATION_CONTEXT ( 'NONE', 'WORKASPACE' ) );
#6286 = CARTESIAN_POINT ( 'NONE',  ( -0.8649999999999996581, 0.002499999999999997450, -2.000000000000000000 ) ) ;
#6287 = DIRECTION ( 'NONE',  ( 1.000000000000000000, 0.0000000000000000000, 0.0000000000000000000 ) ) ;
#6288 = LINE ( 'NONE', #1453, #6993 ) ;
#6289 =( LENGTH_UNIT ( ) NAMED_UNIT ( * ) SI_UNIT ( .MILLI., .METRE. ) );
#6290 = PRESENTATION_LAYER_ASSIGNMENT (  '', '', ( #1593 ) ) ;
#6291 = CARTESIAN_POINT ( 'NONE',  ( 1.000000000000000000, 0.002500000000000000052, 1.250000000000000000 ) ) ;
#6292 = FILL_AREA_STYLE ('',( #1354 ) ) ;
#6293 = FACE_OUTER_BOUND ( 'NONE', #2668, .T. ) ;
#6294 = EDGE_LOOP ( 'NONE', ( #247, #1763, #3465, #910 ) ) ;
#6295 =( NAMED_UNIT ( * ) PLANE_ANGLE_UNIT ( ) SI_UNIT ( $, .RADIAN. ) );
#6296 = EDGE_LOOP ( 'NONE', ( #2504, #5636, #2975, #5681 ) ) ;
#6297 = DIRECTION ( 'NONE',  ( 0.0000000000000000000, 0.0000000000000000000, -1.000000000000000000 ) ) ;
#6298 = ORIENTED_EDGE ( 'NONE', *, *, #2297, .F. ) ;
#6299 = FILL_AREA_STYLE_COLOUR ( '', #7585 ) ;
#6300 = CARTESIAN_POINT ( 'NONE',  ( 2.001999999999999780, 0.2025000000000000133, -1.135000000000000231 ) ) ;
#6301 = SURFACE_SIDE_STYLE ('',( #5731 ) ) ;
#6302 = AXIS2_PLACEMENT_3D ( 'NONE', #9112, #3591, #44 ) ;
#6303 =( LENGTH_UNIT ( ) NAMED_UNIT ( * ) SI_UNIT ( .MILLI., .METRE. ) );
#6304 = DIRECTION ( 'NONE',  ( -0.0000000000000000000, -0.0000000000000000000, -1.000000000000000000 ) ) ;
#6305 = CARTESIAN_POINT ( 'NONE',  ( 1.135000000000000453, 0.2000000000000000389, 2.000000000000000000 ) ) ;
#6306 = ORIENTED_EDGE ( 'NONE', *, *, #7852, .T. ) ;
#6307 =( NAMED_UNIT ( * ) SI_UNIT ( $, .STERADIAN. ) SOLID_ANGLE_UNIT ( ) );
#6308 = DIRECTION ( 'NONE',  ( -1.000000000000000000, 0.0000000000000000000, 0.0000000000000000000 ) ) ;
#6309 = COLOUR_RGB ( '',1.000000000000000000, 1.000000000000000000, 1.000000000000000000 ) ;
#6310 = ORIENTED_EDGE ( 'NONE', *, *, #3992, .F. ) ;
#6311 = LINE ( 'NONE', #6212, #1821 ) ;
#6312 = DIRECTION ( 'NONE',  ( 1.000000000000000000, 0.0000000000000000000, 0.0000000000000000000 ) ) ;
#6313 = PLANE ( 'NONE',  #3391 ) ;
#6314 = LINE ( 'NONE', #6360, #9134 ) ;
#6315 = DIRECTION ( 'NONE',  ( -0.0000000000000000000, -1.000000000000000000, -0.0000000000000000000 ) ) ;
#6316 = ADVANCED_FACE ( 'NONE', ( #8461 ), #2842, .F. ) ;
#6317 = SURFACE_SIDE_STYLE ('',( #7796 ) ) ;
#6318 = CARTESIAN_POINT ( 'NONE',  ( -1.600000000000000089, 0.0000000000000000000, -1.365000000000000213 ) ) ;
#6319 = AXIS2_PLACEMENT_3D ( 'NONE', #5459, #6074, #5504 ) ;
#6320 = FILL_AREA_STYLE ('',( #2965 ) ) ;
#6321 =( NAMED_UNIT ( * ) PLANE_ANGLE_UNIT ( ) SI_UNIT ( $, .RADIAN. ) );
#6322 = ORIENTED_EDGE ( 'NONE', *, *, #2671, .T. ) ;
#6323 = FACE_OUTER_BOUND ( 'NONE', #4427, .T. ) ;
#6324 =( LENGTH_UNIT ( ) NAMED_UNIT ( * ) SI_UNIT ( .MILLI., .METRE. ) );
#6325 = EDGE_CURVE ( 'NONE', #7838, #6257, #6288, .T. ) ;
#6326 = ADVANCED_FACE ( 'NONE', ( #4900 ), #3666, .F. ) ;
#6327 = LINE ( 'NONE', #2880, #4697 ) ;
#6328 = PRESENTATION_LAYER_ASSIGNMENT (  '', '', ( #3243 ) ) ;
#6329 = ORIENTED_EDGE ( 'NONE', *, *, #1786, .T. ) ;
#6330 = STYLED_ITEM ( 'NONE', ( #5334 ), #5217 ) ;
#6331 = UNCERTAINTY_MEASURE_WITH_UNIT (LENGTH_MEASURE( 1.000000000000000082E-05 ), #7571, 'distance_accuracy_value', 'NONE');
#6332 = PLANE ( 'NONE',  #4315 ) ;
#6333 = ORIENTED_EDGE ( 'NONE', *, *, #7061, .F. ) ;
#6334 = DIRECTION ( 'NONE',  ( -1.000000000000000000, -0.0000000000000000000, 4.065758146820642614E-16 ) ) ;
#6335 = PRODUCT_DEFINITION_FORMATION_WITH_SPECIFIED_SOURCE ( 'ANY', '', #7037, .NOT_KNOWN. ) ;
#6336 = EDGE_CURVE ( 'NONE', #3192, #2543, #5183, .T. ) ;
#6337 = SURFACE_STYLE_FILL_AREA ( #454 ) ;
#6338 = CARTESIAN_POINT ( 'NONE',  ( -2.001999999999999780, 0.002500000000000000052, 0.8649999999999998801 ) ) ;
#6339 = ADVANCED_FACE ( 'NONE', ( #8661 ), #6532, .F. ) ;
#6340 = DIRECTION ( 'NONE',  ( -1.000000000000000000, 0.0000000000000000000, -0.0000000000000000000 ) ) ;
#6341 = PLANE ( 'NONE',  #4235 ) ;
#6342 = DIRECTION ( 'NONE',  ( -1.000000000000000000, 0.0000000000000000000, -0.0000000000000000000 ) ) ;
#6343 = CARTESIAN_POINT ( 'NONE',  ( 0.6350000000000004530, 1.490150555354787828E-17, 1.600000000000000089 ) ) ;
#6344 =( LENGTH_UNIT ( ) NAMED_UNIT ( * ) SI_UNIT ( .MILLI., .METRE. ) );
#6345 = ORIENTED_EDGE ( 'NONE', *, *, #1009, .F. ) ;
#6346 = VERTEX_POINT ( 'NONE', #4489 ) ;
#6347 = FACE_OUTER_BOUND ( 'NONE', #3040, .T. ) ;
#6348 = DIRECTION ( 'NONE',  ( -0.0000000000000000000, -0.0000000000000000000, -1.000000000000000000 ) ) ;
#6349 = ADVANCED_FACE ( 'NONE', ( #3899 ), #969, .F. ) ;
#6350 = FILL_AREA_STYLE ('',( #1408 ) ) ;
#6351 = SURFACE_SIDE_STYLE ('',( #9185 ) ) ;
#6352 = LINE ( 'NONE', #2264, #2892 ) ;
#6353 = PRESENTATION_STYLE_ASSIGNMENT (( #2120 ) ) ;
#6354 = ORIENTED_EDGE ( 'NONE', *, *, #5270, .T. ) ;
#6355 = VERTEX_POINT ( 'NONE', #6318 ) ;
#6356 = SURFACE_SIDE_STYLE ('',( #7742 ) ) ;
#6357 = EDGE_LOOP ( 'NONE', ( #1271, #6523, #1022, #7083 ) ) ;
#6358 = CARTESIAN_POINT ( 'NONE',  ( 2.001999999999999780, 0.2025000000000000133, -0.6350000000000001199 ) ) ;
#6359 =( NAMED_UNIT ( * ) SI_UNIT ( $, .STERADIAN. ) SOLID_ANGLE_UNIT ( ) );
#6360 = CARTESIAN_POINT ( 'NONE',  ( -0.6349999999999995648, 0.1999999999999999833, -2.001999999999999780 ) ) ;
#6361 = CARTESIAN_POINT ( 'NONE',  ( -1.364999999999999769, 0.002499999999999995715, -2.000000000000000000 ) ) ;
#6362 = CARTESIAN_POINT ( 'NONE',  ( -2.000000000000000000, 0.002500000000000000052, -0.8649999999999999911 ) ) ;
#6363 =( NAMED_UNIT ( * ) PLANE_ANGLE_UNIT ( ) SI_UNIT ( $, .RADIAN. ) );
#6364 = DIRECTION ( 'NONE',  ( -0.0000000000000000000, -0.0000000000000000000, -1.000000000000000000 ) ) ;
#6365 = DIRECTION ( 'NONE',  ( 1.000000000000000000, 0.0000000000000000000, 4.065758146820642614E-16 ) ) ;
#6366 = PRESENTATION_LAYER_ASSIGNMENT (  '', '', ( #4294 ) ) ;
#6367 = DIRECTION ( 'NONE',  ( 0.0000000000000000000, 0.0000000000000000000, 1.000000000000000000 ) ) ;
#6368 = ORIENTED_EDGE ( 'NONE', *, *, #4984, .T. ) ;
#6369 = DIRECTION ( 'NONE',  ( 0.0000000000000000000, -0.0000000000000000000, 1.000000000000000000 ) ) ;
#6370 = COLOUR_RGB ( '',1.000000000000000000, 1.000000000000000000, 1.000000000000000000 ) ;
#6371 = VECTOR ( 'NONE', #5561, 1000.000000000000000 ) ;
#6372 = FILL_AREA_STYLE_COLOUR ( '', #5081 ) ;
#6373 =( NAMED_UNIT ( * ) PLANE_ANGLE_UNIT ( ) SI_UNIT ( $, .RADIAN. ) );
#6374 = CARTESIAN_POINT ( 'NONE',  ( 2.000000000000000000, 0.2025000000000000133, -0.1350000000000001477 ) ) ;
#6375 =( GEOMETRIC_REPRESENTATION_CONTEXT ( 3 ) GLOBAL_UNCERTAINTY_ASSIGNED_CONTEXT ( ( #1335 ) ) GLOBAL_UNIT_ASSIGNED_CONTEXT ( ( #7052, #2812, #6307 ) ) REPRESENTATION_CONTEXT ( 'NONE', 'WORKASPACE' ) );
#6376 = ORIENTED_EDGE ( 'NONE', *, *, #6694, .T. ) ;
#6377 = EDGE_CURVE ( 'NONE', #7999, #748, #3415, .T. ) ;
#6378 = SURFACE_SIDE_STYLE ('',( #3561 ) ) ;
#6379 = LINE ( 'NONE', #5082, #5401 ) ;
#6380 = ADVANCED_FACE ( 'NONE', ( #9159 ), #7701, .T. ) ;
#6381 = MECHANICAL_DESIGN_GEOMETRIC_PRESENTATION_REPRESENTATION (  '', ( #5612 ), #5051 ) ;
#6382 = ORIENTED_EDGE ( 'NONE', *, *, #7165, .F. ) ;
#6383 = DIRECTION ( 'NONE',  ( -0.0000000000000000000, -1.000000000000000000, -0.0000000000000000000 ) ) ;
#6384 = CARTESIAN_POINT ( 'NONE',  ( -2.000000000000000000, 0.0000000000000000000, 1.135000000000000231 ) ) ;
#6385 = COLOUR_RGB ( '',1.000000000000000000, 1.000000000000000000, 1.000000000000000000 ) ;
#6386 = FACE_OUTER_BOUND ( 'NONE', #3796, .T. ) ;
#6387 = PRESENTATION_LAYER_ASSIGNMENT (  '', '', ( #1062 ) ) ;
#6388 = LINE ( 'NONE', #69, #68 ) ;
#6389 = DIRECTION ( 'NONE',  ( -0.0000000000000000000, -0.0000000000000000000, -1.000000000000000000 ) ) ;
#6390 = FILL_AREA_STYLE_COLOUR ( '', #3989 ) ;
#6391 = VECTOR ( 'NONE', #7626, 1000.000000000000000 ) ;
#6392 = ADVANCED_FACE ( 'NONE', ( #5471 ), #4796, .F. ) ;
#6393 = ORIENTED_EDGE ( 'NONE', *, *, #7525, .T. ) ;
#6394 = LINE ( 'NONE', #2894, #9101 ) ;
#6395 = ORIENTED_EDGE ( 'NONE', *, *, #5876, .F. ) ;
#6396 = ADVANCED_FACE ( 'NONE', ( #8490 ), #2231, .F. ) ;
#6397 = ORIENTED_EDGE ( 'NONE', *, *, #1365, .T. ) ;
#6398 = PRESENTATION_LAYER_ASSIGNMENT (  '', '', ( #1532 ) ) ;
#6399 = DIRECTION ( 'NONE',  ( -1.000000000000000000, 0.0000000000000000000, 0.0000000000000000000 ) ) ;
#6400 = DIRECTION ( 'NONE',  ( -0.0000000000000000000, -1.000000000000000000, -0.0000000000000000000 ) ) ;
#6401 = AXIS2_PLACEMENT_3D ( 'NONE', #7481, #3936, #381 ) ;
#6402 = SURFACE_STYLE_FILL_AREA ( #6494 ) ;
#6403 =( NAMED_UNIT ( * ) PLANE_ANGLE_UNIT ( ) SI_UNIT ( $, .RADIAN. ) );
#6404 = SURFACE_STYLE_FILL_AREA ( #834 ) ;
#6405 = CARTESIAN_POINT ( 'NONE',  ( 0.1350000000000004530, 0.0000000000000000000, 1.600000000000000089 ) ) ;
#6406 = CARTESIAN_POINT ( 'NONE',  ( 1.250000000000000000, 0.0005000000000000003357, 1.000000000000000000 ) ) ;
#6407 = EDGE_CURVE ( 'NONE', #4567, #5109, #894, .T. ) ;
#6408 = VERTEX_POINT ( 'NONE', #1674 ) ;
#6409 =( NAMED_UNIT ( * ) PLANE_ANGLE_UNIT ( ) SI_UNIT ( $, .RADIAN. ) );
#6410 = ORIENTED_EDGE ( 'NONE', *, *, #3359, .T. ) ;
#6411 = CARTESIAN_POINT ( 'NONE',  ( 1.365000000000000435, 0.002500000000000003088, -1.600000000000000089 ) ) ;
#6412 = MECHANICAL_DESIGN_GEOMETRIC_PRESENTATION_REPRESENTATION (  '', ( #6854 ), #2598 ) ;
#6413 =( NAMED_UNIT ( * ) PLANE_ANGLE_UNIT ( ) SI_UNIT ( $, .RADIAN. ) );
#6414 = SURFACE_STYLE_FILL_AREA ( #7795 ) ;
#6415 =( NAMED_UNIT ( * ) SI_UNIT ( $, .STERADIAN. ) SOLID_ANGLE_UNIT ( ) );
#6416 = SURFACE_STYLE_USAGE ( .BOTH. , #3595 ) ;
#6417 = VECTOR ( 'NONE', #3897, 1000.000000000000000 ) ;
#6418 = CARTESIAN_POINT ( 'NONE',  ( -0.8649999999999995470, -2.975525575834778034E-18, -1.600000000000000089 ) ) ;
#6419 = MECHANICAL_DESIGN_GEOMETRIC_PRESENTATION_REPRESENTATION (  '', ( #780 ), #8331 ) ;
#6420 =( GEOMETRIC_REPRESENTATION_CONTEXT ( 3 ) GLOBAL_UNCERTAINTY_ASSIGNED_CONTEXT ( ( #8650 ) ) GLOBAL_UNIT_ASSIGNED_CONTEXT ( ( #4780, #7690, #4175 ) ) REPRESENTATION_CONTEXT ( 'NONE', 'WORKASPACE' ) );
#6421 = CARTESIAN_POINT ( 'NONE',  ( -2.000000000000000000, 0.0000000000000000000, -0.8649999999999999911 ) ) ;
#6422 = LINE ( 'NONE', #4284, #5408 ) ;
#6423 = COLOUR_RGB ( '',1.000000000000000000, 1.000000000000000000, 1.000000000000000000 ) ;
#6424 = PRESENTATION_LAYER_ASSIGNMENT (  '', '', ( #9097 ) ) ;
#6425 = MECHANICAL_DESIGN_GEOMETRIC_PRESENTATION_REPRESENTATION (  '', ( #192 ), #3619 ) ;
#6426 = LINE ( 'NONE', #7, #6899 ) ;
#6427 =( GEOMETRIC_REPRESENTATION_CONTEXT ( 3 ) GLOBAL_UNCERTAINTY_ASSIGNED_CONTEXT ( ( #1035 ) ) GLOBAL_UNIT_ASSIGNED_CONTEXT ( ( #679, #2166, #9178 ) ) REPRESENTATION_CONTEXT ( 'NONE', 'WORKASPACE' ) );
#6428 = STYLED_ITEM ( 'NONE', ( #4304 ), #3153 ) ;
#6429 = ORIENTED_EDGE ( 'NONE', *, *, #5921, .F. ) ;
#6430 = UNCERTAINTY_MEASURE_WITH_UNIT (LENGTH_MEASURE( 1.000000000000000082E-05 ), #4657, 'distance_accuracy_value', 'NONE');
#6431 = DIRECTION ( 'NONE',  ( -0.0000000000000000000, -0.0000000000000000000, -1.000000000000000000 ) ) ;
#6432 = PRESENTATION_STYLE_ASSIGNMENT (( #8506 ) ) ;
#6433 = ORIENTED_EDGE ( 'NONE', *, *, #7681, .F. ) ;
#6434 = PLANE ( 'NONE',  #2902 ) ;
#6435 = FACE_OUTER_BOUND ( 'NONE', #603, .T. ) ;
#6436 = VECTOR ( 'NONE', #713, 1000.000000000000000 ) ;
#6437 = STYLED_ITEM ( 'NONE', ( #527 ), #3302 ) ;
#6438 = LINE ( 'NONE', #67, #2210 ) ;
#6439 = CARTESIAN_POINT ( 'NONE',  ( -2.000000000000000000, 0.9000000000000000222, -2.000000000000000000 ) ) ;
#6440 = PRESENTATION_LAYER_ASSIGNMENT (  '', '', ( #4514 ) ) ;
#6441 = ADVANCED_FACE ( 'NONE', ( #5117 ), #3739, .F. ) ;
#6442 = DIRECTION ( 'NONE',  ( -0.0000000000000000000, -0.0000000000000000000, 1.000000000000000000 ) ) ;
#6443 = SURFACE_STYLE_USAGE ( .BOTH. , #2162 ) ;
#6444 = AXIS2_PLACEMENT_3D ( 'NONE', #3249, #2609, #429 ) ;
#6445 = UNCERTAINTY_MEASURE_WITH_UNIT (LENGTH_MEASURE( 1.000000000000000082E-05 ), #7302, 'distance_accuracy_value', 'NONE');
#6446 = CARTESIAN_POINT ( 'NONE',  ( -2.000000000000000000, 0.2024999999999999856, 0.1349999999999997036 ) ) ;
#6447 = ORIENTED_EDGE ( 'NONE', *, *, #7069, .T. ) ;
#6448 = EDGE_LOOP ( 'NONE', ( #6651, #8914, #3399, #4968 ) ) ;
#6449 = CARTESIAN_POINT ( 'NONE',  ( -0.1349999999999995925, 0.002499999999999998317, -2.000000000000000000 ) ) ;
#6450 = FACE_OUTER_BOUND ( 'NONE', #5690, .T. ) ;
#6451 = EDGE_CURVE ( 'NONE', #875, #7818, #8923, .T. ) ;
#6452 = DIRECTION ( 'NONE',  ( -0.0000000000000000000, -1.000000000000000000, -0.0000000000000000000 ) ) ;
#6453 = CARTESIAN_POINT ( 'NONE',  ( 0.8650000000000004352, 0.002500000000000015231, 2.000000000000000000 ) ) ;
#6454 = VECTOR ( 'NONE', #1193, 1000.000000000000000 ) ;
#6455 = CARTESIAN_POINT ( 'NONE',  ( -0.3649999999999995470, -1.487762787917389017E-18, -1.600000000000000089 ) ) ;
#6456 = PLANE ( 'NONE',  #3984 ) ;
#6457 = ORIENTED_EDGE ( 'NONE', *, *, #7802, .T. ) ;
#6458 = SURFACE_STYLE_FILL_AREA ( #224 ) ;
#6459 =( NAMED_UNIT ( * ) SI_UNIT ( $, .STERADIAN. ) SOLID_ANGLE_UNIT ( ) );
#6460 = VECTOR ( 'NONE', #7721, 1000.000000000000114 ) ;
#6461 = ORIENTED_EDGE ( 'NONE', *, *, #2233, .T. ) ;
#6462 = FILL_AREA_STYLE ('',( #5110 ) ) ;
#6463 = ORIENTED_EDGE ( 'NONE', *, *, #1488, .F. ) ;
#6464 = FILL_AREA_STYLE_COLOUR ( '', #4299 ) ;
#6465 = SURFACE_STYLE_USAGE ( .BOTH. , #6552 ) ;
#6466 =( GEOMETRIC_REPRESENTATION_CONTEXT ( 3 ) GLOBAL_UNCERTAINTY_ASSIGNED_CONTEXT ( ( #7473 ) ) GLOBAL_UNIT_ASSIGNED_CONTEXT ( ( #8394, #2511, #6507 ) ) REPRESENTATION_CONTEXT ( 'NONE', 'WORKASPACE' ) );
#6467 = SURFACE_STYLE_USAGE ( .BOTH. , #7944 ) ;
#6468 = DIRECTION ( 'NONE',  ( 1.000000000000000000, 0.0000000000000000000, 0.0000000000000000000 ) ) ;
#6469 = VECTOR ( 'NONE', #523, 1000.000000000000000 ) ;
#6470 = LINE ( 'NONE', #7947, #5672 ) ;
#6471 = STYLED_ITEM ( 'NONE', ( #2841 ), #8589 ) ;
#6472 = LINE ( 'NONE', #1576, #1360 ) ;
#6473 = VERTEX_POINT ( 'NONE', #3089 ) ;
#6474 = PRESENTATION_STYLE_ASSIGNMENT (( #4471 ) ) ;
#6475 = CARTESIAN_POINT ( 'NONE',  ( -1.250000000000000000, 0.0005000000000000003357, 1.250000000000000000 ) ) ;
#6476 = LINE ( 'NONE', #7954, #2623 ) ;
#6477 = FACE_OUTER_BOUND ( 'NONE', #498, .T. ) ;
#6478 = PRESENTATION_STYLE_ASSIGNMENT (( #706 ) ) ;
#6479 = ADVANCED_FACE ( 'NONE', ( #5295 ), #7375, .T. ) ;
#6480 = CARTESIAN_POINT ( 'NONE',  ( -2.001999999999999780, 0.2025000000000000133, -0.1350000000000001477 ) ) ;
#6481 = VERTEX_POINT ( 'NONE', #8085 ) ;
#6482 = SURFACE_STYLE_USAGE ( .BOTH. , #248 ) ;
#6483 = ORIENTED_EDGE ( 'NONE', *, *, #3001, .F. ) ;
#6484 = LINE ( 'NONE', #5812, #5670 ) ;
#6485 =( NAMED_UNIT ( * ) PLANE_ANGLE_UNIT ( ) SI_UNIT ( $, .RADIAN. ) );
#6486 = CARTESIAN_POINT ( 'NONE',  ( -0.8649999999999996581, 0.1999999999999999833, 2.001999999999999780 ) ) ;
#6487 = SURFACE_STYLE_USAGE ( .BOTH. , #1493 ) ;
#6488 = LINE ( 'NONE', #826, #1730 ) ;
#6489 = EDGE_LOOP ( 'NONE', ( #8260, #7677, #3016, #7358 ) ) ;
#6490 = ORIENTED_EDGE ( 'NONE', *, *, #3618, .T. ) ;
#6491 = VERTEX_POINT ( 'NONE', #5209 ) ;
#6492 =( NAMED_UNIT ( * ) SI_UNIT ( $, .STERADIAN. ) SOLID_ANGLE_UNIT ( ) );
#6493 = DIRECTION ( 'NONE',  ( 0.0000000000000000000, 1.000000000000000000, 0.0000000000000000000 ) ) ;
#6494 = FILL_AREA_STYLE ('',( #7785 ) ) ;
#6495 = FACE_OUTER_BOUND ( 'NONE', #5364, .T. ) ;
#6496 = CARTESIAN_POINT ( 'NONE',  ( -1.134999999999999787, 0.002499999999999995715, -2.000000000000000000 ) ) ;
#6497 = SURFACE_STYLE_FILL_AREA ( #5590 ) ;
#6498 = ORIENTED_EDGE ( 'NONE', *, *, #7691, .F. ) ;
#6499 = SURFACE_SIDE_STYLE ('',( #6458 ) ) ;
#6500 = FACE_OUTER_BOUND ( 'NONE', #4850, .T. ) ;
#6501 = ORIENTED_EDGE ( 'NONE', *, *, #5363, .T. ) ;
#6502 = DIRECTION ( 'NONE',  ( 4.065758146820642614E-16, -0.0000000000000000000, 1.000000000000000000 ) ) ;
#6503 = EDGE_CURVE ( 'NONE', #1281, #2728, #185, .T. ) ;
#6504 = EDGE_CURVE ( 'NONE', #7883, #8281, #1768, .T. ) ;
#6505 = ORIENTED_EDGE ( 'NONE', *, *, #6188, .T. ) ;
#6506 = LINE ( 'NONE', #2962, #3843 ) ;
#6507 =( NAMED_UNIT ( * ) SI_UNIT ( $, .STERADIAN. ) SOLID_ANGLE_UNIT ( ) );
#6508 = PRESENTATION_STYLE_ASSIGNMENT (( #6467 ) ) ;
#6509 = SURFACE_STYLE_FILL_AREA ( #5745 ) ;
#6510 = DIRECTION ( 'NONE',  ( 0.0000000000000000000, -1.000000000000000000, 0.0000000000000000000 ) ) ;
#6511 = SURFACE_SIDE_STYLE ('',( #3699 ) ) ;
#6512 = ORIENTED_EDGE ( 'NONE', *, *, #1123, .F. ) ;
#6513 = LINE ( 'NONE', #5121, #4748 ) ;
#6514 = ORIENTED_EDGE ( 'NONE', *, *, #6906, .F. ) ;
#6515 = PLANE ( 'NONE',  #8459 ) ;
#6516 = PLANE ( 'NONE',  #7327 ) ;
#6517 = ADVANCED_FACE ( 'NONE', ( #2553 ), #5339, .T. ) ;
#6518 = EDGE_CURVE ( 'NONE', #6793, #2122, #4832, .T. ) ;
#6519 = CARTESIAN_POINT ( 'NONE',  ( -0.6349999999999995648, 0.1999999999999999833, 2.000000000000000000 ) ) ;
#6520 = CARTESIAN_POINT ( 'NONE',  ( -2.000000000000000000, 0.002500000000000000052, -0.1350000000000001477 ) ) ;
#6521 = DIRECTION ( 'NONE',  ( -2.710505431213761578E-16, 0.0000000000000000000, 1.000000000000000000 ) ) ;
#6522 = FACE_OUTER_BOUND ( 'NONE', #2350, .T. ) ;
#6523 = ORIENTED_EDGE ( 'NONE', *, *, #6801, .T. ) ;
#6524 =( NAMED_UNIT ( * ) SI_UNIT ( $, .STERADIAN. ) SOLID_ANGLE_UNIT ( ) );
#6525 = DIRECTION ( 'NONE',  ( 1.000000000000000000, 0.0000000000000000000, 0.0000000000000000000 ) ) ;
#6526 = VECTOR ( 'NONE', #6831, 1000.000000000000000 ) ;
#6527 = EDGE_CURVE ( 'NONE', #6821, #678, #586, .T. ) ;
#6528 = ORIENTED_EDGE ( 'NONE', *, *, #6258, .T. ) ;
#6529 = DIRECTION ( 'NONE',  ( 4.065758146820642614E-16, -0.0000000000000000000, 1.000000000000000000 ) ) ;
#6530 =( NAMED_UNIT ( * ) SI_UNIT ( $, .STERADIAN. ) SOLID_ANGLE_UNIT ( ) );
#6531 = CARTESIAN_POINT ( 'NONE',  ( 2.000000000000000000, 0.0000000000000000000, -1.135000000000000009 ) ) ;
#6532 = PLANE ( 'NONE',  #8474 ) ;
#6533 = VECTOR ( 'NONE', #3230, 1000.000000000000000 ) ;
#6534 = VECTOR ( 'NONE', #4558, 1000.000000000000000 ) ;
#6535 = CARTESIAN_POINT ( 'NONE',  ( 2.001999999999999780, 0.002500000000000000052, -1.135000000000000231 ) ) ;
#6536 = UNCERTAINTY_MEASURE_WITH_UNIT (LENGTH_MEASURE( 1.000000000000000082E-05 ), #3829, 'distance_accuracy_value', 'NONE');
#6537 = FILL_AREA_STYLE ('',( #1650 ) ) ;
#6538 = VERTEX_POINT ( 'NONE', #3446 ) ;
#6539 = ORIENTED_EDGE ( 'NONE', *, *, #549, .T. ) ;
#6540 = ORIENTED_EDGE ( 'NONE', *, *, #3510, .F. ) ;
#6541 = DIRECTION ( 'NONE',  ( -0.0000000000000000000, -1.000000000000000000, -0.0000000000000000000 ) ) ;
#6542 = COLOUR_RGB ( '',1.000000000000000000, 1.000000000000000000, 1.000000000000000000 ) ;
#6543 = DIRECTION ( 'NONE',  ( -0.0000000000000000000, -0.0000000000000000000, -1.000000000000000000 ) ) ;
#6544 = VECTOR ( 'NONE', #3102, 1000.000000000000000 ) ;
#6545 = FACE_OUTER_BOUND ( 'NONE', #8517, .T. ) ;
#6546 = CARTESIAN_POINT ( 'NONE',  ( 2.000000000000000000, 0.002500000000000000052, -0.1350000000000000089 ) ) ;
#6547 = VERTEX_POINT ( 'NONE', #2035 ) ;
#6548 = LINE ( 'NONE', #2321, #4754 ) ;
#6549 = ORIENTED_EDGE ( 'NONE', *, *, #1423, .T. ) ;
#6550 = CARTESIAN_POINT ( 'NONE',  ( -2.000000000000000000, 0.0000000000000000000, 1.365000000000000213 ) ) ;
#6551 = ORIENTED_EDGE ( 'NONE', *, *, #902, .F. ) ;
#6552 = SURFACE_SIDE_STYLE ('',( #88 ) ) ;
#6553 = CARTESIAN_POINT ( 'NONE',  ( -1.600000000000000089, 0.0000000000000000000, -0.6350000000000000089 ) ) ;
#6554 = PRESENTATION_STYLE_ASSIGNMENT (( #8630 ) ) ;
#6555 =( NAMED_UNIT ( * ) PLANE_ANGLE_UNIT ( ) SI_UNIT ( $, .RADIAN. ) );
#6556 = FILL_AREA_STYLE_COLOUR ( '', #4343 ) ;
#6557 = LINE ( 'NONE', #942, #1425 ) ;
#6558 = CARTESIAN_POINT ( 'NONE',  ( 0.8650000000000004352, 0.2000000000000000389, 2.000000000000000000 ) ) ;
#6559 = LINE ( 'NONE', #7287, #9043 ) ;
#6560 = VERTEX_POINT ( 'NONE', #6255 ) ;
#6561 = DIRECTION ( 'NONE',  ( 0.0000000000000000000, -0.0000000000000000000, 1.000000000000000000 ) ) ;
#6562 = PRESENTATION_STYLE_ASSIGNMENT (( #5022 ) ) ;
#6563 = AXIS2_PLACEMENT_3D ( 'NONE', #5399, #4717, #6964 ) ;
#6564 = COLOUR_RGB ( '',1.000000000000000000, 1.000000000000000000, 1.000000000000000000 ) ;
#6565 =( NAMED_UNIT ( * ) PLANE_ANGLE_UNIT ( ) SI_UNIT ( $, .RADIAN. ) );
#6566 = COLOUR_RGB ( '',1.000000000000000000, 1.000000000000000000, 1.000000000000000000 ) ;
#6567 = AXIS2_PLACEMENT_3D ( 'NONE', #8489, #4325, #2820 ) ;
#6568 = EDGE_CURVE ( 'NONE', #7312, #37, #8269, .T. ) ;
#6569 = EDGE_LOOP ( 'NONE', ( #2708, #6195, #5546, #838 ) ) ;
#6570 = VECTOR ( 'NONE', #778, 1000.000000000000000 ) ;
#6571 = LINE ( 'NONE', #8003, #4806 ) ;
#6572 = ORIENTED_EDGE ( 'NONE', *, *, #3076, .F. ) ;
#6573 = PRESENTATION_LAYER_ASSIGNMENT (  '', '', ( #2891 ) ) ;
#6574 = VECTOR ( 'NONE', #2135, 1000.000000000000000 ) ;
#6575 = CARTESIAN_POINT ( 'NONE',  ( 0.1350000000000004530, 0.002500000000000000052, 1.600000000000000089 ) ) ;
#6576 = STYLED_ITEM ( 'NONE', ( #2544 ), #2958 ) ;
#6577 = SURFACE_STYLE_FILL_AREA ( #7261 ) ;
#6578 = FACE_OUTER_BOUND ( 'NONE', #5463, .T. ) ;
#6579 = CARTESIAN_POINT ( 'NONE',  ( -1.134999999999999787, 0.1999999999999999556, -2.001999999999999780 ) ) ;
#6580 = AXIS2_PLACEMENT_3D ( 'NONE', #1099, #1042, #1002 ) ;
#6581 =( NAMED_UNIT ( * ) SI_UNIT ( $, .STERADIAN. ) SOLID_ANGLE_UNIT ( ) );
#6582 = VERTEX_POINT ( 'NONE', #2078 ) ;
#6583 =( GEOMETRIC_REPRESENTATION_CONTEXT ( 3 ) GLOBAL_UNCERTAINTY_ASSIGNED_CONTEXT ( ( #3932 ) ) GLOBAL_UNIT_ASSIGNED_CONTEXT ( ( #3813, #109, #1535 ) ) REPRESENTATION_CONTEXT ( 'NONE', 'WORKASPACE' ) );
#6584 = CARTESIAN_POINT ( 'NONE',  ( 1.365000000000000435, 0.2000000000000000389, 2.001999999999999780 ) ) ;
#6585 =( GEOMETRIC_REPRESENTATION_CONTEXT ( 3 ) GLOBAL_UNCERTAINTY_ASSIGNED_CONTEXT ( ( #4303 ) ) GLOBAL_UNIT_ASSIGNED_CONTEXT ( ( #5237, #3902, #6055 ) ) REPRESENTATION_CONTEXT ( 'NONE', 'WORKASPACE' ) );
#6586 = ORIENTED_EDGE ( 'NONE', *, *, #4540, .F. ) ;
#6587 = VERTEX_POINT ( 'NONE', #7658 ) ;
#6588 = MECHANICAL_DESIGN_GEOMETRIC_PRESENTATION_REPRESENTATION (  '', ( #5398 ), #6736 ) ;
#6589 = FILL_AREA_STYLE_COLOUR ( '', #6564 ) ;
#6590 =( NAMED_UNIT ( * ) SI_UNIT ( $, .STERADIAN. ) SOLID_ANGLE_UNIT ( ) );
#6591 =( GEOMETRIC_REPRESENTATION_CONTEXT ( 3 ) GLOBAL_UNCERTAINTY_ASSIGNED_CONTEXT ( ( #1147 ) ) GLOBAL_UNIT_ASSIGNED_CONTEXT ( ( #3564, #613, #4994 ) ) REPRESENTATION_CONTEXT ( 'NONE', 'WORKASPACE' ) );
#6592 = CARTESIAN_POINT ( 'NONE',  ( -2.000000000000000000, 0.2024999999999999856, 1.364999999999999991 ) ) ;
#6593 = SURFACE_SIDE_STYLE ('',( #3036 ) ) ;
#6594 = ORIENTED_EDGE ( 'NONE', *, *, #1785, .F. ) ;
#6595 = VECTOR ( 'NONE', #8837, 1000.000000000000000 ) ;
#6596 = DIRECTION ( 'NONE',  ( -1.000000000000000000, 0.0000000000000000000, -0.0000000000000000000 ) ) ;
#6597 = FILL_AREA_STYLE_COLOUR ( '', #7410 ) ;
#6598 = EDGE_LOOP ( 'NONE', ( #3720, #5213, #4643, #5558 ) ) ;
#6599 = LINE ( 'NONE', #8729, #933 ) ;
#6600 = VECTOR ( 'NONE', #9030, 1000.000000000000000 ) ;
#6601 =( NAMED_UNIT ( * ) SI_UNIT ( $, .STERADIAN. ) SOLID_ANGLE_UNIT ( ) );
#6602 = MECHANICAL_DESIGN_GEOMETRIC_PRESENTATION_REPRESENTATION (  '', ( #1588 ), #9118 ) ;
#6603 = LINE ( 'NONE', #6035, #1882 ) ;
#6604 = VECTOR ( 'NONE', #2467, 1000.000000000000000 ) ;
#6605 = UNCERTAINTY_MEASURE_WITH_UNIT (LENGTH_MEASURE( 1.000000000000000082E-05 ), #1891, 'distance_accuracy_value', 'NONE');
#6606 = DIRECTION ( 'NONE',  ( -0.0000000000000000000, -1.000000000000000000, -0.0000000000000000000 ) ) ;
#6607 = VERTEX_POINT ( 'NONE', #4098 ) ;
#6608 = SURFACE_STYLE_FILL_AREA ( #5168 ) ;
#6609 = COLOUR_RGB ( '',1.000000000000000000, 1.000000000000000000, 1.000000000000000000 ) ;
#6610 = FILL_AREA_STYLE ('',( #7482 ) ) ;
#6611 = CARTESIAN_POINT ( 'NONE',  ( 0.3650000000000004352, 0.002500000000000000052, 2.000000000000000000 ) ) ;
#6612 = EDGE_CURVE ( 'NONE', #8622, #7436, #8346, .T. ) ;
#6613 = CARTESIAN_POINT ( 'NONE',  ( 0.6350000000000004530, 1.487762787917389017E-18, -1.600000000000000089 ) ) ;
#6614 = STYLED_ITEM ( 'NONE', ( #5674 ), #4756 ) ;
#6615 = CARTESIAN_POINT ( 'NONE',  ( -0.1349999999999995925, 0.002499999999999998317, -1.600000000000000089 ) ) ;
#6616 = SURFACE_STYLE_USAGE ( .BOTH. , #7249 ) ;
#6617 = COLOUR_RGB ( '',1.000000000000000000, 1.000000000000000000, 1.000000000000000000 ) ;
#6618 = LINE ( 'NONE', #194, #4263 ) ;
#6619 = UNCERTAINTY_MEASURE_WITH_UNIT (LENGTH_MEASURE( 1.000000000000000082E-05 ), #8204, 'distance_accuracy_value', 'NONE');
#6620 = ORIENTED_EDGE ( 'NONE', *, *, #7936, .T. ) ;
#6621 = UNCERTAINTY_MEASURE_WITH_UNIT (LENGTH_MEASURE( 1.000000000000000082E-05 ), #7616, 'distance_accuracy_value', 'NONE');
#6622 = SURFACE_SIDE_STYLE ('',( #7387 ) ) ;
#6623 = VERTEX_POINT ( 'NONE', #6204 ) ;
#6624 = ADVANCED_FACE ( 'NONE', ( #1184 ), #3370, .T. ) ;
#6625 = EDGE_CURVE ( 'NONE', #8851, #1232, #1411, .T. ) ;
#6626 = DIRECTION ( 'NONE',  ( -1.000000000000000000, 0.0000000000000000000, 0.0000000000000000000 ) ) ;
#6627 = COLOUR_RGB ( '',1.000000000000000000, 1.000000000000000000, 1.000000000000000000 ) ;
#6628 = PRESENTATION_STYLE_ASSIGNMENT (( #2391 ) ) ;
#6629 =( NAMED_UNIT ( * ) PLANE_ANGLE_UNIT ( ) SI_UNIT ( $, .RADIAN. ) );
#6630 = ORIENTED_EDGE ( 'NONE', *, *, #7966, .F. ) ;
#6631 = DIRECTION ( 'NONE',  ( 0.0000000000000000000, 0.0000000000000000000, 1.000000000000000000 ) ) ;
#6633 = EDGE_CURVE ( 'NONE', #8466, #3192, #122, .T. ) ;
#6632 = ORIENTED_EDGE ( 'NONE', *, *, #4741, .T. ) ;
#6634 = DIRECTION ( 'NONE',  ( -1.000000000000000000, -0.0000000000000000000, -0.0000000000000000000 ) ) ;
#6635 = ADVANCED_FACE ( 'NONE', ( #4362 ), #5832, .F. ) ;
#6636 =( NAMED_UNIT ( * ) SI_UNIT ( $, .STERADIAN. ) SOLID_ANGLE_UNIT ( ) );
#6637 = FILL_AREA_STYLE_COLOUR ( '', #3177 ) ;
#6638 = VERTEX_POINT ( 'NONE', #4314 ) ;
#6639 = AXIS2_PLACEMENT_3D ( 'NONE', #4730, #3262, #5373 ) ;
#6640 = FILL_AREA_STYLE ('',( #2955 ) ) ;
#6641 = CARTESIAN_POINT ( 'NONE',  ( 0.3650000000000004352, 0.2000000000000000111, -2.000000000000000000 ) ) ;
#6642 = EDGE_LOOP ( 'NONE', ( #7952, #9046, #1893, #7257 ) ) ;
#6643 = ORIENTED_EDGE ( 'NONE', *, *, #7802, .F. ) ;
#6645 = EDGE_CURVE ( 'NONE', #8695, #8603, #6352, .T. ) ;
#6644 = VERTEX_POINT ( 'NONE', #8523 ) ;
#6646 = DIRECTION ( 'NONE',  ( -1.000000000000000000, 0.0000000000000000000, 0.0000000000000000000 ) ) ;
#6647 = SURFACE_SIDE_STYLE ('',( #1718 ) ) ;
#6648 = DIRECTION ( 'NONE',  ( 0.0000000000000000000, 0.0000000000000000000, 1.000000000000000000 ) ) ;
#6649 = UNCERTAINTY_MEASURE_WITH_UNIT (LENGTH_MEASURE( 1.000000000000000082E-05 ), #2706, 'distance_accuracy_value', 'NONE');
#6650 =( LENGTH_UNIT ( ) NAMED_UNIT ( * ) SI_UNIT ( .MILLI., .METRE. ) );
#6651 = ORIENTED_EDGE ( 'NONE', *, *, #3690, .T. ) ;
#6652 = PLANE ( 'NONE',  #6846 ) ;
#6653 = CARTESIAN_POINT ( 'NONE',  ( -2.001999999999999780, 0.2025000000000000133, 0.6349999999999998979 ) ) ;
#6654 = FILL_AREA_STYLE ('',( #5304 ) ) ;
#6655 = SURFACE_SIDE_STYLE ('',( #8742 ) ) ;
#6656 = DIRECTION ( 'NONE',  ( 1.000000000000000000, 0.0000000000000000000, 0.0000000000000000000 ) ) ;
#6657 = LINE ( 'NONE', #7998, #9183 ) ;
#6658 = ORIENTED_EDGE ( 'NONE', *, *, #5696, .T. ) ;
#6659 = LINE ( 'NONE', #8651, #1522 ) ;
#6660 = VERTEX_POINT ( 'NONE', #8621 ) ;
#6661 = AXIS2_PLACEMENT_3D ( 'NONE', #8015, #8157, #4587 ) ;
#6662 = DIRECTION ( 'NONE',  ( 0.0000000000000000000, 0.0000000000000000000, 1.000000000000000000 ) ) ;
#6663 = DIRECTION ( 'NONE',  ( 1.000000000000000000, 0.0000000000000000000, 0.0000000000000000000 ) ) ;
#6664 = LINE ( 'NONE', #5956, #8378 ) ;
#6665 = SURFACE_STYLE_USAGE ( .BOTH. , #7445 ) ;
#6666 = VECTOR ( 'NONE', #346, 1000.000000000000000 ) ;
#6667 = EDGE_CURVE ( 'NONE', #4699, #5905, #3581, .T. ) ;
#6668 = CARTESIAN_POINT ( 'NONE',  ( 0.6350000000000004530, 0.002500000000000015231, 1.600000000000000089 ) ) ;
#6669 = EDGE_LOOP ( 'NONE', ( #3823, #7683, #1680, #1374 ) ) ;
#6670 = CARTESIAN_POINT ( 'NONE',  ( 2.000000000000000000, 0.002500000000000000052, 0.6349999999999998979 ) ) ;
#6671 = PRESENTATION_LAYER_ASSIGNMENT (  '', '', ( #1675 ) ) ;
#6672 = VECTOR ( 'NONE', #2912, 1000.000000000000000 ) ;
#6673 = SURFACE_SIDE_STYLE ('',( #8819 ) ) ;
#6674 = LINE ( 'NONE', #6151, #2925 ) ;
#6675 = ADVANCED_FACE ( 'NONE', ( #7132 ), #1527, .F. ) ;
#6676 = VERTEX_POINT ( 'NONE', #6520 ) ;
#6677 = VECTOR ( 'NONE', #5887, 1000.000000000000000 ) ;
#6678 = EDGE_CURVE ( 'NONE', #334, #5854, #102, .T. ) ;
#6679 = PLANE ( 'NONE',  #5966 ) ;
#6680 = ORIENTED_EDGE ( 'NONE', *, *, #4250, .T. ) ;
#6681 = ORIENTED_EDGE ( 'NONE', *, *, #6740, .T. ) ;
#6682 = EDGE_LOOP ( 'NONE', ( #4998, #4687, #8829, #4058 ) ) ;
#6683 = VECTOR ( 'NONE', #3144, 1000.000000000000000 ) ;
#6684 = SURFACE_STYLE_FILL_AREA ( #6738 ) ;
#6685 = CARTESIAN_POINT ( 'NONE',  ( -0.1349999999999995925, 0.1999999999999999833, 2.000000000000000000 ) ) ;
#6686 = CARTESIAN_POINT ( 'NONE',  ( 0.6350000000000005640, 0.002500000000000000052, -2.000000000000000000 ) ) ;
#6687 = DIRECTION ( 'NONE',  ( 0.0000000000000000000, 0.0000000000000000000, -1.000000000000000000 ) ) ;
#6688 =( GEOMETRIC_REPRESENTATION_CONTEXT ( 3 ) GLOBAL_UNCERTAINTY_ASSIGNED_CONTEXT ( ( #5473 ) ) GLOBAL_UNIT_ASSIGNED_CONTEXT ( ( #3137, #107, #6524 ) ) REPRESENTATION_CONTEXT ( 'NONE', 'WORKASPACE' ) );
#6689 = CARTESIAN_POINT ( 'NONE',  ( 2.000000000000000000, 0.002500000000000000052, -2.000000000000000000 ) ) ;
#6690 = SURFACE_SIDE_STYLE ('',( #1082 ) ) ;
#6691 = DIRECTION ( 'NONE',  ( 0.0000000000000000000, 0.0000000000000000000, 1.000000000000000000 ) ) ;
#6692 = LINE ( 'NONE', #1805, #5837 ) ;
#6693 = PLANE ( 'NONE',  #6319 ) ;
#6694 = EDGE_CURVE ( 'NONE', #3754, #4700, #7956, .T. ) ;
#6695 = STYLED_ITEM ( 'NONE', ( #6759 ), #5716 ) ;
#6696 = VERTEX_POINT ( 'NONE', #2930 ) ;
#6697 = DIRECTION ( 'NONE',  ( 0.0000000000000000000, -1.000000000000000000, 0.0000000000000000000 ) ) ;
#6698 = VERTEX_POINT ( 'NONE', #3705 ) ;
#6699 = COLOUR_RGB ( '',1.000000000000000000, 1.000000000000000000, 1.000000000000000000 ) ;
#6700 = PRESENTATION_STYLE_ASSIGNMENT (( #539 ) ) ;
#6701 = DIRECTION ( 'NONE',  ( 0.0000000000000000000, 0.0000000000000000000, -1.000000000000000000 ) ) ;
#6702 = LINE ( 'NONE', #1096, #1253 ) ;
#6703 = FACE_OUTER_BOUND ( 'NONE', #6642, .T. ) ;
#6704 = VECTOR ( 'NONE', #7608, 1000.000000000000000 ) ;
#6705 = CARTESIAN_POINT ( 'NONE',  ( 2.001999999999999780, 0.2025000000000000133, 0.6349999999999998979 ) ) ;
#6706 = ORIENTED_EDGE ( 'NONE', *, *, #6325, .F. ) ;
#6707 = UNCERTAINTY_MEASURE_WITH_UNIT (LENGTH_MEASURE( 1.000000000000000082E-05 ), #6289, 'distance_accuracy_value', 'NONE');
#6708 = ORIENTED_EDGE ( 'NONE', *, *, #5391, .F. ) ;
#6709 = CARTESIAN_POINT ( 'NONE',  ( 1.135000000000000453, 2.980301110709575655E-17, 2.000000000000000000 ) ) ;
#6710 = CARTESIAN_POINT ( 'NONE',  ( -2.001999999999999780, 0.2025000000000000133, 0.1349999999999998701 ) ) ;
#6711 = MECHANICAL_DESIGN_GEOMETRIC_PRESENTATION_REPRESENTATION (  '', ( #1704 ), #7888 ) ;
#6712 = STYLED_ITEM ( 'NONE', ( #4815 ), #6218 ) ;
#6713 = DIRECTION ( 'NONE',  ( 0.0000000000000000000, 1.000000000000000000, 0.0000000000000000000 ) ) ;
#6714 = PLANE ( 'NONE',  #1607 ) ;
#6715 = VECTOR ( 'NONE', #2568, 1000.000000000000000 ) ;
#6716 = FILL_AREA_STYLE ('',( #5873 ) ) ;
#6717 = VECTOR ( 'NONE', #1320, 1000.000000000000000 ) ;
#6718 = DIRECTION ( 'NONE',  ( 1.000000000000000000, 0.0000000000000000000, 4.065758146820642614E-16 ) ) ;
#6719 = STYLED_ITEM ( 'NONE', ( #48 ), #6396 ) ;
#6720 = ORIENTED_EDGE ( 'NONE', *, *, #1612, .F. ) ;
#6721 = FACE_OUTER_BOUND ( 'NONE', #8166, .T. ) ;
#6722 = DIRECTION ( 'NONE',  ( 0.0000000000000000000, 0.0000000000000000000, 1.000000000000000000 ) ) ;
#6723 = EDGE_CURVE ( 'NONE', #7818, #4734, #2828, .T. ) ;
#6724 = PRESENTATION_STYLE_ASSIGNMENT (( #4546 ) ) ;
#6725 = AXIS2_PLACEMENT_3D ( 'NONE', #5104, #3155, #3828 ) ;
#6726 = VECTOR ( 'NONE', #858, 1000.000000000000000 ) ;
#6727 = LINE ( 'NONE', #7456, #8491 ) ;
#6728 = LINE ( 'NONE', #1758, #8834 ) ;
#6729 =( GEOMETRIC_REPRESENTATION_CONTEXT ( 3 ) GLOBAL_UNCERTAINTY_ASSIGNED_CONTEXT ( ( #2304 ) ) GLOBAL_UNIT_ASSIGNED_CONTEXT ( ( #1358, #2213, #7040 ) ) REPRESENTATION_CONTEXT ( 'NONE', 'WORKASPACE' ) );
#6730 =( GEOMETRIC_REPRESENTATION_CONTEXT ( 3 ) GLOBAL_UNCERTAINTY_ASSIGNED_CONTEXT ( ( #7180 ) ) GLOBAL_UNIT_ASSIGNED_CONTEXT ( ( #8114, #8201, #2434 ) ) REPRESENTATION_CONTEXT ( 'NONE', 'WORKASPACE' ) );
#6731 = ORIENTED_EDGE ( 'NONE', *, *, #3347, .T. ) ;
#6732 = LINE ( 'NONE', #3216, #7009 ) ;
#6733 = SURFACE_STYLE_USAGE ( .BOTH. , #5926 ) ;
#6734 = ORIENTED_EDGE ( 'NONE', *, *, #2707, .T. ) ;
#6735 = ORIENTED_EDGE ( 'NONE', *, *, #8722, .F. ) ;
#6736 =( GEOMETRIC_REPRESENTATION_CONTEXT ( 3 ) GLOBAL_UNCERTAINTY_ASSIGNED_CONTEXT ( ( #8940 ) ) GLOBAL_UNIT_ASSIGNED_CONTEXT ( ( #8141, #113, #3024 ) ) REPRESENTATION_CONTEXT ( 'NONE', 'WORKASPACE' ) );
#6737 = ORIENTED_EDGE ( 'NONE', *, *, #707, .F. ) ;
#6738 = FILL_AREA_STYLE ('',( #5381 ) ) ;
#6739 = CARTESIAN_POINT ( 'NONE',  ( -0.3649999999999995470, 0.002499999999999998317, -1.600000000000000089 ) ) ;
#6740 = EDGE_CURVE ( 'NONE', #3218, #4260, #2240, .T. ) ;
#6741 = SURFACE_SIDE_STYLE ('',( #4706 ) ) ;
#6742 = VECTOR ( 'NONE', #1533, 1000.000000000000000 ) ;
#6743 = EDGE_CURVE ( 'NONE', #3624, #1076, #2199, .T. ) ;
#6744 =( LENGTH_UNIT ( ) NAMED_UNIT ( * ) SI_UNIT ( .MILLI., .METRE. ) );
#6745 = AXIS2_PLACEMENT_3D ( 'NONE', #182, #2554, #4468 ) ;
#6746 = FACE_OUTER_BOUND ( 'NONE', #7674, .T. ) ;
#6747 = ORIENTED_EDGE ( 'NONE', *, *, #5751, .T. ) ;
#6748 = CARTESIAN_POINT ( 'NONE',  ( 1.499999999999999778, 0.8979999999999999094, -1.600000000000000089 ) ) ;
#6749 = STYLED_ITEM ( 'NONE', ( #6932 ), #4296 ) ;
#6750 = ORIENTED_EDGE ( 'NONE', *, *, #499, .T. ) ;
#6751 = VECTOR ( 'NONE', #5264, 1000.000000000000000 ) ;
#6752 = DIRECTION ( 'NONE',  ( 1.000000000000000000, 0.0000000000000000000, 0.0000000000000000000 ) ) ;
#6753 = DIRECTION ( 'NONE',  ( 0.0000000000000000000, 0.0000000000000000000, 1.000000000000000000 ) ) ;
#6754 = SURFACE_STYLE_FILL_AREA ( #7611 ) ;
#6755 = LINE ( 'NONE', #3183, #3353 ) ;
#6756 = EDGE_CURVE ( 'NONE', #436, #2374, #2973, .T. ) ;
#6757 = CARTESIAN_POINT ( 'NONE',  ( -1.600000000000000089, 0.0000000000000000000, -1.365000000000000213 ) ) ;
#6758 = PRESENTATION_STYLE_ASSIGNMENT (( #2558 ) ) ;
#6759 = PRESENTATION_STYLE_ASSIGNMENT (( #5221 ) ) ;
#6760 = EDGE_CURVE ( 'NONE', #7530, #1059, #3520, .T. ) ;
#6761 = SURFACE_SIDE_STYLE ('',( #2250 ) ) ;
#6762 = CARTESIAN_POINT ( 'NONE',  ( 0.3650000000000004352, 0.2000000000000000111, -2.001999999999999780 ) ) ;
#6763 = DIRECTION ( 'NONE',  ( -1.000000000000000000, 0.0000000000000000000, 0.0000000000000000000 ) ) ;
#6764 = ORIENTED_EDGE ( 'NONE', *, *, #8781, .F. ) ;
#6765 = ADVANCED_FACE ( 'NONE', ( #8451 ), #5027, .F. ) ;
#6766 = VECTOR ( 'NONE', #2047, 1000.000000000000000 ) ;
#6767 =( LENGTH_UNIT ( ) NAMED_UNIT ( * ) SI_UNIT ( .MILLI., .METRE. ) );
#6768 = FILL_AREA_STYLE_COLOUR ( '', #1154 ) ;
#6769 = SURFACE_STYLE_FILL_AREA ( #5961 ) ;
#6770 = ORIENTED_EDGE ( 'NONE', *, *, #4473, .F. ) ;
#6771 =( LENGTH_UNIT ( ) NAMED_UNIT ( * ) SI_UNIT ( .MILLI., .METRE. ) );
#6772 = AXIS2_PLACEMENT_3D ( 'NONE', #4279, #2137, #5792 ) ;
#6773 = SURFACE_STYLE_FILL_AREA ( #1125 ) ;
#6774 = FILL_AREA_STYLE_COLOUR ( '', #6609 ) ;
#6775 = VERTEX_POINT ( 'NONE', #7108 ) ;
#6776 = CARTESIAN_POINT ( 'NONE',  ( 1.365000000000000435, 0.002500000000000003088, -2.000000000000000000 ) ) ;
#6777 = ORIENTED_EDGE ( 'NONE', *, *, #5420, .F. ) ;
#6778 = ORIENTED_EDGE ( 'NONE', *, *, #6044, .T. ) ;
#6779 = VECTOR ( 'NONE', #2266, 1000.000000000000000 ) ;
#6780 = ORIENTED_EDGE ( 'NONE', *, *, #5421, .T. ) ;
#6781 =( LENGTH_UNIT ( ) NAMED_UNIT ( * ) SI_UNIT ( .MILLI., .METRE. ) );
#6782 = DIRECTION ( 'NONE',  ( 0.0000000000000000000, 0.0000000000000000000, 1.000000000000000000 ) ) ;
#6783 = SURFACE_STYLE_FILL_AREA ( #2758 ) ;
#6784 = CARTESIAN_POINT ( 'NONE',  ( -2.000000000000000000, 0.002500000000000000052, 0.8649999999999998801 ) ) ;
#6785 = CARTESIAN_POINT ( 'NONE',  ( -1.134999999999999787, -4.470451666064363791E-17, -2.001999999999999780 ) ) ;
#6786 = FILL_AREA_STYLE_COLOUR ( '', #7505 ) ;
#6787 = COLOUR_RGB ( '',1.000000000000000000, 1.000000000000000000, 1.000000000000000000 ) ;
#6788 = EDGE_CURVE ( 'NONE', #6676, #8874, #5077, .T. ) ;
#6789 = UNCERTAINTY_MEASURE_WITH_UNIT (LENGTH_MEASURE( 1.000000000000000082E-05 ), #5493, 'distance_accuracy_value', 'NONE');
#6790 = EDGE_CURVE ( 'NONE', #8603, #6793, #3010, .T. ) ;
#6791 = LINE ( 'NONE', #3883, #7404 ) ;
#6792 = APPLICATION_CONTEXT ( 'automotive_design' ) ;
#6793 = VERTEX_POINT ( 'NONE', #1814 ) ;
#6794 = LINE ( 'NONE', #2463, #4042 ) ;
#6795 = ADVANCED_FACE ( 'NONE', ( #4618 ), #4526, .T. ) ;
#6796 = CARTESIAN_POINT ( 'NONE',  ( -2.000000000000000000, 0.002500000000000000052, -2.000000000000000000 ) ) ;
#6797 = CARTESIAN_POINT ( 'NONE',  ( 2.001999999999999780, 0.2025000000000000133, 1.364999999999999991 ) ) ;
#6798 = CARTESIAN_POINT ( 'NONE',  ( -2.001999999999999780, 0.2025000000000000133, -1.365000000000000213 ) ) ;
#6799 =( NAMED_UNIT ( * ) SI_UNIT ( $, .STERADIAN. ) SOLID_ANGLE_UNIT ( ) );
#6800 = CARTESIAN_POINT ( 'NONE',  ( 2.000000000000000000, 0.0000000000000000000, -0.6350000000000000089 ) ) ;
#6801 = EDGE_CURVE ( 'NONE', #6821, #6560, #7345, .T. ) ;
#6802 = CARTESIAN_POINT ( 'NONE',  ( -0.6349999999999995648, 0.002499999999999997450, -2.000000000000000000 ) ) ;
#6803 = ORIENTED_EDGE ( 'NONE', *, *, #6568, .T. ) ;
#6804 = FACE_OUTER_BOUND ( 'NONE', #7369, .T. ) ;
#6805 = ADVANCED_FACE ( 'NONE', ( #3055 ), #3750, .F. ) ;
#6806 = PLANE ( 'NONE',  #2602 ) ;
#6807 =( NAMED_UNIT ( * ) SI_UNIT ( $, .STERADIAN. ) SOLID_ANGLE_UNIT ( ) );
#6808 =( NAMED_UNIT ( * ) SI_UNIT ( $, .STERADIAN. ) SOLID_ANGLE_UNIT ( ) );
#6809 = ADVANCED_FACE ( 'NONE', ( #7296 ), #956, .T. ) ;
#6810 = UNCERTAINTY_MEASURE_WITH_UNIT (LENGTH_MEASURE( 1.000000000000000082E-05 ), #5256, 'distance_accuracy_value', 'NONE');
#6811 = DIRECTION ( 'NONE',  ( -1.000000000000000000, 0.0000000000000000000, 0.0000000000000000000 ) ) ;
#6812 = ORIENTED_EDGE ( 'NONE', *, *, #943, .F. ) ;
#6813 =( NAMED_UNIT ( * ) SI_UNIT ( $, .STERADIAN. ) SOLID_ANGLE_UNIT ( ) );
#6814 = STYLED_ITEM ( 'NONE', ( #4675 ), #957 ) ;
#6815 =( NAMED_UNIT ( * ) PLANE_ANGLE_UNIT ( ) SI_UNIT ( $, .RADIAN. ) );
#6816 = FACE_OUTER_BOUND ( 'NONE', #788, .T. ) ;
#6817 = ORIENTED_EDGE ( 'NONE', *, *, #8713, .T. ) ;
#6818 = LINE ( 'NONE', #3264, #348 ) ;
#6819 = EDGE_LOOP ( 'NONE', ( #4455, #5239, #8339, #5547 ) ) ;
#6820 = VECTOR ( 'NONE', #8635, 1000.000000000000000 ) ;
#6821 = VERTEX_POINT ( 'NONE', #1288 ) ;
#6822 =( LENGTH_UNIT ( ) NAMED_UNIT ( * ) SI_UNIT ( .MILLI., .METRE. ) );
#6823 =( LENGTH_UNIT ( ) NAMED_UNIT ( * ) SI_UNIT ( .MILLI., .METRE. ) );
#6824 = LINE ( 'NONE', #3366, #9018 ) ;
#6825 = FILL_AREA_STYLE ('',( #8410 ) ) ;
#6826 = CARTESIAN_POINT ( 'NONE',  ( 0.1350000000000003419, 0.002500000000000006557, -2.000000000000000000 ) ) ;
#6827 = DIRECTION ( 'NONE',  ( 1.000000000000000000, -0.0000000000000000000, -0.0000000000000000000 ) ) ;
#6828 = CARTESIAN_POINT ( 'NONE',  ( 1.365000000000000435, 0.2000000000000000389, 2.001999999999999780 ) ) ;
#6829 = MECHANICAL_DESIGN_GEOMETRIC_PRESENTATION_REPRESENTATION (  '', ( #4894 ), #3889 ) ;
#6830 = ORIENTED_EDGE ( 'NONE', *, *, #4993, .F. ) ;
#6831 = DIRECTION ( 'NONE',  ( -0.0000000000000000000, -1.000000000000000000, -0.0000000000000000000 ) ) ;
#6832 = CARTESIAN_POINT ( 'NONE',  ( 0.3650000000000004352, 0.0000000000000000000, 2.000000000000000000 ) ) ;
#6833 = AXIS2_PLACEMENT_3D ( 'NONE', #2583, #7321, #3833 ) ;
#6834 = CARTESIAN_POINT ( 'NONE',  ( 2.000000000000000000, 0.2025000000000000133, -1.135000000000000231 ) ) ;
#6835 = CARTESIAN_POINT ( 'NONE',  ( 2.001999999999999780, 0.002500000000000000052, 1.364999999999999991 ) ) ;
#6836 = ADVANCED_FACE ( 'NONE', ( #2774 ), #3459, .F. ) ;
#6837 = DIRECTION ( 'NONE',  ( 0.0000000000000000000, 0.0000000000000000000, -1.000000000000000000 ) ) ;
#6838 =( NAMED_UNIT ( * ) SI_UNIT ( $, .STERADIAN. ) SOLID_ANGLE_UNIT ( ) );
#6839 = LINE ( 'NONE', #2606, #3420 ) ;
#6840 = ORIENTED_EDGE ( 'NONE', *, *, #3817, .F. ) ;
#6841 = FILL_AREA_STYLE_COLOUR ( '', #3590 ) ;
#6842 = CARTESIAN_POINT ( 'NONE',  ( -0.1349999999999995925, 0.1999999999999999833, 2.001999999999999780 ) ) ;
#6843 = VECTOR ( 'NONE', #2723, 1000.000000000000000 ) ;
#6844 = SURFACE_SIDE_STYLE ('',( #1920 ) ) ;
#6845 = CARTESIAN_POINT ( 'NONE',  ( 0.8650000000000004352, 0.2000000000000000389, -2.000000000000000000 ) ) ;
#6846 = AXIS2_PLACEMENT_3D ( 'NONE', #1091, #4061, #2642 ) ;
#6847 = EDGE_CURVE ( 'NONE', #8632, #6582, #4019, .T. ) ;
#6848 = ADVANCED_FACE ( 'NONE', ( #9066 ), #1240, .F. ) ;
#6849 =( GEOMETRIC_REPRESENTATION_CONTEXT ( 3 ) GLOBAL_UNCERTAINTY_ASSIGNED_CONTEXT ( ( #4852 ) ) GLOBAL_UNIT_ASSIGNED_CONTEXT ( ( #1227, #543, #3271 ) ) REPRESENTATION_CONTEXT ( 'NONE', 'WORKASPACE' ) );
#6850 = PRESENTATION_LAYER_ASSIGNMENT (  '', '', ( #5498 ) ) ;
#6851 =( NAMED_UNIT ( * ) PLANE_ANGLE_UNIT ( ) SI_UNIT ( $, .RADIAN. ) );
#6852 = DIRECTION ( 'NONE',  ( 0.0000000000000000000, 0.0000000000000000000, 1.000000000000000000 ) ) ;
#6853 = VECTOR ( 'NONE', #698, 1000.000000000000000 ) ;
#6854 = STYLED_ITEM ( 'NONE', ( #7504 ), #6271 ) ;
#6855 = CARTESIAN_POINT ( 'NONE',  ( -2.001999999999999780, 0.002500000000000000052, -1.135000000000000231 ) ) ;
#6856 = PRESENTATION_STYLE_ASSIGNMENT (( #7364 ) ) ;
#6857 =( LENGTH_UNIT ( ) NAMED_UNIT ( * ) SI_UNIT ( .MILLI., .METRE. ) );
#6858 = VECTOR ( 'NONE', #4738, 1000.000000000000000 ) ;
#6859 = VERTEX_POINT ( 'NONE', #8311 ) ;
#6860 = DIRECTION ( 'NONE',  ( 0.0000000000000000000, 0.0000000000000000000, 1.000000000000000000 ) ) ;
#6861 = LINE ( 'NONE', #7113, #308 ) ;
#6862 = ORIENTED_EDGE ( 'NONE', *, *, #8702, .T. ) ;
#6863 = ORIENTED_EDGE ( 'NONE', *, *, #2626, .T. ) ;
#6864 = VERTEX_POINT ( 'NONE', #1997 ) ;
#6865 = LINE ( 'NONE', #6159, #2152 ) ;
#6866 =( GEOMETRIC_REPRESENTATION_CONTEXT ( 3 ) GLOBAL_UNCERTAINTY_ASSIGNED_CONTEXT ( ( #3949 ) ) GLOBAL_UNIT_ASSIGNED_CONTEXT ( ( #2990, #982, #6590 ) ) REPRESENTATION_CONTEXT ( 'NONE', 'WORKASPACE' ) );
#6867 = EDGE_CURVE ( 'NONE', #1722, #2752, #4795, .T. ) ;
#6868 = VECTOR ( 'NONE', #2561, 1000.000000000000000 ) ;
#6869 = DIRECTION ( 'NONE',  ( 1.000000000000000000, -0.0000000000000000000, -0.0000000000000000000 ) ) ;
#6870 = PLANE ( 'NONE',  #466 ) ;
#6871 =( NAMED_UNIT ( * ) SI_UNIT ( $, .STERADIAN. ) SOLID_ANGLE_UNIT ( ) );
#6872 = VECTOR ( 'NONE', #1927, 1000.000000000000000 ) ;
#6873 = CARTESIAN_POINT ( 'NONE',  ( -1.364999999999999547, 0.002499999999999955383, 1.600000000000000089 ) ) ;
#6874 = VERTEX_POINT ( 'NONE', #2275 ) ;
#6875 = ORIENTED_EDGE ( 'NONE', *, *, #4185, .T. ) ;
#6876 = PLANE ( 'NONE',  #3874 ) ;
#6877 =( GEOMETRIC_REPRESENTATION_CONTEXT ( 3 ) GLOBAL_UNCERTAINTY_ASSIGNED_CONTEXT ( ( #7078 ) ) GLOBAL_UNIT_ASSIGNED_CONTEXT ( ( #9080, #4155, #7766 ) ) REPRESENTATION_CONTEXT ( 'NONE', 'WORKASPACE' ) );
#6878 = CARTESIAN_POINT ( 'NONE',  ( -0.6349999999999995648, 0.1999999999999999833, 2.001999999999999780 ) ) ;
#6879 = CARTESIAN_POINT ( 'NONE',  ( 0.3650000000000004352, 0.2000000000000000111, -2.001999999999999780 ) ) ;
#6880 = VECTOR ( 'NONE', #2514, 1000.000000000000000 ) ;
#6881 = DIRECTION ( 'NONE',  ( 0.0000000000000000000, 0.0000000000000000000, 1.000000000000000000 ) ) ;
#6882 =( NAMED_UNIT ( * ) PLANE_ANGLE_UNIT ( ) SI_UNIT ( $, .RADIAN. ) );
#6883 = COLOUR_RGB ( '',1.000000000000000000, 1.000000000000000000, 1.000000000000000000 ) ;
#6884 = ORIENTED_EDGE ( 'NONE', *, *, #219, .T. ) ;
#6885 = UNCERTAINTY_MEASURE_WITH_UNIT (LENGTH_MEASURE( 1.000000000000000082E-05 ), #3287, 'distance_accuracy_value', 'NONE');
#6886 = STYLED_ITEM ( 'NONE', ( #4099 ), #7805 ) ;
#6887 = FACE_OUTER_BOUND ( 'NONE', #3127, .T. ) ;
#6888 = EDGE_CURVE ( 'NONE', #6582, #5784, #8440, .T. ) ;
#6889 = CARTESIAN_POINT ( 'NONE',  ( -1.134999999999999787, 0.002499999999999955383, 2.000000000000000000 ) ) ;
#6890 = AXIS2_PLACEMENT_3D ( 'NONE', #8740, #6701, #1095 ) ;
#6891 = PRESENTATION_LAYER_ASSIGNMENT (  '', '', ( #3190 ) ) ;
#6892 = FACE_OUTER_BOUND ( 'NONE', #8352, .T. ) ;
#6893 = VECTOR ( 'NONE', #5150, 1000.000000000000000 ) ;
#6894 =( GEOMETRIC_REPRESENTATION_CONTEXT ( 3 ) GLOBAL_UNCERTAINTY_ASSIGNED_CONTEXT ( ( #4117 ) ) GLOBAL_UNIT_ASSIGNED_CONTEXT ( ( #5578, #2251, #2161 ) ) REPRESENTATION_CONTEXT ( 'NONE', 'WORKASPACE' ) );
#6895 = EDGE_CURVE ( 'NONE', #334, #5122, #47, .T. ) ;
#6896 = EDGE_CURVE ( 'NONE', #2666, #152, #7846, .T. ) ;
#6897 = ORIENTED_EDGE ( 'NONE', *, *, #4029, .T. ) ;
#6898 = CARTESIAN_POINT ( 'NONE',  ( 1.135000000000000675, 0.002500000000000029976, 1.600000000000000089 ) ) ;
#6899 = VECTOR ( 'NONE', #7109, 1000.000000000000000 ) ;
#6900 = CARTESIAN_POINT ( 'NONE',  ( 2.000000000000000000, 0.002500000000000000052, 0.6350000000000000089 ) ) ;
#6901 = SURFACE_SIDE_STYLE ('',( #7680 ) ) ;
#6902 = AXIS2_PLACEMENT_3D ( 'NONE', #7867, #4253, #918 ) ;
#6903 =( NAMED_UNIT ( * ) SI_UNIT ( $, .STERADIAN. ) SOLID_ANGLE_UNIT ( ) );
#6904 = CARTESIAN_POINT ( 'NONE',  ( -2.001999999999999780, 0.2025000000000000133, 1.364999999999999991 ) ) ;
#6905 = ORIENTED_EDGE ( 'NONE', *, *, #477, .T. ) ;
#6906 = EDGE_CURVE ( 'NONE', #322, #791, #7700, .T. ) ;
#6907 = ORIENTED_EDGE ( 'NONE', *, *, #7749, .T. ) ;
#6908 = ORIENTED_EDGE ( 'NONE', *, *, #5685, .T. ) ;
#6909 = EDGE_CURVE ( 'NONE', #5807, #2777, #2088, .T. ) ;
#6910 = VERTEX_POINT ( 'NONE', #798 ) ;
#6911 =( NAMED_UNIT ( * ) SI_UNIT ( $, .STERADIAN. ) SOLID_ANGLE_UNIT ( ) );
#6912 = PRESENTATION_LAYER_ASSIGNMENT (  '', '', ( #399 ) ) ;
#6913 = PRESENTATION_STYLE_ASSIGNMENT (( #4053 ) ) ;
#6914 = FILL_AREA_STYLE_COLOUR ( '', #3921 ) ;
#6915 = PRESENTATION_STYLE_ASSIGNMENT (( #545 ) ) ;
#6916 = SURFACE_STYLE_FILL_AREA ( #1947 ) ;
#6917 = ORIENTED_EDGE ( 'NONE', *, *, #6144, .T. ) ;
#6918 = SURFACE_STYLE_FILL_AREA ( #1987 ) ;
#6919 = ADVANCED_FACE ( 'NONE', ( #743 ), #2871, .F. ) ;
#6920 =( NAMED_UNIT ( * ) SI_UNIT ( $, .STERADIAN. ) SOLID_ANGLE_UNIT ( ) );
#6921 = ORIENTED_EDGE ( 'NONE', *, *, #1738, .F. ) ;
#6922 = DIRECTION ( 'NONE',  ( 0.0000000000000000000, -1.000000000000000000, 0.0000000000000000000 ) ) ;
#6923 = LINE ( 'NONE', #8983, #3812 ) ;
#6924 = LINE ( 'NONE', #3237, #2776 ) ;
#6925 =( NAMED_UNIT ( * ) SI_UNIT ( $, .STERADIAN. ) SOLID_ANGLE_UNIT ( ) );
#6926 =( NAMED_UNIT ( * ) SI_UNIT ( $, .STERADIAN. ) SOLID_ANGLE_UNIT ( ) );
#6927 = LINE ( 'NONE', #649, #3346 ) ;
#6928 = SURFACE_SIDE_STYLE ('',( #1291 ) ) ;
#6929 = VERTEX_POINT ( 'NONE', #4374 ) ;
#6930 = CARTESIAN_POINT ( 'NONE',  ( 2.001999999999999780, 0.2025000000000000133, 1.364999999999999991 ) ) ;
#6931 = COLOUR_RGB ( '',1.000000000000000000, 1.000000000000000000, 1.000000000000000000 ) ;
#6932 = PRESENTATION_STYLE_ASSIGNMENT (( #6969 ) ) ;
#6933 = FILL_AREA_STYLE_COLOUR ( '', #2862 ) ;
#6934 =( NAMED_UNIT ( * ) SI_UNIT ( $, .STERADIAN. ) SOLID_ANGLE_UNIT ( ) );
#6935 = ORIENTED_EDGE ( 'NONE', *, *, #1187, .F. ) ;
#6936 = CARTESIAN_POINT ( 'NONE',  ( 2.000000000000000000, 0.9000000000000000222, 2.000000000000000000 ) ) ;
#6937 = SURFACE_STYLE_FILL_AREA ( #4769 ) ;
#6938 = EDGE_CURVE ( 'NONE', #623, #2543, #5697, .T. ) ;
#6939 = CARTESIAN_POINT ( 'NONE',  ( 1.250000000000000000, 0.0005000000000000003357, 1.000000000000000000 ) ) ;
#6940 =( LENGTH_UNIT ( ) NAMED_UNIT ( * ) SI_UNIT ( .MILLI., .METRE. ) );
#6941 = ORIENTED_EDGE ( 'NONE', *, *, #5575, .T. ) ;
#6942 = VERTEX_POINT ( 'NONE', #8538 ) ;
#6943 = ORIENTED_EDGE ( 'NONE', *, *, #4289, .F. ) ;
#6944 = ORIENTED_EDGE ( 'NONE', *, *, #3859, .T. ) ;
#6945 = LINE ( 'NONE', #3443, #1214 ) ;
#6946 = LINE ( 'NONE', #4702, #8624 ) ;
#6947 = EDGE_CURVE ( 'NONE', #5990, #669, #3644, .T. ) ;
#6948 = SURFACE_SIDE_STYLE ('',( #4914 ) ) ;
#6949 = ADVANCED_FACE ( 'NONE', ( #90 ), #7750, .F. ) ;
#6950 = PRESENTATION_STYLE_ASSIGNMENT (( #4709 ) ) ;
#6951 = VERTEX_POINT ( 'NONE', #5163 ) ;
#6952 = COLOUR_RGB ( '',1.000000000000000000, 1.000000000000000000, 1.000000000000000000 ) ;
#6953 = VECTOR ( 'NONE', #3234, 1000.000000000000000 ) ;
#6954 =( NAMED_UNIT ( * ) SI_UNIT ( $, .STERADIAN. ) SOLID_ANGLE_UNIT ( ) );
#6955 = ORIENTED_EDGE ( 'NONE', *, *, #8161, .T. ) ;
#6956 = FILL_AREA_STYLE_COLOUR ( '', #6242 ) ;
#6957 = ORIENTED_EDGE ( 'NONE', *, *, #4021, .T. ) ;
#6958 = CARTESIAN_POINT ( 'NONE',  ( 2.000000000000000000, 0.0000000000000000000, 1.135000000000000231 ) ) ;
#6959 = SURFACE_STYLE_FILL_AREA ( #1331 ) ;
#6960 = FILL_AREA_STYLE_COLOUR ( '', #1450 ) ;
#6961 = MECHANICAL_DESIGN_GEOMETRIC_PRESENTATION_REPRESENTATION (  '', ( #4450 ), #8160 ) ;
#6962 = CARTESIAN_POINT ( 'NONE',  ( 1.600000000000000089, 0.0000000000000000000, 1.365000000000000213 ) ) ;
#6963 = ADVANCED_FACE ( 'NONE', ( #4466 ), #4561, .F. ) ;
#6964 = DIRECTION ( 'NONE',  ( 0.0000000000000000000, 0.0000000000000000000, 1.000000000000000000 ) ) ;
#6965 = FACE_OUTER_BOUND ( 'NONE', #4227, .T. ) ;
#6966 = ORIENTED_EDGE ( 'NONE', *, *, #2889, .T. ) ;
#6967 = AXIS2_PLACEMENT_3D ( 'NONE', #9057, #2124, #2040 ) ;
#6968 = DIRECTION ( 'NONE',  ( 1.000000000000000000, 0.0000000000000000000, -0.0000000000000000000 ) ) ;
#6969 = SURFACE_STYLE_USAGE ( .BOTH. , #4111 ) ;
#6970 = AXIS2_PLACEMENT_3D ( 'NONE', #7535, #298, #3856 ) ;
#6971 = FILL_AREA_STYLE ('',( #6372 ) ) ;
#6972 = DIRECTION ( 'NONE',  ( -0.0000000000000000000, -1.000000000000000000, -0.0000000000000000000 ) ) ;
#6973 = VECTOR ( 'NONE', #4336, 1000.000000000000000 ) ;
#6974 = EDGE_LOOP ( 'NONE', ( #8301, #1691, #6094, #2242 ) ) ;
#6975 = STYLED_ITEM ( 'NONE', ( #3238 ), #5737 ) ;
#6976 = UNCERTAINTY_MEASURE_WITH_UNIT (LENGTH_MEASURE( 1.000000000000000082E-05 ), #6744, 'distance_accuracy_value', 'NONE');
#6977 = ORIENTED_EDGE ( 'NONE', *, *, #9173, .T. ) ;
#6978 = DIRECTION ( 'NONE',  ( -2.710505431213761578E-16, 0.0000000000000000000, -1.000000000000000000 ) ) ;
#6979 = MECHANICAL_DESIGN_GEOMETRIC_PRESENTATION_REPRESENTATION (  '', ( #1065 ), #5623 ) ;
#6980 = STYLED_ITEM ( 'NONE', ( #6554 ), #5908 ) ;
#6981 = DIRECTION ( 'NONE',  ( 0.0000000000000000000, 0.0000000000000000000, 1.000000000000000000 ) ) ;
#6982 = CARTESIAN_POINT ( 'NONE',  ( -1.364999999999999547, 0.002499999999999995715, -1.600000000000000089 ) ) ;
#6983 = ORIENTED_EDGE ( 'NONE', *, *, #913, .F. ) ;
#6984 = STYLED_ITEM ( 'NONE', ( #6724 ), #6152 ) ;
#6985 = ORIENTED_EDGE ( 'NONE', *, *, #5250, .F. ) ;
#6986 = DIRECTION ( 'NONE',  ( -1.000000000000000000, 0.0000000000000000000, 0.0000000000000000000 ) ) ;
#6987 = ORIENTED_EDGE ( 'NONE', *, *, #4287, .F. ) ;
#6988 = EDGE_CURVE ( 'NONE', #1232, #4154, #2327, .T. ) ;
#6989 = ORIENTED_EDGE ( 'NONE', *, *, #3001, .T. ) ;
#6990 = LINE ( 'NONE', #682, #9055 ) ;
#6991 = LINE ( 'NONE', #5088, #905 ) ;
#6992 =( LENGTH_UNIT ( ) NAMED_UNIT ( * ) SI_UNIT ( .MILLI., .METRE. ) );
#6993 = VECTOR ( 'NONE', #5765, 1000.000000000000000 ) ;
#6994 = FILL_AREA_STYLE ('',( #1366 ) ) ;
#6995 = DIRECTION ( 'NONE',  ( 2.710505431213761578E-16, 0.0000000000000000000, -1.000000000000000000 ) ) ;
#6996 = DIRECTION ( 'NONE',  ( -1.000000000000000000, 0.0000000000000000000, -0.0000000000000000000 ) ) ;
#6997 =( NAMED_UNIT ( * ) SI_UNIT ( $, .STERADIAN. ) SOLID_ANGLE_UNIT ( ) );
#6998 = VECTOR ( 'NONE', #1823, 1000.000000000000000 ) ;
#6999 = ORIENTED_EDGE ( 'NONE', *, *, #1142, .F. ) ;
#7000 = ORIENTED_EDGE ( 'NONE', *, *, #8376, .T. ) ;
#7001 = LINE ( 'NONE', #8482, #6704 ) ;
#7002 = VECTOR ( 'NONE', #1852, 1000.000000000000000 ) ;
#7003 = EDGE_CURVE ( 'NONE', #4092, #5346, #3045, .T. ) ;
#7004 = ORIENTED_EDGE ( 'NONE', *, *, #7629, .T. ) ;
#7005 = DIRECTION ( 'NONE',  ( -0.0000000000000000000, 1.000000000000000000, -0.0000000000000000000 ) ) ;
#7006 = LINE ( 'NONE', #3411, #1282 ) ;
#7007 = EDGE_CURVE ( 'NONE', #436, #7024, #2411, .T. ) ;
#7008 = CARTESIAN_POINT ( 'NONE',  ( -2.001999999999999780, 0.2025000000000000133, 0.6349999999999998979 ) ) ;
#7009 = VECTOR ( 'NONE', #1356, 1000.000000000000000 ) ;
#7010 = AXIS2_PLACEMENT_3D ( 'NONE', #4174, #2173, #2761 ) ;
#7011 = SURFACE_STYLE_USAGE ( .BOTH. , #2050 ) ;
#7012 = LINE ( 'NONE', #3379, #6067 ) ;
#7013 = PRESENTATION_LAYER_ASSIGNMENT (  '', '', ( #5825 ) ) ;
#7014 = EDGE_LOOP ( 'NONE', ( #30, #2854, #7100, #1047, #7366, #3835 ) ) ;
#7015 = PLANE ( 'NONE',  #4681 ) ;
#7016 = ADVANCED_FACE ( 'NONE', ( #8035 ), #1672, .F. ) ;
#7017 = CARTESIAN_POINT ( 'NONE',  ( 1.365000000000000435, 0.2000000000000000389, -2.000000000000000000 ) ) ;
#7018 = PRESENTATION_LAYER_ASSIGNMENT (  '', '', ( #49 ) ) ;
#7019 = EDGE_CURVE ( 'NONE', #7336, #2506, #4055, .T. ) ;
#7020 = LINE ( 'NONE', #659, #3323 ) ;
#7021 = CARTESIAN_POINT ( 'NONE',  ( 2.001999999999999780, 0.2025000000000000133, 0.6349999999999998979 ) ) ;
#7022 = FILL_AREA_STYLE_COLOUR ( '', #8806 ) ;
#7023 = COLOUR_RGB ( '',1.000000000000000000, 1.000000000000000000, 1.000000000000000000 ) ;
#7024 = VERTEX_POINT ( 'NONE', #4008 ) ;
#7025 = SURFACE_STYLE_USAGE ( .BOTH. , #5034 ) ;
#7026 = EDGE_CURVE ( 'NONE', #5544, #6025, #6203, .T. ) ;
#7027 = EDGE_LOOP ( 'NONE', ( #2934, #6658, #6024, #4138 ) ) ;
#7028 = STYLED_ITEM ( 'NONE', ( #1340 ), #4275 ) ;
#7029 = VECTOR ( 'NONE', #1040, 1000.000000000000000 ) ;
#7030 = PRESENTATION_LAYER_ASSIGNMENT (  '', '', ( #1588 ) ) ;
#7031 = DIRECTION ( 'NONE',  ( -1.000000000000000000, -0.0000000000000000000, 4.065758146820642614E-16 ) ) ;
#7032 =( LENGTH_UNIT ( ) NAMED_UNIT ( * ) SI_UNIT ( .MILLI., .METRE. ) );
#7033 = CARTESIAN_POINT ( 'NONE',  ( -2.000000000000000000, 0.2025000000000000133, 0.3649999999999998801 ) ) ;
#7034 = FILL_AREA_STYLE_COLOUR ( '', #3067 ) ;
#7035 = DIRECTION ( 'NONE',  ( 1.000000000000000000, 0.0000000000000000000, 0.0000000000000000000 ) ) ;
#7036 = ORIENTED_EDGE ( 'NONE', *, *, #2534, .F. ) ;
#7037 = PRODUCT ( 'FA6E251C-094E-445E-A2F8-BB9178BCF62D', 'FA6E251C-094E-445E-A2F8-BB9178BCF62D', '', ( #5712 ) ) ;
#7038 = COLOUR_RGB ( '',1.000000000000000000, 1.000000000000000000, 1.000000000000000000 ) ;
#7039 = ORIENTED_EDGE ( 'NONE', *, *, #1187, .T. ) ;
#7040 =( NAMED_UNIT ( * ) SI_UNIT ( $, .STERADIAN. ) SOLID_ANGLE_UNIT ( ) );
#7041 = VERTEX_POINT ( 'NONE', #6826 ) ;
#7042 = ORIENTED_EDGE ( 'NONE', *, *, #1139, .T. ) ;
#7043 = LINE ( 'NONE', #4264, #7860 ) ;
#7044 = CARTESIAN_POINT ( 'NONE',  ( 2.001999999999999780, 0.2025000000000000133, 0.1349999999999998701 ) ) ;
#7045 = DIRECTION ( 'NONE',  ( 0.0000000000000000000, 0.0000000000000000000, -1.000000000000000000 ) ) ;
#7046 = STYLED_ITEM ( 'NONE', ( #6758 ), #8322 ) ;
#7047 = PRESENTATION_STYLE_ASSIGNMENT (( #2950 ) ) ;
#7048 = DIRECTION ( 'NONE',  ( 1.000000000000000000, -0.0000000000000000000, 0.0000000000000000000 ) ) ;
#7049 = FACE_OUTER_BOUND ( 'NONE', #9161, .T. ) ;
#7050 = STYLED_ITEM ( 'NONE', ( #302 ), #4855 ) ;
#7051 = ORIENTED_EDGE ( 'NONE', *, *, #3804, .F. ) ;
#7052 =( LENGTH_UNIT ( ) NAMED_UNIT ( * ) SI_UNIT ( .MILLI., .METRE. ) );
#7053 = COLOUR_RGB ( '',1.000000000000000000, 1.000000000000000000, 1.000000000000000000 ) ;
#7054 = SURFACE_SIDE_STYLE ('',( #7843 ) ) ;
#7055 = DIRECTION ( 'NONE',  ( 4.065758146820642614E-16, 0.0000000000000000000, -1.000000000000000000 ) ) ;
#7056 = CARTESIAN_POINT ( 'NONE',  ( 2.000000000000000000, 0.2025000000000000133, -0.3650000000000001577 ) ) ;
#7057 = CARTESIAN_POINT ( 'NONE',  ( -1.364999999999999769, 0.1999999999999999556, 2.001999999999999780 ) ) ;
#7058 = SURFACE_SIDE_STYLE ('',( #1998 ) ) ;
#7059 = ADVANCED_FACE ( 'NONE', ( #457 ), #418, .T. ) ;
#7060 = FACE_OUTER_BOUND ( 'NONE', #1481, .T. ) ;
#7061 = EDGE_CURVE ( 'NONE', #2864, #2022, #4097, .T. ) ;
#7062 = CARTESIAN_POINT ( 'NONE',  ( -0.6349999999999995648, 0.1999999999999999833, -2.000000000000000000 ) ) ;
#7063 = DIRECTION ( 'NONE',  ( -1.000000000000000000, 0.0000000000000000000, -0.0000000000000000000 ) ) ;
#7064 = CARTESIAN_POINT ( 'NONE',  ( -1.600000000000000089, 0.002500000000000000052, -0.3650000000000001577 ) ) ;
#7065 = SURFACE_SIDE_STYLE ('',( #5709 ) ) ;
#7066 = EDGE_CURVE ( 'NONE', #5109, #1706, #4831, .T. ) ;
#7067 = LINE ( 'NONE', #6374, #7946 ) ;
#7068 = VECTOR ( 'NONE', #1546, 1000.000000000000000 ) ;
#7069 = EDGE_CURVE ( 'NONE', #4034, #240, #5337, .T. ) ;
#7070 = UNCERTAINTY_MEASURE_WITH_UNIT (LENGTH_MEASURE( 1.000000000000000082E-05 ), #648, 'distance_accuracy_value', 'NONE');
#7071 = DIRECTION ( 'NONE',  ( 0.0000000000000000000, -1.000000000000000000, 0.0000000000000000000 ) ) ;
#7072 = CARTESIAN_POINT ( 'NONE',  ( 2.000000000000000000, 0.9000000000000000222, -2.000000000000000000 ) ) ;
#7073 = ORIENTED_EDGE ( 'NONE', *, *, #3925, .F. ) ;
#7074 = LINE ( 'NONE', #5574, #5525 ) ;
#7075 = EDGE_CURVE ( 'NONE', #6607, #9019, #2675, .T. ) ;
#7076 = FACE_OUTER_BOUND ( 'NONE', #6106, .T. ) ;
#7077 = DIRECTION ( 'NONE',  ( 1.000000000000000000, 0.0000000000000000000, 0.0000000000000000000 ) ) ;
#7078 = UNCERTAINTY_MEASURE_WITH_UNIT (LENGTH_MEASURE( 1.000000000000000082E-05 ), #9080, 'distance_accuracy_value', 'NONE');
#7079 = PRESENTATION_STYLE_ASSIGNMENT (( #7723 ) ) ;
#7080 = ORIENTED_EDGE ( 'NONE', *, *, #4814, .T. ) ;
#7081 = CARTESIAN_POINT ( 'NONE',  ( -2.000000000000000000, 0.0000000000000000000, 0.3649999999999999911 ) ) ;
#7082 = ORIENTED_EDGE ( 'NONE', *, *, #3930, .F. ) ;
#7083 = ORIENTED_EDGE ( 'NONE', *, *, #6227, .F. ) ;
#7084 = CARTESIAN_POINT ( 'NONE',  ( 2.001999999999999780, 0.002500000000000000052, 0.8649999999999998801 ) ) ;
#7085 = CARTESIAN_POINT ( 'NONE',  ( 2.001999999999999780, 0.2025000000000000133, -1.135000000000000231 ) ) ;
#7086 =( LENGTH_UNIT ( ) NAMED_UNIT ( * ) SI_UNIT ( .MILLI., .METRE. ) );
#7087 = DIRECTION ( 'NONE',  ( 0.0000000000000000000, 0.0000000000000000000, -1.000000000000000000 ) ) ;
#7088 = CARTESIAN_POINT ( 'NONE',  ( -0.8649999999999995470, 0.002499999999999997450, -1.600000000000000089 ) ) ;
#7089 =( NAMED_UNIT ( * ) SI_UNIT ( $, .STERADIAN. ) SOLID_ANGLE_UNIT ( ) );
#7090 = EDGE_LOOP ( 'NONE', ( #1751, #864, #2333, #5344 ) ) ;
#7091 = VERTEX_POINT ( 'NONE', #8297 ) ;
#7092 = LINE ( 'NONE', #3502, #5070 ) ;
#7093 = ORIENTED_EDGE ( 'NONE', *, *, #8373, .F. ) ;
#7094 = LINE ( 'NONE', #6411, #4018 ) ;
#7095 =( NAMED_UNIT ( * ) PLANE_ANGLE_UNIT ( ) SI_UNIT ( $, .RADIAN. ) );
#7096 =( NAMED_UNIT ( * ) PLANE_ANGLE_UNIT ( ) SI_UNIT ( $, .RADIAN. ) );
#7097 = CARTESIAN_POINT ( 'NONE',  ( -2.000000000000000000, 0.9000000000000000222, -2.000000000000000000 ) ) ;
#7098 =( GEOMETRIC_REPRESENTATION_CONTEXT ( 3 ) GLOBAL_UNCERTAINTY_ASSIGNED_CONTEXT ( ( #7908 ) ) GLOBAL_UNIT_ASSIGNED_CONTEXT ( ( #4395, #6485, #6530 ) ) REPRESENTATION_CONTEXT ( 'NONE', 'WORKASPACE' ) );
#7099 = SURFACE_STYLE_USAGE ( .BOTH. , #6928 ) ;
#7100 = ORIENTED_EDGE ( 'NONE', *, *, #1671, .F. ) ;
#7101 = SURFACE_SIDE_STYLE ('',( #7706 ) ) ;
#7102 = CARTESIAN_POINT ( 'NONE',  ( -2.000000000000000000, 0.002500000000000000052, -0.8649999999999999911 ) ) ;
#7103 = PRESENTATION_STYLE_ASSIGNMENT (( #3654 ) ) ;
#7104 = VECTOR ( 'NONE', #4978, 1000.000000000000000 ) ;
#7105 = EDGE_CURVE ( 'NONE', #5807, #5254, #1183, .T. ) ;
#7106 = PLANE ( 'NONE',  #5656 ) ;
#7107 = SURFACE_STYLE_FILL_AREA ( #58 ) ;
#7108 = CARTESIAN_POINT ( 'NONE',  ( -1.364999999999999769, -4.470451666064363791E-17, 2.001999999999999780 ) ) ;
#7109 = DIRECTION ( 'NONE',  ( 0.0000000000000000000, 0.0000000000000000000, 1.000000000000000000 ) ) ;
#7110 =( GEOMETRIC_REPRESENTATION_CONTEXT ( 3 ) GLOBAL_UNCERTAINTY_ASSIGNED_CONTEXT ( ( #851 ) ) GLOBAL_UNIT_ASSIGNED_CONTEXT ( ( #6650, #7740, #6954 ) ) REPRESENTATION_CONTEXT ( 'NONE', 'WORKASPACE' ) );
#7111 = ORIENTED_EDGE ( 'NONE', *, *, #6790, .F. ) ;
#7112 = DIRECTION ( 'NONE',  ( 1.000000000000000000, 0.0000000000000000000, 0.0000000000000000000 ) ) ;
#7113 = CARTESIAN_POINT ( 'NONE',  ( -2.000000000000000000, 0.002500000000000000052, -1.135000000000000009 ) ) ;
#7114 = MECHANICAL_DESIGN_GEOMETRIC_PRESENTATION_REPRESENTATION (  '', ( #7563 ), #4026 ) ;
#7115 = ORIENTED_EDGE ( 'NONE', *, *, #8110, .F. ) ;
#7116 = DIRECTION ( 'NONE',  ( 2.710505431213761578E-16, 0.0000000000000000000, -1.000000000000000000 ) ) ;
#7117 = COLOUR_RGB ( '',1.000000000000000000, 1.000000000000000000, 1.000000000000000000 ) ;
#7118 = CARTESIAN_POINT ( 'NONE',  ( -2.000000000000000000, 0.9000000000000000222, -2.000000000000000000 ) ) ;
#7119 = DIRECTION ( 'NONE',  ( -0.0000000000000000000, -0.0000000000000000000, 1.000000000000000000 ) ) ;
#7120 = CARTESIAN_POINT ( 'NONE',  ( 2.000000000000000000, 0.0000000000000000000, 0.1350000000000000366 ) ) ;
#7121 = MECHANICAL_DESIGN_GEOMETRIC_PRESENTATION_REPRESENTATION (  '', ( #8916 ), #3299 ) ;
#7122 = CARTESIAN_POINT ( 'NONE',  ( 0.1350000000000003419, 0.002500000000000000052, -2.000000000000000000 ) ) ;
#7123 = DIRECTION ( 'NONE',  ( -0.0000000000000000000, -1.000000000000000000, -0.0000000000000000000 ) ) ;
#7124 = EDGE_LOOP ( 'NONE', ( #8444, #4586, #2786, #8219 ) ) ;
#7125 = ORIENTED_EDGE ( 'NONE', *, *, #6283, .F. ) ;
#7126 = EDGE_LOOP ( 'NONE', ( #610, #6282, #620, #5229 ) ) ;
#7127 =( GEOMETRIC_REPRESENTATION_CONTEXT ( 3 ) GLOBAL_UNCERTAINTY_ASSIGNED_CONTEXT ( ( #8000 ) ) GLOBAL_UNIT_ASSIGNED_CONTEXT ( ( #1030, #8130, #8780 ) ) REPRESENTATION_CONTEXT ( 'NONE', 'WORKASPACE' ) );
#7128 = CARTESIAN_POINT ( 'NONE',  ( -1.600000000000000089, 0.002500000000000000052, 1.135000000000000009 ) ) ;
#7129 = LINE ( 'NONE', #5587, #32 ) ;
#7130 = VECTOR ( 'NONE', #9152, 1000.000000000000000 ) ;
#7131 = SURFACE_STYLE_USAGE ( .BOTH. , #6301 ) ;
#7132 = FACE_OUTER_BOUND ( 'NONE', #2396, .T. ) ;
#7133 = LINE ( 'NONE', #6405, #2036 ) ;
#7134 = CARTESIAN_POINT ( 'NONE',  ( -1.600000000000000089, 0.002500000000000000052, -0.8650000000000001021 ) ) ;
#7135 = MECHANICAL_DESIGN_GEOMETRIC_PRESENTATION_REPRESENTATION (  '', ( #609 ), #6247 ) ;
#7136 = ORIENTED_EDGE ( 'NONE', *, *, #6407, .F. ) ;
#7137 = VERTEX_POINT ( 'NONE', #375 ) ;
#7139 = ADVANCED_FACE ( 'NONE', ( #4779 ), #7600, .F. ) ;
#7138 = ORIENTED_EDGE ( 'NONE', *, *, #3475, .T. ) ;
#7140 = CARTESIAN_POINT ( 'NONE',  ( 2.001999999999999780, 0.002500000000000000052, -1.365000000000000213 ) ) ;
#7141 =( LENGTH_UNIT ( ) NAMED_UNIT ( * ) SI_UNIT ( .MILLI., .METRE. ) );
#7142 = COLOUR_RGB ( '',1.000000000000000000, 1.000000000000000000, 1.000000000000000000 ) ;
#7143 = LINE ( 'NONE', #7008, #7670 ) ;
#7144 = CARTESIAN_POINT ( 'NONE',  ( 1.600000000000000089, 0.002500000000000000052, -0.3650000000000001577 ) ) ;
#7145 = CARTESIAN_POINT ( 'NONE',  ( 1.600000000000000089, 0.002500000000000000052, 0.1349999999999998701 ) ) ;
#7146 = CARTESIAN_POINT ( 'NONE',  ( 2.000000000000000000, 0.002500000000000000052, -0.8649999999999999911 ) ) ;
#7147 = STYLED_ITEM ( 'NONE', ( #566 ), #2773 ) ;
#7148 = SURFACE_STYLE_FILL_AREA ( #6320 ) ;
#7149 = FILL_AREA_STYLE ('',( #8542 ) ) ;
#7150 = COLOUR_RGB ( '',1.000000000000000000, 1.000000000000000000, 1.000000000000000000 ) ;
#7151 = LINE ( 'NONE', #7950, #6820 ) ;
#7152 = VECTOR ( 'NONE', #6304, 1000.000000000000000 ) ;
#7153 = PRESENTATION_STYLE_ASSIGNMENT (( #8790 ) ) ;
#7154 = FILL_AREA_STYLE ('',( #5856 ) ) ;
#7155 = FACE_OUTER_BOUND ( 'NONE', #3266, .T. ) ;
#7156 = VECTOR ( 'NONE', #5305, 1000.000000000000000 ) ;
#7157 = LINE ( 'NONE', #146, #4491 ) ;
#7158 = PRESENTATION_STYLE_ASSIGNMENT (( #5803 ) ) ;
#7159 = AXIS2_PLACEMENT_3D ( 'NONE', #5004, #7833, #1503 ) ;
#7160 =( NAMED_UNIT ( * ) SI_UNIT ( $, .STERADIAN. ) SOLID_ANGLE_UNIT ( ) );
#7161 = VECTOR ( 'NONE', #7924, 1000.000000000000000 ) ;
#7162 = STYLED_ITEM ( 'NONE', ( #8155 ), #3198 ) ;
#7163 = ORIENTED_EDGE ( 'NONE', *, *, #8713, .F. ) ;
#7164 = UNCERTAINTY_MEASURE_WITH_UNIT (LENGTH_MEASURE( 1.000000000000000082E-05 ), #830, 'distance_accuracy_value', 'NONE');
#7165 = EDGE_CURVE ( 'NONE', #2630, #1400, #1409, .T. ) ;
#7166 =( NAMED_UNIT ( * ) PLANE_ANGLE_UNIT ( ) SI_UNIT ( $, .RADIAN. ) );
#7167 = PRESENTATION_LAYER_ASSIGNMENT (  '', '', ( #635 ) ) ;
#7168 = SURFACE_STYLE_FILL_AREA ( #5810 ) ;
#7169 = VERTEX_POINT ( 'NONE', #7736 ) ;
#7170 = DIRECTION ( 'NONE',  ( 1.000000000000000000, -0.0000000000000000000, 0.0000000000000000000 ) ) ;
#7171 = VECTOR ( 'NONE', #8372, 1000.000000000000000 ) ;
#7172 = COLOUR_RGB ( '',1.000000000000000000, 1.000000000000000000, 1.000000000000000000 ) ;
#7173 = SURFACE_STYLE_FILL_AREA ( #4911 ) ;
#7174 = SURFACE_STYLE_USAGE ( .BOTH. , #2937 ) ;
#7175 = COLOUR_RGB ( '',0.2509803921568627416, 0.2509803921568627416, 0.2509803921568627416 ) ;
#7176 = PLANE ( 'NONE',  #8957 ) ;
#7177 = FILL_AREA_STYLE ('',( #7034 ) ) ;
#7178 = ADVANCED_FACE ( 'NONE', ( #1556 ), #8573, .F. ) ;
#7179 = PRESENTATION_LAYER_ASSIGNMENT (  '', '', ( #4516 ) ) ;
#7180 = UNCERTAINTY_MEASURE_WITH_UNIT (LENGTH_MEASURE( 1.000000000000000082E-05 ), #8114, 'distance_accuracy_value', 'NONE');
#7181 = STYLED_ITEM ( 'NONE', ( #6700 ), #3746 ) ;
#7182 = LINE ( 'NONE', #8716, #7161 ) ;
#7183 = ORIENTED_EDGE ( 'NONE', *, *, #7003, .T. ) ;
#7184 = CIRCLE ( 'NONE', #5680, 0.1000000000000000472 ) ;
#7185 = ORIENTED_EDGE ( 'NONE', *, *, #4764, .T. ) ;
#7186 = DIRECTION ( 'NONE',  ( 1.000000000000000000, 0.0000000000000000000, 0.0000000000000000000 ) ) ;
#7187 = MECHANICAL_DESIGN_GEOMETRIC_PRESENTATION_REPRESENTATION (  '', ( #2489 ), #9122 ) ;
#7188 =( NAMED_UNIT ( * ) SI_UNIT ( $, .STERADIAN. ) SOLID_ANGLE_UNIT ( ) );
#7189 = PRODUCT_DEFINITION_CONTEXT ( 'detailed design', #6792, 'design' ) ;
#7190 =( GEOMETRIC_REPRESENTATION_CONTEXT ( 3 ) GLOBAL_UNCERTAINTY_ASSIGNED_CONTEXT ( ( #4606 ) ) GLOBAL_UNIT_ASSIGNED_CONTEXT ( ( #6019, #4772, #9038 ) ) REPRESENTATION_CONTEXT ( 'NONE', 'WORKASPACE' ) );
#7191 = LINE ( 'NONE', #5734, #2794 ) ;
#7192 = EDGE_CURVE ( 'NONE', #2069, #6560, #7786, .T. ) ;
#7193 = ORIENTED_EDGE ( 'NONE', *, *, #7589, .F. ) ;
#7194 = ADVANCED_FACE ( 'NONE', ( #2077 ), #1465, .F. ) ;
#7195 = SURFACE_STYLE_USAGE ( .BOTH. , #8578 ) ;
#7196 = CARTESIAN_POINT ( 'NONE',  ( 2.000000000000000000, 0.0000000000000000000, -0.6350000000000000089 ) ) ;
#7197 = DIRECTION ( 'NONE',  ( 1.000000000000000000, 0.0000000000000000000, 0.0000000000000000000 ) ) ;
#7198 = ORIENTED_EDGE ( 'NONE', *, *, #4172, .F. ) ;
#7199 = DIRECTION ( 'NONE',  ( 1.000000000000000000, -0.0000000000000000000, -0.0000000000000000000 ) ) ;
#7200 = MECHANICAL_DESIGN_GEOMETRIC_PRESENTATION_REPRESENTATION (  '', ( #7046 ), #7942 ) ;
#7201 = AXIS2_PLACEMENT_3D ( 'NONE', #4114, #481, #1114 ) ;
#7202 = DIRECTION ( 'NONE',  ( 0.0000000000000000000, 1.000000000000000000, 0.0000000000000000000 ) ) ;
#7203 = DIRECTION ( 'NONE',  ( 0.0000000000000000000, -1.000000000000000000, 0.0000000000000000000 ) ) ;
#7204 = EDGE_CURVE ( 'NONE', #2415, #9061, #4313, .T. ) ;
#7205 = EDGE_LOOP ( 'NONE', ( #4950, #4214, #7650, #1833 ) ) ;
#7206 = CARTESIAN_POINT ( 'NONE',  ( -2.000000000000000000, 0.2025000000000000133, -0.3650000000000001577 ) ) ;
#7207 = ORIENTED_EDGE ( 'NONE', *, *, #3757, .T. ) ;
#7208 =( LENGTH_UNIT ( ) NAMED_UNIT ( * ) SI_UNIT ( .MILLI., .METRE. ) );
#7209 = FILL_AREA_STYLE_COLOUR ( '', #1430 ) ;
#7210 = DIRECTION ( 'NONE',  ( 0.0000000000000000000, 0.0000000000000000000, 1.000000000000000000 ) ) ;
#7211 = STYLED_ITEM ( 'NONE', ( #1677 ), #8898 ) ;
#7212 = DIRECTION ( 'NONE',  ( 0.0000000000000000000, 0.0000000000000000000, 1.000000000000000000 ) ) ;
#7213 = CARTESIAN_POINT ( 'NONE',  ( 0.8650000000000004352, 0.2000000000000000389, -2.000000000000000000 ) ) ;
#7214 = LINE ( 'NONE', #1640, #5483 ) ;
#7215 = ORIENTED_EDGE ( 'NONE', *, *, #5934, .F. ) ;
#7216 =( LENGTH_UNIT ( ) NAMED_UNIT ( * ) SI_UNIT ( .MILLI., .METRE. ) );
#7217 =( LENGTH_UNIT ( ) NAMED_UNIT ( * ) SI_UNIT ( .MILLI., .METRE. ) );
#7218 =( GEOMETRIC_REPRESENTATION_CONTEXT ( 3 ) GLOBAL_UNCERTAINTY_ASSIGNED_CONTEXT ( ( #6649 ) ) GLOBAL_UNIT_ASSIGNED_CONTEXT ( ( #2706, #1887, #7545 ) ) REPRESENTATION_CONTEXT ( 'NONE', 'WORKASPACE' ) );
#7219 = COLOUR_RGB ( '',1.000000000000000000, 1.000000000000000000, 1.000000000000000000 ) ;
#7220 = CARTESIAN_POINT ( 'NONE',  ( 1.135000000000000453, 0.2000000000000000389, -2.001999999999999780 ) ) ;
#7221 = ORIENTED_EDGE ( 'NONE', *, *, #9001, .T. ) ;
#7222 =( NAMED_UNIT ( * ) PLANE_ANGLE_UNIT ( ) SI_UNIT ( $, .RADIAN. ) );
#7223 = VERTEX_POINT ( 'NONE', #5883 ) ;
#7224 = ORIENTED_EDGE ( 'NONE', *, *, #1208, .F. ) ;
#7225 = FACE_OUTER_BOUND ( 'NONE', #5928, .T. ) ;
#7226 = ADVANCED_FACE ( 'NONE', ( #5776 ), #4409, .F. ) ;
#7227 =( LENGTH_UNIT ( ) NAMED_UNIT ( * ) SI_UNIT ( .MILLI., .METRE. ) );
#7228 = PRESENTATION_STYLE_ASSIGNMENT (( #2498 ) ) ;
#7229 = DIRECTION ( 'NONE',  ( 0.0000000000000000000, 1.000000000000000000, 0.0000000000000000000 ) ) ;
#7230 = DIRECTION ( 'NONE',  ( 0.0000000000000000000, 0.0000000000000000000, 1.000000000000000000 ) ) ;
#7231 = EDGE_LOOP ( 'NONE', ( #6463, #8900, #1521, #6168 ) ) ;
#7232 = ORIENTED_EDGE ( 'NONE', *, *, #4971, .F. ) ;
#7233 = PRESENTATION_STYLE_ASSIGNMENT (( #7839 ) ) ;
#7234 = EDGE_LOOP ( 'NONE', ( #360, #7224, #2518, #6941 ) ) ;
#7235 = SURFACE_SIDE_STYLE ('',( #6959 ) ) ;
#7236 = ADVANCED_FACE ( 'NONE', ( #6495 ), #8018, .F. ) ;
#7237 = SURFACE_STYLE_FILL_AREA ( #5846 ) ;
#7238 = EDGE_CURVE ( 'NONE', #6660, #5877, #881, .T. ) ;
#7239 = CARTESIAN_POINT ( 'NONE',  ( -2.000000000000000000, 0.002500000000000000052, -0.3649999999999999911 ) ) ;
#7240 = FILL_AREA_STYLE ('',( #8784 ) ) ;
#7241 = FILL_AREA_STYLE_COLOUR ( '', #6627 ) ;
#7242 = UNCERTAINTY_MEASURE_WITH_UNIT (LENGTH_MEASURE( 1.000000000000000082E-05 ), #5442, 'distance_accuracy_value', 'NONE');
#7243 = ORIENTED_EDGE ( 'NONE', *, *, #3757, .F. ) ;
#7244 = PRESENTATION_STYLE_ASSIGNMENT (( #1 ) ) ;
#7245 = EDGE_CURVE ( 'NONE', #6623, #5346, #2316, .T. ) ;
#7246 = FACE_OUTER_BOUND ( 'NONE', #7014, .T. ) ;
#7247 = DIRECTION ( 'NONE',  ( 0.0000000000000000000, 1.000000000000000000, 0.0000000000000000000 ) ) ;
#7248 =( GEOMETRIC_REPRESENTATION_CONTEXT ( 3 ) GLOBAL_UNCERTAINTY_ASSIGNED_CONTEXT ( ( #1915 ) ) GLOBAL_UNIT_ASSIGNED_CONTEXT ( ( #259, #6016, #6813 ) ) REPRESENTATION_CONTEXT ( 'NONE', 'WORKASPACE' ) );
#7249 = SURFACE_SIDE_STYLE ('',( #3944 ) ) ;
#7250 = SURFACE_STYLE_FILL_AREA ( #4477 ) ;
#7251 = DIRECTION ( 'NONE',  ( -1.000000000000000000, 0.0000000000000000000, -4.065758146820642614E-16 ) ) ;
#7252 = ORIENTED_EDGE ( 'NONE', *, *, #5074, .T. ) ;
#7253 = UNCERTAINTY_MEASURE_WITH_UNIT (LENGTH_MEASURE( 1.000000000000000082E-05 ), #5105, 'distance_accuracy_value', 'NONE');
#7254 = COLOUR_RGB ( '',1.000000000000000000, 1.000000000000000000, 1.000000000000000000 ) ;
#7255 =( NAMED_UNIT ( * ) SI_UNIT ( $, .STERADIAN. ) SOLID_ANGLE_UNIT ( ) );
#7256 = LINE ( 'NONE', #3019, #8971 ) ;
#7257 = ORIENTED_EDGE ( 'NONE', *, *, #8119, .F. ) ;
#7258 = FILL_AREA_STYLE_COLOUR ( '', #4080 ) ;
#7259 = FACE_OUTER_BOUND ( 'NONE', #6156, .T. ) ;
#7260 = FILL_AREA_STYLE_COLOUR ( '', #6309 ) ;
#7261 = FILL_AREA_STYLE ('',( #3857 ) ) ;
#7262 = AXIS2_PLACEMENT_3D ( 'NONE', #987, #8773, #449 ) ;
#7263 =( GEOMETRIC_REPRESENTATION_CONTEXT ( 3 ) GLOBAL_UNCERTAINTY_ASSIGNED_CONTEXT ( ( #873 ) ) GLOBAL_UNIT_ASSIGNED_CONTEXT ( ( #7554, #4736, #5429 ) ) REPRESENTATION_CONTEXT ( 'NONE', 'WORKASPACE' ) );
#7264 = CARTESIAN_POINT ( 'NONE',  ( 0.1350000000000003419, 0.2000000000000000111, -2.001999999999999780 ) ) ;
#7265 = ORIENTED_EDGE ( 'NONE', *, *, #250, .F. ) ;
#7266 = FACE_OUTER_BOUND ( 'NONE', #5060, .T. ) ;
#7267 = VERTEX_POINT ( 'NONE', #4361 ) ;
#7268 = VERTEX_POINT ( 'NONE', #8767 ) ;
#7269 = SURFACE_STYLE_FILL_AREA ( #2261 ) ;
#7270 = PRESENTATION_LAYER_ASSIGNMENT (  '', '', ( #9065 ) ) ;
#7271 = DIRECTION ( 'NONE',  ( 1.000000000000000000, 0.0000000000000000000, -0.0000000000000000000 ) ) ;
#7272 = FILL_AREA_STYLE_COLOUR ( '', #4933 ) ;
#7273 = SURFACE_STYLE_FILL_AREA ( #7977 ) ;
#7274 = CARTESIAN_POINT ( 'NONE',  ( -2.001999999999999780, 0.2025000000000000133, -0.8650000000000001021 ) ) ;
#7275 = ADVANCED_FACE ( 'NONE', ( #7930 ), #166, .F. ) ;
#7276 = DIRECTION ( 'NONE',  ( 0.0000000000000000000, -1.000000000000000000, 0.0000000000000000000 ) ) ;
#7277 = ORIENTED_EDGE ( 'NONE', *, *, #3441, .T. ) ;
#7278 = DIRECTION ( 'NONE',  ( -0.0000000000000000000, -1.000000000000000000, -0.0000000000000000000 ) ) ;
#7279 = ORIENTED_EDGE ( 'NONE', *, *, #2469, .F. ) ;
#7280 = PRESENTATION_STYLE_ASSIGNMENT (( #4463 ) ) ;
#7281 = MECHANICAL_DESIGN_GEOMETRIC_PRESENTATION_REPRESENTATION (  '', ( #3306 ), #1696 ) ;
#7282 = LINE ( 'NONE', #5981, #4722 ) ;
#7283 = PLANE ( 'NONE',  #921 ) ;
#7284 =( LENGTH_UNIT ( ) NAMED_UNIT ( * ) SI_UNIT ( .MILLI., .METRE. ) );
#7285 = ORIENTED_EDGE ( 'NONE', *, *, #8963, .T. ) ;
#7286 = ADVANCED_FACE ( 'NONE', ( #532 ), #5447, .F. ) ;
#7287 = CARTESIAN_POINT ( 'NONE',  ( 2.001999999999999780, 0.2025000000000000133, 1.135000000000000009 ) ) ;
#7288 =( NAMED_UNIT ( * ) PLANE_ANGLE_UNIT ( ) SI_UNIT ( $, .RADIAN. ) );
#7289 = DIRECTION ( 'NONE',  ( 0.0000000000000000000, -1.000000000000000000, 0.0000000000000000000 ) ) ;
#7290 = STYLED_ITEM ( 'NONE', ( #8986 ), #6836 ) ;
#7291 = VECTOR ( 'NONE', #6201, 1000.000000000000000 ) ;
#7292 = LINE ( 'NONE', #8596, #5262 ) ;
#7293 = CARTESIAN_POINT ( 'NONE',  ( 2.001999999999999780, 0.2025000000000000133, 0.1349999999999998701 ) ) ;
#7294 = STYLED_ITEM ( 'NONE', ( #7233 ), #2184 ) ;
#7295 = CARTESIAN_POINT ( 'NONE',  ( -2.000000000000000000, 0.0000000000000000000, 0.8649999999999999911 ) ) ;
#7296 = FACE_OUTER_BOUND ( 'NONE', #1950, .T. ) ;
#7297 = EDGE_CURVE ( 'NONE', #3449, #5353, #6727, .T. ) ;
#7298 = DIRECTION ( 'NONE',  ( 0.0000000000000000000, -0.0000000000000000000, -1.000000000000000000 ) ) ;
#7299 = VECTOR ( 'NONE', #5276, 1000.000000000000000 ) ;
#7300 = DIRECTION ( 'NONE',  ( -1.000000000000000000, -0.0000000000000000000, -0.0000000000000000000 ) ) ;
#7301 = ADVANCED_FACE ( 'NONE', ( #1972 ), #6150, .F. ) ;
#7302 =( LENGTH_UNIT ( ) NAMED_UNIT ( * ) SI_UNIT ( .MILLI., .METRE. ) );
#7303 = EDGE_LOOP ( 'NONE', ( #7803, #7409, #2741, #8964 ) ) ;
#7304 = SURFACE_STYLE_FILL_AREA ( #8608 ) ;
#7305 = CARTESIAN_POINT ( 'NONE',  ( -1.364999999999999547, 0.002499999999999995715, -1.600000000000000089 ) ) ;
#7306 = AXIS2_PLACEMENT_3D ( 'NONE', #4467, #4326, #2369 ) ;
#7307 = CARTESIAN_POINT ( 'NONE',  ( 2.000000000000000000, 0.002500000000000000052, -0.6350000000000000089 ) ) ;
#7308 = COLOUR_RGB ( '',1.000000000000000000, 1.000000000000000000, 1.000000000000000000 ) ;
#7309 = VECTOR ( 'NONE', #8218, 1000.000000000000000 ) ;
#7310 = STYLED_ITEM ( 'NONE', ( #3765 ), #7488 ) ;
#7311 = VECTOR ( 'NONE', #9186, 1000.000000000000000 ) ;
#7312 = VERTEX_POINT ( 'NONE', #5537 ) ;
#7313 = VECTOR ( 'NONE', #3526, 1000.000000000000000 ) ;
#7314 = ORIENTED_EDGE ( 'NONE', *, *, #1857, .T. ) ;
#7315 = FACE_OUTER_BOUND ( 'NONE', #2516, .T. ) ;
#7316 = VECTOR ( 'NONE', #6364, 1000.000000000000000 ) ;
#7317 = DIRECTION ( 'NONE',  ( 2.710505431213761578E-16, 0.0000000000000000000, -1.000000000000000000 ) ) ;
#7318 = COLOUR_RGB ( '',0.2509803921568627416, 0.2509803921568627416, 0.2509803921568627416 ) ;
#7319 =( LENGTH_UNIT ( ) NAMED_UNIT ( * ) SI_UNIT ( .MILLI., .METRE. ) );
#7320 = ORIENTED_EDGE ( 'NONE', *, *, #3873, .T. ) ;
#7321 = DIRECTION ( 'NONE',  ( 0.0000000000000000000, 1.000000000000000000, 0.0000000000000000000 ) ) ;
#7322 = ORIENTED_EDGE ( 'NONE', *, *, #6095, .F. ) ;
#7323 =( LENGTH_UNIT ( ) NAMED_UNIT ( * ) SI_UNIT ( .MILLI., .METRE. ) );
#7324 = ORIENTED_EDGE ( 'NONE', *, *, #8147, .F. ) ;
#7325 = MECHANICAL_DESIGN_GEOMETRIC_PRESENTATION_REPRESENTATION (  '', ( #5120 ), #3205 ) ;
#7326 =( NAMED_UNIT ( * ) SI_UNIT ( $, .STERADIAN. ) SOLID_ANGLE_UNIT ( ) );
#7327 = AXIS2_PLACEMENT_3D ( 'NONE', #5654, #4243, #7063 ) ;
#7328 = SURFACE_STYLE_USAGE ( .BOTH. , #2550 ) ;
#7329 = FILL_AREA_STYLE_COLOUR ( '', #6617 ) ;
#7330 = LINE ( 'NONE', #992, #6086 ) ;
#7331 =( GEOMETRIC_REPRESENTATION_CONTEXT ( 3 ) GLOBAL_UNCERTAINTY_ASSIGNED_CONTEXT ( ( #2512 ) ) GLOBAL_UNIT_ASSIGNED_CONTEXT ( ( #4629, #6565, #8096 ) ) REPRESENTATION_CONTEXT ( 'NONE', 'WORKASPACE' ) );
#7332 = FILL_AREA_STYLE ('',( #4512 ) ) ;
#7333 = FILL_AREA_STYLE ('',( #8227 ) ) ;
#7334 = DIRECTION ( 'NONE',  ( -0.0000000000000000000, 0.0000000000000000000, -1.000000000000000000 ) ) ;
#7335 =( GEOMETRIC_REPRESENTATION_CONTEXT ( 3 ) GLOBAL_UNCERTAINTY_ASSIGNED_CONTEXT ( ( #8199 ) ) GLOBAL_UNIT_ASSIGNED_CONTEXT ( ( #3571, #114, #2302 ) ) REPRESENTATION_CONTEXT ( 'NONE', 'WORKASPACE' ) );
#7336 = VERTEX_POINT ( 'NONE', #7120 ) ;
#7337 = PRESENTATION_STYLE_ASSIGNMENT (( #5434 ) ) ;
#7338 = ORIENTED_EDGE ( 'NONE', *, *, #4424, .F. ) ;
#7339 = FACE_OUTER_BOUND ( 'NONE', #5227, .T. ) ;
#7340 = MECHANICAL_DESIGN_GEOMETRIC_PRESENTATION_REPRESENTATION (  '', ( #516 ), #671 ) ;
#7341 = DIRECTION ( 'NONE',  ( -0.0000000000000000000, -1.000000000000000000, -0.0000000000000000000 ) ) ;
#7342 = LINE ( 'NONE', #6757, #7595 ) ;
#7343 = COLOUR_RGB ( '',1.000000000000000000, 1.000000000000000000, 1.000000000000000000 ) ;
#7344 = EDGE_CURVE ( 'NONE', #6538, #2506, #4946, .T. ) ;
#7345 = LINE ( 'NONE', #906, #6868 ) ;
#7346 = PRESENTATION_LAYER_ASSIGNMENT (  '', '', ( #8521 ) ) ;
#7347 = DIRECTION ( 'NONE',  ( -0.0000000000000000000, -0.0000000000000000000, -1.000000000000000000 ) ) ;
#7348 = UNCERTAINTY_MEASURE_WITH_UNIT (LENGTH_MEASURE( 1.000000000000000082E-05 ), #510, 'distance_accuracy_value', 'NONE');
#7349 = LINE ( 'NONE', #1589, #3872 ) ;
#7350 = ORIENTED_EDGE ( 'NONE', *, *, #1418, .F. ) ;
#7351 = EDGE_LOOP ( 'NONE', ( #2280, #7111, #3535, #8022, #6957, #1624 ) ) ;
#7352 = PRESENTATION_LAYER_ASSIGNMENT (  '', '', ( #8250 ) ) ;
#7353 = EDGE_CURVE ( 'NONE', #5098, #4393, #9139, .T. ) ;
#7354 = DIRECTION ( 'NONE',  ( 0.0000000000000000000, -0.0000000000000000000, 1.000000000000000000 ) ) ;
#7355 = ADVANCED_FACE ( 'NONE', ( #7775 ), #3433, .T. ) ;
#7356 = SURFACE_STYLE_USAGE ( .BOTH. , #8812 ) ;
#7357 = AXIS2_PLACEMENT_3D ( 'NONE', #458, #7604, #9104 ) ;
#7358 = ORIENTED_EDGE ( 'NONE', *, *, #8473, .T. ) ;
#7359 = CARTESIAN_POINT ( 'NONE',  ( 1.365000000000000435, 0.002500000000000033445, 2.000000000000000000 ) ) ;
#7360 =( NAMED_UNIT ( * ) SI_UNIT ( $, .STERADIAN. ) SOLID_ANGLE_UNIT ( ) );
#7361 = MECHANICAL_DESIGN_GEOMETRIC_PRESENTATION_REPRESENTATION (  '', ( #4556 ), #91 ) ;
#7362 = EDGE_CURVE ( 'NONE', #6942, #6355, #2844, .T. ) ;
#7363 =( NAMED_UNIT ( * ) PLANE_ANGLE_UNIT ( ) SI_UNIT ( $, .RADIAN. ) );
#7364 = SURFACE_STYLE_USAGE ( .BOTH. , #4549 ) ;
#7365 = CARTESIAN_POINT ( 'NONE',  ( -2.000000000000000000, 0.2024999999999999856, -1.135000000000000231 ) ) ;
#7366 = ORIENTED_EDGE ( 'NONE', *, *, #5317, .T. ) ;
#7367 = PRESENTATION_LAYER_ASSIGNMENT (  '', '', ( #408 ) ) ;
#7368 =( NAMED_UNIT ( * ) PLANE_ANGLE_UNIT ( ) SI_UNIT ( $, .RADIAN. ) );
#7369 = EDGE_LOOP ( 'NONE', ( #6594, #4784, #6875, #2896 ) ) ;
#7370 = ORIENTED_EDGE ( 'NONE', *, *, #2707, .F. ) ;
#7371 = ORIENTED_EDGE ( 'NONE', *, *, #4087, .F. ) ;
#7372 = PLANE ( 'NONE',  #2853 ) ;
#7373 = SURFACE_SIDE_STYLE ('',( #7237 ) ) ;
#7374 =( NAMED_UNIT ( * ) PLANE_ANGLE_UNIT ( ) SI_UNIT ( $, .RADIAN. ) );
#7375 = PLANE ( 'NONE',  #4196 ) ;
#7376 = CARTESIAN_POINT ( 'NONE',  ( -2.000000000000000000, 0.002500000000000000052, -2.000000000000000000 ) ) ;
#7377 =( NAMED_UNIT ( * ) PLANE_ANGLE_UNIT ( ) SI_UNIT ( $, .RADIAN. ) );
#7378 = ORIENTED_EDGE ( 'NONE', *, *, #3565, .T. ) ;
#7379 = FACE_OUTER_BOUND ( 'NONE', #7970, .T. ) ;
#7380 = FILL_AREA_STYLE ('',( #8883 ) ) ;
#7381 = PLANE ( 'NONE',  #5533 ) ;
#7382 =( NAMED_UNIT ( * ) SI_UNIT ( $, .STERADIAN. ) SOLID_ANGLE_UNIT ( ) );
#7383 = FILL_AREA_STYLE_COLOUR ( '', #2172 ) ;
#7384 = DIRECTION ( 'NONE',  ( 1.000000000000000000, 0.0000000000000000000, 0.0000000000000000000 ) ) ;
#7385 = ORIENTED_EDGE ( 'NONE', *, *, #1820, .F. ) ;
#7386 = CARTESIAN_POINT ( 'NONE',  ( -2.001999999999999780, 0.2025000000000000133, 1.135000000000000009 ) ) ;
#7387 = SURFACE_STYLE_FILL_AREA ( #4533 ) ;
#7388 = EDGE_CURVE ( 'NONE', #7660, #4567, #5673, .T. ) ;
#7389 = ORIENTED_EDGE ( 'NONE', *, *, #581, .T. ) ;
#7390 = LINE ( 'NONE', #6709, #8665 ) ;
#7391 = PRESENTATION_LAYER_ASSIGNMENT (  '', '', ( #1516 ) ) ;
#7392 = LINE ( 'NONE', #8945, #6715 ) ;
#7393 = LINE ( 'NONE', #5409, #6683 ) ;
#7394 = CARTESIAN_POINT ( 'NONE',  ( -1.134999999999999787, -4.470451666064363791E-17, -2.001999999999999780 ) ) ;
#7395 = CARTESIAN_POINT ( 'NONE',  ( -1.600000000000000089, 0.0000000000000000000, -0.8650000000000001021 ) ) ;
#7396 = MECHANICAL_DESIGN_GEOMETRIC_PRESENTATION_REPRESENTATION (  '', ( #2099 ), #7848 ) ;
#7397 =( GEOMETRIC_REPRESENTATION_CONTEXT ( 3 ) GLOBAL_UNCERTAINTY_ASSIGNED_CONTEXT ( ( #5030 ) ) GLOBAL_UNIT_ASSIGNED_CONTEXT ( ( #487, #4158, #8282 ) ) REPRESENTATION_CONTEXT ( 'NONE', 'WORKASPACE' ) );
#7398 = CARTESIAN_POINT ( 'NONE',  ( 0.9999999999999995559, 0.002500000000000000052, 1.250000000000000000 ) ) ;
#7399 = ADVANCED_FACE ( 'NONE', ( #6386 ), #674, .T. ) ;
#7400 = EDGE_LOOP ( 'NONE', ( #1444, #3811, #7682, #227 ) ) ;
#7401 = CARTESIAN_POINT ( 'NONE',  ( 0.6350000000000003419, 1.490150555354787828E-17, 2.000000000000000000 ) ) ;
#7402 = SURFACE_SIDE_STYLE ('',( #3958 ) ) ;
#7403 = PLANE ( 'NONE',  #2989 ) ;
#7404 = VECTOR ( 'NONE', #6697, 1000.000000000000000 ) ;
#7405 = AXIS2_PLACEMENT_3D ( 'NONE', #8831, #7552, #8262 ) ;
#7406 = DIRECTION ( 'NONE',  ( 0.0000000000000000000, 1.000000000000000000, 0.0000000000000000000 ) ) ;
#7407 = CARTESIAN_POINT ( 'NONE',  ( 1.250000000000000000, 0.002500000000000000052, 1.000000000000000000 ) ) ;
#7408 = FACE_OUTER_BOUND ( 'NONE', #7124, .T. ) ;
#7409 = ORIENTED_EDGE ( 'NONE', *, *, #8712, .T. ) ;
#7410 = COLOUR_RGB ( '',1.000000000000000000, 1.000000000000000000, 1.000000000000000000 ) ;
#7411 = AXIS2_PLACEMENT_3D ( 'NONE', #8340, #2029, #9095 ) ;
#7412 = ADVANCED_FACE ( 'NONE', ( #2160 ), #7176, .T. ) ;
#7413 = ORIENTED_EDGE ( 'NONE', *, *, #260, .F. ) ;
#7414 = ORIENTED_EDGE ( 'NONE', *, *, #7652, .F. ) ;
#7415 = EDGE_CURVE ( 'NONE', #1490, #7336, #2982, .T. ) ;
#7416 = ORIENTED_EDGE ( 'NONE', *, *, #2616, .F. ) ;
#7417 = VECTOR ( 'NONE', #4872, 1000.000000000000000 ) ;
#7418 =( LENGTH_UNIT ( ) NAMED_UNIT ( * ) SI_UNIT ( .MILLI., .METRE. ) );
#7419 = LINE ( 'NONE', #3225, #3970 ) ;
#7420 = PRESENTATION_LAYER_ASSIGNMENT (  '', '', ( #9063 ) ) ;
#7421 =( NAMED_UNIT ( * ) SI_UNIT ( $, .STERADIAN. ) SOLID_ANGLE_UNIT ( ) );
#7422 = PRESENTATION_STYLE_ASSIGNMENT (( #274 ) ) ;
#7423 = CARTESIAN_POINT ( 'NONE',  ( 2.001999999999999780, 0.2025000000000000133, -1.135000000000000231 ) ) ;
#7424 = LINE ( 'NONE', #1084, #2621 ) ;
#7425 = LINE ( 'NONE', #1145, #5707 ) ;
#7426 = VERTEX_POINT ( 'NONE', #3986 ) ;
#7427 = EDGE_CURVE ( 'NONE', #5134, #5274, #8612, .T. ) ;
#7428 = PRESENTATION_LAYER_ASSIGNMENT (  '', '', ( #2287 ) ) ;
#7429 = SURFACE_SIDE_STYLE ('',( #5169 ) ) ;
#7430 = PRESENTATION_STYLE_ASSIGNMENT (( #1729 ) ) ;
#7431 = MECHANICAL_DESIGN_GEOMETRIC_PRESENTATION_REPRESENTATION (  '', ( #6980 ), #8618 ) ;
#7432 = AXIS2_PLACEMENT_3D ( 'NONE', #4179, #2768, #1990 ) ;
#7433 = UNCERTAINTY_MEASURE_WITH_UNIT (LENGTH_MEASURE( 1.000000000000000082E-05 ), #6822, 'distance_accuracy_value', 'NONE');
#7434 = CARTESIAN_POINT ( 'NONE',  ( 1.250000000000000000, 0.002500000000000000052, 1.000000000000000000 ) ) ;
#7435 = VECTOR ( 'NONE', #5242, 1000.000000000000000 ) ;
#7436 = VERTEX_POINT ( 'NONE', #8563 ) ;
#7437 = CARTESIAN_POINT ( 'NONE',  ( 1.365000000000000435, 0.2000000000000000389, 2.001999999999999780 ) ) ;
#7438 = PRESENTATION_STYLE_ASSIGNMENT (( #5312 ) ) ;
#7439 = VERTEX_POINT ( 'NONE', #1815 ) ;
#7440 = FACE_OUTER_BOUND ( 'NONE', #4229, .T. ) ;
#7441 = AXIS2_PLACEMENT_3D ( 'NONE', #2590, #6782, #415 ) ;
#7442 = SURFACE_SIDE_STYLE ('',( #5315 ) ) ;
#7443 = AXIS2_PLACEMENT_3D ( 'NONE', #3377, #6837, #6266 ) ;
#7444 = COLOUR_RGB ( '',1.000000000000000000, 1.000000000000000000, 1.000000000000000000 ) ;
#7445 = SURFACE_SIDE_STYLE ('',( #3858 ) ) ;
#7446 = VECTOR ( 'NONE', #521, 1000.000000000000000 ) ;
#7447 = VECTOR ( 'NONE', #1982, 1000.000000000000000 ) ;
#7448 = FILL_AREA_STYLE_COLOUR ( '', #1874 ) ;
#7449 = VECTOR ( 'NONE', #7894, 1000.000000000000000 ) ;
#7450 = PRESENTATION_STYLE_ASSIGNMENT (( #4635 ) ) ;
#7451 =( LENGTH_UNIT ( ) NAMED_UNIT ( * ) SI_UNIT ( .MILLI., .METRE. ) );
#7452 = VECTOR ( 'NONE', #7459, 1000.000000000000000 ) ;
#7453 =( GEOMETRIC_REPRESENTATION_CONTEXT ( 3 ) GLOBAL_UNCERTAINTY_ASSIGNED_CONTEXT ( ( #8276 ) ) GLOBAL_UNIT_ASSIGNED_CONTEXT ( ( #6303, #6254, #4267 ) ) REPRESENTATION_CONTEXT ( 'NONE', 'WORKASPACE' ) );
#7454 = EDGE_CURVE ( 'NONE', #5506, #9131, #4619, .T. ) ;
#7455 = VECTOR ( 'NONE', #5054, 1000.000000000000000 ) ;
#7456 = CARTESIAN_POINT ( 'NONE',  ( -2.001999999999999780, 0.2025000000000000133, 1.135000000000000009 ) ) ;
#7457 =( NAMED_UNIT ( * ) PLANE_ANGLE_UNIT ( ) SI_UNIT ( $, .RADIAN. ) );
#7458 = ORIENTED_EDGE ( 'NONE', *, *, #3023, .F. ) ;
#7459 = DIRECTION ( 'NONE',  ( 1.000000000000000000, 0.0000000000000000000, 0.0000000000000000000 ) ) ;
#7460 =( NAMED_UNIT ( * ) SI_UNIT ( $, .STERADIAN. ) SOLID_ANGLE_UNIT ( ) );
#7461 = ORIENTED_EDGE ( 'NONE', *, *, #9127, .F. ) ;
#7462 = ORIENTED_EDGE ( 'NONE', *, *, #1404, .T. ) ;
#7463 = VECTOR ( 'NONE', #1454, 1000.000000000000000 ) ;
#7464 = VERTEX_POINT ( 'NONE', #3945 ) ;
#7465 =( NAMED_UNIT ( * ) SI_UNIT ( $, .STERADIAN. ) SOLID_ANGLE_UNIT ( ) );
#7466 = DIRECTION ( 'NONE',  ( -0.0000000000000000000, -1.000000000000000000, -0.0000000000000000000 ) ) ;
#7467 = DIRECTION ( 'NONE',  ( 1.000000000000000000, 0.0000000000000000000, 0.0000000000000000000 ) ) ;
#7468 = MECHANICAL_DESIGN_GEOMETRIC_PRESENTATION_REPRESENTATION (  '', ( #6126 ), #8495 ) ;
#7469 =( NAMED_UNIT ( * ) SI_UNIT ( $, .STERADIAN. ) SOLID_ANGLE_UNIT ( ) );
#7470 = MECHANICAL_DESIGN_GEOMETRIC_PRESENTATION_REPRESENTATION (  '', ( #2334 ), #8658 ) ;
#7471 = EDGE_CURVE ( 'NONE', #6623, #7267, #822, .T. ) ;
#7472 = FILL_AREA_STYLE ('',( #6914 ) ) ;
#7473 = UNCERTAINTY_MEASURE_WITH_UNIT (LENGTH_MEASURE( 1.000000000000000082E-05 ), #8394, 'distance_accuracy_value', 'NONE');
#7474 = FILL_AREA_STYLE ('',( #1853 ) ) ;
#7475 =( GEOMETRIC_REPRESENTATION_CONTEXT ( 3 ) GLOBAL_UNCERTAINTY_ASSIGNED_CONTEXT ( ( #3227 ) ) GLOBAL_UNIT_ASSIGNED_CONTEXT ( ( #8733, #3839, #8038 ) ) REPRESENTATION_CONTEXT ( 'NONE', 'WORKASPACE' ) );
#7476 = DIRECTION ( 'NONE',  ( -1.000000000000000000, 0.0000000000000000000, 0.0000000000000000000 ) ) ;
#7477 = ORIENTED_EDGE ( 'NONE', *, *, #5103, .F. ) ;
#7478 = PLANE ( 'NONE',  #3291 ) ;
#7479 = ORIENTED_EDGE ( 'NONE', *, *, #8367, .F. ) ;
#7480 = VECTOR ( 'NONE', #7578, 1000.000000000000000 ) ;
#7481 = CARTESIAN_POINT ( 'NONE',  ( -2.000000000000000000, 0.0000000000000000000, -1.135000000000000009 ) ) ;
#7482 = FILL_AREA_STYLE_COLOUR ( '', #810 ) ;
#7483 = DIRECTION ( 'NONE',  ( 0.0000000000000000000, 0.0000000000000000000, -1.000000000000000000 ) ) ;
#7484 = PRESENTATION_STYLE_ASSIGNMENT (( #4669 ) ) ;
#7485 =( GEOMETRIC_REPRESENTATION_CONTEXT ( 3 ) GLOBAL_UNCERTAINTY_ASSIGNED_CONTEXT ( ( #8783 ) ) GLOBAL_UNIT_ASSIGNED_CONTEXT ( ( #7558, #506, #6119 ) ) REPRESENTATION_CONTEXT ( 'NONE', 'WORKASPACE' ) );
#7486 = DIRECTION ( 'NONE',  ( 0.0000000000000000000, 0.0000000000000000000, 1.000000000000000000 ) ) ;
#7487 = FILL_AREA_STYLE_COLOUR ( '', #4031 ) ;
#7488 = ADVANCED_FACE ( 'NONE', ( #6578 ), #4442, .T. ) ;
#7489 = COLOUR_RGB ( '',1.000000000000000000, 1.000000000000000000, 1.000000000000000000 ) ;
#7490 = DIRECTION ( 'NONE',  ( 0.0000000000000000000, 0.0000000000000000000, -1.000000000000000000 ) ) ;
#7491 = ORIENTED_EDGE ( 'NONE', *, *, #549, .F. ) ;
#7492 = LINE ( 'NONE', #7437, #3011 ) ;
#7493 = CARTESIAN_POINT ( 'NONE',  ( 2.001999999999999780, 0.2025000000000000133, -1.365000000000000213 ) ) ;
#7494 =( NAMED_UNIT ( * ) PLANE_ANGLE_UNIT ( ) SI_UNIT ( $, .RADIAN. ) );
#7495 = COLOUR_RGB ( '',1.000000000000000000, 1.000000000000000000, 1.000000000000000000 ) ;
#7496 = SURFACE_STYLE_FILL_AREA ( #6050 ) ;
#7497 = CARTESIAN_POINT ( 'NONE',  ( -0.3649999999999995470, 0.002499999999999998317, -1.600000000000000089 ) ) ;
#7498 = PRESENTATION_STYLE_ASSIGNMENT (( #6053 ) ) ;
#7499 =( LENGTH_UNIT ( ) NAMED_UNIT ( * ) SI_UNIT ( .MILLI., .METRE. ) );
#7500 = VECTOR ( 'NONE', #7773, 1000.000000000000000 ) ;
#7501 = SURFACE_STYLE_FILL_AREA ( #3255 ) ;
#7502 = ORIENTED_EDGE ( 'NONE', *, *, #5250, .T. ) ;
#7503 = FILL_AREA_STYLE ('',( #4634 ) ) ;
#7504 = PRESENTATION_STYLE_ASSIGNMENT (( #1930 ) ) ;
#7505 = COLOUR_RGB ( '',1.000000000000000000, 1.000000000000000000, 1.000000000000000000 ) ;
#7506 =( NAMED_UNIT ( * ) PLANE_ANGLE_UNIT ( ) SI_UNIT ( $, .RADIAN. ) );
#7507 = SURFACE_STYLE_USAGE ( .BOTH. , #1886 ) ;
#7508 = ORIENTED_EDGE ( 'NONE', *, *, #3347, .F. ) ;
#7509 = CARTESIAN_POINT ( 'NONE',  ( 2.001999999999999780, 0.2025000000000000133, 0.3649999999999998801 ) ) ;
#7510 = VERTEX_POINT ( 'NONE', #8849 ) ;
#7511 = STYLED_ITEM ( 'NONE', ( #3682 ), #8978 ) ;
#7512 = EDGE_CURVE ( 'NONE', #676, #5353, #1599, .T. ) ;
#7513 = ORIENTED_EDGE ( 'NONE', *, *, #2588, .F. ) ;
#7514 =( NAMED_UNIT ( * ) PLANE_ANGLE_UNIT ( ) SI_UNIT ( $, .RADIAN. ) );
#7515 = DIRECTION ( 'NONE',  ( -0.0000000000000000000, -0.0000000000000000000, -1.000000000000000000 ) ) ;
#7516 = CARTESIAN_POINT ( 'NONE',  ( -2.000000000000000000, 0.2025000000000000133, -1.365000000000000213 ) ) ;
#7517 = CARTESIAN_POINT ( 'NONE',  ( -2.000000000000000000, 0.002500000000000000052, 2.000000000000000000 ) ) ;
#7518 = DIRECTION ( 'NONE',  ( 0.0000000000000000000, 0.0000000000000000000, 1.000000000000000000 ) ) ;
#7519 = CARTESIAN_POINT ( 'NONE',  ( 2.000000000000000000, 0.002500000000000000052, 1.135000000000000009 ) ) ;
#7520 = DIRECTION ( 'NONE',  ( -0.0000000000000000000, -1.000000000000000000, -0.0000000000000000000 ) ) ;
#7521 = CARTESIAN_POINT ( 'NONE',  ( -1.134999999999999787, 0.1999999999999999556, -2.001999999999999780 ) ) ;
#7522 = ORIENTED_EDGE ( 'NONE', *, *, #8158, .F. ) ;
#7523 = ORIENTED_EDGE ( 'NONE', *, *, #5706, .T. ) ;
#7524 = SURFACE_STYLE_USAGE ( .BOTH. , #1951 ) ;
#7525 = EDGE_CURVE ( 'NONE', #4699, #3492, #4718, .T. ) ;
#7526 = ADVANCED_FACE ( 'NONE', ( #6965 ), #5400, .F. ) ;
#7527 = DIRECTION ( 'NONE',  ( 1.000000000000000000, 0.0000000000000000000, 4.065758146820642614E-16 ) ) ;
#7528 = LINE ( 'NONE', #6879, #3015 ) ;
#7529 = CARTESIAN_POINT ( 'NONE',  ( 0.3650000000000004352, 0.2000000000000000111, -2.001999999999999780 ) ) ;
#7530 = VERTEX_POINT ( 'NONE', #6083 ) ;
#7531 = UNCERTAINTY_MEASURE_WITH_UNIT (LENGTH_MEASURE( 1.000000000000000082E-05 ), #2647, 'distance_accuracy_value', 'NONE');
#7532 = CARTESIAN_POINT ( 'NONE',  ( -0.3649999999999995470, 0.002499999999999985307, 1.600000000000000089 ) ) ;
#7533 = CARTESIAN_POINT ( 'NONE',  ( -2.000000000000000000, 0.002500000000000000052, 2.000000000000000000 ) ) ;
#7534 = PRESENTATION_STYLE_ASSIGNMENT (( #398 ) ) ;
#7535 = CARTESIAN_POINT ( 'NONE',  ( 2.001999999999999780, 0.2025000000000000133, -0.3650000000000001577 ) ) ;
#7536 = SURFACE_SIDE_STYLE ('',( #7710 ) ) ;
#7537 = PRESENTATION_STYLE_ASSIGNMENT (( #5411 ) ) ;
#7538 = FACE_OUTER_BOUND ( 'NONE', #2271, .T. ) ;
#7539 = ORIENTED_EDGE ( 'NONE', *, *, #3126, .T. ) ;
#7540 =( LENGTH_UNIT ( ) NAMED_UNIT ( * ) SI_UNIT ( .MILLI., .METRE. ) );
#7541 = VECTOR ( 'NONE', #2648, 1000.000000000000000 ) ;
#7542 = VECTOR ( 'NONE', #3664, 1000.000000000000000 ) ;
#7543 = CARTESIAN_POINT ( 'NONE',  ( 0.8650000000000004352, 0.2000000000000000389, 2.000000000000000000 ) ) ;
#7544 = FACE_OUTER_BOUND ( 'NONE', #2052, .T. ) ;
#7545 =( NAMED_UNIT ( * ) SI_UNIT ( $, .STERADIAN. ) SOLID_ANGLE_UNIT ( ) );
#7546 = ORIENTED_EDGE ( 'NONE', *, *, #5585, .F. ) ;
#7547 = CARTESIAN_POINT ( 'NONE',  ( -0.8649999999999996581, 0.1999999999999999833, -2.000000000000000000 ) ) ;
#7548 = LINE ( 'NONE', #64, #6973 ) ;
#7549 = ORIENTED_EDGE ( 'NONE', *, *, #2123, .T. ) ;
#7550 = VERTEX_POINT ( 'NONE', #8274 ) ;
#7551 = ORIENTED_EDGE ( 'NONE', *, *, #2832, .T. ) ;
#7552 = DIRECTION ( 'NONE',  ( 0.0000000000000000000, 0.0000000000000000000, -1.000000000000000000 ) ) ;
#7553 = LINE ( 'NONE', #2633, #4485 ) ;
#7554 =( LENGTH_UNIT ( ) NAMED_UNIT ( * ) SI_UNIT ( .MILLI., .METRE. ) );
#7555 =( NAMED_UNIT ( * ) PLANE_ANGLE_UNIT ( ) SI_UNIT ( $, .RADIAN. ) );
#7556 = SURFACE_SIDE_STYLE ('',( #9050 ) ) ;
#7557 = SURFACE_SIDE_STYLE ('',( #1945 ) ) ;
#7558 =( LENGTH_UNIT ( ) NAMED_UNIT ( * ) SI_UNIT ( .MILLI., .METRE. ) );
#7559 = EDGE_CURVE ( 'NONE', #2728, #1281, #5404, .T. ) ;
#7560 =( GEOMETRIC_REPRESENTATION_CONTEXT ( 3 ) GLOBAL_UNCERTAINTY_ASSIGNED_CONTEXT ( ( #7164 ) ) GLOBAL_UNIT_ASSIGNED_CONTEXT ( ( #830, #5049, #5682 ) ) REPRESENTATION_CONTEXT ( 'NONE', 'WORKASPACE' ) );
#7561 = ORIENTED_EDGE ( 'NONE', *, *, #8781, .T. ) ;
#7562 = SURFACE_STYLE_FILL_AREA ( #9020 ) ;
#7563 = STYLED_ITEM ( 'NONE', ( #3761 ), #5480 ) ;
#7564 = ORIENTED_EDGE ( 'NONE', *, *, #209, .T. ) ;
#7565 = SURFACE_STYLE_USAGE ( .BOTH. , #8981 ) ;
#7566 = SURFACE_STYLE_USAGE ( .BOTH. , #965 ) ;
#7567 = LINE ( 'NONE', #8354, #6138 ) ;
#7568 =( GEOMETRIC_REPRESENTATION_CONTEXT ( 3 ) GLOBAL_UNCERTAINTY_ASSIGNED_CONTEXT ( ( #4280 ) ) GLOBAL_UNIT_ASSIGNED_CONTEXT ( ( #2833, #7166, #4991 ) ) REPRESENTATION_CONTEXT ( 'NONE', 'WORKASPACE' ) );
#7569 = DIRECTION ( 'NONE',  ( -0.0000000000000000000, -0.0000000000000000000, -1.000000000000000000 ) ) ;
#7570 =( GEOMETRIC_REPRESENTATION_CONTEXT ( 3 ) GLOBAL_UNCERTAINTY_ASSIGNED_CONTEXT ( ( #5143 ) ) GLOBAL_UNIT_ASSIGNED_CONTEXT ( ( #8402, #4890, #2148 ) ) REPRESENTATION_CONTEXT ( 'NONE', 'WORKASPACE' ) );
#7571 =( LENGTH_UNIT ( ) NAMED_UNIT ( * ) SI_UNIT ( .MILLI., .METRE. ) );
#7572 = EDGE_CURVE ( 'NONE', #785, #5249, #4186, .T. ) ;
#7573 = DIRECTION ( 'NONE',  ( 0.0000000000000000000, 1.000000000000000000, 0.0000000000000000000 ) ) ;
#7574 = EDGE_CURVE ( 'NONE', #5939, #7961, #470, .T. ) ;
#7575 = VECTOR ( 'NONE', #564, 1000.000000000000000 ) ;
#7576 = ORIENTED_EDGE ( 'NONE', *, *, #7075, .T. ) ;
#7577 = CARTESIAN_POINT ( 'NONE',  ( -0.8649999999999996581, -2.980301110709575655E-17, 2.000000000000000000 ) ) ;
#7578 = DIRECTION ( 'NONE',  ( 0.0000000000000000000, 0.0000000000000000000, 1.000000000000000000 ) ) ;
#7579 = DIRECTION ( 'NONE',  ( 0.0000000000000000000, -1.000000000000000000, 0.0000000000000000000 ) ) ;
#7580 = PRESENTATION_LAYER_ASSIGNMENT (  '', '', ( #3598 ) ) ;
#7581 = LINE ( 'NONE', #1341, #5201 ) ;
#7582 = ADVANCED_FACE ( 'NONE', ( #7620 ), #1955, .T. ) ;
#7583 =( GEOMETRIC_REPRESENTATION_CONTEXT ( 3 ) GLOBAL_UNCERTAINTY_ASSIGNED_CONTEXT ( ( #9130 ) ) GLOBAL_UNIT_ASSIGNED_CONTEXT ( ( #80, #7832, #7188 ) ) REPRESENTATION_CONTEXT ( 'NONE', 'WORKASPACE' ) );
#7584 = EDGE_CURVE ( 'NONE', #8569, #366, #6927, .T. ) ;
#7585 = COLOUR_RGB ( '',1.000000000000000000, 1.000000000000000000, 1.000000000000000000 ) ;
#7586 = CARTESIAN_POINT ( 'NONE',  ( 2.000000000000000000, 0.002500000000000000052, 1.365000000000000213 ) ) ;
#7587 = EDGE_LOOP ( 'NONE', ( #1313, #2322, #370, #3547 ) ) ;
#7588 = CARTESIAN_POINT ( 'NONE',  ( -1.600000000000000089, 0.002500000000000000052, 0.8649999999999999911 ) ) ;
#7589 = EDGE_CURVE ( 'NONE', #6696, #8176, #3698, .T. ) ;
#7590 = DIRECTION ( 'NONE',  ( -1.000000000000000000, 0.0000000000000000000, -0.0000000000000000000 ) ) ;
#7591 = VECTOR ( 'NONE', #8922, 1000.000000000000000 ) ;
#7592 = COLOUR_RGB ( '',1.000000000000000000, 1.000000000000000000, 1.000000000000000000 ) ;
#7593 = EDGE_LOOP ( 'NONE', ( #4877, #4282, #8615, #926, #3575 ) ) ;
#7594 = LINE ( 'NONE', #2933, #447 ) ;
#7595 = VECTOR ( 'NONE', #3236, 1000.000000000000000 ) ;
#7596 = EDGE_LOOP ( 'NONE', ( #681, #6983, #7322, #3442 ) ) ;
#7597 = COLOUR_RGB ( '',1.000000000000000000, 1.000000000000000000, 1.000000000000000000 ) ;
#7598 = CARTESIAN_POINT ( 'NONE',  ( -1.600000000000000089, 0.002500000000000000052, -0.3650000000000001577 ) ) ;
#7599 = CARTESIAN_POINT ( 'NONE',  ( 2.000000000000000000, 0.002500000000000000052, 1.135000000000000231 ) ) ;
#7600 = PLANE ( 'NONE',  #8798 ) ;
#7601 = DIRECTION ( 'NONE',  ( -2.710505431213761578E-16, 0.0000000000000000000, 1.000000000000000000 ) ) ;
#7602 = MECHANICAL_DESIGN_GEOMETRIC_PRESENTATION_REPRESENTATION (  '', ( #6428 ), #2326 ) ;
#7603 = FILL_AREA_STYLE_COLOUR ( '', #4522 ) ;
#7604 = DIRECTION ( 'NONE',  ( 0.0000000000000000000, 0.0000000000000000000, 1.000000000000000000 ) ) ;
#7605 = VERTEX_POINT ( 'NONE', #6418 ) ;
#7606 = COLOUR_RGB ( '',1.000000000000000000, 1.000000000000000000, 1.000000000000000000 ) ;
#7607 = ORIENTED_EDGE ( 'NONE', *, *, #5696, .F. ) ;
#7608 = DIRECTION ( 'NONE',  ( 1.000000000000000000, 0.0000000000000000000, 0.0000000000000000000 ) ) ;
#7609 = EDGE_LOOP ( 'NONE', ( #555, #6382, #1604, #8718 ) ) ;
#7610 = PRESENTATION_LAYER_ASSIGNMENT (  '', '', ( #1577 ) ) ;
#7611 = FILL_AREA_STYLE ('',( #8982 ) ) ;
#7612 = FILL_AREA_STYLE_COLOUR ( '', #5686 ) ;
#7613 = VECTOR ( 'NONE', #711, 1000.000000000000000 ) ;
#7614 = ADVANCED_FACE ( 'NONE', ( #7060 ), #7896, .F. ) ;
#7615 = LINE ( 'NONE', #6834, #8513 ) ;
#7616 =( LENGTH_UNIT ( ) NAMED_UNIT ( * ) SI_UNIT ( .MILLI., .METRE. ) );
#7617 = AXIS2_PLACEMENT_3D ( 'NONE', #515, #7573, #4108 ) ;
#7618 = CARTESIAN_POINT ( 'NONE',  ( 0.8650000000000004352, 1.490150555354787828E-17, 2.001999999999999780 ) ) ;
#7619 = PRESENTATION_STYLE_ASSIGNMENT (( #699 ) ) ;
#7620 = FACE_OUTER_BOUND ( 'NONE', #6819, .T. ) ;
#7621 = COLOUR_RGB ( '',1.000000000000000000, 1.000000000000000000, 1.000000000000000000 ) ;
#7622 =( GEOMETRIC_REPRESENTATION_CONTEXT ( 3 ) GLOBAL_UNCERTAINTY_ASSIGNED_CONTEXT ( ( #3276 ) ) GLOBAL_UNIT_ASSIGNED_CONTEXT ( ( #9205, #2196, #7758 ) ) REPRESENTATION_CONTEXT ( 'NONE', 'WORKASPACE' ) );
#7623 = UNCERTAINTY_MEASURE_WITH_UNIT (LENGTH_MEASURE( 1.000000000000000082E-05 ), #3130, 'distance_accuracy_value', 'NONE');
#7624 = FACE_OUTER_BOUND ( 'NONE', #2556, .T. ) ;
#7625 = VERTEX_POINT ( 'NONE', #3549 ) ;
#7626 = DIRECTION ( 'NONE',  ( 0.0000000000000000000, 0.0000000000000000000, 1.000000000000000000 ) ) ;
#7627 = VECTOR ( 'NONE', #4009, 1000.000000000000000 ) ;
#7628 = LINE ( 'NONE', #1384, #805 ) ;
#7629 = EDGE_CURVE ( 'NONE', #4879, #7686, #4278, .T. ) ;
#7630 =( NAMED_UNIT ( * ) SI_UNIT ( $, .STERADIAN. ) SOLID_ANGLE_UNIT ( ) );
#7631 = VECTOR ( 'NONE', #5464, 1000.000000000000000 ) ;
#7632 = PRESENTATION_LAYER_ASSIGNMENT (  '', '', ( #5095 ) ) ;
#7633 = PRESENTATION_STYLE_ASSIGNMENT (( #7709 ) ) ;
#7634 = PRESENTATION_LAYER_ASSIGNMENT (  '', '', ( #8083 ) ) ;
#7635 = FILL_AREA_STYLE_COLOUR ( '', #7343 ) ;
#7636 = VECTOR ( 'NONE', #2390, 1000.000000000000000 ) ;
#7637 = ORIENTED_EDGE ( 'NONE', *, *, #3804, .T. ) ;
#7638 = CARTESIAN_POINT ( 'NONE',  ( -0.1349999999999995925, 0.1999999999999999833, 2.000000000000000000 ) ) ;
#7639 = EDGE_CURVE ( 'NONE', #6859, #4103, #3596, .T. ) ;
#7640 = PRESENTATION_LAYER_ASSIGNMENT (  '', '', ( #4541 ) ) ;
#7641 =( NAMED_UNIT ( * ) PLANE_ANGLE_UNIT ( ) SI_UNIT ( $, .RADIAN. ) );
#7642 = CARTESIAN_POINT ( 'NONE',  ( -2.000000000000000000, 0.002500000000000000052, 0.6349999999999998979 ) ) ;
#7643 = SURFACE_STYLE_USAGE ( .BOTH. , #1973 ) ;
#7644 = DIRECTION ( 'NONE',  ( 0.0000000000000000000, 1.000000000000000000, 0.0000000000000000000 ) ) ;
#7645 = UNCERTAINTY_MEASURE_WITH_UNIT (LENGTH_MEASURE( 1.000000000000000082E-05 ), #5722, 'distance_accuracy_value', 'NONE');
#7646 = ORIENTED_EDGE ( 'NONE', *, *, #8547, .F. ) ;
#7647 = PRESENTATION_STYLE_ASSIGNMENT (( #3488 ) ) ;
#7648 = VERTEX_POINT ( 'NONE', #1428 ) ;
#7649 = SURFACE_SIDE_STYLE ('',( #5545 ) ) ;
#7650 = ORIENTED_EDGE ( 'NONE', *, *, #2197, .T. ) ;
#7652 = EDGE_CURVE ( 'NONE', #8874, #5098, #5699, .T. ) ;
#7651 = VERTEX_POINT ( 'NONE', #2821 ) ;
#7653 = CARTESIAN_POINT ( 'NONE',  ( -0.8649999999999996581, 0.1999999999999999833, -2.001999999999999780 ) ) ;
#7654 = CARTESIAN_POINT ( 'NONE',  ( -2.000000000000000000, 0.002500000000000000052, -2.000000000000000000 ) ) ;
#7655 = MECHANICAL_DESIGN_GEOMETRIC_PRESENTATION_REPRESENTATION (  '', ( #399 ), #1770 ) ;
#7656 = SURFACE_SIDE_STYLE ('',( #6783 ) ) ;
#7657 = UNCERTAINTY_MEASURE_WITH_UNIT (LENGTH_MEASURE( 1.000000000000000082E-05 ), #36, 'distance_accuracy_value', 'NONE');
#7658 = CARTESIAN_POINT ( 'NONE',  ( -0.6349999999999995648, -2.980301110709575655E-17, 2.001999999999999780 ) ) ;
#7659 = ORIENTED_EDGE ( 'NONE', *, *, #4954, .F. ) ;
#7660 = VERTEX_POINT ( 'NONE', #4375 ) ;
#7661 = LINE ( 'NONE', #5638, #1989 ) ;
#7662 = VERTEX_POINT ( 'NONE', #1517 ) ;
#7663 = CARTESIAN_POINT ( 'NONE',  ( 1.600000000000000089, 0.002500000000000000052, 1.365000000000000213 ) ) ;
#7664 = PLANE ( 'NONE',  #65 ) ;
#7665 = LINE ( 'NONE', #387, #3820 ) ;
#7666 = CARTESIAN_POINT ( 'NONE',  ( 2.001999999999999780, 0.2025000000000000133, 1.364999999999999991 ) ) ;
#7667 = DIRECTION ( 'NONE',  ( 0.0000000000000000000, -0.0000000000000000000, -1.000000000000000000 ) ) ;
#7668 = ORIENTED_EDGE ( 'NONE', *, *, #8373, .T. ) ;
#7669 = LINE ( 'NONE', #9117, #7575 ) ;
#7670 = VECTOR ( 'NONE', #8585, 1000.000000000000000 ) ;
#7671 = DIRECTION ( 'NONE',  ( 0.0000000000000000000, -1.000000000000000000, 0.0000000000000000000 ) ) ;
#7672 = DIRECTION ( 'NONE',  ( 1.000000000000000000, -0.0000000000000000000, -0.0000000000000000000 ) ) ;
#7673 = DIRECTION ( 'NONE',  ( -0.0000000000000000000, -0.0000000000000000000, 1.000000000000000000 ) ) ;
#7674 = EDGE_LOOP ( 'NONE', ( #4377, #2126, #8088, #8043 ) ) ;
#7675 = EDGE_CURVE ( 'NONE', #9042, #8419, #6470, .T. ) ;
#7676 = SURFACE_STYLE_USAGE ( .BOTH. , #2788 ) ;
#7677 = ORIENTED_EDGE ( 'NONE', *, *, #9127, .T. ) ;
#7678 = SURFACE_STYLE_FILL_AREA ( #2790 ) ;
#7679 = FILL_AREA_STYLE ('',( #3614 ) ) ;
#7680 = SURFACE_STYLE_FILL_AREA ( #4089 ) ;
#7681 = EDGE_CURVE ( 'NONE', #7938, #3192, #4237, .T. ) ;
#7682 = ORIENTED_EDGE ( 'NONE', *, *, #4583, .T. ) ;
#7683 = ORIENTED_EDGE ( 'NONE', *, *, #8158, .T. ) ;
#7684 = DIRECTION ( 'NONE',  ( 1.000000000000000000, -0.0000000000000000000, 0.0000000000000000000 ) ) ;
#7685 = ORIENTED_EDGE ( 'NONE', *, *, #8499, .T. ) ;
#7686 = VERTEX_POINT ( 'NONE', #2872 ) ;
#7687 = DIRECTION ( 'NONE',  ( 0.0000000000000000000, 0.0000000000000000000, -1.000000000000000000 ) ) ;
#7688 = VECTOR ( 'NONE', #5757, 1000.000000000000000 ) ;
#7689 = FILL_AREA_STYLE_COLOUR ( '', #6542 ) ;
#7690 =( NAMED_UNIT ( * ) PLANE_ANGLE_UNIT ( ) SI_UNIT ( $, .RADIAN. ) );
#7691 = EDGE_CURVE ( 'NONE', #2631, #4920, #1583, .T. ) ;
#7692 = ORIENTED_EDGE ( 'NONE', *, *, #1070, .F. ) ;
#7693 = ADVANCED_FACE ( 'NONE', ( #92 ), #5747, .F. ) ;
#7694 = PRESENTATION_STYLE_ASSIGNMENT (( #4744 ) ) ;
#7695 = DIRECTION ( 'NONE',  ( -0.0000000000000000000, -1.000000000000000000, -0.0000000000000000000 ) ) ;
#7696 = ORIENTED_EDGE ( 'NONE', *, *, #3513, .T. ) ;
#7697 = CARTESIAN_POINT ( 'NONE',  ( 2.001999999999999780, 0.002500000000000000052, 0.8649999999999998801 ) ) ;
#7698 = CARTESIAN_POINT ( 'NONE',  ( 2.001999999999999780, 0.2025000000000000133, 0.6349999999999998979 ) ) ;
#7699 = FILL_AREA_STYLE_COLOUR ( '', #3214 ) ;
#7700 = LINE ( 'NONE', #2964, #614 ) ;
#7701 = PLANE ( 'NONE',  #345 ) ;
#7702 =( NAMED_UNIT ( * ) SI_UNIT ( $, .STERADIAN. ) SOLID_ANGLE_UNIT ( ) );
#7703 = EDGE_CURVE ( 'NONE', #748, #162, #6557, .T. ) ;
#7704 = ORIENTED_EDGE ( 'NONE', *, *, #3351, .F. ) ;
#7705 = VECTOR ( 'NONE', #5866, 1000.000000000000000 ) ;
#7706 = SURFACE_STYLE_FILL_AREA ( #4148 ) ;
#7707 =( LENGTH_UNIT ( ) NAMED_UNIT ( * ) SI_UNIT ( .MILLI., .METRE. ) );
#7708 = AXIS2_PLACEMENT_3D ( 'NONE', #5359, #3898, #3106 ) ;
#7709 = SURFACE_STYLE_USAGE ( .BOTH. , #3994 ) ;
#7710 = SURFACE_STYLE_FILL_AREA ( #8403 ) ;
#7711 = PLANE ( 'NONE',  #2229 ) ;
#7712 = EDGE_LOOP ( 'NONE', ( #2106, #1627, #8999, #7668 ) ) ;
#7713 =( GEOMETRIC_REPRESENTATION_CONTEXT ( 3 ) GLOBAL_UNCERTAINTY_ASSIGNED_CONTEXT ( ( #3850 ) ) GLOBAL_UNIT_ASSIGNED_CONTEXT ( ( #4572, #8935, #7382 ) ) REPRESENTATION_CONTEXT ( 'NONE', 'WORKASPACE' ) );
#7714 = VERTEX_POINT ( 'NONE', #1676 ) ;
#7715 = CARTESIAN_POINT ( 'NONE',  ( 1.135000000000000675, 0.002500000000000003088, -1.600000000000000089 ) ) ;
#7716 =( GEOMETRIC_REPRESENTATION_CONTEXT ( 3 ) GLOBAL_UNCERTAINTY_ASSIGNED_CONTEXT ( ( #3742 ) ) GLOBAL_UNIT_ASSIGNED_CONTEXT ( ( #2778, #4242, #3600 ) ) REPRESENTATION_CONTEXT ( 'NONE', 'WORKASPACE' ) );
#7717 = COLOUR_RGB ( '',1.000000000000000000, 1.000000000000000000, 1.000000000000000000 ) ;
#7718 = CARTESIAN_POINT ( 'NONE',  ( -2.000000000000000000, 0.9000000000000000222, -2.000000000000000000 ) ) ;
#7719 = DIRECTION ( 'NONE',  ( 1.000000000000000000, 0.0000000000000000000, 0.0000000000000000000 ) ) ;
#7720 = DIRECTION ( 'NONE',  ( -0.0000000000000000000, 0.0000000000000000000, 1.000000000000000000 ) ) ;
#7721 = DIRECTION ( 'NONE',  ( -0.7071067811865474617, -0.0000000000000000000, 0.7071067811865474617 ) ) ;
#7722 = ORIENTED_EDGE ( 'NONE', *, *, #5018, .F. ) ;
#7723 = SURFACE_STYLE_USAGE ( .BOTH. , #5676 ) ;
#7724 = PRESENTATION_LAYER_ASSIGNMENT (  '', '', ( #2436 ) ) ;
#7725 = ORIENTED_EDGE ( 'NONE', *, *, #2861, .T. ) ;
#7726 = VERTEX_POINT ( 'NONE', #5260 ) ;
#7727 = EDGE_LOOP ( 'NONE', ( #3129, #8453, #6720, #7502 ) ) ;
#7728 = PLANE ( 'NONE',  #7411 ) ;
#7729 = DIRECTION ( 'NONE',  ( 1.000000000000000000, 0.0000000000000000000, 0.0000000000000000000 ) ) ;
#7730 = COLOUR_RGB ( '',1.000000000000000000, 1.000000000000000000, 1.000000000000000000 ) ;
#7731 = EDGE_CURVE ( 'NONE', #1223, #2069, #995, .T. ) ;
#7732 = ADVANCED_FACE ( 'NONE', ( #3793 ), #1769, .F. ) ;
#7733 = PLANE ( 'NONE',  #1851 ) ;
#7734 = VECTOR ( 'NONE', #6648, 1000.000000000000000 ) ;
#7735 = VECTOR ( 'NONE', #531, 1000.000000000000000 ) ;
#7736 = CARTESIAN_POINT ( 'NONE',  ( -0.3649999999999996581, 0.1999999999999999833, 2.000000000000000000 ) ) ;
#7737 = CARTESIAN_POINT ( 'NONE',  ( 2.000000000000000000, 0.002500000000000000052, -1.135000000000000009 ) ) ;
#7738 = VECTOR ( 'NONE', #6400, 1000.000000000000000 ) ;
#7739 = ORIENTED_EDGE ( 'NONE', *, *, #3298, .F. ) ;
#7740 =( NAMED_UNIT ( * ) PLANE_ANGLE_UNIT ( ) SI_UNIT ( $, .RADIAN. ) );
#7741 = ORIENTED_EDGE ( 'NONE', *, *, #3012, .F. ) ;
#7742 = SURFACE_STYLE_FILL_AREA ( #4921 ) ;
#7743 = ORIENTED_EDGE ( 'NONE', *, *, #6451, .T. ) ;
#7744 = AXIS2_PLACEMENT_3D ( 'NONE', #600, #559, #6881 ) ;
#7745 = CARTESIAN_POINT ( 'NONE',  ( 2.000000000000000000, 0.0000000000000000000, 1.135000000000000231 ) ) ;
#7746 = EDGE_CURVE ( 'NONE', #5254, #7648, #4564, .T. ) ;
#7747 = DIRECTION ( 'NONE',  ( 0.0000000000000000000, -1.000000000000000000, 0.0000000000000000000 ) ) ;
#7748 = AXIS2_PLACEMENT_3D ( 'NONE', #4645, #8912, #6860 ) ;
#7749 = EDGE_CURVE ( 'NONE', #2543, #8017, #6692, .T. ) ;
#7750 = PLANE ( 'NONE',  #176 ) ;
#7751 =( GEOMETRIC_REPRESENTATION_CONTEXT ( 3 ) GLOBAL_UNCERTAINTY_ASSIGNED_CONTEXT ( ( #6707 ) ) GLOBAL_UNIT_ASSIGNED_CONTEXT ( ( #6289, #5617, #4160 ) ) REPRESENTATION_CONTEXT ( 'NONE', 'WORKASPACE' ) );
#7752 =( LENGTH_UNIT ( ) NAMED_UNIT ( * ) SI_UNIT ( .MILLI., .METRE. ) );
#7753 = DIRECTION ( 'NONE',  ( 1.000000000000000000, 0.0000000000000000000, 4.065758146820642614E-16 ) ) ;
#7754 = VECTOR ( 'NONE', #3658, 1000.000000000000000 ) ;
#7755 = PLANE ( 'NONE',  #1966 ) ;
#7756 = EDGE_LOOP ( 'NONE', ( #6908, #7080, #4130, #1974 ) ) ;
#7757 = LINE ( 'NONE', #1482, #6391 ) ;
#7758 =( NAMED_UNIT ( * ) SI_UNIT ( $, .STERADIAN. ) SOLID_ANGLE_UNIT ( ) );
#7759 = EDGE_CURVE ( 'NONE', #3274, #2546, #6603, .T. ) ;
#7760 = CARTESIAN_POINT ( 'NONE',  ( -2.001999999999999780, 0.002500000000000000052, -1.365000000000000213 ) ) ;
#7761 = DIRECTION ( 'NONE',  ( 1.000000000000000000, 0.0000000000000000000, 0.0000000000000000000 ) ) ;
#7762 = VECTOR ( 'NONE', #2484, 1000.000000000000000 ) ;
#7763 = DIRECTION ( 'NONE',  ( -0.0000000000000000000, -1.000000000000000000, -0.0000000000000000000 ) ) ;
#7764 = EDGE_LOOP ( 'NONE', ( #4405, #8323, #5774, #1025 ) ) ;
#7765 =( GEOMETRIC_REPRESENTATION_CONTEXT ( 3 ) GLOBAL_UNCERTAINTY_ASSIGNED_CONTEXT ( ( #7531 ) ) GLOBAL_UNIT_ASSIGNED_CONTEXT ( ( #2647, #1914, #7702 ) ) REPRESENTATION_CONTEXT ( 'NONE', 'WORKASPACE' ) );
#7766 =( NAMED_UNIT ( * ) SI_UNIT ( $, .STERADIAN. ) SOLID_ANGLE_UNIT ( ) );
#7767 = ORIENTED_EDGE ( 'NONE', *, *, #775, .T. ) ;
#7768 = COLOUR_RGB ( '',1.000000000000000000, 1.000000000000000000, 1.000000000000000000 ) ;
#7769 = CARTESIAN_POINT ( 'NONE',  ( 0.1350000000000004530, 0.0000000000000000000, -1.600000000000000089 ) ) ;
#7770 = PRESENTATION_LAYER_ASSIGNMENT (  '', '', ( #3354 ) ) ;
#7771 = PLANE ( 'NONE',  #8284 ) ;
#7772 = VECTOR ( 'NONE', #784, 1000.000000000000000 ) ;
#7773 = DIRECTION ( 'NONE',  ( -0.0000000000000000000, -1.000000000000000000, -0.0000000000000000000 ) ) ;
#7774 = LINE ( 'NONE', #2981, #8947 ) ;
#7775 = FACE_OUTER_BOUND ( 'NONE', #732, .T. ) ;
#7776 = DIRECTION ( 'NONE',  ( 0.0000000000000000000, 0.0000000000000000000, -1.000000000000000000 ) ) ;
#7777 = STYLED_ITEM ( 'NONE', ( #2471 ), #8265 ) ;
#7778 =( NAMED_UNIT ( * ) PLANE_ANGLE_UNIT ( ) SI_UNIT ( $, .RADIAN. ) );
#7779 = ORIENTED_EDGE ( 'NONE', *, *, #8599, .F. ) ;
#7780 = LINE ( 'NONE', #9143, #3937 ) ;
#7781 = VERTEX_POINT ( 'NONE', #332 ) ;
#7782 = ORIENTED_EDGE ( 'NONE', *, *, #7454, .F. ) ;
#7783 = MECHANICAL_DESIGN_GEOMETRIC_PRESENTATION_REPRESENTATION (  '', ( #6614 ), #7335 ) ;
#7784 = DIRECTION ( 'NONE',  ( 2.710505431213761578E-16, 0.0000000000000000000, 1.000000000000000000 ) ) ;
#7785 = FILL_AREA_STYLE_COLOUR ( '', #8034 ) ;
#7786 = LINE ( 'NONE', #9100, #2011 ) ;
#7787 = CARTESIAN_POINT ( 'NONE',  ( -1.249999999999999778, 0.002500000000000000052, -1.250000000000000222 ) ) ;
#7788 = PRESENTATION_LAYER_ASSIGNMENT (  '', '', ( #6149 ) ) ;
#7789 = VERTEX_POINT ( 'NONE', #8132 ) ;
#7790 = EDGE_CURVE ( 'NONE', #1281, #4920, #3173, .T. ) ;
#7791 = ORIENTED_EDGE ( 'NONE', *, *, #8253, .T. ) ;
#7792 = VECTOR ( 'NONE', #2980, 1000.000000000000000 ) ;
#7793 = VERTEX_POINT ( 'NONE', #5297 ) ;
#7794 = DIRECTION ( 'NONE',  ( 1.000000000000000000, 0.0000000000000000000, 0.0000000000000000000 ) ) ;
#7795 = FILL_AREA_STYLE ('',( #4973 ) ) ;
#7796 = SURFACE_STYLE_FILL_AREA ( #5066 ) ;
#7797 = DIRECTION ( 'NONE',  ( 0.0000000000000000000, -0.0000000000000000000, 1.000000000000000000 ) ) ;
#7798 = MECHANICAL_DESIGN_GEOMETRIC_PRESENTATION_REPRESENTATION (  '', ( #5872 ), #6018 ) ;
#7799 = SURFACE_SIDE_STYLE ('',( #7148 ) ) ;
#7800 = CARTESIAN_POINT ( 'NONE',  ( -2.000000000000000000, 0.002500000000000000052, -0.6350000000000001199 ) ) ;
#7801 = UNCERTAINTY_MEASURE_WITH_UNIT (LENGTH_MEASURE( 1.000000000000000082E-05 ), #422, 'distance_accuracy_value', 'NONE');
#7802 = EDGE_CURVE ( 'NONE', #3192, #4211, #7424, .T. ) ;
#7803 = ORIENTED_EDGE ( 'NONE', *, *, #775, .F. ) ;
#7804 = DIRECTION ( 'NONE',  ( -0.0000000000000000000, -1.000000000000000000, -0.0000000000000000000 ) ) ;
#7805 = ADVANCED_FACE ( 'NONE', ( #4740 ), #547, .T. ) ;
#7806 = LINE ( 'NONE', #2968, #2033 ) ;
#7807 =( NAMED_UNIT ( * ) SI_UNIT ( $, .STERADIAN. ) SOLID_ANGLE_UNIT ( ) );
#7808 =( LENGTH_UNIT ( ) NAMED_UNIT ( * ) SI_UNIT ( .MILLI., .METRE. ) );
#7809 = DIRECTION ( 'NONE',  ( 0.0000000000000000000, 0.0000000000000000000, 1.000000000000000000 ) ) ;
#7810 = CARTESIAN_POINT ( 'NONE',  ( 0.3650000000000004352, 0.2000000000000000111, 2.001999999999999780 ) ) ;
#7811 = LINE ( 'NONE', #2974, #3965 ) ;
#7812 = MECHANICAL_DESIGN_GEOMETRIC_PRESENTATION_REPRESENTATION (  '', ( #1779 ), #4261 ) ;
#7813 = VERTEX_POINT ( 'NONE', #3371 ) ;
#7814 = EDGE_CURVE ( 'NONE', #2393, #6179, #3406, .T. ) ;
#7815 = UNCERTAINTY_MEASURE_WITH_UNIT (LENGTH_MEASURE( 1.000000000000000082E-05 ), #7540, 'distance_accuracy_value', 'NONE');
#7816 = FILL_AREA_STYLE ('',( #710 ) ) ;
#7817 =( NAMED_UNIT ( * ) SI_UNIT ( $, .STERADIAN. ) SOLID_ANGLE_UNIT ( ) );
#7818 = VERTEX_POINT ( 'NONE', #8388 ) ;
#7819 = PRESENTATION_STYLE_ASSIGNMENT (( #865 ) ) ;
#7820 = SURFACE_SIDE_STYLE ('',( #3759 ) ) ;
#7821 = SURFACE_SIDE_STYLE ('',( #3764 ) ) ;
#7822 =( NAMED_UNIT ( * ) SI_UNIT ( $, .STERADIAN. ) SOLID_ANGLE_UNIT ( ) );
#7823 = DIRECTION ( 'NONE',  ( 1.000000000000000000, 0.0000000000000000000, -2.710505431213761578E-16 ) ) ;
#7824 = EDGE_CURVE ( 'NONE', #3375, #5624, #9053, .T. ) ;
#7825 = UNCERTAINTY_MEASURE_WITH_UNIT (LENGTH_MEASURE( 1.000000000000000082E-05 ), #5800, 'distance_accuracy_value', 'NONE');
#7826 = DIRECTION ( 'NONE',  ( 1.000000000000000000, 0.0000000000000000000, -4.065758146820642614E-16 ) ) ;
#7827 = ORIENTED_EDGE ( 'NONE', *, *, #9181, .T. ) ;
#7828 = CARTESIAN_POINT ( 'NONE',  ( 2.000000000000000000, 0.0000000000000000000, -0.6350000000000000089 ) ) ;
#7829 = ORIENTED_EDGE ( 'NONE', *, *, #2969, .T. ) ;
#7830 = ORIENTED_EDGE ( 'NONE', *, *, #716, .F. ) ;
#7831 = CARTESIAN_POINT ( 'NONE',  ( -2.000000000000000000, 0.0000000000000000000, 0.8649999999999999911 ) ) ;
#7832 =( NAMED_UNIT ( * ) PLANE_ANGLE_UNIT ( ) SI_UNIT ( $, .RADIAN. ) );
#7833 = DIRECTION ( 'NONE',  ( 1.000000000000000000, 0.0000000000000000000, -2.710505431213761578E-16 ) ) ;
#7834 = SURFACE_SIDE_STYLE ('',( #8974 ) ) ;
#7835 = DIRECTION ( 'NONE',  ( 0.0000000000000000000, -0.0000000000000000000, 1.000000000000000000 ) ) ;
#7836 = ORIENTED_EDGE ( 'NONE', *, *, #4257, .F. ) ;
#7837 =( NAMED_UNIT ( * ) PLANE_ANGLE_UNIT ( ) SI_UNIT ( $, .RADIAN. ) );
#7838 = VERTEX_POINT ( 'NONE', #6073 ) ;
#7839 = SURFACE_STYLE_USAGE ( .BOTH. , #5011 ) ;
#7840 = AXIS2_PLACEMENT_3D ( 'NONE', #5729, #1655, #3075 ) ;
#7841 = ORIENTED_EDGE ( 'NONE', *, *, #8896, .T. ) ;
#7842 = LINE ( 'NONE', #1420, #6371 ) ;
#7843 = SURFACE_STYLE_FILL_AREA ( #5014 ) ;
#7844 = PRESENTATION_STYLE_ASSIGNMENT (( #6264 ) ) ;
#7845 = ADVANCED_FACE ( 'NONE', ( #9103 ), #4134, .F. ) ;
#7846 = LINE ( 'NONE', #6362, #6853 ) ;
#7847 =( NAMED_UNIT ( * ) PLANE_ANGLE_UNIT ( ) SI_UNIT ( $, .RADIAN. ) );
#7848 =( GEOMETRIC_REPRESENTATION_CONTEXT ( 3 ) GLOBAL_UNCERTAINTY_ASSIGNED_CONTEXT ( ( #1636 ) ) GLOBAL_UNIT_ASSIGNED_CONTEXT ( ( #7451, #6057, #3999 ) ) REPRESENTATION_CONTEXT ( 'NONE', 'WORKASPACE' ) );
#7849 = CARTESIAN_POINT ( 'NONE',  ( -1.600000000000000089, 0.002500000000000000052, -0.1350000000000000089 ) ) ;
#7850 = CARTESIAN_POINT ( 'NONE',  ( 2.000000000000000000, 0.2024999999999999856, -0.6350000000000001199 ) ) ;
#7851 = ORIENTED_EDGE ( 'NONE', *, *, #2901, .F. ) ;
#7852 = EDGE_CURVE ( 'NONE', #2393, #7813, #3974, .T. ) ;
#7853 = SURFACE_STYLE_USAGE ( .BOTH. , #8642 ) ;
#7854 = ADVANCED_FACE ( 'NONE', ( #8299 ), #4781, .F. ) ;
#7855 = FILL_AREA_STYLE ('',( #7022 ) ) ;
#7856 = EDGE_CURVE ( 'NONE', #5332, #7041, #5589, .T. ) ;
#7857 = FILL_AREA_STYLE ('',( #4290 ) ) ;
#7858 = MECHANICAL_DESIGN_GEOMETRIC_PRESENTATION_REPRESENTATION (  '', ( #2997 ), #6375 ) ;
#7859 = EDGE_LOOP ( 'NONE', ( #380, #7576, #2310, #6944 ) ) ;
#7860 = VECTOR ( 'NONE', #1317, 1000.000000000000000 ) ;
#7861 = CARTESIAN_POINT ( 'NONE',  ( 2.000000000000000000, 0.002500000000000000052, 0.1350000000000000366 ) ) ;
#7862 = LINE ( 'NONE', #8705, #2903 ) ;
#7863 = VERTEX_POINT ( 'NONE', #1466 ) ;
#7864 = FILL_AREA_STYLE_COLOUR ( '', #7023 ) ;
#7865 = VECTOR ( 'NONE', #862, 1000.000000000000000 ) ;
#7866 = EDGE_CURVE ( 'NONE', #366, #6065, #7133, .T. ) ;
#7867 = CARTESIAN_POINT ( 'NONE',  ( 2.001999999999999780, 0.2025000000000000133, -1.365000000000000213 ) ) ;
#7868 = DIRECTION ( 'NONE',  ( 0.0000000000000000000, 1.000000000000000000, 0.0000000000000000000 ) ) ;
#7869 = EDGE_CURVE ( 'NONE', #623, #3375, #7880, .T. ) ;
#7870 = SURFACE_SIDE_STYLE ('',( #5768 ) ) ;
#7871 = ORIENTED_EDGE ( 'NONE', *, *, #7019, .F. ) ;
#7872 = DIRECTION ( 'NONE',  ( -1.000000000000000000, 0.0000000000000000000, -0.0000000000000000000 ) ) ;
#7873 = ORIENTED_EDGE ( 'NONE', *, *, #5503, .F. ) ;
#7874 = ORIENTED_EDGE ( 'NONE', *, *, #3853, .T. ) ;
#7875 = LINE ( 'NONE', #5003, #8795 ) ;
#7876 = EDGE_CURVE ( 'NONE', #3120, #5976, #3629, .T. ) ;
#7877 = VECTOR ( 'NONE', #5593, 1000.000000000000000 ) ;
#7878 = CARTESIAN_POINT ( 'NONE',  ( 2.000000000000000000, 0.9000000000000000222, -2.000000000000000000 ) ) ;
#7879 =( NAMED_UNIT ( * ) PLANE_ANGLE_UNIT ( ) SI_UNIT ( $, .RADIAN. ) );
#7880 = LINE ( 'NONE', #3681, #7772 ) ;
#7881 = PRESENTATION_LAYER_ASSIGNMENT (  '', '', ( #5494 ) ) ;
#7882 = VERTEX_POINT ( 'NONE', #2905 ) ;
#7883 = VERTEX_POINT ( 'NONE', #6305 ) ;
#7884 = VECTOR ( 'NONE', #5333, 1000.000000000000000 ) ;
#7885 =( NAMED_UNIT ( * ) SI_UNIT ( $, .STERADIAN. ) SOLID_ANGLE_UNIT ( ) );
#7886 = VERTEX_POINT ( 'NONE', #6496 ) ;
#7887 = LINE ( 'NONE', #8030, #2565 ) ;
#7888 =( GEOMETRIC_REPRESENTATION_CONTEXT ( 3 ) GLOBAL_UNCERTAINTY_ASSIGNED_CONTEXT ( ( #8455 ) ) GLOBAL_UNIT_ASSIGNED_CONTEXT ( ( #5470, #6082, #3414 ) ) REPRESENTATION_CONTEXT ( 'NONE', 'WORKASPACE' ) );
#7889 = DIRECTION ( 'NONE',  ( 0.0000000000000000000, -0.0000000000000000000, -1.000000000000000000 ) ) ;
#7890 = STYLED_ITEM ( 'NONE', ( #1541 ), #6326 ) ;
#7891 = FACE_OUTER_BOUND ( 'NONE', #6669, .T. ) ;
#7892 =( NAMED_UNIT ( * ) SI_UNIT ( $, .STERADIAN. ) SOLID_ANGLE_UNIT ( ) );
#7893 = CARTESIAN_POINT ( 'NONE',  ( 0.6350000000000003419, 0.2000000000000000389, -2.001999999999999780 ) ) ;
#7894 = DIRECTION ( 'NONE',  ( 1.000000000000000000, 0.0000000000000000000, 0.0000000000000000000 ) ) ;
#7895 = VECTOR ( 'NONE', #7186, 1000.000000000000000 ) ;
#7896 = PLANE ( 'NONE',  #3632 ) ;
#7897 = LINE ( 'NONE', #6558, #5433 ) ;
#7898 = ORIENTED_EDGE ( 'NONE', *, *, #281, .T. ) ;
#7899 = DIRECTION ( 'NONE',  ( 1.000000000000000000, -0.0000000000000000000, -0.0000000000000000000 ) ) ;
#7900 = ORIENTED_EDGE ( 'NONE', *, *, #4540, .T. ) ;
#7901 = CARTESIAN_POINT ( 'NONE',  ( 2.000000000000000000, 0.002500000000000000052, 0.8649999999999999911 ) ) ;
#7902 = PLANE ( 'NONE',  #2190 ) ;
#7903 = COLOUR_RGB ( '',1.000000000000000000, 1.000000000000000000, 1.000000000000000000 ) ;
#7904 = DIRECTION ( 'NONE',  ( 1.000000000000000000, -0.0000000000000000000, -0.0000000000000000000 ) ) ;
#7905 = STYLED_ITEM ( 'NONE', ( #2317 ), #6675 ) ;
#7906 = CARTESIAN_POINT ( 'NONE',  ( 0.8650000000000004352, 0.2000000000000000389, 2.001999999999999780 ) ) ;
#7907 = VECTOR ( 'NONE', #1347, 1000.000000000000000 ) ;
#7908 = UNCERTAINTY_MEASURE_WITH_UNIT (LENGTH_MEASURE( 1.000000000000000082E-05 ), #4395, 'distance_accuracy_value', 'NONE');
#7909 = DIRECTION ( 'NONE',  ( 0.0000000000000000000, -0.0000000000000000000, 1.000000000000000000 ) ) ;
#7910 = ORIENTED_EDGE ( 'NONE', *, *, #4473, .T. ) ;
#7911 = UNCERTAINTY_MEASURE_WITH_UNIT (LENGTH_MEASURE( 1.000000000000000082E-05 ), #7032, 'distance_accuracy_value', 'NONE');
#7912 = MECHANICAL_DESIGN_GEOMETRIC_PRESENTATION_REPRESENTATION (  '', ( #7310 ), #5102 ) ;
#7913 = PRESENTATION_STYLE_ASSIGNMENT (( #4293 ) ) ;
#7914 = VERTEX_POINT ( 'NONE', #9149 ) ;
#7915 = STYLED_ITEM ( 'NONE', ( #964 ), #4124 ) ;
#7916 = VECTOR ( 'NONE', #4624, 1000.000000000000000 ) ;
#7917 = CARTESIAN_POINT ( 'NONE',  ( 2.001999999999999780, 0.2025000000000000133, -0.3650000000000001577 ) ) ;
#7918 = DIRECTION ( 'NONE',  ( 1.000000000000000000, 0.0000000000000000000, -0.0000000000000000000 ) ) ;
#7919 = PRESENTATION_STYLE_ASSIGNMENT (( #8008 ) ) ;
#7920 = MECHANICAL_DESIGN_GEOMETRIC_PRESENTATION_REPRESENTATION (  '', ( #2907 ), #7475 ) ;
#7921 =( GEOMETRIC_REPRESENTATION_CONTEXT ( 3 ) GLOBAL_UNCERTAINTY_ASSIGNED_CONTEXT ( ( #304 ) ) GLOBAL_UNIT_ASSIGNED_CONTEXT ( ( #5521, #2054, #9120 ) ) REPRESENTATION_CONTEXT ( 'NONE', 'WORKASPACE' ) );
#7922 = UNCERTAINTY_MEASURE_WITH_UNIT (LENGTH_MEASURE( 1.000000000000000082E-05 ), #2093, 'distance_accuracy_value', 'NONE');
#7923 = ORIENTED_EDGE ( 'NONE', *, *, #1843, .T. ) ;
#7924 = DIRECTION ( 'NONE',  ( 1.000000000000000000, -0.0000000000000000000, -0.0000000000000000000 ) ) ;
#7925 = ORIENTED_EDGE ( 'NONE', *, *, #2170, .F. ) ;
#7926 = EDGE_CURVE ( 'NONE', #6698, #624, #2265, .T. ) ;
#7927 = ORIENTED_EDGE ( 'NONE', *, *, #4644, .T. ) ;
#7928 = DIRECTION ( 'NONE',  ( 0.0000000000000000000, -0.0000000000000000000, -1.000000000000000000 ) ) ;
#7929 = DIRECTION ( 'NONE',  ( 1.000000000000000000, 0.0000000000000000000, -2.710505431213761578E-16 ) ) ;
#7930 = FACE_OUTER_BOUND ( 'NONE', #6489, .T. ) ;
#7931 = SURFACE_STYLE_USAGE ( .BOTH. , #5005 ) ;
#7932 = AXIS2_PLACEMENT_3D ( 'NONE', #5491, #2542, #5424 ) ;
#7933 = SURFACE_SIDE_STYLE ('',( #6497 ) ) ;
#7934 = EDGE_LOOP ( 'NONE', ( #4885, #6039, #2664, #2699 ) ) ;
#7935 = SURFACE_STYLE_FILL_AREA ( #3782 ) ;
#7936 = EDGE_CURVE ( 'NONE', #634, #3196, #2119, .T. ) ;
#7937 = MECHANICAL_DESIGN_GEOMETRIC_PRESENTATION_REPRESENTATION (  '', ( #4975 ), #8087 ) ;
#7938 = VERTEX_POINT ( 'NONE', #5688 ) ;
#7939 = DIRECTION ( 'NONE',  ( 1.000000000000000000, 0.0000000000000000000, -4.065758146820642614E-16 ) ) ;
#7940 = EDGE_LOOP ( 'NONE', ( #3487, #3048, #1359, #6770, #8681, #9141 ) ) ;
#7941 = CARTESIAN_POINT ( 'NONE',  ( -2.000000000000000000, 0.002500000000000000052, 0.1350000000000000366 ) ) ;
#7942 =( GEOMETRIC_REPRESENTATION_CONTEXT ( 3 ) GLOBAL_UNCERTAINTY_ASSIGNED_CONTEXT ( ( #4133 ) ) GLOBAL_UNIT_ASSIGNED_CONTEXT ( ( #5397, #6215, #4747 ) ) REPRESENTATION_CONTEXT ( 'NONE', 'WORKASPACE' ) );
#7943 = DIRECTION ( 'NONE',  ( -0.0000000000000000000, -1.000000000000000000, -0.0000000000000000000 ) ) ;
#7944 = SURFACE_SIDE_STYLE ('',( #3642 ) ) ;
#7945 =( NAMED_UNIT ( * ) SI_UNIT ( $, .STERADIAN. ) SOLID_ANGLE_UNIT ( ) );
#7946 = VECTOR ( 'NONE', #5569, 1000.000000000000000 ) ;
#7947 = CARTESIAN_POINT ( 'NONE',  ( -2.000000000000000000, 0.0000000000000000000, -0.6350000000000000089 ) ) ;
#7948 = PLANE ( 'NONE',  #7955 ) ;
#7949 =( GEOMETRIC_REPRESENTATION_CONTEXT ( 3 ) GLOBAL_UNCERTAINTY_ASSIGNED_CONTEXT ( ( #3972 ) ) GLOBAL_UNIT_ASSIGNED_CONTEXT ( ( #5385, #8970, #1942 ) ) REPRESENTATION_CONTEXT ( 'NONE', 'WORKASPACE' ) );
#7950 = CARTESIAN_POINT ( 'NONE',  ( 2.000000000000000000, 0.002500000000000000052, -0.3650000000000001577 ) ) ;
#7951 = EDGE_CURVE ( 'NONE', #4920, #2631, #7184, .T. ) ;
#7952 = ORIENTED_EDGE ( 'NONE', *, *, #7639, .F. ) ;
#7953 = FILL_AREA_STYLE ('',( #8637 ) ) ;
#7954 = CARTESIAN_POINT ( 'NONE',  ( -2.001999999999999780, 0.2025000000000000133, 0.3649999999999998801 ) ) ;
#7955 = AXIS2_PLACEMENT_3D ( 'NONE', #5647, #4425, #3646 ) ;
#7956 = LINE ( 'NONE', #59, #628 ) ;
#7957 = PLANE ( 'NONE',  #8124 ) ;
#7958 = DIRECTION ( 'NONE',  ( 0.0000000000000000000, 0.0000000000000000000, 1.000000000000000000 ) ) ;
#7959 = ORIENTED_EDGE ( 'NONE', *, *, #3254, .F. ) ;
#7960 = CARTESIAN_POINT ( 'NONE',  ( -2.001999999999999780, 0.2025000000000000133, 1.135000000000000009 ) ) ;
#7961 = VERTEX_POINT ( 'NONE', #7787 ) ;
#7962 = PLANE ( 'NONE',  #5112 ) ;
#7963 = SURFACE_STYLE_USAGE ( .BOTH. , #3065 ) ;
#7964 = LINE ( 'NONE', #4397, #5280 ) ;
#7965 = PRESENTATION_LAYER_ASSIGNMENT (  '', '', ( #5441 ) ) ;
#7966 = EDGE_CURVE ( 'NONE', #5380, #6587, #8524, .T. ) ;
#7967 = MECHANICAL_DESIGN_GEOMETRIC_PRESENTATION_REPRESENTATION (  '', ( #6330 ), #3993 ) ;
#7968 = FILL_AREA_STYLE_COLOUR ( '', #7606 ) ;
#7969 = DIRECTION ( 'NONE',  ( 0.0000000000000000000, -0.0000000000000000000, -1.000000000000000000 ) ) ;
#7970 = EDGE_LOOP ( 'NONE', ( #3611, #3050, #2331, #5428 ) ) ;
#7971 = ORIENTED_EDGE ( 'NONE', *, *, #8357, .F. ) ;
#7972 = PRESENTATION_LAYER_ASSIGNMENT (  '', '', ( #5564 ) ) ;
#7973 = EDGE_LOOP ( 'NONE', ( #4942, #140 ) ) ;
#7974 = SURFACE_STYLE_USAGE ( .BOTH. , #5630 ) ;
#7975 = ADVANCED_FACE ( 'NONE', ( #5007 ), #5055, .F. ) ;
#7976 = DIRECTION ( 'NONE',  ( 0.0000000000000000000, 0.0000000000000000000, 1.000000000000000000 ) ) ;
#7977 = FILL_AREA_STYLE ('',( #5149 ) ) ;
#7978 = DIRECTION ( 'NONE',  ( 1.000000000000000000, 0.0000000000000000000, 0.0000000000000000000 ) ) ;
#7979 = ORIENTED_EDGE ( 'NONE', *, *, #383, .T. ) ;
#7980 =( NAMED_UNIT ( * ) PLANE_ANGLE_UNIT ( ) SI_UNIT ( $, .RADIAN. ) );
#7981 = DIRECTION ( 'NONE',  ( 0.0000000000000000000, -1.000000000000000000, 0.0000000000000000000 ) ) ;
#7982 = ORIENTED_EDGE ( 'NONE', *, *, #5622, .F. ) ;
#7983 = ORIENTED_EDGE ( 'NONE', *, *, #3467, .F. ) ;
#7984 = CARTESIAN_POINT ( 'NONE',  ( 1.600000000000000089, 0.002500000000000000052, -0.3650000000000001577 ) ) ;
#7985 = CARTESIAN_POINT ( 'NONE',  ( -0.6349999999999995648, -2.980301110709575655E-17, 2.001999999999999780 ) ) ;
#7986 = DIRECTION ( 'NONE',  ( 1.000000000000000000, -0.0000000000000000000, 0.0000000000000000000 ) ) ;
#7987 = EDGE_CURVE ( 'NONE', #6874, #4699, #2318, .T. ) ;
#7988 = CARTESIAN_POINT ( 'NONE',  ( 0.3650000000000004352, 0.2000000000000000111, -2.000000000000000000 ) ) ;
#7989 = SURFACE_STYLE_FILL_AREA ( #5165 ) ;
#7990 = SURFACE_STYLE_FILL_AREA ( #333 ) ;
#7991 =( NAMED_UNIT ( * ) PLANE_ANGLE_UNIT ( ) SI_UNIT ( $, .RADIAN. ) );
#7992 = CARTESIAN_POINT ( 'NONE',  ( -0.6349999999999995648, 0.002499999999999979669, 2.000000000000000000 ) ) ;
#7993 = DIRECTION ( 'NONE',  ( 0.0000000000000000000, 0.0000000000000000000, 1.000000000000000000 ) ) ;
#7994 = SURFACE_STYLE_FILL_AREA ( #100 ) ;
#7995 = ADVANCED_FACE ( 'NONE', ( #6545 ), #8072, .F. ) ;
#7996 =( LENGTH_UNIT ( ) NAMED_UNIT ( * ) SI_UNIT ( .MILLI., .METRE. ) );
#7997 = CARTESIAN_POINT ( 'NONE',  ( -2.000000000000000000, 0.2025000000000000133, -1.135000000000000231 ) ) ;
#7998 = CARTESIAN_POINT ( 'NONE',  ( 2.000000000000000000, 0.002500000000000000052, -1.365000000000000213 ) ) ;
#7999 = VERTEX_POINT ( 'NONE', #5970 ) ;
#8000 = UNCERTAINTY_MEASURE_WITH_UNIT (LENGTH_MEASURE( 1.000000000000000082E-05 ), #1030, 'distance_accuracy_value', 'NONE');
#8001 = AXIS2_PLACEMENT_3D ( 'NONE', #7062, #5517, #2727 ) ;
#8002 = DIRECTION ( 'NONE',  ( 0.0000000000000000000, -0.0000000000000000000, 1.000000000000000000 ) ) ;
#8003 = CARTESIAN_POINT ( 'NONE',  ( -2.001999999999999780, 0.002500000000000000052, 1.364999999999999991 ) ) ;
#8004 = ORIENTED_EDGE ( 'NONE', *, *, #4077, .T. ) ;
#8005 = DIRECTION ( 'NONE',  ( -0.0000000000000000000, -0.0000000000000000000, 1.000000000000000000 ) ) ;
#8006 = DIRECTION ( 'NONE',  ( 0.0000000000000000000, 0.0000000000000000000, 1.000000000000000000 ) ) ;
#8007 = DIRECTION ( 'NONE',  ( -0.0000000000000000000, -1.000000000000000000, -0.0000000000000000000 ) ) ;
#8008 = SURFACE_STYLE_USAGE ( .BOTH. , #8753 ) ;
#8009 = STYLED_ITEM ( 'NONE', ( #1179 ), #1486 ) ;
#8010 =( LENGTH_UNIT ( ) NAMED_UNIT ( * ) SI_UNIT ( .MILLI., .METRE. ) );
#8011 =( NAMED_UNIT ( * ) PLANE_ANGLE_UNIT ( ) SI_UNIT ( $, .RADIAN. ) );
#8012 = UNCERTAINTY_MEASURE_WITH_UNIT (LENGTH_MEASURE( 1.000000000000000082E-05 ), #8485, 'distance_accuracy_value', 'NONE');
#8013 = LINE ( 'NONE', #7264, #5396 ) ;
#8014 = ORIENTED_EDGE ( 'NONE', *, *, #2389, .F. ) ;
#8015 = CARTESIAN_POINT ( 'NONE',  ( -2.001999999999999780, 0.2025000000000000133, -0.3650000000000001577 ) ) ;
#8016 = AXIS2_PLACEMENT_3D ( 'NONE', #4251, #7071, #1975 ) ;
#8017 = VERTEX_POINT ( 'NONE', #8680 ) ;
#8018 = PLANE ( 'NONE',  #6268 ) ;
#8019 = DIRECTION ( 'NONE',  ( 0.0000000000000000000, 1.000000000000000000, 0.0000000000000000000 ) ) ;
#8020 = DIRECTION ( 'NONE',  ( -0.0000000000000000000, -1.000000000000000000, -0.0000000000000000000 ) ) ;
#8021 =( NAMED_UNIT ( * ) PLANE_ANGLE_UNIT ( ) SI_UNIT ( $, .RADIAN. ) );
#8022 = ORIENTED_EDGE ( 'NONE', *, *, #5231, .T. ) ;
#8023 = SURFACE_STYLE_USAGE ( .BOTH. , #6499 ) ;
#8024 = SURFACE_STYLE_FILL_AREA ( #1133 ) ;
#8025 = EDGE_LOOP ( 'NONE', ( #7207, #6211, #6863, #5452 ) ) ;
#8026 = SURFACE_STYLE_FILL_AREA ( #173 ) ;
#8027 = EDGE_CURVE ( 'NONE', #6942, #8176, #1660, .T. ) ;
#8028 = EDGE_CURVE ( 'NONE', #7882, #7863, #265, .T. ) ;
#8029 = VERTEX_POINT ( 'NONE', #7407 ) ;
#8030 = CARTESIAN_POINT ( 'NONE',  ( -1.600000000000000089, 0.002500000000000000052, -0.6350000000000000089 ) ) ;
#8031 = FILL_AREA_STYLE_COLOUR ( '', #3314 ) ;
#8032 = AXIS2_PLACEMENT_3D ( 'NONE', #7901, #6561, #8696 ) ;
#8033 = FILL_AREA_STYLE ('',( #5206 ) ) ;
#8034 = COLOUR_RGB ( '',1.000000000000000000, 1.000000000000000000, 1.000000000000000000 ) ;
#8035 = FACE_OUTER_BOUND ( 'NONE', #1710, .T. ) ;
#8036 = UNCERTAINTY_MEASURE_WITH_UNIT (LENGTH_MEASURE( 1.000000000000000082E-05 ), #687, 'distance_accuracy_value', 'NONE');
#8037 = DIRECTION ( 'NONE',  ( 0.0000000000000000000, 1.000000000000000000, 0.0000000000000000000 ) ) ;
#8038 =( NAMED_UNIT ( * ) SI_UNIT ( $, .STERADIAN. ) SOLID_ANGLE_UNIT ( ) );
#8039 = FILL_AREA_STYLE_COLOUR ( '', #3975 ) ;
#8040 = PRESENTATION_LAYER_ASSIGNMENT (  '', '', ( #469 ) ) ;
#8041 = ORIENTED_EDGE ( 'NONE', *, *, #4750, .T. ) ;
#8042 = SURFACE_STYLE_FILL_AREA ( #3744 ) ;
#8043 = ORIENTED_EDGE ( 'NONE', *, *, #8611, .T. ) ;
#8044 = SURFACE_STYLE_FILL_AREA ( #7953 ) ;
#8045 = AXIS2_PLACEMENT_3D ( 'NONE', #3985, #2724, #1912 ) ;
#8046 = EDGE_CURVE ( 'NONE', #5122, #7436, #6728, .T. ) ;
#8047 = STYLED_ITEM ( 'NONE', ( #7919 ), #6339 ) ;
#8048 = EDGE_CURVE ( 'NONE', #7223, #1490, #364, .T. ) ;
#8049 =( GEOMETRIC_REPRESENTATION_CONTEXT ( 3 ) GLOBAL_UNCERTAINTY_ASSIGNED_CONTEXT ( ( #3649 ) ) GLOBAL_UNIT_ASSIGNED_CONTEXT ( ( #704, #1484, #7630 ) ) REPRESENTATION_CONTEXT ( 'NONE', 'WORKASPACE' ) );
#8050 = SURFACE_SIDE_STYLE ('',( #5222 ) ) ;
#8051 = MECHANICAL_DESIGN_GEOMETRIC_PRESENTATION_REPRESENTATION (  '', ( #936 ), #8200 ) ;
#8052 = LINE ( 'NONE', #1003, #2378 ) ;
#8053 = LINE ( 'NONE', #196, #3716 ) ;
#8054 = EDGE_LOOP ( 'NONE', ( #8134, #3560, #7285, #2082 ) ) ;
#8055 = AXIS2_PLACEMENT_3D ( 'NONE', #3685, #5925, #6596 ) ;
#8056 = DIRECTION ( 'NONE',  ( 1.000000000000000000, -0.0000000000000000000, -0.0000000000000000000 ) ) ;
#8057 = EDGE_CURVE ( 'NONE', #8603, #5380, #3114, .T. ) ;
#8058 = ORIENTED_EDGE ( 'NONE', *, *, #7061, .T. ) ;
#8059 = FACE_BOUND ( 'NONE', #7593, .T. ) ;
#8060 = MECHANICAL_DESIGN_GEOMETRIC_PRESENTATION_REPRESENTATION (  '', ( #8342 ), #3474 ) ;
#8061 = DIRECTION ( 'NONE',  ( 0.0000000000000000000, -0.0000000000000000000, 1.000000000000000000 ) ) ;
#8062 = SURFACE_STYLE_FILL_AREA ( #1825 ) ;
#8063 = VECTOR ( 'NONE', #6986, 1000.000000000000000 ) ;
#8064 = FACE_OUTER_BOUND ( 'NONE', #4163, .T. ) ;
#8065 = VECTOR ( 'NONE', #870, 1000.000000000000000 ) ;
#8066 = VERTEX_POINT ( 'NONE', #6592 ) ;
#8067 = VECTOR ( 'NONE', #7116, 1000.000000000000000 ) ;
#8068 = PLANE ( 'NONE',  #6661 ) ;
#8069 = CARTESIAN_POINT ( 'NONE',  ( -0.1349999999999995925, 0.1999999999999999833, -2.001999999999999780 ) ) ;
#8070 = DIRECTION ( 'NONE',  ( -1.000000000000000000, 0.0000000000000000000, 0.0000000000000000000 ) ) ;
#8071 = VECTOR ( 'NONE', #7579, 1000.000000000000000 ) ;
#8072 = PLANE ( 'NONE',  #4380 ) ;
#8073 = SURFACE_STYLE_USAGE ( .BOTH. , #6593 ) ;
#8074 = ORIENTED_EDGE ( 'NONE', *, *, #3169, .F. ) ;
#8075 = STYLED_ITEM ( 'NONE', ( #4916 ), #7975 ) ;
#8076 = ORIENTED_EDGE ( 'NONE', *, *, #2107, .T. ) ;
#8077 = ORIENTED_EDGE ( 'NONE', *, *, #5202, .F. ) ;
#8078 = ORIENTED_EDGE ( 'NONE', *, *, #3452, .F. ) ;
#8079 = LINE ( 'NONE', #6111, #6534 ) ;
#8080 = CARTESIAN_POINT ( 'NONE',  ( 0.6350000000000004530, 0.002500000000000001787, -1.600000000000000089 ) ) ;
#8081 = MECHANICAL_DESIGN_GEOMETRIC_PRESENTATION_REPRESENTATION (  '', ( #3354 ), #7622 ) ;
#8082 = CARTESIAN_POINT ( 'NONE',  ( -0.1349999999999995925, -1.487762787917389017E-18, -1.600000000000000089 ) ) ;
#8083 = STYLED_ITEM ( 'NONE', ( #1495 ), #8198 ) ;
#8084 = SURFACE_STYLE_USAGE ( .BOTH. , #6690 ) ;
#8085 = CARTESIAN_POINT ( 'NONE',  ( -1.600000000000000089, 0.0000000000000000000, 1.365000000000000213 ) ) ;
#8086 = CARTESIAN_POINT ( 'NONE',  ( -1.600000000000000089, 0.002500000000000000052, -0.1350000000000001477 ) ) ;
#8087 =( GEOMETRIC_REPRESENTATION_CONTEXT ( 3 ) GLOBAL_UNCERTAINTY_ASSIGNED_CONTEXT ( ( #6536 ) ) GLOBAL_UNIT_ASSIGNED_CONTEXT ( ( #3829, #8210, #5539 ) ) REPRESENTATION_CONTEXT ( 'NONE', 'WORKASPACE' ) );
#8088 = ORIENTED_EDGE ( 'NONE', *, *, #1312, .T. ) ;
#8089 = UNCERTAINTY_MEASURE_WITH_UNIT (LENGTH_MEASURE( 1.000000000000000082E-05 ), #4688, 'distance_accuracy_value', 'NONE');
#8090 = PLANE ( 'NONE',  #6216 ) ;
#8091 =( NAMED_UNIT ( * ) SI_UNIT ( $, .STERADIAN. ) SOLID_ANGLE_UNIT ( ) );
#8092 = AXIS2_PLACEMENT_3D ( 'NONE', #4184, #9194, #2132 ) ;
#8093 = FACE_OUTER_BOUND ( 'NONE', #6682, .T. ) ;
#8094 =( NAMED_UNIT ( * ) SI_UNIT ( $, .STERADIAN. ) SOLID_ANGLE_UNIT ( ) );
#8095 = DIRECTION ( 'NONE',  ( 1.000000000000000000, -0.0000000000000000000, -0.0000000000000000000 ) ) ;
#8096 =( NAMED_UNIT ( * ) SI_UNIT ( $, .STERADIAN. ) SOLID_ANGLE_UNIT ( ) );
#8097 = PLANE ( 'NONE',  #2 ) ;
#8098 = COLOUR_RGB ( '',0.2509803921568627416, 0.2509803921568627416, 0.2509803921568627416 ) ;
#8099 =( NAMED_UNIT ( * ) SI_UNIT ( $, .STERADIAN. ) SOLID_ANGLE_UNIT ( ) );
#8100 = UNCERTAINTY_MEASURE_WITH_UNIT (LENGTH_MEASURE( 1.000000000000000082E-05 ), #5488, 'distance_accuracy_value', 'NONE');
#8101 = EDGE_CURVE ( 'NONE', #1075, #4103, #4411, .T. ) ;
#8102 = FILL_AREA_STYLE_COLOUR ( '', #4444 ) ;
#8103 = ORIENTED_EDGE ( 'NONE', *, *, #2515, .F. ) ;
#8104 = UNCERTAINTY_MEASURE_WITH_UNIT (LENGTH_MEASURE( 1.000000000000000082E-05 ), #6175, 'distance_accuracy_value', 'NONE');
#8105 = CARTESIAN_POINT ( 'NONE',  ( -2.001999999999999780, 0.2025000000000000133, -0.1350000000000001477 ) ) ;
#8106 = VERTEX_POINT ( 'NONE', #984 ) ;
#8107 = DIRECTION ( 'NONE',  ( 1.000000000000000000, 0.0000000000000000000, 0.0000000000000000000 ) ) ;
#8108 = CARTESIAN_POINT ( 'NONE',  ( 1.499999999999999778, 0.8979999999999999094, -1.399999999999999911 ) ) ;
#8109 = DIRECTION ( 'NONE',  ( -0.0000000000000000000, -1.000000000000000000, -0.0000000000000000000 ) ) ;
#8110 = EDGE_CURVE ( 'NONE', #7793, #3624, #4453, .T. ) ;
#8111 = LINE ( 'NONE', #972, #8518 ) ;
#8112 = EDGE_CURVE ( 'NONE', #5122, #7651, #930, .T. ) ;
#8113 = UNCERTAINTY_MEASURE_WITH_UNIT (LENGTH_MEASURE( 1.000000000000000082E-05 ), #2829, 'distance_accuracy_value', 'NONE');
#8114 =( LENGTH_UNIT ( ) NAMED_UNIT ( * ) SI_UNIT ( .MILLI., .METRE. ) );
#8115 = ORIENTED_EDGE ( 'NONE', *, *, #4714, .F. ) ;
#8116 = SURFACE_STYLE_FILL_AREA ( #5365 ) ;
#8117 = DIRECTION ( 'NONE',  ( -1.000000000000000000, -0.0000000000000000000, -0.0000000000000000000 ) ) ;
#8118 = FACE_OUTER_BOUND ( 'NONE', #7090, .T. ) ;
#8119 = EDGE_CURVE ( 'NONE', #4103, #563, #6674, .T. ) ;
#8120 = PRESENTATION_STYLE_ASSIGNMENT (( #5245 ) ) ;
#8121 = ORIENTED_EDGE ( 'NONE', *, *, #7936, .F. ) ;
#8122 =( NAMED_UNIT ( * ) SI_UNIT ( $, .STERADIAN. ) SOLID_ANGLE_UNIT ( ) );
#8123 =( NAMED_UNIT ( * ) SI_UNIT ( $, .STERADIAN. ) SOLID_ANGLE_UNIT ( ) );
#8124 = AXIS2_PLACEMENT_3D ( 'NONE', #5743, #7055, #5787 ) ;
#8125 = ORIENTED_EDGE ( 'NONE', *, *, #1086, .T. ) ;
#8126 = EDGE_LOOP ( 'NONE', ( #2339, #6630, #5592, #3781 ) ) ;
#8127 = PRESENTATION_STYLE_ASSIGNMENT (( #6027 ) ) ;
#8128 =( NAMED_UNIT ( * ) SI_UNIT ( $, .STERADIAN. ) SOLID_ANGLE_UNIT ( ) );
#8129 = CARTESIAN_POINT ( 'NONE',  ( 1.250000000000000000, 0.0005000000000000003357, 1.000000000000000000 ) ) ;
#8130 =( NAMED_UNIT ( * ) PLANE_ANGLE_UNIT ( ) SI_UNIT ( $, .RADIAN. ) );
#8131 = UNCERTAINTY_MEASURE_WITH_UNIT (LENGTH_MEASURE( 1.000000000000000082E-05 ), #5801, 'distance_accuracy_value', 'NONE');
#8132 = CARTESIAN_POINT ( 'NONE',  ( 2.000000000000000000, 0.002500000000000000052, -0.1350000000000001477 ) ) ;
#8133 =( LENGTH_UNIT ( ) NAMED_UNIT ( * ) SI_UNIT ( .MILLI., .METRE. ) );
#8134 = ORIENTED_EDGE ( 'NONE', *, *, #7572, .F. ) ;
#8135 = DIRECTION ( 'NONE',  ( -0.0000000000000000000, -0.0000000000000000000, -1.000000000000000000 ) ) ;
#8136 = FILL_AREA_STYLE ('',( #8930 ) ) ;
#8137 =( NAMED_UNIT ( * ) SI_UNIT ( $, .STERADIAN. ) SOLID_ANGLE_UNIT ( ) );
#8138 = CARTESIAN_POINT ( 'NONE',  ( -0.8649999999999996581, -2.980301110709575655E-17, -2.001999999999999780 ) ) ;
#8139 = SURFACE_STYLE_FILL_AREA ( #4524 ) ;
#8140 =( NAMED_UNIT ( * ) PLANE_ANGLE_UNIT ( ) SI_UNIT ( $, .RADIAN. ) );
#8141 =( LENGTH_UNIT ( ) NAMED_UNIT ( * ) SI_UNIT ( .MILLI., .METRE. ) );
#8142 = LINE ( 'NONE', #6084, #8423 ) ;
#8143 = VERTEX_POINT ( 'NONE', #6191 ) ;
#8144 =( NAMED_UNIT ( * ) PLANE_ANGLE_UNIT ( ) SI_UNIT ( $, .RADIAN. ) );
#8145 = ORIENTED_EDGE ( 'NONE', *, *, #4172, .T. ) ;
#8146 =( NAMED_UNIT ( * ) PLANE_ANGLE_UNIT ( ) SI_UNIT ( $, .RADIAN. ) );
#8147 = EDGE_CURVE ( 'NONE', #5905, #495, #2662, .T. ) ;
#8148 = COLOUR_RGB ( '',1.000000000000000000, 1.000000000000000000, 1.000000000000000000 ) ;
#8149 = ADVANCED_FACE ( 'NONE', ( #6816 ), #2705, .T. ) ;
#8150 = LINE ( 'NONE', #5357, #941 ) ;
#8151 = CARTESIAN_POINT ( 'NONE',  ( -0.8649999999999995470, 0.002499999999999997450, -1.600000000000000089 ) ) ;
#8152 = FACE_OUTER_BOUND ( 'NONE', #2164, .T. ) ;
#8153 = CARTESIAN_POINT ( 'NONE',  ( -2.000000000000000000, 0.2025000000000000133, -0.3650000000000001577 ) ) ;
#8154 = VECTOR ( 'NONE', #246, 1000.000000000000000 ) ;
#8155 = PRESENTATION_STYLE_ASSIGNMENT (( #3300 ) ) ;
#8156 = EDGE_LOOP ( 'NONE', ( #1548, #6862, #164, #3717 ) ) ;
#8157 = DIRECTION ( 'NONE',  ( 1.000000000000000000, 0.0000000000000000000, 0.0000000000000000000 ) ) ;
#8158 = EDGE_CURVE ( 'NONE', #6676, #1232, #8255, .T. ) ;
#8159 = SURFACE_SIDE_STYLE ('',( #2538 ) ) ;
#8160 =( GEOMETRIC_REPRESENTATION_CONTEXT ( 3 ) GLOBAL_UNCERTAINTY_ASSIGNED_CONTEXT ( ( #5852 ) ) GLOBAL_UNIT_ASSIGNED_CONTEXT ( ( #562, #6321, #8361 ) ) REPRESENTATION_CONTEXT ( 'NONE', 'WORKASPACE' ) );
#8161 = EDGE_CURVE ( 'NONE', #2585, #3375, #5448, .T. ) ;
#8162 = LINE ( 'NONE', #1835, #4642 ) ;
#8163 = FILL_AREA_STYLE ('',( #8870 ) ) ;
#8164 = DIRECTION ( 'NONE',  ( 4.065758146820642614E-16, -0.0000000000000000000, 1.000000000000000000 ) ) ;
#8165 = DIRECTION ( 'NONE',  ( 0.0000000000000000000, 1.000000000000000000, 0.0000000000000000000 ) ) ;
#8166 = EDGE_LOOP ( 'NONE', ( #5299, #590, #889, #75 ) ) ;
#8167 = FILL_AREA_STYLE_COLOUR ( '', #8205 ) ;
#8168 = ORIENTED_EDGE ( 'NONE', *, *, #4807, .F. ) ;
#8169 = VERTEX_POINT ( 'NONE', #8871 ) ;
#8171 = ADVANCED_FACE ( 'NONE', ( #7544 ), #8909, .T. ) ;
#8170 = ORIENTED_EDGE ( 'NONE', *, *, #7824, .F. ) ;
#8172 = CARTESIAN_POINT ( 'NONE',  ( 0.3650000000000004352, 0.2000000000000000111, 2.000000000000000000 ) ) ;
#8173 = CARTESIAN_POINT ( 'NONE',  ( 2.001999999999999780, 0.2025000000000000133, 0.3649999999999998801 ) ) ;
#8174 = DIRECTION ( 'NONE',  ( 0.0000000000000000000, -1.000000000000000000, 0.0000000000000000000 ) ) ;
#8175 = VECTOR ( 'NONE', #6972, 1000.000000000000000 ) ;
#8176 = VERTEX_POINT ( 'NONE', #1128 ) ;
#8177 = PRESENTATION_LAYER_ASSIGNMENT (  '', '', ( #1065 ) ) ;
#8178 =( LENGTH_UNIT ( ) NAMED_UNIT ( * ) SI_UNIT ( .MILLI., .METRE. ) );
#8179 = DIRECTION ( 'NONE',  ( -1.000000000000000000, 0.0000000000000000000, -0.0000000000000000000 ) ) ;
#8180 = SURFACE_SIDE_STYLE ('',( #3131 ) ) ;
#8181 = MECHANICAL_DESIGN_GEOMETRIC_PRESENTATION_REPRESENTATION (  '', ( #2290 ), #8454 ) ;
#8182 = LINE ( 'NONE', #3941, #3512 ) ;
#8183 = SURFACE_STYLE_FILL_AREA ( #9026 ) ;
#8184 = COLOUR_RGB ( '',1.000000000000000000, 1.000000000000000000, 1.000000000000000000 ) ;
#8185 = DIRECTION ( 'NONE',  ( -0.0000000000000000000, -0.0000000000000000000, 1.000000000000000000 ) ) ;
#8186 = VECTOR ( 'NONE', #1702, 1000.000000000000000 ) ;
#8187 = ORIENTED_EDGE ( 'NONE', *, *, #5514, .T. ) ;
#8188 = UNCERTAINTY_MEASURE_WITH_UNIT (LENGTH_MEASURE( 1.000000000000000082E-05 ), #9002, 'distance_accuracy_value', 'NONE');
#8189 = FILL_AREA_STYLE ('',( #3194 ) ) ;
#8190 = LINE ( 'NONE', #5406, #8360 ) ;
#8191 = CARTESIAN_POINT ( 'NONE',  ( -1.600000000000000089, 0.002500000000000000052, -0.8650000000000001021 ) ) ;
#8192 = LINE ( 'NONE', #1203, #4161 ) ;
#8193 = VECTOR ( 'NONE', #8732, 1000.000000000000000 ) ;
#8194 = STYLED_ITEM ( 'NONE', ( #357 ), #6349 ) ;
#8195 = CARTESIAN_POINT ( 'NONE',  ( 1.135000000000000453, 0.2000000000000000389, -2.001999999999999780 ) ) ;
#8196 = MECHANICAL_DESIGN_GEOMETRIC_PRESENTATION_REPRESENTATION (  '', ( #5808 ), #1552 ) ;
#8197 = FILL_AREA_STYLE_COLOUR ( '', #9162 ) ;
#8198 = ADVANCED_FACE ( 'NONE', ( #3962 ), #2580, .F. ) ;
#8199 = UNCERTAINTY_MEASURE_WITH_UNIT (LENGTH_MEASURE( 1.000000000000000082E-05 ), #3571, 'distance_accuracy_value', 'NONE');
#8200 =( GEOMETRIC_REPRESENTATION_CONTEXT ( 3 ) GLOBAL_UNCERTAINTY_ASSIGNED_CONTEXT ( ( #7070 ) ) GLOBAL_UNIT_ASSIGNED_CONTEXT ( ( #648, #2134, #4422 ) ) REPRESENTATION_CONTEXT ( 'NONE', 'WORKASPACE' ) );
#8201 =( NAMED_UNIT ( * ) PLANE_ANGLE_UNIT ( ) SI_UNIT ( $, .RADIAN. ) );
#8202 = ORIENTED_EDGE ( 'NONE', *, *, #1404, .F. ) ;
#8203 = SURFACE_STYLE_USAGE ( .BOTH. , #2537 ) ;
#8204 =( LENGTH_UNIT ( ) NAMED_UNIT ( * ) SI_UNIT ( .MILLI., .METRE. ) );
#8205 = COLOUR_RGB ( '',0.2509803921568627416, 0.2509803921568627416, 0.2509803921568627416 ) ;
#8206 = LINE ( 'NONE', #2622, #26 ) ;
#8207 =( GEOMETRIC_REPRESENTATION_CONTEXT ( 3 ) GLOBAL_UNCERTAINTY_ASSIGNED_CONTEXT ( ( #1917 ) ) GLOBAL_UNIT_ASSIGNED_CONTEXT ( ( #3213, #3393, #4040 ) ) REPRESENTATION_CONTEXT ( 'NONE', 'WORKASPACE' ) );
#8208 = AXIS2_PLACEMENT_3D ( 'NONE', #5659, #147, #808 ) ;
#8209 = SURFACE_STYLE_USAGE ( .BOTH. , #8906 ) ;
#8210 =( NAMED_UNIT ( * ) PLANE_ANGLE_UNIT ( ) SI_UNIT ( $, .RADIAN. ) );
#8211 = FILL_AREA_STYLE ('',( #5372 ) ) ;
#8212 = FACE_OUTER_BOUND ( 'NONE', #8216, .T. ) ;
#8213 = EDGE_CURVE ( 'NONE', #3675, #9042, #2253, .T. ) ;
#8214 = AXIS2_PLACEMENT_3D ( 'NONE', #8739, #5303, #6753 ) ;
#8215 = COLOUR_RGB ( '',1.000000000000000000, 1.000000000000000000, 1.000000000000000000 ) ;
#8216 = EDGE_LOOP ( 'NONE', ( #119, #1419, #1038, #3071 ) ) ;
#8217 = EDGE_CURVE ( 'NONE', #2122, #6408, #719, .T. ) ;
#8218 = DIRECTION ( 'NONE',  ( 0.0000000000000000000, 0.0000000000000000000, 1.000000000000000000 ) ) ;
#8219 = ORIENTED_EDGE ( 'NONE', *, *, #584, .T. ) ;
#8220 = MECHANICAL_DESIGN_GEOMETRIC_PRESENTATION_REPRESENTATION (  '', ( #635 ), #799 ) ;
#8221 = ORIENTED_EDGE ( 'NONE', *, *, #4723, .F. ) ;
#8222 = SURFACE_SIDE_STYLE ('',( #9048 ) ) ;
#8223 = DIRECTION ( 'NONE',  ( 2.710505431213761578E-16, 0.0000000000000000000, -1.000000000000000000 ) ) ;
#8224 = VECTOR ( 'NONE', #3428, 1000.000000000000000 ) ;
#8225 = AXIS2_PLACEMENT_3D ( 'NONE', #2834, #5611, #2153 ) ;
#8226 = UNCERTAINTY_MEASURE_WITH_UNIT (LENGTH_MEASURE( 1.000000000000000082E-05 ), #2299, 'distance_accuracy_value', 'NONE');
#8227 = FILL_AREA_STYLE_COLOUR ( '', #34 ) ;
#8228 = CARTESIAN_POINT ( 'NONE',  ( -2.000000000000000000, 0.2025000000000000133, 0.6349999999999998979 ) ) ;
#8229 = LINE ( 'NONE', #1808, #5475 ) ;
#8230 = STYLED_ITEM ( 'NONE', ( #7244 ), #4298 ) ;
#8231 = COLOUR_RGB ( '',1.000000000000000000, 1.000000000000000000, 1.000000000000000000 ) ;
#8232 = FILL_AREA_STYLE_COLOUR ( '', #431 ) ;
#8233 = DIRECTION ( 'NONE',  ( -0.0000000000000000000, -1.000000000000000000, -0.0000000000000000000 ) ) ;
#8234 = LINE ( 'NONE', #2600, #5817 ) ;
#8235 = LINE ( 'NONE', #6615, #4625 ) ;
#8236 = VECTOR ( 'NONE', #1772, 1000.000000000000000 ) ;
#8237 = PRESENTATION_STYLE_ASSIGNMENT (( #3417 ) ) ;
#8238 = STYLED_ITEM ( 'NONE', ( #7498 ), #8264 ) ;
#8239 = CYLINDRICAL_SURFACE ( 'NONE', #5033, 0.1000000000000000472 ) ;
#8240 = EDGE_LOOP ( 'NONE', ( #6999, #1337, #6395, #2177 ) ) ;
#8241 = SURFACE_STYLE_FILL_AREA ( #8189 ) ;
#8242 = DIRECTION ( 'NONE',  ( 0.0000000000000000000, 0.0000000000000000000, 1.000000000000000000 ) ) ;
#8243 = STYLED_ITEM ( 'NONE', ( #4300 ), #4743 ) ;
#8244 = DIRECTION ( 'NONE',  ( 2.710505431213761578E-16, 0.0000000000000000000, -1.000000000000000000 ) ) ;
#8245 = PRESENTATION_LAYER_ASSIGNMENT (  '', '', ( #7046 ) ) ;
#8246 = FILL_AREA_STYLE ('',( #8752 ) ) ;
#8247 = CARTESIAN_POINT ( 'NONE',  ( 1.135000000000000675, 0.2000000000000000944, -2.000000000000000000 ) ) ;
#8248 = COLOUR_RGB ( '',1.000000000000000000, 1.000000000000000000, 1.000000000000000000 ) ;
#8249 = CARTESIAN_POINT ( 'NONE',  ( -1.250000000000000000, 0.0005000000000000003357, -1.250000000000000000 ) ) ;
#8250 = STYLED_ITEM ( 'NONE', ( #5907 ), #8734 ) ;
#8251 = CARTESIAN_POINT ( 'NONE',  ( 0.8650000000000004352, 0.002500000000000015231, 1.600000000000000089 ) ) ;
#8252 = CARTESIAN_POINT ( 'NONE',  ( 2.000000000000000000, 0.9000000000000000222, -2.000000000000000000 ) ) ;
#8253 = EDGE_CURVE ( 'NONE', #5179, #7686, #1545, .T. ) ;
#8254 = SURFACE_SIDE_STYLE ('',( #1124 ) ) ;
#8255 = LINE ( 'NONE', #4694, #978 ) ;
#8256 = ORIENTED_EDGE ( 'NONE', *, *, #584, .F. ) ;
#8257 =( LENGTH_UNIT ( ) NAMED_UNIT ( * ) SI_UNIT ( .MILLI., .METRE. ) );
#8258 = DIRECTION ( 'NONE',  ( -1.000000000000000000, -0.0000000000000000000, -0.0000000000000000000 ) ) ;
#8259 = ORIENTED_EDGE ( 'NONE', *, *, #7362, .T. ) ;
#8260 = ORIENTED_EDGE ( 'NONE', *, *, #2716, .T. ) ;
#8261 = ORIENTED_EDGE ( 'NONE', *, *, #6788, .F. ) ;
#8262 = DIRECTION ( 'NONE',  ( -1.000000000000000000, 0.0000000000000000000, -0.0000000000000000000 ) ) ;
#8263 =( NAMED_UNIT ( * ) PLANE_ANGLE_UNIT ( ) SI_UNIT ( $, .RADIAN. ) );
#8264 = ADVANCED_FACE ( 'NONE', ( #2890 ), #4348, .T. ) ;
#8265 = ADVANCED_FACE ( 'NONE', ( #3801 ), #1097, .F. ) ;
#8266 = SURFACE_STYLE_USAGE ( .BOTH. , #7656 ) ;
#8267 = LINE ( 'NONE', #4737, #7291 ) ;
#8268 = CARTESIAN_POINT ( 'NONE',  ( 2.000000000000000000, 0.9000000000000000222, 2.000000000000000000 ) ) ;
#8269 = LINE ( 'NONE', #8387, #7152 ) ;
#8270 = VERTEX_POINT ( 'NONE', #511 ) ;
#8271 = EDGE_CURVE ( 'NONE', #6481, #6075, #2722, .T. ) ;
#8272 = CARTESIAN_POINT ( 'NONE',  ( -1.364999999999999769, 0.1999999999999999556, 2.001999999999999780 ) ) ;
#8273 = EDGE_CURVE ( 'NONE', #4270, #6698, #1155, .T. ) ;
#8274 = CARTESIAN_POINT ( 'NONE',  ( 0.8650000000000004352, 0.002500000000000006557, 2.000000000000000000 ) ) ;
#8275 = VERTEX_POINT ( 'NONE', #1237 ) ;
#8276 = UNCERTAINTY_MEASURE_WITH_UNIT (LENGTH_MEASURE( 1.000000000000000082E-05 ), #6303, 'distance_accuracy_value', 'NONE');
#8277 = DIRECTION ( 'NONE',  ( 0.0000000000000000000, -0.0000000000000000000, 1.000000000000000000 ) ) ;
#8278 = DIRECTION ( 'NONE',  ( -0.0000000000000000000, -1.000000000000000000, -0.0000000000000000000 ) ) ;
#8279 = CARTESIAN_POINT ( 'NONE',  ( 2.001999999999999780, 0.2025000000000000133, -0.3650000000000001577 ) ) ;
#8280 =( GEOMETRIC_REPRESENTATION_CONTEXT ( 3 ) GLOBAL_UNCERTAINTY_ASSIGNED_CONTEXT ( ( #8647 ) ) GLOBAL_UNIT_ASSIGNED_CONTEXT ( ( #5882, #78, #6492 ) ) REPRESENTATION_CONTEXT ( 'NONE', 'WORKASPACE' ) );
#8281 = VERTEX_POINT ( 'NONE', #3983 ) ;
#8282 =( NAMED_UNIT ( * ) SI_UNIT ( $, .STERADIAN. ) SOLID_ANGLE_UNIT ( ) );
#8283 = DIRECTION ( 'NONE',  ( 0.0000000000000000000, -0.0000000000000000000, -1.000000000000000000 ) ) ;
#8284 = AXIS2_PLACEMENT_3D ( 'NONE', #7305, #7483, #8179 ) ;
#8285 = FILL_AREA_STYLE ('',( #6774 ) ) ;
#8287 = ORIENTED_EDGE ( 'NONE', *, *, #8549, .F. ) ;
#8286 = EDGE_CURVE ( 'NONE', #8623, #8017, #7615, .T. ) ;
#8288 = DIRECTION ( 'NONE',  ( -0.0000000000000000000, -0.0000000000000000000, -1.000000000000000000 ) ) ;
#8289 = PLANE ( 'NONE',  #8016 ) ;
#8290 = EDGE_LOOP ( 'NONE', ( #8256, #4012, #3373, #4665 ) ) ;
#8291 = EDGE_LOOP ( 'NONE', ( #8915, #4258, #4448, #2260 ) ) ;
#8292 = VECTOR ( 'NONE', #3121, 1000.000000000000000 ) ;
#8293 = ORIENTED_EDGE ( 'NONE', *, *, #1027, .F. ) ;
#8294 = CARTESIAN_POINT ( 'NONE',  ( -2.001999999999999780, 0.2025000000000000133, 0.3649999999999998801 ) ) ;
#8295 = DIRECTION ( 'NONE',  ( -0.0000000000000000000, -0.0000000000000000000, -1.000000000000000000 ) ) ;
#8296 = FILL_AREA_STYLE ('',( #3317 ) ) ;
#8297 = CARTESIAN_POINT ( 'NONE',  ( 1.365000000000000435, 0.2000000000000000389, 2.000000000000000000 ) ) ;
#8298 = PRESENTATION_STYLE_ASSIGNMENT (( #4057 ) ) ;
#8299 = FACE_OUTER_BOUND ( 'NONE', #2769, .T. ) ;
#8300 = VECTOR ( 'NONE', #4005, 1000.000000000000000 ) ;
#8301 = ORIENTED_EDGE ( 'NONE', *, *, #1123, .T. ) ;
#8302 = EDGE_CURVE ( 'NONE', #7436, #6821, #8182, .T. ) ;
#8303 = FACE_OUTER_BOUND ( 'NONE', #9126, .T. ) ;
#8304 = VECTOR ( 'NONE', #8007, 1000.000000000000000 ) ;
#8305 = ORIENTED_EDGE ( 'NONE', *, *, #4482, .T. ) ;
#8306 = DIRECTION ( 'NONE',  ( 0.0000000000000000000, 1.000000000000000000, 0.0000000000000000000 ) ) ;
#8307 = EDGE_LOOP ( 'NONE', ( #2954, #6747, #4870, #4213 ) ) ;
#8308 = LINE ( 'NONE', #6127, #6953 ) ;
#8309 = CARTESIAN_POINT ( 'NONE',  ( -2.001999999999999780, 0.002500000000000000052, -0.6350000000000001199 ) ) ;
#8310 = VECTOR ( 'NONE', #2420, 1000.000000000000000 ) ;
#8311 = CARTESIAN_POINT ( 'NONE',  ( 0.1350000000000003419, 0.0000000000000000000, -2.001999999999999780 ) ) ;
#8312 = FILL_AREA_STYLE ('',( #4236 ) ) ;
#8313 = DIRECTION ( 'NONE',  ( -1.000000000000000000, -0.0000000000000000000, -0.0000000000000000000 ) ) ;
#8314 = EDGE_CURVE ( 'NONE', #2811, #8169, #4840, .T. ) ;
#8315 = EDGE_LOOP ( 'NONE', ( #7685, #127, #4091, #6322 ) ) ;
#8316 = SURFACE_SIDE_STYLE ('',( #3516 ) ) ;
#8317 = FILL_AREA_STYLE_COLOUR ( '', #3056 ) ;
#8318 = COLOUR_RGB ( '',1.000000000000000000, 1.000000000000000000, 1.000000000000000000 ) ;
#8319 = FACE_OUTER_BOUND ( 'NONE', #3020, .T. ) ;
#8320 =( NAMED_UNIT ( * ) SI_UNIT ( $, .STERADIAN. ) SOLID_ANGLE_UNIT ( ) );
#8321 = MECHANICAL_DESIGN_GEOMETRIC_PRESENTATION_REPRESENTATION (  '', ( #3905 ), #7583 ) ;
#8322 = ADVANCED_FACE ( 'NONE', ( #5437 ), #4105, .F. ) ;
#8323 = ORIENTED_EDGE ( 'NONE', *, *, #7297, .F. ) ;
#8324 = CARTESIAN_POINT ( 'NONE',  ( -0.8649999999999996581, 0.002499999999999970562, 2.000000000000000000 ) ) ;
#8325 = DIRECTION ( 'NONE',  ( 0.0000000000000000000, 0.0000000000000000000, 1.000000000000000000 ) ) ;
#8326 = MECHANICAL_DESIGN_GEOMETRIC_PRESENTATION_REPRESENTATION (  '', ( #3605 ), #8465 ) ;
#8327 =( GEOMETRIC_REPRESENTATION_CONTEXT ( 3 ) GLOBAL_UNCERTAINTY_ASSIGNED_CONTEXT ( ( #667 ) ) GLOBAL_UNIT_ASSIGNED_CONTEXT ( ( #3304, #5490, #8328 ) ) REPRESENTATION_CONTEXT ( 'NONE', 'WORKASPACE' ) );
#8328 =( NAMED_UNIT ( * ) SI_UNIT ( $, .STERADIAN. ) SOLID_ANGLE_UNIT ( ) );
#8329 = DIRECTION ( 'NONE',  ( -0.0000000000000000000, -0.0000000000000000000, -1.000000000000000000 ) ) ;
#8330 = DIRECTION ( 'NONE',  ( -0.0000000000000000000, -0.0000000000000000000, -1.000000000000000000 ) ) ;
#8331 =( GEOMETRIC_REPRESENTATION_CONTEXT ( 3 ) GLOBAL_UNCERTAINTY_ASSIGNED_CONTEXT ( ( #11 ) ) GLOBAL_UNIT_ASSIGNED_CONTEXT ( ( #3927, #5789, #7945 ) ) REPRESENTATION_CONTEXT ( 'NONE', 'WORKASPACE' ) );
#8332 = PLANE ( 'NONE',  #694 ) ;
#8333 = AXIS2_PLACEMENT_3D ( 'NONE', #5893, #8037, #1900 ) ;
#8334 = ORIENTED_EDGE ( 'NONE', *, *, #9116, .T. ) ;
#8335 =( NAMED_UNIT ( * ) SI_UNIT ( $, .STERADIAN. ) SOLID_ANGLE_UNIT ( ) );
#8336 = ORIENTED_EDGE ( 'NONE', *, *, #1139, .F. ) ;
#8337 = DIRECTION ( 'NONE',  ( 0.0000000000000000000, -1.000000000000000000, 0.0000000000000000000 ) ) ;
#8338 = ORIENTED_EDGE ( 'NONE', *, *, #3752, .T. ) ;
#8339 = ORIENTED_EDGE ( 'NONE', *, *, #5152, .F. ) ;
#8340 = CARTESIAN_POINT ( 'NONE',  ( 0.1350000000000003419, 0.0000000000000000000, 2.000000000000000000 ) ) ;
#8341 =( NAMED_UNIT ( * ) SI_UNIT ( $, .STERADIAN. ) SOLID_ANGLE_UNIT ( ) );
#8342 = STYLED_ITEM ( 'NONE', ( #7047 ), #7178 ) ;
#8343 = DIRECTION ( 'NONE',  ( -0.0000000000000000000, -1.000000000000000000, -0.0000000000000000000 ) ) ;
#8344 = DIRECTION ( 'NONE',  ( -1.000000000000000000, 0.0000000000000000000, -4.065758146820642614E-16 ) ) ;
#8345 = PRESENTATION_LAYER_ASSIGNMENT (  '', '', ( #4668 ) ) ;
#8346 = LINE ( 'NONE', #7519, #2323 ) ;
#8347 =( GEOMETRIC_REPRESENTATION_CONTEXT ( 3 ) GLOBAL_UNCERTAINTY_ASSIGNED_CONTEXT ( ( #2105 ) ) GLOBAL_UNIT_ASSIGNED_CONTEXT ( ( #8667, #3770, #6581 ) ) REPRESENTATION_CONTEXT ( 'NONE', 'WORKASPACE' ) );
#8348 =( NAMED_UNIT ( * ) SI_UNIT ( $, .STERADIAN. ) SOLID_ANGLE_UNIT ( ) );
#8349 = ORIENTED_EDGE ( 'NONE', *, *, #6503, .F. ) ;
#8350 = ORIENTED_EDGE ( 'NONE', *, *, #7003, .F. ) ;
#8351 = DIRECTION ( 'NONE',  ( 0.0000000000000000000, 0.0000000000000000000, 1.000000000000000000 ) ) ;
#8352 = EDGE_LOOP ( 'NONE', ( #6310, #27, #6333, #8553 ) ) ;
#8353 = COLOUR_RGB ( '',1.000000000000000000, 1.000000000000000000, 1.000000000000000000 ) ;
#8354 = CARTESIAN_POINT ( 'NONE',  ( -2.000000000000000000, 0.2025000000000000133, -0.6350000000000001199 ) ) ;
#8355 = DIRECTION ( 'NONE',  ( 0.0000000000000000000, 1.000000000000000000, 0.0000000000000000000 ) ) ;
#8356 = VECTOR ( 'NONE', #4976, 1000.000000000000000 ) ;
#8357 = EDGE_CURVE ( 'NONE', #5380, #8270, #1909, .T. ) ;
#8358 = DIRECTION ( 'NONE',  ( -1.000000000000000000, 0.0000000000000000000, 0.0000000000000000000 ) ) ;
#8359 = CARTESIAN_POINT ( 'NONE',  ( 1.600000000000000089, 0.0000000000000000000, -1.365000000000000213 ) ) ;
#8360 = VECTOR ( 'NONE', #4580, 1000.000000000000000 ) ;
#8361 =( NAMED_UNIT ( * ) SI_UNIT ( $, .STERADIAN. ) SOLID_ANGLE_UNIT ( ) );
#8362 = EDGE_LOOP ( 'NONE', ( #2083, #6368, #1638, #1575 ) ) ;
#8363 = DIRECTION ( 'NONE',  ( -1.000000000000000000, 0.0000000000000000000, -0.0000000000000000000 ) ) ;
#8364 = COLOUR_RGB ( '',1.000000000000000000, 1.000000000000000000, 1.000000000000000000 ) ;
#8365 = FILL_AREA_STYLE_COLOUR ( '', #7172 ) ;
#8366 = CARTESIAN_POINT ( 'NONE',  ( 2.001999999999999780, 0.2025000000000000133, -0.6350000000000001199 ) ) ;
#8367 = EDGE_CURVE ( 'NONE', #2546, #2881, #7665, .T. ) ;
#8368 = EDGE_CURVE ( 'NONE', #2478, #4567, #1995, .T. ) ;
#8369 = SURFACE_SIDE_STYLE ('',( #1924 ) ) ;
#8370 = LINE ( 'NONE', #7586, #8501 ) ;
#8371 = ORIENTED_EDGE ( 'NONE', *, *, #8904, .F. ) ;
#8372 = DIRECTION ( 'NONE',  ( -0.0000000000000000000, -1.000000000000000000, -0.0000000000000000000 ) ) ;
#8373 = EDGE_CURVE ( 'NONE', #5249, #3492, #6924, .T. ) ;
#8374 = VECTOR ( 'NONE', #4628, 1000.000000000000000 ) ;
#8375 = CARTESIAN_POINT ( 'NONE',  ( -0.8649999999999996581, 0.002499999999999979669, 2.000000000000000000 ) ) ;
#8376 = EDGE_CURVE ( 'NONE', #7137, #495, #3329, .T. ) ;
#8377 = DIRECTION ( 'NONE',  ( -0.0000000000000000000, -1.000000000000000000, -0.0000000000000000000 ) ) ;
#8378 = VECTOR ( 'NONE', #8861, 1000.000000000000000 ) ;
#8379 = SURFACE_SIDE_STYLE ('',( #6243 ) ) ;
#8380 = UNCERTAINTY_MEASURE_WITH_UNIT (LENGTH_MEASURE( 1.000000000000000082E-05 ), #8595, 'distance_accuracy_value', 'NONE');
#8381 = VERTEX_POINT ( 'NONE', #7144 ) ;
#8382 = DIRECTION ( 'NONE',  ( -0.0000000000000000000, -1.000000000000000000, -0.0000000000000000000 ) ) ;
#8383 = EDGE_LOOP ( 'NONE', ( #5915, #720, #7314, #282, #4046, #1210 ) ) ;
#8384 = ORIENTED_EDGE ( 'NONE', *, *, #7731, .F. ) ;
#8385 = VECTOR ( 'NONE', #3372, 1000.000000000000000 ) ;
#8386 = EDGE_CURVE ( 'NONE', #640, #2111, #6314, .T. ) ;
#8387 = CARTESIAN_POINT ( 'NONE',  ( -1.600000000000000089, 0.0000000000000000000, 0.6349999999999998979 ) ) ;
#8388 = CARTESIAN_POINT ( 'NONE',  ( 1.250000000000000000, 0.0005000000000000003357, -1.250000000000000000 ) ) ;
#8389 = VERTEX_POINT ( 'NONE', #1424 ) ;
#8390 = ORIENTED_EDGE ( 'NONE', *, *, #5154, .F. ) ;
#8391 = CARTESIAN_POINT ( 'NONE',  ( 0.3650000000000004352, 0.2000000000000000111, 2.000000000000000000 ) ) ;
#8392 =( LENGTH_UNIT ( ) NAMED_UNIT ( * ) SI_UNIT ( .MILLI., .METRE. ) );
#8393 = CARTESIAN_POINT ( 'NONE',  ( 2.001999999999999780, 0.2025000000000000133, 0.8649999999999998801 ) ) ;
#8394 =( LENGTH_UNIT ( ) NAMED_UNIT ( * ) SI_UNIT ( .MILLI., .METRE. ) );
#8395 = LINE ( 'NONE', #3413, #4902 ) ;
#8396 = PRESENTATION_LAYER_ASSIGNMENT (  '', '', ( #256 ) ) ;
#8397 = DIRECTION ( 'NONE',  ( -0.0000000000000000000, -0.0000000000000000000, 1.000000000000000000 ) ) ;
#8398 = FILL_AREA_STYLE_COLOUR ( '', #6370 ) ;
#8399 = FACE_OUTER_BOUND ( 'NONE', #2860, .T. ) ;
#8400 = FILL_AREA_STYLE_COLOUR ( '', #7621 ) ;
#8401 = SURFACE_SIDE_STYLE ('',( #5605 ) ) ;
#8402 =( LENGTH_UNIT ( ) NAMED_UNIT ( * ) SI_UNIT ( .MILLI., .METRE. ) );
#8403 = FILL_AREA_STYLE ('',( #4726 ) ) ;
#8404 =( NAMED_UNIT ( * ) PLANE_ANGLE_UNIT ( ) SI_UNIT ( $, .RADIAN. ) );
#8405 = ORIENTED_EDGE ( 'NONE', *, *, #395, .T. ) ;
#8406 = ADVANCED_FACE ( 'NONE', ( #3641 ), #2818, .T. ) ;
#8407 = ADVANCED_FACE ( 'NONE', ( #2868 ), #645, .T. ) ;
#8408 = ORIENTED_EDGE ( 'NONE', *, *, #2421, .F. ) ;
#8409 = LINE ( 'NONE', #4157, #6436 ) ;
#8410 = FILL_AREA_STYLE_COLOUR ( '', #8098 ) ;
#8411 = SURFACE_SIDE_STYLE ('',( #4121 ) ) ;
#8412 = SURFACE_SIDE_STYLE ('',( #2797 ) ) ;
#8413 = AXIS2_PLACEMENT_3D ( 'NONE', #3429, #9133, #1351 ) ;
#8414 = ORIENTED_EDGE ( 'NONE', *, *, #7353, .T. ) ;
#8415 = CARTESIAN_POINT ( 'NONE',  ( -1.364999999999999769, 0.1999999999999999556, -2.001999999999999780 ) ) ;
#8416 = ADVANCED_FACE ( 'NONE', ( #4142 ), #8437, .T. ) ;
#8417 = ORIENTED_EDGE ( 'NONE', *, *, #760, .T. ) ;
#8418 = CARTESIAN_POINT ( 'NONE',  ( 0.3650000000000004352, 0.002500000000000000052, 2.000000000000000000 ) ) ;
#8419 = VERTEX_POINT ( 'NONE', #6553 ) ;
#8420 = ORIENTED_EDGE ( 'NONE', *, *, #5575, .F. ) ;
#8421 = SURFACE_SIDE_STYLE ('',( #4871 ) ) ;
#8422 = CARTESIAN_POINT ( 'NONE',  ( -2.000000000000000000, 0.002500000000000000052, -0.6350000000000000089 ) ) ;
#8423 = VECTOR ( 'NONE', #7384, 1000.000000000000000 ) ;
#8424 = PLANE ( 'NONE',  #5481 ) ;
#8425 = DIRECTION ( 'NONE',  ( 0.0000000000000000000, 0.0000000000000000000, 1.000000000000000000 ) ) ;
#8426 = FILL_AREA_STYLE ('',( #2807 ) ) ;
#8427 = SURFACE_SIDE_STYLE ('',( #5588 ) ) ;
#8428 = DIRECTION ( 'NONE',  ( 0.0000000000000000000, 0.0000000000000000000, 1.000000000000000000 ) ) ;
#8429 = EDGE_LOOP ( 'NONE', ( #6680, #4733, #1292, #2100 ) ) ;
#8430 = VECTOR ( 'NONE', #8694, 1000.000000000000000 ) ;
#8431 = ADVANCED_FACE ( 'NONE', ( #326 ), #8687, .T. ) ;
#8432 = ORIENTED_EDGE ( 'NONE', *, *, #312, .T. ) ;
#8433 = FACE_OUTER_BOUND ( 'NONE', #998, .T. ) ;
#8434 = ORIENTED_EDGE ( 'NONE', *, *, #2588, .T. ) ;
#8435 = CARTESIAN_POINT ( 'NONE',  ( 2.000000000000000000, 0.002500000000000000052, 2.000000000000000000 ) ) ;
#8436 = DIRECTION ( 'NONE',  ( 0.0000000000000000000, 0.0000000000000000000, 1.000000000000000000 ) ) ;
#8437 = PLANE ( 'NONE',  #5862 ) ;
#8438 = PRESENTATION_LAYER_ASSIGNMENT (  '', '', ( #2997 ) ) ;
#8439 = AXIS2_PLACEMENT_3D ( 'NONE', #8777, #793, #228 ) ;
#8440 = LINE ( 'NONE', #7057, #4054 ) ;
#8441 = DIRECTION ( 'NONE',  ( 0.0000000000000000000, 0.0000000000000000000, -1.000000000000000000 ) ) ;
#8442 = AXIS2_PLACEMENT_3D ( 'NONE', #7598, #4051, #1140 ) ;
#8443 = PLANE ( 'NONE',  #8001 ) ;
#8444 = ORIENTED_EDGE ( 'NONE', *, *, #1010, .T. ) ;
#8445 = VECTOR ( 'NONE', #4595, 1000.000000000000000 ) ;
#8446 = CARTESIAN_POINT ( 'NONE',  ( 2.000000000000000000, 0.0000000000000000000, -0.3649999999999999911 ) ) ;
#8447 = CARTESIAN_POINT ( 'NONE',  ( -2.001999999999999780, 0.002500000000000000052, -0.8650000000000001021 ) ) ;
#8448 = SURFACE_STYLE_FILL_AREA ( #1296 ) ;
#8449 = COLOUR_RGB ( '',0.2509803921568627416, 0.2509803921568627416, 0.2509803921568627416 ) ;
#8450 = DIRECTION ( 'NONE',  ( -0.0000000000000000000, -1.000000000000000000, -0.0000000000000000000 ) ) ;
#8451 = FACE_OUTER_BOUND ( 'NONE', #74, .T. ) ;
#8452 = MECHANICAL_DESIGN_GEOMETRIC_PRESENTATION_REPRESENTATION (  '', ( #8921 ), #4768 ) ;
#8453 = ORIENTED_EDGE ( 'NONE', *, *, #6988, .F. ) ;
#8454 =( GEOMETRIC_REPRESENTATION_CONTEXT ( 3 ) GLOBAL_UNCERTAINTY_ASSIGNED_CONTEXT ( ( #6621 ) ) GLOBAL_UNIT_ASSIGNED_CONTEXT ( ( #7616, #6129, #6925 ) ) REPRESENTATION_CONTEXT ( 'NONE', 'WORKASPACE' ) );
#8455 = UNCERTAINTY_MEASURE_WITH_UNIT (LENGTH_MEASURE( 1.000000000000000082E-05 ), #5470, 'distance_accuracy_value', 'NONE');
#8456 = CARTESIAN_POINT ( 'NONE',  ( -2.000000000000000000, 0.002500000000000000052, -2.000000000000000000 ) ) ;
#8457 = VERTEX_POINT ( 'NONE', #2367 ) ;
#8458 = SURFACE_STYLE_FILL_AREA ( #1258 ) ;
#8459 = AXIS2_PLACEMENT_3D ( 'NONE', #5021, #5898, #1523 ) ;
#8460 = PRESENTATION_STYLE_ASSIGNMENT (( #1597 ) ) ;
#8461 = FACE_OUTER_BOUND ( 'NONE', #8726, .T. ) ;
#8462 = ADVANCED_FACE ( 'NONE', ( #4560 ), #5257, .T. ) ;
#8463 = DIRECTION ( 'NONE',  ( 0.0000000000000000000, 0.0000000000000000000, -1.000000000000000000 ) ) ;
#8464 = VECTOR ( 'NONE', #3493, 1000.000000000000000 ) ;
#8465 =( GEOMETRIC_REPRESENTATION_CONTEXT ( 3 ) GLOBAL_UNCERTAINTY_ASSIGNED_CONTEXT ( ( #3101 ) ) GLOBAL_UNIT_ASSIGNED_CONTEXT ( ( #6002, #3239, #3332 ) ) REPRESENTATION_CONTEXT ( 'NONE', 'WORKASPACE' ) );
#8466 = VERTEX_POINT ( 'NONE', #3168 ) ;
#8467 = EDGE_LOOP ( 'NONE', ( #2988, #4136, #3503, #5519 ) ) ;
#8468 = ORIENTED_EDGE ( 'NONE', *, *, #582, .F. ) ;
#8469 = SURFACE_SIDE_STYLE ('',( #9047 ) ) ;
#8470 = CARTESIAN_POINT ( 'NONE',  ( -2.001999999999999780, 0.2025000000000000133, 1.364999999999999991 ) ) ;
#8471 = VECTOR ( 'NONE', #5232, 1000.000000000000000 ) ;
#8472 = FILL_AREA_STYLE_COLOUR ( '', #4045 ) ;
#8473 = EDGE_CURVE ( 'NONE', #1471, #5012, #5983, .T. ) ;
#8474 = AXIS2_PLACEMENT_3D ( 'NONE', #4539, #6713, #7354 ) ;
#8475 =( LENGTH_UNIT ( ) NAMED_UNIT ( * ) SI_UNIT ( .MILLI., .METRE. ) );
#8476 = ADVANCED_FACE ( 'NONE', ( #7891 ), #4899, .F. ) ;
#8477 = CARTESIAN_POINT ( 'NONE',  ( 1.000000000000000000, 0.0005000000000000003357, 1.250000000000000000 ) ) ;
#8478 = DIRECTION ( 'NONE',  ( 1.000000000000000000, 0.0000000000000000000, -0.0000000000000000000 ) ) ;
#8479 = VERTEX_POINT ( 'NONE', #8920 ) ;
#8480 = FILL_AREA_STYLE_COLOUR ( '', #4891 ) ;
#8481 = ORIENTED_EDGE ( 'NONE', *, *, #312, .F. ) ;
#8482 = CARTESIAN_POINT ( 'NONE',  ( 0.1350000000000004530, 0.002500000000000000052, -1.600000000000000089 ) ) ;
#8483 = ORIENTED_EDGE ( 'NONE', *, *, #5207, .F. ) ;
#8484 = SURFACE_STYLE_USAGE ( .BOTH. , #3589 ) ;
#8485 =( LENGTH_UNIT ( ) NAMED_UNIT ( * ) SI_UNIT ( .MILLI., .METRE. ) );
#8486 = VECTOR ( 'NONE', #721, 1000.000000000000000 ) ;
#8487 = VECTOR ( 'NONE', #8961, 1000.000000000000000 ) ;
#8488 = EDGE_CURVE ( 'NONE', #7550, #8281, #7419, .T. ) ;
#8489 = CARTESIAN_POINT ( 'NONE',  ( -2.000000000000000000, 0.002500000000000000052, 1.365000000000000213 ) ) ;
#8490 = FACE_OUTER_BOUND ( 'NONE', #4809, .T. ) ;
#8491 = VECTOR ( 'NONE', #6061, 1000.000000000000000 ) ;
#8492 = FACE_OUTER_BOUND ( 'NONE', #6569, .T. ) ;
#8493 = VECTOR ( 'NONE', #5, 1000.000000000000000 ) ;
#8494 = CARTESIAN_POINT ( 'NONE',  ( 2.001999999999999780, 0.002500000000000000052, -0.1350000000000001477 ) ) ;
#8495 =( GEOMETRIC_REPRESENTATION_CONTEXT ( 3 ) GLOBAL_UNCERTAINTY_ASSIGNED_CONTEXT ( ( #8089 ) ) GLOBAL_UNIT_ASSIGNED_CONTEXT ( ( #4688, #5321, #8866 ) ) REPRESENTATION_CONTEXT ( 'NONE', 'WORKASPACE' ) );
#8496 = ORIENTED_EDGE ( 'NONE', *, *, #7344, .T. ) ;
#8497 =( NAMED_UNIT ( * ) PLANE_ANGLE_UNIT ( ) SI_UNIT ( $, .RADIAN. ) );
#8498 = MECHANICAL_DESIGN_GEOMETRIC_PRESENTATION_REPRESENTATION (  '', ( #1122 ), #4367 ) ;
#8499 = EDGE_CURVE ( 'NONE', #2502, #3675, #2592, .T. ) ;
#8500 = CARTESIAN_POINT ( 'NONE',  ( -2.000000000000000000, 0.002500000000000000052, -0.1350000000000000089 ) ) ;
#8501 = VECTOR ( 'NONE', #5572, 1000.000000000000000 ) ;
#8502 = ORIENTED_EDGE ( 'NONE', *, *, #3341, .F. ) ;
#8503 =( GEOMETRIC_REPRESENTATION_CONTEXT ( 3 ) GLOBAL_UNCERTAINTY_ASSIGNED_CONTEXT ( ( #4056 ) ) GLOBAL_UNIT_ASSIGNED_CONTEXT ( ( #5556, #2714, #5502 ) ) REPRESENTATION_CONTEXT ( 'NONE', 'WORKASPACE' ) );
#8504 = CARTESIAN_POINT ( 'NONE',  ( 0.0000000000000000000, 0.0000000000000000000, 0.0000000000000000000 ) ) ;
#8505 = SURFACE_STYLE_FILL_AREA ( #3609 ) ;
#8506 = SURFACE_STYLE_USAGE ( .BOTH. , #912 ) ;
#8507 = DIRECTION ( 'NONE',  ( -0.0000000000000000000, -0.0000000000000000000, 1.000000000000000000 ) ) ;
#8508 = VECTOR ( 'NONE', #5196, 1000.000000000000000 ) ;
#8509 = SURFACE_STYLE_FILL_AREA ( #7679 ) ;
#8510 = CARTESIAN_POINT ( 'NONE',  ( 2.000000000000000000, 0.002500000000000000052, 0.3649999999999999911 ) ) ;
#8511 = STYLED_ITEM ( 'NONE', ( #5285 ), #4661 ) ;
#8512 = SURFACE_STYLE_USAGE ( .BOTH. , #5619 ) ;
#8513 = VECTOR ( 'NONE', #5348, 1000.000000000000000 ) ;
#8514 = EDGE_LOOP ( 'NONE', ( #9153, #8839, #509, #2206 ) ) ;
#8515 = CARTESIAN_POINT ( 'NONE',  ( 1.600000000000000089, 0.002500000000000000052, 0.3649999999999999911 ) ) ;
#8516 = EDGE_CURVE ( 'NONE', #5571, #6248, #2635, .T. ) ;
#8517 = EDGE_LOOP ( 'NONE', ( #4922, #5157, #9008, #4937 ) ) ;
#8518 = VECTOR ( 'NONE', #3818, 1000.000000000000000 ) ;
#8519 = SURFACE_STYLE_USAGE ( .BOTH. , #8421 ) ;
#8520 = FILL_AREA_STYLE ('',( #8472 ) ) ;
#8521 = STYLED_ITEM ( 'NONE', ( #6030 ), #8531 ) ;
#8522 =( NAMED_UNIT ( * ) SI_UNIT ( $, .STERADIAN. ) SOLID_ANGLE_UNIT ( ) );
#8523 = CARTESIAN_POINT ( 'NONE',  ( 0.1350000000000003419, 0.002500000000000006557, 2.000000000000000000 ) ) ;
#8524 = LINE ( 'NONE', #2217, #1748 ) ;
#8525 = FILL_AREA_STYLE_COLOUR ( '', #3387 ) ;
#8526 = ORIENTED_EDGE ( 'NONE', *, *, #2791, .T. ) ;
#8527 =( LENGTH_UNIT ( ) NAMED_UNIT ( * ) SI_UNIT ( .MILLI., .METRE. ) );
#8528 = ORIENTED_EDGE ( 'NONE', *, *, #4116, .T. ) ;
#8529 = DIRECTION ( 'NONE',  ( -0.0000000000000000000, 1.000000000000000000, -0.0000000000000000000 ) ) ;
#8530 =( GEOMETRIC_REPRESENTATION_CONTEXT ( 3 ) GLOBAL_UNCERTAINTY_ASSIGNED_CONTEXT ( ( #9051 ) ) GLOBAL_UNIT_ASSIGNED_CONTEXT ( ( #3931, #7377, #4660 ) ) REPRESENTATION_CONTEXT ( 'NONE', 'WORKASPACE' ) );
#8531 = ADVANCED_FACE ( 'NONE', ( #3528 ), #1803, .T. ) ;
#8532 = ORIENTED_EDGE ( 'NONE', *, *, #3816, .T. ) ;
#8533 = LINE ( 'NONE', #5013, #3731 ) ;
#8534 = CARTESIAN_POINT ( 'NONE',  ( 2.000000000000000000, 0.002500000000000000052, -0.3649999999999999911 ) ) ;
#8535 = PRODUCT_RELATED_PRODUCT_CATEGORY ( 'part', '', ( #7037 ) ) ;
#8536 = LINE ( 'NONE', #2227, #856 ) ;
#8537 = SURFACE_SIDE_STYLE ('',( #5694 ) ) ;
#8538 = CARTESIAN_POINT ( 'NONE',  ( -1.600000000000000089, 0.002500000000000000052, -1.365000000000000213 ) ) ;
#8539 =( LENGTH_UNIT ( ) NAMED_UNIT ( * ) SI_UNIT ( .MILLI., .METRE. ) );
#8540 = VECTOR ( 'NONE', #745, 1000.000000000000000 ) ;
#8541 = DIRECTION ( 'NONE',  ( -0.0000000000000000000, -0.0000000000000000000, -1.000000000000000000 ) ) ;
#8542 = FILL_AREA_STYLE_COLOUR ( '', #2787 ) ;
#8543 = LINE ( 'NONE', #1520, #434 ) ;
#8544 = VERTEX_POINT ( 'NONE', #6784 ) ;
#8545 = DIRECTION ( 'NONE',  ( 0.0000000000000000000, 0.0000000000000000000, 1.000000000000000000 ) ) ;
#8546 = SURFACE_SIDE_STYLE ('',( #751 ) ) ;
#8547 = EDGE_CURVE ( 'NONE', #7938, #7530, #4655, .T. ) ;
#8548 = FILL_AREA_STYLE ('',( #806 ) ) ;
#8549 = EDGE_CURVE ( 'NONE', #3265, #2041, #615, .T. ) ;
#8550 = PLANE ( 'NONE',  #4317 ) ;
#8551 = PRESENTATION_STYLE_ASSIGNMENT (( #2877 ) ) ;
#8552 = SURFACE_SIDE_STYLE ('',( #5754 ) ) ;
#8553 = ORIENTED_EDGE ( 'NONE', *, *, #2107, .F. ) ;
#8554 = VECTOR ( 'NONE', #8223, 1000.000000000000000 ) ;
#8555 = UNCERTAINTY_MEASURE_WITH_UNIT (LENGTH_MEASURE( 1.000000000000000082E-05 ), #7284, 'distance_accuracy_value', 'NONE');
#8556 = DIRECTION ( 'NONE',  ( 1.000000000000000000, 0.0000000000000000000, 4.065758146820642614E-16 ) ) ;
#8557 = CARTESIAN_POINT ( 'NONE',  ( -1.364999999999999547, -4.470451666064363791E-17, 1.600000000000000089 ) ) ;
#8558 = EDGE_CURVE ( 'NONE', #6676, #6951, #9135, .T. ) ;
#8559 = EDGE_LOOP ( 'NONE', ( #6498, #638 ) ) ;
#8560 = CARTESIAN_POINT ( 'NONE',  ( -2.000000000000000000, 0.0000000000000000000, -0.3649999999999999911 ) ) ;
#8561 = FILL_AREA_STYLE ('',( #917 ) ) ;
#8562 = SURFACE_SIDE_STYLE ('',( #4297 ) ) ;
#8563 = CARTESIAN_POINT ( 'NONE',  ( 2.000000000000000000, 0.002500000000000000052, 1.135000000000000009 ) ) ;
#8564 = DIRECTION ( 'NONE',  ( -1.000000000000000000, 0.0000000000000000000, -0.0000000000000000000 ) ) ;
#8565 = CARTESIAN_POINT ( 'NONE',  ( -0.6349999999999995648, 0.002499999999999997450, -1.600000000000000089 ) ) ;
#8566 =( NAMED_UNIT ( * ) SI_UNIT ( $, .STERADIAN. ) SOLID_ANGLE_UNIT ( ) );
#8567 = ORIENTED_EDGE ( 'NONE', *, *, #8046, .F. ) ;
#8568 = ORIENTED_EDGE ( 'NONE', *, *, #821, .F. ) ;
#8569 = VERTEX_POINT ( 'NONE', #6575 ) ;
#8570 = PLANE ( 'NONE',  #8587 ) ;
#8571 = CARTESIAN_POINT ( 'NONE',  ( 1.600000000000000089, 0.0000000000000000000, -0.6350000000000000089 ) ) ;
#8572 = CARTESIAN_POINT ( 'NONE',  ( 0.3650000000000004352, 0.0000000000000000000, 1.600000000000000089 ) ) ;
#8573 = PLANE ( 'NONE',  #7010 ) ;
#8574 = UNCERTAINTY_MEASURE_WITH_UNIT (LENGTH_MEASURE( 1.000000000000000082E-05 ), #1116, 'distance_accuracy_value', 'NONE');
#8575 = DIRECTION ( 'NONE',  ( 0.0000000000000000000, -1.000000000000000000, 0.0000000000000000000 ) ) ;
#8576 = DIRECTION ( 'NONE',  ( 0.0000000000000000000, 1.000000000000000000, 0.0000000000000000000 ) ) ;
#8577 = EDGE_LOOP ( 'NONE', ( #8417, #8115, #757, #3453 ) ) ;
#8578 = SURFACE_SIDE_STYLE ('',( #4553 ) ) ;
#8579 = DIRECTION ( 'NONE',  ( 0.0000000000000000000, 0.0000000000000000000, -1.000000000000000000 ) ) ;
#8580 = ORIENTED_EDGE ( 'NONE', *, *, #6377, .F. ) ;
#8581 = LINE ( 'NONE', #5061, #4637 ) ;
#8582 = STYLED_ITEM ( 'NONE', ( #7450 ), #38 ) ;
#8583 = ORIENTED_EDGE ( 'NONE', *, *, #5876, .T. ) ;
#8584 = LINE ( 'NONE', #7984, #1967 ) ;
#8585 = DIRECTION ( 'NONE',  ( -0.0000000000000000000, -1.000000000000000000, -0.0000000000000000000 ) ) ;
#8586 = DIRECTION ( 'NONE',  ( -2.710505431213761578E-16, 0.0000000000000000000, -1.000000000000000000 ) ) ;
#8587 = AXIS2_PLACEMENT_3D ( 'NONE', #361, #6017, #6722 ) ;
#8588 = FILL_AREA_STYLE_COLOUR ( '', #7175 ) ;
#8589 = ADVANCED_FACE ( 'NONE', ( #159 ), #5089, .T. ) ;
#8590 =( NAMED_UNIT ( * ) SI_UNIT ( $, .STERADIAN. ) SOLID_ANGLE_UNIT ( ) );
#8591 = MECHANICAL_DESIGN_GEOMETRIC_PRESENTATION_REPRESENTATION (  '', ( #4150 ), #7098 ) ;
#8592 = CARTESIAN_POINT ( 'NONE',  ( 0.8650000000000004352, 0.002500000000000001787, -2.000000000000000000 ) ) ;
#8593 = ORIENTED_EDGE ( 'NONE', *, *, #6760, .F. ) ;
#8594 =( LENGTH_UNIT ( ) NAMED_UNIT ( * ) SI_UNIT ( .MILLI., .METRE. ) );
#8595 =( LENGTH_UNIT ( ) NAMED_UNIT ( * ) SI_UNIT ( .MILLI., .METRE. ) );
#8596 = CARTESIAN_POINT ( 'NONE',  ( -2.000000000000000000, 0.9000000000000000222, 2.000000000000000000 ) ) ;
#8597 = MECHANICAL_DESIGN_GEOMETRIC_PRESENTATION_REPRESENTATION (  '', ( #3282 ), #3569 ) ;
#8598 = FILL_AREA_STYLE_COLOUR ( '', #3009 ) ;
#8599 = EDGE_CURVE ( 'NONE', #8389, #2909, #7964, .T. ) ;
#8600 = DIRECTION ( 'NONE',  ( 1.000000000000000000, -0.0000000000000000000, -0.0000000000000000000 ) ) ;
#8601 = ORIENTED_EDGE ( 'NONE', *, *, #150, .T. ) ;
#8602 = EDGE_CURVE ( 'NONE', #1809, #6491, #5816, .T. ) ;
#8603 = VERTEX_POINT ( 'NONE', #6486 ) ;
#8604 = DIRECTION ( 'NONE',  ( 1.000000000000000000, 0.0000000000000000000, 0.0000000000000000000 ) ) ;
#8605 = CARTESIAN_POINT ( 'NONE',  ( -2.000000000000000000, 0.0000000000000000000, 1.365000000000000213 ) ) ;
#8606 = MECHANICAL_DESIGN_GEOMETRIC_PRESENTATION_REPRESENTATION (  '', ( #2963 ), #7263 ) ;
#8607 = ORIENTED_EDGE ( 'NONE', *, *, #8854, .F. ) ;
#8608 = FILL_AREA_STYLE ('',( #7864 ) ) ;
#8609 = CARTESIAN_POINT ( 'NONE',  ( -2.000000000000000000, 0.002500000000000000052, -0.6350000000000000089 ) ) ;
#8610 = FILL_AREA_STYLE ('',( #19 ) ) ;
#8611 = EDGE_CURVE ( 'NONE', #3301, #4856, #111, .T. ) ;
#8612 = LINE ( 'NONE', #1542, #2746 ) ;
#8613 =( GEOMETRIC_REPRESENTATION_CONTEXT ( 3 ) GLOBAL_UNCERTAINTY_ASSIGNED_CONTEXT ( ( #1649 ) ) GLOBAL_UNIT_ASSIGNED_CONTEXT ( ( #424, #8140, #6799 ) ) REPRESENTATION_CONTEXT ( 'NONE', 'WORKASPACE' ) );
#8614 = MECHANICAL_DESIGN_GEOMETRIC_PRESENTATION_REPRESENTATION (  '', ( #2287 ), #8619 ) ;
#8615 = ORIENTED_EDGE ( 'NONE', *, *, #6166, .F. ) ;
#8616 = ORIENTED_EDGE ( 'NONE', *, *, #8357, .T. ) ;
#8617 = ORIENTED_EDGE ( 'NONE', *, *, #1300, .F. ) ;
#8618 =( GEOMETRIC_REPRESENTATION_CONTEXT ( 3 ) GLOBAL_UNCERTAINTY_ASSIGNED_CONTEXT ( ( #2479 ) ) GLOBAL_UNIT_ASSIGNED_CONTEXT ( ( #695, #180, #7892 ) ) REPRESENTATION_CONTEXT ( 'NONE', 'WORKASPACE' ) );
#8619 =( GEOMETRIC_REPRESENTATION_CONTEXT ( 3 ) GLOBAL_UNCERTAINTY_ASSIGNED_CONTEXT ( ( #747 ) ) GLOBAL_UNIT_ASSIGNED_CONTEXT ( ( #7208, #7288, #4519 ) ) REPRESENTATION_CONTEXT ( 'NONE', 'WORKASPACE' ) );
#8620 =( NAMED_UNIT ( * ) PLANE_ANGLE_UNIT ( ) SI_UNIT ( $, .RADIAN. ) );
#8621 = CARTESIAN_POINT ( 'NONE',  ( -1.364999999999999769, 0.002499999999999952347, 2.000000000000000000 ) ) ;
#8622 = VERTEX_POINT ( 'NONE', #1645 ) ;
#8623 = VERTEX_POINT ( 'NONE', #5764 ) ;
#8624 = VECTOR ( 'NONE', #626, 1000.000000000000000 ) ;
#8625 = LINE ( 'NONE', #789, #766 ) ;
#8626 = ORIENTED_EDGE ( 'NONE', *, *, #8046, .T. ) ;
#8627 = DIRECTION ( 'NONE',  ( -0.0000000000000000000, -1.000000000000000000, -0.0000000000000000000 ) ) ;
#8628 =( NAMED_UNIT ( * ) PLANE_ANGLE_UNIT ( ) SI_UNIT ( $, .RADIAN. ) );
#8629 = CARTESIAN_POINT ( 'NONE',  ( 2.000000000000000000, 0.2024999999999999856, 1.134999999999999787 ) ) ;
#8630 = SURFACE_STYLE_USAGE ( .BOTH. , #5065 ) ;
#8631 = SURFACE_STYLE_USAGE ( .BOTH. , #1573 ) ;
#8632 = VERTEX_POINT ( 'NONE', #4441 ) ;
#8633 = UNCERTAINTY_MEASURE_WITH_UNIT (LENGTH_MEASURE( 1.000000000000000082E-05 ), #7323, 'distance_accuracy_value', 'NONE');
#8634 = VECTOR ( 'NONE', #5208, 1000.000000000000000 ) ;
#8635 = DIRECTION ( 'NONE',  ( 0.0000000000000000000, -0.0000000000000000000, -1.000000000000000000 ) ) ;
#8636 = ORIENTED_EDGE ( 'NONE', *, *, #3108, .F. ) ;
#8637 = FILL_AREA_STYLE_COLOUR ( '', #3444 ) ;
#8638 = DIRECTION ( 'NONE',  ( 1.000000000000000000, 0.0000000000000000000, -2.710505431213761578E-16 ) ) ;
#8639 = DIRECTION ( 'NONE',  ( -0.0000000000000000000, -0.0000000000000000000, -1.000000000000000000 ) ) ;
#8640 = VECTOR ( 'NONE', #3913, 1000.000000000000000 ) ;
#8641 = LINE ( 'NONE', #4475, #5645 ) ;
#8642 = SURFACE_SIDE_STYLE ('',( #7107 ) ) ;
#8643 = STYLED_ITEM ( 'NONE', ( #121 ), #7226 ) ;
#8644 = CARTESIAN_POINT ( 'NONE',  ( -1.600000000000000089, 0.002500000000000000052, 0.3649999999999999911 ) ) ;
#8645 =( GEOMETRIC_REPRESENTATION_CONTEXT ( 3 ) GLOBAL_UNCERTAINTY_ASSIGNED_CONTEXT ( ( #3176 ) ) GLOBAL_UNIT_ASSIGNED_CONTEXT ( ( #3822, #4495, #1652 ) ) REPRESENTATION_CONTEXT ( 'NONE', 'WORKASPACE' ) );
#8646 = STYLED_ITEM ( 'NONE', ( #1697 ), #3188 ) ;
#8647 = UNCERTAINTY_MEASURE_WITH_UNIT (LENGTH_MEASURE( 1.000000000000000082E-05 ), #5882, 'distance_accuracy_value', 'NONE');
#8648 = DIRECTION ( 'NONE',  ( -1.000000000000000000, 0.0000000000000000000, 0.0000000000000000000 ) ) ;
#8649 = ORIENTED_EDGE ( 'NONE', *, *, #5194, .F. ) ;
#8650 = UNCERTAINTY_MEASURE_WITH_UNIT (LENGTH_MEASURE( 1.000000000000000082E-05 ), #4780, 'distance_accuracy_value', 'NONE');
#8651 = CARTESIAN_POINT ( 'NONE',  ( -2.000000000000000000, 0.002500000000000000052, -1.135000000000000009 ) ) ;
#8652 = STYLED_ITEM ( 'NONE', ( #5472 ), #7526 ) ;
#8653 = DIRECTION ( 'NONE',  ( -0.0000000000000000000, -1.000000000000000000, -0.0000000000000000000 ) ) ;
#8654 = ORIENTED_EDGE ( 'NONE', *, *, #2539, .F. ) ;
#8655 = CARTESIAN_POINT ( 'NONE',  ( -0.3649999999999996581, 0.002499999999999985307, 2.000000000000000000 ) ) ;
#8656 = ADVANCED_FACE ( 'NONE', ( #3714 ), #4995, .F. ) ;
#8657 = VECTOR ( 'NONE', #8507, 1000.000000000000000 ) ;
#8658 =( GEOMETRIC_REPRESENTATION_CONTEXT ( 3 ) GLOBAL_UNCERTAINTY_ASSIGNED_CONTEXT ( ( #767 ) ) GLOBAL_UNIT_ASSIGNED_CONTEXT ( ( #2564, #1819, #2608 ) ) REPRESENTATION_CONTEXT ( 'NONE', 'WORKASPACE' ) );
#8659 = DIRECTION ( 'NONE',  ( 0.0000000000000000000, -0.0000000000000000000, 1.000000000000000000 ) ) ;
#8660 = SURFACE_STYLE_FILL_AREA ( #1451 ) ;
#8661 = FACE_OUTER_BOUND ( 'NONE', #6598, .T. ) ;
#8662 = MECHANICAL_DESIGN_GEOMETRIC_PRESENTATION_REPRESENTATION (  '', ( #807 ), #5107 ) ;
#8663 = LINE ( 'NONE', #5909, #2503 ) ;
#8664 = DIRECTION ( 'NONE',  ( 0.0000000000000000000, 0.0000000000000000000, -1.000000000000000000 ) ) ;
#8665 = VECTOR ( 'NONE', #8244, 1000.000000000000000 ) ;
#8666 = UNCERTAINTY_MEASURE_WITH_UNIT (LENGTH_MEASURE( 1.000000000000000082E-05 ), #8793, 'distance_accuracy_value', 'NONE');
#8667 =( LENGTH_UNIT ( ) NAMED_UNIT ( * ) SI_UNIT ( .MILLI., .METRE. ) );
#8668 = ORIENTED_EDGE ( 'NONE', *, *, #696, .T. ) ;
#8669 = SURFACE_SIDE_STYLE ('',( #3111 ) ) ;
#8670 = SURFACE_STYLE_FILL_AREA ( #3032 ) ;
#8672 = EDGE_CURVE ( 'NONE', #37, #4447, #6438, .T. ) ;
#8671 = EDGE_LOOP ( 'NONE', ( #6490, #5374, #7767, #2764 ) ) ;
#8673 = SURFACE_STYLE_FILL_AREA ( #4497 ) ;
#8674 = EDGE_CURVE ( 'NONE', #1498, #5332, #6664, .T. ) ;
#8675 = PRESENTATION_LAYER_ASSIGNMENT (  '', '', ( #3500 ) ) ;
#8676 = DIRECTION ( 'NONE',  ( 1.000000000000000000, 0.0000000000000000000, 0.0000000000000000000 ) ) ;
#8677 = FILL_AREA_STYLE_COLOUR ( '', #3933 ) ;
#8678 = CARTESIAN_POINT ( 'NONE',  ( -0.3649999999999996581, -1.490150555354787828E-17, 2.000000000000000000 ) ) ;
#8679 = STYLED_ITEM ( 'NONE', ( #4043 ), #8171 ) ;
#8680 = CARTESIAN_POINT ( 'NONE',  ( 2.000000000000000000, 0.002500000000000000052, -1.134999999999999787 ) ) ;
#8681 = ORIENTED_EDGE ( 'NONE', *, *, #3690, .F. ) ;
#8682 = DIRECTION ( 'NONE',  ( -1.000000000000000000, 0.0000000000000000000, -0.0000000000000000000 ) ) ;
#8683 = ORIENTED_EDGE ( 'NONE', *, *, #7966, .T. ) ;
#8684 = EDGE_CURVE ( 'NONE', #7464, #1304, #6051, .T. ) ;
#8685 = STYLED_ITEM ( 'NONE', ( #4972 ), #8407 ) ;
#8686 = LINE ( 'NONE', #7985, #8869 ) ;
#8687 = PLANE ( 'NONE',  #825 ) ;
#8688 = UNCERTAINTY_MEASURE_WITH_UNIT (LENGTH_MEASURE( 1.000000000000000082E-05 ), #3878, 'distance_accuracy_value', 'NONE');
#8689 = MECHANICAL_DESIGN_GEOMETRIC_PRESENTATION_REPRESENTATION (  '', ( #3517 ), #4982 ) ;
#8690 = CARTESIAN_POINT ( 'NONE',  ( -0.6349999999999995648, 0.1999999999999999833, 2.000000000000000000 ) ) ;
#8691 = CARTESIAN_POINT ( 'NONE',  ( 2.001999999999999780, 0.002500000000000000052, -0.8650000000000001021 ) ) ;
#8692 = ORIENTED_EDGE ( 'NONE', *, *, #6723, .T. ) ;
#8693 = STYLED_ITEM ( 'NONE', ( #8460 ), #8656 ) ;
#8694 = DIRECTION ( 'NONE',  ( 2.710505431213761578E-16, 0.0000000000000000000, -1.000000000000000000 ) ) ;
#8695 = VERTEX_POINT ( 'NONE', #2388 ) ;
#8696 = DIRECTION ( 'NONE',  ( 1.000000000000000000, 0.0000000000000000000, -0.0000000000000000000 ) ) ;
#8697 = SURFACE_STYLE_FILL_AREA ( #7154 ) ;
#8698 = FILL_AREA_STYLE_COLOUR ( '', #1126 ) ;
#8699 = COLOUR_RGB ( '',1.000000000000000000, 1.000000000000000000, 1.000000000000000000 ) ;
#8700 = SURFACE_STYLE_FILL_AREA ( #189 ) ;
#8701 = SURFACE_STYLE_FILL_AREA ( #5861 ) ;
#8702 = EDGE_CURVE ( 'NONE', #3396, #6006, #3252, .T. ) ;
#8703 = PLANE ( 'NONE',  #4144 ) ;
#8704 = ORIENTED_EDGE ( 'NONE', *, *, #5207, .T. ) ;
#8705 = CARTESIAN_POINT ( 'NONE',  ( -1.600000000000000089, 0.002500000000000000052, 0.1349999999999998701 ) ) ;
#8706 = ORIENTED_EDGE ( 'NONE', *, *, #716, .T. ) ;
#8707 = FACE_OUTER_BOUND ( 'NONE', #3324, .T. ) ;
#8708 = DIRECTION ( 'NONE',  ( 0.0000000000000000000, -0.0000000000000000000, -1.000000000000000000 ) ) ;
#8709 = VECTOR ( 'NONE', #7035, 1000.000000000000000 ) ;
#8710 = MECHANICAL_DESIGN_GEOMETRIC_PRESENTATION_REPRESENTATION (  '', ( #256 ), #409 ) ;
#8711 = FILL_AREA_STYLE ('',( #3068 ) ) ;
#8712 = EDGE_CURVE ( 'NONE', #8017, #8939, #8897, .T. ) ;
#8713 = EDGE_CURVE ( 'NONE', #2059, #3274, #2530, .T. ) ;
#8714 = DIRECTION ( 'NONE',  ( -0.0000000000000000000, 0.0000000000000000000, -1.000000000000000000 ) ) ;
#8715 = ORIENTED_EDGE ( 'NONE', *, *, #5769, .F. ) ;
#8716 = CARTESIAN_POINT ( 'NONE',  ( -0.6349999999999995648, -2.980301110709575655E-17, -2.001999999999999780 ) ) ;
#8717 = ORIENTED_EDGE ( 'NONE', *, *, #3618, .F. ) ;
#8718 = ORIENTED_EDGE ( 'NONE', *, *, #7297, .T. ) ;
#8719 = CARTESIAN_POINT ( 'NONE',  ( -1.600000000000000089, 0.002500000000000000052, 1.135000000000000009 ) ) ;
#8720 = CARTESIAN_POINT ( 'NONE',  ( 2.000000000000000000, 0.002500000000000000052, 0.1350000000000000366 ) ) ;
#8721 =( NAMED_UNIT ( * ) SI_UNIT ( $, .STERADIAN. ) SOLID_ANGLE_UNIT ( ) );
#8722 = EDGE_CURVE ( 'NONE', #7439, #5249, #299, .T. ) ;
#8723 = ORIENTED_EDGE ( 'NONE', *, *, #7559, .F. ) ;
#8724 =( LENGTH_UNIT ( ) NAMED_UNIT ( * ) SI_UNIT ( .MILLI., .METRE. ) );
#8725 = SURFACE_STYLE_USAGE ( .BOTH. , #6023 ) ;
#8726 = EDGE_LOOP ( 'NONE', ( #8350, #9151, #8221, #2640 ) ) ;
#8727 = PRESENTATION_STYLE_ASSIGNMENT (( #5890 ) ) ;
#8728 = ORIENTED_EDGE ( 'NONE', *, *, #2805, .F. ) ;
#8729 = CARTESIAN_POINT ( 'NONE',  ( -2.001999999999999780, 0.2025000000000000133, 0.1349999999999998701 ) ) ;
#8730 = SURFACE_STYLE_FILL_AREA ( #3086 ) ;
#8731 = SURFACE_STYLE_USAGE ( .BOTH. , #2368 ) ;
#8732 = DIRECTION ( 'NONE',  ( -0.0000000000000000000, -1.000000000000000000, -0.0000000000000000000 ) ) ;
#8733 =( LENGTH_UNIT ( ) NAMED_UNIT ( * ) SI_UNIT ( .MILLI., .METRE. ) );
#8734 = ADVANCED_FACE ( 'NONE', ( #8152 ), #1012, .T. ) ;
#8735 = VERTEX_POINT ( 'NONE', #8247 ) ;
#8736 = LINE ( 'NONE', #3093, #8430 ) ;
#8737 = ORIENTED_EDGE ( 'NONE', *, *, #126, .F. ) ;
#8738 = SURFACE_STYLE_FILL_AREA ( #3051 ) ;
#8739 = CARTESIAN_POINT ( 'NONE',  ( -1.600000000000000089, 0.002500000000000000052, 1.135000000000000009 ) ) ;
#8740 = CARTESIAN_POINT ( 'NONE',  ( 2.001999999999999780, 0.2025000000000000133, 0.6349999999999998979 ) ) ;
#8741 = VECTOR ( 'NONE', #4478, 1000.000000000000000 ) ;
#8742 = SURFACE_STYLE_FILL_AREA ( #6001 ) ;
#8743 = MECHANICAL_DESIGN_GEOMETRIC_PRESENTATION_REPRESENTATION (  '', ( #4294 ), #287 ) ;
#8744 = DIRECTION ( 'NONE',  ( -0.0000000000000000000, -1.000000000000000000, -0.0000000000000000000 ) ) ;
#8745 = DIRECTION ( 'NONE',  ( 4.065758146820642614E-16, 0.0000000000000000000, -1.000000000000000000 ) ) ;
#8746 = ORIENTED_EDGE ( 'NONE', *, *, #9116, .F. ) ;
#8747 = LINE ( 'NONE', #1741, #7865 ) ;
#8748 = FILL_AREA_STYLE_COLOUR ( '', #6883 ) ;
#8749 = STYLED_ITEM ( 'NONE', ( #3410 ), #238 ) ;
#8750 = EDGE_LOOP ( 'NONE', ( #2109, #6429, #3112, #5689 ) ) ;
#8751 = CARTESIAN_POINT ( 'NONE',  ( -2.001999999999999780, 0.2025000000000000133, -0.3650000000000001577 ) ) ;
#8752 = FILL_AREA_STYLE_COLOUR ( '', #1371 ) ;
#8753 = SURFACE_SIDE_STYLE ('',( #1646 ) ) ;
#8754 = MECHANICAL_DESIGN_GEOMETRIC_PRESENTATION_REPRESENTATION (  '', ( #5199 ), #5024 ) ;
#8755 = SURFACE_STYLE_FILL_AREA ( #4443 ) ;
#8756 = LINE ( 'NONE', #1648, #546 ) ;
#8757 = CARTESIAN_POINT ( 'NONE',  ( 2.000000000000000000, 0.0000000000000000000, 0.1350000000000000366 ) ) ;
#8758 = ORIENTED_EDGE ( 'NONE', *, *, #3297, .F. ) ;
#8759 = SURFACE_STYLE_USAGE ( .BOTH. , #5771 ) ;
#8760 = FACE_OUTER_BOUND ( 'NONE', #7934, .T. ) ;
#8761 = VECTOR ( 'NONE', #2629, 1000.000000000000000 ) ;
#8762 = EDGE_LOOP ( 'NONE', ( #5840, #3208, #680, #2873 ) ) ;
#8763 = PRESENTATION_STYLE_ASSIGNMENT (( #3776 ) ) ;
#8764 = ADVANCED_FACE ( 'NONE', ( #6092 ), #7948, .T. ) ;
#8765 = PRESENTATION_LAYER_ASSIGNMENT (  '', '', ( #2428 ) ) ;
#8766 = CARTESIAN_POINT ( 'NONE',  ( -1.134999999999999787, 0.1999999999999999556, -2.001999999999999780 ) ) ;
#8767 = CARTESIAN_POINT ( 'NONE',  ( 1.135000000000000675, 2.975525575834778034E-18, -1.600000000000000089 ) ) ;
#8768 = DIRECTION ( 'NONE',  ( 1.000000000000000000, 0.0000000000000000000, 0.0000000000000000000 ) ) ;
#8769 = STYLED_ITEM ( 'NONE', ( #654 ), #1901 ) ;
#8770 = CARTESIAN_POINT ( 'NONE',  ( -2.000000000000000000, 0.002500000000000000052, -1.364999999999999991 ) ) ;
#8771 = ORIENTED_EDGE ( 'NONE', *, *, #1749, .F. ) ;
#8772 = PLANE ( 'NONE',  #7748 ) ;
#8773 = DIRECTION ( 'NONE',  ( -1.000000000000000000, 0.0000000000000000000, -2.710505431213761578E-16 ) ) ;
#8774 = STYLED_ITEM ( 'NONE', ( #3124 ), #6008 ) ;
#8775 = ORIENTED_EDGE ( 'NONE', *, *, #2221, .T. ) ;
#8776 = ORIENTED_EDGE ( 'NONE', *, *, #3869, .T. ) ;
#8777 = CARTESIAN_POINT ( 'NONE',  ( 1.499999999999999778, 0.8979999999999999094, -1.500000000000000000 ) ) ;
#8778 = ADVANCED_FACE ( 'NONE', ( #8492 ), #3741, .T. ) ;
#8779 =( NAMED_UNIT ( * ) PLANE_ANGLE_UNIT ( ) SI_UNIT ( $, .RADIAN. ) );
#8780 =( NAMED_UNIT ( * ) SI_UNIT ( $, .STERADIAN. ) SOLID_ANGLE_UNIT ( ) );
#8781 = EDGE_CURVE ( 'NONE', #4458, #7550, #7897, .T. ) ;
#8782 = COLOUR_RGB ( '',1.000000000000000000, 1.000000000000000000, 1.000000000000000000 ) ;
#8783 = UNCERTAINTY_MEASURE_WITH_UNIT (LENGTH_MEASURE( 1.000000000000000082E-05 ), #7558, 'distance_accuracy_value', 'NONE');
#8784 = FILL_AREA_STYLE_COLOUR ( '', #3951 ) ;
#8785 = SURFACE_SIDE_STYLE ('',( #5342 ) ) ;
#8786 = VECTOR ( 'NONE', #3122, 1000.000000000000000 ) ;
#8787 = ORIENTED_EDGE ( 'NONE', *, *, #250, .T. ) ;
#8788 =( NAMED_UNIT ( * ) SI_UNIT ( $, .STERADIAN. ) SOLID_ANGLE_UNIT ( ) );
#8789 = ORIENTED_EDGE ( 'NONE', *, *, #535, .T. ) ;
#8790 = SURFACE_STYLE_USAGE ( .BOTH. , #1628 ) ;
#8791 = DIRECTION ( 'NONE',  ( 0.0000000000000000000, 0.0000000000000000000, -1.000000000000000000 ) ) ;
#8792 = PRESENTATION_LAYER_ASSIGNMENT (  '', '', ( #7890 ) ) ;
#8793 =( LENGTH_UNIT ( ) NAMED_UNIT ( * ) SI_UNIT ( .MILLI., .METRE. ) );
#8794 = DIRECTION ( 'NONE',  ( 0.0000000000000000000, 0.0000000000000000000, -1.000000000000000000 ) ) ;
#8795 = VECTOR ( 'NONE', #3540, 1000.000000000000000 ) ;
#8796 = CARTESIAN_POINT ( 'NONE',  ( 2.001999999999999780, 0.002500000000000000052, 0.1349999999999998701 ) ) ;
#8797 = FILL_AREA_STYLE_COLOUR ( '', #792 ) ;
#8798 = AXIS2_PLACEMENT_3D ( 'NONE', #782, #5631, #4958 ) ;
#8799 = CARTESIAN_POINT ( 'NONE',  ( -2.000000000000000000, 0.002500000000000000052, -2.000000000000000000 ) ) ;
#8800 = CARTESIAN_POINT ( 'NONE',  ( -1.134999999999999787, 0.002499999999999995715, -1.600000000000000089 ) ) ;
#8801 = VERTEX_POINT ( 'NONE', #3047 ) ;
#8802 =( NAMED_UNIT ( * ) PLANE_ANGLE_UNIT ( ) SI_UNIT ( $, .RADIAN. ) );
#8803 = ORIENTED_EDGE ( 'NONE', *, *, #1305, .T. ) ;
#8804 = CARTESIAN_POINT ( 'NONE',  ( 2.000000000000000000, 0.2025000000000000133, -0.6350000000000001199 ) ) ;
#8805 = EDGE_CURVE ( 'NONE', #7439, #4699, #4927, .T. ) ;
#8806 = COLOUR_RGB ( '',1.000000000000000000, 1.000000000000000000, 1.000000000000000000 ) ;
#8807 = CARTESIAN_POINT ( 'NONE',  ( 0.3650000000000004352, 0.002500000000000006557, 2.000000000000000000 ) ) ;
#8808 = LINE ( 'NONE', #4682, #4617 ) ;
#8809 = FILL_AREA_STYLE_COLOUR ( '', #3077 ) ;
#8810 = VECTOR ( 'NONE', #773, 1000.000000000000000 ) ;
#8811 = PRESENTATION_LAYER_ASSIGNMENT (  '', '', ( #8646 ) ) ;
#8812 = SURFACE_SIDE_STYLE ('',( #8755 ) ) ;
#8813 = PLANE ( 'NONE',  #797 ) ;
#8814 = ORIENTED_EDGE ( 'NONE', *, *, #2823, .F. ) ;
#8815 = VECTOR ( 'NONE', #4943, 1000.000000000000000 ) ;
#8816 = MECHANICAL_DESIGN_GEOMETRIC_PRESENTATION_REPRESENTATION (  '', ( #1422 ), #206 ) ;
#8817 = AXIS2_PLACEMENT_3D ( 'NONE', #2189, #7202, #3645 ) ;
#8818 =( LENGTH_UNIT ( ) NAMED_UNIT ( * ) SI_UNIT ( .MILLI., .METRE. ) );
#8819 = SURFACE_STYLE_FILL_AREA ( #3864 ) ;
#8820 = SURFACE_SIDE_STYLE ('',( #3156 ) ) ;
#8821 =( GEOMETRIC_REPRESENTATION_CONTEXT ( 3 ) GLOBAL_UNCERTAINTY_ASSIGNED_CONTEXT ( ( #8380 ) ) GLOBAL_UNIT_ASSIGNED_CONTEXT ( ( #8595, #2282, #2874 ) ) REPRESENTATION_CONTEXT ( 'NONE', 'WORKASPACE' ) );
#8822 = SURFACE_SIDE_STYLE ('',( #3726 ) ) ;
#8823 = DIRECTION ( 'NONE',  ( 1.000000000000000000, 0.0000000000000000000, 0.0000000000000000000 ) ) ;
#8824 = ORIENTED_EDGE ( 'NONE', *, *, #6801, .F. ) ;
#8825 = AXIS2_PLACEMENT_3D ( 'NONE', #6873, #6164, #420 ) ;
#8826 = DIRECTION ( 'NONE',  ( -1.000000000000000000, -0.0000000000000000000, -0.0000000000000000000 ) ) ;
#8827 = EDGE_LOOP ( 'NONE', ( #8170, #3080, #5037, #5758 ) ) ;
#8828 = ORIENTED_EDGE ( 'NONE', *, *, #4424, .T. ) ;
#8829 = ORIENTED_EDGE ( 'NONE', *, *, #606, .F. ) ;
#8830 = VECTOR ( 'NONE', #8436, 1000.000000000000000 ) ;
#8831 = CARTESIAN_POINT ( 'NONE',  ( 2.001999999999999780, 0.2025000000000000133, -0.8650000000000001021 ) ) ;
#8832 = DIRECTION ( 'NONE',  ( -1.000000000000000000, 0.0000000000000000000, -0.0000000000000000000 ) ) ;
#8833 = DIRECTION ( 'NONE',  ( 1.000000000000000000, 0.0000000000000000000, 0.0000000000000000000 ) ) ;
#8834 = VECTOR ( 'NONE', #3079, 1000.000000000000000 ) ;
#8835 = DIRECTION ( 'NONE',  ( 0.0000000000000000000, 0.0000000000000000000, -1.000000000000000000 ) ) ;
#8836 = PRESENTATION_STYLE_ASSIGNMENT (( #1719 ) ) ;
#8837 = DIRECTION ( 'NONE',  ( -0.0000000000000000000, 1.000000000000000000, -0.0000000000000000000 ) ) ;
#8838 =( LENGTH_UNIT ( ) NAMED_UNIT ( * ) SI_UNIT ( .MILLI., .METRE. ) );
#8839 = ORIENTED_EDGE ( 'NONE', *, *, #8028, .F. ) ;
#8840 = UNCERTAINTY_MEASURE_WITH_UNIT (LENGTH_MEASURE( 1.000000000000000082E-05 ), #3105, 'distance_accuracy_value', 'NONE');
#8841 = EDGE_CURVE ( 'NONE', #5711, #3120, #1429, .T. ) ;
#8842 = CARTESIAN_POINT ( 'NONE',  ( -2.001999999999999780, 0.2025000000000000133, -0.8650000000000001021 ) ) ;
#8843 = ORIENTED_EDGE ( 'NONE', *, *, #6896, .T. ) ;
#8844 = CARTESIAN_POINT ( 'NONE',  ( 1.600000000000000089, 0.002500000000000000052, -0.8650000000000001021 ) ) ;
#8845 = VECTOR ( 'NONE', #1287, 1000.000000000000000 ) ;
#8846 = CARTESIAN_POINT ( 'NONE',  ( -0.1349999999999995925, 0.002499999999999985307, 1.600000000000000089 ) ) ;
#8847 = AXIS2_PLACEMENT_3D ( 'NONE', #3559, #2200, #2241 ) ;
#8848 = SURFACE_STYLE_USAGE ( .BOTH. , #5220 ) ;
#8849 = CARTESIAN_POINT ( 'NONE',  ( -1.600000000000000089, 0.002500000000000000052, 0.6349999999999998979 ) ) ;
#8850 = EDGE_CURVE ( 'NONE', #8106, #1844, #3550, .T. ) ;
#8851 = VERTEX_POINT ( 'NONE', #7800 ) ;
#8852 = UNCERTAINTY_MEASURE_WITH_UNIT (LENGTH_MEASURE( 1.000000000000000082E-05 ), #7752, 'distance_accuracy_value', 'NONE');
#8853 = PLANE ( 'NONE',  #2579 ) ;
#8854 = EDGE_CURVE ( 'NONE', #4856, #174, #1479, .T. ) ;
#8855 = LINE ( 'NONE', #249, #1747 ) ;
#8856 = ORIENTED_EDGE ( 'NONE', *, *, #8112, .F. ) ;
#8857 = CARTESIAN_POINT ( 'NONE',  ( -0.1349999999999995925, 0.1999999999999999833, -2.000000000000000000 ) ) ;
#8858 = PRESENTATION_LAYER_ASSIGNMENT (  '', '', ( #3668 ) ) ;
#8859 = CARTESIAN_POINT ( 'NONE',  ( -2.000000000000000000, 0.002500000000000000052, -1.364999999999999991 ) ) ;
#8860 = DIRECTION ( 'NONE',  ( 0.0000000000000000000, 1.000000000000000000, 0.0000000000000000000 ) ) ;
#8861 = DIRECTION ( 'NONE',  ( -1.000000000000000000, 0.0000000000000000000, 0.0000000000000000000 ) ) ;
#8862 = AXIS2_PLACEMENT_3D ( 'NONE', #7134, #4917, #7230 ) ;
#8863 = ADVANCED_FACE ( 'NONE', ( #4327 ), #3597, .T. ) ;
#8864 = LINE ( 'NONE', #2535, #6872 ) ;
#8865 = ORIENTED_EDGE ( 'NONE', *, *, #3992, .T. ) ;
#8866 =( NAMED_UNIT ( * ) SI_UNIT ( $, .STERADIAN. ) SOLID_ANGLE_UNIT ( ) );
#8867 = FILL_AREA_STYLE_COLOUR ( '', #3557 ) ;
#8868 = LINE ( 'NONE', #309, #1812 ) ;
#8869 = VECTOR ( 'NONE', #1670, 1000.000000000000000 ) ;
#8870 = FILL_AREA_STYLE_COLOUR ( '', #5383 ) ;
#8871 = CARTESIAN_POINT ( 'NONE',  ( -2.001999999999999780, 0.2025000000000000133, -1.365000000000000213 ) ) ;
#8872 = ORIENTED_EDGE ( 'NONE', *, *, #971, .F. ) ;
#8873 = PRESENTATION_LAYER_ASSIGNMENT (  '', '', ( #2963 ) ) ;
#8874 = VERTEX_POINT ( 'NONE', #8086 ) ;
#8875 = VERTEX_POINT ( 'NONE', #8691 ) ;
#8876 = ORIENTED_EDGE ( 'NONE', *, *, #3565, .F. ) ;
#8877 = LINE ( 'NONE', #1078, #7884 ) ;
#8878 = DIRECTION ( 'NONE',  ( 0.0000000000000000000, -0.0000000000000000000, 1.000000000000000000 ) ) ;
#8879 =( LENGTH_UNIT ( ) NAMED_UNIT ( * ) SI_UNIT ( .MILLI., .METRE. ) );
#8880 = DIRECTION ( 'NONE',  ( 1.000000000000000000, 0.0000000000000000000, 0.0000000000000000000 ) ) ;
#8881 = ORIENTED_EDGE ( 'NONE', *, *, #4804, .T. ) ;
#8882 = PRESENTATION_STYLE_ASSIGNMENT (( #4566 ) ) ;
#8883 = FILL_AREA_STYLE_COLOUR ( '', #1847 ) ;
#8884 = SURFACE_STYLE_FILL_AREA ( #3095 ) ;
#8885 =( LENGTH_UNIT ( ) NAMED_UNIT ( * ) SI_UNIT ( .MILLI., .METRE. ) );
#8886 =( LENGTH_UNIT ( ) NAMED_UNIT ( * ) SI_UNIT ( .MILLI., .METRE. ) );
#8887 = DIRECTION ( 'NONE',  ( -0.0000000000000000000, -1.000000000000000000, -0.0000000000000000000 ) ) ;
#8888 = ADVANCED_FACE ( 'NONE', ( #6037 ), #2413, .T. ) ;
#8889 =( NAMED_UNIT ( * ) PLANE_ANGLE_UNIT ( ) SI_UNIT ( $, .RADIAN. ) );
#8890 = ORIENTED_EDGE ( 'NONE', *, *, #4076, .F. ) ;
#8891 = DIRECTION ( 'NONE',  ( 0.0000000000000000000, 0.0000000000000000000, 1.000000000000000000 ) ) ;
#8892 = LINE ( 'NONE', #4578, #967 ) ;
#8893 = LINE ( 'NONE', #6087, #3200 ) ;
#8894 = CARTESIAN_POINT ( 'NONE',  ( -1.600000000000000089, 0.002500000000000000052, -0.8650000000000001021 ) ) ;
#8895 =( NAMED_UNIT ( * ) PLANE_ANGLE_UNIT ( ) SI_UNIT ( $, .RADIAN. ) );
#8896 = EDGE_CURVE ( 'NONE', #899, #7886, #7425, .T. ) ;
#8897 = LINE ( 'NONE', #3203, #389 ) ;
#8898 = ADVANCED_FACE ( 'NONE', ( #276, #6746 ), #6693, .T. ) ;
#8899 = PRESENTATION_LAYER_ASSIGNMENT (  '', '', ( #4599 ) ) ;
#8900 = ORIENTED_EDGE ( 'NONE', *, *, #3126, .F. ) ;
#8901 = SURFACE_STYLE_USAGE ( .BOTH. , #3861 ) ;
#8902 = SURFACE_STYLE_USAGE ( .BOTH. , #5144 ) ;
#8903 = VECTOR ( 'NONE', #4701, 1000.000000000000000 ) ;
#8904 = EDGE_CURVE ( 'NONE', #3733, #1687, #1369, .T. ) ;
#8905 = FILL_AREA_STYLE_COLOUR ( '', #771 ) ;
#8906 = SURFACE_SIDE_STYLE ('',( #6773 ) ) ;
#8907 = AXIS2_PLACEMENT_3D ( 'NONE', #4761, #2057, #4848 ) ;
#8908 =( NAMED_UNIT ( * ) SI_UNIT ( $, .STERADIAN. ) SOLID_ANGLE_UNIT ( ) );
#8909 = PLANE ( 'NONE',  #5123 ) ;
#8910 =( NAMED_UNIT ( * ) SI_UNIT ( $, .STERADIAN. ) SOLID_ANGLE_UNIT ( ) );
#8911 = ORIENTED_EDGE ( 'NONE', *, *, #6504, .T. ) ;
#8912 = DIRECTION ( 'NONE',  ( -1.000000000000000000, 0.0000000000000000000, 0.0000000000000000000 ) ) ;
#8913 = ORIENTED_EDGE ( 'NONE', *, *, #5318, .F. ) ;
#8914 = ORIENTED_EDGE ( 'NONE', *, *, #2389, .T. ) ;
#8915 = ORIENTED_EDGE ( 'NONE', *, *, #3816, .F. ) ;
#8916 = STYLED_ITEM ( 'NONE', ( #6478 ), #5684 ) ;
#8917 = CARTESIAN_POINT ( 'NONE',  ( -1.600000000000000089, 0.002500000000000000052, -0.3650000000000001577 ) ) ;
#8918 = PLANE ( 'NONE',  #7441 ) ;
#8919 = CARTESIAN_POINT ( 'NONE',  ( 0.1350000000000003419, 0.2000000000000000111, -2.000000000000000000 ) ) ;
#8920 = CARTESIAN_POINT ( 'NONE',  ( 2.001999999999999780, 0.2025000000000000133, 1.135000000000000009 ) ) ;
#8921 = STYLED_ITEM ( 'NONE', ( #3292 ), #1742 ) ;
#8922 = DIRECTION ( 'NONE',  ( 1.000000000000000000, 0.0000000000000000000, 0.0000000000000000000 ) ) ;
#8923 = LINE ( 'NONE', #3273, #3613 ) ;
#8924 = DIRECTION ( 'NONE',  ( 1.000000000000000000, 0.0000000000000000000, 4.065758146820642614E-16 ) ) ;
#8925 = CARTESIAN_POINT ( 'NONE',  ( 2.000000000000000000, 0.0000000000000000000, -1.135000000000000009 ) ) ;
#8926 = VECTOR ( 'NONE', #4716, 1000.000000000000000 ) ;
#8927 = ORIENTED_EDGE ( 'NONE', *, *, #3566, .T. ) ;
#8928 = DIRECTION ( 'NONE',  ( 0.0000000000000000000, -1.000000000000000000, 0.0000000000000000000 ) ) ;
#8929 = AXIS2_PLACEMENT_3D ( 'NONE', #3554, #6369, #9204 ) ;
#8930 = FILL_AREA_STYLE_COLOUR ( '', #8318 ) ;
#8931 = PLANE ( 'NONE',  #2693 ) ;
#8932 = FILL_AREA_STYLE ('',( #385 ) ) ;
#8933 = DIRECTION ( 'NONE',  ( -0.0000000000000000000, -1.000000000000000000, -0.0000000000000000000 ) ) ;
#8934 = CARTESIAN_POINT ( 'NONE',  ( -1.600000000000000089, 0.0000000000000000000, 1.135000000000000009 ) ) ;
#8935 =( NAMED_UNIT ( * ) PLANE_ANGLE_UNIT ( ) SI_UNIT ( $, .RADIAN. ) );
#8936 = UNCERTAINTY_MEASURE_WITH_UNIT (LENGTH_MEASURE( 1.000000000000000082E-05 ), #5902, 'distance_accuracy_value', 'NONE');
#8937 = PRESENTATION_LAYER_ASSIGNMENT (  '', '', ( #3605 ) ) ;
#8938 = CARTESIAN_POINT ( 'NONE',  ( -1.600000000000000089, 0.002500000000000000052, -0.6350000000000000089 ) ) ;
#8939 = VERTEX_POINT ( 'NONE', #8925 ) ;
#8940 = UNCERTAINTY_MEASURE_WITH_UNIT (LENGTH_MEASURE( 1.000000000000000082E-05 ), #8141, 'distance_accuracy_value', 'NONE');
#8941 = DIRECTION ( 'NONE',  ( 0.0000000000000000000, 0.0000000000000000000, -1.000000000000000000 ) ) ;
#8942 = EDGE_CURVE ( 'NONE', #174, #8176, #2079, .T. ) ;
#8943 = CARTESIAN_POINT ( 'NONE',  ( 0.3650000000000004352, 0.002500000000000000052, -1.600000000000000089 ) ) ;
#8944 = VECTOR ( 'NONE', #7197, 1000.000000000000000 ) ;
#8945 = CARTESIAN_POINT ( 'NONE',  ( 2.000000000000000000, 0.2025000000000000133, -0.8650000000000001021 ) ) ;
#8946 = VECTOR ( 'NONE', #2637, 1000.000000000000000 ) ;
#8947 = VECTOR ( 'NONE', #7119, 1000.000000000000000 ) ;
#8948 = VECTOR ( 'NONE', #683, 1000.000000000000000 ) ;
#8949 = UNCERTAINTY_MEASURE_WITH_UNIT (LENGTH_MEASURE( 1.000000000000000082E-05 ), #4713, 'distance_accuracy_value', 'NONE');
#8950 = CARTESIAN_POINT ( 'NONE',  ( 0.8650000000000004352, 0.002500000000000001787, -2.000000000000000000 ) ) ;
#8951 = ADVANCED_FACE ( 'NONE', ( #3447 ), #4011, .F. ) ;
#8952 = STYLED_ITEM ( 'NONE', ( #4627 ), #6380 ) ;
#8953 = ORIENTED_EDGE ( 'NONE', *, *, #4913, .T. ) ;
#8954 = ADVANCED_FACE ( 'NONE', ( #4100 ), #1323, .F. ) ;
#8955 = VECTOR ( 'NONE', #4259, 1000.000000000000000 ) ;
#8956 = CARTESIAN_POINT ( 'NONE',  ( -0.6349999999999995648, -2.975525575834778034E-18, -2.000000000000000000 ) ) ;
#8957 = AXIS2_PLACEMENT_3D ( 'NONE', #6800, #5720, #2562 ) ;
#8958 = PRESENTATION_LAYER_ASSIGNMENT (  '', '', ( #7905 ) ) ;
#8959 = AXIS2_PLACEMENT_3D ( 'NONE', #7401, #307, #1878 ) ;
#8960 = VERTEX_POINT ( 'NONE', #1467 ) ;
#8961 = DIRECTION ( 'NONE',  ( -0.0000000000000000000, -0.0000000000000000000, 1.000000000000000000 ) ) ;
#8962 = LINE ( 'NONE', #8456, #1686 ) ;
#8963 = EDGE_CURVE ( 'NONE', #1977, #7439, #1611, .T. ) ;
#8964 = ORIENTED_EDGE ( 'NONE', *, *, #7525, .F. ) ;
#8965 = AXIS2_PLACEMENT_3D ( 'NONE', #8690, #8174, #896 ) ;
#8966 = ORIENTED_EDGE ( 'NONE', *, *, #525, .F. ) ;
#8967 = SURFACE_STYLE_USAGE ( .BOTH. , #1028 ) ;
#8968 = DIRECTION ( 'NONE',  ( -0.0000000000000000000, -1.000000000000000000, -0.0000000000000000000 ) ) ;
#8969 = MECHANICAL_DESIGN_GEOMETRIC_PRESENTATION_REPRESENTATION (  '', ( #2619 ), #5850 ) ;
#8970 =( NAMED_UNIT ( * ) PLANE_ANGLE_UNIT ( ) SI_UNIT ( $, .RADIAN. ) );
#8971 = VECTOR ( 'NONE', #5133, 1000.000000000000000 ) ;
#8972 =( NAMED_UNIT ( * ) SI_UNIT ( $, .STERADIAN. ) SOLID_ANGLE_UNIT ( ) );
#8973 = DIRECTION ( 'NONE',  ( 0.0000000000000000000, -0.0000000000000000000, -1.000000000000000000 ) ) ;
#8974 = SURFACE_STYLE_FILL_AREA ( #1185 ) ;
#8975 = CARTESIAN_POINT ( 'NONE',  ( -2.000000000000000000, 0.002500000000000000052, -2.000000000000000000 ) ) ;
#8976 = ORIENTED_EDGE ( 'NONE', *, *, #126, .T. ) ;
#8977 = SURFACE_SIDE_STYLE ('',( #3325 ) ) ;
#8978 = ADVANCED_FACE ( 'NONE', ( #2953 ), #2218, .F. ) ;
#8979 = VECTOR ( 'NONE', #3328, 1000.000000000000000 ) ;
#8980 =( GEOMETRIC_REPRESENTATION_CONTEXT ( 3 ) GLOBAL_UNCERTAINTY_ASSIGNED_CONTEXT ( ( #4861 ) ) GLOBAL_UNIT_ASSIGNED_CONTEXT ( ( #7707, #2779, #5602 ) ) REPRESENTATION_CONTEXT ( 'NONE', 'WORKASPACE' ) );
#8981 = SURFACE_SIDE_STYLE ('',( #337 ) ) ;
#8982 = FILL_AREA_STYLE_COLOUR ( '', #1502 ) ;
#8983 = CARTESIAN_POINT ( 'NONE',  ( 0.3650000000000004352, 0.2000000000000000111, 2.000000000000000000 ) ) ;
#8984 = VECTOR ( 'NONE', #730, 1000.000000000000000 ) ;
#8985 = LINE ( 'NONE', #1332, #4324 ) ;
#8986 = PRESENTATION_STYLE_ASSIGNMENT (( #6131 ) ) ;
#8987 = STYLED_ITEM ( 'NONE', ( #7430 ), #4421 ) ;
#8988 = VECTOR ( 'NONE', #315, 1000.000000000000000 ) ;
#8989 = FILL_AREA_STYLE ('',( #8102 ) ) ;
#8990 = ORIENTED_EDGE ( 'NONE', *, *, #7869, .T. ) ;
#8991 = SURFACE_SIDE_STYLE ('',( #1869 ) ) ;
#8992 = DIRECTION ( 'NONE',  ( -0.0000000000000000000, -1.000000000000000000, -0.0000000000000000000 ) ) ;
#8993 =( GEOMETRIC_REPRESENTATION_CONTEXT ( 3 ) GLOBAL_UNCERTAINTY_ASSIGNED_CONTEXT ( ( #5235 ) ) GLOBAL_UNIT_ASSIGNED_CONTEXT ( ( #130, #8628, #6359 ) ) REPRESENTATION_CONTEXT ( 'NONE', 'WORKASPACE' ) );
#8994 = PRESENTATION_STYLE_ASSIGNMENT (( #3953 ) ) ;
#8995 = PRESENTATION_LAYER_ASSIGNMENT (  '', '', ( #3517 ) ) ;
#8996 = CARTESIAN_POINT ( 'NONE',  ( -1.134999999999999787, 0.002499999999999955383, 2.000000000000000000 ) ) ;
#8997 =( GEOMETRIC_REPRESENTATION_CONTEXT ( 3 ) GLOBAL_UNCERTAINTY_ASSIGNED_CONTEXT ( ( #8226 ) ) GLOBAL_UNIT_ASSIGNED_CONTEXT ( ( #2299, #1540, #5138 ) ) REPRESENTATION_CONTEXT ( 'NONE', 'WORKASPACE' ) );
#8998 = DIRECTION ( 'NONE',  ( 0.0000000000000000000, -0.0000000000000000000, 1.000000000000000000 ) ) ;
#8999 = ORIENTED_EDGE ( 'NONE', *, *, #7572, .T. ) ;
#9000 = MECHANICAL_DESIGN_GEOMETRIC_PRESENTATION_REPRESENTATION (  '', ( #2652 ), #2940 ) ;
#9001 = EDGE_CURVE ( 'NONE', #791, #368, #7191, .T. ) ;
#9002 =( LENGTH_UNIT ( ) NAMED_UNIT ( * ) SI_UNIT ( .MILLI., .METRE. ) );
#9003 = FILL_AREA_STYLE ('',( #3910 ) ) ;
#9004 = ORIENTED_EDGE ( 'NONE', *, *, #9044, .F. ) ;
#9005 = CARTESIAN_POINT ( 'NONE',  ( -0.6349999999999995648, -2.980301110709575655E-17, 2.000000000000000000 ) ) ;
#9006 = LINE ( 'NONE', #4202, #8761 ) ;
#9007 = ORIENTED_EDGE ( 'NONE', *, *, #2694, .T. ) ;
#9008 = ORIENTED_EDGE ( 'NONE', *, *, #3511, .F. ) ;
#9009 = VERTEX_POINT ( 'NONE', #3584 ) ;
#9010 = DIRECTION ( 'NONE',  ( 0.0000000000000000000, 0.0000000000000000000, -1.000000000000000000 ) ) ;
#9011 = CARTESIAN_POINT ( 'NONE',  ( -2.001999999999999780, 0.2025000000000000133, 0.3649999999999998801 ) ) ;
#9012 = DIRECTION ( 'NONE',  ( 0.0000000000000000000, 0.0000000000000000000, 1.000000000000000000 ) ) ;
#9013 = ADVANCED_FACE ( 'NONE', ( #7049 ), #6456, .T. ) ;
#9014 = CARTESIAN_POINT ( 'NONE',  ( -1.600000000000000089, 0.002500000000000000052, 0.3649999999999999911 ) ) ;
#9015 = VECTOR ( 'NONE', #7969, 1000.000000000000000 ) ;
#9016 = ADVANCED_FACE ( 'NONE', ( #5056 ), #2810, .T. ) ;
#9017 = SURFACE_SIDE_STYLE ('',( #6205 ) ) ;
#9018 = VECTOR ( 'NONE', #8343, 1000.000000000000000 ) ;
#9019 = VERTEX_POINT ( 'NONE', #3780 ) ;
#9020 = FILL_AREA_STYLE ('',( #8480 ) ) ;
#9021 = ORIENTED_EDGE ( 'NONE', *, *, #7344, .F. ) ;
#9022 = ORIENTED_EDGE ( 'NONE', *, *, #1142, .T. ) ;
#9023 =( NAMED_UNIT ( * ) SI_UNIT ( $, .STERADIAN. ) SOLID_ANGLE_UNIT ( ) );
#9024 = CARTESIAN_POINT ( 'NONE',  ( -0.6349999999999995648, 0.002499999999999997450, -1.600000000000000089 ) ) ;
#9025 = ADVANCED_FACE ( 'NONE', ( #4640 ), #168, .F. ) ;
#9026 = FILL_AREA_STYLE ('',( #3286 ) ) ;
#9027 =( NAMED_UNIT ( * ) PLANE_ANGLE_UNIT ( ) SI_UNIT ( $, .RADIAN. ) );
#9028 = DIRECTION ( 'NONE',  ( 0.0000000000000000000, 1.000000000000000000, 0.0000000000000000000 ) ) ;
#9029 = ORIENTED_EDGE ( 'NONE', *, *, #2791, .F. ) ;
#9030 = DIRECTION ( 'NONE',  ( 0.0000000000000000000, -1.000000000000000000, 0.0000000000000000000 ) ) ;
#9031 = CARTESIAN_POINT ( 'NONE',  ( -0.1349999999999995925, 0.002499999999999998317, -1.600000000000000089 ) ) ;
#9032 = LINE ( 'NONE', #8279, #994 ) ;
#9033 = PRESENTATION_LAYER_ASSIGNMENT (  '', '', ( #2984 ) ) ;
#9034 = ORIENTED_EDGE ( 'NONE', *, *, #7471, .F. ) ;
#9035 = FILL_AREA_STYLE_COLOUR ( '', #1264 ) ;
#9036 = CARTESIAN_POINT ( 'NONE',  ( 0.6350000000000003419, 0.002500000000000006557, 2.000000000000000000 ) ) ;
#9037 = COLOUR_RGB ( '',1.000000000000000000, 1.000000000000000000, 1.000000000000000000 ) ;
#9038 =( NAMED_UNIT ( * ) SI_UNIT ( $, .STERADIAN. ) SOLID_ANGLE_UNIT ( ) );
#9039 = ORIENTED_EDGE ( 'NONE', *, *, #8942, .F. ) ;
#9040 = ORIENTED_EDGE ( 'NONE', *, *, #6110, .F. ) ;
#9041 = PRESENTATION_STYLE_ASSIGNMENT (( #4823 ) ) ;
#9042 = VERTEX_POINT ( 'NONE', #3831 ) ;
#9043 = VECTOR ( 'NONE', #2332, 1000.000000000000000 ) ;
#9044 = EDGE_CURVE ( 'NONE', #8017, #1977, #266, .T. ) ;
#9045 = VECTOR ( 'NONE', #2084, 1000.000000000000000 ) ;
#9046 = ORIENTED_EDGE ( 'NONE', *, *, #1488, .T. ) ;
#9047 = SURFACE_STYLE_FILL_AREA ( #723 ) ;
#9048 = SURFACE_STYLE_FILL_AREA ( #5382 ) ;
#9049 = DIRECTION ( 'NONE',  ( -1.000000000000000000, -0.0000000000000000000, 4.065758146820642614E-16 ) ) ;
#9050 = SURFACE_STYLE_FILL_AREA ( #1277 ) ;
#9051 = UNCERTAINTY_MEASURE_WITH_UNIT (LENGTH_MEASURE( 1.000000000000000082E-05 ), #3931, 'distance_accuracy_value', 'NONE');
#9052 = VECTOR ( 'NONE', #3732, 1000.000000000000000 ) ;
#9053 = LINE ( 'NONE', #1902, #5410 ) ;
#9054 =( NAMED_UNIT ( * ) PLANE_ANGLE_UNIT ( ) SI_UNIT ( $, .RADIAN. ) );
#9055 = VECTOR ( 'NONE', #3539, 1000.000000000000000 ) ;
#9056 = ORIENTED_EDGE ( 'NONE', *, *, #5749, .T. ) ;
#9057 = CARTESIAN_POINT ( 'NONE',  ( -2.001999999999999780, 0.2025000000000000133, 0.8649999999999998801 ) ) ;
#9058 = VERTEX_POINT ( 'NONE', #5971 ) ;
#9059 = CARTESIAN_POINT ( 'NONE',  ( -0.8649999999999995470, -2.980301110709575655E-17, 1.600000000000000089 ) ) ;
#9060 = EDGE_CURVE ( 'NONE', #4415, #3948, #5246, .T. ) ;
#9061 = VERTEX_POINT ( 'NONE', #7365 ) ;
#9062 = LINE ( 'NONE', #8393, #6003 ) ;
#9063 = STYLED_ITEM ( 'NONE', ( #1760 ), #1492 ) ;
#9064 = SURFACE_STYLE_FILL_AREA ( #512 ) ;
#9065 = STYLED_ITEM ( 'NONE', ( #7158 ), #5635 ) ;
#9066 = FACE_OUTER_BOUND ( 'NONE', #8126, .T. ) ;
#9067 = SURFACE_SIDE_STYLE ('',( #6221 ) ) ;
#9068 = FILL_AREA_STYLE_COLOUR ( '', #3482 ) ;
#9069 = ORIENTED_EDGE ( 'NONE', *, *, #7681, .T. ) ;
#9070 = LINE ( 'NONE', #2924, #3143 ) ;
#9071 = CARTESIAN_POINT ( 'NONE',  ( 1.600000000000000089, 0.0000000000000000000, 0.8649999999999999911 ) ) ;
#9072 = EDGE_CURVE ( 'NONE', #5990, #3407, #1021, .T. ) ;
#9073 = COLOUR_RGB ( '',1.000000000000000000, 1.000000000000000000, 1.000000000000000000 ) ;
#9074 = PLANE ( 'NONE',  #4810 ) ;
#9075 = ADVANCED_FACE ( 'NONE', ( #7408 ), #1067, .F. ) ;
#9076 = VECTOR ( 'NONE', #8351, 1000.000000000000000 ) ;
#9077 =( GEOMETRIC_REPRESENTATION_CONTEXT ( 3 ) GLOBAL_UNCERTAINTY_ASSIGNED_CONTEXT ( ( #292 ) ) GLOBAL_UNIT_ASSIGNED_CONTEXT ( ( #456, #4707, #8972 ) ) REPRESENTATION_CONTEXT ( 'NONE', 'WORKASPACE' ) );
#9078 = FILL_AREA_STYLE ('',( #7635 ) ) ;
#9079 = MECHANICAL_DESIGN_GEOMETRIC_PRESENTATION_REPRESENTATION (  '', ( #7294 ), #2147 ) ;
#9080 =( LENGTH_UNIT ( ) NAMED_UNIT ( * ) SI_UNIT ( .MILLI., .METRE. ) );
#9081 = ADVANCED_FACE ( 'NONE', ( #8212 ), #8332, .T. ) ;
#9082 = EDGE_LOOP ( 'NONE', ( #3072, #451, #1414, #1841 ) ) ;
#9083 = PLANE ( 'NONE',  #1877 ) ;
#9084 =( GEOMETRIC_REPRESENTATION_CONTEXT ( 3 ) GLOBAL_UNCERTAINTY_ASSIGNED_CONTEXT ( ( #1345 ) ) GLOBAL_UNIT_ASSIGNED_CONTEXT ( ( #2793, #763, #617 ) ) REPRESENTATION_CONTEXT ( 'NONE', 'WORKASPACE' ) );
#9085 = FILL_AREA_STYLE ('',( #2016 ) ) ;
#9086 =( LENGTH_UNIT ( ) NAMED_UNIT ( * ) SI_UNIT ( .MILLI., .METRE. ) );
#9087 = LINE ( 'NONE', #2748, #513 ) ;
#9088 = MECHANICAL_DESIGN_GEOMETRIC_PRESENTATION_REPRESENTATION (  '', ( #5086 ), #4342 ) ;
#9089 = SURFACE_STYLE_FILL_AREA ( #3435 ) ;
#9090 = STYLED_ITEM ( 'NONE', ( #7619 ), #6392 ) ;
#9091 = ORIENTED_EDGE ( 'NONE', *, *, #268, .T. ) ;
#9092 = ORIENTED_EDGE ( 'NONE', *, *, #343, .T. ) ;
#9093 =( GEOMETRIC_REPRESENTATION_CONTEXT ( 3 ) GLOBAL_UNCERTAINTY_ASSIGNED_CONTEXT ( ( #6244 ) ) GLOBAL_UNIT_ASSIGNED_CONTEXT ( ( #8724, #7980, #5736 ) ) REPRESENTATION_CONTEXT ( 'NONE', 'WORKASPACE' ) );
#9094 = ORIENTED_EDGE ( 'NONE', *, *, #4853, .T. ) ;
#9095 = DIRECTION ( 'NONE',  ( 0.0000000000000000000, 0.0000000000000000000, -1.000000000000000000 ) ) ;
#9096 = CARTESIAN_POINT ( 'NONE',  ( -2.001999999999999780, 0.2025000000000000133, -1.135000000000000231 ) ) ;
#9097 = STYLED_ITEM ( 'NONE', ( #7228 ), #7236 ) ;
#9098 = CARTESIAN_POINT ( 'NONE',  ( -2.001999999999999780, 0.002500000000000000052, 1.135000000000000009 ) ) ;
#9099 = FILL_AREA_STYLE ('',( #503 ) ) ;
#9100 = CARTESIAN_POINT ( 'NONE',  ( 2.000000000000000000, 0.0000000000000000000, 0.8649999999999999911 ) ) ;
#9101 = VECTOR ( 'NONE', #5678, 1000.000000000000000 ) ;
#9102 = VECTOR ( 'NONE', #7123, 1000.000000000000000 ) ;
#9103 = FACE_OUTER_BOUND ( 'NONE', #8671, .T. ) ;
#9104 = DIRECTION ( 'NONE',  ( 1.000000000000000000, 0.0000000000000000000, -0.0000000000000000000 ) ) ;
#9105 = ORIENTED_EDGE ( 'NONE', *, *, #5041, .F. ) ;
#9106 = AXIS2_PLACEMENT_3D ( 'NONE', #2939, #3530, #6340 ) ;
#9107 = DIRECTION ( 'NONE',  ( 0.0000000000000000000, -1.000000000000000000, 0.0000000000000000000 ) ) ;
#9108 = ORIENTED_EDGE ( 'NONE', *, *, #4816, .F. ) ;
#9109 = CARTESIAN_POINT ( 'NONE',  ( 2.000000000000000000, 0.2025000000000000133, -0.3650000000000001577 ) ) ;
#9110 = ORIENTED_EDGE ( 'NONE', *, *, #8805, .F. ) ;
#9111 = LINE ( 'NONE', #5691, #9045 ) ;
#9112 = CARTESIAN_POINT ( 'NONE',  ( -2.001999999999999780, 0.2025000000000000133, -1.135000000000000231 ) ) ;
#9113 = CARTESIAN_POINT ( 'NONE',  ( -0.1349999999999995925, 0.002499999999999985307, 1.600000000000000089 ) ) ;
#9114 = ADVANCED_FACE ( 'NONE', ( #6293 ), #3532, .F. ) ;
#9115 = DIRECTION ( 'NONE',  ( 0.0000000000000000000, 1.000000000000000000, 0.0000000000000000000 ) ) ;
#9116 = EDGE_CURVE ( 'NONE', #2546, #899, #71, .T. ) ;
#9117 = CARTESIAN_POINT ( 'NONE',  ( 2.001999999999999780, 0.2025000000000000133, 0.8649999999999998801 ) ) ;
#9118 =( GEOMETRIC_REPRESENTATION_CONTEXT ( 3 ) GLOBAL_UNCERTAINTY_ASSIGNED_CONTEXT ( ( #5986 ) ) GLOBAL_UNIT_ASSIGNED_CONTEXT ( ( #1610, #4550, #5922 ) ) REPRESENTATION_CONTEXT ( 'NONE', 'WORKASPACE' ) );
#9119 = LINE ( 'NONE', #3340, #5984 ) ;
#9120 =( NAMED_UNIT ( * ) SI_UNIT ( $, .STERADIAN. ) SOLID_ANGLE_UNIT ( ) );
#9121 = CARTESIAN_POINT ( 'NONE',  ( -0.6349999999999995648, 0.002499999999999997450, -2.000000000000000000 ) ) ;
#9122 =( GEOMETRIC_REPRESENTATION_CONTEXT ( 3 ) GLOBAL_UNCERTAINTY_ASSIGNED_CONTEXT ( ( #3206 ) ) GLOBAL_UNIT_ASSIGNED_CONTEXT ( ( #4273, #7095, #5641 ) ) REPRESENTATION_CONTEXT ( 'NONE', 'WORKASPACE' ) );
#9123 = CARTESIAN_POINT ( 'NONE',  ( 2.001999999999999780, 0.2025000000000000133, 0.6349999999999998979 ) ) ;
#9124 = EDGE_CURVE ( 'NONE', #317, #5200, #2941, .T. ) ;
#9125 = PRESENTATION_STYLE_ASSIGNMENT (( #6281 ) ) ;
#9126 = EDGE_LOOP ( 'NONE', ( #2405, #8371, #8636, #9108 ) ) ;
#9127 = EDGE_CURVE ( 'NONE', #4458, #4825, #5721, .T. ) ;
#9128 = DIRECTION ( 'NONE',  ( 0.0000000000000000000, 0.0000000000000000000, 1.000000000000000000 ) ) ;
#9129 = AXIS2_PLACEMENT_3D ( 'NONE', #2066, #4001, #7590 ) ;
#9130 = UNCERTAINTY_MEASURE_WITH_UNIT (LENGTH_MEASURE( 1.000000000000000082E-05 ), #80, 'distance_accuracy_value', 'NONE');
#9131 = VERTEX_POINT ( 'NONE', #8565 ) ;
#9132 = DIRECTION ( 'NONE',  ( 1.000000000000000000, 0.0000000000000000000, -2.710505431213761578E-16 ) ) ;
#9133 = DIRECTION ( 'NONE',  ( 0.0000000000000000000, 1.000000000000000000, 0.0000000000000000000 ) ) ;
#9134 = VECTOR ( 'NONE', #1513, 1000.000000000000000 ) ;
#9135 = LINE ( 'NONE', #2792, #7500 ) ;
#9136 = VECTOR ( 'NONE', #7673, 1000.000000000000000 ) ;
#9137 = DIRECTION ( 'NONE',  ( 0.0000000000000000000, 0.0000000000000000000, -1.000000000000000000 ) ) ;
#9138 = EDGE_CURVE ( 'NONE', #8801, #436, #4350, .T. ) ;
#9139 = LINE ( 'NONE', #717, #5977 ) ;
#9140 = VECTOR ( 'NONE', #672, 1000.000000000000000 ) ;
#9141 = ORIENTED_EDGE ( 'NONE', *, *, #386, .T. ) ;
#9142 = ORIENTED_EDGE ( 'NONE', *, *, #2237, .T. ) ;
#9143 = CARTESIAN_POINT ( 'NONE',  ( 1.135000000000000453, 0.2000000000000000389, 2.001999999999999780 ) ) ;
#9144 = ORIENTED_EDGE ( 'NONE', *, *, #8161, .F. ) ;
#9145 = ORIENTED_EDGE ( 'NONE', *, *, #4408, .F. ) ;
#9146 = PLANE ( 'NONE',  #1494 ) ;
#9147 = CARTESIAN_POINT ( 'NONE',  ( 2.000000000000000000, 0.002500000000000000052, -2.000000000000000000 ) ) ;
#9148 = FILL_AREA_STYLE_COLOUR ( '', #1109 ) ;
#9149 = CARTESIAN_POINT ( 'NONE',  ( 2.001999999999999780, 0.002500000000000000052, -1.365000000000000213 ) ) ;
#9150 = ORIENTED_EDGE ( 'NONE', *, *, #3405, .T. ) ;
#9151 = ORIENTED_EDGE ( 'NONE', *, *, #705, .F. ) ;
#9152 = DIRECTION ( 'NONE',  ( 0.0000000000000000000, -0.0000000000000000000, -1.000000000000000000 ) ) ;
#9153 = ORIENTED_EDGE ( 'NONE', *, *, #2448, .T. ) ;
#9154 = LINE ( 'NONE', #691, #726 ) ;
#9155 = DIRECTION ( 'NONE',  ( 0.0000000000000000000, -1.000000000000000000, 0.0000000000000000000 ) ) ;
#9156 = COLOUR_RGB ( '',0.2509803921568627416, 0.2509803921568627416, 0.2509803921568627416 ) ;
#9157 = LINE ( 'NONE', #7666, #758 ) ;
#9158 = COLOUR_RGB ( '',1.000000000000000000, 1.000000000000000000, 1.000000000000000000 ) ;
#9159 = FACE_OUTER_BOUND ( 'NONE', #4579, .T. ) ;
#9160 = FILL_AREA_STYLE ('',( #8398 ) ) ;
#9161 = EDGE_LOOP ( 'NONE', ( #3988, #2932, #261, #7827 ) ) ;
#9162 = COLOUR_RGB ( '',0.7529411764705882248, 0.7529411764705882248, 0.7529411764705882248 ) ;
#9163 = DIRECTION ( 'NONE',  ( -0.0000000000000000000, -0.0000000000000000000, 1.000000000000000000 ) ) ;
#9164 =( NAMED_UNIT ( * ) PLANE_ANGLE_UNIT ( ) SI_UNIT ( $, .RADIAN. ) );
#9165 = SURFACE_STYLE_USAGE ( .BOTH. , #5444 ) ;
#9166 = DIRECTION ( 'NONE',  ( -0.7071067811865474617, 0.0000000000000000000, 0.7071067811865474617 ) ) ;
#9167 = FACE_OUTER_BOUND ( 'NONE', #423, .T. ) ;
#9168 = ORIENTED_EDGE ( 'NONE', *, *, #6633, .F. ) ;
#9169 = PLANE ( 'NONE',  #8225 ) ;
#9170 = ORIENTED_EDGE ( 'NONE', *, *, #2531, .T. ) ;
#9171 = DIRECTION ( 'NONE',  ( -1.000000000000000000, 0.0000000000000000000, -0.0000000000000000000 ) ) ;
#9172 = ADVANCED_FACE ( 'NONE', ( #5959 ), #2303, .F. ) ;
#9173 = EDGE_CURVE ( 'NONE', #8960, #5191, #2345, .T. ) ;
#9174 = SURFACE_STYLE_USAGE ( .BOTH. , #6115 ) ;
#9175 = FILL_AREA_STYLE ('',( #3615 ) ) ;
#9176 = DIRECTION ( 'NONE',  ( 0.0000000000000000000, -1.000000000000000000, 0.0000000000000000000 ) ) ;
#9177 = ORIENTED_EDGE ( 'NONE', *, *, #535, .F. ) ;
#9178 =( NAMED_UNIT ( * ) SI_UNIT ( $, .STERADIAN. ) SOLID_ANGLE_UNIT ( ) );
#9179 = ORIENTED_EDGE ( 'NONE', *, *, #3529, .T. ) ;
#9181 = EDGE_CURVE ( 'NONE', #1977, #785, #8756, .T. ) ;
#9180 = ORIENTED_EDGE ( 'NONE', *, *, #2785, .F. ) ;
#9182 = LINE ( 'NONE', #2856, #2158 ) ;
#9183 = VECTOR ( 'NONE', #7298, 1000.000000000000000 ) ;
#9184 = SURFACE_STYLE_FILL_AREA ( #6350 ) ;
#9185 = SURFACE_STYLE_FILL_AREA ( #6994 ) ;
#9186 = DIRECTION ( 'NONE',  ( -1.000000000000000000, 0.0000000000000000000, 0.0000000000000000000 ) ) ;
#9187 = CARTESIAN_POINT ( 'NONE',  ( 0.1350000000000003419, 0.2000000000000000111, -2.000000000000000000 ) ) ;
#9188 =( LENGTH_UNIT ( ) NAMED_UNIT ( * ) SI_UNIT ( .MILLI., .METRE. ) );
#9189 = ORIENTED_EDGE ( 'NONE', *, *, #7007, .F. ) ;
#9190 = ORIENTED_EDGE ( 'NONE', *, *, #3166, .T. ) ;
#9191 = CARTESIAN_POINT ( 'NONE',  ( 0.8650000000000004352, 0.002500000000000015231, 1.600000000000000089 ) ) ;
#9192 = ORIENTED_EDGE ( 'NONE', *, *, #1968, .T. ) ;
#9193 = CARTESIAN_POINT ( 'NONE',  ( 2.000000000000000000, 0.2025000000000000133, 0.6349999999999998979 ) ) ;
#9194 = DIRECTION ( 'NONE',  ( -1.000000000000000000, 0.0000000000000000000, -2.710505431213761578E-16 ) ) ;
#9195 = STYLED_ITEM ( 'NONE', ( #7337 ), #1353 ) ;
#9196 = DIRECTION ( 'NONE',  ( -0.0000000000000000000, -1.000000000000000000, -0.0000000000000000000 ) ) ;
#9197 = DIRECTION ( 'NONE',  ( 0.0000000000000000000, -0.0000000000000000000, -1.000000000000000000 ) ) ;
#9198 = SURFACE_STYLE_USAGE ( .BOTH. , #7799 ) ;
#9199 = PRESENTATION_STYLE_ASSIGNMENT (( #5119 ) ) ;
#9200 =( GEOMETRIC_REPRESENTATION_CONTEXT ( 3 ) GLOBAL_UNCERTAINTY_ASSIGNED_CONTEXT ( ( #3026 ) ) GLOBAL_UNIT_ASSIGNED_CONTEXT ( ( #6324, #1299, #4113 ) ) REPRESENTATION_CONTEXT ( 'NONE', 'WORKASPACE' ) );
#9201 = UNCERTAINTY_MEASURE_WITH_UNIT (LENGTH_MEASURE( 1.000000000000000082E-05 ), #690, 'distance_accuracy_value', 'NONE');
#9202 = SURFACE_STYLE_FILL_AREA ( #9160 ) ;
#9203 = ORIENTED_EDGE ( 'NONE', *, *, #2685, .F. ) ;
#9204 = DIRECTION ( 'NONE',  ( 1.000000000000000000, 0.0000000000000000000, -0.0000000000000000000 ) ) ;
#9205 =( LENGTH_UNIT ( ) NAMED_UNIT ( * ) SI_UNIT ( .MILLI., .METRE. ) );
ENDSEC;
END-ISO-10303-21;
