ISO-10303-21;
HEADER;
FILE_DESCRIPTION (( 'STEP AP214' ),
    '1' );
FILE_NAME ('8F7B5729-B42B-453E-AD02-BA33E70319E7.STEP',
    '2025-09-07T15:57:41',
    ( '' ),
    ( '' ),
    'SwSTEP 2.0',
    'SolidWorks 2022',
    '' );
FILE_SCHEMA (( 'AUTOMOTIVE_DESIGN' ));
ENDSEC;

DATA;
#1 = ORIENTED_EDGE ( 'NONE', *, *, #1417, .F. ) ;
#2 = CARTESIAN_POINT ( 'NONE',  ( 1.800000000000000044, 1.500000000000000000, 0.0000000000000000000 ) ) ;
#3 = ORIENTED_EDGE ( 'NONE', *, *, #467, .F. ) ;
#4 = LINE ( 'NONE', #19, #1512 ) ;
#5 = CARTESIAN_POINT ( 'NONE',  ( 1.800000000000000044, -1.500000000000000000, 0.0000000000000000000 ) ) ;
#6 = ADVANCED_FACE ( 'NONE', ( #660 ), #1187, .F. ) ;
#7 = CARTESIAN_POINT ( 'NONE',  ( -3.299999999999999822, 3.100000000000000089, 3.000000000000000000 ) ) ;
#8 = DIRECTION ( 'NONE',  ( 0.0000000000000000000, 0.0000000000000000000, 1.000000000000000000 ) ) ;
#9 = ORIENTED_EDGE ( 'NONE', *, *, #305, .T. ) ;
#10 = VERTEX_POINT ( 'NONE', #669 ) ;
#11 = CARTESIAN_POINT ( 'NONE',  ( -2.550000000000000266, -2.775557561562889872E-16, 0.1000000000000000056 ) ) ;
#12 = FACE_OUTER_BOUND ( 'NONE', #1543, .T. ) ;
#13 = EDGE_CURVE ( 'NONE', #1245, #1685, #533, .T. ) ;
#14 = EDGE_CURVE ( 'NONE', #1663, #10, #947, .T. ) ;
#15 = ORIENTED_EDGE ( 'NONE', *, *, #439, .F. ) ;
#16 = CIRCLE ( 'NONE', #1013, 0.2000000000000000666 ) ;
#17 = ORIENTED_EDGE ( 'NONE', *, *, #1064, .T. ) ;
#18 = PRODUCT_DEFINITION_FORMATION_WITH_SPECIFIED_SOURCE ( 'ANY', '', #280, .NOT_KNOWN. ) ;
#19 = CARTESIAN_POINT ( 'NONE',  ( 2.850000000000000089, -1.500000000000000000, 0.1000000000000000056 ) ) ;
#20 = VECTOR ( 'NONE', #1002, 1000.000000000000000 ) ;
#21 = VECTOR ( 'NONE', #677, 1000.000000000000000 ) ;
#22 = CARTESIAN_POINT ( 'NONE',  ( 3.100000000000000089, -1.500000000000000000, 0.1000000000000000056 ) ) ;
#23 = PLANE ( 'NONE',  #1354 ) ;
#24 = CIRCLE ( 'NONE', #1019, 0.1000000000000000472 ) ;
#25 = SURFACE_STYLE_USAGE ( .BOTH. , #170 ) ;
#26 = APPLICATION_CONTEXT ( 'automotive_design' ) ;
#27 = ORIENTED_EDGE ( 'NONE', *, *, #659, .T. ) ;
#28 = ADVANCED_FACE ( 'NONE', ( #689 ), #23, .F. ) ;
#29 = ORIENTED_EDGE ( 'NONE', *, *, #1545, .F. ) ;
#30 = DIRECTION ( 'NONE',  ( 0.0000000000000000000, -1.000000000000000000, 0.0000000000000000000 ) ) ;
#31 = DIRECTION ( 'NONE',  ( 0.0000000000000000000, 0.0000000000000000000, 1.000000000000000000 ) ) ;
#32 = ORIENTED_EDGE ( 'NONE', *, *, #1455, .F. ) ;
#33 = DIRECTION ( 'NONE',  ( 0.0000000000000000000, -1.000000000000000000, 0.0000000000000000000 ) ) ;
#34 = VERTEX_POINT ( 'NONE', #881 ) ;
#35 = ORIENTED_EDGE ( 'NONE', *, *, #1455, .T. ) ;
#36 = CARTESIAN_POINT ( 'NONE',  ( 3.299999999999999822, 1.600000000000000089, 0.0000000000000000000 ) ) ;
#37 = EDGE_CURVE ( 'NONE', #968, #1495, #584, .T. ) ;
#38 = ADVANCED_FACE ( 'NONE', ( #1409 ), #329, .T. ) ;
#39 = DIRECTION ( 'NONE',  ( 0.0000000000000000000, 1.000000000000000000, 0.0000000000000000000 ) ) ;
#40 = DIRECTION ( 'NONE',  ( 0.0000000000000000000, 0.0000000000000000000, -1.000000000000000000 ) ) ;
#41 = DIRECTION ( 'NONE',  ( 0.0000000000000000000, 0.0000000000000000000, 1.000000000000000000 ) ) ;
#42 = EDGE_LOOP ( 'NONE', ( #275, #1693, #779, #1378 ) ) ;
#43 = VERTEX_POINT ( 'NONE', #595 ) ;
#44 = AXIS2_PLACEMENT_3D ( 'NONE', #1720, #1691, #768 ) ;
#45 = CIRCLE ( 'NONE', #1214, 0.5000000000000000000 ) ;
#46 = CARTESIAN_POINT ( 'NONE',  ( 3.299999999999999822, 1.500000000000000000, 0.0000000000000000000 ) ) ;
#47 = EDGE_CURVE ( 'NONE', #1085, #394, #722, .T. ) ;
#48 = EDGE_CURVE ( 'NONE', #1485, #969, #322, .T. ) ;
#49 = AXIS2_PLACEMENT_3D ( 'NONE', #645, #1434, #90 ) ;
#50 = DIRECTION ( 'NONE',  ( 0.7071067811865482389, 0.0000000000000000000, -0.7071067811865466846 ) ) ;
#51 = PLANE ( 'NONE',  #736 ) ;
#52 =( GEOMETRIC_REPRESENTATION_CONTEXT ( 3 ) GLOBAL_UNCERTAINTY_ASSIGNED_CONTEXT ( ( #1192 ) ) GLOBAL_UNIT_ASSIGNED_CONTEXT ( ( #1366, #1230, #965 ) ) REPRESENTATION_CONTEXT ( 'NONE', 'WORKASPACE' ) );
#53 = ORIENTED_EDGE ( 'NONE', *, *, #1642, .T. ) ;
#54 = EDGE_LOOP ( 'NONE', ( #1350, #877, #1478, #712 ) ) ;
#55 = CARTESIAN_POINT ( 'NONE',  ( -1.800000000000000044, -1.500000000000000000, 0.1000000000000000056 ) ) ;
#56 = LINE ( 'NONE', #469, #75 ) ;
#57 = CARTESIAN_POINT ( 'NONE',  ( 3.299999999999999822, 3.100000000000000089, 0.0000000000000000000 ) ) ;
#58 = CARTESIAN_POINT ( 'NONE',  ( 2.899999999999999911, 1.500000000000000000, 0.1000000000000000056 ) ) ;
#59 = EDGE_CURVE ( 'NONE', #1722, #1386, #56, .T. ) ;
#60 = EDGE_CURVE ( 'NONE', #404, #1562, #339, .T. ) ;
#61 = ORIENTED_EDGE ( 'NONE', *, *, #1622, .T. ) ;
#62 = VERTEX_POINT ( 'NONE', #193 ) ;
#63 = DIRECTION ( 'NONE',  ( 0.0000000000000000000, 0.0000000000000000000, 1.000000000000000000 ) ) ;
#64 = DIRECTION ( 'NONE',  ( -0.7071067811865475727, -0.7071067811865475727, 0.0000000000000000000 ) ) ;
#65 = DIRECTION ( 'NONE',  ( -0.0000000000000000000, 1.000000000000000000, 0.0000000000000000000 ) ) ;
#66 = CARTESIAN_POINT ( 'NONE',  ( -3.170710678118654702, 0.7500000000000000000, 0.1292893218813452871 ) ) ;
#67 = CARTESIAN_POINT ( 'NONE',  ( 3.153553390593273775, -3.453553390593273598, 0.0000000000000000000 ) ) ;
#68 = ORIENTED_EDGE ( 'NONE', *, *, #638, .F. ) ;
#69 = EDGE_CURVE ( 'NONE', #816, #144, #1521, .T. ) ;
#70 = EDGE_CURVE ( 'NONE', #287, #600, #728, .T. ) ;
#71 = ORIENTED_EDGE ( 'NONE', *, *, #1477, .F. ) ;
#72 = CARTESIAN_POINT ( 'NONE',  ( 3.200000000000000178, 1.500000000000000000, 0.0000000000000000000 ) ) ;
#73 = CYLINDRICAL_SURFACE ( 'NONE', #401, 0.5000000000000000000 ) ;
#74 = VECTOR ( 'NONE', #1145, 1000.000000000000000 ) ;
#75 = VECTOR ( 'NONE', #1268, 1000.000000000000000 ) ;
#76 = CARTESIAN_POINT ( 'NONE',  ( 3.200000000000000178, 1.500000000000000000, 0.0000000000000000000 ) ) ;
#77 = CARTESIAN_POINT ( 'NONE',  ( 3.241421356237309759, -1.500000000000000000, 0.05857864376269063950 ) ) ;
#78 = VECTOR ( 'NONE', #1694, 1000.000000000000000 ) ;
#79 = ORIENTED_EDGE ( 'NONE', *, *, #417, .T. ) ;
#80 = ORIENTED_EDGE ( 'NONE', *, *, #360, .F. ) ;
#81 = EDGE_CURVE ( 'NONE', #600, #1310, #477, .T. ) ;
#82 = LINE ( 'NONE', #1701, #1383 ) ;
#83 = LINE ( 'NONE', #1181, #563 ) ;
#84 = CARTESIAN_POINT ( 'NONE',  ( -3.153553390593273775, 3.453553390593273598, 3.000000000000000000 ) ) ;
#85 = LINE ( 'NONE', #76, #286 ) ;
#86 = DIRECTION ( 'NONE',  ( 0.0000000000000000000, 0.0000000000000000000, 1.000000000000000000 ) ) ;
#87 = PLANE ( 'NONE',  #1745 ) ;
#88 = VERTEX_POINT ( 'NONE', #861 ) ;
#89 = VERTEX_POINT ( 'NONE', #751 ) ;
#90 = DIRECTION ( 'NONE',  ( 0.0000000000000000000, 0.0000000000000000000, -1.000000000000000000 ) ) ;
#91 = DIRECTION ( 'NONE',  ( 0.0000000000000000000, 1.000000000000000000, 0.0000000000000000000 ) ) ;
#92 = EDGE_CURVE ( 'NONE', #43, #1614, #45, .T. ) ;
#93 = DIRECTION ( 'NONE',  ( 1.000000000000000000, 0.0000000000000000000, 0.0000000000000000000 ) ) ;
#94 = DIRECTION ( 'NONE',  ( -0.7071067811865481278, 0.0000000000000000000, -0.7071067811865467956 ) ) ;
#95 = CARTESIAN_POINT ( 'NONE',  ( 3.200000000000000178, -1.500000000000000000, 0.1000000000000000056 ) ) ;
#96 = CARTESIAN_POINT ( 'NONE',  ( 3.100000000000000089, 1.500000000000000000, 0.1000000000000000056 ) ) ;
#97 = ORIENTED_EDGE ( 'NONE', *, *, #48, .F. ) ;
#98 = ORIENTED_EDGE ( 'NONE', *, *, #1558, .F. ) ;
#99 = CARTESIAN_POINT ( 'NONE',  ( -3.299999999999999822, 1.600000000000000089, 0.0000000000000000000 ) ) ;
#100 = EDGE_LOOP ( 'NONE', ( #1723, #1692, #859, #1007 ) ) ;
#101 = CARTESIAN_POINT ( 'NONE',  ( -3.200000000000000178, -1.500000000000000000, 0.0000000000000000000 ) ) ;
#102 = CARTESIAN_POINT ( 'NONE',  ( -3.100000000000000089, -1.500000000000000000, 0.2000000000000000111 ) ) ;
#103 = DIRECTION ( 'NONE',  ( 0.0000000000000000000, 0.0000000000000000000, 1.000000000000000000 ) ) ;
#104 = ADVANCED_FACE ( 'NONE', ( #896 ), #1655, .T. ) ;
#105 = VECTOR ( 'NONE', #212, 1000.000000000000000 ) ;
#106 = DIRECTION ( 'NONE',  ( 0.0000000000000000000, 0.0000000000000000000, -1.000000000000000000 ) ) ;
#107 = CARTESIAN_POINT ( 'NONE',  ( 1.800000000000000044, 1.500000000000000000, 0.0000000000000000000 ) ) ;
#108 = VECTOR ( 'NONE', #1307, 1000.000000000000000 ) ;
#109 = AXIS2_PLACEMENT_3D ( 'NONE', #11, #814, #30 ) ;
#110 = EDGE_LOOP ( 'NONE', ( #491, #460, #922, #518 ) ) ;
#111 = VECTOR ( 'NONE', #958, 1000.000000000000000 ) ;
#112 = ORIENTED_EDGE ( 'NONE', *, *, #834, .F. ) ;
#113 = DIRECTION ( 'NONE',  ( 0.0000000000000000000, 0.0000000000000000000, 1.000000000000000000 ) ) ;
#114 = VECTOR ( 'NONE', #197, 1000.000000000000000 ) ;
#115 = ORIENTED_EDGE ( 'NONE', *, *, #1749, .T. ) ;
#116 = DIRECTION ( 'NONE',  ( 0.0000000000000000000, 0.0000000000000000000, -1.000000000000000000 ) ) ;
#117 = CARTESIAN_POINT ( 'NONE',  ( 3.299999999999999822, -1.600000000000000089, 0.0000000000000000000 ) ) ;
#118 = CARTESIAN_POINT ( 'NONE',  ( -3.299999999999999822, 1.500000000000000000, 0.0000000000000000000 ) ) ;
#119 = EDGE_CURVE ( 'NONE', #1685, #1581, #166, .T. ) ;
#120 = ORIENTED_EDGE ( 'NONE', *, *, #1132, .T. ) ;
#121 = EDGE_CURVE ( 'NONE', #1662, #1485, #1150, .T. ) ;
#122 = ORIENTED_EDGE ( 'NONE', *, *, #1186, .F. ) ;
#123 = DIRECTION ( 'NONE',  ( 0.0000000000000000000, -1.000000000000000000, 0.0000000000000000000 ) ) ;
#124 = ORIENTED_EDGE ( 'NONE', *, *, #1610, .T. ) ;
#125 = DIRECTION ( 'NONE',  ( 0.0000000000000000000, -1.000000000000000000, 0.0000000000000000000 ) ) ;
#126 = DIRECTION ( 'NONE',  ( 0.7071067811865482389, 0.0000000000000000000, -0.7071067811865466846 ) ) ;
#127 = FACE_OUTER_BOUND ( 'NONE', #782, .T. ) ;
#128 = CARTESIAN_POINT ( 'NONE',  ( 3.299999999999999822, 1.500000000000000000, 1.500000000000000000 ) ) ;
#129 = DIRECTION ( 'NONE',  ( -0.7071067811865482389, 0.0000000000000000000, -0.7071067811865466846 ) ) ;
#130 = ORIENTED_EDGE ( 'NONE', *, *, #925, .F. ) ;
#131 = LINE ( 'NONE', #680, #1325 ) ;
#132 = EDGE_CURVE ( 'NONE', #351, #663, #210, .T. ) ;
#133 = ADVANCED_FACE ( 'NONE', ( #1021 ), #1257, .F. ) ;
#134 = ORIENTED_EDGE ( 'NONE', *, *, #1188, .F. ) ;
#135 = ORIENTED_EDGE ( 'NONE', *, *, #1140, .F. ) ;
#136 = AXIS2_PLACEMENT_3D ( 'NONE', #1458, #249, #800 ) ;
#137 = AXIS2_PLACEMENT_3D ( 'NONE', #715, #576, #694 ) ;
#138 = ORIENTED_EDGE ( 'NONE', *, *, #639, .F. ) ;
#139 = CARTESIAN_POINT ( 'NONE',  ( -3.299999999999999822, -1.500000000000000000, 1.500000000000000000 ) ) ;
#140 = AXIS2_PLACEMENT_3D ( 'NONE', #936, #152, #1182 ) ;
#141 = VECTOR ( 'NONE', #1039, 1000.000000000000000 ) ;
#142 = ADVANCED_FACE ( 'NONE', ( #1282 ), #73, .T. ) ;
#143 = AXIS2_PLACEMENT_3D ( 'NONE', #974, #1501, #298 ) ;
#144 = VERTEX_POINT ( 'NONE', #531 ) ;
#145 = LINE ( 'NONE', #1228, #252 ) ;
#146 = CARTESIAN_POINT ( 'NONE',  ( -2.799999999999999822, 3.100000000000000089, 0.0000000000000000000 ) ) ;
#147 = DIRECTION ( 'NONE',  ( 1.000000000000000000, 0.0000000000000000000, 0.0000000000000000000 ) ) ;
#148 = DIRECTION ( 'NONE',  ( 1.000000000000000000, 0.0000000000000000000, 0.0000000000000000000 ) ) ;
#149 = ORIENTED_EDGE ( 'NONE', *, *, #839, .T. ) ;
#150 = ORIENTED_EDGE ( 'NONE', *, *, #14, .T. ) ;
#151 = DIRECTION ( 'NONE',  ( 1.000000000000000000, 0.0000000000000000000, 0.0000000000000000000 ) ) ;
#152 = DIRECTION ( 'NONE',  ( 0.0000000000000000000, 0.0000000000000000000, -1.000000000000000000 ) ) ;
#153 = ADVANCED_FACE ( 'NONE', ( #673 ), #1337, .T. ) ;
#154 = LINE ( 'NONE', #416, #730 ) ;
#155 = ORIENTED_EDGE ( 'NONE', *, *, #1106, .F. ) ;
#156 = ORIENTED_EDGE ( 'NONE', *, *, #1373, .T. ) ;
#157 = LINE ( 'NONE', #276, #823 ) ;
#158 = CARTESIAN_POINT ( 'NONE',  ( -3.200000000000000178, 1.500000000000000000, 0.0000000000000000000 ) ) ;
#159 = DIRECTION ( 'NONE',  ( 0.0000000000000000000, -1.000000000000000000, 0.0000000000000000000 ) ) ;
#160 = ADVANCED_FACE ( 'NONE', ( #377 ), #1454, .T. ) ;
#161 = EDGE_LOOP ( 'NONE', ( #569, #625, #1669, #853 ) ) ;
#162 = CIRCLE ( 'NONE', #1287, 0.5000000000000000000 ) ;
#163 = ORIENTED_EDGE ( 'NONE', *, *, #447, .T. ) ;
#164 = VECTOR ( 'NONE', #1466, 1000.000000000000000 ) ;
#165 = FACE_OUTER_BOUND ( 'NONE', #179, .T. ) ;
#166 = CIRCLE ( 'NONE', #589, 0.2000000000000000666 ) ;
#167 = VECTOR ( 'NONE', #1143, 1000.000000000000000 ) ;
#168 = ORIENTED_EDGE ( 'NONE', *, *, #1443, .F. ) ;
#169 = CARTESIAN_POINT ( 'NONE',  ( -3.100000000000000089, 1.500000000000000000, 0.1000000000000000056 ) ) ;
#170 = SURFACE_SIDE_STYLE ('',( #1095 ) ) ;
#171 = ORIENTED_EDGE ( 'NONE', *, *, #487, .F. ) ;
#172 = EDGE_CURVE ( 'NONE', #383, #1273, #764, .T. ) ;
#173 = ADVANCED_FACE ( 'NONE', ( #637 ), #1608, .T. ) ;
#174 = ORIENTED_EDGE ( 'NONE', *, *, #1201, .T. ) ;
#175 = LINE ( 'NONE', #582, #167 ) ;
#176 = SURFACE_STYLE_USAGE ( .BOTH. , #869 ) ;
#177 = DIRECTION ( 'NONE',  ( -0.0000000000000000000, 1.000000000000000000, 0.0000000000000000000 ) ) ;
#178 = DIRECTION ( 'NONE',  ( 0.0000000000000000000, 0.0000000000000000000, 1.000000000000000000 ) ) ;
#179 = EDGE_LOOP ( 'NONE', ( #1699, #698, #541, #171, #679, #912, #1120, #234, #1513, #235 ) ) ;
#180 = ORIENTED_EDGE ( 'NONE', *, *, #614, .T. ) ;
#181 = ADVANCED_FACE ( 'NONE', ( #1057 ), #664, .T. ) ;
#182 = LINE ( 'NONE', #1267, #1713 ) ;
#183 = DIRECTION ( 'NONE',  ( 1.000000000000000000, 0.0000000000000000000, 0.0000000000000000000 ) ) ;
#184 = DIRECTION ( 'NONE',  ( 0.0000000000000000000, 1.000000000000000000, 0.0000000000000000000 ) ) ;
#185 = LINE ( 'NONE', #884, #105 ) ;
#186 = VERTEX_POINT ( 'NONE', #917 ) ;
#187 = EDGE_LOOP ( 'NONE', ( #1743, #1509, #1684, #32 ) ) ;
#188 = LINE ( 'NONE', #601, #799 ) ;
#189 = AXIS2_PLACEMENT_3D ( 'NONE', #349, #1259, #1123 ) ;
#190 = EDGE_CURVE ( 'NONE', #1386, #1211, #1564, .T. ) ;
#191 = VECTOR ( 'NONE', #1296, 1000.000000000000000 ) ;
#192 = STYLED_ITEM ( 'NONE', ( #1369 ), #362 ) ;
#193 = CARTESIAN_POINT ( 'NONE',  ( 3.200000000000000178, 1.500000000000000000, 1.500000000000000000 ) ) ;
#194 = AXIS2_PLACEMENT_3D ( 'NONE', #1724, #1160, #385 ) ;
#195 = EDGE_CURVE ( 'NONE', #606, #634, #83, .T. ) ;
#196 = LINE ( 'NONE', #603, #1460 ) ;
#197 = DIRECTION ( 'NONE',  ( 0.0000000000000000000, -1.000000000000000000, 0.0000000000000000000 ) ) ;
#198 = ORIENTED_EDGE ( 'NONE', *, *, #439, .T. ) ;
#199 = ORIENTED_EDGE ( 'NONE', *, *, #1584, .F. ) ;
#200 = LINE ( 'NONE', #995, #593 ) ;
#201 = CARTESIAN_POINT ( 'NONE',  ( -3.100000000000000089, 1.500000000000000000, 0.2000000000000000111 ) ) ;
#202 = CARTESIAN_POINT ( 'NONE',  ( 3.153553390593273775, 3.453553390593273598, 0.0000000000000000000 ) ) ;
#203 = DIRECTION ( 'NONE',  ( -1.000000000000000000, 0.0000000000000000000, 0.0000000000000000000 ) ) ;
#204 = EDGE_CURVE ( 'NONE', #1309, #1470, #1313, .T. ) ;
#205 = ADVANCED_FACE ( 'NONE', ( #501 ), #365, .T. ) ;
#206 = DIRECTION ( 'NONE',  ( 0.0000000000000000000, 0.0000000000000000000, 1.000000000000000000 ) ) ;
#207 = VERTEX_POINT ( 'NONE', #1596 ) ;
#208 = ORIENTED_EDGE ( 'NONE', *, *, #1294, .T. ) ;
#209 =( LENGTH_UNIT ( ) NAMED_UNIT ( * ) SI_UNIT ( .MILLI., .METRE. ) );
#210 = LINE ( 'NONE', #1144, #1288 ) ;
#211 = CARTESIAN_POINT ( 'NONE',  ( 1.800000000000000044, -1.500000000000000000, 0.0000000000000000000 ) ) ;
#212 = DIRECTION ( 'NONE',  ( -1.000000000000000000, 0.0000000000000000000, 0.0000000000000000000 ) ) ;
#213 = DIRECTION ( 'NONE',  ( 1.000000000000000000, 0.0000000000000000000, 0.0000000000000000000 ) ) ;
#214 = ORIENTED_EDGE ( 'NONE', *, *, #229, .T. ) ;
#215 = ORIENTED_EDGE ( 'NONE', *, *, #955, .F. ) ;
#216 = CARTESIAN_POINT ( 'NONE',  ( 2.799999999999999822, -3.100000000000000089, 3.000000000000000000 ) ) ;
#217 = DIRECTION ( 'NONE',  ( 0.0000000000000000000, -1.000000000000000000, 0.0000000000000000000 ) ) ;
#218 = VECTOR ( 'NONE', #1559, 1000.000000000000000 ) ;
#219 = VECTOR ( 'NONE', #887, 1000.000000000000000 ) ;
#220 = DIRECTION ( 'NONE',  ( 0.0000000000000000000, -1.000000000000000000, 0.0000000000000000000 ) ) ;
#221 = VECTOR ( 'NONE', #1059, 1000.000000000000000 ) ;
#222 = CARTESIAN_POINT ( 'NONE',  ( -2.799999999999999822, 3.600000000000000089, 0.0000000000000000000 ) ) ;
#223 = LINE ( 'NONE', #769, #403 ) ;
#224 = VECTOR ( 'NONE', #1516, 1000.000000000000000 ) ;
#225 = ORIENTED_EDGE ( 'NONE', *, *, #1106, .T. ) ;
#226 = ORIENTED_EDGE ( 'NONE', *, *, #1517, .T. ) ;
#227 = DIRECTION ( 'NONE',  ( 1.000000000000000000, 0.0000000000000000000, 0.0000000000000000000 ) ) ;
#228 = EDGE_CURVE ( 'NONE', #302, #1470, #1695, .T. ) ;
#229 = EDGE_CURVE ( 'NONE', #944, #319, #230, .T. ) ;
#230 = LINE ( 'NONE', #1327, #535 ) ;
#231 = CARTESIAN_POINT ( 'NONE',  ( -4.899999999999999467, -1.600000000000000089, 0.1000000000000000056 ) ) ;
#232 = CARTESIAN_POINT ( 'NONE',  ( 3.200000000000000178, 1.500000000000000000, 0.0000000000000000000 ) ) ;
#233 = DIRECTION ( 'NONE',  ( 1.000000000000000000, 0.0000000000000000000, 0.0000000000000000000 ) ) ;
#234 = ORIENTED_EDGE ( 'NONE', *, *, #1256, .F. ) ;
#235 = ORIENTED_EDGE ( 'NONE', *, *, #237, .F. ) ;
#236 = DIRECTION ( 'NONE',  ( 0.0000000000000000000, 0.0000000000000000000, 1.000000000000000000 ) ) ;
#237 = EDGE_CURVE ( 'NONE', #1246, #1518, #1654, .T. ) ;
#238 = DIRECTION ( 'NONE',  ( 0.0000000000000000000, 0.0000000000000000000, -1.000000000000000000 ) ) ;
#239 = PRODUCT_DEFINITION_CONTEXT ( 'detailed design', #26, 'design' ) ;
#240 = DIRECTION ( 'NONE',  ( 1.000000000000000000, 0.0000000000000000000, 0.0000000000000000000 ) ) ;
#241 = DIRECTION ( 'NONE',  ( 1.000000000000000000, 0.0000000000000000000, 0.0000000000000000000 ) ) ;
#242 = ORIENTED_EDGE ( 'NONE', *, *, #204, .T. ) ;
#243 = CARTESIAN_POINT ( 'NONE',  ( -3.299999999999999822, -3.100000000000000089, 0.0000000000000000000 ) ) ;
#244 = CARTESIAN_POINT ( 'NONE',  ( 3.200000000000000178, 0.7500000000000000000, 0.1000000000000000056 ) ) ;
#245 = ADVANCED_FACE ( 'NONE', ( #1465 ), #1717, .F. ) ;
#246 = DIRECTION ( 'NONE',  ( 0.0000000000000000000, 0.0000000000000000000, 1.000000000000000000 ) ) ;
#247 = EDGE_CURVE ( 'NONE', #1480, #1309, #1702, .T. ) ;
#248 = AXIS2_PLACEMENT_3D ( 'NONE', #494, #918, #1315 ) ;
#249 = DIRECTION ( 'NONE',  ( -1.000000000000000000, 9.251858538542969116E-17, 0.0000000000000000000 ) ) ;
#250 = DIRECTION ( 'NONE',  ( 0.0000000000000000000, 0.0000000000000000000, -1.000000000000000000 ) ) ;
#251 = VECTOR ( 'NONE', #246, 1000.000000000000000 ) ;
#252 = VECTOR ( 'NONE', #301, 1000.000000000000000 ) ;
#253 = ORIENTED_EDGE ( 'NONE', *, *, #617, .T. ) ;
#254 = CIRCLE ( 'NONE', #1103, 0.1000000000000000472 ) ;
#255 = EDGE_LOOP ( 'NONE', ( #468, #1640, #1552, #643, #842, #1503, #71, #540 ) ) ;
#256 = CARTESIAN_POINT ( 'NONE',  ( 1.649999999999999911, 0.0000000000000000000, 0.0000000000000000000 ) ) ;
#257 = AXIS2_PLACEMENT_3D ( 'NONE', #1425, #1696, #220 ) ;
#258 = CARTESIAN_POINT ( 'NONE',  ( 4.799999999999999822, -1.500000000000000000, 0.1000000000000000056 ) ) ;
#259 = DIRECTION ( 'NONE',  ( 0.0000000000000000000, 0.0000000000000000000, -1.000000000000000000 ) ) ;
#260 = CYLINDRICAL_SURFACE ( 'NONE', #1328, 0.1000000000000000472 ) ;
#261 = LINE ( 'NONE', #824, #1100 ) ;
#262 = CARTESIAN_POINT ( 'NONE',  ( 3.153553390593273775, -3.453553390593273598, 3.000000000000000000 ) ) ;
#263 = EDGE_CURVE ( 'NONE', #472, #1747, #793, .T. ) ;
#264 = ORIENTED_EDGE ( 'NONE', *, *, #92, .T. ) ;
#265 = ORIENTED_EDGE ( 'NONE', *, *, #747, .T. ) ;
#266 = CARTESIAN_POINT ( 'NONE',  ( 3.100000000000000089, 1.500000000000000000, 0.2000000000000000111 ) ) ;
#267 = ORIENTED_EDGE ( 'NONE', *, *, #628, .F. ) ;
#268 = CARTESIAN_POINT ( 'NONE',  ( -2.799999999999999822, 3.600000000000000089, 3.000000000000000000 ) ) ;
#269 = CARTESIAN_POINT ( 'NONE',  ( -3.100000000000000089, -1.500000000000000000, 0.2000000000000000111 ) ) ;
#270 = FILL_AREA_STYLE_COLOUR ( '', #424 ) ;
#271 = DIRECTION ( 'NONE',  ( 0.0000000000000000000, 1.000000000000000000, 0.0000000000000000000 ) ) ;
#272 = EDGE_CURVE ( 'NONE', #1581, #780, #1065, .T. ) ;
#273 = ORIENTED_EDGE ( 'NONE', *, *, #70, .T. ) ;
#274 = LINE ( 'NONE', #1090, #111 ) ;
#275 = ORIENTED_EDGE ( 'NONE', *, *, #119, .F. ) ;
#276 = CARTESIAN_POINT ( 'NONE',  ( -3.299999999999999822, -3.600000000000000089, 3.000000000000000000 ) ) ;
#277 = DIRECTION ( 'NONE',  ( 0.0000000000000000000, 0.0000000000000000000, 1.000000000000000000 ) ) ;
#278 = DIRECTION ( 'NONE',  ( 0.0000000000000000000, 1.000000000000000000, 0.0000000000000000000 ) ) ;
#279 = DIRECTION ( 'NONE',  ( 0.0000000000000000000, 0.0000000000000000000, 1.000000000000000000 ) ) ;
#280 = PRODUCT ( '8F7B5729-B42B-453E-AD02-BA33E70319E7', '8F7B5729-B42B-453E-AD02-BA33E70319E7', '', ( #296 ) ) ;
#281 = VECTOR ( 'NONE', #147, 1000.000000000000000 ) ;
#282 = AXIS2_PLACEMENT_3D ( 'NONE', #1473, #414, #820 ) ;
#283 = ORIENTED_EDGE ( 'NONE', *, *, #1585, .T. ) ;
#284 = DIRECTION ( 'NONE',  ( 0.0000000000000000000, 0.0000000000000000000, -1.000000000000000000 ) ) ;
#285 = AXIS2_PLACEMENT_3D ( 'NONE', #420, #284, #1084 ) ;
#286 = VECTOR ( 'NONE', #928, 1000.000000000000000 ) ;
#287 = VERTEX_POINT ( 'NONE', #1362 ) ;
#288 = EDGE_CURVE ( 'NONE', #1645, #287, #157, .T. ) ;
#289 = DIRECTION ( 'NONE',  ( 0.0000000000000000000, 0.0000000000000000000, -1.000000000000000000 ) ) ;
#290 = CYLINDRICAL_SURFACE ( 'NONE', #798, 0.2000000000000000666 ) ;
#291 = LINE ( 'NONE', #835, #281 ) ;
#292 = ORIENTED_EDGE ( 'NONE', *, *, #809, .T. ) ;
#293 = VERTEX_POINT ( 'NONE', #838 ) ;
#294 = SURFACE_STYLE_USAGE ( .BOTH. , #707 ) ;
#295 = EDGE_CURVE ( 'NONE', #1309, #606, #4, .T. ) ;
#296 = PRODUCT_CONTEXT ( 'NONE', #1593, 'mechanical' ) ;
#297 = CARTESIAN_POINT ( 'NONE',  ( 3.100000000000000089, -0.7500000000000000000, 0.2000000000000000111 ) ) ;
#298 = DIRECTION ( 'NONE',  ( 0.7071067811865475727, -0.7071067811865475727, 0.0000000000000000000 ) ) ;
#299 = ORIENTED_EDGE ( 'NONE', *, *, #13, .F. ) ;
#300 = EDGE_LOOP ( 'NONE', ( #1014, #864, #29, #1725 ) ) ;
#301 = DIRECTION ( 'NONE',  ( 0.0000000000000000000, -1.000000000000000000, 0.0000000000000000000 ) ) ;
#302 = VERTEX_POINT ( 'NONE', #422 ) ;
#303 = ADVANCED_FACE ( 'NONE', ( #1099 ), #1618, .F. ) ;
#304 = CARTESIAN_POINT ( 'NONE',  ( 3.299999999999999822, 3.600000000000000089, 0.0000000000000000000 ) ) ;
#305 = EDGE_CURVE ( 'NONE', #968, #438, #700, .T. ) ;
#306 = ORIENTED_EDGE ( 'NONE', *, *, #1247, .T. ) ;
#307 = AXIS2_PLACEMENT_3D ( 'NONE', #612, #1579, #1147 ) ;
#308 = VECTOR ( 'NONE', #1671, 1000.000000000000000 ) ;
#309 = ORIENTED_EDGE ( 'NONE', *, *, #190, .T. ) ;
#310 = DIRECTION ( 'NONE',  ( 0.0000000000000000000, 0.0000000000000000000, 1.000000000000000000 ) ) ;
#311 = VECTOR ( 'NONE', #1335, 1000.000000000000000 ) ;
#312 =( NAMED_UNIT ( * ) PLANE_ANGLE_UNIT ( ) SI_UNIT ( $, .RADIAN. ) );
#313 = CIRCLE ( 'NONE', #713, 0.2000000000000000666 ) ;
#314 = VERTEX_POINT ( 'NONE', #1490 ) ;
#315 = CYLINDRICAL_SURFACE ( 'NONE', #1177, 0.2000000000000000666 ) ;
#316 = FACE_OUTER_BOUND ( 'NONE', #1227, .T. ) ;
#317 = EDGE_CURVE ( 'NONE', #969, #325, #903, .T. ) ;
#318 = ADVANCED_FACE ( 'NONE', ( #555 ), #542, .F. ) ;
#319 = VERTEX_POINT ( 'NONE', #550 ) ;
#320 = EDGE_LOOP ( 'NONE', ( #836, #1091, #1700, #309 ) ) ;
#321 = LINE ( 'NONE', #1275, #850 ) ;
#322 = LINE ( 'NONE', #1276, #937 ) ;
#323 = DIRECTION ( 'NONE',  ( -1.000000000000000000, 0.0000000000000000000, 0.0000000000000000000 ) ) ;
#324 = DIRECTION ( 'NONE',  ( -0.7071067811865481278, 0.0000000000000000000, -0.7071067811865467956 ) ) ;
#325 = VERTEX_POINT ( 'NONE', #1498 ) ;
#326 = ADVANCED_FACE ( 'NONE', ( #165 ), #945, .T. ) ;
#327 = ORIENTED_EDGE ( 'NONE', *, *, #14, .F. ) ;
#328 = DIRECTION ( 'NONE',  ( -1.000000000000000000, 0.0000000000000000000, 0.0000000000000000000 ) ) ;
#329 = PLANE ( 'NONE',  #619 ) ;
#330 = LINE ( 'NONE', #1500, #963 ) ;
#331 = DIRECTION ( 'NONE',  ( 0.0000000000000000000, 1.000000000000000000, 0.0000000000000000000 ) ) ;
#332 = ORIENTED_EDGE ( 'NONE', *, *, #1009, .T. ) ;
#333 = VERTEX_POINT ( 'NONE', #268 ) ;
#334 = CARTESIAN_POINT ( 'NONE',  ( -3.200000000000000178, 1.500000000000000000, 1.500000000000000000 ) ) ;
#335 = VECTOR ( 'NONE', #203, 1000.000000000000000 ) ;
#336 = ADVANCED_FACE ( 'NONE', ( #1748 ), #1344, .T. ) ;
#337 = EDGE_CURVE ( 'NONE', #1320, #314, #145, .T. ) ;
#338 = CIRCLE ( 'NONE', #1260, 0.1000000000000000472 ) ;
#339 = LINE ( 'NONE', #1129, #711 ) ;
#340 = CIRCLE ( 'NONE', #285, 0.5000000000000000000 ) ;
#341 = CARTESIAN_POINT ( 'NONE',  ( -3.299999999999999822, -1.500000000000000000, 0.0000000000000000000 ) ) ;
#342 = LINE ( 'NONE', #1118, #431 ) ;
#343 = VECTOR ( 'NONE', #611, 1000.000000000000000 ) ;
#344 = ORIENTED_EDGE ( 'NONE', *, *, #1087, .F. ) ;
#345 = EDGE_LOOP ( 'NONE', ( #168, #17, #1255, #1109 ) ) ;
#346 =( NAMED_UNIT ( * ) SI_UNIT ( $, .STERADIAN. ) SOLID_ANGLE_UNIT ( ) );
#347 = CARTESIAN_POINT ( 'NONE',  ( -1.699999999999999956, 1.600000000000000089, 0.0000000000000000000 ) ) ;
#348 = DIRECTION ( 'NONE',  ( 0.0000000000000000000, 1.000000000000000000, 0.0000000000000000000 ) ) ;
#349 = CARTESIAN_POINT ( 'NONE',  ( -2.799999999999999822, -3.100000000000000089, 0.0000000000000000000 ) ) ;
#350 = CYLINDRICAL_SURFACE ( 'NONE', #44, 0.2000000000000000666 ) ;
#351 = VERTEX_POINT ( 'NONE', #1222 ) ;
#352 = EDGE_LOOP ( 'NONE', ( #510, #1069, #1526, #1651 ) ) ;
#353 = CARTESIAN_POINT ( 'NONE',  ( 3.299999999999999822, -1.500000000000000000, 0.0000000000000000000 ) ) ;
#354 = EDGE_LOOP ( 'NONE', ( #976, #590, #149, #1244, #942, #1207, #714, #265, #570, #1089 ) ) ;
#355 = DIRECTION ( 'NONE',  ( -1.000000000000000000, 0.0000000000000000000, 0.0000000000000000000 ) ) ;
#356 = DIRECTION ( 'NONE',  ( 0.0000000000000000000, 0.0000000000000000000, 1.000000000000000000 ) ) ;
#357 = LINE ( 'NONE', #399, #1216 ) ;
#358 = LINE ( 'NONE', #920, #875 ) ;
#359 = DIRECTION ( 'NONE',  ( 0.7071067811865475727, 0.7071067811865475727, 0.0000000000000000000 ) ) ;
#360 = EDGE_CURVE ( 'NONE', #1645, #740, #1626, .T. ) ;
#361 = ORIENTED_EDGE ( 'NONE', *, *, #659, .F. ) ;
#362 = MANIFOLD_SOLID_BREP ( 'L_ShouHan_CYA0630.STEP[1]', #1285 ) ;
#363 = EDGE_LOOP ( 'NONE', ( #61, #498, #957, #755, #375, #1600, #1639, #124, #446, #1231 ) ) ;
#364 = LINE ( 'NONE', #791, #78 ) ;
#365 = PLANE ( 'NONE',  #1016 ) ;
#366 = PLANE ( 'NONE',  #846 ) ;
#367 = VECTOR ( 'NONE', #271, 1000.000000000000000 ) ;
#368 = CARTESIAN_POINT ( 'NONE',  ( -2.799999999999999822, 3.100000000000000089, 3.000000000000000000 ) ) ;
#369 = MANIFOLD_SOLID_BREP ( 'L_ShouHan_CYA0630.STEP[2]', #560 ) ;
#370 = CIRCLE ( 'NONE', #1572, 0.5000000000000000000 ) ;
#371 = CARTESIAN_POINT ( 'NONE',  ( -3.250000000000000000, 0.0000000000000000000, 1.500000000000000000 ) ) ;
#372 = FACE_OUTER_BOUND ( 'NONE', #363, .T. ) ;
#373 = VECTOR ( 'NONE', #1537, 1000.000000000000000 ) ;
#374 = VERTEX_POINT ( 'NONE', #36 ) ;
#375 = ORIENTED_EDGE ( 'NONE', *, *, #1641, .T. ) ;
#376 = DIRECTION ( 'NONE',  ( 0.7071067811865475727, 0.7071067811865475727, 0.0000000000000000000 ) ) ;
#377 = FACE_OUTER_BOUND ( 'NONE', #530, .T. ) ;
#378 = PLANE ( 'NONE',  #650 ) ;
#379 = DIRECTION ( 'NONE',  ( 1.000000000000000000, 0.0000000000000000000, 0.0000000000000000000 ) ) ;
#380 = FACE_OUTER_BOUND ( 'NONE', #42, .T. ) ;
#381 = DIRECTION ( 'NONE',  ( 0.7071067811865481278, 0.0000000000000000000, -0.7071067811865467956 ) ) ;
#382 = EDGE_LOOP ( 'NONE', ( #1042, #198, #452, #553, #112, #134, #512, #1510, #1070, #1712 ) ) ;
#383 = VERTEX_POINT ( 'NONE', #832 ) ;
#384 = EDGE_CURVE ( 'NONE', #949, #829, #1017, .T. ) ;
#385 = DIRECTION ( 'NONE',  ( 0.0000000000000000000, 0.0000000000000000000, -1.000000000000000000 ) ) ;
#386 = ORIENTED_EDGE ( 'NONE', *, *, #809, .F. ) ;
#387 = EDGE_CURVE ( 'NONE', #1518, #1273, #188, .T. ) ;
#388 = DIRECTION ( 'NONE',  ( 0.7071067811865481278, 0.0000000000000000000, -0.7071067811865467956 ) ) ;
#389 = CYLINDRICAL_SURFACE ( 'NONE', #1015, 0.5000000000000000000 ) ;
#390 = DIRECTION ( 'NONE',  ( 0.0000000000000000000, 1.000000000000000000, 0.0000000000000000000 ) ) ;
#391 = CARTESIAN_POINT ( 'NONE',  ( -1.699999999999999956, 1.600000000000000089, 0.0000000000000000000 ) ) ;
#392 = LINE ( 'NONE', #118, #559 ) ;
#393 = DIRECTION ( 'NONE',  ( 1.000000000000000000, 0.0000000000000000000, 0.0000000000000000000 ) ) ;
#394 = VERTEX_POINT ( 'NONE', #55 ) ;
#395 = PLANE ( 'NONE',  #49 ) ;
#396 = DIRECTION ( 'NONE',  ( 0.0000000000000000000, 0.0000000000000000000, 1.000000000000000000 ) ) ;
#397 = ADVANCED_FACE ( 'NONE', ( #592 ), #461, .T. ) ;
#398 = EDGE_CURVE ( 'NONE', #351, #394, #321, .T. ) ;
#399 = CARTESIAN_POINT ( 'NONE',  ( 3.170710678118654702, 0.7500000000000000000, 0.1292893218813452871 ) ) ;
#400 = VECTOR ( 'NONE', #323, 1000.000000000000000 ) ;
#401 = AXIS2_PLACEMENT_3D ( 'NONE', #1555, #456, #407 ) ;
#402 = VERTEX_POINT ( 'NONE', #868 ) ;
#403 = VECTOR ( 'NONE', #1299, 1000.000000000000000 ) ;
#404 = VERTEX_POINT ( 'NONE', #1152 ) ;
#405 = FACE_OUTER_BOUND ( 'NONE', #1643, .T. ) ;
#406 = EDGE_LOOP ( 'NONE', ( #1001, #442, #1461, #1740, #35, #549, #983, #199, #264, #1281, #1280, #68 ) ) ;
#407 = DIRECTION ( 'NONE',  ( -0.7071067811865475727, -0.7071067811865475727, 0.0000000000000000000 ) ) ;
#408 = DIRECTION ( 'NONE',  ( 0.0000000000000000000, 0.0000000000000000000, 1.000000000000000000 ) ) ;
#409 = LINE ( 'NONE', #1752, #1659 ) ;
#410 = CARTESIAN_POINT ( 'NONE',  ( -3.100000000000000089, 1.500000000000000000, 0.2000000000000000111 ) ) ;
#411 = ORIENTED_EDGE ( 'NONE', *, *, #866, .T. ) ;
#412 = DIRECTION ( 'NONE',  ( 0.7071067811865481278, 0.0000000000000000000, -0.7071067811865467956 ) ) ;
#413 = ORIENTED_EDGE ( 'NONE', *, *, #511, .T. ) ;
#414 = DIRECTION ( 'NONE',  ( 0.0000000000000000000, 0.0000000000000000000, 1.000000000000000000 ) ) ;
#415 = FILL_AREA_STYLE ('',( #1619 ) ) ;
#416 = CARTESIAN_POINT ( 'NONE',  ( -3.299999999999999822, 3.600000000000000089, 0.0000000000000000000 ) ) ;
#417 = EDGE_CURVE ( 'NONE', #780, #1663, #1397, .T. ) ;
#418 = EDGE_CURVE ( 'NONE', #741, #89, #175, .T. ) ;
#419 = ORIENTED_EDGE ( 'NONE', *, *, #1398, .T. ) ;
#420 = CARTESIAN_POINT ( 'NONE',  ( 2.799999999999999822, -3.100000000000000089, 3.000000000000000000 ) ) ;
#421 = VERTEX_POINT ( 'NONE', #1652 ) ;
#422 = CARTESIAN_POINT ( 'NONE',  ( 3.200000000000000178, 1.500000000000000000, 1.500000000000000000 ) ) ;
#423 = DIRECTION ( 'NONE',  ( 0.0000000000000000000, 0.0000000000000000000, 1.000000000000000000 ) ) ;
#424 = COLOUR_RGB ( '',0.9843137254901960231, 0.9803921568627450567, 0.9607843137254902244 ) ;
#425 = VECTOR ( 'NONE', #178, 1000.000000000000000 ) ;
#426 = AXIS2_PLACEMENT_3D ( 'NONE', #609, #996, #1392 ) ;
#427 = EDGE_LOOP ( 'NONE', ( #1647, #843, #1242, #1413 ) ) ;
#428 = EDGE_CURVE ( 'NONE', #678, #741, #200, .T. ) ;
#429 = MECHANICAL_DESIGN_GEOMETRIC_PRESENTATION_REPRESENTATION (  '', ( #904 ), #653 ) ;
#430 = AXIS2_PLACEMENT_3D ( 'NONE', #1027, #636, #772 ) ;
#431 = VECTOR ( 'NONE', #863, 1000.000000000000000 ) ;
#432 = ORIENTED_EDGE ( 'NONE', *, *, #839, .F. ) ;
#433 = FILL_AREA_STYLE ('',( #1635 ) ) ;
#434 = DIRECTION ( 'NONE',  ( 0.0000000000000000000, 0.0000000000000000000, 1.000000000000000000 ) ) ;
#435 = CARTESIAN_POINT ( 'NONE',  ( -3.200000000000000178, 1.500000000000000000, 1.500000000000000000 ) ) ;
#436 = ORIENTED_EDGE ( 'NONE', *, *, #1332, .F. ) ;
#437 = EDGE_CURVE ( 'NONE', #615, #944, #182, .T. ) ;
#438 = VERTEX_POINT ( 'NONE', #1135 ) ;
#439 = EDGE_CURVE ( 'NONE', #1668, #383, #1670, .T. ) ;
#440 = ORIENTED_EDGE ( 'NONE', *, *, #1595, .F. ) ;
#441 = LINE ( 'NONE', #585, #425 ) ;
#442 = ORIENTED_EDGE ( 'NONE', *, *, #1547, .T. ) ;
#443 = VERTEX_POINT ( 'NONE', #334 ) ;
#444 = SURFACE_STYLE_FILL_AREA ( #721 ) ;
#445 = DIRECTION ( 'NONE',  ( 1.000000000000000000, 0.0000000000000000000, 0.0000000000000000000 ) ) ;
#446 = ORIENTED_EDGE ( 'NONE', *, *, #757, .T. ) ;
#447 = EDGE_CURVE ( 'NONE', #1524, #293, #370, .T. ) ;
#448 = ADVANCED_FACE ( 'NONE', ( #759 ), #1043, .F. ) ;
#449 = LINE ( 'NONE', #1381, #1634 ) ;
#450 = DIRECTION ( 'NONE',  ( 0.0000000000000000000, -1.000000000000000000, 0.0000000000000000000 ) ) ;
#451 = EDGE_LOOP ( 'NONE', ( #1334, #1451, #886, #15 ) ) ;
#452 = ORIENTED_EDGE ( 'NONE', *, *, #1399, .F. ) ;
#453 = DIRECTION ( 'NONE',  ( 0.0000000000000000000, 0.0000000000000000000, 1.000000000000000000 ) ) ;
#454 = AXIS2_PLACEMENT_3D ( 'NONE', #1468, #250, #359 ) ;
#455 = VECTOR ( 'NONE', #1218, 1000.000000000000000 ) ;
#456 = DIRECTION ( 'NONE',  ( 0.0000000000000000000, 0.0000000000000000000, -1.000000000000000000 ) ) ;
#457 = CARTESIAN_POINT ( 'NONE',  ( -3.299999999999999822, 1.500000000000000000, 0.2000000000000000111 ) ) ;
#458 = CARTESIAN_POINT ( 'NONE',  ( 2.500000000000000000, -2.775557561562889872E-16, 0.1000000000000000056 ) ) ;
#459 = VERTEX_POINT ( 'NONE', #924 ) ;
#460 = ORIENTED_EDGE ( 'NONE', *, *, #1271, .T. ) ;
#461 = PLANE ( 'NONE',  #1356 ) ;
#462 =( NAMED_UNIT ( * ) SI_UNIT ( $, .STERADIAN. ) SOLID_ANGLE_UNIT ( ) );
#463 = DIRECTION ( 'NONE',  ( 0.0000000000000000000, 0.0000000000000000000, 1.000000000000000000 ) ) ;
#464 = CARTESIAN_POINT ( 'NONE',  ( 1.800000000000000044, -1.500000000000000000, 0.0000000000000000000 ) ) ;
#465 = FACE_OUTER_BOUND ( 'NONE', #345, .T. ) ;
#466 = ORIENTED_EDGE ( 'NONE', *, *, #1201, .F. ) ;
#467 = EDGE_CURVE ( 'NONE', #438, #1361, #1034, .T. ) ;
#468 = ORIENTED_EDGE ( 'NONE', *, *, #989, .T. ) ;
#469 = CARTESIAN_POINT ( 'NONE',  ( 1.800000000000000044, -1.500000000000000000, 0.0000000000000000000 ) ) ;
#470 = LINE ( 'NONE', #775, #534 ) ;
#471 = FACE_OUTER_BOUND ( 'NONE', #161, .T. ) ;
#472 = VERTEX_POINT ( 'NONE', #99 ) ;
#473 = ORIENTED_EDGE ( 'NONE', *, *, #1141, .F. ) ;
#474 = EDGE_CURVE ( 'NONE', #1495, #1361, #1311, .T. ) ;
#475 = VECTOR ( 'NONE', #1565, 1000.000000000000000 ) ;
#476 = AXIS2_PLACEMENT_3D ( 'NONE', #410, #1340, #129 ) ;
#477 = CIRCLE ( 'NONE', #1742, 0.5000000000000000000 ) ;
#478 = DIRECTION ( 'NONE',  ( 9.251858538542969116E-17, 1.000000000000000000, 0.0000000000000000000 ) ) ;
#479 = VECTOR ( 'NONE', #493, 1000.000000000000000 ) ;
#480 = CARTESIAN_POINT ( 'NONE',  ( -3.170710678118654702, -1.500000000000000000, 0.1292893218813452871 ) ) ;
#481 = PLANE ( 'NONE',  #962 ) ;
#482 = CARTESIAN_POINT ( 'NONE',  ( 4.899999999999999467, -1.600000000000000089, 0.1000000000000000056 ) ) ;
#483 = ORIENTED_EDGE ( 'NONE', *, *, #727, .T. ) ;
#484 = LINE ( 'NONE', #914, #1238 ) ;
#485 = CARTESIAN_POINT ( 'NONE',  ( 3.200000000000000178, -1.500000000000000000, 0.0000000000000000000 ) ) ;
#486 = EDGE_CURVE ( 'NONE', #1524, #374, #364, .T. ) ;
#487 = EDGE_CURVE ( 'NONE', #813, #626, #484, .T. ) ;
#488 = DIRECTION ( 'NONE',  ( -0.7071067811865482389, 0.0000000000000000000, -0.7071067811865466846 ) ) ;
#489 = CARTESIAN_POINT ( 'NONE',  ( 3.100000000000000089, -1.500000000000000000, 0.2000000000000000111 ) ) ;
#490 = CARTESIAN_POINT ( 'NONE',  ( 3.241421356237309759, 1.500000000000000000, 0.05857864376269063950 ) ) ;
#491 = ORIENTED_EDGE ( 'NONE', *, *, #1631, .F. ) ;
#492 = ORIENTED_EDGE ( 'NONE', *, *, #305, .F. ) ;
#493 = DIRECTION ( 'NONE',  ( 0.0000000000000000000, -1.000000000000000000, 0.0000000000000000000 ) ) ;
#494 = CARTESIAN_POINT ( 'NONE',  ( 1.649999999999999911, 0.0000000000000000000, 3.000000000000000000 ) ) ;
#495 = FACE_OUTER_BOUND ( 'NONE', #1433, .T. ) ;
#496 = ADVANCED_FACE ( 'NONE', ( #1322 ), #395, .T. ) ;
#497 = PLANE ( 'NONE',  #1352 ) ;
#498 = ORIENTED_EDGE ( 'NONE', *, *, #1417, .T. ) ;
#499 = CARTESIAN_POINT ( 'NONE',  ( 3.153553390593273775, 3.453553390593273598, 3.000000000000000000 ) ) ;
#500 = AXIS2_PLACEMENT_3D ( 'NONE', #1049, #1578, #379 ) ;
#501 = FACE_OUTER_BOUND ( 'NONE', #1502, .T. ) ;
#502 = LINE ( 'NONE', #202, #74 ) ;
#503 = AXIS2_PLACEMENT_3D ( 'NONE', #1612, #1751, #408 ) ;
#504 = AXIS2_PLACEMENT_3D ( 'NONE', #1136, #1688, #1010 ) ;
#505 = PLANE ( 'NONE',  #500 ) ;
#506 = CYLINDRICAL_SURFACE ( 'NONE', #307, 0.5000000000000000000 ) ;
#507 = DIRECTION ( 'NONE',  ( 0.0000000000000000000, 0.0000000000000000000, 1.000000000000000000 ) ) ;
#508 = EDGE_CURVE ( 'NONE', #1198, #459, #82, .T. ) ;
#509 = VECTOR ( 'NONE', #855, 1000.000000000000000 ) ;
#510 = ORIENTED_EDGE ( 'NONE', *, *, #575, .T. ) ;
#511 = EDGE_CURVE ( 'NONE', #1562, #564, #991, .T. ) ;
#512 = ORIENTED_EDGE ( 'NONE', *, *, #190, .F. ) ;
#513 = LINE ( 'NONE', #1055, #1636 ) ;
#514 = ORIENTED_EDGE ( 'NONE', *, *, #1419, .T. ) ;
#515 = CARTESIAN_POINT ( 'NONE',  ( 3.299999999999999822, -1.500000000000000000, 1.500000000000000000 ) ) ;
#516 = CARTESIAN_POINT ( 'NONE',  ( -2.799999999999999822, 3.100000000000000089, 0.0000000000000000000 ) ) ;
#517 = LINE ( 'NONE', #1298, #1212 ) ;
#518 = ORIENTED_EDGE ( 'NONE', *, *, #70, .F. ) ;
#519 = ORIENTED_EDGE ( 'NONE', *, *, #1054, .T. ) ;
#520 = CARTESIAN_POINT ( 'NONE',  ( -1.699999999999999956, 0.8000000000000000444, 0.0000000000000000000 ) ) ;
#521 = EDGE_CURVE ( 'NONE', #663, #1085, #902, .T. ) ;
#522 = DIRECTION ( 'NONE',  ( 1.000000000000000000, 0.0000000000000000000, 0.0000000000000000000 ) ) ;
#523 = UNCERTAINTY_MEASURE_WITH_UNIT (LENGTH_MEASURE( 1.000000000000000082E-05 ), #701, 'distance_accuracy_value', 'NONE');
#524 = PLANE ( 'NONE',  #568 ) ;
#525 = DIRECTION ( 'NONE',  ( 0.0000000000000000000, -1.000000000000000000, 0.0000000000000000000 ) ) ;
#526 = DIRECTION ( 'NONE',  ( 0.0000000000000000000, 0.0000000000000000000, 1.000000000000000000 ) ) ;
#527 = ORIENTED_EDGE ( 'NONE', *, *, #37, .T. ) ;
#528 = CARTESIAN_POINT ( 'NONE',  ( 3.100000000000000089, -1.500000000000000000, 0.2000000000000000111 ) ) ;
#529 = ADVANCED_FACE ( 'NONE', ( #627 ), #1302, .F. ) ;
#530 = EDGE_LOOP ( 'NONE', ( #332, #1625, #1221, #214 ) ) ;
#531 = CARTESIAN_POINT ( 'NONE',  ( 3.100000000000000089, 1.500000000000000000, 0.0000000000000000000 ) ) ;
#532 = FACE_OUTER_BOUND ( 'NONE', #1000, .T. ) ;
#533 = CIRCLE ( 'NONE', #476, 0.2000000000000000666 ) ;
#534 = VECTOR ( 'NONE', #356, 1000.000000000000000 ) ;
#535 = VECTOR ( 'NONE', #773, 1000.000000000000000 ) ;
#536 = CARTESIAN_POINT ( 'NONE',  ( 3.170710678118654702, 1.500000000000000000, 0.1292893218813452871 ) ) ;
#537 = AXIS2_PLACEMENT_3D ( 'NONE', #216, #1292, #1486 ) ;
#538 = VERTEX_POINT ( 'NONE', #662 ) ;
#539 = CIRCLE ( 'NONE', #690, 0.1000000000000000472 ) ;
#540 = ORIENTED_EDGE ( 'NONE', *, *, #418, .F. ) ;
#541 = ORIENTED_EDGE ( 'NONE', *, *, #784, .T. ) ;
#542 = PLANE ( 'NONE',  #282 ) ;
#543 = CYLINDRICAL_SURFACE ( 'NONE', #565, 0.5000000000000000000 ) ;
#544 = EDGE_CURVE ( 'NONE', #402, #351, #933, .T. ) ;
#545 = EDGE_CURVE ( 'NONE', #1240, #333, #513, .T. ) ;
#546 = CARTESIAN_POINT ( 'NONE',  ( -3.153553390593273775, 3.453553390593273598, 0.0000000000000000000 ) ) ;
#547 = ORIENTED_EDGE ( 'NONE', *, *, #891, .T. ) ;
#548 = PLANE ( 'NONE',  #1215 ) ;
#549 = ORIENTED_EDGE ( 'NONE', *, *, #1666, .T. ) ;
#550 = CARTESIAN_POINT ( 'NONE',  ( -3.299999999999999822, 1.500000000000000000, 0.1000000000000000056 ) ) ;
#551 = CARTESIAN_POINT ( 'NONE',  ( 3.100000000000000089, -0.7500000000000000000, 0.2000000000000000111 ) ) ;
#552 = DIRECTION ( 'NONE',  ( 0.0000000000000000000, 0.0000000000000000000, 1.000000000000000000 ) ) ;
#553 = ORIENTED_EDGE ( 'NONE', *, *, #1749, .F. ) ;
#554 = ORIENTED_EDGE ( 'NONE', *, *, #1584, .T. ) ;
#555 = FACE_OUTER_BOUND ( 'NONE', #811, .T. ) ;
#556 = APPLICATION_PROTOCOL_DEFINITION ( 'draft international standard', 'automotive_design', 1998, #26 ) ;
#557 = CARTESIAN_POINT ( 'NONE',  ( -3.299999999999999822, 3.100000000000000089, 0.0000000000000000000 ) ) ;
#558 = FILL_AREA_STYLE ('',( #270 ) ) ;
#559 = VECTOR ( 'NONE', #526, 1000.000000000000000 ) ;
#560 = CLOSED_SHELL ( 'NONE', ( #1708, #245, #1096, #397, #1525, #1499, #583, #1370, #1210, #326, #104, #318 ) ) ;
#561 = ADVANCED_FACE ( 'NONE', ( #1168 ), #1583, .F. ) ;
#562 = VECTOR ( 'NONE', #981, 1000.000000000000000 ) ;
#563 = VECTOR ( 'NONE', #629, 1000.000000000000000 ) ;
#564 = VERTEX_POINT ( 'NONE', #499 ) ;
#565 = AXIS2_PLACEMENT_3D ( 'NONE', #1750, #1718, #1078 ) ;
#566 = VECTOR ( 'NONE', #878, 1000.000000000000000 ) ;
#567 = EDGE_CURVE ( 'NONE', #1112, #43, #781, .T. ) ;
#568 = AXIS2_PLACEMENT_3D ( 'NONE', #652, #623, #1037 ) ;
#569 = ORIENTED_EDGE ( 'NONE', *, *, #1140, .T. ) ;
#570 = ORIENTED_EDGE ( 'NONE', *, *, #521, .F. ) ;
#571 = DIRECTION ( 'NONE',  ( 0.0000000000000000000, -1.000000000000000000, 0.0000000000000000000 ) ) ;
#572 = CARTESIAN_POINT ( 'NONE',  ( -3.299999999999999822, 1.600000000000000089, 0.0000000000000000000 ) ) ;
#573 = ORIENTED_EDGE ( 'NONE', *, *, #1363, .T. ) ;
#574 = ORIENTED_EDGE ( 'NONE', *, *, #237, .T. ) ;
#575 = EDGE_CURVE ( 'NONE', #1747, #186, #1190, .T. ) ;
#576 = DIRECTION ( 'NONE',  ( 0.0000000000000000000, -1.000000000000000000, 0.0000000000000000000 ) ) ;
#577 = ORIENTED_EDGE ( 'NONE', *, *, #195, .F. ) ;
#578 = FACE_OUTER_BOUND ( 'NONE', #382, .T. ) ;
#579 = DIRECTION ( 'NONE',  ( 0.7071067811865482389, 0.0000000000000000000, -0.7071067811865466846 ) ) ;
#580 = EDGE_LOOP ( 'NONE', ( #706, #283, #292, #1167, #174, #1126, #344, #1650 ) ) ;
#581 = ORIENTED_EDGE ( 'NONE', *, *, #60, .T. ) ;
#582 = CARTESIAN_POINT ( 'NONE',  ( 3.299999999999999822, -1.800000000000000044, 0.1000000000000000056 ) ) ;
#583 = ADVANCED_FACE ( 'NONE', ( #1686 ), #1553, .T. ) ;
#584 = LINE ( 'NONE', #1678, #308 ) ;
#585 = CARTESIAN_POINT ( 'NONE',  ( 3.299999999999999822, -1.600000000000000089, 0.0000000000000000000 ) ) ;
#586 = DIRECTION ( 'NONE',  ( 0.0000000000000000000, 0.0000000000000000000, 1.000000000000000000 ) ) ;
#587 = ORIENTED_EDGE ( 'NONE', *, *, #704, .F. ) ;
#588 = VECTOR ( 'NONE', #899, 1000.000000000000000 ) ;
#589 = AXIS2_PLACEMENT_3D ( 'NONE', #201, #1527, #1400 ) ;
#590 = ORIENTED_EDGE ( 'NONE', *, *, #119, .T. ) ;
#591 = COLOUR_RGB ( '',0.9843137254901960231, 0.9803921568627450567, 0.9607843137254902244 ) ;
#592 = FACE_OUTER_BOUND ( 'NONE', #1730, .T. ) ;
#593 = VECTOR ( 'NONE', #860, 1000.000000000000000 ) ;
#594 = CIRCLE ( 'NONE', #828, 0.5000000000000000000 ) ;
#595 = CARTESIAN_POINT ( 'NONE',  ( -3.299999999999999822, -3.100000000000000089, 3.000000000000000000 ) ) ;
#596 = LINE ( 'NONE', #1003, #191 ) ;
#597 = DIRECTION ( 'NONE',  ( 0.0000000000000000000, 0.0000000000000000000, -1.000000000000000000 ) ) ;
#598 = EDGE_CURVE ( 'NONE', #459, #681, #1291, .T. ) ;
#599 = ORIENTED_EDGE ( 'NONE', *, *, #1660, .T. ) ;
#600 = VERTEX_POINT ( 'NONE', #1199 ) ;
#601 = CARTESIAN_POINT ( 'NONE',  ( 3.299999999999999822, 1.500000000000000000, 0.0000000000000000000 ) ) ;
#602 = DIRECTION ( 'NONE',  ( 0.0000000000000000000, 0.0000000000000000000, -1.000000000000000000 ) ) ;
#603 = CARTESIAN_POINT ( 'NONE',  ( -3.200000000000000178, -1.500000000000000000, 0.0000000000000000000 ) ) ;
#604 = CARTESIAN_POINT ( 'NONE',  ( 3.200000000000000178, 1.500000000000000000, 0.0000000000000000000 ) ) ;
#605 = EDGE_CURVE ( 'NONE', #1166, #1347, #274, .T. ) ;
#606 = VERTEX_POINT ( 'NONE', #818 ) ;
#607 = EDGE_LOOP ( 'NONE', ( #130, #440, #1266, #1391, #1573, #587, #1301, #789, #1072, #1582, #1420, #1348, #901, #1459, #724, #1497, #9, #894, #994, #215 ) ) ;
#608 = CARTESIAN_POINT ( 'NONE',  ( 2.799999999999999822, 3.100000000000000089, 0.0000000000000000000 ) ) ;
#609 = CARTESIAN_POINT ( 'NONE',  ( -3.100000000000000089, -1.500000000000000000, 0.2000000000000000111 ) ) ;
#610 = DIRECTION ( 'NONE',  ( 0.0000000000000000000, 1.000000000000000000, 0.0000000000000000000 ) ) ;
#611 = DIRECTION ( 'NONE',  ( -1.000000000000000000, 0.0000000000000000000, 0.0000000000000000000 ) ) ;
#612 = CARTESIAN_POINT ( 'NONE',  ( 2.799999999999999822, 3.100000000000000089, 0.0000000000000000000 ) ) ;
#613 = ORIENTED_EDGE ( 'NONE', *, *, #474, .T. ) ;
#614 = EDGE_CURVE ( 'NONE', #1668, #1367, #313, .T. ) ;
#615 = VERTEX_POINT ( 'NONE', #139 ) ;
#616 = SURFACE_SIDE_STYLE ('',( #444 ) ) ;
#617 = EDGE_CURVE ( 'NONE', #421, #1445, #254, .T. ) ;
#618 = VECTOR ( 'NONE', #892, 1000.000000000000000 ) ;
#619 = AXIS2_PLACEMENT_3D ( 'NONE', #347, #355, #743 ) ;
#620 = CARTESIAN_POINT ( 'NONE',  ( -2.799999999999999822, -3.100000000000000089, 0.0000000000000000000 ) ) ;
#621 = VECTOR ( 'NONE', #1220, 1000.000000000000000 ) ;
#622 = CARTESIAN_POINT ( 'NONE',  ( -3.299999999999999822, -3.600000000000000089, 0.0000000000000000000 ) ) ;
#623 = DIRECTION ( 'NONE',  ( -0.0000000000000000000, 1.000000000000000000, 0.0000000000000000000 ) ) ;
#624 = LINE ( 'NONE', #1024, #1428 ) ;
#625 = ORIENTED_EDGE ( 'NONE', *, *, #915, .T. ) ;
#626 = VERTEX_POINT ( 'NONE', #1624 ) ;
#627 = FACE_OUTER_BOUND ( 'NONE', #1289, .T. ) ;
#628 = EDGE_CURVE ( 'NONE', #670, #207, #1071, .T. ) ;
#629 = DIRECTION ( 'NONE',  ( 0.0000000000000000000, 0.0000000000000000000, 1.000000000000000000 ) ) ;
#630 = DIRECTION ( 'NONE',  ( -0.7071067811865475727, -0.7071067811865475727, 0.0000000000000000000 ) ) ;
#631 = DIRECTION ( 'NONE',  ( 0.0000000000000000000, 1.000000000000000000, 0.0000000000000000000 ) ) ;
#632 = CARTESIAN_POINT ( 'NONE',  ( -3.153553390593273775, -3.453553390593273598, 0.0000000000000000000 ) ) ;
#633 = CARTESIAN_POINT ( 'NONE',  ( 1.675000000000000044, -1.600000000000000089, 0.0000000000000000000 ) ) ;
#634 = VERTEX_POINT ( 'NONE', #1479 ) ;
#635 = ORIENTED_EDGE ( 'NONE', *, *, #48, .T. ) ;
#636 = DIRECTION ( 'NONE',  ( -1.000000000000000000, 0.0000000000000000000, 0.0000000000000000000 ) ) ;
#637 = FACE_OUTER_BOUND ( 'NONE', #699, .T. ) ;
#638 = EDGE_CURVE ( 'NONE', #681, #1645, #340, .T. ) ;
#639 = EDGE_CURVE ( 'NONE', #1367, #1246, #1732, .T. ) ;
#640 = DIRECTION ( 'NONE',  ( -0.7071067811865475727, 0.7071067811865475727, 0.0000000000000000000 ) ) ;
#641 = CARTESIAN_POINT ( 'NONE',  ( -3.200000000000000178, 1.500000000000000000, 1.500000000000000000 ) ) ;
#642 = CARTESIAN_POINT ( 'NONE',  ( -3.200000000000000178, -1.500000000000000000, 1.500000000000000000 ) ) ;
#643 = ORIENTED_EDGE ( 'NONE', *, *, #1076, .F. ) ;
#644 = ORIENTED_EDGE ( 'NONE', *, *, #428, .F. ) ;
#645 = CARTESIAN_POINT ( 'NONE',  ( 0.0000000000000000000, -3.600000000000000089, 0.0000000000000000000 ) ) ;
#646 = VERTEX_POINT ( 'NONE', #2 ) ;
#647 = MECHANICAL_DESIGN_GEOMETRIC_PRESENTATION_REPRESENTATION (  '', ( #1705 ), #52 ) ;
#648 = DIRECTION ( 'NONE',  ( 0.0000000000000000000, -1.000000000000000000, 0.0000000000000000000 ) ) ;
#649 = PLANE ( 'NONE',  #248 ) ;
#650 = AXIS2_PLACEMENT_3D ( 'NONE', #1170, #65, #766 ) ;
#651 = MECHANICAL_DESIGN_GEOMETRIC_PRESENTATION_REPRESENTATION (  '', ( #192 ), #796 ) ;
#652 = CARTESIAN_POINT ( 'NONE',  ( -1.699999999999999956, -1.600000000000000089, 0.0000000000000000000 ) ) ;
#653 =( GEOMETRIC_REPRESENTATION_CONTEXT ( 3 ) GLOBAL_UNCERTAINTY_ASSIGNED_CONTEXT ( ( #523 ) ) GLOBAL_UNIT_ASSIGNED_CONTEXT ( ( #701, #312, #462 ) ) REPRESENTATION_CONTEXT ( 'NONE', 'WORKASPACE' ) );
#654 =( GEOMETRIC_REPRESENTATION_CONTEXT ( 3 ) GLOBAL_UNCERTAINTY_ASSIGNED_CONTEXT ( ( #774 ) ) GLOBAL_UNIT_ASSIGNED_CONTEXT ( ( #209, #750, #346 ) ) REPRESENTATION_CONTEXT ( 'NONE', 'WORKASPACE' ) );
#655 = CARTESIAN_POINT ( 'NONE',  ( -3.100000000000000089, 1.500000000000000000, 0.0000000000000000000 ) ) ;
#656 = CARTESIAN_POINT ( 'NONE',  ( -3.299999999999999822, -1.600000000000000089, 0.0000000000000000000 ) ) ;
#657 = CIRCLE ( 'NONE', #801, 0.5000000000000000000 ) ;
#658 = ADVANCED_FACE ( 'NONE', ( #405 ), #548, .T. ) ;
#659 = EDGE_CURVE ( 'NONE', #89, #374, #131, .T. ) ;
#660 = FACE_OUTER_BOUND ( 'NONE', #1197, .T. ) ;
#661 = ORIENTED_EDGE ( 'NONE', *, *, #1505, .T. ) ;
#662 = CARTESIAN_POINT ( 'NONE',  ( 3.200000000000000178, -1.500000000000000000, 0.2000000000000000111 ) ) ;
#663 = VERTEX_POINT ( 'NONE', #1744 ) ;
#664 = PLANE ( 'NONE',  #685 ) ;
#665 = APPLICATION_PROTOCOL_DEFINITION ( 'draft international standard', 'automotive_design', 1998, #1593 ) ;
#666 = CYLINDRICAL_SURFACE ( 'NONE', #1637, 0.1000000000000000472 ) ;
#667 = DIRECTION ( 'NONE',  ( -1.000000000000000000, 0.0000000000000000000, 0.0000000000000000000 ) ) ;
#668 = CARTESIAN_POINT ( 'NONE',  ( -3.200000000000000178, -1.500000000000000000, 1.500000000000000000 ) ) ;
#669 = CARTESIAN_POINT ( 'NONE',  ( -3.299999999999999822, 1.500000000000000000, 1.500000000000000000 ) ) ;
#670 = VERTEX_POINT ( 'NONE', #1172 ) ;
#671 = DIRECTION ( 'NONE',  ( 0.0000000000000000000, 0.0000000000000000000, -1.000000000000000000 ) ) ;
#672 = ORIENTED_EDGE ( 'NONE', *, *, #989, .F. ) ;
#673 = FACE_OUTER_BOUND ( 'NONE', #54, .T. ) ;
#674 =( LENGTH_UNIT ( ) NAMED_UNIT ( * ) SI_UNIT ( .MILLI., .METRE. ) );
#675 = ADVANCED_BREP_SHAPE_REPRESENTATION ( '8F7B5729-B42B-453E-AD02-BA33E70319E7', ( #362, #369, #948, #1262 ), #1290 ) ;
#676 = DIRECTION ( 'NONE',  ( 0.7071067811865475727, 0.7071067811865475727, 0.0000000000000000000 ) ) ;
#677 = DIRECTION ( 'NONE',  ( 1.000000000000000000, 0.0000000000000000000, 0.0000000000000000000 ) ) ;
#678 = VERTEX_POINT ( 'NONE', #128 ) ;
#679 = ORIENTED_EDGE ( 'NONE', *, *, #857, .F. ) ;
#680 = CARTESIAN_POINT ( 'NONE',  ( 3.299999999999999822, 1.600000000000000089, 0.0000000000000000000 ) ) ;
#681 = VERTEX_POINT ( 'NONE', #262 ) ;
#682 = EDGE_CURVE ( 'NONE', #944, #443, #1599, .T. ) ;
#683 = CARTESIAN_POINT ( 'NONE',  ( 3.299999999999999822, 3.600000000000000089, 0.0000000000000000000 ) ) ;
#684 = DIRECTION ( 'NONE',  ( 0.7071067811865475727, -0.7071067811865475727, 0.0000000000000000000 ) ) ;
#685 = AXIS2_PLACEMENT_3D ( 'NONE', #783, #217, #1047 ) ;
#686 = DIRECTION ( 'NONE',  ( -0.7071067811865481278, 0.0000000000000000000, -0.7071067811865467956 ) ) ;
#687 = LINE ( 'NONE', #1508, #455 ) ;
#688 = CIRCLE ( 'NONE', #905, 0.1000000000000000472 ) ;
#689 = FACE_OUTER_BOUND ( 'NONE', #1139, .T. ) ;
#690 = AXIS2_PLACEMENT_3D ( 'NONE', #1068, #825, #1081 ) ;
#691 = EDGE_LOOP ( 'NONE', ( #138, #1571, #1312, #1219 ) ) ;
#692 = CARTESIAN_POINT ( 'NONE',  ( -3.299999999999999822, -1.800000000000000044, 0.1000000000000000056 ) ) ;
#693 = ORIENTED_EDGE ( 'NONE', *, *, #1557, .F. ) ;
#694 = DIRECTION ( 'NONE',  ( -0.7071067811865481278, 0.0000000000000000000, -0.7071067811865467956 ) ) ;
#695 = PRODUCT_DEFINITION ( 'UNKNOWN', '', #18, #239 ) ;
#696 = CARTESIAN_POINT ( 'NONE',  ( -3.299999999999999822, 3.100000000000000089, 0.0000000000000000000 ) ) ;
#697 = LINE ( 'NONE', #1372, #1435 ) ;
#698 = ORIENTED_EDGE ( 'NONE', *, *, #1077, .T. ) ;
#699 = EDGE_LOOP ( 'NONE', ( #473, #1488, #122, #1452 ) ) ;
#700 = LINE ( 'NONE', #1213, #761 ) ;
#701 =( LENGTH_UNIT ( ) NAMED_UNIT ( * ) SI_UNIT ( .MILLI., .METRE. ) );
#702 = EDGE_CURVE ( 'NONE', #438, #1158, #1196, .T. ) ;
#703 = CARTESIAN_POINT ( 'NONE',  ( 3.170710678118654702, -1.500000000000000000, 0.1292893218813452871 ) ) ;
#704 = EDGE_CURVE ( 'NONE', #186, #1586, #940, .T. ) ;
#705 = ORIENTED_EDGE ( 'NONE', *, *, #882, .F. ) ;
#706 = ORIENTED_EDGE ( 'NONE', *, *, #1009, .F. ) ;
#707 = SURFACE_SIDE_STYLE ('',( #972 ) ) ;
#708 = CARTESIAN_POINT ( 'NONE',  ( 2.799999999999999822, -3.100000000000000089, 0.0000000000000000000 ) ) ;
#709 = AXIS2_PLACEMENT_3D ( 'NONE', #1365, #1474, #1358 ) ;
#710 = EDGE_CURVE ( 'NONE', #1586, #670, #1051, .T. ) ;
#711 = VECTOR ( 'NONE', #870, 1000.000000000000000 ) ;
#712 = ORIENTED_EDGE ( 'NONE', *, *, #598, .T. ) ;
#713 = AXIS2_PLACEMENT_3D ( 'NONE', #528, #1349, #1616 ) ;
#714 = ORIENTED_EDGE ( 'NONE', *, *, #1443, .T. ) ;
#715 = CARTESIAN_POINT ( 'NONE',  ( -3.100000000000000089, 1.500000000000000000, 0.2000000000000000111 ) ) ;
#716 = ORIENTED_EDGE ( 'NONE', *, *, #978, .T. ) ;
#717 = LINE ( 'NONE', #1507, #400 ) ;
#718 = DIRECTION ( 'NONE',  ( -0.7071067811865482389, 0.0000000000000000000, -0.7071067811865466846 ) ) ;
#719 = ORIENTED_EDGE ( 'NONE', *, *, #1666, .F. ) ;
#720 = ORIENTED_EDGE ( 'NONE', *, *, #229, .F. ) ;
#721 = FILL_AREA_STYLE ('',( #1249 ) ) ;
#722 = LINE ( 'NONE', #737, #20 ) ;
#723 = CYLINDRICAL_SURFACE ( 'NONE', #1487, 0.1000000000000000472 ) ;
#724 = ORIENTED_EDGE ( 'NONE', *, *, #486, .T. ) ;
#725 = ORIENTED_EDGE ( 'NONE', *, *, #1223, .T. ) ;
#726 = DIRECTION ( 'NONE',  ( 0.0000000000000000000, 1.000000000000000000, 0.0000000000000000000 ) ) ;
#727 = EDGE_CURVE ( 'NONE', #564, #1041, #1656, .T. ) ;
#728 = LINE ( 'NONE', #1251, #219 ) ;
#729 = DIRECTION ( 'NONE',  ( 0.0000000000000000000, 1.000000000000000000, 0.0000000000000000000 ) ) ;
#730 = VECTOR ( 'NONE', #1088, 1000.000000000000000 ) ;
#731 = ORIENTED_EDGE ( 'NONE', *, *, #1595, .T. ) ;
#732 = AXIS2_PLACEMENT_3D ( 'NONE', #929, #939, #1494 ) ;
#733 = VECTOR ( 'NONE', #289, 1000.000000000000000 ) ;
#734 = CARTESIAN_POINT ( 'NONE',  ( -3.299999999999999822, -1.500000000000000000, 0.0000000000000000000 ) ) ;
#735 = VECTOR ( 'NONE', #310, 1000.000000000000000 ) ;
#736 = AXIS2_PLACEMENT_3D ( 'NONE', #1012, #597, #1146 ) ;
#737 = CARTESIAN_POINT ( 'NONE',  ( -1.800000000000000044, -1.500000000000000000, 0.1000000000000000056 ) ) ;
#738 = DIRECTION ( 'NONE',  ( 0.0000000000000000000, -1.000000000000000000, 0.0000000000000000000 ) ) ;
#739 = CARTESIAN_POINT ( 'NONE',  ( 3.200000000000000178, -1.500000000000000000, 1.500000000000000000 ) ) ;
#740 = VERTEX_POINT ( 'NONE', #1698 ) ;
#741 = VERTEX_POINT ( 'NONE', #1568 ) ;
#742 = PRESENTATION_STYLE_ASSIGNMENT (( #985 ) ) ;
#743 = DIRECTION ( 'NONE',  ( 0.0000000000000000000, 0.0000000000000000000, 1.000000000000000000 ) ) ;
#744 = DIRECTION ( 'NONE',  ( 0.0000000000000000000, 0.0000000000000000000, 1.000000000000000000 ) ) ;
#745 = DIRECTION ( 'NONE',  ( 1.000000000000000000, 0.0000000000000000000, 0.0000000000000000000 ) ) ;
#746 = LINE ( 'NONE', #391, #822 ) ;
#747 = EDGE_CURVE ( 'NONE', #1530, #1085, #788, .T. ) ;
#748 = ORIENTED_EDGE ( 'NONE', *, *, #398, .F. ) ;
#749 = EDGE_LOOP ( 'NONE', ( #327, #1519, #1375, #436 ) ) ;
#750 =( NAMED_UNIT ( * ) PLANE_ANGLE_UNIT ( ) SI_UNIT ( $, .RADIAN. ) );
#751 = CARTESIAN_POINT ( 'NONE',  ( 3.299999999999999822, 1.600000000000000089, 0.1000000000000000056 ) ) ;
#752 = FACE_OUTER_BOUND ( 'NONE', #1342, .T. ) ;
#753 = LINE ( 'NONE', #58, #335 ) ;
#754 = DIRECTION ( 'NONE',  ( 0.0000000000000000000, 0.0000000000000000000, -1.000000000000000000 ) ) ;
#755 = ORIENTED_EDGE ( 'NONE', *, *, #398, .T. ) ;
#756 = ADVANCED_FACE ( 'NONE', ( #372 ), #1560, .F. ) ;
#757 = EDGE_CURVE ( 'NONE', #829, #1663, #778, .T. ) ;
#758 = EDGE_LOOP ( 'NONE', ( #1591, #1173, #849, #1175 ) ) ;
#759 = FACE_OUTER_BOUND ( 'NONE', #354, .T. ) ;
#760 = CIRCLE ( 'NONE', #1741, 0.1000000000000000472 ) ;
#761 = VECTOR ( 'NONE', #1376, 1000.000000000000000 ) ;
#762 = AXIS2_PLACEMENT_3D ( 'NONE', #1204, #1737, #277 ) ;
#763 = VECTOR ( 'NONE', #1339, 1000.000000000000000 ) ;
#764 = LINE ( 'NONE', #515, #876 ) ;
#765 = CIRCLE ( 'NONE', #1127, 0.2000000000000000666 ) ;
#766 = DIRECTION ( 'NONE',  ( 1.000000000000000000, 0.0000000000000000000, 0.0000000000000000000 ) ) ;
#767 = DIRECTION ( 'NONE',  ( -1.000000000000000000, 0.0000000000000000000, 0.0000000000000000000 ) ) ;
#768 = DIRECTION ( 'NONE',  ( -0.7071067811865482389, 0.0000000000000000000, -0.7071067811865466846 ) ) ;
#769 = CARTESIAN_POINT ( 'NONE',  ( -1.699999999999999956, 1.600000000000000089, 0.1000000000000000056 ) ) ;
#770 = ORIENTED_EDGE ( 'NONE', *, *, #295, .F. ) ;
#771 = ORIENTED_EDGE ( 'NONE', *, *, #702, .F. ) ;
#772 = DIRECTION ( 'NONE',  ( 0.0000000000000000000, 0.0000000000000000000, 1.000000000000000000 ) ) ;
#773 = DIRECTION ( 'NONE',  ( 0.0000000000000000000, 0.0000000000000000000, -1.000000000000000000 ) ) ;
#774 = UNCERTAINTY_MEASURE_WITH_UNIT (LENGTH_MEASURE( 1.000000000000000082E-05 ), #209, 'distance_accuracy_value', 'NONE');
#775 = CARTESIAN_POINT ( 'NONE',  ( -3.200000000000000178, -1.500000000000000000, 0.0000000000000000000 ) ) ;
#776 = FACE_OUTER_BOUND ( 'NONE', #320, .T. ) ;
#777 = FACE_OUTER_BOUND ( 'NONE', #749, .T. ) ;
#778 = LINE ( 'NONE', #668, #763 ) ;
#779 = ORIENTED_EDGE ( 'NONE', *, *, #1622, .F. ) ;
#780 = VERTEX_POINT ( 'NONE', #1739 ) ;
#781 = LINE ( 'NONE', #243, #311 ) ;
#782 = EDGE_LOOP ( 'NONE', ( #1159, #1561, #661, #1254, #817, #725, #1060, #1180, #27, #1673, #1326, #1385 ) ) ;
#783 = CARTESIAN_POINT ( 'NONE',  ( -3.299999999999999822, 1.600000000000000089, 0.0000000000000000000 ) ) ;
#784 = EDGE_CURVE ( 'NONE', #646, #626, #1427, .T. ) ;
#785 = FACE_OUTER_BOUND ( 'NONE', #406, .T. ) ;
#786 = DIRECTION ( 'NONE',  ( 0.0000000000000000000, 1.000000000000000000, 0.0000000000000000000 ) ) ;
#787 = LINE ( 'NONE', #1184, #1323 ) ;
#788 = LINE ( 'NONE', #1450, #21 ) ;
#789 = ORIENTED_EDGE ( 'NONE', *, *, #263, .F. ) ;
#790 = EDGE_LOOP ( 'NONE', ( #874, #79, #150, #432 ) ) ;
#791 = CARTESIAN_POINT ( 'NONE',  ( 3.299999999999999822, 3.600000000000000089, 0.0000000000000000000 ) ) ;
#792 = VECTOR ( 'NONE', #897, 1000.000000000000000 ) ;
#793 = LINE ( 'NONE', #1726, #1075 ) ;
#794 = CARTESIAN_POINT ( 'NONE',  ( 3.200000000000000178, -1.500000000000000000, 0.0000000000000000000 ) ) ;
#795 = VECTOR ( 'NONE', #1236, 1000.000000000000000 ) ;
#796 =( GEOMETRIC_REPRESENTATION_CONTEXT ( 3 ) GLOBAL_UNCERTAINTY_ASSIGNED_CONTEXT ( ( #1401 ) ) GLOBAL_UNIT_ASSIGNED_CONTEXT ( ( #1108, #977, #852 ) ) REPRESENTATION_CONTEXT ( 'NONE', 'WORKASPACE' ) );
#797 = CARTESIAN_POINT ( 'NONE',  ( 3.299999999999999822, -0.7500000000000000000, 0.2000000000000000111 ) ) ;
#798 = AXIS2_PLACEMENT_3D ( 'NONE', #551, #833, #126 ) ;
#799 = VECTOR ( 'NONE', #1520, 1000.000000000000000 ) ;
#800 = DIRECTION ( 'NONE',  ( 0.0000000000000000000, 0.0000000000000000000, 1.000000000000000000 ) ) ;
#801 = AXIS2_PLACEMENT_3D ( 'NONE', #516, #1690, #640 ) ;
#802 = CARTESIAN_POINT ( 'NONE',  ( -3.299999999999999822, -3.600000000000000089, 0.0000000000000000000 ) ) ;
#803 = ORIENTED_EDGE ( 'NONE', *, *, #437, .F. ) ;
#804 = DIRECTION ( 'NONE',  ( 0.0000000000000000000, 0.0000000000000000000, 1.000000000000000000 ) ) ;
#805 = DIRECTION ( 'NONE',  ( -0.7071067811865475727, -0.7071067811865475727, 0.0000000000000000000 ) ) ;
#806 = PLANE ( 'NONE',  #732 ) ;
#807 = CARTESIAN_POINT ( 'NONE',  ( -3.299999999999999822, 1.500000000000000000, 1.500000000000000000 ) ) ;
#808 = VERTEX_POINT ( 'NONE', #1728 ) ;
#809 = EDGE_CURVE ( 'NONE', #1615, #1166, #223, .T. ) ;
#810 = ADVANCED_FACE ( 'NONE', ( #911 ), #87, .F. ) ;
#811 = EDGE_LOOP ( 'NONE', ( #851, #519, #1368, #1005 ) ) ;
#812 = DIRECTION ( 'NONE',  ( 0.0000000000000000000, 0.0000000000000000000, -1.000000000000000000 ) ) ;
#813 = VERTEX_POINT ( 'NONE', #96 ) ;
#814 = DIRECTION ( 'NONE',  ( 0.0000000000000000000, 0.0000000000000000000, -1.000000000000000000 ) ) ;
#815 = FACE_OUTER_BOUND ( 'NONE', #1541, .T. ) ;
#816 = VERTEX_POINT ( 'NONE', #1721 ) ;
#817 = ORIENTED_EDGE ( 'NONE', *, *, #195, .T. ) ;
#818 = CARTESIAN_POINT ( 'NONE',  ( 3.299999999999999822, -1.500000000000000000, 0.1000000000000000056 ) ) ;
#819 = ORIENTED_EDGE ( 'NONE', *, *, #1660, .F. ) ;
#820 = DIRECTION ( 'NONE',  ( 1.000000000000000000, 0.0000000000000000000, 0.0000000000000000000 ) ) ;
#821 = CARTESIAN_POINT ( 'NONE',  ( -3.241421356237309759, 1.500000000000000000, 0.05857864376269063950 ) ) ;
#822 = VECTOR ( 'NONE', #86, 1000.000000000000000 ) ;
#823 = VECTOR ( 'NONE', #1092, 1000.000000000000000 ) ;
#824 = CARTESIAN_POINT ( 'NONE',  ( 3.200000000000000178, 0.7500000000000000000, 0.2000000000000000111 ) ) ;
#825 = DIRECTION ( 'NONE',  ( 0.0000000000000000000, 1.000000000000000000, 0.0000000000000000000 ) ) ;
#826 = CIRCLE ( 'NONE', #1102, 0.5000000000000000000 ) ;
#827 = PRESENTATION_LAYER_ASSIGNMENT (  '', '', ( #1463 ) ) ;
#828 = AXIS2_PLACEMENT_3D ( 'NONE', #708, #279, #1382 ) ;
#829 = VERTEX_POINT ( 'NONE', #642 ) ;
#830 = EDGE_CURVE ( 'NONE', #1530, #808, #1707, .T. ) ;
#831 = ORIENTED_EDGE ( 'NONE', *, *, #263, .T. ) ;
#832 = CARTESIAN_POINT ( 'NONE',  ( 3.299999999999999822, -1.500000000000000000, 1.500000000000000000 ) ) ;
#833 = DIRECTION ( 'NONE',  ( 0.0000000000000000000, 1.000000000000000000, 0.0000000000000000000 ) ) ;
#834 = EDGE_CURVE ( 'NONE', #926, #538, #688, .T. ) ;
#835 = CARTESIAN_POINT ( 'NONE',  ( 3.200000000000000178, -1.500000000000000000, 1.500000000000000000 ) ) ;
#836 = ORIENTED_EDGE ( 'NONE', *, *, #956, .F. ) ;
#837 = EDGE_LOOP ( 'NONE', ( #492, #527, #613, #3 ) ) ;
#838 = CARTESIAN_POINT ( 'NONE',  ( 3.153553390593273775, 3.453553390593273598, 0.0000000000000000000 ) ) ;
#839 = EDGE_CURVE ( 'NONE', #1581, #10, #392, .T. ) ;
#840 = CARTESIAN_POINT ( 'NONE',  ( 3.200000000000000178, 1.500000000000000000, 0.1000000000000000056 ) ) ;
#841 = DIRECTION ( 'NONE',  ( 0.0000000000000000000, -1.000000000000000000, 0.0000000000000000000 ) ) ;
#842 = ORIENTED_EDGE ( 'NONE', *, *, #1363, .F. ) ;
#843 = ORIENTED_EDGE ( 'NONE', *, *, #1517, .F. ) ;
#844 = DIRECTION ( 'NONE',  ( 0.0000000000000000000, -1.000000000000000000, 0.0000000000000000000 ) ) ;
#845 = ORIENTED_EDGE ( 'NONE', *, *, #37, .F. ) ;
#846 = AXIS2_PLACEMENT_3D ( 'NONE', #1283, #93, #610 ) ;
#847 = AXIS2_PLACEMENT_3D ( 'NONE', #1587, #91, #388 ) ;
#848 = VECTOR ( 'NONE', #1436, 1000.000000000000000 ) ;
#849 = ORIENTED_EDGE ( 'NONE', *, *, #47, .F. ) ;
#850 = VECTOR ( 'NONE', #453, 1000.000000000000000 ) ;
#851 = ORIENTED_EDGE ( 'NONE', *, *, #69, .F. ) ;
#852 =( NAMED_UNIT ( * ) SI_UNIT ( $, .STERADIAN. ) SOLID_ANGLE_UNIT ( ) );
#853 = ORIENTED_EDGE ( 'NONE', *, *, #544, .F. ) ;
#854 = CARTESIAN_POINT ( 'NONE',  ( 1.699999999999999956, 1.600000000000000089, 0.1000000000000000056 ) ) ;
#855 = DIRECTION ( 'NONE',  ( 1.000000000000000000, 0.0000000000000000000, 0.0000000000000000000 ) ) ;
#856 = ORIENTED_EDGE ( 'NONE', *, *, #132, .T. ) ;
#857 = EDGE_CURVE ( 'NONE', #1445, #813, #539, .T. ) ;
#858 = EDGE_CURVE ( 'NONE', #1158, #1198, #954, .T. ) ;
#859 = ORIENTED_EDGE ( 'NONE', *, *, #916, .T. ) ;
#860 = DIRECTION ( 'NONE',  ( 0.0000000000000000000, 0.0000000000000000000, -1.000000000000000000 ) ) ;
#861 = CARTESIAN_POINT ( 'NONE',  ( 3.153553390593273775, -3.453553390593273598, 0.0000000000000000000 ) ) ;
#862 = LINE ( 'NONE', #1393, #1536 ) ;
#863 = DIRECTION ( 'NONE',  ( 0.0000000000000000000, -1.000000000000000000, 0.0000000000000000000 ) ) ;
#864 = ORIENTED_EDGE ( 'NONE', *, *, #59, .T. ) ;
#865 = ORIENTED_EDGE ( 'NONE', *, *, #1097, .T. ) ;
#866 = EDGE_CURVE ( 'NONE', #1408, #472, #154, .T. ) ;
#867 = EDGE_CURVE ( 'NONE', #1240, #404, #687, .T. ) ;
#868 = CARTESIAN_POINT ( 'NONE',  ( -3.100000000000000089, -1.500000000000000000, 0.0000000000000000000 ) ) ;
#869 = SURFACE_SIDE_STYLE ('',( #953 ) ) ;
#870 = DIRECTION ( 'NONE',  ( 0.0000000000000000000, 0.0000000000000000000, 1.000000000000000000 ) ) ;
#871 = PLANE ( 'NONE',  #1569 ) ;
#872 = CARTESIAN_POINT ( 'NONE',  ( 3.299999999999999822, 1.500000000000000000, 0.0000000000000000000 ) ) ;
#873 = VECTOR ( 'NONE', #1484, 1000.000000000000000 ) ;
#874 = ORIENTED_EDGE ( 'NONE', *, *, #272, .T. ) ;
#875 = VECTOR ( 'NONE', #1157, 1000.000000000000000 ) ;
#876 = VECTOR ( 'NONE', #1446, 1000.000000000000000 ) ;
#877 = ORIENTED_EDGE ( 'NONE', *, *, #955, .T. ) ;
#878 = DIRECTION ( 'NONE',  ( 0.0000000000000000000, -1.000000000000000000, 0.0000000000000000000 ) ) ;
#879 = AXIS2_PLACEMENT_3D ( 'NONE', #353, #895, #1422 ) ;
#880 = AXIS2_PLACEMENT_3D ( 'NONE', #1359, #841, #718 ) ;
#881 = CARTESIAN_POINT ( 'NONE',  ( -3.200000000000000178, -1.500000000000000000, 1.500000000000000000 ) ) ;
#882 = EDGE_CURVE ( 'NONE', #1615, #472, #1613, .T. ) ;
#883 = CARTESIAN_POINT ( 'NONE',  ( 2.799999999999999822, -3.600000000000000089, 3.000000000000000000 ) ) ;
#884 = CARTESIAN_POINT ( 'NONE',  ( 3.299999999999999822, 1.500000000000000000, 1.500000000000000000 ) ) ;
#885 = ORIENTED_EDGE ( 'NONE', *, *, #545, .F. ) ;
#886 = ORIENTED_EDGE ( 'NONE', *, *, #172, .F. ) ;
#887 = DIRECTION ( 'NONE',  ( 0.0000000000000000000, 0.0000000000000000000, -1.000000000000000000 ) ) ;
#888 = LINE ( 'NONE', #622, #1403 ) ;
#889 = LINE ( 'NONE', #1680, #1174 ) ;
#890 = ADVANCED_FACE ( 'NONE', ( #12 ), #1621, .T. ) ;
#891 = EDGE_CURVE ( 'NONE', #969, #949, #697, .T. ) ;
#892 = DIRECTION ( 'NONE',  ( 0.0000000000000000000, 1.000000000000000000, 0.0000000000000000000 ) ) ;
#893 = ORIENTED_EDGE ( 'NONE', *, *, #1585, .F. ) ;
#894 = ORIENTED_EDGE ( 'NONE', *, *, #702, .T. ) ;
#895 = DIRECTION ( 'NONE',  ( 1.000000000000000000, 0.0000000000000000000, 0.0000000000000000000 ) ) ;
#896 = FACE_OUTER_BOUND ( 'NONE', #300, .T. ) ;
#897 = DIRECTION ( 'NONE',  ( -9.251858538542969116E-17, 1.000000000000000000, 0.0000000000000000000 ) ) ;
#898 = DIRECTION ( 'NONE',  ( 0.7071067811865481278, 0.0000000000000000000, -0.7071067811865467956 ) ) ;
#899 = DIRECTION ( 'NONE',  ( 0.0000000000000000000, -1.000000000000000000, 0.0000000000000000000 ) ) ;
#900 = CARTESIAN_POINT ( 'NONE',  ( -1.800000000000000044, -1.500000000000000000, 0.0000000000000000000 ) ) ;
#901 = ORIENTED_EDGE ( 'NONE', *, *, #1398, .F. ) ;
#902 = LINE ( 'NONE', #1462, #1079 ) ;
#903 = CIRCLE ( 'NONE', #137, 0.1000000000000000472 ) ;
#904 = STYLED_ITEM ( 'NONE', ( #1250 ), #675 ) ;
#905 = AXIS2_PLACEMENT_3D ( 'NONE', #1331, #930, #381 ) ;
#906 = DIRECTION ( 'NONE',  ( 1.000000000000000000, 0.0000000000000000000, 0.0000000000000000000 ) ) ;
#907 = PRESENTATION_LAYER_ASSIGNMENT (  '', '', ( #1705 ) ) ;
#908 = CARTESIAN_POINT ( 'NONE',  ( -3.299999999999999822, -1.500000000000000000, 1.500000000000000000 ) ) ;
#909 = DIRECTION ( 'NONE',  ( 0.0000000000000000000, 0.0000000000000000000, 1.000000000000000000 ) ) ;
#910 = LINE ( 'NONE', #1439, #1073 ) ;
#911 = FACE_OUTER_BOUND ( 'NONE', #427, .T. ) ;
#912 = ORIENTED_EDGE ( 'NONE', *, *, #617, .F. ) ;
#913 = ORIENTED_EDGE ( 'NONE', *, *, #1241, .F. ) ;
#914 = CARTESIAN_POINT ( 'NONE',  ( 1.800000000000000044, 1.500000000000000000, 0.1000000000000000056 ) ) ;
#915 = EDGE_CURVE ( 'NONE', #1245, #663, #409, .T. ) ;
#916 = EDGE_CURVE ( 'NONE', #62, #980, #982, .T. ) ;
#917 = CARTESIAN_POINT ( 'NONE',  ( -1.699999999999999956, -1.600000000000000089, 0.0000000000000000000 ) ) ;
#918 = DIRECTION ( 'NONE',  ( 0.0000000000000000000, 0.0000000000000000000, 1.000000000000000000 ) ) ;
#919 = DIRECTION ( 'NONE',  ( -0.7071067811865475727, 0.7071067811865475727, 0.0000000000000000000 ) ) ;
#920 = CARTESIAN_POINT ( 'NONE',  ( 3.299999999999999822, 1.500000000000000000, 1.500000000000000000 ) ) ;
#921 = DIRECTION ( 'NONE',  ( 0.0000000000000000000, 0.0000000000000000000, 1.000000000000000000 ) ) ;
#922 = ORIENTED_EDGE ( 'NONE', *, *, #81, .F. ) ;
#923 = ORIENTED_EDGE ( 'NONE', *, *, #1496, .T. ) ;
#924 = CARTESIAN_POINT ( 'NONE',  ( 3.299999999999999822, -3.100000000000000089, 3.000000000000000000 ) ) ;
#925 = EDGE_CURVE ( 'NONE', #740, #88, #594, .T. ) ;
#926 = VERTEX_POINT ( 'NONE', #703 ) ;
#927 = CARTESIAN_POINT ( 'NONE',  ( 2.799999999999999822, -3.100000000000000089, 0.0000000000000000000 ) ) ;
#928 = DIRECTION ( 'NONE',  ( 0.0000000000000000000, 0.0000000000000000000, 1.000000000000000000 ) ) ;
#929 = CARTESIAN_POINT ( 'NONE',  ( 3.250000000000000000, 0.0000000000000000000, 1.500000000000000000 ) ) ;
#930 = DIRECTION ( 'NONE',  ( 0.0000000000000000000, -1.000000000000000000, 0.0000000000000000000 ) ) ;
#931 = ORIENTED_EDGE ( 'NONE', *, *, #682, .T. ) ;
#932 = EDGE_LOOP ( 'NONE', ( #1061, #1602, #1733, #1441 ) ) ;
#933 = LINE ( 'NONE', #1444, #1405 ) ;
#934 = AXIS2_PLACEMENT_3D ( 'NONE', #232, #1058, #206 ) ;
#935 = CARTESIAN_POINT ( 'NONE',  ( 3.200000000000000178, -1.500000000000000000, 0.0000000000000000000 ) ) ;
#936 = CARTESIAN_POINT ( 'NONE',  ( -2.799999999999999822, 3.100000000000000089, 0.0000000000000000000 ) ) ;
#937 = VECTOR ( 'NONE', #39, 1000.000000000000000 ) ;
#938 = CARTESIAN_POINT ( 'NONE',  ( -3.100000000000000089, 0.7500000000000000000, 0.2000000000000000111 ) ) ;
#939 = DIRECTION ( 'NONE',  ( 0.0000000000000000000, 0.0000000000000000000, 1.000000000000000000 ) ) ;
#940 = LINE ( 'NONE', #1206, #141 ) ;
#941 = ORIENTED_EDGE ( 'NONE', *, *, #337, .T. ) ;
#942 = ORIENTED_EDGE ( 'NONE', *, *, #891, .F. ) ;
#943 = DIRECTION ( 'NONE',  ( 0.0000000000000000000, 1.000000000000000000, 0.0000000000000000000 ) ) ;
#944 = VERTEX_POINT ( 'NONE', #1224 ) ;
#945 = PLANE ( 'NONE',  #1261 ) ;
#946 =( NAMED_UNIT ( * ) PLANE_ANGLE_UNIT ( ) SI_UNIT ( $, .RADIAN. ) );
#947 = LINE ( 'NONE', #1476, #367 ) ;
#948 = MANIFOLD_SOLID_BREP ( 'L_ShouHan_CYA0630.STEP[3]', #1632 ) ;
#949 = VERTEX_POINT ( 'NONE', #435 ) ;
#950 = DIRECTION ( 'NONE',  ( 0.0000000000000000000, 1.000000000000000000, 0.0000000000000000000 ) ) ;
#951 = ORIENTED_EDGE ( 'NONE', *, *, #521, .T. ) ;
#952 = CARTESIAN_POINT ( 'NONE',  ( 3.299999999999999822, 1.500000000000000000, 0.0000000000000000000 ) ) ;
#953 = SURFACE_STYLE_FILL_AREA ( #415 ) ;
#954 = LINE ( 'NONE', #304, #1321 ) ;
#955 = EDGE_CURVE ( 'NONE', #88, #1198, #1104, .T. ) ;
#956 = EDGE_CURVE ( 'NONE', #813, #1211, #342, .T. ) ;
#957 = ORIENTED_EDGE ( 'NONE', *, *, #544, .T. ) ;
#958 = DIRECTION ( 'NONE',  ( 0.0000000000000000000, -1.000000000000000000, 0.0000000000000000000 ) ) ;
#959 = ORIENTED_EDGE ( 'NONE', *, *, #916, .F. ) ;
#960 = CARTESIAN_POINT ( 'NONE',  ( 2.799999999999999822, -3.600000000000000089, 0.0000000000000000000 ) ) ;
#961 = DIRECTION ( 'NONE',  ( 0.0000000000000000000, 0.0000000000000000000, -1.000000000000000000 ) ) ;
#962 = AXIS2_PLACEMENT_3D ( 'NONE', #458, #41, #745 ) ;
#963 = VECTOR ( 'NONE', #1648, 1000.000000000000000 ) ;
#964 = PLANE ( 'NONE',  #709 ) ;
#965 =( NAMED_UNIT ( * ) SI_UNIT ( $, .STERADIAN. ) SOLID_ANGLE_UNIT ( ) );
#966 = VECTOR ( 'NONE', #1533, 1000.000000000000000 ) ;
#967 = AXIS2_PLACEMENT_3D ( 'NONE', #368, #909, #919 ) ;
#968 = VERTEX_POINT ( 'NONE', #1523 ) ;
#969 = VERTEX_POINT ( 'NONE', #1389 ) ;
#970 = ADVANCED_FACE ( 'NONE', ( #465 ), #723, .F. ) ;
#971 = EDGE_CURVE ( 'NONE', #1685, #1149, #1394, .T. ) ;
#972 = SURFACE_STYLE_FILL_AREA ( #433 ) ;
#973 = FACE_OUTER_BOUND ( 'NONE', #691, .T. ) ;
#974 = CARTESIAN_POINT ( 'NONE',  ( 2.799999999999999822, -3.100000000000000089, 0.0000000000000000000 ) ) ;
#975 = ORIENTED_EDGE ( 'NONE', *, *, #228, .T. ) ;
#976 = ORIENTED_EDGE ( 'NONE', *, *, #13, .T. ) ;
#977 =( NAMED_UNIT ( * ) PLANE_ANGLE_UNIT ( ) SI_UNIT ( $, .RADIAN. ) );
#978 = EDGE_CURVE ( 'NONE', #678, #302, #185, .T. ) ;
#979 = CARTESIAN_POINT ( 'NONE',  ( 0.0000000000000000000, 0.0000000000000000000, 0.0000000000000000000 ) ) ;
#980 = VERTEX_POINT ( 'NONE', #739 ) ;
#981 = DIRECTION ( 'NONE',  ( 9.251858538542969116E-17, -1.000000000000000000, 0.0000000000000000000 ) ) ;
#982 = LINE ( 'NONE', #1237, #873 ) ;
#983 = ORIENTED_EDGE ( 'NONE', *, *, #1141, .T. ) ;
#984 = ORIENTED_EDGE ( 'NONE', *, *, #1115, .F. ) ;
#985 = SURFACE_STYLE_USAGE ( .BOTH. , #616 ) ;
#986 = SHAPE_DEFINITION_REPRESENTATION ( #1225, #675 ) ;
#987 = ORIENTED_EDGE ( 'NONE', *, *, #1097, .F. ) ;
#988 = CARTESIAN_POINT ( 'NONE',  ( -2.850000000000000089, -1.500000000000000000, 0.1000000000000000056 ) ) ;
#989 = EDGE_CURVE ( 'NONE', #741, #1480, #753, .T. ) ;
#990 = VECTOR ( 'NONE', #1154, 1000.000000000000000 ) ;
#991 = CIRCLE ( 'NONE', #1464, 0.5000000000000000000 ) ;
#992 = ORIENTED_EDGE ( 'NONE', *, *, #1477, .T. ) ;
#993 = VECTOR ( 'NONE', #331, 1000.000000000000000 ) ;
#994 = ORIENTED_EDGE ( 'NONE', *, *, #858, .T. ) ;
#995 = CARTESIAN_POINT ( 'NONE',  ( 3.299999999999999822, 1.500000000000000000, 0.0000000000000000000 ) ) ;
#996 = DIRECTION ( 'NONE',  ( 0.0000000000000000000, 1.000000000000000000, 0.0000000000000000000 ) ) ;
#997 = CARTESIAN_POINT ( 'NONE',  ( 1.699999999999999956, -1.600000000000000089, 0.0000000000000000000 ) ) ;
#998 = CARTESIAN_POINT ( 'NONE',  ( 3.100000000000000089, -1.500000000000000000, 0.2000000000000000111 ) ) ;
#999 = ADVANCED_FACE ( 'NONE', ( #1253 ), #481, .F. ) ;
#1000 = EDGE_LOOP ( 'NONE', ( #819, #419, #581, #413 ) ) ;
#1001 = ORIENTED_EDGE ( 'NONE', *, *, #598, .F. ) ;
#1002 = DIRECTION ( 'NONE',  ( -9.251858538542969116E-17, -1.000000000000000000, 0.0000000000000000000 ) ) ;
#1003 = CARTESIAN_POINT ( 'NONE',  ( -3.299999999999999822, -1.800000000000000044, 0.1000000000000000056 ) ) ;
#1004 = LINE ( 'NONE', #1529, #993 ) ;
#1005 = ORIENTED_EDGE ( 'NONE', *, *, #1077, .F. ) ;
#1006 = EDGE_CURVE ( 'NONE', #421, #62, #1270, .T. ) ;
#1007 = ORIENTED_EDGE ( 'NONE', *, *, #1399, .T. ) ;
#1008 = CARTESIAN_POINT ( 'NONE',  ( 3.299999999999999822, -1.500000000000000000, 0.0000000000000000000 ) ) ;
#1009 = EDGE_CURVE ( 'NONE', #319, #1320, #1023, .T. ) ;
#1010 = DIRECTION ( 'NONE',  ( -9.251858538542969116E-17, 1.000000000000000000, 0.0000000000000000000 ) ) ;
#1011 = CARTESIAN_POINT ( 'NONE',  ( -3.299999999999999822, 1.600000000000000089, 0.1000000000000000056 ) ) ;
#1012 = CARTESIAN_POINT ( 'NONE',  ( -2.550000000000000266, -2.775557561562889872E-16, 0.0000000000000000000 ) ) ;
#1013 = AXIS2_PLACEMENT_3D ( 'NONE', #1424, #1447, #488 ) ;
#1014 = ORIENTED_EDGE ( 'NONE', *, *, #1594, .F. ) ;
#1015 = AXIS2_PLACEMENT_3D ( 'NONE', #1482, #259, #805 ) ;
#1016 = AXIS2_PLACEMENT_3D ( 'NONE', #101, #1161, #906 ) ;
#1017 = LINE ( 'NONE', #1676, #566 ) ;
#1018 = AXIS2_PLACEMENT_3D ( 'NONE', #900, #1319, #1185 ) ;
#1019 = AXIS2_PLACEMENT_3D ( 'NONE', #489, #1030, #898 ) ;
#1020 = EDGE_CURVE ( 'NONE', #1367, #816, #765, .T. ) ;
#1021 = FACE_OUTER_BOUND ( 'NONE', #1590, .T. ) ;
#1022 = CARTESIAN_POINT ( 'NONE',  ( -2.799999999999999822, 3.100000000000000089, 3.000000000000000000 ) ) ;
#1023 = LINE ( 'NONE', #1402, #509 ) ;
#1024 = CARTESIAN_POINT ( 'NONE',  ( -3.299999999999999822, 3.600000000000000089, 0.0000000000000000000 ) ) ;
#1025 = ORIENTED_EDGE ( 'NONE', *, *, #467, .T. ) ;
#1026 = ORIENTED_EDGE ( 'NONE', *, *, #1674, .F. ) ;
#1027 = CARTESIAN_POINT ( 'NONE',  ( -3.200000000000000178, 1.500000000000000000, 0.0000000000000000000 ) ) ;
#1028 = DIRECTION ( 'NONE',  ( 0.0000000000000000000, -1.000000000000000000, 0.0000000000000000000 ) ) ;
#1029 = CARTESIAN_POINT ( 'NONE',  ( -3.299999999999999822, -1.600000000000000089, 0.0000000000000000000 ) ) ;
#1030 = DIRECTION ( 'NONE',  ( 0.0000000000000000000, -1.000000000000000000, 0.0000000000000000000 ) ) ;
#1031 = LINE ( 'NONE', #1426, #218 ) ;
#1032 = ORIENTED_EDGE ( 'NONE', *, *, #1188, .T. ) ;
#1033 = ORIENTED_EDGE ( 'NONE', *, *, #360, .T. ) ;
#1034 = LINE ( 'NONE', #1176, #1046 ) ;
#1035 = DIRECTION ( 'NONE',  ( -0.7071067811865475727, 0.7071067811865475727, 0.0000000000000000000 ) ) ;
#1036 = CARTESIAN_POINT ( 'NONE',  ( -4.799999999999999822, -1.500000000000000000, 0.1000000000000000056 ) ) ;
#1037 = DIRECTION ( 'NONE',  ( 1.000000000000000000, 0.0000000000000000000, 0.0000000000000000000 ) ) ;
#1038 = DIRECTION ( 'NONE',  ( 0.0000000000000000000, -1.000000000000000000, 0.0000000000000000000 ) ) ;
#1039 = DIRECTION ( 'NONE',  ( -1.000000000000000000, 0.0000000000000000000, 0.0000000000000000000 ) ) ;
#1040 = EDGE_CURVE ( 'NONE', #1310, #1112, #1746, .T. ) ;
#1041 = VERTEX_POINT ( 'NONE', #1649 ) ;
#1042 = ORIENTED_EDGE ( 'NONE', *, *, #614, .F. ) ;
#1043 = PLANE ( 'NONE',  #194 ) ;
#1044 = VECTOR ( 'NONE', #213, 1000.000000000000000 ) ;
#1045 = AXIS2_PLACEMENT_3D ( 'NONE', #1576, #648, #1304 ) ;
#1046 = VECTOR ( 'NONE', #1063, 1000.000000000000000 ) ;
#1047 = DIRECTION ( 'NONE',  ( 0.0000000000000000000, 0.0000000000000000000, -1.000000000000000000 ) ) ;
#1048 = CARTESIAN_POINT ( 'NONE',  ( -2.799999999999999822, -3.100000000000000089, 3.000000000000000000 ) ) ;
#1049 = CARTESIAN_POINT ( 'NONE',  ( 2.550000000000000266, -2.775557561562889872E-16, 0.1000000000000000056 ) ) ;
#1050 = LINE ( 'NONE', #67, #108 ) ;
#1051 = LINE ( 'NONE', #656, #1540 ) ;
#1052 = ORIENTED_EDGE ( 'NONE', *, *, #1642, .F. ) ;
#1053 = EDGE_CURVE ( 'NONE', #144, #1246, #1407, .T. ) ;
#1054 = EDGE_CURVE ( 'NONE', #816, #1722, #889, .T. ) ;
#1055 = CARTESIAN_POINT ( 'NONE',  ( -2.799999999999999822, 3.600000000000000089, 0.0000000000000000000 ) ) ;
#1056 = ORIENTED_EDGE ( 'NONE', *, *, #1610, .F. ) ;
#1057 = FACE_OUTER_BOUND ( 'NONE', #1300, .T. ) ;
#1058 = DIRECTION ( 'NONE',  ( -1.000000000000000000, 0.0000000000000000000, 0.0000000000000000000 ) ) ;
#1059 = DIRECTION ( 'NONE',  ( 0.0000000000000000000, -1.000000000000000000, 0.0000000000000000000 ) ) ;
#1060 = ORIENTED_EDGE ( 'NONE', *, *, #428, .T. ) ;
#1061 = ORIENTED_EDGE ( 'NONE', *, *, #1271, .F. ) ;
#1062 = ADVANCED_FACE ( 'NONE', ( #471 ), #51, .T. ) ;
#1063 = DIRECTION ( 'NONE',  ( 0.0000000000000000000, 0.0000000000000000000, 1.000000000000000000 ) ) ;
#1064 = EDGE_CURVE ( 'NONE', #325, #1662, #1131, .T. ) ;
#1065 = LINE ( 'NONE', #1086, #1178 ) ;
#1066 = CARTESIAN_POINT ( 'NONE',  ( -1.699999999999999956, -1.600000000000000089, 0.0000000000000000000 ) ) ;
#1067 = FACE_OUTER_BOUND ( 'NONE', #1406, .T. ) ;
#1068 = CARTESIAN_POINT ( 'NONE',  ( 3.100000000000000089, 1.500000000000000000, 0.2000000000000000111 ) ) ;
#1069 = ORIENTED_EDGE ( 'NONE', *, *, #1115, .T. ) ;
#1070 = ORIENTED_EDGE ( 'NONE', *, *, #1054, .F. ) ;
#1071 = LINE ( 'NONE', #692, #1514 ) ;
#1072 = ORIENTED_EDGE ( 'NONE', *, *, #866, .F. ) ;
#1073 = VECTOR ( 'NONE', #240, 1000.000000000000000 ) ;
#1074 = DIRECTION ( 'NONE',  ( 0.0000000000000000000, -1.000000000000000000, 0.0000000000000000000 ) ) ;
#1075 = VECTOR ( 'NONE', #522, 1000.000000000000000 ) ;
#1076 = EDGE_CURVE ( 'NONE', #1336, #606, #1004, .T. ) ;
#1077 = EDGE_CURVE ( 'NONE', #144, #646, #1658, .T. ) ;
#1078 = DIRECTION ( 'NONE',  ( 0.7071067811865475727, 0.7071067811865475727, 0.0000000000000000000 ) ) ;
#1079 = VECTOR ( 'NONE', #113, 1000.000000000000000 ) ;
#1080 = PLANE ( 'NONE',  #503 ) ;
#1081 = DIRECTION ( 'NONE',  ( 0.7071067811865481278, 0.0000000000000000000, -0.7071067811865467956 ) ) ;
#1082 = ORIENTED_EDGE ( 'NONE', *, *, #1373, .F. ) ;
#1083 = EDGE_LOOP ( 'NONE', ( #1105, #865, #975, #1264 ) ) ;
#1084 = DIRECTION ( 'NONE',  ( 0.7071067811865475727, -0.7071067811865475727, 0.0000000000000000000 ) ) ;
#1085 = VERTEX_POINT ( 'NONE', #1549 ) ;
#1086 = CARTESIAN_POINT ( 'NONE',  ( -3.299999999999999822, -0.7500000000000000000, 0.2000000000000000111 ) ) ;
#1087 = EDGE_CURVE ( 'NONE', #314, #207, #1416, .T. ) ;
#1088 = DIRECTION ( 'NONE',  ( 0.0000000000000000000, -1.000000000000000000, 0.0000000000000000000 ) ) ;
#1089 = ORIENTED_EDGE ( 'NONE', *, *, #915, .F. ) ;
#1090 = CARTESIAN_POINT ( 'NONE',  ( -1.699999999999999956, -1.600000000000000089, 0.1000000000000000056 ) ) ;
#1091 = ORIENTED_EDGE ( 'NONE', *, *, #487, .T. ) ;
#1092 = DIRECTION ( 'NONE',  ( -1.000000000000000000, 0.0000000000000000000, 0.0000000000000000000 ) ) ;
#1093 = PLANE ( 'NONE',  #762 ) ;
#1094 = LINE ( 'NONE', #1638, #1148 ) ;
#1095 = SURFACE_STYLE_FILL_AREA ( #558 ) ;
#1096 = ADVANCED_FACE ( 'NONE', ( #316 ), #260, .F. ) ;
#1097 = EDGE_CURVE ( 'NONE', #1480, #302, #85, .T. ) ;
#1098 = ORIENTED_EDGE ( 'NONE', *, *, #567, .T. ) ;
#1099 = FACE_OUTER_BOUND ( 'NONE', #758, .T. ) ;
#1100 = VECTOR ( 'NONE', #278, 1000.000000000000000 ) ;
#1101 = AXIS2_PLACEMENT_3D ( 'NONE', #927, #396, #1203 ) ;
#1102 = AXIS2_PLACEMENT_3D ( 'NONE', #146, #961, #1364 ) ;
#1103 = AXIS2_PLACEMENT_3D ( 'NONE', #266, #943, #412 ) ;
#1104 = CIRCLE ( 'NONE', #143, 0.5000000000000000000 ) ;
#1105 = ORIENTED_EDGE ( 'NONE', *, *, #247, .F. ) ;
#1106 = EDGE_CURVE ( 'NONE', #926, #1445, #357, .T. ) ;
#1107 = ORIENTED_EDGE ( 'NONE', *, *, #1505, .F. ) ;
#1108 =( LENGTH_UNIT ( ) NAMED_UNIT ( * ) SI_UNIT ( .MILLI., .METRE. ) );
#1109 = ORIENTED_EDGE ( 'NONE', *, *, #830, .F. ) ;
#1110 = CARTESIAN_POINT ( 'NONE',  ( 1.800000000000000044, -1.500000000000000000, 0.1000000000000000056 ) ) ;
#1111 = PRESENTATION_STYLE_ASSIGNMENT (( #25 ) ) ;
#1112 = VERTEX_POINT ( 'NONE', #1598 ) ;
#1113 = EDGE_LOOP ( 'NONE', ( #1142, #1360, #97, #1633 ) ) ;
#1114 = DIRECTION ( 'NONE',  ( 1.000000000000000000, 0.0000000000000000000, 0.0000000000000000000 ) ) ;
#1115 = EDGE_CURVE ( 'NONE', #186, #1347, #1316, .T. ) ;
#1116 = EDGE_LOOP ( 'NONE', ( #1032, #225, #1617, #1396 ) ) ;
#1117 = LINE ( 'NONE', #1110, #562 ) ;
#1118 = CARTESIAN_POINT ( 'NONE',  ( 3.100000000000000089, 0.7500000000000000000, 0.1000000000000000056 ) ) ;
#1119 = ORIENTED_EDGE ( 'NONE', *, *, #1006, .F. ) ;
#1120 = ORIENTED_EDGE ( 'NONE', *, *, #1006, .T. ) ;
#1121 = ADVANCED_FACE ( 'NONE', ( #495 ), #524, .T. ) ;
#1122 = DIRECTION ( 'NONE',  ( 0.0000000000000000000, 1.000000000000000000, 0.0000000000000000000 ) ) ;
#1123 = DIRECTION ( 'NONE',  ( -0.7071067811865475727, -0.7071067811865475727, 0.0000000000000000000 ) ) ;
#1124 = VECTOR ( 'NONE', #1269, 1000.000000000000000 ) ;
#1125 = MECHANICAL_DESIGN_GEOMETRIC_PRESENTATION_REPRESENTATION (  '', ( #1463 ), #654 ) ;
#1126 = ORIENTED_EDGE ( 'NONE', *, *, #628, .T. ) ;
#1127 = AXIS2_PLACEMENT_3D ( 'NONE', #998, #729, #579 ) ;
#1128 = ORIENTED_EDGE ( 'NONE', *, *, #710, .T. ) ;
#1129 = CARTESIAN_POINT ( 'NONE',  ( 2.799999999999999822, 3.600000000000000089, 0.0000000000000000000 ) ) ;
#1130 = CARTESIAN_POINT ( 'NONE',  ( -3.200000000000000178, -1.500000000000000000, 0.2000000000000000111 ) ) ;
#1131 = LINE ( 'NONE', #66, #373 ) ;
#1132 = EDGE_CURVE ( 'NONE', #1518, #1668, #1566, .T. ) ;
#1133 = ORIENTED_EDGE ( 'NONE', *, *, #834, .T. ) ;
#1134 = ORIENTED_EDGE ( 'NONE', *, *, #288, .T. ) ;
#1135 = CARTESIAN_POINT ( 'NONE',  ( 1.699999999999999956, -1.600000000000000089, 0.0000000000000000000 ) ) ;
#1136 = CARTESIAN_POINT ( 'NONE',  ( 1.800000000000000044, 1.500000000000000000, 0.0000000000000000000 ) ) ;
#1137 = PLANE ( 'NONE',  #1489 ) ;
#1138 = DIRECTION ( 'NONE',  ( 0.7071067811865482389, 0.0000000000000000000, -0.7071067811865466846 ) ) ;
#1139 = EDGE_LOOP ( 'NONE', ( #672, #644, #716, #987 ) ) ;
#1140 = EDGE_CURVE ( 'NONE', #402, #1245, #1183, .T. ) ;
#1141 = EDGE_CURVE ( 'NONE', #1607, #1387, #1716, .T. ) ;
#1142 = ORIENTED_EDGE ( 'NONE', *, *, #1064, .F. ) ;
#1143 = DIRECTION ( 'NONE',  ( 0.0000000000000000000, 1.000000000000000000, 0.0000000000000000000 ) ) ;
#1144 = CARTESIAN_POINT ( 'NONE',  ( -1.800000000000000044, -1.500000000000000000, 0.0000000000000000000 ) ) ;
#1145 = DIRECTION ( 'NONE',  ( 0.0000000000000000000, 0.0000000000000000000, 1.000000000000000000 ) ) ;
#1146 = DIRECTION ( 'NONE',  ( 0.0000000000000000000, -1.000000000000000000, 0.0000000000000000000 ) ) ;
#1147 = DIRECTION ( 'NONE',  ( 0.7071067811865475727, 0.7071067811865475727, 0.0000000000000000000 ) ) ;
#1148 = VECTOR ( 'NONE', #1195, 1000.000000000000000 ) ;
#1149 = VERTEX_POINT ( 'NONE', #1194 ) ;
#1150 = CIRCLE ( 'NONE', #426, 0.1000000000000000472 ) ;
#1151 = ORIENTED_EDGE ( 'NONE', *, *, #1272, .F. ) ;
#1152 = CARTESIAN_POINT ( 'NONE',  ( 2.799999999999999822, 3.600000000000000089, 0.0000000000000000000 ) ) ;
#1153 = AXIS2_PLACEMENT_3D ( 'NONE', #256, #804, #1453 ) ;
#1154 = DIRECTION ( 'NONE',  ( 0.0000000000000000000, 1.000000000000000000, 0.0000000000000000000 ) ) ;
#1155 = FACE_OUTER_BOUND ( 'NONE', #1390, .T. ) ;
#1156 = FACE_OUTER_BOUND ( 'NONE', #1113, .T. ) ;
#1157 = DIRECTION ( 'NONE',  ( -1.000000000000000000, 0.0000000000000000000, 0.0000000000000000000 ) ) ;
#1158 = VERTEX_POINT ( 'NONE', #117 ) ;
#1159 = ORIENTED_EDGE ( 'NONE', *, *, #508, .F. ) ;
#1160 = DIRECTION ( 'NONE',  ( 0.0000000000000000000, -1.000000000000000000, 0.0000000000000000000 ) ) ;
#1161 = DIRECTION ( 'NONE',  ( -0.0000000000000000000, 1.000000000000000000, 0.0000000000000000000 ) ) ;
#1162 = ADVANCED_FACE ( 'NONE', ( #1156 ), #666, .F. ) ;
#1163 = DIRECTION ( 'NONE',  ( 1.000000000000000000, 0.0000000000000000000, 0.0000000000000000000 ) ) ;
#1164 = FACE_OUTER_BOUND ( 'NONE', #1083, .T. ) ;
#1165 = DIRECTION ( 'NONE',  ( 0.0000000000000000000, 0.0000000000000000000, 1.000000000000000000 ) ) ;
#1166 = VERTEX_POINT ( 'NONE', #1284 ) ;
#1167 = ORIENTED_EDGE ( 'NONE', *, *, #605, .T. ) ;
#1168 = FACE_OUTER_BOUND ( 'NONE', #607, .T. ) ;
#1169 = DIRECTION ( 'NONE',  ( 0.0000000000000000000, 0.0000000000000000000, 1.000000000000000000 ) ) ;
#1170 = CARTESIAN_POINT ( 'NONE',  ( 3.299999999999999822, 1.600000000000000089, 0.0000000000000000000 ) ) ;
#1171 = CARTESIAN_POINT ( 'NONE',  ( -1.699999999999999956, -1.600000000000000089, 0.1000000000000000056 ) ) ;
#1172 = CARTESIAN_POINT ( 'NONE',  ( -3.299999999999999822, -1.600000000000000089, 0.1000000000000000056 ) ) ;
#1173 = ORIENTED_EDGE ( 'NONE', *, *, #1641, .F. ) ;
#1174 = VECTOR ( 'NONE', #1672, 1000.000000000000000 ) ;
#1175 = ORIENTED_EDGE ( 'NONE', *, *, #747, .F. ) ;
#1176 = CARTESIAN_POINT ( 'NONE',  ( 1.699999999999999956, -1.600000000000000089, 0.0000000000000000000 ) ) ;
#1177 = AXIS2_PLACEMENT_3D ( 'NONE', #297, #1515, #50 ) ;
#1178 = VECTOR ( 'NONE', #844, 1000.000000000000000 ) ;
#1179 = CIRCLE ( 'NONE', #1604, 0.5000000000000000000 ) ;
#1180 = ORIENTED_EDGE ( 'NONE', *, *, #418, .T. ) ;
#1181 = CARTESIAN_POINT ( 'NONE',  ( 3.299999999999999822, -1.500000000000000000, 0.0000000000000000000 ) ) ;
#1182 = DIRECTION ( 'NONE',  ( -0.7071067811865475727, 0.7071067811865475727, 0.0000000000000000000 ) ) ;
#1183 = LINE ( 'NONE', #1719, #1493 ) ;
#1184 = CARTESIAN_POINT ( 'NONE',  ( -3.153553390593273775, 3.453553390593273598, 0.0000000000000000000 ) ) ;
#1185 = DIRECTION ( 'NONE',  ( 1.000000000000000000, 0.0000000000000000000, 0.0000000000000000000 ) ) ;
#1186 = EDGE_CURVE ( 'NONE', #1408, #1472, #657, .T. ) ;
#1187 = PLANE ( 'NONE',  #1234 ) ;
#1188 = EDGE_CURVE ( 'NONE', #1211, #926, #24, .T. ) ;
#1189 = ORIENTED_EDGE ( 'NONE', *, *, #882, .T. ) ;
#1190 = LINE ( 'NONE', #520, #1432 ) ;
#1191 = CARTESIAN_POINT ( 'NONE',  ( 3.200000000000000178, 1.500000000000000000, 1.500000000000000000 ) ) ;
#1192 = UNCERTAINTY_MEASURE_WITH_UNIT (LENGTH_MEASURE( 1.000000000000000082E-05 ), #1366, 'distance_accuracy_value', 'NONE');
#1193 = FACE_OUTER_BOUND ( 'NONE', #932, .T. ) ;
#1194 = CARTESIAN_POINT ( 'NONE',  ( -3.241421356237309759, -1.500000000000000000, 0.05857864376269063950 ) ) ;
#1195 = DIRECTION ( 'NONE',  ( 0.0000000000000000000, 0.0000000000000000000, -1.000000000000000000 ) ) ;
#1196 = LINE ( 'NONE', #633, #1263 ) ;
#1197 = EDGE_LOOP ( 'NONE', ( #1098, #554, #1551, #411, #705, #893, #720, #803, #1052, #267, #1421, #306 ) ) ;
#1198 = VERTEX_POINT ( 'NONE', #1704 ) ;
#1199 = CARTESIAN_POINT ( 'NONE',  ( -2.799999999999999822, -3.600000000000000089, 0.0000000000000000000 ) ) ;
#1200 = ADVANCED_FACE ( 'NONE', ( #1556 ), #1297, .T. ) ;
#1201 = EDGE_CURVE ( 'NONE', #1347, #670, #1438, .T. ) ;
#1202 = EDGE_LOOP ( 'NONE', ( #913, #719, #885, #1026 ) ) ;
#1203 = DIRECTION ( 'NONE',  ( 0.7071067811865475727, -0.7071067811865475727, 0.0000000000000000000 ) ) ;
#1204 = CARTESIAN_POINT ( 'NONE',  ( 1.699999999999999956, 1.600000000000000089, 0.0000000000000000000 ) ) ;
#1205 = DIRECTION ( 'NONE',  ( -0.7071067811865482389, 0.0000000000000000000, -0.7071067811865466846 ) ) ;
#1206 = CARTESIAN_POINT ( 'NONE',  ( -1.675000000000000044, -1.600000000000000089, 0.0000000000000000000 ) ) ;
#1207 = ORIENTED_EDGE ( 'NONE', *, *, #317, .T. ) ;
#1208 = ORIENTED_EDGE ( 'NONE', *, *, #1087, .T. ) ;
#1209 = DIRECTION ( 'NONE',  ( 0.0000000000000000000, 0.0000000000000000000, -1.000000000000000000 ) ) ;
#1210 = ADVANCED_FACE ( 'NONE', ( #776 ), #505, .T. ) ;
#1211 = VERTEX_POINT ( 'NONE', #22 ) ;
#1212 = VECTOR ( 'NONE', #1418, 1000.000000000000000 ) ;
#1213 = CARTESIAN_POINT ( 'NONE',  ( 1.699999999999999956, 0.8000000000000000444, 0.0000000000000000000 ) ) ;
#1214 = AXIS2_PLACEMENT_3D ( 'NONE', #1664, #463, #1534 ) ;
#1215 = AXIS2_PLACEMENT_3D ( 'NONE', #1471, #812, #1343 ) ;
#1216 = VECTOR ( 'NONE', #786, 1000.000000000000000 ) ;
#1217 = CARTESIAN_POINT ( 'NONE',  ( 3.200000000000000178, -1.500000000000000000, 1.500000000000000000 ) ) ;
#1218 = DIRECTION ( 'NONE',  ( 1.000000000000000000, 0.0000000000000000000, 0.0000000000000000000 ) ) ;
#1219 = ORIENTED_EDGE ( 'NONE', *, *, #1053, .T. ) ;
#1220 = DIRECTION ( 'NONE',  ( 0.0000000000000000000, 1.000000000000000000, 0.0000000000000000000 ) ) ;
#1221 = ORIENTED_EDGE ( 'NONE', *, *, #682, .F. ) ;
#1222 = CARTESIAN_POINT ( 'NONE',  ( -1.800000000000000044, -1.500000000000000000, 0.0000000000000000000 ) ) ;
#1223 = EDGE_CURVE ( 'NONE', #634, #678, #1318, .T. ) ;
#1224 = CARTESIAN_POINT ( 'NONE',  ( -3.299999999999999822, 1.500000000000000000, 1.500000000000000000 ) ) ;
#1225 = PRODUCT_DEFINITION_SHAPE ( 'NONE', 'NONE',  #695 ) ;
#1226 = ORIENTED_EDGE ( 'NONE', *, *, #704, .T. ) ;
#1227 = EDGE_LOOP ( 'NONE', ( #155, #1133, #156, #253 ) ) ;
#1228 = CARTESIAN_POINT ( 'NONE',  ( -3.200000000000000178, 0.7500000000000000000, 0.1000000000000000056 ) ) ;
#1229 = CARTESIAN_POINT ( 'NONE',  ( 1.800000000000000044, -1.500000000000000000, 0.1000000000000000056 ) ) ;
#1230 =( NAMED_UNIT ( * ) PLANE_ANGLE_UNIT ( ) SI_UNIT ( $, .RADIAN. ) );
#1231 = ORIENTED_EDGE ( 'NONE', *, *, #417, .F. ) ;
#1232 = ORIENTED_EDGE ( 'NONE', *, *, #47, .T. ) ;
#1233 = AXIS2_PLACEMENT_3D ( 'NONE', #1048, #1535, #630 ) ;
#1234 = AXIS2_PLACEMENT_3D ( 'NONE', #802, #393, #1333 ) ;
#1235 = COLOUR_RGB ( '',0.9843137254901960231, 0.9803921568627450567, 0.9607843137254902244 ) ;
#1236 = DIRECTION ( 'NONE',  ( 0.0000000000000000000, 0.0000000000000000000, 1.000000000000000000 ) ) ;
#1237 = CARTESIAN_POINT ( 'NONE',  ( 3.200000000000000178, 1.500000000000000000, 1.500000000000000000 ) ) ;
#1238 = VECTOR ( 'NONE', #1574, 1000.000000000000000 ) ;
#1239 = VECTOR ( 'NONE', #767, 1000.000000000000000 ) ;
#1240 = VERTEX_POINT ( 'NONE', #222 ) ;
#1241 = EDGE_CURVE ( 'NONE', #1607, #1472, #787, .T. ) ;
#1242 = ORIENTED_EDGE ( 'NONE', *, *, #228, .F. ) ;
#1243 = DIRECTION ( 'NONE',  ( 1.000000000000000000, 0.0000000000000000000, 0.0000000000000000000 ) ) ;
#1244 = ORIENTED_EDGE ( 'NONE', *, *, #1332, .T. ) ;
#1245 = VERTEX_POINT ( 'NONE', #655 ) ;
#1246 = VERTEX_POINT ( 'NONE', #490 ) ;
#1247 = EDGE_CURVE ( 'NONE', #1586, #1112, #624, .T. ) ;
#1248 = ADVANCED_FACE ( 'NONE', ( #380 ), #350, .T. ) ;
#1249 = FILL_AREA_STYLE_COLOUR ( '', #1235 ) ;
#1250 = PRESENTATION_STYLE_ASSIGNMENT (( #176 ) ) ;
#1251 = CARTESIAN_POINT ( 'NONE',  ( -2.799999999999999822, -3.600000000000000089, 0.0000000000000000000 ) ) ;
#1252 = DIRECTION ( 'NONE',  ( 0.0000000000000000000, 0.0000000000000000000, -1.000000000000000000 ) ) ;
#1253 = FACE_OUTER_BOUND ( 'NONE', #255, .T. ) ;
#1254 = ORIENTED_EDGE ( 'NONE', *, *, #1076, .T. ) ;
#1255 = ORIENTED_EDGE ( 'NONE', *, *, #1661, .F. ) ;
#1256 = EDGE_CURVE ( 'NONE', #1273, #62, #358, .T. ) ;
#1257 = PLANE ( 'NONE',  #1681 ) ;
#1258 = CARTESIAN_POINT ( 'NONE',  ( 3.299999999999999822, 1.500000000000000000, 0.2000000000000000111 ) ) ;
#1259 = DIRECTION ( 'NONE',  ( 0.0000000000000000000, 0.0000000000000000000, -1.000000000000000000 ) ) ;
#1260 = AXIS2_PLACEMENT_3D ( 'NONE', #1738, #1346, #686 ) ;
#1261 = AXIS2_PLACEMENT_3D ( 'NONE', #952, #1481, #1243 ) ;
#1262 = AXIS2_PLACEMENT_3D ( 'NONE', #979, #31, #445 ) ;
#1263 = VECTOR ( 'NONE', #233, 1000.000000000000000 ) ;
#1264 = ORIENTED_EDGE ( 'NONE', *, *, #204, .F. ) ;
#1265 = VECTOR ( 'NONE', #103, 1000.000000000000000 ) ;
#1266 = ORIENTED_EDGE ( 'NONE', *, *, #81, .T. ) ;
#1267 = CARTESIAN_POINT ( 'NONE',  ( -3.299999999999999822, -1.800000000000000044, 1.500000000000000000 ) ) ;
#1268 = DIRECTION ( 'NONE',  ( 0.0000000000000000000, 0.0000000000000000000, 1.000000000000000000 ) ) ;
#1269 = DIRECTION ( 'NONE',  ( -1.000000000000000000, 0.0000000000000000000, 0.0000000000000000000 ) ) ;
#1270 = LINE ( 'NONE', #604, #1293 ) ;
#1271 = EDGE_CURVE ( 'NONE', #1614, #1310, #1031, .T. ) ;
#1272 = EDGE_CURVE ( 'NONE', #374, #968, #517, .T. ) ;
#1273 = VERTEX_POINT ( 'NONE', #1412 ) ;
#1274 = ORIENTED_EDGE ( 'NONE', *, *, #925, .T. ) ;
#1275 = CARTESIAN_POINT ( 'NONE',  ( -1.800000000000000044, -1.500000000000000000, 0.0000000000000000000 ) ) ;
#1276 = CARTESIAN_POINT ( 'NONE',  ( -3.200000000000000178, 0.7500000000000000000, 0.2000000000000000111 ) ) ;
#1277 = LINE ( 'NONE', #211, #792 ) ;
#1278 = CARTESIAN_POINT ( 'NONE',  ( 3.100000000000000089, 1.500000000000000000, 0.2000000000000000111 ) ) ;
#1279 = CARTESIAN_POINT ( 'NONE',  ( 3.299999999999999822, -1.600000000000000089, 0.1000000000000000056 ) ) ;
#1280 = ORIENTED_EDGE ( 'NONE', *, *, #288, .F. ) ;
#1281 = ORIENTED_EDGE ( 'NONE', *, *, #1631, .T. ) ;
#1282 = FACE_OUTER_BOUND ( 'NONE', #110, .T. ) ;
#1283 = CARTESIAN_POINT ( 'NONE',  ( -3.299999999999999822, -1.500000000000000000, 0.0000000000000000000 ) ) ;
#1284 = CARTESIAN_POINT ( 'NONE',  ( -1.699999999999999956, 1.600000000000000089, 0.1000000000000000056 ) ) ;
#1285 = CLOSED_SHELL ( 'NONE', ( #1351, #1667, #173, #142, #1734, #1709, #160, #1456, #205, #658, #1200, #181, #1121, #38, #6, #153, #496, #1629, #1731, #336, #28, #1314, #133, #810, #999, #1611, #1506, #1677, #1384, #561 ) ) ;
#1286 = CARTESIAN_POINT ( 'NONE',  ( 1.699999999999999956, -1.600000000000000089, 0.1000000000000000056 ) ) ;
#1287 = AXIS2_PLACEMENT_3D ( 'NONE', #1727, #552, #676 ) ;
#1288 = VECTOR ( 'NONE', #478, 1000.000000000000000 ) ;
#1289 = EDGE_LOOP ( 'NONE', ( #635, #547, #1644, #1056 ) ) ;
#1290 =( GEOMETRIC_REPRESENTATION_CONTEXT ( 3 ) GLOBAL_UNCERTAINTY_ASSIGNED_CONTEXT ( ( #1736 ) ) GLOBAL_UNIT_ASSIGNED_CONTEXT ( ( #674, #946, #1597 ) ) REPRESENTATION_CONTEXT ( 'NONE', 'WORKASPACE' ) );
#1291 = CIRCLE ( 'NONE', #537, 0.5000000000000000000 ) ;
#1292 = DIRECTION ( 'NONE',  ( 0.0000000000000000000, 0.0000000000000000000, -1.000000000000000000 ) ) ;
#1293 = VECTOR ( 'NONE', #586, 1000.000000000000000 ) ;
#1294 = EDGE_CURVE ( 'NONE', #443, #34, #1567, .T. ) ;
#1295 = DIRECTION ( 'NONE',  ( 1.000000000000000000, 0.0000000000000000000, 0.0000000000000000000 ) ) ;
#1296 = DIRECTION ( 'NONE',  ( 0.0000000000000000000, 1.000000000000000000, 0.0000000000000000000 ) ) ;
#1297 = PLANE ( 'NONE',  #257 ) ;
#1298 = CARTESIAN_POINT ( 'NONE',  ( 2.475000000000000089, 1.600000000000000089, 0.0000000000000000000 ) ) ;
#1299 = DIRECTION ( 'NONE',  ( 1.000000000000000000, 0.0000000000000000000, 0.0000000000000000000 ) ) ;
#1300 = EDGE_LOOP ( 'NONE', ( #831, #1504, #386, #1189 ) ) ;
#1301 = ORIENTED_EDGE ( 'NONE', *, *, #575, .F. ) ;
#1302 = PLANE ( 'NONE',  #430 ) ;
#1303 = EDGE_CURVE ( 'NONE', #1747, #1166, #746, .T. ) ;
#1304 = DIRECTION ( 'NONE',  ( 0.7071067811865482389, 0.0000000000000000000, -0.7071067811865466846 ) ) ;
#1305 = CARTESIAN_POINT ( 'NONE',  ( -3.153553390593273775, -3.453553390593273598, 3.000000000000000000 ) ) ;
#1306 = CARTESIAN_POINT ( 'NONE',  ( 3.100000000000000089, 0.7500000000000000000, 0.2000000000000000111 ) ) ;
#1307 = DIRECTION ( 'NONE',  ( 0.0000000000000000000, 0.0000000000000000000, 1.000000000000000000 ) ) ;
#1308 = DIRECTION ( 'NONE',  ( 1.000000000000000000, 0.0000000000000000000, 0.0000000000000000000 ) ) ;
#1309 = VERTEX_POINT ( 'NONE', #95 ) ;
#1310 = VERTEX_POINT ( 'NONE', #632 ) ;
#1311 = LINE ( 'NONE', #1563, #479 ) ;
#1312 = ORIENTED_EDGE ( 'NONE', *, *, #69, .T. ) ;
#1313 = LINE ( 'NONE', #935, #1605 ) ;
#1314 = ADVANCED_FACE ( 'NONE', ( #1164 ), #1697, .F. ) ;
#1315 = DIRECTION ( 'NONE',  ( 1.000000000000000000, 0.0000000000000000000, 0.0000000000000000000 ) ) ;
#1316 = LINE ( 'NONE', #1066, #1265 ) ;
#1317 = ADVANCED_FACE ( 'NONE', ( #777 ), #497, .F. ) ;
#1318 = LINE ( 'NONE', #1589, #618 ) ;
#1319 = DIRECTION ( 'NONE',  ( -0.0000000000000000000, 1.000000000000000000, 0.0000000000000000000 ) ) ;
#1320 = VERTEX_POINT ( 'NONE', #1449 ) ;
#1321 = VECTOR ( 'NONE', #159, 1000.000000000000000 ) ;
#1322 = FACE_OUTER_BOUND ( 'NONE', #1714, .T. ) ;
#1323 = VECTOR ( 'NONE', #106, 1000.000000000000000 ) ;
#1324 = VECTOR ( 'NONE', #1295, 1000.000000000000000 ) ;
#1325 = VECTOR ( 'NONE', #1209, 1000.000000000000000 ) ;
#1326 = ORIENTED_EDGE ( 'NONE', *, *, #1419, .F. ) ;
#1327 = CARTESIAN_POINT ( 'NONE',  ( -3.299999999999999822, 1.500000000000000000, 0.0000000000000000000 ) ) ;
#1328 = AXIS2_PLACEMENT_3D ( 'NONE', #1306, #390, #1457 ) ;
#1329 = CYLINDRICAL_SURFACE ( 'NONE', #140, 0.5000000000000000000 ) ;
#1330 = LINE ( 'NONE', #1620, #1653 ) ;
#1331 = CARTESIAN_POINT ( 'NONE',  ( 3.100000000000000089, -1.500000000000000000, 0.2000000000000000111 ) ) ;
#1332 = EDGE_CURVE ( 'NONE', #10, #949, #910, .T. ) ;
#1333 = DIRECTION ( 'NONE',  ( 0.0000000000000000000, 1.000000000000000000, 0.0000000000000000000 ) ) ;
#1334 = ORIENTED_EDGE ( 'NONE', *, *, #1132, .F. ) ;
#1335 = DIRECTION ( 'NONE',  ( 0.0000000000000000000, 0.0000000000000000000, 1.000000000000000000 ) ) ;
#1336 = VERTEX_POINT ( 'NONE', #1279 ) ;
#1337 = CYLINDRICAL_SURFACE ( 'NONE', #1101, 0.5000000000000000000 ) ;
#1338 = CARTESIAN_POINT ( 'NONE',  ( -1.699999999999999956, 1.600000000000000089, 0.0000000000000000000 ) ) ;
#1339 = DIRECTION ( 'NONE',  ( -1.000000000000000000, 0.0000000000000000000, 0.0000000000000000000 ) ) ;
#1340 = DIRECTION ( 'NONE',  ( 0.0000000000000000000, 1.000000000000000000, 0.0000000000000000000 ) ) ;
#1341 = EDGE_CURVE ( 'NONE', #88, #681, #1050, .T. ) ;
#1342 = EDGE_LOOP ( 'NONE', ( #1151, #361, #992, #845 ) ) ;
#1343 = DIRECTION ( 'NONE',  ( 0.0000000000000000000, -1.000000000000000000, 0.0000000000000000000 ) ) ;
#1344 = PLANE ( 'NONE',  #1491 ) ;
#1345 = FACE_OUTER_BOUND ( 'NONE', #1202, .T. ) ;
#1346 = DIRECTION ( 'NONE',  ( 0.0000000000000000000, -1.000000000000000000, 0.0000000000000000000 ) ) ;
#1347 = VERTEX_POINT ( 'NONE', #1171 ) ;
#1348 = ORIENTED_EDGE ( 'NONE', *, *, #867, .T. ) ;
#1349 = DIRECTION ( 'NONE',  ( 0.0000000000000000000, 1.000000000000000000, 0.0000000000000000000 ) ) ;
#1350 = ORIENTED_EDGE ( 'NONE', *, *, #1341, .F. ) ;
#1351 = ADVANCED_FACE ( 'NONE', ( #1706 ), #506, .T. ) ;
#1352 = AXIS2_PLACEMENT_3D ( 'NONE', #371, #754, #1038 ) ;
#1353 = DIRECTION ( 'NONE',  ( -0.0000000000000000000, 1.000000000000000000, 0.0000000000000000000 ) ) ;
#1354 = AXIS2_PLACEMENT_3D ( 'NONE', #46, #177, #183 ) ;
#1355 = LINE ( 'NONE', #696, #164 ) ;
#1356 = AXIS2_PLACEMENT_3D ( 'NONE', #72, #328, #1511 ) ;
#1357 = VECTOR ( 'NONE', #1475, 1000.000000000000000 ) ;
#1358 = DIRECTION ( 'NONE',  ( 0.0000000000000000000, 1.000000000000000000, 0.0000000000000000000 ) ) ;
#1359 = CARTESIAN_POINT ( 'NONE',  ( -3.100000000000000089, -0.7500000000000000000, 0.2000000000000000111 ) ) ;
#1360 = ORIENTED_EDGE ( 'NONE', *, *, #317, .F. ) ;
#1361 = VERTEX_POINT ( 'NONE', #1286 ) ;
#1362 = CARTESIAN_POINT ( 'NONE',  ( -2.799999999999999822, -3.600000000000000089, 3.000000000000000000 ) ) ;
#1363 = EDGE_CURVE ( 'NONE', #1361, #1336, #1682, .T. ) ;
#1364 = DIRECTION ( 'NONE',  ( -0.7071067811865475727, 0.7071067811865475727, 0.0000000000000000000 ) ) ;
#1365 = CARTESIAN_POINT ( 'NONE',  ( 3.299999999999999822, -3.600000000000000089, 0.0000000000000000000 ) ) ;
#1366 =( LENGTH_UNIT ( ) NAMED_UNIT ( * ) SI_UNIT ( .MILLI., .METRE. ) );
#1367 = VERTEX_POINT ( 'NONE', #77 ) ;
#1368 = ORIENTED_EDGE ( 'NONE', *, *, #1594, .T. ) ;
#1369 = PRESENTATION_STYLE_ASSIGNMENT (( #294 ) ) ;
#1370 = ADVANCED_FACE ( 'NONE', ( #1483 ), #806, .T. ) ;
#1371 = LINE ( 'NONE', #158, #795 ) ;
#1372 = CARTESIAN_POINT ( 'NONE',  ( -3.200000000000000178, 1.500000000000000000, 0.0000000000000000000 ) ) ;
#1373 = EDGE_CURVE ( 'NONE', #538, #421, #261, .T. ) ;
#1374 = EDGE_LOOP ( 'NONE', ( #163, #599, #483, #514 ) ) ;
#1375 = ORIENTED_EDGE ( 'NONE', *, *, #384, .F. ) ;
#1376 = DIRECTION ( 'NONE',  ( 0.0000000000000000000, -1.000000000000000000, 0.0000000000000000000 ) ) ;
#1377 = CIRCLE ( 'NONE', #1233, 0.5000000000000000000 ) ;
#1378 = ORIENTED_EDGE ( 'NONE', *, *, #272, .F. ) ;
#1379 = AXIS2_PLACEMENT_3D ( 'NONE', #1437, #423, #684 ) ;
#1380 = AXIS2_PLACEMENT_3D ( 'NONE', #1735, #1074, #116 ) ;
#1381 = CARTESIAN_POINT ( 'NONE',  ( 3.299999999999999822, 3.600000000000000089, 3.000000000000000000 ) ) ;
#1382 = DIRECTION ( 'NONE',  ( 0.7071067811865475727, -0.7071067811865475727, 0.0000000000000000000 ) ) ;
#1383 = VECTOR ( 'NONE', #1592, 1000.000000000000000 ) ;
#1384 = ADVANCED_FACE ( 'NONE', ( #127 ), #964, .T. ) ;
#1385 = ORIENTED_EDGE ( 'NONE', *, *, #1547, .F. ) ;
#1386 = VERTEX_POINT ( 'NONE', #1229 ) ;
#1387 = VERTEX_POINT ( 'NONE', #7 ) ;
#1388 = LINE ( 'NONE', #854, #1124 ) ;
#1389 = CARTESIAN_POINT ( 'NONE',  ( -3.200000000000000178, 1.500000000000000000, 0.2000000000000000111 ) ) ;
#1390 = EDGE_LOOP ( 'NONE', ( #1274, #1630, #1554, #1033 ) ) ;
#1391 = ORIENTED_EDGE ( 'NONE', *, *, #1040, .T. ) ;
#1392 = DIRECTION ( 'NONE',  ( -0.7071067811865481278, 0.0000000000000000000, -0.7071067811865467956 ) ) ;
#1393 = CARTESIAN_POINT ( 'NONE',  ( -3.299999999999999822, 3.600000000000000089, 3.000000000000000000 ) ) ;
#1394 = LINE ( 'NONE', #1411, #114 ) ;
#1395 = ORIENTED_EDGE ( 'NONE', *, *, #437, .T. ) ;
#1396 = ORIENTED_EDGE ( 'NONE', *, *, #956, .T. ) ;
#1397 = LINE ( 'NONE', #734, #735 ) ;
#1398 = EDGE_CURVE ( 'NONE', #293, #404, #162, .T. ) ;
#1399 = EDGE_CURVE ( 'NONE', #980, #383, #291, .T. ) ;
#1400 = DIRECTION ( 'NONE',  ( -0.7071067811865482389, 0.0000000000000000000, -0.7071067811865466846 ) ) ;
#1401 = UNCERTAINTY_MEASURE_WITH_UNIT (LENGTH_MEASURE( 1.000000000000000082E-05 ), #1108, 'distance_accuracy_value', 'NONE');
#1402 = CARTESIAN_POINT ( 'NONE',  ( -2.899999999999999911, 1.500000000000000000, 0.1000000000000000056 ) ) ;
#1403 = VECTOR ( 'NONE', #1163, 1000.000000000000000 ) ;
#1404 = PRESENTATION_LAYER_ASSIGNMENT (  '', '', ( #192 ) ) ;
#1405 = VECTOR ( 'NONE', #227, 1000.000000000000000 ) ;
#1406 = EDGE_LOOP ( 'NONE', ( #941, #923, #1469, #693 ) ) ;
#1407 = CIRCLE ( 'NONE', #1575, 0.2000000000000000666 ) ;
#1408 = VERTEX_POINT ( 'NONE', #557 ) ;
#1409 = FACE_OUTER_BOUND ( 'NONE', #352, .T. ) ;
#1410 = FACE_OUTER_BOUND ( 'NONE', #790, .T. ) ;
#1411 = CARTESIAN_POINT ( 'NONE',  ( -3.241421356237309759, -0.7500000000000000000, 0.05857864376269061174 ) ) ;
#1412 = CARTESIAN_POINT ( 'NONE',  ( 3.299999999999999822, 1.500000000000000000, 1.500000000000000000 ) ) ;
#1413 = ORIENTED_EDGE ( 'NONE', *, *, #978, .F. ) ;
#1414 = DIRECTION ( 'NONE',  ( 0.0000000000000000000, 0.0000000000000000000, -1.000000000000000000 ) ) ;
#1415 = LINE ( 'NONE', #341, #1601 ) ;
#1416 = LINE ( 'NONE', #988, #224 ) ;
#1417 = EDGE_CURVE ( 'NONE', #1149, #402, #1538, .T. ) ;
#1418 = DIRECTION ( 'NONE',  ( -1.000000000000000000, 0.0000000000000000000, 0.0000000000000000000 ) ) ;
#1419 = EDGE_CURVE ( 'NONE', #1041, #1524, #1094, .T. ) ;
#1420 = ORIENTED_EDGE ( 'NONE', *, *, #1674, .T. ) ;
#1421 = ORIENTED_EDGE ( 'NONE', *, *, #710, .F. ) ;
#1422 = DIRECTION ( 'NONE',  ( 0.0000000000000000000, 1.000000000000000000, 0.0000000000000000000 ) ) ;
#1423 = CARTESIAN_POINT ( 'NONE',  ( -2.799999999999999822, 3.100000000000000089, 0.0000000000000000000 ) ) ;
#1424 = CARTESIAN_POINT ( 'NONE',  ( -3.100000000000000089, -1.500000000000000000, 0.2000000000000000111 ) ) ;
#1425 = CARTESIAN_POINT ( 'NONE',  ( -2.500000000000000000, -2.775557561562889872E-16, 0.1000000000000000056 ) ) ;
#1426 = CARTESIAN_POINT ( 'NONE',  ( -3.153553390593273775, -3.453553390593273598, 0.0000000000000000000 ) ) ;
#1427 = LINE ( 'NONE', #107, #1683 ) ;
#1428 = VECTOR ( 'NONE', #1550, 1000.000000000000000 ) ;
#1429 = AXIS2_PLACEMENT_3D ( 'NONE', #1423, #238, #1035 ) ;
#1430 = EDGE_LOOP ( 'NONE', ( #771, #1025, #573, #1107 ) ) ;
#1431 = ADVANCED_FACE ( 'NONE', ( #815 ), #1628, .F. ) ;
#1432 = VECTOR ( 'NONE', #123, 1000.000000000000000 ) ;
#1433 = EDGE_LOOP ( 'NONE', ( #1226, #1128, #466, #984 ) ) ;
#1434 = DIRECTION ( 'NONE',  ( 0.0000000000000000000, -1.000000000000000000, 0.0000000000000000000 ) ) ;
#1435 = VECTOR ( 'NONE', #8, 1000.000000000000000 ) ;
#1436 = DIRECTION ( 'NONE',  ( 0.0000000000000000000, -1.000000000000000000, 0.0000000000000000000 ) ) ;
#1437 = CARTESIAN_POINT ( 'NONE',  ( 2.799999999999999822, -3.100000000000000089, 0.0000000000000000000 ) ) ;
#1438 = LINE ( 'NONE', #231, #1239 ) ;
#1439 = CARTESIAN_POINT ( 'NONE',  ( -3.299999999999999822, 1.500000000000000000, 1.500000000000000000 ) ) ;
#1440 = CARTESIAN_POINT ( 'NONE',  ( 3.250000000000000000, 0.0000000000000000000, 1.500000000000000000 ) ) ;
#1441 = ORIENTED_EDGE ( 'NONE', *, *, #1040, .F. ) ;
#1442 = ORIENTED_EDGE ( 'NONE', *, *, #971, .F. ) ;
#1443 = EDGE_CURVE ( 'NONE', #325, #1530, #338, .T. ) ;
#1444 = CARTESIAN_POINT ( 'NONE',  ( -4.799999999999999822, -1.500000000000000000, 0.0000000000000000000 ) ) ;
#1445 = VERTEX_POINT ( 'NONE', #536 ) ;
#1446 = DIRECTION ( 'NONE',  ( 0.0000000000000000000, 1.000000000000000000, 0.0000000000000000000 ) ) ;
#1447 = DIRECTION ( 'NONE',  ( 0.0000000000000000000, -1.000000000000000000, 0.0000000000000000000 ) ) ;
#1448 = DIRECTION ( 'NONE',  ( 0.0000000000000000000, -1.000000000000000000, 0.0000000000000000000 ) ) ;
#1449 = CARTESIAN_POINT ( 'NONE',  ( -3.200000000000000178, 1.500000000000000000, 0.1000000000000000056 ) ) ;
#1450 = CARTESIAN_POINT ( 'NONE',  ( -1.800000000000000044, 1.500000000000000000, 0.1000000000000000056 ) ) ;
#1451 = ORIENTED_EDGE ( 'NONE', *, *, #387, .T. ) ;
#1452 = ORIENTED_EDGE ( 'NONE', *, *, #1687, .F. ) ;
#1453 = DIRECTION ( 'NONE',  ( 1.000000000000000000, 0.0000000000000000000, 0.0000000000000000000 ) ) ;
#1454 = PLANE ( 'NONE',  #1380 ) ;
#1455 = EDGE_CURVE ( 'NONE', #1562, #333, #1330, .T. ) ;
#1456 = ADVANCED_FACE ( 'NONE', ( #1067 ), #1080, .T. ) ;
#1457 = DIRECTION ( 'NONE',  ( 0.7071067811865481278, 0.0000000000000000000, -0.7071067811865467956 ) ) ;
#1458 = CARTESIAN_POINT ( 'NONE',  ( -1.800000000000000044, 1.500000000000000000, 0.0000000000000000000 ) ) ;
#1459 = ORIENTED_EDGE ( 'NONE', *, *, #447, .F. ) ;
#1460 = VECTOR ( 'NONE', #434, 1000.000000000000000 ) ;
#1461 = ORIENTED_EDGE ( 'NONE', *, *, #727, .F. ) ;
#1462 = CARTESIAN_POINT ( 'NONE',  ( -1.800000000000000044, 1.500000000000000000, 0.0000000000000000000 ) ) ;
#1463 = STYLED_ITEM ( 'NONE', ( #742 ), #369 ) ;
#1464 = AXIS2_PLACEMENT_3D ( 'NONE', #1715, #671, #376 ) ;
#1465 = FACE_OUTER_BOUND ( 'NONE', #1116, .T. ) ;
#1466 = DIRECTION ( 'NONE',  ( 0.0000000000000000000, 0.0000000000000000000, -1.000000000000000000 ) ) ;
#1467 = DIRECTION ( 'NONE',  ( 0.0000000000000000000, -1.000000000000000000, 0.0000000000000000000 ) ) ;
#1468 = CARTESIAN_POINT ( 'NONE',  ( 2.799999999999999822, 3.100000000000000089, 3.000000000000000000 ) ) ;
#1469 = ORIENTED_EDGE ( 'NONE', *, *, #1294, .F. ) ;
#1470 = VERTEX_POINT ( 'NONE', #1217 ) ;
#1471 = CARTESIAN_POINT ( 'NONE',  ( -3.250000000000000000, 0.0000000000000000000, 1.500000000000000000 ) ) ;
#1472 = VERTEX_POINT ( 'NONE', #546 ) ;
#1473 = CARTESIAN_POINT ( 'NONE',  ( 2.550000000000000266, -2.775557561562889872E-16, 0.0000000000000000000 ) ) ;
#1474 = DIRECTION ( 'NONE',  ( 1.000000000000000000, 0.0000000000000000000, 0.0000000000000000000 ) ) ;
#1475 = DIRECTION ( 'NONE',  ( 0.0000000000000000000, 0.0000000000000000000, -1.000000000000000000 ) ) ;
#1476 = CARTESIAN_POINT ( 'NONE',  ( -3.299999999999999822, -1.500000000000000000, 1.500000000000000000 ) ) ;
#1477 = EDGE_CURVE ( 'NONE', #89, #1495, #1388, .T. ) ;
#1478 = ORIENTED_EDGE ( 'NONE', *, *, #508, .T. ) ;
#1479 = CARTESIAN_POINT ( 'NONE',  ( 3.299999999999999822, -1.500000000000000000, 1.500000000000000000 ) ) ;
#1480 = VERTEX_POINT ( 'NONE', #840 ) ;
#1481 = DIRECTION ( 'NONE',  ( -0.0000000000000000000, 1.000000000000000000, 0.0000000000000000000 ) ) ;
#1482 = CARTESIAN_POINT ( 'NONE',  ( -2.799999999999999822, -3.100000000000000089, 0.0000000000000000000 ) ) ;
#1483 = FACE_OUTER_BOUND ( 'NONE', #100, .T. ) ;
#1484 = DIRECTION ( 'NONE',  ( 0.0000000000000000000, -1.000000000000000000, 0.0000000000000000000 ) ) ;
#1485 = VERTEX_POINT ( 'NONE', #1130 ) ;
#1486 = DIRECTION ( 'NONE',  ( 0.7071067811865475727, -0.7071067811865475727, 0.0000000000000000000 ) ) ;
#1487 = AXIS2_PLACEMENT_3D ( 'NONE', #1665, #33, #324 ) ;
#1488 = ORIENTED_EDGE ( 'NONE', *, *, #1241, .T. ) ;
#1489 = AXIS2_PLACEMENT_3D ( 'NONE', #997, #738, #40 ) ;
#1490 = CARTESIAN_POINT ( 'NONE',  ( -3.200000000000000178, -1.500000000000000000, 0.1000000000000000056 ) ) ;
#1491 = AXIS2_PLACEMENT_3D ( 'NONE', #683, #1353, #151 ) ;
#1492 = FACE_OUTER_BOUND ( 'NONE', #837, .T. ) ;
#1493 = VECTOR ( 'NONE', #631, 1000.000000000000000 ) ;
#1494 = DIRECTION ( 'NONE',  ( 1.000000000000000000, 0.0000000000000000000, 0.0000000000000000000 ) ) ;
#1495 = VERTEX_POINT ( 'NONE', #1528 ) ;
#1496 = EDGE_CURVE ( 'NONE', #314, #34, #196, .T. ) ;
#1497 = ORIENTED_EDGE ( 'NONE', *, *, #1272, .T. ) ;
#1498 = CARTESIAN_POINT ( 'NONE',  ( -3.170710678118654702, 1.500000000000000000, 0.1292893218813452871 ) ) ;
#1499 = ADVANCED_FACE ( 'NONE', ( #578 ), #871, .T. ) ;
#1500 = CARTESIAN_POINT ( 'NONE',  ( 3.200000000000000178, -1.500000000000000000, 1.500000000000000000 ) ) ;
#1501 = DIRECTION ( 'NONE',  ( 0.0000000000000000000, 0.0000000000000000000, 1.000000000000000000 ) ) ;
#1502 = EDGE_LOOP ( 'NONE', ( #1208, #53, #98, #1729 ) ) ;
#1503 = ORIENTED_EDGE ( 'NONE', *, *, #474, .F. ) ;
#1504 = ORIENTED_EDGE ( 'NONE', *, *, #1303, .T. ) ;
#1505 = EDGE_CURVE ( 'NONE', #1158, #1336, #441, .T. ) ;
#1506 = ADVANCED_FACE ( 'NONE', ( #1522 ), #1137, .F. ) ;
#1507 = CARTESIAN_POINT ( 'NONE',  ( -3.200000000000000178, -1.500000000000000000, 1.500000000000000000 ) ) ;
#1508 = CARTESIAN_POINT ( 'NONE',  ( -3.299999999999999822, 3.600000000000000089, 0.0000000000000000000 ) ) ;
#1509 = ORIENTED_EDGE ( 'NONE', *, *, #867, .F. ) ;
#1510 = ORIENTED_EDGE ( 'NONE', *, *, #59, .F. ) ;
#1511 = DIRECTION ( 'NONE',  ( 0.0000000000000000000, 0.0000000000000000000, 1.000000000000000000 ) ) ;
#1512 = VECTOR ( 'NONE', #1114, 1000.000000000000000 ) ;
#1513 = ORIENTED_EDGE ( 'NONE', *, *, #387, .F. ) ;
#1514 = VECTOR ( 'NONE', #950, 1000.000000000000000 ) ;
#1515 = DIRECTION ( 'NONE',  ( 0.0000000000000000000, 1.000000000000000000, 0.0000000000000000000 ) ) ;
#1516 = DIRECTION ( 'NONE',  ( -1.000000000000000000, 0.0000000000000000000, 0.0000000000000000000 ) ) ;
#1517 = EDGE_CURVE ( 'NONE', #1470, #634, #330, .T. ) ;
#1518 = VERTEX_POINT ( 'NONE', #1258 ) ;
#1519 = ORIENTED_EDGE ( 'NONE', *, *, #757, .F. ) ;
#1520 = DIRECTION ( 'NONE',  ( 0.0000000000000000000, 0.0000000000000000000, 1.000000000000000000 ) ) ;
#1521 = LINE ( 'NONE', #1546, #990 ) ;
#1522 = FACE_OUTER_BOUND ( 'NONE', #1430, .T. ) ;
#1523 = CARTESIAN_POINT ( 'NONE',  ( 1.699999999999999956, 1.600000000000000089, 0.0000000000000000000 ) ) ;
#1524 = VERTEX_POINT ( 'NONE', #57 ) ;
#1525 = ADVANCED_FACE ( 'NONE', ( #973 ), #315, .T. ) ;
#1526 = ORIENTED_EDGE ( 'NONE', *, *, #605, .F. ) ;
#1527 = DIRECTION ( 'NONE',  ( 0.0000000000000000000, 1.000000000000000000, 0.0000000000000000000 ) ) ;
#1528 = CARTESIAN_POINT ( 'NONE',  ( 1.699999999999999956, 1.600000000000000089, 0.1000000000000000056 ) ) ;
#1529 = CARTESIAN_POINT ( 'NONE',  ( 3.299999999999999822, -1.800000000000000044, 0.1000000000000000056 ) ) ;
#1530 = VERTEX_POINT ( 'NONE', #169 ) ;
#1531 = EDGE_LOOP ( 'NONE', ( #180, #1623, #574, #120 ) ) ;
#1532 = PRODUCT_RELATED_PRODUCT_CATEGORY ( 'part', '', ( #280 ) ) ;
#1533 = DIRECTION ( 'NONE',  ( 0.0000000000000000000, 0.0000000000000000000, 1.000000000000000000 ) ) ;
#1534 = DIRECTION ( 'NONE',  ( -0.7071067811865475727, -0.7071067811865475727, 0.0000000000000000000 ) ) ;
#1535 = DIRECTION ( 'NONE',  ( 0.0000000000000000000, 0.0000000000000000000, 1.000000000000000000 ) ) ;
#1536 = VECTOR ( 'NONE', #184, 1000.000000000000000 ) ;
#1537 = DIRECTION ( 'NONE',  ( 0.0000000000000000000, -1.000000000000000000, 0.0000000000000000000 ) ) ;
#1538 = CIRCLE ( 'NONE', #1710, 0.2000000000000000666 ) ;
#1539 = PRESENTATION_LAYER_ASSIGNMENT (  '', '', ( #904 ) ) ;
#1540 = VECTOR ( 'NONE', #1165, 1000.000000000000000 ) ;
#1541 = EDGE_LOOP ( 'NONE', ( #856, #951, #1232, #748 ) ) ;
#1542 = VECTOR ( 'NONE', #1448, 1000.000000000000000 ) ;
#1543 = EDGE_LOOP ( 'NONE', ( #1442, #299, #135, #1 ) ) ;
#1544 = DIRECTION ( 'NONE',  ( 0.7071067811865475727, 0.7071067811865475727, 0.0000000000000000000 ) ) ;
#1545 = EDGE_CURVE ( 'NONE', #626, #1386, #1117, .T. ) ;
#1546 = CARTESIAN_POINT ( 'NONE',  ( 3.100000000000000089, -0.7500000000000000000, 0.0000000000000000000 ) ) ;
#1547 = EDGE_CURVE ( 'NONE', #459, #1041, #449, .T. ) ;
#1548 = DIRECTION ( 'NONE',  ( -0.7071067811865475727, 0.7071067811865475727, 0.0000000000000000000 ) ) ;
#1549 = CARTESIAN_POINT ( 'NONE',  ( -1.800000000000000044, 1.500000000000000000, 0.1000000000000000056 ) ) ;
#1550 = DIRECTION ( 'NONE',  ( 0.0000000000000000000, -1.000000000000000000, 0.0000000000000000000 ) ) ;
#1551 = ORIENTED_EDGE ( 'NONE', *, *, #1687, .T. ) ;
#1552 = ORIENTED_EDGE ( 'NONE', *, *, #295, .T. ) ;
#1553 = PLANE ( 'NONE',  #879 ) ;
#1554 = ORIENTED_EDGE ( 'NONE', *, *, #638, .T. ) ;
#1555 = CARTESIAN_POINT ( 'NONE',  ( -2.799999999999999822, -3.100000000000000089, 0.0000000000000000000 ) ) ;
#1556 = FACE_OUTER_BOUND ( 'NONE', #580, .T. ) ;
#1557 = EDGE_CURVE ( 'NONE', #1320, #443, #1371, .T. ) ;
#1558 = EDGE_CURVE ( 'NONE', #34, #615, #717, .T. ) ;
#1559 = DIRECTION ( 'NONE',  ( 0.0000000000000000000, 0.0000000000000000000, -1.000000000000000000 ) ) ;
#1560 = PLANE ( 'NONE',  #1018 ) ;
#1561 = ORIENTED_EDGE ( 'NONE', *, *, #858, .F. ) ;
#1562 = VERTEX_POINT ( 'NONE', #1657 ) ;
#1563 = CARTESIAN_POINT ( 'NONE',  ( 1.699999999999999956, -1.600000000000000089, 0.1000000000000000056 ) ) ;
#1564 = LINE ( 'NONE', #258, #1324 ) ;
#1565 = DIRECTION ( 'NONE',  ( -1.000000000000000000, 0.0000000000000000000, 0.0000000000000000000 ) ) ;
#1566 = LINE ( 'NONE', #797, #1542 ) ;
#1567 = LINE ( 'NONE', #641, #588 ) ;
#1568 = CARTESIAN_POINT ( 'NONE',  ( 3.299999999999999822, 1.500000000000000000, 0.1000000000000000056 ) ) ;
#1569 = AXIS2_PLACEMENT_3D ( 'NONE', #464, #571, #1252 ) ;
#1570 = VECTOR ( 'NONE', #125, 1000.000000000000000 ) ;
#1571 = ORIENTED_EDGE ( 'NONE', *, *, #1020, .T. ) ;
#1572 = AXIS2_PLACEMENT_3D ( 'NONE', #608, #63, #1544 ) ;
#1573 = ORIENTED_EDGE ( 'NONE', *, *, #1247, .F. ) ;
#1574 = DIRECTION ( 'NONE',  ( -1.000000000000000000, 0.0000000000000000000, 0.0000000000000000000 ) ) ;
#1575 = AXIS2_PLACEMENT_3D ( 'NONE', #1278, #450, #1138 ) ;
#1576 = CARTESIAN_POINT ( 'NONE',  ( 3.100000000000000089, 1.500000000000000000, 0.2000000000000000111 ) ) ;
#1577 = DIRECTION ( 'NONE',  ( 0.0000000000000000000, 0.0000000000000000000, 1.000000000000000000 ) ) ;
#1578 = DIRECTION ( 'NONE',  ( 0.0000000000000000000, 0.0000000000000000000, 1.000000000000000000 ) ) ;
#1579 = DIRECTION ( 'NONE',  ( 0.0000000000000000000, 0.0000000000000000000, 1.000000000000000000 ) ) ;
#1580 = CARTESIAN_POINT ( 'NONE',  ( -3.100000000000000089, 0.7500000000000000000, 0.1000000000000000056 ) ) ;
#1581 = VERTEX_POINT ( 'NONE', #457 ) ;
#1582 = ORIENTED_EDGE ( 'NONE', *, *, #1186, .T. ) ;
#1583 = PLANE ( 'NONE',  #1153 ) ;
#1584 = EDGE_CURVE ( 'NONE', #43, #1387, #862, .T. ) ;
#1585 = EDGE_CURVE ( 'NONE', #319, #1615, #596, .T. ) ;
#1586 = VERTEX_POINT ( 'NONE', #1029 ) ;
#1587 = CARTESIAN_POINT ( 'NONE',  ( 3.100000000000000089, 0.7500000000000000000, 0.2000000000000000111 ) ) ;
#1588 = CARTESIAN_POINT ( 'NONE',  ( 3.299999999999999822, -1.500000000000000000, 0.2000000000000000111 ) ) ;
#1589 = CARTESIAN_POINT ( 'NONE',  ( 3.299999999999999822, -1.800000000000000044, 1.500000000000000000 ) ) ;
#1590 = EDGE_LOOP ( 'NONE', ( #770, #242, #226, #577 ) ) ;
#1591 = ORIENTED_EDGE ( 'NONE', *, *, #830, .T. ) ;
#1592 = DIRECTION ( 'NONE',  ( 0.0000000000000000000, 0.0000000000000000000, 1.000000000000000000 ) ) ;
#1593 = APPLICATION_CONTEXT ( 'automotive_design' ) ;
#1594 = EDGE_CURVE ( 'NONE', #1722, #646, #1277, .T. ) ;
#1595 = EDGE_CURVE ( 'NONE', #600, #740, #888, .T. ) ;
#1596 = CARTESIAN_POINT ( 'NONE',  ( -3.299999999999999822, -1.500000000000000000, 0.1000000000000000056 ) ) ;
#1597 =( NAMED_UNIT ( * ) SI_UNIT ( $, .STERADIAN. ) SOLID_ANGLE_UNIT ( ) );
#1598 = CARTESIAN_POINT ( 'NONE',  ( -3.299999999999999822, -3.100000000000000089, 0.0000000000000000000 ) ) ;
#1599 = LINE ( 'NONE', #807, #1606 ) ;
#1600 = ORIENTED_EDGE ( 'NONE', *, *, #1661, .T. ) ;
#1601 = VECTOR ( 'NONE', #1577, 1000.000000000000000 ) ;
#1602 = ORIENTED_EDGE ( 'NONE', *, *, #92, .F. ) ;
#1603 = CARTESIAN_POINT ( 'NONE',  ( 3.241421356237309759, -0.7500000000000000000, 0.05857864376269061174 ) ) ;
#1604 = AXIS2_PLACEMENT_3D ( 'NONE', #1022, #744, #1548 ) ;
#1605 = VECTOR ( 'NONE', #1169, 1000.000000000000000 ) ;
#1606 = VECTOR ( 'NONE', #241, 1000.000000000000000 ) ;
#1607 = VERTEX_POINT ( 'NONE', #84 ) ;
#1608 = CYLINDRICAL_SURFACE ( 'NONE', #1429, 0.5000000000000000000 ) ;
#1609 = LINE ( 'NONE', #794, #251 ) ;
#1610 = EDGE_CURVE ( 'NONE', #1485, #829, #470, .T. ) ;
#1611 = ADVANCED_FACE ( 'NONE', ( #752 ), #378, .F. ) ;
#1612 = CARTESIAN_POINT ( 'NONE',  ( -3.200000000000000178, 1.500000000000000000, 0.0000000000000000000 ) ) ;
#1613 = LINE ( 'NONE', #572, #1357 ) ;
#1614 = VERTEX_POINT ( 'NONE', #1305 ) ;
#1615 = VERTEX_POINT ( 'NONE', #1011 ) ;
#1616 = DIRECTION ( 'NONE',  ( 0.7071067811865482389, 0.0000000000000000000, -0.7071067811865466846 ) ) ;
#1617 = ORIENTED_EDGE ( 'NONE', *, *, #857, .T. ) ;
#1618 = PLANE ( 'NONE',  #109 ) ;
#1619 = FILL_AREA_STYLE_COLOUR ( '', #591 ) ;
#1620 = CARTESIAN_POINT ( 'NONE',  ( -3.299999999999999822, 3.600000000000000089, 3.000000000000000000 ) ) ;
#1621 = CYLINDRICAL_SURFACE ( 'NONE', #880, 0.2000000000000000666 ) ;
#1622 = EDGE_CURVE ( 'NONE', #780, #1149, #16, .T. ) ;
#1623 = ORIENTED_EDGE ( 'NONE', *, *, #639, .T. ) ;
#1624 = CARTESIAN_POINT ( 'NONE',  ( 1.800000000000000044, 1.500000000000000000, 0.1000000000000000056 ) ) ;
#1625 = ORIENTED_EDGE ( 'NONE', *, *, #1557, .T. ) ;
#1626 = LINE ( 'NONE', #960, #733 ) ;
#1627 = FACE_OUTER_BOUND ( 'NONE', #1531, .T. ) ;
#1628 = PLANE ( 'NONE',  #136 ) ;
#1629 = ADVANCED_FACE ( 'NONE', ( #785 ), #649, .T. ) ;
#1630 = ORIENTED_EDGE ( 'NONE', *, *, #1341, .T. ) ;
#1631 = EDGE_CURVE ( 'NONE', #1614, #287, #1377, .T. ) ;
#1632 = CLOSED_SHELL ( 'NONE', ( #1248, #970, #1162, #529, #890, #756, #1646, #1317, #303, #448, #1431, #1062 ) ) ;
#1633 = ORIENTED_EDGE ( 'NONE', *, *, #121, .F. ) ;
#1634 = VECTOR ( 'NONE', #1122, 1000.000000000000000 ) ;
#1635 = FILL_AREA_STYLE_COLOUR ( '', #1711 ) ;
#1636 = VECTOR ( 'NONE', #236, 1000.000000000000000 ) ;
#1637 = AXIS2_PLACEMENT_3D ( 'NONE', #938, #1467, #94 ) ;
#1638 = CARTESIAN_POINT ( 'NONE',  ( 3.299999999999999822, 3.100000000000000089, 0.0000000000000000000 ) ) ;
#1639 = ORIENTED_EDGE ( 'NONE', *, *, #121, .T. ) ;
#1640 = ORIENTED_EDGE ( 'NONE', *, *, #247, .T. ) ;
#1641 = EDGE_CURVE ( 'NONE', #394, #808, #1703, .T. ) ;
#1642 = EDGE_CURVE ( 'NONE', #207, #615, #1415, .T. ) ;
#1643 = EDGE_LOOP ( 'NONE', ( #1395, #931, #208, #1675 ) ) ;
#1644 = ORIENTED_EDGE ( 'NONE', *, *, #384, .T. ) ;
#1645 = VERTEX_POINT ( 'NONE', #883 ) ;
#1646 = ADVANCED_FACE ( 'NONE', ( #1410 ), #366, .F. ) ;
#1647 = ORIENTED_EDGE ( 'NONE', *, *, #1223, .F. ) ;
#1648 = DIRECTION ( 'NONE',  ( 1.000000000000000000, 0.0000000000000000000, 0.0000000000000000000 ) ) ;
#1649 = CARTESIAN_POINT ( 'NONE',  ( 3.299999999999999822, 3.100000000000000089, 3.000000000000000000 ) ) ;
#1650 = ORIENTED_EDGE ( 'NONE', *, *, #337, .F. ) ;
#1651 = ORIENTED_EDGE ( 'NONE', *, *, #1303, .F. ) ;
#1652 = CARTESIAN_POINT ( 'NONE',  ( 3.200000000000000178, 1.500000000000000000, 0.2000000000000000111 ) ) ;
#1653 = VECTOR ( 'NONE', #667, 1000.000000000000000 ) ;
#1654 = CIRCLE ( 'NONE', #1045, 0.2000000000000000666 ) ;
#1655 = PLANE ( 'NONE',  #504 ) ;
#1656 = CIRCLE ( 'NONE', #454, 0.5000000000000000000 ) ;
#1657 = CARTESIAN_POINT ( 'NONE',  ( 2.799999999999999822, 3.600000000000000089, 3.000000000000000000 ) ) ;
#1658 = LINE ( 'NONE', #872, #343 ) ;
#1659 = VECTOR ( 'NONE', #148, 1000.000000000000000 ) ;
#1660 = EDGE_CURVE ( 'NONE', #293, #564, #502, .T. ) ;
#1661 = EDGE_CURVE ( 'NONE', #808, #1662, #760, .T. ) ;
#1662 = VERTEX_POINT ( 'NONE', #480 ) ;
#1663 = VERTEX_POINT ( 'NONE', #908 ) ;
#1664 = CARTESIAN_POINT ( 'NONE',  ( -2.799999999999999822, -3.100000000000000089, 3.000000000000000000 ) ) ;
#1665 = CARTESIAN_POINT ( 'NONE',  ( -3.100000000000000089, 0.7500000000000000000, 0.2000000000000000111 ) ) ;
#1666 = EDGE_CURVE ( 'NONE', #333, #1607, #1179, .T. ) ;
#1667 = ADVANCED_FACE ( 'NONE', ( #1155 ), #1689, .T. ) ;
#1668 = VERTEX_POINT ( 'NONE', #1588 ) ;
#1669 = ORIENTED_EDGE ( 'NONE', *, *, #132, .F. ) ;
#1670 = LINE ( 'NONE', #1008, #966 ) ;
#1671 = DIRECTION ( 'NONE',  ( 0.0000000000000000000, 0.0000000000000000000, 1.000000000000000000 ) ) ;
#1672 = DIRECTION ( 'NONE',  ( -1.000000000000000000, 0.0000000000000000000, 0.0000000000000000000 ) ) ;
#1673 = ORIENTED_EDGE ( 'NONE', *, *, #486, .F. ) ;
#1674 = EDGE_CURVE ( 'NONE', #1472, #1240, #826, .T. ) ;
#1675 = ORIENTED_EDGE ( 'NONE', *, *, #1558, .T. ) ;
#1676 = CARTESIAN_POINT ( 'NONE',  ( -3.200000000000000178, 1.500000000000000000, 1.500000000000000000 ) ) ;
#1677 = ADVANCED_FACE ( 'NONE', ( #1492 ), #1093, .F. ) ;
#1678 = CARTESIAN_POINT ( 'NONE',  ( 1.699999999999999956, 1.600000000000000089, 0.0000000000000000000 ) ) ;
#1679 = DIRECTION ( 'NONE',  ( -0.7071067811865481278, 0.0000000000000000000, -0.7071067811865467956 ) ) ;
#1680 = CARTESIAN_POINT ( 'NONE',  ( 4.799999999999999822, -1.500000000000000000, 0.0000000000000000000 ) ) ;
#1681 = AXIS2_PLACEMENT_3D ( 'NONE', #485, #1028, #1414 ) ;
#1682 = LINE ( 'NONE', #482, #1044 ) ;
#1683 = VECTOR ( 'NONE', #921, 1000.000000000000000 ) ;
#1684 = ORIENTED_EDGE ( 'NONE', *, *, #545, .T. ) ;
#1685 = VERTEX_POINT ( 'NONE', #821 ) ;
#1686 = FACE_OUTER_BOUND ( 'NONE', #451, .T. ) ;
#1687 = EDGE_CURVE ( 'NONE', #1387, #1408, #1355, .T. ) ;
#1688 = DIRECTION ( 'NONE',  ( -1.000000000000000000, -9.251858538542969116E-17, 0.0000000000000000000 ) ) ;
#1689 = CYLINDRICAL_SURFACE ( 'NONE', #1379, 0.5000000000000000000 ) ;
#1690 = DIRECTION ( 'NONE',  ( 0.0000000000000000000, 0.0000000000000000000, -1.000000000000000000 ) ) ;
#1691 = DIRECTION ( 'NONE',  ( 0.0000000000000000000, -1.000000000000000000, 0.0000000000000000000 ) ) ;
#1692 = ORIENTED_EDGE ( 'NONE', *, *, #1256, .T. ) ;
#1693 = ORIENTED_EDGE ( 'NONE', *, *, #971, .T. ) ;
#1694 = DIRECTION ( 'NONE',  ( 0.0000000000000000000, -1.000000000000000000, 0.0000000000000000000 ) ) ;
#1695 = LINE ( 'NONE', #1191, #848 ) ;
#1696 = DIRECTION ( 'NONE',  ( 0.0000000000000000000, 0.0000000000000000000, -1.000000000000000000 ) ) ;
#1697 = PLANE ( 'NONE',  #934 ) ;
#1698 = CARTESIAN_POINT ( 'NONE',  ( 2.799999999999999822, -3.600000000000000089, 0.0000000000000000000 ) ) ;
#1699 = ORIENTED_EDGE ( 'NONE', *, *, #1053, .F. ) ;
#1700 = ORIENTED_EDGE ( 'NONE', *, *, #1545, .T. ) ;
#1701 = CARTESIAN_POINT ( 'NONE',  ( 3.299999999999999822, -3.100000000000000089, 0.0000000000000000000 ) ) ;
#1702 = LINE ( 'NONE', #244, #1570 ) ;
#1703 = LINE ( 'NONE', #1036, #475 ) ;
#1704 = CARTESIAN_POINT ( 'NONE',  ( 3.299999999999999822, -3.100000000000000089, 0.0000000000000000000 ) ) ;
#1705 = STYLED_ITEM ( 'NONE', ( #1111 ), #948 ) ;
#1706 = FACE_OUTER_BOUND ( 'NONE', #1374, .T. ) ;
#1707 = LINE ( 'NONE', #1580, #221 ) ;
#1708 = ADVANCED_FACE ( 'NONE', ( #1627 ), #290, .T. ) ;
#1709 = ADVANCED_FACE ( 'NONE', ( #1345 ), #1329, .T. ) ;
#1710 = AXIS2_PLACEMENT_3D ( 'NONE', #269, #525, #1205 ) ;
#1711 = COLOUR_RGB ( '',0.6196078431372549211, 0.6196078431372549211, 0.6196078431372549211 ) ;
#1712 = ORIENTED_EDGE ( 'NONE', *, *, #1020, .F. ) ;
#1713 = VECTOR ( 'NONE', #726, 1000.000000000000000 ) ;
#1714 = EDGE_LOOP ( 'NONE', ( #80, #1134, #273, #731 ) ) ;
#1715 = CARTESIAN_POINT ( 'NONE',  ( 2.799999999999999822, 3.100000000000000089, 3.000000000000000000 ) ) ;
#1716 = CIRCLE ( 'NONE', #967, 0.5000000000000000000 ) ;
#1717 = CYLINDRICAL_SURFACE ( 'NONE', #847, 0.1000000000000000472 ) ;
#1718 = DIRECTION ( 'NONE',  ( 0.0000000000000000000, 0.0000000000000000000, 1.000000000000000000 ) ) ;
#1719 = CARTESIAN_POINT ( 'NONE',  ( -3.100000000000000089, -0.7500000000000000000, 0.0000000000000000000 ) ) ;
#1720 = CARTESIAN_POINT ( 'NONE',  ( -3.100000000000000089, -0.7500000000000000000, 0.2000000000000000111 ) ) ;
#1721 = CARTESIAN_POINT ( 'NONE',  ( 3.100000000000000089, -1.500000000000000000, 0.0000000000000000000 ) ) ;
#1722 = VERTEX_POINT ( 'NONE', #5 ) ;
#1723 = ORIENTED_EDGE ( 'NONE', *, *, #172, .T. ) ;
#1724 = CARTESIAN_POINT ( 'NONE',  ( -3.299999999999999822, 1.500000000000000000, 0.0000000000000000000 ) ) ;
#1725 = ORIENTED_EDGE ( 'NONE', *, *, #784, .F. ) ;
#1726 = CARTESIAN_POINT ( 'NONE',  ( -2.475000000000000089, 1.600000000000000089, 0.0000000000000000000 ) ) ;
#1727 = CARTESIAN_POINT ( 'NONE',  ( 2.799999999999999822, 3.100000000000000089, 0.0000000000000000000 ) ) ;
#1728 = CARTESIAN_POINT ( 'NONE',  ( -3.100000000000000089, -1.500000000000000000, 0.1000000000000000056 ) ) ;
#1729 = ORIENTED_EDGE ( 'NONE', *, *, #1496, .F. ) ;
#1730 = EDGE_LOOP ( 'NONE', ( #1082, #115, #959, #1119 ) ) ;
#1731 = ADVANCED_FACE ( 'NONE', ( #532 ), #543, .T. ) ;
#1732 = LINE ( 'NONE', #1603, #621 ) ;
#1733 = ORIENTED_EDGE ( 'NONE', *, *, #567, .F. ) ;
#1734 = ADVANCED_FACE ( 'NONE', ( #1193 ), #389, .T. ) ;
#1735 = CARTESIAN_POINT ( 'NONE',  ( -3.299999999999999822, 1.500000000000000000, 0.0000000000000000000 ) ) ;
#1736 = UNCERTAINTY_MEASURE_WITH_UNIT (LENGTH_MEASURE( 1.000000000000000082E-05 ), #674, 'distance_accuracy_value', 'NONE');
#1737 = DIRECTION ( 'NONE',  ( -1.000000000000000000, 0.0000000000000000000, 0.0000000000000000000 ) ) ;
#1738 = CARTESIAN_POINT ( 'NONE',  ( -3.100000000000000089, 1.500000000000000000, 0.2000000000000000111 ) ) ;
#1739 = CARTESIAN_POINT ( 'NONE',  ( -3.299999999999999822, -1.500000000000000000, 0.2000000000000000111 ) ) ;
#1740 = ORIENTED_EDGE ( 'NONE', *, *, #511, .F. ) ;
#1741 = AXIS2_PLACEMENT_3D ( 'NONE', #102, #348, #1679 ) ;
#1742 = AXIS2_PLACEMENT_3D ( 'NONE', #620, #602, #64 ) ;
#1743 = ORIENTED_EDGE ( 'NONE', *, *, #60, .F. ) ;
#1744 = CARTESIAN_POINT ( 'NONE',  ( -1.800000000000000044, 1.500000000000000000, 0.0000000000000000000 ) ) ;
#1745 = AXIS2_PLACEMENT_3D ( 'NONE', #1440, #507, #1308 ) ;
#1746 = CIRCLE ( 'NONE', #189, 0.5000000000000000000 ) ;
#1747 = VERTEX_POINT ( 'NONE', #1338 ) ;
#1748 = FACE_OUTER_BOUND ( 'NONE', #187, .T. ) ;
#1749 = EDGE_CURVE ( 'NONE', #538, #980, #1609, .T. ) ;
#1750 = CARTESIAN_POINT ( 'NONE',  ( 2.799999999999999822, 3.100000000000000089, 0.0000000000000000000 ) ) ;
#1751 = DIRECTION ( 'NONE',  ( -1.000000000000000000, 0.0000000000000000000, 0.0000000000000000000 ) ) ;
#1752 = CARTESIAN_POINT ( 'NONE',  ( -3.299999999999999822, 1.500000000000000000, 0.0000000000000000000 ) ) ;
ENDSEC;
END-ISO-10303-21;
