ISO-10303-21;
HEADER;
FILE_DESCRIPTION (( 'STEP AP214' ),
    '1' );
FILE_NAME ('S-XH-A08 pts.STEP',
    '2025-07-27T07:08:24',
    ( '' ),
    ( '' ),
    'SwSTEP 2.0',
    'SolidWorks 2025',
    '' );
FILE_SCHEMA (( 'AUTOMOTIVE_DESIGN' ));
ENDSEC;

DATA;
#1 = SURFACE_SIDE_STYLE ('',( #8385 ) ) ;
#2 = CARTESIAN_POINT ( 'NONE',  ( 2.150000000000000355, 3.649999999999999911, -7.000000000000000000 ) ) ;
#3 = DIRECTION ( 'NONE',  ( -1.000000000000000000, 0.000000000000000000, 0.000000000000000000 ) ) ;
#4 = DIRECTION ( 'NONE',  ( 0.000000000000000000, -0.000000000000000000, 1.000000000000000000 ) ) ;
#5 = UNCERTAINTY_MEASURE_WITH_UNIT (LENGTH_MEASURE( 1.000000000000000082E-05 ), #4322, 'distance_accuracy_value', 'NONE');
#6 = DIRECTION ( 'NONE',  ( -0.000000000000000000, 1.000000000000000000, -0.000000000000000000 ) ) ;
#7 = CARTESIAN_POINT ( 'NONE',  ( 20.25000000000000000, 3.649999999999999911, -0.2000000000000000111 ) ) ;
#8 = ADVANCED_FACE ( 'NONE', ( #2735 ), #1223, .T. ) ;
#9 = ADVANCED_FACE ( 'NONE', ( #369 ), #3462, .F. ) ;
#10 = CARTESIAN_POINT ( 'NONE',  ( 9.650000000000000355, 3.050000000000000266, -6.200000000000000178 ) ) ;
#11 = ORIENTED_EDGE ( 'NONE', *, *, #8410, .T. ) ;
#12 = CARTESIAN_POINT ( 'NONE',  ( 17.48333333333333073, 3.316666666666667318, -0.06666666666666629104 ) ) ;
#13 = PRESENTATION_STYLE_ASSIGNMENT (( #5189 ) ) ;
#14 = EDGE_CURVE ( 'NONE', #6461, #3951, #4321, .T. ) ;
#15 = DIRECTION ( 'NONE',  ( 1.000000000000000000, 0.000000000000000000, 0.000000000000000000 ) ) ;
#16 =( NAMED_UNIT ( * ) SI_UNIT ( $, .STERADIAN. ) SOLID_ANGLE_UNIT ( ) );
#17 =( GEOMETRIC_REPRESENTATION_CONTEXT ( 3 ) GLOBAL_UNCERTAINTY_ASSIGNED_CONTEXT ( ( #9312 ) ) GLOBAL_UNIT_ASSIGNED_CONTEXT ( ( #1058, #5656, #1801 ) ) REPRESENTATION_CONTEXT ( 'NONE', 'WORKASPACE' ) );
#18 = SURFACE_STYLE_USAGE ( .BOTH. , #1448 ) ;
#19 = ORIENTED_EDGE ( 'NONE', *, *, #4548, .F. ) ;
#20 = ORIENTED_EDGE ( 'NONE', *, *, #1444, .T. ) ;
#21 = LINE ( 'NONE', #3953, #2660 ) ;
#23 =( LENGTH_UNIT ( ) NAMED_UNIT ( * ) SI_UNIT ( .MILLI., .METRE. ) );
#22 = VECTOR ( 'NONE', #2364, 1000.000000000000000 ) ;
#24 = PRESENTATION_STYLE_ASSIGNMENT (( #8366 ) ) ;
#25 = CARTESIAN_POINT ( 'NONE',  ( 7.750000000000000000, -1.084202172485504434E-16, -8.900000000000000355 ) ) ;
#26 = DIRECTION ( 'NONE',  ( 0.5773502691896259531, 0.5773502691896239547, -0.5773502691896273964 ) ) ;
#27 = DIRECTION ( 'NONE',  ( -1.000000000000000000, 0.000000000000000000, 0.000000000000000000 ) ) ;
#28 = SURFACE_STYLE_USAGE ( .BOTH. , #6917 ) ;
#29 = ORIENTED_EDGE ( 'NONE', *, *, #8163, .T. ) ;
#30 = EDGE_LOOP ( 'NONE', ( #9766, #1279, #8828 ) ) ;
#31 = COLOUR_RGB ( '',0.7529411764705882248, 0.7529411764705882248, 0.7529411764705882248 ) ;
#32 = DIRECTION ( 'NONE',  ( -0.000000000000000000, 1.000000000000000000, -0.000000000000000000 ) ) ;
#33 = CARTESIAN_POINT ( 'NONE',  ( 4.650000000000000355, 2.450000000000000178, -8.300000000000000711 ) ) ;
#34 = DIRECTION ( 'NONE',  ( -0.000000000000000000, -1.000000000000000000, -0.000000000000000000 ) ) ;
#35 =( NAMED_UNIT ( * ) SI_UNIT ( $, .STERADIAN. ) SOLID_ANGLE_UNIT ( ) );
#36 = SURFACE_STYLE_FILL_AREA ( #8518 ) ;
#37 = ORIENTED_EDGE ( 'NONE', *, *, #54, .F. ) ;
#38 = SURFACE_STYLE_USAGE ( .BOTH. , #5320 ) ;
#39 = EDGE_LOOP ( 'NONE', ( #3376, #2201, #1735, #4671 ) ) ;
#40 = ORIENTED_EDGE ( 'NONE', *, *, #8304, .T. ) ;
#41 = PRESENTATION_STYLE_ASSIGNMENT (( #4569 ) ) ;
#42 = ADVANCED_FACE ( 'NONE', ( #1418 ), #3563, .F. ) ;
#43 = AXIS2_PLACEMENT_3D ( 'NONE', #8402, #6009, #3804 ) ;
#44 = CARTESIAN_POINT ( 'NONE',  ( 17.14999999999999858, 3.649999999999999911, -0.4000000000000009104 ) ) ;
#45 = DIRECTION ( 'NONE',  ( -0.000000000000000000, 1.000000000000000000, 0.000000000000000000 ) ) ;
#46 = EDGE_CURVE ( 'NONE', #7902, #2734, #2784, .T. ) ;
#47 =( NAMED_UNIT ( * ) SI_UNIT ( $, .STERADIAN. ) SOLID_ANGLE_UNIT ( ) );
#48 = FILL_AREA_STYLE ('',( #9037 ) ) ;
#49 = ORIENTED_EDGE ( 'NONE', *, *, #3389, .T. ) ;
#50 = LINE ( 'NONE', #2158, #3495 ) ;
#51 = ADVANCED_FACE ( 'NONE', ( #2374 ), #6676, .F. ) ;
#52 = MECHANICAL_DESIGN_GEOMETRIC_PRESENTATION_REPRESENTATION (  '', ( #1795 ), #2460 ) ;
#53 = PLANE ( 'NONE',  #4839 ) ;
#54 = EDGE_CURVE ( 'NONE', #5634, #6991, #7759, .T. ) ;
#55 = VECTOR ( 'NONE', #3779, 1000.000000000000000 ) ;
#56 = DIRECTION ( 'NONE',  ( 1.000000000000000000, 0.000000000000000000, 0.000000000000000000 ) ) ;
#57 =( NAMED_UNIT ( * ) PLANE_ANGLE_UNIT ( ) SI_UNIT ( $, .RADIAN. ) );
#58 =( LENGTH_UNIT ( ) NAMED_UNIT ( * ) SI_UNIT ( .MILLI., .METRE. ) );
#59 = PLANE ( 'NONE',  #8587 ) ;
#60 = VERTEX_POINT ( 'NONE', #6409 ) ;
#61 = ADVANCED_FACE ( 'NONE', ( #1794 ), #4147, .F. ) ;
#62 = VERTEX_POINT ( 'NONE', #7103 ) ;
#63 = CARTESIAN_POINT ( 'NONE',  ( 0.000000000000000000, 0.8000000000000000444, -6.200000000000000178 ) ) ;
#64 = SURFACE_SIDE_STYLE ('',( #5123 ) ) ;
#65 =( GEOMETRIC_REPRESENTATION_CONTEXT ( 3 ) GLOBAL_UNCERTAINTY_ASSIGNED_CONTEXT ( ( #9225 ) ) GLOBAL_UNIT_ASSIGNED_CONTEXT ( ( #7542, #5370, #3155 ) ) REPRESENTATION_CONTEXT ( 'NONE', 'WORKASPACE' ) );
#66 = FILL_AREA_STYLE_COLOUR ( '', #711 ) ;
#67 = FILL_AREA_STYLE ('',( #7678 ) ) ;
#68 = FILL_AREA_STYLE ('',( #1609 ) ) ;
#69 = LINE ( 'NONE', #2425, #2105 ) ;
#70 =( LENGTH_UNIT ( ) NAMED_UNIT ( * ) SI_UNIT ( .MILLI., .METRE. ) );
#71 = VECTOR ( 'NONE', #7109, 1000.000000000000000 ) ;
#72 = PRESENTATION_LAYER_ASSIGNMENT (  '', '', ( #5056 ) ) ;
#73 = DIRECTION ( 'NONE',  ( 1.000000000000000000, 0.000000000000000000, 0.000000000000000000 ) ) ;
#74 = CIRCLE ( 'NONE', #3780, 0.2999999999999999334 ) ;
#75 = CARTESIAN_POINT ( 'NONE',  ( 7.150000000000000355, 2.450000000000000178, -8.900000000000000355 ) ) ;
#76 = FACE_OUTER_BOUND ( 'NONE', #9568, .T. ) ;
#77 = ORIENTED_EDGE ( 'NONE', *, *, #2209, .F. ) ;
#78 = ORIENTED_EDGE ( 'NONE', *, *, #2558, .F. ) ;
#79 = DIRECTION ( 'NONE',  ( -0.000000000000000000, 1.000000000000000000, -0.000000000000000000 ) ) ;
#80 = CARTESIAN_POINT ( 'NONE',  ( 12.75000000000000178, -1.084202172485504434E-16, -9.500000000000000000 ) ) ;
#81 =( GEOMETRIC_REPRESENTATION_CONTEXT ( 3 ) GLOBAL_UNCERTAINTY_ASSIGNED_CONTEXT ( ( #9208 ) ) GLOBAL_UNIT_ASSIGNED_CONTEXT ( ( #422, #6873, #8318 ) ) REPRESENTATION_CONTEXT ( 'NONE', 'WORKASPACE' ) );
#82 = SURFACE_SIDE_STYLE ('',( #1469 ) ) ;
#83 = COLOUR_RGB ( '',0.7529411764705882248, 0.7529411764705882248, 0.7529411764705882248 ) ;
#84 = MECHANICAL_DESIGN_GEOMETRIC_PRESENTATION_REPRESENTATION (  '', ( #1827 ), #3466 ) ;
#85 = UNCERTAINTY_MEASURE_WITH_UNIT (LENGTH_MEASURE( 1.000000000000000082E-05 ), #5569, 'distance_accuracy_value', 'NONE');
#86 = PLANE ( 'NONE',  #5687 ) ;
#87 = VECTOR ( 'NONE', #1155, 1000.000000000000000 ) ;
#88 =( NAMED_UNIT ( * ) SI_UNIT ( $, .STERADIAN. ) SOLID_ANGLE_UNIT ( ) );
#89 = CARTESIAN_POINT ( 'NONE',  ( 17.75000000000000000, 3.649999999999999911, -7.000000000000000000 ) ) ;
#90 = ORIENTED_EDGE ( 'NONE', *, *, #6698, .T. ) ;
#91 = AXIS2_PLACEMENT_3D ( 'NONE', #7, #45, #9229 ) ;
#92 = PRESENTATION_LAYER_ASSIGNMENT (  '', '', ( #4583 ) ) ;
#93 = COLOUR_RGB ( '',0.7529411764705882248, 0.7529411764705882248, 0.7529411764705882248 ) ;
#94 = ORIENTED_EDGE ( 'NONE', *, *, #8531, .T. ) ;
#95 = LINE ( 'NONE', #6288, #6855 ) ;
#96 = VERTEX_POINT ( 'NONE', #7218 ) ;
#97 = VECTOR ( 'NONE', #5638, 1000.000000000000114 ) ;
#98 = LINE ( 'NONE', #4030, #4572 ) ;
#99 = AXIS2_PLACEMENT_3D ( 'NONE', #8741, #2046, #4844 ) ;
#100 = CARTESIAN_POINT ( 'NONE',  ( 2.150000000000000355, 3.649999999999999911, -0.4000000000000010214 ) ) ;
#101 = MECHANICAL_DESIGN_GEOMETRIC_PRESENTATION_REPRESENTATION (  '', ( #6840 ), #2982 ) ;
#102 = SURFACE_STYLE_USAGE ( .BOTH. , #6144 ) ;
#103 = UNCERTAINTY_MEASURE_WITH_UNIT (LENGTH_MEASURE( 1.000000000000000082E-05 ), #9220, 'distance_accuracy_value', 'NONE');
#104 = MECHANICAL_DESIGN_GEOMETRIC_PRESENTATION_REPRESENTATION (  '', ( #4287 ), #883 ) ;
#105 = CARTESIAN_POINT ( 'NONE',  ( 12.15000000000000036, 3.050000000000000266, -0.2000000000000000111 ) ) ;
#106 = AXIS2_PLACEMENT_3D ( 'NONE', #3461, #1167, #2933 ) ;
#107 = DIRECTION ( 'NONE',  ( -0.000000000000000000, 1.000000000000000000, 0.000000000000000000 ) ) ;
#108 = EDGE_CURVE ( 'NONE', #5453, #323, #4093, .T. ) ;
#109 = SURFACE_STYLE_FILL_AREA ( #935 ) ;
#110 = ORIENTED_EDGE ( 'NONE', *, *, #4178, .T. ) ;
#111 = SURFACE_SIDE_STYLE ('',( #9382 ) ) ;
#112 = CARTESIAN_POINT ( 'NONE',  ( 19.80000000000000071, 6.100999999999999979, -3.699999999999999734 ) ) ;
#113 = AXIS2_PLACEMENT_3D ( 'NONE', #9817, #8279, #9725 ) ;
#114 = DIRECTION ( 'NONE',  ( 0.000000000000000000, -1.000000000000000000, 0.000000000000000000 ) ) ;
#115 = SURFACE_SIDE_STYLE ('',( #3338 ) ) ;
#116 = EDGE_CURVE ( 'NONE', #9425, #96, #1706, .T. ) ;
#117 = ORIENTED_EDGE ( 'NONE', *, *, #8476, .F. ) ;
#118 = ORIENTED_EDGE ( 'NONE', *, *, #1323, .F. ) ;
#119 = DIRECTION ( 'NONE',  ( 0.000000000000000000, -1.000000000000000000, -1.734723475976807094E-15 ) ) ;
#120 = PRESENTATION_LAYER_ASSIGNMENT (  '', '', ( #9731 ) ) ;
#121 = CARTESIAN_POINT ( 'NONE',  ( 5.250000000000000000, 6.099999999999999645, -7.000000000000000000 ) ) ;
#122 = EDGE_CURVE ( 'NONE', #4404, #8507, #3388, .T. ) ;
#123 = CARTESIAN_POINT ( 'NONE',  ( 5.050000000000000711, 3.050000000000000266, -0.2000000000000000111 ) ) ;
#124 = CARTESIAN_POINT ( 'NONE',  ( 7.750000000000000000, -1.084202172485504434E-16, -8.900000000000000355 ) ) ;
#125 = SURFACE_SIDE_STYLE ('',( #850 ) ) ;
#126 = SURFACE_STYLE_FILL_AREA ( #3959 ) ;
#127 = DIRECTION ( 'NONE',  ( 0.000000000000000000, 0.000000000000000000, -1.000000000000000000 ) ) ;
#128 = VECTOR ( 'NONE', #7607, 1000.000000000000000 ) ;
#129 = FILL_AREA_STYLE ('',( #4700 ) ) ;
#130 = DIRECTION ( 'NONE',  ( 0.000000000000000000, 0.000000000000000000, -1.000000000000000000 ) ) ;
#131 = EDGE_CURVE ( 'NONE', #7267, #6575, #2532, .T. ) ;
#132 = DIRECTION ( 'NONE',  ( 0.000000000000000000, 0.000000000000000000, -1.000000000000000000 ) ) ;
#133 = EDGE_LOOP ( 'NONE', ( #2266, #9410, #2713, #3459 ) ) ;
#134 =( GEOMETRIC_REPRESENTATION_CONTEXT ( 3 ) GLOBAL_UNCERTAINTY_ASSIGNED_CONTEXT ( ( #8838 ) ) GLOBAL_UNIT_ASSIGNED_CONTEXT ( ( #4942, #2803, #444 ) ) REPRESENTATION_CONTEXT ( 'NONE', 'WORKASPACE' ) );
#135 = ORIENTED_EDGE ( 'NONE', *, *, #2644, .F. ) ;
#136 = LINE ( 'NONE', #6053, #9189 ) ;
#137 = LINE ( 'NONE', #2390, #3135 ) ;
#138 = CARTESIAN_POINT ( 'NONE',  ( 14.65000000000000213, -1.084202172485504434E-16, -8.900000000000000355 ) ) ;
#139 = EDGE_CURVE ( 'NONE', #3936, #9619, #1605, .T. ) ;
#140 = CARTESIAN_POINT ( 'NONE',  ( 21.60000000000000142, 6.099999999999999645, 0.000000000000000000 ) ) ;
#141 = PRESENTATION_STYLE_ASSIGNMENT (( #7188 ) ) ;
#142 =( GEOMETRIC_REPRESENTATION_CONTEXT ( 3 ) GLOBAL_UNCERTAINTY_ASSIGNED_CONTEXT ( ( #357 ) ) GLOBAL_UNIT_ASSIGNED_CONTEXT ( ( #4311, #9413, #9461 ) ) REPRESENTATION_CONTEXT ( 'NONE', 'WORKASPACE' ) );
#143 =( LENGTH_UNIT ( ) NAMED_UNIT ( * ) SI_UNIT ( .MILLI., .METRE. ) );
#144 =( NAMED_UNIT ( * ) PLANE_ANGLE_UNIT ( ) SI_UNIT ( $, .RADIAN. ) );
#145 = ORIENTED_EDGE ( 'NONE', *, *, #3565, .F. ) ;
#146 = DIRECTION ( 'NONE',  ( 0.000000000000000000, -1.000000000000000000, 0.000000000000000000 ) ) ;
#147 = ORIENTED_EDGE ( 'NONE', *, *, #9933, .T. ) ;
#148 = ORIENTED_EDGE ( 'NONE', *, *, #4927, .T. ) ;
#149 = SURFACE_STYLE_USAGE ( .BOTH. , #8570 ) ;
#150 = CIRCLE ( 'NONE', #9117, 0.2999999999999999334 ) ;
#151 = STYLED_ITEM ( 'NONE', ( #8060 ), #213 ) ;
#152 = PRESENTATION_STYLE_ASSIGNMENT (( #102 ) ) ;
#153 = LINE ( 'NONE', #9435, #1111 ) ;
#154 = PLANE ( 'NONE',  #1693 ) ;
#155 = ORIENTED_EDGE ( 'NONE', *, *, #3378, .F. ) ;
#156 = FILL_AREA_STYLE ('',( #5533 ) ) ;
#157 = FILL_AREA_STYLE ('',( #1496 ) ) ;
#158 = FILL_AREA_STYLE_COLOUR ( '', #5547 ) ;
#159 = LINE ( 'NONE', #942, #2978 ) ;
#160 = PLANE ( 'NONE',  #1199 ) ;
#161 = ORIENTED_EDGE ( 'NONE', *, *, #7324, .F. ) ;
#162 = ORIENTED_EDGE ( 'NONE', *, *, #2452, .F. ) ;
#163 = CIRCLE ( 'NONE', #1749, 0.2999999999999999334 ) ;
#164 = EDGE_CURVE ( 'NONE', #4969, #8427, #9276, .T. ) ;
#165 = LINE ( 'NONE', #3867, #2748 ) ;
#166 = EDGE_CURVE ( 'NONE', #7159, #4969, #4001, .T. ) ;
#167 = LINE ( 'NONE', #3243, #876 ) ;
#168 = ORIENTED_EDGE ( 'NONE', *, *, #8772, .F. ) ;
#169 = ORIENTED_EDGE ( 'NONE', *, *, #3994, .T. ) ;
#170 = COLOUR_RGB ( '',0.7529411764705882248, 0.7529411764705882248, 0.7529411764705882248 ) ;
#171 = SURFACE_STYLE_USAGE ( .BOTH. , #4814 ) ;
#172 = ADVANCED_FACE ( 'NONE', ( #4801 ), #7864, .T. ) ;
#173 =( NAMED_UNIT ( * ) SI_UNIT ( $, .STERADIAN. ) SOLID_ANGLE_UNIT ( ) );
#174 = UNCERTAINTY_MEASURE_WITH_UNIT (LENGTH_MEASURE( 1.000000000000000082E-05 ), #7340, 'distance_accuracy_value', 'NONE');
#175 = CARTESIAN_POINT ( 'NONE',  ( 4.850000000000000533, 3.050000000000000266, -0.2000000000000000111 ) ) ;
#176 = FACE_OUTER_BOUND ( 'NONE', #8002, .T. ) ;
#177 = CARTESIAN_POINT ( 'NONE',  ( 20.40000000000000213, 6.099999999999999645, -3.100000000000000533 ) ) ;
#178 = DIRECTION ( 'NONE',  ( 0.000000000000000000, 1.000000000000000000, 0.000000000000000000 ) ) ;
#179 =( LENGTH_UNIT ( ) NAMED_UNIT ( * ) SI_UNIT ( .MILLI., .METRE. ) );
#180 = ORIENTED_EDGE ( 'NONE', *, *, #1003, .T. ) ;
#181 = ORIENTED_EDGE ( 'NONE', *, *, #1072, .F. ) ;
#182 = EDGE_CURVE ( 'NONE', #1581, #8234, #8162, .T. ) ;
#183 = EDGE_LOOP ( 'NONE', ( #4138, #8918, #5765, #1987, #1523 ) ) ;
#184 = FACE_OUTER_BOUND ( 'NONE', #7009, .T. ) ;
#185 = CYLINDRICAL_SURFACE ( 'NONE', #6498, 0.5999999999999998668 ) ;
#186 = LINE ( 'NONE', #930, #5529 ) ;
#187 = PLANE ( 'NONE',  #7695 ) ;
#188 = UNCERTAINTY_MEASURE_WITH_UNIT (LENGTH_MEASURE( 1.000000000000000082E-05 ), #4492, 'distance_accuracy_value', 'NONE');
#189 = CARTESIAN_POINT ( 'NONE',  ( 14.65000000000000213, -1.084202172485504434E-16, -9.500000000000000000 ) ) ;
#190 = FACE_OUTER_BOUND ( 'NONE', #2137, .T. ) ;
#191 =( LENGTH_UNIT ( ) NAMED_UNIT ( * ) SI_UNIT ( .MILLI., .METRE. ) );
#192 = ORIENTED_EDGE ( 'NONE', *, *, #6154, .T. ) ;
#193 = CARTESIAN_POINT ( 'NONE',  ( 21.60000000000000142, 0.8000000000000000444, -11.50000000000000000 ) ) ;
#194 = AXIS2_PLACEMENT_3D ( 'NONE', #9246, #941, #1643 ) ;
#195 =( NAMED_UNIT ( * ) SI_UNIT ( $, .STERADIAN. ) SOLID_ANGLE_UNIT ( ) );
#196 = SURFACE_SIDE_STYLE ('',( #6355 ) ) ;
#197 = CARTESIAN_POINT ( 'NONE',  ( 7.750000000000000000, 3.050000000000000266, -6.200000000000000178 ) ) ;
#198 = ORIENTED_EDGE ( 'NONE', *, *, #4982, .F. ) ;
#199 = ORIENTED_EDGE ( 'NONE', *, *, #8960, .F. ) ;
#200 = VECTOR ( 'NONE', #856, 1000.000000000000000 ) ;
#201 = PLANE ( 'NONE',  #6697 ) ;
#202 = SURFACE_SIDE_STYLE ('',( #2421 ) ) ;
#203 = FILL_AREA_STYLE ('',( #5137 ) ) ;
#204 =( GEOMETRIC_REPRESENTATION_CONTEXT ( 3 ) GLOBAL_UNCERTAINTY_ASSIGNED_CONTEXT ( ( #1686 ) ) GLOBAL_UNIT_ASSIGNED_CONTEXT ( ( #2709, #1946, #1239 ) ) REPRESENTATION_CONTEXT ( 'NONE', 'WORKASPACE' ) );
#205 = DIRECTION ( 'NONE',  ( 0.000000000000000000, -1.000000000000000000, 0.000000000000000000 ) ) ;
#206 = CARTESIAN_POINT ( 'NONE',  ( 21.60000000000000142, 0.000000000000000000, -7.000000000000000000 ) ) ;
#207 =( NAMED_UNIT ( * ) PLANE_ANGLE_UNIT ( ) SI_UNIT ( $, .RADIAN. ) );
#208 = SURFACE_SIDE_STYLE ('',( #809 ) ) ;
#209 = FACE_OUTER_BOUND ( 'NONE', #1439, .T. ) ;
#210 = MECHANICAL_DESIGN_GEOMETRIC_PRESENTATION_REPRESENTATION (  '', ( #5043 ), #837 ) ;
#211 = ORIENTED_EDGE ( 'NONE', *, *, #3707, .T. ) ;
#212 = VERTEX_POINT ( 'NONE', #7260 ) ;
#213 = ADVANCED_FACE ( 'NONE', ( #8204 ), #8945, .F. ) ;
#214 = DIRECTION ( 'NONE',  ( 0.000000000000000000, 0.000000000000000000, -1.000000000000000000 ) ) ;
#215 = CARTESIAN_POINT ( 'NONE',  ( 3.449999999999999734, 6.100999999999999979, -3.699999999999999734 ) ) ;
#217 = FACE_OUTER_BOUND ( 'NONE', #8058, .T. ) ;
#216 = STYLED_ITEM ( 'NONE', ( #6425 ), #5584 ) ;
#218 = SURFACE_STYLE_USAGE ( .BOTH. , #1722 ) ;
#219 = CARTESIAN_POINT ( 'NONE',  ( 0.000000000000000000, 6.099999999999999645, 0.000000000000000000 ) ) ;
#220 = DIRECTION ( 'NONE',  ( -0.000000000000000000, 1.000000000000000000, 0.000000000000000000 ) ) ;
#221 = VECTOR ( 'NONE', #7383, 1000.000000000000000 ) ;
#222 = ORIENTED_EDGE ( 'NONE', *, *, #3570, .F. ) ;
#223 = ADVANCED_FACE ( 'NONE', ( #7454 ), #4242, .T. ) ;
#224 = ORIENTED_EDGE ( 'NONE', *, *, #7487, .T. ) ;
#225 = ORIENTED_EDGE ( 'NONE', *, *, #5092, .T. ) ;
#226 = VECTOR ( 'NONE', #7827, 1000.000000000000000 ) ;
#227 = PRESENTATION_STYLE_ASSIGNMENT (( #972 ) ) ;
#228 = AXIS2_PLACEMENT_3D ( 'NONE', #7869, #263, #7360 ) ;
#229 = CARTESIAN_POINT ( 'NONE',  ( 17.75000000000000000, -1.084202172485504434E-16, -9.500000000000000000 ) ) ;
#230 = EDGE_CURVE ( 'NONE', #8718, #8457, #9094, .T. ) ;
#231 = FILL_AREA_STYLE_COLOUR ( '', #6388 ) ;
#232 =( GEOMETRIC_REPRESENTATION_CONTEXT ( 3 ) GLOBAL_UNCERTAINTY_ASSIGNED_CONTEXT ( ( #8346 ) ) GLOBAL_UNIT_ASSIGNED_CONTEXT ( ( #1004, #5813, #9505 ) ) REPRESENTATION_CONTEXT ( 'NONE', 'WORKASPACE' ) );
#233 = DIRECTION ( 'NONE',  ( 1.000000000000000000, 0.000000000000000000, -0.000000000000000000 ) ) ;
#234 = EDGE_CURVE ( 'NONE', #9619, #2170, #2104, .T. ) ;
#235 = AXIS2_PLACEMENT_3D ( 'NONE', #8800, #8848, #8067 ) ;
#236 = ORIENTED_EDGE ( 'NONE', *, *, #5338, .F. ) ;
#237 =( NAMED_UNIT ( * ) PLANE_ANGLE_UNIT ( ) SI_UNIT ( $, .RADIAN. ) );
#238 =( NAMED_UNIT ( * ) PLANE_ANGLE_UNIT ( ) SI_UNIT ( $, .RADIAN. ) );
#239 = CIRCLE ( 'NONE', #4114, 0.2999999999999999334 ) ;
#240 = ORIENTED_EDGE ( 'NONE', *, *, #9075, .F. ) ;
#241 = PRESENTATION_STYLE_ASSIGNMENT (( #981 ) ) ;
#242 = MECHANICAL_DESIGN_GEOMETRIC_PRESENTATION_REPRESENTATION (  '', ( #6052 ), #2331 ) ;
#243 = VECTOR ( 'NONE', #8218, 1000.000000000000000 ) ;
#244 = VECTOR ( 'NONE', #2417, 1000.000000000000000 ) ;
#245 = MECHANICAL_DESIGN_GEOMETRIC_PRESENTATION_REPRESENTATION (  '', ( #7164 ), #3153 ) ;
#246 = STYLED_ITEM ( 'NONE', ( #7291 ), #3579 ) ;
#247 = STYLED_ITEM ( 'NONE', ( #5650 ), #1324 ) ;
#248 = SURFACE_STYLE_USAGE ( .BOTH. , #4835 ) ;
#249 = EDGE_CURVE ( 'NONE', #3977, #2139, #4441, .T. ) ;
#250 = DIRECTION ( 'NONE',  ( -1.000000000000000000, -0.000000000000000000, 0.000000000000000000 ) ) ;
#251 = AXIS2_PLACEMENT_3D ( 'NONE', #5771, #7469, #565 ) ;
#252 = AXIS2_PLACEMENT_3D ( 'NONE', #6138, #3624, #527 ) ;
#253 = PRESENTATION_STYLE_ASSIGNMENT (( #7157 ) ) ;
#254 = CARTESIAN_POINT ( 'NONE',  ( 20.40000000000000213, 6.100999999999999979, -0.2000000000000003164 ) ) ;
#255 = ORIENTED_EDGE ( 'NONE', *, *, #8410, .F. ) ;
#256 = ORIENTED_EDGE ( 'NONE', *, *, #5423, .T. ) ;
#257 = SURFACE_SIDE_STYLE ('',( #1793 ) ) ;
#258 = AXIS2_PLACEMENT_3D ( 'NONE', #7456, #8111, #2826 ) ;
#259 = SURFACE_SIDE_STYLE ('',( #1235 ) ) ;
#260 = AXIS2_PLACEMENT_3D ( 'NONE', #4476, #2960, #6892 ) ;
#261 = FILL_AREA_STYLE ('',( #7908 ) ) ;
#262 = PRESENTATION_STYLE_ASSIGNMENT (( #7169 ) ) ;
#263 = DIRECTION ( 'NONE',  ( 1.000000000000000000, 0.000000000000000000, 0.000000000000000000 ) ) ;
#264 = STYLED_ITEM ( 'NONE', ( #7481 ), #6705 ) ;
#265 = CARTESIAN_POINT ( 'NONE',  ( 20.11666666666666714, 3.516666666666666163, -0.2666666666666662744 ) ) ;
#266 = SURFACE_SIDE_STYLE ('',( #2428 ) ) ;
#267 = ORIENTED_EDGE ( 'NONE', *, *, #7514, .F. ) ;
#268 = ORIENTED_EDGE ( 'NONE', *, *, #9301, .F. ) ;
#269 = SURFACE_STYLE_FILL_AREA ( #7226 ) ;
#270 =( GEOMETRIC_REPRESENTATION_CONTEXT ( 3 ) GLOBAL_UNCERTAINTY_ASSIGNED_CONTEXT ( ( #1471 ) ) GLOBAL_UNIT_ASSIGNED_CONTEXT ( ( #2391, #5367, #5424 ) ) REPRESENTATION_CONTEXT ( 'NONE', 'WORKASPACE' ) );
#271 = UNCERTAINTY_MEASURE_WITH_UNIT (LENGTH_MEASURE( 1.000000000000000082E-05 ), #5027, 'distance_accuracy_value', 'NONE');
#272 = SURFACE_STYLE_USAGE ( .BOTH. , #5509 ) ;
#273 = DIRECTION ( 'NONE',  ( -1.000000000000000000, 0.000000000000000000, 0.000000000000000000 ) ) ;
#274 = ORIENTED_EDGE ( 'NONE', *, *, #3180, .T. ) ;
#275 = SURFACE_STYLE_FILL_AREA ( #9467 ) ;
#276 = PRESENTATION_LAYER_ASSIGNMENT (  '', '', ( #8944 ) ) ;
#277 = ORIENTED_EDGE ( 'NONE', *, *, #3067, .F. ) ;
#278 = VECTOR ( 'NONE', #5294, 1000.000000000000000 ) ;
#279 = CARTESIAN_POINT ( 'NONE',  ( 17.75000000000000000, 3.050000000000000266, -0.2000000000000000111 ) ) ;
#280 =( NAMED_UNIT ( * ) PLANE_ANGLE_UNIT ( ) SI_UNIT ( $, .RADIAN. ) );
#281 = LINE ( 'NONE', #2786, #7149 ) ;
#282 = DIRECTION ( 'NONE',  ( -0.000000000000000000, 1.000000000000000000, 0.000000000000000000 ) ) ;
#283 = PRESENTATION_STYLE_ASSIGNMENT (( #8144 ) ) ;
#284 = UNCERTAINTY_MEASURE_WITH_UNIT (LENGTH_MEASURE( 1.000000000000000082E-05 ), #7887, 'distance_accuracy_value', 'NONE');
#285 = EDGE_CURVE ( 'NONE', #1571, #4145, #8988, .T. ) ;
#286 =( GEOMETRIC_REPRESENTATION_CONTEXT ( 3 ) GLOBAL_UNCERTAINTY_ASSIGNED_CONTEXT ( ( #174 ) ) GLOBAL_UNIT_ASSIGNED_CONTEXT ( ( #7340, #2738, #5074 ) ) REPRESENTATION_CONTEXT ( 'NONE', 'WORKASPACE' ) );
#287 = PRESENTATION_STYLE_ASSIGNMENT (( #7286 ) ) ;
#288 = ORIENTED_EDGE ( 'NONE', *, *, #7324, .T. ) ;
#289 = SURFACE_SIDE_STYLE ('',( #4875 ) ) ;
#290 = ADVANCED_FACE ( 'NONE', ( #1340 ), #3892, .T. ) ;
#291 = VERTEX_POINT ( 'NONE', #3077 ) ;
#292 = AXIS2_PLACEMENT_3D ( 'NONE', #8805, #5618, #1914 ) ;
#293 = AXIS2_PLACEMENT_3D ( 'NONE', #5604, #7060, #6305 ) ;
#294 = FACE_OUTER_BOUND ( 'NONE', #7102, .T. ) ;
#295 = ADVANCED_FACE ( 'NONE', ( #3794 ), #7666, .F. ) ;
#296 = CARTESIAN_POINT ( 'NONE',  ( 5.250000000000000000, 3.649999999999999911, -0.2000000000000000111 ) ) ;
#297 = CARTESIAN_POINT ( 'NONE',  ( 17.14999999999999858, 2.450000000000000178, -8.900000000000000355 ) ) ;
#298 = DIRECTION ( 'NONE',  ( -0.7071067811865500152, 0.000000000000000000, 0.7071067811865451302 ) ) ;
#299 = ORIENTED_EDGE ( 'NONE', *, *, #7741, .F. ) ;
#300 = ORIENTED_EDGE ( 'NONE', *, *, #4728, .F. ) ;
#301 = DIRECTION ( 'NONE',  ( 0.000000000000000000, 1.000000000000000000, 0.000000000000000000 ) ) ;
#302 = SURFACE_STYLE_FILL_AREA ( #991 ) ;
#303 = EDGE_CURVE ( 'NONE', #2504, #5778, #2977, .T. ) ;
#304 = PLANE ( 'NONE',  #3321 ) ;
#305 = SURFACE_STYLE_FILL_AREA ( #4097 ) ;
#306 = FILL_AREA_STYLE_COLOUR ( '', #1543 ) ;
#307 = CARTESIAN_POINT ( 'NONE',  ( 17.75000000000000000, -1.084202172485504434E-16, -9.500000000000000000 ) ) ;
#308 = DIRECTION ( 'NONE',  ( 0.000000000000000000, 0.000000000000000000, -1.000000000000000000 ) ) ;
#309 = CARTESIAN_POINT ( 'NONE',  ( 7.550000000000000711, 3.050000000000000266, -0.2000000000000000111 ) ) ;
#310 = ORIENTED_EDGE ( 'NONE', *, *, #9299, .F. ) ;
#311 = ORIENTED_EDGE ( 'NONE', *, *, #4857, .F. ) ;
#312 = SURFACE_STYLE_USAGE ( .BOTH. , #4158 ) ;
#313 = CARTESIAN_POINT ( 'NONE',  ( 20.25000000000000000, -1.084202172485504434E-16, -9.500000000000000000 ) ) ;
#314 = VERTEX_POINT ( 'NONE', #8350 ) ;
#315 = SURFACE_SIDE_STYLE ('',( #275 ) ) ;
#316 = CIRCLE ( 'NONE', #7081, 0.5999999999999998668 ) ;
#317 = ORIENTED_EDGE ( 'NONE', *, *, #6236, .F. ) ;
#318 = CARTESIAN_POINT ( 'NONE',  ( 17.75000000000000000, -1.084202172485504434E-16, -8.900000000000000355 ) ) ;
#319 = FILL_AREA_STYLE_COLOUR ( '', #9406 ) ;
#320 = SURFACE_STYLE_FILL_AREA ( #6580 ) ;
#321 = MECHANICAL_DESIGN_GEOMETRIC_PRESENTATION_REPRESENTATION (  '', ( #4685 ), #958 ) ;
#322 =( LENGTH_UNIT ( ) NAMED_UNIT ( * ) SI_UNIT ( .MILLI., .METRE. ) );
#323 = VERTEX_POINT ( 'NONE', #1443 ) ;
#324 = FILL_AREA_STYLE ('',( #1733 ) ) ;
#325 = CARTESIAN_POINT ( 'NONE',  ( 12.75000000000000178, 2.449999999999999734, -8.300000000000000711 ) ) ;
#326 = ORIENTED_EDGE ( 'NONE', *, *, #7677, .F. ) ;
#327 = VECTOR ( 'NONE', #9562, 1000.000000000000114 ) ;
#328 = CARTESIAN_POINT ( 'NONE',  ( 14.65000000000000213, 3.050000000000000266, -0.4000000000000009104 ) ) ;
#329 = EDGE_CURVE ( 'NONE', #3720, #3777, #7854, .T. ) ;
#330 = PLANE ( 'NONE',  #7204 ) ;
#331 = ADVANCED_FACE ( 'NONE', ( #2559 ), #3991, .F. ) ;
#332 = LINE ( 'NONE', #6487, #1440 ) ;
#333 = VECTOR ( 'NONE', #6963, 1000.000000000000000 ) ;
#334 = CARTESIAN_POINT ( 'NONE',  ( 1.999999999999998224, 6.100999999999999979, -0.2000000000000018152 ) ) ;
#335 = FILL_AREA_STYLE_COLOUR ( '', #2456 ) ;
#336 = LINE ( 'NONE', #3427, #396 ) ;
#337 = CARTESIAN_POINT ( 'NONE',  ( 17.75000000000000000, 6.099999999999999645, -7.000000000000000000 ) ) ;
#338 = VERTEX_POINT ( 'NONE', #1785 ) ;
#339 = ORIENTED_EDGE ( 'NONE', *, *, #5274, .T. ) ;
#340 = EDGE_CURVE ( 'NONE', #6703, #5732, #9239, .T. ) ;
#341 = SURFACE_SIDE_STYLE ('',( #6652 ) ) ;
#342 = PRESENTATION_LAYER_ASSIGNMENT (  '', '', ( #1780 ) ) ;
#343 = ADVANCED_FACE ( 'NONE', ( #1039 ), #7943, .T. ) ;
#344 = DIRECTION ( 'NONE',  ( 1.000000000000000000, 0.000000000000000000, 0.000000000000000000 ) ) ;
#345 =( LENGTH_UNIT ( ) NAMED_UNIT ( * ) SI_UNIT ( .MILLI., .METRE. ) );
#346 = DIRECTION ( 'NONE',  ( -1.000000000000000000, -0.000000000000000000, -0.000000000000000000 ) ) ;
#347 = EDGE_CURVE ( 'NONE', #4035, #8138, #9384, .T. ) ;
#348 = COLOUR_RGB ( '',0.7529411764705882248, 0.7529411764705882248, 0.7529411764705882248 ) ;
#349 = DIRECTION ( 'NONE',  ( 0.000000000000000000, 0.000000000000000000, -1.000000000000000000 ) ) ;
#350 = PRESENTATION_STYLE_ASSIGNMENT (( #3593 ) ) ;
#351 = ORIENTED_EDGE ( 'NONE', *, *, #4169, .F. ) ;
#352 = VERTEX_POINT ( 'NONE', #2361 ) ;
#353 =( GEOMETRIC_REPRESENTATION_CONTEXT ( 3 ) GLOBAL_UNCERTAINTY_ASSIGNED_CONTEXT ( ( #6341 ) ) GLOBAL_UNIT_ASSIGNED_CONTEXT ( ( #179, #1872, #9512 ) ) REPRESENTATION_CONTEXT ( 'NONE', 'WORKASPACE' ) );
#354 = LINE ( 'NONE', #8756, #9380 ) ;
#355 =( LENGTH_UNIT ( ) NAMED_UNIT ( * ) SI_UNIT ( .MILLI., .METRE. ) );
#356 =( NAMED_UNIT ( * ) PLANE_ANGLE_UNIT ( ) SI_UNIT ( $, .RADIAN. ) );
#357 = UNCERTAINTY_MEASURE_WITH_UNIT (LENGTH_MEASURE( 1.000000000000000082E-05 ), #4311, 'distance_accuracy_value', 'NONE');
#358 = SURFACE_STYLE_USAGE ( .BOTH. , #9509 ) ;
#359 = FACE_OUTER_BOUND ( 'NONE', #9847, .T. ) ;
#360 =( GEOMETRIC_REPRESENTATION_CONTEXT ( 3 ) GLOBAL_UNCERTAINTY_ASSIGNED_CONTEXT ( ( #882 ) ) GLOBAL_UNIT_ASSIGNED_CONTEXT ( ( #7029, #1413, #4504 ) ) REPRESENTATION_CONTEXT ( 'NONE', 'WORKASPACE' ) );
#361 = DIRECTION ( 'NONE',  ( 0.000000000000000000, -1.000000000000000000, 0.000000000000000000 ) ) ;
#362 = COLOUR_RGB ( '',0.7529411764705882248, 0.7529411764705882248, 0.7529411764705882248 ) ;
#363 = LINE ( 'NONE', #421, #7757 ) ;
#364 = CARTESIAN_POINT ( 'NONE',  ( 7.150000000000000355, 6.099999999999999645, -7.000000000000000000 ) ) ;
#365 = ORIENTED_EDGE ( 'NONE', *, *, #9617, .F. ) ;
#366 = VERTEX_POINT ( 'NONE', #4834 ) ;
#367 = ORIENTED_EDGE ( 'NONE', *, *, #7449, .T. ) ;
#368 =( NAMED_UNIT ( * ) PLANE_ANGLE_UNIT ( ) SI_UNIT ( $, .RADIAN. ) );
#369 = FACE_OUTER_BOUND ( 'NONE', #8723, .T. ) ;
#370 = CARTESIAN_POINT ( 'NONE',  ( 14.85000000000000142, 3.450000000000000178, -0.2000000000000000111 ) ) ;
#371 = CARTESIAN_POINT ( 'NONE',  ( 17.44999999999999929, 0.000000000000000000, -9.500000000000000000 ) ) ;
#372 = MECHANICAL_DESIGN_GEOMETRIC_PRESENTATION_REPRESENTATION (  '', ( #9040 ), #2628 ) ;
#373 = COLOUR_RGB ( '',0.7529411764705882248, 0.7529411764705882248, 0.7529411764705882248 ) ;
#374 = DIRECTION ( 'NONE',  ( 0.000000000000000000, 0.000000000000000000, -1.000000000000000000 ) ) ;
#375 = UNCERTAINTY_MEASURE_WITH_UNIT (LENGTH_MEASURE( 1.000000000000000082E-05 ), #7679, 'distance_accuracy_value', 'NONE');
#376 = DIRECTION ( 'NONE',  ( 0.000000000000000000, 0.000000000000000000, -1.000000000000000000 ) ) ;
#377 = DIRECTION ( 'NONE',  ( -1.000000000000000000, -0.000000000000000000, -0.000000000000000000 ) ) ;
#378 = VERTEX_POINT ( 'NONE', #5445 ) ;
#379 = STYLED_ITEM ( 'NONE', ( #2276 ), #5767 ) ;
#380 = MECHANICAL_DESIGN_GEOMETRIC_PRESENTATION_REPRESENTATION (  '', ( #4095 ), #1654 ) ;
#381 = CARTESIAN_POINT ( 'NONE',  ( 2.550000000000000711, 3.050000000000000266, -0.2000000000000000111 ) ) ;
#382 = ORIENTED_EDGE ( 'NONE', *, *, #645, .F. ) ;
#383 =( NAMED_UNIT ( * ) SI_UNIT ( $, .STERADIAN. ) SOLID_ANGLE_UNIT ( ) );
#384 = DIRECTION ( 'NONE',  ( 0.000000000000000000, 0.000000000000000000, 1.000000000000000000 ) ) ;
#385 = VECTOR ( 'NONE', #665, 1000.000000000000000 ) ;
#386 = VECTOR ( 'NONE', #8895, 1000.000000000000000 ) ;
#387 = PRESENTATION_LAYER_ASSIGNMENT (  '', '', ( #4271 ) ) ;
#388 = AXIS2_PLACEMENT_3D ( 'NONE', #8065, #1297, #498 ) ;
#389 = LINE ( 'NONE', #4882, #7571 ) ;
#390 = COLOUR_RGB ( '',0.7529411764705882248, 0.7529411764705882248, 0.7529411764705882248 ) ;
#391 = EDGE_CURVE ( 'NONE', #8507, #5302, #7895, .T. ) ;
#392 = VECTOR ( 'NONE', #9318, 1000.000000000000000 ) ;
#393 = SURFACE_STYLE_FILL_AREA ( #6551 ) ;
#394 = ORIENTED_EDGE ( 'NONE', *, *, #4872, .T. ) ;
#395 = ORIENTED_EDGE ( 'NONE', *, *, #5919, .T. ) ;
#396 = VECTOR ( 'NONE', #9686, 1000.000000000000000 ) ;
#397 = STYLED_ITEM ( 'NONE', ( #1777 ), #4512 ) ;
#398 = CARTESIAN_POINT ( 'NONE',  ( 20.25000000000000000, -1.084202172485504434E-16, -9.500000000000000000 ) ) ;
#399 = AXIS2_PLACEMENT_3D ( 'NONE', #7174, #3354, #7266 ) ;
#400 = COLOUR_RGB ( '',0.7529411764705882248, 0.7529411764705882248, 0.7529411764705882248 ) ;
#401 = VECTOR ( 'NONE', #1280, 1000.000000000000000 ) ;
#402 = MECHANICAL_DESIGN_GEOMETRIC_PRESENTATION_REPRESENTATION (  '', ( #8436 ), #6205 ) ;
#403 = AXIS2_PLACEMENT_3D ( 'NONE', #7040, #9362, #5577 ) ;
#404 = FACE_OUTER_BOUND ( 'NONE', #2732, .T. ) ;
#405 = PRESENTATION_LAYER_ASSIGNMENT (  '', '', ( #9071 ) ) ;
#406 = EDGE_CURVE ( 'NONE', #1603, #7579, #4084, .T. ) ;
#407 = DIRECTION ( 'NONE',  ( 0.000000000000000000, -1.000000000000000000, 0.000000000000000000 ) ) ;
#408 = SURFACE_SIDE_STYLE ('',( #4898 ) ) ;
#409 = FILL_AREA_STYLE ('',( #1250 ) ) ;
#410 = ORIENTED_EDGE ( 'NONE', *, *, #9507, .F. ) ;
#411 = VERTEX_POINT ( 'NONE', #5750 ) ;
#412 = EDGE_CURVE ( 'NONE', #3871, #572, #2044, .T. ) ;
#413 = AXIS2_PLACEMENT_3D ( 'NONE', #4245, #344, #5805 ) ;
#414 = PRESENTATION_LAYER_ASSIGNMENT (  '', '', ( #4292 ) ) ;
#415 = CARTESIAN_POINT ( 'NONE',  ( 2.750000000000000444, -1.084202172485504434E-16, -0.4000000000000010214 ) ) ;
#416 = LINE ( 'NONE', #5617, #3498 ) ;
#417 = VECTOR ( 'NONE', #1507, 1000.000000000000000 ) ;
#418 = EDGE_CURVE ( 'NONE', #1141, #5493, #3483, .T. ) ;
#419 =( GEOMETRIC_REPRESENTATION_CONTEXT ( 3 ) GLOBAL_UNCERTAINTY_ASSIGNED_CONTEXT ( ( #9115 ) ) GLOBAL_UNIT_ASSIGNED_CONTEXT ( ( #8923, #2192, #8229 ) ) REPRESENTATION_CONTEXT ( 'NONE', 'WORKASPACE' ) );
#420 = CARTESIAN_POINT ( 'NONE',  ( 2.750000000000000888, 3.050000000000000266, -7.000000000000000000 ) ) ;
#421 = CARTESIAN_POINT ( 'NONE',  ( 15.25000000000000178, -1.084202172485504434E-16, -9.500000000000000000 ) ) ;
#422 =( LENGTH_UNIT ( ) NAMED_UNIT ( * ) SI_UNIT ( .MILLI., .METRE. ) );
#423 = FILL_AREA_STYLE_COLOUR ( '', #4562 ) ;
#424 = VERTEX_POINT ( 'NONE', #4983 ) ;
#425 = SURFACE_STYLE_USAGE ( .BOTH. , #8814 ) ;
#426 = ORIENTED_EDGE ( 'NONE', *, *, #9195, .F. ) ;
#427 = VERTEX_POINT ( 'NONE', #9588 ) ;
#428 = LINE ( 'NONE', #4972, #2338 ) ;
#429 = VERTEX_POINT ( 'NONE', #8003 ) ;
#430 = CARTESIAN_POINT ( 'NONE',  ( 12.15000000000000036, 3.649999999999999911, -7.000000000000000000 ) ) ;
#431 = AXIS2_PLACEMENT_3D ( 'NONE', #7062, #3044, #4546 ) ;
#432 = PLANE ( 'NONE',  #1338 ) ;
#433 = ADVANCED_FACE ( 'NONE', ( #6545 ), #5897, .T. ) ;
#434 = DIRECTION ( 'NONE',  ( -1.000000000000000000, 0.000000000000000000, 0.000000000000000000 ) ) ;
#435 = ADVANCED_BREP_SHAPE_REPRESENTATION ( 'S-XH-A08 pts', ( #4485, #2663 ), #7015 ) ;
#436 = LINE ( 'NONE', #2740, #5216 ) ;
#437 =( LENGTH_UNIT ( ) NAMED_UNIT ( * ) SI_UNIT ( .MILLI., .METRE. ) );
#438 = MECHANICAL_DESIGN_GEOMETRIC_PRESENTATION_REPRESENTATION (  '', ( #5592 ), #3349 ) ;
#439 = ORIENTED_EDGE ( 'NONE', *, *, #4429, .F. ) ;
#440 = SURFACE_STYLE_FILL_AREA ( #4281 ) ;
#441 = SURFACE_STYLE_USAGE ( .BOTH. , #1936 ) ;
#442 = VERTEX_POINT ( 'NONE', #4182 ) ;
#443 =( NAMED_UNIT ( * ) PLANE_ANGLE_UNIT ( ) SI_UNIT ( $, .RADIAN. ) );
#444 =( NAMED_UNIT ( * ) SI_UNIT ( $, .STERADIAN. ) SOLID_ANGLE_UNIT ( ) );
#445 = AXIS2_PLACEMENT_3D ( 'NONE', #5481, #932, #4032 ) ;
#446 = FILL_AREA_STYLE ('',( #7347 ) ) ;
#447 = SURFACE_SIDE_STYLE ('',( #8053 ) ) ;
#448 = MECHANICAL_DESIGN_GEOMETRIC_PRESENTATION_REPRESENTATION (  '', ( #8640 ), #4005 ) ;
#449 = CARTESIAN_POINT ( 'NONE',  ( 2.150000000000000355, -1.084202172485504434E-16, -9.500000000000000000 ) ) ;
#450 = AXIS2_PLACEMENT_3D ( 'NONE', #947, #7816, #7957 ) ;
#451 = VERTEX_POINT ( 'NONE', #3534 ) ;
#452 = DIRECTION ( 'NONE',  ( 0.000000000000000000, -0.000000000000000000, -1.000000000000000000 ) ) ;
#453 = CARTESIAN_POINT ( 'NONE',  ( 18.95000000000000284, 5.299999999999998934, 2.755455298081515504E-17 ) ) ;
#454 = SURFACE_STYLE_USAGE ( .BOTH. , #4301 ) ;
#455 =( LENGTH_UNIT ( ) NAMED_UNIT ( * ) SI_UNIT ( .MILLI., .METRE. ) );
#456 = DIRECTION ( 'NONE',  ( 0.000000000000000000, 0.000000000000000000, -1.000000000000000000 ) ) ;
#457 = ORIENTED_EDGE ( 'NONE', *, *, #910, .F. ) ;
#458 = VERTEX_POINT ( 'NONE', #4233 ) ;
#459 = EDGE_CURVE ( 'NONE', #4596, #5612, #8048, .T. ) ;
#460 = CARTESIAN_POINT ( 'NONE',  ( 14.65000000000000213, -1.084202172485504434E-16, -8.900000000000000355 ) ) ;
#461 = DIRECTION ( 'NONE',  ( 0.000000000000000000, 0.000000000000000000, 1.000000000000000000 ) ) ;
#462 = PRESENTATION_STYLE_ASSIGNMENT (( #5923 ) ) ;
#463 = UNCERTAINTY_MEASURE_WITH_UNIT (LENGTH_MEASURE( 1.000000000000000082E-05 ), #7447, 'distance_accuracy_value', 'NONE');
#464 = EDGE_CURVE ( 'NONE', #4145, #9674, #8193, .T. ) ;
#465 = DIRECTION ( 'NONE',  ( -0.000000000000000000, -1.000000000000000000, -0.000000000000000000 ) ) ;
#466 = DIRECTION ( 'NONE',  ( -1.000000000000000000, 0.000000000000000000, 0.000000000000000000 ) ) ;
#467 = DIRECTION ( 'NONE',  ( 0.000000000000000000, 0.000000000000000000, 1.000000000000000000 ) ) ;
#468 = ORIENTED_EDGE ( 'NONE', *, *, #9550, .T. ) ;
#469 = ORIENTED_EDGE ( 'NONE', *, *, #9258, .T. ) ;
#470 = ORIENTED_EDGE ( 'NONE', *, *, #7494, .T. ) ;
#471 = CARTESIAN_POINT ( 'NONE',  ( 18.95000000000000284, 6.100999999999999979, -3.700000000000000178 ) ) ;
#472 = EDGE_CURVE ( 'NONE', #411, #3223, #5796, .T. ) ;
#473 = FILL_AREA_STYLE_COLOUR ( '', #3616 ) ;
#474 = DIRECTION ( 'NONE',  ( 0.000000000000000000, 0.000000000000000000, -1.000000000000000000 ) ) ;
#475 = CARTESIAN_POINT ( 'NONE',  ( 7.483333333333332504, 3.316666666666667318, -0.06666666666666637431 ) ) ;
#476 = UNCERTAINTY_MEASURE_WITH_UNIT (LENGTH_MEASURE( 1.000000000000000082E-05 ), #488, 'distance_accuracy_value', 'NONE');
#477 = CARTESIAN_POINT ( 'NONE',  ( 7.450000000000000178, 0.000000000000000000, -9.199999999999999289 ) ) ;
#478 = CARTESIAN_POINT ( 'NONE',  ( 22.39999999999999858, 6.099999999999999645, 0.000000000000000000 ) ) ;
#479 = PRESENTATION_LAYER_ASSIGNMENT (  '', '', ( #9780 ) ) ;
#480 = VERTEX_POINT ( 'NONE', #1839 ) ;
#481 = ADVANCED_FACE ( 'NONE', ( #294 ), #330, .T. ) ;
#482 = SURFACE_SIDE_STYLE ('',( #440 ) ) ;
#483 = PRESENTATION_STYLE_ASSIGNMENT (( #441 ) ) ;
#484 = EDGE_LOOP ( 'NONE', ( #825, #211, #1474, #4505, #6290, #9137, #9662, #1537, #2288 ) ) ;
#485 = CARTESIAN_POINT ( 'NONE',  ( 3.469446951953614189E-15, 4.499999999999999112, -3.199999999999998401 ) ) ;
#486 = DIRECTION ( 'NONE',  ( 0.000000000000000000, 0.000000000000000000, -1.000000000000000000 ) ) ;
#487 =( LENGTH_UNIT ( ) NAMED_UNIT ( * ) SI_UNIT ( .MILLI., .METRE. ) );
#488 =( LENGTH_UNIT ( ) NAMED_UNIT ( * ) SI_UNIT ( .MILLI., .METRE. ) );
#489 =( LENGTH_UNIT ( ) NAMED_UNIT ( * ) SI_UNIT ( .MILLI., .METRE. ) );
#490 = AXIS2_PLACEMENT_3D ( 'NONE', #1459, #7575, #4500 ) ;
#491 = DIRECTION ( 'NONE',  ( -1.000000000000000000, -0.000000000000000000, -0.000000000000000000 ) ) ;
#492 = CARTESIAN_POINT ( 'NONE',  ( 9.650000000000000355, 6.099999999999999645, -6.200000000000000178 ) ) ;
#493 = ORIENTED_EDGE ( 'NONE', *, *, #7296, .F. ) ;
#494 = LINE ( 'NONE', #9741, #7316 ) ;
#495 = VECTOR ( 'NONE', #3240, 1000.000000000000000 ) ;
#496 = PRESENTATION_STYLE_ASSIGNMENT (( #9787 ) ) ;
#497 =( LENGTH_UNIT ( ) NAMED_UNIT ( * ) SI_UNIT ( .MILLI., .METRE. ) );
#498 = DIRECTION ( 'NONE',  ( 0.000000000000000000, 0.000000000000000000, 1.000000000000000000 ) ) ;
#499 = PRESENTATION_STYLE_ASSIGNMENT (( #5485 ) ) ;
#500 = CARTESIAN_POINT ( 'NONE',  ( 12.15000000000000036, 3.050000000000000266, -0.2000000000000000111 ) ) ;
#501 = SURFACE_SIDE_STYLE ('',( #9602 ) ) ;
#502 = ORIENTED_EDGE ( 'NONE', *, *, #6343, .F. ) ;
#503 = EDGE_LOOP ( 'NONE', ( #502, #4631, #2467, #5519 ) ) ;
#504 = DIRECTION ( 'NONE',  ( -0.000000000000000000, -1.000000000000000000, -0.000000000000000000 ) ) ;
#505 =( GEOMETRIC_REPRESENTATION_CONTEXT ( 3 ) GLOBAL_UNCERTAINTY_ASSIGNED_CONTEXT ( ( #682 ) ) GLOBAL_UNIT_ASSIGNED_CONTEXT ( ( #58, #841, #896 ) ) REPRESENTATION_CONTEXT ( 'NONE', 'WORKASPACE' ) );
#506 = CARTESIAN_POINT ( 'NONE',  ( 19.65000000000000213, 2.449999999999999734, -9.500000000000000000 ) ) ;
#507 = CARTESIAN_POINT ( 'NONE',  ( 4.950000000000000178, -2.000000000000000000, -9.199999999999999289 ) ) ;
#508 =( NAMED_UNIT ( * ) SI_UNIT ( $, .STERADIAN. ) SOLID_ANGLE_UNIT ( ) );
#509 = CARTESIAN_POINT ( 'NONE',  ( 0.000000000000000000, 5.299999999999998934, 0.000000000000000000 ) ) ;
#510 = DIRECTION ( 'NONE',  ( 1.000000000000000000, 0.000000000000000000, 0.000000000000000000 ) ) ;
#511 = ADVANCED_FACE ( 'NONE', ( #5992 ), #1479, .F. ) ;
#512 = CARTESIAN_POINT ( 'NONE',  ( 2.450000000000000178, 0.000000000000000000, -9.199999999999999289 ) ) ;
#513 =( NAMED_UNIT ( * ) SI_UNIT ( $, .STERADIAN. ) SOLID_ANGLE_UNIT ( ) );
#514 = STYLED_ITEM ( 'NONE', ( #7295 ), #1517 ) ;
#515 = ORIENTED_EDGE ( 'NONE', *, *, #789, .F. ) ;
#516 = ORIENTED_EDGE ( 'NONE', *, *, #4735, .F. ) ;
#517 = VERTEX_POINT ( 'NONE', #632 ) ;
#518 =( LENGTH_UNIT ( ) NAMED_UNIT ( * ) SI_UNIT ( .MILLI., .METRE. ) );
#519 = AXIS2_PLACEMENT_3D ( 'NONE', #7911, #8504, #4758 ) ;
#520 = LINE ( 'NONE', #8375, #4750 ) ;
#521 = FILL_AREA_STYLE_COLOUR ( '', #9089 ) ;
#522 = LINE ( 'NONE', #5075, #5863 ) ;
#523 = PRESENTATION_LAYER_ASSIGNMENT (  '', '', ( #4878 ) ) ;
#524 = EDGE_CURVE ( 'NONE', #3185, #4542, #163, .T. ) ;
#525 = ORIENTED_EDGE ( 'NONE', *, *, #9564, .F. ) ;
#526 = SURFACE_STYLE_USAGE ( .BOTH. , #482 ) ;
#527 = DIRECTION ( 'NONE',  ( 0.000000000000000000, 0.000000000000000000, -1.000000000000000000 ) ) ;
#528 = VERTEX_POINT ( 'NONE', #739 ) ;
#529 = EDGE_CURVE ( 'NONE', #8427, #6418, #4036, .T. ) ;
#530 = PRESENTATION_LAYER_ASSIGNMENT (  '', '', ( #4883 ) ) ;
#531 = DIRECTION ( 'NONE',  ( -1.000000000000000000, 0.000000000000000000, 0.000000000000000000 ) ) ;
#532 = PRESENTATION_STYLE_ASSIGNMENT (( #2865 ) ) ;
#533 = DIRECTION ( 'NONE',  ( 0.000000000000000000, 1.000000000000000000, 0.000000000000000000 ) ) ;
#534 = PRESENTATION_STYLE_ASSIGNMENT (( #8437 ) ) ;
#535 = DIRECTION ( 'NONE',  ( 1.000000000000000000, -0.000000000000000000, -0.000000000000000000 ) ) ;
#536 = MECHANICAL_DESIGN_GEOMETRIC_PRESENTATION_REPRESENTATION (  '', ( #2971 ), #2798 ) ;
#537 = ADVANCED_FACE ( 'NONE', ( #2245 ), #5229, .T. ) ;
#538 = FACE_OUTER_BOUND ( 'NONE', #5646, .T. ) ;
#539 =( NAMED_UNIT ( * ) PLANE_ANGLE_UNIT ( ) SI_UNIT ( $, .RADIAN. ) );
#540 = VECTOR ( 'NONE', #7597, 1000.000000000000000 ) ;
#541 = ORIENTED_EDGE ( 'NONE', *, *, #3319, .T. ) ;
#542 = DIRECTION ( 'NONE',  ( -0.000000000000000000, 1.000000000000000000, -0.000000000000000000 ) ) ;
#543 = VECTOR ( 'NONE', #9915, 1000.000000000000000 ) ;
#544 = COLOUR_RGB ( '',0.7529411764705882248, 0.7529411764705882248, 0.7529411764705882248 ) ;
#545 = VECTOR ( 'NONE', #1361, 1000.000000000000000 ) ;
#546 = EDGE_CURVE ( 'NONE', #1031, #3853, #4522, .T. ) ;
#547 =( LENGTH_UNIT ( ) NAMED_UNIT ( * ) SI_UNIT ( .MILLI., .METRE. ) );
#548 = SURFACE_STYLE_USAGE ( .BOTH. , #9842 ) ;
#549 =( LENGTH_UNIT ( ) NAMED_UNIT ( * ) SI_UNIT ( .MILLI., .METRE. ) );
#550 = VECTOR ( 'NONE', #758, 1000.000000000000000 ) ;
#551 = AXIS2_PLACEMENT_3D ( 'NONE', #5800, #6444, #2665 ) ;
#552 = FILL_AREA_STYLE_COLOUR ( '', #2150 ) ;
#553 = CARTESIAN_POINT ( 'NONE',  ( 7.750000000000000000, 3.649999999999999911, -0.2000000000000000111 ) ) ;
#554 = ORIENTED_EDGE ( 'NONE', *, *, #4129, .T. ) ;
#555 = VERTEX_POINT ( 'NONE', #3781 ) ;
#556 =( GEOMETRIC_REPRESENTATION_CONTEXT ( 3 ) GLOBAL_UNCERTAINTY_ASSIGNED_CONTEXT ( ( #7228 ) ) GLOBAL_UNIT_ASSIGNED_CONTEXT ( ( #8236, #9774, #2086 ) ) REPRESENTATION_CONTEXT ( 'NONE', 'WORKASPACE' ) );
#557 = CARTESIAN_POINT ( 'NONE',  ( 15.25000000000000178, 2.450000000000000178, -8.900000000000000355 ) ) ;
#558 =( NAMED_UNIT ( * ) PLANE_ANGLE_UNIT ( ) SI_UNIT ( $, .RADIAN. ) );
#559 = MECHANICAL_DESIGN_GEOMETRIC_PRESENTATION_REPRESENTATION (  '', ( #9071 ), #5085 ) ;
#560 = STYLED_ITEM ( 'NONE', ( #6904 ), #2259 ) ;
#561 = STYLED_ITEM ( 'NONE', ( #9210 ), #5411 ) ;
#562 = CARTESIAN_POINT ( 'NONE',  ( 12.75000000000000178, 3.649999999999999911, -0.4000000000000009104 ) ) ;
#563 = CARTESIAN_POINT ( 'NONE',  ( 17.75000000000000000, -1.084202172485504434E-16, -9.500000000000000000 ) ) ;
#564 = COLOUR_RGB ( '',0.7529411764705882248, 0.7529411764705882248, 0.7529411764705882248 ) ;
#565 = DIRECTION ( 'NONE',  ( 0.000000000000000000, 0.000000000000000000, -1.000000000000000000 ) ) ;
#566 =( GEOMETRIC_REPRESENTATION_CONTEXT ( 3 ) GLOBAL_UNCERTAINTY_ASSIGNED_CONTEXT ( ( #7528 ) ) GLOBAL_UNIT_ASSIGNED_CONTEXT ( ( #5363, #5207, #8472 ) ) REPRESENTATION_CONTEXT ( 'NONE', 'WORKASPACE' ) );
#567 = FILL_AREA_STYLE_COLOUR ( '', #3422 ) ;
#568 = MECHANICAL_DESIGN_GEOMETRIC_PRESENTATION_REPRESENTATION (  '', ( #2342 ), #1606 ) ;
#569 = FILL_AREA_STYLE ('',( #2027 ) ) ;
#570 = EDGE_LOOP ( 'NONE', ( #9419, #2957, #925, #2529, #5319 ) ) ;
#571 = LINE ( 'NONE', #2636, #6691 ) ;
#572 = VERTEX_POINT ( 'NONE', #788 ) ;
#573 = COLOUR_RGB ( '',0.7529411764705882248, 0.7529411764705882248, 0.7529411764705882248 ) ;
#574 = VECTOR ( 'NONE', #5376, 1000.000000000000000 ) ;
#575 = ORIENTED_EDGE ( 'NONE', *, *, #2202, .F. ) ;
#576 = FILL_AREA_STYLE ('',( #7477 ) ) ;
#577 = AXIS2_PLACEMENT_3D ( 'NONE', #3430, #9340, #3234 ) ;
#578 = CARTESIAN_POINT ( 'NONE',  ( 14.65000000000000213, -1.084202172485504434E-16, -8.900000000000000355 ) ) ;
#579 = UNCERTAINTY_MEASURE_WITH_UNIT (LENGTH_MEASURE( 1.000000000000000082E-05 ), #8055, 'distance_accuracy_value', 'NONE');
#580 = FACE_OUTER_BOUND ( 'NONE', #4069, .T. ) ;
#581 = DIRECTION ( 'NONE',  ( 0.000000000000000000, -0.5002775978746291097, -0.8658650732445505316 ) ) ;
#582 = ORIENTED_EDGE ( 'NONE', *, *, #5156, .T. ) ;
#583 = ORIENTED_EDGE ( 'NONE', *, *, #8341, .T. ) ;
#584 = CARTESIAN_POINT ( 'NONE',  ( 7.750000000000000000, 3.250000000000000000, -0.2000000000000000111 ) ) ;
#585 = ORIENTED_EDGE ( 'NONE', *, *, #3398, .T. ) ;
#586 = DIRECTION ( 'NONE',  ( 0.000000000000000000, -1.000000000000000000, 0.000000000000000000 ) ) ;
#587 = CARTESIAN_POINT ( 'NONE',  ( 17.14999999999999858, 0.000000000000000000, -9.199999999999999289 ) ) ;
#589 = ADVANCED_FACE ( 'NONE', ( #2354 ), #4784, .T. ) ;
#588 = FACE_OUTER_BOUND ( 'NONE', #3548, .T. ) ;
#590 = CARTESIAN_POINT ( 'NONE',  ( 15.25000000000000178, -1.084202172485504434E-16, -9.500000000000000000 ) ) ;
#591 = VECTOR ( 'NONE', #6455, 1000.000000000000000 ) ;
#592 = EDGE_CURVE ( 'NONE', #8850, #8896, #5436, .T. ) ;
#593 = SURFACE_SIDE_STYLE ('',( #4379 ) ) ;
#594 = UNCERTAINTY_MEASURE_WITH_UNIT (LENGTH_MEASURE( 1.000000000000000082E-05 ), #4880, 'distance_accuracy_value', 'NONE');
#595 =( LENGTH_UNIT ( ) NAMED_UNIT ( * ) SI_UNIT ( .MILLI., .METRE. ) );
#596 = DIRECTION ( 'NONE',  ( 0.000000000000000000, 0.000000000000000000, -1.000000000000000000 ) ) ;
#597 = ORIENTED_EDGE ( 'NONE', *, *, #3645, .F. ) ;
#598 = DIRECTION ( 'NONE',  ( 0.000000000000000000, -0.000000000000000000, 1.000000000000000000 ) ) ;
#599 = STYLED_ITEM ( 'NONE', ( #3412 ), #7196 ) ;
#600 = CARTESIAN_POINT ( 'NONE',  ( 10.25000000000000000, 3.050000000000000266, -0.4000000000000009104 ) ) ;
#601 = EDGE_CURVE ( 'NONE', #3074, #7299, #862, .T. ) ;
#602 = EDGE_CURVE ( 'NONE', #3213, #9352, #8486, .T. ) ;
#603 = PLANE ( 'NONE',  #1123 ) ;
#604 = FILL_AREA_STYLE_COLOUR ( '', #2600 ) ;
#605 = PRESENTATION_LAYER_ASSIGNMENT (  '', '', ( #8173 ) ) ;
#606 = CARTESIAN_POINT ( 'NONE',  ( 2.750000000000000444, -1.084202172485504434E-16, -9.500000000000000000 ) ) ;
#607 = SURFACE_STYLE_FILL_AREA ( #1601 ) ;
#608 = EDGE_LOOP ( 'NONE', ( #4715, #9879, #1060 ) ) ;
#609 = EDGE_CURVE ( 'NONE', #5748, #8337, #9688, .T. ) ;
#610 = ORIENTED_EDGE ( 'NONE', *, *, #6410, .T. ) ;
#611 = CARTESIAN_POINT ( 'NONE',  ( 19.84999999999999787, 3.050000000000000266, -0.2000000000000000111 ) ) ;
#612 = MECHANICAL_DESIGN_GEOMETRIC_PRESENTATION_REPRESENTATION (  '', ( #8332 ), #9081 ) ;
#613 = DIRECTION ( 'NONE',  ( -0.000000000000000000, 1.000000000000000000, -0.000000000000000000 ) ) ;
#614 = PRESENTATION_STYLE_ASSIGNMENT (( #3403 ) ) ;
#615 = DIRECTION ( 'NONE',  ( 0.000000000000000000, -1.000000000000000000, 0.000000000000000000 ) ) ;
#616 = DIRECTION ( 'NONE',  ( 0.000000000000000000, -1.000000000000000000, -1.734723475976807094E-15 ) ) ;
#617 = EDGE_LOOP ( 'NONE', ( #6828, #2108, #5310 ) ) ;
#618 = ORIENTED_EDGE ( 'NONE', *, *, #8171, .F. ) ;
#619 = VERTEX_POINT ( 'NONE', #5480 ) ;
#620 =( NAMED_UNIT ( * ) PLANE_ANGLE_UNIT ( ) SI_UNIT ( $, .RADIAN. ) );
#621 =( NAMED_UNIT ( * ) SI_UNIT ( $, .STERADIAN. ) SOLID_ANGLE_UNIT ( ) );
#622 = PRESENTATION_STYLE_ASSIGNMENT (( #7538 ) ) ;
#623 = SURFACE_SIDE_STYLE ('',( #9666 ) ) ;
#624 = DIRECTION ( 'NONE',  ( 1.000000000000000000, -0.000000000000000000, 0.000000000000000000 ) ) ;
#625 = PLANE ( 'NONE',  #9544 ) ;
#626 = ORIENTED_EDGE ( 'NONE', *, *, #6270, .F. ) ;
#627 = DIRECTION ( 'NONE',  ( 1.000000000000000000, -0.000000000000000000, -0.000000000000000000 ) ) ;
#628 = VERTEX_POINT ( 'NONE', #3217 ) ;
#629 = CARTESIAN_POINT ( 'NONE',  ( 14.65000000000000213, 3.050000000000000266, -0.2000000000000000111 ) ) ;
#630 = ORIENTED_EDGE ( 'NONE', *, *, #5036, .T. ) ;
#631 = CARTESIAN_POINT ( 'NONE',  ( 0.000000000000000000, 6.099999999999999645, 0.000000000000000000 ) ) ;
#632 = CARTESIAN_POINT ( 'NONE',  ( 14.65000000000000213, 2.449999999999999734, -9.500000000000000000 ) ) ;
#633 =( NAMED_UNIT ( * ) PLANE_ANGLE_UNIT ( ) SI_UNIT ( $, .RADIAN. ) );
#634 = DIRECTION ( 'NONE',  ( 0.000000000000000000, 0.000000000000000000, 1.000000000000000000 ) ) ;
#635 = DIRECTION ( 'NONE',  ( -1.000000000000000000, 0.000000000000000000, 0.000000000000000000 ) ) ;
#636 = EDGE_CURVE ( 'NONE', #4823, #9619, #929, .T. ) ;
#637 = EDGE_LOOP ( 'NONE', ( #3442, #714, #5683, #2028 ) ) ;
#638 =( GEOMETRIC_REPRESENTATION_CONTEXT ( 3 ) GLOBAL_UNCERTAINTY_ASSIGNED_CONTEXT ( ( #5720 ) ) GLOBAL_UNIT_ASSIGNED_CONTEXT ( ( #7896, #1698, #4794 ) ) REPRESENTATION_CONTEXT ( 'NONE', 'WORKASPACE' ) );
#639 = DIRECTION ( 'NONE',  ( 0.000000000000000000, -0.7071067811865496822, -0.7071067811865453523 ) ) ;
#640 = DIRECTION ( 'NONE',  ( 0.000000000000000000, 0.000000000000000000, -1.000000000000000000 ) ) ;
#641 = DIRECTION ( 'NONE',  ( 0.000000000000000000, -1.000000000000000000, 0.000000000000000000 ) ) ;
#642 = STYLED_ITEM ( 'NONE', ( #6612 ), #8360 ) ;
#643 = CARTESIAN_POINT ( 'NONE',  ( 14.95000000000000107, -2.000000000000000000, -9.199999999999999289 ) ) ;
#644 =( LENGTH_UNIT ( ) NAMED_UNIT ( * ) SI_UNIT ( .MILLI., .METRE. ) );
#645 = EDGE_CURVE ( 'NONE', #3890, #2895, #98, .T. ) ;
#646 = CARTESIAN_POINT ( 'NONE',  ( 10.25000000000000000, 2.449999999999999734, -8.300000000000000711 ) ) ;
#647 = PLANE ( 'NONE',  #9376 ) ;
#648 = ORIENTED_EDGE ( 'NONE', *, *, #5513, .T. ) ;
#649 = ORIENTED_EDGE ( 'NONE', *, *, #4361, .T. ) ;
#650 = CARTESIAN_POINT ( 'NONE',  ( 4.650000000000000355, 3.050000000000000266, -0.4000000000000009104 ) ) ;
#651 = EDGE_CURVE ( 'NONE', #5766, #661, #3983, .T. ) ;
#652 = PRESENTATION_LAYER_ASSIGNMENT (  '', '', ( #2436 ) ) ;
#653 =( NAMED_UNIT ( * ) PLANE_ANGLE_UNIT ( ) SI_UNIT ( $, .RADIAN. ) );
#654 = LINE ( 'NONE', #3754, #2228 ) ;
#655 = ADVANCED_FACE ( 'NONE', ( #4075 ), #185, .F. ) ;
#656 = PLANE ( 'NONE',  #4576 ) ;
#657 = CARTESIAN_POINT ( 'NONE',  ( 1.999999999999998224, 6.100999999999999979, -1.823595528055445155E-15 ) ) ;
#658 =( NAMED_UNIT ( * ) PLANE_ANGLE_UNIT ( ) SI_UNIT ( $, .RADIAN. ) );
#659 = SURFACE_STYLE_USAGE ( .BOTH. , #4503 ) ;
#660 = PLANE ( 'NONE',  #8409 ) ;
#661 = VERTEX_POINT ( 'NONE', #370 ) ;
#662 =( NAMED_UNIT ( * ) PLANE_ANGLE_UNIT ( ) SI_UNIT ( $, .RADIAN. ) );
#663 = EDGE_LOOP ( 'NONE', ( #3898, #8914, #4971, #1380, #4359 ) ) ;
#664 = FILL_AREA_STYLE ('',( #1370 ) ) ;
#665 = DIRECTION ( 'NONE',  ( 1.000000000000000000, 0.000000000000000000, 0.000000000000000000 ) ) ;
#666 = VECTOR ( 'NONE', #2232, 1000.000000000000000 ) ;
#667 = CARTESIAN_POINT ( 'NONE',  ( 22.39999999999999858, 6.099999999999999645, 0.000000000000000000 ) ) ;
#668 = UNCERTAINTY_MEASURE_WITH_UNIT (LENGTH_MEASURE( 1.000000000000000082E-05 ), #7231, 'distance_accuracy_value', 'NONE');
#669 = VECTOR ( 'NONE', #3696, 1000.000000000000000 ) ;
#670 = PLANE ( 'NONE',  #5563 ) ;
#671 = VERTEX_POINT ( 'NONE', #5737 ) ;
#672 =( GEOMETRIC_REPRESENTATION_CONTEXT ( 3 ) GLOBAL_UNCERTAINTY_ASSIGNED_CONTEXT ( ( #2394 ) ) GLOBAL_UNIT_ASSIGNED_CONTEXT ( ( #6467, #8810, #4261 ) ) REPRESENTATION_CONTEXT ( 'NONE', 'WORKASPACE' ) );
#673 = VERTEX_POINT ( 'NONE', #7240 ) ;
#674 = DIRECTION ( 'NONE',  ( 0.000000000000000000, 1.000000000000000000, 0.000000000000000000 ) ) ;
#675 = EDGE_LOOP ( 'NONE', ( #9277, #4941 ) ) ;
#676 = PRESENTATION_LAYER_ASSIGNMENT (  '', '', ( #832 ) ) ;
#677 = DIRECTION ( 'NONE',  ( 0.000000000000000000, -1.000000000000000000, 0.000000000000000000 ) ) ;
#678 = DIRECTION ( 'NONE',  ( 0.000000000000000000, -1.000000000000000000, 0.000000000000000000 ) ) ;
#679 =( GEOMETRIC_REPRESENTATION_CONTEXT ( 3 ) GLOBAL_UNCERTAINTY_ASSIGNED_CONTEXT ( ( #4131 ) ) GLOBAL_UNIT_ASSIGNED_CONTEXT ( ( #3064, #3676, #2911 ) ) REPRESENTATION_CONTEXT ( 'NONE', 'WORKASPACE' ) );
#680 = SURFACE_STYLE_FILL_AREA ( #7599 ) ;
#681 = CARTESIAN_POINT ( 'NONE',  ( 17.34999999999999787, 3.050000000000000266, -0.2000000000000000111 ) ) ;
#682 = UNCERTAINTY_MEASURE_WITH_UNIT (LENGTH_MEASURE( 1.000000000000000082E-05 ), #58, 'distance_accuracy_value', 'NONE');
#683 = PRESENTATION_STYLE_ASSIGNMENT (( #2439 ) ) ;
#684 = SURFACE_STYLE_USAGE ( .BOTH. , #7602 ) ;
#685 =( GEOMETRIC_REPRESENTATION_CONTEXT ( 3 ) GLOBAL_UNCERTAINTY_ASSIGNED_CONTEXT ( ( #6434 ) ) GLOBAL_UNIT_ASSIGNED_CONTEXT ( ( #8421, #8326, #8225 ) ) REPRESENTATION_CONTEXT ( 'NONE', 'WORKASPACE' ) );
#686 = DIRECTION ( 'NONE',  ( 0.000000000000000000, -1.000000000000000000, 0.000000000000000000 ) ) ;
#687 = CARTESIAN_POINT ( 'NONE',  ( 19.65000000000000213, 2.450000000000000178, -8.900000000000000355 ) ) ;
#688 = ORIENTED_EDGE ( 'NONE', *, *, #6397, .F. ) ;
#689 = DIRECTION ( 'NONE',  ( 1.000000000000000000, 0.000000000000000000, 0.000000000000000000 ) ) ;
#690 = EDGE_CURVE ( 'NONE', #6675, #3777, #3456, .T. ) ;
#691 = VECTOR ( 'NONE', #3218, 1000.000000000000000 ) ;
#692 =( NAMED_UNIT ( * ) SI_UNIT ( $, .STERADIAN. ) SOLID_ANGLE_UNIT ( ) );
#693 = PLANE ( 'NONE',  #1677 ) ;
#694 = ORIENTED_EDGE ( 'NONE', *, *, #3067, .T. ) ;
#695 = ORIENTED_EDGE ( 'NONE', *, *, #1144, .F. ) ;
#696 = PRESENTATION_LAYER_ASSIGNMENT (  '', '', ( #5535 ) ) ;
#697 = STYLED_ITEM ( 'NONE', ( #7064 ), #4323 ) ;
#698 = DIRECTION ( 'NONE',  ( 0.000000000000000000, -1.000000000000000000, 0.000000000000000000 ) ) ;
#699 = VECTOR ( 'NONE', #2577, 1000.000000000000000 ) ;
#700 = MECHANICAL_DESIGN_GEOMETRIC_PRESENTATION_REPRESENTATION (  '', ( #3296 ), #232 ) ;
#701 = FACE_OUTER_BOUND ( 'NONE', #4082, .T. ) ;
#702 = EDGE_CURVE ( 'NONE', #7592, #4465, #2595, .T. ) ;
#703 = VECTOR ( 'NONE', #5599, 1000.000000000000000 ) ;
#704 = COLOUR_RGB ( '',0.7529411764705882248, 0.7529411764705882248, 0.7529411764705882248 ) ;
#705 = DIRECTION ( 'NONE',  ( 1.000000000000000000, 0.000000000000000000, -0.000000000000000000 ) ) ;
#706 = CARTESIAN_POINT ( 'NONE',  ( 19.65000000000000213, 0.000000000000000000, -9.199999999999999289 ) ) ;
#707 = EDGE_CURVE ( 'NONE', #4719, #8427, #5884, .T. ) ;
#708 = COLOUR_RGB ( '',0.7529411764705882248, 0.7529411764705882248, 0.7529411764705882248 ) ;
#709 = FILL_AREA_STYLE_COLOUR ( '', #7601 ) ;
#710 = CARTESIAN_POINT ( 'NONE',  ( 12.75000000000000178, -1.084202172485504434E-16, -0.4000000000000010214 ) ) ;
#711 = COLOUR_RGB ( '',0.7529411764705882248, 0.7529411764705882248, 0.7529411764705882248 ) ;
#712 = ORIENTED_EDGE ( 'NONE', *, *, #182, .T. ) ;
#713 = SURFACE_STYLE_USAGE ( .BOTH. , #1415 ) ;
#714 = ORIENTED_EDGE ( 'NONE', *, *, #5799, .F. ) ;
#715 = MECHANICAL_DESIGN_GEOMETRIC_PRESENTATION_REPRESENTATION (  '', ( #4586 ), #1526 ) ;
#716 = VECTOR ( 'NONE', #6734, 1000.000000000000227 ) ;
#717 = PRESENTATION_STYLE_ASSIGNMENT (( #3666 ) ) ;
#718 = VECTOR ( 'NONE', #4382, 1000.000000000000000 ) ;
#719 = COLOUR_RGB ( '',0.7529411764705882248, 0.7529411764705882248, 0.7529411764705882248 ) ;
#720 = FILL_AREA_STYLE_COLOUR ( '', #7982 ) ;
#721 = EDGE_CURVE ( 'NONE', #6062, #9865, #281, .T. ) ;
#722 = ADVANCED_FACE ( 'NONE', ( #2693 ), #432, .T. ) ;
#723 = VECTOR ( 'NONE', #834, 1000.000000000000000 ) ;
#724 = STYLED_ITEM ( 'NONE', ( #6164 ), #1267 ) ;
#725 = LINE ( 'NONE', #9015, #9275 ) ;
#726 = DIRECTION ( 'NONE',  ( 0.000000000000000000, -1.000000000000000000, 0.000000000000000000 ) ) ;
#727 = VECTOR ( 'NONE', #1821, 1000.000000000000000 ) ;
#728 = PLANE ( 'NONE',  #7809 ) ;
#729 = VECTOR ( 'NONE', #9358, 1000.000000000000000 ) ;
#730 = AXIS2_PLACEMENT_3D ( 'NONE', #5081, #3375, #7288 ) ;
#731 = ORIENTED_EDGE ( 'NONE', *, *, #7074, .T. ) ;
#732 = VERTEX_POINT ( 'NONE', #9621 ) ;
#733 = LINE ( 'NONE', #9122, #1360 ) ;
#734 = MECHANICAL_DESIGN_GEOMETRIC_PRESENTATION_REPRESENTATION (  '', ( #3000 ), #7497 ) ;
#735 = EDGE_CURVE ( 'NONE', #1539, #5766, #2736, .T. ) ;
#736 = ORIENTED_EDGE ( 'NONE', *, *, #9187, .F. ) ;
#737 = DIRECTION ( 'NONE',  ( 0.000000000000000000, 0.000000000000000000, 1.000000000000000000 ) ) ;
#738 = STYLED_ITEM ( 'NONE', ( #7063 ), #7632 ) ;
#739 = CARTESIAN_POINT ( 'NONE',  ( 22.39999999999999858, 5.299999999999998934, 0.000000000000000000 ) ) ;
#740 = DIRECTION ( 'NONE',  ( 1.000000000000000000, -0.000000000000000000, -0.000000000000000000 ) ) ;
#741 = VECTOR ( 'NONE', #5990, 1000.000000000000000 ) ;
#742 = DIRECTION ( 'NONE',  ( -0.000000000000000000, 0.000000000000000000, -1.000000000000000000 ) ) ;
#743 = CARTESIAN_POINT ( 'NONE',  ( 21.60000000000000142, 0.000000000000000000, -11.50000000000000000 ) ) ;
#744 = VECTOR ( 'NONE', #1903, 1000.000000000000000 ) ;
#745 = PRESENTATION_STYLE_ASSIGNMENT (( #218 ) ) ;
#746 = DIRECTION ( 'NONE',  ( 0.000000000000000000, 1.000000000000000000, 0.000000000000000000 ) ) ;
#747 = PRESENTATION_LAYER_ASSIGNMENT (  '', '', ( #8150 ) ) ;
#748 = SURFACE_STYLE_USAGE ( .BOTH. , #3686 ) ;
#749 = SURFACE_STYLE_FILL_AREA ( #7659 ) ;
#750 = DIRECTION ( 'NONE',  ( -0.000000000000000000, 1.000000000000000000, 0.000000000000000000 ) ) ;
#751 = ORIENTED_EDGE ( 'NONE', *, *, #2872, .T. ) ;
#752 = PRESENTATION_STYLE_ASSIGNMENT (( #9237 ) ) ;
#753 = CARTESIAN_POINT ( 'NONE',  ( 20.25000000000000000, 6.099999999999999645, -7.000000000000000000 ) ) ;
#754 = FACE_OUTER_BOUND ( 'NONE', #5065, .T. ) ;
#755 =( NAMED_UNIT ( * ) PLANE_ANGLE_UNIT ( ) SI_UNIT ( $, .RADIAN. ) );
#756 = DIRECTION ( 'NONE',  ( 0.000000000000000000, 0.000000000000000000, 1.000000000000000000 ) ) ;
#757 = AXIS2_PLACEMENT_3D ( 'NONE', #4602, #3902, #4004 ) ;
#758 = DIRECTION ( 'NONE',  ( 1.000000000000000000, -0.000000000000000000, -0.000000000000000000 ) ) ;
#759 = VECTOR ( 'NONE', #7796, 1000.000000000000000 ) ;
#760 = ORIENTED_EDGE ( 'NONE', *, *, #8960, .T. ) ;
#761 = ORIENTED_EDGE ( 'NONE', *, *, #1811, .T. ) ;
#762 = CARTESIAN_POINT ( 'NONE',  ( 4.950000000000000178, -2.000000000000000000, -9.500000000000000000 ) ) ;
#763 =( GEOMETRIC_REPRESENTATION_CONTEXT ( 3 ) GLOBAL_UNCERTAINTY_ASSIGNED_CONTEXT ( ( #4206 ) ) GLOBAL_UNIT_ASSIGNED_CONTEXT ( ( #4130, #1083, #4932 ) ) REPRESENTATION_CONTEXT ( 'NONE', 'WORKASPACE' ) );
#764 = PRESENTATION_STYLE_ASSIGNMENT (( #6267 ) ) ;
#765 = UNCERTAINTY_MEASURE_WITH_UNIT (LENGTH_MEASURE( 1.000000000000000082E-05 ), #4970, 'distance_accuracy_value', 'NONE');
#766 = FACE_OUTER_BOUND ( 'NONE', #6480, .T. ) ;
#767 = CARTESIAN_POINT ( 'NONE',  ( 12.75000000000000178, 3.050000000000000266, -0.2000000000000000111 ) ) ;
#768 =( NAMED_UNIT ( * ) PLANE_ANGLE_UNIT ( ) SI_UNIT ( $, .RADIAN. ) );
#769 = SURFACE_STYLE_FILL_AREA ( #8417 ) ;
#770 = CARTESIAN_POINT ( 'NONE',  ( 12.15000000000000036, 3.649999999999999911, -8.300000000000000711 ) ) ;
#771 = FILL_AREA_STYLE_COLOUR ( '', #5852 ) ;
#772 = VERTEX_POINT ( 'NONE', #8867 ) ;
#773 = DIRECTION ( 'NONE',  ( -0.000000000000000000, 1.000000000000000000, 0.000000000000000000 ) ) ;
#774 = EDGE_LOOP ( 'NONE', ( #8508, #9773, #8521, #2189 ) ) ;
#775 = EDGE_CURVE ( 'NONE', #2031, #1703, #9665, .T. ) ;
#776 = STYLED_ITEM ( 'NONE', ( #2491 ), #7372 ) ;
#777 = CARTESIAN_POINT ( 'NONE',  ( 2.750000000000000444, 3.050000000000000266, -0.4000000000000010214 ) ) ;
#778 = DIRECTION ( 'NONE',  ( -1.000000000000000000, 0.000000000000000000, 0.000000000000000000 ) ) ;
#779 = ADVANCED_FACE ( 'NONE', ( #5677 ), #7932, .F. ) ;
#780 = CARTESIAN_POINT ( 'NONE',  ( 2.750000000000000444, 2.450000000000000178, -8.900000000000000355 ) ) ;
#781 = UNCERTAINTY_MEASURE_WITH_UNIT (LENGTH_MEASURE( 1.000000000000000082E-05 ), #4588, 'distance_accuracy_value', 'NONE');
#782 = FILL_AREA_STYLE_COLOUR ( '', #2963 ) ;
#783 = SURFACE_STYLE_FILL_AREA ( #6827 ) ;
#784 = ORIENTED_EDGE ( 'NONE', *, *, #1890, .F. ) ;
#785 = EDGE_CURVE ( 'NONE', #9502, #3584, #5168, .T. ) ;
#786 = ORIENTED_EDGE ( 'NONE', *, *, #7065, .T. ) ;
#787 = VERTEX_POINT ( 'NONE', #4560 ) ;
#788 = CARTESIAN_POINT ( 'NONE',  ( 5.250000000000000000, 3.649999999999999911, -6.200000000000000178 ) ) ;
#789 = EDGE_CURVE ( 'NONE', #8320, #8896, #8969, .T. ) ;
#790 =( LENGTH_UNIT ( ) NAMED_UNIT ( * ) SI_UNIT ( .MILLI., .METRE. ) );
#791 = UNCERTAINTY_MEASURE_WITH_UNIT (LENGTH_MEASURE( 1.000000000000000082E-05 ), #5381, 'distance_accuracy_value', 'NONE');
#792 = SURFACE_STYLE_FILL_AREA ( #4377 ) ;
#793 = EDGE_CURVE ( 'NONE', #3720, #6703, #3766, .T. ) ;
#794 = VERTEX_POINT ( 'NONE', #1420 ) ;
#795 = FILL_AREA_STYLE_COLOUR ( '', #7209 ) ;
#796 = CARTESIAN_POINT ( 'NONE',  ( 3.469446951953614189E-15, 4.499999999999999112, -3.199999999999998401 ) ) ;
#797 = LINE ( 'NONE', #2365, #4378 ) ;
#798 = LINE ( 'NONE', #5960, #5394 ) ;
#799 = AXIS2_PLACEMENT_3D ( 'NONE', #3438, #5763, #308 ) ;
#800 = CARTESIAN_POINT ( 'NONE',  ( 12.15000000000000036, 2.450000000000000178, -8.300000000000000711 ) ) ;
#801 = VERTEX_POINT ( 'NONE', #9724 ) ;
#802 = VERTEX_POINT ( 'NONE', #578 ) ;
#803 = LINE ( 'NONE', #9251, #2162 ) ;
#804 = CARTESIAN_POINT ( 'NONE',  ( 20.25000000000000000, 2.449999999999999734, -8.300000000000000711 ) ) ;
#805 = STYLED_ITEM ( 'NONE', ( #5296 ), #7878 ) ;
#806 = CARTESIAN_POINT ( 'NONE',  ( 7.450000000000000178, -2.000000000000000000, -9.199999999999999289 ) ) ;
#807 = DIRECTION ( 'NONE',  ( 1.000000000000000000, 0.000000000000000000, 0.000000000000000000 ) ) ;
#808 = LINE ( 'NONE', #9056, #4258 ) ;
#809 = SURFACE_STYLE_FILL_AREA ( #4052 ) ;
#810 = CARTESIAN_POINT ( 'NONE',  ( 10.25000000000000000, -1.084202172485504434E-16, -9.500000000000000000 ) ) ;
#811 = DIRECTION ( 'NONE',  ( 0.000000000000000000, -0.7071067811865496822, -0.7071067811865453523 ) ) ;
#812 = ORIENTED_EDGE ( 'NONE', *, *, #9442, .F. ) ;
#813 = EDGE_LOOP ( 'NONE', ( #6727, #9155, #3200 ) ) ;
#814 = DIRECTION ( 'NONE',  ( 1.000000000000000000, 0.000000000000000000, 0.000000000000000000 ) ) ;
#815 = DIRECTION ( 'NONE',  ( 0.000000000000000000, 0.000000000000000000, -1.000000000000000000 ) ) ;
#816 = SURFACE_SIDE_STYLE ('',( #7725 ) ) ;
#817 = AXIS2_PLACEMENT_3D ( 'NONE', #3393, #407, #9599 ) ;
#818 = SURFACE_STYLE_USAGE ( .BOTH. , #4471 ) ;
#819 = EDGE_CURVE ( 'NONE', #673, #7843, #3830, .T. ) ;
#820 = SURFACE_SIDE_STYLE ('',( #3157 ) ) ;
#821 = SURFACE_STYLE_USAGE ( .BOTH. , #1580 ) ;
#822 = ORIENTED_EDGE ( 'NONE', *, *, #6091, .F. ) ;
#823 = ORIENTED_EDGE ( 'NONE', *, *, #8040, .F. ) ;
#824 =( NAMED_UNIT ( * ) SI_UNIT ( $, .STERADIAN. ) SOLID_ANGLE_UNIT ( ) );
#825 = ORIENTED_EDGE ( 'NONE', *, *, #9014, .T. ) ;
#826 =( LENGTH_UNIT ( ) NAMED_UNIT ( * ) SI_UNIT ( .MILLI., .METRE. ) );
#827 = CARTESIAN_POINT ( 'NONE',  ( 3.469446951953614189E-15, 2.500000000000000000, -11.50000000000000533 ) ) ;
#828 = PRESENTATION_STYLE_ASSIGNMENT (( #7139 ) ) ;
#829 = ADVANCED_FACE ( 'NONE', ( #2191 ), #6821, .T. ) ;
#830 = CARTESIAN_POINT ( 'NONE',  ( 2.350000000000000089, 3.050000000000000266, -0.2000000000000000111 ) ) ;
#831 = EDGE_CURVE ( 'NONE', #8863, #843, #520, .T. ) ;
#832 = STYLED_ITEM ( 'NONE', ( #9591 ), #1585 ) ;
#833 = VERTEX_POINT ( 'NONE', #6774 ) ;
#834 = DIRECTION ( 'NONE',  ( -0.000000000000000000, -1.000000000000000000, -0.000000000000000000 ) ) ;
#835 = FILL_AREA_STYLE ('',( #5639 ) ) ;
#836 = ADVANCED_FACE ( 'NONE', ( #9012 ), #3610, .T. ) ;
#837 =( GEOMETRIC_REPRESENTATION_CONTEXT ( 3 ) GLOBAL_UNCERTAINTY_ASSIGNED_CONTEXT ( ( #8438 ) ) GLOBAL_UNIT_ASSIGNED_CONTEXT ( ( #8319, #5360, #3095 ) ) REPRESENTATION_CONTEXT ( 'NONE', 'WORKASPACE' ) );
#838 = CIRCLE ( 'NONE', #9834, 0.5999999999999998668 ) ;
#839 = CARTESIAN_POINT ( 'NONE',  ( 10.25000000000000000, 3.649999999999999911, -8.300000000000000711 ) ) ;
#840 = DIRECTION ( 'NONE',  ( 0.000000000000000000, 0.000000000000000000, -1.000000000000000000 ) ) ;
#841 =( NAMED_UNIT ( * ) PLANE_ANGLE_UNIT ( ) SI_UNIT ( $, .RADIAN. ) );
#842 = DIRECTION ( 'NONE',  ( 0.000000000000000000, -0.7071067811865496822, 0.7071067811865453523 ) ) ;
#843 = VERTEX_POINT ( 'NONE', #864 ) ;
#844 = ORIENTED_EDGE ( 'NONE', *, *, #131, .T. ) ;
#845 = CARTESIAN_POINT ( 'NONE',  ( 22.39999999999999858, 6.099999999999999645, -7.000000000000000000 ) ) ;
#846 =( NAMED_UNIT ( * ) SI_UNIT ( $, .STERADIAN. ) SOLID_ANGLE_UNIT ( ) );
#847 = EDGE_CURVE ( 'NONE', #3414, #8284, #3971, .T. ) ;
#848 = PRESENTATION_LAYER_ASSIGNMENT (  '', '', ( #1647 ) ) ;
#849 = PRESENTATION_STYLE_ASSIGNMENT (( #6165 ) ) ;
#850 = SURFACE_STYLE_FILL_AREA ( #9256 ) ;
#851 = FACE_OUTER_BOUND ( 'NONE', #1592, .T. ) ;
#852 = CYLINDRICAL_SURFACE ( 'NONE', #817, 0.2999999999999999334 ) ;
#853 = SURFACE_STYLE_FILL_AREA ( #5462 ) ;
#854 = VECTOR ( 'NONE', #6506, 1000.000000000000000 ) ;
#855 = PRESENTATION_LAYER_ASSIGNMENT (  '', '', ( #3449 ) ) ;
#856 = DIRECTION ( 'NONE',  ( 1.000000000000000000, -0.000000000000000000, -0.000000000000000000 ) ) ;
#857 = CIRCLE ( 'NONE', #2470, 0.5999999999999998668 ) ;
#858 = LINE ( 'NONE', #9153, #543 ) ;
#859 = SURFACE_SIDE_STYLE ('',( #3963 ) ) ;
#860 = ORIENTED_EDGE ( 'NONE', *, *, #2761, .T. ) ;
#861 = VERTEX_POINT ( 'NONE', #916 ) ;
#862 = CIRCLE ( 'NONE', #2308, 0.2999999999999999334 ) ;
#863 = CARTESIAN_POINT ( 'NONE',  ( 21.60000000000000142, 6.099999999999999645, -6.200000000000000178 ) ) ;
#864 = CARTESIAN_POINT ( 'NONE',  ( 7.450000000000000178, 0.000000000000000000, -8.900000000000000355 ) ) ;
#865 =( GEOMETRIC_REPRESENTATION_CONTEXT ( 3 ) GLOBAL_UNCERTAINTY_ASSIGNED_CONTEXT ( ( #7341 ) ) GLOBAL_UNIT_ASSIGNED_CONTEXT ( ( #4739, #2564, #8644 ) ) REPRESENTATION_CONTEXT ( 'NONE', 'WORKASPACE' ) );
#866 = SURFACE_SIDE_STYLE ('',( #8513 ) ) ;
#867 = VECTOR ( 'NONE', #346, 1000.000000000000000 ) ;
#868 = SURFACE_STYLE_FILL_AREA ( #6178 ) ;
#869 = UNCERTAINTY_MEASURE_WITH_UNIT (LENGTH_MEASURE( 1.000000000000000082E-05 ), #1483, 'distance_accuracy_value', 'NONE');
#870 =( NAMED_UNIT ( * ) SI_UNIT ( $, .STERADIAN. ) SOLID_ANGLE_UNIT ( ) );
#871 = VECTOR ( 'NONE', #32, 1000.000000000000000 ) ;
#872 = SURFACE_STYLE_USAGE ( .BOTH. , #593 ) ;
#873 = ORIENTED_EDGE ( 'NONE', *, *, #2248, .T. ) ;
#874 = PRESENTATION_LAYER_ASSIGNMENT (  '', '', ( #6995 ) ) ;
#875 = MECHANICAL_DESIGN_GEOMETRIC_PRESENTATION_REPRESENTATION (  '', ( #1516 ), #4907 ) ;
#876 = VECTOR ( 'NONE', #5559, 1000.000000000000000 ) ;
#877 = VECTOR ( 'NONE', #9392, 1000.000000000000000 ) ;
#878 = EDGE_LOOP ( 'NONE', ( #8708, #7776, #8942, #5177 ) ) ;
#879 = ORIENTED_EDGE ( 'NONE', *, *, #46, .T. ) ;
#880 = FILL_AREA_STYLE_COLOUR ( '', #362 ) ;
#881 = CARTESIAN_POINT ( 'NONE',  ( 2.450000000000000178, -2.000000000000000000, -9.199999999999999289 ) ) ;
#882 = UNCERTAINTY_MEASURE_WITH_UNIT (LENGTH_MEASURE( 1.000000000000000082E-05 ), #7029, 'distance_accuracy_value', 'NONE');
#883 =( GEOMETRIC_REPRESENTATION_CONTEXT ( 3 ) GLOBAL_UNCERTAINTY_ASSIGNED_CONTEXT ( ( #4623 ) ) GLOBAL_UNIT_ASSIGNED_CONTEXT ( ( #8378, #6090, #9118 ) ) REPRESENTATION_CONTEXT ( 'NONE', 'WORKASPACE' ) );
#884 = AXIS2_PLACEMENT_3D ( 'NONE', #7257, #5143, #3491 ) ;
#885 = DIRECTION ( 'NONE',  ( 0.000000000000000000, -1.000000000000000000, 0.000000000000000000 ) ) ;
#886 = PRESENTATION_LAYER_ASSIGNMENT (  '', '', ( #2513 ) ) ;
#887 = STYLED_ITEM ( 'NONE', ( #4356 ), #9853 ) ;
#888 = VERTEX_POINT ( 'NONE', #6277 ) ;
#889 = CARTESIAN_POINT ( 'NONE',  ( 12.61666666666666892, 3.516666666666666163, -0.2666666666666662744 ) ) ;
#890 = MECHANICAL_DESIGN_GEOMETRIC_PRESENTATION_REPRESENTATION (  '', ( #4292 ), #6068 ) ;
#891 = EDGE_CURVE ( 'NONE', #900, #3840, #4059, .T. ) ;
#892 = SURFACE_STYLE_FILL_AREA ( #835 ) ;
#893 = PRESENTATION_LAYER_ASSIGNMENT (  '', '', ( #5258 ) ) ;
#894 = EDGE_CURVE ( 'NONE', #4662, #3258, #4617, .T. ) ;
#895 =( NAMED_UNIT ( * ) PLANE_ANGLE_UNIT ( ) SI_UNIT ( $, .RADIAN. ) );
#896 =( NAMED_UNIT ( * ) SI_UNIT ( $, .STERADIAN. ) SOLID_ANGLE_UNIT ( ) );
#897 = PLANE ( 'NONE',  #6359 ) ;
#898 = SURFACE_SIDE_STYLE ('',( #6406 ) ) ;
#899 = ORIENTED_EDGE ( 'NONE', *, *, #636, .F. ) ;
#900 = VERTEX_POINT ( 'NONE', #6321 ) ;
#901 = FILL_AREA_STYLE ('',( #9491 ) ) ;
#902 = EDGE_CURVE ( 'NONE', #3213, #3810, #1670, .T. ) ;
#903 = CARTESIAN_POINT ( 'NONE',  ( 0.8000000000000004885, 3.649999999999999911, -7.000000000000000000 ) ) ;
#904 =( NAMED_UNIT ( * ) PLANE_ANGLE_UNIT ( ) SI_UNIT ( $, .RADIAN. ) );
#905 = SURFACE_STYLE_FILL_AREA ( #1564 ) ;
#906 = FILL_AREA_STYLE ('',( #7822 ) ) ;
#907 = DIRECTION ( 'NONE',  ( -1.000000000000000000, 0.000000000000000000, 0.000000000000000000 ) ) ;
#908 = VECTOR ( 'NONE', #2750, 1000.000000000000000 ) ;
#909 = CARTESIAN_POINT ( 'NONE',  ( 10.25000000000000000, 3.050000000000000266, -8.300000000000000711 ) ) ;
#910 = EDGE_CURVE ( 'NONE', #9502, #6095, #4665, .T. ) ;
#911 = UNCERTAINTY_MEASURE_WITH_UNIT (LENGTH_MEASURE( 1.000000000000000082E-05 ), #9574, 'distance_accuracy_value', 'NONE');
#912 = DIRECTION ( 'NONE',  ( 0.000000000000000000, 1.000000000000000000, 0.000000000000000000 ) ) ;
#913 = VERTEX_POINT ( 'NONE', #8617 ) ;
#914 = ORIENTED_EDGE ( 'NONE', *, *, #6156, .F. ) ;
#915 = CARTESIAN_POINT ( 'NONE',  ( 7.750000000000000000, -1.084202172485504434E-16, -9.500000000000000000 ) ) ;
#916 = CARTESIAN_POINT ( 'NONE',  ( 9.850000000000001421, 3.450000000000000178, -0.2000000000000000111 ) ) ;
#917 = PRESENTATION_STYLE_ASSIGNMENT (( #4769 ) ) ;
#918 = FACE_OUTER_BOUND ( 'NONE', #570, .T. ) ;
#919 = PLANE ( 'NONE',  #4688 ) ;
#920 = CARTESIAN_POINT ( 'NONE',  ( 20.25000000000000000, 3.649999999999999911, -0.4000000000000009104 ) ) ;
#921 = PRESENTATION_LAYER_ASSIGNMENT (  '', '', ( #9920 ) ) ;
#922 = DIRECTION ( 'NONE',  ( -1.000000000000000000, -0.000000000000000000, 0.000000000000000000 ) ) ;
#923 = EDGE_LOOP ( 'NONE', ( #7041, #110, #1851, #4367 ) ) ;
#924 = CYLINDRICAL_SURFACE ( 'NONE', #2173, 0.5999999999999998668 ) ;
#925 = ORIENTED_EDGE ( 'NONE', *, *, #6270, .T. ) ;
#926 = DIRECTION ( 'NONE',  ( -0.000000000000000000, 1.000000000000000000, -0.000000000000000000 ) ) ;
#927 = ORIENTED_EDGE ( 'NONE', *, *, #7135, .F. ) ;
#928 = FILL_AREA_STYLE ('',( #880 ) ) ;
#929 = LINE ( 'NONE', #6187, #1819 ) ;
#930 = CARTESIAN_POINT ( 'NONE',  ( 15.25000000000000178, -1.084202172485504434E-16, -9.500000000000000000 ) ) ;
#931 = PRESENTATION_LAYER_ASSIGNMENT (  '', '', ( #8332 ) ) ;
#932 = DIRECTION ( 'NONE',  ( -0.000000000000000000, 0.000000000000000000, -1.000000000000000000 ) ) ;
#933 = FACE_OUTER_BOUND ( 'NONE', #7070, .T. ) ;
#934 = DIRECTION ( 'NONE',  ( -1.000000000000000000, -0.000000000000000000, -0.000000000000000000 ) ) ;
#935 = FILL_AREA_STYLE ('',( #8580 ) ) ;
#936 = ORIENTED_EDGE ( 'NONE', *, *, #4792, .F. ) ;
#937 = PRESENTATION_STYLE_ASSIGNMENT (( #3175 ) ) ;
#938 = SURFACE_STYLE_FILL_AREA ( #156 ) ;
#939 = EDGE_CURVE ( 'NONE', #517, #4507, #7770, .T. ) ;
#940 = PRESENTATION_STYLE_ASSIGNMENT (( #4690 ) ) ;
#941 = DIRECTION ( 'NONE',  ( 0.000000000000000000, 0.000000000000000000, -1.000000000000000000 ) ) ;
#942 = CARTESIAN_POINT ( 'NONE',  ( 20.25000000000000000, 3.450000000000000178, -0.2000000000000000111 ) ) ;
#943 = CARTESIAN_POINT ( 'NONE',  ( 14.95000000000000107, -2.000000000000000000, -9.500000000000000000 ) ) ;
#944 = EDGE_LOOP ( 'NONE', ( #9689, #9618, #8582, #7058, #5429 ) ) ;
#945 = ORIENTED_EDGE ( 'NONE', *, *, #4670, .F. ) ;
#946 = CARTESIAN_POINT ( 'NONE',  ( 0.000000000000000000, 4.499999999999999112, 0.000000000000000000 ) ) ;
#947 = CARTESIAN_POINT ( 'NONE',  ( 0.000000000000000000, 6.099999999999999645, -11.50000000000000000 ) ) ;
#948 =( LENGTH_UNIT ( ) NAMED_UNIT ( * ) SI_UNIT ( .MILLI., .METRE. ) );
#949 = PLANE ( 'NONE',  #9375 ) ;
#950 = MECHANICAL_DESIGN_GEOMETRIC_PRESENTATION_REPRESENTATION (  '', ( #8041 ), #1912 ) ;
#951 = EDGE_CURVE ( 'NONE', #1450, #7498, #5388, .T. ) ;
#952 = CARTESIAN_POINT ( 'NONE',  ( 17.75000000000000000, 2.449999999999999734, -8.300000000000000711 ) ) ;
#953 = LINE ( 'NONE', #998, #71 ) ;
#954 = PRESENTATION_STYLE_ASSIGNMENT (( #4761 ) ) ;
#955 = ORIENTED_EDGE ( 'NONE', *, *, #2218, .T. ) ;
#956 = VERTEX_POINT ( 'NONE', #5422 ) ;
#957 = EDGE_CURVE ( 'NONE', #7973, #1539, #7831, .T. ) ;
#958 =( GEOMETRIC_REPRESENTATION_CONTEXT ( 3 ) GLOBAL_UNCERTAINTY_ASSIGNED_CONTEXT ( ( #463 ) ) GLOBAL_UNIT_ASSIGNED_CONTEXT ( ( #7447, #5236, #5841 ) ) REPRESENTATION_CONTEXT ( 'NONE', 'WORKASPACE' ) );
#959 =( LENGTH_UNIT ( ) NAMED_UNIT ( * ) SI_UNIT ( .MILLI., .METRE. ) );
#960 = CARTESIAN_POINT ( 'NONE',  ( 20.40000000000000213, 5.299999999999998934, -0.2000000000000002609 ) ) ;
#961 = EDGE_CURVE ( 'NONE', #314, #9183, #1025, .T. ) ;
#962 = UNCERTAINTY_MEASURE_WITH_UNIT (LENGTH_MEASURE( 1.000000000000000082E-05 ), #345, 'distance_accuracy_value', 'NONE');
#963 = SURFACE_STYLE_USAGE ( .BOTH. , #7185 ) ;
#964 = DIRECTION ( 'NONE',  ( 0.000000000000000000, -1.000000000000000000, 0.000000000000000000 ) ) ;
#965 = PRESENTATION_STYLE_ASSIGNMENT (( #6424 ) ) ;
#966 = DIRECTION ( 'NONE',  ( 0.000000000000000000, -1.000000000000000000, 0.000000000000000000 ) ) ;
#967 = SURFACE_STYLE_USAGE ( .BOTH. , #5775 ) ;
#968 = VERTEX_POINT ( 'NONE', #777 ) ;
#969 = CARTESIAN_POINT ( 'NONE',  ( 0.8000000000000004885, 3.050000000000000266, -7.000000000000000000 ) ) ;
#970 = ORIENTED_EDGE ( 'NONE', *, *, #6519, .F. ) ;
#971 = ORIENTED_EDGE ( 'NONE', *, *, #4106, .F. ) ;
#972 = SURFACE_STYLE_USAGE ( .BOTH. , #8631 ) ;
#973 = EDGE_CURVE ( 'NONE', #1365, #843, #6233, .T. ) ;
#974 = MECHANICAL_DESIGN_GEOMETRIC_PRESENTATION_REPRESENTATION (  '', ( #4058 ), #1135 ) ;
#975 = PLANE ( 'NONE',  #7676 ) ;
#976 =( LENGTH_UNIT ( ) NAMED_UNIT ( * ) SI_UNIT ( .MILLI., .METRE. ) );
#977 = UNCERTAINTY_MEASURE_WITH_UNIT (LENGTH_MEASURE( 1.000000000000000082E-05 ), #1354, 'distance_accuracy_value', 'NONE');
#978 = SURFACE_SIDE_STYLE ('',( #1732 ) ) ;
#979 = FILL_AREA_STYLE_COLOUR ( '', #1751 ) ;
#980 = EDGE_LOOP ( 'NONE', ( #2635, #6711, #7030, #5823 ) ) ;
#981 = SURFACE_STYLE_USAGE ( .BOTH. , #7147 ) ;
#982 = CARTESIAN_POINT ( 'NONE',  ( 7.150000000000000355, 3.050000000000000266, -0.4000000000000009104 ) ) ;
#983 = PRESENTATION_LAYER_ASSIGNMENT (  '', '', ( #6004 ) ) ;
#984 = CARTESIAN_POINT ( 'NONE',  ( 12.75000000000000178, 3.649999999999999911, -0.2000000000000000111 ) ) ;
#985 = SURFACE_STYLE_FILL_AREA ( #1739 ) ;
#986 = DIRECTION ( 'NONE',  ( -1.000000000000000000, 0.000000000000000000, -0.000000000000000000 ) ) ;
#987 = ORIENTED_EDGE ( 'NONE', *, *, #7200, .T. ) ;
#988 = ORIENTED_EDGE ( 'NONE', *, *, #3693, .F. ) ;
#989 = PRESENTATION_LAYER_ASSIGNMENT (  '', '', ( #8398 ) ) ;
#990 = FILL_AREA_STYLE_COLOUR ( '', #9889 ) ;
#991 = FILL_AREA_STYLE ('',( #3282 ) ) ;
#992 = VECTOR ( 'NONE', #8199, 1000.000000000000000 ) ;
#993 = FILL_AREA_STYLE_COLOUR ( '', #4951 ) ;
#994 = COLOUR_RGB ( '',0.7529411764705882248, 0.7529411764705882248, 0.7529411764705882248 ) ;
#995 = SURFACE_STYLE_USAGE ( .BOTH. , #7307 ) ;
#996 = SURFACE_STYLE_FILL_AREA ( #129 ) ;
#997 = PRESENTATION_STYLE_ASSIGNMENT (( #2383 ) ) ;
#998 = CARTESIAN_POINT ( 'NONE',  ( 22.39999999999999858, 4.499999999999999112, -3.200000000000000178 ) ) ;
#999 = DIRECTION ( 'NONE',  ( 1.000000000000000000, 0.000000000000000000, -0.000000000000000000 ) ) ;
#1000 = COLOUR_RGB ( '',0.7529411764705882248, 0.7529411764705882248, 0.7529411764705882248 ) ;
#1001 = ORIENTED_EDGE ( 'NONE', *, *, #7697, .T. ) ;
#1002 = ORIENTED_EDGE ( 'NONE', *, *, #546, .T. ) ;
#1003 = EDGE_CURVE ( 'NONE', #2139, #9330, #137, .T. ) ;
#1004 =( LENGTH_UNIT ( ) NAMED_UNIT ( * ) SI_UNIT ( .MILLI., .METRE. ) );
#1005 = PLANE ( 'NONE',  #5915 ) ;
#1006 = ADVANCED_FACE ( 'NONE', ( #4017 ), #4706, .T. ) ;
#1008 = FACE_OUTER_BOUND ( 'NONE', #3521, .T. ) ;
#1007 = PRESENTATION_LAYER_ASSIGNMENT (  '', '', ( #8720 ) ) ;
#1009 = VECTOR ( 'NONE', #5620, 1000.000000000000000 ) ;
#1010 = COLOUR_RGB ( '',0.7529411764705882248, 0.7529411764705882248, 0.7529411764705882248 ) ;
#1011 =( LENGTH_UNIT ( ) NAMED_UNIT ( * ) SI_UNIT ( .MILLI., .METRE. ) );
#1012 = FILL_AREA_STYLE ('',( #2548 ) ) ;
#1013 = MECHANICAL_DESIGN_GEOMETRIC_PRESENTATION_REPRESENTATION (  '', ( #9202 ), #8726 ) ;
#1014 = VERTEX_POINT ( 'NONE', #4107 ) ;
#1015 = CARTESIAN_POINT ( 'NONE',  ( 14.65000000000000213, 3.050000000000000266, -0.4000000000000009104 ) ) ;
#1016 = ORIENTED_EDGE ( 'NONE', *, *, #8462, .T. ) ;
#1017 = VECTOR ( 'NONE', #8270, 1000.000000000000000 ) ;
#1018 = PRESENTATION_LAYER_ASSIGNMENT (  '', '', ( #4100 ) ) ;
#1019 = DIRECTION ( 'NONE',  ( -0.7071067811865435759, 0.000000000000000000, 0.7071067811865515695 ) ) ;
#1020 = EDGE_CURVE ( 'NONE', #4176, #2199, #1110, .T. ) ;
#1021 = EDGE_CURVE ( 'NONE', #2542, #5745, #1761, .T. ) ;
#1022 =( GEOMETRIC_REPRESENTATION_CONTEXT ( 3 ) GLOBAL_UNCERTAINTY_ASSIGNED_CONTEXT ( ( #6825 ) ) GLOBAL_UNIT_ASSIGNED_CONTEXT ( ( #7563, #5298, #2927 ) ) REPRESENTATION_CONTEXT ( 'NONE', 'WORKASPACE' ) );
#1023 = FILL_AREA_STYLE_COLOUR ( '', #2793 ) ;
#1024 = FILL_AREA_STYLE ('',( #231 ) ) ;
#1025 = CIRCLE ( 'NONE', #6353, 0.2999999999999999334 ) ;
#1026 = CARTESIAN_POINT ( 'NONE',  ( 17.75000000000000000, 3.050000000000000266, -0.4000000000000009104 ) ) ;
#1027 =( NAMED_UNIT ( * ) PLANE_ANGLE_UNIT ( ) SI_UNIT ( $, .RADIAN. ) );
#1028 = STYLED_ITEM ( 'NONE', ( #287 ), #4489 ) ;
#1029 = MECHANICAL_DESIGN_GEOMETRIC_PRESENTATION_REPRESENTATION (  '', ( #6997 ), #1180 ) ;
#1030 = PRESENTATION_LAYER_ASSIGNMENT (  '', '', ( #7164 ) ) ;
#1031 = VERTEX_POINT ( 'NONE', #1862 ) ;
#1032 = EDGE_CURVE ( 'NONE', #3477, #4919, #5663, .T. ) ;
#1033 = CARTESIAN_POINT ( 'NONE',  ( 21.60000000000000142, 4.499999999999999112, -3.200000000000000178 ) ) ;
#1034 =( GEOMETRIC_REPRESENTATION_CONTEXT ( 3 ) GLOBAL_UNCERTAINTY_ASSIGNED_CONTEXT ( ( #3115 ) ) GLOBAL_UNIT_ASSIGNED_CONTEXT ( ( #4231, #4181, #383 ) ) REPRESENTATION_CONTEXT ( 'NONE', 'WORKASPACE' ) );
#1035 = STYLED_ITEM ( 'NONE', ( #9757 ), #1246 ) ;
#1036 = EDGE_LOOP ( 'NONE', ( #5487, #5062, #367, #4068, #1615 ) ) ;
#1037 = CARTESIAN_POINT ( 'NONE',  ( 19.65000000000000213, 3.050000000000000266, -0.4000000000000009104 ) ) ;
#1038 = VECTOR ( 'NONE', #627, 1000.000000000000000 ) ;
#1039 = FACE_OUTER_BOUND ( 'NONE', #6792, .T. ) ;
#1040 = VECTOR ( 'NONE', #361, 1000.000000000000000 ) ;
#1041 = VECTOR ( 'NONE', #5847, 1000.000000000000000 ) ;
#1042 = MECHANICAL_DESIGN_GEOMETRIC_PRESENTATION_REPRESENTATION (  '', ( #5399 ), #2335 ) ;
#1043 =( GEOMETRIC_REPRESENTATION_CONTEXT ( 3 ) GLOBAL_UNCERTAINTY_ASSIGNED_CONTEXT ( ( #7244 ) ) GLOBAL_UNIT_ASSIGNED_CONTEXT ( ( #4868, #4125, #8768 ) ) REPRESENTATION_CONTEXT ( 'NONE', 'WORKASPACE' ) );
#1044 = LINE ( 'NONE', #296, #9475 ) ;
#1045 = AXIS2_PLACEMENT_3D ( 'NONE', #2125, #773, #6025 ) ;
#1046 = CIRCLE ( 'NONE', #413, 1.199999999999999734 ) ;
#1047 =( LENGTH_UNIT ( ) NAMED_UNIT ( * ) SI_UNIT ( .MILLI., .METRE. ) );
#1048 = SURFACE_STYLE_USAGE ( .BOTH. , #8494 ) ;
#1049 =( GEOMETRIC_REPRESENTATION_CONTEXT ( 3 ) GLOBAL_UNCERTAINTY_ASSIGNED_CONTEXT ( ( #9924 ) ) GLOBAL_UNIT_ASSIGNED_CONTEXT ( ( #1968, #1258, #6722 ) ) REPRESENTATION_CONTEXT ( 'NONE', 'WORKASPACE' ) );
#1050 = MECHANICAL_DESIGN_GEOMETRIC_PRESENTATION_REPRESENTATION (  '', ( #5573 ), #8136 ) ;
#1051 = CARTESIAN_POINT ( 'NONE',  ( 10.25000000000000000, -1.084202172485504434E-16, -9.500000000000000000 ) ) ;
#1052 = ORIENTED_EDGE ( 'NONE', *, *, #4670, .T. ) ;
#1053 = EDGE_LOOP ( 'NONE', ( #1820, #9932, #1645, #8667 ) ) ;
#1054 =( NAMED_UNIT ( * ) PLANE_ANGLE_UNIT ( ) SI_UNIT ( $, .RADIAN. ) );
#1055 = PRESENTATION_LAYER_ASSIGNMENT (  '', '', ( #1668 ) ) ;
#1056 =( GEOMETRIC_REPRESENTATION_CONTEXT ( 3 ) GLOBAL_UNCERTAINTY_ASSIGNED_CONTEXT ( ( #5316 ) ) GLOBAL_UNIT_ASSIGNED_CONTEXT ( ( #5469, #6971, #4708 ) ) REPRESENTATION_CONTEXT ( 'NONE', 'WORKASPACE' ) );
#1057 = LINE ( 'NONE', #909, #699 ) ;
#1058 =( LENGTH_UNIT ( ) NAMED_UNIT ( * ) SI_UNIT ( .MILLI., .METRE. ) );
#1059 = STYLED_ITEM ( 'NONE', ( #6420 ), #6760 ) ;
#1060 = ORIENTED_EDGE ( 'NONE', *, *, #8212, .F. ) ;
#1061 = ORIENTED_EDGE ( 'NONE', *, *, #8574, .F. ) ;
#1062 = CARTESIAN_POINT ( 'NONE',  ( 19.65000000000000213, 3.050000000000000266, -0.2000000000000000111 ) ) ;
#1063 = SURFACE_STYLE_FILL_AREA ( #7979 ) ;
#1064 = AXIS2_PLACEMENT_3D ( 'NONE', #9402, #5087, #5138 ) ;
#1065 =( GEOMETRIC_REPRESENTATION_CONTEXT ( 3 ) GLOBAL_UNCERTAINTY_ASSIGNED_CONTEXT ( ( #594 ) ) GLOBAL_UNIT_ASSIGNED_CONTEXT ( ( #4880, #8535, #3123 ) ) REPRESENTATION_CONTEXT ( 'NONE', 'WORKASPACE' ) );
#1066 = CARTESIAN_POINT ( 'NONE',  ( 5.116666666666667140, 3.516666666666666607, -0.2666666666666666630 ) ) ;
#1067 = UNCERTAINTY_MEASURE_WITH_UNIT (LENGTH_MEASURE( 1.000000000000000082E-05 ), #23, 'distance_accuracy_value', 'NONE');
#1068 = DIRECTION ( 'NONE',  ( 0.000000000000000000, 0.000000000000000000, 1.000000000000000000 ) ) ;
#1069 = SURFACE_STYLE_USAGE ( .BOTH. , #1815 ) ;
#1070 = CARTESIAN_POINT ( 'NONE',  ( 7.750000000000000000, 3.050000000000000266, -0.2000000000000000111 ) ) ;
#1071 = DIRECTION ( 'NONE',  ( 0.000000000000000000, 0.000000000000000000, 1.000000000000000000 ) ) ;
#1072 = EDGE_CURVE ( 'NONE', #7031, #9121, #354, .T. ) ;
#1073 = SURFACE_STYLE_USAGE ( .BOTH. , #4917 ) ;
#1074 = FILL_AREA_STYLE ('',( #8707 ) ) ;
#1075 = ORIENTED_EDGE ( 'NONE', *, *, #5423, .F. ) ;
#1076 = SURFACE_STYLE_FILL_AREA ( #4716 ) ;
#1077 = EDGE_LOOP ( 'NONE', ( #3531, #7379, #8553, #8734 ) ) ;
#1078 = PRESENTATION_LAYER_ASSIGNMENT (  '', '', ( #3507 ) ) ;
#1079 = SURFACE_STYLE_FILL_AREA ( #1924 ) ;
#1080 = EDGE_CURVE ( 'NONE', #6274, #5978, #9209, .T. ) ;
#1081 = DIRECTION ( 'NONE',  ( 0.000000000000000000, 0.000000000000000000, -1.000000000000000000 ) ) ;
#1082 = SURFACE_STYLE_FILL_AREA ( #7995 ) ;
#1083 =( NAMED_UNIT ( * ) PLANE_ANGLE_UNIT ( ) SI_UNIT ( $, .RADIAN. ) );
#1084 = UNCERTAINTY_MEASURE_WITH_UNIT (LENGTH_MEASURE( 1.000000000000000082E-05 ), #8770, 'distance_accuracy_value', 'NONE');
#1085 = AXIS2_PLACEMENT_3D ( 'NONE', #8186, #3055, #3717 ) ;
#1086 = DIRECTION ( 'NONE',  ( 0.000000000000000000, 0.000000000000000000, 1.000000000000000000 ) ) ;
#1087 = EDGE_CURVE ( 'NONE', #5443, #7079, #8021, .T. ) ;
#1088 = ORIENTED_EDGE ( 'NONE', *, *, #819, .T. ) ;
#1089 = CYLINDRICAL_SURFACE ( 'NONE', #6220, 0.2999999999999999334 ) ;
#1090 = VERTEX_POINT ( 'NONE', #1809 ) ;
#1091 = ADVANCED_FACE ( 'NONE', ( #4856 ), #7225, .T. ) ;
#1092 = AXIS2_PLACEMENT_3D ( 'NONE', #9818, #9726, #5983 ) ;
#1093 = MECHANICAL_DESIGN_GEOMETRIC_PRESENTATION_REPRESENTATION (  '', ( #4479 ), #2222 ) ;
#1094 = CARTESIAN_POINT ( 'NONE',  ( 2.750000000000000444, 3.649999999999999911, -0.2000000000000000111 ) ) ;
#1095 = EDGE_CURVE ( 'NONE', #9537, #4217, #5004, .T. ) ;
#1096 = LINE ( 'NONE', #4185, #2092 ) ;
#1097 = CARTESIAN_POINT ( 'NONE',  ( 15.05000000000000071, 3.250000000000000000, -0.2000000000000000111 ) ) ;
#1098 = SURFACE_STYLE_USAGE ( .BOTH. , #4948 ) ;
#1099 = EDGE_LOOP ( 'NONE', ( #4155, #9863, #8335, #6395, #8406 ) ) ;
#1100 = ORIENTED_EDGE ( 'NONE', *, *, #3122, .F. ) ;
#1101 = PRESENTATION_STYLE_ASSIGNMENT (( #9745 ) ) ;
#1102 = PLANE ( 'NONE',  #4128 ) ;
#1103 = DIRECTION ( 'NONE',  ( 1.000000000000000000, 0.000000000000000000, 0.000000000000000000 ) ) ;
#1104 = CARTESIAN_POINT ( 'NONE',  ( 22.39999999999999858, 0.000000000000000000, 0.000000000000000000 ) ) ;
#1105 = DIRECTION ( 'NONE',  ( 0.000000000000000000, 0.000000000000000000, -1.000000000000000000 ) ) ;
#1106 = FILL_AREA_STYLE_COLOUR ( '', #9849 ) ;
#1107 = FACE_OUTER_BOUND ( 'NONE', #5016, .T. ) ;
#1108 = ORIENTED_EDGE ( 'NONE', *, *, #6029, .T. ) ;
#1109 = ORIENTED_EDGE ( 'NONE', *, *, #2011, .F. ) ;
#1110 = LINE ( 'NONE', #8124, #1511 ) ;
#1111 = VECTOR ( 'NONE', #3329, 1000.000000000000000 ) ;
#1112 = FACE_OUTER_BOUND ( 'NONE', #8598, .T. ) ;
#1113 = CARTESIAN_POINT ( 'NONE',  ( 1.999999999999998224, 6.099999999999999645, -0.5000000000000018874 ) ) ;
#1114 = CARTESIAN_POINT ( 'NONE',  ( 15.25000000000000178, 2.449999999999999734, -8.300000000000000711 ) ) ;
#1115 = SURFACE_STYLE_FILL_AREA ( #9565 ) ;
#1116 = CARTESIAN_POINT ( 'NONE',  ( 14.95000000000000107, -2.000000000000000000, -9.500000000000000000 ) ) ;
#1117 = ORIENTED_EDGE ( 'NONE', *, *, #9927, .T. ) ;
#1118 = EDGE_LOOP ( 'NONE', ( #4731, #6747, #5121, #8057 ) ) ;
#1119 = VERTEX_POINT ( 'NONE', #4254 ) ;
#1120 = CARTESIAN_POINT ( 'NONE',  ( 17.75000000000000000, 3.649999999999999911, -0.2000000000000000111 ) ) ;
#1121 = DIRECTION ( 'NONE',  ( -0.000000000000000000, 0.000000000000000000, 1.000000000000000000 ) ) ;
#1122 = EDGE_CURVE ( 'NONE', #628, #968, #7318, .T. ) ;
#1123 = AXIS2_PLACEMENT_3D ( 'NONE', #6797, #6599, #1197 ) ;
#1124 = PLANE ( 'NONE',  #9041 ) ;
#1125 = FACE_BOUND ( 'NONE', #7893, .T. ) ;
#1126 = EDGE_LOOP ( 'NONE', ( #626, #7281, #5280, #6891, #9279, #2733, #582, #4305, #7363 ) ) ;
#1127 = DIRECTION ( 'NONE',  ( 0.000000000000000000, -0.7071067811865496822, -0.7071067811865453523 ) ) ;
#1128 = ORIENTED_EDGE ( 'NONE', *, *, #3707, .F. ) ;
#1129 = PLANE ( 'NONE',  #7958 ) ;
#1130 = CARTESIAN_POINT ( 'NONE',  ( 7.750000000000000000, 3.649999999999999911, -8.300000000000000711 ) ) ;
#1131 = EDGE_CURVE ( 'NONE', #3720, #2126, #2655, .T. ) ;
#1132 = DIRECTION ( 'NONE',  ( -1.000000000000000000, 0.000000000000000000, 0.000000000000000000 ) ) ;
#1133 = DIRECTION ( 'NONE',  ( 0.000000000000000000, 1.000000000000000000, 0.000000000000000000 ) ) ;
#1134 = EDGE_CURVE ( 'NONE', #6773, #9156, #5305, .T. ) ;
#1135 =( GEOMETRIC_REPRESENTATION_CONTEXT ( 3 ) GLOBAL_UNCERTAINTY_ASSIGNED_CONTEXT ( ( #9609 ) ) GLOBAL_UNIT_ASSIGNED_CONTEXT ( ( #4955, #1906, #9546 ) ) REPRESENTATION_CONTEXT ( 'NONE', 'WORKASPACE' ) );
#1136 = SURFACE_STYLE_USAGE ( .BOTH. , #447 ) ;
#1137 = FILL_AREA_STYLE_COLOUR ( '', #8087 ) ;
#1138 = LINE ( 'NONE', #8102, #2165 ) ;
#1139 =( NAMED_UNIT ( * ) SI_UNIT ( $, .STERADIAN. ) SOLID_ANGLE_UNIT ( ) );
#1140 = ORIENTED_EDGE ( 'NONE', *, *, #406, .T. ) ;
#1141 = VERTEX_POINT ( 'NONE', #5966 ) ;
#1142 = PLANE ( 'NONE',  #6511 ) ;
#1143 = VECTOR ( 'NONE', #2878, 1000.000000000000000 ) ;
#1144 = EDGE_CURVE ( 'NONE', #8433, #6820, #1356, .T. ) ;
#1145 =( GEOMETRIC_REPRESENTATION_CONTEXT ( 3 ) GLOBAL_UNCERTAINTY_ASSIGNED_CONTEXT ( ( #9326 ) ) GLOBAL_UNIT_ASSIGNED_CONTEXT ( ( #644, #2224, #1553 ) ) REPRESENTATION_CONTEXT ( 'NONE', 'WORKASPACE' ) );
#1146 = CARTESIAN_POINT ( 'NONE',  ( 20.25000000000000000, -1.084202172485504434E-16, -9.500000000000000000 ) ) ;
#1147 = CARTESIAN_POINT ( 'NONE',  ( 12.15000000000000036, 2.450000000000000178, -8.900000000000000355 ) ) ;
#1148 = CARTESIAN_POINT ( 'NONE',  ( 2.750000000000000444, -1.084202172485504434E-16, -8.900000000000000355 ) ) ;
#1149 =( NAMED_UNIT ( * ) PLANE_ANGLE_UNIT ( ) SI_UNIT ( $, .RADIAN. ) );
#1150 = LINE ( 'NONE', #500, #1514 ) ;
#1151 = CARTESIAN_POINT ( 'NONE',  ( 3.449999999999999734, 6.099999999999999645, 5.480113433355247488E-16 ) ) ;
#1152 = VERTEX_POINT ( 'NONE', #5864 ) ;
#1153 = EDGE_CURVE ( 'NONE', #4320, #7267, #6807, .T. ) ;
#1154 = ORIENTED_EDGE ( 'NONE', *, *, #6796, .T. ) ;
#1155 = DIRECTION ( 'NONE',  ( 0.000000000000000000, 0.000000000000000000, 1.000000000000000000 ) ) ;
#1156 = CARTESIAN_POINT ( 'NONE',  ( 12.75000000000000178, -1.084202172485504434E-16, -9.500000000000000000 ) ) ;
#1157 = SURFACE_SIDE_STYLE ('',( #7227 ) ) ;
#1158 = UNCERTAINTY_MEASURE_WITH_UNIT (LENGTH_MEASURE( 1.000000000000000082E-05 ), #1331, 'distance_accuracy_value', 'NONE');
#1159 = DIRECTION ( 'NONE',  ( 0.000000000000000000, 0.000000000000000000, -1.000000000000000000 ) ) ;
#1160 = STYLED_ITEM ( 'NONE', ( #2190 ), #3882 ) ;
#1161 = DIRECTION ( 'NONE',  ( -0.000000000000000000, 1.000000000000000000, -0.000000000000000000 ) ) ;
#1162 =( NAMED_UNIT ( * ) SI_UNIT ( $, .STERADIAN. ) SOLID_ANGLE_UNIT ( ) );
#1163 = ORIENTED_EDGE ( 'NONE', *, *, #602, .F. ) ;
#1164 = FACE_OUTER_BOUND ( 'NONE', #1036, .T. ) ;
#1165 = VERTEX_POINT ( 'NONE', #8263 ) ;
#1166 = ORIENTED_EDGE ( 'NONE', *, *, #9301, .T. ) ;
#1167 = DIRECTION ( 'NONE',  ( 0.000000000000000000, -1.000000000000000000, 0.000000000000000000 ) ) ;
#1168 = VERTEX_POINT ( 'NONE', #9104 ) ;
#1169 =( NAMED_UNIT ( * ) SI_UNIT ( $, .STERADIAN. ) SOLID_ANGLE_UNIT ( ) );
#1170 = COLOUR_RGB ( '',0.7529411764705882248, 0.7529411764705882248, 0.7529411764705882248 ) ;
#1171 = STYLED_ITEM ( 'NONE', ( #3472 ), #6500 ) ;
#1172 = UNCERTAINTY_MEASURE_WITH_UNIT (LENGTH_MEASURE( 1.000000000000000082E-05 ), #322, 'distance_accuracy_value', 'NONE');
#1173 = SURFACE_STYLE_USAGE ( .BOTH. , #5787 ) ;
#1174 = ORIENTED_EDGE ( 'NONE', *, *, #2569, .T. ) ;
#1175 = COLOUR_RGB ( '',0.7529411764705882248, 0.7529411764705882248, 0.7529411764705882248 ) ;
#1176 = ORIENTED_EDGE ( 'NONE', *, *, #690, .F. ) ;
#1177 =( LENGTH_UNIT ( ) NAMED_UNIT ( * ) SI_UNIT ( .MILLI., .METRE. ) );
#1178 = PRESENTATION_LAYER_ASSIGNMENT (  '', '', ( #4893 ) ) ;
#1179 = COLOUR_RGB ( '',0.7529411764705882248, 0.7529411764705882248, 0.7529411764705882248 ) ;
#1180 =( GEOMETRIC_REPRESENTATION_CONTEXT ( 3 ) GLOBAL_UNCERTAINTY_ASSIGNED_CONTEXT ( ( #3930 ) ) GLOBAL_UNIT_ASSIGNED_CONTEXT ( ( #8120, #1204, #8258 ) ) REPRESENTATION_CONTEXT ( 'NONE', 'WORKASPACE' ) );
#1181 = SURFACE_SIDE_STYLE ('',( #2869 ) ) ;
#1182 = VECTOR ( 'NONE', #3043, 1000.000000000000000 ) ;
#1183 = COLOUR_RGB ( '',0.7529411764705882248, 0.7529411764705882248, 0.7529411764705882248 ) ;
#1184 = UNCERTAINTY_MEASURE_WITH_UNIT (LENGTH_MEASURE( 1.000000000000000082E-05 ), #2236, 'distance_accuracy_value', 'NONE');
#1185 = VECTOR ( 'NONE', #5833, 1000.000000000000000 ) ;
#1186 = ADVANCED_FACE ( 'NONE', ( #8213 ), #8957, .F. ) ;
#1187 = PLANE ( 'NONE',  #8586 ) ;
#1188 = LINE ( 'NONE', #6594, #6368 ) ;
#1189 = ORIENTED_EDGE ( 'NONE', *, *, #3814, .F. ) ;
#1190 = VECTOR ( 'NONE', #4188, 1000.000000000000000 ) ;
#1191 = CARTESIAN_POINT ( 'NONE',  ( 0.000000000000000000, 0.000000000000000000, 0.000000000000000000 ) ) ;
#1192 = PRESENTATION_LAYER_ASSIGNMENT (  '', '', ( #9215 ) ) ;
#1193 = AXIS2_PLACEMENT_3D ( 'NONE', #7417, #3708, #9006 ) ;
#1194 = CARTESIAN_POINT ( 'NONE',  ( 5.250000000000000000, -1.084202172485504434E-16, -9.500000000000000000 ) ) ;
#1195 = VECTOR ( 'NONE', #6485, 1000.000000000000000 ) ;
#1196 = VECTOR ( 'NONE', #9810, 1000.000000000000000 ) ;
#1197 = DIRECTION ( 'NONE',  ( 0.000000000000000000, -0.7071067811865453523, -0.7071067811865496822 ) ) ;
#1198 =( GEOMETRIC_REPRESENTATION_CONTEXT ( 3 ) GLOBAL_UNCERTAINTY_ASSIGNED_CONTEXT ( ( #5426 ) ) GLOBAL_UNIT_ASSIGNED_CONTEXT ( ( #437, #5130, #88 ) ) REPRESENTATION_CONTEXT ( 'NONE', 'WORKASPACE' ) );
#1199 = AXIS2_PLACEMENT_3D ( 'NONE', #4042, #298, #1742 ) ;
#1200 = DIRECTION ( 'NONE',  ( 0.000000000000000000, 0.000000000000000000, -1.000000000000000000 ) ) ;
#1201 = CARTESIAN_POINT ( 'NONE',  ( 12.75000000000000178, -1.084202172485504434E-16, -8.900000000000000355 ) ) ;
#1202 = FILL_AREA_STYLE ('',( #1611 ) ) ;
#1203 = EDGE_CURVE ( 'NONE', #9022, #6622, #239, .T. ) ;
#1204 =( NAMED_UNIT ( * ) PLANE_ANGLE_UNIT ( ) SI_UNIT ( $, .RADIAN. ) );
#1205 = ORIENTED_EDGE ( 'NONE', *, *, #1122, .T. ) ;
#1206 = EDGE_LOOP ( 'NONE', ( #5789, #4238, #3492, #3215 ) ) ;
#1207 = VECTOR ( 'NONE', #2270, 1000.000000000000000 ) ;
#1208 = PRESENTATION_LAYER_ASSIGNMENT (  '', '', ( #1368 ) ) ;
#1209 = DIRECTION ( 'NONE',  ( -0.000000000000000000, 1.000000000000000000, -0.000000000000000000 ) ) ;
#1210 = CIRCLE ( 'NONE', #6224, 0.2999999999999999334 ) ;
#1211 = SURFACE_STYLE_FILL_AREA ( #2585 ) ;
#1212 = EDGE_CURVE ( 'NONE', #6398, #802, #2837, .T. ) ;
#1213 = DIRECTION ( 'NONE',  ( 0.000000000000000000, -1.000000000000000000, 0.000000000000000000 ) ) ;
#1214 = MECHANICAL_DESIGN_GEOMETRIC_PRESENTATION_REPRESENTATION (  '', ( #8612 ), #4456 ) ;
#1215 = CARTESIAN_POINT ( 'NONE',  ( 14.98333333333333428, 3.316666666666667318, -0.06666666666666645757 ) ) ;
#1216 = CARTESIAN_POINT ( 'NONE',  ( 17.75000000000000000, -1.084202172485504434E-16, -9.500000000000000000 ) ) ;
#1217 = CARTESIAN_POINT ( 'NONE',  ( 10.25000000000000000, -1.084202172485504434E-16, -8.900000000000000355 ) ) ;
#1218 =( NAMED_UNIT ( * ) PLANE_ANGLE_UNIT ( ) SI_UNIT ( $, .RADIAN. ) );
#1219 = EDGE_LOOP ( 'NONE', ( #2385, #1715, #1491, #274 ) ) ;
#1220 = SURFACE_SIDE_STYLE ('',( #3607 ) ) ;
#1221 = ORIENTED_EDGE ( 'NONE', *, *, #3693, .T. ) ;
#1222 = VERTEX_POINT ( 'NONE', #557 ) ;
#1223 = PLANE ( 'NONE',  #4327 ) ;
#1224 = FACE_OUTER_BOUND ( 'NONE', #2948, .T. ) ;
#1225 = SURFACE_STYLE_USAGE ( .BOTH. , #1976 ) ;
#1226 = CARTESIAN_POINT ( 'NONE',  ( 2.750000000000000444, -1.084202172485504434E-16, -9.500000000000000000 ) ) ;
#1227 = VECTOR ( 'NONE', #4525, 1000.000000000000227 ) ;
#1228 = MECHANICAL_DESIGN_GEOMETRIC_PRESENTATION_REPRESENTATION (  '', ( #9261 ), #134 ) ;
#1229 = ORIENTED_EDGE ( 'NONE', *, *, #472, .F. ) ;
#1230 = CARTESIAN_POINT ( 'NONE',  ( 2.450000000000000178, 0.000000000000000000, -9.500000000000000000 ) ) ;
#1231 = ORIENTED_EDGE ( 'NONE', *, *, #1798, .F. ) ;
#1232 = LINE ( 'NONE', #2864, #5723 ) ;
#1233 = SURFACE_SIDE_STYLE ('',( #3421 ) ) ;
#1234 = STYLED_ITEM ( 'NONE', ( #152 ), #7104 ) ;
#1235 = SURFACE_STYLE_FILL_AREA ( #4892 ) ;
#1236 = SURFACE_STYLE_FILL_AREA ( #9680 ) ;
#1237 = PRESENTATION_STYLE_ASSIGNMENT (( #4428 ) ) ;
#1238 = SURFACE_STYLE_FILL_AREA ( #8101 ) ;
#1239 =( NAMED_UNIT ( * ) SI_UNIT ( $, .STERADIAN. ) SOLID_ANGLE_UNIT ( ) );
#1240 = AXIS2_PLACEMENT_3D ( 'NONE', #215, #2435, #4622 ) ;
#1241 = LINE ( 'NONE', #9638, #2985 ) ;
#1242 = VECTOR ( 'NONE', #3235, 1000.000000000000000 ) ;
#1243 =( LENGTH_UNIT ( ) NAMED_UNIT ( * ) SI_UNIT ( .MILLI., .METRE. ) );
#1244 = ORIENTED_EDGE ( 'NONE', *, *, #7087, .F. ) ;
#1245 =( NAMED_UNIT ( * ) SI_UNIT ( $, .STERADIAN. ) SOLID_ANGLE_UNIT ( ) );
#1246 = ADVANCED_FACE ( 'NONE', ( #5199 ), #5920, .F. ) ;
#1247 = LINE ( 'NONE', #1148, #6987 ) ;
#1248 =( NAMED_UNIT ( * ) SI_UNIT ( $, .STERADIAN. ) SOLID_ANGLE_UNIT ( ) );
#1249 = DIRECTION ( 'NONE',  ( 0.000000000000000000, -1.000000000000000000, 0.000000000000000000 ) ) ;
#1250 = FILL_AREA_STYLE_COLOUR ( '', #1676 ) ;
#1251 = ORIENTED_EDGE ( 'NONE', *, *, #2431, .F. ) ;
#1252 = EDGE_LOOP ( 'NONE', ( #135, #7927, #1673, #9024, #9764 ) ) ;
#1253 = CARTESIAN_POINT ( 'NONE',  ( 4.650000000000000355, -1.084202172485504434E-16, -8.900000000000000355 ) ) ;
#1254 = ADVANCED_FACE ( 'NONE', ( #2318 ), #5406, .T. ) ;
#1255 = FACE_OUTER_BOUND ( 'NONE', #3061, .T. ) ;
#1256 = UNCERTAINTY_MEASURE_WITH_UNIT (LENGTH_MEASURE( 1.000000000000000082E-05 ), #497, 'distance_accuracy_value', 'NONE');
#1257 = FILL_AREA_STYLE_COLOUR ( '', #7780 ) ;
#1258 =( NAMED_UNIT ( * ) PLANE_ANGLE_UNIT ( ) SI_UNIT ( $, .RADIAN. ) );
#1259 = EDGE_CURVE ( 'NONE', #6316, #7378, #7000, .T. ) ;
#1260 = PRESENTATION_STYLE_ASSIGNMENT (( #2685 ) ) ;
#1261 = PRESENTATION_STYLE_ASSIGNMENT (( #8178 ) ) ;
#1262 = CARTESIAN_POINT ( 'NONE',  ( 9.950000000000001066, -2.000000000000000000, -9.199999999999999289 ) ) ;
#1263 = VERTEX_POINT ( 'NONE', #8603 ) ;
#1264 = FILL_AREA_STYLE_COLOUR ( '', #7660 ) ;
#1265 = ORIENTED_EDGE ( 'NONE', *, *, #957, .T. ) ;
#1266 = ORIENTED_EDGE ( 'NONE', *, *, #4966, .T. ) ;
#1267 = ADVANCED_FACE ( 'NONE', ( #2375 ), #2471, .F. ) ;
#1268 = DIRECTION ( 'NONE',  ( 1.000000000000000000, 0.000000000000000000, 0.000000000000000000 ) ) ;
#1269 = DIRECTION ( 'NONE',  ( 0.000000000000000000, -1.000000000000000000, -0.000000000000000000 ) ) ;
#1270 = DIRECTION ( 'NONE',  ( -0.7071067811865500152, 0.000000000000000000, 0.7071067811865451302 ) ) ;
#1271 = SURFACE_SIDE_STYLE ('',( #3670 ) ) ;
#1272 = FILL_AREA_STYLE ('',( #1470 ) ) ;
#1273 = UNCERTAINTY_MEASURE_WITH_UNIT (LENGTH_MEASURE( 1.000000000000000082E-05 ), #70, 'distance_accuracy_value', 'NONE');
#1274 = DIRECTION ( 'NONE',  ( 0.000000000000000000, -1.000000000000000000, 0.000000000000000000 ) ) ;
#1275 = FACE_OUTER_BOUND ( 'NONE', #3409, .T. ) ;
#1276 = ORIENTED_EDGE ( 'NONE', *, *, #4847, .F. ) ;
#1277 = FILL_AREA_STYLE ('',( #1982 ) ) ;
#1278 = ADVANCED_FACE ( 'NONE', ( #7619 ), #3815, .T. ) ;
#1279 = ORIENTED_EDGE ( 'NONE', *, *, #7688, .F. ) ;
#1280 = DIRECTION ( 'NONE',  ( 0.000000000000000000, 0.000000000000000000, -1.000000000000000000 ) ) ;
#1281 = DIRECTION ( 'NONE',  ( 1.000000000000000000, -0.000000000000000000, -0.000000000000000000 ) ) ;
#1282 = LINE ( 'NONE', #7550, #1944 ) ;
#1283 = PRESENTATION_STYLE_ASSIGNMENT (( #8155 ) ) ;
#1284 = FACE_OUTER_BOUND ( 'NONE', #4180, .T. ) ;
#1285 = LINE ( 'NONE', #8099, #9054 ) ;
#1286 = LINE ( 'NONE', #5904, #6639 ) ;
#1287 = VECTOR ( 'NONE', #7654, 1000.000000000000000 ) ;
#1288 = UNCERTAINTY_MEASURE_WITH_UNIT (LENGTH_MEASURE( 1.000000000000000082E-05 ), #8784, 'distance_accuracy_value', 'NONE');
#1289 = CARTESIAN_POINT ( 'NONE',  ( 17.44999999999999929, 0.000000000000000000, -9.199999999999999289 ) ) ;
#1290 = DIRECTION ( 'NONE',  ( -0.7071067811865500152, 0.000000000000000000, 0.7071067811865451302 ) ) ;
#1291 = ORIENTED_EDGE ( 'NONE', *, *, #8412, .F. ) ;
#1292 = FILL_AREA_STYLE_COLOUR ( '', #6862 ) ;
#1293 =( NAMED_UNIT ( * ) SI_UNIT ( $, .STERADIAN. ) SOLID_ANGLE_UNIT ( ) );
#1294 = VECTOR ( 'NONE', #4996, 1000.000000000000000 ) ;
#1295 = LINE ( 'NONE', #2007, #7179 ) ;
#1296 = DIRECTION ( 'NONE',  ( 0.000000000000000000, -0.000000000000000000, 1.000000000000000000 ) ) ;
#1297 = DIRECTION ( 'NONE',  ( -1.000000000000000000, 0.000000000000000000, 0.000000000000000000 ) ) ;
#1298 = CARTESIAN_POINT ( 'NONE',  ( 12.75000000000000178, 6.099999999999999645, -7.000000000000000000 ) ) ;
#1299 = CARTESIAN_POINT ( 'NONE',  ( 12.45000000000000107, -2.000000000000000000, -9.199999999999999289 ) ) ;
#1300 = ORIENTED_EDGE ( 'NONE', *, *, #108, .F. ) ;
#1301 = EDGE_LOOP ( 'NONE', ( #6437, #3764, #6968, #4865 ) ) ;
#1302 = MECHANICAL_DESIGN_GEOMETRIC_PRESENTATION_REPRESENTATION (  '', ( #8687 ), #9339 ) ;
#1303 = PRESENTATION_LAYER_ASSIGNMENT (  '', '', ( #5838 ) ) ;
#1304 = LINE ( 'NONE', #9708, #3037 ) ;
#1305 = AXIS2_PLACEMENT_3D ( 'NONE', #3453, #510, #7984 ) ;
#1306 = FACE_OUTER_BOUND ( 'NONE', #2930, .T. ) ;
#1307 = DIRECTION ( 'NONE',  ( -0.5773502691896225114, 0.5773502691896255090, -0.5773502691896291728 ) ) ;
#1308 = CARTESIAN_POINT ( 'NONE',  ( 10.25000000000000000, 3.649999999999999911, -7.000000000000000000 ) ) ;
#1309 =( NAMED_UNIT ( * ) SI_UNIT ( $, .STERADIAN. ) SOLID_ANGLE_UNIT ( ) );
#1310 = LINE ( 'NONE', #4353, #3806 ) ;
#1311 = AXIS2_PLACEMENT_3D ( 'NONE', #9892, #5331, #8390 ) ;
#1312 = ORIENTED_EDGE ( 'NONE', *, *, #8578, .F. ) ;
#1313 = ORIENTED_EDGE ( 'NONE', *, *, #721, .F. ) ;
#1314 = EDGE_CURVE ( 'NONE', #8223, #5634, #7262, .T. ) ;
#1315 = ORIENTED_EDGE ( 'NONE', *, *, #9146, .F. ) ;
#1316 =( LENGTH_UNIT ( ) NAMED_UNIT ( * ) SI_UNIT ( .MILLI., .METRE. ) );
#1317 = ADVANCED_FACE ( 'NONE', ( #7905 ), #1102, .T. ) ;
#1318 = STYLED_ITEM ( 'NONE', ( #6383 ), #1702 ) ;
#1319 = CARTESIAN_POINT ( 'NONE',  ( 0.8000000000000004885, 3.050000000000000266, -6.200000000000000178 ) ) ;
#1320 = DIRECTION ( 'NONE',  ( -0.5773502691896225114, 0.5773502691896255090, 0.5773502691896291728 ) ) ;
#1321 = CIRCLE ( 'NONE', #6327, 0.5999999999999998668 ) ;
#1322 = VERTEX_POINT ( 'NONE', #9451 ) ;
#1323 = EDGE_CURVE ( 'NONE', #1416, #8222, #5697, .T. ) ;
#1324 = ADVANCED_FACE ( 'NONE', ( #4802 ), #304, .F. ) ;
#1325 = ORIENTED_EDGE ( 'NONE', *, *, #3837, .F. ) ;
#1326 = DIRECTION ( 'NONE',  ( 0.000000000000000000, 1.000000000000000000, 0.000000000000000000 ) ) ;
#1327 = PRESENTATION_LAYER_ASSIGNMENT (  '', '', ( #3117 ) ) ;
#1328 = ORIENTED_EDGE ( 'NONE', *, *, #3262, .F. ) ;
#1329 = COLOUR_RGB ( '',0.7529411764705882248, 0.7529411764705882248, 0.7529411764705882248 ) ;
#1330 = SURFACE_STYLE_USAGE ( .BOTH. , #1384 ) ;
#1331 =( LENGTH_UNIT ( ) NAMED_UNIT ( * ) SI_UNIT ( .MILLI., .METRE. ) );
#1332 = ADVANCED_FACE ( 'NONE', ( #588 ), #6100, .T. ) ;
#1333 = AXIS2_PLACEMENT_3D ( 'NONE', #2587, #1765, #4160 ) ;
#1334 = VECTOR ( 'NONE', #5999, 1000.000000000000000 ) ;
#1335 = DIRECTION ( 'NONE',  ( 1.000000000000000000, 0.000000000000000000, 0.000000000000000000 ) ) ;
#1336 = DIRECTION ( 'NONE',  ( 0.000000000000000000, -1.000000000000000000, 0.000000000000000000 ) ) ;
#1337 = DIRECTION ( 'NONE',  ( 0.000000000000000000, 0.000000000000000000, -1.000000000000000000 ) ) ;
#1338 = AXIS2_PLACEMENT_3D ( 'NONE', #3523, #6478, #1880 ) ;
#1339 = ORIENTED_EDGE ( 'NONE', *, *, #3615, .F. ) ;
#1340 = FACE_OUTER_BOUND ( 'NONE', #6933, .T. ) ;
#1341 =( GEOMETRIC_REPRESENTATION_CONTEXT ( 3 ) GLOBAL_UNCERTAINTY_ASSIGNED_CONTEXT ( ( #4514 ) ) GLOBAL_UNIT_ASSIGNED_CONTEXT ( ( #7253, #2707, #5798 ) ) REPRESENTATION_CONTEXT ( 'NONE', 'WORKASPACE' ) );
#1342 = AXIS2_PLACEMENT_3D ( 'NONE', #6311, #9304, #2475 ) ;
#1343 = VECTOR ( 'NONE', #2851, 1000.000000000000000 ) ;
#1344 =( NAMED_UNIT ( * ) PLANE_ANGLE_UNIT ( ) SI_UNIT ( $, .RADIAN. ) );
#1345 = FACE_OUTER_BOUND ( 'NONE', #8359, .T. ) ;
#1346 = MECHANICAL_DESIGN_GEOMETRIC_PRESENTATION_REPRESENTATION (  '', ( #3137 ), #2639 ) ;
#1347 = MECHANICAL_DESIGN_GEOMETRIC_PRESENTATION_REPRESENTATION (  '', ( #397 ), #1833 ) ;
#1348 = VECTOR ( 'NONE', #3698, 1000.000000000000000 ) ;
#1349 =( GEOMETRIC_REPRESENTATION_CONTEXT ( 3 ) GLOBAL_UNCERTAINTY_ASSIGNED_CONTEXT ( ( #5741 ) ) GLOBAL_UNIT_ASSIGNED_CONTEXT ( ( #9044, #5191, #9181 ) ) REPRESENTATION_CONTEXT ( 'NONE', 'WORKASPACE' ) );
#1350 = DIRECTION ( 'NONE',  ( 1.000000000000000000, 0.000000000000000000, 0.000000000000000000 ) ) ;
#1351 = CARTESIAN_POINT ( 'NONE',  ( 20.40000000000000213, 6.100999999999999979, -3.100000000000000533 ) ) ;
#1352 = ORIENTED_EDGE ( 'NONE', *, *, #7741, .T. ) ;
#1353 = ORIENTED_EDGE ( 'NONE', *, *, #5338, .T. ) ;
#1354 =( LENGTH_UNIT ( ) NAMED_UNIT ( * ) SI_UNIT ( .MILLI., .METRE. ) );
#1355 = COLOUR_RGB ( '',0.7529411764705882248, 0.7529411764705882248, 0.7529411764705882248 ) ;
#1356 = LINE ( 'NONE', #6608, #4585 ) ;
#1357 = CARTESIAN_POINT ( 'NONE',  ( 12.75000000000000178, 3.649999999999999911, -6.200000000000000178 ) ) ;
#1358 = CARTESIAN_POINT ( 'NONE',  ( 12.34999999999999964, 3.250000000000000000, -0.2000000000000000111 ) ) ;
#1359 =( NAMED_UNIT ( * ) PLANE_ANGLE_UNIT ( ) SI_UNIT ( $, .RADIAN. ) );
#1360 = VECTOR ( 'NONE', #3723, 1000.000000000000000 ) ;
#1361 = DIRECTION ( 'NONE',  ( -1.000000000000000000, -0.000000000000000000, -0.000000000000000000 ) ) ;
#1362 = STYLED_ITEM ( 'NONE', ( #6128 ), #9874 ) ;
#1363 = CIRCLE ( 'NONE', #258, 0.2999999999999999334 ) ;
#1364 = DIRECTION ( 'NONE',  ( -0.000000000000000000, 1.000000000000000000, -0.000000000000000000 ) ) ;
#1365 = VERTEX_POINT ( 'NONE', #2295 ) ;
#1366 =( NAMED_UNIT ( * ) SI_UNIT ( $, .STERADIAN. ) SOLID_ANGLE_UNIT ( ) );
#1367 = ORIENTED_EDGE ( 'NONE', *, *, #9270, .F. ) ;
#1368 = STYLED_ITEM ( 'NONE', ( #9287 ), #2317 ) ;
#1369 = ORIENTED_EDGE ( 'NONE', *, *, #5981, .F. ) ;
#1370 = FILL_AREA_STYLE_COLOUR ( '', #6015 ) ;
#1371 = MECHANICAL_DESIGN_GEOMETRIC_PRESENTATION_REPRESENTATION (  '', ( #1668 ), #5097 ) ;
#1372 = CIRCLE ( 'NONE', #5099, 0.2999999999999999334 ) ;
#1373 = CARTESIAN_POINT ( 'NONE',  ( 17.14999999999999858, 3.050000000000000266, -6.200000000000000178 ) ) ;
#1374 = UNCERTAINTY_MEASURE_WITH_UNIT (LENGTH_MEASURE( 1.000000000000000082E-05 ), #1458, 'distance_accuracy_value', 'NONE');
#1375 = PRESENTATION_STYLE_ASSIGNMENT (( #818 ) ) ;
#1376 = ADVANCED_FACE ( 'NONE', ( #6786 ), #2094, .T. ) ;
#1377 = ORIENTED_EDGE ( 'NONE', *, *, #2309, .T. ) ;
#1378 = ADVANCED_FACE ( 'NONE', ( #1433 ), #6753, .T. ) ;
#1379 =( GEOMETRIC_REPRESENTATION_CONTEXT ( 3 ) GLOBAL_UNCERTAINTY_ASSIGNED_CONTEXT ( ( #7412 ) ) GLOBAL_UNIT_ASSIGNED_CONTEXT ( ( #355, #7118, #7271 ) ) REPRESENTATION_CONTEXT ( 'NONE', 'WORKASPACE' ) );
#1380 = ORIENTED_EDGE ( 'NONE', *, *, #8989, .T. ) ;
#1381 = CARTESIAN_POINT ( 'NONE',  ( 7.750000000000000000, 3.050000000000000266, -7.000000000000000000 ) ) ;
#1382 = EDGE_LOOP ( 'NONE', ( #1166, #2302 ) ) ;
#1383 = UNCERTAINTY_MEASURE_WITH_UNIT (LENGTH_MEASURE( 1.000000000000000082E-05 ), #3390, 'distance_accuracy_value', 'NONE');
#1384 = SURFACE_SIDE_STYLE ('',( #8244 ) ) ;
#1385 = DIRECTION ( 'NONE',  ( 1.000000000000000000, 0.000000000000000000, -0.000000000000000000 ) ) ;
#1386 = UNCERTAINTY_MEASURE_WITH_UNIT (LENGTH_MEASURE( 1.000000000000000082E-05 ), #1900, 'distance_accuracy_value', 'NONE');
#1387 = ADVANCED_FACE ( 'NONE', ( #7671 ), #9901, .T. ) ;
#1388 = VECTOR ( 'NONE', #9302, 1000.000000000000000 ) ;
#1389 = CYLINDRICAL_SURFACE ( 'NONE', #3315, 1.199999999999999734 ) ;
#1390 = FACE_OUTER_BOUND ( 'NONE', #2593, .T. ) ;
#1391 = EDGE_CURVE ( 'NONE', #7901, #5628, #6950, .T. ) ;
#1392 = UNCERTAINTY_MEASURE_WITH_UNIT (LENGTH_MEASURE( 1.000000000000000082E-05 ), #1617, 'distance_accuracy_value', 'NONE');
#1393 = SURFACE_STYLE_FILL_AREA ( #8392 ) ;
#1394 = DIRECTION ( 'NONE',  ( 1.000000000000000000, 0.000000000000000000, 0.000000000000000000 ) ) ;
#1395 = ORIENTED_EDGE ( 'NONE', *, *, #2835, .F. ) ;
#1396 = DIRECTION ( 'NONE',  ( -1.000000000000000000, 0.000000000000000000, 0.000000000000000000 ) ) ;
#1397 =( GEOMETRIC_REPRESENTATION_CONTEXT ( 3 ) GLOBAL_UNCERTAINTY_ASSIGNED_CONTEXT ( ( #5619 ) ) GLOBAL_UNIT_ASSIGNED_CONTEXT ( ( #9284, #4678, #7787 ) ) REPRESENTATION_CONTEXT ( 'NONE', 'WORKASPACE' ) );
#1398 = EDGE_CURVE ( 'NONE', #4044, #6117, #6114, .T. ) ;
#1399 =( NAMED_UNIT ( * ) SI_UNIT ( $, .STERADIAN. ) SOLID_ANGLE_UNIT ( ) );
#1400 = AXIS2_PLACEMENT_3D ( 'NONE', #4909, #1812, #8660 ) ;
#1401 = PRESENTATION_STYLE_ASSIGNMENT (( #7564 ) ) ;
#1402 =( NAMED_UNIT ( * ) PLANE_ANGLE_UNIT ( ) SI_UNIT ( $, .RADIAN. ) );
#1403 =( NAMED_UNIT ( * ) PLANE_ANGLE_UNIT ( ) SI_UNIT ( $, .RADIAN. ) );
#1404 = ORIENTED_EDGE ( 'NONE', *, *, #7865, .F. ) ;
#1405 = EDGE_LOOP ( 'NONE', ( #8677, #1933, #5321, #5832 ) ) ;
#1406 = CARTESIAN_POINT ( 'NONE',  ( 7.150000000000000355, 3.050000000000000266, -0.2000000000000000111 ) ) ;
#1407 = AXIS2_PLACEMENT_3D ( 'NONE', #9651, #7411, #2938 ) ;
#1408 = COLOUR_RGB ( '',0.7529411764705882248, 0.7529411764705882248, 0.7529411764705882248 ) ;
#1409 = PRESENTATION_STYLE_ASSIGNMENT (( #8314 ) ) ;
#1410 = LINE ( 'NONE', #9855, #6101 ) ;
#1411 = LINE ( 'NONE', #9861, #1536 ) ;
#1412 = DIRECTION ( 'NONE',  ( -0.000000000000000000, 1.000000000000000000, 0.000000000000000000 ) ) ;
#1413 =( NAMED_UNIT ( * ) PLANE_ANGLE_UNIT ( ) SI_UNIT ( $, .RADIAN. ) );
#1414 = ORIENTED_EDGE ( 'NONE', *, *, #2624, .T. ) ;
#1415 = SURFACE_SIDE_STYLE ('',( #6919 ) ) ;
#1416 = VERTEX_POINT ( 'NONE', #9791 ) ;
#1417 = ORIENTED_EDGE ( 'NONE', *, *, #592, .T. ) ;
#1418 = FACE_OUTER_BOUND ( 'NONE', #5195, .T. ) ;
#1419 = FACE_OUTER_BOUND ( 'NONE', #8456, .T. ) ;
#1420 = CARTESIAN_POINT ( 'NONE',  ( 22.40000000000000213, 2.500000000000000000, -11.50000000000000178 ) ) ;
#1421 = DIRECTION ( 'NONE',  ( 0.000000000000000000, 0.000000000000000000, 1.000000000000000000 ) ) ;
#1422 = DIRECTION ( 'NONE',  ( -1.000000000000000000, 0.000000000000000000, 0.000000000000000000 ) ) ;
#1423 = DIRECTION ( 'NONE',  ( 0.000000000000000000, 0.000000000000000000, -1.000000000000000000 ) ) ;
#1424 = ORIENTED_EDGE ( 'NONE', *, *, #303, .T. ) ;
#1425 = CARTESIAN_POINT ( 'NONE',  ( 18.95000000000000284, 6.100999999999999979, 2.755455298081515504E-17 ) ) ;
#1426 = VERTEX_POINT ( 'NONE', #2107 ) ;
#1427 = FILL_AREA_STYLE ('',( #2200 ) ) ;
#1428 = VERTEX_POINT ( 'NONE', #9140 ) ;
#1429 = LINE ( 'NONE', #6049, #9389 ) ;
#1430 = EDGE_CURVE ( 'NONE', #6621, #9022, #9045, .T. ) ;
#1431 = DIRECTION ( 'NONE',  ( 0.000000000000000000, -1.000000000000000000, 0.000000000000000000 ) ) ;
#1432 = CYLINDRICAL_SURFACE ( 'NONE', #6155, 0.5999999999999998668 ) ;
#1433 = FACE_OUTER_BOUND ( 'NONE', #7043, .T. ) ;
#1434 = SURFACE_SIDE_STYLE ('',( #6742 ) ) ;
#1435 = STYLED_ITEM ( 'NONE', ( #5386 ), #9444 ) ;
#1436 = DIRECTION ( 'NONE',  ( 0.000000000000000000, 0.000000000000000000, -1.000000000000000000 ) ) ;
#1437 =( LENGTH_UNIT ( ) NAMED_UNIT ( * ) SI_UNIT ( .MILLI., .METRE. ) );
#1438 = DIRECTION ( 'NONE',  ( 0.000000000000000000, 0.000000000000000000, -1.000000000000000000 ) ) ;
#1439 = EDGE_LOOP ( 'NONE', ( #6686, #3342, #2566, #8802 ) ) ;
#1440 = VECTOR ( 'NONE', #535, 1000.000000000000000 ) ;
#1441 = SURFACE_STYLE_FILL_AREA ( #6853 ) ;
#1442 = EDGE_CURVE ( 'NONE', #5625, #5531, #4449, .T. ) ;
#1443 = CARTESIAN_POINT ( 'NONE',  ( 17.14999999999999858, 3.649999999999999911, -7.000000000000000000 ) ) ;
#1444 = EDGE_CURVE ( 'NONE', #338, #6118, #7519, .T. ) ;
#1445 = CARTESIAN_POINT ( 'NONE',  ( 21.60000000000000142, 4.499999999999999112, 0.000000000000000000 ) ) ;
#1446 = PRESENTATION_LAYER_ASSIGNMENT (  '', '', ( #3238 ) ) ;
#1447 = CARTESIAN_POINT ( 'NONE',  ( 19.95000000000000284, -2.000000000000000000, -8.900000000000000355 ) ) ;
#1448 = SURFACE_SIDE_STYLE ('',( #5299 ) ) ;
#1449 = PRESENTATION_STYLE_ASSIGNMENT (( #3860 ) ) ;
#1450 = VERTEX_POINT ( 'NONE', #6861 ) ;
#1451 = EDGE_LOOP ( 'NONE', ( #2483, #8985 ) ) ;
#1453 = EDGE_CURVE ( 'NONE', #5978, #6261, #3858, .T. ) ;
#1452 = DIRECTION ( 'NONE',  ( -1.000000000000000000, 0.000000000000000000, 0.000000000000000000 ) ) ;
#1454 = ADVANCED_FACE ( 'NONE', ( #1790 ), #6208, .F. ) ;
#1455 = VECTOR ( 'NONE', #5357, 1000.000000000000000 ) ;
#1456 = CARTESIAN_POINT ( 'NONE',  ( 7.750000000000000000, 3.050000000000000266, -0.2000000000000000111 ) ) ;
#1457 = CARTESIAN_POINT ( 'NONE',  ( 9.650000000000000355, 3.649999999999999911, -7.000000000000000000 ) ) ;
#1458 =( LENGTH_UNIT ( ) NAMED_UNIT ( * ) SI_UNIT ( .MILLI., .METRE. ) );
#1459 = CARTESIAN_POINT ( 'NONE',  ( 2.750000000000000444, 2.449999999999999734, -8.300000000000000711 ) ) ;
#1460 =( NAMED_UNIT ( * ) SI_UNIT ( $, .STERADIAN. ) SOLID_ANGLE_UNIT ( ) );
#1461 = ADVANCED_FACE ( 'NONE', ( #7098 ), #3993, .T. ) ;
#1462 = PRESENTATION_LAYER_ASSIGNMENT (  '', '', ( #4228 ) ) ;
#1463 =( NAMED_UNIT ( * ) PLANE_ANGLE_UNIT ( ) SI_UNIT ( $, .RADIAN. ) );
#1464 = CARTESIAN_POINT ( 'NONE',  ( 14.65000000000000213, 3.050000000000000266, -0.2000000000000000111 ) ) ;
#1465 = ORIENTED_EDGE ( 'NONE', *, *, #4443, .T. ) ;
#1466 = EDGE_LOOP ( 'NONE', ( #7346, #1614, #6040, #1465 ) ) ;
#1467 = DIRECTION ( 'NONE',  ( 0.000000000000000000, -0.000000000000000000, 1.000000000000000000 ) ) ;
#1468 = DIRECTION ( 'NONE',  ( 0.000000000000000000, 0.000000000000000000, -1.000000000000000000 ) ) ;
#1469 = SURFACE_STYLE_FILL_AREA ( #2487 ) ;
#1470 = FILL_AREA_STYLE_COLOUR ( '', #3034 ) ;
#1471 = UNCERTAINTY_MEASURE_WITH_UNIT (LENGTH_MEASURE( 1.000000000000000082E-05 ), #2391, 'distance_accuracy_value', 'NONE');
#1472 = LINE ( 'NONE', #7635, #3444 ) ;
#1473 = ORIENTED_EDGE ( 'NONE', *, *, #9369, .F. ) ;
#1474 = ORIENTED_EDGE ( 'NONE', *, *, #347, .T. ) ;
#1475 = SURFACE_STYLE_USAGE ( .BOTH. , #8382 ) ;
#1476 = ORIENTED_EDGE ( 'NONE', *, *, #6266, .F. ) ;
#1477 = PRESENTATION_STYLE_ASSIGNMENT (( #9124 ) ) ;
#1478 = PRESENTATION_LAYER_ASSIGNMENT (  '', '', ( #2283 ) ) ;
#1479 = PLANE ( 'NONE',  #8353 ) ;
#1480 = CARTESIAN_POINT ( 'NONE',  ( 20.25000000000000000, 2.450000000000000178, -8.300000000000000711 ) ) ;
#1481 = PRESENTATION_LAYER_ASSIGNMENT (  '', '', ( #9344 ) ) ;
#1482 = DIRECTION ( 'NONE',  ( 0.000000000000000000, -0.7071067811865453523, -0.7071067811865496822 ) ) ;
#1483 =( LENGTH_UNIT ( ) NAMED_UNIT ( * ) SI_UNIT ( .MILLI., .METRE. ) );
#1484 = UNCERTAINTY_MEASURE_WITH_UNIT (LENGTH_MEASURE( 1.000000000000000082E-05 ), #2518, 'distance_accuracy_value', 'NONE');
#1485 =( NAMED_UNIT ( * ) SI_UNIT ( $, .STERADIAN. ) SOLID_ANGLE_UNIT ( ) );
#1486 = AXIS2_PLACEMENT_3D ( 'NONE', #7986, #220, #2499 ) ;
#1487 = CARTESIAN_POINT ( 'NONE',  ( 5.250000000000000000, -1.084202172485504434E-16, -9.500000000000000000 ) ) ;
#1488 = VECTOR ( 'NONE', #7114, 1000.000000000000000 ) ;
#1489 = SURFACE_STYLE_USAGE ( .BOTH. , #6903 ) ;
#1490 = LINE ( 'NONE', #3031, #5731 ) ;
#1491 = ORIENTED_EDGE ( 'NONE', *, *, #6902, .T. ) ;
#1492 = LINE ( 'NONE', #12, #6847 ) ;
#1493 =( NAMED_UNIT ( * ) PLANE_ANGLE_UNIT ( ) SI_UNIT ( $, .RADIAN. ) );
#1494 = CIRCLE ( 'NONE', #7463, 0.2999999999999999334 ) ;
#1495 = AXIS2_PLACEMENT_3D ( 'NONE', #8927, #8972, #1930 ) ;
#1496 = FILL_AREA_STYLE_COLOUR ( '', #8673 ) ;
#1497 = ADVANCED_FACE ( 'NONE', ( #3228 ), #3947, .T. ) ;
#1498 = CYLINDRICAL_SURFACE ( 'NONE', #2274, 0.2999999999999999334 ) ;
#1499 = AXIS2_PLACEMENT_3D ( 'NONE', #8671, #1586, #9427 ) ;
#1500 = SURFACE_SIDE_STYLE ('',( #8307 ) ) ;
#1501 = SURFACE_SIDE_STYLE ('',( #9182 ) ) ;
#1502 = FILL_AREA_STYLE_COLOUR ( '', #6201 ) ;
#1503 = ORIENTED_EDGE ( 'NONE', *, *, #2251, .T. ) ;
#1504 = EDGE_LOOP ( 'NONE', ( #4902, #2328, #5859, #8637 ) ) ;
#1505 = MECHANICAL_DESIGN_GEOMETRIC_PRESENTATION_REPRESENTATION (  '', ( #5535 ), #9366 ) ;
#1506 = STYLED_ITEM ( 'NONE', ( #8530 ), #4364 ) ;
#1507 = DIRECTION ( 'NONE',  ( 0.000000000000000000, 0.000000000000000000, -1.000000000000000000 ) ) ;
#1508 = EDGE_CURVE ( 'NONE', #1571, #5108, #6445, .T. ) ;
#1509 = VECTOR ( 'NONE', #5701, 1000.000000000000000 ) ;
#1510 = SURFACE_SIDE_STYLE ('',( #3956 ) ) ;
#1511 = VECTOR ( 'NONE', #2583, 1000.000000000000000 ) ;
#1512 = FILL_AREA_STYLE ('',( #1562 ) ) ;
#1513 =( NAMED_UNIT ( * ) PLANE_ANGLE_UNIT ( ) SI_UNIT ( $, .RADIAN. ) );
#1515 = CARTESIAN_POINT ( 'NONE',  ( 20.05000000000000071, 3.050000000000000266, -0.2000000000000000111 ) ) ;
#1514 = VECTOR ( 'NONE', #456, 1000.000000000000000 ) ;
#1516 = STYLED_ITEM ( 'NONE', ( #7245 ), #4485 ) ;
#1517 = ADVANCED_FACE ( 'NONE', ( #5689 ), #2816, .T. ) ;
#1518 = COLOUR_RGB ( '',0.7529411764705882248, 0.7529411764705882248, 0.7529411764705882248 ) ;
#1519 = DIRECTION ( 'NONE',  ( -0.000000000000000000, 1.000000000000000000, -0.000000000000000000 ) ) ;
#1520 = LINE ( 'NONE', #9151, #545 ) ;
#1521 = DIRECTION ( 'NONE',  ( 0.000000000000000000, 0.000000000000000000, -1.000000000000000000 ) ) ;
#1522 =( GEOMETRIC_REPRESENTATION_CONTEXT ( 3 ) GLOBAL_UNCERTAINTY_ASSIGNED_CONTEXT ( ( #6549 ) ) GLOBAL_UNIT_ASSIGNED_CONTEXT ( ( #8500, #9908, #4003 ) ) REPRESENTATION_CONTEXT ( 'NONE', 'WORKASPACE' ) );
#1523 = ORIENTED_EDGE ( 'NONE', *, *, #3988, .T. ) ;
#1524 = CARTESIAN_POINT ( 'NONE',  ( 19.84999999999999787, 3.249999999999999112, -0.2000000000000009548 ) ) ;
#1525 = ORIENTED_EDGE ( 'NONE', *, *, #7254, .F. ) ;
#1526 =( GEOMETRIC_REPRESENTATION_CONTEXT ( 3 ) GLOBAL_UNCERTAINTY_ASSIGNED_CONTEXT ( ( #1565 ) ) GLOBAL_UNIT_ASSIGNED_CONTEXT ( ( #4474, #8482, #2958 ) ) REPRESENTATION_CONTEXT ( 'NONE', 'WORKASPACE' ) );
#1527 = VECTOR ( 'NONE', #5668, 1000.000000000000000 ) ;
#1528 = MECHANICAL_DESIGN_GEOMETRIC_PRESENTATION_REPRESENTATION (  '', ( #9706 ), #4591 ) ;
#1529 = COLOUR_RGB ( '',0.7529411764705882248, 0.7529411764705882248, 0.7529411764705882248 ) ;
#1530 = CARTESIAN_POINT ( 'NONE',  ( 12.75000000000000178, -1.084202172485504434E-16, -8.900000000000000355 ) ) ;
#1531 = EDGE_CURVE ( 'NONE', #9211, #9079, #1286, .T. ) ;
#1532 = VECTOR ( 'NONE', #3937, 1000.000000000000000 ) ;
#1533 = MECHANICAL_DESIGN_GEOMETRIC_PRESENTATION_REPRESENTATION (  '', ( #247 ), #2004 ) ;
#1534 = DIRECTION ( 'NONE',  ( -1.000000000000000000, 0.000000000000000000, 0.000000000000000000 ) ) ;
#1535 = VECTOR ( 'NONE', #9110, 1000.000000000000000 ) ;
#1536 = VECTOR ( 'NONE', #7530, 1000.000000000000000 ) ;
#1537 = ORIENTED_EDGE ( 'NONE', *, *, #2924, .F. ) ;
#1538 = SURFACE_STYLE_FILL_AREA ( #6239 ) ;
#1539 = VERTEX_POINT ( 'NONE', #1097 ) ;
#1540 =( LENGTH_UNIT ( ) NAMED_UNIT ( * ) SI_UNIT ( .MILLI., .METRE. ) );
#1541 = VECTOR ( 'NONE', #1877, 1000.000000000000000 ) ;
#1542 = ORIENTED_EDGE ( 'NONE', *, *, #7200, .F. ) ;
#1543 = COLOUR_RGB ( '',0.7529411764705882248, 0.7529411764705882248, 0.7529411764705882248 ) ;
#1544 = FACE_OUTER_BOUND ( 'NONE', #2931, .T. ) ;
#1545 = CIRCLE ( 'NONE', #260, 0.5999999999999998668 ) ;
#1546 = DIRECTION ( 'NONE',  ( 1.000000000000000000, 0.000000000000000000, 0.000000000000000000 ) ) ;
#1547 = MECHANICAL_DESIGN_GEOMETRIC_PRESENTATION_REPRESENTATION (  '', ( #264 ), #1056 ) ;
#1548 = ORIENTED_EDGE ( 'NONE', *, *, #9067, .F. ) ;
#1549 = DIRECTION ( 'NONE',  ( -0.5773502691896241767, 0.5773502691896246208, 0.5773502691896282846 ) ) ;
#1550 = COLOUR_RGB ( '',0.7529411764705882248, 0.7529411764705882248, 0.7529411764705882248 ) ;
#1551 = SURFACE_STYLE_FILL_AREA ( #157 ) ;
#1552 = LINE ( 'NONE', #7750, #6306 ) ;
#1553 =( NAMED_UNIT ( * ) SI_UNIT ( $, .STERADIAN. ) SOLID_ANGLE_UNIT ( ) );
#1554 = AXIS2_PLACEMENT_3D ( 'NONE', #9678, #3239, #2807 ) ;
#1555 =( LENGTH_UNIT ( ) NAMED_UNIT ( * ) SI_UNIT ( .MILLI., .METRE. ) );
#1556 = STYLED_ITEM ( 'NONE', ( #1694 ), #343 ) ;
#1557 = ORIENTED_EDGE ( 'NONE', *, *, #6755, .T. ) ;
#1558 = ORIENTED_EDGE ( 'NONE', *, *, #9761, .F. ) ;
#1559 = LINE ( 'NONE', #2991, #4937 ) ;
#1560 = EDGE_CURVE ( 'NONE', #528, #3367, #3489, .T. ) ;
#1561 = SURFACE_STYLE_USAGE ( .BOTH. , #9342 ) ;
#1562 = FILL_AREA_STYLE_COLOUR ( '', #7840 ) ;
#1563 = VECTOR ( 'NONE', #4410, 1000.000000000000000 ) ;
#1564 = FILL_AREA_STYLE ('',( #6961 ) ) ;
#1565 = UNCERTAINTY_MEASURE_WITH_UNIT (LENGTH_MEASURE( 1.000000000000000082E-05 ), #4474, 'distance_accuracy_value', 'NONE');
#1566 = SURFACE_STYLE_FILL_AREA ( #9759 ) ;
#1567 = LINE ( 'NONE', #3196, #3739 ) ;
#1568 = CARTESIAN_POINT ( 'NONE',  ( 19.65000000000000213, 3.050000000000000266, -6.200000000000000178 ) ) ;
#1569 = PLANE ( 'NONE',  #3939 ) ;
#1570 = ORIENTED_EDGE ( 'NONE', *, *, #3570, .T. ) ;
#1571 = VERTEX_POINT ( 'NONE', #6490 ) ;
#1572 =( GEOMETRIC_REPRESENTATION_CONTEXT ( 3 ) GLOBAL_UNCERTAINTY_ASSIGNED_CONTEXT ( ( #6610 ) ) GLOBAL_UNIT_ASSIGNED_CONTEXT ( ( #7980, #1865, #3508 ) ) REPRESENTATION_CONTEXT ( 'NONE', 'WORKASPACE' ) );
#1573 = EDGE_CURVE ( 'NONE', #8431, #3213, #9485, .T. ) ;
#1574 = DIRECTION ( 'NONE',  ( 0.000000000000000000, 0.000000000000000000, -1.000000000000000000 ) ) ;
#1575 = FACE_OUTER_BOUND ( 'NONE', #8209, .T. ) ;
#1576 = UNCERTAINTY_MEASURE_WITH_UNIT (LENGTH_MEASURE( 1.000000000000000082E-05 ), #3760, 'distance_accuracy_value', 'NONE');
#1577 = EDGE_CURVE ( 'NONE', #9235, #9330, #5511, .T. ) ;
#1578 = SURFACE_SIDE_STYLE ('',( #6826 ) ) ;
#1579 = DIRECTION ( 'NONE',  ( 0.000000000000000000, -0.000000000000000000, 1.000000000000000000 ) ) ;
#1580 = SURFACE_SIDE_STYLE ('',( #36 ) ) ;
#1581 = VERTEX_POINT ( 'NONE', #6548 ) ;
#1582 = VERTEX_POINT ( 'NONE', #9637 ) ;
#1583 = EDGE_LOOP ( 'NONE', ( #9812, #5259, #5026, #9409 ) ) ;
#1584 = FACE_OUTER_BOUND ( 'NONE', #39, .T. ) ;
#1585 = ADVANCED_FACE ( 'NONE', ( #3382 ), #5752, .T. ) ;
#1586 = DIRECTION ( 'NONE',  ( -1.000000000000000000, -0.000000000000000000, -0.000000000000000000 ) ) ;
#1587 = PLANE ( 'NONE',  #9683 ) ;
#1588 =( NAMED_UNIT ( * ) PLANE_ANGLE_UNIT ( ) SI_UNIT ( $, .RADIAN. ) );
#1589 = UNCERTAINTY_MEASURE_WITH_UNIT (LENGTH_MEASURE( 1.000000000000000082E-05 ), #2134, 'distance_accuracy_value', 'NONE');
#1590 = LINE ( 'NONE', #830, #7651 ) ;
#1591 = ADVANCED_FACE ( 'NONE', ( #1390 ), #5287, .F. ) ;
#1592 = EDGE_LOOP ( 'NONE', ( #2313, #4742 ) ) ;
#1593 = CARTESIAN_POINT ( 'NONE',  ( 18.95000000000000284, 6.100999999999999979, 2.755455298081515504E-17 ) ) ;
#1594 = SURFACE_STYLE_USAGE ( .BOTH. , #3225 ) ;
#1595 = CARTESIAN_POINT ( 'NONE',  ( 3.449999999999999734, 5.299999999999998934, 5.480113433355247488E-16 ) ) ;
#1596 = DIRECTION ( 'NONE',  ( -0.000000000000000000, 1.000000000000000000, -0.000000000000000000 ) ) ;
#1597 = CARTESIAN_POINT ( 'NONE',  ( 9.650000000000000355, -1.084202172485504434E-16, -8.900000000000000355 ) ) ;
#1598 = PRESENTATION_STYLE_ASSIGNMENT (( #7898 ) ) ;
#1599 = MECHANICAL_DESIGN_GEOMETRIC_PRESENTATION_REPRESENTATION (  '', ( #9780 ), #4679 ) ;
#1600 = FILL_AREA_STYLE_COLOUR ( '', #1179 ) ;
#1601 = FILL_AREA_STYLE ('',( #9793 ) ) ;
#1602 = ORIENTED_EDGE ( 'NONE', *, *, #4061, .F. ) ;
#1603 = VERTEX_POINT ( 'NONE', #7658 ) ;
#1604 = DIRECTION ( 'NONE',  ( 0.000000000000000000, 0.000000000000000000, -1.000000000000000000 ) ) ;
#1605 = LINE ( 'NONE', #3955, #8641 ) ;
#1607 = LINE ( 'NONE', #4751, #1388 ) ;
#1606 =( GEOMETRIC_REPRESENTATION_CONTEXT ( 3 ) GLOBAL_UNCERTAINTY_ASSIGNED_CONTEXT ( ( #4312 ) ) GLOBAL_UNIT_ASSIGNED_CONTEXT ( ( #547, #6006, #5148 ) ) REPRESENTATION_CONTEXT ( 'NONE', 'WORKASPACE' ) );
#1608 = FACE_OUTER_BOUND ( 'NONE', #2157, .T. ) ;
#1609 = FILL_AREA_STYLE_COLOUR ( '', #1826 ) ;
#1610 = DIRECTION ( 'NONE',  ( 0.000000000000000000, 0.000000000000000000, -1.000000000000000000 ) ) ;
#1611 = FILL_AREA_STYLE_COLOUR ( '', #4078 ) ;
#1612 = FILL_AREA_STYLE_COLOUR ( '', #3620 ) ;
#1613 = FILL_AREA_STYLE_COLOUR ( '', #8247 ) ;
#1614 = ORIENTED_EDGE ( 'NONE', *, *, #9492, .T. ) ;
#1615 = ORIENTED_EDGE ( 'NONE', *, *, #249, .T. ) ;
#1616 = LINE ( 'NONE', #915, #3274 ) ;
#1617 =( LENGTH_UNIT ( ) NAMED_UNIT ( * ) SI_UNIT ( .MILLI., .METRE. ) );
#1618 = AXIS2_PLACEMENT_3D ( 'NONE', #2119, #8367, #705 ) ;
#1619 = LINE ( 'NONE', #7075, #9850 ) ;
#1620 = SURFACE_STYLE_USAGE ( .BOTH. , #2284 ) ;
#1621 = EDGE_CURVE ( 'NONE', #5645, #2199, #5998, .T. ) ;
#1622 = DIRECTION ( 'NONE',  ( 0.000000000000000000, 0.000000000000000000, 1.000000000000000000 ) ) ;
#1623 = VERTEX_POINT ( 'NONE', #2972 ) ;
#1624 = SURFACE_SIDE_STYLE ('',( #1076 ) ) ;
#1625 = VERTEX_POINT ( 'NONE', #2097 ) ;
#1626 = PRESENTATION_STYLE_ASSIGNMENT (( #8629 ) ) ;
#1627 = ORIENTED_EDGE ( 'NONE', *, *, #7858, .T. ) ;
#1628 = EDGE_CURVE ( 'NONE', #555, #4614, #1960, .T. ) ;
#1629 = AXIS2_PLACEMENT_3D ( 'NONE', #3080, #56, #3944 ) ;
#1630 = SURFACE_STYLE_FILL_AREA ( #4074 ) ;
#1631 = FILL_AREA_STYLE_COLOUR ( '', #6189 ) ;
#1632 =( GEOMETRIC_REPRESENTATION_CONTEXT ( 3 ) GLOBAL_UNCERTAINTY_ASSIGNED_CONTEXT ( ( #5632 ) ) GLOBAL_UNIT_ASSIGNED_CONTEXT ( ( #3728, #7505, #3679 ) ) REPRESENTATION_CONTEXT ( 'NONE', 'WORKASPACE' ) );
#1633 = CARTESIAN_POINT ( 'NONE',  ( 9.950000000000001066, 0.000000000000000000, -9.199999999999999289 ) ) ;
#1634 = VECTOR ( 'NONE', #26, 1000.000000000000114 ) ;
#1635 = EDGE_CURVE ( 'NONE', #3098, #2580, #5241, .T. ) ;
#1636 = DIRECTION ( 'NONE',  ( -0.000000000000000000, 1.000000000000000000, -0.000000000000000000 ) ) ;
#1637 = AXIS2_PLACEMENT_3D ( 'NONE', #7882, #4118, #4968 ) ;
#1638 = EDGE_LOOP ( 'NONE', ( #5947, #7141, #8134, #6275 ) ) ;
#1639 = PLANE ( 'NONE',  #7327 ) ;
#1640 = ADVANCED_FACE ( 'NONE', ( #5183 ), #7555, .F. ) ;
#1641 = LINE ( 'NONE', #1445, #9148 ) ;
#1642 =( NAMED_UNIT ( * ) PLANE_ANGLE_UNIT ( ) SI_UNIT ( $, .RADIAN. ) );
#1643 = DIRECTION ( 'NONE',  ( -1.000000000000000000, 0.000000000000000000, -0.000000000000000000 ) ) ;
#1644 = ORIENTED_EDGE ( 'NONE', *, *, #5970, .F. ) ;
#1645 = ORIENTED_EDGE ( 'NONE', *, *, #6080, .T. ) ;
#1646 = DIRECTION ( 'NONE',  ( 1.000000000000000000, 0.000000000000000000, 0.000000000000000000 ) ) ;
#1647 = STYLED_ITEM ( 'NONE', ( #717 ), #3932 ) ;
#1648 = CARTESIAN_POINT ( 'NONE',  ( 9.650000000000000355, -1.084202172485504434E-16, -8.900000000000000355 ) ) ;
#1649 = FACE_OUTER_BOUND ( 'NONE', #9721, .T. ) ;
#1650 = CARTESIAN_POINT ( 'NONE',  ( 5.250000000000000000, 2.449999999999999734, -9.500000000000000000 ) ) ;
#1651 = DIRECTION ( 'NONE',  ( -1.000000000000000000, -0.000000000000000000, -0.000000000000000000 ) ) ;
#1652 = DIRECTION ( 'NONE',  ( 0.000000000000000000, 0.000000000000000000, -1.000000000000000000 ) ) ;
#1653 = STYLED_ITEM ( 'NONE', ( #1261 ), #5717 ) ;
#1654 =( GEOMETRIC_REPRESENTATION_CONTEXT ( 3 ) GLOBAL_UNCERTAINTY_ASSIGNED_CONTEXT ( ( #1979 ) ) GLOBAL_UNIT_ASSIGNED_CONTEXT ( ( #5307, #7574, #5356 ) ) REPRESENTATION_CONTEXT ( 'NONE', 'WORKASPACE' ) );
#1655 = COLOUR_RGB ( '',0.7529411764705882248, 0.7529411764705882248, 0.7529411764705882248 ) ;
#1656 = CARTESIAN_POINT ( 'NONE',  ( 2.350000000000000089, 3.450000000000000178, -0.2000000000000000111 ) ) ;
#1657 = PRESENTATION_STYLE_ASSIGNMENT (( #4102 ) ) ;
#1658 = ORIENTED_EDGE ( 'NONE', *, *, #8283, .F. ) ;
#1659 = DIRECTION ( 'NONE',  ( 1.000000000000000000, 0.000000000000000000, 0.000000000000000000 ) ) ;
#1660 = ORIENTED_EDGE ( 'NONE', *, *, #2521, .F. ) ;
#1661 = EDGE_CURVE ( 'NONE', #9447, #8152, #5575, .T. ) ;
#1662 = AXIS2_PLACEMENT_3D ( 'NONE', #646, #6115, #4491 ) ;
#1663 = FILL_AREA_STYLE_COLOUR ( '', #5587 ) ;
#1664 = COLOUR_RGB ( '',0.7529411764705882248, 0.7529411764705882248, 0.7529411764705882248 ) ;
#1665 =( GEOMETRIC_REPRESENTATION_CONTEXT ( 3 ) GLOBAL_UNCERTAINTY_ASSIGNED_CONTEXT ( ( #781 ) ) GLOBAL_UNIT_ASSIGNED_CONTEXT ( ( #4588, #755, #16 ) ) REPRESENTATION_CONTEXT ( 'NONE', 'WORKASPACE' ) );
#1666 = UNCERTAINTY_MEASURE_WITH_UNIT (LENGTH_MEASURE( 1.000000000000000082E-05 ), #7067, 'distance_accuracy_value', 'NONE');
#1667 =( LENGTH_UNIT ( ) NAMED_UNIT ( * ) SI_UNIT ( .MILLI., .METRE. ) );
#1668 = STYLED_ITEM ( 'NONE', ( #4000 ), #3124 ) ;
#1669 = SURFACE_SIDE_STYLE ('',( #8560 ) ) ;
#1670 = CIRCLE ( 'NONE', #6050, 0.2999999999999999334 ) ;
#1671 = COLOUR_RGB ( '',0.7529411764705882248, 0.7529411764705882248, 0.7529411764705882248 ) ;
#1672 = DIRECTION ( 'NONE',  ( 0.000000000000000000, 0.000000000000000000, -1.000000000000000000 ) ) ;
#1673 = ORIENTED_EDGE ( 'NONE', *, *, #5649, .T. ) ;
#1674 = FACE_OUTER_BOUND ( 'NONE', #6771, .T. ) ;
#1675 = MECHANICAL_DESIGN_GEOMETRIC_PRESENTATION_REPRESENTATION (  '', ( #1990 ), #6202 ) ;
#1676 = COLOUR_RGB ( '',0.7529411764705882248, 0.7529411764705882248, 0.7529411764705882248 ) ;
#1677 = AXIS2_PLACEMENT_3D ( 'NONE', #8401, #6799, #7710 ) ;
#1678 = ORIENTED_EDGE ( 'NONE', *, *, #230, .F. ) ;
#1679 = CARTESIAN_POINT ( 'NONE',  ( 12.75000000000000178, 3.050000000000000266, -0.2000000000000000111 ) ) ;
#1680 = ORIENTED_EDGE ( 'NONE', *, *, #5169, .T. ) ;
#1681 =( NAMED_UNIT ( * ) SI_UNIT ( $, .STERADIAN. ) SOLID_ANGLE_UNIT ( ) );
#1682 = STYLED_ITEM ( 'NONE', ( #937 ), #3530 ) ;
#1683 = PRESENTATION_STYLE_ASSIGNMENT (( #149 ) ) ;
#1684 = AXIS2_PLACEMENT_3D ( 'NONE', #1648, #6959, #1707 ) ;
#1685 = EDGE_CURVE ( 'NONE', #6418, #3951, #9360, .T. ) ;
#1686 = UNCERTAINTY_MEASURE_WITH_UNIT (LENGTH_MEASURE( 1.000000000000000082E-05 ), #2709, 'distance_accuracy_value', 'NONE');
#1687 = PRESENTATION_LAYER_ASSIGNMENT (  '', '', ( #9706 ) ) ;
#1688 = VECTOR ( 'NONE', #926, 1000.000000000000000 ) ;
#1689 = DIRECTION ( 'NONE',  ( 0.000000000000000000, -1.000000000000000000, 0.000000000000000000 ) ) ;
#1690 = MECHANICAL_DESIGN_GEOMETRIC_PRESENTATION_REPRESENTATION (  '', ( #738 ), #4773 ) ;
#1691 = DIRECTION ( 'NONE',  ( 0.000000000000000000, 0.000000000000000000, -1.000000000000000000 ) ) ;
#1692 = VERTEX_POINT ( 'NONE', #7838 ) ;
#1693 = AXIS2_PLACEMENT_3D ( 'NONE', #8491, #7892, #5442 ) ;
#1694 = PRESENTATION_STYLE_ASSIGNMENT (( #4687 ) ) ;
#1695 = ADVANCED_FACE ( 'NONE', ( #7233 ), #4821, .T. ) ;
#1696 = CIRCLE ( 'NONE', #8296, 0.2999999999999999334 ) ;
#1697 = PRESENTATION_LAYER_ASSIGNMENT (  '', '', ( #5746 ) ) ;
#1698 =( NAMED_UNIT ( * ) PLANE_ANGLE_UNIT ( ) SI_UNIT ( $, .RADIAN. ) );
#1699 = ADVANCED_FACE ( 'NONE', ( #3455 ), #9465, .T. ) ;
#1700 =( LENGTH_UNIT ( ) NAMED_UNIT ( * ) SI_UNIT ( .MILLI., .METRE. ) );
#1701 = EDGE_LOOP ( 'NONE', ( #3700, #1244, #585, #7523 ) ) ;
#1702 = ADVANCED_FACE ( 'NONE', ( #4863 ), #7127, .F. ) ;
#1703 = VERTEX_POINT ( 'NONE', #6571 ) ;
#1704 =( NAMED_UNIT ( * ) SI_UNIT ( $, .STERADIAN. ) SOLID_ANGLE_UNIT ( ) );
#1705 =( GEOMETRIC_REPRESENTATION_CONTEXT ( 3 ) GLOBAL_UNCERTAINTY_ASSIGNED_CONTEXT ( ( #8905 ) ) GLOBAL_UNIT_ASSIGNED_CONTEXT ( ( #5200, #5921, #4393 ) ) REPRESENTATION_CONTEXT ( 'NONE', 'WORKASPACE' ) );
#1706 = LINE ( 'NONE', #121, #6733 ) ;
#1707 = DIRECTION ( 'NONE',  ( 0.000000000000000000, 0.000000000000000000, -1.000000000000000000 ) ) ;
#1708 =( LENGTH_UNIT ( ) NAMED_UNIT ( * ) SI_UNIT ( .MILLI., .METRE. ) );
#1709 = MECHANICAL_DESIGN_GEOMETRIC_PRESENTATION_REPRESENTATION (  '', ( #7353 ), #2536 ) ;
#1710 = CARTESIAN_POINT ( 'NONE',  ( 20.25000000000000000, 3.649999999999999911, -0.4000000000000009104 ) ) ;
#1711 = AXIS2_PLACEMENT_3D ( 'NONE', #6200, #1737, #4733 ) ;
#1712 = LINE ( 'NONE', #4807, #7790 ) ;
#1713 = CARTESIAN_POINT ( 'NONE',  ( 12.75000000000000178, -1.084202172485504434E-16, -9.500000000000000000 ) ) ;
#1714 = FILL_AREA_STYLE ('',( #4810 ) ) ;
#1715 = ORIENTED_EDGE ( 'NONE', *, *, #122, .T. ) ;
#1716 = EDGE_CURVE ( 'NONE', #628, #6863, #8913, .T. ) ;
#1717 = ORIENTED_EDGE ( 'NONE', *, *, #1685, .F. ) ;
#1718 = FILL_AREA_STYLE_COLOUR ( '', #1329 ) ;
#1719 = CIRCLE ( 'NONE', #1085, 0.2999999999999999334 ) ;
#1720 =( NAMED_UNIT ( * ) PLANE_ANGLE_UNIT ( ) SI_UNIT ( $, .RADIAN. ) );
#1721 = CARTESIAN_POINT ( 'NONE',  ( 10.05000000000000071, 3.250000000000000000, -0.2000000000000000111 ) ) ;
#1722 = SURFACE_SIDE_STYLE ('',( #2250 ) ) ;
#1723 = DIRECTION ( 'NONE',  ( -0.000000000000000000, -1.000000000000000000, -0.000000000000000000 ) ) ;
#1724 = VECTOR ( 'NONE', #4458, 1000.000000000000000 ) ;
#1725 = AXIS2_PLACEMENT_3D ( 'NONE', #5167, #1268, #8325 ) ;
#1726 = ORIENTED_EDGE ( 'NONE', *, *, #636, .T. ) ;
#1727 = DIRECTION ( 'NONE',  ( -0.000000000000000000, -1.000000000000000000, -0.000000000000000000 ) ) ;
#1728 = ORIENTED_EDGE ( 'NONE', *, *, #5209, .T. ) ;
#1729 = ORIENTED_EDGE ( 'NONE', *, *, #5665, .F. ) ;
#1730 =( NAMED_UNIT ( * ) SI_UNIT ( $, .STERADIAN. ) SOLID_ANGLE_UNIT ( ) );
#1731 = SURFACE_STYLE_USAGE ( .BOTH. , #8633 ) ;
#1732 = SURFACE_STYLE_FILL_AREA ( #8674 ) ;
#1733 = FILL_AREA_STYLE_COLOUR ( '', #9468 ) ;
#1734 = PLANE ( 'NONE',  #8917 ) ;
#1735 = ORIENTED_EDGE ( 'NONE', *, *, #5830, .T. ) ;
#1736 = LINE ( 'NONE', #8638, #3145 ) ;
#1737 = DIRECTION ( 'NONE',  ( 0.000000000000000000, -0.7071067811865496822, 0.7071067811865453523 ) ) ;
#1738 = PRESENTATION_STYLE_ASSIGNMENT (( #248 ) ) ;
#1739 = FILL_AREA_STYLE ('',( #4837 ) ) ;
#1740 = ADVANCED_FACE ( 'NONE', ( #2731 ), #7375, .T. ) ;
#1741 = LINE ( 'NONE', #4885, #7638 ) ;
#1742 = DIRECTION ( 'NONE',  ( 0.7071067811865451302, 0.000000000000000000, 0.7071067811865500152 ) ) ;
#1743 = ORIENTED_EDGE ( 'NONE', *, *, #8955, .F. ) ;
#1744 = ORIENTED_EDGE ( 'NONE', *, *, #3008, .T. ) ;
#1745 = CARTESIAN_POINT ( 'NONE',  ( 7.750000000000000000, 6.099999999999999645, -6.200000000000000178 ) ) ;
#1746 = DIRECTION ( 'NONE',  ( 0.000000000000000000, 0.000000000000000000, 1.000000000000000000 ) ) ;
#1747 = ADVANCED_FACE ( 'NONE', ( #3557 ), #4263, .T. ) ;
#1748 = DIRECTION ( 'NONE',  ( 1.000000000000000000, 0.000000000000000000, 0.000000000000000000 ) ) ;
#1749 = AXIS2_PLACEMENT_3D ( 'NONE', #3626, #586, #9125 ) ;
#1750 = FACE_OUTER_BOUND ( 'NONE', #6471, .T. ) ;
#1751 = COLOUR_RGB ( '',0.7529411764705882248, 0.7529411764705882248, 0.7529411764705882248 ) ;
#1752 = CARTESIAN_POINT ( 'NONE',  ( 7.750000000000000000, -1.084202172485504434E-16, -8.900000000000000355 ) ) ;
#1753 = DIRECTION ( 'NONE',  ( 0.000000000000000000, -0.000000000000000000, 1.000000000000000000 ) ) ;
#1754 = EDGE_CURVE ( 'NONE', #4763, #1168, #2894, .T. ) ;
#1755 = SURFACE_STYLE_FILL_AREA ( #6964 ) ;
#1756 = ADVANCED_FACE ( 'NONE', ( #4613 ), #9154, .F. ) ;
#1757 = CARTESIAN_POINT ( 'NONE',  ( 4.650000000000000355, 3.050000000000000266, -0.4000000000000009104 ) ) ;
#1758 = ORIENTED_EDGE ( 'NONE', *, *, #8714, .T. ) ;
#1759 = EDGE_LOOP ( 'NONE', ( #5803, #3355, #2226, #2687 ) ) ;
#1760 = STYLED_ITEM ( 'NONE', ( #9589 ), #8114 ) ;
#1761 = LINE ( 'NONE', #4308, #2319 ) ;
#1762 = DIRECTION ( 'NONE',  ( -1.000000000000000000, 0.000000000000000000, 0.000000000000000000 ) ) ;
#1763 = ADVANCED_FACE ( 'NONE', ( #2184 ), #660, .F. ) ;
#1764 = UNCERTAINTY_MEASURE_WITH_UNIT (LENGTH_MEASURE( 1.000000000000000082E-05 ), #3070, 'distance_accuracy_value', 'NONE');
#1765 = DIRECTION ( 'NONE',  ( 1.000000000000000000, 0.000000000000000000, 0.000000000000000000 ) ) ;
#1766 = CIRCLE ( 'NONE', #8377, 0.2999999999999999334 ) ;
#1767 = SURFACE_STYLE_USAGE ( .BOTH. , #3406 ) ;
#1768 = ORIENTED_EDGE ( 'NONE', *, *, #4666, .T. ) ;
#1769 = ORIENTED_EDGE ( 'NONE', *, *, #6080, .F. ) ;
#1770 = LINE ( 'NONE', #4027, #7970 ) ;
#1771 = SURFACE_SIDE_STYLE ('',( #1878 ) ) ;
#1772 =( LENGTH_UNIT ( ) NAMED_UNIT ( * ) SI_UNIT ( .MILLI., .METRE. ) );
#1773 = VECTOR ( 'NONE', #1954, 1000.000000000000000 ) ;
#1774 =( NAMED_UNIT ( * ) PLANE_ANGLE_UNIT ( ) SI_UNIT ( $, .RADIAN. ) );
#1775 = DIRECTION ( 'NONE',  ( 1.000000000000000000, 0.000000000000000000, 0.000000000000000000 ) ) ;
#1776 = UNCERTAINTY_MEASURE_WITH_UNIT (LENGTH_MEASURE( 1.000000000000000082E-05 ), #9783, 'distance_accuracy_value', 'NONE');
#1777 = PRESENTATION_STYLE_ASSIGNMENT (( #5633 ) ) ;
#1778 = VERTEX_POINT ( 'NONE', #8369 ) ;
#1779 = SURFACE_STYLE_USAGE ( .BOTH. , #6436 ) ;
#1780 = STYLED_ITEM ( 'NONE', ( #3589 ), #8897 ) ;
#1781 = SURFACE_SIDE_STYLE ('',( #109 ) ) ;
#1782 = VERTEX_POINT ( 'NONE', #8506 ) ;
#1783 = DIRECTION ( 'NONE',  ( 0.000000000000000000, 1.000000000000000000, 0.000000000000000000 ) ) ;
#1784 = VECTOR ( 'NONE', #2880, 1000.000000000000000 ) ;
#1785 = CARTESIAN_POINT ( 'NONE',  ( 2.150000000000000355, -1.084202172485504434E-16, -9.500000000000000000 ) ) ;
#1786 = PRESENTATION_LAYER_ASSIGNMENT (  '', '', ( #6795 ) ) ;
#1787 = DIRECTION ( 'NONE',  ( -0.000000000000000000, 1.000000000000000000, 0.000000000000000000 ) ) ;
#1788 = COLOUR_RGB ( '',0.7529411764705882248, 0.7529411764705882248, 0.7529411764705882248 ) ;
#1789 = FACE_OUTER_BOUND ( 'NONE', #9317, .T. ) ;
#1790 = FACE_OUTER_BOUND ( 'NONE', #7205, .T. ) ;
#1791 = ORIENTED_EDGE ( 'NONE', *, *, #9266, .T. ) ;
#1792 = ORIENTED_EDGE ( 'NONE', *, *, #2118, .F. ) ;
#1793 = SURFACE_STYLE_FILL_AREA ( #2568 ) ;
#1794 = FACE_OUTER_BOUND ( 'NONE', #4901, .T. ) ;
#1795 = STYLED_ITEM ( 'NONE', ( #8030 ), #1699 ) ;
#1796 = PLANE ( 'NONE',  #1554 ) ;
#1797 = COLOUR_RGB ( '',0.7529411764705882248, 0.7529411764705882248, 0.7529411764705882248 ) ;
#1798 = EDGE_CURVE ( 'NONE', #1416, #458, #6014, .T. ) ;
#1799 = DIRECTION ( 'NONE',  ( 0.000000000000000000, -1.000000000000000000, 0.000000000000000000 ) ) ;
#1800 = SURFACE_SIDE_STYLE ('',( #996 ) ) ;
#1801 =( NAMED_UNIT ( * ) SI_UNIT ( $, .STERADIAN. ) SOLID_ANGLE_UNIT ( ) );
#1802 = EDGE_CURVE ( 'NONE', #9784, #7615, #6966, .T. ) ;
#1803 =( LENGTH_UNIT ( ) NAMED_UNIT ( * ) SI_UNIT ( .MILLI., .METRE. ) );
#1804 =( LENGTH_UNIT ( ) NAMED_UNIT ( * ) SI_UNIT ( .MILLI., .METRE. ) );
#1805 = AXIS2_PLACEMENT_3D ( 'NONE', #8614, #999, #7913 ) ;
#1806 = ORIENTED_EDGE ( 'NONE', *, *, #6003, .T. ) ;
#1807 = VERTEX_POINT ( 'NONE', #6126 ) ;
#1808 =( GEOMETRIC_REPRESENTATION_CONTEXT ( 3 ) GLOBAL_UNCERTAINTY_ASSIGNED_CONTEXT ( ( #2598 ) ) GLOBAL_UNIT_ASSIGNED_CONTEXT ( ( #4511, #7537, #621 ) ) REPRESENTATION_CONTEXT ( 'NONE', 'WORKASPACE' ) );
#1809 = CARTESIAN_POINT ( 'NONE',  ( 12.75000000000000178, 3.649999999999999911, -8.300000000000000711 ) ) ;
#1810 =( NAMED_UNIT ( * ) SI_UNIT ( $, .STERADIAN. ) SOLID_ANGLE_UNIT ( ) );
#1811 = EDGE_CURVE ( 'NONE', #7557, #732, #7627, .T. ) ;
#1812 = DIRECTION ( 'NONE',  ( 0.000000000000000000, -1.000000000000000000, 0.000000000000000000 ) ) ;
#1814 =( NAMED_UNIT ( * ) PLANE_ANGLE_UNIT ( ) SI_UNIT ( $, .RADIAN. ) );
#1813 = VECTOR ( 'NONE', #9566, 1000.000000000000114 ) ;
#1815 = SURFACE_SIDE_STYLE ('',( #2683 ) ) ;
#1816 = EDGE_CURVE ( 'NONE', #7843, #5050, #2277, .T. ) ;
#1817 = LINE ( 'NONE', #7985, #4440 ) ;
#1818 = SURFACE_STYLE_FILL_AREA ( #7191 ) ;
#1819 = VECTOR ( 'NONE', #6982, 1000.000000000000000 ) ;
#1820 = ORIENTED_EDGE ( 'NONE', *, *, #6902, .F. ) ;
#1821 = DIRECTION ( 'NONE',  ( 1.000000000000000000, 0.000000000000000000, 0.000000000000000000 ) ) ;
#1822 = ORIENTED_EDGE ( 'NONE', *, *, #1716, .F. ) ;
#1823 = ADVANCED_FACE ( 'NONE', ( #76 ), #3146, .F. ) ;
#1824 = FILL_AREA_STYLE_COLOUR ( '', #9440 ) ;
#1825 = COLOUR_RGB ( '',0.7529411764705882248, 0.7529411764705882248, 0.7529411764705882248 ) ;
#1826 = COLOUR_RGB ( '',0.7529411764705882248, 0.7529411764705882248, 0.7529411764705882248 ) ;
#1827 = STYLED_ITEM ( 'NONE', ( #9644 ), #5103 ) ;
#1828 = CARTESIAN_POINT ( 'NONE',  ( 19.65000000000000213, 2.450000000000000178, -8.900000000000000355 ) ) ;
#1829 = PRESENTATION_LAYER_ASSIGNMENT (  '', '', ( #3296 ) ) ;
#1830 = FACE_BOUND ( 'NONE', #6046, .T. ) ;
#1831 = PLANE ( 'NONE',  #7953 ) ;
#1832 =( GEOMETRIC_REPRESENTATION_CONTEXT ( 3 ) GLOBAL_UNCERTAINTY_ASSIGNED_CONTEXT ( ( #8823 ) ) GLOBAL_UNIT_ASSIGNED_CONTEXT ( ( #8257, #4200, #4303 ) ) REPRESENTATION_CONTEXT ( 'NONE', 'WORKASPACE' ) );
#1833 =( GEOMETRIC_REPRESENTATION_CONTEXT ( 3 ) GLOBAL_UNCERTAINTY_ASSIGNED_CONTEXT ( ( #4224 ) ) GLOBAL_UNIT_ASSIGNED_CONTEXT ( ( #3617, #7433, #9019 ) ) REPRESENTATION_CONTEXT ( 'NONE', 'WORKASPACE' ) );
#1834 = ORIENTED_EDGE ( 'NONE', *, *, #3814, .T. ) ;
#1835 = CARTESIAN_POINT ( 'NONE',  ( 0.000000000000000000, 5.299999999999998934, 0.000000000000000000 ) ) ;
#1836 = VECTOR ( 'NONE', #2244, 1000.000000000000000 ) ;
#1837 = ORIENTED_EDGE ( 'NONE', *, *, #2431, .T. ) ;
#1838 =( LENGTH_UNIT ( ) NAMED_UNIT ( * ) SI_UNIT ( .MILLI., .METRE. ) );
#1839 = CARTESIAN_POINT ( 'NONE',  ( 14.65000000000000213, 3.050000000000000266, -8.300000000000000711 ) ) ;
#1840 = STYLED_ITEM ( 'NONE', ( #8333 ), #4611 ) ;
#1841 = AXIS2_PLACEMENT_3D ( 'NONE', #8817, #6119, #7010 ) ;
#1842 = CARTESIAN_POINT ( 'NONE',  ( 3.449999999999999734, 5.299999999999998934, -3.699999999999999734 ) ) ;
#1843 = COLOUR_RGB ( '',0.7529411764705882248, 0.7529411764705882248, 0.7529411764705882248 ) ;
#1844 = AXIS2_PLACEMENT_3D ( 'NONE', #8545, #3045, #8463 ) ;
#1845 = PLANE ( 'NONE',  #9697 ) ;
#1846 = CIRCLE ( 'NONE', #251, 0.2999999999999999334 ) ;
#1847 = VECTOR ( 'NONE', #1326, 1000.000000000000000 ) ;
#1848 = CARTESIAN_POINT ( 'NONE',  ( 17.14999999999999858, 6.099999999999999645, -6.200000000000000178 ) ) ;
#1849 = CARTESIAN_POINT ( 'NONE',  ( 20.40000000000000213, 6.099999999999999645, -3.100000000000000533 ) ) ;
#1850 = ORIENTED_EDGE ( 'NONE', *, *, #7703, .F. ) ;
#1851 = ORIENTED_EDGE ( 'NONE', *, *, #5981, .T. ) ;
#1852 = LINE ( 'NONE', #398, #744 ) ;
#1853 = MECHANICAL_DESIGN_GEOMETRIC_PRESENTATION_REPRESENTATION (  '', ( #5744 ), #5580 ) ;
#1854 = STYLED_ITEM ( 'NONE', ( #4561 ), #6746 ) ;
#1855 = LINE ( 'NONE', #3391, #7186 ) ;
#1856 = CARTESIAN_POINT ( 'NONE',  ( 17.14999999999999858, 3.050000000000000266, -8.300000000000000711 ) ) ;
#1857 = PRESENTATION_LAYER_ASSIGNMENT (  '', '', ( #6706 ) ) ;
#1858 = LINE ( 'NONE', #7028, #3787 ) ;
#1859 = ORIENTED_EDGE ( 'NONE', *, *, #1131, .T. ) ;
#1860 = ORIENTED_EDGE ( 'NONE', *, *, #4399, .T. ) ;
#1861 = ADVANCED_FACE ( 'NONE', ( #1107 ), #3293, .F. ) ;
#1862 = CARTESIAN_POINT ( 'NONE',  ( 12.75000000000000178, 3.649999999999999911, -7.000000000000000000 ) ) ;
#1863 = AXIS2_PLACEMENT_3D ( 'NONE', #124, #9190, #8364 ) ;
#1864 =( GEOMETRIC_REPRESENTATION_CONTEXT ( 3 ) GLOBAL_UNCERTAINTY_ASSIGNED_CONTEXT ( ( #2817 ) ) GLOBAL_UNIT_ASSIGNED_CONTEXT ( ( #9786, #7560, #2258 ) ) REPRESENTATION_CONTEXT ( 'NONE', 'WORKASPACE' ) );
#1865 =( NAMED_UNIT ( * ) PLANE_ANGLE_UNIT ( ) SI_UNIT ( $, .RADIAN. ) );
#1866 = UNCERTAINTY_MEASURE_WITH_UNIT (LENGTH_MEASURE( 1.000000000000000082E-05 ), #2148, 'distance_accuracy_value', 'NONE');
#1867 = FILL_AREA_STYLE_COLOUR ( '', #2788 ) ;
#1868 = DIRECTION ( 'NONE',  ( -0.000000000000000000, 1.000000000000000000, -0.000000000000000000 ) ) ;
#1869 = SURFACE_SIDE_STYLE ('',( #4775 ) ) ;
#1870 = FILL_AREA_STYLE_COLOUR ( '', #8693 ) ;
#1871 = FILL_AREA_STYLE ('',( #6468 ) ) ;
#1872 =( NAMED_UNIT ( * ) PLANE_ANGLE_UNIT ( ) SI_UNIT ( $, .RADIAN. ) );
#1873 = EDGE_LOOP ( 'NONE', ( #610, #5976, #5133, #4329 ) ) ;
#1874 = DIRECTION ( 'NONE',  ( -0.000000000000000000, 0.000000000000000000, -1.000000000000000000 ) ) ;
#1875 = EDGE_CURVE ( 'NONE', #7843, #8841, #167, .T. ) ;
#1876 = ORIENTED_EDGE ( 'NONE', *, *, #3426, .T. ) ;
#1877 = DIRECTION ( 'NONE',  ( -1.000000000000000000, -0.000000000000000000, -0.000000000000000000 ) ) ;
#1878 = SURFACE_STYLE_FILL_AREA ( #2638 ) ;
#1879 = CARTESIAN_POINT ( 'NONE',  ( 14.65000000000000213, -1.084202172485504434E-16, -9.500000000000000000 ) ) ;
#1880 = DIRECTION ( 'NONE',  ( -1.000000000000000000, 0.000000000000000000, 0.000000000000000000 ) ) ;
#1881 = ADVANCED_FACE ( 'NONE', ( #6417 ), #5503, .T. ) ;
#1882 = LINE ( 'NONE', #1226, #4297 ) ;
#1883 = DIRECTION ( 'NONE',  ( 0.000000000000000000, 0.000000000000000000, -1.000000000000000000 ) ) ;
#1884 = UNCERTAINTY_MEASURE_WITH_UNIT (LENGTH_MEASURE( 1.000000000000000082E-05 ), #4713, 'distance_accuracy_value', 'NONE');
#1885 =( GEOMETRIC_REPRESENTATION_CONTEXT ( 3 ) GLOBAL_UNCERTAINTY_ASSIGNED_CONTEXT ( ( #85 ) ) GLOBAL_UNIT_ASSIGNED_CONTEXT ( ( #5569, #4817, #173 ) ) REPRESENTATION_CONTEXT ( 'NONE', 'WORKASPACE' ) );
#1886 =( GEOMETRIC_REPRESENTATION_CONTEXT ( 3 ) GLOBAL_UNCERTAINTY_ASSIGNED_CONTEXT ( ( #911 ) ) GLOBAL_UNIT_ASSIGNED_CONTEXT ( ( #9574, #280, #8769 ) ) REPRESENTATION_CONTEXT ( 'NONE', 'WORKASPACE' ) );
#1887 = CARTESIAN_POINT ( 'NONE',  ( 7.150000000000000355, 2.450000000000000178, -8.300000000000000711 ) ) ;
#1888 = ORIENTED_EDGE ( 'NONE', *, *, #3505, .T. ) ;
#1889 =( NAMED_UNIT ( * ) PLANE_ANGLE_UNIT ( ) SI_UNIT ( $, .RADIAN. ) );
#1890 = EDGE_CURVE ( 'NONE', #3774, #6151, #6361, .T. ) ;
#1891 =( NAMED_UNIT ( * ) SI_UNIT ( $, .STERADIAN. ) SOLID_ANGLE_UNIT ( ) );
#1892 = EDGE_LOOP ( 'NONE', ( #3594, #1140, #7685, #9729 ) ) ;
#1893 = LINE ( 'NONE', #485, #1195 ) ;
#1894 = MECHANICAL_DESIGN_GEOMETRIC_PRESENTATION_REPRESENTATION (  '', ( #151 ), #5271 ) ;
#1895 = DIRECTION ( 'NONE',  ( 0.000000000000000000, 1.000000000000000000, 0.000000000000000000 ) ) ;
#1896 = LINE ( 'NONE', #4698, #5222 ) ;
#1897 = ADVANCED_FACE ( 'NONE', ( #5858 ), #2014, .F. ) ;
#1898 = DIRECTION ( 'NONE',  ( 1.000000000000000000, 0.000000000000000000, -0.000000000000000000 ) ) ;
#1899 = DIRECTION ( 'NONE',  ( 0.000000000000000000, 0.000000000000000000, -1.000000000000000000 ) ) ;
#1900 =( LENGTH_UNIT ( ) NAMED_UNIT ( * ) SI_UNIT ( .MILLI., .METRE. ) );
#1901 = ORIENTED_EDGE ( 'NONE', *, *, #7189, .F. ) ;
#1902 = ORIENTED_EDGE ( 'NONE', *, *, #2251, .F. ) ;
#1903 = DIRECTION ( 'NONE',  ( -1.000000000000000000, -0.000000000000000000, -0.000000000000000000 ) ) ;
#1904 = DIRECTION ( 'NONE',  ( -0.7071067811865451302, 0.000000000000000000, 0.7071067811865500152 ) ) ;
#1905 = DIRECTION ( 'NONE',  ( 0.000000000000000000, 0.000000000000000000, -1.000000000000000000 ) ) ;
#1906 =( NAMED_UNIT ( * ) PLANE_ANGLE_UNIT ( ) SI_UNIT ( $, .RADIAN. ) );
#1907 = LINE ( 'NONE', #6656, #2642 ) ;
#1908 = LINE ( 'NONE', #5856, #8986 ) ;
#1909 = CARTESIAN_POINT ( 'NONE',  ( 12.45000000000000107, 0.000000000000000000, -9.199999999999999289 ) ) ;
#1910 = EDGE_LOOP ( 'NONE', ( #5615, #94, #6781, #198, #311 ) ) ;
#1911 = ORIENTED_EDGE ( 'NONE', *, *, #3380, .T. ) ;
#1913 = CARTESIAN_POINT ( 'NONE',  ( 20.25000000000000000, -1.084202172485504434E-16, -8.900000000000000355 ) ) ;
#1912 =( GEOMETRIC_REPRESENTATION_CONTEXT ( 3 ) GLOBAL_UNCERTAINTY_ASSIGNED_CONTEXT ( ( #5508 ) ) GLOBAL_UNIT_ASSIGNED_CONTEXT ( ( #1437, #2357, #47 ) ) REPRESENTATION_CONTEXT ( 'NONE', 'WORKASPACE' ) );
#1914 = DIRECTION ( 'NONE',  ( 0.000000000000000000, 0.000000000000000000, -1.000000000000000000 ) ) ;
#1915 = CARTESIAN_POINT ( 'NONE',  ( 4.650000000000000355, 6.099999999999999645, -7.000000000000000000 ) ) ;
#1916 = CARTESIAN_POINT ( 'NONE',  ( 0.8000000000000004885, 0.000000000000000000, -7.000000000000000000 ) ) ;
#1917 = CARTESIAN_POINT ( 'NONE',  ( 22.39999999999999858, 4.499999999999999112, -3.200000000000000178 ) ) ;
#1918 =( NAMED_UNIT ( * ) SI_UNIT ( $, .STERADIAN. ) SOLID_ANGLE_UNIT ( ) );
#1919 = EDGE_LOOP ( 'NONE', ( #470, #7605, #6910, #8070 ) ) ;
#1920 = PRESENTATION_STYLE_ASSIGNMENT (( #9569 ) ) ;
#1921 = ORIENTED_EDGE ( 'NONE', *, *, #234, .T. ) ;
#1922 = VECTOR ( 'NONE', #4737, 1000.000000000000000 ) ;
#1923 = ORIENTED_EDGE ( 'NONE', *, *, #793, .T. ) ;
#1924 = FILL_AREA_STYLE ('',( #6013 ) ) ;
#1925 = PRESENTATION_STYLE_ASSIGNMENT (( #2552 ) ) ;
#1926 = CARTESIAN_POINT ( 'NONE',  ( 5.250000000000000000, 3.649999999999999911, -0.4000000000000009104 ) ) ;
#1927 = CARTESIAN_POINT ( 'NONE',  ( 19.80000000000000071, 5.299999999999998934, -3.100000000000000533 ) ) ;
#1928 =( NAMED_UNIT ( * ) SI_UNIT ( $, .STERADIAN. ) SOLID_ANGLE_UNIT ( ) );
#1929 = MECHANICAL_DESIGN_GEOMETRIC_PRESENTATION_REPRESENTATION (  '', ( #642 ), #6607 ) ;
#1930 = DIRECTION ( 'NONE',  ( 0.000000000000000000, 0.000000000000000000, -1.000000000000000000 ) ) ;
#1931 = EDGE_CURVE ( 'NONE', #9457, #1165, #3500, .T. ) ;
#1932 = SURFACE_STYLE_USAGE ( .BOTH. , #8825 ) ;
#1933 = ORIENTED_EDGE ( 'NONE', *, *, #1816, .F. ) ;
#1934 = DIRECTION ( 'NONE',  ( 0.000000000000000000, -0.000000000000000000, -1.000000000000000000 ) ) ;
#1935 = EDGE_CURVE ( 'NONE', #8222, #673, #7405, .T. ) ;
#1936 = SURFACE_SIDE_STYLE ('',( #7345 ) ) ;
#1937 = ORIENTED_EDGE ( 'NONE', *, *, #3308, .F. ) ;
#1938 = CIRCLE ( 'NONE', #9160, 1.199999999999999734 ) ;
#1939 = DIRECTION ( 'NONE',  ( 1.000000000000000000, 0.000000000000000000, 0.000000000000000000 ) ) ;
#1940 = PRESENTATION_STYLE_ASSIGNMENT (( #6486 ) ) ;
#1941 = EDGE_CURVE ( 'NONE', #5810, #9156, #8952, .T. ) ;
#1942 = DIRECTION ( 'NONE',  ( 0.000000000000000000, 1.000000000000000000, 0.000000000000000000 ) ) ;
#1943 =( NAMED_UNIT ( * ) PLANE_ANGLE_UNIT ( ) SI_UNIT ( $, .RADIAN. ) );
#1944 = VECTOR ( 'NONE', #8339, 1000.000000000000000 ) ;
#1945 = PLANE ( 'NONE',  #551 ) ;
#1946 =( NAMED_UNIT ( * ) PLANE_ANGLE_UNIT ( ) SI_UNIT ( $, .RADIAN. ) );
#1947 = CARTESIAN_POINT ( 'NONE',  ( 4.650000000000000355, 2.450000000000000178, -8.900000000000000355 ) ) ;
#1948 = LINE ( 'NONE', #337, #5078 ) ;
#1949 = ORIENTED_EDGE ( 'NONE', *, *, #2325, .F. ) ;
#1950 =( NAMED_UNIT ( * ) SI_UNIT ( $, .STERADIAN. ) SOLID_ANGLE_UNIT ( ) );
#1951 = ADVANCED_FACE ( 'NONE', ( #7313 ), #2060, .T. ) ;
#1952 = MECHANICAL_DESIGN_GEOMETRIC_PRESENTATION_REPRESENTATION (  '', ( #8237 ), #6322 ) ;
#1953 = MECHANICAL_DESIGN_GEOMETRIC_PRESENTATION_REPRESENTATION (  '', ( #2450 ), #5031 ) ;
#1954 = DIRECTION ( 'NONE',  ( -1.000000000000000000, 0.000000000000000000, 0.000000000000000000 ) ) ;
#1955 = SURFACE_STYLE_FILL_AREA ( #8846 ) ;
#1956 =( GEOMETRIC_REPRESENTATION_CONTEXT ( 3 ) GLOBAL_UNCERTAINTY_ASSIGNED_CONTEXT ( ( #8516 ) ) GLOBAL_UNIT_ASSIGNED_CONTEXT ( ( #7171, #4010, #5415 ) ) REPRESENTATION_CONTEXT ( 'NONE', 'WORKASPACE' ) );
#1957 = LINE ( 'NONE', #5047, #7250 ) ;
#1958 = ORIENTED_EDGE ( 'NONE', *, *, #5834, .T. ) ;
#1959 = ORIENTED_EDGE ( 'NONE', *, *, #7487, .F. ) ;
#1960 = CIRCLE ( 'NONE', #9026, 0.2999999999999999334 ) ;
#1961 = AXIS2_PLACEMENT_3D ( 'NONE', #7844, #8568, #1019 ) ;
#1962 = CARTESIAN_POINT ( 'NONE',  ( 19.80000000000000071, 6.099999999999999645, -3.100000000000000533 ) ) ;
#1963 = DIRECTION ( 'NONE',  ( 0.000000000000000000, -1.000000000000000000, 0.000000000000000000 ) ) ;
#1964 = DIRECTION ( 'NONE',  ( 0.000000000000000000, 0.000000000000000000, 1.000000000000000000 ) ) ;
#1965 = UNCERTAINTY_MEASURE_WITH_UNIT (LENGTH_MEASURE( 1.000000000000000082E-05 ), #3903, 'distance_accuracy_value', 'NONE');
#1966 = CYLINDRICAL_SURFACE ( 'NONE', #6662, 0.2999999999999999334 ) ;
#1967 = MECHANICAL_DESIGN_GEOMETRIC_PRESENTATION_REPRESENTATION (  '', ( #1318 ), #8551 ) ;
#1968 =( LENGTH_UNIT ( ) NAMED_UNIT ( * ) SI_UNIT ( .MILLI., .METRE. ) );
#1969 = MECHANICAL_DESIGN_GEOMETRIC_PRESENTATION_REPRESENTATION (  '', ( #6973 ), #7934 ) ;
#1970 = CARTESIAN_POINT ( 'NONE',  ( 10.25000000000000000, 6.099999999999999645, -6.200000000000000178 ) ) ;
#1971 = VERTEX_POINT ( 'NONE', #3897 ) ;
#1972 = ORIENTED_EDGE ( 'NONE', *, *, #5295, .F. ) ;
#1973 = VERTEX_POINT ( 'NONE', #7521 ) ;
#1974 = ORIENTED_EDGE ( 'NONE', *, *, #5042, .F. ) ;
#1975 =( NAMED_UNIT ( * ) PLANE_ANGLE_UNIT ( ) SI_UNIT ( $, .RADIAN. ) );
#1976 = SURFACE_SIDE_STYLE ('',( #2643 ) ) ;
#1977 = CARTESIAN_POINT ( 'NONE',  ( 17.14999999999999858, -1.084202172485504434E-16, -9.500000000000000000 ) ) ;
#1978 = STYLED_ITEM ( 'NONE', ( #7889 ), #6565 ) ;
#1979 = UNCERTAINTY_MEASURE_WITH_UNIT (LENGTH_MEASURE( 1.000000000000000082E-05 ), #5307, 'distance_accuracy_value', 'NONE');
#1980 = LINE ( 'NONE', #2903, #8721 ) ;
#1981 = EDGE_LOOP ( 'NONE', ( #6543, #1424, #6509, #2187, #6780 ) ) ;
#1982 = FILL_AREA_STYLE_COLOUR ( '', #8742 ) ;
#1983 =( GEOMETRIC_REPRESENTATION_CONTEXT ( 3 ) GLOBAL_UNCERTAINTY_ASSIGNED_CONTEXT ( ( #6536 ) ) GLOBAL_UNIT_ASSIGNED_CONTEXT ( ( #4659, #3869, #3822 ) ) REPRESENTATION_CONTEXT ( 'NONE', 'WORKASPACE' ) );
#1984 = VECTOR ( 'NONE', #4805, 1000.000000000000000 ) ;
#1985 =( GEOMETRIC_REPRESENTATION_CONTEXT ( 3 ) GLOBAL_UNCERTAINTY_ASSIGNED_CONTEXT ( ( #3832 ) ) GLOBAL_UNIT_ASSIGNED_CONTEXT ( ( #7024, #207, #6269 ) ) REPRESENTATION_CONTEXT ( 'NONE', 'WORKASPACE' ) );
#1986 = CARTESIAN_POINT ( 'NONE',  ( 2.750000000000000444, 3.450000000000000178, -0.2000000000000000111 ) ) ;
#1987 = ORIENTED_EDGE ( 'NONE', *, *, #5159, .T. ) ;
#1988 = PRESENTATION_STYLE_ASSIGNMENT (( #5837 ) ) ;
#1989 = EDGE_CURVE ( 'NONE', #1322, #7008, #3808, .T. ) ;
#1990 = STYLED_ITEM ( 'NONE', ( #6292 ), #4478 ) ;
#1991 = PRESENTATION_LAYER_ASSIGNMENT (  '', '', ( #6997 ) ) ;
#1992 =( GEOMETRIC_REPRESENTATION_CONTEXT ( 3 ) GLOBAL_UNCERTAINTY_ASSIGNED_CONTEXT ( ( #3613 ) ) GLOBAL_UNIT_ASSIGNED_CONTEXT ( ( #1047, #2607, #4291 ) ) REPRESENTATION_CONTEXT ( 'NONE', 'WORKASPACE' ) );
#1993 = MECHANICAL_DESIGN_GEOMETRIC_PRESENTATION_REPRESENTATION (  '', ( #6363 ), #3799 ) ;
#1994 = DIRECTION ( 'NONE',  ( 0.000000000000000000, -0.000000000000000000, -1.000000000000000000 ) ) ;
#1995 = PRESENTATION_LAYER_ASSIGNMENT (  '', '', ( #7398 ) ) ;
#1996 = FILL_AREA_STYLE_COLOUR ( '', #9064 ) ;
#1997 = EDGE_LOOP ( 'NONE', ( #11, #9361, #6332, #823 ) ) ;
#1998 = COLOUR_RGB ( '',0.7529411764705882248, 0.7529411764705882248, 0.7529411764705882248 ) ;
#1999 = SURFACE_STYLE_FILL_AREA ( #3494 ) ;
#2000 = STYLED_ITEM ( 'NONE', ( #2757 ), #2181 ) ;
#2001 = EDGE_CURVE ( 'NONE', #673, #5732, #6909, .T. ) ;
#2002 = AXIS2_PLACEMENT_3D ( 'NONE', #3685, #6181, #2346 ) ;
#2003 = VECTOR ( 'NONE', #1783, 1000.000000000000000 ) ;
#2004 =( GEOMETRIC_REPRESENTATION_CONTEXT ( 3 ) GLOBAL_UNCERTAINTY_ASSIGNED_CONTEXT ( ( #7650 ) ) GLOBAL_UNIT_ASSIGNED_CONTEXT ( ( #9736, #8688, #7959 ) ) REPRESENTATION_CONTEXT ( 'NONE', 'WORKASPACE' ) );
#2005 = EDGE_CURVE ( 'NONE', #62, #5052, #2650, .T. ) ;
#2006 = MECHANICAL_DESIGN_GEOMETRIC_PRESENTATION_REPRESENTATION (  '', ( #7974 ), #9556 ) ;
#2007 = CARTESIAN_POINT ( 'NONE',  ( 0.8000000000000003775, 4.499999999999999112, 1.628726450583782106E-15 ) ) ;
#2008 = STYLED_ITEM ( 'NONE', ( #141 ), #4676 ) ;
#2009 = PRESENTATION_LAYER_ASSIGNMENT (  '', '', ( #4935 ) ) ;
#2010 = CARTESIAN_POINT ( 'NONE',  ( 2.150000000000000355, 3.649999999999999911, -6.200000000000000178 ) ) ;
#2011 = EDGE_CURVE ( 'NONE', #9101, #9211, #6116, .T. ) ;
#2012 = FACE_OUTER_BOUND ( 'NONE', #4156, .T. ) ;
#2013 = CARTESIAN_POINT ( 'NONE',  ( 7.750000000000000000, 3.649999999999999911, -0.2000000000000000111 ) ) ;
#2014 = PLANE ( 'NONE',  #7163 ) ;
#2015 = ORIENTED_EDGE ( 'NONE', *, *, #8342, .T. ) ;
#2016 = ORIENTED_EDGE ( 'NONE', *, *, #2937, .F. ) ;
#2017 = AXIS2_PLACEMENT_3D ( 'NONE', #9149, #7821, #2378 ) ;
#2018 = SURFACE_STYLE_FILL_AREA ( #7465 ) ;
#2019 = DIRECTION ( 'NONE',  ( 0.000000000000000000, -0.000000000000000000, -1.000000000000000000 ) ) ;
#2020 = CARTESIAN_POINT ( 'NONE',  ( 20.25000000000000000, 3.050000000000000266, -8.300000000000000711 ) ) ;
#2021 = DIRECTION ( 'NONE',  ( 0.000000000000000000, 0.000000000000000000, -1.000000000000000000 ) ) ;
#2022 = PRESENTATION_LAYER_ASSIGNMENT (  '', '', ( #8612 ) ) ;
#2023 =( LENGTH_UNIT ( ) NAMED_UNIT ( * ) SI_UNIT ( .MILLI., .METRE. ) );
#2024 = DIRECTION ( 'NONE',  ( 1.000000000000000000, -0.000000000000000000, 1.508455196501571429E-16 ) ) ;
#2025 = EDGE_CURVE ( 'NONE', #5052, #7352, #9846, .T. ) ;
#2026 = LINE ( 'NONE', #1217, #5349 ) ;
#2027 = FILL_AREA_STYLE_COLOUR ( '', #5384 ) ;
#2028 = ORIENTED_EDGE ( 'NONE', *, *, #122, .F. ) ;
#2029 =( NAMED_UNIT ( * ) PLANE_ANGLE_UNIT ( ) SI_UNIT ( $, .RADIAN. ) );
#2030 = ORIENTED_EDGE ( 'NONE', *, *, #8649, .T. ) ;
#2031 = VERTEX_POINT ( 'NONE', #3128 ) ;
#2032 = SURFACE_STYLE_FILL_AREA ( #4405 ) ;
#2033 = FILL_AREA_STYLE_COLOUR ( '', #7923 ) ;
#2034 = SURFACE_SIDE_STYLE ('',( #6729 ) ) ;
#2035 = CARTESIAN_POINT ( 'NONE',  ( 15.25000000000000178, 3.050000000000000266, -0.2000000000000000111 ) ) ;
#2036 = CARTESIAN_POINT ( 'NONE',  ( 5.250000000000000000, -1.084202172485504434E-16, -9.500000000000000000 ) ) ;
#2037 = MECHANICAL_DESIGN_GEOMETRIC_PRESENTATION_REPRESENTATION (  '', ( #7222 ), #3346 ) ;
#2038 = DIRECTION ( 'NONE',  ( 0.000000000000000000, 0.000000000000000000, -1.000000000000000000 ) ) ;
#2039 = COLOUR_RGB ( '',0.7529411764705882248, 0.7529411764705882248, 0.7529411764705882248 ) ;
#2040 = ORIENTED_EDGE ( 'NONE', *, *, #303, .F. ) ;
#2041 = SURFACE_STYLE_USAGE ( .BOTH. , #8151 ) ;
#2042 = ORIENTED_EDGE ( 'NONE', *, *, #1941, .T. ) ;
#2043 = CARTESIAN_POINT ( 'NONE',  ( 1.999999999999998224, 5.299999999999998934, 0.000000000000000000 ) ) ;
#2044 = LINE ( 'NONE', #2603, #8309 ) ;
#2045 = CARTESIAN_POINT ( 'NONE',  ( 20.40000000000000213, 6.100999999999999979, -0.8000000000000001554 ) ) ;
#2046 = DIRECTION ( 'NONE',  ( 0.000000000000000000, -1.000000000000000000, 0.000000000000000000 ) ) ;
#2047 = COLOUR_RGB ( '',0.7529411764705882248, 0.7529411764705882248, 0.7529411764705882248 ) ;
#2048 = CARTESIAN_POINT ( 'NONE',  ( 17.14999999999999858, 3.649999999999999911, -6.200000000000000178 ) ) ;
#2049 = SURFACE_SIDE_STYLE ('',( #3632 ) ) ;
#2050 = FILL_AREA_STYLE ('',( #335 ) ) ;
#2051 = STYLED_ITEM ( 'NONE', ( #6421 ), #7389 ) ;
#2052 = CARTESIAN_POINT ( 'NONE',  ( 0.000000000000000000, 6.099999999999999645, 0.000000000000000000 ) ) ;
#2053 = VECTOR ( 'NONE', #5211, 1000.000000000000000 ) ;
#2054 = ADVANCED_FACE ( 'NONE', ( #8358 ), #647, .T. ) ;
#2055 = EDGE_LOOP ( 'NONE', ( #8179, #2410, #8965, #5434, #8791 ) ) ;
#2056 = FILL_AREA_STYLE_COLOUR ( '', #3829 ) ;
#2057 = DIRECTION ( 'NONE',  ( 0.000000000000000000, -0.7071067811865496822, -0.7071067811865453523 ) ) ;
#2058 = ADVANCED_FACE ( 'NONE', ( #6072 ), #59, .T. ) ;
#2059 = CARTESIAN_POINT ( 'NONE',  ( 4.950000000000000178, 0.000000000000000000, -9.199999999999999289 ) ) ;
#2060 = CYLINDRICAL_SURFACE ( 'NONE', #5393, 0.2999999999999999334 ) ;
#2061 = VERTEX_POINT ( 'NONE', #7754 ) ;
#2062 = ORIENTED_EDGE ( 'NONE', *, *, #7577, .F. ) ;
#2063 = ADVANCED_FACE ( 'NONE', ( #4740 ), #160, .T. ) ;
#2064 = SURFACE_SIDE_STYLE ('',( #2934 ) ) ;
#2065 = SURFACE_SIDE_STYLE ('',( #2838 ) ) ;
#2066 = CARTESIAN_POINT ( 'NONE',  ( 2.450000000000000178, -2.000000000000000000, -8.900000000000000355 ) ) ;
#2067 = UNCERTAINTY_MEASURE_WITH_UNIT (LENGTH_MEASURE( 1.000000000000000082E-05 ), #7018, 'distance_accuracy_value', 'NONE');
#2068 = CARTESIAN_POINT ( 'NONE',  ( 14.95000000000000107, 0.000000000000000000, -8.900000000000000355 ) ) ;
#2069 = ADVANCED_FACE ( 'NONE', ( #9294 ), #8732, .F. ) ;
#2070 = EDGE_CURVE ( 'NONE', #6460, #4763, #7007, .T. ) ;
#2071 = SURFACE_STYLE_FILL_AREA ( #9804 ) ;
#2072 = LINE ( 'NONE', #5158, #7977 ) ;
#2073 = CARTESIAN_POINT ( 'NONE',  ( 9.650000000000000355, 2.449999999999999734, -8.300000000000000711 ) ) ;
#2074 =( NAMED_UNIT ( * ) PLANE_ANGLE_UNIT ( ) SI_UNIT ( $, .RADIAN. ) );
#2075 = ORIENTED_EDGE ( 'NONE', *, *, #1323, .T. ) ;
#2076 = ORIENTED_EDGE ( 'NONE', *, *, #8955, .T. ) ;
#2077 = ORIENTED_EDGE ( 'NONE', *, *, #8514, .F. ) ;
#2078 = CARTESIAN_POINT ( 'NONE',  ( 9.650000000000000355, 3.649999999999999911, -0.4000000000000010214 ) ) ;
#2079 = SURFACE_STYLE_FILL_AREA ( #6681 ) ;
#2080 = EDGE_CURVE ( 'NONE', #3270, #900, #7860, .T. ) ;
#2081 = FACE_OUTER_BOUND ( 'NONE', #6026, .T. ) ;
#2082 = DIRECTION ( 'NONE',  ( 0.000000000000000000, 0.000000000000000000, 1.000000000000000000 ) ) ;
#2083 = UNCERTAINTY_MEASURE_WITH_UNIT (LENGTH_MEASURE( 1.000000000000000082E-05 ), #4257, 'distance_accuracy_value', 'NONE');
#2084 = CARTESIAN_POINT ( 'NONE',  ( 20.25000000000000000, -1.084202172485504434E-16, -9.500000000000000000 ) ) ;
#2085 = ORIENTED_EDGE ( 'NONE', *, *, #5705, .T. ) ;
#2086 =( NAMED_UNIT ( * ) SI_UNIT ( $, .STERADIAN. ) SOLID_ANGLE_UNIT ( ) );
#2087 = VERTEX_POINT ( 'NONE', #943 ) ;
#2088 = LINE ( 'NONE', #7496, #741 ) ;
#2089 = ORIENTED_EDGE ( 'NONE', *, *, #3134, .F. ) ;
#2090 = SURFACE_STYLE_USAGE ( .BOTH. , #8977 ) ;
#2091 = DIRECTION ( 'NONE',  ( 0.000000000000000000, 0.000000000000000000, -1.000000000000000000 ) ) ;
#2092 = VECTOR ( 'NONE', #7252, 1000.000000000000000 ) ;
#2093 = DIRECTION ( 'NONE',  ( 0.000000000000000000, 0.000000000000000000, -1.000000000000000000 ) ) ;
#2094 = CYLINDRICAL_SURFACE ( 'NONE', #2935, 0.3000000000000000444 ) ;
#2095 = CARTESIAN_POINT ( 'NONE',  ( 5.250000000000000000, 6.099999999999999645, -6.200000000000000178 ) ) ;
#2096 = DIRECTION ( 'NONE',  ( 0.000000000000000000, -0.000000000000000000, -1.000000000000000000 ) ) ;
#2097 = CARTESIAN_POINT ( 'NONE',  ( 0.8000000000000000444, 2.500000000000000000, -11.50000000000000533 ) ) ;
#2098 = VECTOR ( 'NONE', #8808, 1000.000000000000000 ) ;
#2099 = UNCERTAINTY_MEASURE_WITH_UNIT (LENGTH_MEASURE( 1.000000000000000082E-05 ), #6895, 'distance_accuracy_value', 'NONE');
#2100 = FACE_OUTER_BOUND ( 'NONE', #4650, .T. ) ;
#2101 = CARTESIAN_POINT ( 'NONE',  ( 10.25000000000000000, -1.084202172485504434E-16, -9.500000000000000000 ) ) ;
#2102 = ORIENTED_EDGE ( 'NONE', *, *, #6584, .F. ) ;
#2103 = DIRECTION ( 'NONE',  ( 0.000000000000000000, 1.000000000000000000, 0.000000000000000000 ) ) ;
#2104 = LINE ( 'NONE', #2217, #8161 ) ;
#2105 = VECTOR ( 'NONE', #7681, 1000.000000000000000 ) ;
#2106 = CARTESIAN_POINT ( 'NONE',  ( 12.75000000000000178, 3.649999999999999911, -0.2000000000000000111 ) ) ;
#2107 = CARTESIAN_POINT ( 'NONE',  ( 20.25000000000000000, -1.084202172485504434E-16, -9.500000000000000000 ) ) ;
#2108 = ORIENTED_EDGE ( 'NONE', *, *, #2629, .F. ) ;
#2109 = VERTEX_POINT ( 'NONE', #197 ) ;
#2110 = LINE ( 'NONE', #611, #5088 ) ;
#2111 = APPLICATION_CONTEXT ( 'automotive_design' ) ;
#2112 = ADVANCED_FACE ( 'NONE', ( #3278 ), #4089, .F. ) ;
#2113 = DIRECTION ( 'NONE',  ( 1.000000000000000000, 0.000000000000000000, 0.000000000000000000 ) ) ;
#2114 = SURFACE_SIDE_STYLE ('',( #8998 ) ) ;
#2115 = LINE ( 'NONE', #2839, #8795 ) ;
#2116 = PRESENTATION_LAYER_ASSIGNMENT (  '', '', ( #5033 ) ) ;
#2117 = SURFACE_SIDE_STYLE ('',( #1566 ) ) ;
#2118 = EDGE_CURVE ( 'NONE', #5625, #5453, #1948, .T. ) ;
#2119 = CARTESIAN_POINT ( 'NONE',  ( 5.250000000000000000, 3.050000000000000266, -0.2000000000000000111 ) ) ;
#2120 = LINE ( 'NONE', #509, #5898 ) ;
#2121 = DIRECTION ( 'NONE',  ( 0.000000000000000000, 0.000000000000000000, -1.000000000000000000 ) ) ;
#2122 = LINE ( 'NONE', #1970, #1017 ) ;
#2123 = PRESENTATION_LAYER_ASSIGNMENT (  '', '', ( #514 ) ) ;
#2124 = ORIENTED_EDGE ( 'NONE', *, *, #1095, .F. ) ;
#2125 = CARTESIAN_POINT ( 'NONE',  ( 15.25000000000000178, 3.649999999999999911, -0.2000000000000000111 ) ) ;
#2126 = VERTEX_POINT ( 'NONE', #1849 ) ;
#2127 = ORIENTED_EDGE ( 'NONE', *, *, #9617, .T. ) ;
#2128 = DIRECTION ( 'NONE',  ( 1.000000000000000000, -0.000000000000000000, -0.000000000000000000 ) ) ;
#2129 = EDGE_CURVE ( 'NONE', #96, #2351, #8201, .T. ) ;
#2130 = CARTESIAN_POINT ( 'NONE',  ( 18.95000000000000284, 6.099999999999999645, -3.700000000000000178 ) ) ;
#2131 = AXIS2_PLACEMENT_3D ( 'NONE', #3049, #6171, #4701 ) ;
#2132 = LINE ( 'NONE', #4513, #5128 ) ;
#2133 = EDGE_CURVE ( 'NONE', #6386, #7057, #5754, .T. ) ;
#2134 =( LENGTH_UNIT ( ) NAMED_UNIT ( * ) SI_UNIT ( .MILLI., .METRE. ) );
#2135 = PRESENTATION_LAYER_ASSIGNMENT (  '', '', ( #2458 ) ) ;
#2136 =( LENGTH_UNIT ( ) NAMED_UNIT ( * ) SI_UNIT ( .MILLI., .METRE. ) );
#2137 = EDGE_LOOP ( 'NONE', ( #8932, #4013, #3328 ) ) ;
#2138 = EDGE_CURVE ( 'NONE', #3746, #4558, #1188, .T. ) ;
#2139 = VERTEX_POINT ( 'NONE', #8056 ) ;
#2140 = SURFACE_STYLE_FILL_AREA ( #2862 ) ;
#2141 = ORIENTED_EDGE ( 'NONE', *, *, #2442, .F. ) ;
#2142 = VECTOR ( 'NONE', #6927, 1000.000000000000000 ) ;
#2143 = FILL_AREA_STYLE ('',( #6837 ) ) ;
#2144 = FILL_AREA_STYLE ('',( #6099 ) ) ;
#2145 = LINE ( 'NONE', #2045, #7910 ) ;
#2146 = DIRECTION ( 'NONE',  ( 0.000000000000000000, -1.000000000000000000, 0.000000000000000000 ) ) ;
#2147 = DIRECTION ( 'NONE',  ( -1.000000000000000000, -0.000000000000000000, -0.000000000000000000 ) ) ;
#2148 =( LENGTH_UNIT ( ) NAMED_UNIT ( * ) SI_UNIT ( .MILLI., .METRE. ) );
#2149 =( NAMED_UNIT ( * ) SI_UNIT ( $, .STERADIAN. ) SOLID_ANGLE_UNIT ( ) );
#2150 = COLOUR_RGB ( '',0.7529411764705882248, 0.7529411764705882248, 0.7529411764705882248 ) ;
#2151 = VECTOR ( 'NONE', #4860, 1000.000000000000000 ) ;
#2152 = COLOUR_RGB ( '',0.7529411764705882248, 0.7529411764705882248, 0.7529411764705882248 ) ;
#2153 = CARTESIAN_POINT ( 'NONE',  ( 17.44999999999999929, -2.000000000000000000, -9.199999999999999289 ) ) ;
#2154 = FILL_AREA_STYLE ('',( #3851 ) ) ;
#2155 =( NAMED_UNIT ( * ) PLANE_ANGLE_UNIT ( ) SI_UNIT ( $, .RADIAN. ) );
#2156 =( GEOMETRIC_REPRESENTATION_CONTEXT ( 3 ) GLOBAL_UNCERTAINTY_ASSIGNED_CONTEXT ( ( #2099 ) ) GLOBAL_UNIT_ASSIGNED_CONTEXT ( ( #6895, #8292, #4422 ) ) REPRESENTATION_CONTEXT ( 'NONE', 'WORKASPACE' ) );
#2157 = EDGE_LOOP ( 'NONE', ( #2920, #7290, #6739, #9570, #5682, #7567, #6552, #1717, #6251 ) ) ;
#2158 = CARTESIAN_POINT ( 'NONE',  ( 12.15000000000000036, -1.084202172485504434E-16, -9.500000000000000000 ) ) ;
#2159 = VECTOR ( 'NONE', #7099, 1000.000000000000000 ) ;
#2160 = PRESENTATION_LAYER_ASSIGNMENT (  '', '', ( #697 ) ) ;
#2161 = CIRCLE ( 'NONE', #228, 1.199999999999999734 ) ;
#2162 = VECTOR ( 'NONE', #2373, 1000.000000000000000 ) ;
#2163 =( LENGTH_UNIT ( ) NAMED_UNIT ( * ) SI_UNIT ( .MILLI., .METRE. ) );
#2164 = DIRECTION ( 'NONE',  ( -1.000000000000000000, 0.000000000000000000, 0.000000000000000000 ) ) ;
#2165 = VECTOR ( 'NONE', #491, 1000.000000000000000 ) ;
#2166 = PRESENTATION_LAYER_ASSIGNMENT (  '', '', ( #1516 ) ) ;
#2167 =( GEOMETRIC_REPRESENTATION_CONTEXT ( 3 ) GLOBAL_UNCERTAINTY_ASSIGNED_CONTEXT ( ( #7726 ) ) GLOBAL_UNIT_ASSIGNED_CONTEXT ( ( #9292, #57, #9245 ) ) REPRESENTATION_CONTEXT ( 'NONE', 'WORKASPACE' ) );
#2168 = SURFACE_SIDE_STYLE ('',( #7672 ) ) ;
#2169 = ORIENTED_EDGE ( 'NONE', *, *, #3988, .F. ) ;
#2170 = VERTEX_POINT ( 'NONE', #4337 ) ;
#2171 = CARTESIAN_POINT ( 'NONE',  ( 17.75000000000000000, 2.449999999999999734, -9.500000000000000000 ) ) ;
#2172 =( GEOMETRIC_REPRESENTATION_CONTEXT ( 3 ) GLOBAL_UNCERTAINTY_ASSIGNED_CONTEXT ( ( #103 ) ) GLOBAL_UNIT_ASSIGNED_CONTEXT ( ( #9220, #2203, #7499 ) ) REPRESENTATION_CONTEXT ( 'NONE', 'WORKASPACE' ) );
#2173 = AXIS2_PLACEMENT_3D ( 'NONE', #8709, #146, #9420 ) ;
#2174 = FILL_AREA_STYLE_COLOUR ( '', #2673 ) ;
#2175 = CIRCLE ( 'NONE', #6852, 1.199999999999999734 ) ;
#2176 = AXIS2_PLACEMENT_3D ( 'NONE', #2301, #750, #6061 ) ;
#2177 = DIRECTION ( 'NONE',  ( 0.000000000000000000, -1.000000000000000000, 0.000000000000000000 ) ) ;
#2178 = VECTOR ( 'NONE', #1452, 1000.000000000000000 ) ;
#2179 = SURFACE_STYLE_USAGE ( .BOTH. , #7682 ) ;
#2180 = CARTESIAN_POINT ( 'NONE',  ( 0.8000000000000000444, 5.299999999999998934, -6.200000000000000178 ) ) ;
#2181 = ADVANCED_FACE ( 'NONE', ( #9639 ), #2874, .T. ) ;
#2182 = PRESENTATION_LAYER_ASSIGNMENT (  '', '', ( #8753 ) ) ;
#2183 = FILL_AREA_STYLE ('',( #9059 ) ) ;
#2184 = FACE_OUTER_BOUND ( 'NONE', #3385, .T. ) ;
#2185 = ORIENTED_EDGE ( 'NONE', *, *, #735, .T. ) ;
#2186 = CARTESIAN_POINT ( 'NONE',  ( 17.14999999999999858, 3.649999999999999911, -0.2000000000000000111 ) ) ;
#2187 = ORIENTED_EDGE ( 'NONE', *, *, #8601, .F. ) ;
#2188 = COLOUR_RGB ( '',0.7529411764705882248, 0.7529411764705882248, 0.7529411764705882248 ) ;
#2189 = ORIENTED_EDGE ( 'NONE', *, *, #8755, .T. ) ;
#2190 = PRESENTATION_STYLE_ASSIGNMENT (( #9768 ) ) ;
#2191 = FACE_OUTER_BOUND ( 'NONE', #6725, .T. ) ;
#2192 =( NAMED_UNIT ( * ) PLANE_ANGLE_UNIT ( ) SI_UNIT ( $, .RADIAN. ) );
#2193 = UNCERTAINTY_MEASURE_WITH_UNIT (LENGTH_MEASURE( 1.000000000000000082E-05 ), #2694, 'distance_accuracy_value', 'NONE');
#2194 = CARTESIAN_POINT ( 'NONE',  ( 2.750000000000000444, 6.099999999999999645, -6.200000000000000178 ) ) ;
#2195 = ADVANCED_FACE ( 'NONE', ( #8941 ), #6491, .F. ) ;
#2196 = ORIENTED_EDGE ( 'NONE', *, *, #9266, .F. ) ;
#2197 = FACE_OUTER_BOUND ( 'NONE', #1919, .T. ) ;
#2198 = AXIS2_PLACEMENT_3D ( 'NONE', #4457, #1963, #2019 ) ;
#2199 = VERTEX_POINT ( 'NONE', #9136 ) ;
#2200 = FILL_AREA_STYLE_COLOUR ( '', #8599 ) ;
#2201 = ORIENTED_EDGE ( 'NONE', *, *, #9564, .T. ) ;
#2202 = EDGE_CURVE ( 'NONE', #3270, #6587, #7965, .T. ) ;
#2203 =( NAMED_UNIT ( * ) PLANE_ANGLE_UNIT ( ) SI_UNIT ( $, .RADIAN. ) );
#2204 = SURFACE_STYLE_FILL_AREA ( #3727 ) ;
#2205 = FILL_AREA_STYLE_COLOUR ( '', #4076 ) ;
#2206 = UNCERTAINTY_MEASURE_WITH_UNIT (LENGTH_MEASURE( 1.000000000000000082E-05 ), #5029, 'distance_accuracy_value', 'NONE');
#2207 = COLOUR_RGB ( '',0.7529411764705882248, 0.7529411764705882248, 0.7529411764705882248 ) ;
#2208 = SURFACE_STYLE_FILL_AREA ( #9285 ) ;
#2209 = EDGE_CURVE ( 'NONE', #60, #2758, #3688, .T. ) ;
#2210 = EDGE_CURVE ( 'NONE', #7722, #5822, #1490, .T. ) ;
#2211 =( LENGTH_UNIT ( ) NAMED_UNIT ( * ) SI_UNIT ( .MILLI., .METRE. ) );
#2212 = UNCERTAINTY_MEASURE_WITH_UNIT (LENGTH_MEASURE( 1.000000000000000082E-05 ), #4220, 'distance_accuracy_value', 'NONE');
#2213 = LINE ( 'NONE', #9090, #1334 ) ;
#2214 = SURFACE_STYLE_USAGE ( .BOTH. , #9091 ) ;
#2215 = ORIENTED_EDGE ( 'NONE', *, *, #735, .F. ) ;
#2216 = COLOUR_RGB ( '',0.7529411764705882248, 0.7529411764705882248, 0.7529411764705882248 ) ;
#2217 = CARTESIAN_POINT ( 'NONE',  ( 0.000000000000000000, 0.8000000000000000444, 0.000000000000000000 ) ) ;
#2218 = EDGE_CURVE ( 'NONE', #1971, #3999, #7704, .T. ) ;
#2219 = LINE ( 'NONE', #3942, #6930 ) ;
#2220 = PRESENTATION_LAYER_ASSIGNMENT (  '', '', ( #4646 ) ) ;
#2221 = PLANE ( 'NONE',  #2932 ) ;
#2222 =( GEOMETRIC_REPRESENTATION_CONTEXT ( 3 ) GLOBAL_UNCERTAINTY_ASSIGNED_CONTEXT ( ( #5762 ) ) GLOBAL_UNIT_ASSIGNED_CONTEXT ( ( #8650, #2468, #846 ) ) REPRESENTATION_CONTEXT ( 'NONE', 'WORKASPACE' ) );
#2223 = PRESENTATION_STYLE_ASSIGNMENT (( #3695 ) ) ;
#2224 =( NAMED_UNIT ( * ) PLANE_ANGLE_UNIT ( ) SI_UNIT ( $, .RADIAN. ) );
#2225 = ORIENTED_EDGE ( 'NONE', *, *, #6143, .T. ) ;
#2226 = ORIENTED_EDGE ( 'NONE', *, *, #108, .T. ) ;
#2227 = DIRECTION ( 'NONE',  ( -0.000000000000000000, 1.000000000000000000, -0.000000000000000000 ) ) ;
#2228 = VECTOR ( 'NONE', #5201, 1000.000000000000000 ) ;
#2229 = SURFACE_SIDE_STYLE ('',( #2018 ) ) ;
#2230 = LINE ( 'NONE', #2066, #5289 ) ;
#2231 =( NAMED_UNIT ( * ) PLANE_ANGLE_UNIT ( ) SI_UNIT ( $, .RADIAN. ) );
#2232 = DIRECTION ( 'NONE',  ( 0.000000000000000000, 0.000000000000000000, -1.000000000000000000 ) ) ;
#2233 = VERTEX_POINT ( 'NONE', #687 ) ;
#2234 = ORIENTED_EDGE ( 'NONE', *, *, #4420, .T. ) ;
#2235 = PLANE ( 'NONE',  #6654 ) ;
#2236 =( LENGTH_UNIT ( ) NAMED_UNIT ( * ) SI_UNIT ( .MILLI., .METRE. ) );
#2237 = CARTESIAN_POINT ( 'NONE',  ( 3.469446951953614189E-15, 2.500000000000000000, -11.50000000000000533 ) ) ;
#2238 = CARTESIAN_POINT ( 'NONE',  ( 2.450000000000000178, -2.000000000000000000, -9.500000000000000000 ) ) ;
#2239 = ORIENTED_EDGE ( 'NONE', *, *, #6318, .T. ) ;
#2240 = FACE_OUTER_BOUND ( 'NONE', #3106, .T. ) ;
#2241 = ORIENTED_EDGE ( 'NONE', *, *, #4018, .F. ) ;
#2242 = SURFACE_STYLE_FILL_AREA ( #1427 ) ;
#2243 = ORIENTED_EDGE ( 'NONE', *, *, #3028, .T. ) ;
#2244 = DIRECTION ( 'NONE',  ( 0.000000000000000000, 0.000000000000000000, 1.000000000000000000 ) ) ;
#2245 = FACE_OUTER_BOUND ( 'NONE', #675, .T. ) ;
#2246 = LINE ( 'NONE', #5024, #6312 ) ;
#2247 = MECHANICAL_DESIGN_GEOMETRIC_PRESENTATION_REPRESENTATION (  '', ( #5311 ), #2722 ) ;
#2248 = EDGE_CURVE ( 'NONE', #968, #6162, #2254, .T. ) ;
#2249 = MECHANICAL_DESIGN_GEOMETRIC_PRESENTATION_REPRESENTATION (  '', ( #4037 ), #4191 ) ;
#2250 = SURFACE_STYLE_FILL_AREA ( #9086 ) ;
#2251 = EDGE_CURVE ( 'NONE', #8718, #1141, #3970, .T. ) ;
#2252 =( LENGTH_UNIT ( ) NAMED_UNIT ( * ) SI_UNIT ( .MILLI., .METRE. ) );
#2253 = PRESENTATION_STYLE_ASSIGNMENT (( #5334 ) ) ;
#2254 = LINE ( 'NONE', #5245, #6064 ) ;
#2255 = ORIENTED_EDGE ( 'NONE', *, *, #2448, .T. ) ;
#2256 = VECTOR ( 'NONE', #7749, 1000.000000000000000 ) ;
#2257 = LINE ( 'NONE', #9039, #9378 ) ;
#2258 =( NAMED_UNIT ( * ) SI_UNIT ( $, .STERADIAN. ) SOLID_ANGLE_UNIT ( ) );
#2259 = ADVANCED_FACE ( 'NONE', ( #8393 ), #6791, .T. ) ;
#2260 = DIRECTION ( 'NONE',  ( 0.000000000000000000, 0.000000000000000000, -1.000000000000000000 ) ) ;
#2261 = SURFACE_SIDE_STYLE ('',( #680 ) ) ;
#2262 = FILL_AREA_STYLE ('',( #7566 ) ) ;
#2263 = SURFACE_STYLE_USAGE ( .BOTH. , #9142 ) ;
#2264 = ORIENTED_EDGE ( 'NONE', *, *, #182, .F. ) ;
#2265 = EDGE_CURVE ( 'NONE', #1807, #7057, #6150, .T. ) ;
#2266 = ORIENTED_EDGE ( 'NONE', *, *, #8642, .F. ) ;
#2267 = LINE ( 'NONE', #1406, #5251 ) ;
#2268 = AXIS2_PLACEMENT_3D ( 'NONE', #8413, #2272, #6268 ) ;
#2269 =( NAMED_UNIT ( * ) PLANE_ANGLE_UNIT ( ) SI_UNIT ( $, .RADIAN. ) );
#2270 = DIRECTION ( 'NONE',  ( 1.000000000000000000, 0.000000000000000000, 5.102127870520020982E-16 ) ) ;
#2271 = FILL_AREA_STYLE_COLOUR ( '', #7303 ) ;
#2272 = DIRECTION ( 'NONE',  ( 0.000000000000000000, -1.000000000000000000, 0.000000000000000000 ) ) ;
#2273 = LINE ( 'NONE', #5358, #4603 ) ;
#2274 = AXIS2_PLACEMENT_3D ( 'NONE', #6859, #1596, #4587 ) ;
#2275 = FILL_AREA_STYLE_COLOUR ( '', #348 ) ;
#2276 = PRESENTATION_STYLE_ASSIGNMENT (( #659 ) ) ;
#2277 = LINE ( 'NONE', #8418, #4876 ) ;
#2278 = ORIENTED_EDGE ( 'NONE', *, *, #9622, .T. ) ;
#2279 = ORIENTED_EDGE ( 'NONE', *, *, #3380, .F. ) ;
#2280 =( NAMED_UNIT ( * ) PLANE_ANGLE_UNIT ( ) SI_UNIT ( $, .RADIAN. ) );
#2281 = SURFACE_STYLE_FILL_AREA ( #3974 ) ;
#2282 = UNCERTAINTY_MEASURE_WITH_UNIT (LENGTH_MEASURE( 1.000000000000000082E-05 ), #3424, 'distance_accuracy_value', 'NONE');
#2283 = STYLED_ITEM ( 'NONE', ( #2871 ), #1591 ) ;
#2284 = SURFACE_SIDE_STYLE ('',( #783 ) ) ;
#2285 = ORIENTED_EDGE ( 'NONE', *, *, #6883, .F. ) ;
#2286 = DIRECTION ( 'NONE',  ( 0.7071067811865465735, 0.000000000000000000, 0.7071067811865483499 ) ) ;
#2287 = AXIS2_PLACEMENT_3D ( 'NONE', #9263, #5501, #8548 ) ;
#2288 = ORIENTED_EDGE ( 'NONE', *, *, #5470, .T. ) ;
#2289 = PRESENTATION_STYLE_ASSIGNMENT (( #1475 ) ) ;
#2290 = ORIENTED_EDGE ( 'NONE', *, *, #4808, .T. ) ;
#2291 = FILL_AREA_STYLE_COLOUR ( '', #1797 ) ;
#2292 = AXIS2_PLACEMENT_3D ( 'NONE', #6592, #5844, #1994 ) ;
#2293 = DIRECTION ( 'NONE',  ( 0.000000000000000000, -0.000000000000000000, 1.000000000000000000 ) ) ;
#2294 = MECHANICAL_DESIGN_GEOMETRIC_PRESENTATION_REPRESENTATION (  '', ( #3928 ), #5524 ) ;
#2295 = CARTESIAN_POINT ( 'NONE',  ( 7.450000000000000178, -2.000000000000000000, -8.900000000000000355 ) ) ;
#2296 = UNCERTAINTY_MEASURE_WITH_UNIT (LENGTH_MEASURE( 1.000000000000000082E-05 ), #7351, 'distance_accuracy_value', 'NONE');
#2297 = DIRECTION ( 'NONE',  ( -1.000000000000000000, -0.000000000000000000, -0.000000000000000000 ) ) ;
#2298 = STYLED_ITEM ( 'NONE', ( #2779 ), #1747 ) ;
#2299 = FILL_AREA_STYLE_COLOUR ( '', #2575 ) ;
#2300 = ADVANCED_FACE ( 'NONE', ( #4486 ), #6850, .T. ) ;
#2301 = CARTESIAN_POINT ( 'NONE',  ( 2.750000000000000444, 3.050000000000000266, -0.2000000000000000111 ) ) ;
#2302 = ORIENTED_EDGE ( 'NONE', *, *, #524, .T. ) ;
#2303 = FILL_AREA_STYLE_COLOUR ( '', #708 ) ;
#2304 = CIRCLE ( 'NONE', #2823, 0.2999999999999999334 ) ;
#2305 = MECHANICAL_DESIGN_GEOMETRIC_PRESENTATION_REPRESENTATION (  '', ( #5379 ), #3167 ) ;
#2306 = CARTESIAN_POINT ( 'NONE',  ( 10.25000000000000000, -1.084202172485504434E-16, -8.900000000000000355 ) ) ;
#2307 = SURFACE_STYLE_FILL_AREA ( #7003 ) ;
#2308 = AXIS2_PLACEMENT_3D ( 'NONE', #881, #8525, #2447 ) ;
#2309 = EDGE_CURVE ( 'NONE', #6213, #3294, #5589, .T. ) ;
#2310 = CARTESIAN_POINT ( 'NONE',  ( 2.150000000000000355, -1.084202172485504434E-16, -8.900000000000000355 ) ) ;
#2311 = DIRECTION ( 'NONE',  ( -1.000000000000000000, 0.000000000000000000, 0.000000000000000000 ) ) ;
#2312 = ORIENTED_EDGE ( 'NONE', *, *, #1798, .T. ) ;
#2313 = ORIENTED_EDGE ( 'NONE', *, *, #3202, .T. ) ;
#2314 = MECHANICAL_DESIGN_GEOMETRIC_PRESENTATION_REPRESENTATION (  '', ( #1653 ), #81 ) ;
#2315 = STYLED_ITEM ( 'NONE', ( #9530 ), #4290 ) ;
#2316 = CARTESIAN_POINT ( 'NONE',  ( 15.25000000000000178, -1.084202172485504434E-16, -8.900000000000000355 ) ) ;
#2317 = ADVANCED_FACE ( 'NONE', ( #6250 ), #154, .T. ) ;
#2318 = FACE_OUTER_BOUND ( 'NONE', #9647, .T. ) ;
#2319 = VECTOR ( 'NONE', #4961, 1000.000000000000000 ) ;
#2320 = LINE ( 'NONE', #6868, #2679 ) ;
#2321 = CIRCLE ( 'NONE', #4280, 0.2999999999999999334 ) ;
#2322 = AXIS2_PLACEMENT_3D ( 'NONE', #606, #3803, #2415 ) ;
#2323 = DIRECTION ( 'NONE',  ( 1.000000000000000000, 0.000000000000000000, 0.000000000000000000 ) ) ;
#2324 = FILL_AREA_STYLE ('',( #8414 ) ) ;
#2325 = EDGE_CURVE ( 'NONE', #62, #4105, #6989, .T. ) ;
#2326 = FACE_OUTER_BOUND ( 'NONE', #4495, .T. ) ;
#2327 =( GEOMETRIC_REPRESENTATION_CONTEXT ( 3 ) GLOBAL_UNCERTAINTY_ASSIGNED_CONTEXT ( ( #2917 ) ) GLOBAL_UNIT_ASSIGNED_CONTEXT ( ( #2886, #653, #5262 ) ) REPRESENTATION_CONTEXT ( 'NONE', 'WORKASPACE' ) );
#2328 = ORIENTED_EDGE ( 'NONE', *, *, #9636, .F. ) ;
#2329 = LINE ( 'NONE', #5418, #6218 ) ;
#2330 = ORIENTED_EDGE ( 'NONE', *, *, #4399, .F. ) ;
#2331 =( GEOMETRIC_REPRESENTATION_CONTEXT ( 3 ) GLOBAL_UNCERTAINTY_ASSIGNED_CONTEXT ( ( #3704 ) ) GLOBAL_UNIT_ASSIGNED_CONTEXT ( ( #8665, #7080, #4025 ) ) REPRESENTATION_CONTEXT ( 'NONE', 'WORKASPACE' ) );
#2332 =( GEOMETRIC_REPRESENTATION_CONTEXT ( 3 ) GLOBAL_UNCERTAINTY_ASSIGNED_CONTEXT ( ( #1884 ) ) GLOBAL_UNIT_ASSIGNED_CONTEXT ( ( #4713, #3875, #35 ) ) REPRESENTATION_CONTEXT ( 'NONE', 'WORKASPACE' ) );
#2333 =( NAMED_UNIT ( * ) PLANE_ANGLE_UNIT ( ) SI_UNIT ( $, .RADIAN. ) );
#2334 = AXIS2_PLACEMENT_3D ( 'NONE', #6448, #5492, #986 ) ;
#2335 =( GEOMETRIC_REPRESENTATION_CONTEXT ( 3 ) GLOBAL_UNCERTAINTY_ASSIGNED_CONTEXT ( ( #9624 ) ) GLOBAL_UNIT_ASSIGNED_CONTEXT ( ( #4117, #1218, #8859 ) ) REPRESENTATION_CONTEXT ( 'NONE', 'WORKASPACE' ) );
#2336 = CARTESIAN_POINT ( 'NONE',  ( 15.25000000000000178, 3.250000000000000000, -0.2000000000000000111 ) ) ;
#2337 = FACE_OUTER_BOUND ( 'NONE', #4874, .T. ) ;
#2338 = VECTOR ( 'NONE', #5781, 1000.000000000000000 ) ;
#2339 = SURFACE_STYLE_USAGE ( .BOTH. , #6279 ) ;
#2340 = EDGE_CURVE ( 'NONE', #1582, #6182, #5530, .T. ) ;
#2341 = PRESENTATION_LAYER_ASSIGNMENT (  '', '', ( #7974 ) ) ;
#2342 = STYLED_ITEM ( 'NONE', ( #496 ), #7800 ) ;
#2343 = FACE_OUTER_BOUND ( 'NONE', #8929, .T. ) ;
#2344 = VECTOR ( 'NONE', #9563, 1000.000000000000000 ) ;
#2345 = CIRCLE ( 'NONE', #5086, 1.199999999999999734 ) ;
#2346 = DIRECTION ( 'NONE',  ( 0.000000000000000000, 0.000000000000000000, -1.000000000000000000 ) ) ;
#2347 = ORIENTED_EDGE ( 'NONE', *, *, #5791, .F. ) ;
#2348 = ORIENTED_EDGE ( 'NONE', *, *, #529, .T. ) ;
#2349 = DIRECTION ( 'NONE',  ( -0.000000000000000000, -1.000000000000000000, -0.000000000000000000 ) ) ;
#2350 = VECTOR ( 'NONE', #2612, 1000.000000000000000 ) ;
#2351 = VERTEX_POINT ( 'NONE', #4683 ) ;
#2352 =( NAMED_UNIT ( * ) PLANE_ANGLE_UNIT ( ) SI_UNIT ( $, .RADIAN. ) );
#2353 = VECTOR ( 'NONE', #2434, 1000.000000000000000 ) ;
#2354 = FACE_OUTER_BOUND ( 'NONE', #8898, .T. ) ;
#2355 = LINE ( 'NONE', #5483, #6515 ) ;
#2356 = MECHANICAL_DESIGN_GEOMETRIC_PRESENTATION_REPRESENTATION (  '', ( #9731 ), #1705 ) ;
#2357 =( NAMED_UNIT ( * ) PLANE_ANGLE_UNIT ( ) SI_UNIT ( $, .RADIAN. ) );
#2358 = SURFACE_STYLE_USAGE ( .BOTH. , #5636 ) ;
#2359 = EDGE_LOOP ( 'NONE', ( #9838, #6127, #2102 ) ) ;
#2360 = PRODUCT_DEFINITION_SHAPE ( 'NONE', 'NONE',  #8176 ) ;
#2361 = CARTESIAN_POINT ( 'NONE',  ( 20.40000000000000213, 5.299999999999998934, -0.8000000000000001554 ) ) ;
#2362 = AXIS2_PLACEMENT_3D ( 'NONE', #8689, #6365, #5901 ) ;
#2363 = MECHANICAL_DESIGN_GEOMETRIC_PRESENTATION_REPRESENTATION (  '', ( #4151 ), #9744 ) ;
#2364 = DIRECTION ( 'NONE',  ( -1.000000000000000000, -0.000000000000000000, -0.000000000000000000 ) ) ;
#2365 = CARTESIAN_POINT ( 'NONE',  ( 15.25000000000000178, 3.649999999999999911, -0.2000000000000000111 ) ) ;
#2366 = LINE ( 'NONE', #4039, #877 ) ;
#2367 = PRESENTATION_STYLE_ASSIGNMENT (( #2525 ) ) ;
#2368 = VECTOR ( 'NONE', #2147, 1000.000000000000000 ) ;
#2369 = SURFACE_STYLE_FILL_AREA ( #2262 ) ;
#2370 = DIRECTION ( 'NONE',  ( 1.000000000000000000, -0.000000000000000000, 0.000000000000000000 ) ) ;
#2371 = ORIENTED_EDGE ( 'NONE', *, *, #9789, .T. ) ;
#2372 = ORIENTED_EDGE ( 'NONE', *, *, #3571, .F. ) ;
#2373 = DIRECTION ( 'NONE',  ( 0.000000000000000000, 0.000000000000000000, -1.000000000000000000 ) ) ;
#2374 = FACE_OUTER_BOUND ( 'NONE', #5728, .T. ) ;
#2375 = FACE_OUTER_BOUND ( 'NONE', #2847, .T. ) ;
#2376 = FACE_OUTER_BOUND ( 'NONE', #5151, .T. ) ;
#2377 = ADVANCED_FACE ( 'NONE', ( #4789 ), #1734, .F. ) ;
#2378 = DIRECTION ( 'NONE',  ( 0.000000000000000000, -0.000000000000000000, -1.000000000000000000 ) ) ;
#2379 = DIRECTION ( 'NONE',  ( 0.000000000000000000, -1.000000000000000000, 0.000000000000000000 ) ) ;
#2380 = LINE ( 'NONE', #767, #5496 ) ;
#2381 =( NAMED_UNIT ( * ) SI_UNIT ( $, .STERADIAN. ) SOLID_ANGLE_UNIT ( ) );
#2382 = ADVANCED_FACE ( 'NONE', ( #4229 ), #1089, .T. ) ;
#2383 = SURFACE_STYLE_USAGE ( .BOTH. , #208 ) ;
#2384 =( NAMED_UNIT ( * ) SI_UNIT ( $, .STERADIAN. ) SOLID_ANGLE_UNIT ( ) );
#2385 = ORIENTED_EDGE ( 'NONE', *, *, #7438, .F. ) ;
#2386 = PRODUCT_CONTEXT ( 'NONE', #8983, 'mechanical' ) ;
#2387 = ORIENTED_EDGE ( 'NONE', *, *, #8061, .T. ) ;
#2388 = STYLED_ITEM ( 'NONE', ( #1925 ), #8 ) ;
#2389 = CARTESIAN_POINT ( 'NONE',  ( 20.25000000000000000, -1.084202172485504434E-16, -8.900000000000000355 ) ) ;
#2390 = CARTESIAN_POINT ( 'NONE',  ( 12.15000000000000036, -1.084202172485504434E-16, -9.500000000000000000 ) ) ;
#2391 =( LENGTH_UNIT ( ) NAMED_UNIT ( * ) SI_UNIT ( .MILLI., .METRE. ) );
#2392 = EDGE_CURVE ( 'NONE', #4823, #3129, #5835, .T. ) ;
#2393 =( LENGTH_UNIT ( ) NAMED_UNIT ( * ) SI_UNIT ( .MILLI., .METRE. ) );
#2394 = UNCERTAINTY_MEASURE_WITH_UNIT (LENGTH_MEASURE( 1.000000000000000082E-05 ), #6467, 'distance_accuracy_value', 'NONE');
#2395 = CARTESIAN_POINT ( 'NONE',  ( 17.44999999999999929, -2.000000000000000000, -8.900000000000000355 ) ) ;
#2396 = DIRECTION ( 'NONE',  ( 0.000000000000000000, 0.000000000000000000, -1.000000000000000000 ) ) ;
#2397 = FILL_AREA_STYLE_COLOUR ( '', #719 ) ;
#2398 = ORIENTED_EDGE ( 'NONE', *, *, #5457, .T. ) ;
#2399 = FACE_OUTER_BOUND ( 'NONE', #7930, .T. ) ;
#2400 = EDGE_LOOP ( 'NONE', ( #6011, #6287, #8696, #8767 ) ) ;
#2401 = DIRECTION ( 'NONE',  ( 0.000000000000000000, 0.000000000000000000, -1.000000000000000000 ) ) ;
#2402 = ADVANCED_FACE ( 'NONE', ( #3417 ), #7439, .T. ) ;
#2403 = ORIENTED_EDGE ( 'NONE', *, *, #4306, .T. ) ;
#2404 = SURFACE_STYLE_FILL_AREA ( #7781 ) ;
#2405 = FACE_OUTER_BOUND ( 'NONE', #2500, .T. ) ;
#2406 = UNCERTAINTY_MEASURE_WITH_UNIT (LENGTH_MEASURE( 1.000000000000000082E-05 ), #2463, 'distance_accuracy_value', 'NONE');
#2407 = CARTESIAN_POINT ( 'NONE',  ( 7.750000000000000000, 3.649999999999999911, -0.4000000000000009104 ) ) ;
#2408 = LINE ( 'NONE', #3030, #4196 ) ;
#2409 =( NAMED_UNIT ( * ) PLANE_ANGLE_UNIT ( ) SI_UNIT ( $, .RADIAN. ) );
#2410 = ORIENTED_EDGE ( 'NONE', *, *, #3202, .F. ) ;
#2411 = CARTESIAN_POINT ( 'NONE',  ( 17.75000000000000000, -1.084202172485504434E-16, -8.900000000000000355 ) ) ;
#2412 = STYLED_ITEM ( 'NONE', ( #4199 ), #9388 ) ;
#2413 = CARTESIAN_POINT ( 'NONE',  ( 17.75000000000000000, -1.084202172485504434E-16, -9.500000000000000000 ) ) ;
#2414 =( LENGTH_UNIT ( ) NAMED_UNIT ( * ) SI_UNIT ( .MILLI., .METRE. ) );
#2415 = DIRECTION ( 'NONE',  ( 0.000000000000000000, -0.000000000000000000, -1.000000000000000000 ) ) ;
#2416 = MECHANICAL_DESIGN_GEOMETRIC_PRESENTATION_REPRESENTATION (  '', ( #8990 ), #638 ) ;
#2417 = DIRECTION ( 'NONE',  ( 0.000000000000000000, -1.000000000000000000, 0.000000000000000000 ) ) ;
#2418 = ORIENTED_EDGE ( 'NONE', *, *, #5595, .F. ) ;
#2419 = ORIENTED_EDGE ( 'NONE', *, *, #4011, .T. ) ;
#2420 =( NAMED_UNIT ( * ) PLANE_ANGLE_UNIT ( ) SI_UNIT ( $, .RADIAN. ) );
#2421 = SURFACE_STYLE_FILL_AREA ( #9298 ) ;
#2423 = DIRECTION ( 'NONE',  ( 0.000000000000000000, 0.000000000000000000, -1.000000000000000000 ) ) ;
#2422 = VECTOR ( 'NONE', #465, 1000.000000000000000 ) ;
#2424 = DIRECTION ( 'NONE',  ( 0.000000000000000000, -0.000000000000000000, -1.000000000000000000 ) ) ;
#2425 = CARTESIAN_POINT ( 'NONE',  ( 12.75000000000000178, 3.050000000000000266, -0.2000000000000000111 ) ) ;
#2426 = FACE_OUTER_BOUND ( 'NONE', #4057, .T. ) ;
#2427 = CARTESIAN_POINT ( 'NONE',  ( 12.15000000000000036, 3.649999999999999911, -0.4000000000000009104 ) ) ;
#2428 = SURFACE_STYLE_FILL_AREA ( #9305 ) ;
#2429 = ORIENTED_EDGE ( 'NONE', *, *, #8950, .F. ) ;
#2430 = ORIENTED_EDGE ( 'NONE', *, *, #9679, .T. ) ;
#2431 = EDGE_CURVE ( 'NONE', #1973, #7722, #8045, .T. ) ;
#2432 = SURFACE_STYLE_FILL_AREA ( #9203 ) ;
#2433 = DIRECTION ( 'NONE',  ( 1.084202172485505026E-15, 0.000000000000000000, -1.000000000000000000 ) ) ;
#2434 = DIRECTION ( 'NONE',  ( 0.000000000000000000, 0.000000000000000000, -1.000000000000000000 ) ) ;
#2435 = DIRECTION ( 'NONE',  ( -2.040851148208000110E-15, 0.000000000000000000, 1.000000000000000000 ) ) ;
#2436 = STYLED_ITEM ( 'NONE', ( #6765 ), #8423 ) ;
#2437 = FILL_AREA_STYLE ('',( #8704 ) ) ;
#2438 = DIRECTION ( 'NONE',  ( 0.000000000000000000, 0.000000000000000000, -1.000000000000000000 ) ) ;
#2439 = SURFACE_STYLE_USAGE ( .BOTH. , #9132 ) ;
#2440 = ORIENTED_EDGE ( 'NONE', *, *, #8601, .T. ) ;
#2441 = PRESENTATION_STYLE_ASSIGNMENT (( #7193 ) ) ;
#2442 = EDGE_CURVE ( 'NONE', #7460, #1090, #2345, .T. ) ;
#2443 = VERTEX_POINT ( 'NONE', #5793 ) ;
#2444 = DIRECTION ( 'NONE',  ( 0.000000000000000000, 0.000000000000000000, -1.000000000000000000 ) ) ;
#2445 = ORIENTED_EDGE ( 'NONE', *, *, #2511, .F. ) ;
#2446 = DIRECTION ( 'NONE',  ( 0.000000000000000000, 0.000000000000000000, -1.000000000000000000 ) ) ;
#2447 = DIRECTION ( 'NONE',  ( 0.000000000000000000, 0.000000000000000000, -1.000000000000000000 ) ) ;
#2448 = EDGE_CURVE ( 'NONE', #3977, #4217, #7978, .T. ) ;
#2449 = SURFACE_STYLE_USAGE ( .BOTH. , #8571 ) ;
#2450 = STYLED_ITEM ( 'NONE', ( #1401 ), #1387 ) ;
#2451 = SURFACE_SIDE_STYLE ('',( #7702 ) ) ;
#2452 = EDGE_CURVE ( 'NONE', #9038, #427, #7642, .T. ) ;
#2453 =( GEOMETRIC_REPRESENTATION_CONTEXT ( 3 ) GLOBAL_UNCERTAINTY_ASSIGNED_CONTEXT ( ( #3918 ) ) GLOBAL_UNIT_ASSIGNED_CONTEXT ( ( #5973, #1463, #1309 ) ) REPRESENTATION_CONTEXT ( 'NONE', 'WORKASPACE' ) );
#2454 = DIRECTION ( 'NONE',  ( 0.000000000000000000, 1.000000000000000000, 0.000000000000000000 ) ) ;
#2455 = DIRECTION ( 'NONE',  ( -0.000000000000000000, -1.000000000000000000, -0.000000000000000000 ) ) ;
#2456 = COLOUR_RGB ( '',0.7529411764705882248, 0.7529411764705882248, 0.7529411764705882248 ) ;
#2457 = ORIENTED_EDGE ( 'NONE', *, *, #2877, .T. ) ;
#2458 = STYLED_ITEM ( 'NONE', ( #4674 ), #3748 ) ;
#2459 = FILL_AREA_STYLE_COLOUR ( '', #9541 ) ;
#2460 =( GEOMETRIC_REPRESENTATION_CONTEXT ( 3 ) GLOBAL_UNCERTAINTY_ASSIGNED_CONTEXT ( ( #3846 ) ) GLOBAL_UNIT_ASSIGNED_CONTEXT ( ( #3255, #5624, #2634 ) ) REPRESENTATION_CONTEXT ( 'NONE', 'WORKASPACE' ) );
#2461 = CARTESIAN_POINT ( 'NONE',  ( 15.25000000000000178, -1.084202172485504434E-16, -9.500000000000000000 ) ) ;
#2462 = CARTESIAN_POINT ( 'NONE',  ( 0.8000000000000004885, 3.649999999999999911, -7.000000000000000000 ) ) ;
#2463 =( LENGTH_UNIT ( ) NAMED_UNIT ( * ) SI_UNIT ( .MILLI., .METRE. ) );
#2464 = CARTESIAN_POINT ( 'NONE',  ( 19.65000000000000213, 3.649999999999999911, -6.200000000000000178 ) ) ;
#2465 =( LENGTH_UNIT ( ) NAMED_UNIT ( * ) SI_UNIT ( .MILLI., .METRE. ) );
#2466 = ORIENTED_EDGE ( 'NONE', *, *, #894, .T. ) ;
#2467 = ORIENTED_EDGE ( 'NONE', *, *, #3833, .F. ) ;
#2468 =( NAMED_UNIT ( * ) PLANE_ANGLE_UNIT ( ) SI_UNIT ( $, .RADIAN. ) );
#2469 = VECTOR ( 'NONE', #6028, 1000.000000000000000 ) ;
#2470 = AXIS2_PLACEMENT_3D ( 'NONE', #2855, #7485, #2038 ) ;
#2471 = PLANE ( 'NONE',  #1684 ) ;
#2472 =( NAMED_UNIT ( * ) SI_UNIT ( $, .STERADIAN. ) SOLID_ANGLE_UNIT ( ) );
#2473 = SURFACE_STYLE_USAGE ( .BOTH. , #8607 ) ;
#2474 = CARTESIAN_POINT ( 'NONE',  ( 0.8000000000000004885, 3.050000000000000266, -7.000000000000000000 ) ) ;
#2475 = DIRECTION ( 'NONE',  ( 0.000000000000000000, -0.000000000000000000, -1.000000000000000000 ) ) ;
#2476 = AXIS2_PLACEMENT_3D ( 'NONE', #1713, #7068, #8613 ) ;
#2477 = COLOUR_RGB ( '',0.7529411764705882248, 0.7529411764705882248, 0.7529411764705882248 ) ;
#2478 = DIRECTION ( 'NONE',  ( 0.000000000000000000, 0.000000000000000000, -1.000000000000000000 ) ) ;
#2479 = PRESENTATION_LAYER_ASSIGNMENT (  '', '', ( #6668 ) ) ;
#2480 =( NAMED_UNIT ( * ) SI_UNIT ( $, .STERADIAN. ) SOLID_ANGLE_UNIT ( ) );
#2481 = ORIENTED_EDGE ( 'NONE', *, *, #2624, .F. ) ;
#2482 = SHAPE_DEFINITION_REPRESENTATION ( #2360, #435 ) ;
#2483 = ORIENTED_EDGE ( 'NONE', *, *, #4414, .T. ) ;
#2484 =( NAMED_UNIT ( * ) PLANE_ANGLE_UNIT ( ) SI_UNIT ( $, .RADIAN. ) );
#2485 = SURFACE_STYLE_FILL_AREA ( #6923 ) ;
#2486 = STYLED_ITEM ( 'NONE', ( #4691 ), #6210 ) ;
#2487 = FILL_AREA_STYLE ('',( #720 ) ) ;
#2488 = COLOUR_RGB ( '',0.7529411764705882248, 0.7529411764705882248, 0.7529411764705882248 ) ;
#2489 = MECHANICAL_DESIGN_GEOMETRIC_PRESENTATION_REPRESENTATION (  '', ( #3797 ), #9696 ) ;
#2490 =( GEOMETRIC_REPRESENTATION_CONTEXT ( 3 ) GLOBAL_UNCERTAINTY_ASSIGNED_CONTEXT ( ( #7430 ) ) GLOBAL_UNIT_ASSIGNED_CONTEXT ( ( #6403, #7004, #195 ) ) REPRESENTATION_CONTEXT ( 'NONE', 'WORKASPACE' ) );
#2491 = PRESENTATION_STYLE_ASSIGNMENT (( #8555 ) ) ;
#2492 = UNCERTAINTY_MEASURE_WITH_UNIT (LENGTH_MEASURE( 1.000000000000000082E-05 ), #6018, 'distance_accuracy_value', 'NONE');
#2493 = FILL_AREA_STYLE_COLOUR ( '', #2477 ) ;
#2494 = EDGE_CURVE ( 'NONE', #7614, #5661, #5279, .T. ) ;
#2495 = SURFACE_STYLE_USAGE ( .BOTH. , #1669 ) ;
#2496 = STYLED_ITEM ( 'NONE', ( #622 ), #836 ) ;
#2497 = PLANE ( 'NONE',  #7964 ) ;
#2498 = STYLED_ITEM ( 'NONE', ( #8043 ), #9628 ) ;
#2499 = DIRECTION ( 'NONE',  ( 0.000000000000000000, -0.000000000000000000, 1.000000000000000000 ) ) ;
#2500 = EDGE_LOOP ( 'NONE', ( #4516, #8886, #1052, #4464, #8189 ) ) ;
#2501 =( GEOMETRIC_REPRESENTATION_CONTEXT ( 3 ) GLOBAL_UNCERTAINTY_ASSIGNED_CONTEXT ( ( #8038 ) ) GLOBAL_UNIT_ASSIGNED_CONTEXT ( ( #5286, #5330, #1485 ) ) REPRESENTATION_CONTEXT ( 'NONE', 'WORKASPACE' ) );
#2502 = STYLED_ITEM ( 'NONE', ( #9396 ), #2069 ) ;
#2503 =( GEOMETRIC_REPRESENTATION_CONTEXT ( 3 ) GLOBAL_UNCERTAINTY_ASSIGNED_CONTEXT ( ( #9519 ) ) GLOBAL_UNIT_ASSIGNED_CONTEXT ( ( #4777, #5669, #8622 ) ) REPRESENTATION_CONTEXT ( 'NONE', 'WORKASPACE' ) );
#2504 = VERTEX_POINT ( 'NONE', #3841 ) ;
#2505 = CARTESIAN_POINT ( 'NONE',  ( 0.8000000000000004885, 3.649999999999999911, -6.200000000000000178 ) ) ;
#2506 = VERTEX_POINT ( 'NONE', #6738 ) ;
#2507 = MECHANICAL_DESIGN_GEOMETRIC_PRESENTATION_REPRESENTATION (  '', ( #2992 ), #8907 ) ;
#2508 =( GEOMETRIC_REPRESENTATION_CONTEXT ( 3 ) GLOBAL_UNCERTAINTY_ASSIGNED_CONTEXT ( ( #2710 ) ) GLOBAL_UNIT_ASSIGNED_CONTEXT ( ( #948, #9494, #6411 ) ) REPRESENTATION_CONTEXT ( 'NONE', 'WORKASPACE' ) );
#2509 = FILL_AREA_STYLE ('',( #6340 ) ) ;
#2510 = UNCERTAINTY_MEASURE_WITH_UNIT (LENGTH_MEASURE( 1.000000000000000082E-05 ), #7900, 'distance_accuracy_value', 'NONE');
#2511 = EDGE_CURVE ( 'NONE', #5895, #5848, #4567, .T. ) ;
#2512 = SURFACE_STYLE_USAGE ( .BOTH. , #4977 ) ;
#2513 = STYLED_ITEM ( 'NONE', ( #1626 ), #2729 ) ;
#2514 = CARTESIAN_POINT ( 'NONE',  ( 22.39999999999999858, 4.499999999999999112, -3.200000000000000178 ) ) ;
#2515 = ADVANCED_FACE ( 'NONE', ( #7593 ), #5946, .T. ) ;
#2516 = STYLED_ITEM ( 'NONE', ( #9841 ), #7785 ) ;
#2517 = ORIENTED_EDGE ( 'NONE', *, *, #6091, .T. ) ;
#2518 =( LENGTH_UNIT ( ) NAMED_UNIT ( * ) SI_UNIT ( .MILLI., .METRE. ) );
#2519 = DIRECTION ( 'NONE',  ( -0.000000000000000000, -1.000000000000000000, -0.000000000000000000 ) ) ;
#2520 = AXIS2_PLACEMENT_3D ( 'NONE', #3811, #9907, #1604 ) ;
#2521 = EDGE_CURVE ( 'NONE', #968, #5443, #2088, .T. ) ;
#2522 =( GEOMETRIC_REPRESENTATION_CONTEXT ( 3 ) GLOBAL_UNCERTAINTY_ASSIGNED_CONTEXT ( ( #6036 ) ) GLOBAL_UNIT_ASSIGNED_CONTEXT ( ( #3768, #5885, #3716 ) ) REPRESENTATION_CONTEXT ( 'NONE', 'WORKASPACE' ) );
#2523 =( NAMED_UNIT ( * ) SI_UNIT ( $, .STERADIAN. ) SOLID_ANGLE_UNIT ( ) );
#2524 = CARTESIAN_POINT ( 'NONE',  ( 2.150000000000000355, -1.084202172485504434E-16, -9.500000000000000000 ) ) ;
#2525 = SURFACE_STYLE_USAGE ( .BOTH. , #5540 ) ;
#2526 = SURFACE_STYLE_FILL_AREA ( #4088 ) ;
#2527 = SURFACE_SIDE_STYLE ('',( #3384 ) ) ;
#2528 = ORIENTED_EDGE ( 'NONE', *, *, #8520, .F. ) ;
#2529 = ORIENTED_EDGE ( 'NONE', *, *, #6266, .T. ) ;
#2530 = DIRECTION ( 'NONE',  ( 0.000000000000000000, -1.000000000000000000, 0.000000000000000000 ) ) ;
#2531 = MECHANICAL_DESIGN_GEOMETRIC_PRESENTATION_REPRESENTATION (  '', ( #6870 ), #4787 ) ;
#2532 = LINE ( 'NONE', #9401, #7365 ) ;
#2533 = EDGE_CURVE ( 'NONE', #366, #291, #8286, .T. ) ;
#2534 = SURFACE_STYLE_FILL_AREA ( #203 ) ;
#2535 = FILL_AREA_STYLE_COLOUR ( '', #8160 ) ;
#2536 =( GEOMETRIC_REPRESENTATION_CONTEXT ( 3 ) GLOBAL_UNCERTAINTY_ASSIGNED_CONTEXT ( ( #1067 ) ) GLOBAL_UNIT_ASSIGNED_CONTEXT ( ( #23, #2996, #9255 ) ) REPRESENTATION_CONTEXT ( 'NONE', 'WORKASPACE' ) );
#2537 = CARTESIAN_POINT ( 'NONE',  ( 4.950000000000000178, 0.000000000000000000, -9.500000000000000000 ) ) ;
#2538 = VECTOR ( 'NONE', #3692, 1000.000000000000000 ) ;
#2539 =( NAMED_UNIT ( * ) PLANE_ANGLE_UNIT ( ) SI_UNIT ( $, .RADIAN. ) );
#2540 = SURFACE_STYLE_FILL_AREA ( #9407 ) ;
#2541 = ORIENTED_EDGE ( 'NONE', *, *, #1531, .F. ) ;
#2542 = VERTEX_POINT ( 'NONE', #1381 ) ;
#2543 = PRESENTATION_LAYER_ASSIGNMENT (  '', '', ( #1234 ) ) ;
#2544 = SURFACE_SIDE_STYLE ('',( #4204 ) ) ;
#2545 = DIRECTION ( 'NONE',  ( -1.000000000000000000, -0.000000000000000000, -0.000000000000000000 ) ) ;
#2546 = DIRECTION ( 'NONE',  ( 0.000000000000000000, 1.000000000000000000, 0.000000000000000000 ) ) ;
#2547 =( NAMED_UNIT ( * ) PLANE_ANGLE_UNIT ( ) SI_UNIT ( $, .RADIAN. ) );
#2548 = FILL_AREA_STYLE_COLOUR ( '', #7938 ) ;
#2549 = ORIENTED_EDGE ( 'NONE', *, *, #1398, .F. ) ;
#2550 = ORIENTED_EDGE ( 'NONE', *, *, #2806, .F. ) ;
#2551 =( NAMED_UNIT ( * ) PLANE_ANGLE_UNIT ( ) SI_UNIT ( $, .RADIAN. ) );
#2552 = SURFACE_STYLE_USAGE ( .BOTH. , #1771 ) ;
#2553 = FILL_AREA_STYLE_COLOUR ( '', #8870 ) ;
#2554 =( NAMED_UNIT ( * ) SI_UNIT ( $, .STERADIAN. ) SOLID_ANGLE_UNIT ( ) );
#2555 = SURFACE_SIDE_STYLE ('',( #9433 ) ) ;
#2556 = ORIENTED_EDGE ( 'NONE', *, *, #3561, .T. ) ;
#2557 = ORIENTED_EDGE ( 'NONE', *, *, #2885, .F. ) ;
#2558 = EDGE_CURVE ( 'NONE', #2734, #9502, #7547, .T. ) ;
#2559 = FACE_OUTER_BOUND ( 'NONE', #3664, .T. ) ;
#2560 = EDGE_CURVE ( 'NONE', #6117, #5196, #1545, .T. ) ;
#2561 = DIRECTION ( 'NONE',  ( -1.000000000000000000, 0.000000000000000000, -2.040851148208000110E-15 ) ) ;
#2562 = DIRECTION ( 'NONE',  ( -1.000000000000000000, -0.000000000000000000, 0.000000000000000000 ) ) ;
#2563 = FILL_AREA_STYLE ('',( #3339 ) ) ;
#2564 =( NAMED_UNIT ( * ) PLANE_ANGLE_UNIT ( ) SI_UNIT ( $, .RADIAN. ) );
#2565 = SURFACE_SIDE_STYLE ('',( #9446 ) ) ;
#2566 = ORIENTED_EDGE ( 'NONE', *, *, #7438, .T. ) ;
#2567 = ORIENTED_EDGE ( 'NONE', *, *, #3497, .T. ) ;
#2568 = FILL_AREA_STYLE ('',( #990 ) ) ;
#2569 = EDGE_CURVE ( 'NONE', #366, #480, #6096, .T. ) ;
#2570 = CARTESIAN_POINT ( 'NONE',  ( 7.750000000000000000, -1.084202172485504434E-16, -0.4000000000000010214 ) ) ;
#2571 = SURFACE_STYLE_FILL_AREA ( #2805 ) ;
#2572 = EDGE_CURVE ( 'NONE', #8710, #3270, #733, .T. ) ;
#2573 = FILL_AREA_STYLE_COLOUR ( '', #7520 ) ;
#2574 = PRESENTATION_STYLE_ASSIGNMENT (( #6413 ) ) ;
#2575 = COLOUR_RGB ( '',0.7529411764705882248, 0.7529411764705882248, 0.7529411764705882248 ) ;
#2576 = CARTESIAN_POINT ( 'NONE',  ( 17.75000000000000000, -1.084202172485504434E-16, -8.900000000000000355 ) ) ;
#2577 = DIRECTION ( 'NONE',  ( 1.000000000000000000, -0.000000000000000000, -0.000000000000000000 ) ) ;
#2578 = ADVANCED_FACE ( 'NONE', ( #9077 ), #9824, .F. ) ;
#2579 = DIRECTION ( 'NONE',  ( 0.000000000000000000, 0.000000000000000000, 1.000000000000000000 ) ) ;
#2580 = VERTEX_POINT ( 'NONE', #7734 ) ;
#2581 = ORIENTED_EDGE ( 'NONE', *, *, #5470, .F. ) ;
#2582 = VECTOR ( 'NONE', #8352, 1000.000000000000000 ) ;
#2583 = DIRECTION ( 'NONE',  ( 0.000000000000000000, 0.000000000000000000, 1.000000000000000000 ) ) ;
#2584 =( LENGTH_UNIT ( ) NAMED_UNIT ( * ) SI_UNIT ( .MILLI., .METRE. ) );
#2585 = FILL_AREA_STYLE ('',( #3360 ) ) ;
#2586 = UNCERTAINTY_MEASURE_WITH_UNIT (LENGTH_MEASURE( 1.000000000000000082E-05 ), #3016, 'distance_accuracy_value', 'NONE');
#2587 = CARTESIAN_POINT ( 'NONE',  ( 10.25000000000000000, 2.450000000000000178, -8.300000000000000711 ) ) ;
#2588 = DIRECTION ( 'NONE',  ( 0.000000000000000000, 0.000000000000000000, -1.000000000000000000 ) ) ;
#2589 = CARTESIAN_POINT ( 'NONE',  ( 17.75000000000000000, 3.649999999999999911, -0.2000000000000000111 ) ) ;
#2590 =( GEOMETRIC_REPRESENTATION_CONTEXT ( 3 ) GLOBAL_UNCERTAINTY_ASSIGNED_CONTEXT ( ( #3509 ) ) GLOBAL_UNIT_ASSIGNED_CONTEXT ( ( #6326, #6845, #8388 ) ) REPRESENTATION_CONTEXT ( 'NONE', 'WORKASPACE' ) );
#2591 = DIRECTION ( 'NONE',  ( -1.000000000000000000, 0.000000000000000000, 0.000000000000000000 ) ) ;
#2592 = ORIENTED_EDGE ( 'NONE', *, *, #1087, .F. ) ;
#2593 = EDGE_LOOP ( 'NONE', ( #6737, #4454, #1353, #7641 ) ) ;
#2594 = SURFACE_STYLE_FILL_AREA ( #3701 ) ;
#2595 = LINE ( 'NONE', #8774, #9854 ) ;
#2596 = VECTOR ( 'NONE', #5203, 1000.000000000000000 ) ;
#2597 = FACE_OUTER_BOUND ( 'NONE', #7545, .T. ) ;
#2598 = UNCERTAINTY_MEASURE_WITH_UNIT (LENGTH_MEASURE( 1.000000000000000082E-05 ), #4511, 'distance_accuracy_value', 'NONE');
#2599 = ORIENTED_EDGE ( 'NONE', *, *, #6488, .T. ) ;
#2600 = COLOUR_RGB ( '',0.7529411764705882248, 0.7529411764705882248, 0.7529411764705882248 ) ;
#2601 = VERTEX_POINT ( 'NONE', #4780 ) ;
#2602 = AXIS2_PLACEMENT_3D ( 'NONE', #7948, #7055, #5449 ) ;
#2603 = CARTESIAN_POINT ( 'NONE',  ( 5.250000000000000000, 3.649999999999999911, -0.2000000000000000111 ) ) ;
#2604 = AXIS2_PLACEMENT_3D ( 'NONE', #3844, #5899, #8933 ) ;
#2605 = EDGE_CURVE ( 'NONE', #7299, #9616, #3923, .T. ) ;
#2606 = COLOUR_RGB ( '',0.7529411764705882248, 0.7529411764705882248, 0.7529411764705882248 ) ;
#2607 =( NAMED_UNIT ( * ) PLANE_ANGLE_UNIT ( ) SI_UNIT ( $, .RADIAN. ) );
#2608 = DIRECTION ( 'NONE',  ( 0.000000000000000000, 0.000000000000000000, -1.000000000000000000 ) ) ;
#2609 = FACE_OUTER_BOUND ( 'NONE', #9752, .T. ) ;
#2610 = EDGE_LOOP ( 'NONE', ( #4091, #2801, #2255, #9219, #8348 ) ) ;
#2611 = ORIENTED_EDGE ( 'NONE', *, *, #2133, .F. ) ;
#2612 = DIRECTION ( 'NONE',  ( 0.000000000000000000, 0.000000000000000000, -1.000000000000000000 ) ) ;
#2613 = DIRECTION ( 'NONE',  ( 0.000000000000000000, 0.000000000000000000, 1.000000000000000000 ) ) ;
#2614 = CARTESIAN_POINT ( 'NONE',  ( 3.449999999999999734, 6.099999999999999645, -3.699999999999999734 ) ) ;
#2615 =( GEOMETRIC_REPRESENTATION_CONTEXT ( 3 ) GLOBAL_UNCERTAINTY_ASSIGNED_CONTEXT ( ( #3730 ) ) GLOBAL_UNIT_ASSIGNED_CONTEXT ( ( #6769, #2074, #1162 ) ) REPRESENTATION_CONTEXT ( 'NONE', 'WORKASPACE' ) );
#2616 = VECTOR ( 'NONE', #7425, 1000.000000000000000 ) ;
#2617 =( NAMED_UNIT ( * ) PLANE_ANGLE_UNIT ( ) SI_UNIT ( $, .RADIAN. ) );
#2618 = EDGE_CURVE ( 'NONE', #1581, #6563, #6333, .T. ) ;
#2619 =( NAMED_UNIT ( * ) SI_UNIT ( $, .STERADIAN. ) SOLID_ANGLE_UNIT ( ) );
#2620 = CARTESIAN_POINT ( 'NONE',  ( 2.150000000000000355, 2.450000000000000178, -8.900000000000000355 ) ) ;
#2621 = DIRECTION ( 'NONE',  ( 1.000000000000000000, 0.000000000000000000, 0.000000000000000000 ) ) ;
#2622 = ORIENTED_EDGE ( 'NONE', *, *, #6278, .T. ) ;
#2623 = ORIENTED_EDGE ( 'NONE', *, *, #6890, .F. ) ;
#2624 = EDGE_CURVE ( 'NONE', #9674, #1450, #1770, .T. ) ;
#2625 = STYLED_ITEM ( 'NONE', ( #4466 ), #3887 ) ;
#2626 = CARTESIAN_POINT ( 'NONE',  ( 5.250000000000000000, -1.084202172485504434E-16, -8.900000000000000355 ) ) ;
#2627 = CARTESIAN_POINT ( 'NONE',  ( 17.75000000000000000, 3.649999999999999911, -6.200000000000000178 ) ) ;
#2628 =( GEOMETRIC_REPRESENTATION_CONTEXT ( 3 ) GLOBAL_UNCERTAINTY_ASSIGNED_CONTEXT ( ( #1589 ) ) GLOBAL_UNIT_ASSIGNED_CONTEXT ( ( #2134, #6776, #9875 ) ) REPRESENTATION_CONTEXT ( 'NONE', 'WORKASPACE' ) );
#2629 = EDGE_CURVE ( 'NONE', #8431, #6622, #5627, .T. ) ;
#2630 = LINE ( 'NONE', #1915, #2098 ) ;
#2631 = LINE ( 'NONE', #4162, #3151 ) ;
#2632 = DIRECTION ( 'NONE',  ( 0.000000000000000000, -1.000000000000000000, 0.000000000000000000 ) ) ;
#2633 = LINE ( 'NONE', #1116, #4094 ) ;
#2634 =( NAMED_UNIT ( * ) SI_UNIT ( $, .STERADIAN. ) SOLID_ANGLE_UNIT ( ) );
#2635 = ORIENTED_EDGE ( 'NONE', *, *, #5534, .F. ) ;
#2636 = CARTESIAN_POINT ( 'NONE',  ( 7.750000000000000000, 3.450000000000000178, -0.2000000000000000111 ) ) ;
#2637 = ORIENTED_EDGE ( 'NONE', *, *, #3188, .F. ) ;
#2638 = FILL_AREA_STYLE ('',( #1824 ) ) ;
#2639 =( GEOMETRIC_REPRESENTATION_CONTEXT ( 3 ) GLOBAL_UNCERTAINTY_ASSIGNED_CONTEXT ( ( #5023 ) ) GLOBAL_UNIT_ASSIGNED_CONTEXT ( ( #9903, #3697, #3082 ) ) REPRESENTATION_CONTEXT ( 'NONE', 'WORKASPACE' ) );
#2640 = STYLED_ITEM ( 'NONE', ( #5089 ), #4350 ) ;
#2641 = LINE ( 'NONE', #8035, #5198 ) ;
#2642 = VECTOR ( 'NONE', #9497, 1000.000000000000227 ) ;
#2643 = SURFACE_STYLE_FILL_AREA ( #4172 ) ;
#2644 = EDGE_CURVE ( 'NONE', #5978, #2795, #7131, .T. ) ;
#2645 = PRESENTATION_LAYER_ASSIGNMENT (  '', '', ( #2804 ) ) ;
#2646 = DIRECTION ( 'NONE',  ( 0.000000000000000000, -0.7071067811865496822, 0.7071067811865453523 ) ) ;
#2647 = FILL_AREA_STYLE ('',( #3372 ) ) ;
#2648 = AXIS2_PLACEMENT_3D ( 'NONE', #1289, #686, #2918 ) ;
#2649 = COLOUR_RGB ( '',0.7529411764705882248, 0.7529411764705882248, 0.7529411764705882248 ) ;
#2650 = CIRCLE ( 'NONE', #8276, 0.5999999999999998668 ) ;
#2651 = COLOUR_RGB ( '',0.7529411764705882248, 0.7529411764705882248, 0.7529411764705882248 ) ;
#2652 = ORIENTED_EDGE ( 'NONE', *, *, #8177, .F. ) ;
#2653 = LINE ( 'NONE', #7791, #5474 ) ;
#2654 = PRESENTATION_LAYER_ASSIGNMENT (  '', '', ( #6999 ) ) ;
#2655 = CIRCLE ( 'NONE', #2814, 0.5999999999999998668 ) ;
#2656 = ORIENTED_EDGE ( 'NONE', *, *, #973, .F. ) ;
#2657 = DIRECTION ( 'NONE',  ( 0.000000000000000000, 1.000000000000000000, 0.000000000000000000 ) ) ;
#2658 = PRESENTATION_LAYER_ASSIGNMENT (  '', '', ( #3637 ) ) ;
#2659 = VECTOR ( 'NONE', #6259, 1000.000000000000000 ) ;
#2660 = VECTOR ( 'NONE', #5303, 1000.000000000000000 ) ;
#2661 = FILL_AREA_STYLE ('',( #8643 ) ) ;
#2662 = SURFACE_STYLE_FILL_AREA ( #68 ) ;
#2663 = AXIS2_PLACEMENT_3D ( 'NONE', #7176, #4104, #1659 ) ;
#2664 = COLOUR_RGB ( '',0.7529411764705882248, 0.7529411764705882248, 0.7529411764705882248 ) ;
#2665 = DIRECTION ( 'NONE',  ( 0.000000000000000000, -0.000000000000000000, -1.000000000000000000 ) ) ;
#2666 = CARTESIAN_POINT ( 'NONE',  ( 12.45000000000000107, 0.000000000000000000, -9.199999999999999289 ) ) ;
#2667 = LINE ( 'NONE', #8940, #9867 ) ;
#2668 = EDGE_LOOP ( 'NONE', ( #1100, #1476, #3365 ) ) ;
#2669 = EDGE_LOOP ( 'NONE', ( #9671, #9466, #1266, #4991 ) ) ;
#2670 = CARTESIAN_POINT ( 'NONE',  ( 20.40000000000000213, 5.299999999999998934, -0.5000000000000002220 ) ) ;
#2671 = AXIS2_PLACEMENT_3D ( 'NONE', #2670, #8105, #7513 ) ;
#2672 = PLANE ( 'NONE',  #8277 ) ;
#2673 = COLOUR_RGB ( '',0.7529411764705882248, 0.7529411764705882248, 0.7529411764705882248 ) ;
#2674 = LINE ( 'NONE', #8992, #854 ) ;
#2675 = EDGE_LOOP ( 'NONE', ( #4391, #7335, #597, #8874 ) ) ;
#2676 = VERTEX_POINT ( 'NONE', #7777 ) ;
#2677 = EDGE_CURVE ( 'NONE', #9425, #6274, #7083, .T. ) ;
#2678 = DIRECTION ( 'NONE',  ( -0.7071067811865465735, 0.000000000000000000, 0.7071067811865483499 ) ) ;
#2679 = VECTOR ( 'NONE', #5407, 1000.000000000000114 ) ;
#2680 = CARTESIAN_POINT ( 'NONE',  ( 17.75000000000000000, 3.050000000000000266, -6.200000000000000178 ) ) ;
#2681 = UNCERTAINTY_MEASURE_WITH_UNIT (LENGTH_MEASURE( 1.000000000000000082E-05 ), #7669, 'distance_accuracy_value', 'NONE');
#2682 = EDGE_CURVE ( 'NONE', #6820, #9156, #3109, .T. ) ;
#2683 = SURFACE_STYLE_FILL_AREA ( #5871 ) ;
#2684 = CARTESIAN_POINT ( 'NONE',  ( 2.450000000000000178, 0.000000000000000000, -9.199999999999999289 ) ) ;
#2685 = SURFACE_STYLE_USAGE ( .BOTH. , #4352 ) ;
#2686 = CARTESIAN_POINT ( 'NONE',  ( 2.616666666666666696, 3.183333333333333570, -0.2666666666666667185 ) ) ;
#2687 = ORIENTED_EDGE ( 'NONE', *, *, #5092, .F. ) ;
#2688 = ORIENTED_EDGE ( 'NONE', *, *, #7210, .T. ) ;
#2689 = EDGE_LOOP ( 'NONE', ( #1558, #8815, #1002, #6528 ) ) ;
#2690 = FILL_AREA_STYLE_COLOUR ( '', #8324 ) ;
#2691 = LINE ( 'NONE', #3564, #9035 ) ;
#2692 = EDGE_CURVE ( 'NONE', #6660, #1625, #6184, .T. ) ;
#2693 = FACE_OUTER_BOUND ( 'NONE', #183, .T. ) ;
#2694 =( LENGTH_UNIT ( ) NAMED_UNIT ( * ) SI_UNIT ( .MILLI., .METRE. ) );
#2695 = UNCERTAINTY_MEASURE_WITH_UNIT (LENGTH_MEASURE( 1.000000000000000082E-05 ), #9501, 'distance_accuracy_value', 'NONE');
#2696 = FACE_OUTER_BOUND ( 'NONE', #8420, .T. ) ;
#2697 = AXIS2_PLACEMENT_3D ( 'NONE', #8701, #7272, #3446 ) ;
#2698 = SURFACE_STYLE_FILL_AREA ( #9581 ) ;
#2699 = ORIENTED_EDGE ( 'NONE', *, *, #3615, .T. ) ;
#2700 = EDGE_CURVE ( 'NONE', #7883, #5080, #95, .T. ) ;
#2701 = CARTESIAN_POINT ( 'NONE',  ( 1.999999999999998224, 5.299999999999998934, -0.2000000000000018152 ) ) ;
#2702 = DIRECTION ( 'NONE',  ( 0.000000000000000000, 0.000000000000000000, -1.000000000000000000 ) ) ;
#2703 = ORIENTED_EDGE ( 'NONE', *, *, #8831, .F. ) ;
#2704 = COLOUR_RGB ( '',0.7529411764705882248, 0.7529411764705882248, 0.7529411764705882248 ) ;
#2705 = DIRECTION ( 'NONE',  ( 0.000000000000000000, -0.000000000000000000, 1.000000000000000000 ) ) ;
#2706 = CARTESIAN_POINT ( 'NONE',  ( 7.750000000000000000, 3.050000000000000266, -8.300000000000000711 ) ) ;
#2707 =( NAMED_UNIT ( * ) PLANE_ANGLE_UNIT ( ) SI_UNIT ( $, .RADIAN. ) );
#2708 =( NAMED_UNIT ( * ) PLANE_ANGLE_UNIT ( ) SI_UNIT ( $, .RADIAN. ) );
#2709 =( LENGTH_UNIT ( ) NAMED_UNIT ( * ) SI_UNIT ( .MILLI., .METRE. ) );
#2710 = UNCERTAINTY_MEASURE_WITH_UNIT (LENGTH_MEASURE( 1.000000000000000082E-05 ), #948, 'distance_accuracy_value', 'NONE');
#2711 = DIRECTION ( 'NONE',  ( 0.000000000000000000, -0.000000000000000000, 1.000000000000000000 ) ) ;
#2712 = SURFACE_SIDE_STYLE ('',( #7297 ) ) ;
#2713 = ORIENTED_EDGE ( 'NONE', *, *, #5928, .T. ) ;
#2714 = SURFACE_SIDE_STYLE ('',( #4385 ) ) ;
#2715 = DIRECTION ( 'NONE',  ( 0.000000000000000000, 1.000000000000000000, 0.000000000000000000 ) ) ;
#2716 = LINE ( 'NONE', #2576, #6149 ) ;
#2717 = DIRECTION ( 'NONE',  ( 0.000000000000000000, -1.000000000000000000, 0.000000000000000000 ) ) ;
#2718 = DIRECTION ( 'NONE',  ( -1.000000000000000000, 0.000000000000000000, 0.000000000000000000 ) ) ;
#2719 = LINE ( 'NONE', #6604, #6043 ) ;
#2720 = ORIENTED_EDGE ( 'NONE', *, *, #8811, .F. ) ;
#2721 = VERTEX_POINT ( 'NONE', #3259 ) ;
#2722 =( GEOMETRIC_REPRESENTATION_CONTEXT ( 3 ) GLOBAL_UNCERTAINTY_ASSIGNED_CONTEXT ( ( #5953 ) ) GLOBAL_UNIT_ASSIGNED_CONTEXT ( ( #9778, #8435, #7501 ) ) REPRESENTATION_CONTEXT ( 'NONE', 'WORKASPACE' ) );
#2723 = DIRECTION ( 'NONE',  ( 0.5773502691896241767, 0.5773502691896246208, 0.5773502691896282846 ) ) ;
#2725 = FILL_AREA_STYLE_COLOUR ( '', #8936 ) ;
#2724 = AXIS2_PLACEMENT_3D ( 'NONE', #7310, #9601, #2718 ) ;
#2726 = FILL_AREA_STYLE ('',( #3451 ) ) ;
#2727 = CARTESIAN_POINT ( 'NONE',  ( 19.65000000000000213, -1.084202172485504434E-16, -8.900000000000000355 ) ) ;
#2728 = CARTESIAN_POINT ( 'NONE',  ( 0.8000000000000000444, 5.299999999999998934, -3.199999999999997957 ) ) ;
#2729 = ADVANCED_FACE ( 'NONE', ( #7700 ), #4718, .T. ) ;
#2730 = CARTESIAN_POINT ( 'NONE',  ( 9.650000000000000355, -1.084202172485504434E-16, -8.900000000000000355 ) ) ;
#2731 = FACE_OUTER_BOUND ( 'NONE', #7850, .T. ) ;
#2732 = EDGE_LOOP ( 'NONE', ( #3809, #8285, #3015 ) ) ;
#2733 = ORIENTED_EDGE ( 'NONE', *, *, #1259, .T. ) ;
#2734 = VERTEX_POINT ( 'NONE', #3519 ) ;
#2735 = FACE_OUTER_BOUND ( 'NONE', #1405, .T. ) ;
#2736 = LINE ( 'NONE', #5826, #5538 ) ;
#2737 = CARTESIAN_POINT ( 'NONE',  ( 7.750000000000000000, 3.050000000000000266, -0.2000000000000000111 ) ) ;
#2738 =( NAMED_UNIT ( * ) PLANE_ANGLE_UNIT ( ) SI_UNIT ( $, .RADIAN. ) );
#2739 = AXIS2_PLACEMENT_3D ( 'NONE', #3404, #6521, #9463 ) ;
#2740 = CARTESIAN_POINT ( 'NONE',  ( 15.11666666666666714, 3.183333333333333570, -0.2666666666666664964 ) ) ;
#2741 = DIRECTION ( 'NONE',  ( 0.000000000000000000, -0.000000000000000000, -1.000000000000000000 ) ) ;
#2742 = EDGE_CURVE ( 'NONE', #6932, #1119, #2110, .T. ) ;
#2743 = ORIENTED_EDGE ( 'NONE', *, *, #7994, .T. ) ;
#2744 = DIRECTION ( 'NONE',  ( 0.000000000000000000, -1.000000000000000000, 0.000000000000000000 ) ) ;
#2745 =( NAMED_UNIT ( * ) PLANE_ANGLE_UNIT ( ) SI_UNIT ( $, .RADIAN. ) );
#2746 = ORIENTED_EDGE ( 'NONE', *, *, #8878, .F. ) ;
#2747 = ADVANCED_FACE ( 'NONE', ( #9572 ), #5965, .T. ) ;
#2748 = VECTOR ( 'NONE', #7823, 1000.000000000000000 ) ;
#2749 = FILL_AREA_STYLE_COLOUR ( '', #8129 ) ;
#2750 = DIRECTION ( 'NONE',  ( -1.000000000000000000, 0.000000000000000000, 0.000000000000000000 ) ) ;
#2751 = EDGE_CURVE ( 'NONE', #6713, #7972, #428, .T. ) ;
#2752 = SURFACE_SIDE_STYLE ('',( #305 ) ) ;
#2753 = SURFACE_STYLE_USAGE ( .BOTH. , #8246 ) ;
#2754 = DIRECTION ( 'NONE',  ( 1.000000000000000000, 0.000000000000000000, 0.000000000000000000 ) ) ;
#2755 =( NAMED_UNIT ( * ) PLANE_ANGLE_UNIT ( ) SI_UNIT ( $, .RADIAN. ) );
#2756 = PRESENTATION_STYLE_ASSIGNMENT (( #7350 ) ) ;
#2757 = PRESENTATION_STYLE_ASSIGNMENT (( #1098 ) ) ;
#2758 = VERTEX_POINT ( 'NONE', #7928 ) ;
#2759 =( NAMED_UNIT ( * ) SI_UNIT ( $, .STERADIAN. ) SOLID_ANGLE_UNIT ( ) );
#2760 = MECHANICAL_DESIGN_GEOMETRIC_PRESENTATION_REPRESENTATION (  '', ( #8854 ), #7107 ) ;
#2761 = EDGE_CURVE ( 'NONE', #60, #2845, #7524, .T. ) ;
#2762 = CARTESIAN_POINT ( 'NONE',  ( 4.650000000000000355, 3.649999999999999911, -0.2000000000000000111 ) ) ;
#2763 = CARTESIAN_POINT ( 'NONE',  ( 19.65000000000000213, 3.050000000000000266, -7.000000000000000000 ) ) ;
#2764 = COLOUR_RGB ( '',0.7529411764705882248, 0.7529411764705882248, 0.7529411764705882248 ) ;
#2765 = CARTESIAN_POINT ( 'NONE',  ( 2.750000000000000444, 3.649999999999999911, -0.4000000000000009104 ) ) ;
#2766 = DIRECTION ( 'NONE',  ( 0.000000000000000000, -0.000000000000000000, 1.000000000000000000 ) ) ;
#2767 = DIRECTION ( 'NONE',  ( -0.000000000000000000, 1.000000000000000000, -0.000000000000000000 ) ) ;
#2768 = ORIENTED_EDGE ( 'NONE', *, *, #4048, .T. ) ;
#2769 = ORIENTED_EDGE ( 'NONE', *, *, #5223, .T. ) ;
#2770 = MECHANICAL_DESIGN_GEOMETRIC_PRESENTATION_REPRESENTATION (  '', ( #7442 ), #5679 ) ;
#2771 = DIRECTION ( 'NONE',  ( 0.000000000000000000, 0.000000000000000000, -1.000000000000000000 ) ) ;
#2772 = FACE_OUTER_BOUND ( 'NONE', #1466, .T. ) ;
#2773 = UNCERTAINTY_MEASURE_WITH_UNIT (LENGTH_MEASURE( 1.000000000000000082E-05 ), #9415, 'distance_accuracy_value', 'NONE');
#2774 = SURFACE_STYLE_USAGE ( .BOTH. , #4963 ) ;
#2775 = PRESENTATION_LAYER_ASSIGNMENT (  '', '', ( #6482 ) ) ;
#2776 = LINE ( 'NONE', #7371, #3158 ) ;
#2777 = FACE_OUTER_BOUND ( 'NONE', #4581, .T. ) ;
#2778 = DIRECTION ( 'NONE',  ( -1.000000000000000000, -0.000000000000000000, -0.000000000000000000 ) ) ;
#2779 = PRESENTATION_STYLE_ASSIGNMENT (( #3709 ) ) ;
#2780 = ORIENTED_EDGE ( 'NONE', *, *, #2448, .F. ) ;
#2781 = FILL_AREA_STYLE_COLOUR ( '', #8290 ) ;
#2782 = ORIENTED_EDGE ( 'NONE', *, *, #5325, .T. ) ;
#2783 = ORIENTED_EDGE ( 'NONE', *, *, #3893, .F. ) ;
#2784 = LINE ( 'NONE', #6623, #4006 ) ;
#2785 = DIRECTION ( 'NONE',  ( -0.5773502691896259531, 0.5773502691896239547, 0.5773502691896273964 ) ) ;
#2786 = CARTESIAN_POINT ( 'NONE',  ( 9.650000000000000355, 2.450000000000000178, -8.900000000000000355 ) ) ;
#2787 = SURFACE_STYLE_USAGE ( .BOTH. , #623 ) ;
#2788 = COLOUR_RGB ( '',0.7529411764705882248, 0.7529411764705882248, 0.7529411764705882248 ) ;
#2789 = MECHANICAL_DESIGN_GEOMETRIC_PRESENTATION_REPRESENTATION (  '', ( #1978 ), #4096 ) ;
#2790 = SURFACE_STYLE_FILL_AREA ( #5886 ) ;
#2791 = UNCERTAINTY_MEASURE_WITH_UNIT (LENGTH_MEASURE( 1.000000000000000082E-05 ), #3394, 'distance_accuracy_value', 'NONE');
#2792 = FILL_AREA_STYLE ('',( #3526 ) ) ;
#2793 = COLOUR_RGB ( '',0.7529411764705882248, 0.7529411764705882248, 0.7529411764705882248 ) ;
#2794 = FILL_AREA_STYLE_COLOUR ( '', #2809 ) ;
#2795 = VERTEX_POINT ( 'NONE', #4925 ) ;
#2796 = CARTESIAN_POINT ( 'NONE',  ( 17.14999999999999858, -1.084202172485504434E-16, -9.500000000000000000 ) ) ;
#2797 = VECTOR ( 'NONE', #2778, 1000.000000000000000 ) ;
#2798 =( GEOMETRIC_REPRESENTATION_CONTEXT ( 3 ) GLOBAL_UNCERTAINTY_ASSIGNED_CONTEXT ( ( #1374 ) ) GLOBAL_UNIT_ASSIGNED_CONTEXT ( ( #1458, #1359, #5969 ) ) REPRESENTATION_CONTEXT ( 'NONE', 'WORKASPACE' ) );
#2799 =( GEOMETRIC_REPRESENTATION_CONTEXT ( 3 ) GLOBAL_UNCERTAINTY_ASSIGNED_CONTEXT ( ( #6133 ) ) GLOBAL_UNIT_ASSIGNED_CONTEXT ( ( #9108, #768, #1460 ) ) REPRESENTATION_CONTEXT ( 'NONE', 'WORKASPACE' ) );
#2800 = DIRECTION ( 'NONE',  ( 0.000000000000000000, 0.7071067811865453523, -0.7071067811865496822 ) ) ;
#2801 = ORIENTED_EDGE ( 'NONE', *, *, #7549, .T. ) ;
#2802 = CARTESIAN_POINT ( 'NONE',  ( 2.150000000000000355, 3.050000000000000266, -6.200000000000000178 ) ) ;
#2803 =( NAMED_UNIT ( * ) PLANE_ANGLE_UNIT ( ) SI_UNIT ( $, .RADIAN. ) );
#2804 = STYLED_ITEM ( 'NONE', ( #8922 ), #829 ) ;
#2806 = EDGE_CURVE ( 'NONE', #7794, #4190, #9470, .T. ) ;
#2805 = FILL_AREA_STYLE ('',( #3284 ) ) ;
#2807 = DIRECTION ( 'NONE',  ( 0.000000000000000000, -0.000000000000000000, -1.000000000000000000 ) ) ;
#2808 = COLOUR_RGB ( '',0.7529411764705882248, 0.7529411764705882248, 0.7529411764705882248 ) ;
#2809 = COLOUR_RGB ( '',0.7529411764705882248, 0.7529411764705882248, 0.7529411764705882248 ) ;
#2810 = MECHANICAL_DESIGN_GEOMETRIC_PRESENTATION_REPRESENTATION (  '', ( #3300 ), #1665 ) ;
#2811 = DIRECTION ( 'NONE',  ( -1.000000000000000000, -0.000000000000000000, -0.000000000000000000 ) ) ;
#2812 = FILL_AREA_STYLE_COLOUR ( '', #2488 ) ;
#2813 = ADVANCED_FACE ( 'NONE', ( #4218 ), #9797, .F. ) ;
#2814 = AXIS2_PLACEMENT_3D ( 'NONE', #1962, #8997, #2771 ) ;
#2815 =( LENGTH_UNIT ( ) NAMED_UNIT ( * ) SI_UNIT ( .MILLI., .METRE. ) );
#2816 = PLANE ( 'NONE',  #2292 ) ;
#2817 = UNCERTAINTY_MEASURE_WITH_UNIT (LENGTH_MEASURE( 1.000000000000000082E-05 ), #9786, 'distance_accuracy_value', 'NONE');
#2818 = MECHANICAL_DESIGN_GEOMETRIC_PRESENTATION_REPRESENTATION (  '', ( #7398 ), #4116 ) ;
#2819 = CARTESIAN_POINT ( 'NONE',  ( 5.250000000000000000, 3.050000000000000266, -8.300000000000000711 ) ) ;
#2820 = EDGE_LOOP ( 'NONE', ( #6888, #3041, #4285 ) ) ;
#2821 = PRESENTATION_LAYER_ASSIGNMENT (  '', '', ( #4287 ) ) ;
#2822 = CARTESIAN_POINT ( 'NONE',  ( 5.250000000000000000, 3.050000000000000266, -0.2000000000000000111 ) ) ;
#2823 = AXIS2_PLACEMENT_3D ( 'NONE', #8480, #6975, #2438 ) ;
#2824 = EDGE_CURVE ( 'NONE', #6084, #8850, #3187, .T. ) ;
#2825 = AXIS2_PLACEMENT_3D ( 'NONE', #9543, #1103, #3433 ) ;
#2826 = DIRECTION ( 'NONE',  ( 0.000000000000000000, 0.000000000000000000, -1.000000000000000000 ) ) ;
#2827 = PRESENTATION_LAYER_ASSIGNMENT (  '', '', ( #7180 ) ) ;
#2828 =( NAMED_UNIT ( * ) SI_UNIT ( $, .STERADIAN. ) SOLID_ANGLE_UNIT ( ) );
#2829 = CARTESIAN_POINT ( 'NONE',  ( 14.95000000000000107, -2.000000000000000000, -8.900000000000000355 ) ) ;
#2830 =( NAMED_UNIT ( * ) SI_UNIT ( $, .STERADIAN. ) SOLID_ANGLE_UNIT ( ) );
#2831 =( NAMED_UNIT ( * ) PLANE_ANGLE_UNIT ( ) SI_UNIT ( $, .RADIAN. ) );
#2832 = VECTOR ( 'NONE', #2444, 1000.000000000000000 ) ;
#2833 =( LENGTH_UNIT ( ) NAMED_UNIT ( * ) SI_UNIT ( .MILLI., .METRE. ) );
#2834 = ORIENTED_EDGE ( 'NONE', *, *, #5467, .T. ) ;
#2835 = EDGE_CURVE ( 'NONE', #6012, #4267, #9145, .T. ) ;
#2836 = VERTEX_POINT ( 'NONE', #3086 ) ;
#2837 = LINE ( 'NONE', #460, #9702 ) ;
#2838 = SURFACE_STYLE_FILL_AREA ( #8958 ) ;
#2839 = CARTESIAN_POINT ( 'NONE',  ( 7.750000000000000000, -1.084202172485504434E-16, -8.900000000000000355 ) ) ;
#2840 = DIRECTION ( 'NONE',  ( 0.000000000000000000, 0.000000000000000000, -1.000000000000000000 ) ) ;
#2841 = CARTESIAN_POINT ( 'NONE',  ( 10.25000000000000000, 6.099999999999999645, -7.000000000000000000 ) ) ;
#2842 = SURFACE_STYLE_USAGE ( .BOTH. , #4209 ) ;
#2843 = FILL_AREA_STYLE_COLOUR ( '', #8542 ) ;
#2844 = DIRECTION ( 'NONE',  ( 0.000000000000000000, -1.000000000000000000, 0.000000000000000000 ) ) ;
#2845 = VERTEX_POINT ( 'NONE', #4694 ) ;
#2846 = ORIENTED_EDGE ( 'NONE', *, *, #9075, .T. ) ;
#2847 = EDGE_LOOP ( 'NONE', ( #2429, #6346, #9794, #2611 ) ) ;
#2848 = PRESENTATION_STYLE_ASSIGNMENT (( #9253 ) ) ;
#2849 = CARTESIAN_POINT ( 'NONE',  ( 0.000000000000000000, 4.499999999999999112, -1.925929944387235853E-31 ) ) ;
#2850 = MECHANICAL_DESIGN_GEOMETRIC_PRESENTATION_REPRESENTATION (  '', ( #1059 ), #1379 ) ;
#2851 = DIRECTION ( 'NONE',  ( -0.000000000000000000, -1.000000000000000000, -0.000000000000000000 ) ) ;
#2852 = SURFACE_SIDE_STYLE ('',( #7428 ) ) ;
#2853 = DIRECTION ( 'NONE',  ( 0.000000000000000000, 0.000000000000000000, 1.000000000000000000 ) ) ;
#2854 = COLOUR_RGB ( '',0.7529411764705882248, 0.7529411764705882248, 0.7529411764705882248 ) ;
#2855 = CARTESIAN_POINT ( 'NONE',  ( 19.65000000000000213, 2.450000000000000178, -8.300000000000000711 ) ) ;
#2856 = PRESENTATION_STYLE_ASSIGNMENT (( #7342 ) ) ;
#2857 = MECHANICAL_DESIGN_GEOMETRIC_PRESENTATION_REPRESENTATION (  '', ( #9098 ), #9582 ) ;
#2858 = COLOUR_RGB ( '',0.7529411764705882248, 0.7529411764705882248, 0.7529411764705882248 ) ;
#2859 = EDGE_LOOP ( 'NONE', ( #5465, #268, #9008, #7873, #9809 ) ) ;
#2860 = CARTESIAN_POINT ( 'NONE',  ( 0.000000000000000000, 0.000000000000000000, 0.000000000000000000 ) ) ;
#2861 = ORIENTED_EDGE ( 'NONE', *, *, #6488, .F. ) ;
#2862 = FILL_AREA_STYLE ('',( #8432 ) ) ;
#2863 = ORIENTED_EDGE ( 'NONE', *, *, #5958, .F. ) ;
#2864 = CARTESIAN_POINT ( 'NONE',  ( 9.650000000000000355, 6.099999999999999645, -7.000000000000000000 ) ) ;
#2865 = SURFACE_STYLE_USAGE ( .BOTH. , #9735 ) ;
#2866 = STYLED_ITEM ( 'NONE', ( #6985 ), #7134 ) ;
#2867 =( NAMED_UNIT ( * ) SI_UNIT ( $, .STERADIAN. ) SOLID_ANGLE_UNIT ( ) );
#2868 = FACE_OUTER_BOUND ( 'NONE', #9166, .T. ) ;
#2869 = SURFACE_STYLE_FILL_AREA ( #3684 ) ;
#2870 = PRESENTATION_STYLE_ASSIGNMENT (( #872 ) ) ;
#2871 = PRESENTATION_STYLE_ASSIGNMENT (( #748 ) ) ;
#2872 = EDGE_CURVE ( 'NONE', #7128, #7794, #6262, .T. ) ;
#2873 = MECHANICAL_DESIGN_GEOMETRIC_PRESENTATION_REPRESENTATION (  '', ( #7220 ), #9756 ) ;
#2874 = PLANE ( 'NONE',  #3314 ) ;
#2875 = ORIENTED_EDGE ( 'NONE', *, *, #9755, .T. ) ;
#2876 = PRESENTATION_STYLE_ASSIGNMENT (( #3641 ) ) ;
#2877 = EDGE_CURVE ( 'NONE', #8433, #6773, #5261, .T. ) ;
#2878 = DIRECTION ( 'NONE',  ( -1.000000000000000000, -0.000000000000000000, -0.000000000000000000 ) ) ;
#2879 = FACE_OUTER_BOUND ( 'NONE', #7546, .T. ) ;
#2880 = DIRECTION ( 'NONE',  ( -0.000000000000000000, 1.000000000000000000, -0.000000000000000000 ) ) ;
#2881 = EDGE_CURVE ( 'NONE', #2795, #3999, #5403, .T. ) ;
#2882 = DIRECTION ( 'NONE',  ( 1.000000000000000000, 0.000000000000000000, 0.000000000000000000 ) ) ;
#2883 = ORIENTED_EDGE ( 'NONE', *, *, #8403, .F. ) ;
#2884 = VERTEX_POINT ( 'NONE', #2171 ) ;
#2885 = EDGE_CURVE ( 'NONE', #5131, #5208, #21, .T. ) ;
#2886 =( LENGTH_UNIT ( ) NAMED_UNIT ( * ) SI_UNIT ( .MILLI., .METRE. ) );
#2887 = CARTESIAN_POINT ( 'NONE',  ( 19.65000000000000213, -1.084202172485504434E-16, -9.500000000000000000 ) ) ;
#2888 = CARTESIAN_POINT ( 'NONE',  ( 9.950000000000001066, -2.000000000000000000, -9.199999999999999289 ) ) ;
#2889 = EDGE_CURVE ( 'NONE', #429, #6062, #9552, .T. ) ;
#2890 = LINE ( 'NONE', #9001, #8071 ) ;
#2891 = PRESENTATION_STYLE_ASSIGNMENT (( #2842 ) ) ;
#2892 =( NAMED_UNIT ( * ) PLANE_ANGLE_UNIT ( ) SI_UNIT ( $, .RADIAN. ) );
#2893 = DIRECTION ( 'NONE',  ( -0.000000000000000000, -1.000000000000000000, -0.000000000000000000 ) ) ;
#2894 = LINE ( 'NONE', #7532, #6172 ) ;
#2895 = VERTEX_POINT ( 'NONE', #6804 ) ;
#2896 = ORIENTED_EDGE ( 'NONE', *, *, #1391, .F. ) ;
#2897 = ORIENTED_EDGE ( 'NONE', *, *, #7677, .T. ) ;
#2898 = FILL_AREA_STYLE_COLOUR ( '', #8015 ) ;
#2899 = DIRECTION ( 'NONE',  ( 0.7071067811865451302, 0.000000000000000000, 0.7071067811865500152 ) ) ;
#2900 = SURFACE_STYLE_USAGE ( .BOTH. , #2852 ) ;
#2901 = PLANE ( 'NONE',  #1092 ) ;
#2902 = UNCERTAINTY_MEASURE_WITH_UNIT (LENGTH_MEASURE( 1.000000000000000082E-05 ), #6390, 'distance_accuracy_value', 'NONE');
#2903 = CARTESIAN_POINT ( 'NONE',  ( 17.14999999999999858, 3.050000000000000266, -0.2000000000000000111 ) ) ;
#2904 = DIRECTION ( 'NONE',  ( -0.000000000000000000, -1.000000000000000000, -0.000000000000000000 ) ) ;
#2905 = VECTOR ( 'NONE', #3118, 1000.000000000000000 ) ;
#2906 = ORIENTED_EDGE ( 'NONE', *, *, #5779, .F. ) ;
#2907 = PLANE ( 'NONE',  #7962 ) ;
#2908 = ORIENTED_EDGE ( 'NONE', *, *, #2138, .T. ) ;
#2909 = CARTESIAN_POINT ( 'NONE',  ( 4.650000000000000355, 3.649999999999999911, -0.4000000000000010214 ) ) ;
#2910 = ORIENTED_EDGE ( 'NONE', *, *, #7449, .F. ) ;
#2911 =( NAMED_UNIT ( * ) SI_UNIT ( $, .STERADIAN. ) SOLID_ANGLE_UNIT ( ) );
#2912 = LINE ( 'NONE', #6785, #7427 ) ;
#2913 = DIRECTION ( 'NONE',  ( 0.000000000000000000, 1.000000000000000000, 0.000000000000000000 ) ) ;
#2914 = PLANE ( 'NONE',  #3464 ) ;
#2915 = DIRECTION ( 'NONE',  ( 0.000000000000000000, 0.000000000000000000, -1.000000000000000000 ) ) ;
#2916 = VECTOR ( 'NONE', #6, 1000.000000000000000 ) ;
#2917 = UNCERTAINTY_MEASURE_WITH_UNIT (LENGTH_MEASURE( 1.000000000000000082E-05 ), #2886, 'distance_accuracy_value', 'NONE');
#2918 = DIRECTION ( 'NONE',  ( 0.000000000000000000, 0.000000000000000000, -1.000000000000000000 ) ) ;
#2919 =( LENGTH_UNIT ( ) NAMED_UNIT ( * ) SI_UNIT ( .MILLI., .METRE. ) );
#2920 = ORIENTED_EDGE ( 'NONE', *, *, #5908, .F. ) ;
#2921 = CARTESIAN_POINT ( 'NONE',  ( 15.25000000000000178, 3.450000000000000178, -0.2000000000000000111 ) ) ;
#2922 = DIRECTION ( 'NONE',  ( 1.000000000000000000, 0.000000000000000000, 0.000000000000000000 ) ) ;
#2923 = VECTOR ( 'NONE', #7623, 1000.000000000000000 ) ;
#2924 = EDGE_CURVE ( 'NONE', #1263, #9447, #2267, .T. ) ;
#2925 = SURFACE_STYLE_FILL_AREA ( #8305 ) ;
#2926 = SURFACE_STYLE_FILL_AREA ( #6751 ) ;
#2927 =( NAMED_UNIT ( * ) SI_UNIT ( $, .STERADIAN. ) SOLID_ANGLE_UNIT ( ) );
#2928 = FILL_AREA_STYLE ('',( #3081 ) ) ;
#2929 = PRESENTATION_STYLE_ASSIGNMENT (( #2263 ) ) ;
#2930 = EDGE_LOOP ( 'NONE', ( #2780, #5578, #5515 ) ) ;
#2931 = EDGE_LOOP ( 'NONE', ( #4949, #6375, #7735, #161 ) ) ;
#2932 = AXIS2_PLACEMENT_3D ( 'NONE', #643, #4490, #6007 ) ;
#2933 = DIRECTION ( 'NONE',  ( 0.000000000000000000, -0.000000000000000000, -1.000000000000000000 ) ) ;
#2934 = SURFACE_STYLE_FILL_AREA ( #9649 ) ;
#2935 = AXIS2_PLACEMENT_3D ( 'NONE', #2967, #2146, #9829 ) ;
#2936 =( NAMED_UNIT ( * ) SI_UNIT ( $, .STERADIAN. ) SOLID_ANGLE_UNIT ( ) );
#2937 = EDGE_CURVE ( 'NONE', #4201, #802, #6163, .T. ) ;
#2938 = DIRECTION ( 'NONE',  ( -1.000000000000000000, 0.000000000000000000, 0.000000000000000000 ) ) ;
#2939 = MECHANICAL_DESIGN_GEOMETRIC_PRESENTATION_REPRESENTATION (  '', ( #6004 ), #2453 ) ;
#2940 = FILL_AREA_STYLE ('',( #9805 ) ) ;
#2941 = EDGE_CURVE ( 'NONE', #411, #5895, #7569, .T. ) ;
#2942 = CARTESIAN_POINT ( 'NONE',  ( 12.45000000000000107, 0.000000000000000000, -8.900000000000000355 ) ) ;
#2943 = CARTESIAN_POINT ( 'NONE',  ( 7.750000000000000000, 3.649999999999999911, -7.000000000000000000 ) ) ;
#2944 = SURFACE_SIDE_STYLE ('',( #9657 ) ) ;
#2945 = ORIENTED_EDGE ( 'NONE', *, *, #1816, .T. ) ;
#2946 = DIRECTION ( 'NONE',  ( 0.5773502691896225114, 0.5773502691896255090, 0.5773502691896291728 ) ) ;
#2947 = ORIENTED_EDGE ( 'NONE', *, *, #1875, .F. ) ;
#2948 = EDGE_LOOP ( 'NONE', ( #970, #8395, #199, #1315, #3052, #29, #2076, #3572, #181 ) ) ;
#2949 = DIRECTION ( 'NONE',  ( 0.000000000000000000, 0.000000000000000000, -1.000000000000000000 ) ) ;
#2950 = SURFACE_STYLE_FILL_AREA ( #576 ) ;
#2951 = EDGE_CURVE ( 'NONE', #7498, #3774, #3750, .T. ) ;
#2952 = STYLED_ITEM ( 'NONE', ( #1657 ), #1823 ) ;
#2953 = DIRECTION ( 'NONE',  ( -1.000000000000000000, -0.000000000000000000, 0.000000000000000000 ) ) ;
#2954 = DIRECTION ( 'NONE',  ( -1.000000000000000000, -0.000000000000000000, -0.000000000000000000 ) ) ;
#2955 = MECHANICAL_DESIGN_GEOMETRIC_PRESENTATION_REPRESENTATION (  '', ( #3113 ), #679 ) ;
#2956 = DIRECTION ( 'NONE',  ( 0.000000000000000000, 0.000000000000000000, -1.000000000000000000 ) ) ;
#2957 = ORIENTED_EDGE ( 'NONE', *, *, #9003, .T. ) ;
#2958 =( NAMED_UNIT ( * ) SI_UNIT ( $, .STERADIAN. ) SOLID_ANGLE_UNIT ( ) );
#2959 = ORIENTED_EDGE ( 'NONE', *, *, #2325, .T. ) ;
#2960 = DIRECTION ( 'NONE',  ( 1.000000000000000000, 0.000000000000000000, 0.000000000000000000 ) ) ;
#2961 = EDGE_CURVE ( 'NONE', #3936, #9211, #9851, .T. ) ;
#2962 = ORIENTED_EDGE ( 'NONE', *, *, #5602, .F. ) ;
#2963 = COLOUR_RGB ( '',0.7529411764705882248, 0.7529411764705882248, 0.7529411764705882248 ) ;
#2964 = MECHANICAL_DESIGN_GEOMETRIC_PRESENTATION_REPRESENTATION (  '', ( #8883 ), #6981 ) ;
#2965 = CARTESIAN_POINT ( 'NONE',  ( 19.95000000000000284, 0.000000000000000000, -9.199999999999999289 ) ) ;
#2966 =( NAMED_UNIT ( * ) PLANE_ANGLE_UNIT ( ) SI_UNIT ( $, .RADIAN. ) );
#2967 = CARTESIAN_POINT ( 'NONE',  ( 1.999999999999998224, 6.100999999999999979, -0.5000000000000018874 ) ) ;
#2968 = PLANE ( 'NONE',  #7526 ) ;
#2969 = CARTESIAN_POINT ( 'NONE',  ( 10.25000000000000000, -1.084202172485504434E-16, -9.500000000000000000 ) ) ;
#2970 = MECHANICAL_DESIGN_GEOMETRIC_PRESENTATION_REPRESENTATION (  '', ( #379 ), #1983 ) ;
#2971 = STYLED_ITEM ( 'NONE', ( #24 ), #4244 ) ;
#2972 = CARTESIAN_POINT ( 'NONE',  ( 15.25000000000000178, 3.649999999999999911, -8.300000000000000711 ) ) ;
#2973 = SURFACE_SIDE_STYLE ('',( #3889 ) ) ;
#2974 = STYLED_ITEM ( 'NONE', ( #5522 ), #655 ) ;
#2975 = ORIENTED_EDGE ( 'NONE', *, *, #9067, .T. ) ;
#2976 = PLANE ( 'NONE',  #8899 ) ;
#2977 = LINE ( 'NONE', #6065, #278 ) ;
#2978 = VECTOR ( 'NONE', #3383, 1000.000000000000000 ) ;
#2979 = VECTOR ( 'NONE', #2562, 1000.000000000000000 ) ;
#2980 = VECTOR ( 'NONE', #9311, 1000.000000000000000 ) ;
#2981 = FACE_OUTER_BOUND ( 'NONE', #5122, .T. ) ;
#2982 =( GEOMETRIC_REPRESENTATION_CONTEXT ( 3 ) GLOBAL_UNCERTAINTY_ASSIGNED_CONTEXT ( ( #2586 ) ) GLOBAL_UNIT_ASSIGNED_CONTEXT ( ( #3016, #7591, #6094 ) ) REPRESENTATION_CONTEXT ( 'NONE', 'WORKASPACE' ) );
#2983 = FACE_OUTER_BOUND ( 'NONE', #8169, .T. ) ;
#2984 = FACE_OUTER_BOUND ( 'NONE', #2668, .T. ) ;
#2985 = VECTOR ( 'NONE', #7395, 1000.000000000000000 ) ;
#2986 = AXIS2_PLACEMENT_3D ( 'NONE', #7488, #8188, #581 ) ;
#2987 =( GEOMETRIC_REPRESENTATION_CONTEXT ( 3 ) GLOBAL_UNCERTAINTY_ASSIGNED_CONTEXT ( ( #7046 ) ) GLOBAL_UNIT_ASSIGNED_CONTEXT ( ( #6952, #1403, #9100 ) ) REPRESENTATION_CONTEXT ( 'NONE', 'WORKASPACE' ) );
#2988 = DIRECTION ( 'NONE',  ( 1.000000000000000000, 0.000000000000000000, 0.000000000000000000 ) ) ;
#2989 = ORIENTED_EDGE ( 'NONE', *, *, #4061, .T. ) ;
#2990 = ORIENTED_EDGE ( 'NONE', *, *, #7747, .F. ) ;
#2991 = CARTESIAN_POINT ( 'NONE',  ( 20.40000000000000213, 6.100999999999999979, -3.100000000000000533 ) ) ;
#2992 = STYLED_ITEM ( 'NONE', ( #241 ), #3520 ) ;
#2993 = MECHANICAL_DESIGN_GEOMETRIC_PRESENTATION_REPRESENTATION (  '', ( #3813 ), #4599 ) ;
#2994 = MECHANICAL_DESIGN_GEOMETRIC_PRESENTATION_REPRESENTATION (  '', ( #1362 ), #566 ) ;
#2995 = DIRECTION ( 'NONE',  ( 0.000000000000000000, 0.000000000000000000, -1.000000000000000000 ) ) ;
#2996 =( NAMED_UNIT ( * ) PLANE_ANGLE_UNIT ( ) SI_UNIT ( $, .RADIAN. ) );
#2997 = FACE_OUTER_BOUND ( 'NONE', #663, .T. ) ;
#2998 = PRESENTATION_STYLE_ASSIGNMENT (( #4656 ) ) ;
#2999 = LINE ( 'NONE', #5926, #7096 ) ;
#3000 = STYLED_ITEM ( 'NONE', ( #2289 ), #2578 ) ;
#3001 = DIRECTION ( 'NONE',  ( -1.000000000000000000, -0.000000000000000000, -0.000000000000000000 ) ) ;
#3002 = VECTOR ( 'NONE', #4195, 1000.000000000000000 ) ;
#3003 = FILL_AREA_STYLE ('',( #1613 ) ) ;
#3004 = EDGE_LOOP ( 'NONE', ( #1923, #1834, #6473, #3493 ) ) ;
#3005 = DIRECTION ( 'NONE',  ( -0.000000000000000000, 1.000000000000000000, -0.000000000000000000 ) ) ;
#3006 = ORIENTED_EDGE ( 'NONE', *, *, #8342, .F. ) ;
#3007 =( GEOMETRIC_REPRESENTATION_CONTEXT ( 3 ) GLOBAL_UNCERTAINTY_ASSIGNED_CONTEXT ( ( #9831 ) ) GLOBAL_UNIT_ASSIGNED_CONTEXT ( ( #8636, #4831, #7940 ) ) REPRESENTATION_CONTEXT ( 'NONE', 'WORKASPACE' ) );
#3008 = EDGE_CURVE ( 'NONE', #2126, #6675, #1559, .T. ) ;
#3009 = FILL_AREA_STYLE_COLOUR ( '', #6339 ) ;
#3010 = FACE_OUTER_BOUND ( 'NONE', #9795, .T. ) ;
#3011 = CARTESIAN_POINT ( 'NONE',  ( 19.65000000000000213, 6.099999999999999645, -7.000000000000000000 ) ) ;
#3012 = UNCERTAINTY_MEASURE_WITH_UNIT (LENGTH_MEASURE( 1.000000000000000082E-05 ), #3264, 'distance_accuracy_value', 'NONE');
#3013 = CYLINDRICAL_SURFACE ( 'NONE', #1333, 0.5999999999999998668 ) ;
#3014 = PRESENTATION_STYLE_ASSIGNMENT (( #3773 ) ) ;
#3015 = ORIENTED_EDGE ( 'NONE', *, *, #8044, .T. ) ;
#3016 =( LENGTH_UNIT ( ) NAMED_UNIT ( * ) SI_UNIT ( .MILLI., .METRE. ) );
#3017 = EDGE_CURVE ( 'NONE', #2580, #7246, #6075, .T. ) ;
#3018 = MECHANICAL_DESIGN_GEOMETRIC_PRESENTATION_REPRESENTATION (  '', ( #6394 ), #8619 ) ;
#3019 = ORIENTED_EDGE ( 'NONE', *, *, #9869, .F. ) ;
#3020 = DIRECTION ( 'NONE',  ( 1.000000000000000000, 0.000000000000000000, 0.000000000000000000 ) ) ;
#3021 = ORIENTED_EDGE ( 'NONE', *, *, #4178, .F. ) ;
#3022 = FILL_AREA_STYLE ('',( #2291 ) ) ;
#3023 = PRESENTATION_LAYER_ASSIGNMENT (  '', '', ( #7222 ) ) ;
#3024 =( NAMED_UNIT ( * ) PLANE_ANGLE_UNIT ( ) SI_UNIT ( $, .RADIAN. ) );
#3025 = FILL_AREA_STYLE ('',( #9888 ) ) ;
#3026 = UNCERTAINTY_MEASURE_WITH_UNIT (LENGTH_MEASURE( 1.000000000000000082E-05 ), #4154, 'distance_accuracy_value', 'NONE');
#3027 = CARTESIAN_POINT ( 'NONE',  ( 12.15000000000000036, -1.084202172485504434E-16, -9.500000000000000000 ) ) ;
#3028 = EDGE_CURVE ( 'NONE', #4558, #5709, #803, .T. ) ;
#3029 = FILL_AREA_STYLE_COLOUR ( '', #3762 ) ;
#3030 = CARTESIAN_POINT ( 'NONE',  ( 7.150000000000000355, -1.084202172485504434E-16, -9.500000000000000000 ) ) ;
#3031 = CARTESIAN_POINT ( 'NONE',  ( 2.750000000000000444, 3.450000000000000178, -0.2000000000000000111 ) ) ;
#3032 = ORIENTED_EDGE ( 'NONE', *, *, #775, .F. ) ;
#3033 = LINE ( 'NONE', #4582, #7645 ) ;
#3034 = COLOUR_RGB ( '',0.7529411764705882248, 0.7529411764705882248, 0.7529411764705882248 ) ;
#3035 = DIRECTION ( 'NONE',  ( 0.000000000000000000, -0.7071067811865453523, -0.7071067811865496822 ) ) ;
#3036 = CARTESIAN_POINT ( 'NONE',  ( 19.95000000000000284, -2.000000000000000000, -8.900000000000000355 ) ) ;
#3037 = VECTOR ( 'NONE', #8175, 1000.000000000000000 ) ;
#3038 = PRESENTATION_LAYER_ASSIGNMENT (  '', '', ( #4960 ) ) ;
#3039 = SURFACE_SIDE_STYLE ('',( #8256 ) ) ;
#3040 = LINE ( 'NONE', #5257, #550 ) ;
#3041 = ORIENTED_EDGE ( 'NONE', *, *, #4982, .T. ) ;
#3042 = ORIENTED_EDGE ( 'NONE', *, *, #2011, .T. ) ;
#3043 = DIRECTION ( 'NONE',  ( -1.000000000000000000, 0.000000000000000000, 0.000000000000000000 ) ) ;
#3044 = DIRECTION ( 'NONE',  ( 1.000000000000000000, 0.000000000000000000, 0.000000000000000000 ) ) ;
#3045 = DIRECTION ( 'NONE',  ( 1.000000000000000000, 0.000000000000000000, 0.000000000000000000 ) ) ;
#3046 = DIRECTION ( 'NONE',  ( 0.000000000000000000, 0.000000000000000000, -1.000000000000000000 ) ) ;
#3047 = DIRECTION ( 'NONE',  ( -0.7071067811865484609, 0.000000000000000000, 0.7071067811865466846 ) ) ;
#3048 = CARTESIAN_POINT ( 'NONE',  ( 18.95000000000000284, 6.099999999999999645, 2.755455298081515504E-17 ) ) ;
#3049 = CARTESIAN_POINT ( 'NONE',  ( 0.000000000000000000, 0.8000000000000000444, -11.50000000000000000 ) ) ;
#3050 = ORIENTED_EDGE ( 'NONE', *, *, #4482, .F. ) ;
#3051 = FILL_AREA_STYLE ('',( #6877 ) ) ;
#3052 = ORIENTED_EDGE ( 'NONE', *, *, #645, .T. ) ;
#3053 = DIRECTION ( 'NONE',  ( 0.000000000000000000, 1.000000000000000000, 0.000000000000000000 ) ) ;
#3054 = DIRECTION ( 'NONE',  ( -0.000000000000000000, 1.000000000000000000, -0.000000000000000000 ) ) ;
#3055 = DIRECTION ( 'NONE',  ( 0.000000000000000000, -1.000000000000000000, 0.000000000000000000 ) ) ;
#3056 = CARTESIAN_POINT ( 'NONE',  ( 7.150000000000000355, 2.449999999999999734, -9.500000000000000000 ) ) ;
#3057 = EDGE_CURVE ( 'NONE', #9330, #3977, #8579, .T. ) ;
#3058 = CARTESIAN_POINT ( 'NONE',  ( 0.000000000000000000, 0.000000000000000000, -11.50000000000000000 ) ) ;
#3059 = VERTEX_POINT ( 'NONE', #6956 ) ;
#3060 = DIRECTION ( 'NONE',  ( 1.000000000000000000, 0.000000000000000000, 0.000000000000000000 ) ) ;
#3061 = EDGE_LOOP ( 'NONE', ( #4669, #4979 ) ) ;
#3062 = DIRECTION ( 'NONE',  ( 0.000000000000000000, 0.000000000000000000, -1.000000000000000000 ) ) ;
#3063 = ORIENTED_EDGE ( 'NONE', *, *, #785, .T. ) ;
#3064 =( LENGTH_UNIT ( ) NAMED_UNIT ( * ) SI_UNIT ( .MILLI., .METRE. ) );
#3065 = FILL_AREA_STYLE_COLOUR ( '', #3583 ) ;
#3066 = SURFACE_STYLE_FILL_AREA ( #3025 ) ;
#3067 = EDGE_CURVE ( 'NONE', #1692, #3936, #3900, .T. ) ;
#3068 = CARTESIAN_POINT ( 'NONE',  ( 2.150000000000000355, 3.050000000000000266, -8.300000000000000711 ) ) ;
#3069 = PLANE ( 'NONE',  #5881 ) ;
#3070 =( LENGTH_UNIT ( ) NAMED_UNIT ( * ) SI_UNIT ( .MILLI., .METRE. ) );
#3071 = EDGE_CURVE ( 'NONE', #4145, #6151, #8408, .T. ) ;
#3072 =( LENGTH_UNIT ( ) NAMED_UNIT ( * ) SI_UNIT ( .MILLI., .METRE. ) );
#3073 = DIRECTION ( 'NONE',  ( 1.000000000000000000, 0.000000000000000000, 0.000000000000000000 ) ) ;
#3074 = VERTEX_POINT ( 'NONE', #6214 ) ;
#3075 = MECHANICAL_DESIGN_GEOMETRIC_PRESENTATION_REPRESENTATION (  '', ( #1760 ), #4365 ) ;
#3076 = LINE ( 'NONE', #6152, #8442 ) ;
#3077 = CARTESIAN_POINT ( 'NONE',  ( 14.65000000000000213, 3.649999999999999911, -7.000000000000000000 ) ) ;
#3078 = EDGE_CURVE ( 'NONE', #1703, #6758, #7675, .T. ) ;
#3079 = LINE ( 'NONE', #2306, #5642 ) ;
#3080 = CARTESIAN_POINT ( 'NONE',  ( 2.750000000000000444, 2.450000000000000178, -8.300000000000000711 ) ) ;
#3081 = FILL_AREA_STYLE_COLOUR ( '', #5344 ) ;
#3082 =( NAMED_UNIT ( * ) SI_UNIT ( $, .STERADIAN. ) SOLID_ANGLE_UNIT ( ) );
#3083 =( NAMED_UNIT ( * ) SI_UNIT ( $, .STERADIAN. ) SOLID_ANGLE_UNIT ( ) );
#3084 = ORIENTED_EDGE ( 'NONE', *, *, #4232, .F. ) ;
#3085 = ORIENTED_EDGE ( 'NONE', *, *, #6037, .T. ) ;
#3086 = CARTESIAN_POINT ( 'NONE',  ( 4.850000000000000533, 3.450000000000000178, -0.2000000000000000111 ) ) ;
#3087 = ADVANCED_FACE ( 'NONE', ( #5495 ), #5693, .F. ) ;
#3088 = MECHANICAL_DESIGN_GEOMETRIC_PRESENTATION_REPRESENTATION (  '', ( #2436 ), #4696 ) ;
#3089 = PRESENTATION_STYLE_ASSIGNMENT (( #1561 ) ) ;
#3090 =( NAMED_UNIT ( * ) SI_UNIT ( $, .STERADIAN. ) SOLID_ANGLE_UNIT ( ) );
#3091 = CARTESIAN_POINT ( 'NONE',  ( 10.25000000000000000, 3.649999999999999911, -8.300000000000000711 ) ) ;
#3092 = CYLINDRICAL_SURFACE ( 'NONE', #8108, 1.199999999999999734 ) ;
#3093 = COLOUR_RGB ( '',0.7529411764705882248, 0.7529411764705882248, 0.7529411764705882248 ) ;
#3094 = FILL_AREA_STYLE ('',( #1612 ) ) ;
#3095 =( NAMED_UNIT ( * ) SI_UNIT ( $, .STERADIAN. ) SOLID_ANGLE_UNIT ( ) );
#3096 = ORIENTED_EDGE ( 'NONE', *, *, #46, .F. ) ;
#3097 = CARTESIAN_POINT ( 'NONE',  ( 4.650000000000000355, -1.084202172485504434E-16, -9.500000000000000000 ) ) ;
#3098 = VERTEX_POINT ( 'NONE', #4745 ) ;
#3099 = SURFACE_SIDE_STYLE ('',( #2485 ) ) ;
#3100 =( NAMED_UNIT ( * ) PLANE_ANGLE_UNIT ( ) SI_UNIT ( $, .RADIAN. ) );
#3101 = SURFACE_SIDE_STYLE ('',( #868 ) ) ;
#3102 = UNCERTAINTY_MEASURE_WITH_UNIT (LENGTH_MEASURE( 1.000000000000000082E-05 ), #9033, 'distance_accuracy_value', 'NONE');
#3103 = FACE_OUTER_BOUND ( 'NONE', #8711, .T. ) ;
#3104 = FILL_AREA_STYLE ('',( #3835 ) ) ;
#3105 = CARTESIAN_POINT ( 'NONE',  ( 7.750000000000000000, 2.450000000000000178, -8.300000000000000711 ) ) ;
#3106 = EDGE_LOOP ( 'NONE', ( #9513, #2279, #2528 ) ) ;
#3107 = PRESENTATION_STYLE_ASSIGNMENT (( #38 ) ) ;
#3108 = ORIENTED_EDGE ( 'NONE', *, *, #1508, .F. ) ;
#3109 = LINE ( 'NONE', #2505, #7667 ) ;
#3110 = EDGE_LOOP ( 'NONE', ( #1743, #148, #9700, #2016, #2703 ) ) ;
#3111 = LINE ( 'NONE', #9882, #1836 ) ;
#3112 = CARTESIAN_POINT ( 'NONE',  ( 10.25000000000000000, 3.050000000000000266, -0.2000000000000000111 ) ) ;
#3113 = STYLED_ITEM ( 'NONE', ( #1477 ), #3691 ) ;
#3114 = DIRECTION ( 'NONE',  ( 0.000000000000000000, 0.000000000000000000, -1.000000000000000000 ) ) ;
#3115 = UNCERTAINTY_MEASURE_WITH_UNIT (LENGTH_MEASURE( 1.000000000000000082E-05 ), #4231, 'distance_accuracy_value', 'NONE');
#3116 = DIRECTION ( 'NONE',  ( 0.000000000000000000, -1.000000000000000000, 0.000000000000000000 ) ) ;
#3117 = STYLED_ITEM ( 'NONE', ( #954 ), #1861 ) ;
#3118 = DIRECTION ( 'NONE',  ( -1.000000000000000000, -0.000000000000000000, 0.000000000000000000 ) ) ;
#3119 =( GEOMETRIC_REPRESENTATION_CONTEXT ( 3 ) GLOBAL_UNCERTAINTY_ASSIGNED_CONTEXT ( ( #8717 ) ) GLOBAL_UNIT_ASSIGNED_CONTEXT ( ( #959, #2484, #8474 ) ) REPRESENTATION_CONTEXT ( 'NONE', 'WORKASPACE' ) );
#3120 = ORIENTED_EDGE ( 'NONE', *, *, #5223, .F. ) ;
#3121 = CARTESIAN_POINT ( 'NONE',  ( 20.40000000000000213, 6.099999999999999645, -0.2000000000000003164 ) ) ;
#3122 = EDGE_CURVE ( 'NONE', #9616, #4465, #1210, .T. ) ;
#3123 =( NAMED_UNIT ( * ) SI_UNIT ( $, .STERADIAN. ) SOLID_ANGLE_UNIT ( ) );
#3124 = ADVANCED_FACE ( 'NONE', ( #5545 ), #201, .F. ) ;
#3125 =( GEOMETRIC_REPRESENTATION_CONTEXT ( 3 ) GLOBAL_UNCERTAINTY_ASSIGNED_CONTEXT ( ( #5939 ) ) GLOBAL_UNIT_ASSIGNED_CONTEXT ( ( #143, #4668, #5428 ) ) REPRESENTATION_CONTEXT ( 'NONE', 'WORKASPACE' ) );
#3126 = CARTESIAN_POINT ( 'NONE',  ( 7.150000000000000355, 3.050000000000000266, -0.4000000000000009104 ) ) ;
#3127 = DIRECTION ( 'NONE',  ( 0.000000000000000000, 0.000000000000000000, -1.000000000000000000 ) ) ;
#3128 = CARTESIAN_POINT ( 'NONE',  ( 10.25000000000000000, 3.050000000000000266, -0.4000000000000010214 ) ) ;
#3129 = VERTEX_POINT ( 'NONE', #946 ) ;
#3130 = VERTEX_POINT ( 'NONE', #7217 ) ;
#3131 = PRESENTATION_LAYER_ASSIGNMENT (  '', '', ( #7467 ) ) ;
#3132 = AXIS2_PLACEMENT_3D ( 'NONE', #2969, #8881, #2096 ) ;
#3133 = CARTESIAN_POINT ( 'NONE',  ( 20.25000000000000000, 3.649999999999999911, -0.2000000000000000111 ) ) ;
#3134 = EDGE_CURVE ( 'NONE', #4614, #555, #1696, .T. ) ;
#3135 = VECTOR ( 'NONE', #3874, 1000.000000000000000 ) ;
#3136 = PRESENTATION_STYLE_ASSIGNMENT (( #4654 ) ) ;
#3138 = DIRECTION ( 'NONE',  ( 0.000000000000000000, -0.000000000000000000, -1.000000000000000000 ) ) ;
#3137 = STYLED_ITEM ( 'NONE', ( #4593 ), #6098 ) ;
#3139 =( GEOMETRIC_REPRESENTATION_CONTEXT ( 3 ) GLOBAL_UNCERTAINTY_ASSIGNED_CONTEXT ( ( #5127 ) ) GLOBAL_UNIT_ASSIGNED_CONTEXT ( ( #2136, #4328, #5171 ) ) REPRESENTATION_CONTEXT ( 'NONE', 'WORKASPACE' ) );
#3140 = MECHANICAL_DESIGN_GEOMETRIC_PRESENTATION_REPRESENTATION (  '', ( #6517 ), #5883 ) ;
#3141 = CARTESIAN_POINT ( 'NONE',  ( 20.40000000000000213, 6.099999999999999645, -2.439454888092384977E-16 ) ) ;
#3142 = CARTESIAN_POINT ( 'NONE',  ( 17.75000000000000000, 3.050000000000000266, -0.2000000000000000111 ) ) ;
#3143 = EDGE_CURVE ( 'NONE', #4822, #6316, #8648, .T. ) ;
#3144 = SURFACE_SIDE_STYLE ('',( #6170 ) ) ;
#3145 = VECTOR ( 'NONE', #4879, 1000.000000000000000 ) ;
#3146 = PLANE ( 'NONE',  #1805 ) ;
#3147 = MECHANICAL_DESIGN_GEOMETRIC_PRESENTATION_REPRESENTATION (  '', ( #3480 ), #2508 ) ;
#3148 = EDGE_LOOP ( 'NONE', ( #760, #3356, #5637, #688 ) ) ;
#3149 = ORIENTED_EDGE ( 'NONE', *, *, #7747, .T. ) ;
#3150 = COLOUR_RGB ( '',0.7529411764705882248, 0.7529411764705882248, 0.7529411764705882248 ) ;
#3151 = VECTOR ( 'NONE', #1723, 1000.000000000000000 ) ;
#3152 = DIRECTION ( 'NONE',  ( 0.7071067811865435759, 0.000000000000000000, 0.7071067811865515695 ) ) ;
#3153 =( GEOMETRIC_REPRESENTATION_CONTEXT ( 3 ) GLOBAL_UNCERTAINTY_ASSIGNED_CONTEXT ( ( #6926 ) ) GLOBAL_UNIT_ASSIGNED_CONTEXT ( ( #9590, #5843, #5090 ) ) REPRESENTATION_CONTEXT ( 'NONE', 'WORKASPACE' ) );
#3154 =( GEOMETRIC_REPRESENTATION_CONTEXT ( 3 ) GLOBAL_UNCERTAINTY_ASSIGNED_CONTEXT ( ( #977 ) ) GLOBAL_UNIT_ASSIGNED_CONTEXT ( ( #1354, #368, #4455 ) ) REPRESENTATION_CONTEXT ( 'NONE', 'WORKASPACE' ) );
#3155 =( NAMED_UNIT ( * ) SI_UNIT ( $, .STERADIAN. ) SOLID_ANGLE_UNIT ( ) );
#3156 = MECHANICAL_DESIGN_GEOMETRIC_PRESENTATION_REPRESENTATION (  '', ( #887 ), #7330 ) ;
#3157 = SURFACE_STYLE_FILL_AREA ( #3104 ) ;
#3158 = VECTOR ( 'NONE', #5872, 1000.000000000000000 ) ;
#3159 = STYLED_ITEM ( 'NONE', ( #6047 ), #2515 ) ;
#3160 = DIRECTION ( 'NONE',  ( 0.000000000000000000, -1.000000000000000000, 0.000000000000000000 ) ) ;
#3161 = ORIENTED_EDGE ( 'NONE', *, *, #2742, .F. ) ;
#3162 = DIRECTION ( 'NONE',  ( -1.000000000000000000, 0.000000000000000000, -0.000000000000000000 ) ) ;
#3163 = EDGE_LOOP ( 'NONE', ( #3699, #5836, #9604, #5517, #6357 ) ) ;
#3164 = CARTESIAN_POINT ( 'NONE',  ( 2.450000000000000178, -2.000000000000000000, -9.500000000000000000 ) ) ;
#3165 = AXIS2_PLACEMENT_3D ( 'NONE', #8943, #4993, #4339 ) ;
#3166 = ORIENTED_EDGE ( 'NONE', *, *, #9629, .F. ) ;
#3167 =( GEOMETRIC_REPRESENTATION_CONTEXT ( 3 ) GLOBAL_UNCERTAINTY_ASSIGNED_CONTEXT ( ( #8926 ) ) GLOBAL_UNIT_ASSIGNED_CONTEXT ( ( #790, #6983, #9281 ) ) REPRESENTATION_CONTEXT ( 'NONE', 'WORKASPACE' ) );
#3168 = SURFACE_STYLE_FILL_AREA ( #4675 ) ;
#3169 = LINE ( 'NONE', #827, #691 ) ;
#3170 = SURFACE_STYLE_USAGE ( .BOTH. , #9170 ) ;
#3171 = COLOUR_RGB ( '',0.7529411764705882248, 0.7529411764705882248, 0.7529411764705882248 ) ;
#3172 = CARTESIAN_POINT ( 'NONE',  ( 7.150000000000000355, 3.050000000000000266, -8.300000000000000711 ) ) ;
#3173 = SURFACE_STYLE_USAGE ( .BOTH. , #1781 ) ;
#3174 = ORIENTED_EDGE ( 'NONE', *, *, #2618, .F. ) ;
#3175 = SURFACE_STYLE_USAGE ( .BOTH. , #111 ) ;
#3176 =( NAMED_UNIT ( * ) PLANE_ANGLE_UNIT ( ) SI_UNIT ( $, .RADIAN. ) );
#3177 = PRESENTATION_LAYER_ASSIGNMENT (  '', '', ( #5270 ) ) ;
#3178 = COLOUR_RGB ( '',0.7529411764705882248, 0.7529411764705882248, 0.7529411764705882248 ) ;
#3179 = DIRECTION ( 'NONE',  ( 0.000000000000000000, 0.000000000000000000, -1.000000000000000000 ) ) ;
#3180 = EDGE_CURVE ( 'NONE', #2109, #6713, #9297, .T. ) ;
#3181 = DIRECTION ( 'NONE',  ( 0.000000000000000000, 0.000000000000000000, -1.000000000000000000 ) ) ;
#3182 = SURFACE_SIDE_STYLE ('',( #5641 ) ) ;
#3183 = VECTOR ( 'NONE', #4573, 1000.000000000000000 ) ;
#3184 =( NAMED_UNIT ( * ) PLANE_ANGLE_UNIT ( ) SI_UNIT ( $, .RADIAN. ) );
#3185 = VERTEX_POINT ( 'NONE', #3387 ) ;
#3186 = EDGE_LOOP ( 'NONE', ( #7194, #7216, #3260 ) ) ;
#3187 = LINE ( 'NONE', #762, #3646 ) ;
#3188 = EDGE_CURVE ( 'NONE', #8427, #7159, #1852, .T. ) ;
#3189 = DIRECTION ( 'NONE',  ( 0.000000000000000000, 0.000000000000000000, -1.000000000000000000 ) ) ;
#3190 = CARTESIAN_POINT ( 'NONE',  ( 19.84999999999999787, 3.450000000000000178, -0.2000000000000000111 ) ) ;
#3191 =( GEOMETRIC_REPRESENTATION_CONTEXT ( 3 ) GLOBAL_UNCERTAINTY_ASSIGNED_CONTEXT ( ( #3402 ) ) GLOBAL_UNIT_ASSIGNED_CONTEXT ( ( #2393, #356, #3301 ) ) REPRESENTATION_CONTEXT ( 'NONE', 'WORKASPACE' ) );
#3192 = COLOUR_RGB ( '',0.7529411764705882248, 0.7529411764705882248, 0.7529411764705882248 ) ;
#3193 = SURFACE_STYLE_FILL_AREA ( #7020 ) ;
#3194 = PRESENTATION_STYLE_ASSIGNMENT (( #4235 ) ) ;
#3195 = EDGE_CURVE ( 'NONE', #1090, #5748, #494, .T. ) ;
#3196 = CARTESIAN_POINT ( 'NONE',  ( 10.25000000000000000, -1.084202172485504434E-16, -9.500000000000000000 ) ) ;
#3197 =( NAMED_UNIT ( * ) SI_UNIT ( $, .STERADIAN. ) SOLID_ANGLE_UNIT ( ) );
#3198 = DIRECTION ( 'NONE',  ( 0.000000000000000000, -1.000000000000000000, 0.000000000000000000 ) ) ;
#3199 = SURFACE_STYLE_FILL_AREA ( #1714 ) ;
#3200 = ORIENTED_EDGE ( 'NONE', *, *, #5479, .F. ) ;
#3201 = ORIENTED_EDGE ( 'NONE', *, *, #651, .T. ) ;
#3202 = EDGE_CURVE ( 'NONE', #1365, #378, #3652, .T. ) ;
#3203 = VECTOR ( 'NONE', #7466, 1000.000000000000114 ) ;
#3204 = CARTESIAN_POINT ( 'NONE',  ( 7.750000000000000000, -1.084202172485504434E-16, -9.500000000000000000 ) ) ;
#3205 = DIRECTION ( 'NONE',  ( 0.000000000000000000, -1.000000000000000000, 0.000000000000000000 ) ) ;
#3206 = ADVANCED_FACE ( 'NONE', ( #6596 ), #5956, .F. ) ;
#3207 = DIRECTION ( 'NONE',  ( 1.000000000000000000, 0.000000000000000000, 0.000000000000000000 ) ) ;
#3208 = FACE_OUTER_BOUND ( 'NONE', #7195, .T. ) ;
#3209 = UNCERTAINTY_MEASURE_WITH_UNIT (LENGTH_MEASURE( 1.000000000000000082E-05 ), #2023, 'distance_accuracy_value', 'NONE');
#3210 = CARTESIAN_POINT ( 'NONE',  ( 20.25000000000000000, 3.649999999999999911, -7.000000000000000000 ) ) ;
#3211 = ORIENTED_EDGE ( 'NONE', *, *, #2392, .T. ) ;
#3212 = SURFACE_STYLE_USAGE ( .BOTH. , #1624 ) ;
#3213 = VERTEX_POINT ( 'NONE', #8987 ) ;
#3214 = CARTESIAN_POINT ( 'NONE',  ( 17.75000000000000000, -1.084202172485504434E-16, -9.500000000000000000 ) ) ;
#3215 = ORIENTED_EDGE ( 'NONE', *, *, #5404, .F. ) ;
#3216 = CARTESIAN_POINT ( 'NONE',  ( 10.25000000000000000, 3.050000000000000266, -7.000000000000000000 ) ) ;
#3217 = CARTESIAN_POINT ( 'NONE',  ( 2.750000000000000444, 3.649999999999999911, -0.4000000000000009104 ) ) ;
#3218 = DIRECTION ( 'NONE',  ( 1.000000000000000000, -0.000000000000000000, 1.508455196501571429E-16 ) ) ;
#3219 =( NAMED_UNIT ( * ) SI_UNIT ( $, .STERADIAN. ) SOLID_ANGLE_UNIT ( ) );
#3220 = UNCERTAINTY_MEASURE_WITH_UNIT (LENGTH_MEASURE( 1.000000000000000082E-05 ), #5518, 'distance_accuracy_value', 'NONE');
#3221 = DIRECTION ( 'NONE',  ( 0.000000000000000000, 0.000000000000000000, -1.000000000000000000 ) ) ;
#3222 = LINE ( 'NONE', #6293, #3551 ) ;
#3223 = VERTEX_POINT ( 'NONE', #9538 ) ;
#3224 =( NAMED_UNIT ( * ) PLANE_ANGLE_UNIT ( ) SI_UNIT ( $, .RADIAN. ) );
#3225 = SURFACE_SIDE_STYLE ('',( #892 ) ) ;
#3226 = AXIS2_PLACEMENT_3D ( 'NONE', #7848, #934, #7091 ) ;
#3227 = LINE ( 'NONE', #7708, #1922 ) ;
#3228 = FACE_OUTER_BOUND ( 'NONE', #813, .T. ) ;
#3229 = VECTOR ( 'NONE', #1132, 1000.000000000000000 ) ;
#3230 = CARTESIAN_POINT ( 'NONE',  ( 20.25000000000000000, 3.649999999999999911, -8.300000000000000711 ) ) ;
#3231 = FILL_AREA_STYLE_COLOUR ( '', #3805 ) ;
#3232 = ORIENTED_EDGE ( 'NONE', *, *, #8654, .T. ) ;
#3233 = ORIENTED_EDGE ( 'NONE', *, *, #9195, .T. ) ;
#3234 = DIRECTION ( 'NONE',  ( -1.000000000000000000, 0.000000000000000000, 0.000000000000000000 ) ) ;
#3235 = DIRECTION ( 'NONE',  ( 0.000000000000000000, -1.000000000000000000, 0.000000000000000000 ) ) ;
#3236 = EDGE_CURVE ( 'NONE', #9784, #5907, #4240, .T. ) ;
#3237 = DIRECTION ( 'NONE',  ( -0.7071067811865451302, 0.000000000000000000, 0.7071067811865500152 ) ) ;
#3239 = DIRECTION ( 'NONE',  ( 0.000000000000000000, -1.000000000000000000, 0.000000000000000000 ) ) ;
#3238 = STYLED_ITEM ( 'NONE', ( #745 ), #8216 ) ;
#3240 = DIRECTION ( 'NONE',  ( 1.000000000000000000, 0.000000000000000000, 0.000000000000000000 ) ) ;
#3241 = PLANE ( 'NONE',  #1342 ) ;
#3242 = PLANE ( 'NONE',  #2724 ) ;
#3243 = CARTESIAN_POINT ( 'NONE',  ( 0.000000000000000000, 5.299999999999998934, 0.000000000000000000 ) ) ;
#3244 = ORIENTED_EDGE ( 'NONE', *, *, #9672, .T. ) ;
#3245 = ORIENTED_EDGE ( 'NONE', *, *, #6410, .F. ) ;
#3246 = PRESENTATION_LAYER_ASSIGNMENT (  '', '', ( #7587 ) ) ;
#3247 = CARTESIAN_POINT ( 'NONE',  ( 9.950000000000001066, -2.000000000000000000, -9.199999999999999289 ) ) ;
#3248 = EDGE_CURVE ( 'NONE', #8850, #6575, #8148, .T. ) ;
#3249 = DIRECTION ( 'NONE',  ( -0.000000000000000000, -0.000000000000000000, 1.000000000000000000 ) ) ;
#3250 = EDGE_CURVE ( 'NONE', #352, #900, #7343, .T. ) ;
#3251 = COLOUR_RGB ( '',0.7529411764705882248, 0.7529411764705882248, 0.7529411764705882248 ) ;
#3252 = LINE ( 'NONE', #2395, #2151 ) ;
#3253 = DIRECTION ( 'NONE',  ( 0.000000000000000000, 0.000000000000000000, 1.000000000000000000 ) ) ;
#3254 = DIRECTION ( 'NONE',  ( 0.000000000000000000, 0.000000000000000000, 1.000000000000000000 ) ) ;
#3255 =( LENGTH_UNIT ( ) NAMED_UNIT ( * ) SI_UNIT ( .MILLI., .METRE. ) );
#3256 = ORIENTED_EDGE ( 'NONE', *, *, #8831, .T. ) ;
#3257 = PLANE ( 'NONE',  #403 ) ;
#3258 = VERTEX_POINT ( 'NONE', #1191 ) ;
#3259 = CARTESIAN_POINT ( 'NONE',  ( 20.25000000000000000, 3.649999999999999911, -6.200000000000000178 ) ) ;
#3260 = ORIENTED_EDGE ( 'NONE', *, *, #592, .F. ) ;
#3261 = SURFACE_STYLE_FILL_AREA ( #928 ) ;
#3262 = EDGE_CURVE ( 'NONE', #6863, #5107, #5096, .T. ) ;
#3263 = ADVANCED_FACE ( 'NONE', ( #8059 ), #1142, .F. ) ;
#3264 =( LENGTH_UNIT ( ) NAMED_UNIT ( * ) SI_UNIT ( .MILLI., .METRE. ) );
#3265 = PRESENTATION_LAYER_ASSIGNMENT (  '', '', ( #5354 ) ) ;
#3266 = FACE_OUTER_BOUND ( 'NONE', #3443, .T. ) ;
#3267 = FACE_OUTER_BOUND ( 'NONE', #7885, .T. ) ;
#3268 = VECTOR ( 'NONE', #130, 1000.000000000000000 ) ;
#3269 = EDGE_CURVE ( 'NONE', #8337, #2139, #50, .T. ) ;
#3270 = VERTEX_POINT ( 'NONE', #3121 ) ;
#3271 = CARTESIAN_POINT ( 'NONE',  ( 12.61666666666666892, 3.183333333333333126, -0.2666666666666668850 ) ) ;
#3272 = STYLED_ITEM ( 'NONE', ( #5821 ), #1740 ) ;
#3273 = CARTESIAN_POINT ( 'NONE',  ( 14.85000000000000142, 3.250000000000000000, -0.2000000000000000111 ) ) ;
#3274 = VECTOR ( 'NONE', #4705, 1000.000000000000000 ) ;
#3275 = CARTESIAN_POINT ( 'NONE',  ( 0.8000000000000004885, 3.649999999999999911, -7.000000000000000000 ) ) ;
#3276 =( NAMED_UNIT ( * ) PLANE_ANGLE_UNIT ( ) SI_UNIT ( $, .RADIAN. ) );
#3277 =( NAMED_UNIT ( * ) PLANE_ANGLE_UNIT ( ) SI_UNIT ( $, .RADIAN. ) );
#3278 = FACE_OUTER_BOUND ( 'NONE', #4799, .T. ) ;
#3279 = ORIENTED_EDGE ( 'NONE', *, *, #5602, .T. ) ;
#3280 = EDGE_LOOP ( 'NONE', ( #1473, #6770, #4867 ) ) ;
#3281 = DIRECTION ( 'NONE',  ( 0.5773502691896259531, 0.5773502691896239547, 0.5773502691896273964 ) ) ;
#3282 = FILL_AREA_STYLE_COLOUR ( '', #4165 ) ;
#3283 = PRESENTATION_LAYER_ASSIGNMENT (  '', '', ( #7624 ) ) ;
#3284 = FILL_AREA_STYLE_COLOUR ( '', #7657 ) ;
#3285 = PLANE ( 'NONE',  #7208 ) ;
#3286 = PRESENTATION_LAYER_ASSIGNMENT (  '', '', ( #4412 ) ) ;
#3287 = SURFACE_SIDE_STYLE ('',( #6499 ) ) ;
#3288 = CARTESIAN_POINT ( 'NONE',  ( 10.05000000000000071, 3.450000000000000178, -0.2000000000000000111 ) ) ;
#3289 = VECTOR ( 'NONE', #912, 1000.000000000000000 ) ;
#3290 = PRESENTATION_STYLE_ASSIGNMENT (( #9197 ) ) ;
#3291 = VECTOR ( 'NONE', #5101, 1000.000000000000000 ) ;
#3292 = LINE ( 'NONE', #5558, #226 ) ;
#3293 = PLANE ( 'NONE',  #399 ) ;
#3294 = VERTEX_POINT ( 'NONE', #6748 ) ;
#3295 = ORIENTED_EDGE ( 'NONE', *, *, #4872, .F. ) ;
#3296 = STYLED_ITEM ( 'NONE', ( #9558 ), #1091 ) ;
#3297 = DIRECTION ( 'NONE',  ( 0.000000000000000000, 0.000000000000000000, -1.000000000000000000 ) ) ;
#3298 = SURFACE_SIDE_STYLE ('',( #4962 ) ) ;
#3299 = PRESENTATION_LAYER_ASSIGNMENT (  '', '', ( #5546 ) ) ;
#3300 = STYLED_ITEM ( 'NONE', ( #6113 ), #5284 ) ;
#3301 =( NAMED_UNIT ( * ) SI_UNIT ( $, .STERADIAN. ) SOLID_ANGLE_UNIT ( ) );
#3302 = UNCERTAINTY_MEASURE_WITH_UNIT (LENGTH_MEASURE( 1.000000000000000082E-05 ), #7503, 'distance_accuracy_value', 'NONE');
#3303 = PRESENTATION_LAYER_ASSIGNMENT (  '', '', ( #6363 ) ) ;
#3304 = FACE_OUTER_BOUND ( 'NONE', #3924, .T. ) ;
#3305 = PRESENTATION_LAYER_ASSIGNMENT (  '', '', ( #8436 ) ) ;
#3306 = DIRECTION ( 'NONE',  ( 1.000000000000000000, 0.000000000000000000, 0.000000000000000000 ) ) ;
#3307 = COLOUR_RGB ( '',0.7529411764705882248, 0.7529411764705882248, 0.7529411764705882248 ) ;
#3308 = EDGE_CURVE ( 'NONE', #5732, #8841, #9093, .T. ) ;
#3309 = CARTESIAN_POINT ( 'NONE',  ( 12.75000000000000178, 3.450000000000000178, -0.2000000000000000111 ) ) ;
#3310 = SURFACE_SIDE_STYLE ('',( #1818 ) ) ;
#3311 = EDGE_LOOP ( 'NONE', ( #7223, #7839, #2622, #6198 ) ) ;
#3312 = DIRECTION ( 'NONE',  ( 0.000000000000000000, -0.000000000000000000, -1.000000000000000000 ) ) ;
#3313 = VECTOR ( 'NONE', #7124, 1000.000000000000000 ) ;
#3314 = AXIS2_PLACEMENT_3D ( 'NONE', #4989, #1290, #9687 ) ;
#3315 = AXIS2_PLACEMENT_3D ( 'NONE', #4483, #635, #1622 ) ;
#3316 = ORIENTED_EDGE ( 'NONE', *, *, #166, .F. ) ;
#3317 = CARTESIAN_POINT ( 'NONE',  ( 5.250000000000000000, 3.050000000000000266, -0.2000000000000000111 ) ) ;
#3318 = ORIENTED_EDGE ( 'NONE', *, *, #8697, .T. ) ;
#3319 = EDGE_CURVE ( 'NONE', #671, #4404, #3690, .T. ) ;
#3320 =( NAMED_UNIT ( * ) SI_UNIT ( $, .STERADIAN. ) SOLID_ANGLE_UNIT ( ) );
#3321 = AXIS2_PLACEMENT_3D ( 'NONE', #6695, #742, #3 ) ;
#3322 = SURFACE_SIDE_STYLE ('',( #7198 ) ) ;
#3323 =( LENGTH_UNIT ( ) NAMED_UNIT ( * ) SI_UNIT ( .MILLI., .METRE. ) );
#3324 = UNCERTAINTY_MEASURE_WITH_UNIT (LENGTH_MEASURE( 1.000000000000000082E-05 ), #5849, 'distance_accuracy_value', 'NONE');
#3325 = FILL_AREA_STYLE ('',( #6342 ) ) ;
#3326 = EDGE_CURVE ( 'NONE', #1623, #1152, #9839, .T. ) ;
#3327 = COLOUR_RGB ( '',0.7529411764705882248, 0.7529411764705882248, 0.7529411764705882248 ) ;
#3328 = ORIENTED_EDGE ( 'NONE', *, *, #3938, .T. ) ;
#3329 = DIRECTION ( 'NONE',  ( 0.000000000000000000, 0.000000000000000000, 1.000000000000000000 ) ) ;
#3330 =( GEOMETRIC_REPRESENTATION_CONTEXT ( 3 ) GLOBAL_UNCERTAINTY_ASSIGNED_CONTEXT ( ( #9508 ) ) GLOBAL_UNIT_ASSIGNED_CONTEXT ( ( #7963, #7866, #6367 ) ) REPRESENTATION_CONTEXT ( 'NONE', 'WORKASPACE' ) );
#3331 = ORIENTED_EDGE ( 'NONE', *, *, #4538, .T. ) ;
#3332 = DIRECTION ( 'NONE',  ( 0.5773502691896225114, 0.5773502691896255090, -0.5773502691896291728 ) ) ;
#3333 = MECHANICAL_DESIGN_GEOMETRIC_PRESENTATION_REPRESENTATION (  '', ( #3159 ), #5905 ) ;
#3334 = CARTESIAN_POINT ( 'NONE',  ( 0.000000000000000000, 6.099999999999999645, 0.000000000000000000 ) ) ;
#3335 = ADVANCED_FACE ( 'NONE', ( #6906 ), #2976, .F. ) ;
#3336 = MECHANICAL_DESIGN_GEOMETRIC_PRESENTATION_REPRESENTATION (  '', ( #8150 ), #419 ) ;
#3337 = DIRECTION ( 'NONE',  ( 0.000000000000000000, -1.000000000000000000, 0.000000000000000000 ) ) ;
#3338 = SURFACE_STYLE_FILL_AREA ( #3946 ) ;
#3339 = FILL_AREA_STYLE_COLOUR ( '', #9018 ) ;
#3340 = CARTESIAN_POINT ( 'NONE',  ( 4.650000000000000355, 3.050000000000000266, -0.2000000000000000111 ) ) ;
#3341 = FILL_AREA_STYLE ('',( #6356 ) ) ;
#3342 = ORIENTED_EDGE ( 'NONE', *, *, #8682, .T. ) ;
#3343 = ORIENTED_EDGE ( 'NONE', *, *, #3512, .T. ) ;
#3344 = PRESENTATION_LAYER_ASSIGNMENT (  '', '', ( #6394 ) ) ;
#3345 = DIRECTION ( 'NONE',  ( -0.000000000000000000, 0.000000000000000000, -1.000000000000000000 ) ) ;
#3346 =( GEOMETRIC_REPRESENTATION_CONTEXT ( 3 ) GLOBAL_UNCERTAINTY_ASSIGNED_CONTEXT ( ( #1288 ) ) GLOBAL_UNIT_ASSIGNED_CONTEXT ( ( #8784, #4333, #8154 ) ) REPRESENTATION_CONTEXT ( 'NONE', 'WORKASPACE' ) );
#3347 = SURFACE_STYLE_USAGE ( .BOTH. , #7219 ) ;
#3348 = SURFACE_SIDE_STYLE ('',( #9453 ) ) ;
#3349 =( GEOMETRIC_REPRESENTATION_CONTEXT ( 3 ) GLOBAL_UNCERTAINTY_ASSIGNED_CONTEXT ( ( #869 ) ) GLOBAL_UNIT_ASSIGNED_CONTEXT ( ( #1483, #6787, #2867 ) ) REPRESENTATION_CONTEXT ( 'NONE', 'WORKASPACE' ) );
#3350 = AXIS2_PLACEMENT_3D ( 'NONE', #1194, #7355, #3542 ) ;
#3351 = DIRECTION ( 'NONE',  ( 0.000000000000000000, 0.000000000000000000, 1.000000000000000000 ) ) ;
#3352 = FILL_AREA_STYLE_COLOUR ( '', #4349 ) ;
#3353 = SURFACE_STYLE_USAGE ( .BOTH. , #8656 ) ;
#3354 = DIRECTION ( 'NONE',  ( 1.000000000000000000, -0.000000000000000000, 0.000000000000000000 ) ) ;
#3355 = ORIENTED_EDGE ( 'NONE', *, *, #2118, .T. ) ;
#3356 = ORIENTED_EDGE ( 'NONE', *, *, #3326, .T. ) ;
#3357 = VECTOR ( 'NONE', #3831, 1000.000000000000000 ) ;
#3358 = CARTESIAN_POINT ( 'NONE',  ( 2.450000000000000178, -2.000000000000000000, -9.199999999999999289 ) ) ;
#3359 = PRESENTATION_STYLE_ASSIGNMENT (( #8022 ) ) ;
#3360 = FILL_AREA_STYLE_COLOUR ( '', #8788 ) ;
#3361 = DIRECTION ( 'NONE',  ( 1.000000000000000000, 0.000000000000000000, 0.000000000000000000 ) ) ;
#3362 = PRESENTATION_LAYER_ASSIGNMENT (  '', '', ( #2051 ) ) ;
#3363 = SURFACE_STYLE_FILL_AREA ( #1871 ) ;
#3364 =( LENGTH_UNIT ( ) NAMED_UNIT ( * ) SI_UNIT ( .MILLI., .METRE. ) );
#3365 = ORIENTED_EDGE ( 'NONE', *, *, #702, .T. ) ;
#3366 = CARTESIAN_POINT ( 'NONE',  ( 5.250000000000000000, 3.250000000000000000, -0.2000000000000000111 ) ) ;
#3367 = VERTEX_POINT ( 'NONE', #6199 ) ;
#3368 = DIRECTION ( 'NONE',  ( 0.000000000000000000, 0.000000000000000000, -1.000000000000000000 ) ) ;
#3369 = PRESENTATION_STYLE_ASSIGNMENT (( #5785 ) ) ;
#3370 = EDGE_CURVE ( 'NONE', #3890, #366, #2257, .T. ) ;
#3371 = CARTESIAN_POINT ( 'NONE',  ( 4.650000000000000355, 3.050000000000000266, -6.200000000000000178 ) ) ;
#3372 = FILL_AREA_STYLE_COLOUR ( '', #1998 ) ;
#3373 = ORIENTED_EDGE ( 'NONE', *, *, #5779, .T. ) ;
#3374 = FILL_AREA_STYLE ('',( #979 ) ) ;
#3375 = DIRECTION ( 'NONE',  ( -0.000000000000000000, 1.000000000000000000, -0.000000000000000000 ) ) ;
#3376 = ORIENTED_EDGE ( 'NONE', *, *, #5520, .T. ) ;
#3377 = FILL_AREA_STYLE ('',( #8877 ) ) ;
#3378 = EDGE_CURVE ( 'NONE', #4852, #2443, #3033, .T. ) ;
#3379 = LINE ( 'NONE', #6443, #6446 ) ;
#3380 = EDGE_CURVE ( 'NONE', #5661, #4596, #5390, .T. ) ;
#3381 = FILL_AREA_STYLE ('',( #9484 ) ) ;
#3382 = FACE_OUTER_BOUND ( 'NONE', #3148, .T. ) ;
#3383 = DIRECTION ( 'NONE',  ( -1.000000000000000000, 0.000000000000000000, 0.000000000000000000 ) ) ;
#3384 = SURFACE_STYLE_FILL_AREA ( #6302 ) ;
#3385 = EDGE_LOOP ( 'NONE', ( #6492, #1367, #3502, #8564 ) ) ;
#3386 = ORIENTED_EDGE ( 'NONE', *, *, #9310, .T. ) ;
#3387 = CARTESIAN_POINT ( 'NONE',  ( 12.45000000000000107, -2.000000000000000000, -9.500000000000000000 ) ) ;
#3388 = LINE ( 'NONE', #2570, #1242 ) ;
#3389 = EDGE_CURVE ( 'NONE', #3618, #8519, #6109, .T. ) ;
#3390 =( LENGTH_UNIT ( ) NAMED_UNIT ( * ) SI_UNIT ( .MILLI., .METRE. ) );
#3391 = CARTESIAN_POINT ( 'NONE',  ( 19.65000000000000213, 3.649999999999999911, -0.4000000000000010214 ) ) ;
#3392 = PRESENTATION_LAYER_ASSIGNMENT (  '', '', ( #2412 ) ) ;
#3393 = CARTESIAN_POINT ( 'NONE',  ( 20.40000000000000213, 6.100999999999999979, -0.5000000000000002220 ) ) ;
#3394 =( LENGTH_UNIT ( ) NAMED_UNIT ( * ) SI_UNIT ( .MILLI., .METRE. ) );
#3395 = CARTESIAN_POINT ( 'NONE',  ( 5.250000000000000000, 3.050000000000000266, -7.000000000000000000 ) ) ;
#3396 = LINE ( 'NONE', #4851, #6349 ) ;
#3397 = ORIENTED_EDGE ( 'NONE', *, *, #8690, .T. ) ;
#3398 = EDGE_CURVE ( 'NONE', #4214, #7128, #1492, .T. ) ;
#3399 = ORIENTED_EDGE ( 'NONE', *, *, #7296, .T. ) ;
#3400 = COLOUR_RGB ( '',0.7529411764705882248, 0.7529411764705882248, 0.7529411764705882248 ) ;
#3401 = PRESENTATION_STYLE_ASSIGNMENT (( #312 ) ) ;
#3402 = UNCERTAINTY_MEASURE_WITH_UNIT (LENGTH_MEASURE( 1.000000000000000082E-05 ), #2393, 'distance_accuracy_value', 'NONE');
#3403 = SURFACE_STYLE_USAGE ( .BOTH. , #7468 ) ;
#3404 = CARTESIAN_POINT ( 'NONE',  ( 2.550000000000000711, 3.050000000000000266, -0.2000000000000000111 ) ) ;
#3405 = DIRECTION ( 'NONE',  ( -1.000000000000000000, -0.000000000000000000, -0.000000000000000000 ) ) ;
#3406 = SURFACE_SIDE_STYLE ('',( #5623 ) ) ;
#3407 = PRESENTATION_STYLE_ASSIGNMENT (( #9418 ) ) ;
#3408 = ORIENTED_EDGE ( 'NONE', *, *, #9377, .T. ) ;
#3409 = EDGE_LOOP ( 'NONE', ( #9525, #1291, #7914, #7472 ) ) ;
#3410 = SURFACE_SIDE_STYLE ('',( #2594 ) ) ;
#3411 =( NAMED_UNIT ( * ) PLANE_ANGLE_UNIT ( ) SI_UNIT ( $, .RADIAN. ) );
#3412 = PRESENTATION_STYLE_ASSIGNMENT (( #9579 ) ) ;
#3413 = UNCERTAINTY_MEASURE_WITH_UNIT (LENGTH_MEASURE( 1.000000000000000082E-05 ), #4648, 'distance_accuracy_value', 'NONE');
#3414 = VERTEX_POINT ( 'NONE', #8448 ) ;
#3415 = SURFACE_STYLE_USAGE ( .BOTH. , #289 ) ;
#3416 = PRESENTATION_LAYER_ASSIGNMENT (  '', '', ( #9493 ) ) ;
#3417 = FACE_OUTER_BOUND ( 'NONE', #8485, .T. ) ;
#3418 = ORIENTED_EDGE ( 'NONE', *, *, #2889, .T. ) ;
#3419 = CARTESIAN_POINT ( 'NONE',  ( 15.25000000000000178, 3.050000000000000266, -0.2000000000000000111 ) ) ;
#3420 = MECHANICAL_DESIGN_GEOMETRIC_PRESENTATION_REPRESENTATION (  '', ( #9496 ), #1145 ) ;
#3421 = SURFACE_STYLE_FILL_AREA ( #3377 ) ;
#3422 = COLOUR_RGB ( '',0.7529411764705882248, 0.7529411764705882248, 0.7529411764705882248 ) ;
#3423 =( NAMED_UNIT ( * ) PLANE_ANGLE_UNIT ( ) SI_UNIT ( $, .RADIAN. ) );
#3424 =( LENGTH_UNIT ( ) NAMED_UNIT ( * ) SI_UNIT ( .MILLI., .METRE. ) );
#3425 = UNCERTAINTY_MEASURE_WITH_UNIT (LENGTH_MEASURE( 1.000000000000000082E-05 ), #8887, 'distance_accuracy_value', 'NONE');
#3426 = EDGE_CURVE ( 'NONE', #411, #7387, #3076, .T. ) ;
#3427 = CARTESIAN_POINT ( 'NONE',  ( 9.850000000000001421, 3.050000000000000266, -0.2000000000000000111 ) ) ;
#3428 = EDGE_LOOP ( 'NONE', ( #4693, #7999, #1658, #3713 ) ) ;
#3429 = VERTEX_POINT ( 'NONE', #4642 ) ;
#3430 = CARTESIAN_POINT ( 'NONE',  ( 2.750000000000000444, -1.084202172485504434E-16, -8.900000000000000355 ) ) ;
#3431 = EDGE_CURVE ( 'NONE', #2170, #1692, #7706, .T. ) ;
#3432 = VECTOR ( 'NONE', #6530, 1000.000000000000000 ) ;
#3433 = DIRECTION ( 'NONE',  ( 0.000000000000000000, 0.000000000000000000, -1.000000000000000000 ) ) ;
#3434 = LINE ( 'NONE', #8798, #1294 ) ;
#3435 = FACE_OUTER_BOUND ( 'NONE', #3004, .T. ) ;
#3436 = UNCERTAINTY_MEASURE_WITH_UNIT (LENGTH_MEASURE( 1.000000000000000082E-05 ), #518, 'distance_accuracy_value', 'NONE');
#3437 = EDGE_CURVE ( 'NONE', #4044, #9352, #6438, .T. ) ;
#3438 = CARTESIAN_POINT ( 'NONE',  ( 10.25000000000000000, -1.084202172485504434E-16, -8.900000000000000355 ) ) ;
#3439 = EDGE_CURVE ( 'NONE', #4403, #7557, #7942, .T. ) ;
#3440 = DIRECTION ( 'NONE',  ( -1.000000000000000000, -0.000000000000000000, -0.000000000000000000 ) ) ;
#3441 = SURFACE_SIDE_STYLE ('',( #5000 ) ) ;
#3442 = ORIENTED_EDGE ( 'NONE', *, *, #3319, .F. ) ;
#3443 = EDGE_LOOP ( 'NONE', ( #256, #8627, #8334, #4144 ) ) ;
#3444 = VECTOR ( 'NONE', #6038, 1000.000000000000000 ) ;
#3445 = DIRECTION ( 'NONE',  ( 0.000000000000000000, 0.000000000000000000, -1.000000000000000000 ) ) ;
#3446 = DIRECTION ( 'NONE',  ( 0.000000000000000000, 0.000000000000000000, -1.000000000000000000 ) ) ;
#3447 = EDGE_CURVE ( 'NONE', #7434, #4190, #1736, .T. ) ;
#3448 =( GEOMETRIC_REPRESENTATION_CONTEXT ( 3 ) GLOBAL_UNCERTAINTY_ASSIGNED_CONTEXT ( ( #1576 ) ) GLOBAL_UNIT_ASSIGNED_CONTEXT ( ( #3760, #7684, #2384 ) ) REPRESENTATION_CONTEXT ( 'NONE', 'WORKASPACE' ) );
#3449 = STYLED_ITEM ( 'NONE', ( #5868 ), #4184 ) ;
#3450 = MECHANICAL_DESIGN_GEOMETRIC_PRESENTATION_REPRESENTATION (  '', ( #1171 ), #4736 ) ;
#3451 = FILL_AREA_STYLE_COLOUR ( '', #6141 ) ;
#3452 = CARTESIAN_POINT ( 'NONE',  ( 17.75000000000000000, 3.649999999999999911, -8.300000000000000711 ) ) ;
#3453 = CARTESIAN_POINT ( 'NONE',  ( 5.250000000000000000, -1.084202172485504434E-16, -8.900000000000000355 ) ) ;
#3454 = FACE_OUTER_BOUND ( 'NONE', #1382, .T. ) ;
#3455 = FACE_OUTER_BOUND ( 'NONE', #8975, .T. ) ;
#3456 = CIRCLE ( 'NONE', #6984, 0.5999999999999998668 ) ;
#3457 = ORIENTED_EDGE ( 'NONE', *, *, #1453, .F. ) ;
#3458 = CARTESIAN_POINT ( 'NONE',  ( 12.75000000000000178, -1.084202172485504434E-16, -9.500000000000000000 ) ) ;
#3459 = ORIENTED_EDGE ( 'NONE', *, *, #2877, .F. ) ;
#3460 = ORIENTED_EDGE ( 'NONE', *, *, #7907, .F. ) ;
#3461 = CARTESIAN_POINT ( 'NONE',  ( 19.95000000000000284, -2.000000000000000000, -9.199999999999999289 ) ) ;
#3462 = PLANE ( 'NONE',  #1725 ) ;
#3463 = MECHANICAL_DESIGN_GEOMETRIC_PRESENTATION_REPRESENTATION (  '', ( #6830 ), #865 ) ;
#3464 = AXIS2_PLACEMENT_3D ( 'NONE', #6788, #9087, #5035 ) ;
#3465 = LINE ( 'NONE', #1879, #3432 ) ;
#3466 =( GEOMETRIC_REPRESENTATION_CONTEXT ( 3 ) GLOBAL_UNCERTAINTY_ASSIGNED_CONTEXT ( ( #8424 ) ) GLOBAL_UNIT_ASSIGNED_CONTEXT ( ( #549, #4389, #9600 ) ) REPRESENTATION_CONTEXT ( 'NONE', 'WORKASPACE' ) );
#3467 = CARTESIAN_POINT ( 'NONE',  ( 19.95000000000000284, -2.000000000000000000, -9.500000000000000000 ) ) ;
#3468 = FACE_OUTER_BOUND ( 'NONE', #9307, .T. ) ;
#3469 = STYLED_ITEM ( 'NONE', ( #2876 ), #3206 ) ;
#3470 = VECTOR ( 'NONE', #5212, 1000.000000000000000 ) ;
#3471 = FACE_BOUND ( 'NONE', #4566, .T. ) ;
#3472 = PRESENTATION_STYLE_ASSIGNMENT (( #3671 ) ) ;
#3473 = AXIS2_PLACEMENT_3D ( 'NONE', #3838, #9929, #2286 ) ;
#3474 = FACE_BOUND ( 'NONE', #9049, .T. ) ;
#3475 = VECTOR ( 'NONE', #6550, 1000.000000000000000 ) ;
#3476 = VECTOR ( 'NONE', #5788, 1000.000000000000000 ) ;
#3477 = VERTEX_POINT ( 'NONE', #1037 ) ;
#3478 = FILL_AREA_STYLE ('',( #8001 ) ) ;
#3479 = CIRCLE ( 'NONE', #9701, 0.2999999999999999334 ) ;
#3480 = STYLED_ITEM ( 'NONE', ( #7017 ), #1278 ) ;
#3481 = ORIENTED_EDGE ( 'NONE', *, *, #3549, .F. ) ;
#3482 = FILL_AREA_STYLE ('',( #2749 ) ) ;
#3483 = LINE ( 'NONE', #1130, #908 ) ;
#3484 = COLOUR_RGB ( '',0.7529411764705882248, 0.7529411764705882248, 0.7529411764705882248 ) ;
#3485 = AXIS2_PLACEMENT_3D ( 'NONE', #7556, #1394, #1337 ) ;
#3486 = VECTOR ( 'NONE', #7714, 1000.000000000000000 ) ;
#3487 = DIRECTION ( 'NONE',  ( 1.000000000000000000, 0.000000000000000000, 0.000000000000000000 ) ) ;
#3488 = FACE_OUTER_BOUND ( 'NONE', #3280, .T. ) ;
#3489 = LINE ( 'NONE', #7256, #9827 ) ;
#3490 = LINE ( 'NONE', #8839, #7797 ) ;
#3491 = DIRECTION ( 'NONE',  ( 0.000000000000000000, 0.000000000000000000, -1.000000000000000000 ) ) ;
#3492 = ORIENTED_EDGE ( 'NONE', *, *, #3426, .F. ) ;
#3493 = ORIENTED_EDGE ( 'NONE', *, *, #329, .F. ) ;
#3494 = FILL_AREA_STYLE ('',( #1292 ) ) ;
#3495 = VECTOR ( 'NONE', #3738, 1000.000000000000000 ) ;
#3496 = CARTESIAN_POINT ( 'NONE',  ( 7.550000000000000711, 3.050000000000000266, -0.2000000000000000111 ) ) ;
#3497 = EDGE_CURVE ( 'NONE', #9109, #9038, #5685, .T. ) ;
#3498 = VECTOR ( 'NONE', #1762, 1000.000000000000000 ) ;
#3499 = CARTESIAN_POINT ( 'NONE',  ( 1.999999999999998224, 6.099999999999999645, -3.100000000000001421 ) ) ;
#3500 = LINE ( 'NONE', #9553, #5553 ) ;
#3501 = ORIENTED_EDGE ( 'NONE', *, *, #5112, .F. ) ;
#3502 = ORIENTED_EDGE ( 'NONE', *, *, #5484, .F. ) ;
#3503 = DIRECTION ( 'NONE',  ( 0.000000000000000000, -1.000000000000000000, 0.000000000000000000 ) ) ;
#3504 = PLANE ( 'NONE',  #2198 ) ;
#3505 = EDGE_CURVE ( 'NONE', #5302, #9365, #9331, .T. ) ;
#3506 = COLOUR_RGB ( '',0.7529411764705882248, 0.7529411764705882248, 0.7529411764705882248 ) ;
#3507 = STYLED_ITEM ( 'NONE', ( #6110 ), #295 ) ;
#3508 =( NAMED_UNIT ( * ) SI_UNIT ( $, .STERADIAN. ) SOLID_ANGLE_UNIT ( ) );
#3509 = UNCERTAINTY_MEASURE_WITH_UNIT (LENGTH_MEASURE( 1.000000000000000082E-05 ), #6326, 'distance_accuracy_value', 'NONE');
#3510 = CARTESIAN_POINT ( 'NONE',  ( 12.15000000000000036, 2.449999999999999734, -9.500000000000000000 ) ) ;
#3511 = LINE ( 'NONE', #9713, #4446 ) ;
#3512 = EDGE_CURVE ( 'NONE', #732, #3836, #6297, .T. ) ;
#3513 = SURFACE_STYLE_FILL_AREA ( #4163 ) ;
#3514 = CARTESIAN_POINT ( 'NONE',  ( 22.39999999999999858, 6.099999999999999645, 0.000000000000000000 ) ) ;
#3515 = ORIENTED_EDGE ( 'NONE', *, *, #8097, .T. ) ;
#3516 =( NAMED_UNIT ( * ) PLANE_ANGLE_UNIT ( ) SI_UNIT ( $, .RADIAN. ) );
#3517 = ORIENTED_EDGE ( 'NONE', *, *, #3143, .F. ) ;
#3518 = ORIENTED_EDGE ( 'NONE', *, *, #1153, .F. ) ;
#3519 = CARTESIAN_POINT ( 'NONE',  ( 0.000000000000000000, 6.099999999999999645, 0.000000000000000000 ) ) ;
#3520 = ADVANCED_FACE ( 'NONE', ( #4083 ), #1639, .T. ) ;
#3521 = EDGE_LOOP ( 'NONE', ( #736, #8973, #5590, #2549 ) ) ;
#3522 = DIRECTION ( 'NONE',  ( 0.000000000000000000, -0.000000000000000000, -1.000000000000000000 ) ) ;
#3523 = CARTESIAN_POINT ( 'NONE',  ( 7.750000000000000000, -1.084202172485504434E-16, -9.500000000000000000 ) ) ;
#3524 = DIRECTION ( 'NONE',  ( -1.000000000000000000, -0.000000000000000000, -0.000000000000000000 ) ) ;
#3525 = UNCERTAINTY_MEASURE_WITH_UNIT (LENGTH_MEASURE( 1.000000000000000082E-05 ), #1700, 'distance_accuracy_value', 'NONE');
#3526 = FILL_AREA_STYLE_COLOUR ( '', #8100 ) ;
#3527 = MECHANICAL_DESIGN_GEOMETRIC_PRESENTATION_REPRESENTATION (  '', ( #4646 ), #1572 ) ;
#3528 = ORIENTED_EDGE ( 'NONE', *, *, #9679, .F. ) ;
#3529 = FACE_OUTER_BOUND ( 'NONE', #9060, .T. ) ;
#3530 = ADVANCED_FACE ( 'NONE', ( #9438 ), #5488, .T. ) ;
#3531 = ORIENTED_EDGE ( 'NONE', *, *, #4747, .F. ) ;
#3532 = LINE ( 'NONE', #8832, #3633 ) ;
#3533 =( GEOMETRIC_REPRESENTATION_CONTEXT ( 3 ) GLOBAL_UNCERTAINTY_ASSIGNED_CONTEXT ( ( #2492 ) ) GLOBAL_UNIT_ASSIGNED_CONTEXT ( ( #6018, #5263, #6763 ) ) REPRESENTATION_CONTEXT ( 'NONE', 'WORKASPACE' ) );
#3534 = CARTESIAN_POINT ( 'NONE',  ( 1.999999999999998224, 6.099999999999999645, -0.2000000000000018152 ) ) ;
#3535 = PLANE ( 'NONE',  #6600 ) ;
#3536 = FACE_OUTER_BOUND ( 'NONE', #7492, .T. ) ;
#3537 = CARTESIAN_POINT ( 'NONE',  ( 0.8000000000000004885, 3.050000000000000266, -7.000000000000000000 ) ) ;
#3538 = LINE ( 'NONE', #1848, #5234 ) ;
#3539 = DIRECTION ( 'NONE',  ( 0.000000000000000000, 1.000000000000000000, 0.000000000000000000 ) ) ;
#3540 = ORIENTED_EDGE ( 'NONE', *, *, #116, .F. ) ;
#3541 =( NAMED_UNIT ( * ) PLANE_ANGLE_UNIT ( ) SI_UNIT ( $, .RADIAN. ) );
#3542 = DIRECTION ( 'NONE',  ( 0.000000000000000000, -0.000000000000000000, -1.000000000000000000 ) ) ;
#3543 = DIRECTION ( 'NONE',  ( 0.000000000000000000, -1.000000000000000000, 0.000000000000000000 ) ) ;
#3544 = SURFACE_STYLE_USAGE ( .BOTH. , #5855 ) ;
#3545 = CARTESIAN_POINT ( 'NONE',  ( 14.65000000000000213, 2.450000000000000178, -8.300000000000000711 ) ) ;
#3546 = CARTESIAN_POINT ( 'NONE',  ( 5.250000000000000000, 2.450000000000000178, -8.900000000000000355 ) ) ;
#3547 = ORIENTED_EDGE ( 'NONE', *, *, #6823, .F. ) ;
#3548 = EDGE_LOOP ( 'NONE', ( #1876, #5505, #2652, #6553 ) ) ;
#3549 = EDGE_CURVE ( 'NONE', #378, #1365, #3479, .T. ) ;
#3550 = DIRECTION ( 'NONE',  ( -0.000000000000000000, -1.000000000000000000, -0.000000000000000000 ) ) ;
#3552 =( LENGTH_UNIT ( ) NAMED_UNIT ( * ) SI_UNIT ( .MILLI., .METRE. ) );
#3551 = VECTOR ( 'NONE', #4788, 1000.000000000000000 ) ;
#3553 = PLANE ( 'NONE',  #6496 ) ;
#3554 = SURFACE_SIDE_STYLE ('',( #4315 ) ) ;
#3555 = LINE ( 'NONE', #5116, #8439 ) ;
#3556 = CARTESIAN_POINT ( 'NONE',  ( 2.750000000000000444, -1.084202172485504434E-16, -9.500000000000000000 ) ) ;
#3557 = FACE_OUTER_BOUND ( 'NONE', #5375, .T. ) ;
#3558 = ORIENTED_EDGE ( 'NONE', *, *, #5791, .T. ) ;
#3559 = PLANE ( 'NONE',  #1045 ) ;
#3560 = VERTEX_POINT ( 'NONE', #2802 ) ;
#3561 = EDGE_CURVE ( 'NONE', #7158, #7937, #5795, .T. ) ;
#3562 = ORIENTED_EDGE ( 'NONE', *, *, #3767, .F. ) ;
#3563 = PLANE ( 'NONE',  #3687 ) ;
#3564 = CARTESIAN_POINT ( 'NONE',  ( 12.55000000000000249, 3.050000000000000266, -0.2000000000000000111 ) ) ;
#3565 = EDGE_CURVE ( 'NONE', #4558, #7533, #1232, .T. ) ;
#3566 = DIRECTION ( 'NONE',  ( 0.000000000000000000, -1.000000000000000000, 0.000000000000000000 ) ) ;
#3567 = CARTESIAN_POINT ( 'NONE',  ( 17.55000000000000071, 3.050000000000000266, -0.2000000000000000111 ) ) ;
#3568 = CARTESIAN_POINT ( 'NONE',  ( 9.650000000000000355, 3.050000000000000266, -7.000000000000000000 ) ) ;
#3569 = EDGE_LOOP ( 'NONE', ( #9627, #2403, #1001, #9265 ) ) ;
#3570 = EDGE_CURVE ( 'NONE', #7079, #1973, #3532, .T. ) ;
#3571 = EDGE_CURVE ( 'NONE', #7376, #9784, #9733, .T. ) ;
#3572 = ORIENTED_EDGE ( 'NONE', *, *, #9134, .F. ) ;
#3573 = VECTOR ( 'NONE', #3819, 1000.000000000000000 ) ;
#3574 = FILL_AREA_STYLE ('',( #5084 ) ) ;
#3575 = FILL_AREA_STYLE ('',( #6440 ) ) ;
#3576 = SURFACE_SIDE_STYLE ('',( #2534 ) ) ;
#3577 = CARTESIAN_POINT ( 'NONE',  ( 20.25000000000000000, 3.050000000000000266, -6.200000000000000178 ) ) ;
#3578 = FACE_OUTER_BOUND ( 'NONE', #5432, .T. ) ;
#3579 = ADVANCED_FACE ( 'NONE', ( #6638 ), #8192, .F. ) ;
#3580 = MECHANICAL_DESIGN_GEOMETRIC_PRESENTATION_REPRESENTATION (  '', ( #9493 ), #5182 ) ;
#3581 = DIRECTION ( 'NONE',  ( -0.000000000000000000, 1.000000000000000000, 0.000000000000000000 ) ) ;
#3582 = CARTESIAN_POINT ( 'NONE',  ( 0.8000000000000004885, 3.649999999999999911, -7.000000000000000000 ) ) ;
#3583 = COLOUR_RGB ( '',0.7529411764705882248, 0.7529411764705882248, 0.7529411764705882248 ) ;
#3584 = VERTEX_POINT ( 'NONE', #2043 ) ;
#3585 = SURFACE_SIDE_STYLE ('',( #1999 ) ) ;
#3586 = DIRECTION ( 'NONE',  ( 0.000000000000000000, 0.000000000000000000, 1.000000000000000000 ) ) ;
#3587 = VECTOR ( 'NONE', #9126, 1000.000000000000000 ) ;
#3588 =( GEOMETRIC_REPRESENTATION_CONTEXT ( 3 ) GLOBAL_UNCERTAINTY_ASSIGNED_CONTEXT ( ( #1776 ) ) GLOBAL_UNIT_ASSIGNED_CONTEXT ( ( #9783, #4578, #6105 ) ) REPRESENTATION_CONTEXT ( 'NONE', 'WORKASPACE' ) );
#3589 = PRESENTATION_STYLE_ASSIGNMENT (( #5959 ) ) ;
#3590 = LINE ( 'NONE', #4198, #1509 ) ;
#3591 = VECTOR ( 'NONE', #73, 1000.000000000000000 ) ;
#3592 = CARTESIAN_POINT ( 'NONE',  ( 0.8000000000000004885, 3.050000000000000266, -6.200000000000000178 ) ) ;
#3593 = SURFACE_STYLE_USAGE ( .BOTH. , #501 ) ;
#3594 = ORIENTED_EDGE ( 'NONE', *, *, #7189, .T. ) ;
#3595 = ORIENTED_EDGE ( 'NONE', *, *, #7506, .T. ) ;
#3596 =( GEOMETRIC_REPRESENTATION_CONTEXT ( 3 ) GLOBAL_UNCERTAINTY_ASSIGNED_CONTEXT ( ( #4033 ) ) GLOBAL_UNIT_ASSIGNED_CONTEXT ( ( #5874, #5013, #1918 ) ) REPRESENTATION_CONTEXT ( 'NONE', 'WORKASPACE' ) );
#3597 =( GEOMETRIC_REPRESENTATION_CONTEXT ( 3 ) GLOBAL_UNCERTAINTY_ASSIGNED_CONTEXT ( ( #284 ) ) GLOBAL_UNIT_ASSIGNED_CONTEXT ( ( #7887, #4720, #1681 ) ) REPRESENTATION_CONTEXT ( 'NONE', 'WORKASPACE' ) );
#3598 =( LENGTH_UNIT ( ) NAMED_UNIT ( * ) SI_UNIT ( .MILLI., .METRE. ) );
#3599 = DIRECTION ( 'NONE',  ( 0.000000000000000000, -1.000000000000000000, 0.000000000000000000 ) ) ;
#3600 = UNCERTAINTY_MEASURE_WITH_UNIT (LENGTH_MEASURE( 1.000000000000000082E-05 ), #8979, 'distance_accuracy_value', 'NONE');
#3601 = DIRECTION ( 'NONE',  ( 0.000000000000000000, 0.000000000000000000, 1.000000000000000000 ) ) ;
#3602 = PRESENTATION_LAYER_ASSIGNMENT (  '', '', ( #2298 ) ) ;
#3603 = DIRECTION ( 'NONE',  ( 1.000000000000000000, 0.000000000000000000, 0.000000000000000000 ) ) ;
#3604 = DIRECTION ( 'NONE',  ( 0.000000000000000000, -1.000000000000000000, 0.000000000000000000 ) ) ;
#3605 = SURFACE_STYLE_USAGE ( .BOTH. , #8860 ) ;
#3606 = ORIENTED_EDGE ( 'NONE', *, *, #9062, .T. ) ;
#3607 = SURFACE_STYLE_FILL_AREA ( #7420 ) ;
#3608 = ORIENTED_EDGE ( 'NONE', *, *, #2494, .F. ) ;
#3609 = EDGE_LOOP ( 'NONE', ( #3608, #1791, #2015, #860, #9288 ) ) ;
#3610 = PLANE ( 'NONE',  #8123 ) ;
#3611 = VECTOR ( 'NONE', #2591, 1000.000000000000000 ) ;
#3612 = MECHANICAL_DESIGN_GEOMETRIC_PRESENTATION_REPRESENTATION (  '', ( #5056 ), #8261 ) ;
#3613 = UNCERTAINTY_MEASURE_WITH_UNIT (LENGTH_MEASURE( 1.000000000000000082E-05 ), #1047, 'distance_accuracy_value', 'NONE');
#3614 = FILL_AREA_STYLE_COLOUR ( '', #2152 ) ;
#3615 = EDGE_CURVE ( 'NONE', #8273, #9477, #1893, .T. ) ;
#3616 = COLOUR_RGB ( '',0.7529411764705882248, 0.7529411764705882248, 0.7529411764705882248 ) ;
#3617 =( LENGTH_UNIT ( ) NAMED_UNIT ( * ) SI_UNIT ( .MILLI., .METRE. ) );
#3618 = VERTEX_POINT ( 'NONE', #5749 ) ;
#3619 = PRESENTATION_STYLE_ASSIGNMENT (( #526 ) ) ;
#3620 = COLOUR_RGB ( '',0.7529411764705882248, 0.7529411764705882248, 0.7529411764705882248 ) ;
#3621 = AXIS2_PLACEMENT_3D ( 'NONE', #806, #3904, #2424 ) ;
#3622 = EDGE_CURVE ( 'NONE', #7557, #6820, #6544, .T. ) ;
#3623 = STYLED_ITEM ( 'NONE', ( #4849 ), #5051 ) ;
#3624 = DIRECTION ( 'NONE',  ( 0.000000000000000000, -1.000000000000000000, 0.000000000000000000 ) ) ;
#3625 = ORIENTED_EDGE ( 'NONE', *, *, #1754, .F. ) ;
#3626 = CARTESIAN_POINT ( 'NONE',  ( 12.45000000000000107, -2.000000000000000000, -9.199999999999999289 ) ) ;
#3627 = AXIS2_PLACEMENT_3D ( 'NONE', #9354, #8554, #214 ) ;
#3628 = CIRCLE ( 'NONE', #7639, 0.5999999999999998668 ) ;
#3629 = VECTOR ( 'NONE', #2311, 1000.000000000000000 ) ;
#3630 = ADVANCED_FACE ( 'NONE', ( #8783 ), #1129, .F. ) ;
#3631 = PRESENTATION_LAYER_ASSIGNMENT (  '', '', ( #9216 ) ) ;
#3632 = SURFACE_STYLE_FILL_AREA ( #7448 ) ;
#3633 = VECTOR ( 'NONE', #1939, 1000.000000000000000 ) ;
#3634 = COLOUR_RGB ( '',0.7529411764705882248, 0.7529411764705882248, 0.7529411764705882248 ) ;
#3635 = CYLINDRICAL_SURFACE ( 'NONE', #2002, 0.5999999999999998668 ) ;
#3636 = EDGE_CURVE ( 'NONE', #1426, #6418, #3111, .T. ) ;
#3637 = STYLED_ITEM ( 'NONE', ( #3619 ), #9573 ) ;
#3638 = SURFACE_STYLE_FILL_AREA ( #4947 ) ;
#3639 = ORIENTED_EDGE ( 'NONE', *, *, #2452, .T. ) ;
#3640 = STYLED_ITEM ( 'NONE', ( #2891 ), #4800 ) ;
#3641 = SURFACE_STYLE_USAGE ( .BOTH. , #3585 ) ;
#3642 = VECTOR ( 'NONE', #5335, 1000.000000000000000 ) ;
#3643 =( GEOMETRIC_REPRESENTATION_CONTEXT ( 3 ) GLOBAL_UNCERTAINTY_ASSIGNED_CONTEXT ( ( #3102 ) ) GLOBAL_UNIT_ASSIGNED_CONTEXT ( ( #9033, #7038, #8982 ) ) REPRESENTATION_CONTEXT ( 'NONE', 'WORKASPACE' ) );
#3644 = FILL_AREA_STYLE_COLOUR ( '', #2858 ) ;
#3645 = EDGE_CURVE ( 'NONE', #2542, #8152, #1429, .T. ) ;
#3646 = VECTOR ( 'NONE', #2227, 1000.000000000000000 ) ;
#3647 = PRESENTATION_LAYER_ASSIGNMENT (  '', '', ( #9714 ) ) ;
#3648 = MECHANICAL_DESIGN_GEOMETRIC_PRESENTATION_REPRESENTATION (  '', ( #7180 ), #5408 ) ;
#3649 = AXIS2_PLACEMENT_3D ( 'NONE', #5185, #3073, #1438 ) ;
#3650 = SURFACE_SIDE_STYLE ('',( #9749 ) ) ;
#3651 = DIRECTION ( 'NONE',  ( -0.000000000000000000, -1.000000000000000000, -0.000000000000000000 ) ) ;
#3652 = CIRCLE ( 'NONE', #3165, 0.2999999999999999334 ) ;
#3653 = ORIENTED_EDGE ( 'NONE', *, *, #6352, .T. ) ;
#3654 = ORIENTED_EDGE ( 'NONE', *, *, #3837, .T. ) ;
#3655 = PRESENTATION_LAYER_ASSIGNMENT (  '', '', ( #1854 ) ) ;
#3656 = DIRECTION ( 'NONE',  ( 0.000000000000000000, 1.000000000000000000, 0.000000000000000000 ) ) ;
#3657 = DIRECTION ( 'NONE',  ( 1.000000000000000000, -0.000000000000000000, 1.508455196501571429E-16 ) ) ;
#3658 = DIRECTION ( 'NONE',  ( 0.000000000000000000, -1.000000000000000000, 0.000000000000000000 ) ) ;
#3659 = LINE ( 'NONE', #6871, #2596 ) ;
#3660 = PLANE ( 'NONE',  #4707 ) ;
#3661 = SURFACE_STYLE_FILL_AREA ( #569 ) ;
#3662 = DIRECTION ( 'NONE',  ( -1.000000000000000000, 0.000000000000000000, 0.000000000000000000 ) ) ;
#3663 = ORIENTED_EDGE ( 'NONE', *, *, #2951, .T. ) ;
#3664 = EDGE_LOOP ( 'NONE', ( #4355, #3063, #255, #5152 ) ) ;
#3665 = ORIENTED_EDGE ( 'NONE', *, *, #3893, .T. ) ;
#3666 = SURFACE_STYLE_USAGE ( .BOTH. , #7630 ) ;
#3667 = MECHANICAL_DESIGN_GEOMETRIC_PRESENTATION_REPRESENTATION (  '', ( #5270 ), #3847 ) ;
#3668 = COLOUR_RGB ( '',0.7529411764705882248, 0.7529411764705882248, 0.7529411764705882248 ) ;
#3669 =( NAMED_UNIT ( * ) PLANE_ANGLE_UNIT ( ) SI_UNIT ( $, .RADIAN. ) );
#3670 = SURFACE_STYLE_FILL_AREA ( #8185 ) ;
#3671 = SURFACE_STYLE_USAGE ( .BOTH. , #7285 ) ;
#3672 = CARTESIAN_POINT ( 'NONE',  ( 2.483333333333332504, 3.316666666666667318, -0.06666666666666637431 ) ) ;
#3673 = ORIENTED_EDGE ( 'NONE', *, *, #5908, .T. ) ;
#3674 = ORIENTED_EDGE ( 'NONE', *, *, #1621, .T. ) ;
#3675 = EDGE_LOOP ( 'NONE', ( #8135, #988, #6475, #3457 ) ) ;
#3676 =( NAMED_UNIT ( * ) PLANE_ANGLE_UNIT ( ) SI_UNIT ( $, .RADIAN. ) );
#3677 = ADVANCED_FACE ( 'NONE', ( #5378 ), #6894, .T. ) ;
#3678 = FILL_AREA_STYLE ('',( #3843 ) ) ;
#3679 =( NAMED_UNIT ( * ) SI_UNIT ( $, .STERADIAN. ) SOLID_ANGLE_UNIT ( ) );
#3680 =( GEOMETRIC_REPRESENTATION_CONTEXT ( 3 ) GLOBAL_UNCERTAINTY_ASSIGNED_CONTEXT ( ( #6324 ) ) GLOBAL_UNIT_ASSIGNED_CONTEXT ( ( #4470, #4363, #7633 ) ) REPRESENTATION_CONTEXT ( 'NONE', 'WORKASPACE' ) );
#3681 = VECTOR ( 'NONE', #9341, 1000.000000000000000 ) ;
#3682 = DIRECTION ( 'NONE',  ( -0.000000000000000000, 1.000000000000000000, 0.000000000000000000 ) ) ;
#3683 = PRESENTATION_STYLE_ASSIGNMENT (( #2753 ) ) ;
#3684 = FILL_AREA_STYLE ('',( #2812 ) ) ;
#3685 = CARTESIAN_POINT ( 'NONE',  ( 2.599999999999998312, 6.100999999999999979, -3.100000000000001421 ) ) ;
#3686 = SURFACE_SIDE_STYLE ('',( #8562 ) ) ;
#3687 = AXIS2_PLACEMENT_3D ( 'NONE', #6216, #3714, #2949 ) ;
#3688 = LINE ( 'NONE', #2101, #3642 ) ;
#3689 = ORIENTED_EDGE ( 'NONE', *, *, #1020, .T. ) ;
#3690 = LINE ( 'NONE', #7558, #4781 ) ;
#3691 = ADVANCED_FACE ( 'NONE', ( #4521 ), #5324, .F. ) ;
#3692 = DIRECTION ( 'NONE',  ( 0.000000000000000000, 1.000000000000000000, 0.000000000000000000 ) ) ;
#3693 = EDGE_CURVE ( 'NONE', #7112, #6274, #9826, .T. ) ;
#3694 = CARTESIAN_POINT ( 'NONE',  ( 5.250000000000000000, -1.084202172485504434E-16, -8.900000000000000355 ) ) ;
#3695 = SURFACE_STYLE_USAGE ( .BOTH. , #1500 ) ;
#3696 = DIRECTION ( 'NONE',  ( -1.000000000000000000, 0.000000000000000000, 0.000000000000000000 ) ) ;
#3697 =( NAMED_UNIT ( * ) PLANE_ANGLE_UNIT ( ) SI_UNIT ( $, .RADIAN. ) );
#3698 = DIRECTION ( 'NONE',  ( 0.000000000000000000, 0.000000000000000000, -1.000000000000000000 ) ) ;
#3699 = ORIENTED_EDGE ( 'NONE', *, *, #7509, .F. ) ;
#3700 = ORIENTED_EDGE ( 'NONE', *, *, #3017, .T. ) ;
#3701 = FILL_AREA_STYLE ('',( #4268 ) ) ;
#3702 = EDGE_CURVE ( 'NONE', #7579, #6461, #838, .T. ) ;
#3703 = PLANE ( 'NONE',  #431 ) ;
#3704 = UNCERTAINTY_MEASURE_WITH_UNIT (LENGTH_MEASURE( 1.000000000000000082E-05 ), #8665, 'distance_accuracy_value', 'NONE');
#3705 = LINE ( 'NONE', #6123, #7743 ) ;
#3706 = DIRECTION ( 'NONE',  ( 1.000000000000000000, 0.000000000000000000, 0.000000000000000000 ) ) ;
#3707 = EDGE_CURVE ( 'NONE', #5493, #4035, #5845, .T. ) ;
#3708 = DIRECTION ( 'NONE',  ( 0.000000000000000000, -1.000000000000000000, -0.000000000000000000 ) ) ;
#3709 = SURFACE_STYLE_USAGE ( .BOTH. , #2944 ) ;
#3710 = ORIENTED_EDGE ( 'NONE', *, *, #961, .T. ) ;
#3711 = LINE ( 'NONE', #1524, #9232 ) ;
#3712 = EDGE_LOOP ( 'NONE', ( #4090, #8323, #3245, #8137 ) ) ;
#3713 = ORIENTED_EDGE ( 'NONE', *, *, #651, .F. ) ;
#3714 = DIRECTION ( 'NONE',  ( 1.000000000000000000, 0.000000000000000000, 0.000000000000000000 ) ) ;
#3715 = COLOUR_RGB ( '',0.7529411764705882248, 0.7529411764705882248, 0.7529411764705882248 ) ;
#3716 =( NAMED_UNIT ( * ) SI_UNIT ( $, .STERADIAN. ) SOLID_ANGLE_UNIT ( ) );
#3717 = DIRECTION ( 'NONE',  ( 0.000000000000000000, 0.000000000000000000, -1.000000000000000000 ) ) ;
#3718 = UNCERTAINTY_MEASURE_WITH_UNIT (LENGTH_MEASURE( 1.000000000000000082E-05 ), #4965, 'distance_accuracy_value', 'NONE');
#3719 = CARTESIAN_POINT ( 'NONE',  ( 17.44999999999999929, -2.000000000000000000, -8.900000000000000355 ) ) ;
#3720 = VERTEX_POINT ( 'NONE', #9426 ) ;
#3721 =( NAMED_UNIT ( * ) SI_UNIT ( $, .STERADIAN. ) SOLID_ANGLE_UNIT ( ) );
#3722 = ORIENTED_EDGE ( 'NONE', *, *, #2872, .F. ) ;
#3723 = DIRECTION ( 'NONE',  ( 0.000000000000000000, 0.000000000000000000, -1.000000000000000000 ) ) ;
#3724 = EDGE_LOOP ( 'NONE', ( #2312, #1860, #5776, #326 ) ) ;
#3725 = CARTESIAN_POINT ( 'NONE',  ( 4.950000000000000178, -2.000000000000000000, -9.199999999999999289 ) ) ;
#3726 = AXIS2_PLACEMENT_3D ( 'NONE', #7554, #3487, #9634 ) ;
#3727 = FILL_AREA_STYLE ('',( #9083 ) ) ;
#3728 =( LENGTH_UNIT ( ) NAMED_UNIT ( * ) SI_UNIT ( .MILLI., .METRE. ) );
#3729 = CARTESIAN_POINT ( 'NONE',  ( 2.350000000000000089, 3.250000000000000000, -0.2000000000000000111 ) ) ;
#3730 = UNCERTAINTY_MEASURE_WITH_UNIT (LENGTH_MEASURE( 1.000000000000000082E-05 ), #6769, 'distance_accuracy_value', 'NONE');
#3731 = CARTESIAN_POINT ( 'NONE',  ( 4.849999999999999645, 3.249999999999999556, -0.2000000000000006495 ) ) ;
#3732 = DIRECTION ( 'NONE',  ( -0.5773502691896225114, 0.5773502691896255090, 0.5773502691896291728 ) ) ;
#3733 = COLOUR_RGB ( '',0.7529411764705882248, 0.7529411764705882248, 0.7529411764705882248 ) ;
#3734 = UNCERTAINTY_MEASURE_WITH_UNIT (LENGTH_MEASURE( 1.000000000000000082E-05 ), #6494, 'distance_accuracy_value', 'NONE');
#3735 = CARTESIAN_POINT ( 'NONE',  ( 9.950000000000001066, -2.000000000000000000, -9.500000000000000000 ) ) ;
#3736 = FILL_AREA_STYLE_COLOUR ( '', #2188 ) ;
#3737 = EDGE_LOOP ( 'NONE', ( #9536, #4629, #844 ) ) ;
#3738 = DIRECTION ( 'NONE',  ( -0.000000000000000000, -1.000000000000000000, -0.000000000000000000 ) ) ;
#3739 = VECTOR ( 'NONE', #9303, 1000.000000000000000 ) ;
#3740 = DIRECTION ( 'NONE',  ( 0.000000000000000000, 0.7071067811865453523, -0.7071067811865496822 ) ) ;
#3741 = ADVANCED_FACE ( 'NONE', ( #5435 ), #3981, .F. ) ;
#3742 = FILL_AREA_STYLE_COLOUR ( '', #7748 ) ;
#3743 = CARTESIAN_POINT ( 'NONE',  ( 18.95000000000000284, 6.100999999999999979, -3.700000000000000178 ) ) ;
#3744 = CARTESIAN_POINT ( 'NONE',  ( 10.25000000000000000, 2.450000000000000178, -8.900000000000000355 ) ) ;
#3745 = FILL_AREA_STYLE_COLOUR ( '', #6203 ) ;
#3746 = VERTEX_POINT ( 'NONE', #3216 ) ;
#3747 = ORIENTED_EDGE ( 'NONE', *, *, #8882, .T. ) ;
#3748 = ADVANCED_FACE ( 'NONE', ( #1584 ), #7085, .T. ) ;
#3749 = MECHANICAL_DESIGN_GEOMETRIC_PRESENTATION_REPRESENTATION (  '', ( #4228 ), #5020 ) ;
#3750 = LINE ( 'NONE', #5350, #7815 ) ;
#3751 =( NAMED_UNIT ( * ) PLANE_ANGLE_UNIT ( ) SI_UNIT ( $, .RADIAN. ) );
#3752 = MECHANICAL_DESIGN_GEOMETRIC_PRESENTATION_REPRESENTATION (  '', ( #5354 ), #1632 ) ;
#3753 =( NAMED_UNIT ( * ) PLANE_ANGLE_UNIT ( ) SI_UNIT ( $, .RADIAN. ) );
#3754 = CARTESIAN_POINT ( 'NONE',  ( 14.65000000000000213, 6.099999999999999645, -6.200000000000000178 ) ) ;
#3755 = AXIS2_PLACEMENT_3D ( 'NONE', #6020, #1412, #4502 ) ;
#3756 = DIRECTION ( 'NONE',  ( 0.000000000000000000, -0.000000000000000000, 1.000000000000000000 ) ) ;
#3757 = ADVANCED_FACE ( 'NONE', ( #184 ), #7133, .F. ) ;
#3758 = DIRECTION ( 'NONE',  ( -0.000000000000000000, 1.000000000000000000, 0.000000000000000000 ) ) ;
#3759 = LINE ( 'NONE', #9914, #1634 ) ;
#3760 =( LENGTH_UNIT ( ) NAMED_UNIT ( * ) SI_UNIT ( .MILLI., .METRE. ) );
#3761 = DIRECTION ( 'NONE',  ( 0.000000000000000000, 0.7071067811865453523, -0.7071067811865496822 ) ) ;
#3762 = COLOUR_RGB ( '',0.7529411764705882248, 0.7529411764705882248, 0.7529411764705882248 ) ;
#3763 = ORIENTED_EDGE ( 'NONE', *, *, #7812, .T. ) ;
#3764 = ORIENTED_EDGE ( 'NONE', *, *, #6439, .F. ) ;
#3765 = DIRECTION ( 'NONE',  ( 0.000000000000000000, 0.000000000000000000, -1.000000000000000000 ) ) ;
#3766 = LINE ( 'NONE', #2130, #6990 ) ;
#3767 = EDGE_CURVE ( 'NONE', #4176, #6574, #1321, .T. ) ;
#3768 =( LENGTH_UNIT ( ) NAMED_UNIT ( * ) SI_UNIT ( .MILLI., .METRE. ) );
#3769 = VECTOR ( 'NONE', #9007, 1000.000000000000000 ) ;
#3770 = LINE ( 'NONE', #1319, #1563 ) ;
#3771 = CARTESIAN_POINT ( 'NONE',  ( 2.150000000000000355, 2.449999999999999734, -8.300000000000000711 ) ) ;
#3772 = AXIS2_PLACEMENT_3D ( 'NONE', #3247, #79, #6232 ) ;
#3773 = SURFACE_STYLE_USAGE ( .BOTH. , #820 ) ;
#3774 = VERTEX_POINT ( 'NONE', #6624 ) ;
#3775 = CARTESIAN_POINT ( 'NONE',  ( 19.65000000000000213, 3.649999999999999911, -7.000000000000000000 ) ) ;
#3776 = ORIENTED_EDGE ( 'NONE', *, *, #2682, .F. ) ;
#3777 = VERTEX_POINT ( 'NONE', #9620 ) ;
#3778 = PRESENTATION_LAYER_ASSIGNMENT (  '', '', ( #6973 ) ) ;
#3779 = DIRECTION ( 'NONE',  ( 1.000000000000000000, -0.000000000000000000, -0.000000000000000000 ) ) ;
#3780 = AXIS2_PLACEMENT_3D ( 'NONE', #477, #1274, #5985 ) ;
#3781 = CARTESIAN_POINT ( 'NONE',  ( 17.44999999999999929, -2.000000000000000000, -9.500000000000000000 ) ) ;
#3782 = LINE ( 'NONE', #6839, #3587 ) ;
#3783 = PRESENTATION_STYLE_ASSIGNMENT (( #3845 ) ) ;
#3784 = VECTOR ( 'NONE', #4826, 1000.000000000000000 ) ;
#3785 = DIRECTION ( 'NONE',  ( 0.000000000000000000, -1.000000000000000000, 0.000000000000000000 ) ) ;
#3786 = CARTESIAN_POINT ( 'NONE',  ( 15.25000000000000178, 3.050000000000000266, -6.200000000000000178 ) ) ;
#3787 = VECTOR ( 'NONE', #3198, 1000.000000000000000 ) ;
#3788 =( GEOMETRIC_REPRESENTATION_CONTEXT ( 3 ) GLOBAL_UNCERTAINTY_ASSIGNED_CONTEXT ( ( #7739 ) ) GLOBAL_UNIT_ASSIGNED_CONTEXT ( ( #1667, #7836, #4772 ) ) REPRESENTATION_CONTEXT ( 'NONE', 'WORKASPACE' ) );
#3789 = MECHANICAL_DESIGN_GEOMETRIC_PRESENTATION_REPRESENTATION (  '', ( #6668 ), #1022 ) ;
#3790 = PRESENTATION_STYLE_ASSIGNMENT (( #684 ) ) ;
#3791 = DIRECTION ( 'NONE',  ( 0.000000000000000000, -0.000000000000000000, 1.000000000000000000 ) ) ;
#3792 = MECHANICAL_DESIGN_GEOMETRIC_PRESENTATION_REPRESENTATION (  '', ( #4893 ), #2156 ) ;
#3793 = VERTEX_POINT ( 'NONE', #8866 ) ;
#3794 = FACE_OUTER_BOUND ( 'NONE', #3569, .T. ) ;
#3795 = PRESENTATION_LAYER_ASSIGNMENT (  '', '', ( #2486 ) ) ;
#3796 = STYLED_ITEM ( 'NONE', ( #1237 ), #4347 ) ;
#3797 = STYLED_ITEM ( 'NONE', ( #350 ), #1951 ) ;
#3798 = MECHANICAL_DESIGN_GEOMETRIC_PRESENTATION_REPRESENTATION (  '', ( #4110 ), #2167 ) ;
#3799 =( GEOMETRIC_REPRESENTATION_CONTEXT ( 3 ) GLOBAL_UNCERTAINTY_ASSIGNED_CONTEXT ( ( #5328 ) ) GLOBAL_UNIT_ASSIGNED_CONTEXT ( ( #4534, #5337, #7664 ) ) REPRESENTATION_CONTEXT ( 'NONE', 'WORKASPACE' ) );
#3800 = STYLED_ITEM ( 'NONE', ( #7073 ), #1006 ) ;
#3801 = PRESENTATION_STYLE_ASSIGNMENT (( #4536 ) ) ;
#3802 = VECTOR ( 'NONE', #8974, 1000.000000000000000 ) ;
#3803 = DIRECTION ( 'NONE',  ( 0.000000000000000000, -1.000000000000000000, 0.000000000000000000 ) ) ;
#3804 = DIRECTION ( 'NONE',  ( 1.000000000000000000, 0.000000000000000000, -0.000000000000000000 ) ) ;
#3805 = COLOUR_RGB ( '',0.7529411764705882248, 0.7529411764705882248, 0.7529411764705882248 ) ;
#3806 = VECTOR ( 'NONE', #616, 1000.000000000000000 ) ;
#3807 = CYLINDRICAL_SURFACE ( 'NONE', #1662, 1.199999999999999734 ) ;
#3808 = LINE ( 'NONE', #5300, #1348 ) ;
#3809 = ORIENTED_EDGE ( 'NONE', *, *, #4620, .F. ) ;
#3810 = VERTEX_POINT ( 'NONE', #6477 ) ;
#3811 = CARTESIAN_POINT ( 'NONE',  ( 12.45000000000000107, 0.000000000000000000, -9.199999999999999289 ) ) ;
#3812 = MECHANICAL_DESIGN_GEOMETRIC_PRESENTATION_REPRESENTATION (  '', ( #1682 ), #5893 ) ;
#3813 = STYLED_ITEM ( 'NONE', ( #4047 ), #1317 ) ;
#3814 = EDGE_CURVE ( 'NONE', #6703, #424, #8920, .T. ) ;
#3815 = PLANE ( 'NONE',  #99 ) ;
#3816 = PLANE ( 'NONE',  #757 ) ;
#3817 = MECHANICAL_DESIGN_GEOMETRIC_PRESENTATION_REPRESENTATION (  '', ( #1368 ), #3007 ) ;
#3818 = UNCERTAINTY_MEASURE_WITH_UNIT (LENGTH_MEASURE( 1.000000000000000082E-05 ), #8862, 'distance_accuracy_value', 'NONE');
#3819 = DIRECTION ( 'NONE',  ( 0.000000000000000000, 0.000000000000000000, -1.000000000000000000 ) ) ;
#3820 = COLOUR_RGB ( '',0.7529411764705882248, 0.7529411764705882248, 0.7529411764705882248 ) ;
#3821 =( NAMED_UNIT ( * ) SI_UNIT ( $, .STERADIAN. ) SOLID_ANGLE_UNIT ( ) );
#3822 =( NAMED_UNIT ( * ) SI_UNIT ( $, .STERADIAN. ) SOLID_ANGLE_UNIT ( ) );
#3823 = ORIENTED_EDGE ( 'NONE', *, *, #9933, .F. ) ;
#3824 = CARTESIAN_POINT ( 'NONE',  ( 9.650000000000000355, 2.450000000000000178, -8.900000000000000355 ) ) ;
#3825 = ORIENTED_EDGE ( 'NONE', *, *, #234, .F. ) ;
#3826 = VECTOR ( 'NONE', #8931, 1000.000000000000000 ) ;
#3827 = SURFACE_STYLE_FILL_AREA ( #664 ) ;
#3828 = ADVANCED_FACE ( 'NONE', ( #9664 ), #7239, .T. ) ;
#3829 = COLOUR_RGB ( '',0.7529411764705882248, 0.7529411764705882248, 0.7529411764705882248 ) ;
#3830 = LINE ( 'NONE', #5272, #3470 ) ;
#3831 = DIRECTION ( 'NONE',  ( 0.000000000000000000, 1.000000000000000000, 0.000000000000000000 ) ) ;
#3832 = UNCERTAINTY_MEASURE_WITH_UNIT (LENGTH_MEASURE( 1.000000000000000082E-05 ), #7024, 'distance_accuracy_value', 'NONE');
#3833 = EDGE_CURVE ( 'NONE', #2031, #4167, #2641, .T. ) ;
#3834 = CARTESIAN_POINT ( 'NONE',  ( 20.25000000000000000, 3.649999999999999911, -0.2000000000000000111 ) ) ;
#3835 = FILL_AREA_STYLE_COLOUR ( '', #4921 ) ;
#3836 = VERTEX_POINT ( 'NONE', #5735 ) ;
#3837 = EDGE_CURVE ( 'NONE', #4507, #3793, #3465, .T. ) ;
#3838 = CARTESIAN_POINT ( 'NONE',  ( 14.65000000000000213, -1.084202172485504434E-16, -0.4000000000000010214 ) ) ;
#3839 = VECTOR ( 'NONE', #6265, 1000.000000000000000 ) ;
#3840 = VERTEX_POINT ( 'NONE', #9575 ) ;
#3841 = CARTESIAN_POINT ( 'NONE',  ( 7.750000000000000000, 2.450000000000000178, -8.900000000000000355 ) ) ;
#3842 = ORIENTED_EDGE ( 'NONE', *, *, #2629, .T. ) ;
#3843 = FILL_AREA_STYLE_COLOUR ( '', #7033 ) ;
#3844 = CARTESIAN_POINT ( 'NONE',  ( 0.8000000000000000444, 6.099999999999999645, -11.50000000000000000 ) ) ;
#3845 = SURFACE_STYLE_USAGE ( .BOTH. , #7648 ) ;
#3846 = UNCERTAINTY_MEASURE_WITH_UNIT (LENGTH_MEASURE( 1.000000000000000082E-05 ), #3255, 'distance_accuracy_value', 'NONE');
#3847 =( GEOMETRIC_REPRESENTATION_CONTEXT ( 3 ) GLOBAL_UNCERTAINTY_ASSIGNED_CONTEXT ( ( #1158 ) ) GLOBAL_UNIT_ASSIGNED_CONTEXT ( ( #1331, #7446, #8387 ) ) REPRESENTATION_CONTEXT ( 'NONE', 'WORKASPACE' ) );
#3848 = AXIS2_PLACEMENT_3D ( 'NONE', #9896, #689, #640 ) ;
#3849 = EDGE_CURVE ( 'NONE', #3836, #4403, #2691, .T. ) ;
#3850 = DIRECTION ( 'NONE',  ( 0.000000000000000000, -1.000000000000000000, 0.000000000000000000 ) ) ;
#3851 = FILL_AREA_STYLE_COLOUR ( '', #373 ) ;
#3852 = DIRECTION ( 'NONE',  ( 0.000000000000000000, 0.000000000000000000, -1.000000000000000000 ) ) ;
#3853 = VERTEX_POINT ( 'NONE', #430 ) ;
#3854 = DIRECTION ( 'NONE',  ( -0.5773502691896225114, 0.5773502691896255090, -0.5773502691896291728 ) ) ;
#3855 = AXIS2_PLACEMENT_3D ( 'NONE', #1633, #3884, #3114 ) ;
#3856 = DIRECTION ( 'NONE',  ( 0.000000000000000000, 0.000000000000000000, -1.000000000000000000 ) ) ;
#3857 = MECHANICAL_DESIGN_GEOMETRIC_PRESENTATION_REPRESENTATION (  '', ( #8173 ), #8796 ) ;
#3858 = LINE ( 'NONE', #6908, #669 ) ;
#3859 = CARTESIAN_POINT ( 'NONE',  ( 7.150000000000000355, 3.050000000000000266, -0.2000000000000000111 ) ) ;
#3860 = SURFACE_STYLE_USAGE ( .BOTH. , #2168 ) ;
#3861 = EDGE_LOOP ( 'NONE', ( #8033, #6976, #5347 ) ) ;
#3862 = ORIENTED_EDGE ( 'NONE', *, *, #4482, .T. ) ;
#3863 = CARTESIAN_POINT ( 'NONE',  ( 0.8000000000000004885, 3.050000000000000266, -6.200000000000000178 ) ) ;
#3864 = SURFACE_SIDE_STYLE ('',( #5497 ) ) ;
#3865 = CARTESIAN_POINT ( 'NONE',  ( 9.650000000000000355, 2.449999999999999734, -9.500000000000000000 ) ) ;
#3866 = DIRECTION ( 'NONE',  ( -0.7071067811865435759, 0.000000000000000000, 0.7071067811865515695 ) ) ;
#3867 = CARTESIAN_POINT ( 'NONE',  ( 5.250000000000000000, 3.450000000000000178, -0.2000000000000000111 ) ) ;
#3868 = SURFACE_STYLE_USAGE ( .BOTH. , #9005 ) ;
#3869 =( NAMED_UNIT ( * ) PLANE_ANGLE_UNIT ( ) SI_UNIT ( $, .RADIAN. ) );
#3870 = DIRECTION ( 'NONE',  ( -9.637352644315595243E-17, -0.000000000000000000, -1.000000000000000000 ) ) ;
#3871 = VERTEX_POINT ( 'NONE', #1926 ) ;
#3872 = DIRECTION ( 'NONE',  ( 0.000000000000000000, 0.000000000000000000, 1.000000000000000000 ) ) ;
#3873 = ORIENTED_EDGE ( 'NONE', *, *, #6533, .F. ) ;
#3874 = DIRECTION ( 'NONE',  ( 0.000000000000000000, 0.000000000000000000, 1.000000000000000000 ) ) ;
#3875 =( NAMED_UNIT ( * ) PLANE_ANGLE_UNIT ( ) SI_UNIT ( $, .RADIAN. ) );
#3876 = EDGE_CURVE ( 'NONE', #5895, #7158, #5825, .T. ) ;
#3877 = ORIENTED_EDGE ( 'NONE', *, *, #9636, .T. ) ;
#3878 = PRESENTATION_STYLE_ASSIGNMENT (( #7698 ) ) ;
#3879 = ORIENTED_EDGE ( 'NONE', *, *, #4494, .F. ) ;
#3880 = FILL_AREA_STYLE_COLOUR ( '', #3327 ) ;
#3881 = EDGE_LOOP ( 'NONE', ( #4684, #2085, #3653, #5935, #4294 ) ) ;
#3882 = ADVANCED_FACE ( 'NONE', ( #1224 ), #7382, .T. ) ;
#3883 = DIRECTION ( 'NONE',  ( -1.000000000000000000, 0.000000000000000000, 0.000000000000000000 ) ) ;
#3884 = DIRECTION ( 'NONE',  ( 0.000000000000000000, -1.000000000000000000, 0.000000000000000000 ) ) ;
#3885 = LINE ( 'NONE', #5441, #5235 ) ;
#3886 = EDGE_CURVE ( 'NONE', #1703, #1807, #5366, .T. ) ;
#3887 = ADVANCED_FACE ( 'NONE', ( #1419 ), #2235, .T. ) ;
#3888 = FILL_AREA_STYLE ('',( #2299 ) ) ;
#3889 = SURFACE_STYLE_FILL_AREA ( #48 ) ;
#3890 = VERTEX_POINT ( 'NONE', #4559 ) ;
#3891 = VECTOR ( 'NONE', #2561, 1000.000000000000000 ) ;
#3892 = PLANE ( 'NONE',  #8778 ) ;
#3893 = EDGE_CURVE ( 'NONE', #8273, #6095, #6679, .T. ) ;
#3894 = CARTESIAN_POINT ( 'NONE',  ( 7.150000000000000355, 0.000000000000000000, -9.199999999999999289 ) ) ;
#3895 = DIRECTION ( 'NONE',  ( 0.000000000000000000, -0.000000000000000000, 1.000000000000000000 ) ) ;
#3896 = FILL_AREA_STYLE ('',( #1502 ) ) ;
#3897 = CARTESIAN_POINT ( 'NONE',  ( 4.950000000000000178, -2.000000000000000000, -8.900000000000000355 ) ) ;
#3898 = ORIENTED_EDGE ( 'NONE', *, *, #939, .F. ) ;
#3899 = ORIENTED_EDGE ( 'NONE', *, *, #5834, .F. ) ;
#3900 = LINE ( 'NONE', #63, #1182 ) ;
#3901 = FILL_AREA_STYLE_COLOUR ( '', #3634 ) ;
#3902 = DIRECTION ( 'NONE',  ( 0.000000000000000000, -1.000000000000000000, 0.000000000000000000 ) ) ;
#3903 =( LENGTH_UNIT ( ) NAMED_UNIT ( * ) SI_UNIT ( .MILLI., .METRE. ) );
#3904 = DIRECTION ( 'NONE',  ( 0.000000000000000000, -1.000000000000000000, 0.000000000000000000 ) ) ;
#3905 = LINE ( 'NONE', #7066, #8681 ) ;
#3906 = FACE_OUTER_BOUND ( 'NONE', #8471, .T. ) ;
#3907 = COLOUR_RGB ( '',0.7529411764705882248, 0.7529411764705882248, 0.7529411764705882248 ) ;
#3908 = LINE ( 'NONE', #7026, #3268 ) ;
#3909 = DIRECTION ( 'NONE',  ( -0.000000000000000000, 1.000000000000000000, 0.000000000000000000 ) ) ;
#3910 = CARTESIAN_POINT ( 'NONE',  ( 2.599999999999998312, 6.099999999999999645, -3.100000000000001421 ) ) ;
#3911 = ORIENTED_EDGE ( 'NONE', *, *, #6442, .T. ) ;
#3912 = ORIENTED_EDGE ( 'NONE', *, *, #8639, .T. ) ;
#3913 = COLOUR_RGB ( '',0.7529411764705882248, 0.7529411764705882248, 0.7529411764705882248 ) ;
#3914 = CARTESIAN_POINT ( 'NONE',  ( 0.000000000000000000, 5.299999999999998934, 0.000000000000000000 ) ) ;
#3915 = CIRCLE ( 'NONE', #9498, 0.5999999999999998668 ) ;
#3916 = LINE ( 'NONE', #4816, #5425 ) ;
#3917 = PLANE ( 'NONE',  #7535 ) ;
#3918 = UNCERTAINTY_MEASURE_WITH_UNIT (LENGTH_MEASURE( 1.000000000000000082E-05 ), #5973, 'distance_accuracy_value', 'NONE');
#3919 = LINE ( 'NONE', #3834, #4564 ) ;
#3920 = PRESENTATION_LAYER_ASSIGNMENT (  '', '', ( #8242 ) ) ;
#3921 = ORIENTED_EDGE ( 'NONE', *, *, #847, .F. ) ;
#3922 = ORIENTED_EDGE ( 'NONE', *, *, #5792, .F. ) ;
#3923 = LINE ( 'NONE', #3164, #1688 ) ;
#3924 = EDGE_LOOP ( 'NONE', ( #3084, #4103, #9661 ) ) ;
#3925 = CARTESIAN_POINT ( 'NONE',  ( 7.150000000000000355, 2.449999999999999734, -8.300000000000000711 ) ) ;
#3926 = PRESENTATION_LAYER_ASSIGNMENT (  '', '', ( #5043 ) ) ;
#3927 = CARTESIAN_POINT ( 'NONE',  ( 2.599999999999996536, 5.299999999999998934, -3.700000000000001510 ) ) ;
#3928 = STYLED_ITEM ( 'NONE', ( #227 ), #3757 ) ;
#3929 = EDGE_CURVE ( 'NONE', #5196, #8381, #9814, .T. ) ;
#3930 = UNCERTAINTY_MEASURE_WITH_UNIT (LENGTH_MEASURE( 1.000000000000000082E-05 ), #8120, 'distance_accuracy_value', 'NONE');
#3931 = CARTESIAN_POINT ( 'NONE',  ( 20.25000000000000000, 6.099999999999999645, -6.200000000000000178 ) ) ;
#3932 = ADVANCED_FACE ( 'NONE', ( #4406 ), #5937, .T. ) ;
#3933 = LINE ( 'NONE', #3592, #2905 ) ;
#3934 = AXIS2_PLACEMENT_3D ( 'NONE', #3771, #2954, #7694 ) ;
#3935 = CARTESIAN_POINT ( 'NONE',  ( 19.65000000000000213, 3.649999999999999911, -0.2000000000000000111 ) ) ;
#3936 = VERTEX_POINT ( 'NONE', #6922 ) ;
#3937 = DIRECTION ( 'NONE',  ( 0.000000000000000000, -1.000000000000000000, 0.000000000000000000 ) ) ;
#3938 = EDGE_CURVE ( 'NONE', #8457, #9183, #7032, .T. ) ;
#3939 = AXIS2_PLACEMENT_3D ( 'NONE', #7719, #3909, #6965 ) ;
#3940 = STYLED_ITEM ( 'NONE', ( #8556 ), #4135 ) ;
#3941 = MECHANICAL_DESIGN_GEOMETRIC_PRESENTATION_REPRESENTATION (  '', ( #7625 ), #9524 ) ;
#3942 = CARTESIAN_POINT ( 'NONE',  ( 2.150000000000000355, 3.649999999999999911, -0.2000000000000000111 ) ) ;
#3943 = EDGE_CURVE ( 'NONE', #4201, #3793, #7455, .T. ) ;
#3944 = DIRECTION ( 'NONE',  ( 0.000000000000000000, 0.000000000000000000, -1.000000000000000000 ) ) ;
#3945 = MECHANICAL_DESIGN_GEOMETRIC_PRESENTATION_REPRESENTATION (  '', ( #6039 ), #5054 ) ;
#3946 = FILL_AREA_STYLE ('',( #158 ) ) ;
#3947 = PLANE ( 'NONE',  #5842 ) ;
#3948 = CARTESIAN_POINT ( 'NONE',  ( 7.750000000000000000, 3.649999999999999911, -0.2000000000000000111 ) ) ;
#3949 = ORIENTED_EDGE ( 'NONE', *, *, #2961, .F. ) ;
#3950 = ADVANCED_FACE ( 'NONE', ( #6276 ), #5421, .T. ) ;
#3951 = VERTEX_POINT ( 'NONE', #2389 ) ;
#3952 = AXIS2_PLACEMENT_3D ( 'NONE', #2310, #5400, #8455 ) ;
#3953 = CARTESIAN_POINT ( 'NONE',  ( 2.150000000000000355, -1.084202172485504434E-16, -8.900000000000000355 ) ) ;
#3954 = CIRCLE ( 'NONE', #7152, 0.2999999999999999334 ) ;
#3955 = CARTESIAN_POINT ( 'NONE',  ( 0.8000000000000000444, 0.8000000000000000444, -11.50000000000000000 ) ) ;
#3956 = SURFACE_STYLE_FILL_AREA ( #5353 ) ;
#3957 = LINE ( 'NONE', #6869, #1207 ) ;
#3959 = FILL_AREA_STYLE ('',( #9257 ) ) ;
#3958 = MECHANICAL_DESIGN_GEOMETRIC_PRESENTATION_REPRESENTATION (  '', ( #6995 ), #4753 ) ;
#3960 = DIRECTION ( 'NONE',  ( 0.000000000000000000, 0.000000000000000000, -1.000000000000000000 ) ) ;
#3961 = SURFACE_SIDE_STYLE ('',( #1755 ) ) ;
#3962 = MECHANICAL_DESIGN_GEOMETRIC_PRESENTATION_REPRESENTATION (  '', ( #6999 ), #2172 ) ;
#3963 = SURFACE_STYLE_FILL_AREA ( #3003 ) ;
#3964 = AXIS2_PLACEMENT_3D ( 'NONE', #804, #8460, #6264 ) ;
#3965 = ORIENTED_EDGE ( 'NONE', *, *, #2442, .T. ) ;
#3966 = ORIENTED_EDGE ( 'NONE', *, *, #4141, .T. ) ;
#3967 = COLOUR_RGB ( '',0.7529411764705882248, 0.7529411764705882248, 0.7529411764705882248 ) ;
#3968 = CIRCLE ( 'NONE', #5247, 0.2999999999999999334 ) ;
#3969 = CARTESIAN_POINT ( 'NONE',  ( 4.950000000000000178, 0.000000000000000000, -8.900000000000000355 ) ) ;
#3970 = CIRCLE ( 'NONE', #3485, 1.199999999999999734 ) ;
#3971 = LINE ( 'NONE', #1530, #6512 ) ;
#3972 = CARTESIAN_POINT ( 'NONE',  ( 22.39999999999999858, 4.499999999999999112, -3.200000000000000178 ) ) ;
#3973 = AXIS2_PLACEMENT_3D ( 'NONE', #8313, #6912, #8362 ) ;
#3974 = FILL_AREA_STYLE ('',( #4771 ) ) ;
#3975 = AXIS2_PLACEMENT_3D ( 'NONE', #9598, #205, #5607 ) ;
#3976 = VECTOR ( 'NONE', #2455, 1000.000000000000000 ) ;
#3977 = VERTEX_POINT ( 'NONE', #5466 ) ;
#3978 = ORIENTED_EDGE ( 'NONE', *, *, #1021, .F. ) ;
#3979 = VECTOR ( 'NONE', #8793, 1000.000000000000000 ) ;
#3980 = VERTEX_POINT ( 'NONE', #8511 ) ;
#3981 = PLANE ( 'NONE',  #1961 ) ;
#3982 = VECTOR ( 'NONE', #5827, 1000.000000000000000 ) ;
#3983 = LINE ( 'NONE', #7086, #7786 ) ;
#3984 = FILL_AREA_STYLE_COLOUR ( '', #6345 ) ;
#3985 = CARTESIAN_POINT ( 'NONE',  ( 5.050000000000000711, 3.450000000000000178, -0.2000000000000000111 ) ) ;
#3986 = AXIS2_PLACEMENT_3D ( 'NONE', #138, #3207, #815 ) ;
#3987 = FACE_OUTER_BOUND ( 'NONE', #3990, .T. ) ;
#3988 = EDGE_CURVE ( 'NONE', #314, #8138, #1616, .T. ) ;
#3989 = PRESENTATION_STYLE_ASSIGNMENT (( #2214 ) ) ;
#3990 = EDGE_LOOP ( 'NONE', ( #5811, #5660, #7534, #6408 ) ) ;
#3991 = PLANE ( 'NONE',  #9904 ) ;
#3992 = STYLED_ITEM ( 'NONE', ( #1101 ), #223 ) ;
#3993 = PLANE ( 'NONE',  #2602 ) ;
#3994 = EDGE_CURVE ( 'NONE', #1692, #9101, #7769, .T. ) ;
#3995 = VECTOR ( 'NONE', #9668, 1000.000000000000227 ) ;
#3996 = LINE ( 'NONE', #1051, #6503 ) ;
#3997 = FILL_AREA_STYLE_COLOUR ( '', #704 ) ;
#3998 = ORIENTED_EDGE ( 'NONE', *, *, #1430, .T. ) ;
#3999 = VERTEX_POINT ( 'NONE', #3969 ) ;
#4000 = PRESENTATION_STYLE_ASSIGNMENT (( #8737 ) ) ;
#4001 = LINE ( 'NONE', #7014, #6898 ) ;
#4002 = EDGE_CURVE ( 'NONE', #451, #9603, #136, .T. ) ;
#4003 =( NAMED_UNIT ( * ) SI_UNIT ( $, .STERADIAN. ) SOLID_ANGLE_UNIT ( ) );
#4004 = DIRECTION ( 'NONE',  ( 0.000000000000000000, -0.000000000000000000, -1.000000000000000000 ) ) ;
#4005 =( GEOMETRIC_REPRESENTATION_CONTEXT ( 3 ) GLOBAL_UNCERTAINTY_ASSIGNED_CONTEXT ( ( #8702 ) ) GLOBAL_UNIT_ASSIGNED_CONTEXT ( ( #4062, #1720, #6235 ) ) REPRESENTATION_CONTEXT ( 'NONE', 'WORKASPACE' ) );
#4006 = VECTOR ( 'NONE', #5979, 1000.000000000000000 ) ;
#4007 = SURFACE_STYLE_USAGE ( .BOTH. , #4655 ) ;
#4008 = SURFACE_STYLE_FILL_AREA ( #906 ) ;
#4009 = CARTESIAN_POINT ( 'NONE',  ( 1.999999999999998224, 6.099999999999999645, 0.000000000000000000 ) ) ;
#4010 =( NAMED_UNIT ( * ) PLANE_ANGLE_UNIT ( ) SI_UNIT ( $, .RADIAN. ) );
#4011 = EDGE_CURVE ( 'NONE', #9603, #3584, #8331, .T. ) ;
#4012 = LINE ( 'NONE', #4054, #6192 ) ;
#4013 = ORIENTED_EDGE ( 'NONE', *, *, #5159, .F. ) ;
#4014 = ORIENTED_EDGE ( 'NONE', *, *, #6823, .T. ) ;
#4015 = VECTOR ( 'NONE', #9051, 1000.000000000000000 ) ;
#4016 =( LENGTH_UNIT ( ) NAMED_UNIT ( * ) SI_UNIT ( .MILLI., .METRE. ) );
#4017 = FACE_OUTER_BOUND ( 'NONE', #5163, .T. ) ;
#4018 = EDGE_CURVE ( 'NONE', #442, #6595, #8875, .T. ) ;
#4019 = UNCERTAINTY_MEASURE_WITH_UNIT (LENGTH_MEASURE( 1.000000000000000082E-05 ), #5155, 'distance_accuracy_value', 'NONE');
#4020 = PLANE ( 'NONE',  #5696 ) ;
#4021 = DIRECTION ( 'NONE',  ( 0.000000000000000000, -0.000000000000000000, -1.000000000000000000 ) ) ;
#4022 = DIRECTION ( 'NONE',  ( 0.000000000000000000, 0.000000000000000000, 1.000000000000000000 ) ) ;
#4023 = LINE ( 'NONE', #6524, #8903 ) ;
#4024 = ORIENTED_EDGE ( 'NONE', *, *, #910, .T. ) ;
#4025 =( NAMED_UNIT ( * ) SI_UNIT ( $, .STERADIAN. ) SOLID_ANGLE_UNIT ( ) );
#4026 = ORIENTED_EDGE ( 'NONE', *, *, #4299, .F. ) ;
#4027 = CARTESIAN_POINT ( 'NONE',  ( 19.65000000000000213, 3.649999999999999911, -0.2000000000000000111 ) ) ;
#4028 = ORIENTED_EDGE ( 'NONE', *, *, #8226, .F. ) ;
#4029 = FILL_AREA_STYLE_COLOUR ( '', #994 ) ;
#4030 = CARTESIAN_POINT ( 'NONE',  ( 15.25000000000000178, 3.050000000000000266, -0.2000000000000000111 ) ) ;
#4031 = SURFACE_STYLE_FILL_AREA ( #6338 ) ;
#4032 = DIRECTION ( 'NONE',  ( -1.000000000000000000, 0.000000000000000000, 0.000000000000000000 ) ) ;
#4033 = UNCERTAINTY_MEASURE_WITH_UNIT (LENGTH_MEASURE( 1.000000000000000082E-05 ), #5874, 'distance_accuracy_value', 'NONE');
#4034 = CARTESIAN_POINT ( 'NONE',  ( 0.8000000000000003775, 4.499999999999999112, -3.199999999999998401 ) ) ;
#4035 = VERTEX_POINT ( 'NONE', #3056 ) ;
#4036 = CIRCLE ( 'NONE', #7990, 0.2999999999999999334 ) ;
#4037 = STYLED_ITEM ( 'NONE', ( #7143 ), #9486 ) ;
#4038 = DIRECTION ( 'NONE',  ( 0.000000000000000000, 0.000000000000000000, -1.000000000000000000 ) ) ;
#4039 = CARTESIAN_POINT ( 'NONE',  ( 0.8000000000000004885, 3.050000000000000266, -6.200000000000000178 ) ) ;
#4040 =( LENGTH_UNIT ( ) NAMED_UNIT ( * ) SI_UNIT ( .MILLI., .METRE. ) );
#4041 = AXIS2_PLACEMENT_3D ( 'NONE', #7001, #114, #3179 ) ;
#4042 = CARTESIAN_POINT ( 'NONE',  ( 4.650000000000000355, -1.084202172485504434E-16, -0.4000000000000010214 ) ) ;
#4043 = ORIENTED_EDGE ( 'NONE', *, *, #3437, .F. ) ;
#4044 = VERTEX_POINT ( 'NONE', #4515 ) ;
#4045 = CARTESIAN_POINT ( 'NONE',  ( 17.44999999999999929, -2.000000000000000000, -9.199999999999999289 ) ) ;
#4046 = SURFACE_STYLE_USAGE ( .BOTH. , #7165 ) ;
#4047 = PRESENTATION_STYLE_ASSIGNMENT (( #4374 ) ) ;
#4048 = EDGE_CURVE ( 'NONE', #4673, #2721, #3919, .T. ) ;
#4049 = FILL_AREA_STYLE ('',( #306 ) ) ;
#4050 = LINE ( 'NONE', #6369, #1455 ) ;
#4051 = FACE_OUTER_BOUND ( 'NONE', #6977, .T. ) ;
#4052 = FILL_AREA_STYLE ('',( #6226 ) ) ;
#4053 = EDGE_CURVE ( 'NONE', #2233, #4798, #7588, .T. ) ;
#4054 = CARTESIAN_POINT ( 'NONE',  ( 10.25000000000000000, 3.649999999999999911, -0.2000000000000000111 ) ) ;
#4055 =( NAMED_UNIT ( * ) PLANE_ANGLE_UNIT ( ) SI_UNIT ( $, .RADIAN. ) );
#4056 = EDGE_LOOP ( 'NONE', ( #5174, #6911, #4126, #6082 ) ) ;
#4057 = EDGE_LOOP ( 'NONE', ( #1369, #8091, #2875, #731 ) ) ;
#4058 = STYLED_ITEM ( 'NONE', ( #6501 ), #8759 ) ;
#4059 = LINE ( 'NONE', #960, #2980 ) ;
#4060 = CARTESIAN_POINT ( 'NONE',  ( 12.15000000000000036, 3.050000000000000266, -6.200000000000000178 ) ) ;
#4061 = EDGE_CURVE ( 'NONE', #572, #7937, #1472, .T. ) ;
#4062 =( LENGTH_UNIT ( ) NAMED_UNIT ( * ) SI_UNIT ( .MILLI., .METRE. ) );
#4063 = AXIS2_PLACEMENT_3D ( 'NONE', #8354, #4388, #4341 ) ;
#4064 = FILL_AREA_STYLE ('',( #7121 ) ) ;
#4065 = LINE ( 'NONE', #3731, #5490 ) ;
#4066 = LINE ( 'NONE', #6381, #3313 ) ;
#4067 = DIRECTION ( 'NONE',  ( 0.000000000000000000, -0.000000000000000000, -1.000000000000000000 ) ) ;
#4068 = ORIENTED_EDGE ( 'NONE', *, *, #8235, .T. ) ;
#4069 = EDGE_LOOP ( 'NONE', ( #2062, #6673, #1075, #3922 ) ) ;
#4070 = DIRECTION ( 'NONE',  ( 0.000000000000000000, 1.000000000000000000, 0.000000000000000000 ) ) ;
#4071 = ADVANCED_FACE ( 'NONE', ( #4667 ), #86, .F. ) ;
#4072 = ORIENTED_EDGE ( 'NONE', *, *, #2605, .F. ) ;
#4073 = CIRCLE ( 'NONE', #9176, 0.2999999999999999334 ) ;
#4074 = FILL_AREA_STYLE ('',( #2553 ) ) ;
#4075 = FACE_OUTER_BOUND ( 'NONE', #3675, .T. ) ;
#4076 = COLOUR_RGB ( '',0.7529411764705882248, 0.7529411764705882248, 0.7529411764705882248 ) ;
#4077 = FILL_AREA_STYLE_COLOUR ( '', #2216 ) ;
#4078 = COLOUR_RGB ( '',0.7529411764705882248, 0.7529411764705882248, 0.7529411764705882248 ) ;
#4079 = DIRECTION ( 'NONE',  ( -1.000000000000000000, 0.000000000000000000, 0.000000000000000000 ) ) ;
#4080 =( LENGTH_UNIT ( ) NAMED_UNIT ( * ) SI_UNIT ( .MILLI., .METRE. ) );
#4081 = VECTOR ( 'NONE', #6525, 1000.000000000000000 ) ;
#4082 = EDGE_LOOP ( 'NONE', ( #9123, #8816 ) ) ;
#4083 = FACE_OUTER_BOUND ( 'NONE', #5030, .T. ) ;
#4084 = LINE ( 'NONE', #7148, #7998 ) ;
#4085 = DIRECTION ( 'NONE',  ( 0.000000000000000000, -0.000000000000000000, 1.000000000000000000 ) ) ;
#4086 = AXIS2_PLACEMENT_3D ( 'NONE', #9267, #4664, #3152 ) ;
#4087 = SURFACE_STYLE_USAGE ( .BOTH. , #4884 ) ;
#4088 = FILL_AREA_STYLE ('',( #9445 ) ) ;
#4089 = PLANE ( 'NONE',  #884 ) ;
#4090 = ORIENTED_EDGE ( 'NONE', *, *, #5851, .F. ) ;
#4091 = ORIENTED_EDGE ( 'NONE', *, *, #524, .F. ) ;
#4092 = PRESENTATION_STYLE_ASSIGNMENT (( #7162 ) ) ;
#4093 = LINE ( 'NONE', #903, #5941 ) ;
#4094 = VECTOR ( 'NONE', #7078, 1000.000000000000000 ) ;
#4095 = STYLED_ITEM ( 'NONE', ( #614 ), #4241 ) ;
#4096 =( GEOMETRIC_REPRESENTATION_CONTEXT ( 3 ) GLOBAL_UNCERTAINTY_ASSIGNED_CONTEXT ( ( #3012 ) ) GLOBAL_UNIT_ASSIGNED_CONTEXT ( ( #3264, #7088, #5583 ) ) REPRESENTATION_CONTEXT ( 'NONE', 'WORKASPACE' ) );
#4097 = FILL_AREA_STYLE ('',( #2573 ) ) ;
#4098 = LINE ( 'NONE', #8797, #7339 ) ;
#4099 = SURFACE_SIDE_STYLE ('',( #7909 ) ) ;
#4100 = STYLED_ITEM ( 'NONE', ( #2998 ), #4247 ) ;
#4101 = DIRECTION ( 'NONE',  ( 0.5773502691896225114, 0.5773502691896255090, -0.5773502691896291728 ) ) ;
#4102 = SURFACE_STYLE_USAGE ( .BOTH. , #6273 ) ;
#4103 = ORIENTED_EDGE ( 'NONE', *, *, #6156, .T. ) ;
#4104 = DIRECTION ( 'NONE',  ( 0.000000000000000000, 0.000000000000000000, 1.000000000000000000 ) ) ;
#4105 = VERTEX_POINT ( 'NONE', #8478 ) ;
#4106 = EDGE_CURVE ( 'NONE', #6162, #6863, #9925, .T. ) ;
#4107 = CARTESIAN_POINT ( 'NONE',  ( 22.39999999999999858, 0.000000000000000000, -11.50000000000000000 ) ) ;
#4108 = PRESENTATION_LAYER_ASSIGNMENT (  '', '', ( #1990 ) ) ;
#4109 = PRESENTATION_LAYER_ASSIGNMENT (  '', '', ( #3797 ) ) ;
#4110 = STYLED_ITEM ( 'NONE', ( #7155 ), #5340 ) ;
#4111 = UNCERTAINTY_MEASURE_WITH_UNIT (LENGTH_MEASURE( 1.000000000000000082E-05 ), #1708, 'distance_accuracy_value', 'NONE');
#4112 = CARTESIAN_POINT ( 'NONE',  ( 21.60000000000000142, 5.350277674935210115, -6.566827101073677397 ) ) ;
#4113 =( GEOMETRIC_REPRESENTATION_CONTEXT ( 3 ) GLOBAL_UNCERTAINTY_ASSIGNED_CONTEXT ( ( #9431 ) ) GLOBAL_UNIT_ASSIGNED_CONTEXT ( ( #1177, #443, #8241 ) ) REPRESENTATION_CONTEXT ( 'NONE', 'WORKASPACE' ) );
#4114 = AXIS2_PLACEMENT_3D ( 'NONE', #6715, #6664, #2995 ) ;
#4115 = FILL_AREA_STYLE_COLOUR ( '', #6377 ) ;
#4116 =( GEOMETRIC_REPRESENTATION_CONTEXT ( 3 ) GLOBAL_UNCERTAINTY_ASSIGNED_CONTEXT ( ( #7919 ) ) GLOBAL_UNIT_ASSIGNED_CONTEXT ( ( #8719, #8872, #5173 ) ) REPRESENTATION_CONTEXT ( 'NONE', 'WORKASPACE' ) );
#4117 =( LENGTH_UNIT ( ) NAMED_UNIT ( * ) SI_UNIT ( .MILLI., .METRE. ) );
#4118 = DIRECTION ( 'NONE',  ( -0.7071067811865515695, 0.000000000000000000, 0.7071067811865435759 ) ) ;
#4119 = ORIENTED_EDGE ( 'NONE', *, *, #1931, .T. ) ;
#4120 = LINE ( 'NONE', #3366, #727 ) ;
#4121 = CIRCLE ( 'NONE', #9705, 1.199999999999999734 ) ;
#4122 =( GEOMETRIC_REPRESENTATION_CONTEXT ( 3 ) GLOBAL_UNCERTAINTY_ASSIGNED_CONTEXT ( ( #8343 ) ) GLOBAL_UNIT_ASSIGNED_CONTEXT ( ( #2465, #3184, #4143 ) ) REPRESENTATION_CONTEXT ( 'NONE', 'WORKASPACE' ) );
#4123 = ADVANCED_FACE ( 'NONE', ( #3103 ), #3013, .F. ) ;
#4124 = ORIENTED_EDGE ( 'NONE', *, *, #5098, .F. ) ;
#4125 =( NAMED_UNIT ( * ) PLANE_ANGLE_UNIT ( ) SI_UNIT ( $, .RADIAN. ) );
#4126 = ORIENTED_EDGE ( 'NONE', *, *, #2070, .T. ) ;
#4127 = SURFACE_STYLE_USAGE ( .BOTH. , #6432 ) ;
#4128 = AXIS2_PLACEMENT_3D ( 'NONE', #8013, #8651, #3345 ) ;
#4129 = EDGE_CURVE ( 'NONE', #1168, #4662, #6280, .T. ) ;
#4130 =( LENGTH_UNIT ( ) NAMED_UNIT ( * ) SI_UNIT ( .MILLI., .METRE. ) );
#4131 = UNCERTAINTY_MEASURE_WITH_UNIT (LENGTH_MEASURE( 1.000000000000000082E-05 ), #3064, 'distance_accuracy_value', 'NONE');
#4132 = PRESENTATION_LAYER_ASSIGNMENT (  '', '', ( #8450 ) ) ;
#4133 = ORIENTED_EDGE ( 'NONE', *, *, #54, .T. ) ;
#4134 = CARTESIAN_POINT ( 'NONE',  ( 7.450000000000000178, 0.000000000000000000, -9.199999999999999289 ) ) ;
#4135 = ADVANCED_FACE ( 'NONE', ( #217 ), #4020, .T. ) ;
#4136 = AXIS2_PLACEMENT_3D ( 'NONE', #2737, #282, #5071 ) ;
#4137 = PRESENTATION_STYLE_ASSIGNMENT (( #3173 ) ) ;
#4138 = ORIENTED_EDGE ( 'NONE', *, *, #347, .F. ) ;
#4139 = MECHANICAL_DESIGN_GEOMETRIC_PRESENTATION_REPRESENTATION (  '', ( #8459 ), #2522 ) ;
#4140 = LINE ( 'NONE', #7211, #5165 ) ;
#4141 = EDGE_CURVE ( 'NONE', #2506, #5810, #1619, .T. ) ;
#4142 = FILL_AREA_STYLE_COLOUR ( '', #5186 ) ;
#4143 =( NAMED_UNIT ( * ) SI_UNIT ( $, .STERADIAN. ) SOLID_ANGLE_UNIT ( ) );
#4144 = ORIENTED_EDGE ( 'NONE', *, *, #1635, .F. ) ;
#4145 = VERTEX_POINT ( 'NONE', #3210 ) ;
#4146 = VECTOR ( 'NONE', #4497, 1000.000000000000000 ) ;
#4147 = PLANE ( 'NONE',  #450 ) ;
#4148 = CARTESIAN_POINT ( 'NONE',  ( 14.65000000000000213, 3.649999999999999911, -6.200000000000000178 ) ) ;
#4149 =( LENGTH_UNIT ( ) NAMED_UNIT ( * ) SI_UNIT ( .MILLI., .METRE. ) );
#4150 = FACE_OUTER_BOUND ( 'NONE', #8180, .T. ) ;
#4151 = STYLED_ITEM ( 'NONE', ( #7050 ), #331 ) ;
#4152 = CARTESIAN_POINT ( 'NONE',  ( 3.449999999999999734, 5.299999999999998934, -3.699999999999999734 ) ) ;
#4153 = PRESENTATION_STYLE_ASSIGNMENT (( #8018 ) ) ;
#4154 =( LENGTH_UNIT ( ) NAMED_UNIT ( * ) SI_UNIT ( .MILLI., .METRE. ) );
#4155 = ORIENTED_EDGE ( 'NONE', *, *, #707, .F. ) ;
#4156 = EDGE_LOOP ( 'NONE', ( #1404, #6606, #9217, #5348 ) ) ;
#4157 = PRESENTATION_LAYER_ASSIGNMENT (  '', '', ( #9910 ) ) ;
#4158 = SURFACE_SIDE_STYLE ('',( #1063 ) ) ;
#4159 = DIRECTION ( 'NONE',  ( 0.5773502691896241767, 0.5773502691896246208, -0.5773502691896282846 ) ) ;
#4160 = DIRECTION ( 'NONE',  ( 0.000000000000000000, 0.000000000000000000, -1.000000000000000000 ) ) ;
#4161 = DIRECTION ( 'NONE',  ( 0.000000000000000000, 0.000000000000000000, 1.000000000000000000 ) ) ;
#4162 = CARTESIAN_POINT ( 'NONE',  ( 9.650000000000000355, -1.084202172485504434E-16, -8.900000000000000355 ) ) ;
#4163 = FILL_AREA_STYLE ('',( #2843 ) ) ;
#4165 = COLOUR_RGB ( '',0.7529411764705882248, 0.7529411764705882248, 0.7529411764705882248 ) ;
#4164 = DIRECTION ( 'NONE',  ( -1.000000000000000000, -0.000000000000000000, -0.000000000000000000 ) ) ;
#4166 = CARTESIAN_POINT ( 'NONE',  ( 7.750000000000000000, 3.050000000000000266, -8.300000000000000711 ) ) ;
#4167 = VERTEX_POINT ( 'NONE', #1721 ) ;
#4168 = EDGE_LOOP ( 'NONE', ( #5164, #3460, #955, #9174, #395 ) ) ;
#4169 = EDGE_CURVE ( 'NONE', #2836, #787, #7229, .T. ) ;
#4170 = ORIENTED_EDGE ( 'NONE', *, *, #1531, .T. ) ;
#4171 =( NAMED_UNIT ( * ) SI_UNIT ( $, .STERADIAN. ) SOLID_ANGLE_UNIT ( ) );
#4172 = FILL_AREA_STYLE ('',( #473 ) ) ;
#4173 = FACE_OUTER_BOUND ( 'NONE', #2675, .T. ) ;
#4174 = EDGE_CURVE ( 'NONE', #4614, #3810, #3252, .T. ) ;
#4175 = DIRECTION ( 'NONE',  ( 0.000000000000000000, 0.000000000000000000, -1.000000000000000000 ) ) ;
#4176 = VERTEX_POINT ( 'NONE', #5471 ) ;
#4177 =( NAMED_UNIT ( * ) SI_UNIT ( $, .STERADIAN. ) SOLID_ANGLE_UNIT ( ) );
#4178 = EDGE_CURVE ( 'NONE', #3618, #5626, #6325, .T. ) ;
#4179 = SURFACE_STYLE_FILL_AREA ( #8722 ) ;
#4180 = EDGE_LOOP ( 'NONE', ( #8383, #222, #2592, #1660 ) ) ;
#4181 =( NAMED_UNIT ( * ) PLANE_ANGLE_UNIT ( ) SI_UNIT ( $, .RADIAN. ) );
#4182 = CARTESIAN_POINT ( 'NONE',  ( 2.150000000000000355, 3.649999999999999911, -8.300000000000000711 ) ) ;
#4183 = ADVANCED_FACE ( 'NONE', ( #1008 ), #8661, .F. ) ;
#4184 = ADVANCED_FACE ( 'NONE', ( #8760 ), #3553, .T. ) ;
#4185 = CARTESIAN_POINT ( 'NONE',  ( 0.8000000000000004885, 3.649999999999999911, -6.200000000000000178 ) ) ;
#4186 = SURFACE_STYLE_FILL_AREA ( #3381 ) ;
#4187 = DIRECTION ( 'NONE',  ( 0.000000000000000000, 0.000000000000000000, -1.000000000000000000 ) ) ;
#4188 = DIRECTION ( 'NONE',  ( 1.000000000000000000, -0.000000000000000000, -0.000000000000000000 ) ) ;
#4189 = ORIENTED_EDGE ( 'NONE', *, *, #1621, .F. ) ;
#4190 = VERTEX_POINT ( 'NONE', #2627 ) ;
#4191 =( GEOMETRIC_REPRESENTATION_CONTEXT ( 3 ) GLOBAL_UNCERTAINTY_ASSIGNED_CONTEXT ( ( #9414 ) ) GLOBAL_UNIT_ASSIGNED_CONTEXT ( ( #5588, #237, #6481 ) ) REPRESENTATION_CONTEXT ( 'NONE', 'WORKASPACE' ) );
#4192 = CARTESIAN_POINT ( 'NONE',  ( 2.750000000000000444, 3.050000000000000266, -0.2000000000000000111 ) ) ;
#4193 = SURFACE_SIDE_STYLE ('',( #6704 ) ) ;
#4194 = ADVANCED_FACE ( 'NONE', ( #8961 ), #1966, .T. ) ;
#4195 = DIRECTION ( 'NONE',  ( -1.000000000000000000, -0.000000000000000000, -0.000000000000000000 ) ) ;
#4196 = VECTOR ( 'NONE', #4727, 1000.000000000000000 ) ;
#4197 = LINE ( 'NONE', #4895, #7416 ) ;
#4198 = CARTESIAN_POINT ( 'NONE',  ( 0.8000000000000004885, 6.099999999999999645, -7.000000000000000000 ) ) ;
#4199 = PRESENTATION_STYLE_ASSIGNMENT (( #7968 ) ) ;
#4200 =( NAMED_UNIT ( * ) PLANE_ANGLE_UNIT ( ) SI_UNIT ( $, .RADIAN. ) );
#4201 = VERTEX_POINT ( 'NONE', #2068 ) ;
#4202 = ORIENTED_EDGE ( 'NONE', *, *, #4911, .F. ) ;
#4203 = PRESENTATION_LAYER_ASSIGNMENT (  '', '', ( #805 ) ) ;
#4204 = SURFACE_STYLE_FILL_AREA ( #7366 ) ;
#4205 = DIRECTION ( 'NONE',  ( -0.7071067811865484609, 0.000000000000000000, -0.7071067811865466846 ) ) ;
#4206 = UNCERTAINTY_MEASURE_WITH_UNIT (LENGTH_MEASURE( 1.000000000000000082E-05 ), #4130, 'distance_accuracy_value', 'NONE');
#4207 =( LENGTH_UNIT ( ) NAMED_UNIT ( * ) SI_UNIT ( .MILLI., .METRE. ) );
#4208 = CARTESIAN_POINT ( 'NONE',  ( 10.25000000000000000, -1.084202172485504434E-16, -9.500000000000000000 ) ) ;
#4209 = SURFACE_SIDE_STYLE ('',( #9002 ) ) ;
#4210 = COLOUR_RGB ( '',0.7529411764705882248, 0.7529411764705882248, 0.7529411764705882248 ) ;
#4211 = DIRECTION ( 'NONE',  ( -1.000000000000000000, -0.000000000000000000, 0.000000000000000000 ) ) ;
#4212 = CARTESIAN_POINT ( 'NONE',  ( 17.14999999999999858, -1.084202172485504434E-16, -9.500000000000000000 ) ) ;
#4213 = DIRECTION ( 'NONE',  ( 0.000000000000000000, 0.000000000000000000, 1.000000000000000000 ) ) ;
#4214 = VERTEX_POINT ( 'NONE', #5157 ) ;
#4215 = CYLINDRICAL_SURFACE ( 'NONE', #4600, 0.2999999999999999334 ) ;
#4216 = ORIENTED_EDGE ( 'NONE', *, *, #1716, .T. ) ;
#4217 = VERTEX_POINT ( 'NONE', #9710 ) ;
#4218 = FACE_OUTER_BOUND ( 'NONE', #944, .T. ) ;
#4219 = DIRECTION ( 'NONE',  ( -1.000000000000000000, 0.000000000000000000, 0.000000000000000000 ) ) ;
#4220 =( LENGTH_UNIT ( ) NAMED_UNIT ( * ) SI_UNIT ( .MILLI., .METRE. ) );
#4221 = AXIS2_PLACEMENT_3D ( 'NONE', #7359, #3543, #4300 ) ;
#4222 = CARTESIAN_POINT ( 'NONE',  ( 20.40000000000000213, 6.099999999999999645, -0.8000000000000001554 ) ) ;
#4223 = PLANE ( 'NONE',  #6558 ) ;
#4224 = UNCERTAINTY_MEASURE_WITH_UNIT (LENGTH_MEASURE( 1.000000000000000082E-05 ), #3617, 'distance_accuracy_value', 'NONE');
#4225 = DIRECTION ( 'NONE',  ( -0.5773502691896259531, 0.5773502691896239547, 0.5773502691896273964 ) ) ;
#4226 = FILL_AREA_STYLE_COLOUR ( '', #6056 ) ;
#4227 = EDGE_LOOP ( 'NONE', ( #971, #288, #5119, #1328 ) ) ;
#4228 = STYLED_ITEM ( 'NONE', ( #6907 ), #8939 ) ;
#4229 = FACE_OUTER_BOUND ( 'NONE', #7643, .T. ) ;
#4230 = ORIENTED_EDGE ( 'NONE', *, *, #8000, .F. ) ;
#4231 =( LENGTH_UNIT ( ) NAMED_UNIT ( * ) SI_UNIT ( .MILLI., .METRE. ) );
#4232 = EDGE_CURVE ( 'NONE', #2758, #5560, #1494, .T. ) ;
#4233 = CARTESIAN_POINT ( 'NONE',  ( 1.999999999999998224, 6.099999999999999645, -3.100000000000001421 ) ) ;
#4234 = MECHANICAL_DESIGN_GEOMETRIC_PRESENTATION_REPRESENTATION (  '', ( #6795 ), #672 ) ;
#4235 = SURFACE_STYLE_USAGE ( .BOTH. , #5460 ) ;
#4236 = PRESENTATION_STYLE_ASSIGNMENT (( #1136 ) ) ;
#4237 = FILL_AREA_STYLE ('',( #9593 ) ) ;
#4238 = ORIENTED_EDGE ( 'NONE', *, *, #8106, .F. ) ;
#4239 = ORIENTED_EDGE ( 'NONE', *, *, #4169, .T. ) ;
#4240 = LINE ( 'NONE', #8203, #4451 ) ;
#4241 = ADVANCED_FACE ( 'NONE', ( #1306 ), #8127, .T. ) ;
#4242 = PLANE ( 'NONE',  #3350 ) ;
#4243 = COLOUR_RGB ( '',0.7529411764705882248, 0.7529411764705882248, 0.7529411764705882248 ) ;
#4244 = ADVANCED_FACE ( 'NONE', ( #9912 ), #6167, .F. ) ;
#4245 = CARTESIAN_POINT ( 'NONE',  ( 5.250000000000000000, 2.449999999999999734, -8.300000000000000711 ) ) ;
#4246 = DIRECTION ( 'NONE',  ( -0.000000000000000000, 1.000000000000000000, -0.000000000000000000 ) ) ;
#4247 = ADVANCED_FACE ( 'NONE', ( #766 ), #656, .F. ) ;
#4248 = UNCERTAINTY_MEASURE_WITH_UNIT (LENGTH_MEASURE( 1.000000000000000082E-05 ), #5909, 'distance_accuracy_value', 'NONE');
#4249 = FILL_AREA_STYLE ('',( #552 ) ) ;
#4250 = DIRECTION ( 'NONE',  ( 0.000000000000000000, 0.000000000000000000, -1.000000000000000000 ) ) ;
#4251 = ORIENTED_EDGE ( 'NONE', *, *, #847, .T. ) ;
#4252 = ORIENTED_EDGE ( 'NONE', *, *, #2961, .T. ) ;
#4253 = PRESENTATION_LAYER_ASSIGNMENT (  '', '', ( #4730 ) ) ;
#4254 = CARTESIAN_POINT ( 'NONE',  ( 19.84999999999999787, 3.250000000000000000, -0.2000000000000000111 ) ) ;
#4255 = SURFACE_STYLE_USAGE ( .BOTH. , #9412 ) ;
#4256 = SURFACE_STYLE_USAGE ( .BOTH. , #1157 ) ;
#4257 =( LENGTH_UNIT ( ) NAMED_UNIT ( * ) SI_UNIT ( .MILLI., .METRE. ) );
#4258 = VECTOR ( 'NONE', #6225, 1000.000000000000000 ) ;
#4259 = PLANE ( 'NONE',  #2739 ) ;
#4260 = PLANE ( 'NONE',  #4934 ) ;
#4261 =( NAMED_UNIT ( * ) SI_UNIT ( $, .STERADIAN. ) SOLID_ANGLE_UNIT ( ) );
#4262 = CARTESIAN_POINT ( 'NONE',  ( 15.25000000000000178, 3.649999999999999911, -6.200000000000000178 ) ) ;
#4263 = PLANE ( 'NONE',  #9350 ) ;
#4264 = PRESENTATION_LAYER_ASSIGNMENT (  '', '', ( #2974 ) ) ;
#4265 = ORIENTED_EDGE ( 'NONE', *, *, #9877, .T. ) ;
#4266 = ORIENTED_EDGE ( 'NONE', *, *, #3071, .T. ) ;
#4267 = VERTEX_POINT ( 'NONE', #5410 ) ;
#4268 = FILL_AREA_STYLE_COLOUR ( '', #564 ) ;
#4269 = ORIENTED_EDGE ( 'NONE', *, *, #6452, .F. ) ;
#4270 = PRESENTATION_LAYER_ASSIGNMENT (  '', '', ( #7160 ) ) ;
#4271 = STYLED_ITEM ( 'NONE', ( #3194 ), #4314 ) ;
#4272 =( NAMED_UNIT ( * ) PLANE_ANGLE_UNIT ( ) SI_UNIT ( $, .RADIAN. ) );
#4273 = CARTESIAN_POINT ( 'NONE',  ( 5.250000000000000000, 2.450000000000000178, -8.300000000000000711 ) ) ;
#4274 = CARTESIAN_POINT ( 'NONE',  ( 17.44999999999999929, -2.000000000000000000, -9.199999999999999289 ) ) ;
#4275 =( GEOMETRIC_REPRESENTATION_CONTEXT ( 3 ) GLOBAL_UNCERTAINTY_ASSIGNED_CONTEXT ( ( #1392 ) ) GLOBAL_UNIT_ASSIGNED_CONTEXT ( ( #1617, #6568, #5616 ) ) REPRESENTATION_CONTEXT ( 'NONE', 'WORKASPACE' ) );
#4276 = CARTESIAN_POINT ( 'NONE',  ( 15.25000000000000178, 2.450000000000000178, -8.300000000000000711 ) ) ;
#4277 = PRESENTATION_STYLE_ASSIGNMENT (( #1173 ) ) ;
#4278 = AXIS2_PLACEMENT_3D ( 'NONE', #6385, #4866, #3312 ) ;
#4279 = AXIS2_PLACEMENT_3D ( 'NONE', #5753, #9535, #5906 ) ;
#4280 = AXIS2_PLACEMENT_3D ( 'NONE', #4574, #885, #3221 ) ;
#4281 = FILL_AREA_STYLE ('',( #7435 ) ) ;
#4282 =( NAMED_UNIT ( * ) SI_UNIT ( $, .STERADIAN. ) SOLID_ANGLE_UNIT ( ) );
#4283 = COLOUR_RGB ( '',0.7529411764705882248, 0.7529411764705882248, 0.7529411764705882248 ) ;
#4284 = COLOUR_RGB ( '',0.7529411764705882248, 0.7529411764705882248, 0.7529411764705882248 ) ;
#4285 = ORIENTED_EDGE ( 'NONE', *, *, #6289, .F. ) ;
#4286 = SURFACE_SIDE_STYLE ('',( #7292 ) ) ;
#4287 = STYLED_ITEM ( 'NONE', ( #3014 ), #4630 ) ;
#4288 = MECHANICAL_DESIGN_GEOMETRIC_PRESENTATION_REPRESENTATION (  '', ( #5546 ), #4122 ) ;
#4289 = DIRECTION ( 'NONE',  ( -0.000000000000000000, -1.000000000000000000, -0.000000000000000000 ) ) ;
#4290 = ADVANCED_FACE ( 'NONE', ( #6810 ), #949, .T. ) ;
#4291 =( NAMED_UNIT ( * ) SI_UNIT ( $, .STERADIAN. ) SOLID_ANGLE_UNIT ( ) );
#4292 = STYLED_ITEM ( 'NONE', ( #483 ), #2382 ) ;
#4293 = DIRECTION ( 'NONE',  ( 0.000000000000000000, 0.000000000000000000, 1.000000000000000000 ) ) ;
#4294 = ORIENTED_EDGE ( 'NONE', *, *, #4174, .F. ) ;
#4295 = DIRECTION ( 'NONE',  ( 0.000000000000000000, -1.000000000000000000, 0.000000000000000000 ) ) ;
#4296 = VECTOR ( 'NONE', #9785, 1000.000000000000000 ) ;
#4297 = VECTOR ( 'NONE', #3524, 1000.000000000000000 ) ;
#4298 = FILL_AREA_STYLE_COLOUR ( '', #6692 ) ;
#4299 = EDGE_CURVE ( 'NONE', #772, #833, #5498, .T. ) ;
#4300 = DIRECTION ( 'NONE',  ( 0.000000000000000000, 0.000000000000000000, -1.000000000000000000 ) ) ;
#4301 = SURFACE_SIDE_STYLE ('',( #1955 ) ) ;
#4302 = VECTOR ( 'NONE', #2545, 1000.000000000000000 ) ;
#4303 =( NAMED_UNIT ( * ) SI_UNIT ( $, .STERADIAN. ) SOLID_ANGLE_UNIT ( ) );
#4304 = ORIENTED_EDGE ( 'NONE', *, *, #1087, .T. ) ;
#4305 = ORIENTED_EDGE ( 'NONE', *, *, #8484, .F. ) ;
#4306 = EDGE_CURVE ( 'NONE', #2580, #7128, #1896, .T. ) ;
#4307 = AXIS2_PLACEMENT_3D ( 'NONE', #1094, #5135, #2705 ) ;
#4308 = CARTESIAN_POINT ( 'NONE',  ( 7.750000000000000000, 6.099999999999999645, -7.000000000000000000 ) ) ;
#4309 =( GEOMETRIC_REPRESENTATION_CONTEXT ( 3 ) GLOBAL_UNCERTAINTY_ASSIGNED_CONTEXT ( ( #2067 ) ) GLOBAL_UNIT_ASSIGNED_CONTEXT ( ( #7018, #904, #3090 ) ) REPRESENTATION_CONTEXT ( 'NONE', 'WORKASPACE' ) );
#4310 = VECTOR ( 'NONE', #2519, 1000.000000000000000 ) ;
#4311 =( LENGTH_UNIT ( ) NAMED_UNIT ( * ) SI_UNIT ( .MILLI., .METRE. ) );
#4312 = UNCERTAINTY_MEASURE_WITH_UNIT (LENGTH_MEASURE( 1.000000000000000082E-05 ), #547, 'distance_accuracy_value', 'NONE');
#4313 = FILL_AREA_STYLE_COLOUR ( '', #7144 ) ;
#4314 = ADVANCED_FACE ( 'NONE', ( #851 ), #7716, .T. ) ;
#4315 = SURFACE_STYLE_FILL_AREA ( #2726 ) ;
#4316 = LINE ( 'NONE', #1917, #8566 ) ;
#4317 = EDGE_LOOP ( 'NONE', ( #4370, #9490, #1061, #8675 ) ) ;
#4318 = ORIENTED_EDGE ( 'NONE', *, *, #7858, .F. ) ;
#4319 = MECHANICAL_DESIGN_GEOMETRIC_PRESENTATION_REPRESENTATION (  '', ( #2866 ), #1397 ) ;
#4320 = VERTEX_POINT ( 'NONE', #1650 ) ;
#4321 = LINE ( 'NONE', #9767, #2053 ) ;
#4322 =( LENGTH_UNIT ( ) NAMED_UNIT ( * ) SI_UNIT ( .MILLI., .METRE. ) );
#4323 = ADVANCED_FACE ( 'NONE', ( #4754 ), #6962, .T. ) ;
#4324 = CARTESIAN_POINT ( 'NONE',  ( 20.40000000000000213, 5.299999999999998934, -3.100000000000000533 ) ) ;
#4325 = UNCERTAINTY_MEASURE_WITH_UNIT (LENGTH_MEASURE( 1.000000000000000082E-05 ), #5681, 'distance_accuracy_value', 'NONE');
#4326 = MECHANICAL_DESIGN_GEOMETRIC_PRESENTATION_REPRESENTATION (  '', ( #8014 ), #3680 ) ;
#4327 = AXIS2_PLACEMENT_3D ( 'NONE', #4973, #7132, #1121 ) ;
#4328 =( NAMED_UNIT ( * ) PLANE_ANGLE_UNIT ( ) SI_UNIT ( $, .RADIAN. ) );
#4329 = ORIENTED_EDGE ( 'NONE', *, *, #5527, .F. ) ;
#4330 =( NAMED_UNIT ( * ) PLANE_ANGLE_UNIT ( ) SI_UNIT ( $, .RADIAN. ) );
#4331 = ORIENTED_EDGE ( 'NONE', *, *, #3833, .T. ) ;
#4332 = DIRECTION ( 'NONE',  ( -0.7071067811865515695, 0.000000000000000000, 0.7071067811865435759 ) ) ;
#4333 =( NAMED_UNIT ( * ) PLANE_ANGLE_UNIT ( ) SI_UNIT ( $, .RADIAN. ) );
#4334 = FILL_AREA_STYLE ('',( #2535 ) ) ;
#4335 = DIRECTION ( 'NONE',  ( 0.000000000000000000, 0.000000000000000000, -1.000000000000000000 ) ) ;
#4336 = CARTESIAN_POINT ( 'NONE',  ( 21.60000000000000142, 4.499999999999999112, -3.200000000000000178 ) ) ;
#4337 = CARTESIAN_POINT ( 'NONE',  ( 21.60000000000000142, 0.8000000000000000444, 0.000000000000000000 ) ) ;
#4338 = ORIENTED_EDGE ( 'NONE', *, *, #418, .F. ) ;
#4339 = DIRECTION ( 'NONE',  ( 0.000000000000000000, 0.000000000000000000, -1.000000000000000000 ) ) ;
#4340 = PLANE ( 'NONE',  #5405 ) ;
#4341 = DIRECTION ( 'NONE',  ( 0.000000000000000000, 0.7071067811865453523, -0.7071067811865496822 ) ) ;
#4342 = FACE_OUTER_BOUND ( 'NONE', #9640, .T. ) ;
#4343 = PRESENTATION_STYLE_ASSIGNMENT (( #9750 ) ) ;
#4344 = DIRECTION ( 'NONE',  ( 0.000000000000000000, -0.000000000000000000, 1.000000000000000000 ) ) ;
#4345 = ORIENTED_EDGE ( 'NONE', *, *, #9550, .F. ) ;
#4346 = EDGE_LOOP ( 'NONE', ( #7811, #6483, #8647 ) ) ;
#4347 = ADVANCED_FACE ( 'NONE', ( #3578 ), #6643, .T. ) ;
#4348 = PRESENTATION_STYLE_ASSIGNMENT (( #5109 ) ) ;
#4349 = COLOUR_RGB ( '',0.7529411764705882248, 0.7529411764705882248, 0.7529411764705882248 ) ;
#4350 = ADVANCED_FACE ( 'NONE', ( #5903 ), #2914, .T. ) ;
#4351 = CARTESIAN_POINT ( 'NONE',  ( 17.75000000000000000, 3.050000000000000266, -8.300000000000000711 ) ) ;
#4352 = SURFACE_SIDE_STYLE ('',( #3513 ) ) ;
#4353 = CARTESIAN_POINT ( 'NONE',  ( 0.000000000000000000, 6.099999999999999645, -7.000000000000003553 ) ) ;
#4354 = DIRECTION ( 'NONE',  ( 0.000000000000000000, -1.000000000000000000, 0.000000000000000000 ) ) ;
#4355 = ORIENTED_EDGE ( 'NONE', *, *, #2558, .T. ) ;
#4356 = PRESENTATION_STYLE_ASSIGNMENT (( #425 ) ) ;
#4357 = ORIENTED_EDGE ( 'NONE', *, *, #4361, .F. ) ;
#4358 =( GEOMETRIC_REPRESENTATION_CONTEXT ( 3 ) GLOBAL_UNCERTAINTY_ASSIGNED_CONTEXT ( ( #4818 ) ) GLOBAL_UNIT_ASSIGNED_CONTEXT ( ( #7804, #895, #692 ) ) REPRESENTATION_CONTEXT ( 'NONE', 'WORKASPACE' ) );
#4359 = ORIENTED_EDGE ( 'NONE', *, *, #5698, .T. ) ;
#4360 = SURFACE_SIDE_STYLE ('',( #2032 ) ) ;
#4361 = EDGE_CURVE ( 'NONE', #7498, #7159, #1285, .T. ) ;
#4362 =( NAMED_UNIT ( * ) SI_UNIT ( $, .STERADIAN. ) SOLID_ANGLE_UNIT ( ) );
#4363 =( NAMED_UNIT ( * ) PLANE_ANGLE_UNIT ( ) SI_UNIT ( $, .RADIAN. ) );
#4364 = ADVANCED_FACE ( 'NONE', ( #3536 ), #6591, .T. ) ;
#4365 =( GEOMETRIC_REPRESENTATION_CONTEXT ( 3 ) GLOBAL_UNCERTAINTY_ASSIGNED_CONTEXT ( ( #1866 ) ) GLOBAL_UNIT_ASSIGNED_CONTEXT ( ( #2148, #8981, #7507 ) ) REPRESENTATION_CONTEXT ( 'NONE', 'WORKASPACE' ) );
#4366 = CARTESIAN_POINT ( 'NONE',  ( 20.25000000000000000, 0.000000000000000000, -9.199999999999999289 ) ) ;
#4367 = ORIENTED_EDGE ( 'NONE', *, *, #9891, .T. ) ;
#4368 = EDGE_CURVE ( 'NONE', #7662, #2031, #3885, .T. ) ;
#4369 = LINE ( 'NONE', #8092, #9703 ) ;
#4370 = ORIENTED_EDGE ( 'NONE', *, *, #4429, .T. ) ;
#4371 = AXIS2_PLACEMENT_3D ( 'NONE', #7022, #2323, #5499 ) ;
#4372 = CARTESIAN_POINT ( 'NONE',  ( 17.14999999999999858, -1.084202172485504434E-16, -0.4000000000000010214 ) ) ;
#4373 = DIRECTION ( 'NONE',  ( 0.000000000000000000, 0.000000000000000000, -1.000000000000000000 ) ) ;
#4374 = SURFACE_STYLE_USAGE ( .BOTH. , #3576 ) ;
#4375 = LINE ( 'NONE', #8195, #591 ) ;
#4376 = LINE ( 'NONE', #4481, #7729 ) ;
#4377 = FILL_AREA_STYLE ('',( #9635 ) ) ;
#4378 = VECTOR ( 'NONE', #5447, 1000.000000000000000 ) ;
#4379 = SURFACE_STYLE_FILL_AREA ( #8198 ) ;
#4380 = CARTESIAN_POINT ( 'NONE',  ( 4.650000000000000355, -1.084202172485504434E-16, -8.900000000000000355 ) ) ;
#4381 = DIRECTION ( 'NONE',  ( 1.084202172485505026E-15, 0.000000000000000000, -1.000000000000000000 ) ) ;
#4382 = DIRECTION ( 'NONE',  ( 0.000000000000000000, 1.000000000000000000, 0.000000000000000000 ) ) ;
#4383 = AXIS2_PLACEMENT_3D ( 'NONE', #5961, #8991, #3895 ) ;
#4384 = EDGE_LOOP ( 'NONE', ( #786, #6864, #8361, #6387 ) ) ;
#4385 = SURFACE_STYLE_FILL_AREA ( #9596 ) ;
#4386 = FILL_AREA_STYLE_COLOUR ( '', #1408 ) ;
#4387 = AXIS2_PLACEMENT_3D ( 'NONE', #4432, #7508, #6790 ) ;
#4388 = DIRECTION ( 'NONE',  ( 0.000000000000000000, -0.7071067811865496822, -0.7071067811865453523 ) ) ;
#4389 =( NAMED_UNIT ( * ) PLANE_ANGLE_UNIT ( ) SI_UNIT ( $, .RADIAN. ) );
#4390 = DIRECTION ( 'NONE',  ( 0.000000000000000000, 0.000000000000000000, 1.000000000000000000 ) ) ;
#4391 = ORIENTED_EDGE ( 'NONE', *, *, #2924, .T. ) ;
#4392 = ORIENTED_EDGE ( 'NONE', *, *, #8412, .T. ) ;
#4393 =( NAMED_UNIT ( * ) SI_UNIT ( $, .STERADIAN. ) SOLID_ANGLE_UNIT ( ) );
#4394 = CARTESIAN_POINT ( 'NONE',  ( 14.85000000000000142, 3.249999999999999556, -0.2000000000000003164 ) ) ;
#4395 = SURFACE_STYLE_FILL_AREA ( #7369 ) ;
#4396 = DIRECTION ( 'NONE',  ( 6.675717642603108623E-16, -0.5002775978746291097, -0.8658650732445505316 ) ) ;
#4397 = MECHANICAL_DESIGN_GEOMETRIC_PRESENTATION_REPRESENTATION (  '', ( #3117 ), #5069 ) ;
#4398 = CARTESIAN_POINT ( 'NONE',  ( 0.8000000000000003775, 4.499999999999999112, 1.628726450583782106E-15 ) ) ;
#4399 = EDGE_CURVE ( 'NONE', #458, #4176, #2355, .T. ) ;
#4400 = CARTESIAN_POINT ( 'NONE',  ( 1.999999999999998224, 6.099999999999999645, -0.8000000000000019318 ) ) ;
#4401 = ORIENTED_EDGE ( 'NONE', *, *, #7570, .F. ) ;
#4402 = PLANE ( 'NONE',  #7178 ) ;
#4403 = VERTEX_POINT ( 'NONE', #6147 ) ;
#4404 = VERTEX_POINT ( 'NONE', #2407 ) ;
#4405 = FILL_AREA_STYLE ('',( #9813 ) ) ;
#4406 = FACE_OUTER_BOUND ( 'NONE', #8379, .T. ) ;
#4407 = DIRECTION ( 'NONE',  ( 1.000000000000000000, 0.000000000000000000, 0.000000000000000000 ) ) ;
#4408 = FILL_AREA_STYLE_COLOUR ( '', #7826 ) ;
#4409 = PRESENTATION_LAYER_ASSIGNMENT (  '', '', ( #8883 ) ) ;
#4410 = DIRECTION ( 'NONE',  ( -1.000000000000000000, -0.000000000000000000, 0.000000000000000000 ) ) ;
#4411 = UNCERTAINTY_MEASURE_WITH_UNIT (LENGTH_MEASURE( 1.000000000000000082E-05 ), #1555, 'distance_accuracy_value', 'NONE');
#4412 = STYLED_ITEM ( 'NONE', ( #8713 ), #779 ) ;
#4413 = PLANE ( 'NONE',  #2986 ) ;
#4414 = EDGE_CURVE ( 'NONE', #7901, #4719, #2321, .T. ) ;
#4415 = EDGE_LOOP ( 'NONE', ( #7407, #2418, #4189, #9917 ) ) ;
#4416 = VECTOR ( 'NONE', #9347, 1000.000000000000000 ) ;
#4417 = ORIENTED_EDGE ( 'NONE', *, *, #5928, .F. ) ;
#4418 = DIRECTION ( 'NONE',  ( -1.000000000000000000, 0.000000000000000000, 0.000000000000000000 ) ) ;
#4419 = VERTEX_POINT ( 'NONE', #3985 ) ;
#4420 = EDGE_CURVE ( 'NONE', #5822, #7079, #1590, .T. ) ;
#4421 = DIRECTION ( 'NONE',  ( 0.000000000000000000, 0.000000000000000000, -1.000000000000000000 ) ) ;
#4422 =( NAMED_UNIT ( * ) SI_UNIT ( $, .STERADIAN. ) SOLID_ANGLE_UNIT ( ) );
#4423 = AXIS2_PLACEMENT_3D ( 'NONE', #2626, #5712, #8803 ) ;
#4424 = CIRCLE ( 'NONE', #5702, 0.2999999999999999334 ) ;
#4425 = COLOUR_RGB ( '',0.7529411764705882248, 0.7529411764705882248, 0.7529411764705882248 ) ;
#4426 = MECHANICAL_DESIGN_GEOMETRIC_PRESENTATION_REPRESENTATION (  '', ( #6833 ), #2490 ) ;
#4427 = DIRECTION ( 'NONE',  ( 0.000000000000000000, -0.7071067811865453523, -0.7071067811865496822 ) ) ;
#4428 = SURFACE_STYLE_USAGE ( .BOTH. , #1181 ) ;
#4429 = EDGE_CURVE ( 'NONE', #3130, #5052, #6901, .T. ) ;
#4430 = VECTOR ( 'NONE', #7441, 1000.000000000000000 ) ;
#4431 = PRESENTATION_LAYER_ASSIGNMENT (  '', '', ( #724 ) ) ;
#4432 = CARTESIAN_POINT ( 'NONE',  ( 15.25000000000000178, 3.649999999999999911, -0.2000000000000000111 ) ) ;
#4433 = UNCERTAINTY_MEASURE_WITH_UNIT (LENGTH_MEASURE( 1.000000000000000082E-05 ), #1772, 'distance_accuracy_value', 'NONE');
#4434 = VECTOR ( 'NONE', #5790, 1000.000000000000000 ) ;
#4435 = CARTESIAN_POINT ( 'NONE',  ( 20.25000000000000000, 3.649999999999999911, -0.2000000000000000111 ) ) ;
#4436 = ORIENTED_EDGE ( 'NONE', *, *, #4854, .T. ) ;
#4437 = COLOUR_RGB ( '',0.7529411764705882248, 0.7529411764705882248, 0.7529411764705882248 ) ;
#4438 = CARTESIAN_POINT ( 'NONE',  ( 4.950000000000000178, 0.000000000000000000, -9.199999999999999289 ) ) ;
#4439 = MECHANICAL_DESIGN_GEOMETRIC_PRESENTATION_REPRESENTATION (  '', ( #2000 ), #7652 ) ;
#4440 = VECTOR ( 'NONE', #273, 1000.000000000000000 ) ;
#4441 = LINE ( 'NONE', #6945, #128 ) ;
#4442 = VECTOR ( 'NONE', #4070, 1000.000000000000000 ) ;
#4443 = EDGE_CURVE ( 'NONE', #7008, #2721, #4680, .T. ) ;
#4444 = VECTOR ( 'NONE', #1727, 1000.000000000000000 ) ;
#4445 = COLOUR_RGB ( '',0.7529411764705882248, 0.7529411764705882248, 0.7529411764705882248 ) ;
#4446 = VECTOR ( 'NONE', #5927, 1000.000000000000000 ) ;
#4447 = PRESENTATION_LAYER_ASSIGNMENT (  '', '', ( #3159 ) ) ;
#4448 = FACE_OUTER_BOUND ( 'NONE', #878, .T. ) ;
#4449 = LINE ( 'NONE', #5345, #7113 ) ;
#4450 = CARTESIAN_POINT ( 'NONE',  ( 2.750000000000000444, 3.649999999999999911, -8.300000000000000711 ) ) ;
#4451 = VECTOR ( 'NONE', #2103, 1000.000000000000000 ) ;
#4452 = DIRECTION ( 'NONE',  ( 0.000000000000000000, 1.000000000000000000, 0.000000000000000000 ) ) ;
#4453 = ORIENTED_EDGE ( 'NONE', *, *, #2001, .T. ) ;
#4454 = ORIENTED_EDGE ( 'NONE', *, *, #2511, .T. ) ;
#4455 =( NAMED_UNIT ( * ) SI_UNIT ( $, .STERADIAN. ) SOLID_ANGLE_UNIT ( ) );
#4456 =( GEOMETRIC_REPRESENTATION_CONTEXT ( 3 ) GLOBAL_UNCERTAINTY_ASSIGNED_CONTEXT ( ( #2902 ) ) GLOBAL_UNIT_ASSIGNED_CONTEXT ( ( #6390, #1774, #7933 ) ) REPRESENTATION_CONTEXT ( 'NONE', 'WORKASPACE' ) );
#4457 = CARTESIAN_POINT ( 'NONE',  ( 5.250000000000000000, -1.084202172485504434E-16, -9.500000000000000000 ) ) ;
#4458 = DIRECTION ( 'NONE',  ( -0.000000000000000000, -1.000000000000000000, -0.000000000000000000 ) ) ;
#4459 = CARTESIAN_POINT ( 'NONE',  ( 7.750000000000000000, 3.050000000000000266, -0.4000000000000010214 ) ) ;
#4460 = DIRECTION ( 'NONE',  ( -1.000000000000000000, -0.000000000000000000, -0.000000000000000000 ) ) ;
#4461 = FILL_AREA_STYLE ('',( #567 ) ) ;
#4462 = CARTESIAN_POINT ( 'NONE',  ( 21.60000000000000142, 2.500000000000000000, -11.50000000000000178 ) ) ;
#4463 = ORIENTED_EDGE ( 'NONE', *, *, #2129, .F. ) ;
#4464 = ORIENTED_EDGE ( 'NONE', *, *, #8184, .F. ) ;
#4465 = VERTEX_POINT ( 'NONE', #7740 ) ;
#4466 = PRESENTATION_STYLE_ASSIGNMENT (( #6130 ) ) ;
#4467 = MECHANICAL_DESIGN_GEOMETRIC_PRESENTATION_REPRESENTATION (  '', ( #3992 ), #8475 ) ;
#4468 = SURFACE_SIDE_STYLE ('',( #2079 ) ) ;
#4469 = PLANE ( 'NONE',  #113 ) ;
#4470 =( LENGTH_UNIT ( ) NAMED_UNIT ( * ) SI_UNIT ( .MILLI., .METRE. ) );
#4471 = SURFACE_SIDE_STYLE ('',( #6089 ) ) ;
#4472 = CARTESIAN_POINT ( 'NONE',  ( 5.250000000000000000, 3.649999999999999911, -8.300000000000000711 ) ) ;
#4473 = ORIENTED_EDGE ( 'NONE', *, *, #8558, .T. ) ;
#4474 =( LENGTH_UNIT ( ) NAMED_UNIT ( * ) SI_UNIT ( .MILLI., .METRE. ) );
#4475 = ORIENTED_EDGE ( 'NONE', *, *, #7052, .T. ) ;
#4476 = CARTESIAN_POINT ( 'NONE',  ( 17.14999999999999858, 2.450000000000000178, -8.300000000000000711 ) ) ;
#4477 = ORIENTED_EDGE ( 'NONE', *, *, #131, .F. ) ;
#4478 = ADVANCED_FACE ( 'NONE', ( #6191 ), #3069, .T. ) ;
#4479 = STYLED_ITEM ( 'NONE', ( #5694 ), #61 ) ;
#4480 = CARTESIAN_POINT ( 'NONE',  ( 2.616666666666666696, 3.516666666666666607, -0.2666666666666666630 ) ) ;
#4481 = CARTESIAN_POINT ( 'NONE',  ( 5.050000000000000711, 3.050000000000000266, -0.2000000000000000111 ) ) ;
#4482 = EDGE_CURVE ( 'NONE', #7298, #8320, #5077, .T. ) ;
#4483 = CARTESIAN_POINT ( 'NONE',  ( 12.75000000000000178, 2.449999999999999734, -8.300000000000000711 ) ) ;
#4484 = CARTESIAN_POINT ( 'NONE',  ( 17.14999999999999858, 3.050000000000000266, -0.4000000000000009104 ) ) ;
#4485 = MANIFOLD_SOLID_BREP ( 'R\X2\00e9\X0\p\X2\00e9\X0\tition lin\X2\00e9\X0\aire1', #6412 ) ;
#4486 = FACE_OUTER_BOUND ( 'NONE', #7236, .T. ) ;
#4487 = EDGE_LOOP ( 'NONE', ( #3921, #5674, #2959, #8669, #3120 ) ) ;
#4488 = DIRECTION ( 'NONE',  ( 0.000000000000000000, 0.000000000000000000, 1.000000000000000000 ) ) ;
#4489 = ADVANCED_FACE ( 'NONE', ( #3474, #4936, #1125, #8777, #5586, #9476, #9327, #7199, #933 ), #1831, .F. ) ;
#4490 = DIRECTION ( 'NONE',  ( 0.000000000000000000, -1.000000000000000000, 0.000000000000000000 ) ) ;
#4491 = DIRECTION ( 'NONE',  ( 0.000000000000000000, 0.000000000000000000, 1.000000000000000000 ) ) ;
#4492 =( LENGTH_UNIT ( ) NAMED_UNIT ( * ) SI_UNIT ( .MILLI., .METRE. ) );
#4493 = ORIENTED_EDGE ( 'NONE', *, *, #2605, .T. ) ;
#4494 = EDGE_CURVE ( 'NONE', #5778, #9447, #3628, .T. ) ;
#4495 = EDGE_LOOP ( 'NONE', ( #9631, #2234, #1570, #1837 ) ) ;
#4496 = DIRECTION ( 'NONE',  ( 0.000000000000000000, 0.000000000000000000, -1.000000000000000000 ) ) ;
#4497 = DIRECTION ( 'NONE',  ( 0.000000000000000000, 0.000000000000000000, 1.000000000000000000 ) ) ;
#4498 = LINE ( 'NONE', #4394, #3203 ) ;
#4499 = CARTESIAN_POINT ( 'NONE',  ( 10.25000000000000000, 3.050000000000000266, -0.2000000000000000111 ) ) ;
#4500 = DIRECTION ( 'NONE',  ( 0.000000000000000000, 0.000000000000000000, 1.000000000000000000 ) ) ;
#4501 = CARTESIAN_POINT ( 'NONE',  ( 10.25000000000000000, 3.250000000000000000, -0.2000000000000000111 ) ) ;
#4502 = DIRECTION ( 'NONE',  ( 0.000000000000000000, -0.000000000000000000, 1.000000000000000000 ) ) ;
#4503 = SURFACE_SIDE_STYLE ('',( #5266 ) ) ;
#4504 =( NAMED_UNIT ( * ) SI_UNIT ( $, .STERADIAN. ) SOLID_ANGLE_UNIT ( ) );
#4505 = ORIENTED_EDGE ( 'NONE', *, *, #9448, .T. ) ;
#4506 = CARTESIAN_POINT ( 'NONE',  ( 17.14999999999999858, -1.084202172485504434E-16, -8.900000000000000355 ) ) ;
#4507 = VERTEX_POINT ( 'NONE', #189 ) ;
#4508 = EDGE_LOOP ( 'NONE', ( #7841, #7925, #4981 ) ) ;
#4509 =( NAMED_UNIT ( * ) SI_UNIT ( $, .STERADIAN. ) SOLID_ANGLE_UNIT ( ) );
#4510 = COLOUR_RGB ( '',0.7529411764705882248, 0.7529411764705882248, 0.7529411764705882248 ) ;
#4511 =( LENGTH_UNIT ( ) NAMED_UNIT ( * ) SI_UNIT ( .MILLI., .METRE. ) );
#4512 = ADVANCED_FACE ( 'NONE', ( #3267 ), #6393, .T. ) ;
#4513 = CARTESIAN_POINT ( 'NONE',  ( 0.8000000000000004885, 3.050000000000000266, -6.200000000000000178 ) ) ;
#4514 = UNCERTAINTY_MEASURE_WITH_UNIT (LENGTH_MEASURE( 1.000000000000000082E-05 ), #7253, 'distance_accuracy_value', 'NONE');
#4515 = CARTESIAN_POINT ( 'NONE',  ( 17.75000000000000000, 2.450000000000000178, -8.900000000000000355 ) ) ;
#4516 = ORIENTED_EDGE ( 'NONE', *, *, #7917, .F. ) ;
#4517 = LINE ( 'NONE', #9822, #1038 ) ;
#4518 = ORIENTED_EDGE ( 'NONE', *, *, #8654, .F. ) ;
#4519 = DIRECTION ( 'NONE',  ( 0.000000000000000000, 0.000000000000000000, 1.000000000000000000 ) ) ;
#4520 = ORIENTED_EDGE ( 'NONE', *, *, #1032, .T. ) ;
#4521 = FACE_OUTER_BOUND ( 'NONE', #9659, .T. ) ;
#4522 = LINE ( 'NONE', #9828, #540 ) ;
#4523 = VECTOR ( 'NONE', #3253, 1000.000000000000000 ) ;
#4524 = CARTESIAN_POINT ( 'NONE',  ( 5.250000000000000000, 3.050000000000000266, -0.4000000000000009104 ) ) ;
#4525 = DIRECTION ( 'NONE',  ( 0.5773502691896241767, 0.5773502691896246208, -0.5773502691896282846 ) ) ;
#4526 = UNCERTAINTY_MEASURE_WITH_UNIT (LENGTH_MEASURE( 1.000000000000000082E-05 ), #4824, 'distance_accuracy_value', 'NONE');
#4527 = DIRECTION ( 'NONE',  ( 1.000000000000000000, 0.000000000000000000, 0.000000000000000000 ) ) ;
#4528 = FILL_AREA_STYLE_COLOUR ( '', #2649 ) ;
#4529 =( NAMED_UNIT ( * ) SI_UNIT ( $, .STERADIAN. ) SOLID_ANGLE_UNIT ( ) );
#4530 = ADVANCED_FACE ( 'NONE', ( #1275 ), #4413, .F. ) ;
#4531 =( NAMED_UNIT ( * ) PLANE_ANGLE_UNIT ( ) SI_UNIT ( $, .RADIAN. ) );
#4532 = FILL_AREA_STYLE ('',( #3736 ) ) ;
#4533 = ORIENTED_EDGE ( 'NONE', *, *, #1635, .T. ) ;
#4534 =( LENGTH_UNIT ( ) NAMED_UNIT ( * ) SI_UNIT ( .MILLI., .METRE. ) );
#4535 = MECHANICAL_DESIGN_GEOMETRIC_PRESENTATION_REPRESENTATION (  '', ( #8228 ), #8384 ) ;
#4536 = SURFACE_STYLE_USAGE ( .BOTH. , #9095 ) ;
#4537 = DIRECTION ( 'NONE',  ( -1.000000000000000000, -0.000000000000000000, 0.000000000000000000 ) ) ;
#4538 = EDGE_CURVE ( 'NONE', #5822, #5824, #5025, .T. ) ;
#4539 = DIRECTION ( 'NONE',  ( 0.000000000000000000, 0.000000000000000000, -1.000000000000000000 ) ) ;
#4540 = DIRECTION ( 'NONE',  ( 1.000000000000000000, 0.000000000000000000, 0.000000000000000000 ) ) ;
#4541 = VERTEX_POINT ( 'NONE', #4472 ) ;
#4542 = VERTEX_POINT ( 'NONE', #7544 ) ;
#4543 = PRESENTATION_LAYER_ASSIGNMENT (  '', '', ( #8854 ) ) ;
#4544 = DIRECTION ( 'NONE',  ( 0.5773502691896225114, 0.5773502691896255090, 0.5773502691896291728 ) ) ;
#4545 = EDGE_CURVE ( 'NONE', #7267, #8850, #8147, .T. ) ;
#4546 = DIRECTION ( 'NONE',  ( 0.000000000000000000, 0.000000000000000000, -1.000000000000000000 ) ) ;
#4547 = FILL_AREA_STYLE_COLOUR ( '', #7053 ) ;
#4548 = EDGE_CURVE ( 'NONE', #619, #528, #7386, .T. ) ;
#4549 = VECTOR ( 'NONE', #8611, 1000.000000000000000 ) ;
#4550 = DIRECTION ( 'NONE',  ( -0.000000000000000000, 1.000000000000000000, 0.000000000000000000 ) ) ;
#4551 = LINE ( 'NONE', #2841, #2923 ) ;
#4552 = DIRECTION ( 'NONE',  ( 0.000000000000000000, -0.000000000000000000, 1.000000000000000000 ) ) ;
#4553 = CYLINDRICAL_SURFACE ( 'NONE', #9652, 0.2999999999999999334 ) ;
#4554 = PLANE ( 'NONE',  #5695 ) ;
#4555 = DIRECTION ( 'NONE',  ( 0.000000000000000000, 0.000000000000000000, -1.000000000000000000 ) ) ;
#4556 = ORIENTED_EDGE ( 'NONE', *, *, #7812, .F. ) ;
#4557 =( NAMED_UNIT ( * ) SI_UNIT ( $, .STERADIAN. ) SOLID_ANGLE_UNIT ( ) );
#4558 = VERTEX_POINT ( 'NONE', #3568 ) ;
#4559 = CARTESIAN_POINT ( 'NONE',  ( 15.25000000000000178, 3.050000000000000266, -7.000000000000000000 ) ) ;
#4560 = CARTESIAN_POINT ( 'NONE',  ( 4.850000000000000533, 3.250000000000000000, -0.2000000000000000111 ) ) ;
#4561 = PRESENTATION_STYLE_ASSIGNMENT (( #6234 ) ) ;
#4562 = COLOUR_RGB ( '',0.7529411764705882248, 0.7529411764705882248, 0.7529411764705882248 ) ;
#4563 = ADVANCED_FACE ( 'NONE', ( #6630 ), #625, .T. ) ;
#4564 = VECTOR ( 'NONE', #8425, 1000.000000000000000 ) ;
#4565 = EDGE_LOOP ( 'NONE', ( #7111, #7419, #3873, #3021 ) ) ;
#4566 = EDGE_LOOP ( 'NONE', ( #9775, #2846, #2556, #1602 ) ) ;
#4567 = LINE ( 'NONE', #2909, #1847 ) ;
#4568 = ORIENTED_EDGE ( 'NONE', *, *, #7311, .F. ) ;
#4569 = SURFACE_STYLE_USAGE ( .BOTH. , #8434 ) ;
#4570 = VECTOR ( 'NONE', #4580, 1000.000000000000000 ) ;
#4571 = CARTESIAN_POINT ( 'NONE',  ( 2.750000000000000444, 2.449999999999999734, -9.500000000000000000 ) ) ;
#4572 = VECTOR ( 'NONE', #5630, 1000.000000000000000 ) ;
#4573 = DIRECTION ( 'NONE',  ( 0.000000000000000000, 0.000000000000000000, -1.000000000000000000 ) ) ;
#4574 = CARTESIAN_POINT ( 'NONE',  ( 19.95000000000000284, -2.000000000000000000, -9.199999999999999289 ) ) ;
#4575 = STYLED_ITEM ( 'NONE', ( #6916 ), #5725 ) ;
#4576 = AXIS2_PLACEMENT_3D ( 'NONE', #4499, #4550, #3756 ) ;
#4577 = VECTOR ( 'NONE', #1652, 1000.000000000000000 ) ;
#4578 =( NAMED_UNIT ( * ) PLANE_ANGLE_UNIT ( ) SI_UNIT ( $, .RADIAN. ) );
#4579 = PLANE ( 'NONE',  #9626 ) ;
#4580 = DIRECTION ( 'NONE',  ( -0.000000000000000000, 1.000000000000000000, -0.000000000000000000 ) ) ;
#4581 = EDGE_LOOP ( 'NONE', ( #4853, #7712, #9753, #4475 ) ) ;
#4582 = CARTESIAN_POINT ( 'NONE',  ( 17.75000000000000000, 3.649999999999999911, -8.300000000000000711 ) ) ;
#4583 = STYLED_ITEM ( 'NONE', ( #9349 ), #1881 ) ;
#4584 = MECHANICAL_DESIGN_GEOMETRIC_PRESENTATION_REPRESENTATION (  '', ( #9216 ), #1992 ) ;
#4585 = VECTOR ( 'NONE', #8363, 1000.000000000000000 ) ;
#4586 = STYLED_ITEM ( 'NONE', ( #3878 ), #9690 ) ;
#4587 = DIRECTION ( 'NONE',  ( 0.000000000000000000, 0.000000000000000000, 1.000000000000000000 ) ) ;
#4588 =( LENGTH_UNIT ( ) NAMED_UNIT ( * ) SI_UNIT ( .MILLI., .METRE. ) );
#4589 = CARTESIAN_POINT ( 'NONE',  ( 17.14999999999999858, 2.450000000000000178, -8.900000000000000355 ) ) ;
#4590 = VECTOR ( 'NONE', #3306, 1000.000000000000000 ) ;
#4591 =( GEOMETRIC_REPRESENTATION_CONTEXT ( 3 ) GLOBAL_UNCERTAINTY_ASSIGNED_CONTEXT ( ( #2296 ) ) GLOBAL_UNIT_ASSIGNED_CONTEXT ( ( #7351, #6942, #9894 ) ) REPRESENTATION_CONTEXT ( 'NONE', 'WORKASPACE' ) );
#4592 = CIRCLE ( 'NONE', #6661, 0.5999999999999998668 ) ;
#4593 = PRESENTATION_STYLE_ASSIGNMENT (( #18 ) ) ;
#4594 = DIRECTION ( 'NONE',  ( 1.000000000000000000, 0.000000000000000000, 0.000000000000000000 ) ) ;
#4595 = ORIENTED_EDGE ( 'NONE', *, *, #5851, .T. ) ;
#4596 = VERTEX_POINT ( 'NONE', #7773 ) ;
#4597 = CARTESIAN_POINT ( 'NONE',  ( 0.8000000000000000444, 6.099999999999999645, -6.200000000000000178 ) ) ;
#4598 = PRESENTATION_LAYER_ASSIGNMENT (  '', '', ( #1682 ) ) ;
#4599 =( GEOMETRIC_REPRESENTATION_CONTEXT ( 3 ) GLOBAL_UNCERTAINTY_ASSIGNED_CONTEXT ( ( #1383 ) ) GLOBAL_UNIT_ASSIGNED_CONTEXT ( ( #3390, #9677, #8980 ) ) REPRESENTATION_CONTEXT ( 'NONE', 'WORKASPACE' ) );
#4600 = AXIS2_PLACEMENT_3D ( 'NONE', #8964, #6472, #8082 ) ;
#4601 = SURFACE_STYLE_USAGE ( .BOTH. , #1510 ) ;
#4602 = CARTESIAN_POINT ( 'NONE',  ( 9.950000000000001066, -2.000000000000000000, -9.199999999999999289 ) ) ;
#4603 = VECTOR ( 'NONE', #9262, 1000.000000000000000 ) ;
#4604 =( GEOMETRIC_REPRESENTATION_CONTEXT ( 3 ) GLOBAL_UNCERTAINTY_ASSIGNED_CONTEXT ( ( #6248 ) ) GLOBAL_UNIT_ASSIGNED_CONTEXT ( ( #191, #2409, #6294 ) ) REPRESENTATION_CONTEXT ( 'NONE', 'WORKASPACE' ) );
#4605 = EDGE_CURVE ( 'NONE', #2443, #6851, #2175, .T. ) ;
#4606 = PLANE ( 'NONE',  #1844 ) ;
#4607 = DIRECTION ( 'NONE',  ( -0.7071067811865515695, 0.000000000000000000, -0.7071067811865435759 ) ) ;
#4608 = LINE ( 'NONE', #25, #4855 ) ;
#4609 = PRESENTATION_LAYER_ASSIGNMENT (  '', '', ( #9400 ) ) ;
#4610 = SURFACE_STYLE_FILL_AREA ( #2940 ) ;
#4611 = ADVANCED_FACE ( 'NONE', ( #2343 ), #728, .F. ) ;
#4612 = SURFACE_STYLE_USAGE ( .BOTH. , #7470 ) ;
#4613 = FACE_OUTER_BOUND ( 'NONE', #5991, .T. ) ;
#4614 = VERTEX_POINT ( 'NONE', #3719 ) ;
#4615 = ORIENTED_EDGE ( 'NONE', *, *, #8040, .T. ) ;
#4616 = AXIS2_PLACEMENT_3D ( 'NONE', #8239, #4418, #4519 ) ;
#4617 = LINE ( 'NONE', #7724, #7947 ) ;
#4618 = FILL_AREA_STYLE ('',( #1663 ) ) ;
#4619 = PRODUCT_RELATED_PRODUCT_CATEGORY ( 'part', '', ( #7746 ) ) ;
#4620 = EDGE_CURVE ( 'NONE', #6418, #5628, #3968, .T. ) ;
#4621 = CIRCLE ( 'NONE', #6541, 0.2999999999999999334 ) ;
#4622 = DIRECTION ( 'NONE',  ( 1.000000000000000000, 0.000000000000000000, 2.040851148208000110E-15 ) ) ;
#4623 = UNCERTAINTY_MEASURE_WITH_UNIT (LENGTH_MEASURE( 1.000000000000000082E-05 ), #8378, 'distance_accuracy_value', 'NONE');
#4624 = FILL_AREA_STYLE ('',( #782 ) ) ;
#4625 = DIRECTION ( 'NONE',  ( -0.000000000000000000, 0.000000000000000000, -1.000000000000000000 ) ) ;
#4626 = ORIENTED_EDGE ( 'NONE', *, *, #3236, .T. ) ;
#4627 = SURFACE_SIDE_STYLE ('',( #1538 ) ) ;
#4628 = PRESENTATION_LAYER_ASSIGNMENT (  '', '', ( #1059 ) ) ;
#4629 = ORIENTED_EDGE ( 'NONE', *, *, #4545, .F. ) ;
#4630 = ADVANCED_FACE ( 'NONE', ( #7636 ), #670, .T. ) ;
#4631 = ORIENTED_EDGE ( 'NONE', *, *, #9175, .F. ) ;
#4632 = DIRECTION ( 'NONE',  ( -1.000000000000000000, 0.000000000000000000, 0.000000000000000000 ) ) ;
#4633 = COLOUR_RGB ( '',0.7529411764705882248, 0.7529411764705882248, 0.7529411764705882248 ) ;
#4634 = FILL_AREA_STYLE ('',( #4827 ) ) ;
#4635 = UNCERTAINTY_MEASURE_WITH_UNIT (LENGTH_MEASURE( 1.000000000000000082E-05 ), #2833, 'distance_accuracy_value', 'NONE');
#4636 = COLOUR_RGB ( '',0.7529411764705882248, 0.7529411764705882248, 0.7529411764705882248 ) ;
#4637 =( GEOMETRIC_REPRESENTATION_CONTEXT ( 3 ) GLOBAL_UNCERTAINTY_ASSIGNED_CONTEXT ( ( #9835 ) ) GLOBAL_UNIT_ASSIGNED_CONTEXT ( ( #8253, #1493, #8397 ) ) REPRESENTATION_CONTEXT ( 'NONE', 'WORKASPACE' ) );
#4638 = DIRECTION ( 'NONE',  ( 0.000000000000000000, 0.000000000000000000, -1.000000000000000000 ) ) ;
#4639 = SURFACE_SIDE_STYLE ('',( #6194 ) ) ;
#4640 = DIRECTION ( 'NONE',  ( 0.000000000000000000, -1.000000000000000000, 0.000000000000000000 ) ) ;
#4641 = ORIENTED_EDGE ( 'NONE', *, *, #391, .F. ) ;
#4642 = CARTESIAN_POINT ( 'NONE',  ( 2.450000000000000178, 0.000000000000000000, -8.900000000000000355 ) ) ;
#4643 = VECTOR ( 'NONE', #1422, 1000.000000000000000 ) ;
#4644 = SURFACE_STYLE_FILL_AREA ( #5339 ) ;
#4645 = CARTESIAN_POINT ( 'NONE',  ( 10.25000000000000000, 3.649999999999999911, -0.2000000000000000111 ) ) ;
#4646 = STYLED_ITEM ( 'NONE', ( #6463 ), #7437 ) ;
#4647 = PRESENTATION_LAYER_ASSIGNMENT (  '', '', ( #4479 ) ) ;
#4648 =( LENGTH_UNIT ( ) NAMED_UNIT ( * ) SI_UNIT ( .MILLI., .METRE. ) );
#4649 = LINE ( 'NONE', #7711, #5067 ) ;
#4650 = EDGE_LOOP ( 'NONE', ( #5166, #9320, #3763, #6954 ) ) ;
#4651 = ORIENTED_EDGE ( 'NONE', *, *, #8589, .F. ) ;
#4652 = DIRECTION ( 'NONE',  ( -1.000000000000000000, -0.000000000000000000, -0.000000000000000000 ) ) ;
#4653 = SURFACE_STYLE_FILL_AREA ( #6120 ) ;
#4654 = SURFACE_STYLE_USAGE ( .BOTH. , #9909 ) ;
#4655 = SURFACE_SIDE_STYLE ('',( #905 ) ) ;
#4656 = SURFACE_STYLE_USAGE ( .BOTH. , #2117 ) ;
#4657 = LINE ( 'NONE', #1710, #333 ) ;
#4658 = LINE ( 'NONE', #4501, #6219 ) ;
#4659 =( LENGTH_UNIT ( ) NAMED_UNIT ( * ) SI_UNIT ( .MILLI., .METRE. ) );
#4660 = EDGE_LOOP ( 'NONE', ( #2834, #525, #5268, #9164 ) ) ;
#4661 = DIRECTION ( 'NONE',  ( -0.000000000000000000, -0.000000000000000000, 1.000000000000000000 ) ) ;
#4662 = VERTEX_POINT ( 'NONE', #3058 ) ;
#4663 = ADVANCED_FACE ( 'NONE', ( #8621 ), #5572, .T. ) ;
#4664 = DIRECTION ( 'NONE',  ( -0.7071067811865515695, 0.000000000000000000, 0.7071067811865435759 ) ) ;
#4665 = LINE ( 'NONE', #3914, #8581 ) ;
#4666 = EDGE_CURVE ( 'NONE', #6587, #2126, #9510, .T. ) ;
#4667 = FACE_OUTER_BOUND ( 'NONE', #923, .T. ) ;
#4668 =( NAMED_UNIT ( * ) PLANE_ANGLE_UNIT ( ) SI_UNIT ( $, .RADIAN. ) );
#4669 = ORIENTED_EDGE ( 'NONE', *, *, #601, .T. ) ;
#4670 = EDGE_CURVE ( 'NONE', #9865, #5612, #2631, .T. ) ;
#4671 = ORIENTED_EDGE ( 'NONE', *, *, #3849, .T. ) ;
#4672 =( NAMED_UNIT ( * ) PLANE_ANGLE_UNIT ( ) SI_UNIT ( $, .RADIAN. ) );
#4673 = VERTEX_POINT ( 'NONE', #920 ) ;
#4674 = PRESENTATION_STYLE_ASSIGNMENT (( #6291 ) ) ;
#4675 = FILL_AREA_STYLE ('',( #6936 ) ) ;
#4676 = ADVANCED_FACE ( 'NONE', ( #5512 ), #2497, .F. ) ;
#4677 = SURFACE_STYLE_FILL_AREA ( #4634 ) ;
#4678 =( NAMED_UNIT ( * ) PLANE_ANGLE_UNIT ( ) SI_UNIT ( $, .RADIAN. ) );
#4679 =( GEOMETRIC_REPRESENTATION_CONTEXT ( 3 ) GLOBAL_UNCERTAINTY_ASSIGNED_CONTEXT ( ( #1764 ) ) GLOBAL_UNIT_ASSIGNED_CONTEXT ( ( #3070, #1889, #4177 ) ) REPRESENTATION_CONTEXT ( 'NONE', 'WORKASPACE' ) );
#4680 = LINE ( 'NONE', #3931, #9385 ) ;
#4681 = EDGE_CURVE ( 'NONE', #732, #2506, #4066, .T. ) ;
#4682 = PLANE ( 'NONE',  #8356 ) ;
#4683 = CARTESIAN_POINT ( 'NONE',  ( 4.650000000000000355, 3.649999999999999911, -7.000000000000000000 ) ) ;
#4684 = ORIENTED_EDGE ( 'NONE', *, *, #1628, .F. ) ;
#4685 = STYLED_ITEM ( 'NONE', ( #3683 ), #8109 ) ;
#4686 = DIRECTION ( 'NONE',  ( -0.000000000000000000, 1.000000000000000000, 0.000000000000000000 ) ) ;
#4687 = SURFACE_STYLE_USAGE ( .BOTH. , #8585 ) ;
#4688 = AXIS2_PLACEMENT_3D ( 'NONE', #7122, #964, #4021 ) ;
#4689 = LINE ( 'NONE', #8452, #7595 ) ;
#4690 = SURFACE_STYLE_USAGE ( .BOTH. , #115 ) ;
#4691 = PRESENTATION_STYLE_ASSIGNMENT (( #8596 ) ) ;
#4692 = ORIENTED_EDGE ( 'NONE', *, *, #9542, .F. ) ;
#4693 = ORIENTED_EDGE ( 'NONE', *, *, #9177, .T. ) ;
#4694 = CARTESIAN_POINT ( 'NONE',  ( 9.950000000000001066, 0.000000000000000000, -9.500000000000000000 ) ) ;
#4695 = DIRECTION ( 'NONE',  ( 0.000000000000000000, 0.000000000000000000, 1.000000000000000000 ) ) ;
#4696 =( GEOMETRIC_REPRESENTATION_CONTEXT ( 3 ) GLOBAL_UNCERTAINTY_ASSIGNED_CONTEXT ( ( #8806 ) ) GLOBAL_UNIT_ASSIGNED_CONTEXT ( ( #9055, #6721, #508 ) ) REPRESENTATION_CONTEXT ( 'NONE', 'WORKASPACE' ) );
#4697 = FILL_AREA_STYLE_COLOUR ( '', #7500 ) ;
#4698 = CARTESIAN_POINT ( 'NONE',  ( 17.14999999999999858, 3.649999999999999911, -0.4000000000000010214 ) ) ;
#4699 = FACE_OUTER_BOUND ( 'NONE', #6073, .T. ) ;
#4700 = FILL_AREA_STYLE_COLOUR ( '', #6505 ) ;
#4701 = DIRECTION ( 'NONE',  ( 0.000000000000000000, -0.000000000000000000, -1.000000000000000000 ) ) ;
#4702 = ORIENTED_EDGE ( 'NONE', *, *, #1573, .F. ) ;
#4703 = ORIENTED_EDGE ( 'NONE', *, *, #412, .T. ) ;
#4704 = PRESENTATION_LAYER_ASSIGNMENT (  '', '', ( #7751 ) ) ;
#4705 = DIRECTION ( 'NONE',  ( -1.000000000000000000, -0.000000000000000000, -0.000000000000000000 ) ) ;
#4706 = CYLINDRICAL_SURFACE ( 'NONE', #8729, 0.2999999999999999334 ) ;
#4707 = AXIS2_PLACEMENT_3D ( 'NONE', #9807, #3047, #9152 ) ;
#4708 =( NAMED_UNIT ( * ) SI_UNIT ( $, .STERADIAN. ) SOLID_ANGLE_UNIT ( ) );
#4709 = UNCERTAINTY_MEASURE_WITH_UNIT (LENGTH_MEASURE( 1.000000000000000082E-05 ), #455, 'distance_accuracy_value', 'NONE');
#4710 = PRESENTATION_STYLE_ASSIGNMENT (( #963 ) ) ;
#4711 = EDGE_CURVE ( 'NONE', #2734, #8664, #5622, .T. ) ;
#4712 = MECHANICAL_DESIGN_GEOMETRIC_PRESENTATION_REPRESENTATION (  '', ( #832 ), #204 ) ;
#4713 =( LENGTH_UNIT ( ) NAMED_UNIT ( * ) SI_UNIT ( .MILLI., .METRE. ) );
#4714 = FILL_AREA_STYLE_COLOUR ( '', #8745 ) ;
#4715 = ORIENTED_EDGE ( 'NONE', *, *, #1577, .F. ) ;
#4716 = FILL_AREA_STYLE ('',( #6330 ) ) ;
#4717 = ORIENTED_EDGE ( 'NONE', *, *, #4666, .F. ) ;
#4718 = PLANE ( 'NONE',  #8140 ) ;
#4719 = VERTEX_POINT ( 'NONE', #9416 ) ;
#4720 =( NAMED_UNIT ( * ) PLANE_ANGLE_UNIT ( ) SI_UNIT ( $, .RADIAN. ) );
#4721 = SURFACE_STYLE_FILL_AREA ( #9222 ) ;
#4722 = PLANE ( 'NONE',  #5053 ) ;
#4723 = VECTOR ( 'NONE', #8139, 1000.000000000000000 ) ;
#4724 = UNCERTAINTY_MEASURE_WITH_UNIT (LENGTH_MEASURE( 1.000000000000000082E-05 ), #5747, 'distance_accuracy_value', 'NONE');
#4725 = EDGE_CURVE ( 'NONE', #5453, #4852, #9464, .T. ) ;
#4726 = SURFACE_SIDE_STYLE ('',( #792 ) ) ;
#4727 = DIRECTION ( 'NONE',  ( 0.000000000000000000, 0.000000000000000000, 1.000000000000000000 ) ) ;
#4728 = EDGE_CURVE ( 'NONE', #4919, #6182, #4915, .T. ) ;
#4729 = PRESENTATION_LAYER_ASSIGNMENT (  '', '', ( #9040 ) ) ;
#4730 = STYLED_ITEM ( 'NONE', ( #4277 ), #6510 ) ;
#4731 = ORIENTED_EDGE ( 'NONE', *, *, #5655, .F. ) ;
#4732 = DIRECTION ( 'NONE',  ( 0.000000000000000000, 0.000000000000000000, -1.000000000000000000 ) ) ;
#4733 = DIRECTION ( 'NONE',  ( 0.000000000000000000, -0.7071067811865453523, -0.7071067811865496822 ) ) ;
#4734 = COLOUR_RGB ( '',0.7529411764705882248, 0.7529411764705882248, 0.7529411764705882248 ) ;
#4735 = EDGE_CURVE ( 'NONE', #7008, #4919, #3555, .T. ) ;
#4736 =( GEOMETRIC_REPRESENTATION_CONTEXT ( 3 ) GLOBAL_UNCERTAINTY_ASSIGNED_CONTEXT ( ( #6627 ) ) GLOBAL_UNIT_ASSIGNED_CONTEXT ( ( #8824, #9728, #8039 ) ) REPRESENTATION_CONTEXT ( 'NONE', 'WORKASPACE' ) );
#4737 = DIRECTION ( 'NONE',  ( -1.000000000000000000, 0.000000000000000000, 0.000000000000000000 ) ) ;
#4738 = CARTESIAN_POINT ( 'NONE',  ( 10.25000000000000000, 3.050000000000000266, -6.200000000000000178 ) ) ;
#4739 =( LENGTH_UNIT ( ) NAMED_UNIT ( * ) SI_UNIT ( .MILLI., .METRE. ) );
#4740 = FACE_OUTER_BOUND ( 'NONE', #7590, .T. ) ;
#4741 = EDGE_LOOP ( 'NONE', ( #8260, #9503, #4520, #516 ) ) ;
#4742 = ORIENTED_EDGE ( 'NONE', *, *, #3549, .T. ) ;
#4743 = VECTOR ( 'NONE', #7459, 1000.000000000000000 ) ;
#4744 = COLOUR_RGB ( '',0.7529411764705882248, 0.7529411764705882248, 0.7529411764705882248 ) ;
#4745 = CARTESIAN_POINT ( 'NONE',  ( 17.75000000000000000, 3.050000000000000266, -0.4000000000000010214 ) ) ;
#4746 = MECHANICAL_DESIGN_GEOMETRIC_PRESENTATION_REPRESENTATION (  '', ( #6034 ), #4899 ) ;
#4747 = EDGE_CURVE ( 'NONE', #7733, #1623, #4121, .T. ) ;
#4748 = PRESENTATION_LAYER_ASSIGNMENT (  '', '', ( #3469 ) ) ;
#4749 =( NAMED_UNIT ( * ) SI_UNIT ( $, .STERADIAN. ) SOLID_ANGLE_UNIT ( ) );
#4750 = VECTOR ( 'NONE', #8278, 1000.000000000000000 ) ;
#4751 = CARTESIAN_POINT ( 'NONE',  ( 3.449999999999999734, 6.100999999999999979, -3.699999999999999734 ) ) ;
#4752 = FILL_AREA_STYLE_COLOUR ( '', #2704 ) ;
#4754 = FACE_OUTER_BOUND ( 'NONE', #7766, .T. ) ;
#4753 =( GEOMETRIC_REPRESENTATION_CONTEXT ( 3 ) GLOBAL_UNCERTAINTY_ASSIGNED_CONTEXT ( ( #579 ) ) GLOBAL_UNIT_ASSIGNED_CONTEXT ( ( #8055, #8008, #5093 ) ) REPRESENTATION_CONTEXT ( 'NONE', 'WORKASPACE' ) );
#4755 = MECHANICAL_DESIGN_GEOMETRIC_PRESENTATION_REPRESENTATION (  '', ( #8429 ), #3139 ) ;
#4756 = COLOUR_RGB ( '',0.7529411764705882248, 0.7529411764705882248, 0.7529411764705882248 ) ;
#4757 = LINE ( 'NONE', #3091, #9323 ) ;
#4758 = DIRECTION ( 'NONE',  ( 0.000000000000000000, 0.000000000000000000, -1.000000000000000000 ) ) ;
#4759 =( NAMED_UNIT ( * ) SI_UNIT ( $, .STERADIAN. ) SOLID_ANGLE_UNIT ( ) );
#4760 = MECHANICAL_DESIGN_GEOMETRIC_PRESENTATION_REPRESENTATION (  '', ( #246 ), #1034 ) ;
#4761 = SURFACE_STYLE_USAGE ( .BOTH. , #266 ) ;
#4762 = VECTOR ( 'NONE', #3656, 1000.000000000000000 ) ;
#4763 = VERTEX_POINT ( 'NONE', #1916 ) ;
#4764 = ORIENTED_EDGE ( 'NONE', *, *, #8468, .F. ) ;
#4765 = MECHANICAL_DESIGN_GEOMETRIC_PRESENTATION_REPRESENTATION (  '', ( #1840 ), #2332 ) ;
#4766 =( NAMED_UNIT ( * ) SI_UNIT ( $, .STERADIAN. ) SOLID_ANGLE_UNIT ( ) );
#4767 = MECHANICAL_DESIGN_GEOMETRIC_PRESENTATION_REPRESENTATION (  '', ( #9386 ), #8744 ) ;
#4768 = DIRECTION ( 'NONE',  ( 0.000000000000000000, -0.000000000000000000, -1.000000000000000000 ) ) ;
#4769 = SURFACE_STYLE_USAGE ( .BOTH. , #866 ) ;
#4770 = MECHANICAL_DESIGN_GEOMETRIC_PRESENTATION_REPRESENTATION (  '', ( #8450 ), #1043 ) ;
#4771 = FILL_AREA_STYLE_COLOUR ( '', #8172 ) ;
#4772 =( NAMED_UNIT ( * ) SI_UNIT ( $, .STERADIAN. ) SOLID_ANGLE_UNIT ( ) );
#4773 =( GEOMETRIC_REPRESENTATION_CONTEXT ( 3 ) GLOBAL_UNCERTAINTY_ASSIGNED_CONTEXT ( ( #1965 ) ) GLOBAL_UNIT_ASSIGNED_CONTEXT ( ( #3903, #6221, #5699 ) ) REPRESENTATION_CONTEXT ( 'NONE', 'WORKASPACE' ) );
#4774 = CYLINDRICAL_SURFACE ( 'NONE', #8996, 0.2999999999999999334 ) ;
#4775 = SURFACE_STYLE_FILL_AREA ( #8762 ) ;
#4776 = VECTOR ( 'NONE', #596, 1000.000000000000000 ) ;
#4777 =( LENGTH_UNIT ( ) NAMED_UNIT ( * ) SI_UNIT ( .MILLI., .METRE. ) );
#4778 = ORIENTED_EDGE ( 'NONE', *, *, #957, .F. ) ;
#4779 = VERTEX_POINT ( 'NONE', #1308 ) ;
#4780 = CARTESIAN_POINT ( 'NONE',  ( 10.25000000000000000, -1.084202172485504434E-16, -8.900000000000000355 ) ) ;
#4781 = VECTOR ( 'NONE', #6793, 1000.000000000000227 ) ;
#4782 = VERTEX_POINT ( 'NONE', #7329 ) ;
#4783 = PRESENTATION_LAYER_ASSIGNMENT (  '', '', ( #8459 ) ) ;
#4784 = PLANE ( 'NONE',  #8264 ) ;
#4785 = CARTESIAN_POINT ( 'NONE',  ( 4.650000000000000355, 3.050000000000000266, -8.300000000000000711 ) ) ;
#4786 =( NAMED_UNIT ( * ) SI_UNIT ( $, .STERADIAN. ) SOLID_ANGLE_UNIT ( ) );
#4787 =( GEOMETRIC_REPRESENTATION_CONTEXT ( 3 ) GLOBAL_UNCERTAINTY_ASSIGNED_CONTEXT ( ( #4019 ) ) GLOBAL_UNIT_ASSIGNED_CONTEXT ( ( #5155, #558, #7410 ) ) REPRESENTATION_CONTEXT ( 'NONE', 'WORKASPACE' ) );
#4788 = DIRECTION ( 'NONE',  ( -0.000000000000000000, -1.000000000000000000, -0.000000000000000000 ) ) ;
#4789 = FACE_OUTER_BOUND ( 'NONE', #4384, .T. ) ;
#4790 = ORIENTED_EDGE ( 'NONE', *, *, #3622, .T. ) ;
#4791 = CARTESIAN_POINT ( 'NONE',  ( 7.349999999999999645, 3.050000000000000266, -0.2000000000000000111 ) ) ;
#4792 = EDGE_CURVE ( 'NONE', #772, #2170, #9611, .T. ) ;
#4793 = PRESENTATION_LAYER_ASSIGNMENT (  '', '', ( #5592 ) ) ;
#4794 =( NAMED_UNIT ( * ) SI_UNIT ( $, .STERADIAN. ) SOLID_ANGLE_UNIT ( ) );
#4795 = VECTOR ( 'NONE', #7540, 1000.000000000000227 ) ;
#4796 =( NAMED_UNIT ( * ) SI_UNIT ( $, .STERADIAN. ) SOLID_ANGLE_UNIT ( ) );
#4797 = CARTESIAN_POINT ( 'NONE',  ( 0.8000000000000004885, 6.099999999999999645, -7.000000000000000000 ) ) ;
#4798 = VERTEX_POINT ( 'NONE', #2727 ) ;
#4799 = EDGE_LOOP ( 'NONE', ( #1414, #8084, #649, #8540, #4014, #7987, #7334, #1901, #3399 ) ) ;
#4800 = ADVANCED_FACE ( 'NONE', ( #9655 ), #4260, .T. ) ;
#4801 = FACE_OUTER_BOUND ( 'NONE', #1099, .T. ) ;
#4802 = FACE_OUTER_BOUND ( 'NONE', #1981, .T. ) ;
#4803 = PRESENTATION_LAYER_ASSIGNMENT (  '', '', ( #6567 ) ) ;
#4804 = PRESENTATION_STYLE_ASSIGNMENT (( #8844 ) ) ;
#4805 = DIRECTION ( 'NONE',  ( 1.000000000000000000, 0.000000000000000000, 0.000000000000000000 ) ) ;
#4806 = CARTESIAN_POINT ( 'NONE',  ( 14.65000000000000213, -1.084202172485504434E-16, -9.500000000000000000 ) ) ;
#4807 = CARTESIAN_POINT ( 'NONE',  ( 17.14999999999999858, 6.099999999999999645, -7.000000000000000000 ) ) ;
#4808 = EDGE_CURVE ( 'NONE', #378, #314, #2776, .T. ) ;
#4809 = PLANE ( 'NONE',  #2476 ) ;
#4810 = FILL_AREA_STYLE_COLOUR ( '', #1000 ) ;
#4811 = ORIENTED_EDGE ( 'NONE', *, *, #2677, .F. ) ;
#4812 = EDGE_LOOP ( 'NONE', ( #8311, #4453, #9555, #5083, #1859, #4717, #575, #6358, #9811, #987, #1680, #879, #8498, #4615, #40, #6108, #1231, #2075 ) ) ;
#4813 = STYLED_ITEM ( 'NONE', ( #462 ), #7559 ) ;
#4814 = SURFACE_SIDE_STYLE ('',( #2432 ) ) ;
#4815 = DIRECTION ( 'NONE',  ( -0.000000000000000000, -1.000000000000000000, -0.000000000000000000 ) ) ;
#4816 = CARTESIAN_POINT ( 'NONE',  ( 14.65000000000000213, 3.649999999999999911, -0.2000000000000000111 ) ) ;
#4817 =( NAMED_UNIT ( * ) PLANE_ANGLE_UNIT ( ) SI_UNIT ( $, .RADIAN. ) );
#4818 = UNCERTAINTY_MEASURE_WITH_UNIT (LENGTH_MEASURE( 1.000000000000000082E-05 ), #7804, 'distance_accuracy_value', 'NONE');
#4819 = CARTESIAN_POINT ( 'NONE',  ( 10.25000000000000000, -1.084202172485504434E-16, -8.900000000000000355 ) ) ;
#4820 = CARTESIAN_POINT ( 'NONE',  ( 7.150000000000000355, -1.084202172485504434E-16, -8.900000000000000355 ) ) ;
#4821 = PLANE ( 'NONE',  #1637 ) ;
#4822 = VERTEX_POINT ( 'NONE', #420 ) ;
#4823 = VERTEX_POINT ( 'NONE', #4398 ) ;
#4824 =( LENGTH_UNIT ( ) NAMED_UNIT ( * ) SI_UNIT ( .MILLI., .METRE. ) );
#4825 = ORIENTED_EDGE ( 'NONE', *, *, #4725, .F. ) ;
#4826 = DIRECTION ( 'NONE',  ( 0.000000000000000000, 0.000000000000000000, 1.000000000000000000 ) ) ;
#4827 = FILL_AREA_STYLE_COLOUR ( '', #1010 ) ;
#4828 =( NAMED_UNIT ( * ) PLANE_ANGLE_UNIT ( ) SI_UNIT ( $, .RADIAN. ) );
#4829 = UNCERTAINTY_MEASURE_WITH_UNIT (LENGTH_MEASURE( 1.000000000000000082E-05 ), #2919, 'distance_accuracy_value', 'NONE');
#4830 = DIRECTION ( 'NONE',  ( 0.000000000000000000, -0.000000000000000000, 1.000000000000000000 ) ) ;
#4831 =( NAMED_UNIT ( * ) PLANE_ANGLE_UNIT ( ) SI_UNIT ( $, .RADIAN. ) );
#4832 = ORIENTED_EDGE ( 'NONE', *, *, #1032, .F. ) ;
#4833 = CARTESIAN_POINT ( 'NONE',  ( 7.150000000000000355, 3.649999999999999911, -0.4000000000000010214 ) ) ;
#4834 = CARTESIAN_POINT ( 'NONE',  ( 14.65000000000000213, 3.050000000000000266, -7.000000000000000000 ) ) ;
#4835 = SURFACE_SIDE_STYLE ('',( #8786 ) ) ;
#4836 = EDGE_CURVE ( 'NONE', #7299, #3074, #1846, .T. ) ;
#4837 = FILL_AREA_STYLE_COLOUR ( '', #7801 ) ;
#4838 =( NAMED_UNIT ( * ) SI_UNIT ( $, .STERADIAN. ) SOLID_ANGLE_UNIT ( ) );
#4839 = AXIS2_PLACEMENT_3D ( 'NONE', #2461, #3337, #9529 ) ;
#4840 = LINE ( 'NONE', #6258, #8115 ) ;
#4841 = ORIENTED_EDGE ( 'NONE', *, *, #8649, .F. ) ;
#4842 = EDGE_LOOP ( 'NONE', ( #1117, #9398, #2278, #3998, #5276, #3823, #7950, #4269, #225 ) ) ;
#4843 = PRESENTATION_STYLE_ASSIGNMENT (( #6362 ) ) ;
#4844 = DIRECTION ( 'NONE',  ( 0.000000000000000000, -0.000000000000000000, -1.000000000000000000 ) ) ;
#4846 = DIRECTION ( 'NONE',  ( 0.000000000000000000, 0.000000000000000000, -1.000000000000000000 ) ) ;
#4845 = VECTOR ( 'NONE', #1307, 1000.000000000000114 ) ;
#4847 = EDGE_CURVE ( 'NONE', #2061, #6460, #5972, .T. ) ;
#4848 = FILL_AREA_STYLE_COLOUR ( '', #6299 ) ;
#4849 = PRESENTATION_STYLE_ASSIGNMENT (( #5609 ) ) ;
#4850 = LINE ( 'NONE', #7108, #3591 ) ;
#4851 = CARTESIAN_POINT ( 'NONE',  ( 12.15000000000000036, 3.649999999999999911, -0.2000000000000000111 ) ) ;
#4852 = VERTEX_POINT ( 'NONE', #3452 ) ;
#4853 = ORIENTED_EDGE ( 'NONE', *, *, #412, .F. ) ;
#4854 = EDGE_CURVE ( 'NONE', #3840, #528, #2120, .T. ) ;
#4855 = VECTOR ( 'NONE', #6915, 1000.000000000000000 ) ;
#4856 = FACE_OUTER_BOUND ( 'NONE', #5860, .T. ) ;
#4857 = EDGE_CURVE ( 'NONE', #5377, #3429, #8027, .T. ) ;
#4858 = CARTESIAN_POINT ( 'NONE',  ( 5.050000000000000711, 3.250000000000000000, -0.2000000000000000111 ) ) ;
#4859 = VECTOR ( 'NONE', #740, 1000.000000000000000 ) ;
#4860 = DIRECTION ( 'NONE',  ( -0.000000000000000000, 1.000000000000000000, -0.000000000000000000 ) ) ;
#4861 =( NAMED_UNIT ( * ) PLANE_ANGLE_UNIT ( ) SI_UNIT ( $, .RADIAN. ) );
#4862 = PRESENTATION_STYLE_ASSIGNMENT (( #1767 ) ) ;
#4863 = FACE_OUTER_BOUND ( 'NONE', #6836, .T. ) ;
#4864 = PRESENTATION_LAYER_ASSIGNMENT (  '', '', ( #2450 ) ) ;
#4865 = ORIENTED_EDGE ( 'NONE', *, *, #7849, .F. ) ;
#4866 = DIRECTION ( 'NONE',  ( 0.000000000000000000, -1.000000000000000000, 0.000000000000000000 ) ) ;
#4867 = ORIENTED_EDGE ( 'NONE', *, *, #459, .F. ) ;
#4868 =( LENGTH_UNIT ( ) NAMED_UNIT ( * ) SI_UNIT ( .MILLI., .METRE. ) );
#4869 = ORIENTED_EDGE ( 'NONE', *, *, #2618, .T. ) ;
#4870 = MECHANICAL_DESIGN_GEOMETRIC_PRESENTATION_REPRESENTATION (  '', ( #5033 ), #6476 ) ;
#4871 = CARTESIAN_POINT ( 'NONE',  ( 9.650000000000000355, 3.050000000000000266, -0.4000000000000009104 ) ) ;
#4872 = EDGE_CURVE ( 'NONE', #4465, #3429, #9236, .T. ) ;
#4873 = VECTOR ( 'NONE', #4213, 1000.000000000000000 ) ;
#4874 = EDGE_LOOP ( 'NONE', ( #6317, #8221, #8010, #9740, #8615 ) ) ;
#4875 = SURFACE_STYLE_FILL_AREA ( #324 ) ;
#4876 = VECTOR ( 'NONE', #1521, 1000.000000000000000 ) ;
#4877 = ORIENTED_EDGE ( 'NONE', *, *, #8889, .T. ) ;
#4878 = STYLED_ITEM ( 'NONE', ( #8819 ), #3828 ) ;
#4879 = DIRECTION ( 'NONE',  ( 0.000000000000000000, 1.000000000000000000, 0.000000000000000000 ) ) ;
#4880 =( LENGTH_UNIT ( ) NAMED_UNIT ( * ) SI_UNIT ( .MILLI., .METRE. ) );
#4881 = MECHANICAL_DESIGN_GEOMETRIC_PRESENTATION_REPRESENTATION (  '', ( #2952 ), #6177 ) ;
#4882 = CARTESIAN_POINT ( 'NONE',  ( 17.55000000000000071, 3.050000000000000266, -0.2000000000000000111 ) ) ;
#4883 = STYLED_ITEM ( 'NONE', ( #1375 ), #4071 ) ;
#4884 = SURFACE_SIDE_STYLE ('',( #985 ) ) ;
#4885 = CARTESIAN_POINT ( 'NONE',  ( 0.8000000000000004885, 3.649999999999999911, -6.200000000000000178 ) ) ;
#4886 = FILL_AREA_STYLE ('',( #3997 ) ) ;
#4887 = ORIENTED_EDGE ( 'NONE', *, *, #5351, .T. ) ;
#4888 = ORIENTED_EDGE ( 'NONE', *, *, #6289, .T. ) ;
#4889 = DIRECTION ( 'NONE',  ( 0.000000000000000000, 0.000000000000000000, -1.000000000000000000 ) ) ;
#4890 = AXIS2_PLACEMENT_3D ( 'NONE', #6720, #3658, #9857 ) ;
#4891 = VECTOR ( 'NONE', #5437, 1000.000000000000000 ) ;
#4892 = FILL_AREA_STYLE ('',( #993 ) ) ;
#4893 = STYLED_ITEM ( 'NONE', ( #8386 ), #537 ) ;
#4894 = CARTESIAN_POINT ( 'NONE',  ( 17.14999999999999858, 3.649999999999999911, -0.2000000000000000111 ) ) ;
#4895 = CARTESIAN_POINT ( 'NONE',  ( 15.25000000000000178, -1.084202172485504434E-16, -8.900000000000000355 ) ) ;
#4896 = PRESENTATION_STYLE_ASSIGNMENT (( #8503 ) ) ;
#4897 = MECHANICAL_DESIGN_GEOMETRIC_PRESENTATION_REPRESENTATION (  '', ( #4575 ), #3448 ) ;
#4898 = SURFACE_STYLE_FILL_AREA ( #1202 ) ;
#4899 =( GEOMETRIC_REPRESENTATION_CONTEXT ( 3 ) GLOBAL_UNCERTAINTY_ASSIGNED_CONTEXT ( ( #2791 ) ) GLOBAL_UNIT_ASSIGNED_CONTEXT ( ( #3394, #7763, #2381 ) ) REPRESENTATION_CONTEXT ( 'NONE', 'WORKASPACE' ) );
#4900 = LINE ( 'NONE', #8549, #8107 ) ;
#4901 = EDGE_LOOP ( 'NONE', ( #1959, #8966, #5734, #554 ) ) ;
#4902 = ORIENTED_EDGE ( 'NONE', *, *, #8163, .F. ) ;
#4903 = COLOUR_RGB ( '',0.7529411764705882248, 0.7529411764705882248, 0.7529411764705882248 ) ;
#4904 = EDGE_CURVE ( 'NONE', #4542, #9235, #3511, .T. ) ;
#4905 = PRESENTATION_LAYER_ASSIGNMENT (  '', '', ( #5880 ) ) ;
#4906 = FILL_AREA_STYLE_COLOUR ( '', #8465 ) ;
#4907 =( GEOMETRIC_REPRESENTATION_CONTEXT ( 3 ) GLOBAL_UNCERTAINTY_ASSIGNED_CONTEXT ( ( #1172 ) ) GLOBAL_UNIT_ASSIGNED_CONTEXT ( ( #322, #1027, #5743 ) ) REPRESENTATION_CONTEXT ( 'NONE', 'WORKASPACE' ) );
#4908 = MECHANICAL_DESIGN_GEOMETRIC_PRESENTATION_REPRESENTATION (  '', ( #9215 ), #2987 ) ;
#4909 = CARTESIAN_POINT ( 'NONE',  ( 4.950000000000000178, -2.000000000000000000, -9.199999999999999289 ) ) ;
#4910 = UNCERTAINTY_MEASURE_WITH_UNIT (LENGTH_MEASURE( 1.000000000000000082E-05 ), #976, 'distance_accuracy_value', 'NONE');
#4911 = EDGE_CURVE ( 'NONE', #9352, #3810, #2072, .T. ) ;
#4912 = DIRECTION ( 'NONE',  ( 0.000000000000000000, -1.000000000000000000, 0.000000000000000000 ) ) ;
#4913 = VECTOR ( 'NONE', #3332, 1000.000000000000114 ) ;
#4914 = MECHANICAL_DESIGN_GEOMETRIC_PRESENTATION_REPRESENTATION (  '', ( #1035 ), #2327 ) ;
#4915 = LINE ( 'NONE', #6569, #243 ) ;
#4916 = SURFACE_STYLE_USAGE ( .BOTH. , #5117 ) ;
#4917 = SURFACE_SIDE_STYLE ('',( #3363 ) ) ;
#4918 = FILL_AREA_STYLE_COLOUR ( '', #7283 ) ;
#4919 = VERTEX_POINT ( 'NONE', #1568 ) ;
#4920 = FILL_AREA_STYLE_COLOUR ( '', #1671 ) ;
#4921 = COLOUR_RGB ( '',0.7529411764705882248, 0.7529411764705882248, 0.7529411764705882248 ) ;
#4922 = COLOUR_RGB ( '',0.7529411764705882248, 0.7529411764705882248, 0.7529411764705882248 ) ;
#4923 = PRESENTATION_LAYER_ASSIGNMENT (  '', '', ( #216 ) ) ;
#4924 = ORIENTED_EDGE ( 'NONE', *, *, #8642, .T. ) ;
#4925 = CARTESIAN_POINT ( 'NONE',  ( 5.250000000000000000, -1.084202172485504434E-16, -8.900000000000000355 ) ) ;
#4926 = ORIENTED_EDGE ( 'NONE', *, *, #2889, .F. ) ;
#4927 = EDGE_CURVE ( 'NONE', #1222, #6398, #2273, .T. ) ;
#4928 = VECTOR ( 'NONE', #5454, 1000.000000000000000 ) ;
#4929 = SURFACE_STYLE_FILL_AREA ( #8036 ) ;
#4930 = LINE ( 'NONE', #7241, #3982 ) ;
#4931 = MECHANICAL_DESIGN_GEOMETRIC_PRESENTATION_REPRESENTATION (  '', ( #7317 ), #8752 ) ;
#4932 =( NAMED_UNIT ( * ) SI_UNIT ( $, .STERADIAN. ) SOLID_ANGLE_UNIT ( ) );
#4933 = UNCERTAINTY_MEASURE_WITH_UNIT (LENGTH_MEASURE( 1.000000000000000082E-05 ), #4040, 'distance_accuracy_value', 'NONE');
#4934 = AXIS2_PLACEMENT_3D ( 'NONE', #1216, #7415, #466 ) ;
#4935 = STYLED_ITEM ( 'NONE', ( #3989 ), #2300 ) ;
#4936 = FACE_BOUND ( 'NONE', #1759, .T. ) ;
#4937 = VECTOR ( 'NONE', #698, 1000.000000000000000 ) ;
#4938 = ORIENTED_EDGE ( 'NONE', *, *, #4545, .T. ) ;
#4939 = EDGE_CURVE ( 'NONE', #4267, #794, #1411, .T. ) ;
#4940 = DIRECTION ( 'NONE',  ( 0.000000000000000000, 1.000000000000000000, 0.000000000000000000 ) ) ;
#4941 = ORIENTED_EDGE ( 'NONE', *, *, #7422, .T. ) ;
#4942 =( LENGTH_UNIT ( ) NAMED_UNIT ( * ) SI_UNIT ( .MILLI., .METRE. ) );
#4943 =( GEOMETRIC_REPRESENTATION_CONTEXT ( 3 ) GLOBAL_UNCERTAINTY_ASSIGNED_CONTEXT ( ( #8024 ) ) GLOBAL_UNIT_ASSIGNED_CONTEXT ( ( #2584, #5769, #1810 ) ) REPRESENTATION_CONTEXT ( 'NONE', 'WORKASPACE' ) );
#4944 = DIRECTION ( 'NONE',  ( 0.000000000000000000, 0.000000000000000000, -1.000000000000000000 ) ) ;
#4945 = FACE_OUTER_BOUND ( 'NONE', #9459, .T. ) ;
#4946 = SURFACE_SIDE_STYLE ('',( #6646 ) ) ;
#4947 = FILL_AREA_STYLE ('',( #1996 ) ) ;
#4948 = SURFACE_SIDE_STYLE ('',( #393 ) ) ;
#4949 = ORIENTED_EDGE ( 'NONE', *, *, #2248, .F. ) ;
#4950 = ORIENTED_EDGE ( 'NONE', *, *, #4420, .F. ) ;
#4951 = COLOUR_RGB ( '',0.7529411764705882248, 0.7529411764705882248, 0.7529411764705882248 ) ;
#4952 = STYLED_ITEM ( 'NONE', ( #13 ), #290 ) ;
#4953 = LINE ( 'NONE', #1146, #3002 ) ;
#4954 = AXIS2_PLACEMENT_3D ( 'NONE', #4276, #1775, #374 ) ;
#4955 =( LENGTH_UNIT ( ) NAMED_UNIT ( * ) SI_UNIT ( .MILLI., .METRE. ) );
#4956 = LINE ( 'NONE', #7264, #7304 ) ;
#4957 = VERTEX_POINT ( 'NONE', #9913 ) ;
#4958 = ORIENTED_EDGE ( 'NONE', *, *, #3188, .T. ) ;
#4959 = COLOUR_RGB ( '',0.7529411764705882248, 0.7529411764705882248, 0.7529411764705882248 ) ;
#4960 = STYLED_ITEM ( 'NONE', ( #7424 ), #9 ) ;
#4961 = DIRECTION ( 'NONE',  ( 0.000000000000000000, 1.000000000000000000, 0.000000000000000000 ) ) ;
#4962 = SURFACE_STYLE_FILL_AREA ( #7876 ) ;
#4963 = SURFACE_SIDE_STYLE ('',( #8855 ) ) ;
#4964 = CARTESIAN_POINT ( 'NONE',  ( 3.469446951953614189E-15, 4.499999999999999112, -3.199999999999998401 ) ) ;
#4965 =( LENGTH_UNIT ( ) NAMED_UNIT ( * ) SI_UNIT ( .MILLI., .METRE. ) );
#4966 = EDGE_CURVE ( 'NONE', #6758, #4167, #4658, .T. ) ;
#4967 = VECTOR ( 'NONE', #6718, 1000.000000000000114 ) ;
#4968 = DIRECTION ( 'NONE',  ( 0.7071067811865435759, 0.000000000000000000, 0.7071067811865515695 ) ) ;
#4969 = VERTEX_POINT ( 'NONE', #706 ) ;
#4970 =( LENGTH_UNIT ( ) NAMED_UNIT ( * ) SI_UNIT ( .MILLI., .METRE. ) );
#4971 = ORIENTED_EDGE ( 'NONE', *, *, #6519, .T. ) ;
#4972 = CARTESIAN_POINT ( 'NONE',  ( 0.8000000000000004885, 3.649999999999999911, -6.200000000000000178 ) ) ;
#4973 = CARTESIAN_POINT ( 'NONE',  ( 3.449999999999999734, 6.100999999999999979, 5.480113433355247488E-16 ) ) ;
#4974 = ADVANCED_FACE ( 'NONE', ( #3906 ), #6766, .F. ) ;
#4975 = DIRECTION ( 'NONE',  ( 0.000000000000000000, 1.000000000000000000, 0.000000000000000000 ) ) ;
#4976 = CARTESIAN_POINT ( 'NONE',  ( 20.25000000000000000, 2.450000000000000178, -8.900000000000000355 ) ) ;
#4977 = SURFACE_SIDE_STYLE ('',( #6479 ) ) ;
#4978 = EDGE_CURVE ( 'NONE', #833, #9765, #808, .T. ) ;
#4979 = ORIENTED_EDGE ( 'NONE', *, *, #4836, .T. ) ;
#4980 = SURFACE_STYLE_USAGE ( .BOTH. , #5944 ) ;
#4981 = ORIENTED_EDGE ( 'NONE', *, *, #4911, .T. ) ;
#4982 = EDGE_CURVE ( 'NONE', #3429, #5208, #1520, .T. ) ;
#4983 = CARTESIAN_POINT ( 'NONE',  ( 18.95000000000000284, 5.299999999999998934, -3.700000000000000178 ) ) ;
#4984 = ADVANCED_FACE ( 'NONE', ( #7576 ), #3092, .T. ) ;
#4985 = CARTESIAN_POINT ( 'NONE',  ( 17.75000000000000000, 3.450000000000000178, -0.2000000000000000111 ) ) ;
#4986 = FILL_AREA_STYLE ('',( #9684 ) ) ;
#4987 = CARTESIAN_POINT ( 'NONE',  ( 17.75000000000000000, -1.084202172485504434E-16, -9.500000000000000000 ) ) ;
#4988 = LINE ( 'NONE', #2052, #3475 ) ;
#4989 = CARTESIAN_POINT ( 'NONE',  ( 7.150000000000000355, -1.084202172485504434E-16, -0.4000000000000010214 ) ) ;
#4990 = ORIENTED_EDGE ( 'NONE', *, *, #9299, .T. ) ;
#4991 = ORIENTED_EDGE ( 'NONE', *, *, #9175, .T. ) ;
#4992 = CIRCLE ( 'NONE', #3226, 0.5999999999999998668 ) ;
#4993 = DIRECTION ( 'NONE',  ( 0.000000000000000000, -1.000000000000000000, 0.000000000000000000 ) ) ;
#4994 = LINE ( 'NONE', #4894, #7668 ) ;
#4995 = PRESENTATION_LAYER_ASSIGNMENT (  '', '', ( #8990 ) ) ;
#4996 = DIRECTION ( 'NONE',  ( -1.000000000000000000, 0.000000000000000000, 0.000000000000000000 ) ) ;
#4997 = DIRECTION ( 'NONE',  ( -1.000000000000000000, -0.000000000000000000, -0.000000000000000000 ) ) ;
#4998 = FACE_OUTER_BOUND ( 'NONE', #3737, .T. ) ;
#4999 = PLANE ( 'NONE',  #235 ) ;
#5000 = SURFACE_STYLE_FILL_AREA ( #5106 ) ;
#5001 = EDGE_LOOP ( 'NONE', ( #7177, #5603, #2430, #8497 ) ) ;
#5002 = ORIENTED_EDGE ( 'NONE', *, *, #1398, .T. ) ;
#5003 = AXIS2_PLACEMENT_3D ( 'NONE', #9654, #4912, #2588 ) ;
#5004 = LINE ( 'NONE', #8072, #87 ) ;
#5005 = DIRECTION ( 'NONE',  ( 0.000000000000000000, 0.000000000000000000, -1.000000000000000000 ) ) ;
#5006 = CYLINDRICAL_SURFACE ( 'NONE', #8487, 0.2999999999999999334 ) ;
#5007 = UNCERTAINTY_MEASURE_WITH_UNIT (LENGTH_MEASURE( 1.000000000000000082E-05 ), #7961, 'distance_accuracy_value', 'NONE');
#5008 = PRESENTATION_STYLE_ASSIGNMENT (( #1069 ) ) ;
#5009 = DIRECTION ( 'NONE',  ( 0.000000000000000000, -1.000000000000000000, 0.000000000000000000 ) ) ;
#5010 = COLOUR_RGB ( '',0.7529411764705882248, 0.7529411764705882248, 0.7529411764705882248 ) ;
#5011 = CARTESIAN_POINT ( 'NONE',  ( 9.650000000000000355, 3.649999999999999911, -0.2000000000000000111 ) ) ;
#5012 = DIRECTION ( 'NONE',  ( -1.000000000000000000, 0.000000000000000000, 0.000000000000000000 ) ) ;
#5013 =( NAMED_UNIT ( * ) PLANE_ANGLE_UNIT ( ) SI_UNIT ( $, .RADIAN. ) );
#5014 = EDGE_LOOP ( 'NONE', ( #2863, #2975, #2769 ) ) ;
#5015 = EDGE_LOOP ( 'NONE', ( #1768, #1744, #5221, #7406 ) ) ;
#5016 = EDGE_LOOP ( 'NONE', ( #6564, #3665, #457, #78, #3096, #3279, #4392, #224, #2466, #5040 ) ) ;
#5017 = SURFACE_SIDE_STYLE ('',( #8818 ) ) ;
#5018 = CARTESIAN_POINT ( 'NONE',  ( 7.750000000000000000, -1.084202172485504434E-16, -9.500000000000000000 ) ) ;
#5019 = PRESENTATION_STYLE_ASSIGNMENT (( #1225 ) ) ;
#5020 =( GEOMETRIC_REPRESENTATION_CONTEXT ( 3 ) GLOBAL_UNCERTAINTY_ASSIGNED_CONTEXT ( ( #5816 ) ) GLOBAL_UNIT_ASSIGNED_CONTEXT ( ( #8538, #6948, #9180 ) ) REPRESENTATION_CONTEXT ( 'NONE', 'WORKASPACE' ) );
#5021 = EDGE_CURVE ( 'NONE', #2884, #8431, #6370, .T. ) ;
#5022 = FACE_OUTER_BOUND ( 'NONE', #1504, .T. ) ;
#5023 = UNCERTAINTY_MEASURE_WITH_UNIT (LENGTH_MEASURE( 1.000000000000000082E-05 ), #9903, 'distance_accuracy_value', 'NONE');
#5024 = CARTESIAN_POINT ( 'NONE',  ( 0.8000000000000004885, 3.050000000000000266, -6.200000000000000178 ) ) ;
#5025 = LINE ( 'NONE', #3672, #716 ) ;
#5026 = ORIENTED_EDGE ( 'NONE', *, *, #3512, .F. ) ;
#5027 =( LENGTH_UNIT ( ) NAMED_UNIT ( * ) SI_UNIT ( .MILLI., .METRE. ) );
#5028 = STYLED_ITEM ( 'NONE', ( #9899 ), #8946 ) ;
#5029 =( LENGTH_UNIT ( ) NAMED_UNIT ( * ) SI_UNIT ( .MILLI., .METRE. ) );
#5030 = EDGE_LOOP ( 'NONE', ( #2550, #8301, #6135, #5364 ) ) ;
#5031 =( GEOMETRIC_REPRESENTATION_CONTEXT ( 3 ) GLOBAL_UNCERTAINTY_ASSIGNED_CONTEXT ( ( #3413 ) ) GLOBAL_UNIT_ASSIGNED_CONTEXT ( ( #4648, #9844, #6070 ) ) REPRESENTATION_CONTEXT ( 'NONE', 'WORKASPACE' ) );
#5032 = ADVANCED_FACE ( 'NONE', ( #4051 ), #9455, .T. ) ;
#5033 = STYLED_ITEM ( 'NONE', ( #6615 ), #9116 ) ;
#5034 = LINE ( 'NONE', #8880, #8833 ) ;
#5035 = DIRECTION ( 'NONE',  ( 0.000000000000000000, -0.7071067811865453523, -0.7071067811865496822 ) ) ;
#5036 = EDGE_CURVE ( 'NONE', #5709, #429, #1057, .T. ) ;
#5037 = MECHANICAL_DESIGN_GEOMETRIC_PRESENTATION_REPRESENTATION (  '', ( #2283 ), #3588 ) ;
#5038 = AXIS2_PLACEMENT_3D ( 'NONE', #6245, #5521, #9280 ) ;
#5039 = PRESENTATION_STYLE_ASSIGNMENT (( #8840 ) ) ;
#5040 = ORIENTED_EDGE ( 'NONE', *, *, #6318, .F. ) ;
#5041 = FILL_AREA_STYLE ('',( #3644 ) ) ;
#5042 = EDGE_CURVE ( 'NONE', #2031, #5309, #5654, .T. ) ;
#5043 = STYLED_ITEM ( 'NONE', ( #6229 ), #1756 ) ;
#5044 = VECTOR ( 'NONE', #6179, 1000.000000000000000 ) ;
#5045 = FILL_AREA_STYLE ('',( #6559 ) ) ;
#5046 = FILL_AREA_STYLE_COLOUR ( '', #1655 ) ;
#5047 = CARTESIAN_POINT ( 'NONE',  ( 7.349999999999998757, 3.249999999999999556, -0.2000000000000006495 ) ) ;
#5048 =( NAMED_UNIT ( * ) SI_UNIT ( $, .STERADIAN. ) SOLID_ANGLE_UNIT ( ) );
#5049 =( NAMED_UNIT ( * ) SI_UNIT ( $, .STERADIAN. ) SOLID_ANGLE_UNIT ( ) );
#5050 = VERTEX_POINT ( 'NONE', #4152 ) ;
#5051 = ADVANCED_FACE ( 'NONE', ( #7824 ), #3241, .T. ) ;
#5052 = VERTEX_POINT ( 'NONE', #5556 ) ;
#5053 = AXIS2_PLACEMENT_3D ( 'NONE', #3112, #8528, #2293 ) ;
#5054 =( GEOMETRIC_REPRESENTATION_CONTEXT ( 3 ) GLOBAL_UNCERTAINTY_ASSIGNED_CONTEXT ( ( #8731 ) ) GLOBAL_UNIT_ASSIGNED_CONTEXT ( ( #8632, #6389, #2554 ) ) REPRESENTATION_CONTEXT ( 'NONE', 'WORKASPACE' ) );
#5055 = DIRECTION ( 'NONE',  ( -0.000000000000000000, 1.000000000000000000, -0.000000000000000000 ) ) ;
#5056 = STYLED_ITEM ( 'NONE', ( #4710 ), #4183 ) ;
#5057 = COLOUR_RGB ( '',0.7529411764705882248, 0.7529411764705882248, 0.7529411764705882248 ) ;
#5058 = LINE ( 'NONE', #1215, #327 ) ;
#5059 = CARTESIAN_POINT ( 'NONE',  ( 15.25000000000000178, 6.099999999999999645, -7.000000000000000000 ) ) ;
#5060 = LINE ( 'NONE', #2686, #6495 ) ;
#5061 = VECTOR ( 'NONE', #2723, 1000.000000000000227 ) ;
#5062 = ORIENTED_EDGE ( 'NONE', *, *, #6236, .T. ) ;
#5063 =( NAMED_UNIT ( * ) SI_UNIT ( $, .STERADIAN. ) SOLID_ANGLE_UNIT ( ) );
#5064 = EDGE_LOOP ( 'NONE', ( #1902, #7628, #1128, #4338 ) ) ;
#5065 = EDGE_LOOP ( 'NONE', ( #618, #2783, #2699, #4473 ) ) ;
#5066 = ORIENTED_EDGE ( 'NONE', *, *, #2138, .F. ) ;
#5067 = VECTOR ( 'NONE', #3127, 1000.000000000000000 ) ;
#5068 = CARTESIAN_POINT ( 'NONE',  ( 4.650000000000000355, 3.050000000000000266, -0.2000000000000000111 ) ) ;
#5069 =( GEOMETRIC_REPRESENTATION_CONTEXT ( 3 ) GLOBAL_UNCERTAINTY_ASSIGNED_CONTEXT ( ( #5438 ) ) GLOBAL_UNIT_ASSIGNED_CONTEXT ( ( #6373, #4055, #7110 ) ) REPRESENTATION_CONTEXT ( 'NONE', 'WORKASPACE' ) );
#5070 = DIRECTION ( 'NONE',  ( 0.000000000000000000, 1.000000000000000000, 0.000000000000000000 ) ) ;
#5071 = DIRECTION ( 'NONE',  ( 0.000000000000000000, -0.000000000000000000, 1.000000000000000000 ) ) ;
#5072 = VECTOR ( 'NONE', #4488, 1000.000000000000000 ) ;
#5073 = COLOUR_RGB ( '',0.7529411764705882248, 0.7529411764705882248, 0.7529411764705882248 ) ;
#5074 =( NAMED_UNIT ( * ) SI_UNIT ( $, .STERADIAN. ) SOLID_ANGLE_UNIT ( ) );
#5075 = CARTESIAN_POINT ( 'NONE',  ( 20.11666666666666714, 3.183333333333333126, -0.2666666666666668850 ) ) ;
#5076 = PRESENTATION_LAYER_ASSIGNMENT (  '', '', ( #2498 ) ) ;
#5077 = CIRCLE ( 'NONE', #5392, 1.199999999999999734 ) ;
#5078 = VECTOR ( 'NONE', #3539, 1000.000000000000000 ) ;
#5079 = AXIS2_PLACEMENT_3D ( 'NONE', #2073, #5161, #8812 ) ;
#5080 = VERTEX_POINT ( 'NONE', #8610 ) ;
#5081 = CARTESIAN_POINT ( 'NONE',  ( 7.450000000000000178, -2.000000000000000000, -9.199999999999999289 ) ) ;
#5082 = PRESENTATION_LAYER_ASSIGNMENT (  '', '', ( #8740 ) ) ;
#5083 = ORIENTED_EDGE ( 'NONE', *, *, #793, .F. ) ;
#5084 = FILL_AREA_STYLE_COLOUR ( '', #4283 ) ;
#5085 =( GEOMETRIC_REPRESENTATION_CONTEXT ( 3 ) GLOBAL_UNCERTAINTY_ASSIGNED_CONTEXT ( ( #668 ) ) GLOBAL_UNIT_ASSIGNED_CONTEXT ( ( #7231, #2547, #5724 ) ) REPRESENTATION_CONTEXT ( 'NONE', 'WORKASPACE' ) );
#5086 = AXIS2_PLACEMENT_3D ( 'NONE', #325, #6542, #2702 ) ;
#5087 = DIRECTION ( 'NONE',  ( 0.000000000000000000, -1.000000000000000000, 0.000000000000000000 ) ) ;
#5088 = VECTOR ( 'NONE', #6429, 1000.000000000000000 ) ;
#5089 = PRESENTATION_STYLE_ASSIGNMENT (( #5995 ) ) ;
#5090 =( NAMED_UNIT ( * ) SI_UNIT ( $, .STERADIAN. ) SOLID_ANGLE_UNIT ( ) );
#5091 = DIRECTION ( 'NONE',  ( 0.000000000000000000, 0.000000000000000000, 1.000000000000000000 ) ) ;
#5092 = EDGE_CURVE ( 'NONE', #5531, #323, #1712, .T. ) ;
#5093 =( NAMED_UNIT ( * ) SI_UNIT ( $, .STERADIAN. ) SOLID_ANGLE_UNIT ( ) );
#5094 = FILL_AREA_STYLE_COLOUR ( '', #9545 ) ;
#5095 = EDGE_LOOP ( 'NONE', ( #3674, #6905, #2330, #1644 ) ) ;
#5096 = LINE ( 'NONE', #5757, #3979 ) ;
#5097 =( GEOMETRIC_REPRESENTATION_CONTEXT ( 3 ) GLOBAL_UNCERTAINTY_ASSIGNED_CONTEXT ( ( #9128 ) ) GLOBAL_UNIT_ASSIGNED_CONTEXT ( ( #7903, #1054, #1704 ) ) REPRESENTATION_CONTEXT ( 'NONE', 'WORKASPACE' ) );
#5098 = EDGE_CURVE ( 'NONE', #956, #8009, #2161, .T. ) ;
#5099 = AXIS2_PLACEMENT_3D ( 'NONE', #8142, #3566, #6625 ) ;
#5100 = FACE_OUTER_BOUND ( 'NONE', #1873, .T. ) ;
#5101 = DIRECTION ( 'NONE',  ( 0.000000000000000000, 0.000000000000000000, -1.000000000000000000 ) ) ;
#5102 = PLANE ( 'NONE',  #799 ) ;
#5103 = ADVANCED_FACE ( 'NONE', ( #4342 ), #6602, .T. ) ;
#5104 = MECHANICAL_DESIGN_GEOMETRIC_PRESENTATION_REPRESENTATION (  '', ( #6706 ), #4943 ) ;
#5105 = LINE ( 'NONE', #5857, #386 ) ;
#5106 = FILL_AREA_STYLE ('',( #9646 ) ) ;
#5107 = VERTEX_POINT ( 'NONE', #2010 ) ;
#5108 = VERTEX_POINT ( 'NONE', #2763 ) ;
#5109 = SURFACE_STYLE_USAGE ( .BOTH. , #2229 ) ;
#5110 = CYLINDRICAL_SURFACE ( 'NONE', #7515, 0.2999999999999999334 ) ;
#5111 = CARTESIAN_POINT ( 'NONE',  ( 2.750000000000000444, -1.084202172485504434E-16, -9.500000000000000000 ) ) ;
#5112 = EDGE_CURVE ( 'NONE', #5187, #1014, #7402, .T. ) ;
#5113 = UNCERTAINTY_MEASURE_WITH_UNIT (LENGTH_MEASURE( 1.000000000000000082E-05 ), #1011, 'distance_accuracy_value', 'NONE');
#5114 = DIRECTION ( 'NONE',  ( 0.000000000000000000, -0.000000000000000000, -1.000000000000000000 ) ) ;
#5115 = FILL_AREA_STYLE_COLOUR ( '', #3733 ) ;
#5116 = CARTESIAN_POINT ( 'NONE',  ( 0.8000000000000004885, 3.050000000000000266, -6.200000000000000178 ) ) ;
#5117 = SURFACE_SIDE_STYLE ('',( #1115 ) ) ;
#5118 = SURFACE_SIDE_STYLE ('',( #3661 ) ) ;
#5119 = ORIENTED_EDGE ( 'NONE', *, *, #8351, .T. ) ;
#5120 = PRESENTATION_STYLE_ASSIGNMENT (( #9660 ) ) ;
#5121 = ORIENTED_EDGE ( 'NONE', *, *, #2133, .T. ) ;
#5122 = EDGE_LOOP ( 'NONE', ( #7829, #3722, #7397, #7992 ) ) ;
#5123 = SURFACE_STYLE_FILL_AREA ( #5936 ) ;
#5124 = SURFACE_STYLE_FILL_AREA ( #5676 ) ;
#5125 = PLANE ( 'NONE',  #6699 ) ;
#5126 = FACE_OUTER_BOUND ( 'NONE', #9010, .T. ) ;
#5127 = UNCERTAINTY_MEASURE_WITH_UNIT (LENGTH_MEASURE( 1.000000000000000082E-05 ), #2136, 'distance_accuracy_value', 'NONE');
#5128 = VECTOR ( 'NONE', #5217, 1000.000000000000000 ) ;
#5129 = PRESENTATION_LAYER_ASSIGNMENT (  '', '', ( #2388 ) ) ;
#5130 =( NAMED_UNIT ( * ) PLANE_ANGLE_UNIT ( ) SI_UNIT ( $, .RADIAN. ) );
#5131 = VERTEX_POINT ( 'NONE', #2620 ) ;
#5132 = DIRECTION ( 'NONE',  ( 0.000000000000000000, -1.000000000000000000, 0.000000000000000000 ) ) ;
#5133 = ORIENTED_EDGE ( 'NONE', *, *, #9877, .F. ) ;
#5134 = CARTESIAN_POINT ( 'NONE',  ( 12.75000000000000178, 3.649999999999999911, -0.2000000000000000111 ) ) ;
#5135 = DIRECTION ( 'NONE',  ( -0.000000000000000000, 1.000000000000000000, 0.000000000000000000 ) ) ;
#5136 = SURFACE_STYLE_FILL_AREA ( #7647 ) ;
#5137 = FILL_AREA_STYLE_COLOUR ( '', #7328 ) ;
#5138 = DIRECTION ( 'NONE',  ( 0.000000000000000000, 0.000000000000000000, -1.000000000000000000 ) ) ;
#5139 = LINE ( 'NONE', #8196, #8678 ) ;
#5140 =( NAMED_UNIT ( * ) SI_UNIT ( $, .STERADIAN. ) SOLID_ANGLE_UNIT ( ) );
#5141 = DIRECTION ( 'NONE',  ( 0.000000000000000000, 0.000000000000000000, 1.000000000000000000 ) ) ;
#5142 = DIRECTION ( 'NONE',  ( 0.5773502691896259531, 0.5773502691896239547, -0.5773502691896273964 ) ) ;
#5143 = DIRECTION ( 'NONE',  ( 1.000000000000000000, 0.000000000000000000, 0.000000000000000000 ) ) ;
#5144 = ORIENTED_EDGE ( 'NONE', *, *, #5420, .F. ) ;
#5145 = DIRECTION ( 'NONE',  ( -0.000000000000000000, 1.000000000000000000, 0.000000000000000000 ) ) ;
#5146 = DIRECTION ( 'NONE',  ( -0.7071067811865500152, 0.000000000000000000, -0.7071067811865451302 ) ) ;
#5147 = EDGE_CURVE ( 'NONE', #1428, #4201, #8799, .T. ) ;
#5148 =( NAMED_UNIT ( * ) SI_UNIT ( $, .STERADIAN. ) SOLID_ANGLE_UNIT ( ) );
#5149 = SURFACE_STYLE_FILL_AREA ( #4249 ) ;
#5150 = SURFACE_STYLE_USAGE ( .BOTH. , #3441 ) ;
#5151 = EDGE_LOOP ( 'NONE', ( #1678, #1503, #5292, #3978, #9201, #468, #3595, #9648, #8541 ) ) ;
#5152 = ORIENTED_EDGE ( 'NONE', *, *, #4711, .F. ) ;
#5153 = SURFACE_STYLE_USAGE ( .BOTH. , #2064 ) ;
#5155 =( LENGTH_UNIT ( ) NAMED_UNIT ( * ) SI_UNIT ( .MILLI., .METRE. ) );
#5154 = PRESENTATION_LAYER_ASSIGNMENT (  '', '', ( #4037 ) ) ;
#5156 = EDGE_CURVE ( 'NONE', #7378, #5377, #1247, .T. ) ;
#5157 = CARTESIAN_POINT ( 'NONE',  ( 17.34999999999999787, 3.450000000000000178, -0.2000000000000000111 ) ) ;
#5158 = CARTESIAN_POINT ( 'NONE',  ( 17.75000000000000000, -1.084202172485504434E-16, -8.900000000000000355 ) ) ;
#5159 = EDGE_CURVE ( 'NONE', #8457, #314, #8165, .T. ) ;
#5160 = PLANE ( 'NONE',  #3755 ) ;
#5161 = DIRECTION ( 'NONE',  ( -1.000000000000000000, -0.000000000000000000, -0.000000000000000000 ) ) ;
#5162 = DIRECTION ( 'NONE',  ( 0.000000000000000000, 0.000000000000000000, 1.000000000000000000 ) ) ;
#5163 = EDGE_LOOP ( 'NONE', ( #6818, #4493, #8830, #394, #4401 ) ) ;
#5164 = ORIENTED_EDGE ( 'NONE', *, *, #2824, .F. ) ;
#5165 = VECTOR ( 'NONE', #4944, 1000.000000000000000 ) ;
#5166 = ORIENTED_EDGE ( 'NONE', *, *, #7975, .F. ) ;
#5167 = CARTESIAN_POINT ( 'NONE',  ( 12.15000000000000036, -1.084202172485504434E-16, -8.900000000000000355 ) ) ;
#5168 = LINE ( 'NONE', #7584, #385 ) ;
#5169 = EDGE_CURVE ( 'NONE', #6012, #7902, #3590, .T. ) ;
#5170 = CARTESIAN_POINT ( 'NONE',  ( 17.34999999999999787, 3.250000000000000000, -0.2000000000000000111 ) ) ;
#5171 =( NAMED_UNIT ( * ) SI_UNIT ( $, .STERADIAN. ) SOLID_ANGLE_UNIT ( ) );
#5172 = ORIENTED_EDGE ( 'NONE', *, *, #2533, .F. ) ;
#5173 =( NAMED_UNIT ( * ) SI_UNIT ( $, .STERADIAN. ) SOLID_ANGLE_UNIT ( ) );
#5174 = ORIENTED_EDGE ( 'NONE', *, *, #9322, .F. ) ;
#5175 = CARTESIAN_POINT ( 'NONE',  ( 9.650000000000000355, -1.084202172485504434E-16, -9.500000000000000000 ) ) ;
#5176 = EDGE_CURVE ( 'NONE', #8507, #427, #1907, .T. ) ;
#5177 = ORIENTED_EDGE ( 'NONE', *, *, #8531, .F. ) ;
#5178 =( NAMED_UNIT ( * ) SI_UNIT ( $, .STERADIAN. ) SOLID_ANGLE_UNIT ( ) );
#5179 = FILL_AREA_STYLE ('',( #9127 ) ) ;
#5180 = CARTESIAN_POINT ( 'NONE',  ( 20.25000000000000000, 3.050000000000000266, -0.2000000000000000111 ) ) ;
#5181 = SURFACE_SIDE_STYLE ('',( #1236 ) ) ;
#5182 =( GEOMETRIC_REPRESENTATION_CONTEXT ( 3 ) GLOBAL_UNCERTAINTY_ASSIGNED_CONTEXT ( ( #1256 ) ) GLOBAL_UNIT_ASSIGNED_CONTEXT ( ( #497, #5190, #8255 ) ) REPRESENTATION_CONTEXT ( 'NONE', 'WORKASPACE' ) );
#5183 = FACE_OUTER_BOUND ( 'NONE', #4741, .T. ) ;
#5184 = CARTESIAN_POINT ( 'NONE',  ( 2.150000000000000355, -1.084202172485504434E-16, -8.900000000000000355 ) ) ;
#5185 = CARTESIAN_POINT ( 'NONE',  ( 2.750000000000000444, -1.084202172485504434E-16, -8.900000000000000355 ) ) ;
#5186 = COLOUR_RGB ( '',1.000000000000000000, 1.000000000000000000, 1.000000000000000000 ) ;
#5187 = VERTEX_POINT ( 'NONE', #7308 ) ;
#5188 =( NAMED_UNIT ( * ) PLANE_ANGLE_UNIT ( ) SI_UNIT ( $, .RADIAN. ) );
#5189 = SURFACE_STYLE_USAGE ( .BOTH. , #6854 ) ;
#5190 =( NAMED_UNIT ( * ) PLANE_ANGLE_UNIT ( ) SI_UNIT ( $, .RADIAN. ) );
#5191 =( NAMED_UNIT ( * ) PLANE_ANGLE_UNIT ( ) SI_UNIT ( $, .RADIAN. ) );
#5192 = DIRECTION ( 'NONE',  ( 0.000000000000000000, 0.000000000000000000, 1.000000000000000000 ) ) ;
#5193 = CARTESIAN_POINT ( 'NONE',  ( 14.65000000000000213, 3.649999999999999911, -0.4000000000000009104 ) ) ;
#5194 = PRESENTATION_STYLE_ASSIGNMENT (( #5150 ) ) ;
#5195 = EDGE_LOOP ( 'NONE', ( #7886, #3912, #5373, #3654, #1758, #8094, #8630, #8481, #8963 ) ) ;
#5196 = VERTEX_POINT ( 'NONE', #1856 ) ;
#5197 = DIRECTION ( 'NONE',  ( 0.000000000000000000, 0.000000000000000000, 1.000000000000000000 ) ) ;
#5198 = VECTOR ( 'NONE', #2785, 1000.000000000000114 ) ;
#5199 = FACE_OUTER_BOUND ( 'NONE', #1206, .T. ) ;
#5200 =( LENGTH_UNIT ( ) NAMED_UNIT ( * ) SI_UNIT ( .MILLI., .METRE. ) );
#5201 = DIRECTION ( 'NONE',  ( 0.000000000000000000, 1.000000000000000000, 0.000000000000000000 ) ) ;
#5202 = PRODUCT_DEFINITION_CONTEXT ( 'detailed design', #2111, 'design' ) ;
#5203 = DIRECTION ( 'NONE',  ( 0.000000000000000000, 0.000000000000000000, -1.000000000000000000 ) ) ;
#5204 = LINE ( 'NONE', #7374, #8888 ) ;
#5205 = SURFACE_STYLE_FILL_AREA ( #9808 ) ;
#5206 = ORIENTED_EDGE ( 'NONE', *, *, #7494, .F. ) ;
#5207 =( NAMED_UNIT ( * ) PLANE_ANGLE_UNIT ( ) SI_UNIT ( $, .RADIAN. ) );
#5208 = VERTEX_POINT ( 'NONE', #8747 ) ;
#5209 = EDGE_CURVE ( 'NONE', #8710, #3840, #4956, .T. ) ;
#5210 = ORIENTED_EDGE ( 'NONE', *, *, #2700, .F. ) ;
#5211 = DIRECTION ( 'NONE',  ( -0.000000000000000000, -1.000000000000000000, -0.000000000000000000 ) ) ;
#5212 = DIRECTION ( 'NONE',  ( 0.000000000000000000, -1.000000000000000000, 0.000000000000000000 ) ) ;
#5213 = EDGE_CURVE ( 'NONE', #843, #7883, #3954, .T. ) ;
#5214 = AXIS2_PLACEMENT_3D ( 'NONE', #2013, #7265, #2766 ) ;
#5215 = FILL_AREA_STYLE_COLOUR ( '', #7027 ) ;
#5216 = VECTOR ( 'NONE', #4225, 1000.000000000000114 ) ;
#5217 = DIRECTION ( 'NONE',  ( -1.000000000000000000, -0.000000000000000000, 0.000000000000000000 ) ) ;
#5218 = UNCERTAINTY_MEASURE_WITH_UNIT (LENGTH_MEASURE( 1.000000000000000082E-05 ), #4207, 'distance_accuracy_value', 'NONE');
#5219 = PRESENTATION_STYLE_ASSIGNMENT (( #9017 ) ) ;
#5220 =( GEOMETRIC_REPRESENTATION_CONTEXT ( 3 ) GLOBAL_UNCERTAINTY_ASSIGNED_CONTEXT ( ( #8251 ) ) GLOBAL_UNIT_ASSIGNED_CONTEXT ( ( #826, #6246, #3320 ) ) REPRESENTATION_CONTEXT ( 'NONE', 'WORKASPACE' ) );
#5221 = ORIENTED_EDGE ( 'NONE', *, *, #7206, .T. ) ;
#5222 = VECTOR ( 'NONE', #1133, 1000.000000000000000 ) ;
#5223 = EDGE_CURVE ( 'NONE', #8284, #9235, #6502, .T. ) ;
#5224 = ADVANCED_FACE ( 'NONE', ( #3435 ), #2672, .F. ) ;
#5225 = PRESENTATION_LAYER_ASSIGNMENT (  '', '', ( #6034 ) ) ;
#5226 = ORIENTED_EDGE ( 'NONE', *, *, #3431, .T. ) ;
#5227 = ORIENTED_EDGE ( 'NONE', *, *, #139, .T. ) ;
#5228 = DIRECTION ( 'NONE',  ( -0.000000000000000000, 1.000000000000000000, 0.000000000000000000 ) ) ;
#5229 = PLANE ( 'NONE',  #8572 ) ;
#5230 = VECTOR ( 'NONE', #7034, 1000.000000000000000 ) ;
#5231 = DIRECTION ( 'NONE',  ( 0.000000000000000000, 0.000000000000000000, -1.000000000000000000 ) ) ;
#5232 = FILL_AREA_STYLE ('',( #3065 ) ) ;
#5233 = UNCERTAINTY_MEASURE_WITH_UNIT (LENGTH_MEASURE( 1.000000000000000082E-05 ), #4016, 'distance_accuracy_value', 'NONE');
#5234 = VECTOR ( 'NONE', #7452, 1000.000000000000000 ) ;
#5235 = VECTOR ( 'NONE', #3116, 1000.000000000000000 ) ;
#5236 =( NAMED_UNIT ( * ) PLANE_ANGLE_UNIT ( ) SI_UNIT ( $, .RADIAN. ) );
#5237 =( NAMED_UNIT ( * ) PLANE_ANGLE_UNIT ( ) SI_UNIT ( $, .RADIAN. ) );
#5238 = ADVANCED_FACE ( 'NONE', ( #2879 ), #693, .T. ) ;
#5239 = MECHANICAL_DESIGN_GEOMETRIC_PRESENTATION_REPRESENTATION (  '', ( #724 ), #8130 ) ;
#5240 = FACE_OUTER_BOUND ( 'NONE', #6577, .T. ) ;
#5241 = LINE ( 'NONE', #4484, #7123 ) ;
#5242 = UNCERTAINTY_MEASURE_WITH_UNIT (LENGTH_MEASURE( 1.000000000000000082E-05 ), #8679, 'distance_accuracy_value', 'NONE');
#5243 = PRESENTATION_LAYER_ASSIGNMENT (  '', '', ( #6052 ) ) ;
#5244 = PRESENTATION_STYLE_ASSIGNMENT (( #1489 ) ) ;
#5245 = CARTESIAN_POINT ( 'NONE',  ( 2.750000000000000444, 3.050000000000000266, -0.2000000000000000111 ) ) ;
#5246 = ORIENTED_EDGE ( 'NONE', *, *, #5830, .F. ) ;
#5247 = AXIS2_PLACEMENT_3D ( 'NONE', #6777, #9820, #2956 ) ;
#5248 = CARTESIAN_POINT ( 'NONE',  ( 15.25000000000000178, 3.649999999999999911, -8.300000000000000711 ) ) ;
#5249 = PRESENTATION_LAYER_ASSIGNMENT (  '', '', ( #560 ) ) ;
#5250 = DIRECTION ( 'NONE',  ( -0.000000000000000000, -1.000000000000000000, -0.000000000000000000 ) ) ;
#5251 = VECTOR ( 'NONE', #4496, 1000.000000000000000 ) ;
#5252 = VECTOR ( 'NONE', #7129, 1000.000000000000000 ) ;
#5253 =( NAMED_UNIT ( * ) SI_UNIT ( $, .STERADIAN. ) SOLID_ANGLE_UNIT ( ) );
#5254 = COLOUR_RGB ( '',0.7529411764705882248, 0.7529411764705882248, 0.7529411764705882248 ) ;
#5255 = CARTESIAN_POINT ( 'NONE',  ( 15.25000000000000178, -1.084202172485504434E-16, -0.4000000000000010214 ) ) ;
#5256 = CARTESIAN_POINT ( 'NONE',  ( 17.14999999999999858, -1.084202172485504434E-16, -9.500000000000000000 ) ) ;
#5257 = CARTESIAN_POINT ( 'NONE',  ( 2.750000000000000444, 3.050000000000000266, -8.300000000000000711 ) ) ;
#5258 = STYLED_ITEM ( 'NONE', ( #8159 ), #3263 ) ;
#5259 = ORIENTED_EDGE ( 'NONE', *, *, #3849, .F. ) ;
#5260 = ORIENTED_EDGE ( 'NONE', *, *, #7912, .T. ) ;
#5261 = LINE ( 'NONE', #3863, #7013 ) ;
#5262 =( NAMED_UNIT ( * ) SI_UNIT ( $, .STERADIAN. ) SOLID_ANGLE_UNIT ( ) );
#5263 =( NAMED_UNIT ( * ) PLANE_ANGLE_UNIT ( ) SI_UNIT ( $, .RADIAN. ) );
#5264 = SURFACE_STYLE_USAGE ( .BOTH. , #8217 ) ;
#5265 =( NAMED_UNIT ( * ) SI_UNIT ( $, .STERADIAN. ) SOLID_ANGLE_UNIT ( ) );
#5266 = SURFACE_STYLE_FILL_AREA ( #2183 ) ;
#5267 = ORIENTED_EDGE ( 'NONE', *, *, #2080, .T. ) ;
#5268 = ORIENTED_EDGE ( 'NONE', *, *, #5484, .T. ) ;
#5269 = EDGE_LOOP ( 'NONE', ( #2225, #1221, #4811, #7224 ) ) ;
#5270 = STYLED_ITEM ( 'NONE', ( #8879 ), #7012 ) ;
#5271 =( GEOMETRIC_REPRESENTATION_CONTEXT ( 3 ) GLOBAL_UNCERTAINTY_ASSIGNED_CONTEXT ( ( #3425 ) ) GLOBAL_UNIT_ASSIGNED_CONTEXT ( ( #8887, #9641, #1293 ) ) REPRESENTATION_CONTEXT ( 'NONE', 'WORKASPACE' ) );
#5272 = CARTESIAN_POINT ( 'NONE',  ( 3.449999999999999734, 6.100999999999999979, 5.480113433355247488E-16 ) ) ;
#5273 = LINE ( 'NONE', #667, #8948 ) ;
#5274 = EDGE_CURVE ( 'NONE', #4822, #6508, #798, .T. ) ;
#5275 = CARTESIAN_POINT ( 'NONE',  ( 17.14999999999999858, 2.449999999999999734, -8.300000000000000711 ) ) ;
#5276 = ORIENTED_EDGE ( 'NONE', *, *, #5479, .T. ) ;
#5277 = LINE ( 'NONE', #6829, #5726 ) ;
#5278 = ORIENTED_EDGE ( 'NONE', *, *, #7561, .F. ) ;
#5279 = LINE ( 'NONE', #5175, #574 ) ;
#5280 = ORIENTED_EDGE ( 'NONE', *, *, #9742, .F. ) ;
#5281 = CARTESIAN_POINT ( 'NONE',  ( 7.750000000000000000, 2.449999999999999734, -8.300000000000000711 ) ) ;
#5282 = VECTOR ( 'NONE', #4159, 1000.000000000000227 ) ;
#5283 = MECHANICAL_DESIGN_GEOMETRIC_PRESENTATION_REPRESENTATION (  '', ( #6567 ), #9921 ) ;
#5284 = ADVANCED_FACE ( 'NONE', ( #2984 ), #7518, .T. ) ;
#5285 =( NAMED_UNIT ( * ) SI_UNIT ( $, .STERADIAN. ) SOLID_ANGLE_UNIT ( ) );
#5286 =( LENGTH_UNIT ( ) NAMED_UNIT ( * ) SI_UNIT ( .MILLI., .METRE. ) );
#5287 = PLANE ( 'NONE',  #9667 ) ;
#5288 = ADVANCED_FACE ( 'NONE', ( #8593 ), #7097, .F. ) ;
#5289 = VECTOR ( 'NONE', #5306, 1000.000000000000000 ) ;
#5290 = CARTESIAN_POINT ( 'NONE',  ( 14.65000000000000213, 2.450000000000000178, -8.900000000000000355 ) ) ;
#5291 = DIRECTION ( 'NONE',  ( -0.000000000000000000, 1.000000000000000000, -0.000000000000000000 ) ) ;
#5292 = ORIENTED_EDGE ( 'NONE', *, *, #6161, .F. ) ;
#5293 = CARTESIAN_POINT ( 'NONE',  ( 9.650000000000000355, -1.084202172485504434E-16, -9.500000000000000000 ) ) ;
#5294 = DIRECTION ( 'NONE',  ( -1.000000000000000000, 0.000000000000000000, 0.000000000000000000 ) ) ;
#5295 = EDGE_CURVE ( 'NONE', #7434, #7337, #2366, .T. ) ;
#5296 = PRESENTATION_STYLE_ASSIGNMENT (( #6254 ) ) ;
#5297 = LINE ( 'NONE', #5255, #8074 ) ;
#5298 =( NAMED_UNIT ( * ) PLANE_ANGLE_UNIT ( ) SI_UNIT ( $, .RADIAN. ) );
#5299 = SURFACE_STYLE_FILL_AREA ( #3896 ) ;
#5300 = CARTESIAN_POINT ( 'NONE',  ( 20.25000000000000000, 3.050000000000000266, -0.2000000000000000111 ) ) ;
#5301 = EDGE_LOOP ( 'NONE', ( #6953, #8659, #3625, #6173, #6376, #8492, #3501, #365 ) ) ;
#5302 = VERTEX_POINT ( 'NONE', #3126 ) ;
#5303 = DIRECTION ( 'NONE',  ( -0.000000000000000000, -1.000000000000000000, -0.000000000000000000 ) ) ;
#5304 = EDGE_CURVE ( 'NONE', #6595, #338, #6354, .T. ) ;
#5305 = LINE ( 'NONE', #6761, #4762 ) ;
#5306 = DIRECTION ( 'NONE',  ( -0.000000000000000000, 1.000000000000000000, -0.000000000000000000 ) ) ;
#5307 =( LENGTH_UNIT ( ) NAMED_UNIT ( * ) SI_UNIT ( .MILLI., .METRE. ) );
#5308 = CARTESIAN_POINT ( 'NONE',  ( 19.95000000000000284, 0.000000000000000000, -9.500000000000000000 ) ) ;
#5309 = VERTEX_POINT ( 'NONE', #4738 ) ;
#5310 = ORIENTED_EDGE ( 'NONE', *, *, #1573, .T. ) ;
#5311 = STYLED_ITEM ( 'NONE', ( #9884 ), #511 ) ;
#5312 = AXIS2_PLACEMENT_3D ( 'NONE', #7403, #9645, #8166 ) ;
#5313 = CARTESIAN_POINT ( 'NONE',  ( 2.150000000000000355, -1.084202172485504434E-16, -0.4000000000000010214 ) ) ;
#5314 = PRESENTATION_STYLE_ASSIGNMENT (( #2787 ) ) ;
#5315 = LINE ( 'NONE', #3011, #7358 ) ;
#5316 = UNCERTAINTY_MEASURE_WITH_UNIT (LENGTH_MEASURE( 1.000000000000000082E-05 ), #5469, 'distance_accuracy_value', 'NONE');
#5317 = FILL_AREA_STYLE ('',( #7727 ) ) ;
#5318 = MECHANICAL_DESIGN_GEOMETRIC_PRESENTATION_REPRESENTATION (  '', ( #9308 ), #9633 ) ;
#5319 = ORIENTED_EDGE ( 'NONE', *, *, #6584, .T. ) ;
#5320 = SURFACE_SIDE_STYLE ('',( #9074 ) ) ;
#5321 = ORIENTED_EDGE ( 'NONE', *, *, #819, .F. ) ;
#5322 = SURFACE_SIDE_STYLE ('',( #2140 ) ) ;
#5323 = ORIENTED_EDGE ( 'NONE', *, *, #546, .F. ) ;
#5324 = PLANE ( 'NONE',  #8089 ) ;
#5325 = EDGE_CURVE ( 'NONE', #6508, #6563, #6257, .T. ) ;
#5326 = SURFACE_SIDE_STYLE ('',( #9082 ) ) ;
#5327 = COLOUR_RGB ( '',0.7529411764705882248, 0.7529411764705882248, 0.7529411764705882248 ) ;
#5328 = UNCERTAINTY_MEASURE_WITH_UNIT (LENGTH_MEASURE( 1.000000000000000082E-05 ), #4534, 'distance_accuracy_value', 'NONE');
#5329 = CARTESIAN_POINT ( 'NONE',  ( 3.449999999999999734, 6.099999999999999645, -3.699999999999999734 ) ) ;
#5330 =( NAMED_UNIT ( * ) PLANE_ANGLE_UNIT ( ) SI_UNIT ( $, .RADIAN. ) );
#5331 = DIRECTION ( 'NONE',  ( -0.000000000000000000, 1.000000000000000000, 0.000000000000000000 ) ) ;
#5332 = DIRECTION ( 'NONE',  ( 0.000000000000000000, -0.000000000000000000, -1.000000000000000000 ) ) ;
#5333 = VECTOR ( 'NONE', #127, 1000.000000000000000 ) ;
#5334 = SURFACE_STYLE_USAGE ( .BOTH. , #7661 ) ;
#5335 = DIRECTION ( 'NONE',  ( 0.000000000000000000, 0.000000000000000000, 1.000000000000000000 ) ) ;
#5336 = ORIENTED_EDGE ( 'NONE', *, *, #5213, .F. ) ;
#5337 =( NAMED_UNIT ( * ) PLANE_ANGLE_UNIT ( ) SI_UNIT ( $, .RADIAN. ) );
#5338 = EDGE_CURVE ( 'NONE', #5848, #7937, #7807, .T. ) ;
#5339 = FILL_AREA_STYLE ('',( #795 ) ) ;
#5340 = ADVANCED_FACE ( 'NONE', ( #1789 ), #7054, .F. ) ;
#5341 = MECHANICAL_DESIGN_GEOMETRIC_PRESENTATION_REPRESENTATION (  '', ( #1780 ), #6789 ) ;
#5342 = LINE ( 'NONE', #4645, #2582 ) ;
#5343 = FACE_OUTER_BOUND ( 'NONE', #9249, .T. ) ;
#5344 = COLOUR_RGB ( '',0.7529411764705882248, 0.7529411764705882248, 0.7529411764705882248 ) ;
#5345 = CARTESIAN_POINT ( 'NONE',  ( 0.8000000000000004885, 3.050000000000000266, -7.000000000000000000 ) ) ;
#5346 = CARTESIAN_POINT ( 'NONE',  ( 4.950000000000000178, -2.000000000000000000, -9.500000000000000000 ) ) ;
#5347 = ORIENTED_EDGE ( 'NONE', *, *, #249, .F. ) ;
#5348 = ORIENTED_EDGE ( 'NONE', *, *, #5655, .T. ) ;
#5349 = VECTOR ( 'NONE', #3405, 1000.000000000000000 ) ;
#5351 = EDGE_CURVE ( 'NONE', #4779, #7533, #6300, .T. ) ;
#5350 = CARTESIAN_POINT ( 'NONE',  ( 20.25000000000000000, 2.449999999999999734, -9.500000000000000000 ) ) ;
#5352 = ADVANCED_FACE ( 'NONE', ( #3488 ), #1945, .T. ) ;
#5353 = FILL_AREA_STYLE ('',( #66 ) ) ;
#5354 = STYLED_ITEM ( 'NONE', ( #9779 ), #1376 ) ;
#5355 = STYLED_ITEM ( 'NONE', ( #8847 ), #9321 ) ;
#5356 =( NAMED_UNIT ( * ) SI_UNIT ( $, .STERADIAN. ) SOLID_ANGLE_UNIT ( ) );
#5357 = DIRECTION ( 'NONE',  ( -1.000000000000000000, 0.000000000000000000, 0.000000000000000000 ) ) ;
#5358 = CARTESIAN_POINT ( 'NONE',  ( 14.65000000000000213, 2.450000000000000178, -8.900000000000000355 ) ) ;
#5359 = ADVANCED_FACE ( 'NONE', ( #9532 ), #1845, .T. ) ;
#5360 =( NAMED_UNIT ( * ) PLANE_ANGLE_UNIT ( ) SI_UNIT ( $, .RADIAN. ) );
#5361 =( GEOMETRIC_REPRESENTATION_CONTEXT ( 3 ) GLOBAL_UNCERTAINTY_ASSIGNED_CONTEXT ( ( #5525 ) ) GLOBAL_UNIT_ASSIGNED_CONTEXT ( ( #489, #2755, #8006 ) ) REPRESENTATION_CONTEXT ( 'NONE', 'WORKASPACE' ) );
#5362 = EDGE_LOOP ( 'NONE', ( #1174, #3877, #382, #8871 ) ) ;
#5363 =( LENGTH_UNIT ( ) NAMED_UNIT ( * ) SI_UNIT ( .MILLI., .METRE. ) );
#5364 = ORIENTED_EDGE ( 'NONE', *, *, #3447, .T. ) ;
#5365 = AXIS2_PLACEMENT_3D ( 'NONE', #318, #7993, #4219 ) ;
#5366 = LINE ( 'NONE', #2078, #9675 ) ;
#5367 =( NAMED_UNIT ( * ) PLANE_ANGLE_UNIT ( ) SI_UNIT ( $, .RADIAN. ) );
#5368 = VECTOR ( 'NONE', #6874, 1000.000000000000000 ) ;
#5369 = DIRECTION ( 'NONE',  ( -0.000000000000000000, 0.000000000000000000, -1.000000000000000000 ) ) ;
#5370 =( NAMED_UNIT ( * ) PLANE_ANGLE_UNIT ( ) SI_UNIT ( $, .RADIAN. ) );
#5371 = MECHANICAL_DESIGN_GEOMETRIC_PRESENTATION_REPRESENTATION (  '', ( #1647 ), #3119 ) ;
#5372 = DIRECTION ( 'NONE',  ( -1.000000000000000000, 0.000000000000000000, 0.000000000000000000 ) ) ;
#5373 = ORIENTED_EDGE ( 'NONE', *, *, #939, .T. ) ;
#5374 = CARTESIAN_POINT ( 'NONE',  ( 15.25000000000000178, 3.649999999999999911, -0.4000000000000009104 ) ) ;
#5375 = EDGE_LOOP ( 'NONE', ( #5918, #7687, #3256 ) ) ;
#5376 = DIRECTION ( 'NONE',  ( -0.000000000000000000, -1.000000000000000000, -0.000000000000000000 ) ) ;
#5377 = VERTEX_POINT ( 'NONE', #6645 ) ;
#5378 = FACE_OUTER_BOUND ( 'NONE', #5064, .T. ) ;
#5379 = STYLED_ITEM ( 'NONE', ( #6247 ), #6579 ) ;
#5380 = DIRECTION ( 'NONE',  ( 0.000000000000000000, -0.000000000000000000, -1.000000000000000000 ) ) ;
#5381 =( LENGTH_UNIT ( ) NAMED_UNIT ( * ) SI_UNIT ( .MILLI., .METRE. ) );
#5382 = COLOUR_RGB ( '',0.7529411764705882248, 0.7529411764705882248, 0.7529411764705882248 ) ;
#5383 = FACE_OUTER_BOUND ( 'NONE', #8085, .T. ) ;
#5384 = COLOUR_RGB ( '',0.7529411764705882248, 0.7529411764705882248, 0.7529411764705882248 ) ;
#5385 = COLOUR_RGB ( '',0.7529411764705882248, 0.7529411764705882248, 0.7529411764705882248 ) ;
#5386 = PRESENTATION_STYLE_ASSIGNMENT (( #8443 ) ) ;
#5387 = DIRECTION ( 'NONE',  ( 0.000000000000000000, 0.000000000000000000, -1.000000000000000000 ) ) ;
#5388 = CIRCLE ( 'NONE', #3627, 1.199999999999999734 ) ;
#5389 = ORIENTED_EDGE ( 'NONE', *, *, #1080, .T. ) ;
#5390 = LINE ( 'NONE', #5293, #5072 ) ;
#5391 = MECHANICAL_DESIGN_GEOMETRIC_PRESENTATION_REPRESENTATION (  '', ( #7160 ), #9856 ) ;
#5392 = AXIS2_PLACEMENT_3D ( 'NONE', #9373, #377, #4175 ) ;
#5393 = AXIS2_PLACEMENT_3D ( 'NONE', #1299, #2767, #4390 ) ;
#5394 = VECTOR ( 'NONE', #9843, 1000.000000000000000 ) ;
#5395 = COLOUR_RGB ( '',0.7529411764705882248, 0.7529411764705882248, 0.7529411764705882248 ) ;
#5396 = PLANE ( 'NONE',  #5482 ) ;
#5397 = ADVANCED_FACE ( 'NONE', ( #4945 ), #8005, .F. ) ;
#5398 =( GEOMETRIC_REPRESENTATION_CONTEXT ( 3 ) GLOBAL_UNCERTAINTY_ASSIGNED_CONTEXT ( ( #2510 ) ) GLOBAL_UNIT_ASSIGNED_CONTEXT ( ( #7900, #7100, #9488 ) ) REPRESENTATION_CONTEXT ( 'NONE', 'WORKASPACE' ) );
#5399 = STYLED_ITEM ( 'NONE', ( #4862 ), #5591 ) ;
#5400 = DIRECTION ( 'NONE',  ( 1.000000000000000000, 0.000000000000000000, 0.000000000000000000 ) ) ;
#5401 = ORIENTED_EDGE ( 'NONE', *, *, #3134, .T. ) ;
#5402 = ORIENTED_EDGE ( 'NONE', *, *, #4174, .T. ) ;
#5403 = LINE ( 'NONE', #6865, #6215 ) ;
#5404 = EDGE_CURVE ( 'NONE', #3871, #411, #8248, .T. ) ;
#5405 = AXIS2_PLACEMENT_3D ( 'NONE', #7400, #2057, #3740 ) ;
#5406 = CYLINDRICAL_SURFACE ( 'NONE', #3964, 1.199999999999999734 ) ;
#5407 = DIRECTION ( 'NONE',  ( 8.344647053253884546E-17, 0.5002775978746291097, 0.8658650732445505316 ) ) ;
#5408 =( GEOMETRIC_REPRESENTATION_CONTEXT ( 3 ) GLOBAL_UNCERTAINTY_ASSIGNED_CONTEXT ( ( #1273 ) ) GLOBAL_UNIT_ASSIGNED_CONTEXT ( ( #70, #658, #3821 ) ) REPRESENTATION_CONTEXT ( 'NONE', 'WORKASPACE' ) );
#5409 =( NAMED_UNIT ( * ) SI_UNIT ( $, .STERADIAN. ) SOLID_ANGLE_UNIT ( ) );
#5410 = CARTESIAN_POINT ( 'NONE',  ( 22.39999999999999858, 5.099999999999999645, -7.000000000000001776 ) ) ;
#5411 = ADVANCED_FACE ( 'NONE', ( #6282 ), #3635, .F. ) ;
#5412 = LINE ( 'NONE', #2474, #7270 ) ;
#5413 =( GEOMETRIC_REPRESENTATION_CONTEXT ( 3 ) GLOBAL_UNCERTAINTY_ASSIGNED_CONTEXT ( ( #3324 ) ) GLOBAL_UNIT_ASSIGNED_CONTEXT ( ( #5849, #3541, #2759 ) ) REPRESENTATION_CONTEXT ( 'NONE', 'WORKASPACE' ) );
#5414 = SURFACE_STYLE_USAGE ( .BOTH. , #6169 ) ;
#5415 =( NAMED_UNIT ( * ) SI_UNIT ( $, .STERADIAN. ) SOLID_ANGLE_UNIT ( ) );
#5416 = PRESENTATION_STYLE_ASSIGNMENT (( #28 ) ) ;
#5417 = ORIENTED_EDGE ( 'NONE', *, *, #6195, .F. ) ;
#5418 = CARTESIAN_POINT ( 'NONE',  ( 21.60000000000000142, 0.000000000000000000, -7.000000000000000000 ) ) ;
#5419 = VERTEX_POINT ( 'NONE', #6700 ) ;
#5420 = EDGE_CURVE ( 'NONE', #4719, #7901, #2304, .T. ) ;
#5421 = CYLINDRICAL_SURFACE ( 'NONE', #3772, 0.2999999999999999334 ) ;
#5422 = CARTESIAN_POINT ( 'NONE',  ( 2.750000000000000444, 2.449999999999999734, -9.500000000000000000 ) ) ;
#5423 = EDGE_CURVE ( 'NONE', #3098, #9881, #9739, .T. ) ;
#5424 =( NAMED_UNIT ( * ) SI_UNIT ( $, .STERADIAN. ) SOLID_ANGLE_UNIT ( ) );
#5425 = VECTOR ( 'NONE', #5005, 1000.000000000000000 ) ;
#5426 = UNCERTAINTY_MEASURE_WITH_UNIT (LENGTH_MEASURE( 1.000000000000000082E-05 ), #437, 'distance_accuracy_value', 'NONE');
#5427 = CARTESIAN_POINT ( 'NONE',  ( 1.999999999999998224, 5.299999999999998934, -0.2000000000000018152 ) ) ;
#5428 =( NAMED_UNIT ( * ) SI_UNIT ( $, .STERADIAN. ) SOLID_ANGLE_UNIT ( ) );
#5429 = ORIENTED_EDGE ( 'NONE', *, *, #8044, .F. ) ;
#5430 = LINE ( 'NONE', #6042, #5550 ) ;
#5431 =( GEOMETRIC_REPRESENTATION_CONTEXT ( 3 ) GLOBAL_UNCERTAINTY_ASSIGNED_CONTEXT ( ( #9709 ) ) GLOBAL_UNIT_ASSIGNED_CONTEXT ( ( #3552, #3753, #2936 ) ) REPRESENTATION_CONTEXT ( 'NONE', 'WORKASPACE' ) );
#5432 = EDGE_LOOP ( 'NONE', ( #7248, #3232, #4825, #1792, #3515, #6137, #8122, #1163, #4702 ) ) ;
#5433 = DIRECTION ( 'NONE',  ( -1.000000000000000000, -0.000000000000000000, -0.000000000000000000 ) ) ;
#5434 = ORIENTED_EDGE ( 'NONE', *, *, #5213, .T. ) ;
#5435 = FACE_OUTER_BOUND ( 'NONE', #1583, .T. ) ;
#5436 = LINE ( 'NONE', #9370, #6348 ) ;
#5437 = DIRECTION ( 'NONE',  ( 0.000000000000000000, 1.000000000000000000, 0.000000000000000000 ) ) ;
#5438 = UNCERTAINTY_MEASURE_WITH_UNIT (LENGTH_MEASURE( 1.000000000000000082E-05 ), #6373, 'distance_accuracy_value', 'NONE');
#5439 = STYLED_ITEM ( 'NONE', ( #6308 ), #7011 ) ;
#5440 = PRESENTATION_LAYER_ASSIGNMENT (  '', '', ( #4952 ) ) ;
#5441 = CARTESIAN_POINT ( 'NONE',  ( 10.25000000000000000, -1.084202172485504434E-16, -0.4000000000000010214 ) ) ;
#5442 = DIRECTION ( 'NONE',  ( 0.000000000000000000, -0.000000000000000000, -1.000000000000000000 ) ) ;
#5443 = VERTEX_POINT ( 'NONE', #7731 ) ;
#5444 = COLOUR_RGB ( '',0.7529411764705882248, 0.7529411764705882248, 0.7529411764705882248 ) ;
#5445 = CARTESIAN_POINT ( 'NONE',  ( 7.450000000000000178, -2.000000000000000000, -9.500000000000000000 ) ) ;
#5446 = SURFACE_SIDE_STYLE ('',( #9139 ) ) ;
#5447 = DIRECTION ( 'NONE',  ( 0.000000000000000000, 0.000000000000000000, -1.000000000000000000 ) ) ;
#5448 = COLOUR_RGB ( '',0.7529411764705882248, 0.7529411764705882248, 0.7529411764705882248 ) ;
#5449 = DIRECTION ( 'NONE',  ( 0.000000000000000000, -0.000000000000000000, -1.000000000000000000 ) ) ;
#5450 = LINE ( 'NONE', #3859, #6677 ) ;
#5451 = CARTESIAN_POINT ( 'NONE',  ( 0.000000000000000000, 5.299999999999998934, -6.200000000000000178 ) ) ;
#5452 = ORIENTED_EDGE ( 'NONE', *, *, #4605, .F. ) ;
#5453 = VERTEX_POINT ( 'NONE', #89 ) ;
#5454 = DIRECTION ( 'NONE',  ( 1.000000000000000000, 0.000000000000000000, 0.000000000000000000 ) ) ;
#5455 = ADVANCED_FACE ( 'NONE', ( #5240 ), #1389, .T. ) ;
#5456 = DIRECTION ( 'NONE',  ( -1.000000000000000000, -0.000000000000000000, -0.000000000000000000 ) ) ;
#5457 = EDGE_CURVE ( 'NONE', #2087, #2676, #2633, .T. ) ;
#5458 = PLANE ( 'NONE',  #1863 ) ;
#5459 = PRESENTATION_STYLE_ASSIGNMENT (( #8501 ) ) ;
#5460 = SURFACE_SIDE_STYLE ('',( #126 ) ) ;
#5461 = CARTESIAN_POINT ( 'NONE',  ( 0.8000000000000004885, 3.649999999999999911, -6.200000000000000178 ) ) ;
#5462 = FILL_AREA_STYLE ('',( #7221 ) ) ;
#5463 = LINE ( 'NONE', #8655, #200 ) ;
#5464 = ORIENTED_EDGE ( 'NONE', *, *, #8703, .F. ) ;
#5465 = ORIENTED_EDGE ( 'NONE', *, *, #7549, .F. ) ;
#5466 = CARTESIAN_POINT ( 'NONE',  ( 12.45000000000000107, 0.000000000000000000, -9.500000000000000000 ) ) ;
#5467 = EDGE_CURVE ( 'NONE', #2506, #7568, #4023, .T. ) ;
#5468 = FILL_AREA_STYLE_COLOUR ( '', #5073 ) ;
#5469 =( LENGTH_UNIT ( ) NAMED_UNIT ( * ) SI_UNIT ( .MILLI., .METRE. ) );
#5470 = EDGE_CURVE ( 'NONE', #1263, #888, #8706, .T. ) ;
#5471 = CARTESIAN_POINT ( 'NONE',  ( 1.999999999999998224, 5.299999999999998934, -3.100000000000001421 ) ) ;
#5472 = ORIENTED_EDGE ( 'NONE', *, *, #5457, .F. ) ;
#5473 = CARTESIAN_POINT ( 'NONE',  ( 22.39999999999999858, 6.099999999999999645, -11.50000000000000000 ) ) ;
#5474 = VECTOR ( 'NONE', #1689, 1000.000000000000000 ) ;
#5475 = ORIENTED_EDGE ( 'NONE', *, *, #9927, .F. ) ;
#5476 = DIRECTION ( 'NONE',  ( 0.000000000000000000, -0.000000000000000000, 1.000000000000000000 ) ) ;
#5477 = ORIENTED_EDGE ( 'NONE', *, *, #9177, .F. ) ;
#5478 = SURFACE_SIDE_STYLE ('',( #2404 ) ) ;
#5479 = EDGE_CURVE ( 'NONE', #9022, #5601, #5727, .T. ) ;
#5480 = CARTESIAN_POINT ( 'NONE',  ( 22.39999999999999858, 6.099999999999999645, 0.000000000000000000 ) ) ;
#5481 = CARTESIAN_POINT ( 'NONE',  ( 10.25000000000000000, -1.084202172485504434E-16, -8.900000000000000355 ) ) ;
#5482 = AXIS2_PLACEMENT_3D ( 'NONE', #796, #9898, #15 ) ;
#5483 = CARTESIAN_POINT ( 'NONE',  ( 1.999999999999998224, 6.100999999999999979, -3.100000000000001421 ) ) ;
#5484 = EDGE_CURVE ( 'NONE', #913, #5810, #5514, .T. ) ;
#5485 = SURFACE_STYLE_USAGE ( .BOTH. , #8949 ) ;
#5486 = DIRECTION ( 'NONE',  ( -0.000000000000000000, 1.000000000000000000, 0.000000000000000000 ) ) ;
#5487 = ORIENTED_EDGE ( 'NONE', *, *, #3269, .F. ) ;
#5488 = PLANE ( 'NONE',  #7802 ) ;
#5489 = FACE_OUTER_BOUND ( 'NONE', #6231, .T. ) ;
#5490 = VECTOR ( 'NONE', #7076, 1000.000000000000227 ) ;
#5491 = DIRECTION ( 'NONE',  ( -0.000000000000000000, -1.000000000000000000, -0.000000000000000000 ) ) ;
#5492 = DIRECTION ( 'NONE',  ( 0.000000000000000000, 0.000000000000000000, -1.000000000000000000 ) ) ;
#5493 = VERTEX_POINT ( 'NONE', #8763 ) ;
#5494 = ORIENTED_EDGE ( 'NONE', *, *, #1203, .F. ) ;
#5495 = FACE_OUTER_BOUND ( 'NONE', #1910, .T. ) ;
#5496 = VECTOR ( 'NONE', #3960, 1000.000000000000000 ) ;
#5497 = SURFACE_STYLE_FILL_AREA ( #67 ) ;
#5498 = LINE ( 'NONE', #8787, #1984 ) ;
#5499 = DIRECTION ( 'NONE',  ( 0.000000000000000000, 0.000000000000000000, -1.000000000000000000 ) ) ;
#5500 = MECHANICAL_DESIGN_GEOMETRIC_PRESENTATION_REPRESENTATION (  '', ( #5028 ), #9329 ) ;
#5501 = DIRECTION ( 'NONE',  ( 0.000000000000000000, 0.000000000000000000, 1.000000000000000000 ) ) ;
#5502 = SURFACE_SIDE_STYLE ('',( #6458 ) ) ;
#5503 = PLANE ( 'NONE',  #5882 ) ;
#5504 = ORIENTED_EDGE ( 'NONE', *, *, #2392, .F. ) ;
#5505 = ORIENTED_EDGE ( 'NONE', *, *, #9789, .F. ) ;
#5506 = COLOUR_RGB ( '',0.7529411764705882248, 0.7529411764705882248, 0.7529411764705882248 ) ;
#5507 = CARTESIAN_POINT ( 'NONE',  ( 14.65000000000000213, -1.084202172485504434E-16, -9.500000000000000000 ) ) ;
#5508 = UNCERTAINTY_MEASURE_WITH_UNIT (LENGTH_MEASURE( 1.000000000000000082E-05 ), #1437, 'distance_accuracy_value', 'NONE');
#5509 = SURFACE_SIDE_STYLE ('',( #7879 ) ) ;
#5510 = FILL_AREA_STYLE ('',( #9357 ) ) ;
#5511 = CIRCLE ( 'NONE', #8698, 0.2999999999999999334 ) ;
#5512 = FACE_OUTER_BOUND ( 'NONE', #484, .T. ) ;
#5513 = EDGE_CURVE ( 'NONE', #7352, #3414, #4592, .T. ) ;
#5514 = LINE ( 'NONE', #5574, #1813 ) ;
#5515 = ORIENTED_EDGE ( 'NONE', *, *, #1095, .T. ) ;
#5516 =( NAMED_UNIT ( * ) SI_UNIT ( $, .STERADIAN. ) SOLID_ANGLE_UNIT ( ) );
#5517 = ORIENTED_EDGE ( 'NONE', *, *, #4232, .T. ) ;
#5518 =( LENGTH_UNIT ( ) NAMED_UNIT ( * ) SI_UNIT ( .MILLI., .METRE. ) );
#5519 = ORIENTED_EDGE ( 'NONE', *, *, #4368, .F. ) ;
#5520 = EDGE_CURVE ( 'NONE', #4403, #913, #8663, .T. ) ;
#5521 = DIRECTION ( 'NONE',  ( 0.000000000000000000, 0.000000000000000000, 1.000000000000000000 ) ) ;
#5522 = PRESENTATION_STYLE_ASSIGNMENT (( #7045 ) ) ;
#5523 = LINE ( 'NONE', #100, #4891 ) ;
#5524 =( GEOMETRIC_REPRESENTATION_CONTEXT ( 3 ) GLOBAL_UNCERTAINTY_ASSIGNED_CONTEXT ( ( #1084 ) ) GLOBAL_UNIT_ASSIGNED_CONTEXT ( ( #8770, #1975, #9517 ) ) REPRESENTATION_CONTEXT ( 'NONE', 'WORKASPACE' ) );
#5525 = UNCERTAINTY_MEASURE_WITH_UNIT (LENGTH_MEASURE( 1.000000000000000082E-05 ), #489, 'distance_accuracy_value', 'NONE');
#5526 =( NAMED_UNIT ( * ) PLANE_ANGLE_UNIT ( ) SI_UNIT ( $, .RADIAN. ) );
#5527 = EDGE_CURVE ( 'NONE', #1322, #3477, #1817, .T. ) ;
#5528 = DIRECTION ( 'NONE',  ( 0.000000000000000000, -1.000000000000000000, 0.000000000000000000 ) ) ;
#5529 = VECTOR ( 'NONE', #7738, 1000.000000000000000 ) ;
#5530 = LINE ( 'NONE', #3935, #7019 ) ;
#5531 = VERTEX_POINT ( 'NONE', #8561 ) ;
#5532 = DIRECTION ( 'NONE',  ( 1.000000000000000000, 0.000000000000000000, 0.000000000000000000 ) ) ;
#5533 = FILL_AREA_STYLE_COLOUR ( '', #2039 ) ;
#5534 = EDGE_CURVE ( 'NONE', #9425, #1782, #6328, .T. ) ;
#5535 = STYLED_ITEM ( 'NONE', ( #4153 ), #5784 ) ;
#5536 = PRESENTATION_LAYER_ASSIGNMENT (  '', '', ( #3940 ) ) ;
#5537 = MECHANICAL_DESIGN_GEOMETRIC_PRESENTATION_REPRESENTATION (  '', ( #6045 ), #2799 ) ;
#5538 = VECTOR ( 'NONE', #4975, 1000.000000000000000 ) ;
#5539 = DIRECTION ( 'NONE',  ( -0.7071067811865484609, 0.000000000000000000, -0.7071067811865466846 ) ) ;
#5540 = SURFACE_SIDE_STYLE ('',( #9393 ) ) ;
#5541 = FACE_OUTER_BOUND ( 'NONE', #1301, .T. ) ;
#5542 = EDGE_LOOP ( 'NONE', ( #117, #9250, #6160, #8751 ) ) ;
#5543 = ORIENTED_EDGE ( 'NONE', *, *, #5698, .F. ) ;
#5544 =( GEOMETRIC_REPRESENTATION_CONTEXT ( 3 ) GLOBAL_UNCERTAINTY_ASSIGNED_CONTEXT ( ( #8330 ) ) GLOBAL_UNIT_ASSIGNED_CONTEXT ( ( #7867, #1943, #9345 ) ) REPRESENTATION_CONTEXT ( 'NONE', 'WORKASPACE' ) );
#5545 = FACE_OUTER_BOUND ( 'NONE', #4487, .T. ) ;
#5546 = STYLED_ITEM ( 'NONE', ( #8645 ), #2063 ) ;
#5547 = COLOUR_RGB ( '',0.7529411764705882248, 0.7529411764705882248, 0.7529411764705882248 ) ;
#5548 =( GEOMETRIC_REPRESENTATION_CONTEXT ( 3 ) GLOBAL_UNCERTAINTY_ASSIGNED_CONTEXT ( ( #6938 ) ) GLOBAL_UNIT_ASSIGNED_CONTEXT ( ( #6651, #5188, #1245 ) ) REPRESENTATION_CONTEXT ( 'NONE', 'WORKASPACE' ) );
#5549 = VECTOR ( 'NONE', #3445, 1000.000000000000000 ) ;
#5550 = VECTOR ( 'NONE', #6779, 1000.000000000000000 ) ;
#5551 = CIRCLE ( 'NONE', #2648, 0.2999999999999999334 ) ;
#5552 = COLOUR_RGB ( '',0.7529411764705882248, 0.7529411764705882248, 0.7529411764705882248 ) ;
#5553 = VECTOR ( 'NONE', #4452, 1000.000000000000000 ) ;
#5554 = CIRCLE ( 'NONE', #1193, 0.3000000000000000444 ) ;
#5555 = LINE ( 'NONE', #6310, #5662 ) ;
#5556 = CARTESIAN_POINT ( 'NONE',  ( 12.15000000000000036, 3.050000000000000266, -8.300000000000000711 ) ) ;
#5557 = LINE ( 'NONE', #6271, #4549 ) ;
#5558 = CARTESIAN_POINT ( 'NONE',  ( 12.75000000000000178, 3.250000000000000000, -0.2000000000000000111 ) ) ;
#5559 = DIRECTION ( 'NONE',  ( 1.000000000000000000, 0.000000000000000000, 0.000000000000000000 ) ) ;
#5560 = VERTEX_POINT ( 'NONE', #7275 ) ;
#5561 = ORIENTED_EDGE ( 'NONE', *, *, #2644, .T. ) ;
#5562 = VECTOR ( 'NONE', #7580, 1000.000000000000000 ) ;
#5563 = AXIS2_PLACEMENT_3D ( 'NONE', #6886, #7728, #9926 ) ;
#5564 = CARTESIAN_POINT ( 'NONE',  ( 14.95000000000000107, 0.000000000000000000, -9.199999999999999289 ) ) ;
#5565 = COLOUR_RGB ( '',0.7529411764705882248, 0.7529411764705882248, 0.7529411764705882248 ) ;
#5566 = CARTESIAN_POINT ( 'NONE',  ( 17.44999999999999929, 0.000000000000000000, -9.199999999999999289 ) ) ;
#5567 = CARTESIAN_POINT ( 'NONE',  ( 7.750000000000000000, 3.649999999999999911, -6.200000000000000178 ) ) ;
#5568 = AXIS2_PLACEMENT_3D ( 'NONE', #1679, #7842, #5476 ) ;
#5569 =( LENGTH_UNIT ( ) NAMED_UNIT ( * ) SI_UNIT ( .MILLI., .METRE. ) );
#5570 = AXIS2_PLACEMENT_3D ( 'NONE', #8947, #641, #452 ) ;
#5571 = PRESENTATION_STYLE_ASSIGNMENT (( #2495 ) ) ;
#5572 = PLANE ( 'NONE',  #7336 ) ;
#5573 = STYLED_ITEM ( 'NONE', ( #9479 ), #2402 ) ;
#5574 = CARTESIAN_POINT ( 'NONE',  ( 12.48333333333333250, 3.316666666666667318, -0.06666666666666629104 ) ) ;
#5575 = LINE ( 'NONE', #4166, #4081 ) ;
#5576 = ORIENTED_EDGE ( 'NONE', *, *, #3886, .F. ) ;
#5577 = DIRECTION ( 'NONE',  ( 0.000000000000000000, 0.7071067811865453523, -0.7071067811865496822 ) ) ;
#5578 = ORIENTED_EDGE ( 'NONE', *, *, #8235, .F. ) ;
#5579 = SURFACE_STYLE_FILL_AREA ( #6243 ) ;
#5580 =( GEOMETRIC_REPRESENTATION_CONTEXT ( 3 ) GLOBAL_UNCERTAINTY_ASSIGNED_CONTEXT ( ( #7140 ) ) GLOBAL_UNIT_ASSIGNED_CONTEXT ( ( #8011, #2420, #8543 ) ) REPRESENTATION_CONTEXT ( 'NONE', 'WORKASPACE' ) );
#5581 = EDGE_LOOP ( 'NONE', ( #515, #2387, #7813, #4938, #1417 ) ) ;
#5582 = MECHANICAL_DESIGN_GEOMETRIC_PRESENTATION_REPRESENTATION (  '', ( #5746 ), #8761 ) ;
#5583 =( NAMED_UNIT ( * ) SI_UNIT ( $, .STERADIAN. ) SOLID_ANGLE_UNIT ( ) );
#5584 = ADVANCED_FACE ( 'NONE', ( #3454 ), #7881, .T. ) ;
#5585 = DIRECTION ( 'NONE',  ( -0.000000000000000000, 1.000000000000000000, 0.000000000000000000 ) ) ;
#5586 = FACE_BOUND ( 'NONE', #5975, .T. ) ;
#5587 = COLOUR_RGB ( '',0.7529411764705882248, 0.7529411764705882248, 0.7529411764705882248 ) ;
#5588 =( LENGTH_UNIT ( ) NAMED_UNIT ( * ) SI_UNIT ( .MILLI., .METRE. ) );
#5589 = LINE ( 'NONE', #1033, #7665 ) ;
#5590 = ORIENTED_EDGE ( 'NONE', *, *, #2560, .F. ) ;
#5591 = ADVANCED_FACE ( 'NONE', ( #6382 ), #9417, .T. ) ;
#5592 = STYLED_ITEM ( 'NONE', ( #534 ), #7025 ) ;
#5593 = PRESENTATION_LAYER_ASSIGNMENT (  '', '', ( #9261 ) ) ;
#5594 = CARTESIAN_POINT ( 'NONE',  ( 2.150000000000000355, 3.050000000000000266, -0.2000000000000000111 ) ) ;
#5595 = EDGE_CURVE ( 'NONE', #2199, #9603, #5554, .T. ) ;
#5596 = CARTESIAN_POINT ( 'NONE',  ( 4.650000000000000355, 3.649999999999999911, -0.2000000000000000111 ) ) ;
#5597 =( NAMED_UNIT ( * ) PLANE_ANGLE_UNIT ( ) SI_UNIT ( $, .RADIAN. ) );
#5598 = VECTOR ( 'NONE', #3785, 1000.000000000000000 ) ;
#5599 = DIRECTION ( 'NONE',  ( 0.000000000000000000, 0.000000000000000000, -1.000000000000000000 ) ) ;
#5600 = SURFACE_STYLE_USAGE ( .BOTH. , #2527 ) ;
#5601 = VERTEX_POINT ( 'NONE', #5930 ) ;
#5602 = EDGE_CURVE ( 'NONE', #7902, #2061, #1310, .T. ) ;
#5603 = ORIENTED_EDGE ( 'NONE', *, *, #7261, .T. ) ;
#5604 = CARTESIAN_POINT ( 'NONE',  ( 19.95000000000000284, 0.000000000000000000, -9.199999999999999289 ) ) ;
#5605 = SURFACE_STYLE_FILL_AREA ( #4334 ) ;
#5606 = PRESENTATION_LAYER_ASSIGNMENT (  '', '', ( #8014 ) ) ;
#5607 = DIRECTION ( 'NONE',  ( 0.000000000000000000, -0.000000000000000000, -1.000000000000000000 ) ) ;
#5608 = DIRECTION ( 'NONE',  ( -1.000000000000000000, -0.000000000000000000, -0.000000000000000000 ) ) ;
#5609 = SURFACE_STYLE_USAGE ( .BOTH. , #7106 ) ;
#5610 = DIRECTION ( 'NONE',  ( 0.000000000000000000, -1.000000000000000000, 0.000000000000000000 ) ) ;
#5611 = CARTESIAN_POINT ( 'NONE',  ( 2.150000000000000355, 3.649999999999999911, -0.4000000000000009104 ) ) ;
#5612 = VERTEX_POINT ( 'NONE', #2730 ) ;
#5613 = EDGE_CURVE ( 'NONE', #1778, #7614, #9387, .T. ) ;
#5614 = APPLICATION_PROTOCOL_DEFINITION ( 'draft international standard', 'automotive_design', 1998, #2111 ) ;
#5615 = ORIENTED_EDGE ( 'NONE', *, *, #5156, .F. ) ;
#5616 =( NAMED_UNIT ( * ) SI_UNIT ( $, .STERADIAN. ) SOLID_ANGLE_UNIT ( ) );
#5617 = CARTESIAN_POINT ( 'NONE',  ( 5.250000000000000000, 3.649999999999999911, -8.300000000000000711 ) ) ;
#5618 = DIRECTION ( 'NONE',  ( 1.000000000000000000, 0.000000000000000000, 0.000000000000000000 ) ) ;
#5619 = UNCERTAINTY_MEASURE_WITH_UNIT (LENGTH_MEASURE( 1.000000000000000082E-05 ), #9284, 'distance_accuracy_value', 'NONE');
#5620 = DIRECTION ( 'NONE',  ( 0.000000000000000000, -1.000000000000000000, 0.000000000000000000 ) ) ;
#5621 = FILL_AREA_STYLE_COLOUR ( '', #31 ) ;
#5622 = LINE ( 'NONE', #219, #4590 ) ;
#5623 = SURFACE_STYLE_FILL_AREA ( #1012 ) ;
#5624 =( NAMED_UNIT ( * ) PLANE_ANGLE_UNIT ( ) SI_UNIT ( $, .RADIAN. ) );
#5625 = VERTEX_POINT ( 'NONE', #6617 ) ;
#5626 = VERTEX_POINT ( 'NONE', #4462 ) ;
#5627 = LINE ( 'NONE', #3214, #9712 ) ;
#5628 = VERTEX_POINT ( 'NONE', #9656 ) ;
#5629 = PRESENTATION_STYLE_ASSIGNMENT (( #6335 ) ) ;
#5630 = DIRECTION ( 'NONE',  ( 0.000000000000000000, 0.000000000000000000, -1.000000000000000000 ) ) ;
#5631 = CARTESIAN_POINT ( 'NONE',  ( 2.150000000000000355, 2.449999999999999734, -9.500000000000000000 ) ) ;
#5632 = UNCERTAINTY_MEASURE_WITH_UNIT (LENGTH_MEASURE( 1.000000000000000082E-05 ), #3728, 'distance_accuracy_value', 'NONE');
#5633 = SURFACE_STYLE_USAGE ( .BOTH. , #2555 ) ;
#5634 = VERTEX_POINT ( 'NONE', #4262 ) ;
#5635 = DIRECTION ( 'NONE',  ( 0.000000000000000000, 0.000000000000000000, -1.000000000000000000 ) ) ;
#5636 = SURFACE_SIDE_STYLE ('',( #9234 ) ) ;
#5637 = ORIENTED_EDGE ( 'NONE', *, *, #7071, .F. ) ;
#5638 = DIRECTION ( 'NONE',  ( -0.5773502691896225114, 0.5773502691896255090, 0.5773502691896291728 ) ) ;
#5639 = FILL_AREA_STYLE_COLOUR ( '', #3178 ) ;
#5640 = PRESENTATION_LAYER_ASSIGNMENT (  '', '', ( #8041 ) ) ;
#5641 = SURFACE_STYLE_FILL_AREA ( #2563 ) ;
#5642 = VECTOR ( 'NONE', #9290, 1000.000000000000000 ) ;
#5643 = EDGE_CURVE ( 'NONE', #6118, #9616, #6031, .T. ) ;
#5644 = SURFACE_STYLE_USAGE ( .BOTH. , #2565 ) ;
#5645 = VERTEX_POINT ( 'NONE', #4400 ) ;
#5646 = EDGE_LOOP ( 'NONE', ( #9732, #6969, #5475, #1300 ) ) ;
#5647 = CARTESIAN_POINT ( 'NONE',  ( 2.450000000000000178, 0.000000000000000000, -9.199999999999999289 ) ) ;
#5648 = CARTESIAN_POINT ( 'NONE',  ( 0.8000000000000004885, 3.649999999999999911, -6.200000000000000178 ) ) ;
#5649 = EDGE_CURVE ( 'NONE', #6261, #8861, #5820, .T. ) ;
#5650 = PRESENTATION_STYLE_ASSIGNMENT (( #6641 ) ) ;
#5652 = FACE_OUTER_BOUND ( 'NONE', #774, .T. ) ;
#5651 = AXIS2_PLACEMENT_3D ( 'NONE', #7393, #2811, #5902 ) ;
#5653 = PLANE ( 'NONE',  #3975 ) ;
#5654 = LINE ( 'NONE', #6414, #4577 ) ;
#5655 = EDGE_CURVE ( 'NONE', #5309, #3059, #2122, .T. ) ;
#5656 =( NAMED_UNIT ( * ) PLANE_ANGLE_UNIT ( ) SI_UNIT ( $, .RADIAN. ) );
#5657 = EDGE_CURVE ( 'NONE', #968, #1973, #5060, .T. ) ;
#5658 = CARTESIAN_POINT ( 'NONE',  ( 4.650000000000000355, 3.649999999999999911, -0.4000000000000009104 ) ) ;
#5659 = FILL_AREA_STYLE_COLOUR ( '', #6057 ) ;
#5660 = ORIENTED_EDGE ( 'NONE', *, *, #5665, .T. ) ;
#5661 = VERTEX_POINT ( 'NONE', #5773 ) ;
#5662 = VECTOR ( 'NONE', #9346, 1000.000000000000000 ) ;
#5663 = LINE ( 'NONE', #1062, #5549 ) ;
#5664 = CARTESIAN_POINT ( 'NONE',  ( 15.05000000000000071, 3.050000000000000266, -0.2000000000000000111 ) ) ;
#5665 = EDGE_CURVE ( 'NONE', #9765, #6213, #4316, .T. ) ;
#5666 = PRESENTATION_LAYER_ASSIGNMENT (  '', '', ( #8687 ) ) ;
#5667 = FILL_AREA_STYLE ('',( #2493 ) ) ;
#5668 = DIRECTION ( 'NONE',  ( 0.000000000000000000, 0.000000000000000000, -1.000000000000000000 ) ) ;
#5669 =( NAMED_UNIT ( * ) PLANE_ANGLE_UNIT ( ) SI_UNIT ( $, .RADIAN. ) );
#5670 = STYLED_ITEM ( 'NONE', ( #7156 ), #1454 ) ;
#5671 = ORIENTED_EDGE ( 'NONE', *, *, #3028, .F. ) ;
#5672 =( LENGTH_UNIT ( ) NAMED_UNIT ( * ) SI_UNIT ( .MILLI., .METRE. ) );
#5673 = ORIENTED_EDGE ( 'NONE', *, *, #8004, .F. ) ;
#5674 = ORIENTED_EDGE ( 'NONE', *, *, #8811, .T. ) ;
#5675 = VECTOR ( 'NONE', #8132, 1000.000000000000000 ) ;
#5676 = FILL_AREA_STYLE ('',( #2033 ) ) ;
#5677 = FACE_OUTER_BOUND ( 'NONE', #9595, .T. ) ;
#5678 = LINE ( 'NONE', #1828, #6866 ) ;
#5679 =( GEOMETRIC_REPRESENTATION_CONTEXT ( 3 ) GLOBAL_UNCERTAINTY_ASSIGNED_CONTEXT ( ( #7553 ) ) GLOBAL_UNIT_ASSIGNED_CONTEXT ( ( #2252, #144, #4529 ) ) REPRESENTATION_CONTEXT ( 'NONE', 'WORKASPACE' ) );
#5680 = CARTESIAN_POINT ( 'NONE',  ( 0.8000000000000004885, 6.099999999999999645, -6.200000000000000178 ) ) ;
#5681 =( LENGTH_UNIT ( ) NAMED_UNIT ( * ) SI_UNIT ( .MILLI., .METRE. ) );
#5682 = ORIENTED_EDGE ( 'NONE', *, *, #6712, .T. ) ;
#5683 = ORIENTED_EDGE ( 'NONE', *, *, #5176, .F. ) ;
#5684 = PRESENTATION_LAYER_ASSIGNMENT (  '', '', ( #3928 ) ) ;
#5685 = LINE ( 'NONE', #4791, #1532 ) ;
#5686 = LINE ( 'NONE', #1842, #3891 ) ;
#5687 = AXIS2_PLACEMENT_3D ( 'NONE', #9070, #624, #1423 ) ;
#5688 = SURFACE_SIDE_STYLE ('',( #1238 ) ) ;
#5689 = FACE_OUTER_BOUND ( 'NONE', #9699, .T. ) ;
#5690 = CARTESIAN_POINT ( 'NONE',  ( 12.75000000000000178, 2.449999999999999734, -9.500000000000000000 ) ) ;
#5691 = ORIENTED_EDGE ( 'NONE', *, *, #1560, .F. ) ;
#5692 = ORIENTED_EDGE ( 'NONE', *, *, #5325, .F. ) ;
#5693 = PLANE ( 'NONE',  #577 ) ;
#5694 = PRESENTATION_STYLE_ASSIGNMENT (( #4046 ) ) ;
#5695 = AXIS2_PLACEMENT_3D ( 'NONE', #6816, #8469, #7765 ) ;
#5696 = AXIS2_PLACEMENT_3D ( 'NONE', #140, #9462, #1068 ) ;
#5697 = LINE ( 'NONE', #2614, #8908 ) ;
#5698 = EDGE_CURVE ( 'NONE', #2676, #4507, #8220, .T. ) ;
#5699 =( NAMED_UNIT ( * ) SI_UNIT ( $, .STERADIAN. ) SOLID_ANGLE_UNIT ( ) );
#5700 = LINE ( 'NONE', #8064, #9004 ) ;
#5701 = DIRECTION ( 'NONE',  ( -1.000000000000000000, -0.000000000000000000, -0.000000000000000000 ) ) ;
#5702 = AXIS2_PLACEMENT_3D ( 'NONE', #1909, #7312, #349 ) ;
#5703 = PRESENTATION_LAYER_ASSIGNMENT (  '', '', ( #3796 ) ) ;
#5704 = LINE ( 'NONE', #2765, #8826 ) ;
#5705 = EDGE_CURVE ( 'NONE', #555, #6622, #5204, .T. ) ;
#5706 = COLOUR_RGB ( '',0.7529411764705882248, 0.7529411764705882248, 0.7529411764705882248 ) ;
#5707 =( NAMED_UNIT ( * ) PLANE_ANGLE_UNIT ( ) SI_UNIT ( $, .RADIAN. ) );
#5708 =( NAMED_UNIT ( * ) SI_UNIT ( $, .STERADIAN. ) SOLID_ANGLE_UNIT ( ) );
#5709 = VERTEX_POINT ( 'NONE', #7471 ) ;
#5710 = ORIENTED_EDGE ( 'NONE', *, *, #6958, .F. ) ;
#5711 = VECTOR ( 'NONE', #3503, 1000.000000000000000 ) ;
#5712 = DIRECTION ( 'NONE',  ( 1.000000000000000000, 0.000000000000000000, 0.000000000000000000 ) ) ;
#5713 = PRESENTATION_LAYER_ASSIGNMENT (  '', '', ( #3137 ) ) ;
#5714 = FACE_OUTER_BOUND ( 'NONE', #5014, .T. ) ;
#5715 = STYLED_ITEM ( 'NONE', ( #8090 ), #4563 ) ;
#5716 = VECTOR ( 'NONE', #8168, 1000.000000000000000 ) ;
#5717 = ADVANCED_FACE ( 'NONE', ( #8912 ), #7332, .T. ) ;
#5718 = AXIS2_PLACEMENT_3D ( 'NONE', #7857, #5539, #7897 ) ;
#5719 = FACE_OUTER_BOUND ( 'NONE', #8158, .T. ) ;
#5720 = UNCERTAINTY_MEASURE_WITH_UNIT (LENGTH_MEASURE( 1.000000000000000082E-05 ), #7896, 'distance_accuracy_value', 'NONE');
#5721 = DIRECTION ( 'NONE',  ( 1.000000000000000000, 0.000000000000000000, 0.000000000000000000 ) ) ;
#5722 = DIRECTION ( 'NONE',  ( 0.000000000000000000, 1.000000000000000000, 0.000000000000000000 ) ) ;
#5723 = VECTOR ( 'NONE', #2657, 1000.000000000000000 ) ;
#5724 =( NAMED_UNIT ( * ) SI_UNIT ( $, .STERADIAN. ) SOLID_ANGLE_UNIT ( ) );
#5725 = ADVANCED_FACE ( 'NONE', ( #2326 ), #4554, .T. ) ;
#5726 = VECTOR ( 'NONE', #9120, 1000.000000000000000 ) ;
#5727 = LINE ( 'NONE', #4212, #9681 ) ;
#5728 = EDGE_LOOP ( 'NONE', ( #4832, #6027, #8372, #300 ) ) ;
#5729 = DIRECTION ( 'NONE',  ( -1.000000000000000000, 0.000000000000000000, 0.000000000000000000 ) ) ;
#5730 = MECHANICAL_DESIGN_GEOMETRIC_PRESENTATION_REPRESENTATION (  '', ( #3640 ), #1049 ) ;
#5731 = VECTOR ( 'NONE', #8300, 1000.000000000000000 ) ;
#5732 = VERTEX_POINT ( 'NONE', #3048 ) ;
#5733 = EDGE_CURVE ( 'NONE', #4035, #8718, #858, .T. ) ;
#5734 = ORIENTED_EDGE ( 'NONE', *, *, #9322, .T. ) ;
#5735 = CARTESIAN_POINT ( 'NONE',  ( 12.55000000000000249, 3.250000000000000000, -0.2000000000000000111 ) ) ;
#5736 = VECTOR ( 'NONE', #119, 1000.000000000000000 ) ;
#5737 = CARTESIAN_POINT ( 'NONE',  ( 7.550000000000000711, 3.450000000000000178, -0.2000000000000000111 ) ) ;
#5738 = COLOUR_RGB ( '',0.7529411764705882248, 0.7529411764705882248, 0.7529411764705882248 ) ;
#5739 =( GEOMETRIC_REPRESENTATION_CONTEXT ( 3 ) GLOBAL_UNCERTAINTY_ASSIGNED_CONTEXT ( ( #6422 ) ) GLOBAL_UNIT_ASSIGNED_CONTEXT ( ( #4149, #2617, #1399 ) ) REPRESENTATION_CONTEXT ( 'NONE', 'WORKASPACE' ) );
#5740 = LINE ( 'NONE', #475, #3995 ) ;
#5741 = UNCERTAINTY_MEASURE_WITH_UNIT (LENGTH_MEASURE( 1.000000000000000082E-05 ), #9044, 'distance_accuracy_value', 'NONE');
#5742 = COLOUR_RGB ( '',0.7529411764705882248, 0.7529411764705882248, 0.7529411764705882248 ) ;
#5743 =( NAMED_UNIT ( * ) SI_UNIT ( $, .STERADIAN. ) SOLID_ANGLE_UNIT ( ) );
#5744 = STYLED_ITEM ( 'NONE', ( #4092 ), #3087 ) ;
#5745 = VERTEX_POINT ( 'NONE', #2943 ) ;
#5746 = STYLED_ITEM ( 'NONE', ( #8821 ), #6616 ) ;
#5747 =( LENGTH_UNIT ( ) NAMED_UNIT ( * ) SI_UNIT ( .MILLI., .METRE. ) );
#5748 = VERTEX_POINT ( 'NONE', #770 ) ;
#5749 = CARTESIAN_POINT ( 'NONE',  ( 21.60000000000000142, 5.099999999999999645, -7.000000000000001776 ) ) ;
#5750 = CARTESIAN_POINT ( 'NONE',  ( 5.250000000000000000, 3.050000000000000266, -0.4000000000000010214 ) ) ;
#5751 = FILL_AREA_STYLE_COLOUR ( '', #2651 ) ;
#5752 = PLANE ( 'NONE',  #4387 ) ;
#5753 = CARTESIAN_POINT ( 'NONE',  ( 10.25000000000000000, 3.450000000000000178, -0.2000000000000000111 ) ) ;
#5754 = LINE ( 'NONE', #492, #718 ) ;
#5755 = ORIENTED_EDGE ( 'NONE', *, *, #3929, .T. ) ;
#5756 = ORIENTED_EDGE ( 'NONE', *, *, #3269, .T. ) ;
#5757 = CARTESIAN_POINT ( 'NONE',  ( 0.8000000000000004885, 3.649999999999999911, -6.200000000000000178 ) ) ;
#5758 = AXIS2_PLACEMENT_3D ( 'NONE', #3496, #5146, #1904 ) ;
#5759 = CARTESIAN_POINT ( 'NONE',  ( 2.150000000000000355, 3.050000000000000266, -0.2000000000000000111 ) ) ;
#5760 = VECTOR ( 'NONE', #4373, 1000.000000000000000 ) ;
#5761 = VECTOR ( 'NONE', #1883, 1000.000000000000000 ) ;
#5762 = UNCERTAINTY_MEASURE_WITH_UNIT (LENGTH_MEASURE( 1.000000000000000082E-05 ), #8650, 'distance_accuracy_value', 'NONE');
#5763 = DIRECTION ( 'NONE',  ( 1.000000000000000000, 0.000000000000000000, 0.000000000000000000 ) ) ;
#5764 = CARTESIAN_POINT ( 'NONE',  ( 12.15000000000000036, 3.649999999999999911, -0.2000000000000000111 ) ) ;
#5765 = ORIENTED_EDGE ( 'NONE', *, *, #230, .T. ) ;
#5766 = VERTEX_POINT ( 'NONE', #6022 ) ;
#5767 = ADVANCED_FACE ( 'NONE', ( #6228 ), #1569, .T. ) ;
#5768 = CIRCLE ( 'NONE', #1400, 0.2999999999999999334 ) ;
#5769 =( NAMED_UNIT ( * ) PLANE_ANGLE_UNIT ( ) SI_UNIT ( $, .RADIAN. ) );
#5770 = CARTESIAN_POINT ( 'NONE',  ( 12.75000000000000178, -1.084202172485504434E-16, -8.900000000000000355 ) ) ;
#5771 = CARTESIAN_POINT ( 'NONE',  ( 2.450000000000000178, -2.000000000000000000, -9.199999999999999289 ) ) ;
#5772 =( NAMED_UNIT ( * ) SI_UNIT ( $, .STERADIAN. ) SOLID_ANGLE_UNIT ( ) );
#5774 = VECTOR ( 'NONE', #6557, 1000.000000000000000 ) ;
#5773 = CARTESIAN_POINT ( 'NONE',  ( 9.650000000000000355, -1.084202172485504434E-16, -9.500000000000000000 ) ) ;
#5775 = SURFACE_SIDE_STYLE ('',( #9567 ) ) ;
#5776 = ORIENTED_EDGE ( 'NONE', *, *, #3767, .T. ) ;
#5777 = FILL_AREA_STYLE ('',( #1264 ) ) ;
#5778 = VERTEX_POINT ( 'NONE', #75 ) ;
#5779 = EDGE_CURVE ( 'NONE', #3853, #5748, #3396, .T. ) ;
#5780 = ORIENTED_EDGE ( 'NONE', *, *, #3262, .T. ) ;
#5781 = DIRECTION ( 'NONE',  ( -1.000000000000000000, -0.000000000000000000, 0.000000000000000000 ) ) ;
#5782 = FILL_AREA_STYLE ('',( #2690 ) ) ;
#5783 = DIRECTION ( 'NONE',  ( 0.000000000000000000, 1.000000000000000000, 0.000000000000000000 ) ) ;
#5784 = ADVANCED_FACE ( 'NONE', ( #8748 ), #4809, .T. ) ;
#5785 = SURFACE_STYLE_USAGE ( .BOTH. , #7137 ) ;
#5786 = FACE_BOUND ( 'NONE', #1118, .T. ) ;
#5787 = SURFACE_SIDE_STYLE ('',( #6628 ) ) ;
#5788 = DIRECTION ( 'NONE',  ( -1.000000000000000000, -0.000000000000000000, -0.000000000000000000 ) ) ;
#5789 = ORIENTED_EDGE ( 'NONE', *, *, #7426, .F. ) ;
#5790 = DIRECTION ( 'NONE',  ( 1.000000000000000000, 0.000000000000000000, 0.000000000000000000 ) ) ;
#5791 = EDGE_CURVE ( 'NONE', #6575, #2795, #4900, .T. ) ;
#5792 = EDGE_CURVE ( 'NONE', #7794, #3098, #1858, .T. ) ;
#5793 = CARTESIAN_POINT ( 'NONE',  ( 17.14999999999999858, 3.649999999999999911, -8.300000000000000711 ) ) ;
#5794 = EDGE_LOOP ( 'NONE', ( #5879, #6636, #7269, #8274 ) ) ;
#5795 = LINE ( 'NONE', #8096, #8280 ) ;
#5796 = LINE ( 'NONE', #9632, #5760 ) ;
#5797 = SURFACE_STYLE_FILL_AREA ( #446 ) ;
#5798 =( NAMED_UNIT ( * ) SI_UNIT ( $, .STERADIAN. ) SOLID_ANGLE_UNIT ( ) );
#5799 = EDGE_CURVE ( 'NONE', #427, #671, #6272, .T. ) ;
#5800 = CARTESIAN_POINT ( 'NONE',  ( 10.25000000000000000, -1.084202172485504434E-16, -9.500000000000000000 ) ) ;
#5801 = DIRECTION ( 'NONE',  ( 0.000000000000000000, -1.000000000000000000, 0.000000000000000000 ) ) ;
#5802 = DIRECTION ( 'NONE',  ( 0.000000000000000000, -1.000000000000000000, 0.000000000000000000 ) ) ;
#5803 = ORIENTED_EDGE ( 'NONE', *, *, #1442, .F. ) ;
#5804 = SURFACE_STYLE_USAGE ( .BOTH. , #2714 ) ;
#5805 = DIRECTION ( 'NONE',  ( 0.000000000000000000, 0.000000000000000000, -1.000000000000000000 ) ) ;
#5806 = CIRCLE ( 'NONE', #4041, 0.2999999999999999334 ) ;
#5807 = DIRECTION ( 'NONE',  ( -1.000000000000000000, -0.000000000000000000, -0.000000000000000000 ) ) ;
#5808 = FILL_AREA_STYLE_COLOUR ( '', #1175 ) ;
#5809 = DIRECTION ( 'NONE',  ( -0.000000000000000000, -1.000000000000000000, -0.000000000000000000 ) ) ;
#5810 = VERTEX_POINT ( 'NONE', #2427 ) ;
#5811 = ORIENTED_EDGE ( 'NONE', *, *, #4978, .T. ) ;
#5812 = VECTOR ( 'NONE', #2297, 1000.000000000000000 ) ;
#5813 =( NAMED_UNIT ( * ) PLANE_ANGLE_UNIT ( ) SI_UNIT ( $, .RADIAN. ) );
#5814 = CARTESIAN_POINT ( 'NONE',  ( 2.750000000000000444, 3.649999999999999911, -6.200000000000000178 ) ) ;
#5815 = CARTESIAN_POINT ( 'NONE',  ( 17.44999999999999929, -2.000000000000000000, -9.199999999999999289 ) ) ;
#5816 = UNCERTAINTY_MEASURE_WITH_UNIT (LENGTH_MEASURE( 1.000000000000000082E-05 ), #8538, 'distance_accuracy_value', 'NONE');
#5817 = CARTESIAN_POINT ( 'NONE',  ( 9.950000000000001066, 0.000000000000000000, -9.199999999999999289 ) ) ;
#5818 = CARTESIAN_POINT ( 'NONE',  ( 2.150000000000000355, 6.099999999999999645, -6.200000000000000178 ) ) ;
#5819 = FILL_AREA_STYLE ('',( #8077 ) ) ;
#5820 = LINE ( 'NONE', #6671, #7150 ) ;
#5821 = PRESENTATION_STYLE_ASSIGNMENT (( #3605 ) ) ;
#5822 = VERTEX_POINT ( 'NONE', #1656 ) ;
#5823 = ORIENTED_EDGE ( 'NONE', *, *, #8289, .F. ) ;
#5824 = VERTEX_POINT ( 'NONE', #5611 ) ;
#5825 = LINE ( 'NONE', #5068, #4723 ) ;
#5826 = CARTESIAN_POINT ( 'NONE',  ( 15.05000000000000071, 3.050000000000000266, -0.2000000000000000111 ) ) ;
#5827 = DIRECTION ( 'NONE',  ( 1.000000000000000000, -0.000000000000000000, -0.000000000000000000 ) ) ;
#5828 = FACE_BOUND ( 'NONE', #4227, .T. ) ;
#5829 = UNCERTAINTY_MEASURE_WITH_UNIT (LENGTH_MEASURE( 1.000000000000000082E-05 ), #595, 'distance_accuracy_value', 'NONE');
#5830 = EDGE_CURVE ( 'NONE', #7568, #3836, #3292, .T. ) ;
#5831 = SURFACE_SIDE_STYLE ('',( #5986 ) ) ;
#5832 = ORIENTED_EDGE ( 'NONE', *, *, #1935, .F. ) ;
#5833 = DIRECTION ( 'NONE',  ( 1.000000000000000000, 0.000000000000000000, 0.000000000000000000 ) ) ;
#5834 = EDGE_CURVE ( 'NONE', #4779, #8976, #4012, .T. ) ;
#5835 = LINE ( 'NONE', #8781, #3826 ) ;
#5836 = ORIENTED_EDGE ( 'NONE', *, *, #6392, .T. ) ;
#5837 = SURFACE_STYLE_USAGE ( .BOTH. , #8876 ) ;
#5838 = STYLED_ITEM ( 'NONE', ( #1598 ), #1461 ) ;
#5839 = SURFACE_STYLE_USAGE ( .BOTH. , #2752 ) ;
#5840 = EDGE_CURVE ( 'NONE', #9765, #3367, #953, .T. ) ;
#5841 =( NAMED_UNIT ( * ) SI_UNIT ( $, .STERADIAN. ) SOLID_ANGLE_UNIT ( ) );
#5842 = AXIS2_PLACEMENT_3D ( 'NONE', #4987, #7349, #8938 ) ;
#5843 =( NAMED_UNIT ( * ) PLANE_ANGLE_UNIT ( ) SI_UNIT ( $, .RADIAN. ) );
#5844 = DIRECTION ( 'NONE',  ( 0.000000000000000000, -1.000000000000000000, 0.000000000000000000 ) ) ;
#5845 = CIRCLE ( 'NONE', #7768, 1.199999999999999734 ) ;
#5846 = CARTESIAN_POINT ( 'NONE',  ( 2.750000000000000444, 3.050000000000000266, -8.300000000000000711 ) ) ;
#5847 = DIRECTION ( 'NONE',  ( -1.000000000000000000, -0.000000000000000000, 0.000000000000000000 ) ) ;
#5848 = VERTEX_POINT ( 'NONE', #5658 ) ;
#5849 =( LENGTH_UNIT ( ) NAMED_UNIT ( * ) SI_UNIT ( .MILLI., .METRE. ) );
#5850 = SURFACE_STYLE_USAGE ( .BOTH. , #341 ) ;
#5851 = EDGE_CURVE ( 'NONE', #1165, #4673, #7172, .T. ) ;
#5852 = COLOUR_RGB ( '',0.7529411764705882248, 0.7529411764705882248, 0.7529411764705882248 ) ;
#5853 = FILL_AREA_STYLE ('',( #4298 ) ) ;
#5854 =( NAMED_UNIT ( * ) PLANE_ANGLE_UNIT ( ) SI_UNIT ( $, .RADIAN. ) );
#5855 = SURFACE_SIDE_STYLE ('',( #8207 ) ) ;
#5856 = CARTESIAN_POINT ( 'NONE',  ( 0.8000000000000000444, 6.099999999999999645, -11.50000000000000000 ) ) ;
#5857 = CARTESIAN_POINT ( 'NONE',  ( 0.8000000000000004885, 3.050000000000000266, -6.200000000000000178 ) ) ;
#5858 = FACE_OUTER_BOUND ( 'NONE', #5015, .T. ) ;
#5859 = ORIENTED_EDGE ( 'NONE', *, *, #9359, .F. ) ;
#5860 = EDGE_LOOP ( 'NONE', ( #3518, #9351, #5673, #3540, #5933, #5389, #5561, #2347, #4477 ) ) ;
#5861 = MECHANICAL_DESIGN_GEOMETRIC_PRESENTATION_REPRESENTATION (  '', ( #8720 ), #3643 ) ;
#5862 =( GEOMETRIC_REPRESENTATION_CONTEXT ( 3 ) GLOBAL_UNCERTAINTY_ASSIGNED_CONTEXT ( ( #5218 ) ) GLOBAL_UNIT_ASSIGNED_CONTEXT ( ( #4207, #8906, #7413 ) ) REPRESENTATION_CONTEXT ( 'NONE', 'WORKASPACE' ) );
#5863 = VECTOR ( 'NONE', #1320, 1000.000000000000114 ) ;
#5864 = CARTESIAN_POINT ( 'NONE',  ( 14.65000000000000213, 3.649999999999999911, -8.300000000000000711 ) ) ;
#5865 =( GEOMETRIC_REPRESENTATION_CONTEXT ( 3 ) GLOBAL_UNCERTAINTY_ASSIGNED_CONTEXT ( ( #2212 ) ) GLOBAL_UNIT_ASSIGNED_CONTEXT ( ( #4220, #6030, #8327 ) ) REPRESENTATION_CONTEXT ( 'NONE', 'WORKASPACE' ) );
#5866 = LINE ( 'NONE', #8904, #4967 ) ;
#5868 = PRESENTATION_STYLE_ASSIGNMENT (( #358 ) ) ;
#5867 = VECTOR ( 'NONE', #4101, 1000.000000000000114 ) ;
#5869 =( GEOMETRIC_REPRESENTATION_CONTEXT ( 3 ) GLOBAL_UNCERTAINTY_ASSIGNED_CONTEXT ( ( #9016 ) ) GLOBAL_UNIT_ASSIGNED_CONTEXT ( ( #9738, #9031, #5140 ) ) REPRESENTATION_CONTEXT ( 'NONE', 'WORKASPACE' ) );
#5870 = VECTOR ( 'NONE', #4246, 1000.000000000000000 ) ;
#5871 = FILL_AREA_STYLE ('',( #7230 ) ) ;
#5872 = DIRECTION ( 'NONE',  ( -0.000000000000000000, 1.000000000000000000, -0.000000000000000000 ) ) ;
#5873 = LINE ( 'NONE', #5059, #5675 ) ;
#5874 =( LENGTH_UNIT ( ) NAMED_UNIT ( * ) SI_UNIT ( .MILLI., .METRE. ) );
#5875 = MECHANICAL_DESIGN_GEOMETRIC_PRESENTATION_REPRESENTATION (  '', ( #2496 ), #9693 ) ;
#5876 = EDGE_LOOP ( 'NONE', ( #3201, #3397, #1265, #2185 ) ) ;
#5877 = FILL_AREA_STYLE ('',( #2781 ) ) ;
#5878 = ORIENTED_EDGE ( 'NONE', *, *, #5036, .F. ) ;
#5879 = ORIENTED_EDGE ( 'NONE', *, *, #9328, .T. ) ;
#5880 = STYLED_ITEM ( 'NONE', ( #4343 ), #5911 ) ;
#5881 = AXIS2_PLACEMENT_3D ( 'NONE', #8441, #1546, #4638 ) ;
#5882 = AXIS2_PLACEMENT_3D ( 'NONE', #553, #6562, #4344 ) ;
#5883 =( GEOMETRIC_REPRESENTATION_CONTEXT ( 3 ) GLOBAL_UNCERTAINTY_ASSIGNED_CONTEXT ( ( #9727 ) ) GLOBAL_UNIT_ASSIGNED_CONTEXT ( ( #2815, #2708, #8730 ) ) REPRESENTATION_CONTEXT ( 'NONE', 'WORKASPACE' ) );
#5884 = LINE ( 'NONE', #3467, #221 ) ;
#5885 =( NAMED_UNIT ( * ) PLANE_ANGLE_UNIT ( ) SI_UNIT ( $, .RADIAN. ) );
#5886 = FILL_AREA_STYLE ('',( #6535 ) ) ;
#5887 = LINE ( 'NONE', #9771, #7464 ) ;
#5888 =( GEOMETRIC_REPRESENTATION_CONTEXT ( 3 ) GLOBAL_UNCERTAINTY_ASSIGNED_CONTEXT ( ( #3718 ) ) GLOBAL_UNIT_ASSIGNED_CONTEXT ( ( #4965, #6281, #9315 ) ) REPRESENTATION_CONTEXT ( 'NONE', 'WORKASPACE' ) );
#5889 = VECTOR ( 'NONE', #178, 1000.000000000000000 ) ;
#5890 = ORIENTED_EDGE ( 'NONE', *, *, #8468, .T. ) ;
#5891 = LINE ( 'NONE', #2796, #3802 ) ;
#5892 = FILL_AREA_STYLE_COLOUR ( '', #5254 ) ;
#5893 =( GEOMETRIC_REPRESENTATION_CONTEXT ( 3 ) GLOBAL_UNCERTAINTY_ASSIGNED_CONTEXT ( ( #1484 ) ) GLOBAL_UNIT_ASSIGNED_CONTEXT ( ( #2518, #3224, #7094 ) ) REPRESENTATION_CONTEXT ( 'NONE', 'WORKASPACE' ) );
#5894 = PRESENTATION_LAYER_ASSIGNMENT (  '', '', ( #247 ) ) ;
#5895 = VERTEX_POINT ( 'NONE', #1757 ) ;
#5896 = ADVANCED_FACE ( 'NONE', ( #209 ), #6371, .T. ) ;
#5897 = PLANE ( 'NONE',  #4307 ) ;
#5898 = VECTOR ( 'NONE', #3603, 1000.000000000000000 ) ;
#5899 = DIRECTION ( 'NONE',  ( -1.000000000000000000, 0.000000000000000000, 9.637352644315594010E-17 ) ) ;
#5900 = VECTOR ( 'NONE', #3020, 1000.000000000000000 ) ;
#5901 = DIRECTION ( 'NONE',  ( 0.000000000000000000, 0.000000000000000000, -1.000000000000000000 ) ) ;
#5902 = DIRECTION ( 'NONE',  ( 0.000000000000000000, 0.000000000000000000, -1.000000000000000000 ) ) ;
#5903 = FACE_OUTER_BOUND ( 'NONE', #5955, .T. ) ;
#5904 = CARTESIAN_POINT ( 'NONE',  ( 0.8000000000000000444, 5.299999999999998934, -11.50000000000000000 ) ) ;
#5905 =( GEOMETRIC_REPRESENTATION_CONTEXT ( 3 ) GLOBAL_UNCERTAINTY_ASSIGNED_CONTEXT ( ( #6055 ) ) GLOBAL_UNIT_ASSIGNED_CONTEXT ( ( #1540, #9931, #6687 ) ) REPRESENTATION_CONTEXT ( 'NONE', 'WORKASPACE' ) );
#5906 = DIRECTION ( 'NONE',  ( 0.000000000000000000, 0.7071067811865453523, -0.7071067811865496822 ) ) ;
#5907 = VERTEX_POINT ( 'NONE', #5193 ) ;
#5908 = EDGE_CURVE ( 'NONE', #3774, #1426, #2674, .T. ) ;
#5909 =( LENGTH_UNIT ( ) NAMED_UNIT ( * ) SI_UNIT ( .MILLI., .METRE. ) );
#5910 = PRESENTATION_LAYER_ASSIGNMENT (  '', '', ( #264 ) ) ;
#5911 = ADVANCED_FACE ( 'NONE', ( #7404 ), #4999, .F. ) ;
#5912 = FILL_AREA_STYLE ('',( #3742 ) ) ;
#5913 = FILL_AREA_STYLE ('',( #5046 ) ) ;
#5914 = FACE_OUTER_BOUND ( 'NONE', #7828, .T. ) ;
#5915 = AXIS2_PLACEMENT_3D ( 'NONE', #1156, #9460, #8804 ) ;
#5916 = CARTESIAN_POINT ( 'NONE',  ( 0.8000000000000004885, 0.000000000000000000, -7.000000000000000000 ) ) ;
#5917 = ORIENTED_EDGE ( 'NONE', *, *, #7120, .F. ) ;
#5918 = ORIENTED_EDGE ( 'NONE', *, *, #7268, .F. ) ;
#5919 = EDGE_CURVE ( 'NONE', #9928, #8850, #7476, .T. ) ;
#5920 = PLANE ( 'NONE',  #9872 ) ;
#5921 =( NAMED_UNIT ( * ) PLANE_ANGLE_UNIT ( ) SI_UNIT ( $, .RADIAN. ) );
#5922 = PRESENTATION_LAYER_ASSIGNMENT (  '', '', ( #7353 ) ) ;
#5923 = SURFACE_STYLE_USAGE ( .BOTH. , #8365 ) ;
#5924 = UNCERTAINTY_MEASURE_WITH_UNIT (LENGTH_MEASURE( 1.000000000000000082E-05 ), #8078, 'distance_accuracy_value', 'NONE');
#5925 =( NAMED_UNIT ( * ) SI_UNIT ( $, .STERADIAN. ) SOLID_ANGLE_UNIT ( ) );
#5926 = CARTESIAN_POINT ( 'NONE',  ( 2.750000000000000444, -1.084202172485504434E-16, -9.500000000000000000 ) ) ;
#5927 = DIRECTION ( 'NONE',  ( -0.000000000000000000, 1.000000000000000000, -0.000000000000000000 ) ) ;
#5928 = EDGE_CURVE ( 'NONE', #2506, #6773, #1150, .T. ) ;
#5929 = PLANE ( 'NONE',  #1305 ) ;
#5930 = CARTESIAN_POINT ( 'NONE',  ( 17.14999999999999858, -1.084202172485504434E-16, -8.900000000000000355 ) ) ;
#5931 = CARTESIAN_POINT ( 'NONE',  ( 2.750000000000000444, 3.649999999999999911, -0.2000000000000000111 ) ) ;
#5932 = ORIENTED_EDGE ( 'NONE', *, *, #2005, .T. ) ;
#5933 = ORIENTED_EDGE ( 'NONE', *, *, #2677, .T. ) ;
#5934 = MECHANICAL_DESIGN_GEOMETRIC_PRESENTATION_REPRESENTATION (  '', ( #7213 ), #8164 ) ;
#5935 = ORIENTED_EDGE ( 'NONE', *, *, #902, .T. ) ;
#5936 = FILL_AREA_STYLE ('',( #2898 ) ) ;
#5937 = PLANE ( 'NONE',  #4086 ) ;
#5938 = FILL_AREA_STYLE_COLOUR ( '', #1183 ) ;
#5939 = UNCERTAINTY_MEASURE_WITH_UNIT (LENGTH_MEASURE( 1.000000000000000082E-05 ), #143, 'distance_accuracy_value', 'NONE');
#5940 = CARTESIAN_POINT ( 'NONE',  ( 2.750000000000000888, 3.649999999999999911, -7.000000000000000000 ) ) ;
#5941 = VECTOR ( 'NONE', #8600, 1000.000000000000000 ) ;
#5942 = DIRECTION ( 'NONE',  ( 0.000000000000000000, -1.000000000000000000, 0.000000000000000000 ) ) ;
#5943 = ORIENTED_EDGE ( 'NONE', *, *, #8558, .F. ) ;
#5944 = SURFACE_SIDE_STYLE ('',( #9730 ) ) ;
#5945 = ORIENTED_EDGE ( 'NONE', *, *, #5147, .T. ) ;
#5946 = CYLINDRICAL_SURFACE ( 'NONE', #4616, 1.199999999999999734 ) ;
#5947 = ORIENTED_EDGE ( 'NONE', *, *, #4443, .F. ) ;
#5948 = DIRECTION ( 'NONE',  ( 0.000000000000000000, -1.000000000000000000, 0.000000000000000000 ) ) ;
#5949 = DIRECTION ( 'NONE',  ( 0.000000000000000000, -0.000000000000000000, -1.000000000000000000 ) ) ;
#5950 = SURFACE_SIDE_STYLE ('',( #2204 ) ) ;
#5951 = LINE ( 'NONE', #2095, #9902 ) ;
#5952 = SURFACE_STYLE_USAGE ( .BOTH. , #5181 ) ;
#5953 = UNCERTAINTY_MEASURE_WITH_UNIT (LENGTH_MEASURE( 1.000000000000000082E-05 ), #9778, 'distance_accuracy_value', 'NONE');
#5954 = PLANE ( 'NONE',  #8559 ) ;
#5955 = EDGE_LOOP ( 'NONE', ( #3343, #5246, #7277, #8473 ) ) ;
#5956 = PLANE ( 'NONE',  #9560 ) ;
#5957 = SURFACE_STYLE_USAGE ( .BOTH. , #7516 ) ;
#5958 = EDGE_CURVE ( 'NONE', #4217, #9235, #4424, .T. ) ;
#5959 = SURFACE_STYLE_USAGE ( .BOTH. , #3650 ) ;
#5960 = CARTESIAN_POINT ( 'NONE',  ( 2.750000000000000444, 6.099999999999999645, -7.000000000000000000 ) ) ;
#5961 = CARTESIAN_POINT ( 'NONE',  ( 5.250000000000000000, 3.649999999999999911, -0.2000000000000000111 ) ) ;
#5962 = ORIENTED_EDGE ( 'NONE', *, *, #5021, .T. ) ;
#5963 = ORIENTED_EDGE ( 'NONE', *, *, #9542, .T. ) ;
#5964 = EDGE_CURVE ( 'NONE', #8519, #4763, #6658, .T. ) ;
#5965 = PLANE ( 'NONE',  #106 ) ;
#5966 = CARTESIAN_POINT ( 'NONE',  ( 7.750000000000000000, 3.649999999999999911, -8.300000000000000711 ) ) ;
#5967 = FACE_OUTER_BOUND ( 'NONE', #7548, .T. ) ;
#5968 = CARTESIAN_POINT ( 'NONE',  ( 12.75000000000000178, 2.449999999999999734, -9.500000000000000000 ) ) ;
#5969 =( NAMED_UNIT ( * ) SI_UNIT ( $, .STERADIAN. ) SOLID_ANGLE_UNIT ( ) );
#5970 = EDGE_CURVE ( 'NONE', #5645, #458, #9551, .T. ) ;
#5971 = FACE_OUTER_BOUND ( 'NONE', #9162, .T. ) ;
#5972 = LINE ( 'NONE', #8909, #7502 ) ;
#5973 =( LENGTH_UNIT ( ) NAMED_UNIT ( * ) SI_UNIT ( .MILLI., .METRE. ) );
#5974 = DIRECTION ( 'NONE',  ( 0.000000000000000000, -0.000000000000000000, -1.000000000000000000 ) ) ;
#5975 = EDGE_LOOP ( 'NONE', ( #5066, #1016, #4887, #145 ) ) ;
#5976 = ORIENTED_EDGE ( 'NONE', *, *, #9605, .F. ) ;
#5977 = VECTOR ( 'NONE', #6206, 1000.000000000000000 ) ;
#5978 = VERTEX_POINT ( 'NONE', #3546 ) ;
#5979 = DIRECTION ( 'NONE',  ( -0.000000000000000000, -0.000000000000000000, 1.000000000000000000 ) ) ;
#5980 = CARTESIAN_POINT ( 'NONE',  ( 15.25000000000000178, -1.084202172485504434E-16, -8.900000000000000355 ) ) ;
#5981 = EDGE_CURVE ( 'NONE', #5626, #6230, #2719, .T. ) ;
#5982 = DIRECTION ( 'NONE',  ( 1.000000000000000000, 0.000000000000000000, -0.000000000000000000 ) ) ;
#5983 = DIRECTION ( 'NONE',  ( 0.000000000000000000, 0.7071067811865453523, -0.7071067811865496822 ) ) ;
#5984 = PRESENTATION_LAYER_ASSIGNMENT (  '', '', ( #8211 ) ) ;
#5985 = DIRECTION ( 'NONE',  ( 0.000000000000000000, 0.000000000000000000, -1.000000000000000000 ) ) ;
#5986 = SURFACE_STYLE_FILL_AREA ( #6582 ) ;
#5987 = ORIENTED_EDGE ( 'NONE', *, *, #8106, .T. ) ;
#5988 = CARTESIAN_POINT ( 'NONE',  ( 0.8000000000000000444, 0.8000000000000000444, 0.000000000000000000 ) ) ;
#5989 = ORIENTED_EDGE ( 'NONE', *, *, #8061, .F. ) ;
#5990 = DIRECTION ( 'NONE',  ( -1.000000000000000000, 0.000000000000000000, 0.000000000000000000 ) ) ;
#5991 = EDGE_LOOP ( 'NONE', ( #5227, #1921, #5226, #694 ) ) ;
#5992 = FACE_OUTER_BOUND ( 'NONE', #3110, .T. ) ;
#5993 = LINE ( 'NONE', #7649, #3183 ) ;
#5994 = DIRECTION ( 'NONE',  ( 1.000000000000000000, 0.000000000000000000, 0.000000000000000000 ) ) ;
#5995 = SURFACE_STYLE_USAGE ( .BOTH. , #2049 ) ;
#5996 = VECTOR ( 'NONE', #6708, 1000.000000000000114 ) ;
#5997 = CARTESIAN_POINT ( 'NONE',  ( 17.61666666666666714, 3.183333333333333126, -0.2666666666666668850 ) ) ;
#5998 = LINE ( 'NONE', #9034, #8399 ) ;
#5999 = DIRECTION ( 'NONE',  ( -1.000000000000000000, -0.000000000000000000, 0.000000000000000000 ) ) ;
#6000 = VECTOR ( 'NONE', #5192, 1000.000000000000000 ) ;
#6001 = ORIENTED_EDGE ( 'NONE', *, *, #2494, .T. ) ;
#6002 = DIRECTION ( 'NONE',  ( 0.000000000000000000, 0.7071067811865453523, -0.7071067811865496822 ) ) ;
#6003 = EDGE_CURVE ( 'NONE', #8223, #7615, #5105, .T. ) ;
#6004 = STYLED_ITEM ( 'NONE', ( #9762 ), #9243 ) ;
#6005 =( GEOMETRIC_REPRESENTATION_CONTEXT ( 3 ) GLOBAL_UNCERTAINTY_ASSIGNED_CONTEXT ( ( #2406 ) ) GLOBAL_UNIT_ASSIGNED_CONTEXT ( ( #2463, #5597, #4838 ) ) REPRESENTATION_CONTEXT ( 'NONE', 'WORKASPACE' ) );
#6006 =( NAMED_UNIT ( * ) PLANE_ANGLE_UNIT ( ) SI_UNIT ( $, .RADIAN. ) );
#6007 = DIRECTION ( 'NONE',  ( 0.000000000000000000, -0.000000000000000000, -1.000000000000000000 ) ) ;
#6008 = DIRECTION ( 'NONE',  ( 5.102127870520021968E-16, 0.000000000000000000, -1.000000000000000000 ) ) ;
#6009 = DIRECTION ( 'NONE',  ( 0.000000000000000000, 0.000000000000000000, 1.000000000000000000 ) ) ;
#6010 = DIRECTION ( 'NONE',  ( -1.000000000000000000, 0.000000000000000000, 0.000000000000000000 ) ) ;
#6011 = ORIENTED_EDGE ( 'NONE', *, *, #3702, .F. ) ;
#6012 = VERTEX_POINT ( 'NONE', #8167 ) ;
#6013 = FILL_AREA_STYLE_COLOUR ( '', #3820 ) ;
#6014 = CIRCLE ( 'NONE', #7289, 0.5999999999999998668 ) ;
#6015 = COLOUR_RGB ( '',0.7529411764705882248, 0.7529411764705882248, 0.7529411764705882248 ) ;
#6016 = EDGE_CURVE ( 'NONE', #6834, #1031, #8951, .T. ) ;
#6017 = FILL_AREA_STYLE_COLOUR ( '', #5395 ) ;
#6018 =( LENGTH_UNIT ( ) NAMED_UNIT ( * ) SI_UNIT ( .MILLI., .METRE. ) );
#6019 = LINE ( 'NONE', #657, #9642 ) ;
#6020 = CARTESIAN_POINT ( 'NONE',  ( 20.25000000000000000, 3.050000000000000266, -0.2000000000000000111 ) ) ;
#6021 = MECHANICAL_DESIGN_GEOMETRIC_PRESENTATION_REPRESENTATION (  '', ( #4730 ), #9356 ) ;
#6022 = CARTESIAN_POINT ( 'NONE',  ( 15.05000000000000071, 3.450000000000000178, -0.2000000000000000111 ) ) ;
#6023 = CARTESIAN_POINT ( 'NONE',  ( 12.75000000000000178, 3.450000000000000178, -0.2000000000000000111 ) ) ;
#6024 = ORIENTED_EDGE ( 'NONE', *, *, #7929, .T. ) ;
#6025 = DIRECTION ( 'NONE',  ( 0.000000000000000000, -0.000000000000000000, 1.000000000000000000 ) ) ;
#6026 = EDGE_LOOP ( 'NONE', ( #4417, #3966, #2042, #6097 ) ) ;
#6027 = ORIENTED_EDGE ( 'NONE', *, *, #7693, .T. ) ;
#6028 = DIRECTION ( 'NONE',  ( -0.000000000000000000, 1.000000000000000000, -0.000000000000000000 ) ) ;
#6029 = EDGE_CURVE ( 'NONE', #7246, #9881, #6951, .T. ) ;
#6030 =( NAMED_UNIT ( * ) PLANE_ANGLE_UNIT ( ) SI_UNIT ( $, .RADIAN. ) );
#6031 = CIRCLE ( 'NONE', #9204, 0.2999999999999999334 ) ;
#6032 = FILL_AREA_STYLE ('',( #5215 ) ) ;
#6033 = COLOUR_RGB ( '',0.7529411764705882248, 0.7529411764705882248, 0.7529411764705882248 ) ;
#6034 = STYLED_ITEM ( 'NONE', ( #4896 ), #5032 ) ;
#6035 = DIRECTION ( 'NONE',  ( 1.000000000000000000, 0.000000000000000000, -0.000000000000000000 ) ) ;
#6036 = UNCERTAINTY_MEASURE_WITH_UNIT (LENGTH_MEASURE( 1.000000000000000082E-05 ), #3768, 'distance_accuracy_value', 'NONE');
#6037 = EDGE_CURVE ( 'NONE', #8234, #6316, #3040, .T. ) ;
#6038 = DIRECTION ( 'NONE',  ( -1.000000000000000000, -0.000000000000000000, 0.000000000000000000 ) ) ;
#6039 = STYLED_ITEM ( 'NONE', ( #1683 ), #589 ) ;
#6040 = ORIENTED_EDGE ( 'NONE', *, *, #1989, .T. ) ;
#6041 = ADVANCED_FACE ( 'NONE', ( #8308 ), #3807, .T. ) ;
#6042 = CARTESIAN_POINT ( 'NONE',  ( 10.25000000000000000, 3.050000000000000266, -0.2000000000000000111 ) ) ;
#6043 = VECTOR ( 'NONE', #5809, 1000.000000000000000 ) ;
#6044 = AXIS2_PLACEMENT_3D ( 'NONE', #9832, #2754, #8197 ) ;
#6045 = STYLED_ITEM ( 'NONE', ( #6812 ), #4984 ) ;
#6046 = EDGE_LOOP ( 'NONE', ( #695, #2457, #8616, #3776 ) ) ;
#6047 = PRESENTATION_STYLE_ASSIGNMENT (( #9776 ) ) ;
#6048 = ORIENTED_EDGE ( 'NONE', *, *, #3431, .F. ) ;
#6049 = CARTESIAN_POINT ( 'NONE',  ( 7.750000000000000000, 3.050000000000000266, -0.2000000000000000111 ) ) ;
#6050 = AXIS2_PLACEMENT_3D ( 'NONE', #5566, #7875, #1574 ) ;
#6051 = DIRECTION ( 'NONE',  ( 1.000000000000000000, 0.000000000000000000, 0.000000000000000000 ) ) ;
#6052 = STYLED_ITEM ( 'NONE', ( #6285 ), #9734 ) ;
#6053 = CARTESIAN_POINT ( 'NONE',  ( 1.999999999999998224, 6.100999999999999979, -0.2000000000000018152 ) ) ;
#6054 = CARTESIAN_POINT ( 'NONE',  ( 10.25000000000000000, 3.649999999999999911, -0.2000000000000000111 ) ) ;
#6055 = UNCERTAINTY_MEASURE_WITH_UNIT (LENGTH_MEASURE( 1.000000000000000082E-05 ), #1540, 'distance_accuracy_value', 'NONE');
#6056 = COLOUR_RGB ( '',0.7529411764705882248, 0.7529411764705882248, 0.7529411764705882248 ) ;
#6057 = COLOUR_RGB ( '',0.7529411764705882248, 0.7529411764705882248, 0.7529411764705882248 ) ;
#6058 = CARTESIAN_POINT ( 'NONE',  ( 21.60000000000000142, 5.299999999999998934, -11.50000000000000000 ) ) ;
#6059 = PRODUCT_DEFINITION_FORMATION_WITH_SPECIFIED_SOURCE ( 'ไป', '', #7746, .NOT_KNOWN. ) ;
#6060 =( NAMED_UNIT ( * ) SI_UNIT ( $, .STERADIAN. ) SOLID_ANGLE_UNIT ( ) );
#6061 = DIRECTION ( 'NONE',  ( 0.000000000000000000, -0.000000000000000000, 1.000000000000000000 ) ) ;
#6062 = VERTEX_POINT ( 'NONE', #3744 ) ;
#6063 = CARTESIAN_POINT ( 'NONE',  ( 7.750000000000000000, 3.050000000000000266, -0.2000000000000000111 ) ) ;
#6064 = VECTOR ( 'NONE', #3852, 1000.000000000000000 ) ;
#6065 = CARTESIAN_POINT ( 'NONE',  ( 7.150000000000000355, 2.450000000000000178, -8.900000000000000355 ) ) ;
#6066 = VECTOR ( 'NONE', #2349, 1000.000000000000000 ) ;
#6067 = PRESENTATION_LAYER_ASSIGNMENT (  '', '', ( #7818 ) ) ;
#6068 =( GEOMETRIC_REPRESENTATION_CONTEXT ( 3 ) GLOBAL_UNCERTAINTY_ASSIGNED_CONTEXT ( ( #4724 ) ) GLOBAL_UNIT_ASSIGNED_CONTEXT ( ( #5747, #2745, #4282 ) ) REPRESENTATION_CONTEXT ( 'NONE', 'WORKASPACE' ) );
#6069 = LINE ( 'NONE', #3694, #1143 ) ;
#6070 =( NAMED_UNIT ( * ) SI_UNIT ( $, .STERADIAN. ) SOLID_ANGLE_UNIT ( ) );
#6071 = FACE_OUTER_BOUND ( 'NONE', #7732, .T. ) ;
#6072 = FACE_OUTER_BOUND ( 'NONE', #7315, .T. ) ;
#6073 = EDGE_LOOP ( 'NONE', ( #7536, #3606, #6284, #7364 ) ) ;
#6074 = ORIENTED_EDGE ( 'NONE', *, *, #3308, .T. ) ;
#6075 = LINE ( 'NONE', #9103, #9404 ) ;
#6076 = AXIS2_PLACEMENT_3D ( 'NONE', #4274, #9473, #8715 ) ;
#6077 = AXIS2_PLACEMENT_3D ( 'NONE', #5664, #4205, #2678 ) ;
#6078 = CARTESIAN_POINT ( 'NONE',  ( 19.98333333333333073, 3.316666666666667318, -0.06666666666666629104 ) ) ;
#6079 = FACE_OUTER_BOUND ( 'NONE', #1892, .T. ) ;
#6080 = EDGE_CURVE ( 'NONE', #5302, #212, #5450, .T. ) ;
#6081 = DIRECTION ( 'NONE',  ( 0.000000000000000000, 0.000000000000000000, -1.000000000000000000 ) ) ;
#6082 = ORIENTED_EDGE ( 'NONE', *, *, #1754, .T. ) ;
#6083 = CARTESIAN_POINT ( 'NONE',  ( 4.650000000000000355, 0.000000000000000000, -9.199999999999999289 ) ) ;
#6084 = VERTEX_POINT ( 'NONE', #5346 ) ;
#6085 = SURFACE_STYLE_FILL_AREA ( #9868 ) ;
#6086 = SURFACE_STYLE_USAGE ( .BOTH. , #2034 ) ;
#6087 = SURFACE_STYLE_USAGE ( .BOTH. , #1271 ) ;
#6088 = CARTESIAN_POINT ( 'NONE',  ( 12.15000000000000036, 6.099999999999999645, -7.000000000000000000 ) ) ;
#6089 = SURFACE_STYLE_FILL_AREA ( #4624 ) ;
#6090 =( NAMED_UNIT ( * ) PLANE_ANGLE_UNIT ( ) SI_UNIT ( $, .RADIAN. ) );
#6091 = EDGE_CURVE ( 'NONE', #8009, #442, #8357, .T. ) ;
#6092 = VECTOR ( 'NONE', #6730, 1000.000000000000000 ) ;
#6093 = ORIENTED_EDGE ( 'NONE', *, *, #8171, .T. ) ;
#6094 =( NAMED_UNIT ( * ) SI_UNIT ( $, .STERADIAN. ) SOLID_ANGLE_UNIT ( ) );
#6095 = VERTEX_POINT ( 'NONE', #6800 ) ;
#6096 = LINE ( 'NONE', #629, #8749 ) ;
#6097 = ORIENTED_EDGE ( 'NONE', *, *, #1134, .F. ) ;
#6098 = ADVANCED_FACE ( 'NONE', ( #6071 ), #9845, .F. ) ;
#6099 = FILL_AREA_STYLE_COLOUR ( '', #2854 ) ;
#6100 = PLANE ( 'NONE',  #8080 ) ;
#6101 = VECTOR ( 'NONE', #6666, 1000.000000000000000 ) ;
#6102 = CARTESIAN_POINT ( 'NONE',  ( 9.950000000000001066, -2.000000000000000000, -8.900000000000000355 ) ) ;
#6103 = DIRECTION ( 'NONE',  ( 0.000000000000000000, 0.000000000000000000, -1.000000000000000000 ) ) ;
#6104 = EDGE_CURVE ( 'NONE', #9365, #7972, #4649, .T. ) ;
#6105 =( NAMED_UNIT ( * ) SI_UNIT ( $, .STERADIAN. ) SOLID_ANGLE_UNIT ( ) );
#6106 = DIRECTION ( 'NONE',  ( 0.000000000000000000, -0.000000000000000000, 1.000000000000000000 ) ) ;
#6107 = CARTESIAN_POINT ( 'NONE',  ( 4.950000000000000178, -2.000000000000000000, -8.900000000000000355 ) ) ;
#6108 = ORIENTED_EDGE ( 'NONE', *, *, #5970, .T. ) ;
#6109 = LINE ( 'NONE', #8349, #7173 ) ;
#6110 = PRESENTATION_STYLE_ASSIGNMENT (( #8449 ) ) ;
#6111 = EDGE_CURVE ( 'NONE', #2721, #6182, #1741, .T. ) ;
#6112 = SURFACE_STYLE_FILL_AREA ( #6157 ) ;
#6113 = PRESENTATION_STYLE_ASSIGNMENT (( #6709 ) ) ;
#6114 = LINE ( 'NONE', #4589, #6629 ) ;
#6115 = DIRECTION ( 'NONE',  ( -1.000000000000000000, 0.000000000000000000, 0.000000000000000000 ) ) ;
#6116 = LINE ( 'NONE', #5451, #3629 ) ;
#6117 = VERTEX_POINT ( 'NONE', #297 ) ;
#6118 = VERTEX_POINT ( 'NONE', #8539 ) ;
#6119 = DIRECTION ( 'NONE',  ( -0.000000000000000000, 0.000000000000000000, -1.000000000000000000 ) ) ;
#6120 = FILL_AREA_STYLE ('',( #3901 ) ) ;
#6121 = FACE_OUTER_BOUND ( 'NONE', #2820, .T. ) ;
#6122 = UNCERTAINTY_MEASURE_WITH_UNIT (LENGTH_MEASURE( 1.000000000000000082E-05 ), #7721, 'distance_accuracy_value', 'NONE');
#6123 = CARTESIAN_POINT ( 'NONE',  ( 0.000000000000000000, 5.099999999999999645, -7.000000000000005329 ) ) ;
#6124 = CARTESIAN_POINT ( 'NONE',  ( 17.75000000000000000, 2.449999999999999734, -8.300000000000000711 ) ) ;
#6125 = PRESENTATION_STYLE_ASSIGNMENT (( #4612 ) ) ;
#6126 = CARTESIAN_POINT ( 'NONE',  ( 9.650000000000000355, 3.649999999999999911, -0.4000000000000009104 ) ) ;
#6127 = ORIENTED_EDGE ( 'NONE', *, *, #1444, .F. ) ;
#6128 = PRESENTATION_STYLE_ASSIGNMENT (( #713 ) ) ;
#6129 = ORIENTED_EDGE ( 'NONE', *, *, #5657, .F. ) ;
#6130 = SURFACE_STYLE_USAGE ( .BOTH. , #9113 ) ;
#6131 = CARTESIAN_POINT ( 'NONE',  ( 7.450000000000000178, 0.000000000000000000, -9.199999999999999289 ) ) ;
#6132 = CARTESIAN_POINT ( 'NONE',  ( 2.750000000000000444, -1.084202172485504434E-16, -9.500000000000000000 ) ) ;
#6133 = UNCERTAINTY_MEASURE_WITH_UNIT (LENGTH_MEASURE( 1.000000000000000082E-05 ), #9108, 'distance_accuracy_value', 'NONE');
#6134 = COLOUR_RGB ( '',0.7529411764705882248, 0.7529411764705882248, 0.7529411764705882248 ) ;
#6135 = ORIENTED_EDGE ( 'NONE', *, *, #8514, .T. ) ;
#6136 = PLANE ( 'NONE',  #4278 ) ;
#6137 = ORIENTED_EDGE ( 'NONE', *, *, #9187, .T. ) ;
#6138 = CARTESIAN_POINT ( 'NONE',  ( 12.45000000000000107, 0.000000000000000000, -9.199999999999999289 ) ) ;
#6139 = ORIENTED_EDGE ( 'NONE', *, *, #139, .F. ) ;
#6140 = DIRECTION ( 'NONE',  ( -0.000000000000000000, 0.000000000000000000, -1.000000000000000000 ) ) ;
#6141 = COLOUR_RGB ( '',0.7529411764705882248, 0.7529411764705882248, 0.7529411764705882248 ) ;
#6142 = CARTESIAN_POINT ( 'NONE',  ( 5.250000000000000000, 0.000000000000000000, -9.199999999999999289 ) ) ;
#6143 = EDGE_CURVE ( 'NONE', #1782, #7112, #7056, .T. ) ;
#6144 = SURFACE_SIDE_STYLE ('',( #3066 ) ) ;
#6145 = UNCERTAINTY_MEASURE_WITH_UNIT (LENGTH_MEASURE( 1.000000000000000082E-05 ), #9368, 'distance_accuracy_value', 'NONE');
#6146 = CARTESIAN_POINT ( 'NONE',  ( 12.75000000000000178, -1.084202172485504434E-16, -9.500000000000000000 ) ) ;
#6147 = CARTESIAN_POINT ( 'NONE',  ( 12.55000000000000249, 3.450000000000000178, -0.2000000000000000111 ) ) ;
#6148 = ADVANCED_FACE ( 'NONE', ( #2609 ), #897, .T. ) ;
#6149 = VECTOR ( 'NONE', #5807, 1000.000000000000000 ) ;
#6150 = LINE ( 'NONE', #7511, #4776 ) ;
#6151 = VERTEX_POINT ( 'NONE', #3230 ) ;
#6152 = CARTESIAN_POINT ( 'NONE',  ( 5.116666666666667140, 3.183333333333333570, -0.2666666666666667185 ) ) ;
#6153 = SURFACE_SIDE_STYLE ('',( #6794 ) ) ;
#6154 = EDGE_CURVE ( 'NONE', #8896, #9928, #4840, .T. ) ;
#6155 = AXIS2_PLACEMENT_3D ( 'NONE', #1480, #6051, #2093 ) ;
#6156 = EDGE_CURVE ( 'NONE', #2758, #2601, #3996, .T. ) ;
#6157 = FILL_AREA_STYLE ('',( #7517 ) ) ;
#6158 =( GEOMETRIC_REPRESENTATION_CONTEXT ( 3 ) GLOBAL_UNCERTAINTY_ASSIGNED_CONTEXT ( ( #791 ) ) GLOBAL_UNIT_ASSIGNED_CONTEXT ( ( #5381, #633, #9887 ) ) REPRESENTATION_CONTEXT ( 'NONE', 'WORKASPACE' ) );
#6159 = DIRECTION ( 'NONE',  ( 0.000000000000000000, 0.000000000000000000, -1.000000000000000000 ) ) ;
#6160 = ORIENTED_EDGE ( 'NONE', *, *, #1802, .T. ) ;
#6161 = EDGE_CURVE ( 'NONE', #5745, #1141, #7214, .T. ) ;
#6162 = VERTEX_POINT ( 'NONE', #7859 ) ;
#6163 = LINE ( 'NONE', #2316, #6531 ) ;
#6164 = PRESENTATION_STYLE_ASSIGNMENT (( #9254 ) ) ;
#6165 = SURFACE_STYLE_USAGE ( .BOTH. , #3864 ) ;
#6166 = MECHANICAL_DESIGN_GEOMETRIC_PRESENTATION_REPRESENTATION (  '', ( #5355 ), #7117 ) ;
#6167 = PLANE ( 'NONE',  #8116 ) ;
#6168 = LINE ( 'NONE', #9193, #495 ) ;
#6169 = SURFACE_SIDE_STYLE ('',( #8467 ) ) ;
#6170 = SURFACE_STYLE_FILL_AREA ( #3094 ) ;
#6171 = DIRECTION ( 'NONE',  ( 0.000000000000000000, -1.000000000000000000, 0.000000000000000000 ) ) ;
#6172 = VECTOR ( 'NONE', #3870, 1000.000000000000000 ) ;
#6173 = ORIENTED_EDGE ( 'NONE', *, *, #5964, .F. ) ;
#6174 = ORIENTED_EDGE ( 'NONE', *, *, #2309, .F. ) ;
#6175 = MECHANICAL_DESIGN_GEOMETRIC_PRESENTATION_REPRESENTATION (  '', ( #4878 ), #9511 ) ;
#6176 =( LENGTH_UNIT ( ) NAMED_UNIT ( * ) SI_UNIT ( .MILLI., .METRE. ) );
#6177 =( GEOMETRIC_REPRESENTATION_CONTEXT ( 3 ) GLOBAL_UNCERTAINTY_ASSIGNED_CONTEXT ( ( #6842 ) ) GLOBAL_UNIT_ASSIGNED_CONTEXT ( ( #1804, #9408, #2480 ) ) REPRESENTATION_CONTEXT ( 'NONE', 'WORKASPACE' ) );
#6178 = FILL_AREA_STYLE ('',( #6323 ) ) ;
#6179 = DIRECTION ( 'NONE',  ( 0.000000000000000000, 0.000000000000000000, 1.000000000000000000 ) ) ;
#6180 = AXIS2_PLACEMENT_3D ( 'NONE', #5980, #9011, #3765 ) ;
#6181 = DIRECTION ( 'NONE',  ( 0.000000000000000000, -1.000000000000000000, 0.000000000000000000 ) ) ;
#6182 = VERTEX_POINT ( 'NONE', #2464 ) ;
#6183 = ORIENTED_EDGE ( 'NONE', *, *, #891, .F. ) ;
#6184 = LINE ( 'NONE', #6978, #8921 ) ;
#6185 = ORIENTED_EDGE ( 'NONE', *, *, #5840, .T. ) ;
#6186 = CARTESIAN_POINT ( 'NONE',  ( 15.25000000000000178, 3.050000000000000266, -0.2000000000000000111 ) ) ;
#6187 = CARTESIAN_POINT ( 'NONE',  ( 0.8000000000000000444, 6.099999999999999645, 0.000000000000000000 ) ) ;
#6188 = CARTESIAN_POINT ( 'NONE',  ( 0.000000000000000000, 6.099999999999999645, -11.50000000000000000 ) ) ;
#6189 = COLOUR_RGB ( '',0.7529411764705882248, 0.7529411764705882248, 0.7529411764705882248 ) ;
#6190 = SURFACE_SIDE_STYLE ('',( #8634 ) ) ;
#6191 = FACE_OUTER_BOUND ( 'NONE', #1219, .T. ) ;
#6192 = VECTOR ( 'NONE', #7871, 1000.000000000000000 ) ;
#6193 = PRESENTATION_LAYER_ASSIGNMENT (  '', '', ( #6045 ) ) ;
#6194 = SURFACE_STYLE_FILL_AREA ( #3888 ) ;
#6195 = EDGE_CURVE ( 'NONE', #1165, #6932, #159, .T. ) ;
#6196 = FILL_AREA_STYLE_COLOUR ( '', #5742 ) ;
#6197 = VECTOR ( 'NONE', #814, 1000.000000000000000 ) ;
#6198 = ORIENTED_EDGE ( 'NONE', *, *, #8050, .F. ) ;
#6199 = CARTESIAN_POINT ( 'NONE',  ( 22.39999999999999858, 5.299999999999998934, -3.200000000000000178 ) ) ;
#6200 = CARTESIAN_POINT ( 'NONE',  ( 15.25000000000000178, 3.050000000000000266, -0.4000000000000009104 ) ) ;
#6201 = COLOUR_RGB ( '',0.7529411764705882248, 0.7529411764705882248, 0.7529411764705882248 ) ;
#6202 =( GEOMETRIC_REPRESENTATION_CONTEXT ( 3 ) GLOBAL_UNCERTAINTY_ASSIGNED_CONTEXT ( ( #8145 ) ) GLOBAL_UNIT_ASSIGNED_CONTEXT ( ( #6249, #6846, #9131 ) ) REPRESENTATION_CONTEXT ( 'NONE', 'WORKASPACE' ) );
#6203 = COLOUR_RGB ( '',0.7529411764705882248, 0.7529411764705882248, 0.7529411764705882248 ) ;
#6204 = STYLED_ITEM ( 'NONE', ( #2223 ), #5238 ) ;
#6205 =( GEOMETRIC_REPRESENTATION_CONTEXT ( 3 ) GLOBAL_UNCERTAINTY_ASSIGNED_CONTEXT ( ( #9534 ) ) GLOBAL_UNIT_ASSIGNED_CONTEXT ( ( #3598, #3751, #9704 ) ) REPRESENTATION_CONTEXT ( 'NONE', 'WORKASPACE' ) );
#6206 = DIRECTION ( 'NONE',  ( 0.000000000000000000, 0.000000000000000000, -1.000000000000000000 ) ) ;
#6207 = SURFACE_STYLE_USAGE ( .BOTH. , #9244 ) ;
#6208 = PLANE ( 'NONE',  #194 ) ;
#6209 = PRESENTATION_LAYER_ASSIGNMENT (  '', '', ( #5715 ) ) ;
#6210 = ADVANCED_FACE ( 'NONE', ( #5541 ), #8495, .F. ) ;
#6211 = CARTESIAN_POINT ( 'NONE',  ( 0.000000000000000000, 6.099999999999999645, 0.000000000000000000 ) ) ;
#6212 = ORIENTED_EDGE ( 'NONE', *, *, #7688, .T. ) ;
#6213 = VERTEX_POINT ( 'NONE', #4336 ) ;
#6214 = CARTESIAN_POINT ( 'NONE',  ( 2.450000000000000178, -2.000000000000000000, -8.900000000000000355 ) ) ;
#6215 = VECTOR ( 'NONE', #4652, 1000.000000000000000 ) ;
#6216 = CARTESIAN_POINT ( 'NONE',  ( 14.65000000000000213, -1.084202172485504434E-16, -8.900000000000000355 ) ) ;
#6217 = EDGE_CURVE ( 'NONE', #5628, #4969, #8275, .T. ) ;
#6218 = VECTOR ( 'NONE', #4661, 1000.000000000000000 ) ;
#6219 = VECTOR ( 'NONE', #3706, 1000.000000000000000 ) ;
#6220 = AXIS2_PLACEMENT_3D ( 'NONE', #6586, #9630, #6635 ) ;
#6221 =( NAMED_UNIT ( * ) PLANE_ANGLE_UNIT ( ) SI_UNIT ( $, .RADIAN. ) );
#6222 = CARTESIAN_POINT ( 'NONE',  ( 0.000000000000000000, 0.000000000000000000, -11.50000000000000000 ) ) ;
#6223 = CARTESIAN_POINT ( 'NONE',  ( 7.750000000000000000, 2.449999999999999734, -9.500000000000000000 ) ) ;
#6224 = AXIS2_PLACEMENT_3D ( 'NONE', #5647, #7814, #4889 ) ;
#6225 = DIRECTION ( 'NONE',  ( 0.000000000000000000, 0.000000000000000000, -1.000000000000000000 ) ) ;
#6226 = FILL_AREA_STYLE_COLOUR ( '', #2764 ) ;
#6227 = EDGE_CURVE ( 'NONE', #3129, #8273, #3490, .T. ) ;
#6228 = FACE_OUTER_BOUND ( 'NONE', #9337, .T. ) ;
#6229 = PRESENTATION_STYLE_ASSIGNMENT (( #9916 ) ) ;
#6230 = VERTEX_POINT ( 'NONE', #8200 ) ;
#6231 = EDGE_LOOP ( 'NONE', ( #1312, #1325, #5543 ) ) ;
#6232 = DIRECTION ( 'NONE',  ( 0.000000000000000000, 0.000000000000000000, 1.000000000000000000 ) ) ;
#6233 = LINE ( 'NONE', #9269, #871 ) ;
#6234 = SURFACE_STYLE_USAGE ( .BOTH. , #82 ) ;
#6235 =( NAMED_UNIT ( * ) SI_UNIT ( $, .STERADIAN. ) SOLID_ANGLE_UNIT ( ) );
#6236 = EDGE_CURVE ( 'NONE', #8337, #7460, #8789, .T. ) ;
#6237 = UNCERTAINTY_MEASURE_WITH_UNIT (LENGTH_MEASURE( 1.000000000000000082E-05 ), #6655, 'distance_accuracy_value', 'NONE');
#6238 = ORIENTED_EDGE ( 'NONE', *, *, #2572, .T. ) ;
#6239 = FILL_AREA_STYLE ('',( #8428 ) ) ;
#6240 = MECHANICAL_DESIGN_GEOMETRIC_PRESENTATION_REPRESENTATION (  '', ( #5439 ), #9421 ) ;
#6241 = ORIENTED_EDGE ( 'NONE', *, *, #8097, .F. ) ;
#6242 = MECHANICAL_DESIGN_GEOMETRIC_PRESENTATION_REPRESENTATION (  '', ( #1556 ), #1065 ) ;
#6243 = FILL_AREA_STYLE ('',( #3880 ) ) ;
#6244 = EDGE_LOOP ( 'NONE', ( #5477, #2215, #7581, #2746 ) ) ;
#6245 = CARTESIAN_POINT ( 'NONE',  ( 12.75000000000000178, 3.050000000000000266, -0.2000000000000000111 ) ) ;
#6246 =( NAMED_UNIT ( * ) PLANE_ANGLE_UNIT ( ) SI_UNIT ( $, .RADIAN. ) );
#6247 = PRESENTATION_STYLE_ASSIGNMENT (( #1731 ) ) ;
#6248 = UNCERTAINTY_MEASURE_WITH_UNIT (LENGTH_MEASURE( 1.000000000000000082E-05 ), #191, 'distance_accuracy_value', 'NONE');
#6249 =( LENGTH_UNIT ( ) NAMED_UNIT ( * ) SI_UNIT ( .MILLI., .METRE. ) );
#6250 = FACE_OUTER_BOUND ( 'NONE', #30, .T. ) ;
#6251 = ORIENTED_EDGE ( 'NONE', *, *, #3636, .F. ) ;
#6252 = PRESENTATION_LAYER_ASSIGNMENT (  '', '', ( #776 ) ) ;
#6253 = DIRECTION ( 'NONE',  ( 0.000000000000000000, 0.000000000000000000, -1.000000000000000000 ) ) ;
#6254 = SURFACE_STYLE_USAGE ( .BOTH. , #5446 ) ;
#6255 = SURFACE_SIDE_STYLE ('',( #6112 ) ) ;
#6256 = AXIS2_PLACEMENT_3D ( 'NONE', #7399, #542, #3586 ) ;
#6257 = LINE ( 'NONE', #3275, #2979 ) ;
#6258 = CARTESIAN_POINT ( 'NONE',  ( 4.650000000000000355, -1.084202172485504434E-16, -9.500000000000000000 ) ) ;
#6259 = DIRECTION ( 'NONE',  ( -0.000000000000000000, -1.000000000000000000, -0.000000000000000000 ) ) ;
#6260 = ORIENTED_EDGE ( 'NONE', *, *, #1144, .T. ) ;
#6261 = VERTEX_POINT ( 'NONE', #1947 ) ;
#6262 = LINE ( 'NONE', #9185, #4928 ) ;
#6263 = FILL_AREA_STYLE_COLOUR ( '', #3192 ) ;
#6264 = DIRECTION ( 'NONE',  ( 0.000000000000000000, 0.000000000000000000, 1.000000000000000000 ) ) ;
#6265 = DIRECTION ( 'NONE',  ( 1.000000000000000000, 0.000000000000000000, 0.000000000000000000 ) ) ;
#6266 = EDGE_CURVE ( 'NONE', #7592, #9616, #1138, .T. ) ;
#6267 = SURFACE_STYLE_USAGE ( .BOTH. , #7761 ) ;
#6268 = DIRECTION ( 'NONE',  ( 0.000000000000000000, 0.000000000000000000, -1.000000000000000000 ) ) ;
#6269 =( NAMED_UNIT ( * ) SI_UNIT ( $, .STERADIAN. ) SOLID_ANGLE_UNIT ( ) );
#6270 = EDGE_CURVE ( 'NONE', #956, #7592, #1241, .T. ) ;
#6271 = CARTESIAN_POINT ( 'NONE',  ( 17.14999999999999858, 3.050000000000000266, -0.2000000000000000111 ) ) ;
#6272 = LINE ( 'NONE', #309, #3289 ) ;
#6273 = SURFACE_SIDE_STYLE ('',( #3199 ) ) ;
#6274 = VERTEX_POINT ( 'NONE', #2819 ) ;
#6275 = ORIENTED_EDGE ( 'NONE', *, *, #6111, .F. ) ;
#6276 = FACE_OUTER_BOUND ( 'NONE', #3163, .T. ) ;
#6277 = CARTESIAN_POINT ( 'NONE',  ( 7.150000000000000355, 3.649999999999999911, -7.000000000000000000 ) ) ;
#6278 = EDGE_CURVE ( 'NONE', #7337, #8170, #3538, .T. ) ;
#6279 = SURFACE_SIDE_STYLE ('',( #2281 ) ) ;
#6280 = LINE ( 'NONE', #9314, #9367 ) ;
#6281 =( NAMED_UNIT ( * ) PLANE_ANGLE_UNIT ( ) SI_UNIT ( $, .RADIAN. ) );
#6282 = FACE_OUTER_BOUND ( 'NONE', #3724, .T. ) ;
#6283 = FILL_AREA_STYLE ('',( #3029 ) ) ;
#6284 = ORIENTED_EDGE ( 'NONE', *, *, #3250, .T. ) ;
#6285 = PRESENTATION_STYLE_ASSIGNMENT (( #3212 ) ) ;
#6286 = MECHANICAL_DESIGN_GEOMETRIC_PRESENTATION_REPRESENTATION (  '', ( #2412 ), #17 ) ;
#6287 = ORIENTED_EDGE ( 'NONE', *, *, #406, .F. ) ;
#6288 = CARTESIAN_POINT ( 'NONE',  ( 7.150000000000000355, -1.084202172485504434E-16, -9.500000000000000000 ) ) ;
#6289 = EDGE_CURVE ( 'NONE', #6118, #5208, #6593, .T. ) ;
#6290 = ORIENTED_EDGE ( 'NONE', *, *, #2700, .T. ) ;
#6291 = SURFACE_STYLE_USAGE ( .BOTH. , #5478 ) ;
#6292 = PRESENTATION_STYLE_ASSIGNMENT (( #3170 ) ) ;
#6293 = CARTESIAN_POINT ( 'NONE',  ( 22.39999999999999858, 6.099999999999999645, 0.000000000000000000 ) ) ;
#6294 =( NAMED_UNIT ( * ) SI_UNIT ( $, .STERADIAN. ) SOLID_ANGLE_UNIT ( ) );
#6295 = ORIENTED_EDGE ( 'NONE', *, *, #2025, .F. ) ;
#6296 = PRESENTATION_LAYER_ASSIGNMENT (  '', '', ( #642 ) ) ;
#6297 = LINE ( 'NONE', #3271, #97 ) ;
#6298 = LINE ( 'NONE', #4985, #3229 ) ;
#6299 = COLOUR_RGB ( '',0.7529411764705882248, 0.7529411764705882248, 0.7529411764705882248 ) ;
#6300 = LINE ( 'NONE', #2462, #8739 ) ;
#6301 = FILL_AREA_STYLE ('',( #7005 ) ) ;
#6302 = FILL_AREA_STYLE ('',( #3231 ) ) ;
#6303 = ORIENTED_EDGE ( 'NONE', *, *, #8714, .F. ) ;
#6304 = ORIENTED_EDGE ( 'NONE', *, *, #8834, .F. ) ;
#6305 = DIRECTION ( 'NONE',  ( 0.000000000000000000, 0.000000000000000000, -1.000000000000000000 ) ) ;
#6306 = VECTOR ( 'NONE', #7709, 1000.000000000000000 ) ;
#6307 = SURFACE_SIDE_STYLE ('',( #4653 ) ) ;
#6308 = PRESENTATION_STYLE_ASSIGNMENT (( #3347 ) ) ;
#6309 = PLANE ( 'NONE',  #2825 ) ;
#6310 = CARTESIAN_POINT ( 'NONE',  ( 14.85000000000000142, 3.050000000000000266, -0.2000000000000000111 ) ) ;
#6311 = CARTESIAN_POINT ( 'NONE',  ( 15.25000000000000178, -1.084202172485504434E-16, -9.500000000000000000 ) ) ;
#6312 = VECTOR ( 'NONE', #4211, 1000.000000000000000 ) ;
#6313 = DIRECTION ( 'NONE',  ( -0.000000000000000000, 1.000000000000000000, -0.000000000000000000 ) ) ;
#6314 = FILL_AREA_STYLE ('',( #1106 ) ) ;
#6315 = FILL_AREA_STYLE ('',( #5659 ) ) ;
#6316 = VERTEX_POINT ( 'NONE', #5846 ) ;
#6317 = ORIENTED_EDGE ( 'NONE', *, *, #7422, .F. ) ;
#6318 = EDGE_CURVE ( 'NONE', #3129, #3258, #4988, .T. ) ;
#6319 = PRESENTATION_LAYER_ASSIGNMENT (  '', '', ( #5670 ) ) ;
#6320 = DIRECTION ( 'NONE',  ( 0.000000000000000000, 0.000000000000000000, -1.000000000000000000 ) ) ;
#6321 = CARTESIAN_POINT ( 'NONE',  ( 20.40000000000000213, 5.299999999999998934, -0.2000000000000003164 ) ) ;
#6322 =( GEOMETRIC_REPRESENTATION_CONTEXT ( 3 ) GLOBAL_UNCERTAINTY_ASSIGNED_CONTEXT ( ( #8126 ) ) GLOBAL_UNIT_ASSIGNED_CONTEXT ( ( #7531, #2892, #5265 ) ) REPRESENTATION_CONTEXT ( 'NONE', 'WORKASPACE' ) );
#6323 = FILL_AREA_STYLE_COLOUR ( '', #4959 ) ;
#6324 = UNCERTAINTY_MEASURE_WITH_UNIT (LENGTH_MEASURE( 1.000000000000000082E-05 ), #4470, 'distance_accuracy_value', 'NONE');
#6325 = LINE ( 'NONE', #4112, #9523 ) ;
#6326 =( LENGTH_UNIT ( ) NAMED_UNIT ( * ) SI_UNIT ( .MILLI., .METRE. ) );
#6327 = AXIS2_PLACEMENT_3D ( 'NONE', #6578, #1269, #7282 ) ;
#6328 = LINE ( 'NONE', #7126, #7966 ) ;
#6329 = ORIENTED_EDGE ( 'NONE', *, *, #6161, .T. ) ;
#6330 = FILL_AREA_STYLE_COLOUR ( '', #3150 ) ;
#6331 = ADVANCED_FACE ( 'NONE', ( #538 ), #1187, .T. ) ;
#6332 = ORIENTED_EDGE ( 'NONE', *, *, #4002, .F. ) ;
#6333 = LINE ( 'NONE', #9424, #4442 ) ;
#6334 = ORIENTED_EDGE ( 'NONE', *, *, #7268, .T. ) ;
#6335 = SURFACE_STYLE_USAGE ( .BOTH. , #7044 ) ;
#6336 = DIRECTION ( 'NONE',  ( 0.000000000000000000, -0.000000000000000000, -1.000000000000000000 ) ) ;
#6337 = EDGE_CURVE ( 'NONE', #861, #6758, #336, .T. ) ;
#6338 = FILL_AREA_STYLE ('',( #3984 ) ) ;
#6339 = COLOUR_RGB ( '',0.7529411764705882248, 0.7529411764705882248, 0.7529411764705882248 ) ;
#6340 = FILL_AREA_STYLE_COLOUR ( '', #9432 ) ;
#6341 = UNCERTAINTY_MEASURE_WITH_UNIT (LENGTH_MEASURE( 1.000000000000000082E-05 ), #179, 'distance_accuracy_value', 'NONE');
#6342 = FILL_AREA_STYLE_COLOUR ( '', #5552 ) ;
#6343 = EDGE_CURVE ( 'NONE', #8565, #7662, #2667, .T. ) ;
#6344 = MECHANICAL_DESIGN_GEOMETRIC_PRESENTATION_REPRESENTATION (  '', ( #3940 ), #3788 ) ;
#6345 = COLOUR_RGB ( '',0.7529411764705882248, 0.7529411764705882248, 0.7529411764705882248 ) ;
#6346 = ORIENTED_EDGE ( 'NONE', *, *, #3886, .T. ) ;
#6347 = FILL_AREA_STYLE_COLOUR ( '', #1355 ) ;
#6348 = VECTOR ( 'NONE', #7783, 1000.000000000000000 ) ;
#6349 = VECTOR ( 'NONE', #132, 1000.000000000000000 ) ;
#6350 = MECHANICAL_DESIGN_GEOMETRIC_PRESENTATION_REPRESENTATION (  '', ( #2640 ), #5869 ) ;
#6351 = MECHANICAL_DESIGN_GEOMETRIC_PRESENTATION_REPRESENTATION (  '', ( #3623 ), #1985 ) ;
#6352 = EDGE_CURVE ( 'NONE', #6622, #3213, #5551, .T. ) ;
#6353 = AXIS2_PLACEMENT_3D ( 'NONE', #6131, #7691, #6970 ) ;
#6354 = LINE ( 'NONE', #2524, #9066 ) ;
#6355 = SURFACE_STYLE_FILL_AREA ( #9395 ) ;
#6356 = FILL_AREA_STYLE_COLOUR ( '', #5565 ) ;
#6357 = ORIENTED_EDGE ( 'NONE', *, *, #8232, .F. ) ;
#6358 = ORIENTED_EDGE ( 'NONE', *, *, #2572, .F. ) ;
#6359 = AXIS2_PLACEMENT_3D ( 'NONE', #7753, #842, #9487 ) ;
#6360 = DIRECTION ( 'NONE',  ( -1.000000000000000000, 0.000000000000000000, 0.000000000000000000 ) ) ;
#6361 = CIRCLE ( 'NONE', #9539, 1.199999999999999734 ) ;
#6362 = SURFACE_STYLE_USAGE ( .BOTH. , #202 ) ;
#6363 = STYLED_ITEM ( 'NONE', ( #752 ), #3335 ) ;
#6364 = VECTOR ( 'NONE', #533, 1000.000000000000000 ) ;
#6365 = DIRECTION ( 'NONE',  ( 1.000000000000000000, 0.000000000000000000, 0.000000000000000000 ) ) ;
#6366 = COLOUR_RGB ( '',0.7529411764705882248, 0.7529411764705882248, 0.7529411764705882248 ) ;
#6367 =( NAMED_UNIT ( * ) SI_UNIT ( $, .STERADIAN. ) SOLID_ANGLE_UNIT ( ) );
#6368 = VECTOR ( 'NONE', #6649, 1000.000000000000000 ) ;
#6369 = CARTESIAN_POINT ( 'NONE',  ( 2.150000000000000355, 2.450000000000000178, -8.900000000000000355 ) ) ;
#6370 = LINE ( 'NONE', #307, #4416 ) ;
#6371 = PLANE ( 'NONE',  #5214 ) ;
#6372 = VECTOR ( 'NONE', #7851, 1000.000000000000000 ) ;
#6373 =( LENGTH_UNIT ( ) NAMED_UNIT ( * ) SI_UNIT ( .MILLI., .METRE. ) );
#6374 = PRESENTATION_LAYER_ASSIGNMENT (  '', '', ( #7960 ) ) ;
#6375 = ORIENTED_EDGE ( 'NONE', *, *, #2521, .T. ) ;
#6376 = ORIENTED_EDGE ( 'NONE', *, *, #9891, .F. ) ;
#6377 = COLOUR_RGB ( '',0.7529411764705882248, 0.7529411764705882248, 0.7529411764705882248 ) ;
#6378 = DIRECTION ( 'NONE',  ( -1.000000000000000000, -0.000000000000000000, -0.000000000000000000 ) ) ;
#6379 = MECHANICAL_DESIGN_GEOMETRIC_PRESENTATION_REPRESENTATION (  '', ( #8753 ), #7976 ) ;
#6380 = LINE ( 'NONE', #9130, #2916 ) ;
#6381 = CARTESIAN_POINT ( 'NONE',  ( 12.15000000000000036, 3.050000000000000266, -0.4000000000000009104 ) ) ;
#6382 = FACE_OUTER_BOUND ( 'NONE', #617, .T. ) ;
#6383 = PRESENTATION_STYLE_ASSIGNMENT (( #8764 ) ) ;
#6384 = ORIENTED_EDGE ( 'NONE', *, *, #9869, .T. ) ;
#6385 = CARTESIAN_POINT ( 'NONE',  ( 10.25000000000000000, -1.084202172485504434E-16, -9.500000000000000000 ) ) ;
#6386 = VERTEX_POINT ( 'NONE', #10 ) ;
#6387 = ORIENTED_EDGE ( 'NONE', *, *, #2210, .F. ) ;
#6388 = COLOUR_RGB ( '',0.7529411764705882248, 0.7529411764705882248, 0.7529411764705882248 ) ;
#6389 =( NAMED_UNIT ( * ) PLANE_ANGLE_UNIT ( ) SI_UNIT ( $, .RADIAN. ) );
#6390 =( LENGTH_UNIT ( ) NAMED_UNIT ( * ) SI_UNIT ( .MILLI., .METRE. ) );
#6391 = PLANE ( 'NONE',  #445 ) ;
#6392 = EDGE_CURVE ( 'NONE', #4782, #2845, #9893, .T. ) ;
#6393 = PLANE ( 'NONE',  #9214 ) ;
#6394 = STYLED_ITEM ( 'NONE', ( #917 ), #6750 ) ;
#6395 = ORIENTED_EDGE ( 'NONE', *, *, #6217, .T. ) ;
#6396 = CARTESIAN_POINT ( 'NONE',  ( 12.75000000000000178, -1.084202172485504434E-16, -9.500000000000000000 ) ) ;
#6397 = EDGE_CURVE ( 'NONE', #7039, #291, #2213, .T. ) ;
#6398 = VERTEX_POINT ( 'NONE', #5290 ) ;
#6399 = PRESENTATION_LAYER_ASSIGNMENT (  '', '', ( #5439 ) ) ;
#6400 = VECTOR ( 'NONE', #5250, 1000.000000000000000 ) ;
#6401 = ADVANCED_FACE ( 'NONE', ( #9135 ), #5954, .T. ) ;
#6402 = ADVANCED_FACE ( 'NONE', ( #2100 ), #6849, .F. ) ;
#6403 =( LENGTH_UNIT ( ) NAMED_UNIT ( * ) SI_UNIT ( .MILLI., .METRE. ) );
#6404 = SURFACE_STYLE_FILL_AREA ( #9293 ) ;
#6405 = PRESENTATION_LAYER_ASSIGNMENT (  '', '', ( #599 ) ) ;
#6406 = SURFACE_STYLE_FILL_AREA ( #4886 ) ;
#6407 = ORIENTED_EDGE ( 'NONE', *, *, #4792, .T. ) ;
#6408 = ORIENTED_EDGE ( 'NONE', *, *, #4299, .T. ) ;
#6409 = CARTESIAN_POINT ( 'NONE',  ( 10.25000000000000000, -1.084202172485504434E-16, -9.500000000000000000 ) ) ;
#6410 = EDGE_CURVE ( 'NONE', #1322, #9457, #522, .T. ) ;
#6411 =( NAMED_UNIT ( * ) SI_UNIT ( $, .STERADIAN. ) SOLID_ANGLE_UNIT ( ) );
#6412 = CLOSED_SHELL ( 'NONE', ( #8946, #9874, #8269, #1951, #3950, #2402, #6746, #1006, #2317, #7730, #481, #5591, #9573, #1497, #5051, #1747, #4184, #4241, #6760, #5784, #4323, #8216, #5352, #9559, #1461, #589, #9429, #6813, #4630, #5284, #1517, #6946, #1454, #1861, #2058, #331, #1702, #2069, #3691, #6565, #1278, #9313, #4071, #4489, #9023, #61, #4290, #4135, #7196, #1756, #4530, #5911, #9734, #5224, #9628, #1823, #8759, #1897, #8, #7368, #5411, #1317, #1376, #5359, #6705, #9486, #7878, #3887, #5725, #6402, #5238, #6579, #433, #2300, #2195, #2259, #6098, #3087, #9138, #7372, #8298, #8109, #2377, #829, #8939, #8360, #2382, #7610, #8423, #1591, #9116, #7104, #1378, #1699, #3206, #1091, #1186, #9321, #223, #4563, #4663, #8114, #4478, #3263, #5896, #1881, #6616, #6939, #4676, #1324, #3828, #722, #1387, #1267, #9388, #6510, #7012, #5767, #4247, #2054, #5340, #7115, #9690, #5717, #3748, #6653, #7380, #9444, #7989, #8897, #2578, #7389, #9, #3124, #836, #9803, #6696, #6750, #7632, #3579, #9853, #1585, #3630, #3882, #42, #511, #7922, #7559, #2729, #295, #3520, #4974, #5032, #6331, #4611, #4347, #7011, #3757, #7736, #4800, #7025, #51, #6879, #1640, #6401, #4364, #9243, #7622, #2112, #2813, #4512, #9458, #1246, #1332, #7301, #2063, #213, #6148, #9746, #2181, #5288, #290, #6210, #9186, #3741, #4350, #1763, #1695, #6764, #343, #3335, #9670, #6500, #7134, #7785, #3530, #4244, #7800, #8868, #3932, #655, #5397, #4123, #779, #7142, #4183, #8999, #5103, #3677, #6041, #5455, #2515, #4984, #1254, #4194, #537, #9796, #4314, #1740, #6928, #9252, #5584, #6835, #8890, #7437, #6631, #172, #2747 ) ) ;
#6413 = SURFACE_STYLE_USAGE ( .BOTH. , #3348 ) ;
#6414 = CARTESIAN_POINT ( 'NONE',  ( 10.25000000000000000, 3.050000000000000266, -0.2000000000000000111 ) ) ;
#6415 = FILL_AREA_STYLE ('',( #3352 ) ) ;
#6416 = PRESENTATION_STYLE_ASSIGNMENT (( #3353 ) ) ;
#6417 = FACE_OUTER_BOUND ( 'NONE', #6920, .T. ) ;
#6418 = VERTEX_POINT ( 'NONE', #4366 ) ;
#6419 = ORIENTED_EDGE ( 'NONE', *, *, #8771, .F. ) ;
#6420 = PRESENTATION_STYLE_ASSIGNMENT (( #4255 ) ) ;
#6421 = PRESENTATION_STYLE_ASSIGNMENT (( #7184 ) ) ;
#6422 = UNCERTAINTY_MEASURE_WITH_UNIT (LENGTH_MEASURE( 1.000000000000000082E-05 ), #4149, 'distance_accuracy_value', 'NONE');
#6423 =( NAMED_UNIT ( * ) PLANE_ANGLE_UNIT ( ) SI_UNIT ( $, .RADIAN. ) );
#6424 = SURFACE_STYLE_USAGE ( .BOTH. , #7077 ) ;
#6425 = PRESENTATION_STYLE_ASSIGNMENT (( #1073 ) ) ;
#6426 = EDGE_LOOP ( 'NONE', ( #7084, #3244, #3233, #4133 ) ) ;
#6427 = CARTESIAN_POINT ( 'NONE',  ( 22.39999999999999858, 4.499999999999999112, -3.200000000000000178 ) ) ;
#6428 = ORIENTED_EDGE ( 'NONE', *, *, #1021, .T. ) ;
#6429 = DIRECTION ( 'NONE',  ( 0.000000000000000000, -1.000000000000000000, 0.000000000000000000 ) ) ;
#6430 = ORIENTED_EDGE ( 'NONE', *, *, #9129, .F. ) ;
#6431 = CARTESIAN_POINT ( 'NONE',  ( 20.25000000000000000, 2.450000000000000178, -8.300000000000000711 ) ) ;
#6432 = SURFACE_SIDE_STYLE ('',( #4929 ) ) ;
#6433 = FACE_BOUND ( 'NONE', #3311, .T. ) ;
#6434 = UNCERTAINTY_MEASURE_WITH_UNIT (LENGTH_MEASURE( 1.000000000000000082E-05 ), #8421, 'distance_accuracy_value', 'NONE');
#6435 = ORIENTED_EDGE ( 'NONE', *, *, #1203, .T. ) ;
#6436 = SURFACE_SIDE_STYLE ('',( #8676 ) ) ;
#6437 = ORIENTED_EDGE ( 'NONE', *, *, #6343, .T. ) ;
#6438 = LINE ( 'NONE', #8583, #723 ) ;
#6439 = EDGE_CURVE ( 'NONE', #1807, #7662, #5887, .T. ) ;
#6440 = FILL_AREA_STYLE_COLOUR ( '', #3668 ) ;
#6441 = PRESENTATION_LAYER_ASSIGNMENT (  '', '', ( #1435 ) ) ;
#6442 = EDGE_CURVE ( 'NONE', #7376, #1539, #436, .T. ) ;
#6443 = CARTESIAN_POINT ( 'NONE',  ( 20.25000000000000000, -1.084202172485504434E-16, -8.900000000000000355 ) ) ;
#6444 = DIRECTION ( 'NONE',  ( 0.000000000000000000, -1.000000000000000000, 0.000000000000000000 ) ) ;
#6445 = LINE ( 'NONE', #3537, #992 ) ;
#6446 = VECTOR ( 'NONE', #9482, 1000.000000000000000 ) ;
#6447 = SURFACE_SIDE_STYLE ('',( #2526 ) ) ;
#6448 = CARTESIAN_POINT ( 'NONE',  ( 0.000000000000000000, 6.099999999999999645, 0.000000000000000000 ) ) ;
#6449 = ORIENTED_EDGE ( 'NONE', *, *, #2001, .F. ) ;
#6450 = EDGE_LOOP ( 'NONE', ( #4568, #6428, #9717, #2581 ) ) ;
#6451 = DIRECTION ( 'NONE',  ( 0.000000000000000000, 0.000000000000000000, -1.000000000000000000 ) ) ;
#6452 = EDGE_CURVE ( 'NONE', #5531, #5196, #1980, .T. ) ;
#6453 = EDGE_CURVE ( 'NONE', #2233, #1603, #857, .T. ) ;
#6455 = DIRECTION ( 'NONE',  ( 1.000000000000000000, 0.000000000000000000, 0.000000000000000000 ) ) ;
#6454 = MECHANICAL_DESIGN_GEOMETRIC_PRESENTATION_REPRESENTATION (  '', ( #8211 ), #8527 ) ;
#6456 = EDGE_CURVE ( 'NONE', #7883, #314, #74, .T. ) ;
#6457 = PLANE ( 'NONE',  #6921 ) ;
#6458 = SURFACE_STYLE_FILL_AREA ( #6314 ) ;
#6459 =( NAMED_UNIT ( * ) PLANE_ANGLE_UNIT ( ) SI_UNIT ( $, .RADIAN. ) );
#6460 = VERTEX_POINT ( 'NONE', #9625 ) ;
#6461 = VERTEX_POINT ( 'NONE', #4976 ) ;
#6462 = PRESENTATION_LAYER_ASSIGNMENT (  '', '', ( #4058 ) ) ;
#6463 = PRESENTATION_STYLE_ASSIGNMENT (( #4256 ) ) ;
#6464 = AXIS2_PLACEMENT_3D ( 'NONE', #2106, #8206, #1296 ) ;
#6465 = LINE ( 'NONE', #4208, #2422 ) ;
#6466 = DIRECTION ( 'NONE',  ( 1.000000000000000000, 0.000000000000000000, -0.000000000000000000 ) ) ;
#6467 =( LENGTH_UNIT ( ) NAMED_UNIT ( * ) SI_UNIT ( .MILLI., .METRE. ) );
#6468 = FILL_AREA_STYLE_COLOUR ( '', #1529 ) ;
#6469 = FILL_AREA_STYLE ('',( #4918 ) ) ;
#6470 = STYLED_ITEM ( 'NONE', ( #3783 ), #1332 ) ;
#6471 = EDGE_LOOP ( 'NONE', ( #5494, #7522, #4318 ) ) ;
#6472 = DIRECTION ( 'NONE',  ( -0.000000000000000000, 1.000000000000000000, -0.000000000000000000 ) ) ;
#6473 = ORIENTED_EDGE ( 'NONE', *, *, #7617, .T. ) ;
#6474 = DIRECTION ( 'NONE',  ( 1.000000000000000000, 0.000000000000000000, -0.000000000000000000 ) ) ;
#6475 = ORIENTED_EDGE ( 'NONE', *, *, #7356, .F. ) ;
#6476 =( GEOMETRIC_REPRESENTATION_CONTEXT ( 3 ) GLOBAL_UNCERTAINTY_ASSIGNED_CONTEXT ( ( #5924 ) ) GLOBAL_UNIT_ASSIGNED_CONTEXT ( ( #8078, #7331, #5772 ) ) REPRESENTATION_CONTEXT ( 'NONE', 'WORKASPACE' ) );
#6477 = CARTESIAN_POINT ( 'NONE',  ( 17.44999999999999929, 0.000000000000000000, -8.900000000000000355 ) ) ;
#6478 = DIRECTION ( 'NONE',  ( -0.000000000000000000, 0.000000000000000000, -1.000000000000000000 ) ) ;
#6479 = SURFACE_STYLE_FILL_AREA ( #2647 ) ;
#6480 = EDGE_LOOP ( 'NONE', ( #2243, #630, #3166, #2908 ) ) ;
#6481 =( NAMED_UNIT ( * ) SI_UNIT ( $, .STERADIAN. ) SOLID_ANGLE_UNIT ( ) );
#6482 = STYLED_ITEM ( 'NONE', ( #5416 ), #1763 ) ;
#6483 = ORIENTED_EDGE ( 'NONE', *, *, #8989, .F. ) ;
#6484 = MECHANICAL_DESIGN_GEOMETRIC_PRESENTATION_REPRESENTATION (  '', ( #2458 ), #3597 ) ;
#6485 = DIRECTION ( 'NONE',  ( 1.000000000000000000, 0.000000000000000000, 0.000000000000000000 ) ) ;
#6486 = SURFACE_STYLE_USAGE ( .BOTH. , #1233 ) ;
#6487 = CARTESIAN_POINT ( 'NONE',  ( 5.250000000000000000, 2.449999999999999734, -9.500000000000000000 ) ) ;
#6488 = EDGE_CURVE ( 'NONE', #1428, #2087, #6497, .T. ) ;
#6489 = SURFACE_SIDE_STYLE ('',( #4186 ) ) ;
#6490 = CARTESIAN_POINT ( 'NONE',  ( 20.25000000000000000, 3.050000000000000266, -7.000000000000000000 ) ) ;
#6491 = PLANE ( 'NONE',  #2176 ) ;
#6492 = ORIENTED_EDGE ( 'NONE', *, *, #3439, .T. ) ;
#6493 = ORIENTED_EDGE ( 'NONE', *, *, #891, .T. ) ;
#6494 =( LENGTH_UNIT ( ) NAMED_UNIT ( * ) SI_UNIT ( .MILLI., .METRE. ) );
#6495 = VECTOR ( 'NONE', #8133, 1000.000000000000227 ) ;
#6496 = AXIS2_PLACEMENT_3D ( 'NONE', #6667, #9653, #5114 ) ;
#6497 = CIRCLE ( 'NONE', #1495, 0.2999999999999999334 ) ;
#6498 = AXIS2_PLACEMENT_3D ( 'NONE', #4273, #9577, #1081 ) ;
#6499 = SURFACE_STYLE_FILL_AREA ( #4049 ) ;
#6500 = ADVANCED_FACE ( 'NONE', ( #580 ), #1124, .F. ) ;
#6501 = PRESENTATION_STYLE_ASSIGNMENT (( #995 ) ) ;
#6502 = LINE ( 'NONE', #1201, #867 ) ;
#6503 = VECTOR ( 'NONE', #7899, 1000.000000000000000 ) ;
#6504 = DIRECTION ( 'NONE',  ( 0.5773502691896241767, 0.5773502691896246208, 0.5773502691896282846 ) ) ;
#6505 = COLOUR_RGB ( '',0.7529411764705882248, 0.7529411764705882248, 0.7529411764705882248 ) ;
#6506 = DIRECTION ( 'NONE',  ( -0.000000000000000000, -1.000000000000000000, -0.000000000000000000 ) ) ;
#6507 = DIRECTION ( 'NONE',  ( 1.000000000000000000, 0.000000000000000000, -0.000000000000000000 ) ) ;
#6508 = VERTEX_POINT ( 'NONE', #5940 ) ;
#6509 = ORIENTED_EDGE ( 'NONE', *, *, #7251, .T. ) ;
#6510 = ADVANCED_FACE ( 'NONE', ( #2696 ), #4722, .F. ) ;
#6511 = AXIS2_PLACEMENT_3D ( 'NONE', #6063, #4686, #7745 ) ;
#6512 = VECTOR ( 'NONE', #4815, 1000.000000000000000 ) ;
#6513 = SURFACE_STYLE_USAGE ( .BOTH. , #2544 ) ;
#6514 = AXIS2_PLACEMENT_3D ( 'NONE', #6648, #5802, #1899 ) ;
#6515 = VECTOR ( 'NONE', #8489, 1000.000000000000000 ) ;
#6516 = COLOUR_RGB ( '',0.7529411764705882248, 0.7529411764705882248, 0.7529411764705882248 ) ;
#6517 = STYLED_ITEM ( 'NONE', ( #6547 ), #5359 ) ;
#6518 = UNCERTAINTY_MEASURE_WITH_UNIT (LENGTH_MEASURE( 1.000000000000000082E-05 ), #3323, 'distance_accuracy_value', 'NONE');
#6519 = EDGE_CURVE ( 'NONE', #7733, #7031, #186, .T. ) ;
#6520 = EDGE_CURVE ( 'NONE', #5443, #5824, #5523, .T. ) ;
#6521 = DIRECTION ( 'NONE',  ( -0.7071067811865500152, 0.000000000000000000, -0.7071067811865451302 ) ) ;
#6522 = AXIS2_PLACEMENT_3D ( 'NONE', #9300, #5456, #6913 ) ;
#6523 = DIRECTION ( 'NONE',  ( 0.000000000000000000, -0.000000000000000000, -1.000000000000000000 ) ) ;
#6524 = CARTESIAN_POINT ( 'NONE',  ( 12.34999999999999787, 3.249999999999999112, -0.2000000000000009548 ) ) ;
#6525 = DIRECTION ( 'NONE',  ( 1.000000000000000000, -0.000000000000000000, -0.000000000000000000 ) ) ;
#6526 = ORIENTED_EDGE ( 'NONE', *, *, #2005, .F. ) ;
#6527 = ORIENTED_EDGE ( 'NONE', *, *, #5643, .T. ) ;
#6528 = ORIENTED_EDGE ( 'NONE', *, *, #7210, .F. ) ;
#6529 = ORIENTED_EDGE ( 'NONE', *, *, #5513, .F. ) ;
#6530 = DIRECTION ( 'NONE',  ( 0.000000000000000000, 0.000000000000000000, 1.000000000000000000 ) ) ;
#6531 = VECTOR ( 'NONE', #8458, 1000.000000000000000 ) ;
#6532 = DIRECTION ( 'NONE',  ( -1.000000000000000000, 0.000000000000000000, 0.000000000000000000 ) ) ;
#6533 = EDGE_CURVE ( 'NONE', #5626, #794, #3169, .T. ) ;
#6534 = PRESENTATION_LAYER_ASSIGNMENT (  '', '', ( #887 ) ) ;
#6535 = FILL_AREA_STYLE_COLOUR ( '', #9268 ) ;
#6536 = UNCERTAINTY_MEASURE_WITH_UNIT (LENGTH_MEASURE( 1.000000000000000082E-05 ), #4659, 'distance_accuracy_value', 'NONE');
#6537 = DIRECTION ( 'NONE',  ( -0.7071067811865515695, 0.000000000000000000, -0.7071067811865435759 ) ) ;
#6538 = FILL_AREA_STYLE_COLOUR ( '', #4425 ) ;
#6539 = MECHANICAL_DESIGN_GEOMETRIC_PRESENTATION_REPRESENTATION (  '', ( #5258 ), #5413 ) ;
#6540 = ORIENTED_EDGE ( 'NONE', *, *, #6392, .F. ) ;
#6541 = AXIS2_PLACEMENT_3D ( 'NONE', #9013, #8328, #474 ) ;
#6542 = DIRECTION ( 'NONE',  ( 1.000000000000000000, 0.000000000000000000, 0.000000000000000000 ) ) ;
#6543 = ORIENTED_EDGE ( 'NONE', *, *, #7506, .F. ) ;
#6544 = LINE ( 'NONE', #5134, #401 ) ;
#6545 = FACE_OUTER_BOUND ( 'NONE', #9594, .T. ) ;
#6546 = CARTESIAN_POINT ( 'NONE',  ( 7.150000000000000355, -1.084202172485504434E-16, -9.500000000000000000 ) ) ;
#6547 = PRESENTATION_STYLE_ASSIGNMENT (( #7255 ) ) ;
#6548 = CARTESIAN_POINT ( 'NONE',  ( 2.150000000000000355, 3.050000000000000266, -7.000000000000000000 ) ) ;
#6549 = UNCERTAINTY_MEASURE_WITH_UNIT (LENGTH_MEASURE( 1.000000000000000082E-05 ), #8500, 'distance_accuracy_value', 'NONE');
#6550 = DIRECTION ( 'NONE',  ( -0.000000000000000000, -1.000000000000000000, -0.000000000000000000 ) ) ;
#6551 = FILL_AREA_STYLE ('',( #5094 ) ) ;
#6552 = ORIENTED_EDGE ( 'NONE', *, *, #14, .T. ) ;
#6553 = ORIENTED_EDGE ( 'NONE', *, *, #2941, .F. ) ;
#6554 = DIRECTION ( 'NONE',  ( -1.000000000000000000, 0.000000000000000000, 0.000000000000000000 ) ) ;
#6555 = CIRCLE ( 'NONE', #1064, 0.2999999999999999334 ) ;
#6556 = PRESENTATION_LAYER_ASSIGNMENT (  '', '', ( #3992 ) ) ;
#6557 = DIRECTION ( 'NONE',  ( 0.000000000000000000, 0.000000000000000000, -1.000000000000000000 ) ) ;
#6558 = AXIS2_PLACEMENT_3D ( 'NONE', #5680, #2853, #6035 ) ;
#6559 = FILL_AREA_STYLE_COLOUR ( '', #5010 ) ;
#6560 = CARTESIAN_POINT ( 'NONE',  ( 7.450000000000000178, 0.000000000000000000, -9.199999999999999289 ) ) ;
#6561 = DIRECTION ( 'NONE',  ( 0.000000000000000000, 0.000000000000000000, -1.000000000000000000 ) ) ;
#6562 = DIRECTION ( 'NONE',  ( -0.000000000000000000, 1.000000000000000000, 0.000000000000000000 ) ) ;
#6563 = VERTEX_POINT ( 'NONE', #2 ) ;
#6564 = ORIENTED_EDGE ( 'NONE', *, *, #6227, .T. ) ;
#6565 = ADVANCED_FACE ( 'NONE', ( #7784 ), #1587, .F. ) ;
#6566 = COLOUR_RGB ( '',0.7529411764705882248, 0.7529411764705882248, 0.7529411764705882248 ) ;
#6567 = STYLED_ITEM ( 'NONE', ( #2848 ), #51 ) ;
#6568 =( NAMED_UNIT ( * ) PLANE_ANGLE_UNIT ( ) SI_UNIT ( $, .RADIAN. ) );
#6569 = CARTESIAN_POINT ( 'NONE',  ( 19.65000000000000213, 6.099999999999999645, -6.200000000000000178 ) ) ;
#6570 = VECTOR ( 'NONE', #3657, 1000.000000000000000 ) ;
#6571 = CARTESIAN_POINT ( 'NONE',  ( 9.650000000000000355, 3.050000000000000266, -0.4000000000000009104 ) ) ;
#6572 = ORIENTED_EDGE ( 'NONE', *, *, #8462, .F. ) ;
#6573 = FACE_OUTER_BOUND ( 'NONE', #6426, .T. ) ;
#6574 = VERTEX_POINT ( 'NONE', #3927 ) ;
#6575 = VERTEX_POINT ( 'NONE', #6142 ) ;
#6576 = SURFACE_SIDE_STYLE ('',( #1079 ) ) ;
#6577 = EDGE_LOOP ( 'NONE', ( #2141, #317, #7344, #6802 ) ) ;
#6578 = CARTESIAN_POINT ( 'NONE',  ( 2.599999999999998312, 5.299999999999998934, -3.100000000000001421 ) ) ;
#6579 = ADVANCED_FACE ( 'NONE', ( #1544 ), #975, .F. ) ;
#6580 = FILL_AREA_STYLE ('',( #7243 ) ) ;
#6581 =( LENGTH_UNIT ( ) NAMED_UNIT ( * ) SI_UNIT ( .MILLI., .METRE. ) );
#6582 = FILL_AREA_STYLE ('',( #2794 ) ) ;
#6583 = ORIENTED_EDGE ( 'NONE', *, *, #8771, .T. ) ;
#6584 = EDGE_CURVE ( 'NONE', #9616, #338, #1882, .T. ) ;
#6585 = PLANE ( 'NONE',  #9866 ) ;
#6586 = CARTESIAN_POINT ( 'NONE',  ( 2.450000000000000178, -2.000000000000000000, -9.199999999999999289 ) ) ;
#6587 = VERTEX_POINT ( 'NONE', #4222 ) ;
#6588 = DIRECTION ( 'NONE',  ( 0.000000000000000000, 0.000000000000000000, -1.000000000000000000 ) ) ;
#6589 = CARTESIAN_POINT ( 'NONE',  ( 9.650000000000000355, -1.084202172485504434E-16, -9.500000000000000000 ) ) ;
#6590 = CARTESIAN_POINT ( 'NONE',  ( 7.150000000000000355, -1.084202172485504434E-16, -8.900000000000000355 ) ) ;
#6591 = PLANE ( 'NONE',  #91 ) ;
#6592 = CARTESIAN_POINT ( 'NONE',  ( 2.750000000000000444, -1.084202172485504434E-16, -9.500000000000000000 ) ) ;
#6593 = LINE ( 'NONE', #449, #6843 ) ;
#6594 = CARTESIAN_POINT ( 'NONE',  ( 0.8000000000000004885, 3.050000000000000266, -7.000000000000000000 ) ) ;
#6595 = VERTEX_POINT ( 'NONE', #5631 ) ;
#6596 = FACE_OUTER_BOUND ( 'NONE', #5269, .T. ) ;
#6597 = EDGE_CURVE ( 'NONE', #517, #7733, #4930, .T. ) ;
#6598 =( NAMED_UNIT ( * ) SI_UNIT ( $, .STERADIAN. ) SOLID_ANGLE_UNIT ( ) );
#6599 = DIRECTION ( 'NONE',  ( 0.000000000000000000, -0.7071067811865496822, 0.7071067811865453523 ) ) ;
#6600 = AXIS2_PLACEMENT_3D ( 'NONE', #9737, #8098, #4427 ) ;
#6601 = DIRECTION ( 'NONE',  ( 0.000000000000000000, -1.000000000000000000, 0.000000000000000000 ) ) ;
#6602 = CYLINDRICAL_SURFACE ( 'NONE', #388, 1.199999999999999734 ) ;
#6603 = CARTESIAN_POINT ( 'NONE',  ( 7.150000000000000355, 3.649999999999999911, -0.4000000000000009104 ) ) ;
#6604 = CARTESIAN_POINT ( 'NONE',  ( 21.60000000000000142, 6.099999999999999645, -11.50000000000000000 ) ) ;
#6605 = ORIENTED_EDGE ( 'NONE', *, *, #4854, .F. ) ;
#6606 = ORIENTED_EDGE ( 'NONE', *, *, #4368, .T. ) ;
#6607 =( GEOMETRIC_REPRESENTATION_CONTEXT ( 3 ) GLOBAL_UNCERTAINTY_ASSIGNED_CONTEXT ( ( #5113 ) ) GLOBAL_UNIT_ASSIGNED_CONTEXT ( ( #1011, #7983, #9150 ) ) REPRESENTATION_CONTEXT ( 'NONE', 'WORKASPACE' ) );
#6608 = CARTESIAN_POINT ( 'NONE',  ( 12.75000000000000178, 6.099999999999999645, -6.200000000000000178 ) ) ;
#6609 = CARTESIAN_POINT ( 'NONE',  ( 12.75000000000000178, -1.084202172485504434E-16, -9.500000000000000000 ) ) ;
#6610 = UNCERTAINTY_MEASURE_WITH_UNIT (LENGTH_MEASURE( 1.000000000000000082E-05 ), #7980, 'distance_accuracy_value', 'NONE');
#6611 = FILL_AREA_STYLE ('',( #1867 ) ) ;
#6612 = PRESENTATION_STYLE_ASSIGNMENT (( #8856 ) ) ;
#6613 = DIRECTION ( 'NONE',  ( 1.000000000000000000, 0.000000000000000000, 0.000000000000000000 ) ) ;
#6614 = VECTOR ( 'NONE', #8502, 1000.000000000000000 ) ;
#6615 = PRESENTATION_STYLE_ASSIGNMENT (( #4916 ) ) ;
#6616 = ADVANCED_FACE ( 'NONE', ( #4173 ), #9623, .F. ) ;
#6617 = CARTESIAN_POINT ( 'NONE',  ( 17.75000000000000000, 3.050000000000000266, -7.000000000000000000 ) ) ;
#6618 = FILL_AREA_STYLE ('',( #423 ) ) ;
#6619 = ORIENTED_EDGE ( 'NONE', *, *, #8289, .T. ) ;
#6620 =( NAMED_UNIT ( * ) PLANE_ANGLE_UNIT ( ) SI_UNIT ( $, .RADIAN. ) );
#6621 = VERTEX_POINT ( 'NONE', #1977 ) ;
#6622 = VERTEX_POINT ( 'NONE', #371 ) ;
#6623 = CARTESIAN_POINT ( 'NONE',  ( 0.000000000000000000, 6.099999999999999645, 0.000000000000000000 ) ) ;
#6624 = CARTESIAN_POINT ( 'NONE',  ( 20.25000000000000000, 2.449999999999999734, -9.500000000000000000 ) ) ;
#6625 = DIRECTION ( 'NONE',  ( 0.000000000000000000, 0.000000000000000000, -1.000000000000000000 ) ) ;
#6626 = FACE_BOUND ( 'NONE', #1638, .T. ) ;
#6627 = UNCERTAINTY_MEASURE_WITH_UNIT (LENGTH_MEASURE( 1.000000000000000082E-05 ), #8824, 'distance_accuracy_value', 'NONE');
#6628 = SURFACE_STYLE_FILL_AREA ( #2792 ) ;
#6629 = VECTOR ( 'NONE', #2164, 1000.000000000000000 ) ;
#6630 = FACE_OUTER_BOUND ( 'NONE', #5581, .T. ) ;
#6631 = ADVANCED_FACE ( 'NONE', ( #3468 ), #8037, .T. ) ;
#6632 = ORIENTED_EDGE ( 'NONE', *, *, #3078, .T. ) ;
#6633 =( NAMED_UNIT ( * ) PLANE_ANGLE_UNIT ( ) SI_UNIT ( $, .RADIAN. ) );
#6634 = PRESENTATION_LAYER_ASSIGNMENT (  '', '', ( #8237 ) ) ;
#6635 = DIRECTION ( 'NONE',  ( 0.000000000000000000, 0.000000000000000000, 1.000000000000000000 ) ) ;
#6636 = ORIENTED_EDGE ( 'NONE', *, *, #3497, .F. ) ;
#6637 = EDGE_CURVE ( 'NONE', #6461, #2233, #5678, .T. ) ;
#6638 = FACE_OUTER_BOUND ( 'NONE', #5542, .T. ) ;
#6639 = VECTOR ( 'NONE', #5141, 1000.000000000000000 ) ;
#6640 = SURFACE_STYLE_USAGE ( .BOTH. , #4286 ) ;
#6641 = SURFACE_STYLE_USAGE ( .BOTH. , #7445 ) ;
#6642 = EDGE_CURVE ( 'NONE', #6575, #3999, #1372, .T. ) ;
#6643 = PLANE ( 'NONE',  #6044 ) ;
#6644 = MECHANICAL_DESIGN_GEOMETRIC_PRESENTATION_REPRESENTATION (  '', ( #514 ), #5361 ) ;
#6645 = CARTESIAN_POINT ( 'NONE',  ( 2.750000000000000444, -1.084202172485504434E-16, -8.900000000000000355 ) ) ;
#6646 = SURFACE_STYLE_FILL_AREA ( #2050 ) ;
#6647 =( GEOMETRIC_REPRESENTATION_CONTEXT ( 3 ) GLOBAL_UNCERTAINTY_ASSIGNED_CONTEXT ( ( #6145 ) ) GLOBAL_UNIT_ASSIGNED_CONTEXT ( ( #9368, #2352, #1730 ) ) REPRESENTATION_CONTEXT ( 'NONE', 'WORKASPACE' ) );
#6648 = CARTESIAN_POINT ( 'NONE',  ( 19.95000000000000284, 0.000000000000000000, -9.199999999999999289 ) ) ;
#6649 = DIRECTION ( 'NONE',  ( -1.000000000000000000, -0.000000000000000000, 0.000000000000000000 ) ) ;
#6650 = ORIENTED_EDGE ( 'NONE', *, *, #1802, .F. ) ;
#6651 =( LENGTH_UNIT ( ) NAMED_UNIT ( * ) SI_UNIT ( .MILLI., .METRE. ) );
#6652 = SURFACE_STYLE_FILL_AREA ( #8794 ) ;
#6653 = ADVANCED_FACE ( 'NONE', ( #2081 ), #4469, .F. ) ;
#6654 = AXIS2_PLACEMENT_3D ( 'NONE', #2849, #8374, #1467 ) ;
#6655 =( LENGTH_UNIT ( ) NAMED_UNIT ( * ) SI_UNIT ( .MILLI., .METRE. ) );
#6656 = CARTESIAN_POINT ( 'NONE',  ( 7.616666666666666252, 3.183333333333333570, -0.2666666666666667185 ) ) ;
#6657 = FACE_OUTER_BOUND ( 'NONE', #133, .T. ) ;
#6658 = LINE ( 'NONE', #5916, #8735 ) ;
#6659 = ORIENTED_EDGE ( 'NONE', *, *, #6016, .F. ) ;
#6660 = VERTEX_POINT ( 'NONE', #2237 ) ;
#6661 = AXIS2_PLACEMENT_3D ( 'NONE', #7837, #4164, #1672 ) ;
#6662 = AXIS2_PLACEMENT_3D ( 'NONE', #507, #5055, #3601 ) ;
#6663 = PRESENTATION_LAYER_ASSIGNMENT (  '', '', ( #5379 ) ) ;
#6664 = DIRECTION ( 'NONE',  ( 0.000000000000000000, -1.000000000000000000, 0.000000000000000000 ) ) ;
#6665 = FILL_AREA_STYLE ('',( #2174 ) ) ;
#6666 = DIRECTION ( 'NONE',  ( 0.000000000000000000, 0.000000000000000000, -1.000000000000000000 ) ) ;
#6667 = CARTESIAN_POINT ( 'NONE',  ( 15.25000000000000178, -1.084202172485504434E-16, -9.500000000000000000 ) ) ;
#6668 = STYLED_ITEM ( 'NONE', ( #6752 ), #5224 ) ;
#6669 = PLANE ( 'NONE',  #1618 ) ;
#6670 = CARTESIAN_POINT ( 'NONE',  ( 7.349999999999999645, 3.450000000000000178, -0.2000000000000000111 ) ) ;
#6671 = CARTESIAN_POINT ( 'NONE',  ( 4.650000000000000355, -1.084202172485504434E-16, -8.900000000000000355 ) ) ;
#6672 = MECHANICAL_DESIGN_GEOMETRIC_PRESENTATION_REPRESENTATION (  '', ( #3800 ), #4275 ) ;
#6673 = ORIENTED_EDGE ( 'NONE', *, *, #7929, .F. ) ;
#6674 = ORIENTED_EDGE ( 'NONE', *, *, #6808, .T. ) ;
#6675 = VERTEX_POINT ( 'NONE', #4324 ) ;
#6676 = PLANE ( 'NONE',  #8488 ) ;
#6677 = VECTOR ( 'NONE', #4539, 1000.000000000000000 ) ;
#6678 = PRESENTATION_LAYER_ASSIGNMENT (  '', '', ( #1028 ) ) ;
#6679 = LINE ( 'NONE', #7583, #2469 ) ;
#6680 = AXIS2_PLACEMENT_3D ( 'NONE', #1597, #7752, #840 ) ;
#6681 = FILL_AREA_STYLE ('',( #9815 ) ) ;
#6682 = PRESENTATION_LAYER_ASSIGNMENT (  '', '', ( #246 ) ) ;
#6683 = PRESENTATION_LAYER_ASSIGNMENT (  '', '', ( #1035 ) ) ;
#6684 = CARTESIAN_POINT ( 'NONE',  ( 7.150000000000000355, -1.084202172485504434E-16, -8.900000000000000355 ) ) ;
#6685 = VECTOR ( 'NONE', #3060, 1000.000000000000000 ) ;
#6686 = ORIENTED_EDGE ( 'NONE', *, *, #6104, .F. ) ;
#6687 =( NAMED_UNIT ( * ) SI_UNIT ( $, .STERADIAN. ) SOLID_ANGLE_UNIT ( ) );
#6688 = MECHANICAL_DESIGN_GEOMETRIC_PRESENTATION_REPRESENTATION (  '', ( #9400 ), #3154 ) ;
#6689 = ORIENTED_EDGE ( 'NONE', *, *, #8004, .T. ) ;
#6690 = DIRECTION ( 'NONE',  ( 0.000000000000000000, 1.000000000000000000, 0.000000000000000000 ) ) ;
#6691 = VECTOR ( 'NONE', #5729, 1000.000000000000000 ) ;
#6692 = COLOUR_RGB ( '',0.7529411764705882248, 0.7529411764705882248, 0.7529411764705882248 ) ;
#6693 = SURFACE_STYLE_USAGE ( .BOTH. , #5326 ) ;
#6694 = AXIS2_PLACEMENT_3D ( 'NONE', #3142, #3758, #4552 ) ;
#6696 = ADVANCED_FACE ( 'NONE', ( #7384 ), #8970, .T. ) ;
#6695 = CARTESIAN_POINT ( 'NONE',  ( 7.750000000000000000, -1.084202172485504434E-16, -8.900000000000000355 ) ) ;
#6697 = AXIS2_PLACEMENT_3D ( 'NONE', #7863, #9399, #6360 ) ;
#6698 = EDGE_CURVE ( 'NONE', #4596, #2845, #4621, .T. ) ;
#6699 = AXIS2_PLACEMENT_3D ( 'NONE', #3972, #9271, #778 ) ;
#6700 = CARTESIAN_POINT ( 'NONE',  ( 15.25000000000000178, -1.084202172485504434E-16, -8.900000000000000355 ) ) ;
#6701 = DIRECTION ( 'NONE',  ( -1.000000000000000000, 0.000000000000000000, 0.000000000000000000 ) ) ;
#6702 = SURFACE_SIDE_STYLE ('',( #3638 ) ) ;
#6703 = VERTEX_POINT ( 'NONE', #7585 ) ;
#6704 = SURFACE_STYLE_FILL_AREA ( #5041 ) ;
#6705 = ADVANCED_FACE ( 'NONE', ( #3010 ), #5125, .F. ) ;
#6706 = STYLED_ITEM ( 'NONE', ( #3359 ), #6764 ) ;
#6707 = DIRECTION ( 'NONE',  ( 0.000000000000000000, 0.000000000000000000, -1.000000000000000000 ) ) ;
#6708 = DIRECTION ( 'NONE',  ( -0.5773502691896259531, 0.5773502691896239547, -0.5773502691896273964 ) ) ;
#6709 = SURFACE_STYLE_USAGE ( .BOTH. , #3039 ) ;
#6710 = DIRECTION ( 'NONE',  ( 0.000000000000000000, 0.000000000000000000, -1.000000000000000000 ) ) ;
#6711 = ORIENTED_EDGE ( 'NONE', *, *, #116, .T. ) ;
#6712 = EDGE_CURVE ( 'NONE', #1571, #7579, #7832, .T. ) ;
#6713 = VERTEX_POINT ( 'NONE', #5567 ) ;
#6714 = VECTOR ( 'NONE', #8725, 1000.000000000000000 ) ;
#6715 = CARTESIAN_POINT ( 'NONE',  ( 17.44999999999999929, 0.000000000000000000, -9.199999999999999289 ) ) ;
#6716 = PRESENTATION_LAYER_ASSIGNMENT (  '', '', ( #9098 ) ) ;
#6717 = MECHANICAL_DESIGN_GEOMETRIC_PRESENTATION_REPRESENTATION (  '', ( #4952 ), #4637 ) ;
#6718 = DIRECTION ( 'NONE',  ( 0.5773502691896225114, 0.5773502691896255090, -0.5773502691896291728 ) ) ;
#6719 = UNCERTAINTY_MEASURE_WITH_UNIT (LENGTH_MEASURE( 1.000000000000000082E-05 ), #5672, 'distance_accuracy_value', 'NONE');
#6720 = CARTESIAN_POINT ( 'NONE',  ( 12.75000000000000178, -1.084202172485504434E-16, -9.500000000000000000 ) ) ;
#6721 =( NAMED_UNIT ( * ) PLANE_ANGLE_UNIT ( ) SI_UNIT ( $, .RADIAN. ) );
#6722 =( NAMED_UNIT ( * ) SI_UNIT ( $, .STERADIAN. ) SOLID_ANGLE_UNIT ( ) );
#6723 = LINE ( 'NONE', #8317, #666 ) ;
#6724 = ORIENTED_EDGE ( 'NONE', *, *, #951, .F. ) ;
#6725 = EDGE_LOOP ( 'NONE', ( #4304, #4950, #3331, #8646 ) ) ;
#6726 =( GEOMETRIC_REPRESENTATION_CONTEXT ( 3 ) GLOBAL_UNCERTAINTY_ASSIGNED_CONTEXT ( ( #4910 ) ) GLOBAL_UNIT_ASSIGNED_CONTEXT ( ( #976, #4828, #3219 ) ) REPRESENTATION_CONTEXT ( 'NONE', 'WORKASPACE' ) );
#6727 = ORIENTED_EDGE ( 'NONE', *, *, #9258, .F. ) ;
#6728 =( NAMED_UNIT ( * ) SI_UNIT ( $, .STERADIAN. ) SOLID_ANGLE_UNIT ( ) );
#6729 = SURFACE_STYLE_FILL_AREA ( #6881 ) ;
#6730 = DIRECTION ( 'NONE',  ( -0.000000000000000000, -1.000000000000000000, -0.000000000000000000 ) ) ;
#6731 = UNCERTAINTY_MEASURE_WITH_UNIT (LENGTH_MEASURE( 1.000000000000000082E-05 ), #3072, 'distance_accuracy_value', 'NONE');
#6732 = CIRCLE ( 'NONE', #9282, 0.5999999999999998668 ) ;
#6733 = VECTOR ( 'NONE', #9450, 1000.000000000000000 ) ;
#6734 = DIRECTION ( 'NONE',  ( -0.5773502691896241767, 0.5773502691896246208, -0.5773502691896282846 ) ) ;
#6735 = ORIENTED_EDGE ( 'NONE', *, *, #8589, .T. ) ;
#6736 = CARTESIAN_POINT ( 'NONE',  ( 20.25000000000000000, 3.250000000000000000, -0.2000000000000000111 ) ) ;
#6737 = ORIENTED_EDGE ( 'NONE', *, *, #3876, .F. ) ;
#6738 = CARTESIAN_POINT ( 'NONE',  ( 12.15000000000000036, 3.050000000000000266, -0.4000000000000009104 ) ) ;
#6739 = ORIENTED_EDGE ( 'NONE', *, *, #3071, .F. ) ;
#6740 = DIRECTION ( 'NONE',  ( 0.000000000000000000, -1.000000000000000000, 0.000000000000000000 ) ) ;
#6741 = LINE ( 'NONE', #4571, #4859 ) ;
#6742 = SURFACE_STYLE_FILL_AREA ( #8245 ) ;
#6743 =( NAMED_UNIT ( * ) SI_UNIT ( $, .STERADIAN. ) SOLID_ANGLE_UNIT ( ) );
#6744 = DIRECTION ( 'NONE',  ( 1.000000000000000000, 0.000000000000000000, 0.000000000000000000 ) ) ;
#6745 = UNCERTAINTY_MEASURE_WITH_UNIT (LENGTH_MEASURE( 1.000000000000000082E-05 ), #6176, 'distance_accuracy_value', 'NONE');
#6746 = ADVANCED_FACE ( 'NONE', ( #2337 ), #7771, .T. ) ;
#6747 = ORIENTED_EDGE ( 'NONE', *, *, #9442, .T. ) ;
#6748 = CARTESIAN_POINT ( 'NONE',  ( 21.60000000000000142, 5.299999999999998934, -3.200000000000000178 ) ) ;
#6749 = FILL_AREA_STYLE_COLOUR ( '', #2207 ) ;
#6750 = ADVANCED_FACE ( 'NONE', ( #1575 ), #6924, .F. ) ;
#6751 = FILL_AREA_STYLE ('',( #604 ) ) ;
#6752 = PRESENTATION_STYLE_ASSIGNMENT (( #454 ) ) ;
#6753 = PLANE ( 'NONE',  #4383 ) ;
#6754 = AXIS2_PLACEMENT_3D ( 'NONE', #4134, #5528, #5635 ) ;
#6755 = EDGE_CURVE ( 'NONE', #5907, #6991, #3916, .T. ) ;
#6756 = CARTESIAN_POINT ( 'NONE',  ( 12.75000000000000178, 3.050000000000000266, -8.300000000000000711 ) ) ;
#6757 = EDGE_LOOP ( 'NONE', ( #7423, #7338, #2768, #8034 ) ) ;
#6758 = VERTEX_POINT ( 'NONE', #9607 ) ;
#6759 = PRESENTATION_STYLE_ASSIGNMENT (( #9515 ) ) ;
#6760 = ADVANCED_FACE ( 'NONE', ( #5714 ), #1005, .T. ) ;
#6761 = CARTESIAN_POINT ( 'NONE',  ( 12.15000000000000036, 6.099999999999999645, -6.200000000000000178 ) ) ;
#6762 = CARTESIAN_POINT ( 'NONE',  ( 12.75000000000000178, 3.050000000000000266, -7.000000000000000000 ) ) ;
#6763 =( NAMED_UNIT ( * ) SI_UNIT ( $, .STERADIAN. ) SOLID_ANGLE_UNIT ( ) );
#6764 = ADVANCED_FACE ( 'NONE', ( #8757 ), #9506, .F. ) ;
#6765 = PRESENTATION_STYLE_ASSIGNMENT (( #5264 ) ) ;
#6766 = PLANE ( 'NONE',  #6694 ) ;
#6767 = LINE ( 'NONE', #9058, #6955 ) ;
#6768 = DIRECTION ( 'NONE',  ( 0.000000000000000000, 0.000000000000000000, -1.000000000000000000 ) ) ;
#6769 =( LENGTH_UNIT ( ) NAMED_UNIT ( * ) SI_UNIT ( .MILLI., .METRE. ) );
#6770 = ORIENTED_EDGE ( 'NONE', *, *, #8184, .T. ) ;
#6771 = EDGE_LOOP ( 'NONE', ( #541, #8210, #927, #8733 ) ) ;
#6772 = AXIS2_PLACEMENT_3D ( 'NONE', #1113, #8026, #7326 ) ;
#6773 = VERTEX_POINT ( 'NONE', #4060 ) ;
#6774 = CARTESIAN_POINT ( 'NONE',  ( 22.39999999999999858, 4.499999999999999112, 0.000000000000000000 ) ) ;
#6775 = PRESENTATION_LAYER_ASSIGNMENT (  '', '', ( #7408 ) ) ;
#6776 =( NAMED_UNIT ( * ) PLANE_ANGLE_UNIT ( ) SI_UNIT ( $, .RADIAN. ) );
#6777 = CARTESIAN_POINT ( 'NONE',  ( 19.95000000000000284, 0.000000000000000000, -9.199999999999999289 ) ) ;
#6778 = ORIENTED_EDGE ( 'NONE', *, *, #1875, .T. ) ;
#6779 = DIRECTION ( 'NONE',  ( 0.000000000000000000, 0.000000000000000000, -1.000000000000000000 ) ) ;
#6780 = ORIENTED_EDGE ( 'NONE', *, *, #831, .F. ) ;
#6781 = ORIENTED_EDGE ( 'NONE', *, *, #2885, .T. ) ;
#6782 = VECTOR ( 'NONE', #1200, 1000.000000000000000 ) ;
#6783 = DIRECTION ( 'NONE',  ( 0.000000000000000000, 0.000000000000000000, -1.000000000000000000 ) ) ;
#6784 = DIRECTION ( 'NONE',  ( 0.000000000000000000, -0.000000000000000000, -1.000000000000000000 ) ) ;
#6785 = CARTESIAN_POINT ( 'NONE',  ( 7.150000000000000355, 3.649999999999999911, -0.2000000000000000111 ) ) ;
#6786 = FACE_OUTER_BOUND ( 'NONE', #4415, .T. ) ;
#6787 =( NAMED_UNIT ( * ) PLANE_ANGLE_UNIT ( ) SI_UNIT ( $, .RADIAN. ) );
#6788 = CARTESIAN_POINT ( 'NONE',  ( 12.75000000000000178, 3.050000000000000266, -0.4000000000000009104 ) ) ;
#6789 =( GEOMETRIC_REPRESENTATION_CONTEXT ( 3 ) GLOBAL_UNCERTAINTY_ASSIGNED_CONTEXT ( ( #6237 ) ) GLOBAL_UNIT_ASSIGNED_CONTEXT ( ( #6655, #5854, #2828 ) ) REPRESENTATION_CONTEXT ( 'NONE', 'WORKASPACE' ) );
#6790 = DIRECTION ( 'NONE',  ( 0.000000000000000000, -0.000000000000000000, 1.000000000000000000 ) ) ;
#6791 = PLANE ( 'NONE',  #3649 ) ;
#6792 = EDGE_LOOP ( 'NONE', ( #3911, #4778, #5206, #2372 ) ) ;
#6793 = DIRECTION ( 'NONE',  ( 0.5773502691896241767, 0.5773502691896246208, -0.5773502691896282846 ) ) ;
#6794 = SURFACE_STYLE_FILL_AREA ( #8303 ) ;
#6795 = STYLED_ITEM ( 'NONE', ( #1260 ), #9138 ) ;
#6796 = EDGE_CURVE ( 'NONE', #5628, #4798, #7320, .T. ) ;
#6797 = CARTESIAN_POINT ( 'NONE',  ( 20.25000000000000000, 3.050000000000000266, -0.4000000000000009104 ) ) ;
#6798 = MECHANICAL_DESIGN_GEOMETRIC_PRESENTATION_REPRESENTATION (  '', ( #1160 ), #685 ) ;
#6799 = DIRECTION ( 'NONE',  ( 1.000000000000000000, 0.000000000000000000, 0.000000000000000000 ) ) ;
#6800 = CARTESIAN_POINT ( 'NONE',  ( 3.469446951953614189E-15, 5.299999999999998934, -3.199999999999998401 ) ) ;
#6801 =( NAMED_UNIT ( * ) PLANE_ANGLE_UNIT ( ) SI_UNIT ( $, .RADIAN. ) );
#6802 = ORIENTED_EDGE ( 'NONE', *, *, #3195, .F. ) ;
#6803 = ORIENTED_EDGE ( 'NONE', *, *, #7426, .T. ) ;
#6804 = CARTESIAN_POINT ( 'NONE',  ( 15.25000000000000178, 3.050000000000000266, -8.300000000000000711 ) ) ;
#6805 = PRESENTATION_LAYER_ASSIGNMENT (  '', '', ( #2952 ) ) ;
#6806 = PRESENTATION_LAYER_ASSIGNMENT (  '', '', ( #1160 ) ) ;
#6807 = LINE ( 'NONE', #8901, #8590 ) ;
#6808 = EDGE_CURVE ( 'NONE', #4541, #7298, #416, .T. ) ;
#6809 = LINE ( 'NONE', #8214, #4015 ) ;
#6810 = FACE_OUTER_BOUND ( 'NONE', #5301, .T. ) ;
#6811 = CARTESIAN_POINT ( 'NONE',  ( 12.75000000000000178, 3.050000000000000266, -6.200000000000000178 ) ) ;
#6812 = PRESENTATION_STYLE_ASSIGNMENT (( #2179 ) ) ;
#6813 = ADVANCED_FACE ( 'NONE', ( #8700 ), #3504, .T. ) ;
#6814 = FACE_OUTER_BOUND ( 'NONE', #2859, .T. ) ;
#6815 = PRESENTATION_LAYER_ASSIGNMENT (  '', '', ( #1171 ) ) ;
#6816 = CARTESIAN_POINT ( 'NONE',  ( 2.750000000000000444, 3.050000000000000266, -0.2000000000000000111 ) ) ;
#6817 = DIRECTION ( 'NONE',  ( -0.000000000000000000, 1.000000000000000000, -0.000000000000000000 ) ) ;
#6818 = ORIENTED_EDGE ( 'NONE', *, *, #4836, .F. ) ;
#6819 = CYLINDRICAL_SURFACE ( 'NONE', #8444, 0.2999999999999999334 ) ;
#6820 = VERTEX_POINT ( 'NONE', #1357 ) ;
#6821 = PLANE ( 'NONE',  #8891 ) ;
#6822 = MECHANICAL_DESIGN_GEOMETRIC_PRESENTATION_REPRESENTATION (  '', ( #3449 ), #6980 ) ;
#6823 = EDGE_CURVE ( 'NONE', #4969, #4798, #8174, .T. ) ;
#6824 = LINE ( 'NONE', #9923, #4795 ) ;
#6825 = UNCERTAINTY_MEASURE_WITH_UNIT (LENGTH_MEASURE( 1.000000000000000082E-05 ), #7563, 'distance_accuracy_value', 'NONE');
#6826 = SURFACE_STYLE_FILL_AREA ( #5317 ) ;
#6827 = FILL_AREA_STYLE ('',( #7589 ) ) ;
#6828 = ORIENTED_EDGE ( 'NONE', *, *, #6352, .F. ) ;
#6829 = CARTESIAN_POINT ( 'NONE',  ( 7.150000000000000355, 6.099999999999999645, -6.200000000000000178 ) ) ;
#6830 = STYLED_ITEM ( 'NONE', ( #253 ), #6148 ) ;
#6831 = MECHANICAL_DESIGN_GEOMETRIC_PRESENTATION_REPRESENTATION (  '', ( #697 ), #9858 ) ;
#6832 = STYLED_ITEM ( 'NONE', ( #1449 ), #2058 ) ;
#6833 = STYLED_ITEM ( 'NONE', ( #940 ), #5288 ) ;
#6834 = VERTEX_POINT ( 'NONE', #6762 ) ;
#6835 = ADVANCED_FACE ( 'NONE', ( #5967 ), #5110, .T. ) ;
#6836 = EDGE_LOOP ( 'NONE', ( #8322, #8684, #9586, #9296, #7475, #1395, #1542, #7720, #7082, #8081 ) ) ;
#6837 = FILL_AREA_STYLE_COLOUR ( '', #7482 ) ;
#6838 = SURFACE_SIDE_STYLE ('',( #9027 ) ) ;
#6839 = CARTESIAN_POINT ( 'NONE',  ( 12.75000000000000178, -1.084202172485504434E-16, -9.500000000000000000 ) ) ;
#6840 = STYLED_ITEM ( 'NONE', ( #3107 ), #9670 ) ;
#6841 = CARTESIAN_POINT ( 'NONE',  ( 9.650000000000000355, 3.649999999999999911, -6.200000000000000178 ) ) ;
#6842 = UNCERTAINTY_MEASURE_WITH_UNIT (LENGTH_MEASURE( 1.000000000000000082E-05 ), #1804, 'distance_accuracy_value', 'NONE');
#6843 = VECTOR ( 'NONE', #4293, 1000.000000000000000 ) ;
#6844 = PRESENTATION_LAYER_ASSIGNMENT (  '', '', ( #2502 ) ) ;
#6845 =( NAMED_UNIT ( * ) PLANE_ANGLE_UNIT ( ) SI_UNIT ( $, .RADIAN. ) );
#6846 =( NAMED_UNIT ( * ) PLANE_ANGLE_UNIT ( ) SI_UNIT ( $, .RADIAN. ) );
#6847 = VECTOR ( 'NONE', #3854, 1000.000000000000114 ) ;
#6848 = DIRECTION ( 'NONE',  ( 0.000000000000000000, 0.000000000000000000, -1.000000000000000000 ) ) ;
#6849 = PLANE ( 'NONE',  #7782 ) ;
#6850 = PLANE ( 'NONE',  #9886 ) ;
#6851 = VERTEX_POINT ( 'NONE', #9650 ) ;
#6852 = AXIS2_PLACEMENT_3D ( 'NONE', #5275, #9161, #2396 ) ;
#6853 = FILL_AREA_STYLE ('',( #2303 ) ) ;
#6854 = SURFACE_SIDE_STYLE ('',( #4644 ) ) ;
#6855 = VECTOR ( 'NONE', #6934, 1000.000000000000000 ) ;
#6856 = STYLED_ITEM ( 'NONE', ( #2574 ), #7736 ) ;
#6857 = DIRECTION ( 'NONE',  ( 0.000000000000000000, 0.000000000000000000, -1.000000000000000000 ) ) ;
#6858 = STYLED_ITEM ( 'NONE', ( #4137 ), #2377 ) ;
#6859 = CARTESIAN_POINT ( 'NONE',  ( 19.95000000000000284, -2.000000000000000000, -9.199999999999999289 ) ) ;
#6860 = FILL_AREA_STYLE_COLOUR ( '', #4756 ) ;
#6861 = CARTESIAN_POINT ( 'NONE',  ( 19.65000000000000213, 3.649999999999999911, -8.300000000000000711 ) ) ;
#6862 = COLOUR_RGB ( '',0.7529411764705882248, 0.7529411764705882248, 0.7529411764705882248 ) ;
#6863 = VERTEX_POINT ( 'NONE', #5814 ) ;
#6864 = ORIENTED_EDGE ( 'NONE', *, *, #9377, .F. ) ;
#6865 = CARTESIAN_POINT ( 'NONE',  ( 5.250000000000000000, -1.084202172485504434E-16, -8.900000000000000355 ) ) ;
#6866 = VECTOR ( 'NONE', #434, 1000.000000000000000 ) ;
#6867 = DIRECTION ( 'NONE',  ( -0.7071067811865500152, 0.000000000000000000, -0.7071067811865451302 ) ) ;
#6868 = CARTESIAN_POINT ( 'NONE',  ( 0.8000000000000001554, 3.400999629766754850, -9.940577563865236499 ) ) ;
#6869 = CARTESIAN_POINT ( 'NONE',  ( 18.95000000000000284, 5.299999999999998934, -3.700000000000000178 ) ) ;
#6870 = STYLED_ITEM ( 'NONE', ( #1409 ), #6879 ) ;
#6871 = CARTESIAN_POINT ( 'NONE',  ( 15.25000000000000178, 3.050000000000000266, -0.2000000000000000111 ) ) ;
#6872 = PRESENTATION_STYLE_ASSIGNMENT (( #5414 ) ) ;
#6873 =( NAMED_UNIT ( * ) PLANE_ANGLE_UNIT ( ) SI_UNIT ( $, .RADIAN. ) );
#6874 = DIRECTION ( 'NONE',  ( 0.000000000000000000, -1.000000000000000000, 0.000000000000000000 ) ) ;
#6875 = EDGE_LOOP ( 'NONE', ( #4518, #168, #5452, #155 ) ) ;
#6876 = VECTOR ( 'NONE', #384, 1000.000000000000000 ) ;
#6877 = FILL_AREA_STYLE_COLOUR ( '', #1843 ) ;
#6878 = ORIENTED_EDGE ( 'NONE', *, *, #464, .T. ) ;
#6879 = ADVANCED_FACE ( 'NONE', ( #2772 ), #3703, .T. ) ;
#6880 = MECHANICAL_DESIGN_GEOMETRIC_PRESENTATION_REPRESENTATION (  '', ( #8944 ), #4309 ) ;
#6881 = FILL_AREA_STYLE ('',( #5938 ) ) ;
#6882 = CARTESIAN_POINT ( 'NONE',  ( 4.950000000000000178, -2.000000000000000000, -9.199999999999999289 ) ) ;
#6883 = EDGE_CURVE ( 'NONE', #5848, #3871, #8461, .T. ) ;
#6884 = CARTESIAN_POINT ( 'NONE',  ( 20.40000000000000213, 5.299999999999998934, -3.100000000000000533 ) ) ;
#6885 = CARTESIAN_POINT ( 'NONE',  ( 19.65000000000000213, -1.084202172485504434E-16, -8.900000000000000355 ) ) ;
#6886 = CARTESIAN_POINT ( 'NONE',  ( 5.250000000000000000, -1.084202172485504434E-16, -9.500000000000000000 ) ) ;
#6887 = MECHANICAL_DESIGN_GEOMETRIC_PRESENTATION_REPRESENTATION (  '', ( #1234 ), #6726 ) ;
#6888 = ORIENTED_EDGE ( 'NONE', *, *, #8827, .F. ) ;
#6889 = LINE ( 'NONE', #5374, #6685 ) ;
#6890 = EDGE_CURVE ( 'NONE', #8222, #5050, #1607, .T. ) ;
#6891 = ORIENTED_EDGE ( 'NONE', *, *, #5274, .F. ) ;
#6892 = DIRECTION ( 'NONE',  ( 0.000000000000000000, 0.000000000000000000, -1.000000000000000000 ) ) ;
#6893 = EDGE_LOOP ( 'NONE', ( #2743, #7951, #1108, #6024 ) ) ;
#6894 = CYLINDRICAL_SURFACE ( 'NONE', #9179, 1.199999999999999734 ) ;
#6895 =( LENGTH_UNIT ( ) NAMED_UNIT ( * ) SI_UNIT ( .MILLI., .METRE. ) );
#6896 = FACE_OUTER_BOUND ( 'NONE', #2400, .T. ) ;
#6897 = MECHANICAL_DESIGN_GEOMETRIC_PRESENTATION_REPRESENTATION (  '', ( #776 ), #1885 ) ;
#6898 = VECTOR ( 'NONE', #1746, 1000.000000000000000 ) ;
#6899 = LINE ( 'NONE', #4480, #1227 ) ;
#6900 = LINE ( 'NONE', #6058, #9316 ) ;
#6901 = LINE ( 'NONE', #105, #6996 ) ;
#6902 = EDGE_CURVE ( 'NONE', #8507, #2109, #7819, .T. ) ;
#6903 = SURFACE_SIDE_STYLE ('',( #1393 ) ) ;
#6904 = PRESENTATION_STYLE_ASSIGNMENT (( #9172 ) ) ;
#6905 = ORIENTED_EDGE ( 'NONE', *, *, #1020, .F. ) ;
#6906 = FACE_OUTER_BOUND ( 'NONE', #3428, .T. ) ;
#6907 = PRESENTATION_STYLE_ASSIGNMENT (( #7806 ) ) ;
#6908 = CARTESIAN_POINT ( 'NONE',  ( 4.650000000000000355, 2.450000000000000178, -8.900000000000000355 ) ) ;
#6909 = LINE ( 'NONE', #6211, #7955 ) ;
#6910 = ORIENTED_EDGE ( 'NONE', *, *, #8283, .T. ) ;
#6911 = ORIENTED_EDGE ( 'NONE', *, *, #6940, .T. ) ;
#6912 = DIRECTION ( 'NONE',  ( -1.000000000000000000, -0.000000000000000000, -0.000000000000000000 ) ) ;
#6913 = DIRECTION ( 'NONE',  ( 0.000000000000000000, 0.000000000000000000, -1.000000000000000000 ) ) ;
#6914 = PLANE ( 'NONE',  #2017 ) ;
#6915 = DIRECTION ( 'NONE',  ( -1.000000000000000000, -0.000000000000000000, -0.000000000000000000 ) ) ;
#6916 = PRESENTATION_STYLE_ASSIGNMENT (( #7626 ) ) ;
#6917 = SURFACE_SIDE_STYLE ('',( #8470 ) ) ;
#6918 = ORIENTED_EDGE ( 'NONE', *, *, #418, .T. ) ;
#6919 = SURFACE_STYLE_FILL_AREA ( #3051 ) ;
#6920 = EDGE_LOOP ( 'NONE', ( #6329, #6918, #9111, #9295 ) ) ;
#6921 = AXIS2_PLACEMENT_3D ( 'NONE', #1487, #6988, #5332 ) ;
#6922 = CARTESIAN_POINT ( 'NONE',  ( 0.8000000000000000444, 0.8000000000000000444, -6.200000000000000178 ) ) ;
#6923 = FILL_AREA_STYLE ('',( #5468 ) ) ;
#6924 = PLANE ( 'NONE',  #3986 ) ;
#6925 = FACE_OUTER_BOUND ( 'NONE', #8954, .T. ) ;
#6926 = UNCERTAINTY_MEASURE_WITH_UNIT (LENGTH_MEASURE( 1.000000000000000082E-05 ), #9590, 'distance_accuracy_value', 'NONE');
#6927 = DIRECTION ( 'NONE',  ( 0.000000000000000000, 1.000000000000000000, 0.000000000000000000 ) ) ;
#6928 = ADVANCED_FACE ( 'NONE', ( #701 ), #3816, .T. ) ;
#6929 = CARTESIAN_POINT ( 'NONE',  ( 5.250000000000000000, -1.084202172485504434E-16, -9.500000000000000000 ) ) ;
#6930 = VECTOR ( 'NONE', #6857, 1000.000000000000000 ) ;
#6931 = DIRECTION ( 'NONE',  ( 0.000000000000000000, 0.000000000000000000, -1.000000000000000000 ) ) ;
#6932 = VERTEX_POINT ( 'NONE', #3190 ) ;
#6933 = EDGE_LOOP ( 'NONE', ( #4331, #9363, #6935, #3032 ) ) ;
#6934 = DIRECTION ( 'NONE',  ( 0.000000000000000000, 0.000000000000000000, 1.000000000000000000 ) ) ;
#6935 = ORIENTED_EDGE ( 'NONE', *, *, #3078, .F. ) ;
#6936 = FILL_AREA_STYLE_COLOUR ( '', #5382 ) ;
#6937 = MECHANICAL_DESIGN_GEOMETRIC_PRESENTATION_REPRESENTATION (  '', ( #3238 ), #2590 ) ;
#6938 = UNCERTAINTY_MEASURE_WITH_UNIT (LENGTH_MEASURE( 1.000000000000000082E-05 ), #6651, 'distance_accuracy_value', 'NONE');
#6939 = ADVANCED_FACE ( 'NONE', ( #2376 ), #5458, .T. ) ;
#6940 = EDGE_CURVE ( 'NONE', #1625, #6460, #2320, .T. ) ;
#6941 = CIRCLE ( 'NONE', #9483, 1.199999999999999734 ) ;
#6942 =( NAMED_UNIT ( * ) PLANE_ANGLE_UNIT ( ) SI_UNIT ( $, .RADIAN. ) );
#6943 = ORIENTED_EDGE ( 'NONE', *, *, #8827, .T. ) ;
#6944 = DIRECTION ( 'NONE',  ( 0.000000000000000000, -1.000000000000000000, 0.000000000000000000 ) ) ;
#6945 = CARTESIAN_POINT ( 'NONE',  ( 12.75000000000000178, -1.084202172485504434E-16, -9.500000000000000000 ) ) ;
#6946 = ADVANCED_FACE ( 'NONE', ( #6121 ), #1796, .T. ) ;
#6947 = LINE ( 'NONE', #8537, #2256 ) ;
#6948 =( NAMED_UNIT ( * ) PLANE_ANGLE_UNIT ( ) SI_UNIT ( $, .RADIAN. ) );
#6949 =( GEOMETRIC_REPRESENTATION_CONTEXT ( 3 ) GLOBAL_UNCERTAINTY_ASSIGNED_CONTEXT ( ( #4933 ) ) GLOBAL_UNIT_ASSIGNED_CONTEXT ( ( #4040, #3276, #7808 ) ) REPRESENTATION_CONTEXT ( 'NONE', 'WORKASPACE' ) );
#6950 = LINE ( 'NONE', #1447, #1784 ) ;
#6951 = LINE ( 'NONE', #9099, #9213 ) ;
#6952 =( LENGTH_UNIT ( ) NAMED_UNIT ( * ) SI_UNIT ( .MILLI., .METRE. ) );
#6953 = ORIENTED_EDGE ( 'NONE', *, *, #894, .F. ) ;
#6954 = ORIENTED_EDGE ( 'NONE', *, *, #8351, .F. ) ;
#6955 = VECTOR ( 'NONE', #7683, 1000.000000000000000 ) ;
#6956 = CARTESIAN_POINT ( 'NONE',  ( 10.25000000000000000, 3.649999999999999911, -6.200000000000000178 ) ) ;
#6957 =( NAMED_UNIT ( * ) PLANE_ANGLE_UNIT ( ) SI_UNIT ( $, .RADIAN. ) );
#6958 = EDGE_CURVE ( 'NONE', #8710, #619, #4375, .T. ) ;
#6959 = DIRECTION ( 'NONE',  ( 1.000000000000000000, 0.000000000000000000, 0.000000000000000000 ) ) ;
#6960 = CARTESIAN_POINT ( 'NONE',  ( 5.250000000000000000, 3.649999999999999911, -0.4000000000000009104 ) ) ;
#6961 = FILL_AREA_STYLE_COLOUR ( '', #2664 ) ;
#6962 = PLANE ( 'NONE',  #3132 ) ;
#6963 = DIRECTION ( 'NONE',  ( 1.000000000000000000, 0.000000000000000000, 0.000000000000000000 ) ) ;
#6964 = FILL_AREA_STYLE ('',( #709 ) ) ;
#6965 = DIRECTION ( 'NONE',  ( 0.000000000000000000, -0.000000000000000000, 1.000000000000000000 ) ) ;
#6966 = LINE ( 'NONE', #1464, #9673 ) ;
#6967 = MECHANICAL_DESIGN_GEOMETRIC_PRESENTATION_REPRESENTATION (  '', ( #2298 ), #3596 ) ;
#6968 = ORIENTED_EDGE ( 'NONE', *, *, #8889, .F. ) ;
#6969 = ORIENTED_EDGE ( 'NONE', *, *, #3378, .T. ) ;
#6970 = DIRECTION ( 'NONE',  ( 0.000000000000000000, 0.000000000000000000, -1.000000000000000000 ) ) ;
#6971 =( NAMED_UNIT ( * ) PLANE_ANGLE_UNIT ( ) SI_UNIT ( $, .RADIAN. ) );
#6972 = SURFACE_STYLE_USAGE ( .BOTH. , #816 ) ;
#6973 = STYLED_ITEM ( 'NONE', ( #7830 ), #3950 ) ;
#6974 = CARTESIAN_POINT ( 'NONE',  ( 17.75000000000000000, 3.050000000000000266, -0.2000000000000000111 ) ) ;
#6975 = DIRECTION ( 'NONE',  ( 0.000000000000000000, -1.000000000000000000, 0.000000000000000000 ) ) ;
#6976 = ORIENTED_EDGE ( 'NONE', *, *, #1003, .F. ) ;
#6977 = EDGE_LOOP ( 'NONE', ( #9848, #751, #7874, #9119 ) ) ;
#6978 = CARTESIAN_POINT ( 'NONE',  ( 3.469446951953614189E-15, 2.500000000000000000, -11.50000000000000533 ) ) ;
#6979 = EDGE_LOOP ( 'NONE', ( #8252, #9919, #5962, #3842, #1627 ) ) ;
#6980 =( GEOMETRIC_REPRESENTATION_CONTEXT ( 3 ) GLOBAL_UNCERTAINTY_ASSIGNED_CONTEXT ( ( #2083 ) ) GLOBAL_UNIT_ASSIGNED_CONTEXT ( ( #4257, #8215, #5925 ) ) REPRESENTATION_CONTEXT ( 'NONE', 'WORKASPACE' ) );
#6981 =( GEOMETRIC_REPRESENTATION_CONTEXT ( 3 ) GLOBAL_UNCERTAINTY_ASSIGNED_CONTEXT ( ( #6731 ) ) GLOBAL_UNIT_ASSIGNED_CONTEXT ( ( #3072, #4531, #8984 ) ) REPRESENTATION_CONTEXT ( 'NONE', 'WORKASPACE' ) );
#6982 = DIRECTION ( 'NONE',  ( 0.000000000000000000, -1.000000000000000000, 0.000000000000000000 ) ) ;
#6983 =( NAMED_UNIT ( * ) PLANE_ANGLE_UNIT ( ) SI_UNIT ( $, .RADIAN. ) );
#6984 = AXIS2_PLACEMENT_3D ( 'NONE', #1927, #5070, #8820 ) ;
#6985 = PRESENTATION_STYLE_ASSIGNMENT (( #9224 ) ) ;
#6986 =( GEOMETRIC_REPRESENTATION_CONTEXT ( 3 ) GLOBAL_UNCERTAINTY_ASSIGNED_CONTEXT ( ( #476 ) ) GLOBAL_UNIT_ASSIGNED_CONTEXT ( ( #488, #5237, #6743 ) ) REPRESENTATION_CONTEXT ( 'NONE', 'WORKASPACE' ) );
#6987 = VECTOR ( 'NONE', #3651, 1000.000000000000000 ) ;
#6988 = DIRECTION ( 'NONE',  ( 0.000000000000000000, -1.000000000000000000, 0.000000000000000000 ) ) ;
#6989 = LINE ( 'NONE', #9379, #3976 ) ;
#6990 = VECTOR ( 'NONE', #7631, 1000.000000000000000 ) ;
#6991 = VERTEX_POINT ( 'NONE', #4148 ) ;
#6992 = FILL_AREA_STYLE ('',( #2459 ) ) ;
#6993 = EDGE_CURVE ( 'NONE', #4957, #8976, #9743, .T. ) ;
#6994 = CARTESIAN_POINT ( 'NONE',  ( 7.150000000000000355, -1.084202172485504434E-16, -9.500000000000000000 ) ) ;
#6995 = STYLED_ITEM ( 'NONE', ( #2756 ), #6331 ) ;
#6996 = VECTOR ( 'NONE', #1436, 1000.000000000000000 ) ;
#6997 = STYLED_ITEM ( 'NONE', ( #5194 ), #1897 ) ;
#6998 = EDGE_CURVE ( 'NONE', #7048, #4782, #6555, .T. ) ;
#6999 = STYLED_ITEM ( 'NONE', ( #41 ), #3677 ) ;
#7000 = CIRCLE ( 'NONE', #6522, 0.5999999999999998668 ) ;
#7001 = CARTESIAN_POINT ( 'NONE',  ( 4.950000000000000178, -2.000000000000000000, -9.199999999999999289 ) ) ;
#7002 =( GEOMETRIC_REPRESENTATION_CONTEXT ( 3 ) GLOBAL_UNCERTAINTY_ASSIGNED_CONTEXT ( ( #271 ) ) GLOBAL_UNIT_ASSIGNED_CONTEXT ( ( #5027, #6633, #3721 ) ) REPRESENTATION_CONTEXT ( 'NONE', 'WORKASPACE' ) );
#7003 = FILL_AREA_STYLE ('',( #8400 ) ) ;
#7004 =( NAMED_UNIT ( * ) PLANE_ANGLE_UNIT ( ) SI_UNIT ( $, .RADIAN. ) );
#7005 = FILL_AREA_STYLE_COLOUR ( '', #3913 ) ;
#7006 = COLOUR_RGB ( '',0.7529411764705882248, 0.7529411764705882248, 0.7529411764705882248 ) ;
#7007 = LINE ( 'NONE', #4797, #2659 ) ;
#7008 = VERTEX_POINT ( 'NONE', #3577 ) ;
#7009 = EDGE_LOOP ( 'NONE', ( #4043, #5002, #147, #8447, #4202 ) ) ;
#7011 = ADVANCED_FACE ( 'NONE', ( #8935 ), #3285, .F. ) ;
#7010 = DIRECTION ( 'NONE',  ( -1.000000000000000000, 0.000000000000000000, 0.000000000000000000 ) ) ;
#7012 = ADVANCED_FACE ( 'NONE', ( #5652 ), #9495, .T. ) ;
#7013 = VECTOR ( 'NONE', #8499, 1000.000000000000000 ) ;
#7014 = CARTESIAN_POINT ( 'NONE',  ( 19.65000000000000213, -1.084202172485504434E-16, -9.500000000000000000 ) ) ;
#7015 =( GEOMETRIC_REPRESENTATION_CONTEXT ( 3 ) GLOBAL_UNCERTAINTY_ASSIGNED_CONTEXT ( ( #6122 ) ) GLOBAL_UNIT_ASSIGNED_CONTEXT ( ( #7721, #662, #1366 ) ) REPRESENTATION_CONTEXT ( 'NONE', 'WORKASPACE' ) );
#7016 = MECHANICAL_DESIGN_GEOMETRIC_PRESENTATION_REPRESENTATION (  '', ( #6856 ), #5739 ) ;
#7017 = PRESENTATION_STYLE_ASSIGNMENT (( #4601 ) ) ;
#7018 =( LENGTH_UNIT ( ) NAMED_UNIT ( * ) SI_UNIT ( .MILLI., .METRE. ) );
#7019 = VECTOR ( 'NONE', #1691, 1000.000000000000000 ) ;
#7020 = FILL_AREA_STYLE ('',( #4697 ) ) ;
#7021 = SURFACE_SIDE_STYLE ('',( #2662 ) ) ;
#7022 = CARTESIAN_POINT ( 'NONE',  ( 9.650000000000000355, 2.450000000000000178, -8.300000000000000711 ) ) ;
#7023 = AXIS2_PLACEMENT_3D ( 'NONE', #4438, #4295, #7300 ) ;
#7024 =( LENGTH_UNIT ( ) NAMED_UNIT ( * ) SI_UNIT ( .MILLI., .METRE. ) );
#7025 = ADVANCED_FACE ( 'NONE', ( #5383 ), #8295, .T. ) ;
#7026 = CARTESIAN_POINT ( 'NONE',  ( 12.75000000000000178, 3.649999999999999911, -0.2000000000000000111 ) ) ;
#7027 = COLOUR_RGB ( '',0.7529411764705882248, 0.7529411764705882248, 0.7529411764705882248 ) ;
#7028 = CARTESIAN_POINT ( 'NONE',  ( 17.75000000000000000, -1.084202172485504434E-16, -0.4000000000000010214 ) ) ;
#7029 =( LENGTH_UNIT ( ) NAMED_UNIT ( * ) SI_UNIT ( .MILLI., .METRE. ) );
#7030 = ORIENTED_EDGE ( 'NONE', *, *, #2129, .T. ) ;
#7031 = VERTEX_POINT ( 'NONE', #590 ) ;
#7032 = LINE ( 'NONE', #3204, #1488 ) ;
#7033 = COLOUR_RGB ( '',0.7529411764705882248, 0.7529411764705882248, 0.7529411764705882248 ) ;
#7034 = DIRECTION ( 'NONE',  ( -0.000000000000000000, -1.000000000000000000, -0.000000000000000000 ) ) ;
#7035 =( LENGTH_UNIT ( ) NAMED_UNIT ( * ) SI_UNIT ( .MILLI., .METRE. ) );
#7036 = PLANE ( 'NONE',  #1240 ) ;
#7037 = UNCERTAINTY_MEASURE_WITH_UNIT (LENGTH_MEASURE( 1.000000000000000082E-05 ), #487, 'distance_accuracy_value', 'NONE');
#7038 =( NAMED_UNIT ( * ) PLANE_ANGLE_UNIT ( ) SI_UNIT ( $, .RADIAN. ) );
#7039 = VERTEX_POINT ( 'NONE', #9084 ) ;
#7040 = CARTESIAN_POINT ( 'NONE',  ( 7.750000000000000000, 3.450000000000000178, -0.2000000000000000111 ) ) ;
#7041 = ORIENTED_EDGE ( 'NONE', *, *, #3389, .F. ) ;
#7042 =( NAMED_UNIT ( * ) SI_UNIT ( $, .STERADIAN. ) SOLID_ANGLE_UNIT ( ) );
#7043 = EDGE_LOOP ( 'NONE', ( #236, #8191, #4703, #2989 ) ) ;
#7044 = SURFACE_SIDE_STYLE ('',( #1630 ) ) ;
#7045 = SURFACE_STYLE_USAGE ( .BOTH. , #7737 ) ;
#7046 = UNCERTAINTY_MEASURE_WITH_UNIT (LENGTH_MEASURE( 1.000000000000000082E-05 ), #6952, 'distance_accuracy_value', 'NONE');
#7047 = FILL_AREA_STYLE ('',( #6196 ) ) ;
#7048 = VERTEX_POINT ( 'NONE', #6102 ) ;
#7049 = COLOUR_RGB ( '',0.7529411764705882248, 0.7529411764705882248, 0.7529411764705882248 ) ;
#7050 = PRESENTATION_STYLE_ASSIGNMENT (( #1594 ) ) ;
#7051 = CARTESIAN_POINT ( 'NONE',  ( 0.000000000000000000, 6.099999999999999645, -7.000000000000003553 ) ) ;
#7052 = EDGE_CURVE ( 'NONE', #3223, #572, #5951, .T. ) ;
#7053 = COLOUR_RGB ( '',0.7529411764705882248, 0.7529411764705882248, 0.7529411764705882248 ) ;
#7054 = PLANE ( 'NONE',  #6680 ) ;
#7055 = DIRECTION ( 'NONE',  ( 0.000000000000000000, -1.000000000000000000, 0.000000000000000000 ) ) ;
#7056 = LINE ( 'NONE', #3340, #703 ) ;
#7057 = VERTEX_POINT ( 'NONE', #6841 ) ;
#7058 = ORIENTED_EDGE ( 'NONE', *, *, #6796, .F. ) ;
#7059 = SURFACE_STYLE_FILL_AREA ( #901 ) ;
#7060 = DIRECTION ( 'NONE',  ( 0.000000000000000000, -1.000000000000000000, 0.000000000000000000 ) ) ;
#7061 = FILL_AREA_STYLE ('',( #8544 ) ) ;
#7062 = CARTESIAN_POINT ( 'NONE',  ( 20.25000000000000000, -1.084202172485504434E-16, -8.900000000000000355 ) ) ;
#7063 = PRESENTATION_STYLE_ASSIGNMENT (( #4007 ) ) ;
#7064 = PRESENTATION_STYLE_ASSIGNMENT (( #2473 ) ) ;
#7065 = EDGE_CURVE ( 'NONE', #7722, #628, #6899, .T. ) ;
#7066 = CARTESIAN_POINT ( 'NONE',  ( 0.8000000000000003775, 4.499999999999999112, -3.199999999999998401 ) ) ;
#7067 =( LENGTH_UNIT ( ) NAMED_UNIT ( * ) SI_UNIT ( .MILLI., .METRE. ) );
#7068 = DIRECTION ( 'NONE',  ( 0.000000000000000000, -1.000000000000000000, 0.000000000000000000 ) ) ;
#7069 = ORIENTED_EDGE ( 'NONE', *, *, #4620, .T. ) ;
#7070 = EDGE_LOOP ( 'NONE', ( #9825, #1276, #2962, #9278, #8202, #5278, #49, #9184 ) ) ;
#7071 = EDGE_CURVE ( 'NONE', #291, #1152, #5993, .T. ) ;
#7072 = DIRECTION ( 'NONE',  ( 0.000000000000000000, 1.000000000000000000, -0.000000000000000000 ) ) ;
#7073 = PRESENTATION_STYLE_ASSIGNMENT (( #8512 ) ) ;
#7074 = EDGE_CURVE ( 'NONE', #1014, #6230, #9029, .T. ) ;
#7075 = CARTESIAN_POINT ( 'NONE',  ( 12.15000000000000036, 3.649999999999999911, -0.4000000000000010214 ) ) ;
#7076 = DIRECTION ( 'NONE',  ( 0.5773502691896241767, 0.5773502691896246208, 0.5773502691896282846 ) ) ;
#7077 = SURFACE_SIDE_STYLE ('',( #7921 ) ) ;
#7078 = DIRECTION ( 'NONE',  ( -0.000000000000000000, 1.000000000000000000, -0.000000000000000000 ) ) ;
#7079 = VERTEX_POINT ( 'NONE', #3729 ) ;
#7080 =( NAMED_UNIT ( * ) PLANE_ANGLE_UNIT ( ) SI_UNIT ( $, .RADIAN. ) );
#7081 = AXIS2_PLACEMENT_3D ( 'NONE', #3545, #2621, #1105 ) ;
#7082 = ORIENTED_EDGE ( 'NONE', *, *, #1560, .T. ) ;
#7083 = LINE ( 'NONE', #3317, #2832 ) ;
#7084 = ORIENTED_EDGE ( 'NONE', *, *, #6755, .F. ) ;
#7085 = PLANE ( 'NONE',  #5038 ) ;
#7086 = CARTESIAN_POINT ( 'NONE',  ( 15.25000000000000178, 3.450000000000000178, -0.2000000000000000111 ) ) ;
#7087 = EDGE_CURVE ( 'NONE', #4214, #7246, #7600, .T. ) ;
#7088 =( NAMED_UNIT ( * ) PLANE_ANGLE_UNIT ( ) SI_UNIT ( $, .RADIAN. ) );
#7089 = PRESENTATION_LAYER_ASSIGNMENT (  '', '', ( #4685 ) ) ;
#7090 = DIRECTION ( 'NONE',  ( 0.000000000000000000, 0.000000000000000000, -1.000000000000000000 ) ) ;
#7091 = DIRECTION ( 'NONE',  ( 0.000000000000000000, 0.000000000000000000, -1.000000000000000000 ) ) ;
#7092 = ORIENTED_EDGE ( 'NONE', *, *, #8484, .T. ) ;
#7093 = MECHANICAL_DESIGN_GEOMETRIC_PRESENTATION_REPRESENTATION (  '', ( #7408 ), #9798 ) ;
#7094 =( NAMED_UNIT ( * ) SI_UNIT ( $, .STERADIAN. ) SOLID_ANGLE_UNIT ( ) );
#7095 =( NAMED_UNIT ( * ) SI_UNIT ( $, .STERADIAN. ) SOLID_ANGLE_UNIT ( ) );
#7096 = VECTOR ( 'NONE', #9760, 1000.000000000000000 ) ;
#7097 = PLANE ( 'NONE',  #5718 ) ;
#7098 = FACE_OUTER_BOUND ( 'NONE', #7862, .T. ) ;
#7099 = DIRECTION ( 'NONE',  ( 0.000000000000000000, 0.000000000000000000, -1.000000000000000000 ) ) ;
#7100 =( NAMED_UNIT ( * ) PLANE_ANGLE_UNIT ( ) SI_UNIT ( $, .RADIAN. ) );
#7101 = ORIENTED_EDGE ( 'NONE', *, *, #5799, .T. ) ;
#7102 = EDGE_LOOP ( 'NONE', ( #9061, #1154, #3547 ) ) ;
#7103 = CARTESIAN_POINT ( 'NONE',  ( 12.15000000000000036, 2.450000000000000178, -8.900000000000000355 ) ) ;
#7104 = ADVANCED_FACE ( 'NONE', ( #9830 ), #2968, .F. ) ;
#7105 = LINE ( 'NONE', #8466, #5333 ) ;
#7106 = SURFACE_SIDE_STYLE ('',( #853 ) ) ;
#7107 =( GEOMETRIC_REPRESENTATION_CONTEXT ( 3 ) GLOBAL_UNCERTAINTY_ASSIGNED_CONTEXT ( ( #1666 ) ) GLOBAL_UNIT_ASSIGNED_CONTEXT ( ( #7067, #2539, #3197 ) ) REPRESENTATION_CONTEXT ( 'NONE', 'WORKASPACE' ) );
#7108 = CARTESIAN_POINT ( 'NONE',  ( 12.75000000000000178, 3.649999999999999911, -0.4000000000000009104 ) ) ;
#7109 = DIRECTION ( 'NONE',  ( -0.000000000000000000, 1.000000000000000000, -0.000000000000000000 ) ) ;
#7110 =( NAMED_UNIT ( * ) SI_UNIT ( $, .STERADIAN. ) SOLID_ANGLE_UNIT ( ) );
#7111 = ORIENTED_EDGE ( 'NONE', *, *, #7561, .T. ) ;
#7112 = VERTEX_POINT ( 'NONE', #4785 ) ;
#7113 = VECTOR ( 'NONE', #4537, 1000.000000000000000 ) ;
#7114 = DIRECTION ( 'NONE',  ( 0.000000000000000000, 0.000000000000000000, 1.000000000000000000 ) ) ;
#7115 = ADVANCED_FACE ( 'NONE', ( #2405 ), #6391, .F. ) ;
#7116 =( NAMED_UNIT ( * ) SI_UNIT ( $, .STERADIAN. ) SOLID_ANGLE_UNIT ( ) );
#7117 =( GEOMETRIC_REPRESENTATION_CONTEXT ( 3 ) GLOBAL_UNCERTAINTY_ASSIGNED_CONTEXT ( ( #4709 ) ) GLOBAL_UNIT_ASSIGNED_CONTEXT ( ( #455, #1149, #1248 ) ) REPRESENTATION_CONTEXT ( 'NONE', 'WORKASPACE' ) );
#7118 =( NAMED_UNIT ( * ) PLANE_ANGLE_UNIT ( ) SI_UNIT ( $, .RADIAN. ) );
#7119 = UNCERTAINTY_MEASURE_WITH_UNIT (LENGTH_MEASURE( 1.000000000000000082E-05 ), #2414, 'distance_accuracy_value', 'NONE');
#7120 = EDGE_CURVE ( 'NONE', #2845, #2758, #8315, .T. ) ;
#7121 = FILL_AREA_STYLE_COLOUR ( '', #6033 ) ;
#7122 = CARTESIAN_POINT ( 'NONE',  ( 10.25000000000000000, -1.084202172485504434E-16, -9.500000000000000000 ) ) ;
#7123 = VECTOR ( 'NONE', #6701, 1000.000000000000000 ) ;
#7124 = DIRECTION ( 'NONE',  ( -1.000000000000000000, 0.000000000000000000, 0.000000000000000000 ) ) ;
#7125 = PRESENTATION_LAYER_ASSIGNMENT (  '', '', ( #3113 ) ) ;
#7126 = CARTESIAN_POINT ( 'NONE',  ( 0.8000000000000004885, 3.050000000000000266, -7.000000000000000000 ) ) ;
#7127 = PLANE ( 'NONE',  #9833 ) ;
#7128 = VERTEX_POINT ( 'NONE', #44 ) ;
#7129 = DIRECTION ( 'NONE',  ( -1.000000000000000000, -0.000000000000000000, 0.000000000000000000 ) ) ;
#7130 = ORIENTED_EDGE ( 'NONE', *, *, #9129, .T. ) ;
#7131 = LINE ( 'NONE', #8522, #6066 ) ;
#7132 = DIRECTION ( 'NONE',  ( -1.000000000000000000, 0.000000000000000000, -0.000000000000000000 ) ) ;
#7133 = PLANE ( 'NONE',  #5365 ) ;
#7134 = ADVANCED_FACE ( 'NONE', ( #3266 ), #187, .T. ) ;
#7135 = EDGE_CURVE ( 'NONE', #9109, #9365, #5740, .T. ) ;
#7136 = PRESENTATION_LAYER_ASSIGNMENT (  '', '', ( #3272 ) ) ;
#7137 = SURFACE_SIDE_STYLE ('',( #1082 ) ) ;
#7138 = VECTOR ( 'NONE', #7072, 1000.000000000000000 ) ;
#7139 = SURFACE_STYLE_USAGE ( .BOTH. , #2451 ) ;
#7140 = UNCERTAINTY_MEASURE_WITH_UNIT (LENGTH_MEASURE( 1.000000000000000082E-05 ), #8011, 'distance_accuracy_value', 'NONE');
#7141 = ORIENTED_EDGE ( 'NONE', *, *, #4735, .T. ) ;
#7142 = ADVANCED_FACE ( 'NONE', ( #5022 ), #7284, .F. ) ;
#7143 = PRESENTATION_STYLE_ASSIGNMENT (( #3415 ) ) ;
#7144 = COLOUR_RGB ( '',0.7529411764705882248, 0.7529411764705882248, 0.7529411764705882248 ) ;
#7145 = PRESENTATION_LAYER_ASSIGNMENT (  '', '', ( #1978 ) ) ;
#7146 = ORIENTED_EDGE ( 'NONE', *, *, #8212, .T. ) ;
#7147 = SURFACE_SIDE_STYLE ('',( #9481 ) ) ;
#7148 = CARTESIAN_POINT ( 'NONE',  ( 20.25000000000000000, 3.050000000000000266, -8.300000000000000711 ) ) ;
#7149 = VECTOR ( 'NONE', #6532, 1000.000000000000000 ) ;
#7150 = VECTOR ( 'NONE', #2893, 1000.000000000000000 ) ;
#7151 = MECHANICAL_DESIGN_GEOMETRIC_PRESENTATION_REPRESENTATION (  '', ( #1506 ), #2501 ) ;
#7152 = AXIS2_PLACEMENT_3D ( 'NONE', #6560, #2717, #9547 ) ;
#7153 = LINE ( 'NONE', #5594, #8049 ) ;
#7154 = AXIS2_PLACEMENT_3D ( 'NONE', #8852, #6378, #3297 ) ;
#7155 = PRESENTATION_STYLE_ASSIGNMENT (( #4087 ) ) ;
#7156 = PRESENTATION_STYLE_ASSIGNMENT (( #1048 ) ) ;
#7157 = SURFACE_STYLE_USAGE ( .BOTH. , #6447 ) ;
#7158 = VERTEX_POINT ( 'NONE', #3371 ) ;
#7159 = VERTEX_POINT ( 'NONE', #9518 ) ;
#7160 = STYLED_ITEM ( 'NONE', ( #9792 ), #6041 ) ;
#7161 = MECHANICAL_DESIGN_GEOMETRIC_PRESENTATION_REPRESENTATION (  '', ( #1028 ), #7321 ) ;
#7162 = SURFACE_STYLE_USAGE ( .BOTH. , #257 ) ;
#7163 = AXIS2_PLACEMENT_3D ( 'NONE', #1351, #6507, #7362 ) ;
#7164 = STYLED_ITEM ( 'NONE', ( #4236 ), #5397 ) ;
#7165 = SURFACE_SIDE_STYLE ('',( #302 ) ) ;
#7166 = CARTESIAN_POINT ( 'NONE',  ( 15.25000000000000178, 6.099999999999999645, -6.200000000000000178 ) ) ;
#7167 = CARTESIAN_POINT ( 'NONE',  ( 15.25000000000000178, 2.449999999999999734, -9.500000000000000000 ) ) ;
#7168 = PRESENTATION_LAYER_ASSIGNMENT (  '', '', ( #9386 ) ) ;
#7169 = SURFACE_STYLE_USAGE ( .BOTH. , #4099 ) ;
#7170 = DIRECTION ( 'NONE',  ( 0.000000000000000000, 1.000000000000000000, 0.000000000000000000 ) ) ;
#7171 =( LENGTH_UNIT ( ) NAMED_UNIT ( * ) SI_UNIT ( .MILLI., .METRE. ) );
#7172 = LINE ( 'NONE', #265, #5867 ) ;
#7173 = VECTOR ( 'NONE', #8396, 1000.000000000000000 ) ;
#7174 = CARTESIAN_POINT ( 'NONE',  ( 0.000000000000000000, 6.099999999999999645, 0.000000000000000000 ) ) ;
#7175 = EDGE_LOOP ( 'NONE', ( #1088, #6778, #1937, #6449 ) ) ;
#7176 = CARTESIAN_POINT ( 'NONE',  ( 0.000000000000000000, 0.000000000000000000, 0.000000000000000000 ) ) ;
#7177 = ORIENTED_EDGE ( 'NONE', *, *, #3180, .F. ) ;
#7178 = AXIS2_PLACEMENT_3D ( 'NONE', #3458, #1874, #7473 ) ;
#7179 = VECTOR ( 'NONE', #6707, 1000.000000000000000 ) ;
#7180 = STYLED_ITEM ( 'NONE', ( #6872 ), #4974 ) ;
#7181 = COLOUR_RGB ( '',0.7529411764705882248, 0.7529411764705882248, 0.7529411764705882248 ) ;
#7182 = DIRECTION ( 'NONE',  ( 0.000000000000000000, 0.000000000000000000, 1.000000000000000000 ) ) ;
#7183 = VECTOR ( 'NONE', #7237, 1000.000000000000000 ) ;
#7184 = SURFACE_STYLE_USAGE ( .BOTH. , #8023 ) ;
#7185 = SURFACE_SIDE_STYLE ('',( #7920 ) ) ;
#7186 = VECTOR ( 'NONE', #2715, 1000.000000000000000 ) ;
#7187 = CARTESIAN_POINT ( 'NONE',  ( 14.95000000000000107, -2.000000000000000000, -9.199999999999999289 ) ) ;
#7188 = SURFACE_STYLE_USAGE ( .BOTH. , #1869 ) ;
#7189 = EDGE_CURVE ( 'NONE', #5108, #1603, #9474, .T. ) ;
#7190 = DIRECTION ( 'NONE',  ( 0.5773502691896225114, 0.5773502691896255090, 0.5773502691896291728 ) ) ;
#7191 = FILL_AREA_STYLE ('',( #8623 ) ) ;
#7192 = ORIENTED_EDGE ( 'NONE', *, *, #7617, .F. ) ;
#7193 = SURFACE_STYLE_USAGE ( .BOTH. , #315 ) ;
#7194 = ORIENTED_EDGE ( 'NONE', *, *, #5919, .F. ) ;
#7195 = EDGE_LOOP ( 'NONE', ( #2897, #4230, #2623, #118 ) ) ;
#7196 = ADVANCED_FACE ( 'NONE', ( #6626, #6433, #7935, #1830, #5786, #8716, #3471, #5828, #2597 ), #4223, .T. ) ;
#7197 = DIRECTION ( 'NONE',  ( -1.000000000000000000, 0.000000000000000000, 0.000000000000000000 ) ) ;
#7198 = SURFACE_STYLE_FILL_AREA ( #1024 ) ;
#7199 = FACE_BOUND ( 'NONE', #7474, .T. ) ;
#7200 = EDGE_CURVE ( 'NONE', #619, #6012, #5273, .T. ) ;
#7201 = ORIENTED_EDGE ( 'NONE', *, *, #2209, .T. ) ;
#7202 = DIRECTION ( 'NONE',  ( -0.000000000000000000, 0.000000000000000000, -1.000000000000000000 ) ) ;
#7203 = CARTESIAN_POINT ( 'NONE',  ( 2.750000000000000444, 3.649999999999999911, -0.2000000000000000111 ) ) ;
#7204 = AXIS2_PLACEMENT_3D ( 'NONE', #9167, #6740, #5949 ) ;
#7205 = EDGE_LOOP ( 'NONE', ( #3211, #2239, #2127, #410, #4026, #6407, #3825, #899 ) ) ;
#7206 = EDGE_CURVE ( 'NONE', #6675, #352, #8230, .T. ) ;
#7207 = FILL_AREA_STYLE ('',( #6347 ) ) ;
#7208 = AXIS2_PLACEMENT_3D ( 'NONE', #9452, #1748, #4846 ) ;
#7209 = COLOUR_RGB ( '',0.7529411764705882248, 0.7529411764705882248, 0.7529411764705882248 ) ;
#7210 = EDGE_CURVE ( 'NONE', #3130, #3853, #9069, .T. ) ;
#7211 = CARTESIAN_POINT ( 'NONE',  ( 1.999999999999998224, 6.099999999999999645, -0.2000000000000018152 ) ) ;
#7212 = SURFACE_STYLE_USAGE ( .BOTH. , #8156 ) ;
#7213 = STYLED_ITEM ( 'NONE', ( #828 ), #7115 ) ;
#7214 = LINE ( 'NONE', #3948, #2159 ) ;
#7215 = EDGE_LOOP ( 'NONE', ( #8069, #3862, #9480, #192, #6384, #7705, #8272, #7673, #6619 ) ) ;
#7216 = ORIENTED_EDGE ( 'NONE', *, *, #6154, .F. ) ;
#7217 = CARTESIAN_POINT ( 'NONE',  ( 12.15000000000000036, 3.050000000000000266, -7.000000000000000000 ) ) ;
#7218 = CARTESIAN_POINT ( 'NONE',  ( 5.250000000000000000, 3.649999999999999911, -7.000000000000000000 ) ) ;
#7219 = SURFACE_SIDE_STYLE ('',( #5605 ) ) ;
#7220 = STYLED_ITEM ( 'NONE', ( #7381 ), #42 ) ;
#7221 = FILL_AREA_STYLE_COLOUR ( '', #5706 ) ;
#7222 = STYLED_ITEM ( 'NONE', ( #1940 ), #481 ) ;
#7223 = ORIENTED_EDGE ( 'NONE', *, *, #3447, .F. ) ;
#7224 = ORIENTED_EDGE ( 'NONE', *, *, #5534, .T. ) ;
#7225 = PLANE ( 'NONE',  #4423 ) ;
#7226 = FILL_AREA_STYLE ('',( #2725 ) ) ;
#7227 = SURFACE_STYLE_FILL_AREA ( #8073 ) ;
#7228 = UNCERTAINTY_MEASURE_WITH_UNIT (LENGTH_MEASURE( 1.000000000000000082E-05 ), #8236, 'distance_accuracy_value', 'NONE');
#7229 = LINE ( 'NONE', #175, #1009 ) ;
#7230 = FILL_AREA_STYLE_COLOUR ( '', #4210 ) ;
#7231 =( LENGTH_UNIT ( ) NAMED_UNIT ( * ) SI_UNIT ( .MILLI., .METRE. ) );
#7232 = DIRECTION ( 'NONE',  ( 0.000000000000000000, 0.000000000000000000, -1.000000000000000000 ) ) ;
#7233 = FACE_OUTER_BOUND ( 'NONE', #4660, .T. ) ;
#7234 = ORIENTED_EDGE ( 'NONE', *, *, #8391, .T. ) ;
#7235 = CARTESIAN_POINT ( 'NONE',  ( 2.750000000000000444, 3.649999999999999911, -0.2000000000000000111 ) ) ;
#7236 = EDGE_LOOP ( 'NONE', ( #9063, #2517, #4764, #5692 ) ) ;
#7237 = DIRECTION ( 'NONE',  ( 0.000000000000000000, 0.000000000000000000, -1.000000000000000000 ) ) ;
#7238 = ORIENTED_EDGE ( 'NONE', *, *, #285, .T. ) ;
#7239 = PLANE ( 'NONE',  #8705 ) ;
#7240 = CARTESIAN_POINT ( 'NONE',  ( 3.449999999999999734, 6.099999999999999645, 0.000000000000000000 ) ) ;
#7241 = CARTESIAN_POINT ( 'NONE',  ( 15.25000000000000178, 2.449999999999999734, -9.500000000000000000 ) ) ;
#7242 = EDGE_CURVE ( 'NONE', #2836, #5848, #6824, .T. ) ;
#7243 = FILL_AREA_STYLE_COLOUR ( '', #5444 ) ;
#7244 = UNCERTAINTY_MEASURE_WITH_UNIT (LENGTH_MEASURE( 1.000000000000000082E-05 ), #4868, 'distance_accuracy_value', 'NONE');
#7245 = PRESENTATION_STYLE_ASSIGNMENT (( #2512 ) ) ;
#7246 = VERTEX_POINT ( 'NONE', #5170 ) ;
#7247 = CARTESIAN_POINT ( 'NONE',  ( 20.25000000000000000, -1.084202172485504434E-16, -9.500000000000000000 ) ) ;
#7248 = ORIENTED_EDGE ( 'NONE', *, *, #5021, .F. ) ;
#7249 = CARTESIAN_POINT ( 'NONE',  ( 0.8000000000000004885, 3.649999999999999911, -7.000000000000000000 ) ) ;
#7250 = VECTOR ( 'NONE', #6504, 1000.000000000000227 ) ;
#7251 = EDGE_CURVE ( 'NONE', #5778, #5080, #8329, .T. ) ;
#7252 = DIRECTION ( 'NONE',  ( -1.000000000000000000, -0.000000000000000000, 0.000000000000000000 ) ) ;
#7253 =( LENGTH_UNIT ( ) NAMED_UNIT ( * ) SI_UNIT ( .MILLI., .METRE. ) );
#7254 = EDGE_CURVE ( 'NONE', #3367, #3294, #9873, .T. ) ;
#7255 = SURFACE_STYLE_USAGE ( .BOTH. , #5688 ) ;
#7256 = CARTESIAN_POINT ( 'NONE',  ( 22.39999999999999858, 5.299999999999998934, 0.000000000000000000 ) ) ;
#7257 = CARTESIAN_POINT ( 'NONE',  ( 19.65000000000000213, -1.084202172485504434E-16, -8.900000000000000355 ) ) ;
#7258 = ORIENTED_EDGE ( 'NONE', *, *, #6337, .F. ) ;
#7259 = ORIENTED_EDGE ( 'NONE', *, *, #8578, .T. ) ;
#7260 = CARTESIAN_POINT ( 'NONE',  ( 7.150000000000000355, 3.050000000000000266, -6.200000000000000178 ) ) ;
#7261 = EDGE_CURVE ( 'NONE', #2109, #212, #3770, .T. ) ;
#7262 = LINE ( 'NONE', #7166, #6364 ) ;
#7263 = CIRCLE ( 'NONE', #3726, 0.5999999999999998668 ) ;
#7264 = CARTESIAN_POINT ( 'NONE',  ( 20.40000000000000213, 6.100999999999999979, -2.439454888092384977E-16 ) ) ;
#7265 = DIRECTION ( 'NONE',  ( -0.000000000000000000, 1.000000000000000000, 0.000000000000000000 ) ) ;
#7266 = DIRECTION ( 'NONE',  ( 0.000000000000000000, 0.000000000000000000, -1.000000000000000000 ) ) ;
#7267 = VERTEX_POINT ( 'NONE', #2036 ) ;
#7268 = EDGE_CURVE ( 'NONE', #9121, #4201, #1719, .T. ) ;
#7269 = ORIENTED_EDGE ( 'NONE', *, *, #7135, .T. ) ;
#7270 = VECTOR ( 'NONE', #8608, 1000.000000000000000 ) ;
#7271 =( NAMED_UNIT ( * ) SI_UNIT ( $, .STERADIAN. ) SOLID_ANGLE_UNIT ( ) );
#7272 = DIRECTION ( 'NONE',  ( 1.000000000000000000, 0.000000000000000000, 0.000000000000000000 ) ) ;
#7273 = LINE ( 'NONE', #5818, #8373 ) ;
#7274 = CARTESIAN_POINT ( 'NONE',  ( 2.750000000000000444, -1.084202172485504434E-16, -8.900000000000000355 ) ) ;
#7275 = CARTESIAN_POINT ( 'NONE',  ( 9.950000000000001066, 0.000000000000000000, -8.900000000000000355 ) ) ;
#7276 = SURFACE_STYLE_FILL_AREA ( #1074 ) ;
#7277 = ORIENTED_EDGE ( 'NONE', *, *, #5467, .F. ) ;
#7278 =( NAMED_UNIT ( * ) SI_UNIT ( $, .STERADIAN. ) SOLID_ANGLE_UNIT ( ) );
#7279 = ORIENTED_EDGE ( 'NONE', *, *, #1314, .F. ) ;
#7280 = ORIENTED_EDGE ( 'NONE', *, *, #609, .T. ) ;
#7281 = ORIENTED_EDGE ( 'NONE', *, *, #5098, .T. ) ;
#7282 = DIRECTION ( 'NONE',  ( 0.000000000000000000, 0.000000000000000000, -1.000000000000000000 ) ) ;
#7283 = COLOUR_RGB ( '',0.7529411764705882248, 0.7529411764705882248, 0.7529411764705882248 ) ;
#7284 = CYLINDRICAL_SURFACE ( 'NONE', #4954, 0.5999999999999998668 ) ;
#7285 = SURFACE_SIDE_STYLE ('',( #8146 ) ) ;
#7286 = SURFACE_STYLE_USAGE ( .BOTH. , #978 ) ;
#7287 = ORIENTED_EDGE ( 'NONE', *, *, #2881, .T. ) ;
#7288 = DIRECTION ( 'NONE',  ( 0.000000000000000000, 0.000000000000000000, 1.000000000000000000 ) ) ;
#7289 = AXIS2_PLACEMENT_3D ( 'NONE', #3910, #6817, #6081 ) ;
#7290 = ORIENTED_EDGE ( 'NONE', *, *, #1890, .T. ) ;
#7291 = PRESENTATION_STYLE_ASSIGNMENT (( #2090 ) ) ;
#7292 = SURFACE_STYLE_FILL_AREA ( #3575 ) ;
#7293 = VECTOR ( 'NONE', #34, 1000.000000000000000 ) ;
#7294 = COLOUR_RGB ( '',0.7529411764705882248, 0.7529411764705882248, 0.7529411764705882248 ) ;
#7295 = PRESENTATION_STYLE_ASSIGNMENT (( #8054 ) ) ;
#7296 = EDGE_CURVE ( 'NONE', #5108, #9674, #5315, .T. ) ;
#7297 = SURFACE_STYLE_FILL_AREA ( #4237 ) ;
#7298 = VERTEX_POINT ( 'NONE', #7429 ) ;
#7299 = VERTEX_POINT ( 'NONE', #2238 ) ;
#7300 = DIRECTION ( 'NONE',  ( 0.000000000000000000, 0.000000000000000000, -1.000000000000000000 ) ) ;
#7301 = ADVANCED_FACE ( 'NONE', ( #5126 ), #2901, .F. ) ;
#7302 = PRESENTATION_LAYER_ASSIGNMENT (  '', '', ( #379 ) ) ;
#7303 = COLOUR_RGB ( '',0.7529411764705882248, 0.7529411764705882248, 0.7529411764705882248 ) ;
#7304 = VECTOR ( 'NONE', #8113, 1000.000000000000000 ) ;
#7305 = PRESENTATION_LAYER_ASSIGNMENT (  '', '', ( #6039 ) ) ;
#7306 = CARTESIAN_POINT ( 'NONE',  ( 2.550000000000000711, 3.450000000000000178, -0.2000000000000000111 ) ) ;
#7307 = SURFACE_SIDE_STYLE ('',( #9454 ) ) ;
#7308 = CARTESIAN_POINT ( 'NONE',  ( 22.39999999999999858, 0.000000000000000000, 0.000000000000000000 ) ) ;
#7309 = PRESENTATION_LAYER_ASSIGNMENT (  '', '', ( #1506 ) ) ;
#7310 = CARTESIAN_POINT ( 'NONE',  ( 5.250000000000000000, -1.084202172485504434E-16, -8.900000000000000355 ) ) ;
#7311 = EDGE_CURVE ( 'NONE', #2542, #1263, #725, .T. ) ;
#7312 = DIRECTION ( 'NONE',  ( 0.000000000000000000, -1.000000000000000000, 0.000000000000000000 ) ) ;
#7313 = FACE_OUTER_BOUND ( 'NONE', #2610, .T. ) ;
#7314 = ORIENTED_EDGE ( 'NONE', *, *, #7065, .F. ) ;
#7315 = EDGE_LOOP ( 'NONE', ( #4170, #5943, #299, #1726, #6139, #4252 ) ) ;
#7316 = VECTOR ( 'NONE', #6554, 1000.000000000000000 ) ;
#7317 = STYLED_ITEM ( 'NONE', ( #2441 ), #9746 ) ;
#7318 = LINE ( 'NONE', #415, #5711 ) ;
#7319 =( GEOMETRIC_REPRESENTATION_CONTEXT ( 3 ) GLOBAL_UNCERTAINTY_ASSIGNED_CONTEXT ( ( #3525 ) ) GLOBAL_UNIT_ASSIGNED_CONTEXT ( ( #1700, #3277, #4796 ) ) REPRESENTATION_CONTEXT ( 'NONE', 'WORKASPACE' ) );
#7320 = LINE ( 'NONE', #1913, #4302 ) ;
#7321 =( GEOMETRIC_REPRESENTATION_CONTEXT ( 3 ) GLOBAL_UNCERTAINTY_ASSIGNED_CONTEXT ( ( #4325 ) ) GLOBAL_UNIT_ASSIGNED_CONTEXT ( ( #5681, #5526, #4786 ) ) REPRESENTATION_CONTEXT ( 'NONE', 'WORKASPACE' ) );
#7322 = VECTOR ( 'NONE', #8496, 1000.000000000000000 ) ;
#7323 = PRESENTATION_LAYER_ASSIGNMENT (  '', '', ( #3300 ) ) ;
#7324 = EDGE_CURVE ( 'NONE', #6162, #3560, #2132, .T. ) ;
#7325 = UNCERTAINTY_MEASURE_WITH_UNIT (LENGTH_MEASURE( 1.000000000000000082E-05 ), #2163, 'distance_accuracy_value', 'NONE');
#7326 = DIRECTION ( 'NONE',  ( 0.000000000000000000, 0.000000000000000000, -1.000000000000000000 ) ) ;
#7327 = AXIS2_PLACEMENT_3D ( 'NONE', #2411, #5532, #4732 ) ;
#7328 = COLOUR_RGB ( '',0.7529411764705882248, 0.7529411764705882248, 0.7529411764705882248 ) ;
#7329 = CARTESIAN_POINT ( 'NONE',  ( 9.950000000000001066, -2.000000000000000000, -9.500000000000000000 ) ) ;
#7330 =( GEOMETRIC_REPRESENTATION_CONTEXT ( 3 ) GLOBAL_UNCERTAINTY_ASSIGNED_CONTEXT ( ( #3818 ) ) GLOBAL_UNIT_ASSIGNED_CONTEXT ( ( #8862, #6620, #4557 ) ) REPRESENTATION_CONTEXT ( 'NONE', 'WORKASPACE' ) );
#7331 =( NAMED_UNIT ( * ) PLANE_ANGLE_UNIT ( ) SI_UNIT ( $, .RADIAN. ) );
#7332 = PLANE ( 'NONE',  #7779 ) ;
#7333 = FILL_AREA_STYLE_COLOUR ( '', #7618 ) ;
#7334 = ORIENTED_EDGE ( 'NONE', *, *, #6453, .T. ) ;
#7335 = ORIENTED_EDGE ( 'NONE', *, *, #1661, .T. ) ;
#7336 = AXIS2_PLACEMENT_3D ( 'NONE', #1070, #4022, #6466 ) ;
#7337 = VERTEX_POINT ( 'NONE', #1373 ) ;
#7338 = ORIENTED_EDGE ( 'NONE', *, *, #8703, .T. ) ;
#7339 = VECTOR ( 'NONE', #1799, 1000.000000000000000 ) ;
#7340 =( LENGTH_UNIT ( ) NAMED_UNIT ( * ) SI_UNIT ( .MILLI., .METRE. ) );
#7341 = UNCERTAINTY_MEASURE_WITH_UNIT (LENGTH_MEASURE( 1.000000000000000082E-05 ), #4739, 'distance_accuracy_value', 'NONE');
#7342 = SURFACE_STYLE_USAGE ( .BOTH. , #5831 ) ;
#7343 = CIRCLE ( 'NONE', #2671, 0.2999999999999999334 ) ;
#7344 = ORIENTED_EDGE ( 'NONE', *, *, #609, .F. ) ;
#7345 = SURFACE_STYLE_FILL_AREA ( #3478 ) ;
#7346 = ORIENTED_EDGE ( 'NONE', *, *, #4048, .F. ) ;
#7347 = FILL_AREA_STYLE_COLOUR ( '', #3400 ) ;
#7348 = DIRECTION ( 'NONE',  ( -0.000000000000000000, 0.000000000000000000, -1.000000000000000000 ) ) ;
#7349 = DIRECTION ( 'NONE',  ( 0.000000000000000000, -1.000000000000000000, 0.000000000000000000 ) ) ;
#7350 = SURFACE_STYLE_USAGE ( .BOTH. , #6702 ) ;
#7351 =( LENGTH_UNIT ( ) NAMED_UNIT ( * ) SI_UNIT ( .MILLI., .METRE. ) );
#7352 = VERTEX_POINT ( 'NONE', #7586 ) ;
#7353 = STYLED_ITEM ( 'NONE', ( #849 ), #6939 ) ;
#7354 = PRESENTATION_LAYER_ASSIGNMENT (  '', '', ( #4151 ) ) ;
#7355 = DIRECTION ( 'NONE',  ( 0.000000000000000000, -1.000000000000000000, 0.000000000000000000 ) ) ;
#7356 = EDGE_CURVE ( 'NONE', #6261, #7112, #6732, .T. ) ;
#7357 = SURFACE_SIDE_STYLE ('',( #8892 ) ) ;
#7358 = VECTOR ( 'NONE', #8925, 1000.000000000000000 ) ;
#7359 = CARTESIAN_POINT ( 'NONE',  ( 2.450000000000000178, 0.000000000000000000, -9.199999999999999289 ) ) ;
#7360 = DIRECTION ( 'NONE',  ( 0.000000000000000000, 0.000000000000000000, -1.000000000000000000 ) ) ;
#7361 = CARTESIAN_POINT ( 'NONE',  ( 12.15000000000000036, 0.000000000000000000, -9.199999999999999289 ) ) ;
#7362 = DIRECTION ( 'NONE',  ( -0.000000000000000000, 0.000000000000000000, -1.000000000000000000 ) ) ;
#7363 = ORIENTED_EDGE ( 'NONE', *, *, #702, .F. ) ;
#7364 = ORIENTED_EDGE ( 'NONE', *, *, #2080, .F. ) ;
#7365 = VECTOR ( 'NONE', #2613, 1000.000000000000000 ) ;
#7366 = FILL_AREA_STYLE ('',( #8699 ) ) ;
#7367 = CARTESIAN_POINT ( 'NONE',  ( 14.95000000000000107, -2.000000000000000000, -9.199999999999999289 ) ) ;
#7368 = ADVANCED_FACE ( 'NONE', ( #3208 ), #7036, .T. ) ;
#7369 = FILL_AREA_STYLE ('',( #4313 ) ) ;
#7370 = FACE_OUTER_BOUND ( 'NONE', #8657, .T. ) ;
#7371 = CARTESIAN_POINT ( 'NONE',  ( 7.450000000000000178, -2.000000000000000000, -9.500000000000000000 ) ) ;
#7372 = ADVANCED_FACE ( 'NONE', ( #918 ), #3917, .T. ) ;
#7373 = CARTESIAN_POINT ( 'NONE',  ( 15.25000000000000178, 0.000000000000000000, -9.199999999999999289 ) ) ;
#7374 = CARTESIAN_POINT ( 'NONE',  ( 17.44999999999999929, -2.000000000000000000, -9.500000000000000000 ) ) ;
#7375 = CYLINDRICAL_SURFACE ( 'NONE', #9178, 0.2999999999999999334 ) ;
#7376 = VERTEX_POINT ( 'NONE', #7692 ) ;
#7377 = SURFACE_STYLE_FILL_AREA ( #5877 ) ;
#7378 = VERTEX_POINT ( 'NONE', #780 ) ;
#7379 = ORIENTED_EDGE ( 'NONE', *, *, #6597, .F. ) ;
#7380 = ADVANCED_FACE ( 'NONE', ( #6925 ), #9207, .T. ) ;
#7381 = PRESENTATION_STYLE_ASSIGNMENT (( #8224 ) ) ;
#7382 = PLANE ( 'NONE',  #6180 ) ;
#7383 = DIRECTION ( 'NONE',  ( -0.000000000000000000, 1.000000000000000000, -0.000000000000000000 ) ) ;
#7384 = FACE_OUTER_BOUND ( 'NONE', #5876, .T. ) ;
#7385 = DIRECTION ( 'NONE',  ( 1.000000000000000000, 0.000000000000000000, 0.000000000000000000 ) ) ;
#7386 = LINE ( 'NONE', #478, #9065 ) ;
#7387 = VERTEX_POINT ( 'NONE', #4858 ) ;
#7388 = LINE ( 'NONE', #2860, #1185 ) ;
#7389 = ADVANCED_FACE ( 'NONE', ( #1112 ), #9608, .T. ) ;
#7390 = ORIENTED_EDGE ( 'NONE', *, *, #3250, .F. ) ;
#7391 = CARTESIAN_POINT ( 'NONE',  ( 7.450000000000000178, -2.000000000000000000, -9.199999999999999289 ) ) ;
#7392 = PRESENTATION_STYLE_ASSIGNMENT (( #6640 ) ) ;
#7393 = CARTESIAN_POINT ( 'NONE',  ( 15.25000000000000178, 2.450000000000000178, -8.300000000000000711 ) ) ;
#7394 = SURFACE_STYLE_USAGE ( .BOTH. , #6489 ) ;
#7395 = DIRECTION ( 'NONE',  ( -0.000000000000000000, -1.000000000000000000, -0.000000000000000000 ) ) ;
#7396 =( NAMED_UNIT ( * ) SI_UNIT ( $, .STERADIAN. ) SOLID_ANGLE_UNIT ( ) );
#7397 = ORIENTED_EDGE ( 'NONE', *, *, #3398, .F. ) ;
#7398 = STYLED_ITEM ( 'NONE', ( #9478 ), #9559 ) ;
#7399 = CARTESIAN_POINT ( 'NONE',  ( 19.95000000000000284, -2.000000000000000000, -9.199999999999999289 ) ) ;
#7400 = CARTESIAN_POINT ( 'NONE',  ( 17.75000000000000000, 3.450000000000000178, -0.2000000000000000111 ) ) ;
#7401 = PRESENTATION_LAYER_ASSIGNMENT (  '', '', ( #1760 ) ) ;
#7402 = LINE ( 'NONE', #1104, #3291 ) ;
#7403 = CARTESIAN_POINT ( 'NONE',  ( 9.950000000000001066, 0.000000000000000000, -9.199999999999999289 ) ) ;
#7404 = FACE_OUTER_BOUND ( 'NONE', #4565, .T. ) ;
#7405 = LINE ( 'NONE', #1151, #5716 ) ;
#7406 = ORIENTED_EDGE ( 'NONE', *, *, #9062, .F. ) ;
#7407 = ORIENTED_EDGE ( 'NONE', *, *, #4002, .T. ) ;
#7408 = STYLED_ITEM ( 'NONE', ( #5008 ), #8298 ) ;
#7409 = DIRECTION ( 'NONE',  ( 0.000000000000000000, 0.000000000000000000, -1.000000000000000000 ) ) ;
#7410 =( NAMED_UNIT ( * ) SI_UNIT ( $, .STERADIAN. ) SOLID_ANGLE_UNIT ( ) );
#7411 = DIRECTION ( 'NONE',  ( -0.000000000000000000, 0.000000000000000000, -1.000000000000000000 ) ) ;
#7412 = UNCERTAINTY_MEASURE_WITH_UNIT (LENGTH_MEASURE( 1.000000000000000082E-05 ), #355, 'distance_accuracy_value', 'NONE');
#7413 =( NAMED_UNIT ( * ) SI_UNIT ( $, .STERADIAN. ) SOLID_ANGLE_UNIT ( ) );
#7414 = LINE ( 'NONE', #6078, #4845 ) ;
#7415 = DIRECTION ( 'NONE',  ( -0.000000000000000000, 0.000000000000000000, -1.000000000000000000 ) ) ;
#7416 = VECTOR ( 'NONE', #5608, 1000.000000000000000 ) ;
#7417 = CARTESIAN_POINT ( 'NONE',  ( 1.999999999999998224, 5.299999999999998934, -0.5000000000000018874 ) ) ;
#7418 = DIRECTION ( 'NONE',  ( 0.000000000000000000, -0.000000000000000000, -1.000000000000000000 ) ) ;
#7419 = ORIENTED_EDGE ( 'NONE', *, *, #4939, .T. ) ;
#7420 = FILL_AREA_STYLE ('',( #9718 ) ) ;
#7421 = ORIENTED_EDGE ( 'NONE', *, *, #3622, .F. ) ;
#7422 = EDGE_CURVE ( 'NONE', #6084, #1971, #5768, .T. ) ;
#7423 = ORIENTED_EDGE ( 'NONE', *, *, #2340, .F. ) ;
#7424 = PRESENTATION_STYLE_ASSIGNMENT (( #9722 ) ) ;
#7425 = DIRECTION ( 'NONE',  ( 0.000000000000000000, -1.000000000000000000, 0.000000000000000000 ) ) ;
#7426 = EDGE_CURVE ( 'NONE', #4419, #3871, #8758, .T. ) ;
#7427 = VECTOR ( 'NONE', #5231, 1000.000000000000000 ) ;
#7428 = SURFACE_STYLE_FILL_AREA ( #6032 ) ;
#7429 = CARTESIAN_POINT ( 'NONE',  ( 4.650000000000000355, 3.649999999999999911, -8.300000000000000711 ) ) ;
#7430 = UNCERTAINTY_MEASURE_WITH_UNIT (LENGTH_MEASURE( 1.000000000000000082E-05 ), #6403, 'distance_accuracy_value', 'NONE');
#7431 = FILL_AREA_STYLE ('',( #3614 ) ) ;
#7432 = MECHANICAL_DESIGN_GEOMETRIC_PRESENTATION_REPRESENTATION (  '', ( #5838 ), #6949 ) ;
#7433 =( NAMED_UNIT ( * ) PLANE_ANGLE_UNIT ( ) SI_UNIT ( $, .RADIAN. ) );
#7434 = VERTEX_POINT ( 'NONE', #2680 ) ;
#7435 = FILL_AREA_STYLE_COLOUR ( '', #3307 ) ;
#7436 = AXIS2_PLACEMENT_3D ( 'NONE', #3556, #2632, #6523 ) ;
#7437 = ADVANCED_FACE ( 'NONE', ( #5719 ), #5006, .T. ) ;
#7438 = EDGE_CURVE ( 'NONE', #4404, #6713, #1410, .T. ) ;
#7439 = CYLINDRICAL_SURFACE ( 'NONE', #730, 0.2999999999999999334 ) ;
#7440 = ORIENTED_EDGE ( 'NONE', *, *, #1628, .T. ) ;
#7441 = DIRECTION ( 'NONE',  ( -1.000000000000000000, 0.000000000000000000, 0.000000000000000000 ) ) ;
#7442 = STYLED_ITEM ( 'NONE', ( #683 ), #1640 ) ;
#7443 = CARTESIAN_POINT ( 'NONE',  ( 15.25000000000000178, -1.084202172485504434E-16, -8.900000000000000355 ) ) ;
#7444 =( NAMED_UNIT ( * ) SI_UNIT ( $, .STERADIAN. ) SOLID_ANGLE_UNIT ( ) );
#7445 = SURFACE_SIDE_STYLE ('',( #2571 ) ) ;
#7446 =( NAMED_UNIT ( * ) PLANE_ANGLE_UNIT ( ) SI_UNIT ( $, .RADIAN. ) );
#7447 =( LENGTH_UNIT ( ) NAMED_UNIT ( * ) SI_UNIT ( .MILLI., .METRE. ) );
#7448 = FILL_AREA_STYLE ('',( #8937 ) ) ;
#7449 = EDGE_CURVE ( 'NONE', #7460, #9537, #9758, .T. ) ;
#7450 = MECHANICAL_DESIGN_GEOMETRIC_PRESENTATION_REPRESENTATION (  '', ( #3272 ), #2615 ) ;
#7451 = SURFACE_STYLE_FILL_AREA ( #8249 ) ;
#7452 = DIRECTION ( 'NONE',  ( 0.000000000000000000, 1.000000000000000000, 0.000000000000000000 ) ) ;
#7453 = ORIENTED_EDGE ( 'NONE', *, *, #8526, .F. ) ;
#7454 = FACE_OUTER_BOUND ( 'NONE', #3186, .T. ) ;
#7455 = CIRCLE ( 'NONE', #9353, 0.2999999999999999334 ) ;
#7456 = CARTESIAN_POINT ( 'NONE',  ( 14.95000000000000107, -2.000000000000000000, -9.199999999999999289 ) ) ;
#7457 = CARTESIAN_POINT ( 'NONE',  ( 9.983333333333334281, 3.316666666666667318, -0.06666666666666645757 ) ) ;
#7458 = CARTESIAN_POINT ( 'NONE',  ( 7.750000000000000000, -1.084202172485504434E-16, -9.500000000000000000 ) ) ;
#7459 = DIRECTION ( 'NONE',  ( 0.000000000000000000, 1.000000000000000000, 0.000000000000000000 ) ) ;
#7460 = VERTEX_POINT ( 'NONE', #5968 ) ;
#7461 = ORIENTED_EDGE ( 'NONE', *, *, #6104, .T. ) ;
#7462 = AXIS2_PLACEMENT_3D ( 'NONE', #3105, #1335, #6931 ) ;
#7463 = AXIS2_PLACEMENT_3D ( 'NONE', #5817, #1213, #2840 ) ;
#7464 = VECTOR ( 'NONE', #8869, 1000.000000000000000 ) ;
#7465 = FILL_AREA_STYLE ('',( #6017 ) ) ;
#7466 = DIRECTION ( 'NONE',  ( 0.5773502691896259531, 0.5773502691896239547, 0.5773502691896273964 ) ) ;
#7468 = SURFACE_SIDE_STYLE ('',( #4395 ) ) ;
#7467 = STYLED_ITEM ( 'NONE', ( #6416 ), #5896 ) ;
#7469 = DIRECTION ( 'NONE',  ( 0.000000000000000000, -1.000000000000000000, 0.000000000000000000 ) ) ;
#7470 = SURFACE_SIDE_STYLE ('',( #7578 ) ) ;
#7471 = CARTESIAN_POINT ( 'NONE',  ( 9.650000000000000355, 3.050000000000000266, -8.300000000000000711 ) ) ;
#7472 = ORIENTED_EDGE ( 'NONE', *, *, #6940, .F. ) ;
#7473 = DIRECTION ( 'NONE',  ( -1.000000000000000000, 0.000000000000000000, 0.000000000000000000 ) ) ;
#7474 = EDGE_LOOP ( 'NONE', ( #9397, #339, #2782, #3174 ) ) ;
#7475 = ORIENTED_EDGE ( 'NONE', *, *, #4939, .F. ) ;
#7476 = CIRCLE ( 'NONE', #9052, 0.2999999999999999334 ) ;
#7477 = FILL_AREA_STYLE_COLOUR ( '', #1170 ) ;
#7478 =( GEOMETRIC_REPRESENTATION_CONTEXT ( 3 ) GLOBAL_UNCERTAINTY_ASSIGNED_CONTEXT ( ( #188 ) ) GLOBAL_UNIT_ASSIGNED_CONTEXT ( ( #4492, #6801, #3083 ) ) REPRESENTATION_CONTEXT ( 'NONE', 'WORKASPACE' ) );
#7479 = PRESENTATION_LAYER_ASSIGNMENT (  '', '', ( #6833 ) ) ;
#7480 = CARTESIAN_POINT ( 'NONE',  ( 4.650000000000000355, -1.084202172485504434E-16, -9.500000000000000000 ) ) ;
#7481 = PRESENTATION_STYLE_ASSIGNMENT (( #6087 ) ) ;
#7482 = COLOUR_RGB ( '',0.7529411764705882248, 0.7529411764705882248, 0.7529411764705882248 ) ;
#7483 = COLOUR_RGB ( '',0.7529411764705882248, 0.7529411764705882248, 0.7529411764705882248 ) ;
#7484 = PRESENTATION_STYLE_ASSIGNMENT (( #8971 ) ) ;
#7485 = DIRECTION ( 'NONE',  ( 1.000000000000000000, 0.000000000000000000, 0.000000000000000000 ) ) ;
#7486 = MECHANICAL_DESIGN_GEOMETRIC_PRESENTATION_REPRESENTATION (  '', ( #3637 ), #556 ) ;
#7487 = EDGE_CURVE ( 'NONE', #6660, #4662, #1304, .T. ) ;
#7488 = CARTESIAN_POINT ( 'NONE',  ( 0.000000000000000000, 5.099999999999999645, -7.000000000000005329 ) ) ;
#7489 = MECHANICAL_DESIGN_GEOMETRIC_PRESENTATION_REPRESENTATION (  '', ( #2008 ), #5888 ) ;
#7490 =( GEOMETRIC_REPRESENTATION_CONTEXT ( 3 ) GLOBAL_UNCERTAINTY_ASSIGNED_CONTEXT ( ( #4829 ) ) GLOBAL_UNIT_ASSIGNED_CONTEXT ( ( #2919, #2155, #7603 ) ) REPRESENTATION_CONTEXT ( 'NONE', 'WORKASPACE' ) );
#7491 = MECHANICAL_DESIGN_GEOMETRIC_PRESENTATION_REPRESENTATION (  '', ( #561 ), #3125 ) ;
#7492 = EDGE_LOOP ( 'NONE', ( #4266, #6583, #2481, #8288 ) ) ;
#7493 = LINE ( 'NONE', #6736, #4434 ) ;
#7494 = EDGE_CURVE ( 'NONE', #9784, #7973, #4498, .T. ) ;
#7495 = ORIENTED_EDGE ( 'NONE', *, *, #1314, .T. ) ;
#7496 = CARTESIAN_POINT ( 'NONE',  ( 2.150000000000000355, 3.050000000000000266, -0.4000000000000009104 ) ) ;
#7497 =( GEOMETRIC_REPRESENTATION_CONTEXT ( 3 ) GLOBAL_UNCERTAINTY_ASSIGNED_CONTEXT ( ( #3220 ) ) GLOBAL_UNIT_ASSIGNED_CONTEXT ( ( #5518, #2551, #824 ) ) REPRESENTATION_CONTEXT ( 'NONE', 'WORKASPACE' ) );
#7498 = VERTEX_POINT ( 'NONE', #506 ) ;
#7499 =( NAMED_UNIT ( * ) SI_UNIT ( $, .STERADIAN. ) SOLID_ANGLE_UNIT ( ) );
#7500 = COLOUR_RGB ( '',0.7529411764705882248, 0.7529411764705882248, 0.7529411764705882248 ) ;
#7501 =( NAMED_UNIT ( * ) SI_UNIT ( $, .STERADIAN. ) SOLID_ANGLE_UNIT ( ) );
#7502 = VECTOR ( 'NONE', #2024, 1000.000000000000000 ) ;
#7503 =( LENGTH_UNIT ( ) NAMED_UNIT ( * ) SI_UNIT ( .MILLI., .METRE. ) );
#7504 = COLOUR_RGB ( '',0.7529411764705882248, 0.7529411764705882248, 0.7529411764705882248 ) ;
#7505 =( NAMED_UNIT ( * ) PLANE_ANGLE_UNIT ( ) SI_UNIT ( $, .RADIAN. ) );
#7506 = EDGE_CURVE ( 'NONE', #2504, #8863, #2115, .T. ) ;
#7507 =( NAMED_UNIT ( * ) SI_UNIT ( $, .STERADIAN. ) SOLID_ANGLE_UNIT ( ) );
#7508 = DIRECTION ( 'NONE',  ( -0.000000000000000000, 1.000000000000000000, 0.000000000000000000 ) ) ;
#7509 = EDGE_CURVE ( 'NONE', #4782, #7048, #150, .T. ) ;
#7510 = FILL_AREA_STYLE_COLOUR ( '', #7294 ) ;
#7511 = CARTESIAN_POINT ( 'NONE',  ( 9.650000000000000355, 3.649999999999999911, -0.2000000000000000111 ) ) ;
#7512 = ORIENTED_EDGE ( 'NONE', *, *, #5351, .F. ) ;
#7513 = DIRECTION ( 'NONE',  ( 0.000000000000000000, 0.000000000000000000, 1.000000000000000000 ) ) ;
#7514 = EDGE_CURVE ( 'NONE', #7615, #6991, #654, .T. ) ;
#7515 = AXIS2_PLACEMENT_3D ( 'NONE', #7367, #613, #461 ) ;
#7516 = SURFACE_SIDE_STYLE ('',( #2925 ) ) ;
#7517 = FILL_AREA_STYLE_COLOUR ( '', #3907 ) ;
#7518 = PLANE ( 'NONE',  #2322 ) ;
#7519 = LINE ( 'NONE', #7612, #8394 ) ;
#7520 = COLOUR_RGB ( '',0.7529411764705882248, 0.7529411764705882248, 0.7529411764705882248 ) ;
#7521 = CARTESIAN_POINT ( 'NONE',  ( 2.550000000000000711, 3.250000000000000000, -0.2000000000000000111 ) ) ;
#7522 = ORIENTED_EDGE ( 'NONE', *, *, #1430, .F. ) ;
#7523 = ORIENTED_EDGE ( 'NONE', *, *, #4306, .F. ) ;
#7524 = LINE ( 'NONE', #8995, #1541 ) ;
#7525 = SURFACE_STYLE_USAGE ( .BOTH. , #2114 ) ;
#7526 = AXIS2_PLACEMENT_3D ( 'NONE', #9325, #5585, #8573 ) ;
#7527 = DIRECTION ( 'NONE',  ( -0.000000000000000000, -1.000000000000000000, -0.000000000000000000 ) ) ;
#7528 = UNCERTAINTY_MEASURE_WITH_UNIT (LENGTH_MEASURE( 1.000000000000000082E-05 ), #5363, 'distance_accuracy_value', 'NONE');
#7529 = DIRECTION ( 'NONE',  ( -1.000000000000000000, -0.000000000000000000, 0.000000000000000000 ) ) ;
#7530 = DIRECTION ( 'NONE',  ( 6.675717642603108623E-16, -0.5002775978746291097, -0.8658650732445505316 ) ) ;
#7531 =( LENGTH_UNIT ( ) NAMED_UNIT ( * ) SI_UNIT ( .MILLI., .METRE. ) );
#7532 = CARTESIAN_POINT ( 'NONE',  ( 0.8000000000000000444, 0.000000000000000000, -11.50000000000000000 ) ) ;
#7533 = VERTEX_POINT ( 'NONE', #1457 ) ;
#7534 = ORIENTED_EDGE ( 'NONE', *, *, #7912, .F. ) ;
#7535 = AXIS2_PLACEMENT_3D ( 'NONE', #6132, #5369, #1534 ) ;
#7536 = ORIENTED_EDGE ( 'NONE', *, *, #2202, .T. ) ;
#7537 =( NAMED_UNIT ( * ) PLANE_ANGLE_UNIT ( ) SI_UNIT ( $, .RADIAN. ) );
#7538 = SURFACE_STYLE_USAGE ( .BOTH. , #4468 ) ;
#7539 = PRESENTATION_STYLE_ASSIGNMENT (( #2900 ) ) ;
#7540 = DIRECTION ( 'NONE',  ( -0.5773502691896241767, 0.5773502691896246208, -0.5773502691896282846 ) ) ;
#7541 = UNCERTAINTY_MEASURE_WITH_UNIT (LENGTH_MEASURE( 1.000000000000000082E-05 ), #7981, 'distance_accuracy_value', 'NONE');
#7542 =( LENGTH_UNIT ( ) NAMED_UNIT ( * ) SI_UNIT ( .MILLI., .METRE. ) );
#7543 = PRESENTATION_LAYER_ASSIGNMENT (  '', '', ( #151 ) ) ;
#7544 = CARTESIAN_POINT ( 'NONE',  ( 12.45000000000000107, -2.000000000000000000, -8.900000000000000355 ) ) ;
#7545 = EDGE_LOOP ( 'NONE', ( #169, #3042, #3949, #277 ) ) ;
#7546 = EDGE_LOOP ( 'NONE', ( #1822, #1205, #873, #9338 ) ) ;
#7547 = LINE ( 'NONE', #9880, #7670 ) ;
#7548 = EDGE_LOOP ( 'NONE', ( #5472, #2861, #5945, #8019, #7259 ) ) ;
#7549 = EDGE_CURVE ( 'NONE', #3185, #3977, #6809, .T. ) ;
#7550 = CARTESIAN_POINT ( 'NONE',  ( 15.25000000000000178, -1.084202172485504434E-16, -9.500000000000000000 ) ) ;
#7551 = SURFACE_STYLE_FILL_AREA ( #5232 ) ;
#7552 = FILL_AREA_STYLE_COLOUR ( '', #3506 ) ;
#7553 = UNCERTAINTY_MEASURE_WITH_UNIT (LENGTH_MEASURE( 1.000000000000000082E-05 ), #2252, 'distance_accuracy_value', 'NONE');
#7554 = CARTESIAN_POINT ( 'NONE',  ( 2.150000000000000355, 2.450000000000000178, -8.300000000000000711 ) ) ;
#7555 = PLANE ( 'NONE',  #1311 ) ;
#7556 = CARTESIAN_POINT ( 'NONE',  ( 7.750000000000000000, 2.449999999999999734, -8.300000000000000711 ) ) ;
#7557 = VERTEX_POINT ( 'NONE', #562 ) ;
#7558 = CARTESIAN_POINT ( 'NONE',  ( 7.616666666666666252, 3.516666666666666607, -0.2666666666666666630 ) ) ;
#7559 = ADVANCED_FACE ( 'NONE', ( #2997 ), #8959, .T. ) ;
#7560 =( NAMED_UNIT ( * ) PLANE_ANGLE_UNIT ( ) SI_UNIT ( $, .RADIAN. ) );
#7561 = EDGE_CURVE ( 'NONE', #3618, #4267, #8316, .T. ) ;
#7562 = PRESENTATION_LAYER_ASSIGNMENT (  '', '', ( #5311 ) ) ;
#7563 =( LENGTH_UNIT ( ) NAMED_UNIT ( * ) SI_UNIT ( .MILLI., .METRE. ) );
#7564 = SURFACE_STYLE_USAGE ( .BOTH. , #1501 ) ;
#7565 = AXIS2_PLACEMENT_3D ( 'NONE', #2514, #2454, #4830 ) ;
#7566 = FILL_AREA_STYLE_COLOUR ( '', #8575 ) ;
#7567 = ORIENTED_EDGE ( 'NONE', *, *, #3702, .T. ) ;
#7568 = VERTEX_POINT ( 'NONE', #1358 ) ;
#7569 = LINE ( 'NONE', #650, #2178 ) ;
#7570 = EDGE_CURVE ( 'NONE', #3074, #3429, #2230, .T. ) ;
#7572 = PRESENTATION_STYLE_ASSIGNMENT (( #7525 ) ) ;
#7571 = VECTOR ( 'NONE', #1895, 1000.000000000000000 ) ;
#7573 = DIRECTION ( 'NONE',  ( 0.000000000000000000, 0.000000000000000000, -1.000000000000000000 ) ) ;
#7574 =( NAMED_UNIT ( * ) PLANE_ANGLE_UNIT ( ) SI_UNIT ( $, .RADIAN. ) );
#7575 = DIRECTION ( 'NONE',  ( -1.000000000000000000, 0.000000000000000000, 0.000000000000000000 ) ) ;
#7576 = FACE_OUTER_BOUND ( 'NONE', #6875, .T. ) ;
#7577 = EDGE_CURVE ( 'NONE', #3980, #7794, #5866, .T. ) ;
#7578 = SURFACE_STYLE_FILL_AREA ( #4461 ) ;
#7579 = VERTEX_POINT ( 'NONE', #2020 ) ;
#7580 = DIRECTION ( 'NONE',  ( -0.000000000000000000, -1.000000000000000000, -0.000000000000000000 ) ) ;
#7581 = ORIENTED_EDGE ( 'NONE', *, *, #6442, .F. ) ;
#7582 = CIRCLE ( 'NONE', #6772, 0.3000000000000000444 ) ;
#7583 = CARTESIAN_POINT ( 'NONE',  ( 3.469446951953614189E-15, 4.499999999999999112, -3.199999999999998401 ) ) ;
#7584 = CARTESIAN_POINT ( 'NONE',  ( 0.000000000000000000, 5.299999999999998934, 0.000000000000000000 ) ) ;
#7585 = CARTESIAN_POINT ( 'NONE',  ( 18.95000000000000284, 6.099999999999999645, -3.700000000000000178 ) ) ;
#7586 = CARTESIAN_POINT ( 'NONE',  ( 12.75000000000000178, 3.050000000000000266, -8.300000000000000711 ) ) ;
#7587 = STYLED_ITEM ( 'NONE', ( #262 ), #8868 ) ;
#7588 = LINE ( 'NONE', #6885, #7293 ) ;
#7589 = FILL_AREA_STYLE_COLOUR ( '', #7006 ) ;
#7590 = EDGE_LOOP ( 'NONE', ( #9777, #351, #8104, #2445 ) ) ;
#7591 =( NAMED_UNIT ( * ) PLANE_ANGLE_UNIT ( ) SI_UNIT ( $, .RADIAN. ) );
#7592 = VERTEX_POINT ( 'NONE', #5111 ) ;
#7593 = FACE_OUTER_BOUND ( 'NONE', #1077, .T. ) ;
#7594 = ORIENTED_EDGE ( 'NONE', *, *, #6808, .F. ) ;
#7595 = VECTOR ( 'NONE', #3856, 1000.000000000000000 ) ;
#7596 = CARTESIAN_POINT ( 'NONE',  ( 5.250000000000000000, 3.050000000000000266, -8.300000000000000711 ) ) ;
#7597 = DIRECTION ( 'NONE',  ( -1.000000000000000000, -0.000000000000000000, 0.000000000000000000 ) ) ;
#7598 = PLANE ( 'NONE',  #2604 ) ;
#7599 = FILL_AREA_STYLE ('',( #2205 ) ) ;
#7600 = LINE ( 'NONE', #681, #5598 ) ;
#7601 = COLOUR_RGB ( '',0.7529411764705882248, 0.7529411764705882248, 0.7529411764705882248 ) ;
#7602 = SURFACE_SIDE_STYLE ('',( #749 ) ) ;
#7603 =( NAMED_UNIT ( * ) SI_UNIT ( $, .STERADIAN. ) SOLID_ANGLE_UNIT ( ) );
#7604 = MECHANICAL_DESIGN_GEOMETRIC_PRESENTATION_REPRESENTATION (  '', ( #5670 ), #505 ) ;
#7605 = ORIENTED_EDGE ( 'NONE', *, *, #8690, .F. ) ;
#7606 = SURFACE_SIDE_STYLE ('',( #1441 ) ) ;
#7607 = DIRECTION ( 'NONE',  ( -1.000000000000000000, -0.000000000000000000, -0.000000000000000000 ) ) ;
#7608 = PRESENTATION_LAYER_ASSIGNMENT (  '', '', ( #7442 ) ) ;
#7609 = FILL_AREA_STYLE ('',( #8451 ) ) ;
#7610 = ADVANCED_FACE ( 'NONE', ( #1255 ), #6914, .T. ) ;
#7611 = CARTESIAN_POINT ( 'NONE',  ( 4.650000000000000355, -1.084202172485504434E-16, -9.500000000000000000 ) ) ;
#7612 = CARTESIAN_POINT ( 'NONE',  ( 2.150000000000000355, -1.084202172485504434E-16, -9.500000000000000000 ) ) ;
#7613 = DIRECTION ( 'NONE',  ( 0.000000000000000000, 0.000000000000000000, -1.000000000000000000 ) ) ;
#7614 = VERTEX_POINT ( 'NONE', #3865 ) ;
#7615 = VERTEX_POINT ( 'NONE', #9911 ) ;
#7616 = DIRECTION ( 'NONE',  ( 1.000000000000000000, -0.000000000000000000, -0.000000000000000000 ) ) ;
#7617 = EDGE_CURVE ( 'NONE', #424, #3777, #3957, .T. ) ;
#7618 = COLOUR_RGB ( '',0.7529411764705882248, 0.7529411764705882248, 0.7529411764705882248 ) ;
#7619 = FACE_OUTER_BOUND ( 'NONE', #9584, .T. ) ;
#7620 =( LENGTH_UNIT ( ) NAMED_UNIT ( * ) SI_UNIT ( .MILLI., .METRE. ) );
#7621 = FILL_AREA_STYLE ('',( #2271 ) ) ;
#7622 = ADVANCED_FACE ( 'NONE', ( #1608 ), #4606, .T. ) ;
#7623 = DIRECTION ( 'NONE',  ( 0.000000000000000000, 1.000000000000000000, 0.000000000000000000 ) ) ;
#7624 = STYLED_ITEM ( 'NONE', ( #8025 ), #4194 ) ;
#7625 = STYLED_ITEM ( 'NONE', ( #5244 ), #6402 ) ;
#7626 = SURFACE_STYLE_USAGE ( .BOTH. , #3144 ) ;
#7627 = LINE ( 'NONE', #710, #5368 ) ;
#7628 = ORIENTED_EDGE ( 'NONE', *, *, #5733, .F. ) ;
#7629 = ORIENTED_EDGE ( 'NONE', *, *, #8391, .F. ) ;
#7630 = SURFACE_SIDE_STYLE ('',( #2950 ) ) ;
#7631 = DIRECTION ( 'NONE',  ( -1.000000000000000000, 0.000000000000000000, -5.102127870520021968E-16 ) ) ;
#7632 = ADVANCED_FACE ( 'NONE', ( #1649 ), #6309, .T. ) ;
#7633 =( NAMED_UNIT ( * ) SI_UNIT ( $, .STERADIAN. ) SOLID_ANGLE_UNIT ( ) );
#7634 = UNCERTAINTY_MEASURE_WITH_UNIT (LENGTH_MEASURE( 1.000000000000000082E-05 ), #7035, 'distance_accuracy_value', 'NONE');
#7635 = CARTESIAN_POINT ( 'NONE',  ( 0.8000000000000004885, 3.649999999999999911, -6.200000000000000178 ) ) ;
#7636 = FACE_OUTER_BOUND ( 'NONE', #9930, .T. ) ;
#7637 = ORIENTED_EDGE ( 'NONE', *, *, #8232, .T. ) ;
#7638 = VECTOR ( 'NONE', #7949, 1000.000000000000000 ) ;
#7639 = AXIS2_PLACEMENT_3D ( 'NONE', #1887, #7847, #7090 ) ;
#7640 = PRESENTATION_LAYER_ASSIGNMENT (  '', '', ( #6832 ) ) ;
#7641 = ORIENTED_EDGE ( 'NONE', *, *, #3561, .F. ) ;
#7642 = LINE ( 'NONE', #584, #5900 ) ;
#7643 = EDGE_LOOP ( 'NONE', ( #4072, #8042, #9823, #6943, #6527 ) ) ;
#7644 = SURFACE_STYLE_FILL_AREA ( #2143 ) ;
#7645 = VECTOR ( 'NONE', #1396, 1000.000000000000000 ) ;
#7646 = PRESENTATION_LAYER_ASSIGNMENT (  '', '', ( #3813 ) ) ;
#7647 = FILL_AREA_STYLE ('',( #8194 ) ) ;
#7648 = SURFACE_SIDE_STYLE ('',( #7551 ) ) ;
#7649 = CARTESIAN_POINT ( 'NONE',  ( 14.65000000000000213, 3.649999999999999911, -0.2000000000000000111 ) ) ;
#7650 = UNCERTAINTY_MEASURE_WITH_UNIT (LENGTH_MEASURE( 1.000000000000000082E-05 ), #9736, 'distance_accuracy_value', 'NONE');
#7651 = VECTOR ( 'NONE', #7655, 1000.000000000000000 ) ;
#7652 =( GEOMETRIC_REPRESENTATION_CONTEXT ( 3 ) GLOBAL_UNCERTAINTY_ASSIGNED_CONTEXT ( ( #1386 ) ) GLOBAL_UNIT_ASSIGNED_CONTEXT ( ( #1900, #539, #1139 ) ) REPRESENTATION_CONTEXT ( 'NONE', 'WORKASPACE' ) );
#7653 = VECTOR ( 'NONE', #3732, 1000.000000000000114 ) ;
#7654 = DIRECTION ( 'NONE',  ( -1.000000000000000000, -0.000000000000000000, -0.000000000000000000 ) ) ;
#7655 = DIRECTION ( 'NONE',  ( 0.000000000000000000, -1.000000000000000000, 0.000000000000000000 ) ) ;
#7656 = PRESENTATION_LAYER_ASSIGNMENT (  '', '', ( #2992 ) ) ;
#7657 = COLOUR_RGB ( '',0.7529411764705882248, 0.7529411764705882248, 0.7529411764705882248 ) ;
#7658 = CARTESIAN_POINT ( 'NONE',  ( 19.65000000000000213, 3.050000000000000266, -8.300000000000000711 ) ) ;
#7659 = FILL_AREA_STYLE ('',( #8345 ) ) ;
#7660 = COLOUR_RGB ( '',0.7529411764705882248, 0.7529411764705882248, 0.7529411764705882248 ) ;
#7661 = SURFACE_SIDE_STYLE ('',( #8347 ) ) ;
#7662 = VERTEX_POINT ( 'NONE', #8063 ) ;
#7663 = PRESENTATION_LAYER_ASSIGNMENT (  '', '', ( #2008 ) ) ;
#7664 =( NAMED_UNIT ( * ) SI_UNIT ( $, .STERADIAN. ) SOLID_ANGLE_UNIT ( ) );
#7665 = VECTOR ( 'NONE', #1636, 1000.000000000000000 ) ;
#7666 = PLANE ( 'NONE',  #3848 ) ;
#7667 = VECTOR ( 'NONE', #9364, 1000.000000000000000 ) ;
#7668 = VECTOR ( 'NONE', #1905, 1000.000000000000000 ) ;
#7669 =( LENGTH_UNIT ( ) NAMED_UNIT ( * ) SI_UNIT ( .MILLI., .METRE. ) );
#7670 = VECTOR ( 'NONE', #9165, 1000.000000000000000 ) ;
#7671 = FACE_OUTER_BOUND ( 'NONE', #2669, .T. ) ;
#7672 = SURFACE_STYLE_FILL_AREA ( #8310 ) ;
#7673 = ORIENTED_EDGE ( 'NONE', *, *, #6143, .F. ) ;
#7674 = EDGE_LOOP ( 'NONE', ( #8238, #9571, #4790, #7713 ) ) ;
#7675 = LINE ( 'NONE', #7758, #9240 ) ;
#7676 = AXIS2_PLACEMENT_3D ( 'NONE', #8086, #8775, #9578 ) ;
#7677 = EDGE_CURVE ( 'NONE', #1416, #6574, #4098, .T. ) ;
#7678 = FILL_AREA_STYLE_COLOUR ( '', #4636 ) ;
#7679 =( LENGTH_UNIT ( ) NAMED_UNIT ( * ) SI_UNIT ( .MILLI., .METRE. ) );
#7680 = AXIS2_PLACEMENT_3D ( 'NONE', #6882, #3054, #9158 ) ;
#7681 = DIRECTION ( 'NONE',  ( 0.000000000000000000, 0.000000000000000000, -1.000000000000000000 ) ) ;
#7682 = SURFACE_SIDE_STYLE ('',( #4610 ) ) ;
#7683 = DIRECTION ( 'NONE',  ( 0.000000000000000000, 1.000000000000000000, 0.000000000000000000 ) ) ;
#7684 =( NAMED_UNIT ( * ) PLANE_ANGLE_UNIT ( ) SI_UNIT ( $, .RADIAN. ) );
#7685 = ORIENTED_EDGE ( 'NONE', *, *, #6712, .F. ) ;
#7686 = LINE ( 'NONE', #3097, #1196 ) ;
#7687 = ORIENTED_EDGE ( 'NONE', *, *, #9134, .T. ) ;
#7688 = EDGE_CURVE ( 'NONE', #1426, #8427, #4953, .T. ) ;
#7689 = VECTOR ( 'NONE', #2423, 1000.000000000000000 ) ;
#7690 = PRESENTATION_LAYER_ASSIGNMENT (  '', '', ( #1556 ) ) ;
#7691 = DIRECTION ( 'NONE',  ( 0.000000000000000000, -1.000000000000000000, 0.000000000000000000 ) ) ;
#7692 = CARTESIAN_POINT ( 'NONE',  ( 15.25000000000000178, 3.050000000000000266, -0.4000000000000010214 ) ) ;
#7693 = EDGE_CURVE ( 'NONE', #3477, #1582, #1855, .T. ) ;
#7694 = DIRECTION ( 'NONE',  ( 0.000000000000000000, 0.000000000000000000, -1.000000000000000000 ) ) ;
#7695 = AXIS2_PLACEMENT_3D ( 'NONE', #1026, #2646, #7996 ) ;
#7696 = ORIENTED_EDGE ( 'NONE', *, *, #6456, .F. ) ;
#7697 = EDGE_CURVE ( 'NONE', #7128, #8170, #4994, .T. ) ;
#7698 = SURFACE_STYLE_USAGE ( .BOTH. , #4627 ) ;
#7699 = ORIENTED_EDGE ( 'NONE', *, *, #7254, .T. ) ;
#7700 = FACE_OUTER_BOUND ( 'NONE', #6893, .T. ) ;
#7701 = ORIENTED_EDGE ( 'NONE', *, *, #9500, .T. ) ;
#7702 = SURFACE_STYLE_FILL_AREA ( #9430 ) ;
#7703 = EDGE_CURVE ( 'NONE', #4320, #4541, #1046, .T. ) ;
#7704 = LINE ( 'NONE', #6107, #9227 ) ;
#7705 = ORIENTED_EDGE ( 'NONE', *, *, #5649, .F. ) ;
#7706 = LINE ( 'NONE', #193, #6372 ) ;
#7707 = CARTESIAN_POINT ( 'NONE',  ( 7.750000000000000000, -1.084202172485504434E-16, -9.500000000000000000 ) ) ;
#7708 = CARTESIAN_POINT ( 'NONE',  ( 10.25000000000000000, 3.450000000000000178, -0.2000000000000000111 ) ) ;
#7709 = DIRECTION ( 'NONE',  ( -0.000000000000000000, -1.000000000000000000, -0.000000000000000000 ) ) ;
#7710 = DIRECTION ( 'NONE',  ( 0.000000000000000000, 0.000000000000000000, -1.000000000000000000 ) ) ;
#7711 = CARTESIAN_POINT ( 'NONE',  ( 7.150000000000000355, 3.649999999999999911, -0.2000000000000000111 ) ) ;
#7712 = ORIENTED_EDGE ( 'NONE', *, *, #5404, .T. ) ;
#7713 = ORIENTED_EDGE ( 'NONE', *, *, #2682, .T. ) ;
#7714 = DIRECTION ( 'NONE',  ( 0.000000000000000000, 1.000000000000000000, -0.000000000000000000 ) ) ;
#7715 = SURFACE_STYLE_FILL_AREA ( #7061 ) ;
#7716 = PLANE ( 'NONE',  #3621 ) ;
#7717 = DIRECTION ( 'NONE',  ( 0.000000000000000000, 0.000000000000000000, -1.000000000000000000 ) ) ;
#7718 = CARTESIAN_POINT ( 'NONE',  ( 12.45000000000000107, -2.000000000000000000, -9.199999999999999289 ) ) ;
#7719 = CARTESIAN_POINT ( 'NONE',  ( 10.25000000000000000, 3.649999999999999911, -0.2000000000000000111 ) ) ;
#7720 = ORIENTED_EDGE ( 'NONE', *, *, #4548, .T. ) ;
#7721 =( LENGTH_UNIT ( ) NAMED_UNIT ( * ) SI_UNIT ( .MILLI., .METRE. ) );
#7722 = VERTEX_POINT ( 'NONE', #7306 ) ;
#7723 =( GEOMETRIC_REPRESENTATION_CONTEXT ( 3 ) GLOBAL_UNCERTAINTY_ASSIGNED_CONTEXT ( ( #7835 ) ) GLOBAL_UNIT_ASSIGNED_CONTEXT ( ( #2211, #8490, #2830 ) ) REPRESENTATION_CONTEXT ( 'NONE', 'WORKASPACE' ) );
#7724 = CARTESIAN_POINT ( 'NONE',  ( 0.000000000000000000, 0.000000000000000000, 0.000000000000000000 ) ) ;
#7725 = SURFACE_STYLE_FILL_AREA ( #9272 ) ;
#7726 = UNCERTAINTY_MEASURE_WITH_UNIT (LENGTH_MEASURE( 1.000000000000000082E-05 ), #9292, 'distance_accuracy_value', 'NONE');
#7727 = FILL_AREA_STYLE_COLOUR ( '', #7772 ) ;
#7728 = DIRECTION ( 'NONE',  ( 0.000000000000000000, -1.000000000000000000, 0.000000000000000000 ) ) ;
#7729 = VECTOR ( 'NONE', #1942, 1000.000000000000000 ) ;
#7730 = ADVANCED_FACE ( 'NONE', ( #404 ), #5653, .T. ) ;
#7731 = CARTESIAN_POINT ( 'NONE',  ( 2.150000000000000355, 3.050000000000000266, -0.4000000000000009104 ) ) ;
#7732 = EDGE_LOOP ( 'NONE', ( #5890, #7861, #9199, #20, #4888, #2557, #8046, #2264, #4869 ) ) ;
#7733 = VERTEX_POINT ( 'NONE', #7167 ) ;
#7734 = CARTESIAN_POINT ( 'NONE',  ( 17.14999999999999858, 3.050000000000000266, -0.4000000000000009104 ) ) ;
#7735 = ORIENTED_EDGE ( 'NONE', *, *, #7975, .T. ) ;
#7736 = ADVANCED_FACE ( 'NONE', ( #1750 ), #8743, .T. ) ;
#7737 = SURFACE_SIDE_STYLE ('',( #3168 ) ) ;
#7738 = DIRECTION ( 'NONE',  ( -0.000000000000000000, -1.000000000000000000, -0.000000000000000000 ) ) ;
#7739 = UNCERTAINTY_MEASURE_WITH_UNIT (LENGTH_MEASURE( 1.000000000000000082E-05 ), #1667, 'distance_accuracy_value', 'NONE');
#7740 = CARTESIAN_POINT ( 'NONE',  ( 2.750000000000000444, 0.000000000000000000, -9.199999999999999289 ) ) ;
#7741 = EDGE_CURVE ( 'NONE', #4823, #9477, #1295, .T. ) ;
#7742 = CARTESIAN_POINT ( 'NONE',  ( 12.75000000000000178, 3.050000000000000266, -0.2000000000000000111 ) ) ;
#7743 = VECTOR ( 'NONE', #4396, 1000.000000000000000 ) ;
#7744 = ORIENTED_EDGE ( 'NONE', *, *, #7693, .F. ) ;
#7745 = DIRECTION ( 'NONE',  ( 0.000000000000000000, -0.000000000000000000, 1.000000000000000000 ) ) ;
#7746 = PRODUCT ( 'S-XH-A08 pts', 'S-XH-A08 pts', '', ( #2386 ) ) ;
#7747 = EDGE_CURVE ( 'NONE', #2087, #1428, #1363, .T. ) ;
#7748 = COLOUR_RGB ( '',0.7529411764705882248, 0.7529411764705882248, 0.7529411764705882248 ) ;
#7749 = DIRECTION ( 'NONE',  ( -1.000000000000000000, -0.000000000000000000, -0.000000000000000000 ) ) ;
#7750 = CARTESIAN_POINT ( 'NONE',  ( 15.25000000000000178, -1.084202172485504434E-16, -8.900000000000000355 ) ) ;
#7751 = STYLED_ITEM ( 'NONE', ( #2367 ), #1497 ) ;
#7752 = DIRECTION ( 'NONE',  ( 1.000000000000000000, 0.000000000000000000, 0.000000000000000000 ) ) ;
#7753 = CARTESIAN_POINT ( 'NONE',  ( 7.750000000000000000, 3.050000000000000266, -0.4000000000000009104 ) ) ;
#7754 = CARTESIAN_POINT ( 'NONE',  ( 0.000000000000000000, 5.099999999999999645, -7.000000000000005329 ) ) ;
#7755 = ORIENTED_EDGE ( 'NONE', *, *, #7242, .F. ) ;
#7756 = ORIENTED_EDGE ( 'NONE', *, *, #3876, .T. ) ;
#7757 = VECTOR ( 'NONE', #1071, 1000.000000000000000 ) ;
#7758 = CARTESIAN_POINT ( 'NONE',  ( 9.850000000000001421, 3.249999999999999556, -0.2000000000000003164 ) ) ;
#7759 = LINE ( 'NONE', #5648, #3681 ) ;
#7760 = SURFACE_STYLE_FILL_AREA ( #1512 ) ;
#7761 = SURFACE_SIDE_STYLE ('',( #3193 ) ) ;
#7762 = LINE ( 'NONE', #4806, #8219 ) ;
#7763 =( NAMED_UNIT ( * ) PLANE_ANGLE_UNIT ( ) SI_UNIT ( $, .RADIAN. ) );
#7764 = PLANE ( 'NONE',  #2287 ) ;
#7765 = DIRECTION ( 'NONE',  ( 1.000000000000000000, 0.000000000000000000, -0.000000000000000000 ) ) ;
#7766 = EDGE_LOOP ( 'NONE', ( #5917, #7915, #7201 ) ) ;
#7767 = EDGE_LOOP ( 'NONE', ( #7279, #1806, #9143, #37 ) ) ;
#7768 = AXIS2_PLACEMENT_3D ( 'NONE', #3925, #8524, #2446 ) ;
#7769 = LINE ( 'NONE', #863, #7138 ) ;
#7770 = LINE ( 'NONE', #5507, #5230 ) ;
#7771 = CYLINDRICAL_SURFACE ( 'NONE', #7680, 0.2999999999999999334 ) ;
#7772 = COLOUR_RGB ( '',0.7529411764705882248, 0.7529411764705882248, 0.7529411764705882248 ) ;
#7773 = CARTESIAN_POINT ( 'NONE',  ( 9.650000000000000355, 0.000000000000000000, -9.199999999999999289 ) ) ;
#7774 = ORIENTED_EDGE ( 'NONE', *, *, #5176, .T. ) ;
#7775 = LINE ( 'NONE', #7235, #392 ) ;
#7776 = ORIENTED_EDGE ( 'NONE', *, *, #6037, .F. ) ;
#7777 = CARTESIAN_POINT ( 'NONE',  ( 14.95000000000000107, 0.000000000000000000, -9.500000000000000000 ) ) ;
#7778 = ORIENTED_EDGE ( 'NONE', *, *, #459, .T. ) ;
#7779 = AXIS2_PLACEMENT_3D ( 'NONE', #810, #8505, #27 ) ;
#7780 = COLOUR_RGB ( '',0.7529411764705882248, 0.7529411764705882248, 0.7529411764705882248 ) ;
#7781 = FILL_AREA_STYLE ('',( #4029 ) ) ;
#7782 = AXIS2_PLACEMENT_3D ( 'NONE', #5184, #7385, #8187 ) ;
#7783 = DIRECTION ( 'NONE',  ( -1.000000000000000000, -0.000000000000000000, -0.000000000000000000 ) ) ;
#7784 = FACE_OUTER_BOUND ( 'NONE', #4812, .T. ) ;
#7785 = ADVANCED_FACE ( 'NONE', ( #2981 ), #4340, .F. ) ;
#7786 = VECTOR ( 'NONE', #4632, 1000.000000000000000 ) ;
#7787 =( NAMED_UNIT ( * ) SI_UNIT ( $, .STERADIAN. ) SOLID_ANGLE_UNIT ( ) );
#7788 = VECTOR ( 'NONE', #6561, 1000.000000000000000 ) ;
#7789 = PRESENTATION_LAYER_ASSIGNMENT (  '', '', ( #2640 ) ) ;
#7790 = VECTOR ( 'NONE', #7170, 1000.000000000000000 ) ;
#7791 = CARTESIAN_POINT ( 'NONE',  ( 20.25000000000000000, -1.084202172485504434E-16, -0.4000000000000010214 ) ) ;
#7792 = PRESENTATION_LAYER_ASSIGNMENT (  '', '', ( #5744 ) ) ;
#7793 = PRESENTATION_LAYER_ASSIGNMENT (  '', '', ( #2496 ) ) ;
#7794 = VERTEX_POINT ( 'NONE', #9042 ) ;
#7795 =( NAMED_UNIT ( * ) SI_UNIT ( $, .STERADIAN. ) SOLID_ANGLE_UNIT ( ) );
#7796 = DIRECTION ( 'NONE',  ( 0.000000000000000000, -1.000000000000000000, 0.000000000000000000 ) ) ;
#7797 = VECTOR ( 'NONE', #4381, 1000.000000000000000 ) ;
#7798 = PRESENTATION_LAYER_ASSIGNMENT (  '', '', ( #8429 ) ) ;
#7799 = MECHANICAL_DESIGN_GEOMETRIC_PRESENTATION_REPRESENTATION (  '', ( #6832 ), #7478 ) ;
#7800 = ADVANCED_FACE ( 'NONE', ( #5100 ), #603, .T. ) ;
#7801 = COLOUR_RGB ( '',0.7529411764705882248, 0.7529411764705882248, 0.7529411764705882248 ) ;
#7802 = AXIS2_PLACEMENT_3D ( 'NONE', #4372, #4332, #8153 ) ;
#7803 = AXIS2_PLACEMENT_3D ( 'NONE', #1253, #2113, #7409 ) ;
#7804 =( LENGTH_UNIT ( ) NAMED_UNIT ( * ) SI_UNIT ( .MILLI., .METRE. ) );
#7805 = EDGE_CURVE ( 'NONE', #2351, #7298, #9643, .T. ) ;
#7806 = SURFACE_STYLE_USAGE ( .BOTH. , #6255 ) ;
#7807 = LINE ( 'NONE', #5596, #9859 ) ;
#7808 =( NAMED_UNIT ( * ) SI_UNIT ( $, .STERADIAN. ) SOLID_ANGLE_UNIT ( ) );
#7809 = AXIS2_PLACEMENT_3D ( 'NONE', #6974, #9274, #1579 ) ;
#7810 = AXIS2_PLACEMENT_3D ( 'NONE', #8446, #4640, #5387 ) ;
#7811 = ORIENTED_EDGE ( 'NONE', *, *, #8341, .F. ) ;
#7812 = EDGE_CURVE ( 'NONE', #5824, #5107, #2219, .T. ) ;
#7813 = ORIENTED_EDGE ( 'NONE', *, *, #1153, .T. ) ;
#7814 = DIRECTION ( 'NONE',  ( 0.000000000000000000, -1.000000000000000000, 0.000000000000000000 ) ) ;
#7815 = VECTOR ( 'NONE', #7616, 1000.000000000000000 ) ;
#7816 = DIRECTION ( 'NONE',  ( 0.000000000000000000, 0.000000000000000000, 1.000000000000000000 ) ) ;
#7817 = PRESENTATION_LAYER_ASSIGNMENT (  '', '', ( #1362 ) ) ;
#7818 = STYLED_ITEM ( 'NONE', ( #4804 ), #7730 ) ;
#7819 = LINE ( 'NONE', #1456, #7689 ) ;
#7820 = MECHANICAL_DESIGN_GEOMETRIC_PRESENTATION_REPRESENTATION (  '', ( #6858 ), #9557 ) ;
#7821 = DIRECTION ( 'NONE',  ( 0.000000000000000000, -1.000000000000000000, 0.000000000000000000 ) ) ;
#7822 = FILL_AREA_STYLE_COLOUR ( '', #544 ) ;
#7823 = DIRECTION ( 'NONE',  ( -1.000000000000000000, 0.000000000000000000, 0.000000000000000000 ) ) ;
#7824 = FACE_OUTER_BOUND ( 'NONE', #4346, .T. ) ;
#7825 = FACE_OUTER_BOUND ( 'NONE', #1252, .T. ) ;
#7826 = COLOUR_RGB ( '',0.7529411764705882248, 0.7529411764705882248, 0.7529411764705882248 ) ;
#7827 = DIRECTION ( 'NONE',  ( 1.000000000000000000, 0.000000000000000000, 0.000000000000000000 ) ) ;
#7828 = EDGE_LOOP ( 'NONE', ( #4357, #3663, #3673, #6212, #4958 ) ) ;
#7829 = ORIENTED_EDGE ( 'NONE', *, *, #7577, .T. ) ;
#7830 = PRESENTATION_STYLE_ASSIGNMENT (( #171 ) ) ;
#7831 = LINE ( 'NONE', #2336, #6197 ) ;
#7832 = LINE ( 'NONE', #9922, #2353 ) ;
#7833 = STYLED_ITEM ( 'NONE', ( #3401 ), #6813 ) ;
#7834 = DIRECTION ( 'NONE',  ( 0.000000000000000000, 0.000000000000000000, -1.000000000000000000 ) ) ;
#7835 = UNCERTAINTY_MEASURE_WITH_UNIT (LENGTH_MEASURE( 1.000000000000000082E-05 ), #2211, 'distance_accuracy_value', 'NONE');
#7836 =( NAMED_UNIT ( * ) PLANE_ANGLE_UNIT ( ) SI_UNIT ( $, .RADIAN. ) );
#7837 = CARTESIAN_POINT ( 'NONE',  ( 12.75000000000000178, 2.450000000000000178, -8.300000000000000711 ) ) ;
#7838 = CARTESIAN_POINT ( 'NONE',  ( 21.60000000000000142, 0.8000000000000000444, -6.200000000000000178 ) ) ;
#7839 = ORIENTED_EDGE ( 'NONE', *, *, #5295, .T. ) ;
#7840 = COLOUR_RGB ( '',0.7529411764705882248, 0.7529411764705882248, 0.7529411764705882248 ) ;
#7841 = ORIENTED_EDGE ( 'NONE', *, *, #902, .F. ) ;
#7842 = DIRECTION ( 'NONE',  ( -0.000000000000000000, 1.000000000000000000, 0.000000000000000000 ) ) ;
#7843 = VERTEX_POINT ( 'NONE', #1595 ) ;
#7844 = CARTESIAN_POINT ( 'NONE',  ( 12.55000000000000249, 3.050000000000000266, -0.2000000000000000111 ) ) ;
#7845 = DIRECTION ( 'NONE',  ( 0.000000000000000000, -1.000000000000000000, 0.000000000000000000 ) ) ;
#7846 = UNCERTAINTY_MEASURE_WITH_UNIT (LENGTH_MEASURE( 1.000000000000000082E-05 ), #3364, 'distance_accuracy_value', 'NONE');
#7847 = DIRECTION ( 'NONE',  ( 1.000000000000000000, 0.000000000000000000, 0.000000000000000000 ) ) ;
#7848 = CARTESIAN_POINT ( 'NONE',  ( 7.750000000000000000, 2.450000000000000178, -8.300000000000000711 ) ) ;
#7849 = EDGE_CURVE ( 'NONE', #8565, #861, #3227, .T. ) ;
#7850 = EDGE_LOOP ( 'NONE', ( #6540, #8534, #7637, #9719, #90 ) ) ;
#7851 = DIRECTION ( 'NONE',  ( 0.000000000000000000, 0.000000000000000000, -1.000000000000000000 ) ) ;
#7852 = PRESENTATION_LAYER_ASSIGNMENT (  '', '', ( #8640 ) ) ;
#7853 = MECHANICAL_DESIGN_GEOMETRIC_PRESENTATION_REPRESENTATION (  '', ( #2388 ), #1886 ) ;
#7854 = LINE ( 'NONE', #112, #759 ) ;
#7855 = CARTESIAN_POINT ( 'NONE',  ( 7.150000000000000355, 3.649999999999999911, -6.200000000000000178 ) ) ;
#7856 = MECHANICAL_DESIGN_GEOMETRIC_PRESENTATION_REPRESENTATION (  '', ( #4813 ), #3533 ) ;
#7857 = CARTESIAN_POINT ( 'NONE',  ( 10.05000000000000071, 3.050000000000000266, -0.2000000000000000111 ) ) ;
#7858 = EDGE_CURVE ( 'NONE', #6622, #6621, #9242, .T. ) ;
#7859 = CARTESIAN_POINT ( 'NONE',  ( 2.750000000000000444, 3.050000000000000266, -6.200000000000000178 ) ) ;
#7860 = LINE ( 'NONE', #254, #244 ) ;
#7861 = ORIENTED_EDGE ( 'NONE', *, *, #4018, .T. ) ;
#7862 = EDGE_LOOP ( 'NONE', ( #4692, #7701, #7941 ) ) ;
#7863 = CARTESIAN_POINT ( 'NONE',  ( 12.75000000000000178, -1.084202172485504434E-16, -8.900000000000000355 ) ) ;
#7864 = CYLINDRICAL_SURFACE ( 'NONE', #6256, 0.2999999999999999334 ) ;
#7865 = EDGE_CURVE ( 'NONE', #7662, #3059, #5342, .T. ) ;
#7866 =( NAMED_UNIT ( * ) PLANE_ANGLE_UNIT ( ) SI_UNIT ( $, .RADIAN. ) );
#7867 =( LENGTH_UNIT ( ) NAMED_UNIT ( * ) SI_UNIT ( .MILLI., .METRE. ) );
#7868 = DIRECTION ( 'NONE',  ( 0.000000000000000000, 0.000000000000000000, 1.000000000000000000 ) ) ;
#7869 = CARTESIAN_POINT ( 'NONE',  ( 2.750000000000000444, 2.449999999999999734, -8.300000000000000711 ) ) ;
#7870 = EDGE_CURVE ( 'NONE', #9235, #4105, #6947, .T. ) ;
#7871 = DIRECTION ( 'NONE',  ( 0.000000000000000000, 0.000000000000000000, -1.000000000000000000 ) ) ;
#7872 = FILL_AREA_STYLE_COLOUR ( '', #9188 ) ;
#7873 = ORIENTED_EDGE ( 'NONE', *, *, #1577, .T. ) ;
#7874 = ORIENTED_EDGE ( 'NONE', *, *, #2806, .T. ) ;
#7875 = DIRECTION ( 'NONE',  ( 0.000000000000000000, -1.000000000000000000, 0.000000000000000000 ) ) ;
#7876 = FILL_AREA_STYLE ('',( #8618 ) ) ;
#7877 = PRESENTATION_STYLE_ASSIGNMENT (( #2339 ) ) ;
#7878 = ADVANCED_FACE ( 'NONE', ( #754 ), #5396, .T. ) ;
#7879 = SURFACE_STYLE_FILL_AREA ( #4064 ) ;
#7880 = DIRECTION ( 'NONE',  ( 0.000000000000000000, 0.000000000000000000, -1.000000000000000000 ) ) ;
#7881 = PLANE ( 'NONE',  #9707 ) ;
#7882 = CARTESIAN_POINT ( 'NONE',  ( 12.15000000000000036, -1.084202172485504434E-16, -0.4000000000000010214 ) ) ;
#7883 = VERTEX_POINT ( 'NONE', #3894 ) ;
#7884 = LINE ( 'NONE', #969, #5252 ) ;
#7885 = EDGE_LOOP ( 'NONE', ( #9102, #3316, #2637 ) ) ;
#7886 = ORIENTED_EDGE ( 'NONE', *, *, #7071, .T. ) ;
#7887 =( LENGTH_UNIT ( ) NAMED_UNIT ( * ) SI_UNIT ( .MILLI., .METRE. ) );
#7888 = CARTESIAN_POINT ( 'NONE',  ( 7.750000000000000000, -1.084202172485504434E-16, -9.500000000000000000 ) ) ;
#7889 = PRESENTATION_STYLE_ASSIGNMENT (( #2449 ) ) ;
#7890 = MECHANICAL_DESIGN_GEOMETRIC_PRESENTATION_REPRESENTATION (  '', ( #805 ), #4358 ) ;
#7891 = PLANE ( 'NONE',  #9383 ) ;
#7892 = DIRECTION ( 'NONE',  ( 0.000000000000000000, -1.000000000000000000, 0.000000000000000000 ) ) ;
#7893 = EDGE_LOOP ( 'NONE', ( #8624, #8419, #9009, #5172 ) ) ;
#7894 = CIRCLE ( 'NONE', #5651, 0.5999999999999998668 ) ;
#7895 = LINE ( 'NONE', #982, #8628 ) ;
#7896 =( LENGTH_UNIT ( ) NAMED_UNIT ( * ) SI_UNIT ( .MILLI., .METRE. ) );
#7897 = DIRECTION ( 'NONE',  ( -0.7071067811865465735, 0.000000000000000000, 0.7071067811865483499 ) ) ;
#7898 = SURFACE_STYLE_USAGE ( .BOTH. , #3182 ) ;
#7899 = DIRECTION ( 'NONE',  ( 0.000000000000000000, 0.000000000000000000, 1.000000000000000000 ) ) ;
#7900 =( LENGTH_UNIT ( ) NAMED_UNIT ( * ) SI_UNIT ( .MILLI., .METRE. ) );
#7901 = VERTEX_POINT ( 'NONE', #3036 ) ;
#7902 = VERTEX_POINT ( 'NONE', #7051 ) ;
#7903 =( LENGTH_UNIT ( ) NAMED_UNIT ( * ) SI_UNIT ( .MILLI., .METRE. ) );
#7904 =( GEOMETRIC_REPRESENTATION_CONTEXT ( 3 ) GLOBAL_UNCERTAINTY_ASSIGNED_CONTEXT ( ( #962 ) ) GLOBAL_UNIT_ASSIGNED_CONTEXT ( ( #345, #8691, #2619 ) ) REPRESENTATION_CONTEXT ( 'NONE', 'WORKASPACE' ) );
#7905 = FACE_OUTER_BOUND ( 'NONE', #5095, .T. ) ;
#7906 =( NAMED_UNIT ( * ) PLANE_ANGLE_UNIT ( ) SI_UNIT ( $, .RADIAN. ) );
#7907 = EDGE_CURVE ( 'NONE', #1971, #6084, #5806, .T. ) ;
#7908 = FILL_AREA_STYLE_COLOUR ( '', #4445 ) ;
#7909 = SURFACE_STYLE_FILL_AREA ( #7967 ) ;
#7910 = VECTOR ( 'NONE', #678, 1000.000000000000000 ) ;
#7911 = CARTESIAN_POINT ( 'NONE',  ( 12.45000000000000107, -2.000000000000000000, -9.199999999999999289 ) ) ;
#7912 = EDGE_CURVE ( 'NONE', #772, #6213, #1641, .T. ) ;
#7913 = DIRECTION ( 'NONE',  ( -0.000000000000000000, 0.000000000000000000, -1.000000000000000000 ) ) ;
#7914 = ORIENTED_EDGE ( 'NONE', *, *, #4847, .T. ) ;
#7915 = ORIENTED_EDGE ( 'NONE', *, *, #2761, .F. ) ;
#7916 = PRESENTATION_LAYER_ASSIGNMENT (  '', '', ( #5355 ) ) ;
#7917 = EDGE_CURVE ( 'NONE', #6062, #2601, #3079, .T. ) ;
#7918 = FILL_AREA_STYLE_COLOUR ( '', #6566 ) ;
#7919 = UNCERTAINTY_MEASURE_WITH_UNIT (LENGTH_MEASURE( 1.000000000000000082E-05 ), #8719, 'distance_accuracy_value', 'NONE');
#7920 = SURFACE_STYLE_FILL_AREA ( #5667 ) ;
#7921 = SURFACE_STYLE_FILL_AREA ( #2437 ) ;
#7922 = ADVANCED_FACE ( 'NONE', ( #5489 ), #53, .T. ) ;
#7923 = COLOUR_RGB ( '',0.7529411764705882248, 0.7529411764705882248, 0.7529411764705882248 ) ;
#7924 = SURFACE_SIDE_STYLE ('',( #7276 ) ) ;
#7925 = ORIENTED_EDGE ( 'NONE', *, *, #602, .T. ) ;
#7926 =( NAMED_UNIT ( * ) PLANE_ANGLE_UNIT ( ) SI_UNIT ( $, .RADIAN. ) );
#7927 = ORIENTED_EDGE ( 'NONE', *, *, #1453, .T. ) ;
#7928 = CARTESIAN_POINT ( 'NONE',  ( 10.25000000000000000, 0.000000000000000000, -9.199999999999999289 ) ) ;
#7929 = EDGE_CURVE ( 'NONE', #9881, #3980, #389, .T. ) ;
#7930 = EDGE_LOOP ( 'NONE', ( #9520, #1176, #8563, #8864 ) ) ;
#7931 = PRESENTATION_LAYER_ASSIGNMENT (  '', '', ( #1795 ) ) ;
#7932 = CYLINDRICAL_SURFACE ( 'NONE', #8885, 0.5999999999999998668 ) ;
#7933 =( NAMED_UNIT ( * ) SI_UNIT ( $, .STERADIAN. ) SOLID_ANGLE_UNIT ( ) );
#7934 =( GEOMETRIC_REPRESENTATION_CONTEXT ( 3 ) GLOBAL_UNCERTAINTY_ASSIGNED_CONTEXT ( ( #5233 ) ) GLOBAL_UNIT_ASSIGNED_CONTEXT ( ( #4016, #2333, #4766 ) ) REPRESENTATION_CONTEXT ( 'NONE', 'WORKASPACE' ) );
#7935 = FACE_BOUND ( 'NONE', #7767, .T. ) ;
#7936 = UNCERTAINTY_MEASURE_WITH_UNIT (LENGTH_MEASURE( 1.000000000000000082E-05 ), #1838, 'distance_accuracy_value', 'NONE');
#7937 = VERTEX_POINT ( 'NONE', #8591 ) ;
#7938 = COLOUR_RGB ( '',0.7529411764705882248, 0.7529411764705882248, 0.7529411764705882248 ) ;
#7939 = PRESENTATION_LAYER_ASSIGNMENT (  '', '', ( #7625 ) ) ;
#7940 =( NAMED_UNIT ( * ) SI_UNIT ( $, .STERADIAN. ) SOLID_ANGLE_UNIT ( ) );
#7941 = ORIENTED_EDGE ( 'NONE', *, *, #831, .T. ) ;
#7942 = LINE ( 'NONE', #889, #4913 ) ;
#7943 = PLANE ( 'NONE',  #1711 ) ;
#7944 = MECHANICAL_DESIGN_GEOMETRIC_PRESENTATION_REPRESENTATION (  '', ( #2974 ), #5220 ) ;
#7945 = MECHANICAL_DESIGN_GEOMETRIC_PRESENTATION_REPRESENTATION (  '', ( #2315 ), #5544 ) ;
#7946 = PRESENTATION_LAYER_ASSIGNMENT (  '', '', ( #3623 ) ) ;
#7947 = VECTOR ( 'NONE', #3249, 1000.000000000000000 ) ;
#7948 = CARTESIAN_POINT ( 'NONE',  ( 7.750000000000000000, -1.084202172485504434E-16, -9.500000000000000000 ) ) ;
#7949 = DIRECTION ( 'NONE',  ( -1.000000000000000000, -0.000000000000000000, 0.000000000000000000 ) ) ;
#7950 = ORIENTED_EDGE ( 'NONE', *, *, #2560, .T. ) ;
#7951 = ORIENTED_EDGE ( 'NONE', *, *, #7087, .T. ) ;
#7952 = VECTOR ( 'NONE', #6010, 1000.000000000000000 ) ;
#7953 = AXIS2_PLACEMENT_3D ( 'NONE', #7997, #1086, #233 ) ;
#7954 = SURFACE_SIDE_STYLE ('',( #7059 ) ) ;
#7955 = VECTOR ( 'NONE', #2988, 1000.000000000000000 ) ;
#7956 = MECHANICAL_DESIGN_GEOMETRIC_PRESENTATION_REPRESENTATION (  '', ( #6204 ), #1349 ) ;
#7957 = DIRECTION ( 'NONE',  ( 1.000000000000000000, 0.000000000000000000, -0.000000000000000000 ) ) ;
#7958 = AXIS2_PLACEMENT_3D ( 'NONE', #6186, #5228, #9025 ) ;
#7959 =( NAMED_UNIT ( * ) SI_UNIT ( $, .STERADIAN. ) SOLID_ANGLE_UNIT ( ) );
#7960 = STYLED_ITEM ( 'NONE', ( #3089 ), #1254 ) ;
#7961 =( LENGTH_UNIT ( ) NAMED_UNIT ( * ) SI_UNIT ( .MILLI., .METRE. ) );
#7962 = AXIS2_PLACEMENT_3D ( 'NONE', #9585, #2744, #1934 ) ;
#7963 =( LENGTH_UNIT ( ) NAMED_UNIT ( * ) SI_UNIT ( .MILLI., .METRE. ) );
#7964 = AXIS2_PLACEMENT_3D ( 'NONE', #4820, #3361, #7880 ) ;
#7965 = CIRCLE ( 'NONE', #7810, 0.2999999999999999334 ) ;
#7966 = VECTOR ( 'NONE', #922, 1000.000000000000000 ) ;
#7967 = FILL_AREA_STYLE ('',( #4848 ) ) ;
#7968 = SURFACE_STYLE_USAGE ( .BOTH. , #9549 ) ;
#7969 = FILL_AREA_STYLE_COLOUR ( '', #1825 ) ;
#7970 = VECTOR ( 'NONE', #2401, 1000.000000000000000 ) ;
#7971 = SURFACE_STYLE_USAGE ( .BOTH. , #8550 ) ;
#7972 = VERTEX_POINT ( 'NONE', #7855 ) ;
#7973 = VERTEX_POINT ( 'NONE', #3273 ) ;
#7974 = STYLED_ITEM ( 'NONE', ( #5120 ), #9803 ) ;
#7975 = EDGE_CURVE ( 'NONE', #5443, #3560, #7153, .T. ) ;
#7976 =( GEOMETRIC_REPRESENTATION_CONTEXT ( 3 ) GLOBAL_UNCERTAINTY_ASSIGNED_CONTEXT ( ( #4111 ) ) GLOBAL_UNIT_ASSIGNED_CONTEXT ( ( #1708, #1513, #9191 ) ) REPRESENTATION_CONTEXT ( 'NONE', 'WORKASPACE' ) );
#7977 = VECTOR ( 'NONE', #4460, 1000.000000000000000 ) ;
#7978 = CIRCLE ( 'NONE', #252, 0.2999999999999999334 ) ;
#7979 = FILL_AREA_STYLE ('',( #4906 ) ) ;
#7980 =( LENGTH_UNIT ( ) NAMED_UNIT ( * ) SI_UNIT ( .MILLI., .METRE. ) );
#7981 =( LENGTH_UNIT ( ) NAMED_UNIT ( * ) SI_UNIT ( .MILLI., .METRE. ) );
#7982 = COLOUR_RGB ( '',0.7529411764705882248, 0.7529411764705882248, 0.7529411764705882248 ) ;
#7983 =( NAMED_UNIT ( * ) PLANE_ANGLE_UNIT ( ) SI_UNIT ( $, .RADIAN. ) );
#7984 = DIRECTION ( 'NONE',  ( 0.000000000000000000, 0.000000000000000000, -1.000000000000000000 ) ) ;
#7985 = CARTESIAN_POINT ( 'NONE',  ( 19.65000000000000213, 3.050000000000000266, -0.4000000000000009104 ) ) ;
#7986 = CARTESIAN_POINT ( 'NONE',  ( 5.250000000000000000, 3.649999999999999911, -0.2000000000000000111 ) ) ;
#7987 = ORIENTED_EDGE ( 'NONE', *, *, #4053, .F. ) ;
#7988 = FACE_OUTER_BOUND ( 'NONE', #2055, .T. ) ;
#7989 = ADVANCED_FACE ( 'NONE', ( #9443 ), #9391, .T. ) ;
#7990 = AXIS2_PLACEMENT_3D ( 'NONE', #2965, #677, #2091 ) ;
#7991 = ORIENTED_EDGE ( 'NONE', *, *, #6993, .T. ) ;
#7992 = ORIENTED_EDGE ( 'NONE', *, *, #7994, .F. ) ;
#7993 = DIRECTION ( 'NONE',  ( -0.000000000000000000, 0.000000000000000000, -1.000000000000000000 ) ) ;
#7994 = EDGE_CURVE ( 'NONE', #3980, #4214, #6298, .T. ) ;
#7995 = FILL_AREA_STYLE ('',( #319 ) ) ;
#7996 = DIRECTION ( 'NONE',  ( 0.000000000000000000, -0.7071067811865453523, -0.7071067811865496822 ) ) ;
#7997 = CARTESIAN_POINT ( 'NONE',  ( 0.8000000000000004885, 6.099999999999999645, -7.000000000000000000 ) ) ;
#7998 = VECTOR ( 'NONE', #1281, 1000.000000000000000 ) ;
#7999 = ORIENTED_EDGE ( 'NONE', *, *, #9672, .F. ) ;
#8000 = EDGE_CURVE ( 'NONE', #5050, #6574, #5686, .T. ) ;
#8001 = FILL_AREA_STYLE_COLOUR ( '', #7181 ) ;
#8002 = EDGE_LOOP ( 'NONE', ( #2990, #2398, #583, #6334, #8407 ) ) ;
#8003 = CARTESIAN_POINT ( 'NONE',  ( 10.25000000000000000, 3.050000000000000266, -8.300000000000000711 ) ) ;
#8004 = EDGE_CURVE ( 'NONE', #96, #4541, #1044, .T. ) ;
#8005 = CYLINDRICAL_SURFACE ( 'NONE', #7462, 0.5999999999999998668 ) ;
#8006 =( NAMED_UNIT ( * ) SI_UNIT ( $, .STERADIAN. ) SOLID_ANGLE_UNIT ( ) );
#8007 = MECHANICAL_DESIGN_GEOMETRIC_PRESENTATION_REPRESENTATION (  '', ( #9910 ), #763 ) ;
#8008 =( NAMED_UNIT ( * ) PLANE_ANGLE_UNIT ( ) SI_UNIT ( $, .RADIAN. ) );
#8009 = VERTEX_POINT ( 'NONE', #8680 ) ;
#8010 = ORIENTED_EDGE ( 'NONE', *, *, #3248, .T. ) ;
#8011 =( LENGTH_UNIT ( ) NAMED_UNIT ( * ) SI_UNIT ( .MILLI., .METRE. ) );
#8012 =( NAMED_UNIT ( * ) PLANE_ANGLE_UNIT ( ) SI_UNIT ( $, .RADIAN. ) );
#8013 = CARTESIAN_POINT ( 'NONE',  ( 1.999999999999998224, 6.100999999999999979, -3.100000000000001421 ) ) ;
#8014 = STYLED_ITEM ( 'NONE', ( #7484 ), #7301 ) ;
#8015 = COLOUR_RGB ( '',0.7529411764705882248, 0.7529411764705882248, 0.7529411764705882248 ) ;
#8016 = PLANE ( 'NONE',  #4063 ) ;
#8017 = DIRECTION ( 'NONE',  ( 1.000000000000000000, 0.000000000000000000, 0.000000000000000000 ) ) ;
#8018 = SURFACE_STYLE_USAGE ( .BOTH. , #5502 ) ;
#8019 = ORIENTED_EDGE ( 'NONE', *, *, #3943, .T. ) ;
#8020 = ORIENTED_EDGE ( 'NONE', *, *, #6642, .F. ) ;
#8021 = LINE ( 'NONE', #9411, #5061 ) ;
#8022 = SURFACE_STYLE_USAGE ( .BOTH. , #3298 ) ;
#8023 = SURFACE_SIDE_STYLE ('',( #1211 ) ) ;
#8024 = UNCERTAINTY_MEASURE_WITH_UNIT (LENGTH_MEASURE( 1.000000000000000082E-05 ), #2584, 'distance_accuracy_value', 'NONE');
#8025 = PRESENTATION_STYLE_ASSIGNMENT (( #2774 ) ) ;
#8026 = DIRECTION ( 'NONE',  ( -0.000000000000000000, 1.000000000000000000, -0.000000000000000000 ) ) ;
#8027 = LINE ( 'NONE', #7274, #2344 ) ;
#8028 = CARTESIAN_POINT ( 'NONE',  ( 21.60000000000000142, 5.299999999999998934, -6.200000000000000178 ) ) ;
#8029 = CARTESIAN_POINT ( 'NONE',  ( 12.45000000000000107, -2.000000000000000000, -9.199999999999999289 ) ) ;
#8030 = PRESENTATION_STYLE_ASSIGNMENT (( #967 ) ) ;
#8031 = EDGE_LOOP ( 'NONE', ( #9469, #2196, #9144, #4841 ) ) ;
#8032 =( LENGTH_UNIT ( ) NAMED_UNIT ( * ) SI_UNIT ( .MILLI., .METRE. ) );
#8033 = ORIENTED_EDGE ( 'NONE', *, *, #3057, .F. ) ;
#8034 = ORIENTED_EDGE ( 'NONE', *, *, #6111, .T. ) ;
#8035 = CARTESIAN_POINT ( 'NONE',  ( 10.11666666666666536, 3.183333333333333570, -0.2666666666666664964 ) ) ;
#8036 = FILL_AREA_STYLE ('',( #1023 ) ) ;
#8037 = PLANE ( 'NONE',  #6076 ) ;
#8038 = UNCERTAINTY_MEASURE_WITH_UNIT (LENGTH_MEASURE( 1.000000000000000082E-05 ), #5286, 'distance_accuracy_value', 'NONE');
#8039 =( NAMED_UNIT ( * ) SI_UNIT ( $, .STERADIAN. ) SOLID_ANGLE_UNIT ( ) );
#8040 = EDGE_CURVE ( 'NONE', #8664, #451, #4140, .T. ) ;
#8041 = STYLED_ITEM ( 'NONE', ( #499 ), #9429 ) ;
#8042 = ORIENTED_EDGE ( 'NONE', *, *, #601, .F. ) ;
#8043 = PRESENTATION_STYLE_ASSIGNMENT (( #4980 ) ) ;
#8044 = EDGE_CURVE ( 'NONE', #3951, #5628, #3379, .T. ) ;
#8045 = LINE ( 'NONE', #381, #8294 ) ;
#8046 = ORIENTED_EDGE ( 'NONE', *, *, #8131, .T. ) ;
#8047 = DIRECTION ( 'NONE',  ( 0.000000000000000000, -0.000000000000000000, 1.000000000000000000 ) ) ;
#8048 = LINE ( 'NONE', #6589, #6876 ) ;
#8049 = VECTOR ( 'NONE', #4038, 1000.000000000000000 ) ;
#8050 = EDGE_CURVE ( 'NONE', #4190, #8170, #1096, .T. ) ;
#8051 = DIRECTION ( 'NONE',  ( 0.000000000000000000, 0.000000000000000000, -1.000000000000000000 ) ) ;
#8052 = SURFACE_STYLE_USAGE ( .BOTH. , #7021 ) ;
#8053 = SURFACE_STYLE_FILL_AREA ( #4986 ) ;
#8054 = SURFACE_STYLE_USAGE ( .BOTH. , #4946 ) ;
#8055 =( LENGTH_UNIT ( ) NAMED_UNIT ( * ) SI_UNIT ( .MILLI., .METRE. ) );
#8056 = CARTESIAN_POINT ( 'NONE',  ( 12.15000000000000036, -1.084202172485504434E-16, -9.500000000000000000 ) ) ;
#8057 = ORIENTED_EDGE ( 'NONE', *, *, #8755, .F. ) ;
#8058 = EDGE_LOOP ( 'NONE', ( #1377, #9471, #8121, #6048, #936, #5260 ) ) ;
#8059 = FACE_OUTER_BOUND ( 'NONE', #1053, .T. ) ;
#8060 = PRESENTATION_STYLE_ASSIGNMENT (( #5850 ) ) ;
#8061 = EDGE_CURVE ( 'NONE', #8320, #4320, #332, .T. ) ;
#8062 = CIRCLE ( 'NONE', #4371, 0.5999999999999998668 ) ;
#8063 = CARTESIAN_POINT ( 'NONE',  ( 10.25000000000000000, 3.649999999999999911, -0.4000000000000009104 ) ) ;
#8064 = CARTESIAN_POINT ( 'NONE',  ( 17.75000000000000000, 2.449999999999999734, -9.500000000000000000 ) ) ;
#8065 = CARTESIAN_POINT ( 'NONE',  ( 5.250000000000000000, 2.449999999999999734, -8.300000000000000711 ) ) ;
#8066 = UNCERTAINTY_MEASURE_WITH_UNIT (LENGTH_MEASURE( 1.000000000000000082E-05 ), #8967, 'distance_accuracy_value', 'NONE');
#8067 = DIRECTION ( 'NONE',  ( 0.000000000000000000, -0.5002775978746291097, -0.8658650732445505316 ) ) ;
#8068 =( NAMED_UNIT ( * ) PLANE_ANGLE_UNIT ( ) SI_UNIT ( $, .RADIAN. ) );
#8069 = ORIENTED_EDGE ( 'NONE', *, *, #7805, .T. ) ;
#8070 = ORIENTED_EDGE ( 'NONE', *, *, #3236, .F. ) ;
#8071 = VECTOR ( 'NONE', #7529, 1000.000000000000000 ) ;
#8072 = CARTESIAN_POINT ( 'NONE',  ( 12.75000000000000178, -1.084202172485504434E-16, -9.500000000000000000 ) ) ;
#8073 = FILL_AREA_STYLE ('',( #7918 ) ) ;
#8074 = VECTOR ( 'NONE', #6601, 1000.000000000000000 ) ;
#8075 = SURFACE_STYLE_FILL_AREA ( #6611 ) ;
#8076 =( NAMED_UNIT ( * ) SI_UNIT ( $, .STERADIAN. ) SOLID_ANGLE_UNIT ( ) );
#8077 = FILL_AREA_STYLE_COLOUR ( '', #4437 ) ;
#8078 =( LENGTH_UNIT ( ) NAMED_UNIT ( * ) SI_UNIT ( .MILLI., .METRE. ) );
#8079 = CARTESIAN_POINT ( 'NONE',  ( 15.25000000000000178, -1.084202172485504434E-16, -9.500000000000000000 ) ) ;
#8080 = AXIS2_PLACEMENT_3D ( 'NONE', #4524, #8340, #1482 ) ;
#8081 = ORIENTED_EDGE ( 'NONE', *, *, #5840, .F. ) ;
#8082 = DIRECTION ( 'NONE',  ( 0.000000000000000000, 0.000000000000000000, 1.000000000000000000 ) ) ;
#8083 = ORIENTED_EDGE ( 'NONE', *, *, #9629, .T. ) ;
#8084 = ORIENTED_EDGE ( 'NONE', *, *, #951, .T. ) ;
#8085 = EDGE_LOOP ( 'NONE', ( #8483, #8993, #9073, #4119 ) ) ;
#8086 = CARTESIAN_POINT ( 'NONE',  ( 2.750000000000000444, 3.050000000000000266, -0.2000000000000000111 ) ) ;
#8087 = COLOUR_RGB ( '',0.7529411764705882248, 0.7529411764705882248, 0.7529411764705882248 ) ;
#8088 = SURFACE_SIDE_STYLE ('',( #2790 ) ) ;
#8089 = AXIS2_PLACEMENT_3D ( 'NONE', #631, #6783, #8338 ) ;
#8090 = PRESENTATION_STYLE_ASSIGNMENT (( #1932 ) ) ;
#8091 = ORIENTED_EDGE ( 'NONE', *, *, #6533, .T. ) ;
#8092 = CARTESIAN_POINT ( 'NONE',  ( 12.34999999999999964, 3.050000000000000266, -0.2000000000000000111 ) ) ;
#8093 =( NAMED_UNIT ( * ) SI_UNIT ( $, .STERADIAN. ) SOLID_ANGLE_UNIT ( ) );
#8094 = ORIENTED_EDGE ( 'NONE', *, *, #1212, .F. ) ;
#8095 = VECTOR ( 'NONE', #2128, 1000.000000000000000 ) ;
#8096 = CARTESIAN_POINT ( 'NONE',  ( 4.650000000000000355, 6.099999999999999645, -6.200000000000000178 ) ) ;
#8097 = EDGE_CURVE ( 'NONE', #5625, #8381, #5034, .T. ) ;
#8098 = DIRECTION ( 'NONE',  ( 0.000000000000000000, -0.7071067811865496822, 0.7071067811865453523 ) ) ;
#8099 = CARTESIAN_POINT ( 'NONE',  ( 19.65000000000000213, -1.084202172485504434E-16, -9.500000000000000000 ) ) ;
#8100 = COLOUR_RGB ( '',0.7529411764705882248, 0.7529411764705882248, 0.7529411764705882248 ) ;
#8101 = FILL_AREA_STYLE ('',( #5751 ) ) ;
#8102 = CARTESIAN_POINT ( 'NONE',  ( 2.750000000000000444, -1.084202172485504434E-16, -9.500000000000000000 ) ) ;
#8103 = VECTOR ( 'NONE', #7197, 1000.000000000000000 ) ;
#8104 = ORIENTED_EDGE ( 'NONE', *, *, #7242, .T. ) ;
#8105 = DIRECTION ( 'NONE',  ( 0.000000000000000000, 1.000000000000000000, 0.000000000000000000 ) ) ;
#8106 = EDGE_CURVE ( 'NONE', #7387, #4419, #4376, .T. ) ;
#8107 = VECTOR ( 'NONE', #2579, 1000.000000000000000 ) ;
#8108 = AXIS2_PLACEMENT_3D ( 'NONE', #6124, #9194, #3351 ) ;
#8109 = ADVANCED_FACE ( 'NONE', ( #1284 ), #3535, .T. ) ;
#8110 = PRESENTATION_LAYER_ASSIGNMENT (  '', '', ( #9202 ) ) ;
#8111 = DIRECTION ( 'NONE',  ( 0.000000000000000000, -1.000000000000000000, 0.000000000000000000 ) ) ;
#8112 = LINE ( 'NONE', #9403, #6782 ) ;
#8113 = DIRECTION ( 'NONE',  ( 0.000000000000000000, -1.000000000000000000, 0.000000000000000000 ) ) ;
#8114 = ADVANCED_FACE ( 'NONE', ( #2868 ), #8835, .F. ) ;
#8115 = VECTOR ( 'NONE', #9335, 1000.000000000000000 ) ;
#8116 = AXIS2_PLACEMENT_3D ( 'NONE', #1515, #4607, #3866 ) ;
#8117 = CARTESIAN_POINT ( 'NONE',  ( 17.75000000000000000, -1.084202172485504434E-16, -8.900000000000000355 ) ) ;
#8118 = VECTOR ( 'NONE', #4250, 1000.000000000000000 ) ;
#8119 = PRESENTATION_LAYER_ASSIGNMENT (  '', '', ( #4110 ) ) ;
#8120 =( LENGTH_UNIT ( ) NAMED_UNIT ( * ) SI_UNIT ( .MILLI., .METRE. ) );
#8121 = ORIENTED_EDGE ( 'NONE', *, *, #3994, .F. ) ;
#8122 = ORIENTED_EDGE ( 'NONE', *, *, #3437, .T. ) ;
#8123 = AXIS2_PLACEMENT_3D ( 'NONE', #80, #3205, #4768 ) ;
#8124 = CARTESIAN_POINT ( 'NONE',  ( 1.999999999999998224, 5.299999999999998934, -3.100000000000001421 ) ) ;
#8125 = PRESENTATION_LAYER_ASSIGNMENT (  '', '', ( #5399 ) ) ;
#8126 = UNCERTAINTY_MEASURE_WITH_UNIT (LENGTH_MEASURE( 1.000000000000000082E-05 ), #7531, 'distance_accuracy_value', 'NONE');
#8127 = PLANE ( 'NONE',  #4890 ) ;
#8128 = CARTESIAN_POINT ( 'NONE',  ( 4.650000000000000355, 2.449999999999999734, -9.500000000000000000 ) ) ;
#8129 = COLOUR_RGB ( '',0.7529411764705882248, 0.7529411764705882248, 0.7529411764705882248 ) ;
#8130 =( GEOMETRIC_REPRESENTATION_CONTEXT ( 3 ) GLOBAL_UNCERTAINTY_ASSIGNED_CONTEXT ( ( #9036 ) ) GLOBAL_UNIT_ASSIGNED_CONTEXT ( ( #9147, #2269, #4749 ) ) REPRESENTATION_CONTEXT ( 'NONE', 'WORKASPACE' ) );
#8131 = EDGE_CURVE ( 'NONE', #5131, #8234, #7263, .T. ) ;
#8132 = DIRECTION ( 'NONE',  ( 0.000000000000000000, 1.000000000000000000, 0.000000000000000000 ) ) ;
#8133 = DIRECTION ( 'NONE',  ( -0.5773502691896241767, 0.5773502691896246208, 0.5773502691896282846 ) ) ;
#8134 = ORIENTED_EDGE ( 'NONE', *, *, #4728, .T. ) ;
#8135 = ORIENTED_EDGE ( 'NONE', *, *, #1080, .F. ) ;
#8136 =( GEOMETRIC_REPRESENTATION_CONTEXT ( 3 ) GLOBAL_UNCERTAINTY_ASSIGNED_CONTEXT ( ( #2206 ) ) GLOBAL_UNIT_ASSIGNED_CONTEXT ( ( #5029, #4330, #1891 ) ) REPRESENTATION_CONTEXT ( 'NONE', 'WORKASPACE' ) );
#8137 = ORIENTED_EDGE ( 'NONE', *, *, #9492, .F. ) ;
#8138 = VERTEX_POINT ( 'NONE', #6546 ) ;
#8139 = DIRECTION ( 'NONE',  ( 0.000000000000000000, 0.000000000000000000, -1.000000000000000000 ) ) ;
#8140 = AXIS2_PLACEMENT_3D ( 'NONE', #279, #5197, #6474 ) ;
#8141 = DIRECTION ( 'NONE',  ( 0.000000000000000000, 0.000000000000000000, 1.000000000000000000 ) ) ;
#8142 = CARTESIAN_POINT ( 'NONE',  ( 4.950000000000000178, 0.000000000000000000, -9.199999999999999289 ) ) ;
#8143 = PRESENTATION_LAYER_ASSIGNMENT (  '', '', ( #2516 ) ) ;
#8144 = SURFACE_STYLE_USAGE ( .BOTH. , #8088 ) ;
#8145 = UNCERTAINTY_MEASURE_WITH_UNIT (LENGTH_MEASURE( 1.000000000000000082E-05 ), #6249, 'distance_accuracy_value', 'NONE');
#8146 = SURFACE_STYLE_FILL_AREA ( #7431 ) ;
#8147 = LINE ( 'NONE', #9772, #3476 ) ;
#8148 = CIRCLE ( 'NONE', #7023, 0.2999999999999999334 ) ;
#8149 = CARTESIAN_POINT ( 'NONE',  ( 7.750000000000000000, -1.084202172485504434E-16, -9.500000000000000000 ) ) ;
#8150 = STYLED_ITEM ( 'NONE', ( #7539 ), #6696 ) ;
#8151 = SURFACE_SIDE_STYLE ('',( #4179 ) ) ;
#8152 = VERTEX_POINT ( 'NONE', #2706 ) ;
#8153 = DIRECTION ( 'NONE',  ( 0.7071067811865435759, 0.000000000000000000, 0.7071067811865515695 ) ) ;
#8154 =( NAMED_UNIT ( * ) SI_UNIT ( $, .STERADIAN. ) SOLID_ANGLE_UNIT ( ) );
#8155 = SURFACE_STYLE_USAGE ( .BOTH. , #259 ) ;
#8156 = SURFACE_SIDE_STYLE ('',( #8884 ) ) ;
#8157 = CARTESIAN_POINT ( 'NONE',  ( 17.75000000000000000, 3.649999999999999911, -0.2000000000000000111 ) ) ;
#8158 = EDGE_LOOP ( 'NONE', ( #9905, #2089, #5402, #469, #6435 ) ) ;
#8159 = PRESENTATION_STYLE_ASSIGNMENT (( #5804 ) ) ;
#8160 = COLOUR_RGB ( '',0.7529411764705882248, 0.7529411764705882248, 0.7529411764705882248 ) ;
#8161 = VECTOR ( 'NONE', #2922, 1000.000000000000000 ) ;
#8162 = LINE ( 'NONE', #5759, #5774 ) ;
#8163 = EDGE_CURVE ( 'NONE', #2895, #1222, #7894, .T. ) ;
#8164 =( GEOMETRIC_REPRESENTATION_CONTEXT ( 3 ) GLOBAL_UNCERTAINTY_ASSIGNED_CONTEXT ( ( #6518 ) ) GLOBAL_UNIT_ASSIGNED_CONTEXT ( ( #3323, #1588, #9372 ) ) REPRESENTATION_CONTEXT ( 'NONE', 'WORKASPACE' ) );
#8165 = LINE ( 'NONE', #7458, #9852 ) ;
#8166 = DIRECTION ( 'NONE',  ( 0.000000000000000000, 0.000000000000000000, -1.000000000000000000 ) ) ;
#8167 = CARTESIAN_POINT ( 'NONE',  ( 22.39999999999999858, 6.099999999999999645, -7.000000000000000000 ) ) ;
#8168 = DIRECTION ( 'NONE',  ( 0.000000000000000000, 0.000000000000000000, 1.000000000000000000 ) ) ;
#8169 = EDGE_LOOP ( 'NONE', ( #2599, #3149 ) ) ;
#8170 = VERTEX_POINT ( 'NONE', #2048 ) ;
#8171 = EDGE_CURVE ( 'NONE', #6095, #9079, #5139, .T. ) ;
#8172 = COLOUR_RGB ( '',0.7529411764705882248, 0.7529411764705882248, 0.7529411764705882248 ) ;
#8173 = STYLED_ITEM ( 'NONE', ( #4843 ), #172 ) ;
#8174 = LINE ( 'NONE', #2887, #4146 ) ;
#8175 = DIRECTION ( 'NONE',  ( -0.000000000000000000, -1.000000000000000000, -0.000000000000000000 ) ) ;
#8176 = PRODUCT_DEFINITION ( 'ๆ', '', #6059, #5202 ) ;
#8177 = EDGE_CURVE ( 'NONE', #5895, #787, #4065, .T. ) ;
#8178 = SURFACE_STYLE_USAGE ( .BOTH. , #5118 ) ;
#8179 = ORIENTED_EDGE ( 'NONE', *, *, #4808, .F. ) ;
#8180 = EDGE_LOOP ( 'NONE', ( #4595, #5464, #7629, #5417 ) ) ;
#8181 = ORIENTED_EDGE ( 'NONE', *, *, #690, .T. ) ;
#8182 =( NAMED_UNIT ( * ) PLANE_ANGLE_UNIT ( ) SI_UNIT ( $, .RADIAN. ) );
#8183 = SURFACE_STYLE_USAGE ( .BOTH. , #8712 ) ;
#8184 = EDGE_CURVE ( 'NONE', #5560, #5612, #9890, .T. ) ;
#8185 = FILL_AREA_STYLE ('',( #4408 ) ) ;
#8186 = CARTESIAN_POINT ( 'NONE',  ( 14.95000000000000107, 0.000000000000000000, -9.199999999999999289 ) ) ;
#8187 = DIRECTION ( 'NONE',  ( 0.000000000000000000, 0.000000000000000000, -1.000000000000000000 ) ) ;
#8188 = DIRECTION ( 'NONE',  ( -7.546463422073076944E-17, -0.8658650732445505316, 0.5002775978746291097 ) ) ;
#8189 = ORIENTED_EDGE ( 'NONE', *, *, #9088, .F. ) ;
#8190 = FACE_OUTER_BOUND ( 'NONE', #4508, .T. ) ;
#8191 = ORIENTED_EDGE ( 'NONE', *, *, #6883, .T. ) ;
#8192 = PLANE ( 'NONE',  #9871 ) ;
#8193 = LINE ( 'NONE', #7249, #6714 ) ;
#8194 = FILL_AREA_STYLE_COLOUR ( '', #3093 ) ;
#8195 = CARTESIAN_POINT ( 'NONE',  ( 0.000000000000000000, 6.099999999999999645, 0.000000000000000000 ) ) ;
#8196 = CARTESIAN_POINT ( 'NONE',  ( 3.469446951953614189E-15, 5.299999999999998934, -3.199999999999998401 ) ) ;
#8197 = DIRECTION ( 'NONE',  ( 0.000000000000000000, 0.000000000000000000, -1.000000000000000000 ) ) ;
#8198 = FILL_AREA_STYLE ('',( #4714 ) ) ;
#8199 = DIRECTION ( 'NONE',  ( -1.000000000000000000, -0.000000000000000000, 0.000000000000000000 ) ) ;
#8200 = CARTESIAN_POINT ( 'NONE',  ( 21.60000000000000142, 0.000000000000000000, -11.50000000000000000 ) ) ;
#8201 = LINE ( 'NONE', #3582, #1041 ) ;
#8202 = ORIENTED_EDGE ( 'NONE', *, *, #2835, .T. ) ;
#8203 = CARTESIAN_POINT ( 'NONE',  ( 14.65000000000000213, 3.649999999999999911, -0.4000000000000010214 ) ) ;
#8204 = FACE_OUTER_BOUND ( 'NONE', #637, .T. ) ;
#8205 = AXIS2_PLACEMENT_3D ( 'NONE', #984, #1787, #4085 ) ;
#8206 = DIRECTION ( 'NONE',  ( -0.000000000000000000, 1.000000000000000000, 0.000000000000000000 ) ) ;
#8207 = SURFACE_STYLE_FILL_AREA ( #5913 ) ;
#8208 = SURFACE_SIDE_STYLE ('',( #5149 ) ) ;
#8209 = EDGE_LOOP ( 'NONE', ( #6650, #4626, #1557, #267 ) ) ;
#8210 = ORIENTED_EDGE ( 'NONE', *, *, #8682, .F. ) ;
#8211 = STYLED_ITEM ( 'NONE', ( #5571 ), #8269 ) ;
#8212 = EDGE_CURVE ( 'NONE', #9330, #4105, #8662, .T. ) ;
#8213 = FACE_OUTER_BOUND ( 'NONE', #7215, .T. ) ;
#8214 = CARTESIAN_POINT ( 'NONE',  ( 12.45000000000000107, -2.000000000000000000, -9.500000000000000000 ) ) ;
#8215 =( NAMED_UNIT ( * ) PLANE_ANGLE_UNIT ( ) SI_UNIT ( $, .RADIAN. ) );
#8216 = ADVANCED_FACE ( 'NONE', ( #3304 ), #919, .T. ) ;
#8217 = SURFACE_SIDE_STYLE ('',( #2071 ) ) ;
#8218 = DIRECTION ( 'NONE',  ( 0.000000000000000000, 1.000000000000000000, 0.000000000000000000 ) ) ;
#8219 = VECTOR ( 'NONE', #7868, 1000.000000000000000 ) ;
#8220 = LINE ( 'NONE', #8079, #2797 ) ;
#8221 = ORIENTED_EDGE ( 'NONE', *, *, #2824, .T. ) ;
#8222 = VERTEX_POINT ( 'NONE', #5329 ) ;
#8223 = VERTEX_POINT ( 'NONE', #3786 ) ;
#8224 = SURFACE_STYLE_USAGE ( .BOTH. , #64 ) ;
#8225 =( NAMED_UNIT ( * ) SI_UNIT ( $, .STERADIAN. ) SOLID_ANGLE_UNIT ( ) );
#8226 = EDGE_CURVE ( 'NONE', #3294, #9101, #6900, .T. ) ;
#8227 = CARTESIAN_POINT ( 'NONE',  ( 12.75000000000000178, 2.450000000000000178, -8.300000000000000711 ) ) ;
#8228 = STYLED_ITEM ( 'NONE', ( #8293 ), #8999 ) ;
#8229 =( NAMED_UNIT ( * ) SI_UNIT ( $, .STERADIAN. ) SOLID_ANGLE_UNIT ( ) );
#8230 = LINE ( 'NONE', #6884, #9105 ) ;
#8231 = UNCERTAINTY_MEASURE_WITH_UNIT (LENGTH_MEASURE( 1.000000000000000082E-05 ), #1803, 'distance_accuracy_value', 'NONE');
#8232 = EDGE_CURVE ( 'NONE', #7048, #5560, #6380, .T. ) ;
#8233 = MECHANICAL_DESIGN_GEOMETRIC_PRESENTATION_REPRESENTATION (  '', ( #6470 ), #6158 ) ;
#8234 = VERTEX_POINT ( 'NONE', #3068 ) ;
#8235 = EDGE_CURVE ( 'NONE', #9537, #3977, #9169, .T. ) ;
#8236 =( LENGTH_UNIT ( ) NAMED_UNIT ( * ) SI_UNIT ( .MILLI., .METRE. ) );
#8237 = STYLED_ITEM ( 'NONE', ( #6125 ), #9186 ) ;
#8238 = ORIENTED_EDGE ( 'NONE', *, *, #1941, .F. ) ;
#8239 = CARTESIAN_POINT ( 'NONE',  ( 15.25000000000000178, 2.449999999999999734, -8.300000000000000711 ) ) ;
#8240 = EDGE_LOOP ( 'NONE', ( #8020, #3558, #7287 ) ) ;
#8241 =( NAMED_UNIT ( * ) SI_UNIT ( $, .STERADIAN. ) SOLID_ANGLE_UNIT ( ) );
#8242 = STYLED_ITEM ( 'NONE', ( #3407 ), #1695 ) ;
#8243 = SURFACE_STYLE_USAGE ( .BOTH. , #5950 ) ;
#8244 = SURFACE_STYLE_FILL_AREA ( #5179 ) ;
#8245 = FILL_AREA_STYLE ('',( #7552 ) ) ;
#8246 = SURFACE_SIDE_STYLE ('',( #5797 ) ) ;
#8247 = COLOUR_RGB ( '',0.7529411764705882248, 0.7529411764705882248, 0.7529411764705882248 ) ;
#8248 = LINE ( 'NONE', #9782, #8588 ) ;
#8249 = FILL_AREA_STYLE ('',( #8344 ) ) ;
#8250 = MECHANICAL_DESIGN_GEOMETRIC_PRESENTATION_REPRESENTATION (  '', ( #9344 ), #6647 ) ;
#8251 = UNCERTAINTY_MEASURE_WITH_UNIT (LENGTH_MEASURE( 1.000000000000000082E-05 ), #826, 'distance_accuracy_value', 'NONE');
#8252 = ORIENTED_EDGE ( 'NONE', *, *, #9622, .F. ) ;
#8253 =( LENGTH_UNIT ( ) NAMED_UNIT ( * ) SI_UNIT ( .MILLI., .METRE. ) );
#8254 = PRESENTATION_LAYER_ASSIGNMENT (  '', '', ( #2625 ) ) ;
#8255 =( NAMED_UNIT ( * ) SI_UNIT ( $, .STERADIAN. ) SOLID_ANGLE_UNIT ( ) );
#8256 = SURFACE_STYLE_FILL_AREA ( #9900 ) ;
#8257 =( LENGTH_UNIT ( ) NAMED_UNIT ( * ) SI_UNIT ( .MILLI., .METRE. ) );
#8258 =( NAMED_UNIT ( * ) SI_UNIT ( $, .STERADIAN. ) SOLID_ANGLE_UNIT ( ) );
#8259 = ORIENTED_EDGE ( 'NONE', *, *, #707, .T. ) ;
#8260 = ORIENTED_EDGE ( 'NONE', *, *, #1989, .F. ) ;
#8261 =( GEOMETRIC_REPRESENTATION_CONTEXT ( 3 ) GLOBAL_UNCERTAINTY_ASSIGNED_CONTEXT ( ( #7541 ) ) GLOBAL_UNIT_ASSIGNED_CONTEXT ( ( #7981, #1814, #870 ) ) REPRESENTATION_CONTEXT ( 'NONE', 'WORKASPACE' ) );
#8262 = SURFACE_STYLE_USAGE ( .BOTH. , #6576 ) ;
#8263 = CARTESIAN_POINT ( 'NONE',  ( 20.05000000000000071, 3.450000000000000178, -0.2000000000000000111 ) ) ;
#8264 = AXIS2_PLACEMENT_3D ( 'NONE', #7888, #7845, #6336 ) ;
#8265 = SURFACE_STYLE_FILL_AREA ( #9000 ) ;
#8266 =( GEOMETRIC_REPRESENTATION_CONTEXT ( 3 ) GLOBAL_UNCERTAINTY_ASSIGNED_CONTEXT ( ( #375 ) ) GLOBAL_UNIT_ASSIGNED_CONTEXT ( ( #7679, #2231, #9802 ) ) REPRESENTATION_CONTEXT ( 'NONE', 'WORKASPACE' ) );
#8267 = CARTESIAN_POINT ( 'NONE',  ( 2.150000000000000355, 3.649999999999999911, -0.2000000000000000111 ) ) ;
#8268 = CARTESIAN_POINT ( 'NONE',  ( 7.750000000000000000, 0.000000000000000000, -9.199999999999999289 ) ) ;
#8269 = ADVANCED_FACE ( 'NONE', ( #176 ), #4774, .T. ) ;
#8270 = DIRECTION ( 'NONE',  ( 0.000000000000000000, 1.000000000000000000, 0.000000000000000000 ) ) ;
#8271 = COLOUR_RGB ( '',0.7529411764705882248, 0.7529411764705882248, 0.7529411764705882248 ) ;
#8272 = ORIENTED_EDGE ( 'NONE', *, *, #7356, .T. ) ;
#8273 = VERTEX_POINT ( 'NONE', #4964 ) ;
#8274 = ORIENTED_EDGE ( 'NONE', *, *, #3505, .F. ) ;
#8275 = CIRCLE ( 'NONE', #6514, 0.2999999999999999334 ) ;
#8276 = AXIS2_PLACEMENT_3D ( 'NONE', #800, #4594, #6159 ) ;
#8277 = AXIS2_PLACEMENT_3D ( 'NONE', #3743, #6008, #8453 ) ;
#8278 = DIRECTION ( 'NONE',  ( -1.000000000000000000, -0.000000000000000000, -0.000000000000000000 ) ) ;
#8279 = DIRECTION ( 'NONE',  ( 1.000000000000000000, 0.000000000000000000, 0.000000000000000000 ) ) ;
#8280 = VECTOR ( 'NONE', #6690, 1000.000000000000000 ) ;
#8281 = SURFACE_SIDE_STYLE ('',( #8376 ) ) ;
#8282 = COLOUR_RGB ( '',0.7529411764705882248, 0.7529411764705882248, 0.7529411764705882248 ) ;
#8283 = EDGE_CURVE ( 'NONE', #661, #5907, #5058, .T. ) ;
#8284 = VERTEX_POINT ( 'NONE', #5770 ) ;
#8285 = ORIENTED_EDGE ( 'NONE', *, *, #1685, .T. ) ;
#8286 = LINE ( 'NONE', #8336, #8928 ) ;
#8287 =( GEOMETRIC_REPRESENTATION_CONTEXT ( 3 ) GLOBAL_UNCERTAINTY_ASSIGNED_CONTEXT ( ( #4526 ) ) GLOBAL_UNIT_ASSIGNED_CONTEXT ( ( #4824, #4672, #7042 ) ) REPRESENTATION_CONTEXT ( 'NONE', 'WORKASPACE' ) );
#8288 = ORIENTED_EDGE ( 'NONE', *, *, #464, .F. ) ;
#8289 = EDGE_CURVE ( 'NONE', #1782, #2351, #2630, .T. ) ;
#8290 = COLOUR_RGB ( '',0.7529411764705882248, 0.7529411764705882248, 0.7529411764705882248 ) ;
#8291 =( GEOMETRIC_REPRESENTATION_CONTEXT ( 3 ) GLOBAL_UNCERTAINTY_ASSIGNED_CONTEXT ( ( #7325 ) ) GLOBAL_UNIT_ASSIGNED_CONTEXT ( ( #2163, #1344, #5253 ) ) REPRESENTATION_CONTEXT ( 'NONE', 'WORKASPACE' ) );
#8292 =( NAMED_UNIT ( * ) PLANE_ANGLE_UNIT ( ) SI_UNIT ( $, .RADIAN. ) );
#8293 = PRESENTATION_STYLE_ASSIGNMENT (( #8243 ) ) ;
#8294 = VECTOR ( 'NONE', #4940, 1000.000000000000000 ) ;
#8295 = PLANE ( 'NONE',  #8626 ) ;
#8296 = AXIS2_PLACEMENT_3D ( 'NONE', #4045, #2530, #6451 ) ;
#8297 = DIRECTION ( 'NONE',  ( 0.000000000000000000, 0.000000000000000000, -1.000000000000000000 ) ) ;
#8298 = ADVANCED_FACE ( 'NONE', ( #7370 ), #4259, .F. ) ;
#8299 = DIRECTION ( 'NONE',  ( -0.000000000000000000, 1.000000000000000000, 0.000000000000000000 ) ) ;
#8300 = DIRECTION ( 'NONE',  ( -1.000000000000000000, 0.000000000000000000, 0.000000000000000000 ) ) ;
#8301 = ORIENTED_EDGE ( 'NONE', *, *, #5792, .T. ) ;
#8302 = DIRECTION ( 'NONE',  ( -1.000000000000000000, -0.000000000000000000, 0.000000000000000000 ) ) ;
#8303 = FILL_AREA_STYLE ('',( #6749 ) ) ;
#8304 = EDGE_CURVE ( 'NONE', #451, #5645, #7582, .T. ) ;
#8305 = FILL_AREA_STYLE ('',( #9747 ) ) ;
#8306 = CYLINDRICAL_SURFACE ( 'NONE', #1629, 0.5999999999999998668 ) ;
#8307 = SURFACE_STYLE_FILL_AREA ( #8355 ) ;
#8308 = FACE_OUTER_BOUND ( 'NONE', #8031, .T. ) ;
#8309 = VECTOR ( 'NONE', #486, 1000.000000000000000 ) ;
#8310 = FILL_AREA_STYLE ('',( #3745 ) ) ;
#8311 = ORIENTED_EDGE ( 'NONE', *, *, #1935, .T. ) ;
#8312 = ORIENTED_EDGE ( 'NONE', *, *, #2951, .F. ) ;
#8313 = CARTESIAN_POINT ( 'NONE',  ( 10.25000000000000000, 2.450000000000000178, -8.300000000000000711 ) ) ;
#8314 = SURFACE_STYLE_USAGE ( .BOTH. , #2065 ) ;
#8315 = CIRCLE ( 'NONE', #3855, 0.2999999999999999334 ) ;
#8316 = LINE ( 'NONE', #9106, #6570 ) ;
#8317 = CARTESIAN_POINT ( 'NONE',  ( 15.25000000000000178, 3.649999999999999911, -0.2000000000000000111 ) ) ;
#8318 =( NAMED_UNIT ( * ) SI_UNIT ( $, .STERADIAN. ) SOLID_ANGLE_UNIT ( ) );
#8319 =( LENGTH_UNIT ( ) NAMED_UNIT ( * ) SI_UNIT ( .MILLI., .METRE. ) );
#8320 = VERTEX_POINT ( 'NONE', #8128 ) ;
#8321 = LINE ( 'NONE', #2186, #1535 ) ;
#8322 = ORIENTED_EDGE ( 'NONE', *, *, #4978, .F. ) ;
#8323 = ORIENTED_EDGE ( 'NONE', *, *, #1931, .F. ) ;
#8324 = COLOUR_RGB ( '',0.7529411764705882248, 0.7529411764705882248, 0.7529411764705882248 ) ;
#8325 = DIRECTION ( 'NONE',  ( 0.000000000000000000, 0.000000000000000000, -1.000000000000000000 ) ) ;
#8326 =( NAMED_UNIT ( * ) PLANE_ANGLE_UNIT ( ) SI_UNIT ( $, .RADIAN. ) );
#8327 =( NAMED_UNIT ( * ) SI_UNIT ( $, .STERADIAN. ) SOLID_ANGLE_UNIT ( ) );
#8328 = DIRECTION ( 'NONE',  ( 0.000000000000000000, -1.000000000000000000, 0.000000000000000000 ) ) ;
#8329 = LINE ( 'NONE', #6684, #6092 ) ;
#8330 = UNCERTAINTY_MEASURE_WITH_UNIT (LENGTH_MEASURE( 1.000000000000000082E-05 ), #7867, 'distance_accuracy_value', 'NONE');
#8331 = LINE ( 'NONE', #5427, #5044 ) ;
#8332 = STYLED_ITEM ( 'NONE', ( #5459 ), #7610 ) ;
#8333 = PRESENTATION_STYLE_ASSIGNMENT (( #1620 ) ) ;
#8334 = ORIENTED_EDGE ( 'NONE', *, *, #3017, .F. ) ;
#8335 = ORIENTED_EDGE ( 'NONE', *, *, #1391, .T. ) ;
#8336 = CARTESIAN_POINT ( 'NONE',  ( 14.65000000000000213, 6.099999999999999645, -7.000000000000000000 ) ) ;
#8337 = VERTEX_POINT ( 'NONE', #3510 ) ;
#8338 = DIRECTION ( 'NONE',  ( -1.000000000000000000, 0.000000000000000000, -0.000000000000000000 ) ) ;
#8339 = DIRECTION ( 'NONE',  ( -1.000000000000000000, -0.000000000000000000, -0.000000000000000000 ) ) ;
#8341 = EDGE_CURVE ( 'NONE', #2676, #9121, #9157, .T. ) ;
#8340 = DIRECTION ( 'NONE',  ( 0.000000000000000000, -0.7071067811865496822, 0.7071067811865453523 ) ) ;
#8342 = EDGE_CURVE ( 'NONE', #4957, #60, #6465, .T. ) ;
#8343 = UNCERTAINTY_MEASURE_WITH_UNIT (LENGTH_MEASURE( 1.000000000000000082E-05 ), #2465, 'distance_accuracy_value', 'NONE');
#8344 = FILL_AREA_STYLE_COLOUR ( '', #1788 ) ;
#8345 = FILL_AREA_STYLE_COLOUR ( '', #3715 ) ;
#8346 = UNCERTAINTY_MEASURE_WITH_UNIT (LENGTH_MEASURE( 1.000000000000000082E-05 ), #1004, 'distance_accuracy_value', 'NONE');
#8347 = SURFACE_STYLE_FILL_AREA ( #2154 ) ;
#8348 = ORIENTED_EDGE ( 'NONE', *, *, #4904, .F. ) ;
#8349 = CARTESIAN_POINT ( 'NONE',  ( 21.60000000000000142, 6.099999999999999645, -7.000000000000000000 ) ) ;
#8350 = CARTESIAN_POINT ( 'NONE',  ( 7.450000000000000178, 0.000000000000000000, -9.500000000000000000 ) ) ;
#8351 = EDGE_CURVE ( 'NONE', #3560, #5107, #7273, .T. ) ;
#8352 = DIRECTION ( 'NONE',  ( 0.000000000000000000, 0.000000000000000000, -1.000000000000000000 ) ) ;
#8353 = AXIS2_PLACEMENT_3D ( 'NONE', #7443, #6140, #531 ) ;
#8354 = CARTESIAN_POINT ( 'NONE',  ( 20.25000000000000000, 3.450000000000000178, -0.2000000000000000111 ) ) ;
#8355 = FILL_AREA_STYLE ('',( #9096 ) ) ;
#8356 = AXIS2_PLACEMENT_3D ( 'NONE', #7742, #107, #6106 ) ;
#8357 = LINE ( 'NONE', #4450, #7952 ) ;
#8358 = FACE_OUTER_BOUND ( 'NONE', #9554, .T. ) ;
#8359 = EDGE_LOOP ( 'NONE', ( #4990, #9906, #2906, #5323 ) ) ;
#8360 = ADVANCED_FACE ( 'NONE', ( #359 ), #9610, .T. ) ;
#8361 = ORIENTED_EDGE ( 'NONE', *, *, #4538, .F. ) ;
#8362 = DIRECTION ( 'NONE',  ( 0.000000000000000000, 0.000000000000000000, -1.000000000000000000 ) ) ;
#8363 = DIRECTION ( 'NONE',  ( 0.000000000000000000, 1.000000000000000000, 0.000000000000000000 ) ) ;
#8364 = DIRECTION ( 'NONE',  ( 0.000000000000000000, 0.000000000000000000, -1.000000000000000000 ) ) ;
#8365 = SURFACE_SIDE_STYLE ('',( #8265 ) ) ;
#8366 = SURFACE_STYLE_USAGE ( .BOTH. , #9053 ) ;
#8367 = DIRECTION ( 'NONE',  ( 0.000000000000000000, 0.000000000000000000, 1.000000000000000000 ) ) ;
#8368 = CARTESIAN_POINT ( 'NONE',  ( 17.75000000000000000, 2.450000000000000178, -8.300000000000000711 ) ) ;
#8369 = CARTESIAN_POINT ( 'NONE',  ( 9.650000000000000355, 3.649999999999999911, -8.300000000000000711 ) ) ;
#8370 = EDGE_LOOP ( 'NONE', ( #8801, #8849, #6303 ) ) ;
#8371 = LINE ( 'NONE', #4506, #5562 ) ;
#8372 = ORIENTED_EDGE ( 'NONE', *, *, #2340, .T. ) ;
#8373 = VECTOR ( 'NONE', #5722, 1000.000000000000000 ) ;
#8374 = DIRECTION ( 'NONE',  ( 0.000000000000000000, 1.000000000000000000, 0.000000000000000000 ) ) ;
#8375 = CARTESIAN_POINT ( 'NONE',  ( 7.750000000000000000, -1.084202172485504434E-16, -8.900000000000000355 ) ) ;
#8376 = SURFACE_STYLE_FILL_AREA ( #1272 ) ;
#8377 = AXIS2_PLACEMENT_3D ( 'NONE', #9107, #2177, #3046 ) ;
#8378 =( LENGTH_UNIT ( ) NAMED_UNIT ( * ) SI_UNIT ( .MILLI., .METRE. ) );
#8379 = EDGE_LOOP ( 'NONE', ( #4265, #3161, #7234, #7744 ) ) ;
#8380 = FILL_AREA_STYLE ('',( #9878 ) ) ;
#8381 = VERTEX_POINT ( 'NONE', #4351 ) ;
#8382 = SURFACE_SIDE_STYLE ('',( #2242 ) ) ;
#8383 = ORIENTED_EDGE ( 'NONE', *, *, #5657, .T. ) ;
#8384 =( GEOMETRIC_REPRESENTATION_CONTEXT ( 3 ) GLOBAL_UNCERTAINTY_ASSIGNED_CONTEXT ( ( #3302 ) ) GLOBAL_UNIT_ASSIGNED_CONTEXT ( ( #7503, #3024, #7444 ) ) REPRESENTATION_CONTEXT ( 'NONE', 'WORKASPACE' ) );
#8385 = SURFACE_STYLE_FILL_AREA ( #3022 ) ;
#8386 = PRESENTATION_STYLE_ASSIGNMENT (( #6693 ) ) ;
#8387 =( NAMED_UNIT ( * ) SI_UNIT ( $, .STERADIAN. ) SOLID_ANGLE_UNIT ( ) );
#8388 =( NAMED_UNIT ( * ) SI_UNIT ( $, .STERADIAN. ) SOLID_ANGLE_UNIT ( ) );
#8389 = SURFACE_STYLE_USAGE ( .BOTH. , #4726 ) ;
#8390 = DIRECTION ( 'NONE',  ( 0.000000000000000000, -0.000000000000000000, 1.000000000000000000 ) ) ;
#8391 = EDGE_CURVE ( 'NONE', #6932, #1582, #7414, .T. ) ;
#8392 = FILL_AREA_STYLE ('',( #7510 ) ) ;
#8393 = FACE_OUTER_BOUND ( 'NONE', #1126, .T. ) ;
#8394 = VECTOR ( 'NONE', #756, 1000.000000000000000 ) ;
#8395 = ORIENTED_EDGE ( 'NONE', *, *, #4747, .T. ) ;
#8396 = DIRECTION ( 'NONE',  ( -0.000000000000000000, -1.000000000000000000, -0.000000000000000000 ) ) ;
#8397 =( NAMED_UNIT ( * ) SI_UNIT ( $, .STERADIAN. ) SOLID_ANGLE_UNIT ( ) );
#8398 = STYLED_ITEM ( 'NONE', ( #997 ), #9313 ) ;
#8399 = VECTOR ( 'NONE', #1336, 1000.000000000000000 ) ;
#8400 = FILL_AREA_STYLE_COLOUR ( '', #9333 ) ;
#8401 = CARTESIAN_POINT ( 'NONE',  ( 2.750000000000000444, -1.084202172485504434E-16, -8.900000000000000355 ) ) ;
#8402 = CARTESIAN_POINT ( 'NONE',  ( 10.25000000000000000, 3.050000000000000266, -0.2000000000000000111 ) ) ;
#8403 = EDGE_CURVE ( 'NONE', #3999, #9928, #1766, .T. ) ;
#8404 = SURFACE_STYLE_USAGE ( .BOTH. , #9247 ) ;
#8405 = CARTESIAN_POINT ( 'NONE',  ( 10.25000000000000000, -1.084202172485504434E-16, -8.900000000000000355 ) ) ;
#8406 = ORIENTED_EDGE ( 'NONE', *, *, #164, .T. ) ;
#8407 = ORIENTED_EDGE ( 'NONE', *, *, #5147, .F. ) ;
#8408 = LINE ( 'NONE', #3133, #417 ) ;
#8409 = AXIS2_PLACEMENT_3D ( 'NONE', #6023, #811, #3761 ) ;
#8410 = EDGE_CURVE ( 'NONE', #8664, #3584, #6019, .T. ) ;
#8411 = MECHANICAL_DESIGN_GEOMETRIC_PRESENTATION_REPRESENTATION (  '', ( #2625 ), #1808 ) ;
#8412 = EDGE_CURVE ( 'NONE', #2061, #6660, #3705, .T. ) ;
#8413 = CARTESIAN_POINT ( 'NONE',  ( 14.95000000000000107, 0.000000000000000000, -9.199999999999999289 ) ) ;
#8414 = FILL_AREA_STYLE_COLOUR ( '', #573 ) ;
#8415 = MECHANICAL_DESIGN_GEOMETRIC_PRESENTATION_REPRESENTATION (  '', ( #216 ), #2503 ) ;
#8416 = MECHANICAL_DESIGN_GEOMETRIC_PRESENTATION_REPRESENTATION (  '', ( #7624 ), #5862 ) ;
#8417 = FILL_AREA_STYLE ('',( #2275 ) ) ;
#8418 = CARTESIAN_POINT ( 'NONE',  ( 3.449999999999999734, 5.299999999999998934, 5.480113433355247488E-16 ) ) ;
#8419 = ORIENTED_EDGE ( 'NONE', *, *, #9146, .T. ) ;
#8420 = EDGE_LOOP ( 'NONE', ( #1974, #8597, #9449, #812 ) ) ;
#8421 =( LENGTH_UNIT ( ) NAMED_UNIT ( * ) SI_UNIT ( .MILLI., .METRE. ) );
#8422 = PRESENTATION_LAYER_ASSIGNMENT (  '', '', ( #4575 ) ) ;
#8423 = ADVANCED_FACE ( 'NONE', ( #5971 ), #6669, .T. ) ;
#8424 = UNCERTAINTY_MEASURE_WITH_UNIT (LENGTH_MEASURE( 1.000000000000000082E-05 ), #549, 'distance_accuracy_value', 'NONE');
#8425 = DIRECTION ( 'NONE',  ( 0.000000000000000000, 0.000000000000000000, -1.000000000000000000 ) ) ;
#8426 = MECHANICAL_DESIGN_GEOMETRIC_PRESENTATION_REPRESENTATION (  '', ( #2804 ), #9531 ) ;
#8427 = VERTEX_POINT ( 'NONE', #5308 ) ;
#8428 = FILL_AREA_STYLE_COLOUR ( '', #3967 ) ;
#8429 = STYLED_ITEM ( 'NONE', ( #2856 ), #4530 ) ;
#8430 =( GEOMETRIC_REPRESENTATION_CONTEXT ( 3 ) GLOBAL_UNCERTAINTY_ASSIGNED_CONTEXT ( ( #3026 ) ) GLOBAL_UNIT_ASSIGNED_CONTEXT ( ( #4154, #6459, #5708 ) ) REPRESENTATION_CONTEXT ( 'NONE', 'WORKASPACE' ) );
#8431 = VERTEX_POINT ( 'NONE', #563 ) ;
#8432 = FILL_AREA_STYLE_COLOUR ( '', #7504 ) ;
#8433 = VERTEX_POINT ( 'NONE', #6811 ) ;
#8434 = SURFACE_SIDE_STYLE ('',( #7644 ) ) ;
#8435 =( NAMED_UNIT ( * ) PLANE_ANGLE_UNIT ( ) SI_UNIT ( $, .RADIAN. ) );
#8436 = STYLED_ITEM ( 'NONE', ( #4348 ), #1186 ) ;
#8437 = SURFACE_STYLE_USAGE ( .BOTH. , #1434 ) ;
#8438 = UNCERTAINTY_MEASURE_WITH_UNIT (LENGTH_MEASURE( 1.000000000000000082E-05 ), #8319, 'distance_accuracy_value', 'NONE');
#8439 = VECTOR ( 'NONE', #8962, 1000.000000000000000 ) ;
#8440 = PRESENTATION_LAYER_ASSIGNMENT (  '', '', ( #2000 ) ) ;
#8441 = CARTESIAN_POINT ( 'NONE',  ( 7.750000000000000000, -1.084202172485504434E-16, -8.900000000000000355 ) ) ;
#8442 = VECTOR ( 'NONE', #1549, 1000.000000000000227 ) ;
#8443 = SURFACE_STYLE_USAGE ( .BOTH. , #4639 ) ;
#8444 = AXIS2_PLACEMENT_3D ( 'NONE', #9864, #3005, #3872 ) ;
#8445 = COLOUR_RGB ( '',0.7529411764705882248, 0.7529411764705882248, 0.7529411764705882248 ) ;
#8446 = CARTESIAN_POINT ( 'NONE',  ( 20.40000000000000213, 6.099999999999999645, -0.5000000000000002220 ) ) ;
#8447 = ORIENTED_EDGE ( 'NONE', *, *, #8780, .F. ) ;
#8448 = CARTESIAN_POINT ( 'NONE',  ( 12.75000000000000178, 2.450000000000000178, -8.900000000000000355 ) ) ;
#8449 = SURFACE_STYLE_USAGE ( .BOTH. , #6153 ) ;
#8450 = STYLED_ITEM ( 'NONE', ( #6759 ), #2813 ) ;
#8451 = FILL_AREA_STYLE_COLOUR ( '', #170 ) ;
#8452 = CARTESIAN_POINT ( 'NONE',  ( 9.650000000000000355, 3.050000000000000266, -0.2000000000000000111 ) ) ;
#8453 = DIRECTION ( 'NONE',  ( -1.000000000000000000, 0.000000000000000000, -5.102127870520021968E-16 ) ) ;
#8454 = SURFACE_STYLE_USAGE ( .BOTH. , #2261 ) ;
#8455 = DIRECTION ( 'NONE',  ( 0.000000000000000000, 0.000000000000000000, -1.000000000000000000 ) ) ;
#8456 = EDGE_LOOP ( 'NONE', ( #8523, #5504, #1352, #1339 ) ) ;
#8457 = VERTEX_POINT ( 'NONE', #9711 ) ;
#8458 = DIRECTION ( 'NONE',  ( -1.000000000000000000, -0.000000000000000000, -0.000000000000000000 ) ) ;
#8459 = STYLED_ITEM ( 'NONE', ( #5314 ), #6653 ) ;
#8460 = DIRECTION ( 'NONE',  ( -1.000000000000000000, 0.000000000000000000, 0.000000000000000000 ) ) ;
#8461 = LINE ( 'NONE', #6960, #3839 ) ;
#8462 = EDGE_CURVE ( 'NONE', #3746, #4779, #4551, .T. ) ;
#8463 = DIRECTION ( 'NONE',  ( 0.000000000000000000, 0.000000000000000000, -1.000000000000000000 ) ) ;
#8464 = FILL_AREA_STYLE_COLOUR ( '', #5385 ) ;
#8465 = COLOUR_RGB ( '',0.7529411764705882248, 0.7529411764705882248, 0.7529411764705882248 ) ;
#8466 = CARTESIAN_POINT ( 'NONE',  ( 17.75000000000000000, 3.050000000000000266, -0.2000000000000000111 ) ) ;
#8467 = SURFACE_STYLE_FILL_AREA ( #2324 ) ;
#8468 = EDGE_CURVE ( 'NONE', #6563, #442, #9860, .T. ) ;
#8469 = DIRECTION ( 'NONE',  ( 0.000000000000000000, 0.000000000000000000, 1.000000000000000000 ) ) ;
#8470 = SURFACE_STYLE_FILL_AREA ( #9198 ) ;
#8471 = EDGE_LOOP ( 'NONE', ( #2077, #4533, #3386, #1972 ) ) ;
#8472 =( NAMED_UNIT ( * ) SI_UNIT ( $, .STERADIAN. ) SOLID_ANGLE_UNIT ( ) );
#8473 = ORIENTED_EDGE ( 'NONE', *, *, #4681, .F. ) ;
#8474 =( NAMED_UNIT ( * ) SI_UNIT ( $, .STERADIAN. ) SOLID_ANGLE_UNIT ( ) );
#8475 =( GEOMETRIC_REPRESENTATION_CONTEXT ( 3 ) GLOBAL_UNCERTAINTY_ASSIGNED_CONTEXT ( ( #3734 ) ) GLOBAL_UNIT_ASSIGNED_CONTEXT ( ( #6494, #8012, #6598 ) ) REPRESENTATION_CONTEXT ( 'NONE', 'WORKASPACE' ) );
#8476 = EDGE_CURVE ( 'NONE', #7376, #8223, #3659, .T. ) ;
#8477 = FILL_AREA_STYLE_COLOUR ( '', #7049 ) ;
#8478 = CARTESIAN_POINT ( 'NONE',  ( 12.15000000000000036, -1.084202172485504434E-16, -8.900000000000000355 ) ) ;
#8479 = PRESENTATION_LAYER_ASSIGNMENT (  '', '', ( #7213 ) ) ;
#8480 = CARTESIAN_POINT ( 'NONE',  ( 19.95000000000000284, -2.000000000000000000, -9.199999999999999289 ) ) ;
#8481 = ORIENTED_EDGE ( 'NONE', *, *, #2569, .F. ) ;
#8482 =( NAMED_UNIT ( * ) PLANE_ANGLE_UNIT ( ) SI_UNIT ( $, .RADIAN. ) );
#8483 = ORIENTED_EDGE ( 'NONE', *, *, #6195, .T. ) ;
#8484 = EDGE_CURVE ( 'NONE', #4465, #5377, #2999, .T. ) ;
#8485 = EDGE_LOOP ( 'NONE', ( #3481, #2290, #3710, #5963, #2656 ) ) ;
#8486 = LINE ( 'NONE', #229, #3784 ) ;
#8487 = AXIS2_PLACEMENT_3D ( 'NONE', #5815, #8853, #1964 ) ;
#8488 = AXIS2_PLACEMENT_3D ( 'NONE', #8686, #1646, #3189 ) ;
#8489 = DIRECTION ( 'NONE',  ( 0.000000000000000000, -1.000000000000000000, 0.000000000000000000 ) ) ;
#8490 =( NAMED_UNIT ( * ) PLANE_ANGLE_UNIT ( ) SI_UNIT ( $, .RADIAN. ) );
#8491 = CARTESIAN_POINT ( 'NONE',  ( 20.25000000000000000, -1.084202172485504434E-16, -9.500000000000000000 ) ) ;
#8492 = ORIENTED_EDGE ( 'NONE', *, *, #7074, .F. ) ;
#8493 = DIRECTION ( 'NONE',  ( -1.000000000000000000, 0.000000000000000000, 0.000000000000000000 ) ) ;
#8494 = SURFACE_SIDE_STYLE ('',( #6404 ) ) ;
#8495 = PLANE ( 'NONE',  #4279 ) ;
#8496 = DIRECTION ( 'NONE',  ( 1.000000000000000000, -0.000000000000000000, -0.000000000000000000 ) ) ;
#8497 = ORIENTED_EDGE ( 'NONE', *, *, #2751, .F. ) ;
#8498 = ORIENTED_EDGE ( 'NONE', *, *, #4711, .T. ) ;
#8499 = DIRECTION ( 'NONE',  ( -1.000000000000000000, -0.000000000000000000, 0.000000000000000000 ) ) ;
#8500 =( LENGTH_UNIT ( ) NAMED_UNIT ( * ) SI_UNIT ( .MILLI., .METRE. ) );
#8501 = SURFACE_STYLE_USAGE ( .BOTH. , #125 ) ;
#8502 = DIRECTION ( 'NONE',  ( -1.000000000000000000, -0.000000000000000000, 0.000000000000000000 ) ) ;
#8503 = SURFACE_STYLE_USAGE ( .BOTH. , #1800 ) ;
#8504 = DIRECTION ( 'NONE',  ( 0.000000000000000000, -1.000000000000000000, 0.000000000000000000 ) ) ;
#8505 = DIRECTION ( 'NONE',  ( -0.000000000000000000, 0.000000000000000000, -1.000000000000000000 ) ) ;
#8506 = CARTESIAN_POINT ( 'NONE',  ( 4.650000000000000355, 3.050000000000000266, -7.000000000000000000 ) ) ;
#8507 = VERTEX_POINT ( 'NONE', #4459 ) ;
#8508 = ORIENTED_EDGE ( 'NONE', *, *, #2265, .F. ) ;
#8509 = EDGE_CURVE ( 'NONE', #5745, #888, #2890, .T. ) ;
#8510 = MECHANICAL_DESIGN_GEOMETRIC_PRESENTATION_REPRESENTATION (  '', ( #1435 ), #7723 ) ;
#8511 = CARTESIAN_POINT ( 'NONE',  ( 17.55000000000000071, 3.450000000000000178, -0.2000000000000000111 ) ) ;
#8512 = SURFACE_STYLE_USAGE ( .BOTH. , #3099 ) ;
#8513 = SURFACE_STYLE_FILL_AREA ( #4618 ) ;
#8514 = EDGE_CURVE ( 'NONE', #3098, #7434, #7105, .T. ) ;
#8515 = PRESENTATION_STYLE_ASSIGNMENT (( #6972 ) ) ;
#8516 = UNCERTAINTY_MEASURE_WITH_UNIT (LENGTH_MEASURE( 1.000000000000000082E-05 ), #7171, 'distance_accuracy_value', 'NONE');
#8517 = COLOUR_RGB ( '',0.7529411764705882248, 0.7529411764705882248, 0.7529411764705882248 ) ;
#8518 = FILL_AREA_STYLE ('',( #2397 ) ) ;
#8519 = VERTEX_POINT ( 'NONE', #206 ) ;
#8520 = EDGE_CURVE ( 'NONE', #2845, #5661, #1567, .T. ) ;
#8521 = ORIENTED_EDGE ( 'NONE', *, *, #7865, .T. ) ;
#8522 = CARTESIAN_POINT ( 'NONE',  ( 5.250000000000000000, -1.084202172485504434E-16, -8.900000000000000355 ) ) ;
#8523 = ORIENTED_EDGE ( 'NONE', *, *, #6227, .F. ) ;
#8524 = DIRECTION ( 'NONE',  ( -1.000000000000000000, -0.000000000000000000, -0.000000000000000000 ) ) ;
#8525 = DIRECTION ( 'NONE',  ( 0.000000000000000000, -1.000000000000000000, 0.000000000000000000 ) ) ;
#8526 = EDGE_CURVE ( 'NONE', #4419, #2836, #165, .T. ) ;
#8527 =( GEOMETRIC_REPRESENTATION_CONTEXT ( 3 ) GLOBAL_UNCERTAINTY_ASSIGNED_CONTEXT ( ( #2773 ) ) GLOBAL_UNIT_ASSIGNED_CONTEXT ( ( #9415, #4861, #5285 ) ) REPRESENTATION_CONTEXT ( 'NONE', 'WORKASPACE' ) );
#8528 = DIRECTION ( 'NONE',  ( -0.000000000000000000, 1.000000000000000000, 0.000000000000000000 ) ) ;
#8529 = UNCERTAINTY_MEASURE_WITH_UNIT (LENGTH_MEASURE( 1.000000000000000082E-05 ), #4080, 'distance_accuracy_value', 'NONE');
#8530 = PRESENTATION_STYLE_ASSIGNMENT (( #8389 ) ) ;
#8531 = EDGE_CURVE ( 'NONE', #7378, #5131, #4050, .T. ) ;
#8532 = FILL_AREA_STYLE_COLOUR ( '', #4510 ) ;
#8533 = CIRCLE ( 'NONE', #4221, 0.2999999999999999334 ) ;
#8534 = ORIENTED_EDGE ( 'NONE', *, *, #6998, .F. ) ;
#8535 =( NAMED_UNIT ( * ) PLANE_ANGLE_UNIT ( ) SI_UNIT ( $, .RADIAN. ) );
#8536 = PRESENTATION_LAYER_ASSIGNMENT (  '', '', ( #5028 ) ) ;
#8537 = CARTESIAN_POINT ( 'NONE',  ( 12.75000000000000178, -1.084202172485504434E-16, -8.900000000000000355 ) ) ;
#8538 =( LENGTH_UNIT ( ) NAMED_UNIT ( * ) SI_UNIT ( .MILLI., .METRE. ) );
#8539 = CARTESIAN_POINT ( 'NONE',  ( 2.150000000000000355, 0.000000000000000000, -9.199999999999999289 ) ) ;
#8540 = ORIENTED_EDGE ( 'NONE', *, *, #166, .T. ) ;
#8541 = ORIENTED_EDGE ( 'NONE', *, *, #3938, .F. ) ;
#8542 = COLOUR_RGB ( '',0.7529411764705882248, 0.7529411764705882248, 0.7529411764705882248 ) ;
#8543 =( NAMED_UNIT ( * ) SI_UNIT ( $, .STERADIAN. ) SOLID_ANGLE_UNIT ( ) );
#8544 = FILL_AREA_STYLE_COLOUR ( '', #4284 ) ;
#8545 = CARTESIAN_POINT ( 'NONE',  ( 20.25000000000000000, -1.084202172485504434E-16, -8.900000000000000355 ) ) ;
#8546 = CARTESIAN_POINT ( 'NONE',  ( 14.65000000000000213, 2.449999999999999734, -8.300000000000000711 ) ) ;
#8547 = CARTESIAN_POINT ( 'NONE',  ( 17.75000000000000000, 3.649999999999999911, -0.2000000000000000111 ) ) ;
#8548 = DIRECTION ( 'NONE',  ( 1.000000000000000000, 0.000000000000000000, -0.000000000000000000 ) ) ;
#8549 = CARTESIAN_POINT ( 'NONE',  ( 5.250000000000000000, -1.084202172485504434E-16, -9.500000000000000000 ) ) ;
#8550 = SURFACE_SIDE_STYLE ('',( #8694 ) ) ;
#8551 =( GEOMETRIC_REPRESENTATION_CONTEXT ( 3 ) GLOBAL_UNCERTAINTY_ASSIGNED_CONTEXT ( ( #7846 ) ) GLOBAL_UNIT_ASSIGNED_CONTEXT ( ( #3364, #9763, #513 ) ) REPRESENTATION_CONTEXT ( 'NONE', 'WORKASPACE' ) );
#8552 = ORIENTED_EDGE ( 'NONE', *, *, #7206, .F. ) ;
#8553 = ORIENTED_EDGE ( 'NONE', *, *, #8639, .F. ) ;
#8554 = DIRECTION ( 'NONE',  ( -1.000000000000000000, -0.000000000000000000, -0.000000000000000000 ) ) ;
#8555 = SURFACE_STYLE_USAGE ( .BOTH. , #3101 ) ;
#8556 = PRESENTATION_STYLE_ASSIGNMENT (( #272 ) ) ;
#8557 = MECHANICAL_DESIGN_GEOMETRIC_PRESENTATION_REPRESENTATION (  '', ( #4883 ), #65 ) ;
#8558 = EDGE_CURVE ( 'NONE', #9477, #9079, #3905, .T. ) ;
#8559 = AXIS2_PLACEMENT_3D ( 'NONE', #4435, #8299, #3791 ) ;
#8560 = SURFACE_STYLE_FILL_AREA ( #5510 ) ;
#8561 = CARTESIAN_POINT ( 'NONE',  ( 17.14999999999999858, 3.050000000000000266, -7.000000000000000000 ) ) ;
#8562 = SURFACE_STYLE_FILL_AREA ( #6283 ) ;
#8563 = ORIENTED_EDGE ( 'NONE', *, *, #3008, .F. ) ;
#8564 = ORIENTED_EDGE ( 'NONE', *, *, #5520, .F. ) ;
#8565 = VERTEX_POINT ( 'NONE', #3288 ) ;
#8566 = VECTOR ( 'NONE', #5012, 1000.000000000000000 ) ;
#8567 = PRESENTATION_LAYER_ASSIGNMENT (  '', '', ( #2971 ) ) ;
#8568 = DIRECTION ( 'NONE',  ( -0.7071067811865515695, 0.000000000000000000, -0.7071067811865435759 ) ) ;
#8569 = AXIS2_PLACEMENT_3D ( 'NONE', #8547, #8692, #1753 ) ;
#8570 = SURFACE_SIDE_STYLE ('',( #4721 ) ) ;
#8571 = SURFACE_SIDE_STYLE ('',( #4031 ) ) ;
#8572 = AXIS2_PLACEMENT_3D ( 'NONE', #3725, #1431, #6784 ) ;
#8573 = DIRECTION ( 'NONE',  ( 0.000000000000000000, -0.000000000000000000, 1.000000000000000000 ) ) ;
#8574 = EDGE_CURVE ( 'NONE', #6834, #7352, #2380, .T. ) ;
#8575 = COLOUR_RGB ( '',0.7529411764705882248, 0.7529411764705882248, 0.7529411764705882248 ) ;
#8576 = MECHANICAL_DESIGN_GEOMETRIC_PRESENTATION_REPRESENTATION (  '', ( #4271 ), #1341 ) ;
#8577 = PRESENTATION_LAYER_ASSIGNMENT (  '', '', ( #6517 ) ) ;
#8578 = EDGE_CURVE ( 'NONE', #3793, #2676, #9806, .T. ) ;
#8579 = CIRCLE ( 'NONE', #2520, 0.2999999999999999334 ) ;
#8580 = FILL_AREA_STYLE_COLOUR ( '', #8605 ) ;
#8581 = VECTOR ( 'NONE', #2433, 1000.000000000000000 ) ;
#8582 = ORIENTED_EDGE ( 'NONE', *, *, #4053, .T. ) ;
#8583 = CARTESIAN_POINT ( 'NONE',  ( 17.75000000000000000, -1.084202172485504434E-16, -8.900000000000000355 ) ) ;
#8584 = PRESENTATION_LAYER_ASSIGNMENT (  '', '', ( #4586 ) ) ;
#8585 = SURFACE_SIDE_STYLE ('',( #938 ) ) ;
#8586 = AXIS2_PLACEMENT_3D ( 'NONE', #8157, #3581, #2711 ) ;
#8587 = AXIS2_PLACEMENT_3D ( 'NONE', #9248, #2370, #9047 ) ;
#8588 = VECTOR ( 'NONE', #3160, 1000.000000000000000 ) ;
#8589 = EDGE_CURVE ( 'NONE', #9865, #5709, #8062, .T. ) ;
#8590 = VECTOR ( 'NONE', #504, 1000.000000000000000 ) ;
#8591 = CARTESIAN_POINT ( 'NONE',  ( 4.650000000000000355, 3.649999999999999911, -6.200000000000000178 ) ) ;
#8592 = PRESENTATION_LAYER_ASSIGNMENT (  '', '', ( #7317 ) ) ;
#8593 = FACE_OUTER_BOUND ( 'NONE', #503, .T. ) ;
#8594 = PRESENTATION_LAYER_ASSIGNMENT (  '', '', ( #1840 ) ) ;
#8595 = MECHANICAL_DESIGN_GEOMETRIC_PRESENTATION_REPRESENTATION (  '', ( #2502 ), #5398 ) ;
#8596 = SURFACE_STYLE_USAGE ( .BOTH. , #196 ) ;
#8597 = ORIENTED_EDGE ( 'NONE', *, *, #775, .T. ) ;
#8598 = EDGE_LOOP ( 'NONE', ( #2910, #3965, #310, #6659, #8994, #648, #4251, #1548, #2124 ) ) ;
#8599 = COLOUR_RGB ( '',0.7529411764705882248, 0.7529411764705882248, 0.7529411764705882248 ) ;
#8600 = DIRECTION ( 'NONE',  ( -1.000000000000000000, -0.000000000000000000, 0.000000000000000000 ) ) ;
#8601 = EDGE_CURVE ( 'NONE', #843, #5080, #4608, .T. ) ;
#8602 = MECHANICAL_DESIGN_GEOMETRIC_PRESENTATION_REPRESENTATION (  '', ( #7818 ), #3330 ) ;
#8603 = CARTESIAN_POINT ( 'NONE',  ( 7.150000000000000355, 3.050000000000000266, -7.000000000000000000 ) ) ;
#8604 =( NAMED_UNIT ( * ) SI_UNIT ( $, .STERADIAN. ) SOLID_ANGLE_UNIT ( ) );
#8605 = COLOUR_RGB ( '',0.7529411764705882248, 0.7529411764705882248, 0.7529411764705882248 ) ;
#8606 =( NAMED_UNIT ( * ) PLANE_ANGLE_UNIT ( ) SI_UNIT ( $, .RADIAN. ) );
#8607 = SURFACE_SIDE_STYLE ('',( #4008 ) ) ;
#8608 = DIRECTION ( 'NONE',  ( -1.000000000000000000, -0.000000000000000000, 0.000000000000000000 ) ) ;
#8609 = MECHANICAL_DESIGN_GEOMETRIC_PRESENTATION_REPRESENTATION (  '', ( #3469 ), #5548 ) ;
#8610 = CARTESIAN_POINT ( 'NONE',  ( 7.150000000000000355, -1.084202172485504434E-16, -8.900000000000000355 ) ) ;
#8611 = DIRECTION ( 'NONE',  ( 0.000000000000000000, 0.000000000000000000, -1.000000000000000000 ) ) ;
#8612 = STYLED_ITEM ( 'NONE', ( #3369 ), #6631 ) ;
#8613 = DIRECTION ( 'NONE',  ( 0.000000000000000000, -0.000000000000000000, -1.000000000000000000 ) ) ;
#8614 = CARTESIAN_POINT ( 'NONE',  ( 20.40000000000000213, 6.100999999999999979, -0.2000000000000002609 ) ) ;
#8615 = ORIENTED_EDGE ( 'NONE', *, *, #2218, .F. ) ;
#8616 = ORIENTED_EDGE ( 'NONE', *, *, #1134, .T. ) ;
#8617 = CARTESIAN_POINT ( 'NONE',  ( 12.34999999999999964, 3.450000000000000178, -0.2000000000000000111 ) ) ;
#8618 = FILL_AREA_STYLE_COLOUR ( '', #1550 ) ;
#8619 =( GEOMETRIC_REPRESENTATION_CONTEXT ( 3 ) GLOBAL_UNCERTAINTY_ASSIGNED_CONTEXT ( ( #7634 ) ) GLOBAL_UNIT_ASSIGNED_CONTEXT ( ( #7035, #3100, #9205 ) ) REPRESENTATION_CONTEXT ( 'NONE', 'WORKASPACE' ) );
#8620 = UNCERTAINTY_MEASURE_WITH_UNIT (LENGTH_MEASURE( 1.000000000000000082E-05 ), #7620, 'distance_accuracy_value', 'NONE');
#8621 = FACE_OUTER_BOUND ( 'NONE', #9422, .T. ) ;
#8622 =( NAMED_UNIT ( * ) SI_UNIT ( $, .STERADIAN. ) SOLID_ANGLE_UNIT ( ) );
#8623 = FILL_AREA_STYLE_COLOUR ( '', #4243 ) ;
#8624 = ORIENTED_EDGE ( 'NONE', *, *, #3370, .F. ) ;
#8625 = LINE ( 'NONE', #5473, #4444 ) ;
#8626 = AXIS2_PLACEMENT_3D ( 'NONE', #5180, #634, #1385 ) ;
#8627 = ORIENTED_EDGE ( 'NONE', *, *, #6029, .F. ) ;
#8628 = VECTOR ( 'NONE', #8493, 1000.000000000000000 ) ;
#8629 = SURFACE_STYLE_USAGE ( .BOTH. , #9218 ) ;
#8630 = ORIENTED_EDGE ( 'NONE', *, *, #9359, .T. ) ;
#8631 = SURFACE_SIDE_STYLE ('',( #3261 ) ) ;
#8632 =( LENGTH_UNIT ( ) NAMED_UNIT ( * ) SI_UNIT ( .MILLI., .METRE. ) );
#8633 = SURFACE_SIDE_STYLE ('',( #4677 ) ) ;
#8634 = SURFACE_STYLE_FILL_AREA ( #2509 ) ;
#8635 = UNCERTAINTY_MEASURE_WITH_UNIT (LENGTH_MEASURE( 1.000000000000000082E-05 ), #1243, 'distance_accuracy_value', 'NONE');
#8636 =( LENGTH_UNIT ( ) NAMED_UNIT ( * ) SI_UNIT ( .MILLI., .METRE. ) );
#8637 = ORIENTED_EDGE ( 'NONE', *, *, #4927, .F. ) ;
#8638 = CARTESIAN_POINT ( 'NONE',  ( 17.75000000000000000, 6.099999999999999645, -6.200000000000000178 ) ) ;
#8639 = EDGE_CURVE ( 'NONE', #1152, #517, #6941, .T. ) ;
#8640 = STYLED_ITEM ( 'NONE', ( #7877 ), #7368 ) ;
#8641 = VECTOR ( 'NONE', #4695, 1000.000000000000000 ) ;
#8642 = EDGE_CURVE ( 'NONE', #732, #8433, #69, .T. ) ;
#8643 = FILL_AREA_STYLE_COLOUR ( '', #8517 ) ;
#8644 =( NAMED_UNIT ( * ) SI_UNIT ( $, .STERADIAN. ) SOLID_ANGLE_UNIT ( ) );
#8645 = PRESENTATION_STYLE_ASSIGNMENT (( #9336 ) ) ;
#8646 = ORIENTED_EDGE ( 'NONE', *, *, #6520, .F. ) ;
#8647 = ORIENTED_EDGE ( 'NONE', *, *, #1072, .T. ) ;
#8648 = LINE ( 'NONE', #4192, #2350 ) ;
#8649 = EDGE_CURVE ( 'NONE', #8976, #1778, #4757, .T. ) ;
#8650 =( LENGTH_UNIT ( ) NAMED_UNIT ( * ) SI_UNIT ( .MILLI., .METRE. ) );
#8651 = DIRECTION ( 'NONE',  ( 1.000000000000000000, 0.000000000000000000, -0.000000000000000000 ) ) ;
#8652 =( NAMED_UNIT ( * ) PLANE_ANGLE_UNIT ( ) SI_UNIT ( $, .RADIAN. ) );
#8653 = CARTESIAN_POINT ( 'NONE',  ( 4.650000000000000355, -1.084202172485504434E-16, -8.900000000000000355 ) ) ;
#8654 = EDGE_CURVE ( 'NONE', #2884, #4852, #1938, .T. ) ;
#8655 = CARTESIAN_POINT ( 'NONE',  ( 10.25000000000000000, 2.449999999999999734, -9.500000000000000000 ) ) ;
#8656 = SURFACE_SIDE_STYLE ('',( #2540 ) ) ;
#8657 = EDGE_LOOP ( 'NONE', ( #7314, #1251, #6129, #9264 ) ) ;
#8658 = APPLICATION_PROTOCOL_DEFINITION ( 'draft international standard', 'automotive_design', 1998, #8983 ) ;
#8659 = ORIENTED_EDGE ( 'NONE', *, *, #4129, .F. ) ;
#8660 = DIRECTION ( 'NONE',  ( 0.000000000000000000, 0.000000000000000000, -1.000000000000000000 ) ) ;
#8661 = CYLINDRICAL_SURFACE ( 'NONE', #9196, 0.5999999999999998668 ) ;
#8662 = LINE ( 'NONE', #3027, #4523 ) ;
#8663 = LINE ( 'NONE', #3309, #3611 ) ;
#8664 = VERTEX_POINT ( 'NONE', #4009 ) ;
#8665 =( LENGTH_UNIT ( ) NAMED_UNIT ( * ) SI_UNIT ( .MILLI., .METRE. ) );
#8666 = CIRCLE ( 'NONE', #5312, 0.2999999999999999334 ) ;
#8667 = ORIENTED_EDGE ( 'NONE', *, *, #7261, .F. ) ;
#8668 = DIRECTION ( 'NONE',  ( 1.000000000000000000, -0.000000000000000000, 1.508455196501571429E-16 ) ) ;
#8669 = ORIENTED_EDGE ( 'NONE', *, *, #7870, .F. ) ;
#8670 = DIRECTION ( 'NONE',  ( -1.000000000000000000, -0.000000000000000000, -0.000000000000000000 ) ) ;
#8671 = CARTESIAN_POINT ( 'NONE',  ( 12.15000000000000036, 2.449999999999999734, -8.300000000000000711 ) ) ;
#8672 = SURFACE_STYLE_USAGE ( .BOTH. , #3322 ) ;
#8673 = COLOUR_RGB ( '',0.7529411764705882248, 0.7529411764705882248, 0.7529411764705882248 ) ;
#8674 = FILL_AREA_STYLE ('',( #4226 ) ) ;
#8675 = ORIENTED_EDGE ( 'NONE', *, *, #9761, .T. ) ;
#8676 = SURFACE_STYLE_FILL_AREA ( #3374 ) ;
#8677 = ORIENTED_EDGE ( 'NONE', *, *, #6890, .T. ) ;
#8678 = VECTOR ( 'NONE', #4527, 1000.000000000000000 ) ;
#8679 =( LENGTH_UNIT ( ) NAMED_UNIT ( * ) SI_UNIT ( .MILLI., .METRE. ) );
#8680 = CARTESIAN_POINT ( 'NONE',  ( 2.750000000000000444, 3.649999999999999911, -8.300000000000000711 ) ) ;
#8681 = VECTOR ( 'NONE', #1519, 1000.000000000000000 ) ;
#8682 = EDGE_CURVE ( 'NONE', #9365, #4404, #6168, .T. ) ;
#8683 = PRESENTATION_STYLE_ASSIGNMENT (( #5644 ) ) ;
#8684 = ORIENTED_EDGE ( 'NONE', *, *, #9507, .T. ) ;
#8685 = ORIENTED_EDGE ( 'NONE', *, *, #9448, .F. ) ;
#8686 = CARTESIAN_POINT ( 'NONE',  ( 19.65000000000000213, -1.084202172485504434E-16, -8.900000000000000355 ) ) ;
#8687 = STYLED_ITEM ( 'NONE', ( #532 ), #9023 ) ;
#8688 =( NAMED_UNIT ( * ) PLANE_ANGLE_UNIT ( ) SI_UNIT ( $, .RADIAN. ) );
#8689 = CARTESIAN_POINT ( 'NONE',  ( 10.25000000000000000, 2.449999999999999734, -8.300000000000000711 ) ) ;
#8690 = EDGE_CURVE ( 'NONE', #661, #7973, #5555, .T. ) ;
#8691 =( NAMED_UNIT ( * ) PLANE_ANGLE_UNIT ( ) SI_UNIT ( $, .RADIAN. ) );
#8692 = DIRECTION ( 'NONE',  ( -0.000000000000000000, 1.000000000000000000, 0.000000000000000000 ) ) ;
#8693 = COLOUR_RGB ( '',0.7529411764705882248, 0.7529411764705882248, 0.7529411764705882248 ) ;
#8694 = SURFACE_STYLE_FILL_AREA ( #6315 ) ;
#8695 = ORIENTED_EDGE ( 'NONE', *, *, #2941, .T. ) ;
#8696 = ORIENTED_EDGE ( 'NONE', *, *, #6453, .F. ) ;
#8697 = EDGE_CURVE ( 'NONE', #4822, #1581, #5412, .T. ) ;
#8698 = AXIS2_PLACEMENT_3D ( 'NONE', #2666, #5801, #2608 ) ;
#8699 = FILL_AREA_STYLE_COLOUR ( '', #4903 ) ;
#8700 = FACE_OUTER_BOUND ( 'NONE', #8240, .T. ) ;
#8701 = CARTESIAN_POINT ( 'NONE',  ( 12.75000000000000178, -1.084202172485504434E-16, -8.900000000000000355 ) ) ;
#8702 = UNCERTAINTY_MEASURE_WITH_UNIT (LENGTH_MEASURE( 1.000000000000000082E-05 ), #4062, 'distance_accuracy_value', 'NONE');
#8703 = EDGE_CURVE ( 'NONE', #1582, #4673, #4657, .T. ) ;
#8704 = FILL_AREA_STYLE_COLOUR ( '', #3484 ) ;
#8705 = AXIS2_PLACEMENT_3D ( 'NONE', #5018, #9472, #3522 ) ;
#8706 = LINE ( 'NONE', #364, #5889 ) ;
#8707 = FILL_AREA_STYLE_COLOUR ( '', #2606 ) ;
#8708 = ORIENTED_EDGE ( 'NONE', *, *, #1259, .F. ) ;
#8709 = CARTESIAN_POINT ( 'NONE',  ( 19.80000000000000071, 6.100999999999999979, -3.100000000000000533 ) ) ;
#8710 = VERTEX_POINT ( 'NONE', #3141 ) ;
#8711 = EDGE_LOOP ( 'NONE', ( #4926, #5878, #4651, #1313 ) ) ;
#8712 = SURFACE_SIDE_STYLE ('',( #5124 ) ) ;
#8713 = PRESENTATION_STYLE_ASSIGNMENT (( #4127 ) ) ;
#8714 = EDGE_CURVE ( 'NONE', #3793, #802, #7762, .T. ) ;
#8715 = DIRECTION ( 'NONE',  ( 0.000000000000000000, -0.000000000000000000, -1.000000000000000000 ) ) ;
#8716 = FACE_BOUND ( 'NONE', #5001, .T. ) ;
#8717 = UNCERTAINTY_MEASURE_WITH_UNIT (LENGTH_MEASURE( 1.000000000000000082E-05 ), #959, 'distance_accuracy_value', 'NONE');
#8718 = VERTEX_POINT ( 'NONE', #6223 ) ;
#8719 =( LENGTH_UNIT ( ) NAMED_UNIT ( * ) SI_UNIT ( .MILLI., .METRE. ) );
#8720 = STYLED_ITEM ( 'NONE', ( #2870 ), #5455 ) ;
#8721 = VECTOR ( 'NONE', #376, 1000.000000000000000 ) ;
#8722 = FILL_AREA_STYLE ('',( #5892 ) ) ;
#8723 = EDGE_LOOP ( 'NONE', ( #3373, #7280, #5756, #180, #7146, #1949, #5932, #439, #2688 ) ) ;
#8724 =( NAMED_UNIT ( * ) PLANE_ANGLE_UNIT ( ) SI_UNIT ( $, .RADIAN. ) );
#8725 = DIRECTION ( 'NONE',  ( -1.000000000000000000, -0.000000000000000000, 0.000000000000000000 ) ) ;
#8726 =( GEOMETRIC_REPRESENTATION_CONTEXT ( 3 ) GLOBAL_UNCERTAINTY_ASSIGNED_CONTEXT ( ( #4433 ) ) GLOBAL_UNIT_ASSIGNED_CONTEXT ( ( #1772, #3411, #1169 ) ) REPRESENTATION_CONTEXT ( 'NONE', 'WORKASPACE' ) );
#8727 = MECHANICAL_DESIGN_GEOMETRIC_PRESENTATION_REPRESENTATION (  '', ( #7467 ), #9522 ) ;
#8728 = MECHANICAL_DESIGN_GEOMETRIC_PRESENTATION_REPRESENTATION (  '', ( #3796 ), #6986 ) ;
#8729 = AXIS2_PLACEMENT_3D ( 'NONE', #3358, #1209, #7182 ) ;
#8730 =( NAMED_UNIT ( * ) SI_UNIT ( $, .STERADIAN. ) SOLID_ANGLE_UNIT ( ) );
#8731 = UNCERTAINTY_MEASURE_WITH_UNIT (LENGTH_MEASURE( 1.000000000000000082E-05 ), #8632, 'distance_accuracy_value', 'NONE');
#8732 = PLANE ( 'NONE',  #2334 ) ;
#8733 = ORIENTED_EDGE ( 'NONE', *, *, #9816, .F. ) ;
#8734 = ORIENTED_EDGE ( 'NONE', *, *, #3326, .F. ) ;
#8735 = VECTOR ( 'NONE', #3440, 1000.000000000000000 ) ;
#8736 = PRESENTATION_LAYER_ASSIGNMENT (  '', '', ( #397 ) ) ;
#8737 = SURFACE_STYLE_USAGE ( .BOTH. , #7954 ) ;
#8738 = COLOUR_RGB ( '',0.7529411764705882248, 0.7529411764705882248, 0.7529411764705882248 ) ;
#8739 = VECTOR ( 'NONE', #250, 1000.000000000000000 ) ;
#8740 = STYLED_ITEM ( 'NONE', ( #1988 ), #3630 ) ;
#8741 = CARTESIAN_POINT ( 'NONE',  ( 0.000000000000000000, 5.299999999999998934, -11.50000000000000000 ) ) ;
#8742 = COLOUR_RGB ( '',0.7529411764705882248, 0.7529411764705882248, 0.7529411764705882248 ) ;
#8743 = PLANE ( 'NONE',  #5570 ) ;
#8744 =( GEOMETRIC_REPRESENTATION_CONTEXT ( 3 ) GLOBAL_UNCERTAINTY_ASSIGNED_CONTEXT ( ( #8635 ) ) GLOBAL_UNIT_ASSIGNED_CONTEXT ( ( #1243, #8790, #7396 ) ) REPRESENTATION_CONTEXT ( 'NONE', 'WORKASPACE' ) );
#8745 = COLOUR_RGB ( '',0.7529411764705882248, 0.7529411764705882248, 0.7529411764705882248 ) ;
#8746 = DIRECTION ( 'NONE',  ( 1.000000000000000000, -0.000000000000000000, -0.000000000000000000 ) ) ;
#8747 = CARTESIAN_POINT ( 'NONE',  ( 2.150000000000000355, -1.084202172485504434E-16, -8.900000000000000355 ) ) ;
#8748 = FACE_OUTER_BOUND ( 'NONE', #608, .T. ) ;
#8749 = VECTOR ( 'NONE', #3062, 1000.000000000000000 ) ;
#8750 = ORIENTED_EDGE ( 'NONE', *, *, #9328, .F. ) ;
#8751 = ORIENTED_EDGE ( 'NONE', *, *, #6003, .F. ) ;
#8752 =( GEOMETRIC_REPRESENTATION_CONTEXT ( 3 ) GLOBAL_UNCERTAINTY_ASSIGNED_CONTEXT ( ( #6719 ) ) GLOBAL_UNIT_ASSIGNED_CONTEXT ( ( #5672, #7926, #5516 ) ) REPRESENTATION_CONTEXT ( 'NONE', 'WORKASPACE' ) );
#8753 = STYLED_ITEM ( 'NONE', ( #764 ), #7622 ) ;
#8754 = AXIS2_PLACEMENT_3D ( 'NONE', #2684, #5009, #1159 ) ;
#8755 = EDGE_CURVE ( 'NONE', #3059, #7057, #9260, .T. ) ;
#8756 = CARTESIAN_POINT ( 'NONE',  ( 15.25000000000000178, -1.084202172485504434E-16, -9.500000000000000000 ) ) ;
#8757 = FACE_OUTER_BOUND ( 'NONE', #6244, .T. ) ;
#8758 = LINE ( 'NONE', #1066, #5282 ) ;
#8759 = ADVANCED_FACE ( 'NONE', ( #4699 ), #852, .T. ) ;
#8760 = FACE_OUTER_BOUND ( 'NONE', #8370, .T. ) ;
#8761 =( GEOMETRIC_REPRESENTATION_CONTEXT ( 3 ) GLOBAL_UNCERTAINTY_ASSIGNED_CONTEXT ( ( #2193 ) ) GLOBAL_UNIT_ASSIGNED_CONTEXT ( ( #2694, #9428, #1928 ) ) REPRESENTATION_CONTEXT ( 'NONE', 'WORKASPACE' ) );
#8762 = FILL_AREA_STYLE ('',( #4115 ) ) ;
#8763 = CARTESIAN_POINT ( 'NONE',  ( 7.150000000000000355, 3.649999999999999911, -8.300000000000000711 ) ) ;
#8764 = SURFACE_STYLE_USAGE ( .BOTH. , #3310 ) ;
#8765 = ORIENTED_EDGE ( 'NONE', *, *, #1442, .T. ) ;
#8766 = SURFACE_STYLE_FILL_AREA ( #5777 ) ;
#8767 = ORIENTED_EDGE ( 'NONE', *, *, #6637, .F. ) ;
#8768 =( NAMED_UNIT ( * ) SI_UNIT ( $, .STERADIAN. ) SOLID_ANGLE_UNIT ( ) );
#8769 =( NAMED_UNIT ( * ) SI_UNIT ( $, .STERADIAN. ) SOLID_ANGLE_UNIT ( ) );
#8770 =( LENGTH_UNIT ( ) NAMED_UNIT ( * ) SI_UNIT ( .MILLI., .METRE. ) );
#8771 = EDGE_CURVE ( 'NONE', #6151, #1450, #3434, .T. ) ;
#8772 = EDGE_CURVE ( 'NONE', #6851, #2884, #5700, .T. ) ;
#8773 = PRESENTATION_LAYER_ASSIGNMENT (  '', '', ( #6870 ) ) ;
#8774 = CARTESIAN_POINT ( 'NONE',  ( 2.750000000000000444, -1.084202172485504434E-16, -9.500000000000000000 ) ) ;
#8775 = DIRECTION ( 'NONE',  ( -0.000000000000000000, 1.000000000000000000, 0.000000000000000000 ) ) ;
#8776 = CARTESIAN_POINT ( 'NONE',  ( 19.65000000000000213, 3.050000000000000266, -0.2000000000000000111 ) ) ;
#8777 = FACE_BOUND ( 'NONE', #2689, .T. ) ;
#8778 = AXIS2_PLACEMENT_3D ( 'NONE', #600, #9840, #3035 ) ;
#8779 = EDGE_LOOP ( 'NONE', ( #1229, #8695, #7756, #240 ) ) ;
#8780 = EDGE_CURVE ( 'NONE', #3810, #5601, #2716, .T. ) ;
#8781 = CARTESIAN_POINT ( 'NONE',  ( 0.8000000000000003775, 4.499999999999999112, 1.628726450583782106E-15 ) ) ;
#8782 = ORIENTED_EDGE ( 'NONE', *, *, #9816, .T. ) ;
#8783 = FACE_OUTER_BOUND ( 'NONE', #5362, .T. ) ;
#8784 =( LENGTH_UNIT ( ) NAMED_UNIT ( * ) SI_UNIT ( .MILLI., .METRE. ) );
#8785 = PRESENTATION_LAYER_ASSIGNMENT (  '', '', ( #2866 ) ) ;
#8786 = SURFACE_STYLE_FILL_AREA ( #2661 ) ;
#8787 = CARTESIAN_POINT ( 'NONE',  ( 21.60000000000000142, 4.499999999999999112, 0.000000000000000000 ) ) ;
#8788 = COLOUR_RGB ( '',0.7529411764705882248, 0.7529411764705882248, 0.7529411764705882248 ) ;
#8789 = LINE ( 'NONE', #5690, #1190 ) ;
#8790 =( NAMED_UNIT ( * ) PLANE_ANGLE_UNIT ( ) SI_UNIT ( $, .RADIAN. ) );
#8791 = ORIENTED_EDGE ( 'NONE', *, *, #6456, .T. ) ;
#8792 = ORIENTED_EDGE ( 'NONE', *, *, #8526, .T. ) ;
#8793 = DIRECTION ( 'NONE',  ( -1.000000000000000000, -0.000000000000000000, 0.000000000000000000 ) ) ;
#8794 = FILL_AREA_STYLE ('',( #4386 ) ) ;
#8795 = VECTOR ( 'NONE', #7527, 1000.000000000000000 ) ;
#8796 =( GEOMETRIC_REPRESENTATION_CONTEXT ( 3 ) GLOBAL_UNCERTAINTY_ASSIGNED_CONTEXT ( ( #4248 ) ) GLOBAL_UNIT_ASSIGNED_CONTEXT ( ( #5909, #8842, #1950 ) ) REPRESENTATION_CONTEXT ( 'NONE', 'WORKASPACE' ) );
#8797 = CARTESIAN_POINT ( 'NONE',  ( 2.599999999999996536, 6.100999999999999979, -3.700000000000001510 ) ) ;
#8798 = CARTESIAN_POINT ( 'NONE',  ( 20.25000000000000000, 3.649999999999999911, -8.300000000000000711 ) ) ;
#8799 = LINE ( 'NONE', #2829, #5870 ) ;
#8800 = CARTESIAN_POINT ( 'NONE',  ( 0.000000000000000000, 5.099999999999999645, -7.000000000000005329 ) ) ;
#8801 = ORIENTED_EDGE ( 'NONE', *, *, #3943, .F. ) ;
#8802 = ORIENTED_EDGE ( 'NONE', *, *, #2751, .T. ) ;
#8803 = DIRECTION ( 'NONE',  ( 0.000000000000000000, 0.000000000000000000, -1.000000000000000000 ) ) ;
#8804 = DIRECTION ( 'NONE',  ( 0.000000000000000000, -0.000000000000000000, -1.000000000000000000 ) ) ;
#8805 = CARTESIAN_POINT ( 'NONE',  ( 12.75000000000000178, -1.084202172485504434E-16, -8.900000000000000355 ) ) ;
#8806 = UNCERTAINTY_MEASURE_WITH_UNIT (LENGTH_MEASURE( 1.000000000000000082E-05 ), #9055, 'distance_accuracy_value', 'NONE');
#8807 = FILL_AREA_STYLE ('',( #1257 ) ) ;
#8808 = DIRECTION ( 'NONE',  ( 0.000000000000000000, 1.000000000000000000, 0.000000000000000000 ) ) ;
#8809 = DIRECTION ( 'NONE',  ( 0.000000000000000000, 0.000000000000000000, -1.000000000000000000 ) ) ;
#8810 =( NAMED_UNIT ( * ) PLANE_ANGLE_UNIT ( ) SI_UNIT ( $, .RADIAN. ) );
#8811 = EDGE_CURVE ( 'NONE', #3414, #62, #8845, .T. ) ;
#8812 = DIRECTION ( 'NONE',  ( 0.000000000000000000, 0.000000000000000000, -1.000000000000000000 ) ) ;
#8813 = ORIENTED_EDGE ( 'NONE', *, *, #3565, .T. ) ;
#8814 = SURFACE_SIDE_STYLE ('',( #8766 ) ) ;
#8815 = ORIENTED_EDGE ( 'NONE', *, *, #6016, .T. ) ;
#8816 = ORIENTED_EDGE ( 'NONE', *, *, #7509, .T. ) ;
#8817 = CARTESIAN_POINT ( 'NONE',  ( 20.25000000000000000, -1.084202172485504434E-16, -8.900000000000000355 ) ) ;
#8818 = SURFACE_STYLE_FILL_AREA ( #5782 ) ;
#8819 = PRESENTATION_STYLE_ASSIGNMENT (( #8183 ) ) ;
#8820 = DIRECTION ( 'NONE',  ( 0.000000000000000000, 0.000000000000000000, 1.000000000000000000 ) ) ;
#8821 = PRESENTATION_STYLE_ASSIGNMENT (( #8672 ) ) ;
#8822 = SURFACE_SIDE_STYLE ('',( #320 ) ) ;
#8823 = UNCERTAINTY_MEASURE_WITH_UNIT (LENGTH_MEASURE( 1.000000000000000082E-05 ), #8257, 'distance_accuracy_value', 'NONE');
#8824 =( LENGTH_UNIT ( ) NAMED_UNIT ( * ) SI_UNIT ( .MILLI., .METRE. ) );
#8825 = SURFACE_SIDE_STYLE ('',( #2698 ) ) ;
#8826 = VECTOR ( 'NONE', #8017, 1000.000000000000000 ) ;
#8827 = EDGE_CURVE ( 'NONE', #3429, #6118, #8533, .T. ) ;
#8828 = ORIENTED_EDGE ( 'NONE', *, *, #3636, .T. ) ;
#8829 = DIRECTION ( 'NONE',  ( 0.000000000000000000, -0.000000000000000000, -1.000000000000000000 ) ) ;
#8830 = ORIENTED_EDGE ( 'NONE', *, *, #3122, .T. ) ;
#8831 = EDGE_CURVE ( 'NONE', #5419, #4201, #4197, .T. ) ;
#8832 = CARTESIAN_POINT ( 'NONE',  ( 2.750000000000000444, 3.250000000000000000, -0.2000000000000000111 ) ) ;
#8833 = VECTOR ( 'NONE', #4335, 1000.000000000000000 ) ;
#8834 = EDGE_CURVE ( 'NONE', #8841, #424, #8112, .T. ) ;
#8835 = PLANE ( 'NONE',  #8837 ) ;
#8836 = PRESENTATION_STYLE_ASSIGNMENT (( #7394 ) ) ;
#8837 = AXIS2_PLACEMENT_3D ( 'NONE', #6590, #5994, #8297 ) ;
#8838 = UNCERTAINTY_MEASURE_WITH_UNIT (LENGTH_MEASURE( 1.000000000000000082E-05 ), #4942, 'distance_accuracy_value', 'NONE');
#8839 = CARTESIAN_POINT ( 'NONE',  ( 0.000000000000000000, 4.499999999999999112, 0.000000000000000000 ) ) ;
#8840 = SURFACE_STYLE_USAGE ( .BOTH. , #2712 ) ;
#8841 = VERTEX_POINT ( 'NONE', #453 ) ;
#8842 =( NAMED_UNIT ( * ) PLANE_ANGLE_UNIT ( ) SI_UNIT ( $, .RADIAN. ) );
#8843 = MECHANICAL_DESIGN_GEOMETRIC_PRESENTATION_REPRESENTATION (  '', ( #7587 ), #7904 ) ;
#8844 = SURFACE_STYLE_USAGE ( .BOTH. , #3287 ) ;
#8845 = LINE ( 'NONE', #1147, #1773 ) ;
#8846 = FILL_AREA_STYLE ('',( #5808 ) ) ;
#8847 = PRESENTATION_STYLE_ASSIGNMENT (( #9499 ) ) ;
#8848 = DIRECTION ( 'NONE',  ( -7.546463422073076944E-17, -0.8658650732445505316, 0.5002775978746291097 ) ) ;
#8849 = ORIENTED_EDGE ( 'NONE', *, *, #2937, .T. ) ;
#8850 = VERTEX_POINT ( 'NONE', #2537 ) ;
#8851 = PRESENTATION_LAYER_ASSIGNMENT (  '', '', ( #8228 ) ) ;
#8852 = CARTESIAN_POINT ( 'NONE',  ( 5.250000000000000000, 2.450000000000000178, -8.300000000000000711 ) ) ;
#8853 = DIRECTION ( 'NONE',  ( -0.000000000000000000, 1.000000000000000000, -0.000000000000000000 ) ) ;
#8854 = STYLED_ITEM ( 'NONE', ( #3290 ), #9252 ) ;
#8855 = SURFACE_STYLE_FILL_AREA ( #8807 ) ;
#8856 = SURFACE_STYLE_USAGE ( .BOTH. , #3554 ) ;
#8857 = CARTESIAN_POINT ( 'NONE',  ( 21.60000000000000142, 6.099999999999999645, 0.000000000000000000 ) ) ;
#8858 = FACE_OUTER_BOUND ( 'NONE', #2359, .T. ) ;
#8859 =( NAMED_UNIT ( * ) SI_UNIT ( $, .STERADIAN. ) SOLID_ANGLE_UNIT ( ) );
#8860 = SURFACE_SIDE_STYLE ('',( #5205 ) ) ;
#8861 = VERTEX_POINT ( 'NONE', #8653 ) ;
#8862 =( LENGTH_UNIT ( ) NAMED_UNIT ( * ) SI_UNIT ( .MILLI., .METRE. ) );
#8863 = VERTEX_POINT ( 'NONE', #1752 ) ;
#8864 = ORIENTED_EDGE ( 'NONE', *, *, #1131, .F. ) ;
#8865 = CIRCLE ( 'NONE', #519, 0.2999999999999999334 ) ;
#8866 = CARTESIAN_POINT ( 'NONE',  ( 14.65000000000000213, 0.000000000000000000, -9.199999999999999289 ) ) ;
#8867 = CARTESIAN_POINT ( 'NONE',  ( 21.60000000000000142, 4.499999999999999112, 0.000000000000000000 ) ) ;
#8868 = ADVANCED_FACE ( 'NONE', ( #4150 ), #8016, .F. ) ;
#8869 = DIRECTION ( 'NONE',  ( 1.000000000000000000, 0.000000000000000000, 0.000000000000000000 ) ) ;
#8870 = COLOUR_RGB ( '',0.7529411764705882248, 0.7529411764705882248, 0.7529411764705882248 ) ;
#8871 = ORIENTED_EDGE ( 'NONE', *, *, #3370, .T. ) ;
#8872 =( NAMED_UNIT ( * ) PLANE_ANGLE_UNIT ( ) SI_UNIT ( $, .RADIAN. ) );
#8873 = PRESENTATION_LAYER_ASSIGNMENT (  '', '', ( #1318 ) ) ;
#8874 = ORIENTED_EDGE ( 'NONE', *, *, #7311, .T. ) ;
#8875 = CIRCLE ( 'NONE', #3934, 1.199999999999999734 ) ;
#8876 = SURFACE_SIDE_STYLE ('',( #9587 ) ) ;
#8877 = FILL_AREA_STYLE_COLOUR ( '', #4633 ) ;
#8878 = EDGE_CURVE ( 'NONE', #801, #7376, #5297, .T. ) ;
#8879 = PRESENTATION_STYLE_ASSIGNMENT (( #5839 ) ) ;
#8880 = CARTESIAN_POINT ( 'NONE',  ( 17.75000000000000000, 3.050000000000000266, -0.2000000000000000111 ) ) ;
#8881 = DIRECTION ( 'NONE',  ( 0.000000000000000000, -1.000000000000000000, 0.000000000000000000 ) ) ;
#8882 = EDGE_CURVE ( 'NONE', #3999, #8861, #6069, .T. ) ;
#8883 = STYLED_ITEM ( 'NONE', ( #2253 ), #6401 ) ;
#8884 = SURFACE_STYLE_FILL_AREA ( #9685 ) ;
#8885 = AXIS2_PLACEMENT_3D ( 'NONE', #8227, #4407, #1468 ) ;
#8886 = ORIENTED_EDGE ( 'NONE', *, *, #721, .T. ) ;
#8887 =( LENGTH_UNIT ( ) NAMED_UNIT ( * ) SI_UNIT ( .MILLI., .METRE. ) );
#8888 = VECTOR ( 'NONE', #1161, 1000.000000000000000 ) ;
#8889 = EDGE_CURVE ( 'NONE', #861, #1807, #9790, .T. ) ;
#8890 = ADVANCED_FACE ( 'NONE', ( #2983 ), #2221, .T. ) ;
#8891 = AXIS2_PLACEMENT_3D ( 'NONE', #5313, #1270, #2899 ) ;
#8892 = SURFACE_STYLE_FILL_AREA ( #5853 ) ;
#8893 = DIRECTION ( 'NONE',  ( -0.000000000000000000, -1.000000000000000000, -0.000000000000000000 ) ) ;
#8894 = MECHANICAL_DESIGN_GEOMETRIC_PRESENTATION_REPRESENTATION (  '', ( #4583 ), #8430 ) ;
#8895 = DIRECTION ( 'NONE',  ( -1.000000000000000000, -0.000000000000000000, 0.000000000000000000 ) ) ;
#8896 = VERTEX_POINT ( 'NONE', #7611 ) ;
#8897 = ADVANCED_FACE ( 'NONE', ( #1345 ), #9694, .T. ) ;
#8898 = EDGE_LOOP ( 'NONE', ( #5336, #2440, #5210 ) ) ;
#8899 = AXIS2_PLACEMENT_3D ( 'NONE', #2921, #639, #6002 ) ;
#8900 = PRESENTATION_LAYER_ASSIGNMENT (  '', '', ( #6840 ) ) ;
#8901 = CARTESIAN_POINT ( 'NONE',  ( 5.250000000000000000, -1.084202172485504434E-16, -9.500000000000000000 ) ) ;
#8902 = MECHANICAL_DESIGN_GEOMETRIC_PRESENTATION_REPRESENTATION (  '', ( #5715 ), #1198 ) ;
#8903 = VECTOR ( 'NONE', #7190, 1000.000000000000114 ) ;
#8904 = CARTESIAN_POINT ( 'NONE',  ( 17.61666666666666714, 3.516666666666666163, -0.2666666666666662744 ) ) ;
#8905 = UNCERTAINTY_MEASURE_WITH_UNIT (LENGTH_MEASURE( 1.000000000000000082E-05 ), #5200, 'distance_accuracy_value', 'NONE');
#8906 =( NAMED_UNIT ( * ) PLANE_ANGLE_UNIT ( ) SI_UNIT ( $, .RADIAN. ) );
#8907 =( GEOMETRIC_REPRESENTATION_CONTEXT ( 3 ) GLOBAL_UNCERTAINTY_ASSIGNED_CONTEXT ( ( #7936 ) ) GLOBAL_UNIT_ASSIGNED_CONTEXT ( ( #1838, #8724, #7795 ) ) REPRESENTATION_CONTEXT ( 'NONE', 'WORKASPACE' ) );
#8908 = VECTOR ( 'NONE', #8934, 1000.000000000000000 ) ;
#8909 = CARTESIAN_POINT ( 'NONE',  ( 0.000000000000000000, 5.099999999999999645, -7.000000000000005329 ) ) ;
#8910 = MECHANICAL_DESIGN_GEOMETRIC_PRESENTATION_REPRESENTATION (  '', ( #9714 ), #9080 ) ;
#8911 = CARTESIAN_POINT ( 'NONE',  ( 12.15000000000000036, 3.649999999999999911, -6.200000000000000178 ) ) ;
#8912 = FACE_OUTER_BOUND ( 'NONE', #3609, .T. ) ;
#8913 = LINE ( 'NONE', #5931, #3769 ) ;
#8914 = ORIENTED_EDGE ( 'NONE', *, *, #6597, .T. ) ;
#8915 = SURFACE_SIDE_STYLE ('',( #7377 ) ) ;
#8916 = ORIENTED_EDGE ( 'NONE', *, *, #7805, .F. ) ;
#8917 = AXIS2_PLACEMENT_3D ( 'NONE', #1986, #1127, #2800 ) ;
#8918 = ORIENTED_EDGE ( 'NONE', *, *, #5733, .T. ) ;
#8919 =( NAMED_UNIT ( * ) SI_UNIT ( $, .STERADIAN. ) SOLID_ANGLE_UNIT ( ) );
#8920 = LINE ( 'NONE', #471, #2616 ) ;
#8921 = VECTOR ( 'NONE', #8668, 1000.000000000000000 ) ;
#8922 = PRESENTATION_STYLE_ASSIGNMENT (( #6086 ) ) ;
#8923 =( LENGTH_UNIT ( ) NAMED_UNIT ( * ) SI_UNIT ( .MILLI., .METRE. ) );
#8924 = PRESENTATION_LAYER_ASSIGNMENT (  '', '', ( #738 ) ) ;
#8925 = DIRECTION ( 'NONE',  ( 0.000000000000000000, 1.000000000000000000, 0.000000000000000000 ) ) ;
#8926 = UNCERTAINTY_MEASURE_WITH_UNIT (LENGTH_MEASURE( 1.000000000000000082E-05 ), #790, 'distance_accuracy_value', 'NONE');
#8927 = CARTESIAN_POINT ( 'NONE',  ( 14.95000000000000107, -2.000000000000000000, -9.199999999999999289 ) ) ;
#8928 = VECTOR ( 'NONE', #674, 1000.000000000000000 ) ;
#8929 = EDGE_LOOP ( 'NONE', ( #9020, #5755, #6241, #8765 ) ) ;
#8930 = AXIS2_PLACEMENT_3D ( 'NONE', #2035, #1421, #5982 ) ;
#8931 = DIRECTION ( 'NONE',  ( -1.000000000000000000, 0.000000000000000000, -2.035908063229727041E-15 ) ) ;
#8932 = ORIENTED_EDGE ( 'NONE', *, *, #961, .F. ) ;
#8933 = DIRECTION ( 'NONE',  ( 9.637352644315594010E-17, 0.000000000000000000, 1.000000000000000000 ) ) ;
#8934 = DIRECTION ( 'NONE',  ( 1.000000000000000000, 0.000000000000000000, 2.040851148208000110E-15 ) ) ;
#8935 = FACE_OUTER_BOUND ( 'NONE', #4842, .T. ) ;
#8936 = COLOUR_RGB ( '',0.7529411764705882248, 0.7529411764705882248, 0.7529411764705882248 ) ;
#8937 = FILL_AREA_STYLE_COLOUR ( '', #83 ) ;
#8938 = DIRECTION ( 'NONE',  ( 0.000000000000000000, -0.000000000000000000, -1.000000000000000000 ) ) ;
#8939 = ADVANCED_FACE ( 'NONE', ( #4448 ), #8306, .F. ) ;
#8940 = CARTESIAN_POINT ( 'NONE',  ( 10.11666666666666536, 3.516666666666667052, -0.2666666666666670515 ) ) ;
#8941 = FACE_OUTER_BOUND ( 'NONE', #9381, .T. ) ;
#8942 = ORIENTED_EDGE ( 'NONE', *, *, #8131, .F. ) ;
#8943 = CARTESIAN_POINT ( 'NONE',  ( 7.450000000000000178, -2.000000000000000000, -9.199999999999999289 ) ) ;
#8944 = STYLED_ITEM ( 'NONE', ( #3136 ), #6928 ) ;
#8945 = PLANE ( 'NONE',  #5758 ) ;
#8946 = ADVANCED_FACE ( 'NONE', ( #5343 ), #1498, .T. ) ;
#8947 = CARTESIAN_POINT ( 'NONE',  ( 17.75000000000000000, -1.084202172485504434E-16, -9.500000000000000000 ) ) ;
#8948 = VECTOR ( 'NONE', #9770, 1000.000000000000000 ) ;
#8949 = SURFACE_SIDE_STYLE ('',( #9231 ) ) ;
#8950 = EDGE_CURVE ( 'NONE', #1703, #6386, #4689, .T. ) ;
#8951 = LINE ( 'NONE', #1298, #4743 ) ;
#8952 = LINE ( 'NONE', #5764, #8118 ) ;
#8953 = ORIENTED_EDGE ( 'NONE', *, *, #8878, .T. ) ;
#8954 = EDGE_LOOP ( 'NONE', ( #7421, #761, #4924, #6260 ) ) ;
#8955 = EDGE_CURVE ( 'NONE', #1222, #5419, #1552, .T. ) ;
#8956 = MECHANICAL_DESIGN_GEOMETRIC_PRESENTATION_REPRESENTATION (  '', ( #2051 ), #142 ) ;
#8957 = PLANE ( 'NONE',  #7803 ) ;
#8958 = FILL_AREA_STYLE ('',( #9800 ) ) ;
#8959 = PLANE ( 'NONE',  #1407 ) ;
#8960 = EDGE_CURVE ( 'NONE', #7039, #1623, #797, .T. ) ;
#8961 = FACE_OUTER_BOUND ( 'NONE', #4168, .T. ) ;
#8962 = DIRECTION ( 'NONE',  ( -1.000000000000000000, -0.000000000000000000, 0.000000000000000000 ) ) ;
#8963 = ORIENTED_EDGE ( 'NONE', *, *, #2533, .T. ) ;
#8964 = CARTESIAN_POINT ( 'NONE',  ( 7.450000000000000178, -2.000000000000000000, -9.199999999999999289 ) ) ;
#8965 = ORIENTED_EDGE ( 'NONE', *, *, #973, .T. ) ;
#8966 = ORIENTED_EDGE ( 'NONE', *, *, #2692, .T. ) ;
#8967 =( LENGTH_UNIT ( ) NAMED_UNIT ( * ) SI_UNIT ( .MILLI., .METRE. ) );
#8968 = SURFACE_SIDE_STYLE ('',( #3827 ) ) ;
#8969 = LINE ( 'NONE', #7480, #1343 ) ;
#8970 = PLANE ( 'NONE',  #8930 ) ;
#8971 = SURFACE_STYLE_USAGE ( .BOTH. , #8281 ) ;
#8972 = DIRECTION ( 'NONE',  ( 0.000000000000000000, -1.000000000000000000, 0.000000000000000000 ) ) ;
#8973 = ORIENTED_EDGE ( 'NONE', *, *, #3929, .F. ) ;
#8974 = DIRECTION ( 'NONE',  ( -0.000000000000000000, -1.000000000000000000, -0.000000000000000000 ) ) ;
#8975 = EDGE_LOOP ( 'NONE', ( #6689, #6674, #8916, #4463 ) ) ;
#8976 = VERTEX_POINT ( 'NONE', #839 ) ;
#8977 = SURFACE_SIDE_STYLE ('',( #9676 ) ) ;
#8978 = SURFACE_STYLE_USAGE ( .BOTH. , #6838 ) ;
#8979 =( LENGTH_UNIT ( ) NAMED_UNIT ( * ) SI_UNIT ( .MILLI., .METRE. ) );
#8980 =( NAMED_UNIT ( * ) SI_UNIT ( $, .STERADIAN. ) SOLID_ANGLE_UNIT ( ) );
#8981 =( NAMED_UNIT ( * ) PLANE_ANGLE_UNIT ( ) SI_UNIT ( $, .RADIAN. ) );
#8982 =( NAMED_UNIT ( * ) SI_UNIT ( $, .STERADIAN. ) SOLID_ANGLE_UNIT ( ) );
#8983 = APPLICATION_CONTEXT ( 'automotive_design' ) ;
#8984 =( NAMED_UNIT ( * ) SI_UNIT ( $, .STERADIAN. ) SOLID_ANGLE_UNIT ( ) );
#8985 = ORIENTED_EDGE ( 'NONE', *, *, #5420, .T. ) ;
#8986 = VECTOR ( 'NONE', #8893, 1000.000000000000000 ) ;
#8987 = CARTESIAN_POINT ( 'NONE',  ( 17.75000000000000000, 0.000000000000000000, -9.199999999999999289 ) ) ;
#8988 = LINE ( 'NONE', #753, #2538 ) ;
#8989 = EDGE_CURVE ( 'NONE', #7031, #2676, #1282, .T. ) ;
#8990 = STYLED_ITEM ( 'NONE', ( #1738 ), #7989 ) ;
#8991 = DIRECTION ( 'NONE',  ( -0.000000000000000000, 1.000000000000000000, 0.000000000000000000 ) ) ;
#8992 = CARTESIAN_POINT ( 'NONE',  ( 20.25000000000000000, -1.084202172485504434E-16, -9.500000000000000000 ) ) ;
#8993 = ORIENTED_EDGE ( 'NONE', *, *, #2742, .T. ) ;
#8994 = ORIENTED_EDGE ( 'NONE', *, *, #8574, .T. ) ;
#8995 = CARTESIAN_POINT ( 'NONE',  ( 10.25000000000000000, -1.084202172485504434E-16, -9.500000000000000000 ) ) ;
#8996 = AXIS2_PLACEMENT_3D ( 'NONE', #7187, #1868, #4161 ) ;
#8997 = DIRECTION ( 'NONE',  ( 0.000000000000000000, -1.000000000000000000, 0.000000000000000000 ) ) ;
#8998 = SURFACE_STYLE_FILL_AREA ( #6665 ) ;
#8999 = ADVANCED_FACE ( 'NONE', ( #6896 ), #1432, .F. ) ;
#9000 = FILL_AREA_STYLE ('',( #4547 ) ) ;
#9001 = CARTESIAN_POINT ( 'NONE',  ( 0.8000000000000004885, 3.649999999999999911, -7.000000000000000000 ) ) ;
#9002 = SURFACE_STYLE_FILL_AREA ( #5819 ) ;
#9003 = EDGE_CURVE ( 'NONE', #6595, #956, #6741, .T. ) ;
#9004 = VECTOR ( 'NONE', #8746, 1000.000000000000000 ) ;
#9005 = SURFACE_SIDE_STYLE ('',( #769 ) ) ;
#9006 = DIRECTION ( 'NONE',  ( 0.000000000000000000, 0.000000000000000000, -1.000000000000000000 ) ) ;
#9007 = DIRECTION ( 'NONE',  ( 0.000000000000000000, 0.000000000000000000, -1.000000000000000000 ) ) ;
#9008 = ORIENTED_EDGE ( 'NONE', *, *, #4904, .T. ) ;
#9009 = ORIENTED_EDGE ( 'NONE', *, *, #6397, .T. ) ;
#9010 = EDGE_LOOP ( 'NONE', ( #6803, #2285, #7755, #7453 ) ) ;
#9011 = DIRECTION ( 'NONE',  ( 1.000000000000000000, 0.000000000000000000, 0.000000000000000000 ) ) ;
#9012 = FACE_OUTER_BOUND ( 'NONE', #3861, .T. ) ;
#9013 = CARTESIAN_POINT ( 'NONE',  ( 9.950000000000001066, 0.000000000000000000, -9.199999999999999289 ) ) ;
#9014 = EDGE_CURVE ( 'NONE', #888, #5493, #2912, .T. ) ;
#9015 = CARTESIAN_POINT ( 'NONE',  ( 0.8000000000000004885, 3.050000000000000266, -7.000000000000000000 ) ) ;
#9016 = UNCERTAINTY_MEASURE_WITH_UNIT (LENGTH_MEASURE( 1.000000000000000082E-05 ), #9738, 'distance_accuracy_value', 'NONE');
#9017 = SURFACE_STYLE_USAGE ( .BOTH. , #1578 ) ;
#9018 = COLOUR_RGB ( '',0.7529411764705882248, 0.7529411764705882248, 0.7529411764705882248 ) ;
#9019 =( NAMED_UNIT ( * ) SI_UNIT ( $, .STERADIAN. ) SOLID_ANGLE_UNIT ( ) );
#9020 = ORIENTED_EDGE ( 'NONE', *, *, #6452, .T. ) ;
#9021 = DIRECTION ( 'NONE',  ( 0.000000000000000000, -1.000000000000000000, 0.000000000000000000 ) ) ;
#9022 = VERTEX_POINT ( 'NONE', #587 ) ;
#9023 = ADVANCED_FACE ( 'NONE', ( #9885 ), #7598, .F. ) ;
#9024 = ORIENTED_EDGE ( 'NONE', *, *, #8882, .F. ) ;
#9025 = DIRECTION ( 'NONE',  ( 0.000000000000000000, -0.000000000000000000, 1.000000000000000000 ) ) ;
#9026 = AXIS2_PLACEMENT_3D ( 'NONE', #2153, #3850, #6848 ) ;
#9027 = SURFACE_STYLE_FILL_AREA ( #2144 ) ;
#9028 = CARTESIAN_POINT ( 'NONE',  ( 7.349999999999999645, 3.250000000000000000, -0.2000000000000000111 ) ) ;
#9029 = LINE ( 'NONE', #743, #2368 ) ;
#9030 = FILL_AREA_STYLE_COLOUR ( '', #6134 ) ;
#9031 =( NAMED_UNIT ( * ) PLANE_ANGLE_UNIT ( ) SI_UNIT ( $, .RADIAN. ) );
#9032 = MECHANICAL_DESIGN_GEOMETRIC_PRESENTATION_REPRESENTATION (  '', ( #6482 ), #360 ) ;
#9033 =( LENGTH_UNIT ( ) NAMED_UNIT ( * ) SI_UNIT ( .MILLI., .METRE. ) );
#9034 = CARTESIAN_POINT ( 'NONE',  ( 1.999999999999998224, 6.100999999999999979, -0.8000000000000019318 ) ) ;
#9035 = VECTOR ( 'NONE', #5783, 1000.000000000000000 ) ;
#9036 = UNCERTAINTY_MEASURE_WITH_UNIT (LENGTH_MEASURE( 1.000000000000000082E-05 ), #9147, 'distance_accuracy_value', 'NONE');
#9037 = FILL_AREA_STYLE_COLOUR ( '', #4922 ) ;
#9038 = VERTEX_POINT ( 'NONE', #9028 ) ;
#9039 = CARTESIAN_POINT ( 'NONE',  ( 0.8000000000000004885, 3.050000000000000266, -7.000000000000000000 ) ) ;
#9040 = STYLED_ITEM ( 'NONE', ( #5219 ), #4123 ) ;
#9041 = AXIS2_PLACEMENT_3D ( 'NONE', #3567, #6537, #9580 ) ;
#9042 = CARTESIAN_POINT ( 'NONE',  ( 17.75000000000000000, 3.649999999999999911, -0.4000000000000009104 ) ) ;
#9043 = PRESENTATION_STYLE_ASSIGNMENT (( #548 ) ) ;
#9044 =( LENGTH_UNIT ( ) NAMED_UNIT ( * ) SI_UNIT ( .MILLI., .METRE. ) );
#9045 = LINE ( 'NONE', #5256, #6000 ) ;
#9046 =( NAMED_UNIT ( * ) SI_UNIT ( $, .STERADIAN. ) SOLID_ANGLE_UNIT ( ) );
#9047 = DIRECTION ( 'NONE',  ( 0.000000000000000000, 0.000000000000000000, -1.000000000000000000 ) ) ;
#9048 = ORIENTED_EDGE ( 'NONE', *, *, #7917, .T. ) ;
#9049 = EDGE_LOOP ( 'NONE', ( #3108, #7238, #6878, #493 ) ) ;
#9050 = MECHANICAL_DESIGN_GEOMETRIC_PRESENTATION_REPRESENTATION (  '', ( #4412 ), #5865 ) ;
#9051 = DIRECTION ( 'NONE',  ( -0.000000000000000000, 1.000000000000000000, -0.000000000000000000 ) ) ;
#9053 = SURFACE_SIDE_STYLE ('',( #9192 ) ) ;
#9052 = AXIS2_PLACEMENT_3D ( 'NONE', #2059, #1249, #9698 ) ;
#9054 = VECTOR ( 'NONE', #4289, 1000.000000000000000 ) ;
#9055 =( LENGTH_UNIT ( ) NAMED_UNIT ( * ) SI_UNIT ( .MILLI., .METRE. ) );
#9056 = CARTESIAN_POINT ( 'NONE',  ( 22.39999999999999858, 4.499999999999999112, 0.000000000000000000 ) ) ;
#9057 = VECTOR ( 'NONE', #301, 1000.000000000000000 ) ;
#9058 = CARTESIAN_POINT ( 'NONE',  ( 10.05000000000000071, 3.050000000000000266, -0.2000000000000000111 ) ) ;
#9059 = FILL_AREA_STYLE_COLOUR ( '', #4734 ) ;
#9060 = EDGE_LOOP ( 'NONE', ( #9514, #6074, #9076, #1189 ) ) ;
#9061 = ORIENTED_EDGE ( 'NONE', *, *, #6217, .F. ) ;
#9062 = EDGE_CURVE ( 'NONE', #6587, #352, #2145, .T. ) ;
#9063 = ORIENTED_EDGE ( 'NONE', *, *, #9742, .T. ) ;
#9064 = COLOUR_RGB ( '',0.7529411764705882248, 0.7529411764705882248, 0.7529411764705882248 ) ;
#9065 = VECTOR ( 'NONE', #2904, 1000.000000000000000 ) ;
#9066 = VECTOR ( 'NONE', #5491, 1000.000000000000000 ) ;
#9067 = EDGE_CURVE ( 'NONE', #4217, #8284, #3782, .T. ) ;
#9068 = PRESENTATION_LAYER_ASSIGNMENT (  '', '', ( #3480 ) ) ;
#9069 = LINE ( 'NONE', #6088, #3357 ) ;
#9070 = CARTESIAN_POINT ( 'NONE',  ( 21.60000000000000142, 6.099999999999999645, -7.000000000000000000 ) ) ;
#9071 = STYLED_ITEM ( 'NONE', ( #965 ), #4663 ) ;
#9072 = MECHANICAL_DESIGN_GEOMETRIC_PRESENTATION_REPRESENTATION (  '', ( #560 ), #7490 ) ;
#9073 = ORIENTED_EDGE ( 'NONE', *, *, #9605, .T. ) ;
#9074 = SURFACE_STYLE_FILL_AREA ( #8380 ) ;
#9075 = EDGE_CURVE ( 'NONE', #3223, #7158, #2246, .T. ) ;
#9076 = ORIENTED_EDGE ( 'NONE', *, *, #8834, .T. ) ;
#9077 = FACE_OUTER_BOUND ( 'NONE', #4317, .T. ) ;
#9078 = PRESENTATION_LAYER_ASSIGNMENT (  '', '', ( #3000 ) ) ;
#9079 = VERTEX_POINT ( 'NONE', #2728 ) ;
#9080 =( GEOMETRIC_REPRESENTATION_CONTEXT ( 3 ) GLOBAL_UNCERTAINTY_ASSIGNED_CONTEXT ( ( #9801 ) ) GLOBAL_UNIT_ASSIGNED_CONTEXT ( ( #8032, #2029, #5063 ) ) REPRESENTATION_CONTEXT ( 'NONE', 'WORKASPACE' ) );
#9081 =( GEOMETRIC_REPRESENTATION_CONTEXT ( 3 ) GLOBAL_UNCERTAINTY_ASSIGNED_CONTEXT ( ( #8620 ) ) GLOBAL_UNIT_ASSIGNED_CONTEXT ( ( #7620, #8606, #5409 ) ) REPRESENTATION_CONTEXT ( 'NONE', 'WORKASPACE' ) );
#9082 = SURFACE_STYLE_FILL_AREA ( #3678 ) ;
#9083 = FILL_AREA_STYLE_COLOUR ( '', #3251 ) ;
#9084 = CARTESIAN_POINT ( 'NONE',  ( 15.25000000000000178, 3.649999999999999911, -7.000000000000000000 ) ) ;
#9085 = VECTOR ( 'NONE', #6944, 1000.000000000000000 ) ;
#9086 = FILL_AREA_STYLE ('',( #5621 ) ) ;
#9087 = DIRECTION ( 'NONE',  ( 0.000000000000000000, -0.7071067811865496822, 0.7071067811865453523 ) ) ;
#9088 = EDGE_CURVE ( 'NONE', #2601, #5560, #2026, .T. ) ;
#9089 = COLOUR_RGB ( '',0.7529411764705882248, 0.7529411764705882248, 0.7529411764705882248 ) ;
#9090 = CARTESIAN_POINT ( 'NONE',  ( 0.8000000000000004885, 3.649999999999999911, -7.000000000000000000 ) ) ;
#9091 = SURFACE_SIDE_STYLE ('',( #9837 ) ) ;
#9092 = ORIENTED_EDGE ( 'NONE', *, *, #8476, .T. ) ;
#9093 = LINE ( 'NONE', #1593, #9085 ) ;
#9094 = LINE ( 'NONE', #7707, #6400 ) ;
#9095 = SURFACE_SIDE_STYLE ('',( #1551 ) ) ;
#9096 = FILL_AREA_STYLE_COLOUR ( '', #93 ) ;
#9097 = PRESENTATION_STYLE_ASSIGNMENT (( #8454 ) ) ;
#9098 = STYLED_ITEM ( 'NONE', ( #1283 ), #6946 ) ;
#9099 = CARTESIAN_POINT ( 'NONE',  ( 17.75000000000000000, 3.250000000000000000, -0.2000000000000000111 ) ) ;
#9100 =( NAMED_UNIT ( * ) SI_UNIT ( $, .STERADIAN. ) SOLID_ANGLE_UNIT ( ) );
#9101 = VERTEX_POINT ( 'NONE', #8028 ) ;
#9102 = ORIENTED_EDGE ( 'NONE', *, *, #164, .F. ) ;
#9103 = CARTESIAN_POINT ( 'NONE',  ( 17.34999999999999787, 3.249999999999999112, -0.2000000000000009548 ) ) ;
#9104 = CARTESIAN_POINT ( 'NONE',  ( 0.8000000000000000444, 0.000000000000000000, -11.50000000000000000 ) ) ;
#9105 = VECTOR ( 'NONE', #2082, 1000.000000000000000 ) ;
#9106 = CARTESIAN_POINT ( 'NONE',  ( 0.000000000000000000, 5.099999999999999645, -7.000000000000005329 ) ) ;
#9107 = CARTESIAN_POINT ( 'NONE',  ( 4.950000000000000178, 0.000000000000000000, -9.199999999999999289 ) ) ;
#9108 =( LENGTH_UNIT ( ) NAMED_UNIT ( * ) SI_UNIT ( .MILLI., .METRE. ) );
#9109 = VERTEX_POINT ( 'NONE', #6670 ) ;
#9110 = DIRECTION ( 'NONE',  ( 0.000000000000000000, 0.000000000000000000, -1.000000000000000000 ) ) ;
#9111 = ORIENTED_EDGE ( 'NONE', *, *, #9014, .F. ) ;
#9112 = PRESENTATION_LAYER_ASSIGNMENT (  '', '', ( #7220 ) ) ;
#9113 = SURFACE_SIDE_STYLE ('',( #6085 ) ) ;
#9114 = CARTESIAN_POINT ( 'NONE',  ( 22.39999999999999858, 5.299999999999998934, -3.200000000000000178 ) ) ;
#9115 = UNCERTAINTY_MEASURE_WITH_UNIT (LENGTH_MEASURE( 1.000000000000000082E-05 ), #8923, 'distance_accuracy_value', 'NONE');
#9116 = ADVANCED_FACE ( 'NONE', ( #2777 ), #5929, .T. ) ;
#9117 = AXIS2_PLACEMENT_3D ( 'NONE', #2888, #3599, #7573 ) ;
#9118 =( NAMED_UNIT ( * ) SI_UNIT ( $, .STERADIAN. ) SOLID_ANGLE_UNIT ( ) );
#9119 = ORIENTED_EDGE ( 'NONE', *, *, #8050, .T. ) ;
#9120 = DIRECTION ( 'NONE',  ( 0.000000000000000000, 1.000000000000000000, 0.000000000000000000 ) ) ;
#9121 = VERTEX_POINT ( 'NONE', #7373 ) ;
#9122 = CARTESIAN_POINT ( 'NONE',  ( 20.40000000000000213, 6.099999999999999645, -0.2000000000000002609 ) ) ;
#9123 = ORIENTED_EDGE ( 'NONE', *, *, #6998, .T. ) ;
#9124 = SURFACE_STYLE_USAGE ( .BOTH. , #1 ) ;
#9125 = DIRECTION ( 'NONE',  ( 0.000000000000000000, 0.000000000000000000, -1.000000000000000000 ) ) ;
#9126 = DIRECTION ( 'NONE',  ( 0.000000000000000000, 0.000000000000000000, 1.000000000000000000 ) ) ;
#9127 = FILL_AREA_STYLE_COLOUR ( '', #5506 ) ;
#9128 = UNCERTAINTY_MEASURE_WITH_UNIT (LENGTH_MEASURE( 1.000000000000000082E-05 ), #7903, 'distance_accuracy_value', 'NONE');
#9129 = EDGE_CURVE ( 'NONE', #7533, #1778, #9715, .T. ) ;
#9130 = CARTESIAN_POINT ( 'NONE',  ( 9.950000000000001066, -2.000000000000000000, -8.900000000000000355 ) ) ;
#9131 =( NAMED_UNIT ( * ) SI_UNIT ( $, .STERADIAN. ) SOLID_ANGLE_UNIT ( ) );
#9132 = SURFACE_SIDE_STYLE ('',( #7451 ) ) ;
#9133 = CARTESIAN_POINT ( 'NONE',  ( 20.05000000000000071, 3.250000000000000000, -0.2000000000000000111 ) ) ;
#9134 = EDGE_CURVE ( 'NONE', #9121, #5419, #363, .T. ) ;
#9135 = FACE_OUTER_BOUND ( 'NONE', #6757, .T. ) ;
#9136 = CARTESIAN_POINT ( 'NONE',  ( 1.999999999999998224, 5.299999999999998934, -0.8000000000000019318 ) ) ;
#9137 = ORIENTED_EDGE ( 'NONE', *, *, #7251, .F. ) ;
#9138 = ADVANCED_FACE ( 'NONE', ( #8858 ), #9612, .T. ) ;
#9139 = SURFACE_STYLE_FILL_AREA ( #7609 ) ;
#9140 = CARTESIAN_POINT ( 'NONE',  ( 14.95000000000000107, -2.000000000000000000, -8.900000000000000355 ) ) ;
#9141 = CIRCLE ( 'NONE', #6754, 0.2999999999999999334 ) ;
#9142 = SURFACE_SIDE_STYLE ('',( #607 ) ) ;
#9143 = ORIENTED_EDGE ( 'NONE', *, *, #7514, .T. ) ;
#9144 = ORIENTED_EDGE ( 'NONE', *, *, #5613, .F. ) ;
#9145 = LINE ( 'NONE', #845, #5736 ) ;
#9146 = EDGE_CURVE ( 'NONE', #3890, #7039, #5873, .T. ) ;
#9147 =( LENGTH_UNIT ( ) NAMED_UNIT ( * ) SI_UNIT ( .MILLI., .METRE. ) );
#9148 = VECTOR ( 'NONE', #2260, 1000.000000000000000 ) ;
#9149 = CARTESIAN_POINT ( 'NONE',  ( 2.450000000000000178, -2.000000000000000000, -9.199999999999999289 ) ) ;
#9150 =( NAMED_UNIT ( * ) SI_UNIT ( $, .STERADIAN. ) SOLID_ANGLE_UNIT ( ) );
#9151 = CARTESIAN_POINT ( 'NONE',  ( 2.750000000000000444, -1.084202172485504434E-16, -8.900000000000000355 ) ) ;
#9152 = DIRECTION ( 'NONE',  ( 0.7071067811865465735, 0.000000000000000000, 0.7071067811865483499 ) ) ;
#9153 = CARTESIAN_POINT ( 'NONE',  ( 7.750000000000000000, 2.449999999999999734, -9.500000000000000000 ) ) ;
#9154 = PLANE ( 'NONE',  #2131 ) ;
#9155 = ORIENTED_EDGE ( 'NONE', *, *, #8780, .T. ) ;
#9156 = VERTEX_POINT ( 'NONE', #8911 ) ;
#9157 = CIRCLE ( 'NONE', #5003, 0.2999999999999999334 ) ;
#9158 = DIRECTION ( 'NONE',  ( 0.000000000000000000, 0.000000000000000000, 1.000000000000000000 ) ) ;
#9159 = DIRECTION ( 'NONE',  ( 1.000000000000000000, 0.000000000000000000, 0.000000000000000000 ) ) ;
#9160 = AXIS2_PLACEMENT_3D ( 'NONE', #952, #807, #1610 ) ;
#9161 = DIRECTION ( 'NONE',  ( -1.000000000000000000, -0.000000000000000000, -0.000000000000000000 ) ) ;
#9162 = EDGE_LOOP ( 'NONE', ( #8792, #4239, #2371, #5987 ) ) ;
#9163 = DIRECTION ( 'NONE',  ( -0.000000000000000000, 0.000000000000000000, 1.000000000000000000 ) ) ;
#9164 = ORIENTED_EDGE ( 'NONE', *, *, #4141, .F. ) ;
#9165 = DIRECTION ( 'NONE',  ( -0.000000000000000000, -1.000000000000000000, -0.000000000000000000 ) ) ;
#9166 = EDGE_LOOP ( 'NONE', ( #1769, #1888, #7461, #3528 ) ) ;
#9167 = CARTESIAN_POINT ( 'NONE',  ( 20.25000000000000000, -1.084202172485504434E-16, -9.500000000000000000 ) ) ;
#9168 = DIRECTION ( 'NONE',  ( 0.000000000000000000, -1.000000000000000000, 0.000000000000000000 ) ) ;
#9169 = LINE ( 'NONE', #6146, #5812 ) ;
#9170 = SURFACE_SIDE_STYLE ('',( #2208 ) ) ;
#9171 = VECTOR ( 'NONE', #7232, 1000.000000000000000 ) ;
#9172 = SURFACE_STYLE_USAGE ( .BOTH. , #2973 ) ;
#9173 = VECTOR ( 'NONE', #5091, 1000.000000000000000 ) ;
#9174 = ORIENTED_EDGE ( 'NONE', *, *, #8403, .T. ) ;
#9175 = EDGE_CURVE ( 'NONE', #4167, #8565, #6767, .T. ) ;
#9176 = AXIS2_PLACEMENT_3D ( 'NONE', #9405, #5610, #2478 ) ;
#9177 = EDGE_CURVE ( 'NONE', #5766, #801, #3759, .T. ) ;
#9178 = AXIS2_PLACEMENT_3D ( 'NONE', #1262, #1364, #467 ) ;
#9179 = AXIS2_PLACEMENT_3D ( 'NONE', #5281, #3883, #737 ) ;
#9180 =( NAMED_UNIT ( * ) SI_UNIT ( $, .STERADIAN. ) SOLID_ANGLE_UNIT ( ) );
#9181 =( NAMED_UNIT ( * ) SI_UNIT ( $, .STERADIAN. ) SOLID_ANGLE_UNIT ( ) );
#9182 = SURFACE_STYLE_FILL_AREA ( #2928 ) ;
#9183 = VERTEX_POINT ( 'NONE', #8268 ) ;
#9184 = ORIENTED_EDGE ( 'NONE', *, *, #5964, .T. ) ;
#9186 = ADVANCED_FACE ( 'NONE', ( #9862 ), #3660, .T. ) ;
#9185 = CARTESIAN_POINT ( 'NONE',  ( 17.75000000000000000, 3.649999999999999911, -0.4000000000000009104 ) ) ;
#9187 = EDGE_CURVE ( 'NONE', #8381, #4044, #3915, .T. ) ;
#9188 = COLOUR_RGB ( '',1.000000000000000000, 1.000000000000000000, 1.000000000000000000 ) ;
#9189 = VECTOR ( 'NONE', #726, 1000.000000000000000 ) ;
#9190 = DIRECTION ( 'NONE',  ( 1.000000000000000000, 0.000000000000000000, 0.000000000000000000 ) ) ;
#9191 =( NAMED_UNIT ( * ) SI_UNIT ( $, .STERADIAN. ) SOLID_ANGLE_UNIT ( ) );
#9192 = SURFACE_STYLE_FILL_AREA ( #7621 ) ;
#9193 = CARTESIAN_POINT ( 'NONE',  ( 7.750000000000000000, 3.649999999999999911, -0.4000000000000009104 ) ) ;
#9194 = DIRECTION ( 'NONE',  ( -1.000000000000000000, 0.000000000000000000, 0.000000000000000000 ) ) ;
#9195 = EDGE_CURVE ( 'NONE', #801, #5634, #6723, .T. ) ;
#9196 = AXIS2_PLACEMENT_3D ( 'NONE', #9561, #5721, #2021 ) ;
#9197 = SURFACE_STYLE_USAGE ( .BOTH. , #3961 ) ;
#9198 = FILL_AREA_STYLE ('',( #771 ) ) ;
#9199 = ORIENTED_EDGE ( 'NONE', *, *, #5304, .T. ) ;
#9200 = CARTESIAN_POINT ( 'NONE',  ( 17.55000000000000071, 3.250000000000000000, -0.2000000000000000111 ) ) ;
#9201 = ORIENTED_EDGE ( 'NONE', *, *, #3645, .T. ) ;
#9202 = STYLED_ITEM ( 'NONE', ( #5019 ), #722 ) ;
#9203 = FILL_AREA_STYLE ('',( #1718 ) ) ;
#9204 = AXIS2_PLACEMENT_3D ( 'NONE', #512, #3604, #6768 ) ;
#9205 =( NAMED_UNIT ( * ) SI_UNIT ( $, .STERADIAN. ) SOLID_ANGLE_UNIT ( ) );
#9206 = PRESENTATION_LAYER_ASSIGNMENT (  '', '', ( #2315 ) ) ;
#9207 = PLANE ( 'NONE',  #2697 ) ;
#9208 = UNCERTAINTY_MEASURE_WITH_UNIT (LENGTH_MEASURE( 1.000000000000000082E-05 ), #422, 'distance_accuracy_value', 'NONE');
#9209 = CIRCLE ( 'NONE', #7154, 0.5999999999999998668 ) ;
#9210 = PRESENTATION_STYLE_ASSIGNMENT (( #821 ) ) ;
#9211 = VERTEX_POINT ( 'NONE', #2180 ) ;
#9212 = PLANE ( 'NONE',  #3473 ) ;
#9213 = VECTOR ( 'NONE', #1350, 1000.000000000000000 ) ;
#9214 = AXIS2_PLACEMENT_3D ( 'NONE', #2084, #5942, #2741 ) ;
#9215 = STYLED_ITEM ( 'NONE', ( #2929 ), #2054 ) ;
#9216 = STYLED_ITEM ( 'NONE', ( #8836 ), #5352 ) ;
#9217 = ORIENTED_EDGE ( 'NONE', *, *, #5042, .T. ) ;
#9218 = SURFACE_SIDE_STYLE ('',( #5579 ) ) ;
#9219 = ORIENTED_EDGE ( 'NONE', *, *, #5958, .T. ) ;
#9220 =( LENGTH_UNIT ( ) NAMED_UNIT ( * ) SI_UNIT ( .MILLI., .METRE. ) );
#9221 = MECHANICAL_DESIGN_GEOMETRIC_PRESENTATION_REPRESENTATION (  '', ( #8740 ), #4113 ) ;
#9222 = FILL_AREA_STYLE ('',( #1631 ) ) ;
#9223 = MECHANICAL_DESIGN_GEOMETRIC_PRESENTATION_REPRESENTATION (  '', ( #2498 ), #7002 ) ;
#9224 = SURFACE_STYLE_USAGE ( .BOTH. , #6190 ) ;
#9225 = UNCERTAINTY_MEASURE_WITH_UNIT (LENGTH_MEASURE( 1.000000000000000082E-05 ), #7542, 'distance_accuracy_value', 'NONE');
#9226 = PRESENTATION_LAYER_ASSIGNMENT (  '', '', ( #3640 ) ) ;
#9227 = VECTOR ( 'NONE', #5291, 1000.000000000000000 ) ;
#9228 = PRESENTATION_LAYER_ASSIGNMENT (  '', '', ( #561 ) ) ;
#9229 = DIRECTION ( 'NONE',  ( 0.000000000000000000, -0.000000000000000000, 1.000000000000000000 ) ) ;
#9230 = MECHANICAL_DESIGN_GEOMETRIC_PRESENTATION_REPRESENTATION (  '', ( #2513 ), #8287 ) ;
#9231 = SURFACE_STYLE_FILL_AREA ( #9286 ) ;
#9232 = VECTOR ( 'NONE', #2946, 1000.000000000000114 ) ;
#9233 = PRESENTATION_LAYER_ASSIGNMENT (  '', '', ( #2342 ) ) ;
#9234 = SURFACE_STYLE_FILL_AREA ( #7047 ) ;
#9235 = VERTEX_POINT ( 'NONE', #2942 ) ;
#9236 = CIRCLE ( 'NONE', #8754, 0.2999999999999999334 ) ;
#9237 = SURFACE_STYLE_USAGE ( .BOTH. , #7606 ) ;
#9238 = PRESENTATION_LAYER_ASSIGNMENT (  '', '', ( #6858 ) ) ;
#9239 = LINE ( 'NONE', #9332, #9423 ) ;
#9240 = VECTOR ( 'NONE', #3281, 1000.000000000000114 ) ;
#9241 = MECHANICAL_DESIGN_GEOMETRIC_PRESENTATION_REPRESENTATION (  '', ( #1854 ), #270 ) ;
#9242 = LINE ( 'NONE', #2413, #22 ) ;
#9243 = ADVANCED_FACE ( 'NONE', ( #6079 ), #5160, .F. ) ;
#9244 = SURFACE_SIDE_STYLE ('',( #2307 ) ) ;
#9245 =( NAMED_UNIT ( * ) SI_UNIT ( $, .STERADIAN. ) SOLID_ANGLE_UNIT ( ) );
#9246 = CARTESIAN_POINT ( 'NONE',  ( 0.000000000000000000, 6.099999999999999645, 0.000000000000000000 ) ) ;
#9247 = SURFACE_SIDE_STYLE ('',( #2369 ) ) ;
#9248 = CARTESIAN_POINT ( 'NONE',  ( 0.8000000000000000444, 6.099999999999999645, 0.000000000000000000 ) ) ;
#9249 = EDGE_LOOP ( 'NONE', ( #5144, #8259, #2348, #7069, #2896 ) ) ;
#9250 = ORIENTED_EDGE ( 'NONE', *, *, #3571, .T. ) ;
#9251 = CARTESIAN_POINT ( 'NONE',  ( 9.650000000000000355, 3.050000000000000266, -0.2000000000000000111 ) ) ;
#9252 = ADVANCED_FACE ( 'NONE', ( #6814 ), #4553, .T. ) ;
#9253 = SURFACE_STYLE_USAGE ( .BOTH. , #4360 ) ;
#9254 = SURFACE_STYLE_USAGE ( .BOTH. , #6307 ) ;
#9255 =( NAMED_UNIT ( * ) SI_UNIT ( $, .STERADIAN. ) SOLID_ANGLE_UNIT ( ) );
#9256 = FILL_AREA_STYLE ('',( #4752 ) ) ;
#9257 = FILL_AREA_STYLE_COLOUR ( '', #4744 ) ;
#9258 = EDGE_CURVE ( 'NONE', #3810, #9022, #4073, .T. ) ;
#9259 = AXIS2_PLACEMENT_3D ( 'NONE', #6054, #3682, #4 ) ;
#9260 = LINE ( 'NONE', #5461, #6614 ) ;
#9261 = STYLED_ITEM ( 'NONE', ( #7392 ), #433 ) ;
#9262 = DIRECTION ( 'NONE',  ( -1.000000000000000000, 0.000000000000000000, 0.000000000000000000 ) ) ;
#9263 = CARTESIAN_POINT ( 'NONE',  ( 21.60000000000000142, 6.099999999999999645, -11.50000000000000000 ) ) ;
#9264 = ORIENTED_EDGE ( 'NONE', *, *, #1122, .F. ) ;
#9265 = ORIENTED_EDGE ( 'NONE', *, *, #6278, .F. ) ;
#9266 = EDGE_CURVE ( 'NONE', #7614, #4957, #5463, .T. ) ;
#9267 = CARTESIAN_POINT ( 'NONE',  ( 19.65000000000000213, -1.084202172485504434E-16, -0.4000000000000010214 ) ) ;
#9268 = COLOUR_RGB ( '',0.7529411764705882248, 0.7529411764705882248, 0.7529411764705882248 ) ;
#9269 = CARTESIAN_POINT ( 'NONE',  ( 7.450000000000000178, -2.000000000000000000, -8.900000000000000355 ) ) ;
#9270 = EDGE_CURVE ( 'NONE', #5810, #7557, #4850, .T. ) ;
#9271 = DIRECTION ( 'NONE',  ( -0.000000000000000000, 0.000000000000000000, -1.000000000000000000 ) ) ;
#9272 = FILL_AREA_STYLE ('',( #8477 ) ) ;
#9273 = DIRECTION ( 'NONE',  ( -1.000000000000000000, -0.000000000000000000, -0.000000000000000000 ) ) ;
#9274 = DIRECTION ( 'NONE',  ( -0.000000000000000000, 1.000000000000000000, 0.000000000000000000 ) ) ;
#9275 = VECTOR ( 'NONE', #2953, 1000.000000000000000 ) ;
#9276 = CIRCLE ( 'NONE', #293, 0.2999999999999999334 ) ;
#9277 = ORIENTED_EDGE ( 'NONE', *, *, #7907, .T. ) ;
#9278 = ORIENTED_EDGE ( 'NONE', *, *, #5169, .F. ) ;
#9279 = ORIENTED_EDGE ( 'NONE', *, *, #3143, .T. ) ;
#9280 = DIRECTION ( 'NONE',  ( 1.000000000000000000, 0.000000000000000000, -0.000000000000000000 ) ) ;
#9281 =( NAMED_UNIT ( * ) SI_UNIT ( $, .STERADIAN. ) SOLID_ANGLE_UNIT ( ) );
#9282 = AXIS2_PLACEMENT_3D ( 'NONE', #33, #9159, #7834 ) ;
#9283 =( GEOMETRIC_REPRESENTATION_CONTEXT ( 3 ) GLOBAL_UNCERTAINTY_ASSIGNED_CONTEXT ( ( #3436 ) ) GLOBAL_UNIT_ASSIGNED_CONTEXT ( ( #518, #8182, #4509 ) ) REPRESENTATION_CONTEXT ( 'NONE', 'WORKASPACE' ) );
#9284 =( LENGTH_UNIT ( ) NAMED_UNIT ( * ) SI_UNIT ( .MILLI., .METRE. ) );
#9285 = FILL_AREA_STYLE ('',( #4528 ) ) ;
#9286 = FILL_AREA_STYLE ('',( #8532 ) ) ;
#9287 = PRESENTATION_STYLE_ASSIGNMENT (( #2358 ) ) ;
#9288 = ORIENTED_EDGE ( 'NONE', *, *, #8520, .T. ) ;
#9289 = DIRECTION ( 'NONE',  ( 0.000000000000000000, 0.000000000000000000, 1.000000000000000000 ) ) ;
#9290 = DIRECTION ( 'NONE',  ( -0.000000000000000000, -1.000000000000000000, -0.000000000000000000 ) ) ;
#9291 =( NAMED_UNIT ( * ) SI_UNIT ( $, .STERADIAN. ) SOLID_ANGLE_UNIT ( ) );
#9292 =( LENGTH_UNIT ( ) NAMED_UNIT ( * ) SI_UNIT ( .MILLI., .METRE. ) );
#9293 = FILL_AREA_STYLE ('',( #4142 ) ) ;
#9294 = FACE_OUTER_BOUND ( 'NONE', #7175, .T. ) ;
#9295 = ORIENTED_EDGE ( 'NONE', *, *, #8509, .F. ) ;
#9296 = ORIENTED_EDGE ( 'NONE', *, *, #9755, .F. ) ;
#9297 = LINE ( 'NONE', #1745, #9057 ) ;
#9298 = FILL_AREA_STYLE ('',( #6263 ) ) ;
#9299 = EDGE_CURVE ( 'NONE', #1031, #1090, #3908, .T. ) ;
#9300 = CARTESIAN_POINT ( 'NONE',  ( 2.750000000000000444, 2.450000000000000178, -8.300000000000000711 ) ) ;
#9301 = EDGE_CURVE ( 'NONE', #4542, #3185, #8865, .T. ) ;
#9302 = DIRECTION ( 'NONE',  ( 0.000000000000000000, -1.000000000000000000, 0.000000000000000000 ) ) ;
#9303 = DIRECTION ( 'NONE',  ( -1.000000000000000000, -0.000000000000000000, -0.000000000000000000 ) ) ;
#9304 = DIRECTION ( 'NONE',  ( 0.000000000000000000, -1.000000000000000000, 0.000000000000000000 ) ) ;
#9305 = FILL_AREA_STYLE ('',( #7872 ) ) ;
#9306 = ORIENTED_EDGE ( 'NONE', *, *, #8000, .T. ) ;
#9307 = EDGE_LOOP ( 'NONE', ( #5401, #7440 ) ) ;
#9308 = STYLED_ITEM ( 'NONE', ( #3801 ), #7922 ) ;
#9309 = DIRECTION ( 'NONE',  ( 0.000000000000000000, -1.000000000000000000, 0.000000000000000000 ) ) ;
#9310 = EDGE_CURVE ( 'NONE', #2580, #7337, #5557, .T. ) ;
#9311 = DIRECTION ( 'NONE',  ( 0.000000000000000000, 0.000000000000000000, 1.000000000000000000 ) ) ;
#9312 = UNCERTAINTY_MEASURE_WITH_UNIT (LENGTH_MEASURE( 1.000000000000000082E-05 ), #1058, 'distance_accuracy_value', 'NONE');
#9313 = ADVANCED_FACE ( 'NONE', ( #2426 ), #7764, .F. ) ;
#9314 = CARTESIAN_POINT ( 'NONE',  ( 0.000000000000000000, 0.000000000000000000, -11.50000000000000000 ) ) ;
#9315 =( NAMED_UNIT ( * ) SI_UNIT ( $, .STERADIAN. ) SOLID_ANGLE_UNIT ( ) );
#9316 = VECTOR ( 'NONE', #6103, 1000.000000000000000 ) ;
#9317 = EDGE_LOOP ( 'NONE', ( #7130, #9516, #6001, #1911, #7778, #945, #6735, #5671, #8813 ) ) ;
#9318 = DIRECTION ( 'NONE',  ( 0.000000000000000000, 0.000000000000000000, -1.000000000000000000 ) ) ;
#9319 = EDGE_LOOP ( 'NONE', ( #7696, #8685, #2169 ) ) ;
#9320 = ORIENTED_EDGE ( 'NONE', *, *, #6520, .T. ) ;
#9321 = ADVANCED_FACE ( 'NONE', ( #7825 ), #3242, .F. ) ;
#9322 = EDGE_CURVE ( 'NONE', #1625, #1168, #1908, .T. ) ;
#9323 = VECTOR ( 'NONE', #907, 1000.000000000000000 ) ;
#9324 =( NAMED_UNIT ( * ) SI_UNIT ( $, .STERADIAN. ) SOLID_ANGLE_UNIT ( ) );
#9325 = CARTESIAN_POINT ( 'NONE',  ( 5.250000000000000000, 3.050000000000000266, -0.2000000000000000111 ) ) ;
#9326 = UNCERTAINTY_MEASURE_WITH_UNIT (LENGTH_MEASURE( 1.000000000000000082E-05 ), #644, 'distance_accuracy_value', 'NONE');
#9327 = FACE_BOUND ( 'NONE', #980, .T. ) ;
#9328 = EDGE_CURVE ( 'NONE', #5302, #9038, #1957, .T. ) ;
#9329 =( GEOMETRIC_REPRESENTATION_CONTEXT ( 3 ) GLOBAL_UNCERTAINTY_ASSIGNED_CONTEXT ( ( #7119 ) ) GLOBAL_UNIT_ASSIGNED_CONTEXT ( ( #2414, #1642, #9291 ) ) REPRESENTATION_CONTEXT ( 'NONE', 'WORKASPACE' ) );
#9330 = VERTEX_POINT ( 'NONE', #7361 ) ;
#9331 = LINE ( 'NONE', #4833, #2003 ) ;
#9332 = CARTESIAN_POINT ( 'NONE',  ( 18.95000000000000284, 6.099999999999999645, 2.755455298081515504E-17 ) ) ;
#9333 = COLOUR_RGB ( '',0.7529411764705882248, 0.7529411764705882248, 0.7529411764705882248 ) ;
#9334 = PRESENTATION_LAYER_ASSIGNMENT (  '', '', ( #9496 ) ) ;
#9335 = DIRECTION ( 'NONE',  ( 0.000000000000000000, 0.000000000000000000, 1.000000000000000000 ) ) ;
#9336 = SURFACE_STYLE_USAGE ( .BOTH. , #898 ) ;
#9337 = EDGE_LOOP ( 'NONE', ( #1958, #2030, #6430, #7512 ) ) ;
#9338 = ORIENTED_EDGE ( 'NONE', *, *, #4106, .T. ) ;
#9339 =( GEOMETRIC_REPRESENTATION_CONTEXT ( 3 ) GLOBAL_UNCERTAINTY_ASSIGNED_CONTEXT ( ( #3600 ) ) GLOBAL_UNIT_ASSIGNED_CONTEXT ( ( #8979, #2966, #5178 ) ) REPRESENTATION_CONTEXT ( 'NONE', 'WORKASPACE' ) );
#9340 = DIRECTION ( 'NONE',  ( -0.000000000000000000, 0.000000000000000000, -1.000000000000000000 ) ) ;
#9341 = DIRECTION ( 'NONE',  ( -1.000000000000000000, -0.000000000000000000, 0.000000000000000000 ) ) ;
#9342 = SURFACE_SIDE_STYLE ('',( #7715 ) ) ;
#9343 = MECHANICAL_DESIGN_GEOMETRIC_PRESENTATION_REPRESENTATION (  '', ( #7751 ), #6005 ) ;
#9344 = STYLED_ITEM ( 'NONE', ( #5629 ), #3741 ) ;
#9345 =( NAMED_UNIT ( * ) SI_UNIT ( $, .STERADIAN. ) SOLID_ANGLE_UNIT ( ) );
#9346 = DIRECTION ( 'NONE',  ( 0.000000000000000000, -1.000000000000000000, 0.000000000000000000 ) ) ;
#9347 = DIRECTION ( 'NONE',  ( -0.000000000000000000, -1.000000000000000000, -0.000000000000000000 ) ) ;
#9348 = DIRECTION ( 'NONE',  ( 0.000000000000000000, 0.000000000000000000, 1.000000000000000000 ) ) ;
#9349 = PRESENTATION_STYLE_ASSIGNMENT (( #7971 ) ) ;
#9350 = AXIS2_PLACEMENT_3D ( 'NONE', #9614, #4354, #7418 ) ;
#9351 = ORIENTED_EDGE ( 'NONE', *, *, #7703, .T. ) ;
#9352 = VERTEX_POINT ( 'NONE', #8117 ) ;
#9353 = AXIS2_PLACEMENT_3D ( 'NONE', #5564, #9309, #6320 ) ;
#9354 = CARTESIAN_POINT ( 'NONE',  ( 19.65000000000000213, 2.449999999999999734, -8.300000000000000711 ) ) ;
#9355 = DIRECTION ( 'NONE',  ( 0.000000000000000000, -0.5002775978746291097, -0.8658650732445505316 ) ) ;
#9356 =( GEOMETRIC_REPRESENTATION_CONTEXT ( 3 ) GLOBAL_UNCERTAINTY_ASSIGNED_CONTEXT ( ( #9819 ) ) GLOBAL_UNIT_ASSIGNED_CONTEXT ( ( #6581, #9669, #9324 ) ) REPRESENTATION_CONTEXT ( 'NONE', 'WORKASPACE' ) );
#9357 = FILL_AREA_STYLE_COLOUR ( '', #5327 ) ;
#9358 = DIRECTION ( 'NONE',  ( 0.000000000000000000, 0.000000000000000000, -1.000000000000000000 ) ) ;
#9359 = EDGE_CURVE ( 'NONE', #6398, #480, #316, .T. ) ;
#9360 = LINE ( 'NONE', #313, #4873 ) ;
#9361 = ORIENTED_EDGE ( 'NONE', *, *, #4011, .F. ) ;
#9362 = DIRECTION ( 'NONE',  ( 0.000000000000000000, -0.7071067811865496822, -0.7071067811865453523 ) ) ;
#9363 = ORIENTED_EDGE ( 'NONE', *, *, #4966, .F. ) ;
#9364 = DIRECTION ( 'NONE',  ( -1.000000000000000000, -0.000000000000000000, 0.000000000000000000 ) ) ;
#9365 = VERTEX_POINT ( 'NONE', #6603 ) ;
#9366 =( GEOMETRIC_REPRESENTATION_CONTEXT ( 3 ) GLOBAL_UNCERTAINTY_ASSIGNED_CONTEXT ( ( #2695 ) ) GLOBAL_UNIT_ASSIGNED_CONTEXT ( ( #9501, #5707, #4759 ) ) REPRESENTATION_CONTEXT ( 'NONE', 'WORKASPACE' ) );
#9367 = VECTOR ( 'NONE', #9273, 1000.000000000000000 ) ;
#9368 =( LENGTH_UNIT ( ) NAMED_UNIT ( * ) SI_UNIT ( .MILLI., .METRE. ) );
#9369 = EDGE_CURVE ( 'NONE', #5560, #4596, #8666, .T. ) ;
#9370 = CARTESIAN_POINT ( 'NONE',  ( 5.250000000000000000, -1.084202172485504434E-16, -9.500000000000000000 ) ) ;
#9371 = PRESENTATION_LAYER_ASSIGNMENT (  '', '', ( #3800 ) ) ;
#9372 =( NAMED_UNIT ( * ) SI_UNIT ( $, .STERADIAN. ) SOLID_ANGLE_UNIT ( ) );
#9373 = CARTESIAN_POINT ( 'NONE',  ( 4.650000000000000355, 2.449999999999999734, -8.300000000000000711 ) ) ;
#9374 = MECHANICAL_DESIGN_GEOMETRIC_PRESENTATION_REPRESENTATION (  '', ( #2486 ), #7319 ) ;
#9375 = AXIS2_PLACEMENT_3D ( 'NONE', #6222, #2379, #3138 ) ;
#9376 = AXIS2_PLACEMENT_3D ( 'NONE', #8405, #4540, #7613 ) ;
#9377 = EDGE_CURVE ( 'NONE', #5824, #628, #5704, .T. ) ;
#9378 = VECTOR ( 'NONE', #8302, 1000.000000000000000 ) ;
#9379 = CARTESIAN_POINT ( 'NONE',  ( 12.15000000000000036, -1.084202172485504434E-16, -8.900000000000000355 ) ) ;
#9380 = VECTOR ( 'NONE', #9606, 1000.000000000000000 ) ;
#9381 = EDGE_LOOP ( 'NONE', ( #712, #3085, #3517, #3318 ) ) ;
#9382 = SURFACE_STYLE_FILL_AREA ( #6992 ) ;
#9383 = AXIS2_PLACEMENT_3D ( 'NONE', #8149, #9021, #8829 ) ;
#9384 = LINE ( 'NONE', #6994, #4310 ) ;
#9385 = VECTOR ( 'NONE', #746, 1000.000000000000000 ) ;
#9386 = STYLED_ITEM ( 'NONE', ( #8683 ), #2112 ) ;
#9387 = CIRCLE ( 'NONE', #5079, 1.199999999999999734 ) ;
#9388 = ADVANCED_FACE ( 'NONE', ( #2012 ), #5102, .T. ) ;
#9389 = VECTOR ( 'NONE', #4421, 1000.000000000000000 ) ;
#9390 = MECHANICAL_DESIGN_GEOMETRIC_PRESENTATION_REPRESENTATION (  '', ( #7960 ), #1522 ) ;
#9391 = PLANE ( 'NONE',  #8205 ) ;
#9392 = DIRECTION ( 'NONE',  ( -1.000000000000000000, -0.000000000000000000, 0.000000000000000000 ) ) ;
#9393 = SURFACE_STYLE_FILL_AREA ( #6301 ) ;
#9394 = PRESENTATION_LAYER_ASSIGNMENT (  '', '', ( #5573 ) ) ;
#9395 = FILL_AREA_STYLE ('',( #1600 ) ) ;
#9396 = PRESENTATION_STYLE_ASSIGNMENT (( #5600 ) ) ;
#9397 = ORIENTED_EDGE ( 'NONE', *, *, #8697, .F. ) ;
#9398 = ORIENTED_EDGE ( 'NONE', *, *, #4605, .T. ) ;
#9399 = DIRECTION ( 'NONE',  ( -0.000000000000000000, 0.000000000000000000, -1.000000000000000000 ) ) ;
#9400 = STYLED_ITEM ( 'NONE', ( #9754 ), #2747 ) ;
#9401 = CARTESIAN_POINT ( 'NONE',  ( 5.250000000000000000, -1.084202172485504434E-16, -9.500000000000000000 ) ) ;
#9402 = CARTESIAN_POINT ( 'NONE',  ( 9.950000000000001066, -2.000000000000000000, -9.199999999999999289 ) ) ;
#9403 = CARTESIAN_POINT ( 'NONE',  ( 18.95000000000000284, 5.299999999999998934, 2.755455298081515504E-17 ) ) ;
#9404 = VECTOR ( 'NONE', #4544, 1000.000000000000114 ) ;
#9405 = CARTESIAN_POINT ( 'NONE',  ( 17.44999999999999929, 0.000000000000000000, -9.199999999999999289 ) ) ;
#9406 = COLOUR_RGB ( '',0.7529411764705882248, 0.7529411764705882248, 0.7529411764705882248 ) ;
#9407 = FILL_AREA_STYLE ('',( #7969 ) ) ;
#9408 =( NAMED_UNIT ( * ) PLANE_ANGLE_UNIT ( ) SI_UNIT ( $, .RADIAN. ) );
#9409 = ORIENTED_EDGE ( 'NONE', *, *, #1811, .F. ) ;
#9410 = ORIENTED_EDGE ( 'NONE', *, *, #4681, .T. ) ;
#9411 = CARTESIAN_POINT ( 'NONE',  ( 2.349999999999999645, 3.249999999999999556, -0.2000000000000006495 ) ) ;
#9412 = SURFACE_SIDE_STYLE ('',( #269 ) ) ;
#9413 =( NAMED_UNIT ( * ) PLANE_ANGLE_UNIT ( ) SI_UNIT ( $, .RADIAN. ) );
#9414 = UNCERTAINTY_MEASURE_WITH_UNIT (LENGTH_MEASURE( 1.000000000000000082E-05 ), #5588, 'distance_accuracy_value', 'NONE');
#9415 =( LENGTH_UNIT ( ) NAMED_UNIT ( * ) SI_UNIT ( .MILLI., .METRE. ) );
#9416 = CARTESIAN_POINT ( 'NONE',  ( 19.95000000000000284, -2.000000000000000000, -9.500000000000000000 ) ) ;
#9417 = PLANE ( 'NONE',  #9870 ) ;
#9418 = SURFACE_STYLE_USAGE ( .BOTH. , #7924 ) ;
#9419 = ORIENTED_EDGE ( 'NONE', *, *, #5304, .F. ) ;
#9420 = DIRECTION ( 'NONE',  ( 0.000000000000000000, 0.000000000000000000, -1.000000000000000000 ) ) ;
#9421 =( GEOMETRIC_REPRESENTATION_CONTEXT ( 3 ) GLOBAL_UNCERTAINTY_ASSIGNED_CONTEXT ( ( #7037 ) ) GLOBAL_UNIT_ASSIGNED_CONTEXT ( ( #487, #7906, #2472 ) ) REPRESENTATION_CONTEXT ( 'NONE', 'WORKASPACE' ) );
#9422 = EDGE_LOOP ( 'NONE', ( #8782, #2567, #3639, #7101 ) ) ;
#9423 = VECTOR ( 'NONE', #9289, 1000.000000000000000 ) ;
#9424 = CARTESIAN_POINT ( 'NONE',  ( 2.150000000000000355, 6.099999999999999645, -7.000000000000000000 ) ) ;
#9425 = VERTEX_POINT ( 'NONE', #3395 ) ;
#9426 = CARTESIAN_POINT ( 'NONE',  ( 19.80000000000000071, 6.099999999999999645, -3.699999999999999734 ) ) ;
#9427 = DIRECTION ( 'NONE',  ( 0.000000000000000000, 0.000000000000000000, -1.000000000000000000 ) ) ;
#9428 =( NAMED_UNIT ( * ) PLANE_ANGLE_UNIT ( ) SI_UNIT ( $, .RADIAN. ) );
#9429 = ADVANCED_FACE ( 'NONE', ( #4998 ), #6457, .T. ) ;
#9430 = FILL_AREA_STYLE ('',( #4077 ) ) ;
#9431 = UNCERTAINTY_MEASURE_WITH_UNIT (LENGTH_MEASURE( 1.000000000000000082E-05 ), #1177, 'distance_accuracy_value', 'NONE');
#9432 = COLOUR_RGB ( '',0.7529411764705882248, 0.7529411764705882248, 0.7529411764705882248 ) ;
#9433 = SURFACE_STYLE_FILL_AREA ( #3325 ) ;
#9434 = ORIENTED_EDGE ( 'NONE', *, *, #9003, .F. ) ;
#9435 = CARTESIAN_POINT ( 'NONE',  ( 7.750000000000000000, -1.084202172485504434E-16, -9.500000000000000000 ) ) ;
#9436 = DIRECTION ( 'NONE',  ( 0.000000000000000000, -0.000000000000000000, 1.000000000000000000 ) ) ;
#9437 = ORIENTED_EDGE ( 'NONE', *, *, #1661, .F. ) ;
#9438 = FACE_OUTER_BOUND ( 'NONE', #1701, .T. ) ;
#9439 = MECHANICAL_DESIGN_GEOMETRIC_PRESENTATION_REPRESENTATION (  '', ( #9920 ), #3191 ) ;
#9440 = COLOUR_RGB ( '',0.7529411764705882248, 0.7529411764705882248, 0.7529411764705882248 ) ;
#9441 = DIRECTION ( 'NONE',  ( -1.000000000000000000, 0.000000000000000000, -0.000000000000000000 ) ) ;
#9442 = EDGE_CURVE ( 'NONE', #5309, #6386, #3933, .T. ) ;
#9443 = FACE_OUTER_BOUND ( 'NONE', #7674, .T. ) ;
#9444 = ADVANCED_FACE ( 'NONE', ( #6657 ), #4682, .F. ) ;
#9445 = FILL_AREA_STYLE_COLOUR ( '', #2808 ) ;
#9446 = SURFACE_STYLE_FILL_AREA ( #3341 ) ;
#9447 = VERTEX_POINT ( 'NONE', #3172 ) ;
#9448 = EDGE_CURVE ( 'NONE', #8138, #7883, #2408, .T. ) ;
#9449 = ORIENTED_EDGE ( 'NONE', *, *, #8950, .T. ) ;
#9450 = DIRECTION ( 'NONE',  ( 0.000000000000000000, 1.000000000000000000, 0.000000000000000000 ) ) ;
#9451 = CARTESIAN_POINT ( 'NONE',  ( 20.25000000000000000, 3.050000000000000266, -0.4000000000000010214 ) ) ;
#9452 = CARTESIAN_POINT ( 'NONE',  ( 17.14999999999999858, -1.084202172485504434E-16, -8.900000000000000355 ) ) ;
#9453 = SURFACE_STYLE_FILL_AREA ( #261 ) ;
#9454 = SURFACE_STYLE_FILL_AREA ( #5045 ) ;
#9455 = PLANE ( 'NONE',  #8569 ) ;
#9456 = SURFACE_STYLE_FILL_AREA ( #6415 ) ;
#9457 = VERTEX_POINT ( 'NONE', #9133 ) ;
#9458 = ADVANCED_FACE ( 'NONE', ( #5914 ), #4579, .T. ) ;
#9459 = EDGE_LOOP ( 'NONE', ( #4345, #9437, #3879, #2040 ) ) ;
#9460 = DIRECTION ( 'NONE',  ( 0.000000000000000000, -1.000000000000000000, 0.000000000000000000 ) ) ;
#9461 =( NAMED_UNIT ( * ) SI_UNIT ( $, .STERADIAN. ) SOLID_ANGLE_UNIT ( ) );
#9462 = DIRECTION ( 'NONE',  ( -1.000000000000000000, 0.000000000000000000, 0.000000000000000000 ) ) ;
#9463 = DIRECTION ( 'NONE',  ( -0.7071067811865451302, 0.000000000000000000, 0.7071067811865500152 ) ) ;
#9464 = LINE ( 'NONE', #2589, #1527 ) ;
#9465 = PLANE ( 'NONE',  #1486 ) ;
#9466 = ORIENTED_EDGE ( 'NONE', *, *, #6337, .T. ) ;
#9467 = FILL_AREA_STYLE ('',( #4920 ) ) ;
#9468 = COLOUR_RGB ( '',0.7529411764705882248, 0.7529411764705882248, 0.7529411764705882248 ) ;
#9469 = ORIENTED_EDGE ( 'NONE', *, *, #6993, .F. ) ;
#9470 = LINE ( 'NONE', #1120, #7183 ) ;
#9471 = ORIENTED_EDGE ( 'NONE', *, *, #8226, .T. ) ;
#9472 = DIRECTION ( 'NONE',  ( 0.000000000000000000, -1.000000000000000000, 0.000000000000000000 ) ) ;
#9473 = DIRECTION ( 'NONE',  ( 0.000000000000000000, -1.000000000000000000, 0.000000000000000000 ) ) ;
#9474 = LINE ( 'NONE', #8776, #5761 ) ;
#9475 = VECTOR ( 'NONE', #8051, 1000.000000000000000 ) ;
#9476 = FACE_BOUND ( 'NONE', #6450, .T. ) ;
#9477 = VERTEX_POINT ( 'NONE', #4034 ) ;
#9478 = PRESENTATION_STYLE_ASSIGNMENT (( #1779 ) ) ;
#9479 = PRESENTATION_STYLE_ASSIGNMENT (( #2041 ) ) ;
#9480 = ORIENTED_EDGE ( 'NONE', *, *, #789, .T. ) ;
#9481 = SURFACE_STYLE_FILL_AREA ( #7207 ) ;
#9482 = DIRECTION ( 'NONE',  ( -1.000000000000000000, -0.000000000000000000, -0.000000000000000000 ) ) ;
#9483 = AXIS2_PLACEMENT_3D ( 'NONE', #8546, #1651, #7717 ) ;
#9484 = FILL_AREA_STYLE_COLOUR ( '', #400 ) ;
#9485 = LINE ( 'NONE', #9533, #9173 ) ;
#9486 = ADVANCED_FACE ( 'NONE', ( #3987 ), #9521, .T. ) ;
#9487 = DIRECTION ( 'NONE',  ( 0.000000000000000000, -0.7071067811865453523, -0.7071067811865496822 ) ) ;
#9488 =( NAMED_UNIT ( * ) SI_UNIT ( $, .STERADIAN. ) SOLID_ANGLE_UNIT ( ) );
#9489 = ORIENTED_EDGE ( 'NONE', *, *, #4857, .T. ) ;
#9490 = ORIENTED_EDGE ( 'NONE', *, *, #2025, .T. ) ;
#9491 = FILL_AREA_STYLE_COLOUR ( '', #390 ) ;
#9492 = EDGE_CURVE ( 'NONE', #4673, #1322, #2653, .T. ) ;
#9493 = STYLED_ITEM ( 'NONE', ( #9043 ), #8890 ) ;
#9494 =( NAMED_UNIT ( * ) PLANE_ANGLE_UNIT ( ) SI_UNIT ( $, .RADIAN. ) );
#9495 = PLANE ( 'NONE',  #9259 ) ;
#9496 = STYLED_ITEM ( 'NONE', ( #9097 ), #1378 ) ;
#9497 = DIRECTION ( 'NONE',  ( -0.5773502691896241767, 0.5773502691896246208, 0.5773502691896282846 ) ) ;
#9498 = AXIS2_PLACEMENT_3D ( 'NONE', #8368, #3001, #2121 ) ;
#9499 = SURFACE_STYLE_USAGE ( .BOTH. , #408 ) ;
#9500 = EDGE_CURVE ( 'NONE', #9183, #8863, #153, .T. ) ;
#9501 =( LENGTH_UNIT ( ) NAMED_UNIT ( * ) SI_UNIT ( .MILLI., .METRE. ) );
#9502 = VERTEX_POINT ( 'NONE', #1835 ) ;
#9503 = ORIENTED_EDGE ( 'NONE', *, *, #5527, .T. ) ;
#9504 = MECHANICAL_DESIGN_GEOMETRIC_PRESENTATION_REPRESENTATION (  '', ( #8242 ), #353 ) ;
#9505 =( NAMED_UNIT ( * ) SI_UNIT ( $, .STERADIAN. ) SOLID_ANGLE_UNIT ( ) );
#9506 = PLANE ( 'NONE',  #6077 ) ;
#9507 = EDGE_CURVE ( 'NONE', #833, #5187, #3222, .T. ) ;
#9508 = UNCERTAINTY_MEASURE_WITH_UNIT (LENGTH_MEASURE( 1.000000000000000082E-05 ), #7963, 'distance_accuracy_value', 'NONE');
#9509 = SURFACE_SIDE_STYLE ('',( #8075 ) ) ;
#9510 = LINE ( 'NONE', #177, #729 ) ;
#9511 =( GEOMETRIC_REPRESENTATION_CONTEXT ( 3 ) GLOBAL_UNCERTAINTY_ASSIGNED_CONTEXT ( ( #5 ) ) GLOBAL_UNIT_ASSIGNED_CONTEXT ( ( #4322, #4272, #4171 ) ) REPRESENTATION_CONTEXT ( 'NONE', 'WORKASPACE' ) );
#9512 =( NAMED_UNIT ( * ) SI_UNIT ( $, .STERADIAN. ) SOLID_ANGLE_UNIT ( ) );
#9513 = ORIENTED_EDGE ( 'NONE', *, *, #6698, .F. ) ;
#9514 = ORIENTED_EDGE ( 'NONE', *, *, #340, .T. ) ;
#9515 = SURFACE_STYLE_USAGE ( .BOTH. , #3410 ) ;
#9516 = ORIENTED_EDGE ( 'NONE', *, *, #5613, .T. ) ;
#9517 =( NAMED_UNIT ( * ) SI_UNIT ( $, .STERADIAN. ) SOLID_ANGLE_UNIT ( ) );
#9518 = CARTESIAN_POINT ( 'NONE',  ( 19.65000000000000213, -1.084202172485504434E-16, -9.500000000000000000 ) ) ;
#9519 = UNCERTAINTY_MEASURE_WITH_UNIT (LENGTH_MEASURE( 1.000000000000000082E-05 ), #4777, 'distance_accuracy_value', 'NONE');
#9520 = ORIENTED_EDGE ( 'NONE', *, *, #329, .T. ) ;
#9521 = PLANE ( 'NONE',  #7565 ) ;
#9522 =( GEOMETRIC_REPRESENTATION_CONTEXT ( 3 ) GLOBAL_UNCERTAINTY_ASSIGNED_CONTEXT ( ( #8231 ) ) GLOBAL_UNIT_ASSIGNED_CONTEXT ( ( #1803, #2831, #5048 ) ) REPRESENTATION_CONTEXT ( 'NONE', 'WORKASPACE' ) );
#9523 = VECTOR ( 'NONE', #9355, 1000.000000000000114 ) ;
#9524 =( GEOMETRIC_REPRESENTATION_CONTEXT ( 3 ) GLOBAL_UNCERTAINTY_ASSIGNED_CONTEXT ( ( #5829 ) ) GLOBAL_UNIT_ASSIGNED_CONTEXT ( ( #595, #9836, #6060 ) ) REPRESENTATION_CONTEXT ( 'NONE', 'WORKASPACE' ) );
#9525 = ORIENTED_EDGE ( 'NONE', *, *, #2692, .F. ) ;
#9526 = DIRECTION ( 'NONE',  ( -0.000000000000000000, 1.000000000000000000, 0.000000000000000000 ) ) ;
#9527 = PRESENTATION_LAYER_ASSIGNMENT (  '', '', ( #6830 ) ) ;
#9528 = PRESENTATION_LAYER_ASSIGNMENT (  '', '', ( #1827 ) ) ;
#9529 = DIRECTION ( 'NONE',  ( 0.000000000000000000, -0.000000000000000000, -1.000000000000000000 ) ) ;
#9530 = PRESENTATION_STYLE_ASSIGNMENT (( #8052 ) ) ;
#9531 =( GEOMETRIC_REPRESENTATION_CONTEXT ( 3 ) GLOBAL_UNCERTAINTY_ASSIGNED_CONTEXT ( ( #1184 ) ) GLOBAL_UNIT_ASSIGNED_CONTEXT ( ( #2236, #3669, #4362 ) ) REPRESENTATION_CONTEXT ( 'NONE', 'WORKASPACE' ) );
#9532 = FACE_OUTER_BOUND ( 'NONE', #1997, .T. ) ;
#9533 = CARTESIAN_POINT ( 'NONE',  ( 17.75000000000000000, -1.084202172485504434E-16, -9.500000000000000000 ) ) ;
#9534 = UNCERTAINTY_MEASURE_WITH_UNIT (LENGTH_MEASURE( 1.000000000000000082E-05 ), #3598, 'distance_accuracy_value', 'NONE');
#9535 = DIRECTION ( 'NONE',  ( 0.000000000000000000, -0.7071067811865496822, -0.7071067811865453523 ) ) ;
#9536 = ORIENTED_EDGE ( 'NONE', *, *, #3248, .F. ) ;
#9537 = VERTEX_POINT ( 'NONE', #6396 ) ;
#9538 = CARTESIAN_POINT ( 'NONE',  ( 5.250000000000000000, 3.050000000000000266, -6.200000000000000178 ) ) ;
#9539 = AXIS2_PLACEMENT_3D ( 'NONE', #9751, #2882, #6710 ) ;
#9540 = PRESENTATION_LAYER_ASSIGNMENT (  '', '', ( #6204 ) ) ;
#9541 = COLOUR_RGB ( '',0.7529411764705882248, 0.7529411764705882248, 0.7529411764705882248 ) ;
#9542 = EDGE_CURVE ( 'NONE', #9183, #843, #9141, .T. ) ;
#9543 = CARTESIAN_POINT ( 'NONE',  ( 15.25000000000000178, -1.084202172485504434E-16, -8.900000000000000355 ) ) ;
#9544 = AXIS2_PLACEMENT_3D ( 'NONE', #6929, #4625, #5372 ) ;
#9545 = COLOUR_RGB ( '',0.7529411764705882248, 0.7529411764705882248, 0.7529411764705882248 ) ;
#9546 =( NAMED_UNIT ( * ) SI_UNIT ( $, .STERADIAN. ) SOLID_ANGLE_UNIT ( ) );
#9547 = DIRECTION ( 'NONE',  ( 0.000000000000000000, 0.000000000000000000, -1.000000000000000000 ) ) ;
#9548 = UNCERTAINTY_MEASURE_WITH_UNIT (LENGTH_MEASURE( 1.000000000000000082E-05 ), #1316, 'distance_accuracy_value', 'NONE');
#9549 = SURFACE_SIDE_STYLE ('',( #9456 ) ) ;
#9550 = EDGE_CURVE ( 'NONE', #8152, #2504, #4992, .T. ) ;
#9551 = LINE ( 'NONE', #3499, #7788 ) ;
#9552 = CIRCLE ( 'NONE', #3973, 0.5999999999999998668 ) ;
#9553 = CARTESIAN_POINT ( 'NONE',  ( 20.05000000000000071, 3.050000000000000266, -0.2000000000000000111 ) ) ;
#9554 = EDGE_LOOP ( 'NONE', ( #3006, #7991, #3899, #6572, #8083, #3418, #9048, #914, #77 ) ) ;
#9555 = ORIENTED_EDGE ( 'NONE', *, *, #340, .F. ) ;
#9556 =( GEOMETRIC_REPRESENTATION_CONTEXT ( 3 ) GLOBAL_UNCERTAINTY_ASSIGNED_CONTEXT ( ( #765 ) ) GLOBAL_UNIT_ASSIGNED_CONTEXT ( ( #4970, #3516, #7278 ) ) REPRESENTATION_CONTEXT ( 'NONE', 'WORKASPACE' ) );
#9557 =( GEOMETRIC_REPRESENTATION_CONTEXT ( 3 ) GLOBAL_UNCERTAINTY_ASSIGNED_CONTEXT ( ( #8529 ) ) GLOBAL_UNIT_ASSIGNED_CONTEXT ( ( #4080, #238, #8093 ) ) REPRESENTATION_CONTEXT ( 'NONE', 'WORKASPACE' ) );
#9558 = PRESENTATION_STYLE_ASSIGNMENT (( #6513 ) ) ;
#9559 = ADVANCED_FACE ( 'NONE', ( #190 ), #7891, .T. ) ;
#9560 = AXIS2_PLACEMENT_3D ( 'NONE', #2822, #5145, #598 ) ;
#9561 = CARTESIAN_POINT ( 'NONE',  ( 17.75000000000000000, 2.450000000000000178, -8.300000000000000711 ) ) ;
#9562 = DIRECTION ( 'NONE',  ( -0.5773502691896259531, 0.5773502691896239547, -0.5773502691896273964 ) ) ;
#9563 = DIRECTION ( 'NONE',  ( -1.000000000000000000, -0.000000000000000000, -0.000000000000000000 ) ) ;
#9564 = EDGE_CURVE ( 'NONE', #913, #7568, #4369, .T. ) ;
#9565 = FILL_AREA_STYLE ('',( #1870 ) ) ;
#9566 = DIRECTION ( 'NONE',  ( -0.5773502691896225114, 0.5773502691896255090, -0.5773502691896291728 ) ) ;
#9567 = SURFACE_STYLE_FILL_AREA ( #6469 ) ;
#9568 = EDGE_LOOP ( 'NONE', ( #6238, #5267, #6493, #9895 ) ) ;
#9569 = SURFACE_STYLE_USAGE ( .BOTH. , #8915 ) ;
#9570 = ORIENTED_EDGE ( 'NONE', *, *, #285, .F. ) ;
#9571 = ORIENTED_EDGE ( 'NONE', *, *, #9270, .T. ) ;
#9572 = FACE_OUTER_BOUND ( 'NONE', #1451, .T. ) ;
#9573 = ADVANCED_FACE ( 'NONE', ( #8190 ), #2907, .T. ) ;
#9574 =( LENGTH_UNIT ( ) NAMED_UNIT ( * ) SI_UNIT ( .MILLI., .METRE. ) );
#9575 = CARTESIAN_POINT ( 'NONE',  ( 20.40000000000000213, 5.299999999999998934, -2.439454888092384977E-16 ) ) ;
#9576 = PRESENTATION_LAYER_ASSIGNMENT (  '', '', ( #7833 ) ) ;
#9577 = DIRECTION ( 'NONE',  ( 1.000000000000000000, 0.000000000000000000, 0.000000000000000000 ) ) ;
#9578 = DIRECTION ( 'NONE',  ( 0.000000000000000000, -0.000000000000000000, 1.000000000000000000 ) ) ;
#9579 = SURFACE_STYLE_USAGE ( .BOTH. , #8822 ) ;
#9580 = DIRECTION ( 'NONE',  ( -0.7071067811865435759, 0.000000000000000000, 0.7071067811865515695 ) ) ;
#9581 = FILL_AREA_STYLE ('',( #6538 ) ) ;
#9582 =( GEOMETRIC_REPRESENTATION_CONTEXT ( 3 ) GLOBAL_UNCERTAINTY_ASSIGNED_CONTEXT ( ( #5007 ) ) GLOBAL_UNIT_ASSIGNED_CONTEXT ( ( #7961, #8652, #8604 ) ) REPRESENTATION_CONTEXT ( 'NONE', 'WORKASPACE' ) );
#9583 = MECHANICAL_DESIGN_GEOMETRIC_PRESENTATION_REPRESENTATION (  '', ( #3507 ), #1864 ) ;
#9584 = EDGE_LOOP ( 'NONE', ( #2947, #2945, #9306, #3562, #3689, #9615, #2419, #9876, #4024, #6093, #2541, #1109, #4028, #1525, #5691, #6605, #6183, #7390, #8552, #8181, #7192, #6304 ) ) ;
#9585 = CARTESIAN_POINT ( 'NONE',  ( 17.75000000000000000, -1.084202172485504434E-16, -9.500000000000000000 ) ) ;
#9586 = ORIENTED_EDGE ( 'NONE', *, *, #5112, .T. ) ;
#9587 = SURFACE_STYLE_FILL_AREA ( #3482 ) ;
#9588 = CARTESIAN_POINT ( 'NONE',  ( 7.550000000000000711, 3.250000000000000000, -0.2000000000000000111 ) ) ;
#9589 = PRESENTATION_STYLE_ASSIGNMENT (( #5952 ) ) ;
#9590 =( LENGTH_UNIT ( ) NAMED_UNIT ( * ) SI_UNIT ( .MILLI., .METRE. ) );
#9591 = PRESENTATION_STYLE_ASSIGNMENT (( #7212 ) ) ;
#9592 = MECHANICAL_DESIGN_GEOMETRIC_PRESENTATION_REPRESENTATION (  '', ( #4960 ), #9283 ) ;
#9593 = FILL_AREA_STYLE_COLOUR ( '', #8282 ) ;
#9594 = EDGE_LOOP ( 'NONE', ( #4556, #3408, #4216, #5780 ) ) ;
#9595 = EDGE_LOOP ( 'NONE', ( #6529, #6295, #6526, #2720 ) ) ;
#9596 = FILL_AREA_STYLE ('',( #2056 ) ) ;
#9597 = PRESENTATION_LAYER_ASSIGNMENT (  '', '', ( #4813 ) ) ;
#9598 = CARTESIAN_POINT ( 'NONE',  ( 20.25000000000000000, -1.084202172485504434E-16, -9.500000000000000000 ) ) ;
#9599 = DIRECTION ( 'NONE',  ( 0.000000000000000000, 0.000000000000000000, -1.000000000000000000 ) ) ;
#9600 =( NAMED_UNIT ( * ) SI_UNIT ( $, .STERADIAN. ) SOLID_ANGLE_UNIT ( ) );
#9601 = DIRECTION ( 'NONE',  ( -0.000000000000000000, 0.000000000000000000, -1.000000000000000000 ) ) ;
#9602 = SURFACE_STYLE_FILL_AREA ( #409 ) ;
#9603 = VERTEX_POINT ( 'NONE', #2701 ) ;
#9604 = ORIENTED_EDGE ( 'NONE', *, *, #7120, .T. ) ;
#9605 = EDGE_CURVE ( 'NONE', #1119, #9457, #7493, .T. ) ;
#9606 = DIRECTION ( 'NONE',  ( 0.000000000000000000, 0.000000000000000000, 1.000000000000000000 ) ) ;
#9607 = CARTESIAN_POINT ( 'NONE',  ( 9.850000000000001421, 3.250000000000000000, -0.2000000000000000111 ) ) ;
#9608 = PLANE ( 'NONE',  #292 ) ;
#9609 = UNCERTAINTY_MEASURE_WITH_UNIT (LENGTH_MEASURE( 1.000000000000000082E-05 ), #4955, 'distance_accuracy_value', 'NONE');
#9610 = CYLINDRICAL_SURFACE ( 'NONE', #490, 1.199999999999999734 ) ;
#9611 = LINE ( 'NONE', #8857, #1040 ) ;
#9612 = PLANE ( 'NONE',  #7436 ) ;
#9613 = CARTESIAN_POINT ( 'NONE',  ( 17.75000000000000000, -1.084202172485504434E-16, -9.500000000000000000 ) ) ;
#9614 = CARTESIAN_POINT ( 'NONE',  ( 15.25000000000000178, -1.084202172485504434E-16, -9.500000000000000000 ) ) ;
#9615 = ORIENTED_EDGE ( 'NONE', *, *, #5595, .T. ) ;
#9616 = VERTEX_POINT ( 'NONE', #1230 ) ;
#9617 = EDGE_CURVE ( 'NONE', #3258, #5187, #7388, .T. ) ;
#9618 = ORIENTED_EDGE ( 'NONE', *, *, #6637, .T. ) ;
#9619 = VERTEX_POINT ( 'NONE', #5988 ) ;
#9620 = CARTESIAN_POINT ( 'NONE',  ( 19.80000000000000071, 5.299999999999998934, -3.699999999999999734 ) ) ;
#9621 = CARTESIAN_POINT ( 'NONE',  ( 12.75000000000000178, 3.050000000000000266, -0.4000000000000010214 ) ) ;
#9622 = EDGE_CURVE ( 'NONE', #6851, #6621, #5891, .T. ) ;
#9623 = PLANE ( 'NONE',  #4136 ) ;
#9624 = UNCERTAINTY_MEASURE_WITH_UNIT (LENGTH_MEASURE( 1.000000000000000082E-05 ), #4117, 'distance_accuracy_value', 'NONE');
#9625 = CARTESIAN_POINT ( 'NONE',  ( 0.8000000000000004885, 5.099999999999999645, -7.000000000000005329 ) ) ;
#9626 = AXIS2_PLACEMENT_3D ( 'NONE', #7247, #7202, #4079 ) ;
#9627 = ORIENTED_EDGE ( 'NONE', *, *, #9310, .F. ) ;
#9628 = ADVANCED_FACE ( 'NONE', ( #3529 ), #6585, .F. ) ;
#9629 = EDGE_CURVE ( 'NONE', #3746, #429, #5430, .T. ) ;
#9630 = DIRECTION ( 'NONE',  ( -0.000000000000000000, 1.000000000000000000, -0.000000000000000000 ) ) ;
#9631 = ORIENTED_EDGE ( 'NONE', *, *, #2210, .T. ) ;
#9632 = CARTESIAN_POINT ( 'NONE',  ( 5.250000000000000000, 3.050000000000000266, -0.2000000000000000111 ) ) ;
#9633 =( GEOMETRIC_REPRESENTATION_CONTEXT ( 3 ) GLOBAL_UNCERTAINTY_ASSIGNED_CONTEXT ( ( #2681 ) ) GLOBAL_UNIT_ASSIGNED_CONTEXT ( ( #7669, #3423, #2523 ) ) REPRESENTATION_CONTEXT ( 'NONE', 'WORKASPACE' ) );
#9634 = DIRECTION ( 'NONE',  ( 0.000000000000000000, 0.000000000000000000, -1.000000000000000000 ) ) ;
#9635 = FILL_AREA_STYLE_COLOUR ( '', #1664 ) ;
#9636 = EDGE_CURVE ( 'NONE', #480, #2895, #4517, .T. ) ;
#9637 = CARTESIAN_POINT ( 'NONE',  ( 19.65000000000000213, 3.649999999999999911, -0.4000000000000009104 ) ) ;
#9638 = CARTESIAN_POINT ( 'NONE',  ( 2.750000000000000444, -1.084202172485504434E-16, -9.500000000000000000 ) ) ;
#9639 = FACE_OUTER_BOUND ( 'NONE', #5794, .T. ) ;
#9640 = EDGE_LOOP ( 'NONE', ( #1850, #5989, #3050, #7594 ) ) ;
#9641 =( NAMED_UNIT ( * ) PLANE_ANGLE_UNIT ( ) SI_UNIT ( $, .RADIAN. ) );
#9642 = VECTOR ( 'NONE', #615, 1000.000000000000000 ) ;
#9643 = LINE ( 'NONE', #2762, #5977 ) ;
#9644 = PRESENTATION_STYLE_ASSIGNMENT (( #3544 ) ) ;
#9645 = DIRECTION ( 'NONE',  ( 0.000000000000000000, -1.000000000000000000, 0.000000000000000000 ) ) ;
#9646 = FILL_AREA_STYLE_COLOUR ( '', #8738 ) ;
#9647 = EDGE_LOOP ( 'NONE', ( #784, #8312, #6724, #6419 ) ) ;
#9648 = ORIENTED_EDGE ( 'NONE', *, *, #9500, .F. ) ;
#9649 = FILL_AREA_STYLE ('',( #9799 ) ) ;
#9650 = CARTESIAN_POINT ( 'NONE',  ( 17.14999999999999858, 2.449999999999999734, -9.500000000000000000 ) ) ;
#9651 = CARTESIAN_POINT ( 'NONE',  ( 15.25000000000000178, -1.084202172485504434E-16, -9.500000000000000000 ) ) ;
#9652 = AXIS2_PLACEMENT_3D ( 'NONE', #7718, #6313, #9348 ) ;
#9653 = DIRECTION ( 'NONE',  ( 0.000000000000000000, -1.000000000000000000, 0.000000000000000000 ) ) ;
#9654 = CARTESIAN_POINT ( 'NONE',  ( 14.95000000000000107, 0.000000000000000000, -9.199999999999999289 ) ) ;
#9655 = FACE_OUTER_BOUND ( 'NONE', #6979, .T. ) ;
#9656 = CARTESIAN_POINT ( 'NONE',  ( 19.95000000000000284, 0.000000000000000000, -8.900000000000000355 ) ) ;
#9657 = SURFACE_STYLE_FILL_AREA ( #6618 ) ;
#9658 = PRESENTATION_LAYER_ASSIGNMENT (  '', '', ( #6470 ) ) ;
#9659 = EDGE_LOOP ( 'NONE', ( #4436, #19, #5710, #1728 ) ) ;
#9660 = SURFACE_STYLE_USAGE ( .BOTH. , #1220 ) ;
#9661 = ORIENTED_EDGE ( 'NONE', *, *, #9088, .T. ) ;
#9662 = ORIENTED_EDGE ( 'NONE', *, *, #4494, .T. ) ;
#9663 = MECHANICAL_DESIGN_GEOMETRIC_PRESENTATION_REPRESENTATION (  '', ( #8398 ), #1956 ) ;
#9664 = FACE_OUTER_BOUND ( 'NONE', #9319, .T. ) ;
#9665 = LINE ( 'NONE', #4871, #8103 ) ;
#9666 = SURFACE_STYLE_FILL_AREA ( #9769 ) ;
#9667 = AXIS2_PLACEMENT_3D ( 'NONE', #4380, #6744, #2915 ) ;
#9668 = DIRECTION ( 'NONE',  ( -0.5773502691896241767, 0.5773502691896246208, -0.5773502691896282846 ) ) ;
#9669 =( NAMED_UNIT ( * ) PLANE_ANGLE_UNIT ( ) SI_UNIT ( $, .RADIAN. ) );
#9670 = ADVANCED_FACE ( 'NONE', ( #2197 ), #9212, .T. ) ;
#9671 = ORIENTED_EDGE ( 'NONE', *, *, #7849, .T. ) ;
#9672 = EDGE_CURVE ( 'NONE', #5907, #801, #6889, .T. ) ;
#9673 = VECTOR ( 'NONE', #4555, 1000.000000000000000 ) ;
#9674 = VERTEX_POINT ( 'NONE', #3775 ) ;
#9675 = VECTOR ( 'NONE', #3053, 1000.000000000000000 ) ;
#9676 = SURFACE_STYLE_FILL_AREA ( #3574 ) ;
#9677 =( NAMED_UNIT ( * ) PLANE_ANGLE_UNIT ( ) SI_UNIT ( $, .RADIAN. ) );
#9678 = CARTESIAN_POINT ( 'NONE',  ( 2.750000000000000444, -1.084202172485504434E-16, -9.500000000000000000 ) ) ;
#9679 = EDGE_CURVE ( 'NONE', #212, #7972, #5277, .T. ) ;
#9680 = FILL_AREA_STYLE ('',( #9030 ) ) ;
#9681 = VECTOR ( 'NONE', #3254, 1000.000000000000000 ) ;
#9682 = PRESENTATION_LAYER_ASSIGNMENT (  '', '', ( #4095 ) ) ;
#9683 = AXIS2_PLACEMENT_3D ( 'NONE', #6188, #9168, #5380 ) ;
#9684 = FILL_AREA_STYLE_COLOUR ( '', #1518 ) ;
#9685 = FILL_AREA_STYLE ('',( #1137 ) ) ;
#9686 = DIRECTION ( 'NONE',  ( 0.000000000000000000, -1.000000000000000000, 0.000000000000000000 ) ) ;
#9687 = DIRECTION ( 'NONE',  ( 0.7071067811865451302, 0.000000000000000000, 0.7071067811865500152 ) ) ;
#9688 = CIRCLE ( 'NONE', #1499, 1.199999999999999734 ) ;
#9689 = ORIENTED_EDGE ( 'NONE', *, *, #14, .F. ) ;
#9690 = ADVANCED_FACE ( 'NONE', ( #2240 ), #6136, .T. ) ;
#9691 = PRESENTATION_LAYER_ASSIGNMENT (  '', '', ( #1653 ) ) ;
#9692 = MECHANICAL_DESIGN_GEOMETRIC_PRESENTATION_REPRESENTATION (  '', ( #4100 ), #8266 ) ;
#9693 =( GEOMETRIC_REPRESENTATION_CONTEXT ( 3 ) GLOBAL_UNCERTAINTY_ASSIGNED_CONTEXT ( ( #6745 ) ) GLOBAL_UNIT_ASSIGNED_CONTEXT ( ( #6176, #2280, #7116 ) ) REPRESENTATION_CONTEXT ( 'NONE', 'WORKASPACE' ) );
#9694 = PLANE ( 'NONE',  #6464 ) ;
#9695 = MECHANICAL_DESIGN_GEOMETRIC_PRESENTATION_REPRESENTATION (  '', ( #5880 ), #1832 ) ;
#9696 =( GEOMETRIC_REPRESENTATION_CONTEXT ( 3 ) GLOBAL_UNCERTAINTY_ASSIGNED_CONTEXT ( ( #4635 ) ) GLOBAL_UNIT_ASSIGNED_CONTEXT ( ( #2833, #8068, #5049 ) ) REPRESENTATION_CONTEXT ( 'NONE', 'WORKASPACE' ) );
#9697 = AXIS2_PLACEMENT_3D ( 'NONE', #334, #1898, #7348 ) ;
#9698 = DIRECTION ( 'NONE',  ( 0.000000000000000000, 0.000000000000000000, -1.000000000000000000 ) ) ;
#9699 = EDGE_LOOP ( 'NONE', ( #3295, #7092, #9489 ) ) ;
#9700 = ORIENTED_EDGE ( 'NONE', *, *, #1212, .T. ) ;
#9701 = AXIS2_PLACEMENT_3D ( 'NONE', #7391, #5948, #6588 ) ;
#9702 = VECTOR ( 'NONE', #3550, 1000.000000000000000 ) ;
#9703 = VECTOR ( 'NONE', #5132, 1000.000000000000000 ) ;
#9704 =( NAMED_UNIT ( * ) SI_UNIT ( $, .STERADIAN. ) SOLID_ANGLE_UNIT ( ) );
#9705 = AXIS2_PLACEMENT_3D ( 'NONE', #1114, #6613, #8809 ) ;
#9706 = STYLED_ITEM ( 'NONE', ( #5039 ), #2195 ) ;
#9707 = AXIS2_PLACEMENT_3D ( 'NONE', #8029, #966, #4067 ) ;
#9708 = CARTESIAN_POINT ( 'NONE',  ( 0.000000000000000000, 6.099999999999999645, -11.50000000000000000 ) ) ;
#9709 = UNCERTAINTY_MEASURE_WITH_UNIT (LENGTH_MEASURE( 1.000000000000000082E-05 ), #3552, 'distance_accuracy_value', 'NONE');
#9710 = CARTESIAN_POINT ( 'NONE',  ( 12.75000000000000178, 0.000000000000000000, -9.199999999999999289 ) ) ;
#9711 = CARTESIAN_POINT ( 'NONE',  ( 7.750000000000000000, -1.084202172485504434E-16, -9.500000000000000000 ) ) ;
#9712 = VECTOR ( 'NONE', #5433, 1000.000000000000000 ) ;
#9713 = CARTESIAN_POINT ( 'NONE',  ( 12.45000000000000107, -2.000000000000000000, -8.900000000000000355 ) ) ;
#9714 = STYLED_ITEM ( 'NONE', ( #1920 ), #9796 ) ;
#9715 = LINE ( 'NONE', #5011, #9171 ) ;
#9716 = MECHANICAL_DESIGN_GEOMETRIC_PRESENTATION_REPRESENTATION (  '', ( #2516 ), #8291 ) ;
#9717 = ORIENTED_EDGE ( 'NONE', *, *, #8509, .T. ) ;
#9718 = FILL_AREA_STYLE_COLOUR ( '', #5738 ) ;
#9719 = ORIENTED_EDGE ( 'NONE', *, *, #9369, .T. ) ;
#9720 = MECHANICAL_DESIGN_GEOMETRIC_PRESENTATION_REPRESENTATION (  '', ( #4935 ), #4604 ) ;
#9721 = EDGE_LOOP ( 'NONE', ( #426, #8953, #9092, #7495 ) ) ;
#9722 = SURFACE_STYLE_USAGE ( .BOTH. , #5017 ) ;
#9723 = CARTESIAN_POINT ( 'NONE',  ( 17.75000000000000000, 3.050000000000000266, -8.300000000000000711 ) ) ;
#9724 = CARTESIAN_POINT ( 'NONE',  ( 15.25000000000000178, 3.649999999999999911, -0.4000000000000009104 ) ) ;
#9725 = DIRECTION ( 'NONE',  ( 0.000000000000000000, 0.000000000000000000, -1.000000000000000000 ) ) ;
#9726 = DIRECTION ( 'NONE',  ( 0.000000000000000000, -0.7071067811865496822, -0.7071067811865453523 ) ) ;
#9727 = UNCERTAINTY_MEASURE_WITH_UNIT (LENGTH_MEASURE( 1.000000000000000082E-05 ), #2815, 'distance_accuracy_value', 'NONE');
#9728 =( NAMED_UNIT ( * ) PLANE_ANGLE_UNIT ( ) SI_UNIT ( $, .RADIAN. ) );
#9729 = ORIENTED_EDGE ( 'NONE', *, *, #1508, .T. ) ;
#9730 = SURFACE_STYLE_FILL_AREA ( #1277 ) ;
#9731 = STYLED_ITEM ( 'NONE', ( #7572 ), #6835 ) ;
#9732 = ORIENTED_EDGE ( 'NONE', *, *, #4725, .T. ) ;
#9733 = LINE ( 'NONE', #328, #4430 ) ;
#9734 = ADVANCED_FACE ( 'NONE', ( #2399 ), #924, .F. ) ;
#9735 = SURFACE_SIDE_STYLE ('',( #5136 ) ) ;
#9736 =( LENGTH_UNIT ( ) NAMED_UNIT ( * ) SI_UNIT ( .MILLI., .METRE. ) );
#9737 = CARTESIAN_POINT ( 'NONE',  ( 2.750000000000000444, 3.050000000000000266, -0.4000000000000009104 ) ) ;
#9738 =( LENGTH_UNIT ( ) NAMED_UNIT ( * ) SI_UNIT ( .MILLI., .METRE. ) );
#9739 = LINE ( 'NONE', #5997, #7653 ) ;
#9740 = ORIENTED_EDGE ( 'NONE', *, *, #6642, .T. ) ;
#9741 = CARTESIAN_POINT ( 'NONE',  ( 12.75000000000000178, 3.649999999999999911, -8.300000000000000711 ) ) ;
#9742 = EDGE_CURVE ( 'NONE', #6508, #8009, #7775, .T. ) ;
#9743 = CIRCLE ( 'NONE', #2362, 1.199999999999999734 ) ;
#9744 =( GEOMETRIC_REPRESENTATION_CONTEXT ( 3 ) GLOBAL_UNCERTAINTY_ASSIGNED_CONTEXT ( ( #5242 ) ) GLOBAL_UNIT_ASSIGNED_CONTEXT ( ( #8679, #3176, #7095 ) ) REPRESENTATION_CONTEXT ( 'NONE', 'WORKASPACE' ) );
#9745 = SURFACE_STYLE_USAGE ( .BOTH. , #4193 ) ;
#9746 = ADVANCED_FACE ( 'NONE', ( #1674 ), #3257, .F. ) ;
#9747 = FILL_AREA_STYLE_COLOUR ( '', #8445 ) ;
#9748 = MECHANICAL_DESIGN_GEOMETRIC_PRESENTATION_REPRESENTATION (  '', ( #599 ), #286 ) ;
#9749 = SURFACE_STYLE_FILL_AREA ( #5912 ) ;
#9750 = SURFACE_STYLE_USAGE ( .BOTH. , #8208 ) ;
#9751 = CARTESIAN_POINT ( 'NONE',  ( 20.25000000000000000, 2.449999999999999734, -8.300000000000000711 ) ) ;
#9752 = EDGE_LOOP ( 'NONE', ( #7774, #162, #8750, #4641 ) ) ;
#9753 = ORIENTED_EDGE ( 'NONE', *, *, #472, .T. ) ;
#9754 = PRESENTATION_STYLE_ASSIGNMENT (( #8262 ) ) ;
#9755 = EDGE_CURVE ( 'NONE', #794, #1014, #8625, .T. ) ;
#9756 =( GEOMETRIC_REPRESENTATION_CONTEXT ( 3 ) GLOBAL_UNCERTAINTY_ASSIGNED_CONTEXT ( ( #9548 ) ) GLOBAL_UNIT_ASSIGNED_CONTEXT ( ( #1316, #620, #8919 ) ) REPRESENTATION_CONTEXT ( 'NONE', 'WORKASPACE' ) );
#9757 = PRESENTATION_STYLE_ASSIGNMENT (( #5153 ) ) ;
#9758 = LINE ( 'NONE', #6609, #1724 ) ;
#9759 = FILL_AREA_STYLE ('',( #8464 ) ) ;
#9760 = DIRECTION ( 'NONE',  ( 0.000000000000000000, 0.000000000000000000, 1.000000000000000000 ) ) ;
#9761 = EDGE_CURVE ( 'NONE', #6834, #3130, #7884, .T. ) ;
#9762 = PRESENTATION_STYLE_ASSIGNMENT (( #3868 ) ) ;
#9763 =( NAMED_UNIT ( * ) PLANE_ANGLE_UNIT ( ) SI_UNIT ( $, .RADIAN. ) );
#9764 = ORIENTED_EDGE ( 'NONE', *, *, #2881, .F. ) ;
#9765 = VERTEX_POINT ( 'NONE', #6427 ) ;
#9766 = ORIENTED_EDGE ( 'NONE', *, *, #529, .F. ) ;
#9767 = CARTESIAN_POINT ( 'NONE',  ( 20.25000000000000000, -1.084202172485504434E-16, -8.900000000000000355 ) ) ;
#9768 = SURFACE_STYLE_USAGE ( .BOTH. , #8968 ) ;
#9769 = FILL_AREA_STYLE ('',( #521 ) ) ;
#9770 = DIRECTION ( 'NONE',  ( 0.000000000000000000, 0.000000000000000000, -1.000000000000000000 ) ) ;
#9771 = CARTESIAN_POINT ( 'NONE',  ( 10.25000000000000000, 3.649999999999999911, -0.4000000000000009104 ) ) ;
#9772 = CARTESIAN_POINT ( 'NONE',  ( 5.250000000000000000, -1.084202172485504434E-16, -9.500000000000000000 ) ) ;
#9773 = ORIENTED_EDGE ( 'NONE', *, *, #6439, .T. ) ;
#9774 =( NAMED_UNIT ( * ) PLANE_ANGLE_UNIT ( ) SI_UNIT ( $, .RADIAN. ) );
#9775 = ORIENTED_EDGE ( 'NONE', *, *, #7052, .F. ) ;
#9776 = SURFACE_STYLE_USAGE ( .BOTH. , #5322 ) ;
#9777 = ORIENTED_EDGE ( 'NONE', *, *, #8177, .T. ) ;
#9778 =( LENGTH_UNIT ( ) NAMED_UNIT ( * ) SI_UNIT ( .MILLI., .METRE. ) );
#9779 = PRESENTATION_STYLE_ASSIGNMENT (( #1330 ) ) ;
#9780 = STYLED_ITEM ( 'NONE', ( #3790 ), #9458 ) ;
#9781 =( NAMED_UNIT ( * ) PLANE_ANGLE_UNIT ( ) SI_UNIT ( $, .RADIAN. ) );
#9782 = CARTESIAN_POINT ( 'NONE',  ( 5.250000000000000000, -1.084202172485504434E-16, -0.4000000000000010214 ) ) ;
#9783 =( LENGTH_UNIT ( ) NAMED_UNIT ( * ) SI_UNIT ( .MILLI., .METRE. ) );
#9784 = VERTEX_POINT ( 'NONE', #1015 ) ;
#9785 = DIRECTION ( 'NONE',  ( -1.000000000000000000, 0.000000000000000000, 0.000000000000000000 ) ) ;
#9786 =( LENGTH_UNIT ( ) NAMED_UNIT ( * ) SI_UNIT ( .MILLI., .METRE. ) );
#9787 = SURFACE_STYLE_USAGE ( .BOTH. , #7357 ) ;
#9788 = PRESENTATION_LAYER_ASSIGNMENT (  '', '', ( #9308 ) ) ;
#9789 = EDGE_CURVE ( 'NONE', #787, #7387, #4120, .T. ) ;
#9790 = LINE ( 'NONE', #7457, #5996 ) ;
#9791 = CARTESIAN_POINT ( 'NONE',  ( 2.599999999999998312, 6.099999999999999645, -3.700000000000001510 ) ) ;
#9792 = PRESENTATION_STYLE_ASSIGNMENT (( #8404 ) ) ;
#9793 = FILL_AREA_STYLE_COLOUR ( '', #6516 ) ;
#9794 = ORIENTED_EDGE ( 'NONE', *, *, #2265, .T. ) ;
#9795 = EDGE_LOOP ( 'NONE', ( #7699, #6174, #1729, #6185 ) ) ;
#9796 = ADVANCED_FACE ( 'NONE', ( #7988 ), #4215, .T. ) ;
#9797 = PLANE ( 'NONE',  #1841 ) ;
#9798 =( GEOMETRIC_REPRESENTATION_CONTEXT ( 3 ) GLOBAL_UNCERTAINTY_ASSIGNED_CONTEXT ( ( #3209 ) ) GLOBAL_UNIT_ASSIGNED_CONTEXT ( ( #2023, #6423, #8076 ) ) REPRESENTATION_CONTEXT ( 'NONE', 'WORKASPACE' ) );
#9799 = FILL_AREA_STYLE_COLOUR ( '', #7483 ) ;
#9800 = FILL_AREA_STYLE_COLOUR ( '', #3171 ) ;
#9801 = UNCERTAINTY_MEASURE_WITH_UNIT (LENGTH_MEASURE( 1.000000000000000082E-05 ), #8032, 'distance_accuracy_value', 'NONE');
#9802 =( NAMED_UNIT ( * ) SI_UNIT ( $, .STERADIAN. ) SOLID_ANGLE_UNIT ( ) );
#9803 = ADVANCED_FACE ( 'NONE', ( #1164 ), #4402, .T. ) ;
#9804 = FILL_AREA_STYLE ('',( #5115 ) ) ;
#9805 = FILL_AREA_STYLE_COLOUR ( '', #5057 ) ;
#9806 = CIRCLE ( 'NONE', #2268, 0.2999999999999999334 ) ;
#9807 = CARTESIAN_POINT ( 'NONE',  ( 9.650000000000000355, -1.084202172485504434E-16, -0.4000000000000010214 ) ) ;
#9808 = FILL_AREA_STYLE ('',( #7333 ) ) ;
#9809 = ORIENTED_EDGE ( 'NONE', *, *, #3057, .T. ) ;
#9810 = DIRECTION ( 'NONE',  ( 0.000000000000000000, 0.000000000000000000, 1.000000000000000000 ) ) ;
#9811 = ORIENTED_EDGE ( 'NONE', *, *, #6958, .T. ) ;
#9812 = ORIENTED_EDGE ( 'NONE', *, *, #3439, .F. ) ;
#9813 = FILL_AREA_STYLE_COLOUR ( '', #5448 ) ;
#9814 = LINE ( 'NONE', #9723, #8095 ) ;
#9815 = FILL_AREA_STYLE_COLOUR ( '', #8271 ) ;
#9816 = EDGE_CURVE ( 'NONE', #671, #9109, #571, .T. ) ;
#9817 = CARTESIAN_POINT ( 'NONE',  ( 12.15000000000000036, -1.084202172485504434E-16, -8.900000000000000355 ) ) ;
#9818 = CARTESIAN_POINT ( 'NONE',  ( 5.250000000000000000, 3.450000000000000178, -0.2000000000000000111 ) ) ;
#9819 = UNCERTAINTY_MEASURE_WITH_UNIT (LENGTH_MEASURE( 1.000000000000000082E-05 ), #6581, 'distance_accuracy_value', 'NONE');
#9820 = DIRECTION ( 'NONE',  ( 0.000000000000000000, -1.000000000000000000, 0.000000000000000000 ) ) ;
#9821 = EDGE_LOOP ( 'NONE', ( #6632, #7258, #4877, #5576 ) ) ;
#9822 = CARTESIAN_POINT ( 'NONE',  ( 15.25000000000000178, 3.050000000000000266, -8.300000000000000711 ) ) ;
#9823 = ORIENTED_EDGE ( 'NONE', *, *, #7570, .T. ) ;
#9824 = PLANE ( 'NONE',  #5568 ) ;
#9825 = ORIENTED_EDGE ( 'NONE', *, *, #2070, .F. ) ;
#9826 = LINE ( 'NONE', #7596, #55 ) ;
#9827 = VECTOR ( 'NONE', #4187, 1000.000000000000000 ) ;
#9828 = CARTESIAN_POINT ( 'NONE',  ( 0.8000000000000004885, 3.649999999999999911, -7.000000000000000000 ) ) ;
#9829 = DIRECTION ( 'NONE',  ( 0.000000000000000000, 0.000000000000000000, -1.000000000000000000 ) ) ;
#9830 = FACE_OUTER_BOUND ( 'NONE', #8779, .T. ) ;
#9831 = UNCERTAINTY_MEASURE_WITH_UNIT (LENGTH_MEASURE( 1.000000000000000082E-05 ), #8636, 'distance_accuracy_value', 'NONE');
#9832 = CARTESIAN_POINT ( 'NONE',  ( 17.75000000000000000, -1.084202172485504434E-16, -8.900000000000000355 ) ) ;
#9833 = AXIS2_PLACEMENT_3D ( 'NONE', #3514, #3662, #5162 ) ;
#9834 = AXIS2_PLACEMENT_3D ( 'NONE', #6431, #8670, #3368 ) ;
#9835 = UNCERTAINTY_MEASURE_WITH_UNIT (LENGTH_MEASURE( 1.000000000000000082E-05 ), #8253, 'distance_accuracy_value', 'NONE');
#9836 =( NAMED_UNIT ( * ) PLANE_ANGLE_UNIT ( ) SI_UNIT ( $, .RADIAN. ) );
#9837 = SURFACE_STYLE_FILL_AREA ( #4532 ) ;
#9838 = ORIENTED_EDGE ( 'NONE', *, *, #5643, .F. ) ;
#9839 = LINE ( 'NONE', #5248, #4296 ) ;
#9840 = DIRECTION ( 'NONE',  ( 0.000000000000000000, -0.7071067811865496822, 0.7071067811865453523 ) ) ;
#9841 = PRESENTATION_STYLE_ASSIGNMENT (( #5957 ) ) ;
#9842 = SURFACE_SIDE_STYLE ('',( #2926 ) ) ;
#9843 = DIRECTION ( 'NONE',  ( 0.000000000000000000, 1.000000000000000000, 0.000000000000000000 ) ) ;
#9844 =( NAMED_UNIT ( * ) PLANE_ANGLE_UNIT ( ) SI_UNIT ( $, .RADIAN. ) );
#9845 = PLANE ( 'NONE',  #3952 ) ;
#9846 = LINE ( 'NONE', #6756, #7322 ) ;
#9847 = EDGE_LOOP ( 'NONE', ( #4124, #9434, #2241, #822 ) ) ;
#9848 = ORIENTED_EDGE ( 'NONE', *, *, #7697, .F. ) ;
#9849 = COLOUR_RGB ( '',0.7529411764705882248, 0.7529411764705882248, 0.7529411764705882248 ) ;
#9850 = VECTOR ( 'NONE', #2546, 1000.000000000000000 ) ;
#9851 = LINE ( 'NONE', #4597, #3486 ) ;
#9852 = VECTOR ( 'NONE', #4997, 1000.000000000000000 ) ;
#9853 = ADVANCED_FACE ( 'NONE', ( #6573 ), #3559, .T. ) ;
#9854 = VECTOR ( 'NONE', #8141, 1000.000000000000000 ) ;
#9855 = CARTESIAN_POINT ( 'NONE',  ( 7.750000000000000000, 3.649999999999999911, -0.2000000000000000111 ) ) ;
#9857 = DIRECTION ( 'NONE',  ( 0.000000000000000000, -0.000000000000000000, -1.000000000000000000 ) ) ;
#9856 =( GEOMETRIC_REPRESENTATION_CONTEXT ( 3 ) GLOBAL_UNCERTAINTY_ASSIGNED_CONTEXT ( ( #4411 ) ) GLOBAL_UNIT_ASSIGNED_CONTEXT ( ( #1555, #1402, #9046 ) ) REPRESENTATION_CONTEXT ( 'NONE', 'WORKASPACE' ) );
#9858 =( GEOMETRIC_REPRESENTATION_CONTEXT ( 3 ) GLOBAL_UNCERTAINTY_ASSIGNED_CONTEXT ( ( #2282 ) ) GLOBAL_UNIT_ASSIGNED_CONTEXT ( ( #3424, #9781, #2149 ) ) REPRESENTATION_CONTEXT ( 'NONE', 'WORKASPACE' ) );
#9859 = VECTOR ( 'NONE', #3181, 1000.000000000000000 ) ;
#9860 = LINE ( 'NONE', #8267, #3573 ) ;
#9861 = CARTESIAN_POINT ( 'NONE',  ( 22.39999999999999858, 5.099999999999999645, -7.000000000000001776 ) ) ;
#9862 = FACE_OUTER_BOUND ( 'NONE', #9821, .T. ) ;
#9863 = ORIENTED_EDGE ( 'NONE', *, *, #4414, .F. ) ;
#9864 = CARTESIAN_POINT ( 'NONE',  ( 17.44999999999999929, -2.000000000000000000, -9.199999999999999289 ) ) ;
#9865 = VERTEX_POINT ( 'NONE', #3824 ) ;
#9866 = AXIS2_PLACEMENT_3D ( 'NONE', #1425, #3162, #9163 ) ;
#9867 = VECTOR ( 'NONE', #5142, 1000.000000000000114 ) ;
#9868 = FILL_AREA_STYLE ('',( #3009 ) ) ;
#9869 = EDGE_CURVE ( 'NONE', #9928, #8861, #7686, .T. ) ;
#9870 = AXIS2_PLACEMENT_3D ( 'NONE', #9613, #2844, #5974 ) ;
#9871 = AXIS2_PLACEMENT_3D ( 'NONE', #3419, #9526, #8047 ) ;
#9872 = AXIS2_PLACEMENT_3D ( 'NONE', #123, #6867, #3237 ) ;
#9873 = LINE ( 'NONE', #9114, #4643 ) ;
#9874 = ADVANCED_FACE ( 'NONE', ( #9918 ), #6819, .T. ) ;
#9875 =( NAMED_UNIT ( * ) SI_UNIT ( $, .STERADIAN. ) SOLID_ANGLE_UNIT ( ) );
#9876 = ORIENTED_EDGE ( 'NONE', *, *, #785, .F. ) ;
#9877 = EDGE_CURVE ( 'NONE', #3477, #1119, #3711, .T. ) ;
#9878 = FILL_AREA_STYLE_COLOUR ( '', #6366 ) ;
#9879 = ORIENTED_EDGE ( 'NONE', *, *, #7870, .T. ) ;
#9880 = CARTESIAN_POINT ( 'NONE',  ( 0.000000000000000000, 6.099999999999999645, 0.000000000000000000 ) ) ;
#9881 = VERTEX_POINT ( 'NONE', #9200 ) ;
#9882 = CARTESIAN_POINT ( 'NONE',  ( 20.25000000000000000, -1.084202172485504434E-16, -9.500000000000000000 ) ) ;
#9883 = PRESENTATION_LAYER_ASSIGNMENT (  '', '', ( #6856 ) ) ;
#9884 = PRESENTATION_STYLE_ASSIGNMENT (( #8978 ) ) ;
#9885 = FACE_OUTER_BOUND ( 'NONE', #4056, .T. ) ;
#9886 = AXIS2_PLACEMENT_3D ( 'NONE', #7203, #5486, #9436 ) ;
#9887 =( NAMED_UNIT ( * ) SI_UNIT ( $, .STERADIAN. ) SOLID_ANGLE_UNIT ( ) );
#9888 = FILL_AREA_STYLE_COLOUR ( '', #2047 ) ;
#9889 = COLOUR_RGB ( '',0.7529411764705882248, 0.7529411764705882248, 0.7529411764705882248 ) ;
#9890 = LINE ( 'NONE', #4819, #1287 ) ;
#9891 = EDGE_CURVE ( 'NONE', #6230, #8519, #2329, .T. ) ;
#9892 = CARTESIAN_POINT ( 'NONE',  ( 20.25000000000000000, 3.050000000000000266, -0.2000000000000000111 ) ) ;
#9893 = LINE ( 'NONE', #3735, #4570 ) ;
#9894 =( NAMED_UNIT ( * ) SI_UNIT ( $, .STERADIAN. ) SOLID_ANGLE_UNIT ( ) );
#9895 = ORIENTED_EDGE ( 'NONE', *, *, #5209, .F. ) ;
#9896 = CARTESIAN_POINT ( 'NONE',  ( 17.14999999999999858, -1.084202172485504434E-16, -8.900000000000000355 ) ) ;
#9897 = MECHANICAL_DESIGN_GEOMETRIC_PRESENTATION_REPRESENTATION (  '', ( #7833 ), #5431 ) ;
#9898 = DIRECTION ( 'NONE',  ( -0.000000000000000000, 0.000000000000000000, 1.000000000000000000 ) ) ;
#9899 = PRESENTATION_STYLE_ASSIGNMENT (( #6207 ) ) ;
#9900 = FILL_AREA_STYLE ('',( #6860 ) ) ;
#9901 = PLANE ( 'NONE',  #43 ) ;
#9902 = VECTOR ( 'NONE', #2913, 1000.000000000000000 ) ;
#9903 =( LENGTH_UNIT ( ) NAMED_UNIT ( * ) SI_UNIT ( .MILLI., .METRE. ) );
#9904 = AXIS2_PLACEMENT_3D ( 'NONE', #3334, #6253, #9441 ) ;
#9905 = ORIENTED_EDGE ( 'NONE', *, *, #5705, .F. ) ;
#9906 = ORIENTED_EDGE ( 'NONE', *, *, #3195, .T. ) ;
#9907 = DIRECTION ( 'NONE',  ( 0.000000000000000000, -1.000000000000000000, 0.000000000000000000 ) ) ;
#9908 =( NAMED_UNIT ( * ) PLANE_ANGLE_UNIT ( ) SI_UNIT ( $, .RADIAN. ) );
#9909 = SURFACE_SIDE_STYLE ('',( #7760 ) ) ;
#9910 = STYLED_ITEM ( 'NONE', ( #283 ), #7142 ) ;
#9911 = CARTESIAN_POINT ( 'NONE',  ( 14.65000000000000213, 3.050000000000000266, -6.200000000000000178 ) ) ;
#9912 = FACE_OUTER_BOUND ( 'NONE', #3712, .T. ) ;
#9913 = CARTESIAN_POINT ( 'NONE',  ( 10.25000000000000000, 2.449999999999999734, -9.500000000000000000 ) ) ;
#9914 = CARTESIAN_POINT ( 'NONE',  ( 15.11666666666666714, 3.516666666666667052, -0.2666666666666670515 ) ) ;
#9915 = DIRECTION ( 'NONE',  ( 1.000000000000000000, -0.000000000000000000, -0.000000000000000000 ) ) ;
#9916 = SURFACE_STYLE_USAGE ( .BOTH. , #859 ) ;
#9917 = ORIENTED_EDGE ( 'NONE', *, *, #8304, .F. ) ;
#9918 = FACE_OUTER_BOUND ( 'NONE', #3881, .T. ) ;
#9919 = ORIENTED_EDGE ( 'NONE', *, *, #8772, .T. ) ;
#9920 = STYLED_ITEM ( 'NONE', ( #8515 ), #7380 ) ;
#9921 =( GEOMETRIC_REPRESENTATION_CONTEXT ( 3 ) GLOBAL_UNCERTAINTY_ASSIGNED_CONTEXT ( ( #8066 ) ) GLOBAL_UNIT_ASSIGNED_CONTEXT ( ( #8967, #6957, #6728 ) ) REPRESENTATION_CONTEXT ( 'NONE', 'WORKASPACE' ) );
#9922 = CARTESIAN_POINT ( 'NONE',  ( 20.25000000000000000, 3.050000000000000266, -0.2000000000000000111 ) ) ;
#9923 = CARTESIAN_POINT ( 'NONE',  ( 4.983333333333332504, 3.316666666666667318, -0.06666666666666637431 ) ) ;
#9924 = UNCERTAINTY_MEASURE_WITH_UNIT (LENGTH_MEASURE( 1.000000000000000082E-05 ), #1968, 'distance_accuracy_value', 'NONE');
#9925 = LINE ( 'NONE', #2194, #2142 ) ;
#9926 = DIRECTION ( 'NONE',  ( 0.000000000000000000, -0.000000000000000000, -1.000000000000000000 ) ) ;
#9927 = EDGE_CURVE ( 'NONE', #323, #2443, #8321, .T. ) ;
#9928 = VERTEX_POINT ( 'NONE', #6083 ) ;
#9929 = DIRECTION ( 'NONE',  ( -0.7071067811865484609, 0.000000000000000000, 0.7071067811865466846 ) ) ;
#9930 = EDGE_LOOP ( 'NONE', ( #2883, #3747, #3019 ) ) ;
#9931 =( NAMED_UNIT ( * ) PLANE_ANGLE_UNIT ( ) SI_UNIT ( $, .RADIAN. ) );
#9932 = ORIENTED_EDGE ( 'NONE', *, *, #391, .T. ) ;
#9933 = EDGE_CURVE ( 'NONE', #6117, #5601, #8371, .T. ) ;
ENDSEC;
END-ISO-10303-21;
