ISO-10303-21;
HEADER;
FILE_DESCRIPTION (( 'STEP AP214' ),
    '1' );
FILE_NAME ('39310DBB-49C3-4975-AD98-5C3475C12C43.STEP',
    '2025-09-02T06:21:02',
    ( '' ),
    ( '' ),
    'SwSTEP 2.0',
    'SolidWorks 2022',
    '' );
FILE_SCHEMA (( 'AUTOMOTIVE_DESIGN' ));
ENDSEC;

DATA;
#1 = PRESENTATION_LAYER_ASSIGNMENT (  '', '', ( #2701 ) ) ;
#2 = CARTESIAN_POINT ( 'NONE',  ( 1.600000000000000089, 0.0000000000000000000, -1.365000000000000213 ) ) ;
#3 = LINE ( 'NONE', #5646, #8424 ) ;
#4 = PRESENTATION_LAYER_ASSIGNMENT (  '', '', ( #8020 ) ) ;
#5 = CARTESIAN_POINT ( 'NONE',  ( -0.1349999999999995925, 0.002499999999999998317, -2.000000000000000000 ) ) ;
#6 = CARTESIAN_POINT ( 'NONE',  ( -0.3649999999999996581, 0.002499999999999985307, 2.000000000000000000 ) ) ;
#7 = VERTEX_POINT ( 'NONE', #4333 ) ;
#8 = LINE ( 'NONE', #8448, #8398 ) ;
#9 = ORIENTED_EDGE ( 'NONE', *, *, #4420, .T. ) ;
#10 = DIRECTION ( 'NONE',  ( -1.000000000000000000, -0.0000000000000000000, -0.0000000000000000000 ) ) ;
#11 = CARTESIAN_POINT ( 'NONE',  ( -0.8649999999999996581, -2.980301110709575655E-17, 2.000000000000000000 ) ) ;
#12 = MECHANICAL_DESIGN_GEOMETRIC_PRESENTATION_REPRESENTATION (  '', ( #1679 ), #8756 ) ;
#13 =( NAMED_UNIT ( * ) SI_UNIT ( $, .STERADIAN. ) SOLID_ANGLE_UNIT ( ) );
#14 = DIRECTION ( 'NONE',  ( 0.0000000000000000000, -0.0000000000000000000, -1.000000000000000000 ) ) ;
#15 = SURFACE_SIDE_STYLE ('',( #5610 ) ) ;
#16 = VECTOR ( 'NONE', #2798, 1000.000000000000000 ) ;
#17 =( LENGTH_UNIT ( ) NAMED_UNIT ( * ) SI_UNIT ( .MILLI., .METRE. ) );
#19 = VERTEX_POINT ( 'NONE', #142 ) ;
#18 = VECTOR ( 'NONE', #8893, 1000.000000000000000 ) ;
#20 = ADVANCED_FACE ( 'NONE', ( #6564 ), #3640, .F. ) ;
#21 = DIRECTION ( 'NONE',  ( 0.0000000000000000000, -0.0000000000000000000, 1.000000000000000000 ) ) ;
#22 = FILL_AREA_STYLE ('',( #7002 ) ) ;
#23 = LINE ( 'NONE', #3768, #3299 ) ;
#24 = VERTEX_POINT ( 'NONE', #283 ) ;
#25 = VERTEX_POINT ( 'NONE', #3133 ) ;
#26 =( GEOMETRIC_REPRESENTATION_CONTEXT ( 3 ) GLOBAL_UNCERTAINTY_ASSIGNED_CONTEXT ( ( #3866 ) ) GLOBAL_UNIT_ASSIGNED_CONTEXT ( ( #5493, #651, #7713 ) ) REPRESENTATION_CONTEXT ( 'NONE', 'WORKASPACE' ) );
#27 = EDGE_CURVE ( 'NONE', #534, #6390, #1783, .T. ) ;
#28 = UNCERTAINTY_MEASURE_WITH_UNIT (LENGTH_MEASURE( 1.000000000000000082E-05 ), #7202, 'distance_accuracy_value', 'NONE');
#29 = DIRECTION ( 'NONE',  ( 2.710505431213761578E-16, 0.0000000000000000000, -1.000000000000000000 ) ) ;
#30 = UNCERTAINTY_MEASURE_WITH_UNIT (LENGTH_MEASURE( 1.000000000000000082E-05 ), #8087, 'distance_accuracy_value', 'NONE');
#31 = ORIENTED_EDGE ( 'NONE', *, *, #977, .T. ) ;
#32 = DIRECTION ( 'NONE',  ( -0.0000000000000000000, -1.000000000000000000, -0.0000000000000000000 ) ) ;
#33 = CARTESIAN_POINT ( 'NONE',  ( 2.001999999999999780, 0.002500000000000000052, -1.365000000000000213 ) ) ;
#34 = SURFACE_SIDE_STYLE ('',( #6415 ) ) ;
#35 = ORIENTED_EDGE ( 'NONE', *, *, #4800, .F. ) ;
#36 = SURFACE_STYLE_FILL_AREA ( #7258 ) ;
#37 = EDGE_CURVE ( 'NONE', #4569, #3156, #2404, .T. ) ;
#38 = SURFACE_SIDE_STYLE ('',( #4834 ) ) ;
#39 = ADVANCED_FACE ( 'NONE', ( #4558 ), #1651, .T. ) ;
#40 = CARTESIAN_POINT ( 'NONE',  ( -0.1349999999999995925, 0.1999999999999999833, 2.001999999999999780 ) ) ;
#41 =( NAMED_UNIT ( * ) SI_UNIT ( $, .STERADIAN. ) SOLID_ANGLE_UNIT ( ) );
#42 = EDGE_LOOP ( 'NONE', ( #1315, #7778, #4856, #7392 ) ) ;
#43 = CARTESIAN_POINT ( 'NONE',  ( -2.000000000000000000, 0.0000000000000000000, 0.8649999999999999911 ) ) ;
#44 = EDGE_LOOP ( 'NONE', ( #700, #3087, #1158, #6726 ) ) ;
#45 = CARTESIAN_POINT ( 'NONE',  ( 1.365000000000000435, 0.2000000000000000389, -2.001999999999999780 ) ) ;
#46 = ORIENTED_EDGE ( 'NONE', *, *, #5391, .T. ) ;
#47 = CARTESIAN_POINT ( 'NONE',  ( -2.000000000000000000, 0.002500000000000000052, -2.000000000000000000 ) ) ;
#48 = DIRECTION ( 'NONE',  ( 0.0000000000000000000, 0.0000000000000000000, 1.000000000000000000 ) ) ;
#49 = PLANE ( 'NONE',  #8137 ) ;
#50 = CARTESIAN_POINT ( 'NONE',  ( 2.001999999999999780, 0.2025000000000000133, 0.6349999999999998979 ) ) ;
#51 = DIRECTION ( 'NONE',  ( 2.710505431213761578E-16, 0.0000000000000000000, -1.000000000000000000 ) ) ;
#52 = CARTESIAN_POINT ( 'NONE',  ( -0.3649999999999996581, -1.490150555354787828E-17, 2.001999999999999780 ) ) ;
#53 = ORIENTED_EDGE ( 'NONE', *, *, #2102, .T. ) ;
#54 = DIRECTION ( 'NONE',  ( -0.0000000000000000000, -1.000000000000000000, -0.0000000000000000000 ) ) ;
#55 = VECTOR ( 'NONE', #5355, 1000.000000000000000 ) ;
#56 = DIRECTION ( 'NONE',  ( 1.000000000000000000, 0.0000000000000000000, -0.0000000000000000000 ) ) ;
#57 = ORIENTED_EDGE ( 'NONE', *, *, #3336, .F. ) ;
#58 = FACE_OUTER_BOUND ( 'NONE', #6626, .T. ) ;
#59 =( NAMED_UNIT ( * ) PLANE_ANGLE_UNIT ( ) SI_UNIT ( $, .RADIAN. ) );
#60 = DIRECTION ( 'NONE',  ( -1.000000000000000000, 0.0000000000000000000, 0.0000000000000000000 ) ) ;
#61 = PLANE ( 'NONE',  #2818 ) ;
#62 = VECTOR ( 'NONE', #6872, 1000.000000000000000 ) ;
#63 = AXIS2_PLACEMENT_3D ( 'NONE', #590, #3515, #3566 ) ;
#64 = CARTESIAN_POINT ( 'NONE',  ( -2.000000000000000000, 0.002500000000000000052, 0.1350000000000000366 ) ) ;
#65 = AXIS2_PLACEMENT_3D ( 'NONE', #5739, #3057, #2234 ) ;
#66 = DIRECTION ( 'NONE',  ( 0.0000000000000000000, -1.000000000000000000, 0.0000000000000000000 ) ) ;
#67 = EDGE_LOOP ( 'NONE', ( #8527, #2135, #53, #5513 ) ) ;
#68 =( NAMED_UNIT ( * ) PLANE_ANGLE_UNIT ( ) SI_UNIT ( $, .RADIAN. ) );
#69 = LINE ( 'NONE', #2785, #6750 ) ;
#70 = FILL_AREA_STYLE ('',( #7340 ) ) ;
#71 = VERTEX_POINT ( 'NONE', #1003 ) ;
#72 = ORIENTED_EDGE ( 'NONE', *, *, #4474, .T. ) ;
#73 = DIRECTION ( 'NONE',  ( 0.0000000000000000000, 1.000000000000000000, 0.0000000000000000000 ) ) ;
#74 = SURFACE_STYLE_USAGE ( .BOTH. , #4408 ) ;
#75 =( GEOMETRIC_REPRESENTATION_CONTEXT ( 3 ) GLOBAL_UNCERTAINTY_ASSIGNED_CONTEXT ( ( #1249 ) ) GLOBAL_UNIT_ASSIGNED_CONTEXT ( ( #6006, #6143, #4664 ) ) REPRESENTATION_CONTEXT ( 'NONE', 'WORKASPACE' ) );
#76 = DIRECTION ( 'NONE',  ( 0.0000000000000000000, 1.000000000000000000, 0.0000000000000000000 ) ) ;
#77 = COLOUR_RGB ( '',1.000000000000000000, 1.000000000000000000, 1.000000000000000000 ) ;
#78 = MECHANICAL_DESIGN_GEOMETRIC_PRESENTATION_REPRESENTATION (  '', ( #5725 ), #7639 ) ;
#79 = ORIENTED_EDGE ( 'NONE', *, *, #6067, .T. ) ;
#80 = CARTESIAN_POINT ( 'NONE',  ( 0.8650000000000003242, 0.2000000000000000944, -2.000000000000000000 ) ) ;
#81 = DIRECTION ( 'NONE',  ( 0.0000000000000000000, 1.000000000000000000, 0.0000000000000000000 ) ) ;
#82 = FILL_AREA_STYLE ('',( #6454 ) ) ;
#83 = EDGE_CURVE ( 'NONE', #8399, #3518, #5953, .T. ) ;
#84 = VERTEX_POINT ( 'NONE', #5356 ) ;
#85 = SURFACE_STYLE_FILL_AREA ( #5712 ) ;
#86 = ADVANCED_FACE ( 'NONE', ( #411 ), #957, .T. ) ;
#87 = VECTOR ( 'NONE', #7868, 1000.000000000000000 ) ;
#88 =( NAMED_UNIT ( * ) PLANE_ANGLE_UNIT ( ) SI_UNIT ( $, .RADIAN. ) );
#89 = CARTESIAN_POINT ( 'NONE',  ( -0.1349999999999995925, -1.490150555354787828E-17, 2.001999999999999780 ) ) ;
#90 = ORIENTED_EDGE ( 'NONE', *, *, #8985, .F. ) ;
#91 = DIRECTION ( 'NONE',  ( -1.000000000000000000, 0.0000000000000000000, -0.0000000000000000000 ) ) ;
#92 = DIRECTION ( 'NONE',  ( 1.000000000000000000, -0.0000000000000000000, -0.0000000000000000000 ) ) ;
#93 = FILL_AREA_STYLE_COLOUR ( '', #9153 ) ;
#94 = ADVANCED_FACE ( 'NONE', ( #1226 ), #3432, .F. ) ;
#95 =( LENGTH_UNIT ( ) NAMED_UNIT ( * ) SI_UNIT ( .MILLI., .METRE. ) );
#96 = DIRECTION ( 'NONE',  ( -0.0000000000000000000, 1.000000000000000000, -0.0000000000000000000 ) ) ;
#97 = EDGE_LOOP ( 'NONE', ( #1227, #7248, #9185, #4215, #755, #3209 ) ) ;
#98 = PLANE ( 'NONE',  #4446 ) ;
#99 = COLOUR_RGB ( '',1.000000000000000000, 1.000000000000000000, 1.000000000000000000 ) ;
#100 = FACE_OUTER_BOUND ( 'NONE', #3792, .T. ) ;
#101 = DIRECTION ( 'NONE',  ( 0.0000000000000000000, 0.0000000000000000000, -1.000000000000000000 ) ) ;
#102 = ORIENTED_EDGE ( 'NONE', *, *, #551, .T. ) ;
#103 = SURFACE_SIDE_STYLE ('',( #6477 ) ) ;
#104 = MECHANICAL_DESIGN_GEOMETRIC_PRESENTATION_REPRESENTATION (  '', ( #4246 ), #4851 ) ;
#105 = ORIENTED_EDGE ( 'NONE', *, *, #6747, .T. ) ;
#106 = DIRECTION ( 'NONE',  ( -0.0000000000000000000, -0.0000000000000000000, 1.000000000000000000 ) ) ;
#107 = MECHANICAL_DESIGN_GEOMETRIC_PRESENTATION_REPRESENTATION (  '', ( #5304 ), #4423 ) ;
#108 = FILL_AREA_STYLE ('',( #5870 ) ) ;
#109 = FILL_AREA_STYLE ('',( #7956 ) ) ;
#110 = STYLED_ITEM ( 'NONE', ( #3117 ), #4695 ) ;
#111 = DIRECTION ( 'NONE',  ( 0.0000000000000000000, -1.000000000000000000, 0.0000000000000000000 ) ) ;
#112 = APPLICATION_CONTEXT ( 'automotive_design' ) ;
#113 = CARTESIAN_POINT ( 'NONE',  ( 2.000000000000000000, 0.0000000000000000000, -1.135000000000000009 ) ) ;
#114 = AXIS2_PLACEMENT_3D ( 'NONE', #6937, #5495, #7617 ) ;
#115 = FILL_AREA_STYLE ('',( #259 ) ) ;
#116 = ORIENTED_EDGE ( 'NONE', *, *, #2677, .F. ) ;
#117 = CARTESIAN_POINT ( 'NONE',  ( 2.001999999999999780, 0.002500000000000000052, -0.1350000000000001477 ) ) ;
#118 = DIRECTION ( 'NONE',  ( -0.0000000000000000000, -0.0000000000000000000, 1.000000000000000000 ) ) ;
#119 = AXIS2_PLACEMENT_3D ( 'NONE', #330, #6045, #2534 ) ;
#120 = VERTEX_POINT ( 'NONE', #6838 ) ;
#121 = MECHANICAL_DESIGN_GEOMETRIC_PRESENTATION_REPRESENTATION (  '', ( #6362 ), #2379 ) ;
#122 = CARTESIAN_POINT ( 'NONE',  ( -2.001999999999999780, 0.2025000000000000133, -0.8650000000000001021 ) ) ;
#123 = ORIENTED_EDGE ( 'NONE', *, *, #4218, .F. ) ;
#124 = PRESENTATION_LAYER_ASSIGNMENT (  '', '', ( #2962 ) ) ;
#125 = CARTESIAN_POINT ( 'NONE',  ( 2.000000000000000000, 0.002500000000000000052, -0.1350000000000000089 ) ) ;
#126 = UNCERTAINTY_MEASURE_WITH_UNIT (LENGTH_MEASURE( 1.000000000000000082E-05 ), #7506, 'distance_accuracy_value', 'NONE');
#127 =( NAMED_UNIT ( * ) PLANE_ANGLE_UNIT ( ) SI_UNIT ( $, .RADIAN. ) );
#128 = ORIENTED_EDGE ( 'NONE', *, *, #6903, .F. ) ;
#129 = CARTESIAN_POINT ( 'NONE',  ( 2.000000000000000000, 0.2025000000000000133, -0.3650000000000001577 ) ) ;
#130 = LINE ( 'NONE', #2979, #4389 ) ;
#131 = ORIENTED_EDGE ( 'NONE', *, *, #653, .F. ) ;
#132 =( GEOMETRIC_REPRESENTATION_CONTEXT ( 3 ) GLOBAL_UNCERTAINTY_ASSIGNED_CONTEXT ( ( #2470 ) ) GLOBAL_UNIT_ASSIGNED_CONTEXT ( ( #8520, #3531, #749 ) ) REPRESENTATION_CONTEXT ( 'NONE', 'WORKASPACE' ) );
#133 = PLANE ( 'NONE',  #4759 ) ;
#134 = UNCERTAINTY_MEASURE_WITH_UNIT (LENGTH_MEASURE( 1.000000000000000082E-05 ), #5325, 'distance_accuracy_value', 'NONE');
#135 = PRESENTATION_LAYER_ASSIGNMENT (  '', '', ( #4002 ) ) ;
#136 = STYLED_ITEM ( 'NONE', ( #3353 ), #734 ) ;
#137 = PRESENTATION_STYLE_ASSIGNMENT (( #6699 ) ) ;
#138 = VERTEX_POINT ( 'NONE', #6135 ) ;
#139 = EDGE_CURVE ( 'NONE', #6329, #191, #7660, .T. ) ;
#140 =( NAMED_UNIT ( * ) SI_UNIT ( $, .STERADIAN. ) SOLID_ANGLE_UNIT ( ) );
#141 = DIRECTION ( 'NONE',  ( 0.0000000000000000000, 1.000000000000000000, 0.0000000000000000000 ) ) ;
#142 = CARTESIAN_POINT ( 'NONE',  ( 2.000000000000000000, 0.002500000000000000052, -2.000000000000000000 ) ) ;
#143 = ORIENTED_EDGE ( 'NONE', *, *, #9096, .T. ) ;
#144 = EDGE_LOOP ( 'NONE', ( #3769, #4509, #6132, #3536 ) ) ;
#145 = CARTESIAN_POINT ( 'NONE',  ( 0.6350000000000004530, 1.490150555354787828E-17, 1.600000000000000089 ) ) ;
#146 = ADVANCED_FACE ( 'NONE', ( #461 ), #1959, .F. ) ;
#147 = CARTESIAN_POINT ( 'NONE',  ( -2.000000000000000000, 0.0000000000000000000, 0.8649999999999999911 ) ) ;
#148 = EDGE_CURVE ( 'NONE', #8657, #3458, #5534, .T. ) ;
#149 = ADVANCED_FACE ( 'NONE', ( #2248 ), #1397, .T. ) ;
#150 = SURFACE_STYLE_USAGE ( .BOTH. , #2491 ) ;
#151 = PLANE ( 'NONE',  #674 ) ;
#152 = VERTEX_POINT ( 'NONE', #3585 ) ;
#153 = PRESENTATION_LAYER_ASSIGNMENT (  '', '', ( #8736 ) ) ;
#154 = EDGE_CURVE ( 'NONE', #944, #6329, #6367, .T. ) ;
#155 = SURFACE_STYLE_FILL_AREA ( #4237 ) ;
#156 = DIRECTION ( 'NONE',  ( 0.0000000000000000000, 0.0000000000000000000, 1.000000000000000000 ) ) ;
#157 = ORIENTED_EDGE ( 'NONE', *, *, #2102, .F. ) ;
#158 = LINE ( 'NONE', #4345, #5737 ) ;
#159 = CARTESIAN_POINT ( 'NONE',  ( -2.000000000000000000, 0.0000000000000000000, 0.8649999999999999911 ) ) ;
#160 = SURFACE_SIDE_STYLE ('',( #3707 ) ) ;
#161 = DIRECTION ( 'NONE',  ( 1.000000000000000000, 0.0000000000000000000, 4.065758146820642614E-16 ) ) ;
#162 = VECTOR ( 'NONE', #8146, 1000.000000000000000 ) ;
#163 = SURFACE_SIDE_STYLE ('',( #7957 ) ) ;
#164 = FACE_OUTER_BOUND ( 'NONE', #5851, .T. ) ;
#165 = PRODUCT ( '39310DBB-49C3-4975-AD98-5C3475C12C43', '39310DBB-49C3-4975-AD98-5C3475C12C43', '', ( #3161 ) ) ;
#166 = ORIENTED_EDGE ( 'NONE', *, *, #1581, .T. ) ;
#167 = PRESENTATION_STYLE_ASSIGNMENT (( #1478 ) ) ;
#168 = PRESENTATION_LAYER_ASSIGNMENT (  '', '', ( #2118 ) ) ;
#169 = ORIENTED_EDGE ( 'NONE', *, *, #5116, .F. ) ;
#170 = SURFACE_STYLE_FILL_AREA ( #7430 ) ;
#171 = ORIENTED_EDGE ( 'NONE', *, *, #8713, .F. ) ;
#172 = AXIS2_PLACEMENT_3D ( 'NONE', #7379, #6861, #7551 ) ;
#173 =( NAMED_UNIT ( * ) PLANE_ANGLE_UNIT ( ) SI_UNIT ( $, .RADIAN. ) );
#174 = FACE_OUTER_BOUND ( 'NONE', #6809, .T. ) ;
#175 = SURFACE_STYLE_USAGE ( .BOTH. , #3624 ) ;
#176 = FILL_AREA_STYLE_COLOUR ( '', #6840 ) ;
#177 = ORIENTED_EDGE ( 'NONE', *, *, #1029, .F. ) ;
#178 = LINE ( 'NONE', #3119, #8974 ) ;
#179 = CARTESIAN_POINT ( 'NONE',  ( 0.0000000000000000000, 0.0000000000000000000, 0.0000000000000000000 ) ) ;
#180 = PLANE ( 'NONE',  #4972 ) ;
#181 = CARTESIAN_POINT ( 'NONE',  ( -1.134999999999999787, 0.1999999999999999556, -2.001999999999999780 ) ) ;
#182 = MECHANICAL_DESIGN_GEOMETRIC_PRESENTATION_REPRESENTATION (  '', ( #4038 ), #1381 ) ;
#183 = AXIS2_PLACEMENT_3D ( 'NONE', #2875, #5661, #829 ) ;
#184 = ORIENTED_EDGE ( 'NONE', *, *, #1909, .T. ) ;
#185 = CARTESIAN_POINT ( 'NONE',  ( -0.3649999999999995470, 0.002499999999999985307, 1.600000000000000089 ) ) ;
#186 = LINE ( 'NONE', #1826, #1827 ) ;
#187 = FILL_AREA_STYLE_COLOUR ( '', #6267 ) ;
#188 = ORIENTED_EDGE ( 'NONE', *, *, #1581, .F. ) ;
#189 = FILL_AREA_STYLE_COLOUR ( '', #1874 ) ;
#190 = ORIENTED_EDGE ( 'NONE', *, *, #6276, .T. ) ;
#191 = VERTEX_POINT ( 'NONE', #1443 ) ;
#192 = DIRECTION ( 'NONE',  ( -0.0000000000000000000, -0.0000000000000000000, -1.000000000000000000 ) ) ;
#193 = LINE ( 'NONE', #962, #1340 ) ;
#194 = LINE ( 'NONE', #3140, #4256 ) ;
#195 = ORIENTED_EDGE ( 'NONE', *, *, #7279, .T. ) ;
#196 = DIRECTION ( 'NONE',  ( 1.000000000000000000, 0.0000000000000000000, -0.0000000000000000000 ) ) ;
#197 = LINE ( 'NONE', #2314, #4376 ) ;
#198 = ORIENTED_EDGE ( 'NONE', *, *, #2664, .F. ) ;
#199 = SURFACE_STYLE_FILL_AREA ( #3751 ) ;
#200 = PRESENTATION_STYLE_ASSIGNMENT (( #3047 ) ) ;
#201 = CARTESIAN_POINT ( 'NONE',  ( 2.000000000000000000, 0.9000000000000000222, 2.000000000000000000 ) ) ;
#202 = EDGE_CURVE ( 'NONE', #4901, #6899, #2843, .T. ) ;
#203 = ADVANCED_FACE ( 'NONE', ( #3629 ), #5709, .F. ) ;
#204 = CARTESIAN_POINT ( 'NONE',  ( 2.001999999999999780, 0.2025000000000000133, 0.8649999999999998801 ) ) ;
#205 = CARTESIAN_POINT ( 'NONE',  ( 2.000000000000000000, 0.2025000000000000133, 0.1349999999999998701 ) ) ;
#206 = SURFACE_SIDE_STYLE ('',( #5975 ) ) ;
#207 = ORIENTED_EDGE ( 'NONE', *, *, #1994, .T. ) ;
#208 = DIRECTION ( 'NONE',  ( -1.000000000000000000, 0.0000000000000000000, 0.0000000000000000000 ) ) ;
#209 = CARTESIAN_POINT ( 'NONE',  ( 1.250000000000000000, 0.002500000000000000052, 1.000000000000000000 ) ) ;
#210 = CARTESIAN_POINT ( 'NONE',  ( 2.000000000000000000, 0.2025000000000000133, -0.1350000000000001477 ) ) ;
#211 = ORIENTED_EDGE ( 'NONE', *, *, #2599, .F. ) ;
#212 = EDGE_CURVE ( 'NONE', #2457, #8175, #2800, .T. ) ;
#213 = COLOUR_RGB ( '',1.000000000000000000, 1.000000000000000000, 1.000000000000000000 ) ;
#214 = VECTOR ( 'NONE', #5282, 1000.000000000000000 ) ;
#215 = ORIENTED_EDGE ( 'NONE', *, *, #2168, .T. ) ;
#216 = EDGE_CURVE ( 'NONE', #6846, #3166, #8517, .T. ) ;
#217 = LINE ( 'NONE', #2381, #7981 ) ;
#218 = UNCERTAINTY_MEASURE_WITH_UNIT (LENGTH_MEASURE( 1.000000000000000082E-05 ), #1678, 'distance_accuracy_value', 'NONE');
#219 =( LENGTH_UNIT ( ) NAMED_UNIT ( * ) SI_UNIT ( .MILLI., .METRE. ) );
#220 = DIRECTION ( 'NONE',  ( 0.0000000000000000000, -0.0000000000000000000, 1.000000000000000000 ) ) ;
#221 = FILL_AREA_STYLE_COLOUR ( '', #7088 ) ;
#222 = MECHANICAL_DESIGN_GEOMETRIC_PRESENTATION_REPRESENTATION (  '', ( #6755 ), #7498 ) ;
#223 = COLOUR_RGB ( '',1.000000000000000000, 1.000000000000000000, 1.000000000000000000 ) ;
#224 = CARTESIAN_POINT ( 'NONE',  ( 2.000000000000000000, 0.002500000000000000052, 0.3649999999999999911 ) ) ;
#225 = CARTESIAN_POINT ( 'NONE',  ( -0.6349999999999995648, 0.002499999999999997450, -2.000000000000000000 ) ) ;
#226 = SURFACE_STYLE_FILL_AREA ( #5937 ) ;
#227 =( GEOMETRIC_REPRESENTATION_CONTEXT ( 3 ) GLOBAL_UNCERTAINTY_ASSIGNED_CONTEXT ( ( #5254 ) ) GLOBAL_UNIT_ASSIGNED_CONTEXT ( ( #775, #7289, #3106 ) ) REPRESENTATION_CONTEXT ( 'NONE', 'WORKASPACE' ) );
#228 = FACE_OUTER_BOUND ( 'NONE', #346, .T. ) ;
#229 = ORIENTED_EDGE ( 'NONE', *, *, #8523, .T. ) ;
#230 = LINE ( 'NONE', #8177, #8881 ) ;
#231 = LINE ( 'NONE', #5944, #8034 ) ;
#232 = VECTOR ( 'NONE', #6423, 1000.000000000000000 ) ;
#233 = VECTOR ( 'NONE', #379, 1000.000000000000000 ) ;
#234 = UNCERTAINTY_MEASURE_WITH_UNIT (LENGTH_MEASURE( 1.000000000000000082E-05 ), #1629, 'distance_accuracy_value', 'NONE');
#235 = PRESENTATION_LAYER_ASSIGNMENT (  '', '', ( #3200 ) ) ;
#236 = CARTESIAN_POINT ( 'NONE',  ( -2.001999999999999780, 0.2025000000000000133, -0.3650000000000001577 ) ) ;
#237 = FILL_AREA_STYLE_COLOUR ( '', #4651 ) ;
#238 = VERTEX_POINT ( 'NONE', #2930 ) ;
#239 = SURFACE_STYLE_FILL_AREA ( #1548 ) ;
#240 =( NAMED_UNIT ( * ) PLANE_ANGLE_UNIT ( ) SI_UNIT ( $, .RADIAN. ) );
#241 = PRESENTATION_LAYER_ASSIGNMENT (  '', '', ( #8225 ) ) ;
#242 = DIRECTION ( 'NONE',  ( 0.0000000000000000000, -0.0000000000000000000, -1.000000000000000000 ) ) ;
#243 = VERTEX_POINT ( 'NONE', #8564 ) ;
#244 = LINE ( 'NONE', #3788, #5910 ) ;
#245 = SURFACE_SIDE_STYLE ('',( #6658 ) ) ;
#246 = DIRECTION ( 'NONE',  ( -0.0000000000000000000, -1.000000000000000000, -0.0000000000000000000 ) ) ;
#247 = SURFACE_STYLE_FILL_AREA ( #3885 ) ;
#248 = ORIENTED_EDGE ( 'NONE', *, *, #3692, .T. ) ;
#249 = CARTESIAN_POINT ( 'NONE',  ( -2.001999999999999780, 0.2025000000000000133, 0.6349999999999998979 ) ) ;
#250 = LINE ( 'NONE', #7237, #7048 ) ;
#251 = ORIENTED_EDGE ( 'NONE', *, *, #6927, .F. ) ;
#252 = CARTESIAN_POINT ( 'NONE',  ( 2.000000000000000000, 0.2025000000000000133, 1.135000000000000009 ) ) ;
#253 = LINE ( 'NONE', #7463, #1747 ) ;
#254 = CARTESIAN_POINT ( 'NONE',  ( -2.000000000000000000, 0.002500000000000000052, 2.000000000000000000 ) ) ;
#255 = DIRECTION ( 'NONE',  ( 0.0000000000000000000, 1.000000000000000000, 0.0000000000000000000 ) ) ;
#256 = MECHANICAL_DESIGN_GEOMETRIC_PRESENTATION_REPRESENTATION (  '', ( #6930 ), #4249 ) ;
#257 = SURFACE_STYLE_USAGE ( .BOTH. , #163 ) ;
#258 = CARTESIAN_POINT ( 'NONE',  ( -2.000000000000000000, 0.002500000000000000052, -0.6350000000000000089 ) ) ;
#259 = FILL_AREA_STYLE_COLOUR ( '', #821 ) ;
#260 = ORIENTED_EDGE ( 'NONE', *, *, #8932, .T. ) ;
#261 = EDGE_CURVE ( 'NONE', #5823, #5649, #3906, .T. ) ;
#262 = ORIENTED_EDGE ( 'NONE', *, *, #1152, .F. ) ;
#263 = LINE ( 'NONE', #8015, #776 ) ;
#264 = CARTESIAN_POINT ( 'NONE',  ( 1.600000000000000089, 0.002500000000000000052, 1.135000000000000009 ) ) ;
#265 = ADVANCED_FACE ( 'NONE', ( #1635 ), #5250, .T. ) ;
#266 =( NAMED_UNIT ( * ) PLANE_ANGLE_UNIT ( ) SI_UNIT ( $, .RADIAN. ) );
#267 = VECTOR ( 'NONE', #5996, 1000.000000000000000 ) ;
#268 =( NAMED_UNIT ( * ) SI_UNIT ( $, .STERADIAN. ) SOLID_ANGLE_UNIT ( ) );
#269 = EDGE_CURVE ( 'NONE', #1200, #5717, #8707, .T. ) ;
#270 = VECTOR ( 'NONE', #2417, 1000.000000000000000 ) ;
#271 = CARTESIAN_POINT ( 'NONE',  ( -2.000000000000000000, 0.2025000000000000133, -0.3650000000000001577 ) ) ;
#272 = FILL_AREA_STYLE_COLOUR ( '', #6065 ) ;
#273 = VERTEX_POINT ( 'NONE', #2390 ) ;
#274 = CARTESIAN_POINT ( 'NONE',  ( -0.1349999999999995925, 0.1999999999999999833, 2.000000000000000000 ) ) ;
#275 = AXIS2_PLACEMENT_3D ( 'NONE', #892, #1586, #7161 ) ;
#276 = COLOUR_RGB ( '',1.000000000000000000, 1.000000000000000000, 1.000000000000000000 ) ;
#277 = ADVANCED_FACE ( 'NONE', ( #228 ), #6553, .F. ) ;
#278 = PLANE ( 'NONE',  #751 ) ;
#279 = VERTEX_POINT ( 'NONE', #318 ) ;
#280 =( GEOMETRIC_REPRESENTATION_CONTEXT ( 3 ) GLOBAL_UNCERTAINTY_ASSIGNED_CONTEXT ( ( #601 ) ) GLOBAL_UNIT_ASSIGNED_CONTEXT ( ( #9126, #4961, #8509 ) ) REPRESENTATION_CONTEXT ( 'NONE', 'WORKASPACE' ) );
#281 = PRESENTATION_LAYER_ASSIGNMENT (  '', '', ( #1051 ) ) ;
#282 = DIRECTION ( 'NONE',  ( 0.0000000000000000000, 0.0000000000000000000, 1.000000000000000000 ) ) ;
#283 = CARTESIAN_POINT ( 'NONE',  ( 1.365000000000000435, 0.2000000000000000389, -2.001999999999999780 ) ) ;
#284 = PRESENTATION_LAYER_ASSIGNMENT (  '', '', ( #8123 ) ) ;
#285 = ORIENTED_EDGE ( 'NONE', *, *, #1980, .T. ) ;
#286 = DIRECTION ( 'NONE',  ( 0.0000000000000000000, 1.000000000000000000, 0.0000000000000000000 ) ) ;
#287 = VERTEX_POINT ( 'NONE', #8100 ) ;
#288 = PRESENTATION_LAYER_ASSIGNMENT (  '', '', ( #893 ) ) ;
#289 = COLOUR_RGB ( '',1.000000000000000000, 1.000000000000000000, 1.000000000000000000 ) ;
#290 = STYLED_ITEM ( 'NONE', ( #7708 ), #7866 ) ;
#291 = UNCERTAINTY_MEASURE_WITH_UNIT (LENGTH_MEASURE( 1.000000000000000082E-05 ), #4067, 'distance_accuracy_value', 'NONE');
#292 = FILL_AREA_STYLE ('',( #7457 ) ) ;
#293 = ORIENTED_EDGE ( 'NONE', *, *, #1866, .F. ) ;
#294 = LINE ( 'NONE', #6713, #1467 ) ;
#295 = ORIENTED_EDGE ( 'NONE', *, *, #1460, .F. ) ;
#296 = DIRECTION ( 'NONE',  ( 1.000000000000000000, 0.0000000000000000000, 0.0000000000000000000 ) ) ;
#297 = DIRECTION ( 'NONE',  ( -0.0000000000000000000, 0.0000000000000000000, 1.000000000000000000 ) ) ;
#298 = FACE_OUTER_BOUND ( 'NONE', #5260, .T. ) ;
#299 = VECTOR ( 'NONE', #6238, 1000.000000000000000 ) ;
#300 = VECTOR ( 'NONE', #2368, 1000.000000000000000 ) ;
#301 = PRESENTATION_STYLE_ASSIGNMENT (( #257 ) ) ;
#302 = FILL_AREA_STYLE ('',( #3234 ) ) ;
#303 =( LENGTH_UNIT ( ) NAMED_UNIT ( * ) SI_UNIT ( .MILLI., .METRE. ) );
#304 = VERTEX_POINT ( 'NONE', #181 ) ;
#305 = SURFACE_SIDE_STYLE ('',( #3809 ) ) ;
#306 =( GEOMETRIC_REPRESENTATION_CONTEXT ( 3 ) GLOBAL_UNCERTAINTY_ASSIGNED_CONTEXT ( ( #8361 ) ) GLOBAL_UNIT_ASSIGNED_CONTEXT ( ( #7937, #847, #954 ) ) REPRESENTATION_CONTEXT ( 'NONE', 'WORKASPACE' ) );
#307 = DIRECTION ( 'NONE',  ( -0.0000000000000000000, -1.000000000000000000, -0.0000000000000000000 ) ) ;
#308 = ORIENTED_EDGE ( 'NONE', *, *, #6923, .F. ) ;
#309 =( GEOMETRIC_REPRESENTATION_CONTEXT ( 3 ) GLOBAL_UNCERTAINTY_ASSIGNED_CONTEXT ( ( #4680 ) ) GLOBAL_UNIT_ASSIGNED_CONTEXT ( ( #836, #127, #268 ) ) REPRESENTATION_CONTEXT ( 'NONE', 'WORKASPACE' ) );
#310 = DIRECTION ( 'NONE',  ( 0.0000000000000000000, -1.000000000000000000, 0.0000000000000000000 ) ) ;
#311 = EDGE_CURVE ( 'NONE', #8590, #138, #7481, .T. ) ;
#312 = UNCERTAINTY_MEASURE_WITH_UNIT (LENGTH_MEASURE( 1.000000000000000082E-05 ), #6900, 'distance_accuracy_value', 'NONE');
#313 = CARTESIAN_POINT ( 'NONE',  ( -1.364999999999999547, 0.002499999999999955383, 1.600000000000000089 ) ) ;
#314 = PRESENTATION_LAYER_ASSIGNMENT (  '', '', ( #5082 ) ) ;
#315 = SURFACE_STYLE_FILL_AREA ( #6826 ) ;
#316 = DIRECTION ( 'NONE',  ( -0.0000000000000000000, -0.0000000000000000000, -1.000000000000000000 ) ) ;
#317 = SURFACE_SIDE_STYLE ('',( #8057 ) ) ;
#318 = CARTESIAN_POINT ( 'NONE',  ( 2.001999999999999780, 0.002500000000000000052, -0.3650000000000001577 ) ) ;
#319 = ORIENTED_EDGE ( 'NONE', *, *, #9184, .T. ) ;
#320 = EDGE_CURVE ( 'NONE', #2124, #304, #5845, .T. ) ;
#321 = EDGE_CURVE ( 'NONE', #1204, #1264, #7974, .T. ) ;
#322 =( GEOMETRIC_REPRESENTATION_CONTEXT ( 3 ) GLOBAL_UNCERTAINTY_ASSIGNED_CONTEXT ( ( #3943 ) ) GLOBAL_UNIT_ASSIGNED_CONTEXT ( ( #933, #6814, #4584 ) ) REPRESENTATION_CONTEXT ( 'NONE', 'WORKASPACE' ) );
#323 = EDGE_CURVE ( 'NONE', #2614, #9104, #7603, .T. ) ;
#324 = DIRECTION ( 'NONE',  ( 4.065758146820642614E-16, -0.0000000000000000000, 1.000000000000000000 ) ) ;
#325 = EDGE_CURVE ( 'NONE', #7964, #1624, #6827, .T. ) ;
#326 =( NAMED_UNIT ( * ) SI_UNIT ( $, .STERADIAN. ) SOLID_ANGLE_UNIT ( ) );
#327 = ORIENTED_EDGE ( 'NONE', *, *, #3164, .T. ) ;
#328 = LINE ( 'NONE', #8806, #1046 ) ;
#329 = LINE ( 'NONE', #5902, #3794 ) ;
#330 = CARTESIAN_POINT ( 'NONE',  ( 1.600000000000000089, 0.002500000000000000052, -0.8650000000000001021 ) ) ;
#331 = ORIENTED_EDGE ( 'NONE', *, *, #5666, .T. ) ;
#332 = ADVANCED_FACE ( 'NONE', ( #8278 ), #8939, .T. ) ;
#333 = ORIENTED_EDGE ( 'NONE', *, *, #5276, .T. ) ;
#334 = AXIS2_PLACEMENT_3D ( 'NONE', #7148, #5834, #2284 ) ;
#335 = MECHANICAL_DESIGN_GEOMETRIC_PRESENTATION_REPRESENTATION (  '', ( #1102 ), #2582 ) ;
#336 = PLANE ( 'NONE',  #8886 ) ;
#337 =( NAMED_UNIT ( * ) PLANE_ANGLE_UNIT ( ) SI_UNIT ( $, .RADIAN. ) );
#338 =( LENGTH_UNIT ( ) NAMED_UNIT ( * ) SI_UNIT ( .MILLI., .METRE. ) );
#339 = ORIENTED_EDGE ( 'NONE', *, *, #2335, .T. ) ;
#340 = CARTESIAN_POINT ( 'NONE',  ( 1.600000000000000089, 0.002500000000000000052, -0.3650000000000001577 ) ) ;
#341 = ORIENTED_EDGE ( 'NONE', *, *, #5614, .F. ) ;
#342 = DIRECTION ( 'NONE',  ( 0.0000000000000000000, 1.000000000000000000, 0.0000000000000000000 ) ) ;
#343 =( LENGTH_UNIT ( ) NAMED_UNIT ( * ) SI_UNIT ( .MILLI., .METRE. ) );
#344 = LINE ( 'NONE', #1616, #3279 ) ;
#345 = FILL_AREA_STYLE ('',( #482 ) ) ;
#346 = EDGE_LOOP ( 'NONE', ( #4488, #188, #1927, #366, #5233, #2078 ) ) ;
#347 = PRESENTATION_STYLE_ASSIGNMENT (( #5980 ) ) ;
#348 = PLANE ( 'NONE',  #3650 ) ;
#349 = EDGE_LOOP ( 'NONE', ( #5680, #3202, #5915, #4601 ) ) ;
#350 = PRESENTATION_STYLE_ASSIGNMENT (( #6120 ) ) ;
#351 = ORIENTED_EDGE ( 'NONE', *, *, #6849, .T. ) ;
#352 = FACE_OUTER_BOUND ( 'NONE', #2116, .T. ) ;
#353 = CARTESIAN_POINT ( 'NONE',  ( -0.3649999999999996581, 0.1999999999999999833, 2.000000000000000000 ) ) ;
#354 = AXIS2_PLACEMENT_3D ( 'NONE', #2203, #5023, #5120 ) ;
#355 = SURFACE_STYLE_USAGE ( .BOTH. , #8798 ) ;
#356 = VECTOR ( 'NONE', #4817, 1000.000000000000000 ) ;
#357 = ORIENTED_EDGE ( 'NONE', *, *, #7745, .T. ) ;
#358 = CARTESIAN_POINT ( 'NONE',  ( 0.6350000000000003419, 0.2000000000000000389, 2.000000000000000000 ) ) ;
#359 =( GEOMETRIC_REPRESENTATION_CONTEXT ( 3 ) GLOBAL_UNCERTAINTY_ASSIGNED_CONTEXT ( ( #2093 ) ) GLOBAL_UNIT_ASSIGNED_CONTEXT ( ( #4547, #2475, #3075 ) ) REPRESENTATION_CONTEXT ( 'NONE', 'WORKASPACE' ) );
#360 = PLANE ( 'NONE',  #9197 ) ;
#361 = VERTEX_POINT ( 'NONE', #8892 ) ;
#362 = CARTESIAN_POINT ( 'NONE',  ( 0.1350000000000003419, 0.2000000000000000111, 2.001999999999999780 ) ) ;
#363 = PRESENTATION_STYLE_ASSIGNMENT (( #6743 ) ) ;
#364 = SURFACE_STYLE_USAGE ( .BOTH. , #8036 ) ;
#365 = EDGE_CURVE ( 'NONE', #8058, #4960, #6128, .T. ) ;
#366 = ORIENTED_EDGE ( 'NONE', *, *, #8072, .F. ) ;
#367 = PRESENTATION_LAYER_ASSIGNMENT (  '', '', ( #1734 ) ) ;
#368 = VECTOR ( 'NONE', #4524, 1000.000000000000114 ) ;
#369 = ORIENTED_EDGE ( 'NONE', *, *, #3742, .F. ) ;
#370 = MECHANICAL_DESIGN_GEOMETRIC_PRESENTATION_REPRESENTATION (  '', ( #1278 ), #1142 ) ;
#371 = DIRECTION ( 'NONE',  ( 0.0000000000000000000, -1.000000000000000000, 0.0000000000000000000 ) ) ;
#372 = EDGE_CURVE ( 'NONE', #4181, #5283, #2003, .T. ) ;
#373 = EDGE_CURVE ( 'NONE', #5246, #918, #7650, .T. ) ;
#374 = AXIS2_PLACEMENT_3D ( 'NONE', #3085, #5952, #1096 ) ;
#375 = FILL_AREA_STYLE_COLOUR ( '', #2867 ) ;
#376 = ORIENTED_EDGE ( 'NONE', *, *, #3817, .F. ) ;
#377 = FILL_AREA_STYLE ('',( #8860 ) ) ;
#378 =( GEOMETRIC_REPRESENTATION_CONTEXT ( 3 ) GLOBAL_UNCERTAINTY_ASSIGNED_CONTEXT ( ( #4422 ) ) GLOBAL_UNIT_ASSIGNED_CONTEXT ( ( #219, #5887, #7520 ) ) REPRESENTATION_CONTEXT ( 'NONE', 'WORKASPACE' ) );
#379 = DIRECTION ( 'NONE',  ( 1.000000000000000000, 0.0000000000000000000, 0.0000000000000000000 ) ) ;
#380 = ORIENTED_EDGE ( 'NONE', *, *, #7684, .T. ) ;
#381 = PRESENTATION_STYLE_ASSIGNMENT (( #3798 ) ) ;
#382 = EDGE_CURVE ( 'NONE', #9125, #6417, #5567, .T. ) ;
#383 = STYLED_ITEM ( 'NONE', ( #4449 ), #6222 ) ;
#384 = FILL_AREA_STYLE_COLOUR ( '', #4293 ) ;
#385 =( GEOMETRIC_REPRESENTATION_CONTEXT ( 3 ) GLOBAL_UNCERTAINTY_ASSIGNED_CONTEXT ( ( #6739 ) ) GLOBAL_UNIT_ASSIGNED_CONTEXT ( ( #4292, #6391, #8452 ) ) REPRESENTATION_CONTEXT ( 'NONE', 'WORKASPACE' ) );
#386 = PLANE ( 'NONE',  #3737 ) ;
#387 = LINE ( 'NONE', #2463, #6034 ) ;
#388 = ADVANCED_FACE ( 'NONE', ( #4779 ), #2695, .F. ) ;
#389 = SURFACE_STYLE_FILL_AREA ( #345 ) ;
#390 = VERTEX_POINT ( 'NONE', #5469 ) ;
#391 = SURFACE_STYLE_USAGE ( .BOTH. , #7514 ) ;
#392 = ORIENTED_EDGE ( 'NONE', *, *, #6011, .F. ) ;
#393 = COLOUR_RGB ( '',1.000000000000000000, 1.000000000000000000, 1.000000000000000000 ) ;
#394 = MECHANICAL_DESIGN_GEOMETRIC_PRESENTATION_REPRESENTATION (  '', ( #5141 ), #2620 ) ;
#395 = ORIENTED_EDGE ( 'NONE', *, *, #8930, .F. ) ;
#396 = PRESENTATION_STYLE_ASSIGNMENT (( #7595 ) ) ;
#397 = CARTESIAN_POINT ( 'NONE',  ( -1.600000000000000089, 0.0000000000000000000, -0.8650000000000001021 ) ) ;
#398 = VECTOR ( 'NONE', #7325, 1000.000000000000000 ) ;
#399 = DIRECTION ( 'NONE',  ( -1.000000000000000000, 0.0000000000000000000, -2.710505431213761578E-16 ) ) ;
#400 = FACE_OUTER_BOUND ( 'NONE', #7219, .T. ) ;
#401 = UNCERTAINTY_MEASURE_WITH_UNIT (LENGTH_MEASURE( 1.000000000000000082E-05 ), #9026, 'distance_accuracy_value', 'NONE');
#402 =( GEOMETRIC_REPRESENTATION_CONTEXT ( 3 ) GLOBAL_UNCERTAINTY_ASSIGNED_CONTEXT ( ( #6091 ) ) GLOBAL_UNIT_ASSIGNED_CONTEXT ( ( #3819, #266, #3285 ) ) REPRESENTATION_CONTEXT ( 'NONE', 'WORKASPACE' ) );
#403 =( LENGTH_UNIT ( ) NAMED_UNIT ( * ) SI_UNIT ( .MILLI., .METRE. ) );
#404 = AXIS2_PLACEMENT_3D ( 'NONE', #2466, #8691, #2429 ) ;
#405 = PLANE ( 'NONE',  #8169 ) ;
#406 = DIRECTION ( 'NONE',  ( 2.710505431213761578E-16, 0.0000000000000000000, 1.000000000000000000 ) ) ;
#407 = CARTESIAN_POINT ( 'NONE',  ( -1.364999999999999547, -4.463288363752166281E-18, -1.600000000000000089 ) ) ;
#408 = ORIENTED_EDGE ( 'NONE', *, *, #8594, .T. ) ;
#409 = DIRECTION ( 'NONE',  ( 0.0000000000000000000, 0.0000000000000000000, 1.000000000000000000 ) ) ;
#410 =( NAMED_UNIT ( * ) PLANE_ANGLE_UNIT ( ) SI_UNIT ( $, .RADIAN. ) );
#411 = FACE_OUTER_BOUND ( 'NONE', #7988, .T. ) ;
#412 = ORIENTED_EDGE ( 'NONE', *, *, #486, .F. ) ;
#413 = MECHANICAL_DESIGN_GEOMETRIC_PRESENTATION_REPRESENTATION (  '', ( #6359 ), #6521 ) ;
#414 = CARTESIAN_POINT ( 'NONE',  ( -1.134999999999999787, -4.470451666064363791E-17, -2.001999999999999780 ) ) ;
#415 = STYLED_ITEM ( 'NONE', ( #4182 ), #7383 ) ;
#416 = EDGE_CURVE ( 'NONE', #484, #7290, #5418, .T. ) ;
#417 = SURFACE_STYLE_USAGE ( .BOTH. , #4660 ) ;
#418 = VECTOR ( 'NONE', #3772, 1000.000000000000000 ) ;
#419 = STYLED_ITEM ( 'NONE', ( #3558 ), #540 ) ;
#420 = CARTESIAN_POINT ( 'NONE',  ( 2.000000000000000000, 0.9000000000000000222, -2.000000000000000000 ) ) ;
#421 = PLANE ( 'NONE',  #5978 ) ;
#422 = ORIENTED_EDGE ( 'NONE', *, *, #6979, .T. ) ;
#423 = DIRECTION ( 'NONE',  ( -1.000000000000000000, 0.0000000000000000000, 0.0000000000000000000 ) ) ;
#424 = PRESENTATION_STYLE_ASSIGNMENT (( #4010 ) ) ;
#425 = ORIENTED_EDGE ( 'NONE', *, *, #6116, .F. ) ;
#426 = SURFACE_STYLE_FILL_AREA ( #1844 ) ;
#427 = MECHANICAL_DESIGN_GEOMETRIC_PRESENTATION_REPRESENTATION (  '', ( #6821 ), #5638 ) ;
#428 = PRESENTATION_LAYER_ASSIGNMENT (  '', '', ( #9021 ) ) ;
#429 = EDGE_CURVE ( 'NONE', #7150, #5524, #4108, .T. ) ;
#430 = EDGE_CURVE ( 'NONE', #71, #5744, #6162, .T. ) ;
#431 =( NAMED_UNIT ( * ) SI_UNIT ( $, .STERADIAN. ) SOLID_ANGLE_UNIT ( ) );
#432 = EDGE_CURVE ( 'NONE', #3983, #2034, #4066, .T. ) ;
#433 = VECTOR ( 'NONE', #6320, 1000.000000000000000 ) ;
#434 = CARTESIAN_POINT ( 'NONE',  ( -2.000000000000000000, 0.2025000000000000133, -0.3650000000000001577 ) ) ;
#435 = ADVANCED_FACE ( 'NONE', ( #7477 ), #7556, .F. ) ;
#436 = SURFACE_STYLE_USAGE ( .BOTH. , #4056 ) ;
#437 = SURFACE_SIDE_STYLE ('',( #4146 ) ) ;
#438 = ORIENTED_EDGE ( 'NONE', *, *, #325, .F. ) ;
#439 = AXIS2_PLACEMENT_3D ( 'NONE', #8894, #1220, #5432 ) ;
#440 = CARTESIAN_POINT ( 'NONE',  ( 0.6350000000000003419, 0.2000000000000000389, -2.000000000000000000 ) ) ;
#441 = VERTEX_POINT ( 'NONE', #4810 ) ;
#442 = VERTEX_POINT ( 'NONE', #2515 ) ;
#443 = FACE_OUTER_BOUND ( 'NONE', #669, .T. ) ;
#444 = EDGE_CURVE ( 'NONE', #2795, #7270, #6030, .T. ) ;
#445 = SURFACE_STYLE_FILL_AREA ( #6776 ) ;
#446 = CARTESIAN_POINT ( 'NONE',  ( -0.3649999999999995470, 0.002499999999999998317, -1.600000000000000089 ) ) ;
#447 = AXIS2_PLACEMENT_3D ( 'NONE', #236, #3032, #2444 ) ;
#448 = SURFACE_STYLE_USAGE ( .BOTH. , #6823 ) ;
#449 = DIRECTION ( 'NONE',  ( -1.000000000000000000, -0.0000000000000000000, -0.0000000000000000000 ) ) ;
#450 = LINE ( 'NONE', #7313, #8781 ) ;
#451 = SURFACE_SIDE_STYLE ('',( #315 ) ) ;
#452 = STYLED_ITEM ( 'NONE', ( #1309 ), #2103 ) ;
#453 =( GEOMETRIC_REPRESENTATION_CONTEXT ( 3 ) GLOBAL_UNCERTAINTY_ASSIGNED_CONTEXT ( ( #2737 ) ) GLOBAL_UNIT_ASSIGNED_CONTEXT ( ( #5528, #4211, #2199 ) ) REPRESENTATION_CONTEXT ( 'NONE', 'WORKASPACE' ) );
#454 = FILL_AREA_STYLE_COLOUR ( '', #3763 ) ;
#455 = CARTESIAN_POINT ( 'NONE',  ( -1.600000000000000089, 0.002500000000000000052, 0.1349999999999998701 ) ) ;
#456 = VECTOR ( 'NONE', #8583, 1000.000000000000000 ) ;
#457 = DIRECTION ( 'NONE',  ( 0.0000000000000000000, 0.0000000000000000000, -1.000000000000000000 ) ) ;
#458 = ORIENTED_EDGE ( 'NONE', *, *, #8945, .F. ) ;
#459 = SURFACE_SIDE_STYLE ('',( #6787 ) ) ;
#460 = FACE_OUTER_BOUND ( 'NONE', #491, .T. ) ;
#461 = FACE_OUTER_BOUND ( 'NONE', #4311, .T. ) ;
#462 = COLOUR_RGB ( '',1.000000000000000000, 1.000000000000000000, 1.000000000000000000 ) ;
#463 = PRESENTATION_LAYER_ASSIGNMENT (  '', '', ( #6407 ) ) ;
#464 = VERTEX_POINT ( 'NONE', #5336 ) ;
#465 = CARTESIAN_POINT ( 'NONE',  ( -1.600000000000000089, 0.0000000000000000000, -0.1350000000000000089 ) ) ;
#466 = PRESENTATION_LAYER_ASSIGNMENT (  '', '', ( #5523 ) ) ;
#467 = PRESENTATION_LAYER_ASSIGNMENT (  '', '', ( #4494 ) ) ;
#468 = DIRECTION ( 'NONE',  ( 1.000000000000000000, 0.0000000000000000000, 4.065758146820642614E-16 ) ) ;
#469 = CARTESIAN_POINT ( 'NONE',  ( -2.001999999999999780, 0.2025000000000000133, -0.6350000000000001199 ) ) ;
#470 = SURFACE_STYLE_FILL_AREA ( #6935 ) ;
#471 = EDGE_LOOP ( 'NONE', ( #5853, #1055, #3018, #6878 ) ) ;
#472 =( LENGTH_UNIT ( ) NAMED_UNIT ( * ) SI_UNIT ( .MILLI., .METRE. ) );
#473 = CARTESIAN_POINT ( 'NONE',  ( 0.3650000000000004352, 0.2000000000000000111, 2.001999999999999780 ) ) ;
#474 = ORIENTED_EDGE ( 'NONE', *, *, #3494, .F. ) ;
#475 =( NAMED_UNIT ( * ) PLANE_ANGLE_UNIT ( ) SI_UNIT ( $, .RADIAN. ) );
#476 = DIRECTION ( 'NONE',  ( 0.0000000000000000000, 1.000000000000000000, 0.0000000000000000000 ) ) ;
#477 = VECTOR ( 'NONE', #6003, 1000.000000000000000 ) ;
#478 = DIRECTION ( 'NONE',  ( -0.0000000000000000000, -1.000000000000000000, -0.0000000000000000000 ) ) ;
#479 = FILL_AREA_STYLE ('',( #524 ) ) ;
#480 = DIRECTION ( 'NONE',  ( 1.000000000000000000, 0.0000000000000000000, 0.0000000000000000000 ) ) ;
#481 = LINE ( 'NONE', #7511, #8526 ) ;
#482 = FILL_AREA_STYLE_COLOUR ( '', #8811 ) ;
#484 = VERTEX_POINT ( 'NONE', #1945 ) ;
#483 = MECHANICAL_DESIGN_GEOMETRIC_PRESENTATION_REPRESENTATION (  '', ( #1845 ), #1238 ) ;
#485 = PLANE ( 'NONE',  #8554 ) ;
#486 = EDGE_CURVE ( 'NONE', #8956, #4490, #6865, .T. ) ;
#487 = ADVANCED_FACE ( 'NONE', ( #3280 ), #4678, .F. ) ;
#488 = DIRECTION ( 'NONE',  ( 0.0000000000000000000, -1.000000000000000000, 0.0000000000000000000 ) ) ;
#489 = VERTEX_POINT ( 'NONE', #5004 ) ;
#490 = CARTESIAN_POINT ( 'NONE',  ( -1.600000000000000089, 0.002500000000000000052, -0.6350000000000000089 ) ) ;
#491 = EDGE_LOOP ( 'NONE', ( #683, #1968, #1435, #2038, #72, #5488, #2579, #2428, #2058, #1071, #3747, #3471, #4360, #1987, #8244, #1367, #5024, #8268, #8046, #5297, #1085, #782, #6387, #3098, #5045, #6748, #5966, #4555 ) ) ;
#492 = EDGE_CURVE ( 'NONE', #7843, #3442, #6250, .T. ) ;
#493 =( NAMED_UNIT ( * ) PLANE_ANGLE_UNIT ( ) SI_UNIT ( $, .RADIAN. ) );
#494 =( LENGTH_UNIT ( ) NAMED_UNIT ( * ) SI_UNIT ( .MILLI., .METRE. ) );
#495 = PLANE ( 'NONE',  #7990 ) ;
#496 = UNCERTAINTY_MEASURE_WITH_UNIT (LENGTH_MEASURE( 1.000000000000000082E-05 ), #8591, 'distance_accuracy_value', 'NONE');
#497 =( NAMED_UNIT ( * ) PLANE_ANGLE_UNIT ( ) SI_UNIT ( $, .RADIAN. ) );
#498 = UNCERTAINTY_MEASURE_WITH_UNIT (LENGTH_MEASURE( 1.000000000000000082E-05 ), #2715, 'distance_accuracy_value', 'NONE');
#499 = FACE_OUTER_BOUND ( 'NONE', #2617, .T. ) ;
#500 = EDGE_CURVE ( 'NONE', #7450, #2213, #8403, .T. ) ;
#501 = CARTESIAN_POINT ( 'NONE',  ( -1.364999999999999769, 0.002499999999999955383, 2.000000000000000000 ) ) ;
#502 = DIRECTION ( 'NONE',  ( 1.000000000000000000, -0.0000000000000000000, 0.0000000000000000000 ) ) ;
#503 = FILL_AREA_STYLE ('',( #8238 ) ) ;
#504 = ORIENTED_EDGE ( 'NONE', *, *, #7578, .T. ) ;
#505 = DIRECTION ( 'NONE',  ( -0.0000000000000000000, -1.000000000000000000, -0.0000000000000000000 ) ) ;
#506 = FILL_AREA_STYLE_COLOUR ( '', #3043 ) ;
#507 = SURFACE_STYLE_FILL_AREA ( #6224 ) ;
#508 = ORIENTED_EDGE ( 'NONE', *, *, #5280, .T. ) ;
#509 = SURFACE_STYLE_FILL_AREA ( #3387 ) ;
#510 = VECTOR ( 'NONE', #5618, 1000.000000000000000 ) ;
#511 = COLOUR_RGB ( '',1.000000000000000000, 1.000000000000000000, 1.000000000000000000 ) ;
#512 = CARTESIAN_POINT ( 'NONE',  ( -1.250000000000000000, 0.0005000000000000003357, 1.250000000000000000 ) ) ;
#513 =( NAMED_UNIT ( * ) PLANE_ANGLE_UNIT ( ) SI_UNIT ( $, .RADIAN. ) );
#514 = SURFACE_STYLE_USAGE ( .BOTH. , #1320 ) ;
#515 = ORIENTED_EDGE ( 'NONE', *, *, #977, .F. ) ;
#516 = LINE ( 'NONE', #3347, #7260 ) ;
#517 = PLANE ( 'NONE',  #3490 ) ;
#518 = ORIENTED_EDGE ( 'NONE', *, *, #3632, .F. ) ;
#519 = AXIS2_PLACEMENT_3D ( 'NONE', #8081, #1109, #1150 ) ;
#520 = FACE_OUTER_BOUND ( 'NONE', #6379, .T. ) ;
#521 = SURFACE_STYLE_FILL_AREA ( #2589 ) ;
#522 = AXIS2_PLACEMENT_3D ( 'NONE', #588, #6913, #7642 ) ;
#523 =( NAMED_UNIT ( * ) SI_UNIT ( $, .STERADIAN. ) SOLID_ANGLE_UNIT ( ) );
#524 = FILL_AREA_STYLE_COLOUR ( '', #3256 ) ;
#525 = AXIS2_PLACEMENT_3D ( 'NONE', #4014, #342, #6060 ) ;
#526 =( NAMED_UNIT ( * ) PLANE_ANGLE_UNIT ( ) SI_UNIT ( $, .RADIAN. ) );
#527 = VECTOR ( 'NONE', #6261, 1000.000000000000000 ) ;
#528 = VECTOR ( 'NONE', #8447, 1000.000000000000000 ) ;
#529 = SURFACE_SIDE_STYLE ('',( #8347 ) ) ;
#530 = ORIENTED_EDGE ( 'NONE', *, *, #6126, .F. ) ;
#531 = CARTESIAN_POINT ( 'NONE',  ( 1.135000000000000453, 2.980301110709575655E-17, -2.001999999999999780 ) ) ;
#532 = CARTESIAN_POINT ( 'NONE',  ( -1.600000000000000089, 0.002500000000000000052, -0.8650000000000001021 ) ) ;
#533 = EDGE_LOOP ( 'NONE', ( #4767, #5224, #8883, #2209 ) ) ;
#534 = VERTEX_POINT ( 'NONE', #6996 ) ;
#535 = FILL_AREA_STYLE_COLOUR ( '', #1487 ) ;
#536 = STYLED_ITEM ( 'NONE', ( #539 ), #5992 ) ;
#537 = FILL_AREA_STYLE_COLOUR ( '', #3993 ) ;
#538 = LINE ( 'NONE', #6201, #3251 ) ;
#539 = PRESENTATION_STYLE_ASSIGNMENT (( #8407 ) ) ;
#540 = ADVANCED_FACE ( 'NONE', ( #2781 ), #1338, .F. ) ;
#541 = VECTOR ( 'NONE', #4848, 1000.000000000000000 ) ;
#542 =( GEOMETRIC_REPRESENTATION_CONTEXT ( 3 ) GLOBAL_UNCERTAINTY_ASSIGNED_CONTEXT ( ( #1090 ) ) GLOBAL_UNIT_ASSIGNED_CONTEXT ( ( #5465, #9161, #7677 ) ) REPRESENTATION_CONTEXT ( 'NONE', 'WORKASPACE' ) );
#543 = DIRECTION ( 'NONE',  ( -0.0000000000000000000, -0.0000000000000000000, 1.000000000000000000 ) ) ;
#544 = PRESENTATION_STYLE_ASSIGNMENT (( #4036 ) ) ;
#545 = CARTESIAN_POINT ( 'NONE',  ( -1.600000000000000089, 0.0000000000000000000, -0.8650000000000001021 ) ) ;
#546 = SURFACE_STYLE_FILL_AREA ( #7605 ) ;
#547 = VERTEX_POINT ( 'NONE', #2137 ) ;
#548 = PRESENTATION_LAYER_ASSIGNMENT (  '', '', ( #3369 ) ) ;
#549 = EDGE_CURVE ( 'NONE', #1393, #3156, #9165, .T. ) ;
#550 =( NAMED_UNIT ( * ) SI_UNIT ( $, .STERADIAN. ) SOLID_ANGLE_UNIT ( ) );
#551 = EDGE_CURVE ( 'NONE', #2787, #9082, #7864, .T. ) ;
#552 = LINE ( 'NONE', #7007, #1663 ) ;
#553 = FILL_AREA_STYLE ('',( #8285 ) ) ;
#554 = EDGE_CURVE ( 'NONE', #3318, #7096, #9070, .T. ) ;
#555 = CARTESIAN_POINT ( 'NONE',  ( 2.000000000000000000, 0.002500000000000000052, -0.8650000000000001021 ) ) ;
#556 = VERTEX_POINT ( 'NONE', #2869 ) ;
#557 = CARTESIAN_POINT ( 'NONE',  ( 1.600000000000000089, 0.002500000000000000052, -0.6350000000000000089 ) ) ;
#558 = AXIS2_PLACEMENT_3D ( 'NONE', #7098, #7961, #21 ) ;
#559 = CARTESIAN_POINT ( 'NONE',  ( -2.000000000000000000, 0.9000000000000000222, 2.000000000000000000 ) ) ;
#560 = FILL_AREA_STYLE_COLOUR ( '', #722 ) ;
#561 = ORIENTED_EDGE ( 'NONE', *, *, #7193, .F. ) ;
#562 =( NAMED_UNIT ( * ) PLANE_ANGLE_UNIT ( ) SI_UNIT ( $, .RADIAN. ) );
#563 =( GEOMETRIC_REPRESENTATION_CONTEXT ( 3 ) GLOBAL_UNCERTAINTY_ASSIGNED_CONTEXT ( ( #234 ) ) GLOBAL_UNIT_ASSIGNED_CONTEXT ( ( #1629, #5208, #4409 ) ) REPRESENTATION_CONTEXT ( 'NONE', 'WORKASPACE' ) );
#564 =( GEOMETRIC_REPRESENTATION_CONTEXT ( 3 ) GLOBAL_UNCERTAINTY_ASSIGNED_CONTEXT ( ( #7105 ) ) GLOBAL_UNIT_ASSIGNED_CONTEXT ( ( #8643, #1620, #7820 ) ) REPRESENTATION_CONTEXT ( 'NONE', 'WORKASPACE' ) );
#565 = SURFACE_SIDE_STYLE ('',( #2673 ) ) ;
#566 = CARTESIAN_POINT ( 'NONE',  ( -1.600000000000000089, 0.0000000000000000000, -0.3650000000000001577 ) ) ;
#567 = ORIENTED_EDGE ( 'NONE', *, *, #8342, .F. ) ;
#568 = PRESENTATION_STYLE_ASSIGNMENT (( #1881 ) ) ;
#569 = PRESENTATION_STYLE_ASSIGNMENT (( #3538 ) ) ;
#570 = ORIENTED_EDGE ( 'NONE', *, *, #3388, .T. ) ;
#571 = CARTESIAN_POINT ( 'NONE',  ( 1.135000000000000453, 0.2000000000000000389, 2.000000000000000000 ) ) ;
#572 = VECTOR ( 'NONE', #8822, 1000.000000000000000 ) ;
#573 = CARTESIAN_POINT ( 'NONE',  ( 0.3650000000000004352, 0.002500000000000000052, 1.600000000000000089 ) ) ;
#574 = SURFACE_STYLE_FILL_AREA ( #6943 ) ;
#575 = PRESENTATION_LAYER_ASSIGNMENT (  '', '', ( #1644 ) ) ;
#576 = CARTESIAN_POINT ( 'NONE',  ( -1.600000000000000089, 0.002500000000000000052, 1.135000000000000009 ) ) ;
#577 = CARTESIAN_POINT ( 'NONE',  ( 0.3650000000000004352, 0.002500000000000000052, 2.000000000000000000 ) ) ;
#578 = CARTESIAN_POINT ( 'NONE',  ( -2.000000000000000000, 0.002500000000000000052, 2.000000000000000000 ) ) ;
#579 = ORIENTED_EDGE ( 'NONE', *, *, #5333, .F. ) ;
#580 =( NAMED_UNIT ( * ) SI_UNIT ( $, .STERADIAN. ) SOLID_ANGLE_UNIT ( ) );
#581 = ORIENTED_EDGE ( 'NONE', *, *, #3619, .F. ) ;
#582 = PRESENTATION_LAYER_ASSIGNMENT (  '', '', ( #3391 ) ) ;
#583 = ORIENTED_EDGE ( 'NONE', *, *, #3676, .T. ) ;
#584 = DIRECTION ( 'NONE',  ( 0.0000000000000000000, -1.000000000000000000, 0.0000000000000000000 ) ) ;
#585 = PRESENTATION_LAYER_ASSIGNMENT (  '', '', ( #7418 ) ) ;
#586 = AXIS2_PLACEMENT_3D ( 'NONE', #1194, #5455, #2632 ) ;
#587 = UNCERTAINTY_MEASURE_WITH_UNIT (LENGTH_MEASURE( 1.000000000000000082E-05 ), #3673, 'distance_accuracy_value', 'NONE');
#588 = CARTESIAN_POINT ( 'NONE',  ( -2.000000000000000000, 0.9000000000000000222, -2.000000000000000000 ) ) ;
#589 = CARTESIAN_POINT ( 'NONE',  ( 1.600000000000000089, 0.002500000000000000052, -0.3650000000000001577 ) ) ;
#590 = CARTESIAN_POINT ( 'NONE',  ( 2.000000000000000000, 0.9000000000000000222, -2.000000000000000000 ) ) ;
#591 =( LENGTH_UNIT ( ) NAMED_UNIT ( * ) SI_UNIT ( .MILLI., .METRE. ) );
#592 = FILL_AREA_STYLE ('',( #7004 ) ) ;
#593 = FILL_AREA_STYLE ('',( #9029 ) ) ;
#594 = AXIS2_PLACEMENT_3D ( 'NONE', #7467, #3308, #8393 ) ;
#595 = ORIENTED_EDGE ( 'NONE', *, *, #7862, .F. ) ;
#596 = MECHANICAL_DESIGN_GEOMETRIC_PRESENTATION_REPRESENTATION (  '', ( #6682 ), #3409 ) ;
#597 = LINE ( 'NONE', #2746, #6956 ) ;
#598 = CARTESIAN_POINT ( 'NONE',  ( 0.1350000000000003419, 0.2000000000000000111, -2.001999999999999780 ) ) ;
#599 = UNCERTAINTY_MEASURE_WITH_UNIT (LENGTH_MEASURE( 1.000000000000000082E-05 ), #5517, 'distance_accuracy_value', 'NONE');
#600 = VECTOR ( 'NONE', #8071, 1000.000000000000000 ) ;
#601 = UNCERTAINTY_MEASURE_WITH_UNIT (LENGTH_MEASURE( 1.000000000000000082E-05 ), #9126, 'distance_accuracy_value', 'NONE');
#602 = CARTESIAN_POINT ( 'NONE',  ( 1.365000000000000435, 0.002500000000000029976, 1.600000000000000089 ) ) ;
#603 = ORIENTED_EDGE ( 'NONE', *, *, #960, .T. ) ;
#604 = LINE ( 'NONE', #8561, #4093 ) ;
#605 = MECHANICAL_DESIGN_GEOMETRIC_PRESENTATION_REPRESENTATION (  '', ( #4015 ), #2832 ) ;
#606 = EDGE_CURVE ( 'NONE', #3254, #2813, #2231, .T. ) ;
#607 = EDGE_CURVE ( 'NONE', #888, #3877, #1473, .T. ) ;
#608 = ORIENTED_EDGE ( 'NONE', *, *, #7337, .F. ) ;
#609 = DIRECTION ( 'NONE',  ( 0.0000000000000000000, 0.0000000000000000000, 1.000000000000000000 ) ) ;
#610 = CARTESIAN_POINT ( 'NONE',  ( 0.9999999999999995559, 0.002500000000000000052, 1.250000000000000000 ) ) ;
#611 = FILL_AREA_STYLE_COLOUR ( '', #2139 ) ;
#612 = VERTEX_POINT ( 'NONE', #6434 ) ;
#613 =( GEOMETRIC_REPRESENTATION_CONTEXT ( 3 ) GLOBAL_UNCERTAINTY_ASSIGNED_CONTEXT ( ( #990 ) ) GLOBAL_UNIT_ASSIGNED_CONTEXT ( ( #3272, #526, #7623 ) ) REPRESENTATION_CONTEXT ( 'NONE', 'WORKASPACE' ) );
#614 = DIRECTION ( 'NONE',  ( 1.000000000000000000, 0.0000000000000000000, 0.0000000000000000000 ) ) ;
#615 = ORIENTED_EDGE ( 'NONE', *, *, #7427, .T. ) ;
#616 = EDGE_CURVE ( 'NONE', #5599, #5649, #2911, .T. ) ;
#617 =( LENGTH_UNIT ( ) NAMED_UNIT ( * ) SI_UNIT ( .MILLI., .METRE. ) );
#618 = LINE ( 'NONE', #1372, #4379 ) ;
#619 = PRESENTATION_LAYER_ASSIGNMENT (  '', '', ( #1679 ) ) ;
#620 =( NAMED_UNIT ( * ) PLANE_ANGLE_UNIT ( ) SI_UNIT ( $, .RADIAN. ) );
#621 =( GEOMETRIC_REPRESENTATION_CONTEXT ( 3 ) GLOBAL_UNCERTAINTY_ASSIGNED_CONTEXT ( ( #2471 ) ) GLOBAL_UNIT_ASSIGNED_CONTEXT ( ( #7533, #5214, #2348 ) ) REPRESENTATION_CONTEXT ( 'NONE', 'WORKASPACE' ) );
#622 = CARTESIAN_POINT ( 'NONE',  ( -0.1349999999999995925, -1.490150555354787828E-17, -2.001999999999999780 ) ) ;
#623 = LINE ( 'NONE', #3451, #8028 ) ;
#624 = SURFACE_STYLE_FILL_AREA ( #1378 ) ;
#625 = EDGE_LOOP ( 'NONE', ( #7238, #4539, #2362, #2531 ) ) ;
#626 = DIRECTION ( 'NONE',  ( 1.000000000000000000, 0.0000000000000000000, 4.065758146820642614E-16 ) ) ;
#627 = CARTESIAN_POINT ( 'NONE',  ( 2.001999999999999780, 0.002500000000000000052, -0.6350000000000001199 ) ) ;
#628 = ORIENTED_EDGE ( 'NONE', *, *, #9184, .F. ) ;
#629 = ORIENTED_EDGE ( 'NONE', *, *, #8582, .T. ) ;
#630 = CARTESIAN_POINT ( 'NONE',  ( -2.001999999999999780, 0.2025000000000000133, 1.135000000000000009 ) ) ;
#631 = SURFACE_STYLE_USAGE ( .BOTH. , #4298 ) ;
#632 =( LENGTH_UNIT ( ) NAMED_UNIT ( * ) SI_UNIT ( .MILLI., .METRE. ) );
#633 = AXIS2_PLACEMENT_3D ( 'NONE', #5639, #8297, #2123 ) ;
#634 = SURFACE_STYLE_USAGE ( .BOTH. , #9022 ) ;
#635 = SURFACE_SIDE_STYLE ('',( #4911 ) ) ;
#636 = CARTESIAN_POINT ( 'NONE',  ( 1.365000000000000435, 0.2000000000000000389, 2.001999999999999780 ) ) ;
#637 = DIRECTION ( 'NONE',  ( 1.000000000000000000, 0.0000000000000000000, -0.0000000000000000000 ) ) ;
#638 = ORIENTED_EDGE ( 'NONE', *, *, #1181, .F. ) ;
#639 = ORIENTED_EDGE ( 'NONE', *, *, #3555, .F. ) ;
#640 = FILL_AREA_STYLE_COLOUR ( '', #1216 ) ;
#641 = PLANE ( 'NONE',  #2626 ) ;
#642 = LINE ( 'NONE', #7156, #7636 ) ;
#643 = DIRECTION ( 'NONE',  ( 1.000000000000000000, -0.0000000000000000000, 0.0000000000000000000 ) ) ;
#644 = ORIENTED_EDGE ( 'NONE', *, *, #4417, .T. ) ;
#645 = CARTESIAN_POINT ( 'NONE',  ( -2.001999999999999780, 0.002500000000000000052, 1.135000000000000009 ) ) ;
#646 =( NAMED_UNIT ( * ) PLANE_ANGLE_UNIT ( ) SI_UNIT ( $, .RADIAN. ) );
#647 = VERTEX_POINT ( 'NONE', #4445 ) ;
#648 = PLANE ( 'NONE',  #4757 ) ;
#649 = EDGE_CURVE ( 'NONE', #4276, #2586, #8085, .T. ) ;
#650 = FILL_AREA_STYLE ('',( #7021 ) ) ;
#651 =( NAMED_UNIT ( * ) PLANE_ANGLE_UNIT ( ) SI_UNIT ( $, .RADIAN. ) );
#652 = ORIENTED_EDGE ( 'NONE', *, *, #7437, .F. ) ;
#653 = EDGE_CURVE ( 'NONE', #6368, #238, #4390, .T. ) ;
#654 = DIRECTION ( 'NONE',  ( -0.0000000000000000000, -0.0000000000000000000, -1.000000000000000000 ) ) ;
#655 = ORIENTED_EDGE ( 'NONE', *, *, #3114, .T. ) ;
#656 = LINE ( 'NONE', #704, #2022 ) ;
#657 =( GEOMETRIC_REPRESENTATION_CONTEXT ( 3 ) GLOBAL_UNCERTAINTY_ASSIGNED_CONTEXT ( ( #1344 ) ) GLOBAL_UNIT_ASSIGNED_CONTEXT ( ( #4045, #1360, #3338 ) ) REPRESENTATION_CONTEXT ( 'NONE', 'WORKASPACE' ) );
#658 = VECTOR ( 'NONE', #2048, 1000.000000000000000 ) ;
#659 = CARTESIAN_POINT ( 'NONE',  ( -0.6349999999999995648, -2.980301110709575655E-17, 1.600000000000000089 ) ) ;
#660 = ADVANCED_FACE ( 'NONE', ( #7285 ), #975, .T. ) ;
#661 = EDGE_CURVE ( 'NONE', #6420, #647, #8595, .T. ) ;
#662 = DIRECTION ( 'NONE',  ( 1.000000000000000000, 0.0000000000000000000, -4.065758146820642614E-16 ) ) ;
#663 = AXIS2_PLACEMENT_3D ( 'NONE', #3244, #3823, #8186 ) ;
#664 = PLANE ( 'NONE',  #4706 ) ;
#665 = VECTOR ( 'NONE', #3362, 1000.000000000000000 ) ;
#666 = VERTEX_POINT ( 'NONE', #1614 ) ;
#667 = VECTOR ( 'NONE', #2464, 1000.000000000000000 ) ;
#668 = SURFACE_SIDE_STYLE ('',( #7084 ) ) ;
#669 = EDGE_LOOP ( 'NONE', ( #1587, #3278, #7123, #6683 ) ) ;
#670 = SURFACE_STYLE_USAGE ( .BOTH. , #5605 ) ;
#671 = SURFACE_STYLE_FILL_AREA ( #7767 ) ;
#672 = VECTOR ( 'NONE', #654, 1000.000000000000000 ) ;
#673 = VECTOR ( 'NONE', #1972, 1000.000000000000000 ) ;
#674 = AXIS2_PLACEMENT_3D ( 'NONE', #8630, #5769, #1464 ) ;
#675 = SURFACE_STYLE_FILL_AREA ( #8641 ) ;
#676 = UNCERTAINTY_MEASURE_WITH_UNIT (LENGTH_MEASURE( 1.000000000000000082E-05 ), #8488, 'distance_accuracy_value', 'NONE');
#677 = CARTESIAN_POINT ( 'NONE',  ( -0.8649999999999996581, 0.1999999999999999833, 2.001999999999999780 ) ) ;
#678 = STYLED_ITEM ( 'NONE', ( #7969 ), #5875 ) ;
#679 = VECTOR ( 'NONE', #8475, 1000.000000000000000 ) ;
#680 = PLANE ( 'NONE',  #525 ) ;
#681 = ORIENTED_EDGE ( 'NONE', *, *, #6874, .T. ) ;
#682 = CARTESIAN_POINT ( 'NONE',  ( 0.8650000000000004352, 0.002500000000000006557, 2.000000000000000000 ) ) ;
#683 = ORIENTED_EDGE ( 'NONE', *, *, #8342, .T. ) ;
#684 = CARTESIAN_POINT ( 'NONE',  ( -0.6349999999999995648, 0.1999999999999999833, 2.001999999999999780 ) ) ;
#685 =( NAMED_UNIT ( * ) SI_UNIT ( $, .STERADIAN. ) SOLID_ANGLE_UNIT ( ) );
#686 = UNCERTAINTY_MEASURE_WITH_UNIT (LENGTH_MEASURE( 1.000000000000000082E-05 ), #3601, 'distance_accuracy_value', 'NONE');
#687 =( NAMED_UNIT ( * ) SI_UNIT ( $, .STERADIAN. ) SOLID_ANGLE_UNIT ( ) );
#688 = FILL_AREA_STYLE_COLOUR ( '', #5883 ) ;
#689 = UNCERTAINTY_MEASURE_WITH_UNIT (LENGTH_MEASURE( 1.000000000000000082E-05 ), #3390, 'distance_accuracy_value', 'NONE');
#690 = PLANE ( 'NONE',  #4765 ) ;
#691 = EDGE_LOOP ( 'NONE', ( #8820, #1336, #2287, #1043 ) ) ;
#692 = DIRECTION ( 'NONE',  ( -1.000000000000000000, -0.0000000000000000000, -0.0000000000000000000 ) ) ;
#693 = CARTESIAN_POINT ( 'NONE',  ( 2.001999999999999780, 0.2025000000000000133, -0.3650000000000001577 ) ) ;
#694 = FILL_AREA_STYLE ('',( #5751 ) ) ;
#695 = VERTEX_POINT ( 'NONE', #3757 ) ;
#696 = FACE_OUTER_BOUND ( 'NONE', #3848, .T. ) ;
#697 = PLANE ( 'NONE',  #3879 ) ;
#698 = DIRECTION ( 'NONE',  ( -0.0000000000000000000, -0.0000000000000000000, -1.000000000000000000 ) ) ;
#699 = PLANE ( 'NONE',  #1983 ) ;
#700 = ORIENTED_EDGE ( 'NONE', *, *, #793, .F. ) ;
#701 = DIRECTION ( 'NONE',  ( 0.0000000000000000000, 0.0000000000000000000, 1.000000000000000000 ) ) ;
#702 = ORIENTED_EDGE ( 'NONE', *, *, #4699, .F. ) ;
#703 = PRESENTATION_STYLE_ASSIGNMENT (( #7173 ) ) ;
#704 = CARTESIAN_POINT ( 'NONE',  ( 0.3650000000000004352, 0.0000000000000000000, -2.001999999999999780 ) ) ;
#705 = MECHANICAL_DESIGN_GEOMETRIC_PRESENTATION_REPRESENTATION (  '', ( #3233 ), #3846 ) ;
#706 = VECTOR ( 'NONE', #7377, 1000.000000000000000 ) ;
#707 = LINE ( 'NONE', #1459, #6533 ) ;
#708 = EDGE_CURVE ( 'NONE', #1853, #4288, #8049, .T. ) ;
#709 = LINE ( 'NONE', #8443, #4149 ) ;
#710 = SURFACE_STYLE_USAGE ( .BOTH. , #4233 ) ;
#711 = PRESENTATION_LAYER_ASSIGNMENT (  '', '', ( #1906 ) ) ;
#712 =( NAMED_UNIT ( * ) SI_UNIT ( $, .STERADIAN. ) SOLID_ANGLE_UNIT ( ) );
#713 =( NAMED_UNIT ( * ) SI_UNIT ( $, .STERADIAN. ) SOLID_ANGLE_UNIT ( ) );
#714 = EDGE_LOOP ( 'NONE', ( #4130, #6055, #7228, #422 ) ) ;
#715 = AXIS2_PLACEMENT_3D ( 'NONE', #249, #1607, #196 ) ;
#716 = VERTEX_POINT ( 'NONE', #5871 ) ;
#717 = SURFACE_STYLE_USAGE ( .BOTH. , #5049 ) ;
#718 = EDGE_CURVE ( 'NONE', #7, #8834, #3102, .T. ) ;
#719 = ADVANCED_FACE ( 'NONE', ( #1672 ), #8004, .F. ) ;
#720 = ADVANCED_FACE ( 'NONE', ( #7505 ), #8829, .F. ) ;
#721 = CARTESIAN_POINT ( 'NONE',  ( -2.000000000000000000, 0.002500000000000000052, -1.364999999999999991 ) ) ;
#722 = COLOUR_RGB ( '',1.000000000000000000, 1.000000000000000000, 1.000000000000000000 ) ;
#723 = CARTESIAN_POINT ( 'NONE',  ( 1.600000000000000089, 0.002500000000000000052, 0.1349999999999998701 ) ) ;
#724 = PRESENTATION_STYLE_ASSIGNMENT (( #5056 ) ) ;
#725 = PRESENTATION_STYLE_ASSIGNMENT (( #3465 ) ) ;
#726 = ORIENTED_EDGE ( 'NONE', *, *, #1244, .T. ) ;
#727 = VECTOR ( 'NONE', #8793, 1000.000000000000000 ) ;
#728 = FACE_OUTER_BOUND ( 'NONE', #8161, .T. ) ;
#729 = VECTOR ( 'NONE', #5384, 1000.000000000000000 ) ;
#730 = PLANE ( 'NONE',  #7166 ) ;
#731 = AXIS2_PLACEMENT_3D ( 'NONE', #3035, #2446, #3915 ) ;
#732 = DIRECTION ( 'NONE',  ( 1.000000000000000000, 0.0000000000000000000, -2.710505431213761578E-16 ) ) ;
#733 = ORIENTED_EDGE ( 'NONE', *, *, #4308, .F. ) ;
#734 = ADVANCED_FACE ( 'NONE', ( #3183 ), #8257, .F. ) ;
#735 = ORIENTED_EDGE ( 'NONE', *, *, #2611, .T. ) ;
#736 =( GEOMETRIC_REPRESENTATION_CONTEXT ( 3 ) GLOBAL_UNCERTAINTY_ASSIGNED_CONTEXT ( ( #2108 ) ) GLOBAL_UNIT_ASSIGNED_CONTEXT ( ( #343, #1712, #2370 ) ) REPRESENTATION_CONTEXT ( 'NONE', 'WORKASPACE' ) );
#737 = EDGE_CURVE ( 'NONE', #5496, #7085, #5405, .T. ) ;
#738 = FACE_OUTER_BOUND ( 'NONE', #4653, .T. ) ;
#739 = PRESENTATION_LAYER_ASSIGNMENT (  '', '', ( #5487 ) ) ;
#740 = DIRECTION ( 'NONE',  ( -1.000000000000000000, 0.0000000000000000000, 0.0000000000000000000 ) ) ;
#741 =( NAMED_UNIT ( * ) PLANE_ANGLE_UNIT ( ) SI_UNIT ( $, .RADIAN. ) );
#742 = CARTESIAN_POINT ( 'NONE',  ( 2.000000000000000000, 0.002500000000000000052, -0.6350000000000001199 ) ) ;
#743 = ORIENTED_EDGE ( 'NONE', *, *, #5755, .T. ) ;
#744 = STYLED_ITEM ( 'NONE', ( #8727 ), #1655 ) ;
#745 =( LENGTH_UNIT ( ) NAMED_UNIT ( * ) SI_UNIT ( .MILLI., .METRE. ) );
#746 = CARTESIAN_POINT ( 'NONE',  ( 1.135000000000000675, 0.002500000000000003088, -1.600000000000000089 ) ) ;
#747 = AXIS2_PLACEMENT_3D ( 'NONE', #7183, #7863, #8593 ) ;
#748 = ORIENTED_EDGE ( 'NONE', *, *, #6646, .F. ) ;
#749 =( NAMED_UNIT ( * ) SI_UNIT ( $, .STERADIAN. ) SOLID_ANGLE_UNIT ( ) );
#750 = MECHANICAL_DESIGN_GEOMETRIC_PRESENTATION_REPRESENTATION (  '', ( #4013 ), #6688 ) ;
#751 = AXIS2_PLACEMENT_3D ( 'NONE', #8147, #7445, #1777 ) ;
#752 = CYLINDRICAL_SURFACE ( 'NONE', #8740, 0.1000000000000000472 ) ;
#753 = VERTEX_POINT ( 'NONE', #2503 ) ;
#754 = CARTESIAN_POINT ( 'NONE',  ( 2.000000000000000000, 0.002500000000000000052, 0.6350000000000000089 ) ) ;
#755 = ORIENTED_EDGE ( 'NONE', *, *, #1128, .F. ) ;
#756 = CARTESIAN_POINT ( 'NONE',  ( 0.3650000000000004352, 0.2000000000000000111, -2.001999999999999780 ) ) ;
#757 = STYLED_ITEM ( 'NONE', ( #1801 ), #2156 ) ;
#758 = LINE ( 'NONE', #805, #8066 ) ;
#759 = DIRECTION ( 'NONE',  ( 1.000000000000000000, 0.0000000000000000000, 0.0000000000000000000 ) ) ;
#760 = STYLED_ITEM ( 'NONE', ( #2925 ), #8698 ) ;
#761 = PLANE ( 'NONE',  #2229 ) ;
#762 =( NAMED_UNIT ( * ) SI_UNIT ( $, .STERADIAN. ) SOLID_ANGLE_UNIT ( ) );
#763 = CARTESIAN_POINT ( 'NONE',  ( 0.1350000000000003419, 0.002500000000000000052, 2.000000000000000000 ) ) ;
#764 = PRESENTATION_STYLE_ASSIGNMENT (( #6386 ) ) ;
#765 = EDGE_LOOP ( 'NONE', ( #3663, #2011, #2596, #4437 ) ) ;
#766 = CARTESIAN_POINT ( 'NONE',  ( 1.250000000000000222, 0.002500000000000000052, -1.249999999999999778 ) ) ;
#767 = VERTEX_POINT ( 'NONE', #6851 ) ;
#768 = DIRECTION ( 'NONE',  ( 0.0000000000000000000, -1.000000000000000000, 0.0000000000000000000 ) ) ;
#769 = CARTESIAN_POINT ( 'NONE',  ( -0.1349999999999995925, 0.002499999999999998317, -2.000000000000000000 ) ) ;
#770 = VECTOR ( 'NONE', #5775, 1000.000000000000000 ) ;
#771 = LINE ( 'NONE', #6344, #1206 ) ;
#772 = CARTESIAN_POINT ( 'NONE',  ( -1.364999999999999547, 0.002499999999999955383, 1.600000000000000089 ) ) ;
#773 = EDGE_CURVE ( 'NONE', #1624, #120, #6720, .T. ) ;
#774 = VECTOR ( 'NONE', #296, 1000.000000000000000 ) ;
#775 =( LENGTH_UNIT ( ) NAMED_UNIT ( * ) SI_UNIT ( .MILLI., .METRE. ) );
#777 = ORIENTED_EDGE ( 'NONE', *, *, #3219, .F. ) ;
#776 = VECTOR ( 'NONE', #3112, 1000.000000000000000 ) ;
#778 = DIRECTION ( 'NONE',  ( 2.710505431213761578E-16, 0.0000000000000000000, 1.000000000000000000 ) ) ;
#779 = DIRECTION ( 'NONE',  ( 0.0000000000000000000, 0.0000000000000000000, 1.000000000000000000 ) ) ;
#780 = DIRECTION ( 'NONE',  ( -1.000000000000000000, 0.0000000000000000000, 0.0000000000000000000 ) ) ;
#781 = EDGE_CURVE ( 'NONE', #1358, #4490, #8490, .T. ) ;
#782 = ORIENTED_EDGE ( 'NONE', *, *, #2047, .T. ) ;
#783 = PRESENTATION_STYLE_ASSIGNMENT (( #3572 ) ) ;
#784 = VERTEX_POINT ( 'NONE', #2029 ) ;
#785 = COLOUR_RGB ( '',1.000000000000000000, 1.000000000000000000, 1.000000000000000000 ) ;
#786 = DIRECTION ( 'NONE',  ( 1.000000000000000000, 0.0000000000000000000, 0.0000000000000000000 ) ) ;
#787 = UNCERTAINTY_MEASURE_WITH_UNIT (LENGTH_MEASURE( 1.000000000000000082E-05 ), #4193, 'distance_accuracy_value', 'NONE');
#788 = EDGE_CURVE ( 'NONE', #273, #489, #707, .T. ) ;
#789 = UNCERTAINTY_MEASURE_WITH_UNIT (LENGTH_MEASURE( 1.000000000000000082E-05 ), #8195, 'distance_accuracy_value', 'NONE');
#790 = SURFACE_STYLE_FILL_AREA ( #4138 ) ;
#791 = SURFACE_STYLE_USAGE ( .BOTH. , #7880 ) ;
#792 = ORIENTED_EDGE ( 'NONE', *, *, #3679, .F. ) ;
#793 = EDGE_CURVE ( 'NONE', #6901, #8175, #2130, .T. ) ;
#794 = CARTESIAN_POINT ( 'NONE',  ( -2.000000000000000000, 0.002500000000000000052, -2.000000000000000000 ) ) ;
#795 = CARTESIAN_POINT ( 'NONE',  ( 0.8650000000000004352, 0.2000000000000000389, 2.001999999999999780 ) ) ;
#796 = ORIENTED_EDGE ( 'NONE', *, *, #788, .T. ) ;
#797 = SURFACE_STYLE_FILL_AREA ( #8480 ) ;
#798 = PLANE ( 'NONE',  #6239 ) ;
#799 = LINE ( 'NONE', #8483, #6392 ) ;
#800 = SURFACE_STYLE_FILL_AREA ( #5679 ) ;
#801 = ORIENTED_EDGE ( 'NONE', *, *, #1976, .F. ) ;
#802 = LINE ( 'NONE', #2211, #5624 ) ;
#803 = FACE_OUTER_BOUND ( 'NONE', #8144, .T. ) ;
#804 = ORIENTED_EDGE ( 'NONE', *, *, #3321, .T. ) ;
#805 = CARTESIAN_POINT ( 'NONE',  ( 0.3650000000000004352, 0.002500000000000000052, 1.600000000000000089 ) ) ;
#806 = VERTEX_POINT ( 'NONE', #659 ) ;
#807 = FILL_AREA_STYLE ('',( #7989 ) ) ;
#808 = CARTESIAN_POINT ( 'NONE',  ( -2.000000000000000000, 0.002500000000000000052, -0.8649999999999999911 ) ) ;
#809 = DIRECTION ( 'NONE',  ( 1.000000000000000000, 0.0000000000000000000, -0.0000000000000000000 ) ) ;
#810 = ORIENTED_EDGE ( 'NONE', *, *, #7987, .F. ) ;
#811 = CARTESIAN_POINT ( 'NONE',  ( 2.001999999999999780, 0.2025000000000000133, -0.6350000000000001199 ) ) ;
#812 = DIRECTION ( 'NONE',  ( 0.0000000000000000000, -0.0000000000000000000, -1.000000000000000000 ) ) ;
#813 = ORIENTED_EDGE ( 'NONE', *, *, #8713, .T. ) ;
#814 = MECHANICAL_DESIGN_GEOMETRIC_PRESENTATION_REPRESENTATION (  '', ( #985 ), #4076 ) ;
#815 = LINE ( 'NONE', #6481, #2350 ) ;
#816 =( NAMED_UNIT ( * ) PLANE_ANGLE_UNIT ( ) SI_UNIT ( $, .RADIAN. ) );
#817 = SURFACE_STYLE_USAGE ( .BOTH. , #3511 ) ;
#818 = COLOUR_RGB ( '',1.000000000000000000, 1.000000000000000000, 1.000000000000000000 ) ;
#819 = MECHANICAL_DESIGN_GEOMETRIC_PRESENTATION_REPRESENTATION (  '', ( #2009 ), #3797 ) ;
#820 = CARTESIAN_POINT ( 'NONE',  ( -1.134999999999999787, 0.002499999999999955383, 1.600000000000000089 ) ) ;
#821 = COLOUR_RGB ( '',1.000000000000000000, 1.000000000000000000, 1.000000000000000000 ) ;
#822 = LINE ( 'NONE', #8549, #5568 ) ;
#823 = ORIENTED_EDGE ( 'NONE', *, *, #6761, .F. ) ;
#824 = CARTESIAN_POINT ( 'NONE',  ( 2.000000000000000000, 0.002500000000000000052, 1.364999999999999991 ) ) ;
#825 =( GEOMETRIC_REPRESENTATION_CONTEXT ( 3 ) GLOBAL_UNCERTAINTY_ASSIGNED_CONTEXT ( ( #4200 ) ) GLOBAL_UNIT_ASSIGNED_CONTEXT ( ( #6718, #5969, #8866 ) ) REPRESENTATION_CONTEXT ( 'NONE', 'WORKASPACE' ) );
#826 = ORIENTED_EDGE ( 'NONE', *, *, #8835, .F. ) ;
#827 = AXIS2_PLACEMENT_3D ( 'NONE', #9106, #5551, #2177 ) ;
#828 =( GEOMETRIC_REPRESENTATION_CONTEXT ( 3 ) GLOBAL_UNCERTAINTY_ASSIGNED_CONTEXT ( ( #5349 ) ) GLOBAL_UNIT_ASSIGNED_CONTEXT ( ( #1502, #4371, #6330 ) ) REPRESENTATION_CONTEXT ( 'NONE', 'WORKASPACE' ) );
#829 = DIRECTION ( 'NONE',  ( 1.000000000000000000, 0.0000000000000000000, -0.0000000000000000000 ) ) ;
#830 = ORIENTED_EDGE ( 'NONE', *, *, #2886, .T. ) ;
#831 = LINE ( 'NONE', #9182, #6672 ) ;
#832 = EDGE_CURVE ( 'NONE', #1361, #8808, #3496, .T. ) ;
#833 = FILL_AREA_STYLE_COLOUR ( '', #3205 ) ;
#834 = CARTESIAN_POINT ( 'NONE',  ( -0.1349999999999995925, 0.1999999999999999833, 2.000000000000000000 ) ) ;
#835 = PRESENTATION_LAYER_ASSIGNMENT (  '', '', ( #4540 ) ) ;
#836 =( LENGTH_UNIT ( ) NAMED_UNIT ( * ) SI_UNIT ( .MILLI., .METRE. ) );
#837 = VERTEX_POINT ( 'NONE', #4097 ) ;
#838 = LINE ( 'NONE', #2295, #1744 ) ;
#839 = ORIENTED_EDGE ( 'NONE', *, *, #3217, .F. ) ;
#840 = EDGE_CURVE ( 'NONE', #1117, #5823, #2766, .T. ) ;
#841 = CARTESIAN_POINT ( 'NONE',  ( -1.134999999999999787, -4.470451666064363791E-17, 2.001999999999999780 ) ) ;
#842 = EDGE_CURVE ( 'NONE', #2719, #7822, #6425, .T. ) ;
#843 = AXIS2_PLACEMENT_3D ( 'NONE', #7771, #7142, #7185 ) ;
#844 = MECHANICAL_DESIGN_GEOMETRIC_PRESENTATION_REPRESENTATION (  '', ( #8679 ), #4551 ) ;
#845 = EDGE_CURVE ( 'NONE', #441, #4276, #9059, .T. ) ;
#846 = DIRECTION ( 'NONE',  ( 0.0000000000000000000, 0.0000000000000000000, -1.000000000000000000 ) ) ;
#847 =( NAMED_UNIT ( * ) PLANE_ANGLE_UNIT ( ) SI_UNIT ( $, .RADIAN. ) );
#848 = CARTESIAN_POINT ( 'NONE',  ( -2.001999999999999780, 0.2025000000000000133, 0.1349999999999998701 ) ) ;
#849 = ORIENTED_EDGE ( 'NONE', *, *, #8047, .T. ) ;
#850 = FILL_AREA_STYLE_COLOUR ( '', #1326 ) ;
#851 = COLOUR_RGB ( '',1.000000000000000000, 1.000000000000000000, 1.000000000000000000 ) ;
#852 = ORIENTED_EDGE ( 'NONE', *, *, #920, .F. ) ;
#853 = FILL_AREA_STYLE ('',( #8528 ) ) ;
#854 = CARTESIAN_POINT ( 'NONE',  ( -2.000000000000000000, 0.2024999999999999856, 0.3649999999999998801 ) ) ;
#855 = VERTEX_POINT ( 'NONE', #2 ) ;
#856 = EDGE_CURVE ( 'NONE', #4103, #5326, #9097, .T. ) ;
#857 = ORIENTED_EDGE ( 'NONE', *, *, #2884, .F. ) ;
#858 = EDGE_CURVE ( 'NONE', #8266, #944, #7077, .T. ) ;
#859 = MECHANICAL_DESIGN_GEOMETRIC_PRESENTATION_REPRESENTATION (  '', ( #3369 ), #564 ) ;
#860 = CARTESIAN_POINT ( 'NONE',  ( 0.3650000000000004352, 0.0000000000000000000, 2.001999999999999780 ) ) ;
#861 = CARTESIAN_POINT ( 'NONE',  ( 1.600000000000000089, 0.002500000000000000052, -0.3650000000000001577 ) ) ;
#862 = CARTESIAN_POINT ( 'NONE',  ( -2.001999999999999780, 0.2025000000000000133, 1.135000000000000009 ) ) ;
#863 = FILL_AREA_STYLE ('',( #7326 ) ) ;
#864 = VERTEX_POINT ( 'NONE', #7759 ) ;
#865 = SURFACE_STYLE_USAGE ( .BOTH. , #103 ) ;
#866 = EDGE_LOOP ( 'NONE', ( #195, #4586, #2015, #2947 ) ) ;
#867 = LINE ( 'NONE', #6480, #1086 ) ;
#868 =( NAMED_UNIT ( * ) SI_UNIT ( $, .STERADIAN. ) SOLID_ANGLE_UNIT ( ) );
#869 = FACE_OUTER_BOUND ( 'NONE', #9200, .T. ) ;
#870 = SURFACE_STYLE_USAGE ( .BOTH. , #7242 ) ;
#871 = DIRECTION ( 'NONE',  ( 0.0000000000000000000, 0.0000000000000000000, -1.000000000000000000 ) ) ;
#872 = FACE_OUTER_BOUND ( 'NONE', #3982, .T. ) ;
#873 = LINE ( 'NONE', #4395, #4242 ) ;
#874 = FACE_OUTER_BOUND ( 'NONE', #4195, .T. ) ;
#875 = SURFACE_STYLE_FILL_AREA ( #3858 ) ;
#876 = SURFACE_STYLE_FILL_AREA ( #70 ) ;
#877 =( GEOMETRIC_REPRESENTATION_CONTEXT ( 3 ) GLOBAL_UNCERTAINTY_ASSIGNED_CONTEXT ( ( #5307 ) ) GLOBAL_UNIT_ASSIGNED_CONTEXT ( ( #5802, #3529, #7061 ) ) REPRESENTATION_CONTEXT ( 'NONE', 'WORKASPACE' ) );
#878 = ORIENTED_EDGE ( 'NONE', *, *, #212, .T. ) ;
#879 =( GEOMETRIC_REPRESENTATION_CONTEXT ( 3 ) GLOBAL_UNCERTAINTY_ASSIGNED_CONTEXT ( ( #6640 ) ) GLOBAL_UNIT_ASSIGNED_CONTEXT ( ( #4222, #4331, #4889 ) ) REPRESENTATION_CONTEXT ( 'NONE', 'WORKASPACE' ) );
#880 = FACE_OUTER_BOUND ( 'NONE', #2498, .T. ) ;
#881 = DIRECTION ( 'NONE',  ( 0.0000000000000000000, -1.000000000000000000, 0.0000000000000000000 ) ) ;
#882 = MECHANICAL_DESIGN_GEOMETRIC_PRESENTATION_REPRESENTATION (  '', ( #2962 ), #6073 ) ;
#883 = LINE ( 'NONE', #5795, #1282 ) ;
#884 = DIRECTION ( 'NONE',  ( 0.0000000000000000000, 0.0000000000000000000, -1.000000000000000000 ) ) ;
#885 = UNCERTAINTY_MEASURE_WITH_UNIT (LENGTH_MEASURE( 1.000000000000000082E-05 ), #912, 'distance_accuracy_value', 'NONE');
#886 = AXIS2_PLACEMENT_3D ( 'NONE', #6133, #7658, #6095 ) ;
#887 = SURFACE_SIDE_STYLE ('',( #1631 ) ) ;
#888 = VERTEX_POINT ( 'NONE', #5726 ) ;
#889 = CARTESIAN_POINT ( 'NONE',  ( 2.001999999999999780, 0.2025000000000000133, -1.365000000000000213 ) ) ;
#890 = DIRECTION ( 'NONE',  ( 1.000000000000000000, 0.0000000000000000000, 0.0000000000000000000 ) ) ;
#891 = CARTESIAN_POINT ( 'NONE',  ( 0.1350000000000004530, 0.0000000000000000000, 1.600000000000000089 ) ) ;
#892 = CARTESIAN_POINT ( 'NONE',  ( 2.001999999999999780, 0.2025000000000000133, -0.1350000000000001477 ) ) ;
#893 = STYLED_ITEM ( 'NONE', ( #3928 ), #1406 ) ;
#894 = ORIENTED_EDGE ( 'NONE', *, *, #5879, .F. ) ;
#895 = SURFACE_STYLE_USAGE ( .BOTH. , #7749 ) ;
#896 = DIRECTION ( 'NONE',  ( 0.0000000000000000000, 0.0000000000000000000, 1.000000000000000000 ) ) ;
#897 = COLOUR_RGB ( '',1.000000000000000000, 1.000000000000000000, 1.000000000000000000 ) ;
#898 = FACE_OUTER_BOUND ( 'NONE', #2871, .T. ) ;
#899 = MECHANICAL_DESIGN_GEOMETRIC_PRESENTATION_REPRESENTATION (  '', ( #419 ), #7119 ) ;
#900 = ADVANCED_FACE ( 'NONE', ( #7718 ), #761, .T. ) ;
#901 = ADVANCED_FACE ( 'NONE', ( #3450 ), #2898, .T. ) ;
#902 = FILL_AREA_STYLE_COLOUR ( '', #6424 ) ;
#903 = VERTEX_POINT ( 'NONE', #145 ) ;
#904 = DIRECTION ( 'NONE',  ( 1.000000000000000000, 0.0000000000000000000, -0.0000000000000000000 ) ) ;
#905 = VECTOR ( 'NONE', #8401, 1000.000000000000000 ) ;
#906 = EDGE_LOOP ( 'NONE', ( #655, #35, #3886, #166 ) ) ;
#907 = EDGE_CURVE ( 'NONE', #9104, #2235, #244, .T. ) ;
#908 = ORIENTED_EDGE ( 'NONE', *, *, #7684, .F. ) ;
#909 = VECTOR ( 'NONE', #8199, 1000.000000000000000 ) ;
#910 = DIRECTION ( 'NONE',  ( -1.000000000000000000, 0.0000000000000000000, -4.065758146820642614E-16 ) ) ;
#911 = PRESENTATION_LAYER_ASSIGNMENT (  '', '', ( #4015 ) ) ;
#912 =( LENGTH_UNIT ( ) NAMED_UNIT ( * ) SI_UNIT ( .MILLI., .METRE. ) );
#913 = EDGE_CURVE ( 'NONE', #442, #4674, #6089, .T. ) ;
#914 = ORIENTED_EDGE ( 'NONE', *, *, #6595, .T. ) ;
#915 = VECTOR ( 'NONE', #6459, 1000.000000000000000 ) ;
#916 = PRESENTATION_STYLE_ASSIGNMENT (( #2544 ) ) ;
#917 = PLANE ( 'NONE',  #8507 ) ;
#918 = VERTEX_POINT ( 'NONE', #5093 ) ;
#919 = FILL_AREA_STYLE_COLOUR ( '', #6474 ) ;
#920 = EDGE_CURVE ( 'NONE', #1117, #1005, #7897, .T. ) ;
#921 =( GEOMETRIC_REPRESENTATION_CONTEXT ( 3 ) GLOBAL_UNCERTAINTY_ASSIGNED_CONTEXT ( ( #3195 ) ) GLOBAL_UNIT_ASSIGNED_CONTEXT ( ( #6925, #8612, #8656 ) ) REPRESENTATION_CONTEXT ( 'NONE', 'WORKASPACE' ) );
#922 = DIRECTION ( 'NONE',  ( 1.000000000000000000, 0.0000000000000000000, 0.0000000000000000000 ) ) ;
#923 = CARTESIAN_POINT ( 'NONE',  ( 2.001999999999999780, 0.002500000000000000052, 0.3649999999999998801 ) ) ;
#924 = CARTESIAN_POINT ( 'NONE',  ( -2.001999999999999780, 0.2025000000000000133, 0.3649999999999998801 ) ) ;
#925 = MECHANICAL_DESIGN_GEOMETRIC_PRESENTATION_REPRESENTATION (  '', ( #4768 ), #613 ) ;
#926 = DIRECTION ( 'NONE',  ( 0.0000000000000000000, 1.000000000000000000, 0.0000000000000000000 ) ) ;
#927 = SURFACE_STYLE_FILL_AREA ( #1758 ) ;
#928 = SURFACE_SIDE_STYLE ('',( #3105 ) ) ;
#929 = ORIENTED_EDGE ( 'NONE', *, *, #5337, .F. ) ;
#930 = SURFACE_STYLE_USAGE ( .BOTH. , #3614 ) ;
#931 = VECTOR ( 'NONE', #10, 1000.000000000000000 ) ;
#932 = LINE ( 'NONE', #7378, #3476 ) ;
#933 =( LENGTH_UNIT ( ) NAMED_UNIT ( * ) SI_UNIT ( .MILLI., .METRE. ) );
#934 = ORIENTED_EDGE ( 'NONE', *, *, #4652, .T. ) ;
#935 =( LENGTH_UNIT ( ) NAMED_UNIT ( * ) SI_UNIT ( .MILLI., .METRE. ) );
#936 = ORIENTED_EDGE ( 'NONE', *, *, #2395, .F. ) ;
#937 = CARTESIAN_POINT ( 'NONE',  ( -2.000000000000000000, 0.2025000000000000133, -0.1350000000000001477 ) ) ;
#938 = VECTOR ( 'NONE', #5967, 1000.000000000000000 ) ;
#939 = STYLED_ITEM ( 'NONE', ( #2605 ), #2665 ) ;
#940 = DIRECTION ( 'NONE',  ( -1.000000000000000000, -0.0000000000000000000, 4.065758146820642614E-16 ) ) ;
#941 = FILL_AREA_STYLE ('',( #2336 ) ) ;
#942 = PLANE ( 'NONE',  #2358 ) ;
#943 = DIRECTION ( 'NONE',  ( 0.0000000000000000000, 1.000000000000000000, 0.0000000000000000000 ) ) ;
#944 = VERTEX_POINT ( 'NONE', #6783 ) ;
#945 = LINE ( 'NONE', #3777, #2918 ) ;
#946 = SURFACE_STYLE_USAGE ( .BOTH. , #317 ) ;
#947 =( LENGTH_UNIT ( ) NAMED_UNIT ( * ) SI_UNIT ( .MILLI., .METRE. ) );
#948 = COLOUR_RGB ( '',1.000000000000000000, 1.000000000000000000, 1.000000000000000000 ) ;
#949 = ORIENTED_EDGE ( 'NONE', *, *, #7796, .T. ) ;
#950 = FILL_AREA_STYLE_COLOUR ( '', #6539 ) ;
#951 = LINE ( 'NONE', #1773, #7000 ) ;
#952 = CARTESIAN_POINT ( 'NONE',  ( 2.000000000000000000, 0.2025000000000000133, 0.3649999999999998801 ) ) ;
#953 =( GEOMETRIC_REPRESENTATION_CONTEXT ( 3 ) GLOBAL_UNCERTAINTY_ASSIGNED_CONTEXT ( ( #7559 ) ) GLOBAL_UNIT_ASSIGNED_CONTEXT ( ( #591, #2873, #4913 ) ) REPRESENTATION_CONTEXT ( 'NONE', 'WORKASPACE' ) );
#954 =( NAMED_UNIT ( * ) SI_UNIT ( $, .STERADIAN. ) SOLID_ANGLE_UNIT ( ) );
#955 = CARTESIAN_POINT ( 'NONE',  ( -1.600000000000000089, 0.002500000000000000052, -1.135000000000000009 ) ) ;
#956 = ORIENTED_EDGE ( 'NONE', *, *, #1474, .T. ) ;
#957 = PLANE ( 'NONE',  #3537 ) ;
#958 = ORIENTED_EDGE ( 'NONE', *, *, #4405, .T. ) ;
#959 = FACE_OUTER_BOUND ( 'NONE', #1012, .T. ) ;
#960 = EDGE_CURVE ( 'NONE', #3693, #3927, #6618, .T. ) ;
#961 =( NAMED_UNIT ( * ) SI_UNIT ( $, .STERADIAN. ) SOLID_ANGLE_UNIT ( ) );
#962 = CARTESIAN_POINT ( 'NONE',  ( -2.000000000000000000, 0.9000000000000000222, -2.000000000000000000 ) ) ;
#963 = ADVANCED_FACE ( 'NONE', ( #8676 ), #7229, .T. ) ;
#964 = CARTESIAN_POINT ( 'NONE',  ( -0.8649999999999995470, -2.975525575834778034E-18, -1.600000000000000089 ) ) ;
#965 = DIRECTION ( 'NONE',  ( 0.0000000000000000000, 1.000000000000000000, 0.0000000000000000000 ) ) ;
#966 = VERTEX_POINT ( 'NONE', #3739 ) ;
#967 = LINE ( 'NONE', #340, #8256 ) ;
#968 = EDGE_LOOP ( 'NONE', ( #7190, #5842, #4843, #5153 ) ) ;
#969 = PRESENTATION_STYLE_ASSIGNMENT (( #7330 ) ) ;
#970 = SURFACE_SIDE_STYLE ('',( #426 ) ) ;
#971 =( LENGTH_UNIT ( ) NAMED_UNIT ( * ) SI_UNIT ( .MILLI., .METRE. ) );
#972 = SURFACE_SIDE_STYLE ('',( #7332 ) ) ;
#973 = ADVANCED_FACE ( 'NONE', ( #5858 ), #7363, .T. ) ;
#974 = EDGE_CURVE ( 'NONE', #7085, #3166, #8282, .T. ) ;
#975 = PLANE ( 'NONE',  #2393 ) ;
#976 = FILL_AREA_STYLE ('',( #1673 ) ) ;
#977 = EDGE_CURVE ( 'NONE', #4916, #4960, #1174, .T. ) ;
#978 = DIRECTION ( 'NONE',  ( -0.0000000000000000000, 0.0000000000000000000, -1.000000000000000000 ) ) ;
#979 = ORIENTED_EDGE ( 'NONE', *, *, #8371, .T. ) ;
#980 = LINE ( 'NONE', #1072, #1611 ) ;
#981 = SURFACE_STYLE_USAGE ( .BOTH. , #4538 ) ;
#982 = ORIENTED_EDGE ( 'NONE', *, *, #6345, .T. ) ;
#983 = MECHANICAL_DESIGN_GEOMETRIC_PRESENTATION_REPRESENTATION (  '', ( #7620 ), #6150 ) ;
#984 = EDGE_CURVE ( 'NONE', #3711, #888, #8984, .T. ) ;
#985 = STYLED_ITEM ( 'NONE', ( #3615 ), #3059 ) ;
#986 = DIRECTION ( 'NONE',  ( 2.710505431213761578E-16, 0.0000000000000000000, -1.000000000000000000 ) ) ;
#987 = UNCERTAINTY_MEASURE_WITH_UNIT (LENGTH_MEASURE( 1.000000000000000082E-05 ), #472, 'distance_accuracy_value', 'NONE');
#988 = LINE ( 'NONE', #8098, #6775 ) ;
#989 = SURFACE_STYLE_USAGE ( .BOTH. , #8701 ) ;
#990 = UNCERTAINTY_MEASURE_WITH_UNIT (LENGTH_MEASURE( 1.000000000000000082E-05 ), #3272, 'distance_accuracy_value', 'NONE');
#991 = MECHANICAL_DESIGN_GEOMETRIC_PRESENTATION_REPRESENTATION (  '', ( #9102 ), #4825 ) ;
#992 = FACE_OUTER_BOUND ( 'NONE', #6136, .T. ) ;
#993 = PLANE ( 'NONE',  #663 ) ;
#994 = ORIENTED_EDGE ( 'NONE', *, *, #6343, .F. ) ;
#995 = VECTOR ( 'NONE', #7849, 1000.000000000000000 ) ;
#996 = VECTOR ( 'NONE', #4275, 1000.000000000000000 ) ;
#997 = SURFACE_STYLE_FILL_AREA ( #3829 ) ;
#998 = UNCERTAINTY_MEASURE_WITH_UNIT (LENGTH_MEASURE( 1.000000000000000082E-05 ), #7812, 'distance_accuracy_value', 'NONE');
#999 = SURFACE_STYLE_USAGE ( .BOTH. , #5808 ) ;
#1000 = VERTEX_POINT ( 'NONE', #6214 ) ;
#1001 = LINE ( 'NONE', #7316, #3861 ) ;
#1002 = LINE ( 'NONE', #8899, #8056 ) ;
#1003 = CARTESIAN_POINT ( 'NONE',  ( -1.134999999999999787, 0.002499999999999952347, 2.000000000000000000 ) ) ;
#1004 = PRESENTATION_LAYER_ASSIGNMENT (  '', '', ( #383 ) ) ;
#1005 = VERTEX_POINT ( 'NONE', #4691 ) ;
#1006 = VECTOR ( 'NONE', #7014, 1000.000000000000000 ) ;
#1007 = ORIENTED_EDGE ( 'NONE', *, *, #6911, .F. ) ;
#1008 = SURFACE_STYLE_USAGE ( .BOTH. , #245 ) ;
#1009 = LINE ( 'NONE', #861, #1516 ) ;
#1010 = VECTOR ( 'NONE', #1802, 1000.000000000000000 ) ;
#1011 = CARTESIAN_POINT ( 'NONE',  ( -2.000000000000000000, 0.002500000000000000052, -1.135000000000000231 ) ) ;
#1012 = EDGE_LOOP ( 'NONE', ( #2249, #8033, #1178, #6192 ) ) ;
#1013 = CARTESIAN_POINT ( 'NONE',  ( 0.8650000000000004352, 0.2000000000000000389, -2.001999999999999780 ) ) ;
#1014 = VERTEX_POINT ( 'NONE', #7652 ) ;
#1015 = CARTESIAN_POINT ( 'NONE',  ( 2.001999999999999780, 0.2025000000000000133, -0.1350000000000001477 ) ) ;
#1016 = CARTESIAN_POINT ( 'NONE',  ( 1.600000000000000089, 0.0000000000000000000, -0.1350000000000000089 ) ) ;
#1017 = FILL_AREA_STYLE ('',( #5191 ) ) ;
#1018 = ADVANCED_FACE ( 'NONE', ( #4736 ), #3994, .F. ) ;
#1019 = AXIS2_PLACEMENT_3D ( 'NONE', #577, #2552, #1156 ) ;
#1020 =( NAMED_UNIT ( * ) PLANE_ANGLE_UNIT ( ) SI_UNIT ( $, .RADIAN. ) );
#1021 = CARTESIAN_POINT ( 'NONE',  ( -1.600000000000000089, 0.002500000000000000052, -1.365000000000000213 ) ) ;
#1022 = SURFACE_STYLE_FILL_AREA ( #4533 ) ;
#1023 = LINE ( 'NONE', #8008, #7521 ) ;
#1024 = FACE_OUTER_BOUND ( 'NONE', #8289, .T. ) ;
#1025 = ORIENTED_EDGE ( 'NONE', *, *, #7026, .T. ) ;
#1026 = SURFACE_STYLE_FILL_AREA ( #6727 ) ;
#1027 =( GEOMETRIC_REPRESENTATION_CONTEXT ( 3 ) GLOBAL_UNCERTAINTY_ASSIGNED_CONTEXT ( ( #28 ) ) GLOBAL_UNIT_ASSIGNED_CONTEXT ( ( #7202, #7252, #7302 ) ) REPRESENTATION_CONTEXT ( 'NONE', 'WORKASPACE' ) );
#1028 = EDGE_CURVE ( 'NONE', #8634, #8920, #6831, .T. ) ;
#1029 = EDGE_CURVE ( 'NONE', #4181, #1910, #4119, .T. ) ;
#1030 = DIRECTION ( 'NONE',  ( -0.0000000000000000000, -1.000000000000000000, -0.0000000000000000000 ) ) ;
#1031 = EDGE_CURVE ( 'NONE', #243, #9015, #597, .T. ) ;
#1032 =( NAMED_UNIT ( * ) SI_UNIT ( $, .STERADIAN. ) SOLID_ANGLE_UNIT ( ) );
#1033 = EDGE_LOOP ( 'NONE', ( #5993, #8989, #8841, #878 ) ) ;
#1034 = VECTOR ( 'NONE', #2774, 1000.000000000000000 ) ;
#1035 = DIRECTION ( 'NONE',  ( 1.000000000000000000, 0.0000000000000000000, 0.0000000000000000000 ) ) ;
#1036 = SURFACE_SIDE_STYLE ('',( #8610 ) ) ;
#1037 = EDGE_CURVE ( 'NONE', #3652, #6420, #5745, .T. ) ;
#1038 =( LENGTH_UNIT ( ) NAMED_UNIT ( * ) SI_UNIT ( .MILLI., .METRE. ) );
#1039 = COLOUR_RGB ( '',1.000000000000000000, 1.000000000000000000, 1.000000000000000000 ) ;
#1040 =( NAMED_UNIT ( * ) PLANE_ANGLE_UNIT ( ) SI_UNIT ( $, .RADIAN. ) );
#1041 = SURFACE_STYLE_USAGE ( .BOTH. , #2344 ) ;
#1042 = CARTESIAN_POINT ( 'NONE',  ( -2.000000000000000000, 0.002500000000000000052, 0.1350000000000000366 ) ) ;
#1043 = ORIENTED_EDGE ( 'NONE', *, *, #4930, .T. ) ;
#1044 = PRESENTATION_LAYER_ASSIGNMENT (  '', '', ( #7127 ) ) ;
#1045 = PRESENTATION_LAYER_ASSIGNMENT (  '', '', ( #9164 ) ) ;
#1046 = VECTOR ( 'NONE', #3833, 1000.000000000000000 ) ;
#1047 = DIRECTION ( 'NONE',  ( 1.000000000000000000, 0.0000000000000000000, 0.0000000000000000000 ) ) ;
#1048 = VERTEX_POINT ( 'NONE', #3620 ) ;
#1049 = AXIS2_PLACEMENT_3D ( 'NONE', #4770, #3242, #9019 ) ;
#1050 = CARTESIAN_POINT ( 'NONE',  ( -2.000000000000000000, 0.0000000000000000000, -0.8649999999999999911 ) ) ;
#1051 = STYLED_ITEM ( 'NONE', ( #8927 ), #435 ) ;
#1052 = FILL_AREA_STYLE ('',( #8109 ) ) ;
#1053 = VECTOR ( 'NONE', #5684, 1000.000000000000000 ) ;
#1054 = ORIENTED_EDGE ( 'NONE', *, *, #2945, .F. ) ;
#1055 = ORIENTED_EDGE ( 'NONE', *, *, #2961, .F. ) ;
#1056 = PRESENTATION_LAYER_ASSIGNMENT (  '', '', ( #6372 ) ) ;
#1057 = DIRECTION ( 'NONE',  ( 1.000000000000000000, 0.0000000000000000000, 0.0000000000000000000 ) ) ;
#1058 = UNCERTAINTY_MEASURE_WITH_UNIT (LENGTH_MEASURE( 1.000000000000000082E-05 ), #5216, 'distance_accuracy_value', 'NONE');
#1059 = FACE_OUTER_BOUND ( 'NONE', #5733, .T. ) ;
#1060 = ORIENTED_EDGE ( 'NONE', *, *, #5264, .T. ) ;
#1061 = DIRECTION ( 'NONE',  ( -0.0000000000000000000, -0.0000000000000000000, 1.000000000000000000 ) ) ;
#1062 = FILL_AREA_STYLE_COLOUR ( '', #1728 ) ;
#1063 = ORIENTED_EDGE ( 'NONE', *, *, #5888, .F. ) ;
#1064 = SURFACE_STYLE_FILL_AREA ( #8865 ) ;
#1065 = LINE ( 'NONE', #3181, #5275 ) ;
#1066 = VECTOR ( 'NONE', #9163, 1000.000000000000000 ) ;
#1067 =( NAMED_UNIT ( * ) PLANE_ANGLE_UNIT ( ) SI_UNIT ( $, .RADIAN. ) );
#1068 = COLOUR_RGB ( '',1.000000000000000000, 1.000000000000000000, 1.000000000000000000 ) ;
#1069 = CARTESIAN_POINT ( 'NONE',  ( -2.000000000000000000, 0.002500000000000000052, -0.1350000000000000089 ) ) ;
#1070 = FILL_AREA_STYLE_COLOUR ( '', #4400 ) ;
#1071 = ORIENTED_EDGE ( 'NONE', *, *, #430, .T. ) ;
#1072 = CARTESIAN_POINT ( 'NONE',  ( -2.001999999999999780, 0.2025000000000000133, 0.6349999999999998979 ) ) ;
#1073 = CARTESIAN_POINT ( 'NONE',  ( 0.6350000000000003419, 1.487762787917389017E-18, -2.000000000000000000 ) ) ;
#1074 =( NAMED_UNIT ( * ) SI_UNIT ( $, .STERADIAN. ) SOLID_ANGLE_UNIT ( ) );
#1075 = ORIENTED_EDGE ( 'NONE', *, *, #7710, .T. ) ;
#1076 =( GEOMETRIC_REPRESENTATION_CONTEXT ( 3 ) GLOBAL_UNCERTAINTY_ASSIGNED_CONTEXT ( ( #2749 ) ) GLOBAL_UNIT_ASSIGNED_CONTEXT ( ( #8619, #4510, #326 ) ) REPRESENTATION_CONTEXT ( 'NONE', 'WORKASPACE' ) );
#1077 = SURFACE_STYLE_USAGE ( .BOTH. , #8744 ) ;
#1078 = MECHANICAL_DESIGN_GEOMETRIC_PRESENTATION_REPRESENTATION (  '', ( #5217 ), #6245 ) ;
#1079 = CARTESIAN_POINT ( 'NONE',  ( 0.1350000000000004530, 0.0000000000000000000, -1.600000000000000089 ) ) ;
#1080 = DIRECTION ( 'NONE',  ( -1.000000000000000000, -0.0000000000000000000, -0.0000000000000000000 ) ) ;
#1081 = PRESENTATION_STYLE_ASSIGNMENT (( #6869 ) ) ;
#1082 = FILL_AREA_STYLE_COLOUR ( '', #6780 ) ;
#1083 = FILL_AREA_STYLE_COLOUR ( '', #5416 ) ;
#1084 = DIRECTION ( 'NONE',  ( 1.000000000000000000, -0.0000000000000000000, 0.0000000000000000000 ) ) ;
#1085 = ORIENTED_EDGE ( 'NONE', *, *, #8985, .T. ) ;
#1086 = VECTOR ( 'NONE', #2317, 1000.000000000000000 ) ;
#1087 = FILL_AREA_STYLE ('',( #7442 ) ) ;
#1088 = STYLED_ITEM ( 'NONE', ( #8200 ), #2565 ) ;
#1089 = EDGE_CURVE ( 'NONE', #6899, #2614, #831, .T. ) ;
#1090 = UNCERTAINTY_MEASURE_WITH_UNIT (LENGTH_MEASURE( 1.000000000000000082E-05 ), #5465, 'distance_accuracy_value', 'NONE');
#1091 = EDGE_CURVE ( 'NONE', #2543, #5748, #7552, .T. ) ;
#1092 =( NAMED_UNIT ( * ) SI_UNIT ( $, .STERADIAN. ) SOLID_ANGLE_UNIT ( ) );
#1093 = ORIENTED_EDGE ( 'NONE', *, *, #551, .F. ) ;
#1094 = COLOUR_RGB ( '',1.000000000000000000, 1.000000000000000000, 1.000000000000000000 ) ;
#1095 =( NAMED_UNIT ( * ) SI_UNIT ( $, .STERADIAN. ) SOLID_ANGLE_UNIT ( ) );
#1096 = DIRECTION ( 'NONE',  ( 1.000000000000000000, 0.0000000000000000000, -4.065758146820642614E-16 ) ) ;
#1097 = PRESENTATION_STYLE_ASSIGNMENT (( #364 ) ) ;
#1098 = ORIENTED_EDGE ( 'NONE', *, *, #3005, .T. ) ;
#1099 = CARTESIAN_POINT ( 'NONE',  ( 2.001999999999999780, 0.2025000000000000133, -0.8650000000000001021 ) ) ;
#1100 = ORIENTED_EDGE ( 'NONE', *, *, #3326, .T. ) ;
#1101 = VECTOR ( 'NONE', #4114, 1000.000000000000000 ) ;
#1102 = STYLED_ITEM ( 'NONE', ( #8043 ), #2790 ) ;
#1103 = PRESENTATION_STYLE_ASSIGNMENT (( #5305 ) ) ;
#1104 =( LENGTH_UNIT ( ) NAMED_UNIT ( * ) SI_UNIT ( .MILLI., .METRE. ) );
#1105 = CARTESIAN_POINT ( 'NONE',  ( 0.3650000000000004352, 0.2000000000000000111, 2.000000000000000000 ) ) ;
#1106 = SURFACE_SIDE_STYLE ('',( #247 ) ) ;
#1107 = ORIENTED_EDGE ( 'NONE', *, *, #2556, .T. ) ;
#1108 = DIRECTION ( 'NONE',  ( 0.0000000000000000000, 0.0000000000000000000, 1.000000000000000000 ) ) ;
#1109 = DIRECTION ( 'NONE',  ( 0.0000000000000000000, 1.000000000000000000, 0.0000000000000000000 ) ) ;
#1110 = ORIENTED_EDGE ( 'NONE', *, *, #5212, .F. ) ;
#1111 = STYLED_ITEM ( 'NONE', ( #4424 ), #2937 ) ;
#1112 = CARTESIAN_POINT ( 'NONE',  ( 1.250000000000000000, 0.0005000000000000003357, -1.250000000000000000 ) ) ;
#1113 = DIRECTION ( 'NONE',  ( 1.000000000000000000, 0.0000000000000000000, 0.0000000000000000000 ) ) ;
#1114 = CARTESIAN_POINT ( 'NONE',  ( 0.8650000000000004352, 0.002500000000000015231, 1.600000000000000089 ) ) ;
#1115 = CARTESIAN_POINT ( 'NONE',  ( 2.001999999999999780, 0.2025000000000000133, 0.6349999999999998979 ) ) ;
#1116 = SURFACE_STYLE_USAGE ( .BOTH. , #3981 ) ;
#1117 = VERTEX_POINT ( 'NONE', #7740 ) ;
#1118 = DIRECTION ( 'NONE',  ( -2.710505431213761578E-16, 0.0000000000000000000, -1.000000000000000000 ) ) ;
#1119 = VERTEX_POINT ( 'NONE', #5793 ) ;
#1120 = DIRECTION ( 'NONE',  ( 1.000000000000000000, 0.0000000000000000000, 0.0000000000000000000 ) ) ;
#1121 = FILL_AREA_STYLE ('',( #3070 ) ) ;
#1122 = DIRECTION ( 'NONE',  ( 0.0000000000000000000, 0.0000000000000000000, 1.000000000000000000 ) ) ;
#1123 = DIRECTION ( 'NONE',  ( 0.0000000000000000000, 0.0000000000000000000, 1.000000000000000000 ) ) ;
#1124 = VECTOR ( 'NONE', #4127, 1000.000000000000000 ) ;
#1125 = SURFACE_STYLE_USAGE ( .BOTH. , #4643 ) ;
#1126 =( LENGTH_UNIT ( ) NAMED_UNIT ( * ) SI_UNIT ( .MILLI., .METRE. ) );
#1127 = VECTOR ( 'NONE', #1347, 1000.000000000000000 ) ;
#1128 = EDGE_CURVE ( 'NONE', #3172, #2298, #8606, .T. ) ;
#1129 = PRESENTATION_LAYER_ASSIGNMENT (  '', '', ( #3056 ) ) ;
#1130 = LINE ( 'NONE', #5351, #3138 ) ;
#1131 = ORIENTED_EDGE ( 'NONE', *, *, #6795, .T. ) ;
#1132 = CARTESIAN_POINT ( 'NONE',  ( 0.3650000000000004352, 0.2000000000000000111, 2.001999999999999780 ) ) ;
#1133 = ADVANCED_FACE ( 'NONE', ( #1532 ), #6306, .F. ) ;
#1134 = DIRECTION ( 'NONE',  ( 0.0000000000000000000, -0.0000000000000000000, 1.000000000000000000 ) ) ;
#1135 = ORIENTED_EDGE ( 'NONE', *, *, #1866, .T. ) ;
#1136 = COLOUR_RGB ( '',0.2509803921568627416, 0.2509803921568627416, 0.2509803921568627416 ) ;
#1137 = CARTESIAN_POINT ( 'NONE',  ( 0.3650000000000004352, 0.0000000000000000000, -2.000000000000000000 ) ) ;
#1138 = PRESENTATION_LAYER_ASSIGNMENT (  '', '', ( #2183 ) ) ;
#1139 = ADVANCED_FACE ( 'NONE', ( #738 ), #8418, .F. ) ;
#1140 = EDGE_LOOP ( 'NONE', ( #4084, #7616, #7336, #5401 ) ) ;
#1141 = PRESENTATION_LAYER_ASSIGNMENT (  '', '', ( #8384 ) ) ;
#1142 =( GEOMETRIC_REPRESENTATION_CONTEXT ( 3 ) GLOBAL_UNCERTAINTY_ASSIGNED_CONTEXT ( ( #7396 ) ) GLOBAL_UNIT_ASSIGNED_CONTEXT ( ( #6336, #4234, #713 ) ) REPRESENTATION_CONTEXT ( 'NONE', 'WORKASPACE' ) );
#1143 = FILL_AREA_STYLE ('',( #5490 ) ) ;
#1144 = SURFACE_STYLE_USAGE ( .BOTH. , #2623 ) ;
#1145 = LINE ( 'NONE', #7458, #477 ) ;
#1146 = ORIENTED_EDGE ( 'NONE', *, *, #373, .F. ) ;
#1147 = DIRECTION ( 'NONE',  ( -1.000000000000000000, -0.0000000000000000000, -0.0000000000000000000 ) ) ;
#1148 = MECHANICAL_DESIGN_GEOMETRIC_PRESENTATION_REPRESENTATION (  '', ( #678 ), #3072 ) ;
#1149 = VECTOR ( 'NONE', #7744, 1000.000000000000000 ) ;
#1150 = DIRECTION ( 'NONE',  ( 0.0000000000000000000, -0.0000000000000000000, 1.000000000000000000 ) ) ;
#1151 = ORIENTED_EDGE ( 'NONE', *, *, #8764, .T. ) ;
#1152 = EDGE_CURVE ( 'NONE', #2813, #1803, #3157, .T. ) ;
#1153 = SURFACE_STYLE_FILL_AREA ( #4666 ) ;
#1154 = PRESENTATION_STYLE_ASSIGNMENT (( #3892 ) ) ;
#1155 = COLOUR_RGB ( '',1.000000000000000000, 1.000000000000000000, 1.000000000000000000 ) ;
#1156 = DIRECTION ( 'NONE',  ( 0.0000000000000000000, 0.0000000000000000000, -1.000000000000000000 ) ) ;
#1157 = CARTESIAN_POINT ( 'NONE',  ( 2.000000000000000000, 0.002500000000000000052, -0.8649999999999999911 ) ) ;
#1158 = ORIENTED_EDGE ( 'NONE', *, *, #2995, .F. ) ;
#1159 =( NAMED_UNIT ( * ) PLANE_ANGLE_UNIT ( ) SI_UNIT ( $, .RADIAN. ) );
#1160 =( NAMED_UNIT ( * ) PLANE_ANGLE_UNIT ( ) SI_UNIT ( $, .RADIAN. ) );
#1161 = ORIENTED_EDGE ( 'NONE', *, *, #3065, .F. ) ;
#1162 = LINE ( 'NONE', #8880, #1373 ) ;
#1163 = ORIENTED_EDGE ( 'NONE', *, *, #9049, .F. ) ;
#1164 = FACE_OUTER_BOUND ( 'NONE', #4613, .T. ) ;
#1165 = CARTESIAN_POINT ( 'NONE',  ( 0.8650000000000004352, 0.2000000000000000389, 2.001999999999999780 ) ) ;
#1166 = UNCERTAINTY_MEASURE_WITH_UNIT (LENGTH_MEASURE( 1.000000000000000082E-05 ), #1038, 'distance_accuracy_value', 'NONE');
#1167 = CARTESIAN_POINT ( 'NONE',  ( 0.3650000000000004352, 0.2000000000000000111, -2.001999999999999780 ) ) ;
#1168 = FILL_AREA_STYLE_COLOUR ( '', #8105 ) ;
#1169 = UNCERTAINTY_MEASURE_WITH_UNIT (LENGTH_MEASURE( 1.000000000000000082E-05 ), #8589, 'distance_accuracy_value', 'NONE');
#1170 = SURFACE_STYLE_FILL_AREA ( #8936 ) ;
#1171 = MECHANICAL_DESIGN_GEOMETRIC_PRESENTATION_REPRESENTATION (  '', ( #110 ), #402 ) ;
#1172 = SURFACE_STYLE_USAGE ( .BOTH. , #1304 ) ;
#1173 = VECTOR ( 'NONE', #2688, 1000.000000000000000 ) ;
#1174 = LINE ( 'NONE', #7524, #4729 ) ;
#1175 = DIRECTION ( 'NONE',  ( 1.000000000000000000, 0.0000000000000000000, 0.0000000000000000000 ) ) ;
#1176 = ORIENTED_EDGE ( 'NONE', *, *, #6286, .T. ) ;
#1177 = FILL_AREA_STYLE_COLOUR ( '', #5031 ) ;
#1178 = ORIENTED_EDGE ( 'NONE', *, *, #9095, .T. ) ;
#1179 = AXIS2_PLACEMENT_3D ( 'NONE', #7208, #6317, #9136 ) ;
#1180 = FILL_AREA_STYLE ('',( #3298 ) ) ;
#1181 = EDGE_CURVE ( 'NONE', #6410, #6232, #1683, .T. ) ;
#1182 = EDGE_CURVE ( 'NONE', #2454, #8430, #3818, .T. ) ;
#1183 = MECHANICAL_DESIGN_GEOMETRIC_PRESENTATION_REPRESENTATION (  '', ( #9170 ), #8716 ) ;
#1184 = PRESENTATION_LAYER_ASSIGNMENT (  '', '', ( #6815 ) ) ;
#1185 = EDGE_CURVE ( 'NONE', #3190, #390, #4505, .T. ) ;
#1186 =( LENGTH_UNIT ( ) NAMED_UNIT ( * ) SI_UNIT ( .MILLI., .METRE. ) );
#1187 = STYLED_ITEM ( 'NONE', ( #4609 ), #7492 ) ;
#1188 = DIRECTION ( 'NONE',  ( 0.0000000000000000000, 0.0000000000000000000, 1.000000000000000000 ) ) ;
#1189 = ORIENTED_EDGE ( 'NONE', *, *, #5172, .T. ) ;
#1190 = PRESENTATION_STYLE_ASSIGNMENT (( #3399 ) ) ;
#1191 = DIRECTION ( 'NONE',  ( -0.0000000000000000000, 1.000000000000000000, -0.0000000000000000000 ) ) ;
#1192 = COLOUR_RGB ( '',1.000000000000000000, 1.000000000000000000, 1.000000000000000000 ) ;
#1193 = STYLED_ITEM ( 'NONE', ( #7417 ), #720 ) ;
#1194 = CARTESIAN_POINT ( 'NONE',  ( -1.600000000000000089, 0.002500000000000000052, -0.3650000000000001577 ) ) ;
#1195 = COLOUR_RGB ( '',1.000000000000000000, 1.000000000000000000, 1.000000000000000000 ) ;
#1196 = DIRECTION ( 'NONE',  ( 1.000000000000000000, 0.0000000000000000000, 0.0000000000000000000 ) ) ;
#1197 = EDGE_CURVE ( 'NONE', #2719, #3038, #7299, .T. ) ;
#1198 = CARTESIAN_POINT ( 'NONE',  ( -1.134999999999999787, 0.1999999999999999556, 2.000000000000000000 ) ) ;
#1199 = FILL_AREA_STYLE ('',( #8964 ) ) ;
#1200 = VERTEX_POINT ( 'NONE', #5248 ) ;
#1201 = STYLED_ITEM ( 'NONE', ( #7027 ), #1542 ) ;
#1202 = EDGE_CURVE ( 'NONE', #3983, #2733, #217, .T. ) ;
#1203 =( NAMED_UNIT ( * ) PLANE_ANGLE_UNIT ( ) SI_UNIT ( $, .RADIAN. ) );
#1204 = VERTEX_POINT ( 'NONE', #2517 ) ;
#1205 =( LENGTH_UNIT ( ) NAMED_UNIT ( * ) SI_UNIT ( .MILLI., .METRE. ) );
#1206 = VECTOR ( 'NONE', #5608, 1000.000000000000000 ) ;
#1207 = ORIENTED_EDGE ( 'NONE', *, *, #554, .T. ) ;
#1208 = CARTESIAN_POINT ( 'NONE',  ( 0.8650000000000004352, 1.487762787917389017E-18, -2.000000000000000000 ) ) ;
#1209 =( GEOMETRIC_REPRESENTATION_CONTEXT ( 3 ) GLOBAL_UNCERTAINTY_ASSIGNED_CONTEXT ( ( #1058 ) ) GLOBAL_UNIT_ASSIGNED_CONTEXT ( ( #5216, #88, #7351 ) ) REPRESENTATION_CONTEXT ( 'NONE', 'WORKASPACE' ) );
#1210 = SURFACE_SIDE_STYLE ('',( #1898 ) ) ;
#1211 = VECTOR ( 'NONE', #4836, 1000.000000000000000 ) ;
#1212 = PLANE ( 'NONE',  #2948 ) ;
#1213 = SURFACE_STYLE_USAGE ( .BOTH. , #8978 ) ;
#1214 =( NAMED_UNIT ( * ) PLANE_ANGLE_UNIT ( ) SI_UNIT ( $, .RADIAN. ) );
#1215 = PRESENTATION_STYLE_ASSIGNMENT (( #2603 ) ) ;
#1216 = COLOUR_RGB ( '',1.000000000000000000, 1.000000000000000000, 1.000000000000000000 ) ;
#1217 = LINE ( 'NONE', #8369, #510 ) ;
#1218 = VECTOR ( 'NONE', #7925, 1000.000000000000000 ) ;
#1219 =( NAMED_UNIT ( * ) SI_UNIT ( $, .STERADIAN. ) SOLID_ANGLE_UNIT ( ) );
#1220 = DIRECTION ( 'NONE',  ( 1.000000000000000000, -0.0000000000000000000, 0.0000000000000000000 ) ) ;
#1221 = DIRECTION ( 'NONE',  ( 0.0000000000000000000, -1.000000000000000000, 0.0000000000000000000 ) ) ;
#1222 = DIRECTION ( 'NONE',  ( -1.000000000000000000, 0.0000000000000000000, -0.0000000000000000000 ) ) ;
#1223 = VERTEX_POINT ( 'NONE', #264 ) ;
#1224 = LINE ( 'NONE', #362, #4737 ) ;
#1225 = CARTESIAN_POINT ( 'NONE',  ( 1.499999999999999778, 0.8979999999999999094, -1.500000000000000000 ) ) ;
#1226 = FACE_OUTER_BOUND ( 'NONE', #44, .T. ) ;
#1227 = ORIENTED_EDGE ( 'NONE', *, *, #4532, .T. ) ;
#1228 = STYLED_ITEM ( 'NONE', ( #7255 ), #3512 ) ;
#1229 =( LENGTH_UNIT ( ) NAMED_UNIT ( * ) SI_UNIT ( .MILLI., .METRE. ) );
#1230 = LINE ( 'NONE', #8300, #1775 ) ;
#1231 = ORIENTED_EDGE ( 'NONE', *, *, #832, .T. ) ;
#1232 = LINE ( 'NONE', #9135, #16 ) ;
#1233 = VECTOR ( 'NONE', #5564, 1000.000000000000000 ) ;
#1234 = PRESENTATION_LAYER_ASSIGNMENT (  '', '', ( #3449 ) ) ;
#1235 = DIRECTION ( 'NONE',  ( 0.0000000000000000000, -0.0000000000000000000, 1.000000000000000000 ) ) ;
#1236 = ADVANCED_FACE ( 'NONE', ( #352 ), #8096, .T. ) ;
#1237 = LINE ( 'NONE', #8213, #4459 ) ;
#1239 = ORIENTED_EDGE ( 'NONE', *, *, #4060, .T. ) ;
#1238 =( GEOMETRIC_REPRESENTATION_CONTEXT ( 3 ) GLOBAL_UNCERTAINTY_ASSIGNED_CONTEXT ( ( #1630 ) ) GLOBAL_UNIT_ASSIGNED_CONTEXT ( ( #1902, #5424, #8714 ) ) REPRESENTATION_CONTEXT ( 'NONE', 'WORKASPACE' ) );
#1240 = LINE ( 'NONE', #7723, #1173 ) ;
#1241 = ORIENTED_EDGE ( 'NONE', *, *, #2341, .T. ) ;
#1242 = FILL_AREA_STYLE_COLOUR ( '', #5229 ) ;
#1243 = EDGE_CURVE ( 'NONE', #8790, #3318, #7479, .T. ) ;
#1244 = EDGE_CURVE ( 'NONE', #4808, #3458, #1625, .T. ) ;
#1245 = FILL_AREA_STYLE ('',( #537 ) ) ;
#1246 = EDGE_CURVE ( 'NONE', #8808, #6479, #8651, .T. ) ;
#1247 = FILL_AREA_STYLE_COLOUR ( '', #7835 ) ;
#1248 = CARTESIAN_POINT ( 'NONE',  ( 2.000000000000000000, 0.0000000000000000000, -0.1350000000000000089 ) ) ;
#1249 = UNCERTAINTY_MEASURE_WITH_UNIT (LENGTH_MEASURE( 1.000000000000000082E-05 ), #6006, 'distance_accuracy_value', 'NONE');
#1250 = FILL_AREA_STYLE_COLOUR ( '', #5741 ) ;
#1251 = DIRECTION ( 'NONE',  ( -0.0000000000000000000, -1.000000000000000000, -0.0000000000000000000 ) ) ;
#1252 =( NAMED_UNIT ( * ) PLANE_ANGLE_UNIT ( ) SI_UNIT ( $, .RADIAN. ) );
#1253 = FILL_AREA_STYLE ('',( #4866 ) ) ;
#1254 = EDGE_CURVE ( 'NONE', #2061, #753, #7432, .T. ) ;
#1255 = CARTESIAN_POINT ( 'NONE',  ( -1.364999999999999547, -4.470451666064363791E-17, 1.600000000000000089 ) ) ;
#1256 =( NAMED_UNIT ( * ) SI_UNIT ( $, .STERADIAN. ) SOLID_ANGLE_UNIT ( ) );
#1257 = UNCERTAINTY_MEASURE_WITH_UNIT (LENGTH_MEASURE( 1.000000000000000082E-05 ), #4436, 'distance_accuracy_value', 'NONE');
#1258 = UNCERTAINTY_MEASURE_WITH_UNIT (LENGTH_MEASURE( 1.000000000000000082E-05 ), #9151, 'distance_accuracy_value', 'NONE');
#1259 = AXIS2_PLACEMENT_3D ( 'NONE', #1225, #8427, #4170 ) ;
#1260 = PRESENTATION_STYLE_ASSIGNMENT (( #4785 ) ) ;
#1261 = ORIENTED_EDGE ( 'NONE', *, *, #6532, .T. ) ;
#1262 = FILL_AREA_STYLE_COLOUR ( '', #4883 ) ;
#1263 = LINE ( 'NONE', #1396, #5124 ) ;
#1264 = VERTEX_POINT ( 'NONE', #397 ) ;
#1265 = FILL_AREA_STYLE_COLOUR ( '', #4455 ) ;
#1266 = VECTOR ( 'NONE', #1301, 1000.000000000000000 ) ;
#1267 = SURFACE_STYLE_USAGE ( .BOTH. , #7117 ) ;
#1268 = PRESENTATION_LAYER_ASSIGNMENT (  '', '', ( #6303 ) ) ;
#1269 = FILL_AREA_STYLE_COLOUR ( '', #2932 ) ;
#1270 = FACE_OUTER_BOUND ( 'NONE', #7358, .T. ) ;
#1271 = VERTEX_POINT ( 'NONE', #446 ) ;
#1272 = VECTOR ( 'NONE', #8167, 1000.000000000000000 ) ;
#1273 = CARTESIAN_POINT ( 'NONE',  ( 1.250000000000000000, 0.0005000000000000003357, 1.000000000000000000 ) ) ;
#1274 = ORIENTED_EDGE ( 'NONE', *, *, #6283, .T. ) ;
#1275 = MECHANICAL_DESIGN_GEOMETRIC_PRESENTATION_REPRESENTATION (  '', ( #5417 ), #3192 ) ;
#1276 = CARTESIAN_POINT ( 'NONE',  ( -0.6349999999999995648, -2.980301110709575655E-17, 2.000000000000000000 ) ) ;
#1277 = LINE ( 'NONE', #4844, #6308 ) ;
#1278 = STYLED_ITEM ( 'NONE', ( #2033 ), #5054 ) ;
#1279 = CARTESIAN_POINT ( 'NONE',  ( 1.600000000000000089, 0.0000000000000000000, 1.135000000000000009 ) ) ;
#1280 =( NAMED_UNIT ( * ) SI_UNIT ( $, .STERADIAN. ) SOLID_ANGLE_UNIT ( ) );
#1281 = MECHANICAL_DESIGN_GEOMETRIC_PRESENTATION_REPRESENTATION (  '', ( #4684 ), #7508 ) ;
#1282 = VECTOR ( 'NONE', #940, 1000.000000000000000 ) ;
#1283 = DIRECTION ( 'NONE',  ( 1.000000000000000000, -0.0000000000000000000, -0.0000000000000000000 ) ) ;
#1284 = PRESENTATION_LAYER_ASSIGNMENT (  '', '', ( #5286 ) ) ;
#1285 = DIRECTION ( 'NONE',  ( -0.0000000000000000000, -0.0000000000000000000, -1.000000000000000000 ) ) ;
#1286 = PLANE ( 'NONE',  #827 ) ;
#1287 = ORIENTED_EDGE ( 'NONE', *, *, #1295, .F. ) ;
#1288 = CARTESIAN_POINT ( 'NONE',  ( -2.001999999999999780, 0.002500000000000000052, 0.6349999999999998979 ) ) ;
#1289 = ADVANCED_FACE ( 'NONE', ( #3941 ), #5558, .F. ) ;
#1290 = ORIENTED_EDGE ( 'NONE', *, *, #4185, .F. ) ;
#1291 = LINE ( 'NONE', #7635, #5491 ) ;
#1292 = VECTOR ( 'NONE', #3760, 1000.000000000000000 ) ;
#1293 = VECTOR ( 'NONE', #4507, 1000.000000000000000 ) ;
#1294 =( NAMED_UNIT ( * ) PLANE_ANGLE_UNIT ( ) SI_UNIT ( $, .RADIAN. ) );
#1295 = EDGE_CURVE ( 'NONE', #7738, #2850, #6078, .T. ) ;
#1296 = EDGE_CURVE ( 'NONE', #5730, #6798, #1858, .T. ) ;
#1297 = FILL_AREA_STYLE ('',( #9118 ) ) ;
#1298 =( LENGTH_UNIT ( ) NAMED_UNIT ( * ) SI_UNIT ( .MILLI., .METRE. ) );
#1299 = VECTOR ( 'NONE', #7545, 1000.000000000000000 ) ;
#1300 = COLOUR_RGB ( '',1.000000000000000000, 1.000000000000000000, 1.000000000000000000 ) ;
#1301 = DIRECTION ( 'NONE',  ( -1.000000000000000000, 0.0000000000000000000, 0.0000000000000000000 ) ) ;
#1302 = CARTESIAN_POINT ( 'NONE',  ( 1.365000000000000435, 0.2000000000000000389, 2.001999999999999780 ) ) ;
#1303 = ADVANCED_FACE ( 'NONE', ( #2736 ), #495, .T. ) ;
#1304 = SURFACE_SIDE_STYLE ('',( #9028 ) ) ;
#1305 = PRESENTATION_STYLE_ASSIGNMENT (( #4037 ) ) ;
#1306 = ORIENTED_EDGE ( 'NONE', *, *, #4236, .T. ) ;
#1307 =( GEOMETRIC_REPRESENTATION_CONTEXT ( 3 ) GLOBAL_UNCERTAINTY_ASSIGNED_CONTEXT ( ( #4962 ) ) GLOBAL_UNIT_ASSIGNED_CONTEXT ( ( #1298, #6870, #5520 ) ) REPRESENTATION_CONTEXT ( 'NONE', 'WORKASPACE' ) );
#1308 = DIRECTION ( 'NONE',  ( -0.0000000000000000000, -0.0000000000000000000, -1.000000000000000000 ) ) ;
#1309 = PRESENTATION_STYLE_ASSIGNMENT (( #2054 ) ) ;
#1310 = EDGE_CURVE ( 'NONE', #2486, #8399, #538, .T. ) ;
#1311 = ORIENTED_EDGE ( 'NONE', *, *, #8647, .F. ) ;
#1312 = EDGE_CURVE ( 'NONE', #1483, #4142, #3320, .T. ) ;
#1313 = DIRECTION ( 'NONE',  ( 1.000000000000000000, 0.0000000000000000000, 0.0000000000000000000 ) ) ;
#1314 = CARTESIAN_POINT ( 'NONE',  ( -2.000000000000000000, 0.0000000000000000000, -1.135000000000000009 ) ) ;
#1315 = ORIENTED_EDGE ( 'NONE', *, *, #7193, .T. ) ;
#1316 = PRESENTATION_LAYER_ASSIGNMENT (  '', '', ( #5312 ) ) ;
#1317 = VECTOR ( 'NONE', #5821, 1000.000000000000000 ) ;
#1318 =( LENGTH_UNIT ( ) NAMED_UNIT ( * ) SI_UNIT ( .MILLI., .METRE. ) );
#1319 = CARTESIAN_POINT ( 'NONE',  ( 0.3650000000000004352, 0.0000000000000000000, -1.600000000000000089 ) ) ;
#1320 = SURFACE_SIDE_STYLE ('',( #8435 ) ) ;
#1321 = ORIENTED_EDGE ( 'NONE', *, *, #2323, .T. ) ;
#1322 =( NAMED_UNIT ( * ) SI_UNIT ( $, .STERADIAN. ) SOLID_ANGLE_UNIT ( ) );
#1323 = DIRECTION ( 'NONE',  ( -1.000000000000000000, -0.0000000000000000000, -0.0000000000000000000 ) ) ;
#1324 = ORIENTED_EDGE ( 'NONE', *, *, #8192, .F. ) ;
#1325 = PRESENTATION_STYLE_ASSIGNMENT (( #8209 ) ) ;
#1326 = COLOUR_RGB ( '',1.000000000000000000, 1.000000000000000000, 1.000000000000000000 ) ;
#1327 = SURFACE_STYLE_USAGE ( .BOTH. , #5645 ) ;
#1328 = VECTOR ( 'NONE', #6604, 1000.000000000000000 ) ;
#1329 = LINE ( 'NONE', #6765, #6105 ) ;
#1330 = DIRECTION ( 'NONE',  ( 0.0000000000000000000, 0.0000000000000000000, 1.000000000000000000 ) ) ;
#1331 = EDGE_LOOP ( 'NONE', ( #1716, #3700, #7429, #8298 ) ) ;
#1332 = CARTESIAN_POINT ( 'NONE',  ( 2.000000000000000000, 0.0000000000000000000, 0.3649999999999999911 ) ) ;
#1333 = CARTESIAN_POINT ( 'NONE',  ( 0.3650000000000004352, 0.2000000000000000111, -2.001999999999999780 ) ) ;
#1334 = EDGE_LOOP ( 'NONE', ( #801, #936, #7975, #8577 ) ) ;
#1335 = MECHANICAL_DESIGN_GEOMETRIC_PRESENTATION_REPRESENTATION (  '', ( #1929 ), #9020 ) ;
#1336 = ORIENTED_EDGE ( 'NONE', *, *, #3321, .F. ) ;
#1337 = CARTESIAN_POINT ( 'NONE',  ( 0.3650000000000004352, 0.2000000000000000111, -2.001999999999999780 ) ) ;
#1338 = PLANE ( 'NONE',  #4744 ) ;
#1339 =( NAMED_UNIT ( * ) SI_UNIT ( $, .STERADIAN. ) SOLID_ANGLE_UNIT ( ) );
#1340 = VECTOR ( 'NONE', #6471, 1000.000000000000000 ) ;
#1341 = VECTOR ( 'NONE', #8532, 1000.000000000000000 ) ;
#1342 = PLANE ( 'NONE',  #2041 ) ;
#1343 = CARTESIAN_POINT ( 'NONE',  ( -0.8649999999999995470, -2.975525575834778034E-18, -1.600000000000000089 ) ) ;
#1344 = UNCERTAINTY_MEASURE_WITH_UNIT (LENGTH_MEASURE( 1.000000000000000082E-05 ), #4045, 'distance_accuracy_value', 'NONE');
#1345 =( LENGTH_UNIT ( ) NAMED_UNIT ( * ) SI_UNIT ( .MILLI., .METRE. ) );
#1346 = AXIS2_PLACEMENT_3D ( 'NONE', #40, #5678, #2889 ) ;
#1347 = DIRECTION ( 'NONE',  ( -0.0000000000000000000, -1.000000000000000000, -0.0000000000000000000 ) ) ;
#1348 = CARTESIAN_POINT ( 'NONE',  ( 2.000000000000000000, 0.002500000000000000052, -1.135000000000000009 ) ) ;
#1349 = EDGE_LOOP ( 'NONE', ( #6290, #4949, #2266, #1231 ) ) ;
#1350 = VECTOR ( 'NONE', #371, 1000.000000000000000 ) ;
#1351 = ADVANCED_FACE ( 'NONE', ( #1993 ), #3413, .T. ) ;
#1352 = DIRECTION ( 'NONE',  ( 0.0000000000000000000, 0.0000000000000000000, 1.000000000000000000 ) ) ;
#1353 = ORIENTED_EDGE ( 'NONE', *, *, #5431, .F. ) ;
#1354 = EDGE_CURVE ( 'NONE', #7033, #2145, #9167, .T. ) ;
#1355 = UNCERTAINTY_MEASURE_WITH_UNIT (LENGTH_MEASURE( 1.000000000000000082E-05 ), #1229, 'distance_accuracy_value', 'NONE');
#1356 = LINE ( 'NONE', #8422, #3340 ) ;
#1357 =( GEOMETRIC_REPRESENTATION_CONTEXT ( 3 ) GLOBAL_UNCERTAINTY_ASSIGNED_CONTEXT ( ( #6361 ) ) GLOBAL_UNIT_ASSIGNED_CONTEXT ( ( #4605, #6131, #8848 ) ) REPRESENTATION_CONTEXT ( 'NONE', 'WORKASPACE' ) );
#1358 = VERTEX_POINT ( 'NONE', #7816 ) ;
#1359 = FILL_AREA_STYLE_COLOUR ( '', #1882 ) ;
#1360 =( NAMED_UNIT ( * ) PLANE_ANGLE_UNIT ( ) SI_UNIT ( $, .RADIAN. ) );
#1361 = VERTEX_POINT ( 'NONE', #7092 ) ;
#1362 = EDGE_CURVE ( 'NONE', #556, #1483, #8501, .T. ) ;
#1363 = ADVANCED_FACE ( 'NONE', ( #6997 ), #4156, .T. ) ;
#1364 = ADVANCED_FACE ( 'NONE', ( #4908 ), #61, .T. ) ;
#1365 = DIRECTION ( 'NONE',  ( -0.0000000000000000000, -1.000000000000000000, -0.0000000000000000000 ) ) ;
#1366 = FACE_OUTER_BOUND ( 'NONE', #3783, .T. ) ;
#1367 = ORIENTED_EDGE ( 'NONE', *, *, #1667, .F. ) ;
#1368 = COLOUR_RGB ( '',0.2509803921568627416, 0.2509803921568627416, 0.2509803921568627416 ) ;
#1369 = CARTESIAN_POINT ( 'NONE',  ( 1.250000000000000000, 0.0005000000000000003357, 1.000000000000000000 ) ) ;
#1370 = CARTESIAN_POINT ( 'NONE',  ( -2.000000000000000000, 0.002500000000000000052, -0.6350000000000000089 ) ) ;
#1371 = ORIENTED_EDGE ( 'NONE', *, *, #8479, .F. ) ;
#1372 = CARTESIAN_POINT ( 'NONE',  ( 0.3650000000000004352, 0.2000000000000000111, -2.000000000000000000 ) ) ;
#1373 = VECTOR ( 'NONE', #3239, 1000.000000000000000 ) ;
#1374 = PRESENTATION_STYLE_ASSIGNMENT (( #1327 ) ) ;
#1375 = CARTESIAN_POINT ( 'NONE',  ( -2.001999999999999780, 0.2025000000000000133, 1.135000000000000009 ) ) ;
#1376 = SURFACE_STYLE_FILL_AREA ( #6426 ) ;
#1377 = LINE ( 'NONE', #1105, #7380 ) ;
#1378 = FILL_AREA_STYLE ('',( #5508 ) ) ;
#1379 = ORIENTED_EDGE ( 'NONE', *, *, #1243, .F. ) ;
#1380 = FACE_OUTER_BOUND ( 'NONE', #7371, .T. ) ;
#1381 =( GEOMETRIC_REPRESENTATION_CONTEXT ( 3 ) GLOBAL_UNCERTAINTY_ASSIGNED_CONTEXT ( ( #3282 ) ) GLOBAL_UNIT_ASSIGNED_CONTEXT ( ( #9189, #6413, #2202 ) ) REPRESENTATION_CONTEXT ( 'NONE', 'WORKASPACE' ) );
#1382 = ORIENTED_EDGE ( 'NONE', *, *, #311, .F. ) ;
#1383 = VECTOR ( 'NONE', #5252, 1000.000000000000000 ) ;
#1384 = CARTESIAN_POINT ( 'NONE',  ( 2.001999999999999780, 0.2025000000000000133, -0.3650000000000001577 ) ) ;
#1385 = CARTESIAN_POINT ( 'NONE',  ( 2.000000000000000000, 0.002500000000000000052, 1.135000000000000231 ) ) ;
#1386 = FILL_AREA_STYLE_COLOUR ( '', #1155 ) ;
#1387 = DIRECTION ( 'NONE',  ( 1.000000000000000000, 0.0000000000000000000, 0.0000000000000000000 ) ) ;
#1388 = CARTESIAN_POINT ( 'NONE',  ( -1.600000000000000089, 0.002500000000000000052, -0.8650000000000001021 ) ) ;
#1389 = ORIENTED_EDGE ( 'NONE', *, *, #6175, .F. ) ;
#1390 = AXIS2_PLACEMENT_3D ( 'NONE', #848, #3636, #6461 ) ;
#1391 = ORIENTED_EDGE ( 'NONE', *, *, #4532, .F. ) ;
#1392 = CARTESIAN_POINT ( 'NONE',  ( -0.1349999999999995925, 0.002499999999999998317, -2.000000000000000000 ) ) ;
#1393 = VERTEX_POINT ( 'NONE', #3148 ) ;
#1394 = CARTESIAN_POINT ( 'NONE',  ( -2.000000000000000000, 0.002500000000000000052, 0.6349999999999998979 ) ) ;
#1395 = CARTESIAN_POINT ( 'NONE',  ( -2.001999999999999780, 0.2025000000000000133, 0.8649999999999998801 ) ) ;
#1396 = CARTESIAN_POINT ( 'NONE',  ( 0.1350000000000004530, 0.002500000000000000052, -1.600000000000000089 ) ) ;
#1397 = PLANE ( 'NONE',  #275 ) ;
#1398 = ADVANCED_FACE ( 'NONE', ( #5973 ), #6721, .F. ) ;
#1399 = EDGE_LOOP ( 'NONE', ( #6664, #2401, #408, #1609 ) ) ;
#1400 = EDGE_CURVE ( 'NONE', #8971, #6566, #5149, .T. ) ;
#1401 = ADVANCED_FACE ( 'NONE', ( #7419 ), #3803, .F. ) ;
#1402 = ORIENTED_EDGE ( 'NONE', *, *, #2945, .T. ) ;
#1403 = LINE ( 'NONE', #2023, #8665 ) ;
#1404 = SURFACE_STYLE_USAGE ( .BOTH. , #2256 ) ;
#1405 = SURFACE_STYLE_USAGE ( .BOTH. , #3594 ) ;
#1406 = ADVANCED_FACE ( 'NONE', ( #7909 ), #7243, .T. ) ;
#1407 = CARTESIAN_POINT ( 'NONE',  ( -2.000000000000000000, 0.0000000000000000000, 1.135000000000000231 ) ) ;
#1408 = MECHANICAL_DESIGN_GEOMETRIC_PRESENTATION_REPRESENTATION (  '', ( #3947 ), #1561 ) ;
#1409 = VECTOR ( 'NONE', #1805, 1000.000000000000000 ) ;
#1410 = LINE ( 'NONE', #8491, #5057 ) ;
#1411 = DIRECTION ( 'NONE',  ( 1.000000000000000000, 0.0000000000000000000, 0.0000000000000000000 ) ) ;
#1412 = EDGE_CURVE ( 'NONE', #442, #1119, #5406, .T. ) ;
#1413 = VECTOR ( 'NONE', #2863, 1000.000000000000000 ) ;
#1414 = CARTESIAN_POINT ( 'NONE',  ( -1.600000000000000089, 0.0000000000000000000, -0.3650000000000001577 ) ) ;
#1415 = VERTEX_POINT ( 'NONE', #8124 ) ;
#1416 = LINE ( 'NONE', #4383, #4431 ) ;
#1417 = PRESENTATION_LAYER_ASSIGNMENT (  '', '', ( #7504 ) ) ;
#1418 = SURFACE_STYLE_USAGE ( .BOTH. , #668 ) ;
#1419 = ORIENTED_EDGE ( 'NONE', *, *, #2050, .F. ) ;
#1420 = CARTESIAN_POINT ( 'NONE',  ( 2.001999999999999780, 0.2025000000000000133, -0.8650000000000001021 ) ) ;
#1421 = EDGE_CURVE ( 'NONE', #6410, #4103, #1800, .T. ) ;
#1422 = LINE ( 'NONE', #1337, #6088 ) ;
#1423 = PRESENTATION_LAYER_ASSIGNMENT (  '', '', ( #3053 ) ) ;
#1424 = CARTESIAN_POINT ( 'NONE',  ( -2.001999999999999780, 0.002500000000000000052, 0.3649999999999998801 ) ) ;
#1425 = AXIS2_PLACEMENT_3D ( 'NONE', #8000, #297, #2421 ) ;
#1426 = PRESENTATION_STYLE_ASSIGNMENT (( #817 ) ) ;
#1427 =( GEOMETRIC_REPRESENTATION_CONTEXT ( 3 ) GLOBAL_UNCERTAINTY_ASSIGNED_CONTEXT ( ( #2481 ) ) GLOBAL_UNIT_ASSIGNED_CONTEXT ( ( #4761, #2685, #6947 ) ) REPRESENTATION_CONTEXT ( 'NONE', 'WORKASPACE' ) );
#1428 = PRESENTATION_STYLE_ASSIGNMENT (( #448 ) ) ;
#1429 =( NAMED_UNIT ( * ) PLANE_ANGLE_UNIT ( ) SI_UNIT ( $, .RADIAN. ) );
#1430 = UNCERTAINTY_MEASURE_WITH_UNIT (LENGTH_MEASURE( 1.000000000000000082E-05 ), #3428, 'distance_accuracy_value', 'NONE');
#1431 = FILL_AREA_STYLE_COLOUR ( '', #8697 ) ;
#1432 = CARTESIAN_POINT ( 'NONE',  ( -2.000000000000000000, 0.2025000000000000133, -0.8650000000000001021 ) ) ;
#1433 =( GEOMETRIC_REPRESENTATION_CONTEXT ( 3 ) GLOBAL_UNCERTAINTY_ASSIGNED_CONTEXT ( ( #7935 ) ) GLOBAL_UNIT_ASSIGNED_CONTEXT ( ( #5289, #1725, #4543 ) ) REPRESENTATION_CONTEXT ( 'NONE', 'WORKASPACE' ) );
#1434 = ORIENTED_EDGE ( 'NONE', *, *, #202, .T. ) ;
#1435 = ORIENTED_EDGE ( 'NONE', *, *, #4236, .F. ) ;
#1436 = SURFACE_STYLE_USAGE ( .BOTH. , #2242 ) ;
#1437 = DIRECTION ( 'NONE',  ( -1.000000000000000000, 0.0000000000000000000, 0.0000000000000000000 ) ) ;
#1438 = UNCERTAINTY_MEASURE_WITH_UNIT (LENGTH_MEASURE( 1.000000000000000082E-05 ), #7698, 'distance_accuracy_value', 'NONE');
#1439 = DIRECTION ( 'NONE',  ( 0.0000000000000000000, 0.0000000000000000000, 1.000000000000000000 ) ) ;
#1440 = EDGE_LOOP ( 'NONE', ( #5452, #6590, #3238, #4823 ) ) ;
#1441 = CARTESIAN_POINT ( 'NONE',  ( -2.001999999999999780, 0.2025000000000000133, 0.8649999999999998801 ) ) ;
#1442 = SURFACE_STYLE_FILL_AREA ( #82 ) ;
#1443 = CARTESIAN_POINT ( 'NONE',  ( 2.000000000000000000, 0.002500000000000000052, 0.6349999999999998979 ) ) ;
#1444 = MECHANICAL_DESIGN_GEOMETRIC_PRESENTATION_REPRESENTATION (  '', ( #2922 ), #8686 ) ;
#1445 = EDGE_LOOP ( 'NONE', ( #8094, #2956, #8389, #2973 ) ) ;
#1446 = DIRECTION ( 'NONE',  ( 0.0000000000000000000, 1.000000000000000000, 0.0000000000000000000 ) ) ;
#1447 = SURFACE_STYLE_FILL_AREA ( #7792 ) ;
#1448 = AXIS2_PLACEMENT_3D ( 'NONE', #420, #5537, #8857 ) ;
#1449 = DIRECTION ( 'NONE',  ( -0.0000000000000000000, -0.0000000000000000000, -1.000000000000000000 ) ) ;
#1450 = ORIENTED_EDGE ( 'NONE', *, *, #492, .T. ) ;
#1451 = PLANE ( 'NONE',  #8261 ) ;
#1452 = PLANE ( 'NONE',  #7222 ) ;
#1453 = VERTEX_POINT ( 'NONE', #6066 ) ;
#1454 = FACE_OUTER_BOUND ( 'NONE', #3921, .T. ) ;
#1455 = DIRECTION ( 'NONE',  ( -0.0000000000000000000, 0.0000000000000000000, -1.000000000000000000 ) ) ;
#1456 = LINE ( 'NONE', #2166, #3995 ) ;
#1457 = AXIS2_PLACEMENT_3D ( 'NONE', #8602, #7291, #5009 ) ;
#1458 = EDGE_CURVE ( 'NONE', #2157, #8117, #2634, .T. ) ;
#1459 = CARTESIAN_POINT ( 'NONE',  ( -0.6349999999999995648, -2.975525575834778034E-18, -2.000000000000000000 ) ) ;
#1460 = EDGE_CURVE ( 'NONE', #5578, #1204, #1237, .T. ) ;
#1461 = DIRECTION ( 'NONE',  ( 2.710505431213761578E-16, 0.0000000000000000000, -1.000000000000000000 ) ) ;
#1462 = STYLED_ITEM ( 'NONE', ( #5903 ), #86 ) ;
#1463 = CARTESIAN_POINT ( 'NONE',  ( -0.6349999999999995648, 0.002499999999999997450, -1.600000000000000089 ) ) ;
#1464 = DIRECTION ( 'NONE',  ( 1.000000000000000000, 0.0000000000000000000, -4.065758146820642614E-16 ) ) ;
#1465 = ORIENTED_EDGE ( 'NONE', *, *, #8084, .T. ) ;
#1466 = FILL_AREA_STYLE_COLOUR ( '', #1039 ) ;
#1467 = VECTOR ( 'NONE', #5187, 1000.000000000000000 ) ;
#1468 = EDGE_LOOP ( 'NONE', ( #3918, #8065 ) ) ;
#1469 = AXIS2_PLACEMENT_3D ( 'NONE', #2261, #1697, #4337 ) ;
#1470 = CARTESIAN_POINT ( 'NONE',  ( -2.001999999999999780, 0.2025000000000000133, 0.8649999999999998801 ) ) ;
#1471 = VECTOR ( 'NONE', #4324, 1000.000000000000000 ) ;
#1472 = EDGE_CURVE ( 'NONE', #8601, #6232, #1888, .T. ) ;
#1473 = LINE ( 'NONE', #772, #6681 ) ;
#1474 = EDGE_CURVE ( 'NONE', #7153, #806, #3270, .T. ) ;
#1475 = PLANE ( 'NONE',  #2019 ) ;
#1476 = ORIENTED_EDGE ( 'NONE', *, *, #1089, .T. ) ;
#1477 = MECHANICAL_DESIGN_GEOMETRIC_PRESENTATION_REPRESENTATION (  '', ( #7113 ), #4281 ) ;
#1478 = SURFACE_STYLE_USAGE ( .BOTH. , #7188 ) ;
#1479 = VECTOR ( 'NONE', #6908, 1000.000000000000000 ) ;
#1480 = CARTESIAN_POINT ( 'NONE',  ( 0.8650000000000004352, 0.2000000000000000389, -2.001999999999999780 ) ) ;
#1481 = PRESENTATION_LAYER_ASSIGNMENT (  '', '', ( #8861 ) ) ;
#1482 = EDGE_LOOP ( 'NONE', ( #1434, #1476, #9134, #8386 ) ) ;
#1483 = VERTEX_POINT ( 'NONE', #1847 ) ;
#1484 = AXIS2_PLACEMENT_3D ( 'NONE', #6014, #871, #4392 ) ;
#1485 = PRESENTATION_LAYER_ASSIGNMENT (  '', '', ( #136 ) ) ;
#1486 = CARTESIAN_POINT ( 'NONE',  ( -2.001999999999999780, 0.2025000000000000133, 0.6349999999999998979 ) ) ;
#1487 = COLOUR_RGB ( '',0.2509803921568627416, 0.2509803921568627416, 0.2509803921568627416 ) ;
#1488 = CARTESIAN_POINT ( 'NONE',  ( -2.000000000000000000, 0.002500000000000000052, 1.135000000000000009 ) ) ;
#1489 = ORIENTED_EDGE ( 'NONE', *, *, #6444, .F. ) ;
#1490 = CARTESIAN_POINT ( 'NONE',  ( -0.1349999999999995925, 0.002499999999999985307, 1.600000000000000089 ) ) ;
#1491 = VECTOR ( 'NONE', #2072, 1000.000000000000000 ) ;
#1492 = PLANE ( 'NONE',  #4927 ) ;
#1493 = CARTESIAN_POINT ( 'NONE',  ( 2.000000000000000000, 0.002500000000000000052, -0.1350000000000000089 ) ) ;
#1494 = MECHANICAL_DESIGN_GEOMETRIC_PRESENTATION_REPRESENTATION (  '', ( #8429 ), #8734 ) ;
#1495 = ORIENTED_EDGE ( 'NONE', *, *, #7315, .F. ) ;
#1496 = COLOUR_RGB ( '',1.000000000000000000, 1.000000000000000000, 1.000000000000000000 ) ;
#1497 = STYLED_ITEM ( 'NONE', ( #1260 ), #8544 ) ;
#1498 = CARTESIAN_POINT ( 'NONE',  ( 2.000000000000000000, 0.002500000000000000052, 0.1349999999999998701 ) ) ;
#1499 = ORIENTED_EDGE ( 'NONE', *, *, #7805, .T. ) ;
#1500 = DIRECTION ( 'NONE',  ( -1.000000000000000000, -0.0000000000000000000, 4.065758146820642614E-16 ) ) ;
#1501 = ORIENTED_EDGE ( 'NONE', *, *, #6171, .F. ) ;
#1502 =( LENGTH_UNIT ( ) NAMED_UNIT ( * ) SI_UNIT ( .MILLI., .METRE. ) );
#1503 = STYLED_ITEM ( 'NONE', ( #6505 ), #1912 ) ;
#1504 = DIRECTION ( 'NONE',  ( -1.000000000000000000, 0.0000000000000000000, 0.0000000000000000000 ) ) ;
#1505 = ORIENTED_EDGE ( 'NONE', *, *, #1185, .T. ) ;
#1506 = MECHANICAL_DESIGN_GEOMETRIC_PRESENTATION_REPRESENTATION (  '', ( #2701 ), #3891 ) ;
#1507 = CARTESIAN_POINT ( 'NONE',  ( -0.3649999999999995470, 0.002499999999999998317, -1.600000000000000089 ) ) ;
#1508 = VECTOR ( 'NONE', #7028, 1000.000000000000000 ) ;
#1509 = FILL_AREA_STYLE_COLOUR ( '', #5658 ) ;
#1510 = LINE ( 'NONE', #1463, #5010 ) ;
#1511 = CARTESIAN_POINT ( 'NONE',  ( -2.001999999999999780, 0.2025000000000000133, 0.1349999999999998701 ) ) ;
#1512 = ORIENTED_EDGE ( 'NONE', *, *, #8805, .F. ) ;
#1513 = FACE_OUTER_BOUND ( 'NONE', #4271, .T. ) ;
#1514 = EDGE_LOOP ( 'NONE', ( #3796, #5032, #1603, #3177 ) ) ;
#1515 = AXIS2_PLACEMENT_3D ( 'NONE', #2643, #2179, #5693 ) ;
#1516 = VECTOR ( 'NONE', #2309, 1000.000000000000000 ) ;
#1517 = ADVANCED_FACE ( 'NONE', ( #7622 ), #2504, .T. ) ;
#1518 =( LENGTH_UNIT ( ) NAMED_UNIT ( * ) SI_UNIT ( .MILLI., .METRE. ) );
#1519 = CARTESIAN_POINT ( 'NONE',  ( 0.6350000000000003419, 1.490150555354787828E-17, 2.000000000000000000 ) ) ;
#1520 = PLANE ( 'NONE',  #5290 ) ;
#1521 = AXIS2_PLACEMENT_3D ( 'NONE', #179, #4467, #890 ) ;
#1522 = SURFACE_SIDE_STYLE ('',( #3009 ) ) ;
#1524 = VERTEX_POINT ( 'NONE', #1375 ) ;
#1523 = VECTOR ( 'NONE', #2146, 1000.000000000000000 ) ;
#1525 = CARTESIAN_POINT ( 'NONE',  ( -2.001999999999999780, 0.002500000000000000052, -0.3650000000000001577 ) ) ;
#1526 = EDGE_CURVE ( 'NONE', #464, #3764, #1410, .T. ) ;
#1527 = EDGE_CURVE ( 'NONE', #8650, #8631, #3, .T. ) ;
#1528 = FILL_AREA_STYLE_COLOUR ( '', #3017 ) ;
#1529 = ORIENTED_EDGE ( 'NONE', *, *, #5430, .T. ) ;
#1530 = CARTESIAN_POINT ( 'NONE',  ( -1.600000000000000089, 0.002500000000000000052, -0.1350000000000001477 ) ) ;
#1531 = ORIENTED_EDGE ( 'NONE', *, *, #5492, .F. ) ;
#1532 = FACE_OUTER_BOUND ( 'NONE', #3095, .T. ) ;
#1533 = UNCERTAINTY_MEASURE_WITH_UNIT (LENGTH_MEASURE( 1.000000000000000082E-05 ), #7210, 'distance_accuracy_value', 'NONE');
#1534 =( LENGTH_UNIT ( ) NAMED_UNIT ( * ) SI_UNIT ( .MILLI., .METRE. ) );
#1535 = UNCERTAINTY_MEASURE_WITH_UNIT (LENGTH_MEASURE( 1.000000000000000082E-05 ), #4530, 'distance_accuracy_value', 'NONE');
#1536 = FACE_OUTER_BOUND ( 'NONE', #4052, .T. ) ;
#1537 = LINE ( 'NONE', #224, #4624 ) ;
#1538 = ORIENTED_EDGE ( 'NONE', *, *, #3579, .F. ) ;
#1539 = DIRECTION ( 'NONE',  ( -1.000000000000000000, -0.0000000000000000000, -0.0000000000000000000 ) ) ;
#1540 = PLANE ( 'NONE',  #354 ) ;
#1541 = DIRECTION ( 'NONE',  ( 0.0000000000000000000, 0.0000000000000000000, -1.000000000000000000 ) ) ;
#1542 = ADVANCED_FACE ( 'NONE', ( #9098 ), #49, .F. ) ;
#1543 = ORIENTED_EDGE ( 'NONE', *, *, #4312, .T. ) ;
#1544 = FILL_AREA_STYLE ('',( #7310 ) ) ;
#1545 = DIRECTION ( 'NONE',  ( 0.0000000000000000000, 0.0000000000000000000, 1.000000000000000000 ) ) ;
#1546 = DIRECTION ( 'NONE',  ( 0.0000000000000000000, 0.0000000000000000000, -1.000000000000000000 ) ) ;
#1547 = VERTEX_POINT ( 'NONE', #2899 ) ;
#1548 = FILL_AREA_STYLE ('',( #7890 ) ) ;
#1549 = FILL_AREA_STYLE ('',( #8485 ) ) ;
#1550 = FACE_OUTER_BOUND ( 'NONE', #4935, .T. ) ;
#1551 = DIRECTION ( 'NONE',  ( 1.000000000000000000, 0.0000000000000000000, 4.065758146820642614E-16 ) ) ;
#1552 = EDGE_LOOP ( 'NONE', ( #1606, #1382, #7496, #3825 ) ) ;
#1553 = CARTESIAN_POINT ( 'NONE',  ( 0.6350000000000003419, 0.2000000000000000389, -2.001999999999999780 ) ) ;
#1554 = FILL_AREA_STYLE ('',( #3247 ) ) ;
#1555 = DIRECTION ( 'NONE',  ( -1.000000000000000000, 0.0000000000000000000, 0.0000000000000000000 ) ) ;
#1556 =( NAMED_UNIT ( * ) SI_UNIT ( $, .STERADIAN. ) SOLID_ANGLE_UNIT ( ) );
#1557 = PRESENTATION_STYLE_ASSIGNMENT (( #3698 ) ) ;
#1558 =( NAMED_UNIT ( * ) PLANE_ANGLE_UNIT ( ) SI_UNIT ( $, .RADIAN. ) );
#1559 = VERTEX_POINT ( 'NONE', #622 ) ;
#1560 = DIRECTION ( 'NONE',  ( 0.0000000000000000000, -1.000000000000000000, 0.0000000000000000000 ) ) ;
#1561 =( GEOMETRIC_REPRESENTATION_CONTEXT ( 3 ) GLOBAL_UNCERTAINTY_ASSIGNED_CONTEXT ( ( #4863 ) ) GLOBAL_UNIT_ASSIGNED_CONTEXT ( ( #2483, #410, #5995 ) ) REPRESENTATION_CONTEXT ( 'NONE', 'WORKASPACE' ) );
#1562 = ORIENTED_EDGE ( 'NONE', *, *, #8518, .F. ) ;
#1563 = PRESENTATION_STYLE_ASSIGNMENT (( #4441 ) ) ;
#1564 = PLANE ( 'NONE',  #5003 ) ;
#1565 = SURFACE_SIDE_STYLE ('',( #4447 ) ) ;
#1566 = PRESENTATION_LAYER_ASSIGNMENT (  '', '', ( #8801 ) ) ;
#1567 = MECHANICAL_DESIGN_GEOMETRIC_PRESENTATION_REPRESENTATION (  '', ( #4973 ), #3334 ) ;
#1568 =( LENGTH_UNIT ( ) NAMED_UNIT ( * ) SI_UNIT ( .MILLI., .METRE. ) );
#1569 = DIRECTION ( 'NONE',  ( 0.0000000000000000000, 0.0000000000000000000, 1.000000000000000000 ) ) ;
#1570 =( GEOMETRIC_REPRESENTATION_CONTEXT ( 3 ) GLOBAL_UNCERTAINTY_ASSIGNED_CONTEXT ( ( #5991 ) ) GLOBAL_UNIT_ASSIGNED_CONTEXT ( ( #2563, #1859, #4682 ) ) REPRESENTATION_CONTEXT ( 'NONE', 'WORKASPACE' ) );
#1571 = CARTESIAN_POINT ( 'NONE',  ( -0.6349999999999995648, 0.1999999999999999833, -2.001999999999999780 ) ) ;
#1572 =( LENGTH_UNIT ( ) NAMED_UNIT ( * ) SI_UNIT ( .MILLI., .METRE. ) );
#1573 = SURFACE_SIDE_STYLE ('',( #7293 ) ) ;
#1574 = ORIENTED_EDGE ( 'NONE', *, *, #3127, .T. ) ;
#1575 = VECTOR ( 'NONE', #7618, 1000.000000000000000 ) ;
#1576 =( GEOMETRIC_REPRESENTATION_CONTEXT ( 3 ) GLOBAL_UNCERTAINTY_ASSIGNED_CONTEXT ( ( #3031 ) ) GLOBAL_UNIT_ASSIGNED_CONTEXT ( ( #4527, #8827, #4623 ) ) REPRESENTATION_CONTEXT ( 'NONE', 'WORKASPACE' ) );
#1577 = STYLED_ITEM ( 'NONE', ( #1982 ), #5058 ) ;
#1578 = EDGE_LOOP ( 'NONE', ( #341, #7980, #5627, #792 ) ) ;
#1579 = EDGE_CURVE ( 'NONE', #5412, #2145, #709, .T. ) ;
#1580 = LINE ( 'NONE', #4316, #8513 ) ;
#1581 = EDGE_CURVE ( 'NONE', #1271, #7609, #4942, .T. ) ;
#1582 = VECTOR ( 'NONE', #3626, 1000.000000000000000 ) ;
#1583 = PLANE ( 'NONE',  #8016 ) ;
#1584 = ORIENTED_EDGE ( 'NONE', *, *, #5764, .F. ) ;
#1585 = LINE ( 'NONE', #891, #6773 ) ;
#1586 = DIRECTION ( 'NONE',  ( 0.0000000000000000000, 1.000000000000000000, 0.0000000000000000000 ) ) ;
#1587 = ORIENTED_EDGE ( 'NONE', *, *, #4187, .T. ) ;
#1588 = FILL_AREA_STYLE_COLOUR ( '', #3557 ) ;
#1589 = AXIS2_PLACEMENT_3D ( 'NONE', #1248, #8319, #3370 ) ;
#1590 = PRESENTATION_LAYER_ASSIGNMENT (  '', '', ( #4841 ) ) ;
#1591 = ADVANCED_FACE ( 'NONE', ( #7177 ), #3497, .F. ) ;
#1592 = CARTESIAN_POINT ( 'NONE',  ( 0.1350000000000004530, 0.002500000000000000052, 1.600000000000000089 ) ) ;
#1593 = EDGE_CURVE ( 'NONE', #3771, #6465, #193, .T. ) ;
#1594 = PRESENTATION_STYLE_ASSIGNMENT (( #4366 ) ) ;
#1595 = DIRECTION ( 'NONE',  ( 1.000000000000000000, -0.0000000000000000000, 0.0000000000000000000 ) ) ;
#1596 = ORIENTED_EDGE ( 'NONE', *, *, #7546, .F. ) ;
#1597 = CARTESIAN_POINT ( 'NONE',  ( -2.000000000000000000, 0.002500000000000000052, 0.6350000000000000089 ) ) ;
#1598 = PRESENTATION_LAYER_ASSIGNMENT (  '', '', ( #5594 ) ) ;
#1599 = AXIS2_PLACEMENT_3D ( 'NONE', #6279, #4053, #6891 ) ;
#1600 = DIRECTION ( 'NONE',  ( 0.0000000000000000000, 0.0000000000000000000, -1.000000000000000000 ) ) ;
#1601 = VERTEX_POINT ( 'NONE', #147 ) ;
#1602 = ORIENTED_EDGE ( 'NONE', *, *, #6507, .F. ) ;
#1603 = ORIENTED_EDGE ( 'NONE', *, *, #8832, .T. ) ;
#1604 = CARTESIAN_POINT ( 'NONE',  ( 2.001999999999999780, 0.002500000000000000052, 0.6349999999999998979 ) ) ;
#1605 = FILL_AREA_STYLE_COLOUR ( '', #3286 ) ;
#1606 = ORIENTED_EDGE ( 'NONE', *, *, #4969, .T. ) ;
#1607 = DIRECTION ( 'NONE',  ( 0.0000000000000000000, 0.0000000000000000000, 1.000000000000000000 ) ) ;
#1608 = VECTOR ( 'NONE', #4259, 1000.000000000000000 ) ;
#1609 = ORIENTED_EDGE ( 'NONE', *, *, #4583, .F. ) ;
#1610 =( NAMED_UNIT ( * ) PLANE_ANGLE_UNIT ( ) SI_UNIT ( $, .RADIAN. ) );
#1611 = VECTOR ( 'NONE', #7423, 1000.000000000000000 ) ;
#1612 = LINE ( 'NONE', #201, #6300 ) ;
#1613 = FILL_AREA_STYLE ('',( #7954 ) ) ;
#1614 = CARTESIAN_POINT ( 'NONE',  ( -2.001999999999999780, 0.002500000000000000052, -1.135000000000000231 ) ) ;
#1615 =( NAMED_UNIT ( * ) PLANE_ANGLE_UNIT ( ) SI_UNIT ( $, .RADIAN. ) );
#1616 = CARTESIAN_POINT ( 'NONE',  ( -2.000000000000000000, 0.002500000000000000052, -0.3649999999999999911 ) ) ;
#1617 = MECHANICAL_DESIGN_GEOMETRIC_PRESENTATION_REPRESENTATION (  '', ( #5620 ), #3532 ) ;
#1618 = CARTESIAN_POINT ( 'NONE',  ( -2.000000000000000000, 0.002500000000000000052, 1.365000000000000213 ) ) ;
#1619 = VERTEX_POINT ( 'NONE', #2993 ) ;
#1620 =( NAMED_UNIT ( * ) PLANE_ANGLE_UNIT ( ) SI_UNIT ( $, .RADIAN. ) );
#1621 = DIRECTION ( 'NONE',  ( -0.0000000000000000000, -0.0000000000000000000, 1.000000000000000000 ) ) ;
#1622 =( NAMED_UNIT ( * ) SI_UNIT ( $, .STERADIAN. ) SOLID_ANGLE_UNIT ( ) );
#1623 = EDGE_LOOP ( 'NONE', ( #7651, #3487, #6538, #2127 ) ) ;
#1624 = VERTEX_POINT ( 'NONE', #2413 ) ;
#1625 = LINE ( 'NONE', #5983, #727 ) ;
#1626 = STYLED_ITEM ( 'NONE', ( #7779 ), #1139 ) ;
#1627 = AXIS2_PLACEMENT_3D ( 'NONE', #3824, #2524, #8142 ) ;
#1628 = CARTESIAN_POINT ( 'NONE',  ( -1.134999999999999787, 0.1999999999999999556, 2.001999999999999780 ) ) ;
#1629 =( LENGTH_UNIT ( ) NAMED_UNIT ( * ) SI_UNIT ( .MILLI., .METRE. ) );
#1630 = UNCERTAINTY_MEASURE_WITH_UNIT (LENGTH_MEASURE( 1.000000000000000082E-05 ), #1902, 'distance_accuracy_value', 'NONE');
#1631 = SURFACE_STYLE_FILL_AREA ( #2436 ) ;
#1632 = VERTEX_POINT ( 'NONE', #1659 ) ;
#1633 = DIRECTION ( 'NONE',  ( -1.000000000000000000, -0.0000000000000000000, -0.0000000000000000000 ) ) ;
#1634 = CARTESIAN_POINT ( 'NONE',  ( 2.001999999999999780, 0.2025000000000000133, -0.3650000000000001577 ) ) ;
#1635 = FACE_OUTER_BOUND ( 'NONE', #6769, .T. ) ;
#1636 = EDGE_CURVE ( 'NONE', #1000, #9146, #6619, .T. ) ;
#1637 = VERTEX_POINT ( 'NONE', #4433 ) ;
#1638 = MECHANICAL_DESIGN_GEOMETRIC_PRESENTATION_REPRESENTATION (  '', ( #1193 ), #8128 ) ;
#1639 = PLANE ( 'NONE',  #7433 ) ;
#1640 = EDGE_CURVE ( 'NONE', #25, #8971, #5909, .T. ) ;
#1641 = PRESENTATION_LAYER_ASSIGNMENT (  '', '', ( #8274 ) ) ;
#1642 = LINE ( 'NONE', #2397, #9045 ) ;
#1643 = UNCERTAINTY_MEASURE_WITH_UNIT (LENGTH_MEASURE( 1.000000000000000082E-05 ), #5471, 'distance_accuracy_value', 'NONE');
#1644 = STYLED_ITEM ( 'NONE', ( #2992 ), #963 ) ;
#1645 = FACE_OUTER_BOUND ( 'NONE', #3213, .T. ) ;
#1646 = CARTESIAN_POINT ( 'NONE',  ( -2.001999999999999780, 0.2025000000000000133, 1.135000000000000009 ) ) ;
#1647 = ORIENTED_EDGE ( 'NONE', *, *, #7596, .T. ) ;
#1648 = FILL_AREA_STYLE ('',( #7939 ) ) ;
#1649 = EDGE_CURVE ( 'NONE', #6476, #9091, #5817, .T. ) ;
#1650 = PRESENTATION_STYLE_ASSIGNMENT (( #5129 ) ) ;
#1651 = PLANE ( 'NONE',  #119 ) ;
#1652 = ORIENTED_EDGE ( 'NONE', *, *, #3453, .F. ) ;
#1653 = LINE ( 'NONE', #9205, #1053 ) ;
#1654 = VECTOR ( 'NONE', #1057, 1000.000000000000000 ) ;
#1655 = ADVANCED_FACE ( 'NONE', ( #6571 ), #3741, .F. ) ;
#1656 = ORIENTED_EDGE ( 'NONE', *, *, #7817, .T. ) ;
#1657 =( LENGTH_UNIT ( ) NAMED_UNIT ( * ) SI_UNIT ( .MILLI., .METRE. ) );
#1658 = STYLED_ITEM ( 'NONE', ( #137 ), #8468 ) ;
#1659 = CARTESIAN_POINT ( 'NONE',  ( 2.001999999999999780, 0.002500000000000000052, 1.135000000000000009 ) ) ;
#1660 = SURFACE_SIDE_STYLE ('',( #7994 ) ) ;
#1661 = PRESENTATION_STYLE_ASSIGNMENT (( #2493 ) ) ;
#1662 = ORIENTED_EDGE ( 'NONE', *, *, #8360, .F. ) ;
#1663 = VECTOR ( 'NONE', #9078, 1000.000000000000000 ) ;
#1664 = LINE ( 'NONE', #1749, #6657 ) ;
#1665 = LINE ( 'NONE', #5142, #1868 ) ;
#1666 = EDGE_LOOP ( 'NONE', ( #6104, #7593, #4665, #184 ) ) ;
#1667 = EDGE_CURVE ( 'NONE', #4662, #8153, #6522, .T. ) ;
#1668 = CARTESIAN_POINT ( 'NONE',  ( 0.3650000000000004352, 0.2000000000000000111, 2.000000000000000000 ) ) ;
#1669 = PLANE ( 'NONE',  #2763 ) ;
#1670 = PRESENTATION_LAYER_ASSIGNMENT (  '', '', ( #7121 ) ) ;
#1671 = DIRECTION ( 'NONE',  ( -0.0000000000000000000, -1.000000000000000000, -0.0000000000000000000 ) ) ;
#1672 = FACE_OUTER_BOUND ( 'NONE', #67, .T. ) ;
#1673 = FILL_AREA_STYLE_COLOUR ( '', #7273 ) ;
#1674 = CARTESIAN_POINT ( 'NONE',  ( 0.3650000000000004352, 0.002500000000000000052, -1.600000000000000089 ) ) ;
#1675 = CARTESIAN_POINT ( 'NONE',  ( -2.001999999999999780, 0.2025000000000000133, -0.8650000000000001021 ) ) ;
#1676 = CARTESIAN_POINT ( 'NONE',  ( -2.000000000000000000, 0.0000000000000000000, -1.135000000000000009 ) ) ;
#1677 = EDGE_LOOP ( 'NONE', ( #7667, #5660, #7245, #1935 ) ) ;
#1678 =( LENGTH_UNIT ( ) NAMED_UNIT ( * ) SI_UNIT ( .MILLI., .METRE. ) );
#1679 = STYLED_ITEM ( 'NONE', ( #8451 ), #8933 ) ;
#1680 = SURFACE_SIDE_STYLE ('',( #875 ) ) ;
#1681 = VECTOR ( 'NONE', #6990, 1000.000000000000000 ) ;
#1682 = EDGE_LOOP ( 'NONE', ( #143, #7764, #5076, #735 ) ) ;
#1683 = LINE ( 'NONE', #937, #418 ) ;
#1684 = FACE_OUTER_BOUND ( 'NONE', #6107, .T. ) ;
#1685 = SURFACE_SIDE_STYLE ('',( #2292 ) ) ;
#1686 = SURFACE_STYLE_FILL_AREA ( #8752 ) ;
#1687 =( NAMED_UNIT ( * ) PLANE_ANGLE_UNIT ( ) SI_UNIT ( $, .RADIAN. ) );
#1688 = ORIENTED_EDGE ( 'NONE', *, *, #8814, .T. ) ;
#1689 = CARTESIAN_POINT ( 'NONE',  ( 2.000000000000000000, 0.0000000000000000000, 1.135000000000000231 ) ) ;
#1690 = DIRECTION ( 'NONE',  ( 0.0000000000000000000, 1.000000000000000000, 0.0000000000000000000 ) ) ;
#1691 = ORIENTED_EDGE ( 'NONE', *, *, #3281, .F. ) ;
#1692 = EDGE_CURVE ( 'NONE', #191, #3764, #4378, .T. ) ;
#1693 = DIRECTION ( 'NONE',  ( -0.0000000000000000000, -0.0000000000000000000, 1.000000000000000000 ) ) ;
#1694 = FACE_OUTER_BOUND ( 'NONE', #8125, .T. ) ;
#1695 = ORIENTED_EDGE ( 'NONE', *, *, #7629, .T. ) ;
#1696 = ORIENTED_EDGE ( 'NONE', *, *, #4029, .F. ) ;
#1697 = DIRECTION ( 'NONE',  ( -0.0000000000000000000, 0.0000000000000000000, -1.000000000000000000 ) ) ;
#1698 = EDGE_CURVE ( 'NONE', #1793, #2157, #5263, .T. ) ;
#1699 = LINE ( 'NONE', #860, #4309 ) ;
#1700 = EDGE_CURVE ( 'NONE', #6904, #3275, #1699, .T. ) ;
#1701 =( NAMED_UNIT ( * ) PLANE_ANGLE_UNIT ( ) SI_UNIT ( $, .RADIAN. ) );
#1702 = UNCERTAINTY_MEASURE_WITH_UNIT (LENGTH_MEASURE( 1.000000000000000082E-05 ), #2359, 'distance_accuracy_value', 'NONE');
#1703 = FACE_OUTER_BOUND ( 'NONE', #8675, .T. ) ;
#1704 = DIRECTION ( 'NONE',  ( -0.0000000000000000000, -1.000000000000000000, -0.0000000000000000000 ) ) ;
#1705 = ORIENTED_EDGE ( 'NONE', *, *, #9158, .F. ) ;
#1706 = LINE ( 'NONE', #8118, #5316 ) ;
#1707 = FACE_OUTER_BOUND ( 'NONE', #1468, .T. ) ;
#1708 = ORIENTED_EDGE ( 'NONE', *, *, #6583, .T. ) ;
#1709 = DIRECTION ( 'NONE',  ( -1.000000000000000000, 0.0000000000000000000, 0.0000000000000000000 ) ) ;
#1710 = FACE_BOUND ( 'NONE', #7058, .T. ) ;
#1711 = PRESENTATION_STYLE_ASSIGNMENT (( #2275 ) ) ;
#1712 =( NAMED_UNIT ( * ) PLANE_ANGLE_UNIT ( ) SI_UNIT ( $, .RADIAN. ) );
#1713 = EDGE_CURVE ( 'NONE', #6746, #3711, #4561, .T. ) ;
#1714 = CARTESIAN_POINT ( 'NONE',  ( 1.365000000000000435, 2.980301110709575655E-17, -2.001999999999999780 ) ) ;
#1715 = PLANE ( 'NONE',  #3654 ) ;
#1716 = ORIENTED_EDGE ( 'NONE', *, *, #1037, .T. ) ;
#1717 = ADVANCED_FACE ( 'NONE', ( #100 ), #5765, .F. ) ;
#1718 = DIRECTION ( 'NONE',  ( -1.000000000000000000, 0.0000000000000000000, -0.0000000000000000000 ) ) ;
#1719 = VERTEX_POINT ( 'NONE', #3258 ) ;
#1720 = PRESENTATION_LAYER_ASSIGNMENT (  '', '', ( #5704 ) ) ;
#1721 = MECHANICAL_DESIGN_GEOMETRIC_PRESENTATION_REPRESENTATION (  '', ( #2316 ), #6897 ) ;
#1722 = DIRECTION ( 'NONE',  ( 0.0000000000000000000, 0.0000000000000000000, 1.000000000000000000 ) ) ;
#1723 =( NAMED_UNIT ( * ) PLANE_ANGLE_UNIT ( ) SI_UNIT ( $, .RADIAN. ) );
#1724 = UNCERTAINTY_MEASURE_WITH_UNIT (LENGTH_MEASURE( 1.000000000000000082E-05 ), #3960, 'distance_accuracy_value', 'NONE');
#1725 =( NAMED_UNIT ( * ) PLANE_ANGLE_UNIT ( ) SI_UNIT ( $, .RADIAN. ) );
#1726 = FACE_OUTER_BOUND ( 'NONE', #4082, .T. ) ;
#1727 = UNCERTAINTY_MEASURE_WITH_UNIT (LENGTH_MEASURE( 1.000000000000000082E-05 ), #935, 'distance_accuracy_value', 'NONE');
#1728 = COLOUR_RGB ( '',1.000000000000000000, 1.000000000000000000, 1.000000000000000000 ) ;
#1729 =( NAMED_UNIT ( * ) SI_UNIT ( $, .STERADIAN. ) SOLID_ANGLE_UNIT ( ) );
#1730 =( NAMED_UNIT ( * ) SI_UNIT ( $, .STERADIAN. ) SOLID_ANGLE_UNIT ( ) );
#1731 = SURFACE_SIDE_STYLE ('',( #5211 ) ) ;
#1732 = VERTEX_POINT ( 'NONE', #8114 ) ;
#1733 = LINE ( 'NONE', #7523, #6719 ) ;
#1734 = STYLED_ITEM ( 'NONE', ( #3352 ), #4475 ) ;
#1735 = VECTOR ( 'NONE', #7301, 1000.000000000000000 ) ;
#1736 = LINE ( 'NONE', #3952, #5362 ) ;
#1737 =( GEOMETRIC_REPRESENTATION_CONTEXT ( 3 ) GLOBAL_UNCERTAINTY_ASSIGNED_CONTEXT ( ( #3292 ) ) GLOBAL_UNIT_ASSIGNED_CONTEXT ( ( #303, #6153, #7547 ) ) REPRESENTATION_CONTEXT ( 'NONE', 'WORKASPACE' ) );
#1738 = LINE ( 'NONE', #7217, #2550 ) ;
#1739 = LINE ( 'NONE', #955, #7750 ) ;
#1740 = ORIENTED_EDGE ( 'NONE', *, *, #6345, .F. ) ;
#1741 = DIRECTION ( 'NONE',  ( 0.0000000000000000000, -1.000000000000000000, 0.0000000000000000000 ) ) ;
#1742 = DIRECTION ( 'NONE',  ( 0.0000000000000000000, 0.0000000000000000000, -1.000000000000000000 ) ) ;
#1743 = ORIENTED_EDGE ( 'NONE', *, *, #6524, .F. ) ;
#1744 = VECTOR ( 'NONE', #3672, 1000.000000000000000 ) ;
#1745 = DIRECTION ( 'NONE',  ( 1.000000000000000000, 0.0000000000000000000, 0.0000000000000000000 ) ) ;
#1746 = SURFACE_STYLE_FILL_AREA ( #292 ) ;
#1747 = VECTOR ( 'NONE', #6802, 1000.000000000000000 ) ;
#1748 = ORIENTED_EDGE ( 'NONE', *, *, #7695, .T. ) ;
#1749 = CARTESIAN_POINT ( 'NONE',  ( 2.001999999999999780, 0.2025000000000000133, 1.364999999999999991 ) ) ;
#1750 = ORIENTED_EDGE ( 'NONE', *, *, #3267, .T. ) ;
#1751 = LINE ( 'NONE', #6669, #2278 ) ;
#1752 = PLANE ( 'NONE',  #5423 ) ;
#1753 = EDGE_CURVE ( 'NONE', #5496, #279, #3344, .T. ) ;
#1754 = PRESENTATION_LAYER_ASSIGNMENT (  '', '', ( #2052 ) ) ;
#1755 = CARTESIAN_POINT ( 'NONE',  ( -1.600000000000000089, 0.002500000000000000052, 0.6349999999999998979 ) ) ;
#1756 = EDGE_CURVE ( 'NONE', #6753, #4762, #1916, .T. ) ;
#1757 = DIRECTION ( 'NONE',  ( 1.000000000000000000, -0.0000000000000000000, -0.0000000000000000000 ) ) ;
#1758 = FILL_AREA_STYLE ('',( #2425 ) ) ;
#1759 = ORIENTED_EDGE ( 'NONE', *, *, #773, .T. ) ;
#1760 = PRESENTATION_STYLE_ASSIGNMENT (( #391 ) ) ;
#1761 =( GEOMETRIC_REPRESENTATION_CONTEXT ( 3 ) GLOBAL_UNCERTAINTY_ASSIGNED_CONTEXT ( ( #312 ) ) GLOBAL_UNIT_ASSIGNED_CONTEXT ( ( #6900, #6193, #8349 ) ) REPRESENTATION_CONTEXT ( 'NONE', 'WORKASPACE' ) );
#1762 = CARTESIAN_POINT ( 'NONE',  ( 0.6350000000000003419, 0.002500000000000015231, 2.000000000000000000 ) ) ;
#1763 = EDGE_LOOP ( 'NONE', ( #5099, #6605, #2707, #1892, #9137, #1750 ) ) ;
#1764 = EDGE_CURVE ( 'NONE', #9143, #1014, #2622, .T. ) ;
#1765 = CARTESIAN_POINT ( 'NONE',  ( 0.8650000000000004352, 0.2000000000000000389, 2.000000000000000000 ) ) ;
#1766 = MECHANICAL_DESIGN_GEOMETRIC_PRESENTATION_REPRESENTATION (  '', ( #1771 ), #7831 ) ;
#1767 = DIRECTION ( 'NONE',  ( -1.000000000000000000, 0.0000000000000000000, 0.0000000000000000000 ) ) ;
#1768 = MECHANICAL_DESIGN_GEOMETRIC_PRESENTATION_REPRESENTATION (  '', ( #1906 ), #5617 ) ;
#1769 = SURFACE_SIDE_STYLE ('',( #6127 ) ) ;
#1770 =( LENGTH_UNIT ( ) NAMED_UNIT ( * ) SI_UNIT ( .MILLI., .METRE. ) );
#1771 = STYLED_ITEM ( 'NONE', ( #568 ), #7259 ) ;
#1772 = ORIENTED_EDGE ( 'NONE', *, *, #8812, .T. ) ;
#1773 = CARTESIAN_POINT ( 'NONE',  ( -1.364999999999999769, 0.1999999999999999556, -2.001999999999999780 ) ) ;
#1774 = AXIS2_PLACEMENT_3D ( 'NONE', #4789, #7612, #4128 ) ;
#1775 = VECTOR ( 'NONE', #3262, 1000.000000000000000 ) ;
#1776 = LINE ( 'NONE', #5434, #4161 ) ;
#1777 = DIRECTION ( 'NONE',  ( 1.000000000000000000, 0.0000000000000000000, -0.0000000000000000000 ) ) ;
#1778 = EDGE_LOOP ( 'NONE', ( #3461, #949, #2311, #4062 ) ) ;
#1779 = VECTOR ( 'NONE', #4461, 1000.000000000000000 ) ;
#1780 =( NAMED_UNIT ( * ) PLANE_ANGLE_UNIT ( ) SI_UNIT ( $, .RADIAN. ) );
#1781 = AXIS2_PLACEMENT_3D ( 'NONE', #1519, #8500, #5738 ) ;
#1782 = SURFACE_SIDE_STYLE ('',( #8765 ) ) ;
#1783 = LINE ( 'NONE', #3917, #4725 ) ;
#1784 = VECTOR ( 'NONE', #1313, 1000.000000000000000 ) ;
#1785 = ORIENTED_EDGE ( 'NONE', *, *, #3613, .T. ) ;
#1786 = LINE ( 'NONE', #5955, #5636 ) ;
#1787 = ORIENTED_EDGE ( 'NONE', *, *, #5222, .T. ) ;
#1788 = VECTOR ( 'NONE', #4018, 1000.000000000000000 ) ;
#1789 = CARTESIAN_POINT ( 'NONE',  ( 2.001999999999999780, 0.002500000000000000052, -0.3650000000000001577 ) ) ;
#1790 = SURFACE_STYLE_FILL_AREA ( #7579 ) ;
#1791 = UNCERTAINTY_MEASURE_WITH_UNIT (LENGTH_MEASURE( 1.000000000000000082E-05 ), #2169, 'distance_accuracy_value', 'NONE');
#1792 = CARTESIAN_POINT ( 'NONE',  ( -2.000000000000000000, 0.2025000000000000133, 1.135000000000000009 ) ) ;
#1793 = VERTEX_POINT ( 'NONE', #4003 ) ;
#1794 = DIRECTION ( 'NONE',  ( 0.0000000000000000000, -0.0000000000000000000, -1.000000000000000000 ) ) ;
#1795 = CARTESIAN_POINT ( 'NONE',  ( -2.001999999999999780, 0.002500000000000000052, -1.135000000000000231 ) ) ;
#1796 = VERTEX_POINT ( 'NONE', #3922 ) ;
#1797 = CARTESIAN_POINT ( 'NONE',  ( 2.000000000000000000, 0.002500000000000000052, 1.135000000000000009 ) ) ;
#1798 =( GEOMETRIC_REPRESENTATION_CONTEXT ( 3 ) GLOBAL_UNCERTAINTY_ASSIGNED_CONTEXT ( ( #6053 ) ) GLOBAL_UNIT_ASSIGNED_CONTEXT ( ( #5595, #4283, #762 ) ) REPRESENTATION_CONTEXT ( 'NONE', 'WORKASPACE' ) );
#1799 = AXIS2_PLACEMENT_3D ( 'NONE', #923, #255, #3756 ) ;
#1800 = LINE ( 'NONE', #434, #9186 ) ;
#1801 = PRESENTATION_STYLE_ASSIGNMENT (( #3008 ) ) ;
#1802 = DIRECTION ( 'NONE',  ( -0.0000000000000000000, -1.000000000000000000, -0.0000000000000000000 ) ) ;
#1803 = VERTEX_POINT ( 'NONE', #6884 ) ;
#1804 = SURFACE_STYLE_FILL_AREA ( #8127 ) ;
#1805 = DIRECTION ( 'NONE',  ( 2.710505431213761578E-16, 0.0000000000000000000, 1.000000000000000000 ) ) ;
#1806 = ORIENTED_EDGE ( 'NONE', *, *, #845, .F. ) ;
#1807 = SURFACE_STYLE_USAGE ( .BOTH. , #8133 ) ;
#1808 = EDGE_CURVE ( 'NONE', #1524, #8590, #6102, .T. ) ;
#1809 =( GEOMETRIC_REPRESENTATION_CONTEXT ( 3 ) GLOBAL_UNCERTAINTY_ASSIGNED_CONTEXT ( ( #6924 ) ) GLOBAL_UNIT_ASSIGNED_CONTEXT ( ( #1568, #5106, #1256 ) ) REPRESENTATION_CONTEXT ( 'NONE', 'WORKASPACE' ) );
#1810 = DIRECTION ( 'NONE',  ( 0.0000000000000000000, 1.000000000000000000, 0.0000000000000000000 ) ) ;
#1811 = EDGE_CURVE ( 'NONE', #5759, #7889, #5445, .T. ) ;
#1812 = UNCERTAINTY_MEASURE_WITH_UNIT (LENGTH_MEASURE( 1.000000000000000082E-05 ), #8803, 'distance_accuracy_value', 'NONE');
#1813 = DIRECTION ( 'NONE',  ( 1.000000000000000000, 0.0000000000000000000, -4.065758146820642614E-16 ) ) ;
#1814 = ADVANCED_FACE ( 'NONE', ( #3218 ), #336, .T. ) ;
#1815 = VECTOR ( 'NONE', #7963, 1000.000000000000000 ) ;
#1816 = ADVANCED_FACE ( 'NONE', ( #6001 ), #648, .F. ) ;
#1817 = LINE ( 'NONE', #6033, #7091 ) ;
#1818 = COLOUR_RGB ( '',1.000000000000000000, 1.000000000000000000, 1.000000000000000000 ) ;
#1819 = UNCERTAINTY_MEASURE_WITH_UNIT (LENGTH_MEASURE( 1.000000000000000082E-05 ), #5265, 'distance_accuracy_value', 'NONE');
#1820 = SURFACE_STYLE_USAGE ( .BOTH. , #8099 ) ;
#1821 = EDGE_CURVE ( 'NONE', #3297, #2586, #6371, .T. ) ;
#1822 = FILL_AREA_STYLE ('',( #4599 ) ) ;
#1823 = FILL_AREA_STYLE ('',( #272 ) ) ;
#1824 = ORIENTED_EDGE ( 'NONE', *, *, #8943, .T. ) ;
#1825 = AXIS2_PLACEMENT_3D ( 'NONE', #8683, #8498, #5734 ) ;
#1826 = CARTESIAN_POINT ( 'NONE',  ( 1.135000000000000675, 0.002500000000000029976, 1.600000000000000089 ) ) ;
#1827 = VECTOR ( 'NONE', #3729, 1000.000000000000000 ) ;
#1828 = UNCERTAINTY_MEASURE_WITH_UNIT (LENGTH_MEASURE( 1.000000000000000082E-05 ), #1770, 'distance_accuracy_value', 'NONE');
#1829 = EDGE_CURVE ( 'NONE', #3481, #7341, #2713, .T. ) ;
#1830 = PRESENTATION_LAYER_ASSIGNMENT (  '', '', ( #4038 ) ) ;
#1831 = PRESENTATION_STYLE_ASSIGNMENT (( #2613 ) ) ;
#1832 = ORIENTED_EDGE ( 'NONE', *, *, #4405, .F. ) ;
#1833 = ADVANCED_FACE ( 'NONE', ( #2757 ), #7065, .F. ) ;
#1834 = DIRECTION ( 'NONE',  ( -0.0000000000000000000, -0.0000000000000000000, 1.000000000000000000 ) ) ;
#1835 = CARTESIAN_POINT ( 'NONE',  ( -2.001999999999999780, 0.2025000000000000133, -0.1350000000000001477 ) ) ;
#1836 = ORIENTED_EDGE ( 'NONE', *, *, #6276, .F. ) ;
#1837 = PRESENTATION_STYLE_ASSIGNMENT (( #3837 ) ) ;
#1838 = ORIENTED_EDGE ( 'NONE', *, *, #311, .T. ) ;
#1839 = PRESENTATION_LAYER_ASSIGNMENT (  '', '', ( #8318 ) ) ;
#1840 = FILL_AREA_STYLE ('',( #8581 ) ) ;
#1841 =( NAMED_UNIT ( * ) SI_UNIT ( $, .STERADIAN. ) SOLID_ANGLE_UNIT ( ) );
#1842 = CARTESIAN_POINT ( 'NONE',  ( 0.6350000000000003419, 0.002500000000000001787, -2.000000000000000000 ) ) ;
#1843 = ORIENTED_EDGE ( 'NONE', *, *, #6810, .F. ) ;
#1844 = FILL_AREA_STYLE ('',( #6010 ) ) ;
#1845 = STYLED_ITEM ( 'NONE', ( #8275 ), #2991 ) ;
#1846 = CARTESIAN_POINT ( 'NONE',  ( 1.365000000000000435, 2.975525575834778034E-18, -1.600000000000000089 ) ) ;
#1847 = CARTESIAN_POINT ( 'NONE',  ( 1.135000000000000453, 2.980301110709575655E-17, 2.001999999999999780 ) ) ;
#1848 = SURFACE_SIDE_STYLE ('',( #3232 ) ) ;
#1849 = CARTESIAN_POINT ( 'NONE',  ( 2.000000000000000000, 0.2024999999999999856, -0.6350000000000001199 ) ) ;
#1850 = PRESENTATION_STYLE_ASSIGNMENT (( #8874 ) ) ;
#1851 = CARTESIAN_POINT ( 'NONE',  ( 1.365000000000000435, 0.2000000000000000389, 2.000000000000000000 ) ) ;
#1852 = CARTESIAN_POINT ( 'NONE',  ( 2.000000000000000000, 0.002500000000000000052, -0.6350000000000000089 ) ) ;
#1853 = VERTEX_POINT ( 'NONE', #4932 ) ;
#1854 = FILL_AREA_STYLE ('',( #8222 ) ) ;
#1855 = EDGE_LOOP ( 'NONE', ( #8372, #2903, #6249, #1529 ) ) ;
#1856 = CARTESIAN_POINT ( 'NONE',  ( -0.3649999999999995470, -1.490150555354787828E-17, 1.600000000000000089 ) ) ;
#1857 = SURFACE_SIDE_STYLE ('',( #445 ) ) ;
#1858 = LINE ( 'NONE', #5419, #2236 ) ;
#1859 =( NAMED_UNIT ( * ) PLANE_ANGLE_UNIT ( ) SI_UNIT ( $, .RADIAN. ) );
#1860 = DIRECTION ( 'NONE',  ( -0.0000000000000000000, 0.0000000000000000000, -1.000000000000000000 ) ) ;
#1861 = COLOUR_RGB ( '',1.000000000000000000, 1.000000000000000000, 1.000000000000000000 ) ;
#1862 = CARTESIAN_POINT ( 'NONE',  ( 1.365000000000000435, 0.2000000000000000389, -2.001999999999999780 ) ) ;
#1863 = VECTOR ( 'NONE', #5110, 1000.000000000000000 ) ;
#1864 = ADVANCED_FACE ( 'NONE', ( #4269 ), #697, .T. ) ;
#1865 = ADVANCED_FACE ( 'NONE', ( #5895 ), #133, .T. ) ;
#1866 = EDGE_CURVE ( 'NONE', #1637, #7270, #5946, .T. ) ;
#1867 = CARTESIAN_POINT ( 'NONE',  ( -0.6349999999999995648, 0.002499999999999970562, 2.000000000000000000 ) ) ;
#1868 = VECTOR ( 'NONE', #2957, 1000.000000000000000 ) ;
#1869 = PRESENTATION_LAYER_ASSIGNMENT (  '', '', ( #5857 ) ) ;
#1870 = VERTEX_POINT ( 'NONE', #4326 ) ;
#1871 = SURFACE_STYLE_FILL_AREA ( #3835 ) ;
#1872 = ORIENTED_EDGE ( 'NONE', *, *, #1636, .T. ) ;
#1873 = EDGE_CURVE ( 'NONE', #7361, #6467, #3731, .T. ) ;
#1874 = COLOUR_RGB ( '',1.000000000000000000, 1.000000000000000000, 1.000000000000000000 ) ;
#1875 = STYLED_ITEM ( 'NONE', ( #1325 ), #5677 ) ;
#1876 = VECTOR ( 'NONE', #7901, 1000.000000000000000 ) ;
#1877 = EDGE_CURVE ( 'NONE', #4901, #8586, #1642, .T. ) ;
#1878 = CARTESIAN_POINT ( 'NONE',  ( -2.001999999999999780, 0.2025000000000000133, 1.135000000000000009 ) ) ;
#1879 = FACE_OUTER_BOUND ( 'NONE', #6574, .T. ) ;
#1880 = ORIENTED_EDGE ( 'NONE', *, *, #4312, .F. ) ;
#1881 = SURFACE_STYLE_USAGE ( .BOTH. , #5400 ) ;
#1882 = COLOUR_RGB ( '',1.000000000000000000, 1.000000000000000000, 1.000000000000000000 ) ;
#1883 = LINE ( 'NONE', #8163, #4531 ) ;
#1884 = ORIENTED_EDGE ( 'NONE', *, *, #7694, .F. ) ;
#1885 = CARTESIAN_POINT ( 'NONE',  ( 2.001999999999999780, 0.2025000000000000133, -0.1350000000000001477 ) ) ;
#1886 = CARTESIAN_POINT ( 'NONE',  ( 2.000000000000000000, 0.002500000000000000052, -0.3649999999999999911 ) ) ;
#1887 = MECHANICAL_DESIGN_GEOMETRIC_PRESENTATION_REPRESENTATION (  '', ( #536 ), #7231 ) ;
#1888 = LINE ( 'NONE', #4715, #7851 ) ;
#1889 = COLOUR_RGB ( '',1.000000000000000000, 1.000000000000000000, 1.000000000000000000 ) ;
#1890 = DIRECTION ( 'NONE',  ( -1.000000000000000000, 0.0000000000000000000, 0.0000000000000000000 ) ) ;
#1891 = LINE ( 'NONE', #3359, #541 ) ;
#1892 = ORIENTED_EDGE ( 'NONE', *, *, #5215, .F. ) ;
#1893 = LINE ( 'NONE', #2640, #6942 ) ;
#1894 = PRESENTATION_STYLE_ASSIGNMENT (( #8220 ) ) ;
#1895 = ORIENTED_EDGE ( 'NONE', *, *, #6079, .F. ) ;
#1896 = VECTOR ( 'NONE', #4992, 1000.000000000000000 ) ;
#1897 = ORIENTED_EDGE ( 'NONE', *, *, #2328, .F. ) ;
#1898 = SURFACE_STYLE_FILL_AREA ( #7598 ) ;
#1899 = PRESENTATION_LAYER_ASSIGNMENT (  '', '', ( #6190 ) ) ;
#1900 = LINE ( 'NONE', #8931, #7070 ) ;
#1901 = SURFACE_STYLE_FILL_AREA ( #1999 ) ;
#1902 =( LENGTH_UNIT ( ) NAMED_UNIT ( * ) SI_UNIT ( .MILLI., .METRE. ) );
#1903 = DIRECTION ( 'NONE',  ( 0.0000000000000000000, -1.000000000000000000, -0.0000000000000000000 ) ) ;
#1904 = DIRECTION ( 'NONE',  ( 0.0000000000000000000, 0.0000000000000000000, 1.000000000000000000 ) ) ;
#1905 = DIRECTION ( 'NONE',  ( -0.0000000000000000000, -1.000000000000000000, -0.0000000000000000000 ) ) ;
#1906 = STYLED_ITEM ( 'NONE', ( #5088 ), #20 ) ;
#1907 = UNCERTAINTY_MEASURE_WITH_UNIT (LENGTH_MEASURE( 1.000000000000000082E-05 ), #8458, 'distance_accuracy_value', 'NONE');
#1908 = CARTESIAN_POINT ( 'NONE',  ( 2.000000000000000000, 0.0000000000000000000, 0.3649999999999999911 ) ) ;
#1909 = EDGE_CURVE ( 'NONE', #6456, #2213, #4364, .T. ) ;
#1910 = VERTEX_POINT ( 'NONE', #8760 ) ;
#1911 = CARTESIAN_POINT ( 'NONE',  ( -0.3649999999999995470, -1.487762787917389017E-18, -1.600000000000000089 ) ) ;
#1912 = ADVANCED_FACE ( 'NONE', ( #898 ), #798, .T. ) ;
#1913 = MECHANICAL_DESIGN_GEOMETRIC_PRESENTATION_REPRESENTATION (  '', ( #4272 ), #9188 ) ;
#1914 = ORIENTED_EDGE ( 'NONE', *, *, #5897, .T. ) ;
#1915 = CARTESIAN_POINT ( 'NONE',  ( -1.134999999999999787, 0.1999999999999999556, 2.001999999999999780 ) ) ;
#1916 = LINE ( 'NONE', #7453, #3570 ) ;
#1917 = CARTESIAN_POINT ( 'NONE',  ( 1.600000000000000089, 0.0000000000000000000, 0.1349999999999998701 ) ) ;
#1918 = VECTOR ( 'NONE', #3020, 1000.000000000000000 ) ;
#1919 = VECTOR ( 'NONE', #4689, 1000.000000000000000 ) ;
#1920 = EDGE_CURVE ( 'NONE', #8971, #4548, #4650, .T. ) ;
#1921 = DIRECTION ( 'NONE',  ( -0.0000000000000000000, -0.0000000000000000000, 1.000000000000000000 ) ) ;
#1922 = ADVANCED_FACE ( 'NONE', ( #6090 ), #6832, .T. ) ;
#1923 = DIRECTION ( 'NONE',  ( -0.0000000000000000000, -0.0000000000000000000, -1.000000000000000000 ) ) ;
#1924 = ORIENTED_EDGE ( 'NONE', *, *, #1412, .F. ) ;
#1925 = DIRECTION ( 'NONE',  ( 0.0000000000000000000, 0.0000000000000000000, 1.000000000000000000 ) ) ;
#1926 = VECTOR ( 'NONE', #4336, 1000.000000000000000 ) ;
#1927 = ORIENTED_EDGE ( 'NONE', *, *, #7145, .F. ) ;
#1928 = EDGE_CURVE ( 'NONE', #6904, #5923, #2480, .T. ) ;
#1929 = STYLED_ITEM ( 'NONE', ( #1426 ), #1351 ) ;
#1930 = PRESENTATION_LAYER_ASSIGNMENT (  '', '', ( #6221 ) ) ;
#1931 = CARTESIAN_POINT ( 'NONE',  ( -2.000000000000000000, 0.9000000000000000222, -2.000000000000000000 ) ) ;
#1932 = FILL_AREA_STYLE ('',( #384 ) ) ;
#1933 = DIRECTION ( 'NONE',  ( 0.0000000000000000000, 0.0000000000000000000, 1.000000000000000000 ) ) ;
#1934 = EDGE_CURVE ( 'NONE', #1361, #8164, #6875, .T. ) ;
#1935 = ORIENTED_EDGE ( 'NONE', *, *, #1091, .T. ) ;
#1936 = MECHANICAL_DESIGN_GEOMETRIC_PRESENTATION_REPRESENTATION (  '', ( #744 ), #2538 ) ;
#1937 = LINE ( 'NONE', #1332, #1034 ) ;
#1938 = VECTOR ( 'NONE', #5816, 1000.000000000000000 ) ;
#1939 = EDGE_LOOP ( 'NONE', ( #6318, #5979, #2352, #7072 ) ) ;
#1940 = SURFACE_STYLE_FILL_AREA ( #6157 ) ;
#1941 = SURFACE_STYLE_FILL_AREA ( #2777 ) ;
#1942 = PRESENTATION_LAYER_ASSIGNMENT (  '', '', ( #6830 ) ) ;
#1943 = VERTEX_POINT ( 'NONE', #2529 ) ;
#1944 = SURFACE_SIDE_STYLE ('',( #7554 ) ) ;
#1945 = CARTESIAN_POINT ( 'NONE',  ( 0.8650000000000004352, 1.487762787917389017E-18, -1.600000000000000089 ) ) ;
#1946 = VECTOR ( 'NONE', #3173, 1000.000000000000000 ) ;
#1947 = VECTOR ( 'NONE', #1545, 1000.000000000000000 ) ;
#1948 = PLANE ( 'NONE',  #6760 ) ;
#1949 = DIRECTION ( 'NONE',  ( -1.000000000000000000, 0.0000000000000000000, -0.0000000000000000000 ) ) ;
#1950 = CARTESIAN_POINT ( 'NONE',  ( -2.001999999999999780, 0.002500000000000000052, 0.8649999999999998801 ) ) ;
#1951 = FILL_AREA_STYLE ('',( #8276 ) ) ;
#1952 = SURFACE_STYLE_FILL_AREA ( #592 ) ;
#1953 = SURFACE_STYLE_USAGE ( .BOTH. , #8187 ) ;
#1954 =( LENGTH_UNIT ( ) NAMED_UNIT ( * ) SI_UNIT ( .MILLI., .METRE. ) );
#1955 = FILL_AREA_STYLE ('',( #7608 ) ) ;
#1956 = VERTEX_POINT ( 'NONE', #3249 ) ;
#1957 = CARTESIAN_POINT ( 'NONE',  ( -2.001999999999999780, 0.002500000000000000052, 1.364999999999999991 ) ) ;
#1958 = CARTESIAN_POINT ( 'NONE',  ( 0.1350000000000003419, 0.0000000000000000000, -2.001999999999999780 ) ) ;
#1959 = PLANE ( 'NONE',  #1774 ) ;
#1960 = COLOUR_RGB ( '',1.000000000000000000, 1.000000000000000000, 1.000000000000000000 ) ;
#1961 =( GEOMETRIC_REPRESENTATION_CONTEXT ( 3 ) GLOBAL_UNCERTAINTY_ASSIGNED_CONTEXT ( ( #1819 ) ) GLOBAL_UNIT_ASSIGNED_CONTEXT ( ( #5265, #337, #1556 ) ) REPRESENTATION_CONTEXT ( 'NONE', 'WORKASPACE' ) );
#1962 = ORIENTED_EDGE ( 'NONE', *, *, #8130, .T. ) ;
#1963 =( GEOMETRIC_REPRESENTATION_CONTEXT ( 3 ) GLOBAL_UNCERTAINTY_ASSIGNED_CONTEXT ( ( #587 ) ) GLOBAL_UNIT_ASSIGNED_CONTEXT ( ( #3673, #1040, #7929 ) ) REPRESENTATION_CONTEXT ( 'NONE', 'WORKASPACE' ) );
#1964 = STYLED_ITEM ( 'NONE', ( #7965 ), #2779 ) ;
#1965 = EDGE_CURVE ( 'NONE', #3349, #5744, #1776, .T. ) ;
#1966 =( NAMED_UNIT ( * ) PLANE_ANGLE_UNIT ( ) SI_UNIT ( $, .RADIAN. ) );
#1967 = PRESENTATION_STYLE_ASSIGNMENT (( #514 ) ) ;
#1968 = ORIENTED_EDGE ( 'NONE', *, *, #718, .T. ) ;
#1969 = CARTESIAN_POINT ( 'NONE',  ( -2.001999999999999780, 0.2025000000000000133, -1.365000000000000213 ) ) ;
#1970 = FILL_AREA_STYLE ('',( #7715 ) ) ;
#1971 = ORIENTED_EDGE ( 'NONE', *, *, #323, .F. ) ;
#1972 = DIRECTION ( 'NONE',  ( 0.0000000000000000000, -1.000000000000000000, 0.0000000000000000000 ) ) ;
#1973 = CARTESIAN_POINT ( 'NONE',  ( -2.000000000000000000, 0.0000000000000000000, -0.6350000000000000089 ) ) ;
#1974 = PRESENTATION_LAYER_ASSIGNMENT (  '', '', ( #1102 ) ) ;
#1975 = EDGE_CURVE ( 'NONE', #5182, #7676, #8236, .T. ) ;
#1976 = EDGE_CURVE ( 'NONE', #8778, #7290, #1736, .T. ) ;
#1977 = DIRECTION ( 'NONE',  ( 0.0000000000000000000, 0.0000000000000000000, -1.000000000000000000 ) ) ;
#1978 = EDGE_CURVE ( 'NONE', #238, #864, #3913, .T. ) ;
#1979 = DIRECTION ( 'NONE',  ( -0.0000000000000000000, -1.000000000000000000, -0.0000000000000000000 ) ) ;
#1980 = EDGE_CURVE ( 'NONE', #7270, #4723, #3206, .T. ) ;
#1981 = DIRECTION ( 'NONE',  ( 0.0000000000000000000, 1.000000000000000000, 0.0000000000000000000 ) ) ;
#1982 = PRESENTATION_STYLE_ASSIGNMENT (( #9007 ) ) ;
#1984 = ORIENTED_EDGE ( 'NONE', *, *, #5256, .F. ) ;
#1983 = AXIS2_PLACEMENT_3D ( 'NONE', #8570, #1595, #1546 ) ;
#1985 = FILL_AREA_STYLE ('',( #6811 ) ) ;
#1986 = DIRECTION ( 'NONE',  ( 0.0000000000000000000, 0.0000000000000000000, 1.000000000000000000 ) ) ;
#1987 = ORIENTED_EDGE ( 'NONE', *, *, #5000, .T. ) ;
#1988 = FILL_AREA_STYLE ('',( #1242 ) ) ;
#1989 = ORIENTED_EDGE ( 'NONE', *, *, #4492, .T. ) ;
#1990 = LINE ( 'NONE', #4809, #4305 ) ;
#1991 = EDGE_CURVE ( 'NONE', #716, #6476, #7394, .T. ) ;
#1992 = SURFACE_STYLE_USAGE ( .BOTH. , #1857 ) ;
#1993 = FACE_OUTER_BOUND ( 'NONE', #2558, .T. ) ;
#1994 = EDGE_CURVE ( 'NONE', #3442, #8495, #7525, .T. ) ;
#1995 = UNCERTAINTY_MEASURE_WITH_UNIT (LENGTH_MEASURE( 1.000000000000000082E-05 ), #1205, 'distance_accuracy_value', 'NONE');
#1996 = LINE ( 'NONE', #1167, #8677 ) ;
#1997 = CARTESIAN_POINT ( 'NONE',  ( -0.6349999999999995648, 0.1999999999999999833, -2.000000000000000000 ) ) ;
#1998 = UNCERTAINTY_MEASURE_WITH_UNIT (LENGTH_MEASURE( 1.000000000000000082E-05 ), #3686, 'distance_accuracy_value', 'NONE');
#1999 = FILL_AREA_STYLE ('',( #1250 ) ) ;
#2000 = CARTESIAN_POINT ( 'NONE',  ( -1.134999999999999787, 0.1999999999999999556, 2.001999999999999780 ) ) ;
#2001 = CARTESIAN_POINT ( 'NONE',  ( 0.6350000000000003419, 1.490150555354787828E-17, -2.001999999999999780 ) ) ;
#2002 =( LENGTH_UNIT ( ) NAMED_UNIT ( * ) SI_UNIT ( .MILLI., .METRE. ) );
#2003 = LINE ( 'NONE', #5429, #7115 ) ;
#2004 = SURFACE_STYLE_FILL_AREA ( #3378 ) ;
#2005 = CARTESIAN_POINT ( 'NONE',  ( -1.134999999999999787, 0.002499999999999995715, -2.000000000000000000 ) ) ;
#2006 = FILL_AREA_STYLE_COLOUR ( '', #3887 ) ;
#2007 = FILL_AREA_STYLE ('',( #688 ) ) ;
#2008 = AXIS2_PLACEMENT_3D ( 'NONE', #1634, #2155, #3674 ) ;
#2009 = STYLED_ITEM ( 'NONE', ( #5413 ), #3333 ) ;
#2010 = CARTESIAN_POINT ( 'NONE',  ( 0.8650000000000004352, 1.490150555354787828E-17, 2.001999999999999780 ) ) ;
#2011 = ORIENTED_EDGE ( 'NONE', *, *, #4419, .T. ) ;
#2012 = PLANE ( 'NONE',  #886 ) ;
#2013 = PRESENTATION_STYLE_ASSIGNMENT (( #6178 ) ) ;
#2014 = DIRECTION ( 'NONE',  ( -2.710505431213761578E-16, 0.0000000000000000000, 1.000000000000000000 ) ) ;
#2015 = ORIENTED_EDGE ( 'NONE', *, *, #3269, .T. ) ;
#2016 =( GEOMETRIC_REPRESENTATION_CONTEXT ( 3 ) GLOBAL_UNCERTAINTY_ASSIGNED_CONTEXT ( ( #2827 ) ) GLOBAL_UNIT_ASSIGNED_CONTEXT ( ( #971, #2318, #2423 ) ) REPRESENTATION_CONTEXT ( 'NONE', 'WORKASPACE' ) );
#2017 = PRESENTATION_LAYER_ASSIGNMENT (  '', '', ( #5417 ) ) ;
#2018 = FILL_AREA_STYLE ('',( #3437 ) ) ;
#2019 = AXIS2_PLACEMENT_3D ( 'NONE', #3659, #978, #5198 ) ;
#2020 = FACE_OUTER_BOUND ( 'NONE', #4100, .T. ) ;
#2021 = LINE ( 'NONE', #2585, #7108 ) ;
#2022 = VECTOR ( 'NONE', #8339, 1000.000000000000000 ) ;
#2023 = CARTESIAN_POINT ( 'NONE',  ( -2.000000000000000000, 0.0000000000000000000, -1.135000000000000009 ) ) ;
#2024 = ORIENTED_EDGE ( 'NONE', *, *, #7385, .F. ) ;
#2025 = VECTOR ( 'NONE', #8351, 1000.000000000000000 ) ;
#2026 = FACE_OUTER_BOUND ( 'NONE', #2967, .T. ) ;
#2027 = MECHANICAL_DESIGN_GEOMETRIC_PRESENTATION_REPRESENTATION (  '', ( #8384 ), #5872 ) ;
#2028 = AXIS2_PLACEMENT_3D ( 'NONE', #9103, #2638, #4147 ) ;
#2029 = CARTESIAN_POINT ( 'NONE',  ( -0.3649999999999996581, 0.002500000000000000052, -2.000000000000000000 ) ) ;
#2030 = SURFACE_STYLE_FILL_AREA ( #2683 ) ;
#2031 =( LENGTH_UNIT ( ) NAMED_UNIT ( * ) SI_UNIT ( .MILLI., .METRE. ) );
#2032 = VECTOR ( 'NONE', #7786, 1000.000000000000000 ) ;
#2033 = PRESENTATION_STYLE_ASSIGNMENT (( #7589 ) ) ;
#2034 = VERTEX_POINT ( 'NONE', #4166 ) ;
#2035 =( NAMED_UNIT ( * ) PLANE_ANGLE_UNIT ( ) SI_UNIT ( $, .RADIAN. ) );
#2036 = ORIENTED_EDGE ( 'NONE', *, *, #5109, .T. ) ;
#2037 = DIRECTION ( 'NONE',  ( 0.0000000000000000000, 1.000000000000000000, 0.0000000000000000000 ) ) ;
#2038 = ORIENTED_EDGE ( 'NONE', *, *, #6686, .F. ) ;
#2039 = EDGE_CURVE ( 'NONE', #1796, #442, #2703, .T. ) ;
#2040 = CARTESIAN_POINT ( 'NONE',  ( 2.001999999999999780, 0.2025000000000000133, -1.135000000000000231 ) ) ;
#2041 = AXIS2_PLACEMENT_3D ( 'NONE', #2698, #3322, #3283 ) ;
#2042 =( GEOMETRIC_REPRESENTATION_CONTEXT ( 3 ) GLOBAL_UNCERTAINTY_ASSIGNED_CONTEXT ( ( #1828 ) ) GLOBAL_UNIT_ASSIGNED_CONTEXT ( ( #1770, #3904, #5651 ) ) REPRESENTATION_CONTEXT ( 'NONE', 'WORKASPACE' ) );
#2043 = DIRECTION ( 'NONE',  ( -1.000000000000000000, 0.0000000000000000000, 0.0000000000000000000 ) ) ;
#2044 = DIRECTION ( 'NONE',  ( -1.000000000000000000, -0.0000000000000000000, -0.0000000000000000000 ) ) ;
#2045 = SURFACE_STYLE_USAGE ( .BOTH. , #6298 ) ;
#2046 = DIRECTION ( 'NONE',  ( -0.0000000000000000000, 0.0000000000000000000, 1.000000000000000000 ) ) ;
#2047 = EDGE_CURVE ( 'NONE', #6004, #1853, #6259, .T. ) ;
#2048 = DIRECTION ( 'NONE',  ( -0.0000000000000000000, -1.000000000000000000, -0.0000000000000000000 ) ) ;
#2049 = CARTESIAN_POINT ( 'NONE',  ( 2.001999999999999780, 0.002500000000000000052, -1.365000000000000213 ) ) ;
#2050 = EDGE_CURVE ( 'NONE', #2200, #8430, #552, .T. ) ;
#2051 = ORIENTED_EDGE ( 'NONE', *, *, #2514, .F. ) ;
#2052 = STYLED_ITEM ( 'NONE', ( #8611 ), #6687 ) ;
#2053 = FILL_AREA_STYLE_COLOUR ( '', #5029 ) ;
#2054 = SURFACE_STYLE_USAGE ( .BOTH. , #4121 ) ;
#2055 = PRESENTATION_STYLE_ASSIGNMENT (( #6876 ) ) ;
#2056 = DIRECTION ( 'NONE',  ( 0.0000000000000000000, 0.0000000000000000000, 1.000000000000000000 ) ) ;
#2057 = DIRECTION ( 'NONE',  ( -1.000000000000000000, 0.0000000000000000000, 0.0000000000000000000 ) ) ;
#2058 = ORIENTED_EDGE ( 'NONE', *, *, #2271, .T. ) ;
#2059 = DIRECTION ( 'NONE',  ( 1.000000000000000000, 0.0000000000000000000, 0.0000000000000000000 ) ) ;
#2060 = FACE_OUTER_BOUND ( 'NONE', #6816, .T. ) ;
#2061 = VERTEX_POINT ( 'NONE', #6216 ) ;
#2062 = SURFACE_SIDE_STYLE ('',( #8990 ) ) ;
#2063 =( GEOMETRIC_REPRESENTATION_CONTEXT ( 3 ) GLOBAL_UNCERTAINTY_ASSIGNED_CONTEXT ( ( #787 ) ) GLOBAL_UNIT_ASSIGNED_CONTEXT ( ( #4193, #3096, #3178 ) ) REPRESENTATION_CONTEXT ( 'NONE', 'WORKASPACE' ) );
#2064 = SURFACE_STYLE_FILL_AREA ( #2018 ) ;
#2065 = CARTESIAN_POINT ( 'NONE',  ( -1.600000000000000089, 0.002500000000000000052, 0.1349999999999998701 ) ) ;
#2066 = SURFACE_STYLE_USAGE ( .BOTH. , #972 ) ;
#2067 = PRESENTATION_LAYER_ASSIGNMENT (  '', '', ( #7104 ) ) ;
#2068 = DIRECTION ( 'NONE',  ( -1.000000000000000000, 0.0000000000000000000, -0.0000000000000000000 ) ) ;
#2069 = ORIENTED_EDGE ( 'NONE', *, *, #8421, .F. ) ;
#2070 = PRESENTATION_LAYER_ASSIGNMENT (  '', '', ( #5323 ) ) ;
#2071 = LINE ( 'NONE', #8441, #8962 ) ;
#2072 = DIRECTION ( 'NONE',  ( 0.0000000000000000000, -0.0000000000000000000, -1.000000000000000000 ) ) ;
#2073 = COLOUR_RGB ( '',1.000000000000000000, 1.000000000000000000, 1.000000000000000000 ) ;
#2074 = VECTOR ( 'NONE', #2345, 1000.000000000000000 ) ;
#2075 = PRESENTATION_STYLE_ASSIGNMENT (( #8343 ) ) ;
#2076 = LINE ( 'NONE', #8492, #2846 ) ;
#2077 = VECTOR ( 'NONE', #4654, 1000.000000000000000 ) ;
#2078 = ORIENTED_EDGE ( 'NONE', *, *, #2936, .T. ) ;
#2079 = CARTESIAN_POINT ( 'NONE',  ( 0.8650000000000004352, 0.2000000000000000389, 2.000000000000000000 ) ) ;
#2080 = DIRECTION ( 'NONE',  ( 0.0000000000000000000, 0.0000000000000000000, 1.000000000000000000 ) ) ;
#2081 = ORIENTED_EDGE ( 'NONE', *, *, #2218, .F. ) ;
#2082 = SURFACE_STYLE_FILL_AREA ( #1988 ) ;
#2083 = CARTESIAN_POINT ( 'NONE',  ( 1.600000000000000089, 0.0000000000000000000, 0.1349999999999998701 ) ) ;
#2084 = PRESENTATION_LAYER_ASSIGNMENT (  '', '', ( #5777 ) ) ;
#2085 = COLOUR_RGB ( '',1.000000000000000000, 1.000000000000000000, 1.000000000000000000 ) ;
#2086 = DIRECTION ( 'NONE',  ( 1.000000000000000000, 0.0000000000000000000, 0.0000000000000000000 ) ) ;
#2087 =( NAMED_UNIT ( * ) PLANE_ANGLE_UNIT ( ) SI_UNIT ( $, .RADIAN. ) );
#2088 =( GEOMETRIC_REPRESENTATION_CONTEXT ( 3 ) GLOBAL_UNCERTAINTY_ASSIGNED_CONTEXT ( ( #4209 ) ) GLOBAL_UNIT_ASSIGNED_CONTEXT ( ( #3355, #9003, #1280 ) ) REPRESENTATION_CONTEXT ( 'NONE', 'WORKASPACE' ) );
#2089 =( GEOMETRIC_REPRESENTATION_CONTEXT ( 3 ) GLOBAL_UNCERTAINTY_ASSIGNED_CONTEXT ( ( #7830 ) ) GLOBAL_UNIT_ASSIGNED_CONTEXT ( ( #8638, #816, #5972 ) ) REPRESENTATION_CONTEXT ( 'NONE', 'WORKASPACE' ) );
#2090 = UNCERTAINTY_MEASURE_WITH_UNIT (LENGTH_MEASURE( 1.000000000000000082E-05 ), #3903, 'distance_accuracy_value', 'NONE');
#2091 = CARTESIAN_POINT ( 'NONE',  ( 0.8650000000000004352, 0.2000000000000000389, -2.001999999999999780 ) ) ;
#2092 = ADVANCED_FACE ( 'NONE', ( #4078 ), #8376, .F. ) ;
#2093 = UNCERTAINTY_MEASURE_WITH_UNIT (LENGTH_MEASURE( 1.000000000000000082E-05 ), #4547, 'distance_accuracy_value', 'NONE');
#2094 = DIRECTION ( 'NONE',  ( 0.0000000000000000000, 0.0000000000000000000, -1.000000000000000000 ) ) ;
#2095 = PRESENTATION_LAYER_ASSIGNMENT (  '', '', ( #9192 ) ) ;
#2096 = SURFACE_STYLE_USAGE ( .BOTH. , #4912 ) ;
#2097 = DIRECTION ( 'NONE',  ( 0.0000000000000000000, -1.000000000000000000, 0.0000000000000000000 ) ) ;
#2098 =( NAMED_UNIT ( * ) PLANE_ANGLE_UNIT ( ) SI_UNIT ( $, .RADIAN. ) );
#2099 = VERTEX_POINT ( 'NONE', #2791 ) ;
#2100 = ORIENTED_EDGE ( 'NONE', *, *, #4763, .F. ) ;
#2101 = MECHANICAL_DESIGN_GEOMETRIC_PRESENTATION_REPRESENTATION (  '', ( #7860 ), #306 ) ;
#2102 = EDGE_CURVE ( 'NONE', #5649, #5449, #6307, .T. ) ;
#2103 = ADVANCED_FACE ( 'NONE', ( #872 ), #8327, .T. ) ;
#2104 = FILL_AREA_STYLE ('',( #2006 ) ) ;
#2105 = DIRECTION ( 'NONE',  ( -0.0000000000000000000, -0.0000000000000000000, 1.000000000000000000 ) ) ;
#2106 = VECTOR ( 'NONE', #9033, 1000.000000000000000 ) ;
#2107 = EDGE_CURVE ( 'NONE', #1956, #7931, #3103, .T. ) ;
#2108 = UNCERTAINTY_MEASURE_WITH_UNIT (LENGTH_MEASURE( 1.000000000000000082E-05 ), #343, 'distance_accuracy_value', 'NONE');
#2109 = CARTESIAN_POINT ( 'NONE',  ( -2.001999999999999780, 0.002500000000000000052, -0.1350000000000001477 ) ) ;
#2110 = ORIENTED_EDGE ( 'NONE', *, *, #3621, .F. ) ;
#2111 = LINE ( 'NONE', #1394, #2032 ) ;
#2112 = AXIS2_PLACEMENT_3D ( 'NONE', #5891, #943, #6602 ) ;
#2113 = LINE ( 'NONE', #8426, #8030 ) ;
#2114 = FILL_AREA_STYLE ('',( #8292 ) ) ;
#2115 =( LENGTH_UNIT ( ) NAMED_UNIT ( * ) SI_UNIT ( .MILLI., .METRE. ) );
#2116 = EDGE_LOOP ( 'NONE', ( #2205, #8804, #3037, #5166 ) ) ;
#2117 = CARTESIAN_POINT ( 'NONE',  ( 1.250000000000000000, 0.002500000000000000052, 1.000000000000000000 ) ) ;
#2118 = STYLED_ITEM ( 'NONE', ( #7509 ), #2286 ) ;
#2119 = EDGE_CURVE ( 'NONE', #6456, #2486, #6587, .T. ) ;
#2120 = FILL_AREA_STYLE_COLOUR ( '', #7569 ) ;
#2121 = EDGE_CURVE ( 'NONE', #6420, #3349, #7288, .T. ) ;
#2122 = CARTESIAN_POINT ( 'NONE',  ( -1.364999999999999547, 0.1999999999999999833, -2.000000000000000000 ) ) ;
#2123 = DIRECTION ( 'NONE',  ( 0.0000000000000000000, -0.0000000000000000000, 1.000000000000000000 ) ) ;
#2124 = VERTEX_POINT ( 'NONE', #7468 ) ;
#2125 = VECTOR ( 'NONE', #3779, 1000.000000000000000 ) ;
#2126 = FILL_AREA_STYLE_COLOUR ( '', #4086 ) ;
#2127 = ORIENTED_EDGE ( 'NONE', *, *, #856, .T. ) ;
#2128 = CARTESIAN_POINT ( 'NONE',  ( -0.6349999999999995648, 0.002499999999999997450, -2.000000000000000000 ) ) ;
#2129 = COLOUR_RGB ( '',0.7529411764705882248, 0.7529411764705882248, 0.7529411764705882248 ) ;
#2130 = LINE ( 'NONE', #5593, #2539 ) ;
#2131 = DIRECTION ( 'NONE',  ( 1.000000000000000000, 0.0000000000000000000, -4.065758146820642614E-16 ) ) ;
#2132 = ORIENTED_EDGE ( 'NONE', *, *, #7216, .T. ) ;
#2133 = CARTESIAN_POINT ( 'NONE',  ( -1.600000000000000089, 0.002500000000000000052, -0.3650000000000001577 ) ) ;
#2134 = PLANE ( 'NONE',  #3940 ) ;
#2135 = ORIENTED_EDGE ( 'NONE', *, *, #261, .T. ) ;
#2136 = DIRECTION ( 'NONE',  ( 0.0000000000000000000, -0.0000000000000000000, -1.000000000000000000 ) ) ;
#2137 = CARTESIAN_POINT ( 'NONE',  ( 0.3650000000000004352, 0.0000000000000000000, -2.001999999999999780 ) ) ;
#2138 = FILL_AREA_STYLE ('',( #9113 ) ) ;
#2139 = COLOUR_RGB ( '',1.000000000000000000, 1.000000000000000000, 1.000000000000000000 ) ;
#2140 = CARTESIAN_POINT ( 'NONE',  ( -2.001999999999999780, 0.002500000000000000052, -1.365000000000000213 ) ) ;
#2141 = DIRECTION ( 'NONE',  ( 0.0000000000000000000, -1.000000000000000000, 0.0000000000000000000 ) ) ;
#2142 = LINE ( 'NONE', #5787, #5611 ) ;
#2143 = LINE ( 'NONE', #3013, #6296 ) ;
#2144 = FACE_OUTER_BOUND ( 'NONE', #4671, .T. ) ;
#2145 = VERTEX_POINT ( 'NONE', #2371 ) ;
#2146 = DIRECTION ( 'NONE',  ( -0.0000000000000000000, -1.000000000000000000, -0.0000000000000000000 ) ) ;
#2147 = ORIENTED_EDGE ( 'NONE', *, *, #2323, .F. ) ;
#2148 = SURFACE_STYLE_FILL_AREA ( #5072 ) ;
#2149 = CARTESIAN_POINT ( 'NONE',  ( 2.001999999999999780, 0.2025000000000000133, 0.1349999999999998701 ) ) ;
#2150 = CARTESIAN_POINT ( 'NONE',  ( 1.365000000000000435, 0.2000000000000000389, 2.001999999999999780 ) ) ;
#2151 = SURFACE_SIDE_STYLE ('',( #5669 ) ) ;
#2152 = ORIENTED_EDGE ( 'NONE', *, *, #4870, .F. ) ;
#2153 = CARTESIAN_POINT ( 'NONE',  ( -1.134999999999999787, -4.470451666064363791E-17, 2.001999999999999780 ) ) ;
#2154 = EDGE_CURVE ( 'NONE', #84, #2733, #8050, .T. ) ;
#2155 = DIRECTION ( 'NONE',  ( 1.000000000000000000, 0.0000000000000000000, 0.0000000000000000000 ) ) ;
#2156 = ADVANCED_FACE ( 'NONE', ( #6676 ), #3759, .F. ) ;
#2157 = VERTEX_POINT ( 'NONE', #6722 ) ;
#2158 = PRESENTATION_STYLE_ASSIGNMENT (( #2299 ) ) ;
#2159 = CARTESIAN_POINT ( 'NONE',  ( 0.6350000000000003419, 0.002500000000000001787, -2.000000000000000000 ) ) ;
#2160 = CARTESIAN_POINT ( 'NONE',  ( 2.000000000000000000, 0.002500000000000000052, 1.365000000000000213 ) ) ;
#2161 = ORIENTED_EDGE ( 'NONE', *, *, #1400, .T. ) ;
#2162 = VERTEX_POINT ( 'NONE', #1114 ) ;
#2163 = EDGE_CURVE ( 'NONE', #8164, #6510, #8007, .T. ) ;
#2164 = CARTESIAN_POINT ( 'NONE',  ( -1.134999999999999787, 0.1999999999999999556, 2.001999999999999780 ) ) ;
#2165 = PRESENTATION_LAYER_ASSIGNMENT (  '', '', ( #8340 ) ) ;
#2166 = CARTESIAN_POINT ( 'NONE',  ( -2.000000000000000000, 0.002500000000000000052, -0.6350000000000000089 ) ) ;
#2167 = COLOUR_RGB ( '',1.000000000000000000, 1.000000000000000000, 1.000000000000000000 ) ;
#2168 = EDGE_CURVE ( 'NONE', #3038, #5814, #344, .T. ) ;
#2169 =( LENGTH_UNIT ( ) NAMED_UNIT ( * ) SI_UNIT ( .MILLI., .METRE. ) );
#2170 = CARTESIAN_POINT ( 'NONE',  ( -2.000000000000000000, 0.002500000000000000052, -0.3649999999999999911 ) ) ;
#2171 = VECTOR ( 'NONE', #8002, 1000.000000000000000 ) ;
#2172 = FILL_AREA_STYLE ('',( #7854 ) ) ;
#2173 = LINE ( 'NONE', #4993, #4987 ) ;
#2174 = ORIENTED_EDGE ( 'NONE', *, *, #3004, .T. ) ;
#2175 =( NAMED_UNIT ( * ) SI_UNIT ( $, .STERADIAN. ) SOLID_ANGLE_UNIT ( ) );
#2176 =( GEOMETRIC_REPRESENTATION_CONTEXT ( 3 ) GLOBAL_UNCERTAINTY_ASSIGNED_CONTEXT ( ( #7654 ) ) GLOBAL_UNIT_ASSIGNED_CONTEXT ( ( #2279, #6436, #4350 ) ) REPRESENTATION_CONTEXT ( 'NONE', 'WORKASPACE' ) );
#2177 = DIRECTION ( 'NONE',  ( 0.0000000000000000000, -0.0000000000000000000, -1.000000000000000000 ) ) ;
#2178 = ORIENTED_EDGE ( 'NONE', *, *, #1527, .F. ) ;
#2179 = DIRECTION ( 'NONE',  ( 0.0000000000000000000, 1.000000000000000000, 0.0000000000000000000 ) ) ;
#2180 = FACE_OUTER_BOUND ( 'NONE', #6983, .T. ) ;
#2181 = LINE ( 'NONE', #5695, #4610 ) ;
#2182 = VECTOR ( 'NONE', #5722, 1000.000000000000000 ) ;
#2183 = STYLED_ITEM ( 'NONE', ( #8862 ), #3623 ) ;
#2184 = CARTESIAN_POINT ( 'NONE',  ( 2.001999999999999780, 0.002500000000000000052, 0.3649999999999998801 ) ) ;
#2185 =( GEOMETRIC_REPRESENTATION_CONTEXT ( 3 ) GLOBAL_UNCERTAINTY_ASSIGNED_CONTEXT ( ( #5806 ) ) GLOBAL_UNIT_ASSIGNED_CONTEXT ( ( #9183, #5207, #2561 ) ) REPRESENTATION_CONTEXT ( 'NONE', 'WORKASPACE' ) );
#2186 = DIRECTION ( 'NONE',  ( 0.0000000000000000000, -0.0000000000000000000, 1.000000000000000000 ) ) ;
#2187 = COLOUR_RGB ( '',1.000000000000000000, 1.000000000000000000, 1.000000000000000000 ) ;
#2188 = PRODUCT_DEFINITION_CONTEXT ( 'detailed design', #112, 'design' ) ;
#2189 = CARTESIAN_POINT ( 'NONE',  ( 2.001999999999999780, 0.002500000000000000052, -0.8650000000000001021 ) ) ;
#2190 = EDGE_LOOP ( 'NONE', ( #743, #7613, #190, #3704 ) ) ;
#2191 = DIRECTION ( 'NONE',  ( 1.000000000000000000, 0.0000000000000000000, 0.0000000000000000000 ) ) ;
#2192 =( NAMED_UNIT ( * ) SI_UNIT ( $, .STERADIAN. ) SOLID_ANGLE_UNIT ( ) );
#2193 = VECTOR ( 'NONE', #2388, 1000.000000000000000 ) ;
#2194 = ORIENTED_EDGE ( 'NONE', *, *, #6643, .F. ) ;
#2195 = SURFACE_STYLE_FILL_AREA ( #2833 ) ;
#2196 = AXIS2_PLACEMENT_3D ( 'NONE', #862, #4286, #809 ) ;
#2197 = FILL_AREA_STYLE ('',( #8511 ) ) ;
#2198 = SURFACE_SIDE_STYLE ('',( #4826 ) ) ;
#2199 =( NAMED_UNIT ( * ) SI_UNIT ( $, .STERADIAN. ) SOLID_ANGLE_UNIT ( ) );
#2200 = VERTEX_POINT ( 'NONE', #1674 ) ;
#2201 = DIRECTION ( 'NONE',  ( -0.0000000000000000000, -1.000000000000000000, -0.0000000000000000000 ) ) ;
#2202 =( NAMED_UNIT ( * ) SI_UNIT ( $, .STERADIAN. ) SOLID_ANGLE_UNIT ( ) );
#2203 = CARTESIAN_POINT ( 'NONE',  ( -2.001999999999999780, 0.2025000000000000133, -0.1350000000000001477 ) ) ;
#2204 = MECHANICAL_DESIGN_GEOMETRIC_PRESENTATION_REPRESENTATION (  '', ( #4098 ), #7386 ) ;
#2205 = ORIENTED_EDGE ( 'NONE', *, *, #6342, .T. ) ;
#2206 = DIRECTION ( 'NONE',  ( -2.710505431213761578E-16, 0.0000000000000000000, -1.000000000000000000 ) ) ;
#2207 = VECTOR ( 'NONE', #8629, 1000.000000000000000 ) ;
#2208 =( LENGTH_UNIT ( ) NAMED_UNIT ( * ) SI_UNIT ( .MILLI., .METRE. ) );
#2209 = ORIENTED_EDGE ( 'NONE', *, *, #2232, .T. ) ;
#2210 = ADVANCED_FACE ( 'NONE', ( #6629 ), #8737, .T. ) ;
#2211 = CARTESIAN_POINT ( 'NONE',  ( -1.600000000000000089, 0.002500000000000000052, -1.365000000000000213 ) ) ;
#2212 = CARTESIAN_POINT ( 'NONE',  ( 2.001999999999999780, 0.2025000000000000133, 0.1349999999999998701 ) ) ;
#2213 = VERTEX_POINT ( 'NONE', #8915 ) ;
#2214 = SURFACE_STYLE_FILL_AREA ( #853 ) ;
#2215 = LINE ( 'NONE', #2946, #3062 ) ;
#2216 = EDGE_LOOP ( 'NONE', ( #5015, #1652, #8120, #908 ) ) ;
#2217 = ADVANCED_FACE ( 'NONE', ( #6806 ), #9004, .F. ) ;
#2218 = EDGE_CURVE ( 'NONE', #2409, #1719, #6944, .T. ) ;
#2219 = LINE ( 'NONE', #763, #4914 ) ;
#2220 = SURFACE_SIDE_STYLE ('',( #2955 ) ) ;
#2221 = ORIENTED_EDGE ( 'NONE', *, *, #6062, .T. ) ;
#2222 = EDGE_CURVE ( 'NONE', #3227, #1547, #6855, .T. ) ;
#2223 = DIRECTION ( 'NONE',  ( 2.710505431213761578E-16, 0.0000000000000000000, 1.000000000000000000 ) ) ;
#2224 = CIRCLE ( 'NONE', #7973, 0.1000000000000000472 ) ;
#2225 = FILL_AREA_STYLE_COLOUR ( '', #4677 ) ;
#2226 = ORIENTED_EDGE ( 'NONE', *, *, #4921, .F. ) ;
#2227 = CARTESIAN_POINT ( 'NONE',  ( -2.001999999999999780, 0.002500000000000000052, -0.8650000000000001021 ) ) ;
#2228 = DIRECTION ( 'NONE',  ( -0.0000000000000000000, -1.000000000000000000, -0.0000000000000000000 ) ) ;
#2229 = AXIS2_PLACEMENT_3D ( 'NONE', #5545, #3598, #48 ) ;
#2230 = AXIS2_PLACEMENT_3D ( 'NONE', #4829, #9041, #6881 ) ;
#2231 = LINE ( 'NONE', #3412, #7558 ) ;
#2232 = EDGE_CURVE ( 'NONE', #7461, #8956, #6112, .T. ) ;
#2233 =( NAMED_UNIT ( * ) PLANE_ANGLE_UNIT ( ) SI_UNIT ( $, .RADIAN. ) );
#2234 = DIRECTION ( 'NONE',  ( 0.0000000000000000000, -0.0000000000000000000, -1.000000000000000000 ) ) ;
#2235 = VERTEX_POINT ( 'NONE', #4669 ) ;
#2236 = VECTOR ( 'NONE', #2648, 1000.000000000000000 ) ;
#2237 =( GEOMETRIC_REPRESENTATION_CONTEXT ( 3 ) GLOBAL_UNCERTAINTY_ASSIGNED_CONTEXT ( ( #4124 ) ) GLOBAL_UNIT_ASSIGNED_CONTEXT ( ( #1126, #3376, #3950 ) ) REPRESENTATION_CONTEXT ( 'NONE', 'WORKASPACE' ) );
#2238 = FACE_OUTER_BOUND ( 'NONE', #5180, .T. ) ;
#2239 = COLOUR_RGB ( '',1.000000000000000000, 1.000000000000000000, 1.000000000000000000 ) ;
#2240 = ORIENTED_EDGE ( 'NONE', *, *, #2714, .F. ) ;
#2241 = VECTOR ( 'NONE', #8976, 1000.000000000000000 ) ;
#2242 = SURFACE_SIDE_STYLE ('',( #2195 ) ) ;
#2243 = AXIS2_PLACEMENT_3D ( 'NONE', #6978, #4132, #609 ) ;
#2244 =( NAMED_UNIT ( * ) PLANE_ANGLE_UNIT ( ) SI_UNIT ( $, .RADIAN. ) );
#2245 = ORIENTED_EDGE ( 'NONE', *, *, #3118, .T. ) ;
#2246 = CARTESIAN_POINT ( 'NONE',  ( -2.001999999999999780, 0.2025000000000000133, -0.3650000000000001577 ) ) ;
#2247 = MECHANICAL_DESIGN_GEOMETRIC_PRESENTATION_REPRESENTATION (  '', ( #1644 ), #6228 ) ;
#2248 = FACE_OUTER_BOUND ( 'NONE', #3137, .T. ) ;
#2249 = ORIENTED_EDGE ( 'NONE', *, *, #6295, .T. ) ;
#2250 = MECHANICAL_DESIGN_GEOMETRIC_PRESENTATION_REPRESENTATION (  '', ( #4899 ), #5936 ) ;
#2251 = VECTOR ( 'NONE', #4886, 1000.000000000000000 ) ;
#2252 = DIRECTION ( 'NONE',  ( 0.0000000000000000000, -1.000000000000000000, 0.0000000000000000000 ) ) ;
#2253 = CARTESIAN_POINT ( 'NONE',  ( 0.3650000000000004352, 0.002500000000000000052, -2.000000000000000000 ) ) ;
#2254 = ORIENTED_EDGE ( 'NONE', *, *, #3863, .T. ) ;
#2255 = PLANE ( 'NONE',  #5188 ) ;
#2256 = SURFACE_SIDE_STYLE ('',( #8574 ) ) ;
#2257 = CARTESIAN_POINT ( 'NONE',  ( 2.000000000000000000, 0.0000000000000000000, 0.8649999999999999911 ) ) ;
#2258 = VECTOR ( 'NONE', #1905, 1000.000000000000000 ) ;
#2259 = CARTESIAN_POINT ( 'NONE',  ( -0.1349999999999995925, -1.487762787917389017E-18, -2.000000000000000000 ) ) ;
#2260 = VERTEX_POINT ( 'NONE', #6240 ) ;
#2261 = CARTESIAN_POINT ( 'NONE',  ( -0.6349999999999995648, 0.1999999999999999833, -2.001999999999999780 ) ) ;
#2262 = FILL_AREA_STYLE_COLOUR ( '', #8733 ) ;
#2263 = VECTOR ( 'NONE', #7958, 1000.000000000000000 ) ;
#2264 = PLANE ( 'NONE',  #5516 ) ;
#2265 = FILL_AREA_STYLE_COLOUR ( '', #7803 ) ;
#2266 = ORIENTED_EDGE ( 'NONE', *, *, #3555, .T. ) ;
#2267 = FACE_OUTER_BOUND ( 'NONE', #7942, .T. ) ;
#2268 = ORIENTED_EDGE ( 'NONE', *, *, #4574, .F. ) ;
#2269 = CARTESIAN_POINT ( 'NONE',  ( 1.135000000000000675, 0.002500000000000000052, -2.000000000000000000 ) ) ;
#2270 =( NAMED_UNIT ( * ) PLANE_ANGLE_UNIT ( ) SI_UNIT ( $, .RADIAN. ) );
#2271 = EDGE_CURVE ( 'NONE', #8052, #71, #8215, .T. ) ;
#2272 = EDGE_CURVE ( 'NONE', #1048, #1803, #1329, .T. ) ;
#2273 = STYLED_ITEM ( 'NONE', ( #1563 ), #9047 ) ;
#2274 = COLOUR_RGB ( '',1.000000000000000000, 1.000000000000000000, 1.000000000000000000 ) ;
#2275 = SURFACE_STYLE_USAGE ( .BOTH. , #6674 ) ;
#2276 = CARTESIAN_POINT ( 'NONE',  ( -2.000000000000000000, 0.0000000000000000000, 0.3649999999999999911 ) ) ;
#2277 = LINE ( 'NONE', #820, #8830 ) ;
#2278 = VECTOR ( 'NONE', #4570, 1000.000000000000000 ) ;
#2279 =( LENGTH_UNIT ( ) NAMED_UNIT ( * ) SI_UNIT ( .MILLI., .METRE. ) );
#2281 = ORIENTED_EDGE ( 'NONE', *, *, #737, .F. ) ;
#2280 =( GEOMETRIC_REPRESENTATION_CONTEXT ( 3 ) GLOBAL_UNCERTAINTY_ASSIGNED_CONTEXT ( ( #1727 ) ) GLOBAL_UNIT_ASSIGNED_CONTEXT ( ( #935, #3193, #5247 ) ) REPRESENTATION_CONTEXT ( 'NONE', 'WORKASPACE' ) );
#2282 = DIRECTION ( 'NONE',  ( 0.0000000000000000000, 0.0000000000000000000, 1.000000000000000000 ) ) ;
#2283 = FACE_OUTER_BOUND ( 'NONE', #5143, .T. ) ;
#2284 = DIRECTION ( 'NONE',  ( -1.000000000000000000, 0.0000000000000000000, -0.0000000000000000000 ) ) ;
#2285 = ORIENTED_EDGE ( 'NONE', *, *, #4492, .F. ) ;
#2286 = ADVANCED_FACE ( 'NONE', ( #5457 ), #386, .F. ) ;
#2287 = ORIENTED_EDGE ( 'NONE', *, *, #3817, .T. ) ;
#2288 = PRESENTATION_LAYER_ASSIGNMENT (  '', '', ( #7167 ) ) ;
#2289 = SURFACE_SIDE_STYLE ('',( #2148 ) ) ;
#2290 = UNCERTAINTY_MEASURE_WITH_UNIT (LENGTH_MEASURE( 1.000000000000000082E-05 ), #3876, 'distance_accuracy_value', 'NONE');
#2291 = CARTESIAN_POINT ( 'NONE',  ( 0.6350000000000003419, 1.490150555354787828E-17, 2.000000000000000000 ) ) ;
#2292 = SURFACE_STYLE_FILL_AREA ( #941 ) ;
#2293 = VERTEX_POINT ( 'NONE', #7760 ) ;
#2294 = PRESENTATION_LAYER_ASSIGNMENT (  '', '', ( #1111 ) ) ;
#2295 = CARTESIAN_POINT ( 'NONE',  ( 2.001999999999999780, 0.002500000000000000052, 0.1349999999999998701 ) ) ;
#2296 = PRESENTATION_STYLE_ASSIGNMENT (( #2929 ) ) ;
#2297 = SURFACE_STYLE_FILL_AREA ( #5673 ) ;
#2298 = VERTEX_POINT ( 'NONE', #5 ) ;
#2299 = SURFACE_STYLE_USAGE ( .BOTH. , #4268 ) ;
#2300 = DIRECTION ( 'NONE',  ( -0.0000000000000000000, -1.000000000000000000, -0.0000000000000000000 ) ) ;
#2301 = FACE_OUTER_BOUND ( 'NONE', #42, .T. ) ;
#2302 =( NAMED_UNIT ( * ) SI_UNIT ( $, .STERADIAN. ) SOLID_ANGLE_UNIT ( ) );
#2303 = EDGE_LOOP ( 'NONE', ( #2221, #4793, #629, #2161 ) ) ;
#2304 =( NAMED_UNIT ( * ) PLANE_ANGLE_UNIT ( ) SI_UNIT ( $, .RADIAN. ) );
#2305 = ORIENTED_EDGE ( 'NONE', *, *, #4930, .F. ) ;
#2306 = ORIENTED_EDGE ( 'NONE', *, *, #5377, .T. ) ;
#2307 = VERTEX_POINT ( 'NONE', #2769 ) ;
#2308 = CARTESIAN_POINT ( 'NONE',  ( -1.134999999999999787, -4.463288363752166281E-18, -2.000000000000000000 ) ) ;
#2309 = DIRECTION ( 'NONE',  ( -0.0000000000000000000, -1.000000000000000000, -0.0000000000000000000 ) ) ;
#2310 = CARTESIAN_POINT ( 'NONE',  ( -2.001999999999999780, 0.002500000000000000052, -1.365000000000000213 ) ) ;
#2311 = ORIENTED_EDGE ( 'NONE', *, *, #1649, .F. ) ;
#2312 = PRESENTATION_STYLE_ASSIGNMENT (( #865 ) ) ;
#2313 = MECHANICAL_DESIGN_GEOMETRIC_PRESENTATION_REPRESENTATION (  '', ( #9093 ), #8954 ) ;
#2314 = CARTESIAN_POINT ( 'NONE',  ( 0.6350000000000004530, 0.002500000000000015231, 1.600000000000000089 ) ) ;
#2315 = ORIENTED_EDGE ( 'NONE', *, *, #372, .T. ) ;
#2316 = STYLED_ITEM ( 'NONE', ( #2431 ), #3289 ) ;
#2317 = DIRECTION ( 'NONE',  ( -0.0000000000000000000, -0.0000000000000000000, -1.000000000000000000 ) ) ;
#2318 =( NAMED_UNIT ( * ) PLANE_ANGLE_UNIT ( ) SI_UNIT ( $, .RADIAN. ) );
#2319 = CARTESIAN_POINT ( 'NONE',  ( -2.000000000000000000, 0.002500000000000000052, 0.8649999999999999911 ) ) ;
#2320 = VECTOR ( 'NONE', #7347, 1000.000000000000000 ) ;
#2321 = MECHANICAL_DESIGN_GEOMETRIC_PRESENTATION_REPRESENTATION (  '', ( #6302 ), #6016 ) ;
#2322 =( NAMED_UNIT ( * ) PLANE_ANGLE_UNIT ( ) SI_UNIT ( $, .RADIAN. ) );
#2323 = EDGE_CURVE ( 'NONE', #767, #1393, #4896, .T. ) ;
#2324 = PLANE ( 'NONE',  #65 ) ;
#2325 = ORIENTED_EDGE ( 'NONE', *, *, #5000, .F. ) ;
#2326 = FILL_AREA_STYLE_COLOUR ( '', #4855 ) ;
#2327 = LINE ( 'NONE', #7962, #4365 ) ;
#2328 = EDGE_CURVE ( 'NONE', #7676, #7856, #2219, .T. ) ;
#2329 =( GEOMETRIC_REPRESENTATION_CONTEXT ( 3 ) GLOBAL_UNCERTAINTY_ASSIGNED_CONTEXT ( ( #3287 ) ) GLOBAL_UNIT_ASSIGNED_CONTEXT ( ( #8388, #9145, #8252 ) ) REPRESENTATION_CONTEXT ( 'NONE', 'WORKASPACE' ) );
#2330 = MECHANICAL_DESIGN_GEOMETRIC_PRESENTATION_REPRESENTATION (  '', ( #5575 ), #1576 ) ;
#2331 = MECHANICAL_DESIGN_GEOMETRIC_PRESENTATION_REPRESENTATION (  '', ( #3200 ), #1427 ) ;
#2332 = ORIENTED_EDGE ( 'NONE', *, *, #373, .T. ) ;
#2333 = EDGE_CURVE ( 'NONE', #7856, #4396, #2076, .T. ) ;
#2334 = CARTESIAN_POINT ( 'NONE',  ( 1.600000000000000089, 0.0000000000000000000, -0.3650000000000001577 ) ) ;
#2335 = EDGE_CURVE ( 'NONE', #2162, #6693, #3600, .T. ) ;
#2336 = FILL_AREA_STYLE_COLOUR ( '', #9148 ) ;
#2337 = CARTESIAN_POINT ( 'NONE',  ( 0.8650000000000004352, 1.490150555354787828E-17, 1.600000000000000089 ) ) ;
#2338 = VECTOR ( 'NONE', #29, 1000.000000000000000 ) ;
#2339 = VECTOR ( 'NONE', #1633, 1000.000000000000000 ) ;
#2340 = ORIENTED_EDGE ( 'NONE', *, *, #3692, .F. ) ;
#2341 = EDGE_CURVE ( 'NONE', #7018, #1000, #9152, .T. ) ;
#2342 = CARTESIAN_POINT ( 'NONE',  ( 2.000000000000000000, 0.9000000000000000222, -2.000000000000000000 ) ) ;
#2343 = APPLICATION_PROTOCOL_DEFINITION ( 'draft international standard', 'automotive_design', 1998, #4693 ) ;
#2344 = SURFACE_SIDE_STYLE ('',( #3528 ) ) ;
#2345 = DIRECTION ( 'NONE',  ( 1.000000000000000000, -0.0000000000000000000, -0.0000000000000000000 ) ) ;
#2346 = ORIENTED_EDGE ( 'NONE', *, *, #5601, .T. ) ;
#2347 = SURFACE_STYLE_FILL_AREA ( #3984 ) ;
#2348 =( NAMED_UNIT ( * ) SI_UNIT ( $, .STERADIAN. ) SOLID_ANGLE_UNIT ( ) );
#2349 = VECTOR ( 'NONE', #5245, 1000.000000000000000 ) ;
#2350 = VECTOR ( 'NONE', #106, 1000.000000000000000 ) ;
#2351 = DIRECTION ( 'NONE',  ( 0.0000000000000000000, -0.0000000000000000000, 1.000000000000000000 ) ) ;
#2352 = ORIENTED_EDGE ( 'NONE', *, *, #8129, .F. ) ;
#2353 = LINE ( 'NONE', #5128, #6370 ) ;
#2354 = VECTOR ( 'NONE', #1330, 1000.000000000000000 ) ;
#2355 = LINE ( 'NONE', #2212, #996 ) ;
#2356 = FILL_AREA_STYLE_COLOUR ( '', #8996 ) ;
#2357 = ORIENTED_EDGE ( 'NONE', *, *, #7385, .T. ) ;
#2358 = AXIS2_PLACEMENT_3D ( 'NONE', #8411, #2094, #1949 ) ;
#2359 =( LENGTH_UNIT ( ) NAMED_UNIT ( * ) SI_UNIT ( .MILLI., .METRE. ) );
#2360 = DIRECTION ( 'NONE',  ( -1.000000000000000000, 0.0000000000000000000, -4.065758146820642614E-16 ) ) ;
#2361 = CARTESIAN_POINT ( 'NONE',  ( 2.000000000000000000, 0.002500000000000000052, 0.8649999999999999911 ) ) ;
#2362 = ORIENTED_EDGE ( 'NONE', *, *, #2333, .T. ) ;
#2363 = CARTESIAN_POINT ( 'NONE',  ( -2.001999999999999780, 0.002500000000000000052, -1.365000000000000213 ) ) ;
#2364 = ORIENTED_EDGE ( 'NONE', *, *, #649, .F. ) ;
#2365 = LINE ( 'NONE', #6432, #931 ) ;
#2366 = VECTOR ( 'NONE', #3457, 1000.000000000000000 ) ;
#2367 = CARTESIAN_POINT ( 'NONE',  ( -0.8649999999999996581, 0.002499999999999997450, -2.000000000000000000 ) ) ;
#2368 = DIRECTION ( 'NONE',  ( -0.0000000000000000000, -1.000000000000000000, -0.0000000000000000000 ) ) ;
#2369 = SURFACE_STYLE_FILL_AREA ( #8735 ) ;
#2370 =( NAMED_UNIT ( * ) SI_UNIT ( $, .STERADIAN. ) SOLID_ANGLE_UNIT ( ) );
#2371 = CARTESIAN_POINT ( 'NONE',  ( 1.365000000000000435, 0.002500000000000003088, -2.000000000000000000 ) ) ;
#2372 =( NAMED_UNIT ( * ) PLANE_ANGLE_UNIT ( ) SI_UNIT ( $, .RADIAN. ) );
#2373 = CARTESIAN_POINT ( 'NONE',  ( 2.001999999999999780, 0.002500000000000000052, -1.135000000000000231 ) ) ;
#2374 = ORIENTED_EDGE ( 'NONE', *, *, #5713, .T. ) ;
#2375 = CARTESIAN_POINT ( 'NONE',  ( 2.001999999999999780, 0.002500000000000000052, -0.1350000000000001477 ) ) ;
#2376 = PRESENTATION_STYLE_ASSIGNMENT (( #981 ) ) ;
#2377 =( LENGTH_UNIT ( ) NAMED_UNIT ( * ) SI_UNIT ( .MILLI., .METRE. ) );
#2378 = EDGE_LOOP ( 'NONE', ( #2874, #3335, #5603, #7517 ) ) ;
#2379 =( GEOMETRIC_REPRESENTATION_CONTEXT ( 3 ) GLOBAL_UNCERTAINTY_ASSIGNED_CONTEXT ( ( #2290 ) ) GLOBAL_UNIT_ASSIGNED_CONTEXT ( ( #3876, #1780, #6741 ) ) REPRESENTATION_CONTEXT ( 'NONE', 'WORKASPACE' ) );
#2380 = PRESENTATION_STYLE_ASSIGNMENT (( #6596 ) ) ;
#2381 = CARTESIAN_POINT ( 'NONE',  ( -1.250000000000000000, 0.0005000000000000003357, -1.250000000000000000 ) ) ;
#2382 = EDGE_CURVE ( 'NONE', #2486, #7631, #8535, .T. ) ;
#2383 = VECTOR ( 'NONE', #6961, 1000.000000000000000 ) ;
#2384 = CARTESIAN_POINT ( 'NONE',  ( -0.8649999999999996581, 0.002499999999999970562, 2.000000000000000000 ) ) ;
#2385 = FILL_AREA_STYLE_COLOUR ( '', #6791 ) ;
#2386 = UNCERTAINTY_MEASURE_WITH_UNIT (LENGTH_MEASURE( 1.000000000000000082E-05 ), #3467, 'distance_accuracy_value', 'NONE');
#2387 = CARTESIAN_POINT ( 'NONE',  ( 2.000000000000000000, 0.002500000000000000052, -2.000000000000000000 ) ) ;
#2388 = DIRECTION ( 'NONE',  ( 0.0000000000000000000, -1.000000000000000000, 0.0000000000000000000 ) ) ;
#2389 =( LENGTH_UNIT ( ) NAMED_UNIT ( * ) SI_UNIT ( .MILLI., .METRE. ) );
#2390 = CARTESIAN_POINT ( 'NONE',  ( -0.6349999999999995648, -2.975525575834778034E-18, -1.600000000000000089 ) ) ;
#2391 = AXIS2_PLACEMENT_3D ( 'NONE', #1385, #2870, #5005 ) ;
#2392 = ORIENTED_EDGE ( 'NONE', *, *, #8930, .T. ) ;
#2393 = AXIS2_PLACEMENT_3D ( 'NONE', #924, #8783, #3802 ) ;
#2394 = ADVANCED_FACE ( 'NONE', ( #7129 ), #2264, .F. ) ;
#2395 = EDGE_CURVE ( 'NONE', #7707, #8778, #2900, .T. ) ;
#2396 = EDGE_CURVE ( 'NONE', #4396, #6004, #3498, .T. ) ;
#2397 = CARTESIAN_POINT ( 'NONE',  ( 0.8650000000000004352, 0.2000000000000000389, 2.001999999999999780 ) ) ;
#2398 = AXIS2_PLACEMENT_3D ( 'NONE', #5525, #8326, #8374 ) ;
#2399 = PLANE ( 'NONE',  #8888 ) ;
#2400 = DIRECTION ( 'NONE',  ( 1.000000000000000000, 0.0000000000000000000, 4.065758146820642614E-16 ) ) ;
#2401 = ORIENTED_EDGE ( 'NONE', *, *, #7804, .T. ) ;
#2402 = CARTESIAN_POINT ( 'NONE',  ( -0.8649999999999996581, -2.980301110709575655E-17, -2.001999999999999780 ) ) ;
#2403 = FACE_OUTER_BOUND ( 'NONE', #1578, .T. ) ;
#2404 = LINE ( 'NONE', #7490, #8251 ) ;
#2405 = VERTEX_POINT ( 'NONE', #7899 ) ;
#2406 = CARTESIAN_POINT ( 'NONE',  ( 2.001999999999999780, 0.002500000000000000052, 1.364999999999999991 ) ) ;
#2407 = EDGE_CURVE ( 'NONE', #6462, #5081, #7806, .T. ) ;
#2408 = COLOUR_RGB ( '',1.000000000000000000, 1.000000000000000000, 1.000000000000000000 ) ;
#2409 = VERTEX_POINT ( 'NONE', #6334 ) ;
#2410 =( LENGTH_UNIT ( ) NAMED_UNIT ( * ) SI_UNIT ( .MILLI., .METRE. ) );
#2411 = EDGE_CURVE ( 'NONE', #7012, #7450, #623, .T. ) ;
#2412 = VECTOR ( 'NONE', #5538, 1000.000000000000000 ) ;
#2413 = CARTESIAN_POINT ( 'NONE',  ( -2.000000000000000000, 0.002500000000000000052, 0.6350000000000000089 ) ) ;
#2414 = LINE ( 'NONE', #964, #5168 ) ;
#2415 = ORIENTED_EDGE ( 'NONE', *, *, #3859, .T. ) ;
#2416 = VECTOR ( 'NONE', #3805, 1000.000000000000000 ) ;
#2417 = DIRECTION ( 'NONE',  ( 2.710505431213761578E-16, 0.0000000000000000000, 1.000000000000000000 ) ) ;
#2418 =( NAMED_UNIT ( * ) SI_UNIT ( $, .STERADIAN. ) SOLID_ANGLE_UNIT ( ) );
#2419 = ORIENTED_EDGE ( 'NONE', *, *, #4430, .T. ) ;
#2420 = DIRECTION ( 'NONE',  ( -0.0000000000000000000, -1.000000000000000000, -0.0000000000000000000 ) ) ;
#2421 = DIRECTION ( 'NONE',  ( 1.000000000000000000, 0.0000000000000000000, 0.0000000000000000000 ) ) ;
#2422 = COLOUR_RGB ( '',1.000000000000000000, 1.000000000000000000, 1.000000000000000000 ) ;
#2423 =( NAMED_UNIT ( * ) SI_UNIT ( $, .STERADIAN. ) SOLID_ANGLE_UNIT ( ) );
#2424 = CARTESIAN_POINT ( 'NONE',  ( 2.001999999999999780, 0.002500000000000000052, -0.8650000000000001021 ) ) ;
#2425 = FILL_AREA_STYLE_COLOUR ( '', #3577 ) ;
#2426 = CARTESIAN_POINT ( 'NONE',  ( -2.000000000000000000, 0.0000000000000000000, -0.6350000000000000089 ) ) ;
#2427 = CARTESIAN_POINT ( 'NONE',  ( -2.000000000000000000, 0.2024999999999999856, -0.6350000000000001199 ) ) ;
#2428 = ORIENTED_EDGE ( 'NONE', *, *, #5607, .F. ) ;
#2429 = DIRECTION ( 'NONE',  ( 0.0000000000000000000, 0.0000000000000000000, -1.000000000000000000 ) ) ;
#2430 = PRESENTATION_LAYER_ASSIGNMENT (  '', '', ( #5665 ) ) ;
#2431 = PRESENTATION_STYLE_ASSIGNMENT (( #7913 ) ) ;
#2432 = SURFACE_STYLE_FILL_AREA ( #2511 ) ;
#2433 = AXIS2_PLACEMENT_3D ( 'NONE', #4562, #4520, #7364 ) ;
#2434 = ORIENTED_EDGE ( 'NONE', *, *, #913, .F. ) ;
#2435 = PRODUCT_DEFINITION_FORMATION_WITH_SPECIFIED_SOURCE ( 'ANY', '', #165, .NOT_KNOWN. ) ;
#2436 = FILL_AREA_STYLE ('',( #5117 ) ) ;
#2437 = PRESENTATION_STYLE_ASSIGNMENT (( #5988 ) ) ;
#2438 =( LENGTH_UNIT ( ) NAMED_UNIT ( * ) SI_UNIT ( .MILLI., .METRE. ) );
#2439 = CARTESIAN_POINT ( 'NONE',  ( 2.001999999999999780, 0.2025000000000000133, -1.365000000000000213 ) ) ;
#2440 = EDGE_LOOP ( 'NONE', ( #8897, #1696, #8560, #681 ) ) ;
#2441 = CARTESIAN_POINT ( 'NONE',  ( -2.000000000000000000, 0.002500000000000000052, -0.1350000000000000089 ) ) ;
#2442 = SURFACE_SIDE_STYLE ('',( #3680 ) ) ;
#2443 = EDGE_CURVE ( 'NONE', #1200, #9125, #9100, .T. ) ;
#2444 = DIRECTION ( 'NONE',  ( 1.000000000000000000, 0.0000000000000000000, -0.0000000000000000000 ) ) ;
#2445 = ORIENTED_EDGE ( 'NONE', *, *, #4071, .F. ) ;
#2446 = DIRECTION ( 'NONE',  ( 0.0000000000000000000, -1.000000000000000000, 0.0000000000000000000 ) ) ;
#2447 = DIRECTION ( 'NONE',  ( 0.0000000000000000000, -1.000000000000000000, 0.0000000000000000000 ) ) ;
#2448 = EDGE_CURVE ( 'NONE', #361, #612, #1009, .T. ) ;
#2449 = ORIENTED_EDGE ( 'NONE', *, *, #6286, .F. ) ;
#2450 = EDGE_LOOP ( 'NONE', ( #6026, #4888, #7500, #1063 ) ) ;
#2451 = DIRECTION ( 'NONE',  ( 1.000000000000000000, -0.0000000000000000000, -0.0000000000000000000 ) ) ;
#2452 = EDGE_CURVE ( 'NONE', #7707, #3063, #3092, .T. ) ;
#2453 = PLANE ( 'NONE',  #8919 ) ;
#2454 = VERTEX_POINT ( 'NONE', #6620 ) ;
#2455 = CARTESIAN_POINT ( 'NONE',  ( -2.001999999999999780, 0.2025000000000000133, 0.6349999999999998979 ) ) ;
#2456 = FILL_AREA_STYLE ('',( #3303 ) ) ;
#2457 = VERTEX_POINT ( 'NONE', #7230 ) ;
#2458 = CARTESIAN_POINT ( 'NONE',  ( 1.600000000000000089, 0.002500000000000000052, 0.6349999999999998979 ) ) ;
#2459 = SURFACE_STYLE_USAGE ( .BOTH. , #970 ) ;
#2460 = DIRECTION ( 'NONE',  ( 0.0000000000000000000, -1.000000000000000000, 0.0000000000000000000 ) ) ;
#2461 = SURFACE_STYLE_USAGE ( .BOTH. , #3853 ) ;
#2462 = COLOUR_RGB ( '',1.000000000000000000, 1.000000000000000000, 1.000000000000000000 ) ;
#2463 = CARTESIAN_POINT ( 'NONE',  ( -0.3649999999999995470, 0.002499999999999985307, 1.600000000000000089 ) ) ;
#2464 = DIRECTION ( 'NONE',  ( 1.000000000000000000, -0.0000000000000000000, -0.0000000000000000000 ) ) ;
#2465 = ORIENTED_EDGE ( 'NONE', *, *, #549, .F. ) ;
#2466 = CARTESIAN_POINT ( 'NONE',  ( 2.001999999999999780, 0.2025000000000000133, -0.8650000000000001021 ) ) ;
#2467 = ORIENTED_EDGE ( 'NONE', *, *, #1254, .T. ) ;
#2468 = PRESENTATION_LAYER_ASSIGNMENT (  '', '', ( #3483 ) ) ;
#2469 = VECTOR ( 'NONE', #449, 1000.000000000000000 ) ;
#2470 = UNCERTAINTY_MEASURE_WITH_UNIT (LENGTH_MEASURE( 1.000000000000000082E-05 ), #8520, 'distance_accuracy_value', 'NONE');
#2471 = UNCERTAINTY_MEASURE_WITH_UNIT (LENGTH_MEASURE( 1.000000000000000082E-05 ), #7533, 'distance_accuracy_value', 'NONE');
#2472 = VECTOR ( 'NONE', #5035, 1000.000000000000000 ) ;
#2473 = STYLED_ITEM ( 'NONE', ( #1894 ), #3377 ) ;
#2474 = VECTOR ( 'NONE', #5239, 1000.000000000000000 ) ;
#2475 =( NAMED_UNIT ( * ) PLANE_ANGLE_UNIT ( ) SI_UNIT ( $, .RADIAN. ) );
#2476 = ORIENTED_EDGE ( 'NONE', *, *, #2608, .F. ) ;
#2477 =( GEOMETRIC_REPRESENTATION_CONTEXT ( 3 ) GLOBAL_UNCERTAINTY_ASSIGNED_CONTEXT ( ( #1430 ) ) GLOBAL_UNIT_ASSIGNED_CONTEXT ( ( #3428, #741, #2748 ) ) REPRESENTATION_CONTEXT ( 'NONE', 'WORKASPACE' ) );
#2478 =( GEOMETRIC_REPRESENTATION_CONTEXT ( 3 ) GLOBAL_UNCERTAINTY_ASSIGNED_CONTEXT ( ( #6914 ) ) GLOBAL_UNIT_ASSIGNED_CONTEXT ( ( #5852, #3592, #6513 ) ) REPRESENTATION_CONTEXT ( 'NONE', 'WORKASPACE' ) );
#2479 = PRESENTATION_LAYER_ASSIGNMENT (  '', '', ( #8674 ) ) ;
#2480 = LINE ( 'NONE', #5388, #3419 ) ;
#2481 = UNCERTAINTY_MEASURE_WITH_UNIT (LENGTH_MEASURE( 1.000000000000000082E-05 ), #4761, 'distance_accuracy_value', 'NONE');
#2482 = EDGE_LOOP ( 'NONE', ( #4155, #7132, #7905, #2415 ) ) ;
#2483 =( LENGTH_UNIT ( ) NAMED_UNIT ( * ) SI_UNIT ( .MILLI., .METRE. ) );
#2484 =( NAMED_UNIT ( * ) PLANE_ANGLE_UNIT ( ) SI_UNIT ( $, .RADIAN. ) );
#2485 = PRESENTATION_LAYER_ASSIGNMENT (  '', '', ( #536 ) ) ;
#2486 = VERTEX_POINT ( 'NONE', #4485 ) ;
#2487 =( NAMED_UNIT ( * ) PLANE_ANGLE_UNIT ( ) SI_UNIT ( $, .RADIAN. ) );
#2488 = STYLED_ITEM ( 'NONE', ( #200 ), #5556 ) ;
#2489 = DIRECTION ( 'NONE',  ( -0.0000000000000000000, -1.000000000000000000, -0.0000000000000000000 ) ) ;
#2490 = ADVANCED_FACE ( 'NONE', ( #2996 ), #5859, .T. ) ;
#2491 = SURFACE_SIDE_STYLE ('',( #3174 ) ) ;
#2492 = PRESENTATION_LAYER_ASSIGNMENT (  '', '', ( #6182 ) ) ;
#2493 = SURFACE_STYLE_USAGE ( .BOTH. , #3175 ) ;
#2494 = LINE ( 'NONE', #5398, #4043 ) ;
#2495 = ORIENTED_EDGE ( 'NONE', *, *, #4354, .T. ) ;
#2496 = CARTESIAN_POINT ( 'NONE',  ( -0.8649999999999995470, -2.980301110709575655E-17, 1.600000000000000089 ) ) ;
#2497 = CARTESIAN_POINT ( 'NONE',  ( 0.8650000000000004352, 0.002500000000000001787, -2.000000000000000000 ) ) ;
#2498 = EDGE_LOOP ( 'NONE', ( #8519, #2745, #7553, #6098 ) ) ;
#2499 = CARTESIAN_POINT ( 'NONE',  ( 0.6350000000000003419, 0.2000000000000000389, 2.001999999999999780 ) ) ;
#2500 = VECTOR ( 'NONE', #246, 1000.000000000000000 ) ;
#2501 = ADVANCED_FACE ( 'NONE', ( #7945 ), #8041, .T. ) ;
#2502 = EDGE_CURVE ( 'NONE', #753, #1358, #3841, .T. ) ;
#2503 = CARTESIAN_POINT ( 'NONE',  ( -2.000000000000000000, 0.002500000000000000052, 0.8649999999999998801 ) ) ;
#2504 = PLANE ( 'NONE',  #594 ) ;
#2505 = SURFACE_SIDE_STYLE ('',( #927 ) ) ;
#2506 = CARTESIAN_POINT ( 'NONE',  ( -2.001999999999999780, 0.002500000000000000052, 1.135000000000000009 ) ) ;
#2507 = ORIENTED_EDGE ( 'NONE', *, *, #4230, .F. ) ;
#2508 = PLANE ( 'NONE',  #3850 ) ;
#2509 = STYLED_ITEM ( 'NONE', ( #167 ), #6745 ) ;
#2510 = ORIENTED_EDGE ( 'NONE', *, *, #8465, .T. ) ;
#2511 = FILL_AREA_STYLE ('',( #8053 ) ) ;
#2512 = ORIENTED_EDGE ( 'NONE', *, *, #1700, .T. ) ;
#2513 = MECHANICAL_DESIGN_GEOMETRIC_PRESENTATION_REPRESENTATION (  '', ( #5312 ), #1570 ) ;
#2514 = EDGE_CURVE ( 'NONE', #1547, #8971, #3883, .T. ) ;
#2515 = CARTESIAN_POINT ( 'NONE',  ( -0.8649999999999996581, 0.1999999999999999833, -2.000000000000000000 ) ) ;
#2516 = AXIS2_PLACEMENT_3D ( 'NONE', #5098, #7903, #6527 ) ;
#2517 = CARTESIAN_POINT ( 'NONE',  ( -1.600000000000000089, 0.0000000000000000000, -0.6350000000000000089 ) ) ;
#2518 = ADVANCED_FACE ( 'NONE', ( #5396 ), #3962, .F. ) ;
#2519 = DIRECTION ( 'NONE',  ( 0.0000000000000000000, 0.0000000000000000000, -1.000000000000000000 ) ) ;
#2520 = MECHANICAL_DESIGN_GEOMETRIC_PRESENTATION_REPRESENTATION (  '', ( #1462 ), #6074 ) ;
#2521 = FILL_AREA_STYLE_COLOUR ( '', #5078 ) ;
#2522 =( GEOMETRIC_REPRESENTATION_CONTEXT ( 3 ) GLOBAL_UNCERTAINTY_ASSIGNED_CONTEXT ( ( #5794 ) ) GLOBAL_UNIT_ASSIGNED_CONTEXT ( ( #5589, #7714, #140 ) ) REPRESENTATION_CONTEXT ( 'NONE', 'WORKASPACE' ) );
#2523 = DIRECTION ( 'NONE',  ( 0.0000000000000000000, -0.0000000000000000000, -1.000000000000000000 ) ) ;
#2524 = DIRECTION ( 'NONE',  ( 1.000000000000000000, 0.0000000000000000000, -2.710505431213761578E-16 ) ) ;
#2525 = ORIENTED_EDGE ( 'NONE', *, *, #382, .F. ) ;
#2526 = LINE ( 'NONE', #5296, #7732 ) ;
#2527 = MECHANICAL_DESIGN_GEOMETRIC_PRESENTATION_REPRESENTATION (  '', ( #7104 ), #6661 ) ;
#2528 = VECTOR ( 'NONE', #5483, 1000.000000000000000 ) ;
#2529 = CARTESIAN_POINT ( 'NONE',  ( -2.001999999999999780, 0.2025000000000000133, -1.135000000000000231 ) ) ;
#2530 =( NAMED_UNIT ( * ) PLANE_ANGLE_UNIT ( ) SI_UNIT ( $, .RADIAN. ) );
#2531 = ORIENTED_EDGE ( 'NONE', *, *, #4519, .T. ) ;
#2532 = CARTESIAN_POINT ( 'NONE',  ( 2.001999999999999780, 0.2025000000000000133, 1.135000000000000009 ) ) ;
#2533 = VECTOR ( 'NONE', #8842, 1000.000000000000000 ) ;
#2534 = DIRECTION ( 'NONE',  ( -0.0000000000000000000, 0.0000000000000000000, 1.000000000000000000 ) ) ;
#2535 = AXIS2_PLACEMENT_3D ( 'NONE', #2406, #286, #3919 ) ;
#2536 = ORIENTED_EDGE ( 'NONE', *, *, #429, .F. ) ;
#2537 = VERTEX_POINT ( 'NONE', #6752 ) ;
#2538 =( GEOMETRIC_REPRESENTATION_CONTEXT ( 3 ) GLOBAL_UNCERTAINTY_ASSIGNED_CONTEXT ( ( #1702 ) ) GLOBAL_UNIT_ASSIGNED_CONTEXT ( ( #2359, #7944, #5959 ) ) REPRESENTATION_CONTEXT ( 'NONE', 'WORKASPACE' ) );
#2539 = VECTOR ( 'NONE', #6331, 1000.000000000000000 ) ;
#2540 = PRESENTATION_STYLE_ASSIGNMENT (( #4750 ) ) ;
#2541 = VECTOR ( 'NONE', #1449, 1000.000000000000000 ) ;
#2542 = UNCERTAINTY_MEASURE_WITH_UNIT (LENGTH_MEASURE( 1.000000000000000082E-05 ), #8813, 'distance_accuracy_value', 'NONE');
#2543 = VERTEX_POINT ( 'NONE', #4752 ) ;
#2544 = SURFACE_STYLE_USAGE ( .BOTH. , #6056 ) ;
#2545 = FILL_AREA_STYLE ('',( #1062 ) ) ;
#2546 = ORIENTED_EDGE ( 'NONE', *, *, #2602, .T. ) ;
#2547 = DIRECTION ( 'NONE',  ( 0.0000000000000000000, 0.0000000000000000000, 1.000000000000000000 ) ) ;
#2548 = CARTESIAN_POINT ( 'NONE',  ( -2.000000000000000000, 0.0000000000000000000, 1.365000000000000213 ) ) ;
#2549 = FILL_AREA_STYLE ('',( #3266 ) ) ;
#2550 = VECTOR ( 'NONE', #4553, 1000.000000000000000 ) ;
#2551 = CARTESIAN_POINT ( 'NONE',  ( 1.600000000000000089, 0.002500000000000000052, 0.8649999999999999911 ) ) ;
#2552 = DIRECTION ( 'NONE',  ( 1.000000000000000000, -0.0000000000000000000, 0.0000000000000000000 ) ) ;
#2553 = FILL_AREA_STYLE ('',( #6678 ) ) ;
#2554 = ORIENTED_EDGE ( 'NONE', *, *, #1928, .T. ) ;
#2555 =( NAMED_UNIT ( * ) SI_UNIT ( $, .STERADIAN. ) SOLID_ANGLE_UNIT ( ) );
#2556 = EDGE_CURVE ( 'NONE', #6437, #5535, #4705, .T. ) ;
#2557 = ORIENTED_EDGE ( 'NONE', *, *, #6866, .T. ) ;
#2558 = EDGE_LOOP ( 'NONE', ( #2364, #6786, #7960, #8338 ) ) ;
#2559 =( NAMED_UNIT ( * ) SI_UNIT ( $, .STERADIAN. ) SOLID_ANGLE_UNIT ( ) );
#2560 =( LENGTH_UNIT ( ) NAMED_UNIT ( * ) SI_UNIT ( .MILLI., .METRE. ) );
#2561 =( NAMED_UNIT ( * ) SI_UNIT ( $, .STERADIAN. ) SOLID_ANGLE_UNIT ( ) );
#2562 =( GEOMETRIC_REPRESENTATION_CONTEXT ( 3 ) GLOBAL_UNCERTAINTY_ASSIGNED_CONTEXT ( ( #4300 ) ) GLOBAL_UNIT_ASSIGNED_CONTEXT ( ( #6771, #6072, #1032 ) ) REPRESENTATION_CONTEXT ( 'NONE', 'WORKASPACE' ) );
#2563 =( LENGTH_UNIT ( ) NAMED_UNIT ( * ) SI_UNIT ( .MILLI., .METRE. ) );
#2564 = UNCERTAINTY_MEASURE_WITH_UNIT (LENGTH_MEASURE( 1.000000000000000082E-05 ), #5462, 'distance_accuracy_value', 'NONE');
#2565 = ADVANCED_FACE ( 'NONE', ( #6796 ), #8115, .F. ) ;
#2566 = PRESENTATION_STYLE_ASSIGNMENT (( #1041 ) ) ;
#2567 = DIRECTION ( 'NONE',  ( -0.0000000000000000000, 0.0000000000000000000, -1.000000000000000000 ) ) ;
#2568 = EDGE_CURVE ( 'NONE', #390, #8604, #186, .T. ) ;
#2569 = FACE_OUTER_BOUND ( 'NONE', #1666, .T. ) ;
#2570 = STYLED_ITEM ( 'NONE', ( #5990 ), #2621 ) ;
#2571 = CARTESIAN_POINT ( 'NONE',  ( 2.000000000000000000, 0.0000000000000000000, -0.1350000000000000089 ) ) ;
#2572 = SURFACE_SIDE_STYLE ('',( #6697 ) ) ;
#2573 = AXIS2_PLACEMENT_3D ( 'NONE', #1015, #6627, #6801 ) ;
#2574 = ORIENTED_EDGE ( 'NONE', *, *, #7017, .F. ) ;
#2575 = PRESENTATION_LAYER_ASSIGNMENT (  '', '', ( #5380 ) ) ;
#2576 = LINE ( 'NONE', #8851, #8721 ) ;
#2577 = DIRECTION ( 'NONE',  ( -0.0000000000000000000, -1.000000000000000000, -0.0000000000000000000 ) ) ;
#2578 = DIRECTION ( 'NONE',  ( -0.0000000000000000000, -1.000000000000000000, -0.0000000000000000000 ) ) ;
#2579 = ORIENTED_EDGE ( 'NONE', *, *, #4581, .F. ) ;
#2580 = CARTESIAN_POINT ( 'NONE',  ( -1.134999999999999787, 0.1999999999999999556, -2.000000000000000000 ) ) ;
#2581 = VECTOR ( 'NONE', #3567, 1000.000000000000000 ) ;
#2582 =( GEOMETRIC_REPRESENTATION_CONTEXT ( 3 ) GLOBAL_UNCERTAINTY_ASSIGNED_CONTEXT ( ( #8750 ) ) GLOBAL_UNIT_ASSIGNED_CONTEXT ( ( #3223, #5912, #3141 ) ) REPRESENTATION_CONTEXT ( 'NONE', 'WORKASPACE' ) );
#2583 = DIRECTION ( 'NONE',  ( 0.0000000000000000000, 0.0000000000000000000, -1.000000000000000000 ) ) ;
#2584 = ORIENTED_EDGE ( 'NONE', *, *, #8523, .F. ) ;
#2585 = CARTESIAN_POINT ( 'NONE',  ( 0.1350000000000003419, 0.002500000000000000052, -2.000000000000000000 ) ) ;
#2586 = VERTEX_POINT ( 'NONE', #1689 ) ;
#2587 = LINE ( 'NONE', #571, #673 ) ;
#2588 = VECTOR ( 'NONE', #5027, 1000.000000000000000 ) ;
#2589 = FILL_AREA_STYLE ('',( #4625 ) ) ;
#2590 = FILL_AREA_STYLE_COLOUR ( '', #5052 ) ;
#2591 = DIRECTION ( 'NONE',  ( -2.710505431213761578E-16, 0.0000000000000000000, 1.000000000000000000 ) ) ;
#2592 = CARTESIAN_POINT ( 'NONE',  ( -0.1349999999999995925, -1.490150555354787828E-17, -2.001999999999999780 ) ) ;
#2593 = PLANE ( 'NONE',  #5428 ) ;
#2594 = SURFACE_SIDE_STYLE ('',( #8922 ) ) ;
#2595 = ORIENTED_EDGE ( 'NONE', *, *, #7526, .T. ) ;
#2596 = ORIENTED_EDGE ( 'NONE', *, *, #7757, .F. ) ;
#2597 = DIRECTION ( 'NONE',  ( 0.0000000000000000000, -0.0000000000000000000, 1.000000000000000000 ) ) ;
#2598 = SURFACE_STYLE_USAGE ( .BOTH. , #2696 ) ;
#2599 = EDGE_CURVE ( 'NONE', #2034, #3727, #8103, .T. ) ;
#2600 = CARTESIAN_POINT ( 'NONE',  ( -1.250000000000000000, 0.0005000000000000003357, 1.250000000000000000 ) ) ;
#2601 = SURFACE_STYLE_FILL_AREA ( #5986 ) ;
#2602 = EDGE_CURVE ( 'NONE', #4412, #2099, #2526, .T. ) ;
#2603 = SURFACE_STYLE_USAGE ( .BOTH. , #451 ) ;
#2604 = VECTOR ( 'NONE', #779, 1000.000000000000000 ) ;
#2605 = PRESENTATION_STYLE_ASSIGNMENT (( #3423 ) ) ;
#2606 = EDGE_CURVE ( 'NONE', #8325, #2124, #951, .T. ) ;
#2607 =( NAMED_UNIT ( * ) SI_UNIT ( $, .STERADIAN. ) SOLID_ANGLE_UNIT ( ) );
#2608 = EDGE_CURVE ( 'NONE', #3156, #5823, #4549, .T. ) ;
#2609 = FILL_AREA_STYLE_COLOUR ( '', #4907 ) ;
#2610 = AXIS2_PLACEMENT_3D ( 'NONE', #8232, #7564, #2786 ) ;
#2611 = EDGE_CURVE ( 'NONE', #5158, #2405, #8145, .T. ) ;
#2612 = VECTOR ( 'NONE', #7042, 1000.000000000000000 ) ;
#2613 = SURFACE_STYLE_USAGE ( .BOTH. , #6877 ) ;
#2614 = VERTEX_POINT ( 'NONE', #358 ) ;
#2615 = CARTESIAN_POINT ( 'NONE',  ( -1.364999999999999547, 0.002499999999999955383, 1.600000000000000089 ) ) ;
#2616 = DIRECTION ( 'NONE',  ( 0.0000000000000000000, -1.000000000000000000, 0.0000000000000000000 ) ) ;
#2617 = EDGE_LOOP ( 'NONE', ( #8037, #293, #2907, #2245 ) ) ;
#2618 = VECTOR ( 'NONE', #6012, 1000.000000000000000 ) ;
#2619 = DIRECTION ( 'NONE',  ( 1.000000000000000000, 0.0000000000000000000, 0.0000000000000000000 ) ) ;
#2620 =( GEOMETRIC_REPRESENTATION_CONTEXT ( 3 ) GLOBAL_UNCERTAINTY_ASSIGNED_CONTEXT ( ( #3207 ) ) GLOBAL_UNIT_ASSIGNED_CONTEXT ( ( #2762, #475, #4012 ) ) REPRESENTATION_CONTEXT ( 'NONE', 'WORKASPACE' ) );
#2621 = ADVANCED_FACE ( 'NONE', ( #7350 ), #5848, .F. ) ;
#2622 = LINE ( 'NONE', #8994, #909 ) ;
#2623 = SURFACE_SIDE_STYLE ('',( #5446 ) ) ;
#2624 = LINE ( 'NONE', #6183, #8097 ) ;
#2625 = PRESENTATION_STYLE_ASSIGNMENT (( #6141 ) ) ;
#2626 = AXIS2_PLACEMENT_3D ( 'NONE', #1628, #7198, #8470 ) ;
#2627 = STYLED_ITEM ( 'NONE', ( #2437 ), #5381 ) ;
#2628 = ORIENTED_EDGE ( 'NONE', *, *, #6457, .F. ) ;
#2629 =( NAMED_UNIT ( * ) PLANE_ANGLE_UNIT ( ) SI_UNIT ( $, .RADIAN. ) );
#2630 = SURFACE_SIDE_STYLE ('',( #8958 ) ) ;
#2631 = CARTESIAN_POINT ( 'NONE',  ( 0.6350000000000004530, 0.002500000000000015231, 1.600000000000000089 ) ) ;
#2632 = DIRECTION ( 'NONE',  ( 0.0000000000000000000, 0.0000000000000000000, 1.000000000000000000 ) ) ;
#2633 = PRESENTATION_LAYER_ASSIGNMENT (  '', '', ( #3348 ) ) ;
#2634 = LINE ( 'NONE', #2551, #6227 ) ;
#2635 = PRESENTATION_LAYER_ASSIGNMENT (  '', '', ( #4243 ) ) ;
#2636 = CARTESIAN_POINT ( 'NONE',  ( 1.135000000000000675, 2.980301110709575655E-17, 1.600000000000000089 ) ) ;
#2637 = DIRECTION ( 'NONE',  ( 0.0000000000000000000, 0.0000000000000000000, -1.000000000000000000 ) ) ;
#2638 = DIRECTION ( 'NONE',  ( 0.0000000000000000000, 0.0000000000000000000, -1.000000000000000000 ) ) ;
#2639 = ORIENTED_EDGE ( 'NONE', *, *, #607, .T. ) ;
#2640 = CARTESIAN_POINT ( 'NONE',  ( 2.000000000000000000, 0.002500000000000000052, -0.3649999999999999911 ) ) ;
#2641 = FILL_AREA_STYLE ('',( #7473 ) ) ;
#2642 = ORIENTED_EDGE ( 'NONE', *, *, #4975, .F. ) ;
#2643 = CARTESIAN_POINT ( 'NONE',  ( 2.001999999999999780, 0.2025000000000000133, -1.135000000000000231 ) ) ;
#2644 = FILL_AREA_STYLE ('',( #2732 ) ) ;
#2645 = ORIENTED_EDGE ( 'NONE', *, *, #37, .F. ) ;
#2646 = SURFACE_SIDE_STYLE ('',( #2347 ) ) ;
#2647 = CARTESIAN_POINT ( 'NONE',  ( 2.000000000000000000, 0.0000000000000000000, -1.135000000000000009 ) ) ;
#2648 = DIRECTION ( 'NONE',  ( -0.0000000000000000000, -1.000000000000000000, -0.0000000000000000000 ) ) ;
#2649 = MECHANICAL_DESIGN_GEOMETRIC_PRESENTATION_REPRESENTATION (  '', ( #8533 ), #5454 ) ;
#2650 = FILL_AREA_STYLE ('',( #8228 ) ) ;
#2651 = DIRECTION ( 'NONE',  ( -0.0000000000000000000, 0.0000000000000000000, 1.000000000000000000 ) ) ;
#2652 = STYLED_ITEM ( 'NONE', ( #5420 ), #4703 ) ;
#2653 = CARTESIAN_POINT ( 'NONE',  ( -1.600000000000000089, 0.002500000000000000052, 0.3649999999999999911 ) ) ;
#2654 = CARTESIAN_POINT ( 'NONE',  ( -2.001999999999999780, 0.002500000000000000052, -0.6350000000000001199 ) ) ;
#2655 = VECTOR ( 'NONE', #7338, 1000.000000000000000 ) ;
#2656 = EDGE_CURVE ( 'NONE', #4569, #1117, #231, .T. ) ;
#2657 = PRESENTATION_STYLE_ASSIGNMENT (( #8189 ) ) ;
#2658 = PRESENTATION_STYLE_ASSIGNMENT (( #8987 ) ) ;
#2659 = VECTOR ( 'NONE', #1061, 1000.000000000000000 ) ;
#2660 = ORIENTED_EDGE ( 'NONE', *, *, #4637, .T. ) ;
#2661 = FILL_AREA_STYLE ('',( #1262 ) ) ;
#2662 = EDGE_CURVE ( 'NONE', #6232, #2307, #8059, .T. ) ;
#2663 = DIRECTION ( 'NONE',  ( -1.000000000000000000, 0.0000000000000000000, -0.0000000000000000000 ) ) ;
#2664 = EDGE_CURVE ( 'NONE', #1793, #191, #1733, .T. ) ;
#2665 = ADVANCED_FACE ( 'NONE', ( #5476 ), #405, .T. ) ;
#2666 = AXIS2_PLACEMENT_3D ( 'NONE', #4432, #7272, #910 ) ;
#2667 = ORIENTED_EDGE ( 'NONE', *, *, #430, .F. ) ;
#2668 = PRESENTATION_LAYER_ASSIGNMENT (  '', '', ( #4274 ) ) ;
#2669 = FACE_OUTER_BOUND ( 'NONE', #3312, .T. ) ;
#2670 = PRESENTATION_LAYER_ASSIGNMENT (  '', '', ( #6362 ) ) ;
#2671 = DIRECTION ( 'NONE',  ( 0.0000000000000000000, 1.000000000000000000, 0.0000000000000000000 ) ) ;
#2672 = AXIS2_PLACEMENT_3D ( 'NONE', #8885, #4028, #3319 ) ;
#2673 = SURFACE_STYLE_FILL_AREA ( #6885 ) ;
#2674 = LINE ( 'NONE', #7615, #6123 ) ;
#2675 = SURFACE_STYLE_USAGE ( .BOTH. , #2851 ) ;
#2676 = ORIENTED_EDGE ( 'NONE', *, *, #1640, .F. ) ;
#2677 = EDGE_CURVE ( 'NONE', #3877, #3069, #3329, .T. ) ;
#2678 =( NAMED_UNIT ( * ) SI_UNIT ( $, .STERADIAN. ) SOLID_ANGLE_UNIT ( ) );
#2679 = CARTESIAN_POINT ( 'NONE',  ( -2.000000000000000000, 0.9000000000000000222, 2.000000000000000000 ) ) ;
#2680 = ADVANCED_FACE ( 'NONE', ( #2569 ), #6919, .T. ) ;
#2681 = VECTOR ( 'NONE', #5557, 1000.000000000000000 ) ;
#2682 = AXIS2_PLACEMENT_3D ( 'NONE', #5292, #5474, #6169 ) ;
#2683 = FILL_AREA_STYLE ('',( #3357 ) ) ;
#2684 =( NAMED_UNIT ( * ) PLANE_ANGLE_UNIT ( ) SI_UNIT ( $, .RADIAN. ) );
#2685 =( NAMED_UNIT ( * ) PLANE_ANGLE_UNIT ( ) SI_UNIT ( $, .RADIAN. ) );
#2686 = ORIENTED_EDGE ( 'NONE', *, *, #8356, .T. ) ;
#2687 = MECHANICAL_DESIGN_GEOMETRIC_PRESENTATION_REPRESENTATION (  '', ( #8001 ), #2088 ) ;
#2688 = DIRECTION ( 'NONE',  ( -0.0000000000000000000, -1.000000000000000000, -0.0000000000000000000 ) ) ;
#2689 = FILL_AREA_STYLE_COLOUR ( '', #223 ) ;
#2690 = ORIENTED_EDGE ( 'NONE', *, *, #6342, .F. ) ;
#2691 = PLANE ( 'NONE',  #3153 ) ;
#2692 =( NAMED_UNIT ( * ) SI_UNIT ( $, .STERADIAN. ) SOLID_ANGLE_UNIT ( ) );
#2693 = ORIENTED_EDGE ( 'NONE', *, *, #2835, .F. ) ;
#2694 = CARTESIAN_POINT ( 'NONE',  ( -2.000000000000000000, 0.002500000000000000052, 0.8649999999999999911 ) ) ;
#2695 = PLANE ( 'NONE',  #4885 ) ;
#2696 = SURFACE_SIDE_STYLE ('',( #3368 ) ) ;
#2697 = COLOUR_RGB ( '',0.2509803921568627416, 0.2509803921568627416, 0.2509803921568627416 ) ;
#2698 = CARTESIAN_POINT ( 'NONE',  ( 2.000000000000000000, 0.002500000000000000052, -0.3649999999999999911 ) ) ;
#2699 = FILL_AREA_STYLE_COLOUR ( '', #3645 ) ;
#2700 = VECTOR ( 'NONE', #7335, 1000.000000000000000 ) ;
#2701 = STYLED_ITEM ( 'NONE', ( #4642 ), #8699 ) ;
#2702 = VERTEX_POINT ( 'NONE', #682 ) ;
#2703 = LINE ( 'NONE', #7910, #7575 ) ;
#2704 = CARTESIAN_POINT ( 'NONE',  ( -2.000000000000000000, 0.002500000000000000052, -0.3650000000000001577 ) ) ;
#2705 = DIRECTION ( 'NONE',  ( -1.000000000000000000, 0.0000000000000000000, 0.0000000000000000000 ) ) ;
#2706 = CARTESIAN_POINT ( 'NONE',  ( -2.001999999999999780, 0.002500000000000000052, 0.1349999999999998701 ) ) ;
#2707 = ORIENTED_EDGE ( 'NONE', *, *, #7546, .T. ) ;
#2708 = CARTESIAN_POINT ( 'NONE',  ( -0.1349999999999995925, 0.002499999999999985307, 2.000000000000000000 ) ) ;
#2709 = CARTESIAN_POINT ( 'NONE',  ( -2.000000000000000000, 0.002500000000000000052, -1.135000000000000009 ) ) ;
#2710 = PRESENTATION_STYLE_ASSIGNMENT (( #5393 ) ) ;
#2711 = VECTOR ( 'NONE', #3606, 1000.000000000000000 ) ;
#2712 = ORIENTED_EDGE ( 'NONE', *, *, #2448, .F. ) ;
#2713 = LINE ( 'NONE', #9088, #2983 ) ;
#2714 = EDGE_CURVE ( 'NONE', #4428, #855, #6404, .T. ) ;
#2715 =( LENGTH_UNIT ( ) NAMED_UNIT ( * ) SI_UNIT ( .MILLI., .METRE. ) );
#2716 = ADVANCED_FACE ( 'NONE', ( #8508 ), #4959, .F. ) ;
#2717 = LINE ( 'NONE', #8336, #7409 ) ;
#2718 =( NAMED_UNIT ( * ) SI_UNIT ( $, .STERADIAN. ) SOLID_ANGLE_UNIT ( ) );
#2719 = VERTEX_POINT ( 'NONE', #1530 ) ;
#2720 = FILL_AREA_STYLE_COLOUR ( '', #7510 ) ;
#2721 = DIRECTION ( 'NONE',  ( 0.0000000000000000000, -1.000000000000000000, 0.0000000000000000000 ) ) ;
#2722 = PRESENTATION_LAYER_ASSIGNMENT (  '', '', ( #5529 ) ) ;
#2723 = MECHANICAL_DESIGN_GEOMETRIC_PRESENTATION_REPRESENTATION (  '', ( #5531 ), #26 ) ;
#2724 = SURFACE_SIDE_STYLE ('',( #6989 ) ) ;
#2725 = EDGE_CURVE ( 'NONE', #6226, #7235, #6493, .T. ) ;
#2726 = DIRECTION ( 'NONE',  ( 0.0000000000000000000, 0.0000000000000000000, 1.000000000000000000 ) ) ;
#2727 = CARTESIAN_POINT ( 'NONE',  ( 0.1350000000000003419, 0.0000000000000000000, -2.000000000000000000 ) ) ;
#2728 = ADVANCED_FACE ( 'NONE', ( #7824 ), #2972, .F. ) ;
#2729 = CARTESIAN_POINT ( 'NONE',  ( -0.6349999999999995648, 0.1999999999999999833, 2.001999999999999780 ) ) ;
#2730 = ORIENTED_EDGE ( 'NONE', *, *, #8945, .T. ) ;
#2731 = SURFACE_SIDE_STYLE ('',( #1940 ) ) ;
#2732 = FILL_AREA_STYLE_COLOUR ( '', #1889 ) ;
#2733 = VERTEX_POINT ( 'NONE', #6542 ) ;
#2734 = LINE ( 'NONE', #630, #6385 ) ;
#2735 =( LENGTH_UNIT ( ) NAMED_UNIT ( * ) SI_UNIT ( .MILLI., .METRE. ) );
#2736 = FACE_OUTER_BOUND ( 'NONE', #5711, .T. ) ;
#2737 = UNCERTAINTY_MEASURE_WITH_UNIT (LENGTH_MEASURE( 1.000000000000000082E-05 ), #5528, 'distance_accuracy_value', 'NONE');
#2738 = SURFACE_STYLE_FILL_AREA ( #2650 ) ;
#2739 = CARTESIAN_POINT ( 'NONE',  ( -2.000000000000000000, 0.0000000000000000000, 0.3649999999999999911 ) ) ;
#2740 = UNCERTAINTY_MEASURE_WITH_UNIT (LENGTH_MEASURE( 1.000000000000000082E-05 ), #7207, 'distance_accuracy_value', 'NONE');
#2741 = CARTESIAN_POINT ( 'NONE',  ( 2.000000000000000000, 0.002500000000000000052, 1.365000000000000213 ) ) ;
#2742 = SURFACE_STYLE_USAGE ( .BOTH. , #4073 ) ;
#2743 = CARTESIAN_POINT ( 'NONE',  ( -2.001999999999999780, 0.2025000000000000133, -0.1350000000000001477 ) ) ;
#2744 = CARTESIAN_POINT ( 'NONE',  ( 0.8650000000000004352, 0.2000000000000000389, -2.000000000000000000 ) ) ;
#2745 = ORIENTED_EDGE ( 'NONE', *, *, #5486, .F. ) ;
#2746 = CARTESIAN_POINT ( 'NONE',  ( 1.135000000000000453, 0.2000000000000000389, -2.000000000000000000 ) ) ;
#2747 = SURFACE_STYLE_FILL_AREA ( #9079 ) ;
#2748 =( NAMED_UNIT ( * ) SI_UNIT ( $, .STERADIAN. ) SOLID_ANGLE_UNIT ( ) );
#2749 = UNCERTAINTY_MEASURE_WITH_UNIT (LENGTH_MEASURE( 1.000000000000000082E-05 ), #8619, 'distance_accuracy_value', 'NONE');
#2750 =( NAMED_UNIT ( * ) SI_UNIT ( $, .STERADIAN. ) SOLID_ANGLE_UNIT ( ) );
#2751 = EDGE_LOOP ( 'NONE', ( #4982, #4525, #3738, #982 ) ) ;
#2752 = DIRECTION ( 'NONE',  ( -0.0000000000000000000, -0.0000000000000000000, -1.000000000000000000 ) ) ;
#2753 = CARTESIAN_POINT ( 'NONE',  ( -1.600000000000000089, 0.002500000000000000052, 1.365000000000000213 ) ) ;
#2754 = ORIENTED_EDGE ( 'NONE', *, *, #1243, .T. ) ;
#2755 =( NAMED_UNIT ( * ) SI_UNIT ( $, .STERADIAN. ) SOLID_ANGLE_UNIT ( ) );
#2756 = PRESENTATION_LAYER_ASSIGNMENT (  '', '', ( #6755 ) ) ;
#2757 = FACE_OUTER_BOUND ( 'NONE', #8014, .T. ) ;
#2758 = FACE_OUTER_BOUND ( 'NONE', #1677, .T. ) ;
#2759 = CARTESIAN_POINT ( 'NONE',  ( 2.001999999999999780, 0.2025000000000000133, 0.3649999999999998801 ) ) ;
#2760 =( GEOMETRIC_REPRESENTATION_CONTEXT ( 3 ) GLOBAL_UNCERTAINTY_ASSIGNED_CONTEXT ( ( #7733 ) ) GLOBAL_UNIT_ASSIGNED_CONTEXT ( ( #3851, #2098, #6354 ) ) REPRESENTATION_CONTEXT ( 'NONE', 'WORKASPACE' ) );
#2761 = ORIENTED_EDGE ( 'NONE', *, *, #3434, .F. ) ;
#2762 =( LENGTH_UNIT ( ) NAMED_UNIT ( * ) SI_UNIT ( .MILLI., .METRE. ) );
#2763 = AXIS2_PLACEMENT_3D ( 'NONE', #2548, #6188, #4711 ) ;
#2764 =( NAMED_UNIT ( * ) SI_UNIT ( $, .STERADIAN. ) SOLID_ANGLE_UNIT ( ) );
#2765 = PRESENTATION_LAYER_ASSIGNMENT (  '', '', ( #4228 ) ) ;
#2766 = LINE ( 'NONE', #4845, #3717 ) ;
#2767 = EDGE_CURVE ( 'NONE', #7753, #6566, #263, .T. ) ;
#2768 = SURFACE_STYLE_USAGE ( .BOTH. , #2857 ) ;
#2769 = CARTESIAN_POINT ( 'NONE',  ( -2.000000000000000000, 0.0000000000000000000, -0.1350000000000000089 ) ) ;
#2770 = MECHANICAL_DESIGN_GEOMETRIC_PRESENTATION_REPRESENTATION (  '', ( #8674 ), #7224 ) ;
#2771 = SURFACE_SIDE_STYLE ('',( #4944 ) ) ;
#2772 = VECTOR ( 'NONE', #2201, 1000.000000000000000 ) ;
#2773 = ORIENTED_EDGE ( 'NONE', *, *, #6646, .T. ) ;
#2774 = DIRECTION ( 'NONE',  ( -1.000000000000000000, 0.0000000000000000000, 0.0000000000000000000 ) ) ;
#2775 = CARTESIAN_POINT ( 'NONE',  ( 0.1350000000000003419, 0.2000000000000000111, -2.000000000000000000 ) ) ;
#2776 = ORIENTED_EDGE ( 'NONE', *, *, #4811, .F. ) ;
#2777 = FILL_AREA_STYLE ('',( #1082 ) ) ;
#2778 = EDGE_CURVE ( 'NONE', #4960, #1803, #3016, .T. ) ;
#2779 = ADVANCED_FACE ( 'NONE', ( #6684 ), #8605, .F. ) ;
#2780 = MECHANICAL_DESIGN_GEOMETRIC_PRESENTATION_REPRESENTATION (  '', ( #383 ), #9127 ) ;
#2781 = FACE_OUTER_BOUND ( 'NONE', #3934, .T. ) ;
#2782 = EDGE_CURVE ( 'NONE', #1483, #2409, #7342, .T. ) ;
#2783 = FILL_AREA_STYLE ('',( #4860 ) ) ;
#2784 = MECHANICAL_DESIGN_GEOMETRIC_PRESENTATION_REPRESENTATION (  '', ( #5594 ), #5885 ) ;
#2785 = CARTESIAN_POINT ( 'NONE',  ( -0.8649999999999995470, 0.002499999999999997450, -1.600000000000000089 ) ) ;
#2786 = DIRECTION ( 'NONE',  ( 0.0000000000000000000, -0.0000000000000000000, 1.000000000000000000 ) ) ;
#2787 = VERTEX_POINT ( 'NONE', #3714 ) ;
#2788 = ADVANCED_FACE ( 'NONE', ( #880 ), #421, .F. ) ;
#2789 = ORIENTED_EDGE ( 'NONE', *, *, #708, .T. ) ;
#2790 = ADVANCED_FACE ( 'NONE', ( #1059 ), #8858, .F. ) ;
#2791 = CARTESIAN_POINT ( 'NONE',  ( -1.364999999999999769, -4.470451666064363791E-17, 2.001999999999999780 ) ) ;
#2792 =( LENGTH_UNIT ( ) NAMED_UNIT ( * ) SI_UNIT ( .MILLI., .METRE. ) );
#2793 = PRESENTATION_STYLE_ASSIGNMENT (( #7782 ) ) ;
#2794 = CARTESIAN_POINT ( 'NONE',  ( -1.134999999999999787, 0.002499999999999995715, -1.600000000000000089 ) ) ;
#2795 = VERTEX_POINT ( 'NONE', #5232 ) ;
#2796 = CARTESIAN_POINT ( 'NONE',  ( -0.1349999999999995925, 0.002499999999999985307, 1.600000000000000089 ) ) ;
#2797 = PRESENTATION_LAYER_ASSIGNMENT (  '', '', ( #6792 ) ) ;
#2798 = DIRECTION ( 'NONE',  ( -0.0000000000000000000, -1.000000000000000000, -0.0000000000000000000 ) ) ;
#2799 = LINE ( 'NONE', #4788, #4963 ) ;
#2800 = LINE ( 'NONE', #746, #6512 ) ;
#2801 = EDGE_LOOP ( 'NONE', ( #6119, #9176, #6502, #7163, #7938, #2639 ) ) ;
#2802 = LINE ( 'NONE', #5635, #7428 ) ;
#2803 = VECTOR ( 'NONE', #3793, 1000.000000000000000 ) ;
#2804 = CARTESIAN_POINT ( 'NONE',  ( 1.499999999999999778, 0.8979999999999999094, -1.500000000000000000 ) ) ;
#2805 = ORIENTED_EDGE ( 'NONE', *, *, #8360, .T. ) ;
#2806 = LINE ( 'NONE', #4936, #4733 ) ;
#2807 = ORIENTED_EDGE ( 'NONE', *, *, #320, .F. ) ;
#2808 = DIRECTION ( 'NONE',  ( 1.000000000000000000, 0.0000000000000000000, 4.065758146820642614E-16 ) ) ;
#2809 = CARTESIAN_POINT ( 'NONE',  ( -1.600000000000000089, 0.002500000000000000052, -0.1350000000000000089 ) ) ;
#2810 = VECTOR ( 'NONE', #6443, 1000.000000000000000 ) ;
#2811 = VECTOR ( 'NONE', #6042, 1000.000000000000000 ) ;
#2812 = CARTESIAN_POINT ( 'NONE',  ( 2.001999999999999780, 0.2025000000000000133, -1.365000000000000213 ) ) ;
#2813 = VERTEX_POINT ( 'NONE', #1011 ) ;
#2814 = LINE ( 'NONE', #4289, #7823 ) ;
#2815 = VERTEX_POINT ( 'NONE', #8202 ) ;
#2816 = SURFACE_STYLE_USAGE ( .BOTH. , #5553 ) ;
#2817 = PRESENTATION_STYLE_ASSIGNMENT (( #670 ) ) ;
#2818 = AXIS2_PLACEMENT_3D ( 'NONE', #5830, #926, #8005 ) ;
#2819 = VECTOR ( 'NONE', #5829, 1000.000000000000000 ) ;
#2820 =( NAMED_UNIT ( * ) PLANE_ANGLE_UNIT ( ) SI_UNIT ( $, .RADIAN. ) );
#2821 = VECTOR ( 'NONE', #8170, 1000.000000000000000 ) ;
#2822 =( GEOMETRIC_REPRESENTATION_CONTEXT ( 3 ) GLOBAL_UNCERTAINTY_ASSIGNED_CONTEXT ( ( #1791 ) ) GLOBAL_UNIT_ASSIGNED_CONTEXT ( ( #2169, #620, #3543 ) ) REPRESENTATION_CONTEXT ( 'NONE', 'WORKASPACE' ) );
#2823 = EDGE_CURVE ( 'NONE', #6041, #3983, #1145, .T. ) ;
#2824 = UNCERTAINTY_MEASURE_WITH_UNIT (LENGTH_MEASURE( 1.000000000000000082E-05 ), #7462, 'distance_accuracy_value', 'NONE');
#2825 =( NAMED_UNIT ( * ) SI_UNIT ( $, .STERADIAN. ) SOLID_ANGLE_UNIT ( ) );
#2826 = EDGE_CURVE ( 'NONE', #7341, #4499, #3965, .T. ) ;
#2827 = UNCERTAINTY_MEASURE_WITH_UNIT (LENGTH_MEASURE( 1.000000000000000082E-05 ), #971, 'distance_accuracy_value', 'NONE');
#2828 = FILL_AREA_STYLE_COLOUR ( '', #4264 ) ;
#2829 = EDGE_CURVE ( 'NONE', #1524, #5169, #8774, .T. ) ;
#2830 = ORIENTED_EDGE ( 'NONE', *, *, #4245, .F. ) ;
#2831 = ORIENTED_EDGE ( 'NONE', *, *, #4596, .T. ) ;
#2832 =( GEOMETRIC_REPRESENTATION_CONTEXT ( 3 ) GLOBAL_UNCERTAINTY_ASSIGNED_CONTEXT ( ( #4591 ) ) GLOBAL_UNIT_ASSIGNED_CONTEXT ( ( #7486, #4081, #1092 ) ) REPRESENTATION_CONTEXT ( 'NONE', 'WORKASPACE' ) );
#2833 = FILL_AREA_STYLE ('',( #4257 ) ) ;
#2834 = UNCERTAINTY_MEASURE_WITH_UNIT (LENGTH_MEASURE( 1.000000000000000082E-05 ), #5440, 'distance_accuracy_value', 'NONE');
#2835 = EDGE_CURVE ( 'NONE', #944, #1793, #2494, .T. ) ;
#2836 = VECTOR ( 'NONE', #3426, 1000.000000000000000 ) ;
#2837 = UNCERTAINTY_MEASURE_WITH_UNIT (LENGTH_MEASURE( 1.000000000000000082E-05 ), #3999, 'distance_accuracy_value', 'NONE');
#2838 = CARTESIAN_POINT ( 'NONE',  ( 0.1350000000000004530, 0.002500000000000000052, -1.600000000000000089 ) ) ;
#2839 = EDGE_LOOP ( 'NONE', ( #726, #6024, #3501, #4970 ) ) ;
#2840 = ADVANCED_FACE ( 'NONE', ( #1879 ), #2453, .F. ) ;
#2841 = CARTESIAN_POINT ( 'NONE',  ( -2.000000000000000000, 0.0000000000000000000, -0.1350000000000000089 ) ) ;
#2842 = AXIS2_PLACEMENT_3D ( 'NONE', #7742, #2057, #6218 ) ;
#2843 = LINE ( 'NONE', #795, #4731 ) ;
#2844 = ORIENTED_EDGE ( 'NONE', *, *, #6233, .F. ) ;
#2845 =( NAMED_UNIT ( * ) SI_UNIT ( $, .STERADIAN. ) SOLID_ANGLE_UNIT ( ) );
#2846 = VECTOR ( 'NONE', #1411, 1000.000000000000000 ) ;
#2847 = SURFACE_STYLE_USAGE ( .BOTH. , #38 ) ;
#2848 = PRESENTATION_LAYER_ASSIGNMENT (  '', '', ( #8157 ) ) ;
#2849 = FILL_AREA_STYLE ('',( #902 ) ) ;
#2850 = VERTEX_POINT ( 'NONE', #8995 ) ;
#2851 = SURFACE_SIDE_STYLE ('',( #6938 ) ) ;
#2852 = VERTEX_POINT ( 'NONE', #2759 ) ;
#2853 = DIRECTION ( 'NONE',  ( -0.0000000000000000000, -0.0000000000000000000, -1.000000000000000000 ) ) ;
#2854 = DIRECTION ( 'NONE',  ( 0.0000000000000000000, 0.0000000000000000000, 1.000000000000000000 ) ) ;
#2855 = CARTESIAN_POINT ( 'NONE',  ( -2.001999999999999780, 0.2025000000000000133, -0.3650000000000001577 ) ) ;
#2856 =( GEOMETRIC_REPRESENTATION_CONTEXT ( 3 ) GLOBAL_UNCERTAINTY_ASSIGNED_CONTEXT ( ( #4594 ) ) GLOBAL_UNIT_ASSIGNED_CONTEXT ( ( #7152, #8466, #9178 ) ) REPRESENTATION_CONTEXT ( 'NONE', 'WORKASPACE' ) );
#2857 = SURFACE_SIDE_STYLE ('',( #4339 ) ) ;
#2858 =( LENGTH_UNIT ( ) NAMED_UNIT ( * ) SI_UNIT ( .MILLI., .METRE. ) );
#2859 = DIRECTION ( 'NONE',  ( -0.0000000000000000000, -1.000000000000000000, -0.0000000000000000000 ) ) ;
#2860 = DIRECTION ( 'NONE',  ( 0.0000000000000000000, -0.0000000000000000000, 1.000000000000000000 ) ) ;
#2861 = ORIENTED_EDGE ( 'NONE', *, *, #365, .T. ) ;
#2862 = CARTESIAN_POINT ( 'NONE',  ( 1.365000000000000435, 0.002500000000000003088, -1.600000000000000089 ) ) ;
#2863 = DIRECTION ( 'NONE',  ( 0.0000000000000000000, 0.0000000000000000000, 1.000000000000000000 ) ) ;
#2864 = VERTEX_POINT ( 'NONE', #566 ) ;
#2865 = CARTESIAN_POINT ( 'NONE',  ( -2.001999999999999780, 0.2025000000000000133, 0.6349999999999998979 ) ) ;
#2866 = CARTESIAN_POINT ( 'NONE',  ( -2.000000000000000000, 0.0000000000000000000, -0.6350000000000000089 ) ) ;
#2867 = COLOUR_RGB ( '',1.000000000000000000, 1.000000000000000000, 1.000000000000000000 ) ;
#2868 = DIRECTION ( 'NONE',  ( -0.0000000000000000000, -1.000000000000000000, -0.0000000000000000000 ) ) ;
#2869 = CARTESIAN_POINT ( 'NONE',  ( 1.135000000000000453, 0.2000000000000000389, 2.001999999999999780 ) ) ;
#2870 = DIRECTION ( 'NONE',  ( 4.065758146820642614E-16, 0.0000000000000000000, -1.000000000000000000 ) ) ;
#2871 = EDGE_LOOP ( 'NONE', ( #4559, #2883, #5255, #4011 ) ) ;
#2872 = CARTESIAN_POINT ( 'NONE',  ( 1.135000000000000453, 0.002500000000000003088, -2.000000000000000000 ) ) ;
#2873 =( NAMED_UNIT ( * ) PLANE_ANGLE_UNIT ( ) SI_UNIT ( $, .RADIAN. ) );
#2874 = ORIENTED_EDGE ( 'NONE', *, *, #6117, .T. ) ;
#2875 = CARTESIAN_POINT ( 'NONE',  ( 2.001999999999999780, 0.2025000000000000133, 0.3649999999999998801 ) ) ;
#2876 = ORIENTED_EDGE ( 'NONE', *, *, #6742, .F. ) ;
#2877 = ADVANCED_FACE ( 'NONE', ( #6886 ), #7022, .F. ) ;
#2878 = LINE ( 'NONE', #6546, #8973 ) ;
#2879 = CARTESIAN_POINT ( 'NONE',  ( 1.499999999999999778, 0.9000000000000000222, -1.500000000000000000 ) ) ;
#2880 = VERTEX_POINT ( 'NONE', #4008 ) ;
#2881 = LINE ( 'NONE', #5708, #2772 ) ;
#2882 = SURFACE_STYLE_USAGE ( .BOTH. , #7930 ) ;
#2883 = ORIENTED_EDGE ( 'NONE', *, *, #6233, .T. ) ;
#2884 = EDGE_CURVE ( 'NONE', #6390, #6176, #2674, .T. ) ;
#2885 = FACE_OUTER_BOUND ( 'NONE', #7807, .T. ) ;
#2886 = EDGE_CURVE ( 'NONE', #5158, #4387, #3393, .T. ) ;
#2887 = ADVANCED_FACE ( 'NONE', ( #1270 ), #4091, .T. ) ;
#2888 =( NAMED_UNIT ( * ) PLANE_ANGLE_UNIT ( ) SI_UNIT ( $, .RADIAN. ) );
#2889 = DIRECTION ( 'NONE',  ( -1.000000000000000000, 0.0000000000000000000, -0.0000000000000000000 ) ) ;
#2890 = ORIENTED_EDGE ( 'NONE', *, *, #1526, .T. ) ;
#2891 = DIRECTION ( 'NONE',  ( 1.000000000000000000, 0.0000000000000000000, 4.065758146820642614E-16 ) ) ;
#2892 = ORIENTED_EDGE ( 'NONE', *, *, #9042, .F. ) ;
#2893 = DIRECTION ( 'NONE',  ( 0.0000000000000000000, 0.0000000000000000000, 1.000000000000000000 ) ) ;
#2894 = LINE ( 'NONE', #3689, #2182 ) ;
#2895 = ORIENTED_EDGE ( 'NONE', *, *, #7877, .T. ) ;
#2896 = PRESENTATION_LAYER_ASSIGNMENT (  '', '', ( #2009 ) ) ;
#2897 = MECHANICAL_DESIGN_GEOMETRIC_PRESENTATION_REPRESENTATION (  '', ( #3056 ), #2176 ) ;
#2898 = PLANE ( 'NONE',  #1469 ) ;
#2899 = CARTESIAN_POINT ( 'NONE',  ( 1.600000000000000089, 0.002500000000000000052, -0.8650000000000001021 ) ) ;
#2900 = LINE ( 'NONE', #5043, #6704 ) ;
#2901 = STYLED_ITEM ( 'NONE', ( #424 ), #3571 ) ;
#2902 = DIRECTION ( 'NONE',  ( 1.000000000000000000, 0.0000000000000000000, 0.0000000000000000000 ) ) ;
#2903 = ORIENTED_EDGE ( 'NONE', *, *, #500, .T. ) ;
#2904 = SURFACE_STYLE_USAGE ( .BOTH. , #3701 ) ;
#2905 = VECTOR ( 'NONE', #1387, 1000.000000000000000 ) ;
#2906 = CARTESIAN_POINT ( 'NONE',  ( -1.600000000000000089, 0.0000000000000000000, 1.365000000000000213 ) ) ;
#2907 = ORIENTED_EDGE ( 'NONE', *, *, #7265, .T. ) ;
#2908 = LINE ( 'NONE', #1668, #7308 ) ;
#2909 = DIRECTION ( 'NONE',  ( -1.000000000000000000, 0.0000000000000000000, 0.0000000000000000000 ) ) ;
#2910 = VECTOR ( 'NONE', #1323, 1000.000000000000000 ) ;
#2911 = LINE ( 'NONE', #5055, #2681 ) ;
#2912 = VECTOR ( 'NONE', #7131, 1000.000000000000000 ) ;
#2913 = LINE ( 'NONE', #2140, #5156 ) ;
#2914 = ORIENTED_EDGE ( 'NONE', *, *, #2232, .F. ) ;
#2915 = FILL_AREA_STYLE_COLOUR ( '', #511 ) ;
#2916 = CARTESIAN_POINT ( 'NONE',  ( 2.000000000000000000, 0.002500000000000000052, -2.000000000000000000 ) ) ;
#2917 = VECTOR ( 'NONE', #2044, 1000.000000000000000 ) ;
#2918 = VECTOR ( 'NONE', #6603, 1000.000000000000000 ) ;
#2919 = EDGE_LOOP ( 'NONE', ( #5097, #8054, #958, #4255 ) ) ;
#2920 = VERTEX_POINT ( 'NONE', #7169 ) ;
#2921 =( NAMED_UNIT ( * ) PLANE_ANGLE_UNIT ( ) SI_UNIT ( $, .RADIAN. ) );
#2922 = STYLED_ITEM ( 'NONE', ( #8786 ), #6273 ) ;
#2923 = UNCERTAINTY_MEASURE_WITH_UNIT (LENGTH_MEASURE( 1.000000000000000082E-05 ), #9154, 'distance_accuracy_value', 'NONE');
#2924 = DIRECTION ( 'NONE',  ( 0.0000000000000000000, -0.0000000000000000000, -1.000000000000000000 ) ) ;
#2925 = PRESENTATION_STYLE_ASSIGNMENT (( #791 ) ) ;
#2926 = ORIENTED_EDGE ( 'NONE', *, *, #7634, .F. ) ;
#2927 = DIRECTION ( 'NONE',  ( 0.0000000000000000000, 0.0000000000000000000, 1.000000000000000000 ) ) ;
#2928 = SURFACE_SIDE_STYLE ('',( #7539 ) ) ;
#2929 = SURFACE_STYLE_USAGE ( .BOTH. , #8614 ) ;
#2930 = CARTESIAN_POINT ( 'NONE',  ( -1.600000000000000089, 0.002500000000000000052, 0.6349999999999998979 ) ) ;
#2931 = ADVANCED_FACE ( 'NONE', ( #8622 ), #699, .T. ) ;
#2932 = COLOUR_RGB ( '',1.000000000000000000, 1.000000000000000000, 1.000000000000000000 ) ;
#2933 = ORIENTED_EDGE ( 'NONE', *, *, #4111, .F. ) ;
#2934 = SURFACE_STYLE_USAGE ( .BOTH. , #6557 ) ;
#2935 = COLOUR_RGB ( '',0.2509803921568627416, 0.2509803921568627416, 0.2509803921568627416 ) ;
#2936 = EDGE_CURVE ( 'NONE', #6176, #6288, #7263, .T. ) ;
#2937 = ADVANCED_FACE ( 'NONE', ( #7794 ), #9199, .F. ) ;
#2938 = FILL_AREA_STYLE_COLOUR ( '', #2697 ) ;
#2939 = LINE ( 'NONE', #2253, #7478 ) ;
#2940 = EDGE_LOOP ( 'NONE', ( #3146, #8731, #6046, #7471 ) ) ;
#2941 = CARTESIAN_POINT ( 'NONE',  ( 2.000000000000000000, 0.002500000000000000052, -1.364999999999999991 ) ) ;
#2942 = SURFACE_STYLE_FILL_AREA ( #8672 ) ;
#2943 = ORIENTED_EDGE ( 'NONE', *, *, #2778, .T. ) ;
#2944 = LINE ( 'NONE', #2257, #9112 ) ;
#2945 = EDGE_CURVE ( 'NONE', #2200, #5662, #2939, .T. ) ;
#2946 = CARTESIAN_POINT ( 'NONE',  ( 2.000000000000000000, 0.002500000000000000052, 0.6350000000000000089 ) ) ;
#2947 = ORIENTED_EDGE ( 'NONE', *, *, #4529, .T. ) ;
#2948 = AXIS2_PLACEMENT_3D ( 'NONE', #8977, #6778, #2519 ) ;
#2949 = FILL_AREA_STYLE_COLOUR ( '', #7116 ) ;
#2950 = VECTOR ( 'NONE', #3845, 1000.000000000000000 ) ;
#2951 = PRESENTATION_STYLE_ASSIGNMENT (( #6281 ) ) ;
#2952 = CARTESIAN_POINT ( 'NONE',  ( 2.000000000000000000, 0.002500000000000000052, 0.6350000000000000089 ) ) ;
#2953 =( NAMED_UNIT ( * ) SI_UNIT ( $, .STERADIAN. ) SOLID_ANGLE_UNIT ( ) );
#2954 = EDGE_CURVE ( 'NONE', #8838, #2850, #3683, .T. ) ;
#2955 = SURFACE_STYLE_FILL_AREA ( #7948 ) ;
#2956 = ORIENTED_EDGE ( 'NONE', *, *, #5104, .F. ) ;
#2957 = DIRECTION ( 'NONE',  ( -1.000000000000000000, -0.0000000000000000000, -0.0000000000000000000 ) ) ;
#2958 = EDGE_LOOP ( 'NONE', ( #8107, #7376, #6789, #3678 ) ) ;
#2959 = CARTESIAN_POINT ( 'NONE',  ( 2.000000000000000000, 0.0000000000000000000, -1.364999999999999991 ) ) ;
#2960 = LINE ( 'NONE', #3969, #4702 ) ;
#2961 = EDGE_CURVE ( 'NONE', #2124, #4416, #450, .T. ) ;
#2962 = STYLED_ITEM ( 'NONE', ( #4205 ), #1133 ) ;
#2963 = COLOUR_RGB ( '',1.000000000000000000, 1.000000000000000000, 1.000000000000000000 ) ;
#2964 = VECTOR ( 'NONE', #8909, 1000.000000000000000 ) ;
#2965 = FILL_AREA_STYLE_COLOUR ( '', #7422 ) ;
#2966 = DIRECTION ( 'NONE',  ( -1.000000000000000000, 0.0000000000000000000, 0.0000000000000000000 ) ) ;
#2967 = EDGE_LOOP ( 'NONE', ( #8854, #3612, #7536, #8148 ) ) ;
#2968 = SURFACE_STYLE_FILL_AREA ( #4248 ) ;
#2969 = COLOUR_RGB ( '',1.000000000000000000, 1.000000000000000000, 1.000000000000000000 ) ;
#2970 = LINE ( 'NONE', #210, #5976 ) ;
#2971 = EDGE_LOOP ( 'NONE', ( #4429, #6964, #7691, #6340 ) ) ;
#2972 = PLANE ( 'NONE',  #4781 ) ;
#2973 = ORIENTED_EDGE ( 'NONE', *, *, #2448, .T. ) ;
#2974 = VECTOR ( 'NONE', #6628, 1000.000000000000000 ) ;
#2975 = DIRECTION ( 'NONE',  ( 0.0000000000000000000, 0.0000000000000000000, -1.000000000000000000 ) ) ;
#2976 = LINE ( 'NONE', #2291, #2338 ) ;
#2977 = EDGE_LOOP ( 'NONE', ( #4192, #6550, #7810, #7411, #595, #3058 ) ) ;
#2978 = COLOUR_RGB ( '',1.000000000000000000, 1.000000000000000000, 1.000000000000000000 ) ;
#2979 = CARTESIAN_POINT ( 'NONE',  ( -2.000000000000000000, 0.002500000000000000052, -0.8649999999999999911 ) ) ;
#2980 = VECTOR ( 'NONE', #5001, 1000.000000000000000 ) ;
#2981 = ORIENTED_EDGE ( 'NONE', *, *, #7578, .F. ) ;
#2982 =( NAMED_UNIT ( * ) PLANE_ANGLE_UNIT ( ) SI_UNIT ( $, .RADIAN. ) );
#2983 = VECTOR ( 'NONE', #7663, 1000.000000000000000 ) ;
#2984 = PRESENTATION_LAYER_ASSIGNMENT (  '', '', ( #5501 ) ) ;
#2985 = CARTESIAN_POINT ( 'NONE',  ( -0.6349999999999995648, 0.1999999999999999833, -2.001999999999999780 ) ) ;
#2986 = VERTEX_POINT ( 'NONE', #4034 ) ;
#2987 = DIRECTION ( 'NONE',  ( -0.0000000000000000000, -0.0000000000000000000, -1.000000000000000000 ) ) ;
#2988 =( LENGTH_UNIT ( ) NAMED_UNIT ( * ) SI_UNIT ( .MILLI., .METRE. ) );
#2989 = PRESENTATION_LAYER_ASSIGNMENT (  '', '', ( #1503 ) ) ;
#2990 = EDGE_LOOP ( 'NONE', ( #2861, #515, #8102, #914 ) ) ;
#2991 = ADVANCED_FACE ( 'NONE', ( #3082 ), #8032, .F. ) ;
#2992 = PRESENTATION_STYLE_ASSIGNMENT (( #4377 ) ) ;
#2993 = CARTESIAN_POINT ( 'NONE',  ( -2.000000000000000000, 0.2024999999999999856, -1.365000000000000213 ) ) ;
#2994 = STYLED_ITEM ( 'NONE', ( #8414 ), #8791 ) ;
#2995 = EDGE_CURVE ( 'NONE', #4329, #6258, #5473, .T. ) ;
#2996 = FACE_OUTER_BOUND ( 'NONE', #8966, .T. ) ;
#2997 = SURFACE_STYLE_USAGE ( .BOTH. , #3699 ) ;
#2998 = EDGE_LOOP ( 'NONE', ( #5906, #5008, #4425, #3240 ) ) ;
#2999 = LINE ( 'NONE', #8632, #8705 ) ;
#3000 = CARTESIAN_POINT ( 'NONE',  ( -2.001999999999999780, 0.002500000000000000052, 0.6349999999999998979 ) ) ;
#3001 = ORIENTED_EDGE ( 'NONE', *, *, #3317, .T. ) ;
#3002 = DIRECTION ( 'NONE',  ( 0.0000000000000000000, 0.0000000000000000000, 1.000000000000000000 ) ) ;
#3003 = VECTOR ( 'NONE', #6694, 1000.000000000000000 ) ;
#3004 = EDGE_CURVE ( 'NONE', #1870, #2986, #1739, .T. ) ;
#3005 = EDGE_CURVE ( 'NONE', #5535, #3518, #7562, .T. ) ;
#3006 =( LENGTH_UNIT ( ) NAMED_UNIT ( * ) SI_UNIT ( .MILLI., .METRE. ) );
#3007 = EDGE_CURVE ( 'NONE', #6479, #1223, #3130, .T. ) ;
#3008 = SURFACE_STYLE_USAGE ( .BOTH. , #2505 ) ;
#3009 = SURFACE_STYLE_FILL_AREA ( #115 ) ;
#3011 = ORIENTED_EDGE ( 'NONE', *, *, #8815, .F. ) ;
#3010 =( GEOMETRIC_REPRESENTATION_CONTEXT ( 3 ) GLOBAL_UNCERTAINTY_ASSIGNED_CONTEXT ( ( #4683 ) ) GLOBAL_UNIT_ASSIGNED_CONTEXT ( ( #7566, #9031, #1219 ) ) REPRESENTATION_CONTEXT ( 'NONE', 'WORKASPACE' ) );
#3012 = PRESENTATION_STYLE_ASSIGNMENT (( #930 ) ) ;
#3013 = CARTESIAN_POINT ( 'NONE',  ( -2.000000000000000000, 0.0000000000000000000, -0.1350000000000000089 ) ) ;
#3014 = FACE_OUTER_BOUND ( 'NONE', #5999, .T. ) ;
#3015 = EDGE_LOOP ( 'NONE', ( #5122, #6492, #852, #5950 ) ) ;
#3016 = LINE ( 'NONE', #6731, #5971 ) ;
#3017 = COLOUR_RGB ( '',1.000000000000000000, 1.000000000000000000, 1.000000000000000000 ) ;
#3018 = ORIENTED_EDGE ( 'NONE', *, *, #320, .T. ) ;
#3019 =( GEOMETRIC_REPRESENTATION_CONTEXT ( 3 ) GLOBAL_UNCERTAINTY_ASSIGNED_CONTEXT ( ( #8845 ) ) GLOBAL_UNIT_ASSIGNED_CONTEXT ( ( #3345, #4887, #6324 ) ) REPRESENTATION_CONTEXT ( 'NONE', 'WORKASPACE' ) );
#3020 = DIRECTION ( 'NONE',  ( -0.0000000000000000000, -1.000000000000000000, -0.0000000000000000000 ) ) ;
#3021 = UNCERTAINTY_MEASURE_WITH_UNIT (LENGTH_MEASURE( 1.000000000000000082E-05 ), #7995, 'distance_accuracy_value', 'NONE');
#3022 = PRESENTATION_STYLE_ASSIGNMENT (( #3720 ) ) ;
#3023 = UNCERTAINTY_MEASURE_WITH_UNIT (LENGTH_MEASURE( 1.000000000000000082E-05 ), #2858, 'distance_accuracy_value', 'NONE');
#3024 = DIRECTION ( 'NONE',  ( 0.0000000000000000000, 0.0000000000000000000, -1.000000000000000000 ) ) ;
#3025 = ORIENTED_EDGE ( 'NONE', *, *, #8655, .T. ) ;
#3026 = CARTESIAN_POINT ( 'NONE',  ( -0.1349999999999995925, 0.1999999999999999833, -2.000000000000000000 ) ) ;
#3027 = FILL_AREA_STYLE_COLOUR ( '', #7917 ) ;
#3028 = DIRECTION ( 'NONE',  ( -0.0000000000000000000, -1.000000000000000000, -0.0000000000000000000 ) ) ;
#3029 = VERTEX_POINT ( 'NONE', #7601 ) ;
#3030 = DIRECTION ( 'NONE',  ( -0.0000000000000000000, -1.000000000000000000, -0.0000000000000000000 ) ) ;
#3031 = UNCERTAINTY_MEASURE_WITH_UNIT (LENGTH_MEASURE( 1.000000000000000082E-05 ), #4527, 'distance_accuracy_value', 'NONE');
#3032 = DIRECTION ( 'NONE',  ( 0.0000000000000000000, 0.0000000000000000000, 1.000000000000000000 ) ) ;
#3033 = DIRECTION ( 'NONE',  ( 1.000000000000000000, 0.0000000000000000000, -0.0000000000000000000 ) ) ;
#3034 = EDGE_LOOP ( 'NONE', ( #6428, #6700, #7756, #8903 ) ) ;
#3035 = CARTESIAN_POINT ( 'NONE',  ( -0.6349999999999995648, 0.1999999999999999833, -2.000000000000000000 ) ) ;
#3036 = CARTESIAN_POINT ( 'NONE',  ( 2.000000000000000000, 0.9000000000000000222, -2.000000000000000000 ) ) ;
#3037 = ORIENTED_EDGE ( 'NONE', *, *, #7187, .T. ) ;
#3038 = VERTEX_POINT ( 'NONE', #6916 ) ;
#3039 = ORIENTED_EDGE ( 'NONE', *, *, #8184, .T. ) ;
#3040 = DIRECTION ( 'NONE',  ( -1.000000000000000000, 0.0000000000000000000, 0.0000000000000000000 ) ) ;
#3041 = ORIENTED_EDGE ( 'NONE', *, *, #5710, .T. ) ;
#3042 = CARTESIAN_POINT ( 'NONE',  ( 2.000000000000000000, 0.0000000000000000000, -0.3649999999999999911 ) ) ;
#3043 = COLOUR_RGB ( '',0.2509803921568627416, 0.2509803921568627416, 0.2509803921568627416 ) ;
#3044 = SURFACE_SIDE_STYLE ('',( #6576 ) ) ;
#3045 = PRESENTATION_LAYER_ASSIGNMENT (  '', '', ( #7918 ) ) ;
#3046 = PRESENTATION_STYLE_ASSIGNMENT (( #717 ) ) ;
#3047 = SURFACE_STYLE_USAGE ( .BOTH. , #5050 ) ;
#3048 = SURFACE_STYLE_FILL_AREA ( #1017 ) ;
#3049 = ADVANCED_FACE ( 'NONE', ( #6205 ), #7355, .F. ) ;
#3050 = LINE ( 'NONE', #5778, #7284 ) ;
#3051 = CARTESIAN_POINT ( 'NONE',  ( 0.6350000000000003419, 0.002500000000000015231, 2.000000000000000000 ) ) ;
#3052 = FILL_AREA_STYLE ('',( #8784 ) ) ;
#3053 = STYLED_ITEM ( 'NONE', ( #3517 ), #4280 ) ;
#3054 = CARTESIAN_POINT ( 'NONE',  ( -1.250000000000000000, 0.002500000000000000052, -1.250000000000000000 ) ) ;
#3055 = CARTESIAN_POINT ( 'NONE',  ( -0.8649999999999995470, 0.002499999999999970562, 1.600000000000000089 ) ) ;
#3056 = STYLED_ITEM ( 'NONE', ( #5061 ), #4917 ) ;
#3057 = DIRECTION ( 'NONE',  ( 0.0000000000000000000, -1.000000000000000000, 0.0000000000000000000 ) ) ;
#3058 = ORIENTED_EDGE ( 'NONE', *, *, #1811, .T. ) ;
#3059 = ADVANCED_FACE ( 'NONE', ( #7043 ), #4864, .F. ) ;
#3060 = FILL_AREA_STYLE ('',( #7339 ) ) ;
#3061 = DIRECTION ( 'NONE',  ( -0.0000000000000000000, -1.000000000000000000, -0.0000000000000000000 ) ) ;
#3062 = VECTOR ( 'NONE', #1551, 1000.000000000000000 ) ;
#3063 = VERTEX_POINT ( 'NONE', #1480 ) ;
#3064 = PRESENTATION_LAYER_ASSIGNMENT (  '', '', ( #7054 ) ) ;
#3065 = EDGE_CURVE ( 'NONE', #5509, #1048, #6299, .T. ) ;
#3066 = VECTOR ( 'NONE', #8575, 1000.000000000000000 ) ;
#3067 = VECTOR ( 'NONE', #1285, 1000.000000000000000 ) ;
#3068 = SURFACE_STYLE_USAGE ( .BOTH. , #3770 ) ;
#3069 = VERTEX_POINT ( 'NONE', #5697 ) ;
#3070 = FILL_AREA_STYLE_COLOUR ( '', #77 ) ;
#3071 = FILL_AREA_STYLE_COLOUR ( '', #6048 ) ;
#3072 =( GEOMETRIC_REPRESENTATION_CONTEXT ( 3 ) GLOBAL_UNCERTAINTY_ASSIGNED_CONTEXT ( ( #7485 ) ) GLOBAL_UNIT_ASSIGNED_CONTEXT ( ( #7781, #173, #3575 ) ) REPRESENTATION_CONTEXT ( 'NONE', 'WORKASPACE' ) );
#3073 = SURFACE_STYLE_USAGE ( .BOTH. , #887 ) ;
#3074 = CARTESIAN_POINT ( 'NONE',  ( 2.000000000000000000, 0.002500000000000000052, -0.3650000000000001021 ) ) ;
#3075 =( NAMED_UNIT ( * ) SI_UNIT ( $, .STERADIAN. ) SOLID_ANGLE_UNIT ( ) );
#3076 = SURFACE_STYLE_USAGE ( .BOTH. , #1731 ) ;
#3077 = EDGE_CURVE ( 'NONE', #6753, #3979, #69, .T. ) ;
#3078 = ORIENTED_EDGE ( 'NONE', *, *, #6695, .T. ) ;
#3079 = VECTOR ( 'NONE', #7372, 1000.000000000000000 ) ;
#3080 =( NAMED_UNIT ( * ) PLANE_ANGLE_UNIT ( ) SI_UNIT ( $, .RADIAN. ) );
#3081 = DIRECTION ( 'NONE',  ( 0.0000000000000000000, 0.0000000000000000000, -1.000000000000000000 ) ) ;
#3082 = FACE_OUTER_BOUND ( 'NONE', #5329, .T. ) ;
#3083 = ORIENTED_EDGE ( 'NONE', *, *, #7151, .F. ) ;
#3084 = SURFACE_SIDE_STYLE ('',( #239 ) ) ;
#3085 = CARTESIAN_POINT ( 'NONE',  ( -2.000000000000000000, 0.002500000000000000052, 0.1350000000000000366 ) ) ;
#3086 = FILL_AREA_STYLE ('',( #2356 ) ) ;
#3087 = ORIENTED_EDGE ( 'NONE', *, *, #3977, .T. ) ;
#3088 = ORIENTED_EDGE ( 'NONE', *, *, #2039, .F. ) ;
#3089 = CARTESIAN_POINT ( 'NONE',  ( -1.364999999999999769, 0.002499999999999995715, -2.000000000000000000 ) ) ;
#3090 = AXIS2_PLACEMENT_3D ( 'NONE', #589, #3416, #2046 ) ;
#3091 = CARTESIAN_POINT ( 'NONE',  ( 2.000000000000000000, 0.002500000000000000052, 0.8649999999999999911 ) ) ;
#3092 = LINE ( 'NONE', #3697, #6852 ) ;
#3093 = DIRECTION ( 'NONE',  ( 1.000000000000000000, 0.0000000000000000000, 0.0000000000000000000 ) ) ;
#3094 = PRESENTATION_STYLE_ASSIGNMENT (( #5309 ) ) ;
#3095 = EDGE_LOOP ( 'NONE', ( #2730, #3860, #4578, #6920 ) ) ;
#3096 =( NAMED_UNIT ( * ) PLANE_ANGLE_UNIT ( ) SI_UNIT ( $, .RADIAN. ) );
#3097 = FACE_OUTER_BOUND ( 'NONE', #7538, .T. ) ;
#3098 = ORIENTED_EDGE ( 'NONE', *, *, #1089, .F. ) ;
#3099 =( NAMED_UNIT ( * ) SI_UNIT ( $, .STERADIAN. ) SOLID_ANGLE_UNIT ( ) );
#3100 = AXIS2_PLACEMENT_3D ( 'NONE', #4672, #5924, #3152 ) ;
#3101 = SURFACE_STYLE_USAGE ( .BOTH. , #5825 ) ;
#3102 = LINE ( 'NONE', #5195, #2974 ) ;
#3103 = LINE ( 'NONE', #4576, #9203 ) ;
#3104 = PRESENTATION_LAYER_ASSIGNMENT (  '', '', ( #7541 ) ) ;
#3105 = SURFACE_STYLE_FILL_AREA ( #3149 ) ;
#3106 =( NAMED_UNIT ( * ) SI_UNIT ( $, .STERADIAN. ) SOLID_ANGLE_UNIT ( ) );
#3107 = ORIENTED_EDGE ( 'NONE', *, *, #2218, .T. ) ;
#3108 = PLANE ( 'NONE',  #5807 ) ;
#3109 = VECTOR ( 'NONE', #192, 1000.000000000000000 ) ;
#3110 = EDGE_LOOP ( 'NONE', ( #3618, #7474, #1107, #1098 ) ) ;
#3111 = PRESENTATION_LAYER_ASSIGNMENT (  '', '', ( #415 ) ) ;
#3112 = DIRECTION ( 'NONE',  ( -0.0000000000000000000, -1.000000000000000000, -0.0000000000000000000 ) ) ;
#3113 = FILL_AREA_STYLE_COLOUR ( '', #3992 ) ;
#3114 = EDGE_CURVE ( 'NONE', #7609, #5062, #9120, .T. ) ;
#3115 = PRESENTATION_LAYER_ASSIGNMENT (  '', '', ( #7113 ) ) ;
#3116 = VECTOR ( 'NONE', #1904, 1000.000000000000000 ) ;
#3117 = PRESENTATION_STYLE_ASSIGNMENT (( #989 ) ) ;
#3118 = EDGE_CURVE ( 'NONE', #287, #4723, #4306, .T. ) ;
#3119 = CARTESIAN_POINT ( 'NONE',  ( -0.1349999999999995925, 0.1999999999999999833, 2.001999999999999780 ) ) ;
#3120 =( NAMED_UNIT ( * ) SI_UNIT ( $, .STERADIAN. ) SOLID_ANGLE_UNIT ( ) );
#3121 = COLOUR_RGB ( '',1.000000000000000000, 1.000000000000000000, 1.000000000000000000 ) ;
#3122 = VERTEX_POINT ( 'NONE', #636 ) ;
#3123 = VECTOR ( 'NONE', #14, 1000.000000000000000 ) ;
#3124 =( NAMED_UNIT ( * ) SI_UNIT ( $, .STERADIAN. ) SOLID_ANGLE_UNIT ( ) );
#3125 = AXIS2_PLACEMENT_3D ( 'NONE', #5334, #6817, #2597 ) ;
#3126 = EDGE_CURVE ( 'NONE', #2235, #8586, #5656, .T. ) ;
#3127 = EDGE_CURVE ( 'NONE', #24, #5412, #7821, .T. ) ;
#3128 = MECHANICAL_DESIGN_GEOMETRIC_PRESENTATION_REPRESENTATION (  '', ( #9030 ), #2822 ) ;
#3129 = LINE ( 'NONE', #3781, #4313 ) ;
#3130 = LINE ( 'NONE', #6609, #8928 ) ;
#3131 = ORIENTED_EDGE ( 'NONE', *, *, #5104, .T. ) ;
#3132 = VECTOR ( 'NONE', #8315, 1000.000000000000000 ) ;
#3133 = CARTESIAN_POINT ( 'NONE',  ( 2.000000000000000000, 0.2024999999999999856, -0.8650000000000001021 ) ) ;
#3134 = VERTEX_POINT ( 'NONE', #5615 ) ;
#3135 = CARTESIAN_POINT ( 'NONE',  ( 1.365000000000000435, 0.2000000000000000389, -2.000000000000000000 ) ) ;
#3136 = PRESENTATION_LAYER_ASSIGNMENT (  '', '', ( #9037 ) ) ;
#3137 = EDGE_LOOP ( 'NONE', ( #4880, #5989, #8788, #7382 ) ) ;
#3138 = VECTOR ( 'NONE', #3996, 1000.000000000000000 ) ;
#3139 = CARTESIAN_POINT ( 'NONE',  ( 2.001999999999999780, 0.2025000000000000133, -1.365000000000000213 ) ) ;
#3140 = CARTESIAN_POINT ( 'NONE',  ( -0.6349999999999995648, 0.002499999999999970562, 1.600000000000000089 ) ) ;
#3141 =( NAMED_UNIT ( * ) SI_UNIT ( $, .STERADIAN. ) SOLID_ANGLE_UNIT ( ) );
#3142 = ORIENTED_EDGE ( 'NONE', *, *, #1829, .F. ) ;
#3143 = MECHANICAL_DESIGN_GEOMETRIC_PRESENTATION_REPRESENTATION (  '', ( #452 ), #8890 ) ;
#3144 = DIRECTION ( 'NONE',  ( -0.0000000000000000000, -1.000000000000000000, -0.0000000000000000000 ) ) ;
#3145 = SURFACE_SIDE_STYLE ('',( #8205 ) ) ;
#3146 = ORIENTED_EDGE ( 'NONE', *, *, #5879, .T. ) ;
#3147 = MECHANICAL_DESIGN_GEOMETRIC_PRESENTATION_REPRESENTATION (  '', ( #7841 ), #921 ) ;
#3148 = CARTESIAN_POINT ( 'NONE',  ( -2.001999999999999780, 0.002500000000000000052, 0.3649999999999998801 ) ) ;
#3149 = FILL_AREA_STYLE ('',( #1070 ) ) ;
#3150 = FILL_AREA_STYLE_COLOUR ( '', #5576 ) ;
#3151 = ORIENTED_EDGE ( 'NONE', *, *, #1421, .F. ) ;
#3152 = DIRECTION ( 'NONE',  ( -1.000000000000000000, 0.0000000000000000000, -0.0000000000000000000 ) ) ;
#3153 = AXIS2_PLACEMENT_3D ( 'NONE', #6196, #2037, #9012 ) ;
#3154 = CARTESIAN_POINT ( 'NONE',  ( -0.8649999999999996581, 0.1999999999999999833, 2.000000000000000000 ) ) ;
#3155 = STYLED_ITEM ( 'NONE', ( #8773 ), #2490 ) ;
#3156 = VERTEX_POINT ( 'NONE', #9075 ) ;
#3157 = LINE ( 'NONE', #6598, #1779 ) ;
#3158 = MECHANICAL_DESIGN_GEOMETRIC_PRESENTATION_REPRESENTATION (  '', ( #1964 ), #2280 ) ;
#3159 = CARTESIAN_POINT ( 'NONE',  ( 1.600000000000000089, 0.002500000000000000052, -1.365000000000000213 ) ) ;
#3160 = CARTESIAN_POINT ( 'NONE',  ( -2.000000000000000000, 0.2025000000000000133, 1.135000000000000009 ) ) ;
#3161 = PRODUCT_CONTEXT ( 'NONE', #4693, 'mechanical' ) ;
#3162 = STYLED_ITEM ( 'NONE', ( #3660 ), #8821 ) ;
#3163 = ORIENTED_EDGE ( 'NONE', *, *, #3065, .T. ) ;
#3164 = EDGE_CURVE ( 'NONE', #4412, #5759, #5521, .T. ) ;
#3165 = DIRECTION ( 'NONE',  ( 0.0000000000000000000, -1.000000000000000000, -0.0000000000000000000 ) ) ;
#3166 = VERTEX_POINT ( 'NONE', #8364 ) ;
#3167 = EDGE_CURVE ( 'NONE', #3875, #1803, #6352, .T. ) ;
#3168 = LINE ( 'NONE', #8807, #55 ) ;
#3169 = EDGE_CURVE ( 'NONE', #8566, #8808, #9173, .T. ) ;
#3170 = VERTEX_POINT ( 'NONE', #8462 ) ;
#3171 =( LENGTH_UNIT ( ) NAMED_UNIT ( * ) SI_UNIT ( .MILLI., .METRE. ) );
#3172 = VERTEX_POINT ( 'NONE', #4113 ) ;
#3173 = DIRECTION ( 'NONE',  ( 1.000000000000000000, -0.0000000000000000000, -0.0000000000000000000 ) ) ;
#3174 = SURFACE_STYLE_FILL_AREA ( #8073 ) ;
#3175 = SURFACE_SIDE_STYLE ('',( #1746 ) ) ;
#3176 = SURFACE_STYLE_FILL_AREA ( #6663 ) ;
#3177 = ORIENTED_EDGE ( 'NONE', *, *, #8815, .T. ) ;
#3178 =( NAMED_UNIT ( * ) SI_UNIT ( $, .STERADIAN. ) SOLID_ANGLE_UNIT ( ) );
#3179 = EDGE_LOOP ( 'NONE', ( #4148, #5361, #1161, #5790 ) ) ;
#3180 =( NAMED_UNIT ( * ) SI_UNIT ( $, .STERADIAN. ) SOLID_ANGLE_UNIT ( ) );
#3181 = CARTESIAN_POINT ( 'NONE',  ( -2.000000000000000000, 0.002500000000000000052, 1.365000000000000213 ) ) ;
#3182 = EDGE_CURVE ( 'NONE', #8808, #7407, #4250, .T. ) ;
#3183 = FACE_OUTER_BOUND ( 'NONE', #8969, .T. ) ;
#3184 = CARTESIAN_POINT ( 'NONE',  ( -2.000000000000000000, 0.002500000000000000052, -0.1350000000000001477 ) ) ;
#3185 = COLOUR_RGB ( '',1.000000000000000000, 1.000000000000000000, 1.000000000000000000 ) ;
#3186 = DIRECTION ( 'NONE',  ( -1.000000000000000000, 0.0000000000000000000, -4.065758146820642614E-16 ) ) ;
#3187 = ORIENTED_EDGE ( 'NONE', *, *, #7324, .F. ) ;
#3188 = FACE_OUTER_BOUND ( 'NONE', #2919, .T. ) ;
#3189 = LINE ( 'NONE', #440, #4821 ) ;
#3190 = VERTEX_POINT ( 'NONE', #4160 ) ;
#3191 = EDGE_LOOP ( 'NONE', ( #1543, #5270, #4656, #8135 ) ) ;
#3192 =( GEOMETRIC_REPRESENTATION_CONTEXT ( 3 ) GLOBAL_UNCERTAINTY_ASSIGNED_CONTEXT ( ( #1169 ) ) GLOBAL_UNIT_ASSIGNED_CONTEXT ( ( #8589, #4343, #2418 ) ) REPRESENTATION_CONTEXT ( 'NONE', 'WORKASPACE' ) );
#3193 =( NAMED_UNIT ( * ) PLANE_ANGLE_UNIT ( ) SI_UNIT ( $, .RADIAN. ) );
#3194 = VECTOR ( 'NONE', #7683, 1000.000000000000000 ) ;
#3195 = UNCERTAINTY_MEASURE_WITH_UNIT (LENGTH_MEASURE( 1.000000000000000082E-05 ), #6925, 'distance_accuracy_value', 'NONE');
#3196 = DIRECTION ( 'NONE',  ( 0.0000000000000000000, -1.000000000000000000, 0.0000000000000000000 ) ) ;
#3197 = FACE_OUTER_BOUND ( 'NONE', #8450, .T. ) ;
#3198 =( GEOMETRIC_REPRESENTATION_CONTEXT ( 3 ) GLOBAL_UNCERTAINTY_ASSIGNED_CONTEXT ( ( #1998 ) ) GLOBAL_UNIT_ASSIGNED_CONTEXT ( ( #3686, #4478, #6612 ) ) REPRESENTATION_CONTEXT ( 'NONE', 'WORKASPACE' ) );
#3199 = STYLED_ITEM ( 'NONE', ( #4984 ), #5766 ) ;
#3200 = STYLED_ITEM ( 'NONE', ( #1850 ), #4985 ) ;
#3201 = CARTESIAN_POINT ( 'NONE',  ( -2.000000000000000000, 0.002500000000000000052, 0.3649999999999999911 ) ) ;
#3202 = ORIENTED_EDGE ( 'NONE', *, *, #4649, .F. ) ;
#3203 = AXIS2_PLACEMENT_3D ( 'NONE', #6311, #2705, #2056 ) ;
#3204 = PRESENTATION_LAYER_ASSIGNMENT (  '', '', ( #4684 ) ) ;
#3205 = COLOUR_RGB ( '',1.000000000000000000, 1.000000000000000000, 1.000000000000000000 ) ;
#3206 = LINE ( 'NONE', #4692, #3730 ) ;
#3207 = UNCERTAINTY_MEASURE_WITH_UNIT (LENGTH_MEASURE( 1.000000000000000082E-05 ), #2762, 'distance_accuracy_value', 'NONE');
#3208 = VECTOR ( 'NONE', #2927, 1000.000000000000000 ) ;
#3209 = ORIENTED_EDGE ( 'NONE', *, *, #4800, .T. ) ;
#3210 = CARTESIAN_POINT ( 'NONE',  ( 2.001999999999999780, 0.2025000000000000133, 0.1349999999999998701 ) ) ;
#3211 = FILL_AREA_STYLE_COLOUR ( '', #213 ) ;
#3212 = STYLED_ITEM ( 'NONE', ( #4158 ), #5997 ) ;
#3213 = EDGE_LOOP ( 'NONE', ( #3836, #1759, #2357, #4212 ) ) ;
#3214 = DIRECTION ( 'NONE',  ( 0.0000000000000000000, -1.000000000000000000, 0.0000000000000000000 ) ) ;
#3215 = AXIS2_PLACEMENT_3D ( 'NONE', #6733, #8400, #4854 ) ;
#3216 = ORIENTED_EDGE ( 'NONE', *, *, #3740, .F. ) ;
#3217 = EDGE_CURVE ( 'NONE', #5314, #2307, #2143, .T. ) ;
#3218 = FACE_OUTER_BOUND ( 'NONE', #1623, .T. ) ;
#3219 = EDGE_CURVE ( 'NONE', #6977, #7833, #4501, .T. ) ;
#3220 = FILL_AREA_STYLE ('',( #4005 ) ) ;
#3221 = LINE ( 'NONE', #4707, #4415 ) ;
#3222 = AXIS2_PLACEMENT_3D ( 'NONE', #4739, #9130, #3474 ) ;
#3223 =( LENGTH_UNIT ( ) NAMED_UNIT ( * ) SI_UNIT ( .MILLI., .METRE. ) );
#3224 = ORIENTED_EDGE ( 'NONE', *, *, #2606, .F. ) ;
#3225 = SURFACE_STYLE_FILL_AREA ( #377 ) ;
#3226 = DIRECTION ( 'NONE',  ( -1.000000000000000000, 0.0000000000000000000, 0.0000000000000000000 ) ) ;
#3227 = VERTEX_POINT ( 'NONE', #4398 ) ;
#3228 = PLANE ( 'NONE',  #7312 ) ;
#3229 = DIRECTION ( 'NONE',  ( 0.0000000000000000000, 1.000000000000000000, 0.0000000000000000000 ) ) ;
#3230 = DIRECTION ( 'NONE',  ( 0.0000000000000000000, -1.000000000000000000, 0.0000000000000000000 ) ) ;
#3231 = ADVANCED_FACE ( 'NONE', ( #5742 ), #5065, .T. ) ;
#3232 = SURFACE_STYLE_FILL_AREA ( #3309 ) ;
#3233 = STYLED_ITEM ( 'NONE', ( #7344 ), #4690 ) ;
#3234 = FILL_AREA_STYLE_COLOUR ( '', #3508 ) ;
#3235 = EDGE_LOOP ( 'NONE', ( #4994, #5813, #2690, #3339 ) ) ;
#3236 = CARTESIAN_POINT ( 'NONE',  ( 0.1350000000000003419, 0.002500000000000006557, -2.000000000000000000 ) ) ;
#3237 = SURFACE_STYLE_FILL_AREA ( #2641 ) ;
#3238 = ORIENTED_EDGE ( 'NONE', *, *, #7483, .F. ) ;
#3239 = DIRECTION ( 'NONE',  ( 1.000000000000000000, 0.0000000000000000000, 0.0000000000000000000 ) ) ;
#3240 = ORIENTED_EDGE ( 'NONE', *, *, #8406, .F. ) ;
#3241 = PRESENTATION_STYLE_ASSIGNMENT (( #9018 ) ) ;
#3242 = DIRECTION ( 'NONE',  ( 0.0000000000000000000, 0.0000000000000000000, -1.000000000000000000 ) ) ;
#3243 = SURFACE_STYLE_FILL_AREA ( #8140 ) ;
#3244 = CARTESIAN_POINT ( 'NONE',  ( 1.135000000000000453, 0.002500000000000029976, 2.000000000000000000 ) ) ;
#3245 =( NAMED_UNIT ( * ) PLANE_ANGLE_UNIT ( ) SI_UNIT ( $, .RADIAN. ) );
#3246 = DIRECTION ( 'NONE',  ( -0.0000000000000000000, 0.0000000000000000000, 1.000000000000000000 ) ) ;
#3247 = FILL_AREA_STYLE_COLOUR ( '', #4299 ) ;
#3248 = VECTOR ( 'NONE', #1834, 1000.000000000000000 ) ;
#3249 = CARTESIAN_POINT ( 'NONE',  ( 2.000000000000000000, 0.2024999999999999856, -1.135000000000000231 ) ) ;
#3250 = ORIENTED_EDGE ( 'NONE', *, *, #148, .T. ) ;
#3251 = VECTOR ( 'NONE', #8929, 1000.000000000000000 ) ;
#3252 = CARTESIAN_POINT ( 'NONE',  ( -2.001999999999999780, 0.2025000000000000133, -0.3650000000000001577 ) ) ;
#3253 = STYLED_ITEM ( 'NONE', ( #4418 ), #7915 ) ;
#3254 = VERTEX_POINT ( 'NONE', #6634 ) ;
#3255 = LINE ( 'NONE', #2580, #6215 ) ;
#3256 = COLOUR_RGB ( '',1.000000000000000000, 1.000000000000000000, 1.000000000000000000 ) ;
#3257 = MECHANICAL_DESIGN_GEOMETRIC_PRESENTATION_REPRESENTATION (  '', ( #9021 ), #7839 ) ;
#3258 = CARTESIAN_POINT ( 'NONE',  ( 1.365000000000000435, 2.980301110709575655E-17, 1.600000000000000089 ) ) ;
#3259 = PRESENTATION_LAYER_ASSIGNMENT (  '', '', ( #8429 ) ) ;
#3260 = CARTESIAN_POINT ( 'NONE',  ( 1.365000000000000435, 0.2000000000000000389, 2.000000000000000000 ) ) ;
#3261 = EDGE_LOOP ( 'NONE', ( #1274, #5013, #3187, #5720, #207, #4830 ) ) ;
#3262 = DIRECTION ( 'NONE',  ( -1.000000000000000000, 0.0000000000000000000, 0.0000000000000000000 ) ) ;
#3263 = LINE ( 'NONE', #7499, #233 ) ;
#3264 = ORIENTED_EDGE ( 'NONE', *, *, #5625, .F. ) ;
#3265 = DIRECTION ( 'NONE',  ( 0.0000000000000000000, -1.000000000000000000, 0.0000000000000000000 ) ) ;
#3266 = FILL_AREA_STYLE_COLOUR ( '', #3488 ) ;
#3267 = EDGE_CURVE ( 'NONE', #3478, #1014, #2327, .T. ) ;
#3268 = VECTOR ( 'NONE', #698, 1000.000000000000000 ) ;
#3269 = EDGE_CURVE ( 'NONE', #3254, #1619, #5200, .T. ) ;
#3270 = LINE ( 'NONE', #5370, #2821 ) ;
#3271 = VECTOR ( 'NONE', #5348, 1000.000000000000000 ) ;
#3272 =( LENGTH_UNIT ( ) NAMED_UNIT ( * ) SI_UNIT ( .MILLI., .METRE. ) );
#3273 = PRESENTATION_STYLE_ASSIGNMENT (( #8345 ) ) ;
#3274 = CARTESIAN_POINT ( 'NONE',  ( -2.000000000000000000, 0.002500000000000000052, -0.6350000000000001199 ) ) ;
#3275 = VERTEX_POINT ( 'NONE', #5154 ) ;
#3276 = ORIENTED_EDGE ( 'NONE', *, *, #7968, .T. ) ;
#3277 = EDGE_CURVE ( 'NONE', #2852, #7450, #932, .T. ) ;
#3278 = ORIENTED_EDGE ( 'NONE', *, *, #6686, .T. ) ;
#3279 = VECTOR ( 'NONE', #5873, 1000.000000000000000 ) ;
#3280 = FACE_OUTER_BOUND ( 'NONE', #2940, .T. ) ;
#3281 = EDGE_CURVE ( 'NONE', #5509, #1204, #8741, .T. ) ;
#3282 = UNCERTAINTY_MEASURE_WITH_UNIT (LENGTH_MEASURE( 1.000000000000000082E-05 ), #9189, 'distance_accuracy_value', 'NONE');
#3283 = DIRECTION ( 'NONE',  ( -1.000000000000000000, 0.0000000000000000000, -4.065758146820642614E-16 ) ) ;
#3284 = COLOUR_RGB ( '',1.000000000000000000, 1.000000000000000000, 1.000000000000000000 ) ;
#3285 =( NAMED_UNIT ( * ) SI_UNIT ( $, .STERADIAN. ) SOLID_ANGLE_UNIT ( ) );
#3286 = COLOUR_RGB ( '',1.000000000000000000, 1.000000000000000000, 1.000000000000000000 ) ;
#3287 = UNCERTAINTY_MEASURE_WITH_UNIT (LENGTH_MEASURE( 1.000000000000000082E-05 ), #8388, 'distance_accuracy_value', 'NONE');
#3288 =( LENGTH_UNIT ( ) NAMED_UNIT ( * ) SI_UNIT ( .MILLI., .METRE. ) );
#3289 = ADVANCED_FACE ( 'NONE', ( #2283 ), #7189, .T. ) ;
#3290 = VECTOR ( 'NONE', #7737, 1000.000000000000000 ) ;
#3291 = DIRECTION ( 'NONE',  ( -0.0000000000000000000, -0.0000000000000000000, -1.000000000000000000 ) ) ;
#3292 = UNCERTAINTY_MEASURE_WITH_UNIT (LENGTH_MEASURE( 1.000000000000000082E-05 ), #303, 'distance_accuracy_value', 'NONE');
#3293 = ORIENTED_EDGE ( 'NONE', *, *, #2677, .T. ) ;
#3294 = PRESENTATION_LAYER_ASSIGNMENT (  '', '', ( #5531 ) ) ;
#3295 = SURFACE_STYLE_USAGE ( .BOTH. , #459 ) ;
#3296 =( NAMED_UNIT ( * ) SI_UNIT ( $, .STERADIAN. ) SOLID_ANGLE_UNIT ( ) );
#3297 = VERTEX_POINT ( 'NONE', #4631 ) ;
#3298 = FILL_AREA_STYLE_COLOUR ( '', #1195 ) ;
#3299 = VECTOR ( 'NONE', #5201, 1000.000000000000000 ) ;
#3300 = CARTESIAN_POINT ( 'NONE',  ( -2.000000000000000000, 0.002500000000000000052, 0.8649999999999999911 ) ) ;
#3301 = SURFACE_SIDE_STYLE ('',( #7535 ) ) ;
#3302 = SURFACE_SIDE_STYLE ('',( #470 ) ) ;
#3303 = FILL_AREA_STYLE_COLOUR ( '', #5284 ) ;
#3304 = ORIENTED_EDGE ( 'NONE', *, *, #2714, .T. ) ;
#3305 = DIRECTION ( 'NONE',  ( -0.0000000000000000000, -1.000000000000000000, -0.0000000000000000000 ) ) ;
#3306 = PLANE ( 'NONE',  #6017 ) ;
#3307 = FACE_OUTER_BOUND ( 'NONE', #2998, .T. ) ;
#3308 = DIRECTION ( 'NONE',  ( 0.0000000000000000000, -0.0000000000000000000, 1.000000000000000000 ) ) ;
#3309 = FILL_AREA_STYLE ('',( #7544 ) ) ;
#3310 = CARTESIAN_POINT ( 'NONE',  ( 1.499999999999999778, 0.8979999999999999094, -1.500000000000000000 ) ) ;
#3311 = SURFACE_SIDE_STYLE ('',( #6020 ) ) ;
#3312 = EDGE_LOOP ( 'NONE', ( #7949, #7398, #4303, #6355 ) ) ;
#3313 = SURFACE_SIDE_STYLE ('',( #4804 ) ) ;
#3314 = ORIENTED_EDGE ( 'NONE', *, *, #842, .T. ) ;
#3315 = CARTESIAN_POINT ( 'NONE',  ( -2.001999999999999780, 0.2025000000000000133, -1.365000000000000213 ) ) ;
#3316 = FACE_OUTER_BOUND ( 'NONE', #7926, .T. ) ;
#3317 = EDGE_CURVE ( 'NONE', #918, #152, #3189, .T. ) ;
#3318 = VERTEX_POINT ( 'NONE', #5328 ) ;
#3319 = DIRECTION ( 'NONE',  ( -1.000000000000000000, 0.0000000000000000000, -0.0000000000000000000 ) ) ;
#3320 = LINE ( 'NONE', #6163, #2241 ) ;
#3321 = EDGE_CURVE ( 'NONE', #4674, #7491, #6023, .T. ) ;
#3322 = DIRECTION ( 'NONE',  ( 4.065758146820642614E-16, 0.0000000000000000000, -1.000000000000000000 ) ) ;
#3323 = EDGE_CURVE ( 'NONE', #4481, #6901, #8092, .T. ) ;
#3324 = DIRECTION ( 'NONE',  ( 0.0000000000000000000, 0.0000000000000000000, -1.000000000000000000 ) ) ;
#3325 = FILL_AREA_STYLE_COLOUR ( '', #5511 ) ;
#3326 = EDGE_CURVE ( 'NONE', #8778, #2405, #7425, .T. ) ;
#3327 = FILL_AREA_STYLE_COLOUR ( '', #3939 ) ;
#3328 = PRESENTATION_LAYER_ASSIGNMENT (  '', '', ( #985 ) ) ;
#3329 = LINE ( 'NONE', #1255, #18 ) ;
#3330 = SURFACE_STYLE_FILL_AREA ( #7568 ) ;
#3331 = MECHANICAL_DESIGN_GEOMETRIC_PRESENTATION_REPRESENTATION (  '', ( #3483 ), #7775 ) ;
#3332 = FILL_AREA_STYLE_COLOUR ( '', #5148 ) ;
#3333 = ADVANCED_FACE ( 'NONE', ( #7592 ), #4673, .F. ) ;
#3334 =( GEOMETRIC_REPRESENTATION_CONTEXT ( 3 ) GLOBAL_UNCERTAINTY_ASSIGNED_CONTEXT ( ( #6825 ) ) GLOBAL_UNIT_ASSIGNED_CONTEXT ( ( #7998, #5914, #5235 ) ) REPRESENTATION_CONTEXT ( 'NONE', 'WORKASPACE' ) );
#3335 = ORIENTED_EDGE ( 'NONE', *, *, #4587, .F. ) ;
#3336 = EDGE_CURVE ( 'NONE', #8631, #3481, #8837, .T. ) ;
#3337 = FACE_OUTER_BOUND ( 'NONE', #3562, .T. ) ;
#3338 =( NAMED_UNIT ( * ) SI_UNIT ( $, .STERADIAN. ) SOLID_ANGLE_UNIT ( ) );
#3339 = ORIENTED_EDGE ( 'NONE', *, *, #2725, .T. ) ;
#3340 = VECTOR ( 'NONE', #8328, 1000.000000000000000 ) ;
#3341 = SURFACE_SIDE_STYLE ('',( #509 ) ) ;
#3342 = AXIS2_PLACEMENT_3D ( 'NONE', #8748, #8182, #1813 ) ;
#3343 =( GEOMETRIC_REPRESENTATION_CONTEXT ( 3 ) GLOBAL_UNCERTAINTY_ASSIGNED_CONTEXT ( ( #134 ) ) GLOBAL_UNIT_ASSIGNED_CONTEXT ( ( #5325, #3856, #4628 ) ) REPRESENTATION_CONTEXT ( 'NONE', 'WORKASPACE' ) );
#3344 = LINE ( 'NONE', #1789, #1946 ) ;
#3345 =( LENGTH_UNIT ( ) NAMED_UNIT ( * ) SI_UNIT ( .MILLI., .METRE. ) );
#3346 = ORIENTED_EDGE ( 'NONE', *, *, #6444, .T. ) ;
#3347 = CARTESIAN_POINT ( 'NONE',  ( -2.000000000000000000, 0.002500000000000000052, -2.000000000000000000 ) ) ;
#3348 = STYLED_ITEM ( 'NONE', ( #3513 ), #6165 ) ;
#3349 = VERTEX_POINT ( 'NONE', #3154 ) ;
#3350 = SURFACE_STYLE_USAGE ( .BOTH. , #2928 ) ;
#3351 = SURFACE_STYLE_FILL_AREA ( #6847 ) ;
#3352 = PRESENTATION_STYLE_ASSIGNMENT (( #7126 ) ) ;
#3353 = PRESENTATION_STYLE_ASSIGNMENT (( #8122 ) ) ;
#3354 = VECTOR ( 'NONE', #4099, 1000.000000000000000 ) ;
#3355 =( LENGTH_UNIT ( ) NAMED_UNIT ( * ) SI_UNIT ( .MILLI., .METRE. ) );
#3356 = PRESENTATION_LAYER_ASSIGNMENT (  '', '', ( #8679 ) ) ;
#3357 = FILL_AREA_STYLE_COLOUR ( '', #1368 ) ;
#3358 = UNCERTAINTY_MEASURE_WITH_UNIT (LENGTH_MEASURE( 1.000000000000000082E-05 ), #2988, 'distance_accuracy_value', 'NONE');
#3359 = CARTESIAN_POINT ( 'NONE',  ( 2.001999999999999780, 0.002500000000000000052, 1.135000000000000009 ) ) ;
#3360 = ORIENTED_EDGE ( 'NONE', *, *, #5391, .F. ) ;
#3361 = DIRECTION ( 'NONE',  ( 0.0000000000000000000, -1.000000000000000000, 0.0000000000000000000 ) ) ;
#3362 = DIRECTION ( 'NONE',  ( -0.0000000000000000000, -1.000000000000000000, -0.0000000000000000000 ) ) ;
#3363 = ORIENTED_EDGE ( 'NONE', *, *, #269, .F. ) ;
#3364 =( NAMED_UNIT ( * ) PLANE_ANGLE_UNIT ( ) SI_UNIT ( $, .RADIAN. ) );
#3365 =( GEOMETRIC_REPRESENTATION_CONTEXT ( 3 ) GLOBAL_UNCERTAINTY_ASSIGNED_CONTEXT ( ( #1355 ) ) GLOBAL_UNIT_ASSIGNED_CONTEXT ( ( #1229, #513, #9048 ) ) REPRESENTATION_CONTEXT ( 'NONE', 'WORKASPACE' ) );
#3366 = ORIENTED_EDGE ( 'NONE', *, *, #5116, .T. ) ;
#3367 = SURFACE_STYLE_FILL_AREA ( #1245 ) ;
#3368 = SURFACE_STYLE_FILL_AREA ( #8180 ) ;
#3369 = STYLED_ITEM ( 'NONE', ( #3012 ), #6744 ) ;
#3370 = DIRECTION ( 'NONE',  ( -0.0000000000000000000, 0.0000000000000000000, -1.000000000000000000 ) ) ;
#3371 =( NAMED_UNIT ( * ) SI_UNIT ( $, .STERADIAN. ) SOLID_ANGLE_UNIT ( ) );
#3372 = PRESENTATION_STYLE_ASSIGNMENT (( #6651 ) ) ;
#3373 = CARTESIAN_POINT ( 'NONE',  ( 1.600000000000000089, 0.002500000000000000052, -1.365000000000000213 ) ) ;
#3374 = PRESENTATION_LAYER_ASSIGNMENT (  '', '', ( #3233 ) ) ;
#3375 = PLANE ( 'NONE',  #4216 ) ;
#3376 =( NAMED_UNIT ( * ) PLANE_ANGLE_UNIT ( ) SI_UNIT ( $, .RADIAN. ) );
#3377 = ADVANCED_FACE ( 'NONE', ( #6859 ), #348, .F. ) ;
#3378 = FILL_AREA_STYLE ('',( #454 ) ) ;
#3379 = VERTEX_POINT ( 'NONE', #6246 ) ;
#3380 = DIRECTION ( 'NONE',  ( 0.0000000000000000000, -1.000000000000000000, 0.0000000000000000000 ) ) ;
#3381 = COLOUR_RGB ( '',0.2509803921568627416, 0.2509803921568627416, 0.2509803921568627416 ) ;
#3382 = SURFACE_STYLE_FILL_AREA ( #5626 ) ;
#3383 = ORIENTED_EDGE ( 'NONE', *, *, #5897, .F. ) ;
#3384 = DIRECTION ( 'NONE',  ( -0.0000000000000000000, -0.0000000000000000000, -1.000000000000000000 ) ) ;
#3385 = SURFACE_STYLE_FILL_AREA ( #8900 ) ;
#3386 = EDGE_LOOP ( 'NONE', ( #157, #4023, #8642, #5621 ) ) ;
#3387 = FILL_AREA_STYLE ('',( #1265 ) ) ;
#3388 = EDGE_CURVE ( 'NONE', #3652, #7096, #9065, .T. ) ;
#3389 = ADVANCED_FACE ( 'NONE', ( #7032 ), #1286, .F. ) ;
#3390 =( LENGTH_UNIT ( ) NAMED_UNIT ( * ) SI_UNIT ( .MILLI., .METRE. ) );
#3391 = STYLED_ITEM ( 'NONE', ( #9071 ), #1303 ) ;
#3392 = MECHANICAL_DESIGN_GEOMETRIC_PRESENTATION_REPRESENTATION (  '', ( #6213 ), #5763 ) ;
#3393 = LINE ( 'NONE', #6843, #7321 ) ;
#3394 = ORIENTED_EDGE ( 'NONE', *, *, #7427, .F. ) ;
#3395 = LINE ( 'NONE', #4050, #2964 ) ;
#3396 = VECTOR ( 'NONE', #759, 1000.000000000000000 ) ;
#3397 =( LENGTH_UNIT ( ) NAMED_UNIT ( * ) SI_UNIT ( .MILLI., .METRE. ) );
#3398 = EDGE_LOOP ( 'NONE', ( #2036, #9107, #4477, #7800 ) ) ;
#3399 = SURFACE_STYLE_USAGE ( .BOTH. , #8999 ) ;
#3400 = DIRECTION ( 'NONE',  ( -0.0000000000000000000, -0.0000000000000000000, 1.000000000000000000 ) ) ;
#3401 = MECHANICAL_DESIGN_GEOMETRIC_PRESENTATION_REPRESENTATION (  '', ( #5777 ), #6520 ) ;
#3402 = PRESENTATION_LAYER_ASSIGNMENT (  '', '', ( #3253 ) ) ;
#3403 = CARTESIAN_POINT ( 'NONE',  ( 2.000000000000000000, 0.9000000000000000222, -2.000000000000000000 ) ) ;
#3404 = CARTESIAN_POINT ( 'NONE',  ( -0.1349999999999995925, 0.1999999999999999833, -2.001999999999999780 ) ) ;
#3405 = EDGE_LOOP ( 'NONE', ( #1872, #4000, #7306, #6950 ) ) ;
#3406 = DIRECTION ( 'NONE',  ( 0.0000000000000000000, 1.000000000000000000, 0.0000000000000000000 ) ) ;
#3407 = ORIENTED_EDGE ( 'NONE', *, *, #4698, .F. ) ;
#3408 =( LENGTH_UNIT ( ) NAMED_UNIT ( * ) SI_UNIT ( .MILLI., .METRE. ) );
#3409 =( GEOMETRIC_REPRESENTATION_CONTEXT ( 3 ) GLOBAL_UNCERTAINTY_ASSIGNED_CONTEXT ( ( #5984 ) ) GLOBAL_UNIT_ASSIGNED_CONTEXT ( ( #3938, #493, #2559 ) ) REPRESENTATION_CONTEXT ( 'NONE', 'WORKASPACE' ) );
#3410 = ORIENTED_EDGE ( 'NONE', *, *, #6742, .T. ) ;
#3411 =( NAMED_UNIT ( * ) PLANE_ANGLE_UNIT ( ) SI_UNIT ( $, .RADIAN. ) );
#3412 = CARTESIAN_POINT ( 'NONE',  ( -2.000000000000000000, 0.2025000000000000133, -1.135000000000000231 ) ) ;
#3413 = PLANE ( 'NONE',  #2391 ) ;
#3414 = PLANE ( 'NONE',  #843 ) ;
#3415 = CARTESIAN_POINT ( 'NONE',  ( -2.001999999999999780, 0.2025000000000000133, -0.3650000000000001577 ) ) ;
#3416 = DIRECTION ( 'NONE',  ( -1.000000000000000000, 0.0000000000000000000, -0.0000000000000000000 ) ) ;
#3417 = CARTESIAN_POINT ( 'NONE',  ( -0.3649999999999995470, -1.487762787917389017E-18, -1.600000000000000089 ) ) ;
#3418 = CARTESIAN_POINT ( 'NONE',  ( -0.8649999999999996581, 0.1999999999999999833, 2.001999999999999780 ) ) ;
#3419 = VECTOR ( 'NONE', #6784, 1000.000000000000000 ) ;
#3420 =( NAMED_UNIT ( * ) SI_UNIT ( $, .STERADIAN. ) SOLID_ANGLE_UNIT ( ) );
#3421 = PRESENTATION_STYLE_ASSIGNMENT (( #1953 ) ) ;
#3422 = MECHANICAL_DESIGN_GEOMETRIC_PRESENTATION_REPRESENTATION (  '', ( #8272 ), #309 ) ;
#3423 = SURFACE_STYLE_USAGE ( .BOTH. , #6963 ) ;
#3424 = ORIENTED_EDGE ( 'NONE', *, *, #8835, .T. ) ;
#3425 = PRESENTATION_LAYER_ASSIGNMENT (  '', '', ( #4768 ) ) ;
#3426 = DIRECTION ( 'NONE',  ( -0.0000000000000000000, -0.0000000000000000000, -1.000000000000000000 ) ) ;
#3427 = CARTESIAN_POINT ( 'NONE',  ( -2.000000000000000000, 0.002500000000000000052, 0.1350000000000000366 ) ) ;
#3428 =( LENGTH_UNIT ( ) NAMED_UNIT ( * ) SI_UNIT ( .MILLI., .METRE. ) );
#3429 = ORIENTED_EDGE ( 'NONE', *, *, #1873, .T. ) ;
#3430 = LINE ( 'NONE', #7882, #1006 ) ;
#3431 = CARTESIAN_POINT ( 'NONE',  ( -1.364999999999999547, 0.002499999999999995715, -1.600000000000000089 ) ) ;
#3432 = PLANE ( 'NONE',  #2230 ) ;
#3433 = VECTOR ( 'NONE', #5818, 1000.000000000000000 ) ;
#3434 = EDGE_CURVE ( 'NONE', #6368, #7356, #7724, .T. ) ;
#3435 = ORIENTED_EDGE ( 'NONE', *, *, #7645, .T. ) ;
#3436 = LINE ( 'NONE', #8383, #433 ) ;
#3437 = FILL_AREA_STYLE_COLOUR ( '', #6235 ) ;
#3438 = VECTOR ( 'NONE', #3849, 1000.000000000000000 ) ;
#3439 = EDGE_CURVE ( 'NONE', #5761, #7843, #7630, .T. ) ;
#3440 = EDGE_CURVE ( 'NONE', #6899, #2702, #4151, .T. ) ;
#3441 = LINE ( 'NONE', #4978, #6535 ) ;
#3442 = VERTEX_POINT ( 'NONE', #2775 ) ;
#3443 = LINE ( 'NONE', #6231, #8113 ) ;
#3444 = ORIENTED_EDGE ( 'NONE', *, *, #1031, .T. ) ;
#3445 =( NAMED_UNIT ( * ) PLANE_ANGLE_UNIT ( ) SI_UNIT ( $, .RADIAN. ) );
#3446 = ADVANCED_FACE ( 'NONE', ( #5602 ), #2134, .F. ) ;
#3447 = DIRECTION ( 'NONE',  ( -0.0000000000000000000, -1.000000000000000000, -0.0000000000000000000 ) ) ;
#3448 = VECTOR ( 'NONE', #780, 1000.000000000000000 ) ;
#3449 = STYLED_ITEM ( 'NONE', ( #5882 ), #2788 ) ;
#3450 = FACE_OUTER_BOUND ( 'NONE', #691, .T. ) ;
#3451 = CARTESIAN_POINT ( 'NONE',  ( 2.001999999999999780, 0.002500000000000000052, 0.1349999999999998701 ) ) ;
#3452 = CARTESIAN_POINT ( 'NONE',  ( -0.3649999999999996581, -1.490150555354787828E-17, -2.001999999999999780 ) ) ;
#3453 = EDGE_CURVE ( 'NONE', #1358, #5169, #1665, .T. ) ;
#3454 =( NAMED_UNIT ( * ) PLANE_ANGLE_UNIT ( ) SI_UNIT ( $, .RADIAN. ) );
#3456 = VERTEX_POINT ( 'NONE', #6625 ) ;
#3455 = VECTOR ( 'NONE', #6509, 1000.000000000000000 ) ;
#3457 = DIRECTION ( 'NONE',  ( 2.710505431213761578E-16, 0.0000000000000000000, -1.000000000000000000 ) ) ;
#3458 = VERTEX_POINT ( 'NONE', #2906 ) ;
#3459 = SURFACE_STYLE_FILL_AREA ( #8023 ) ;
#3460 = EDGE_CURVE ( 'NONE', #5524, #4753, #6478, .T. ) ;
#3461 = ORIENTED_EDGE ( 'NONE', *, *, #6967, .F. ) ;
#3462 = CARTESIAN_POINT ( 'NONE',  ( 2.000000000000000000, 0.2024999999999999856, 1.134999999999999787 ) ) ;
#3463 = DIRECTION ( 'NONE',  ( 0.0000000000000000000, 0.0000000000000000000, -1.000000000000000000 ) ) ;
#3464 = CARTESIAN_POINT ( 'NONE',  ( 0.3650000000000004352, 0.002500000000000006557, 2.000000000000000000 ) ) ;
#3465 = SURFACE_STYLE_USAGE ( .BOTH. , #635 ) ;
#3466 = UNCERTAINTY_MEASURE_WITH_UNIT (LENGTH_MEASURE( 1.000000000000000082E-05 ), #2389, 'distance_accuracy_value', 'NONE');
#3467 =( LENGTH_UNIT ( ) NAMED_UNIT ( * ) SI_UNIT ( .MILLI., .METRE. ) );
#3468 = SURFACE_SIDE_STYLE ('',( #6206 ) ) ;
#3469 = ORIENTED_EDGE ( 'NONE', *, *, #7146, .F. ) ;
#3470 = FILL_AREA_STYLE_COLOUR ( '', #8459 ) ;
#3471 = ORIENTED_EDGE ( 'NONE', *, *, #2121, .F. ) ;
#3472 = PRESENTATION_STYLE_ASSIGNMENT (( #5478 ) ) ;
#3473 = SURFACE_STYLE_FILL_AREA ( #4394 ) ;
#3474 = DIRECTION ( 'NONE',  ( 1.000000000000000000, 0.0000000000000000000, -0.0000000000000000000 ) ) ;
#3475 = SURFACE_SIDE_STYLE ('',( #4923 ) ) ;
#3476 = VECTOR ( 'NONE', #1030, 1000.000000000000000 ) ;
#3477 = LINE ( 'NONE', #555, #6096 ) ;
#3478 = VERTEX_POINT ( 'NONE', #5822 ) ;
#3479 = LINE ( 'NONE', #2841, #3953 ) ;
#3480 = DIRECTION ( 'NONE',  ( -0.0000000000000000000, -1.000000000000000000, -0.0000000000000000000 ) ) ;
#3481 = VERTEX_POINT ( 'NONE', #4386 ) ;
#3482 =( NAMED_UNIT ( * ) SI_UNIT ( $, .STERADIAN. ) SOLID_ANGLE_UNIT ( ) );
#3483 = STYLED_ITEM ( 'NONE', ( #4116 ), #4136 ) ;
#3484 = PRESENTATION_LAYER_ASSIGNMENT (  '', '', ( #6302 ) ) ;
#3485 = DIRECTION ( 'NONE',  ( -0.0000000000000000000, -1.000000000000000000, -0.0000000000000000000 ) ) ;
#3486 = STYLED_ITEM ( 'NONE', ( #725 ), #4875 ) ;
#3487 = ORIENTED_EDGE ( 'NONE', *, *, #4111, .T. ) ;
#3488 = COLOUR_RGB ( '',1.000000000000000000, 1.000000000000000000, 1.000000000000000000 ) ;
#3489 = ORIENTED_EDGE ( 'NONE', *, *, #4580, .F. ) ;
#3490 = AXIS2_PLACEMENT_3D ( 'NONE', #3639, #7171, #7221 ) ;
#3491 =( GEOMETRIC_REPRESENTATION_CONTEXT ( 3 ) GLOBAL_UNCERTAINTY_ASSIGNED_CONTEXT ( ( #5526 ) ) GLOBAL_UNIT_ASSIGNED_CONTEXT ( ( #4571, #6670, #8732 ) ) REPRESENTATION_CONTEXT ( 'NONE', 'WORKASPACE' ) );
#3492 = CARTESIAN_POINT ( 'NONE',  ( 1.600000000000000089, 0.002500000000000000052, -1.365000000000000213 ) ) ;
#3493 =( GEOMETRIC_REPRESENTATION_CONTEXT ( 3 ) GLOBAL_UNCERTAINTY_ASSIGNED_CONTEXT ( ( #5896 ) ) GLOBAL_UNIT_ASSIGNED_CONTEXT ( ( #4341, #1558, #8538 ) ) REPRESENTATION_CONTEXT ( 'NONE', 'WORKASPACE' ) );
#3494 = EDGE_CURVE ( 'NONE', #4288, #903, #197, .T. ) ;
#3495 = ADVANCED_FACE ( 'NONE', ( #2267 ), #7904, .T. ) ;
#3496 = LINE ( 'NONE', #7670, #7705 ) ;
#3497 = PLANE ( 'NONE',  #8876 ) ;
#3498 = LINE ( 'NONE', #4990, #1508 ) ;
#3499 = DIRECTION ( 'NONE',  ( 0.0000000000000000000, 0.0000000000000000000, 1.000000000000000000 ) ) ;
#3500 = DIRECTION ( 'NONE',  ( 1.000000000000000000, -0.0000000000000000000, -0.0000000000000000000 ) ) ;
#3501 = ORIENTED_EDGE ( 'NONE', *, *, #4349, .F. ) ;
#3502 = FACE_OUTER_BOUND ( 'NONE', #8923, .T. ) ;
#3503 =( LENGTH_UNIT ( ) NAMED_UNIT ( * ) SI_UNIT ( .MILLI., .METRE. ) );
#3504 = ORIENTED_EDGE ( 'NONE', *, *, #3970, .T. ) ;
#3505 = PRESENTATION_STYLE_ASSIGNMENT (( #2816 ) ) ;
#3506 = PRESENTATION_STYLE_ASSIGNMENT (( #7726 ) ) ;
#3507 = SURFACE_SIDE_STYLE ('',( #671 ) ) ;
#3508 = COLOUR_RGB ( '',1.000000000000000000, 1.000000000000000000, 1.000000000000000000 ) ;
#3509 = AXIS2_PLACEMENT_3D ( 'NONE', #1420, #8592, #7281 ) ;
#3510 = EDGE_CURVE ( 'NONE', #191, #2213, #250, .T. ) ;
#3511 = SURFACE_SIDE_STYLE ('',( #8454 ) ) ;
#3512 = ADVANCED_BREP_SHAPE_REPRESENTATION ( '39310DBB-49C3-4975-AD98-5C3475C12C43', ( #8791, #1521 ), #7883 ) ;
#3513 = PRESENTATION_STYLE_ASSIGNMENT (( #8548 ) ) ;
#3514 = CARTESIAN_POINT ( 'NONE',  ( -2.001999999999999780, 0.2025000000000000133, 1.364999999999999991 ) ) ;
#3515 = DIRECTION ( 'NONE',  ( -1.000000000000000000, 0.0000000000000000000, 0.0000000000000000000 ) ) ;
#3516 = FACE_OUTER_BOUND ( 'NONE', #1033, .T. ) ;
#3517 = PRESENTATION_STYLE_ASSIGNMENT (( #7100 ) ) ;
#3518 = VERTEX_POINT ( 'NONE', #6528 ) ;
#3519 = ORIENTED_EDGE ( 'NONE', *, *, #4123, .F. ) ;
#3520 = VECTOR ( 'NONE', #1365, 1000.000000000000000 ) ;
#3521 = DIRECTION ( 'NONE',  ( -1.000000000000000000, 0.0000000000000000000, 0.0000000000000000000 ) ) ;
#3522 = FACE_OUTER_BOUND ( 'NONE', #144, .T. ) ;
#3523 = DIRECTION ( 'NONE',  ( 0.0000000000000000000, -1.000000000000000000, 0.0000000000000000000 ) ) ;
#3524 = FILL_AREA_STYLE_COLOUR ( '', #289 ) ;
#3525 = EDGE_LOOP ( 'NONE', ( #8953, #810, #581, #6638 ) ) ;
#3526 = CARTESIAN_POINT ( 'NONE',  ( 2.001999999999999780, 0.2025000000000000133, 0.1349999999999998701 ) ) ;
#3527 = DIRECTION ( 'NONE',  ( -0.0000000000000000000, -1.000000000000000000, -0.0000000000000000000 ) ) ;
#3528 = SURFACE_STYLE_FILL_AREA ( #8659 ) ;
#3529 =( NAMED_UNIT ( * ) PLANE_ANGLE_UNIT ( ) SI_UNIT ( $, .RADIAN. ) );
#3530 = ORIENTED_EDGE ( 'NONE', *, *, #7271, .F. ) ;
#3531 =( NAMED_UNIT ( * ) PLANE_ANGLE_UNIT ( ) SI_UNIT ( $, .RADIAN. ) );
#3532 =( GEOMETRIC_REPRESENTATION_CONTEXT ( 3 ) GLOBAL_UNCERTAINTY_ASSIGNED_CONTEXT ( ( #6545 ) ) GLOBAL_UNIT_ASSIGNED_CONTEXT ( ( #1186, #4092, #7666 ) ) REPRESENTATION_CONTEXT ( 'NONE', 'WORKASPACE' ) );
#3533 = FILL_AREA_STYLE_COLOUR ( '', #1496 ) ;
#3534 = SURFACE_STYLE_FILL_AREA ( #650 ) ;
#3535 = SURFACE_STYLE_USAGE ( .BOTH. , #7842 ) ;
#3536 = ORIENTED_EDGE ( 'NONE', *, *, #5318, .T. ) ;
#3537 = AXIS2_PLACEMENT_3D ( 'NONE', #8293, #8333, #2014 ) ;
#3538 = SURFACE_STYLE_USAGE ( .BOTH. , #4224 ) ;
#3539 = ORIENTED_EDGE ( 'NONE', *, *, #2382, .T. ) ;
#3540 = SURFACE_STYLE_FILL_AREA ( #5682 ) ;
#3541 = CARTESIAN_POINT ( 'NONE',  ( -0.8649999999999995470, 0.002499999999999970562, 1.600000000000000089 ) ) ;
#3542 = DIRECTION ( 'NONE',  ( 2.710505431213761578E-16, 0.0000000000000000000, 1.000000000000000000 ) ) ;
#3543 =( NAMED_UNIT ( * ) SI_UNIT ( $, .STERADIAN. ) SOLID_ANGLE_UNIT ( ) );
#3544 = DIRECTION ( 'NONE',  ( 0.0000000000000000000, -1.000000000000000000, 0.0000000000000000000 ) ) ;
#3545 = PRESENTATION_LAYER_ASSIGNMENT (  '', '', ( #1187 ) ) ;
#3546 = DIRECTION ( 'NONE',  ( -1.000000000000000000, 0.0000000000000000000, 0.0000000000000000000 ) ) ;
#3547 = PLANE ( 'NONE',  #2028 ) ;
#3548 = VERTEX_POINT ( 'NONE', #7135 ) ;
#3549 =( NAMED_UNIT ( * ) PLANE_ANGLE_UNIT ( ) SI_UNIT ( $, .RADIAN. ) );
#3550 = ADVANCED_FACE ( 'NONE', ( #3097 ), #917, .T. ) ;
#3551 = ORIENTED_EDGE ( 'NONE', *, *, #7268, .T. ) ;
#3552 =( LENGTH_UNIT ( ) NAMED_UNIT ( * ) SI_UNIT ( .MILLI., .METRE. ) );
#3553 = SURFACE_STYLE_FILL_AREA ( #6579 ) ;
#3554 = PRESENTATION_LAYER_ASSIGNMENT (  '', '', ( #1193 ) ) ;
#3555 = EDGE_CURVE ( 'NONE', #6931, #1361, #1883, .T. ) ;
#3556 = DIRECTION ( 'NONE',  ( 0.0000000000000000000, 0.0000000000000000000, 1.000000000000000000 ) ) ;
#3557 = COLOUR_RGB ( '',1.000000000000000000, 1.000000000000000000, 1.000000000000000000 ) ;
#3558 = PRESENTATION_STYLE_ASSIGNMENT (( #631 ) ) ;
#3559 = PRESENTATION_LAYER_ASSIGNMENT (  '', '', ( #8001 ) ) ;
#3560 = LINE ( 'NONE', #2189, #8979 ) ;
#3561 = CARTESIAN_POINT ( 'NONE',  ( 0.8650000000000004352, 0.002500000000000001787, -2.000000000000000000 ) ) ;
#3562 = EDGE_LOOP ( 'NONE', ( #4790, #6037, #2895, #644 ) ) ;
#3563 = VECTOR ( 'NONE', #3556, 1000.000000000000000 ) ;
#3564 = ADVANCED_FACE ( 'NONE', ( #1707 ), #3889, .T. ) ;
#3565 = EDGE_CURVE ( 'NONE', #767, #4569, #6714, .T. ) ;
#3566 = DIRECTION ( 'NONE',  ( 0.0000000000000000000, 0.0000000000000000000, 1.000000000000000000 ) ) ;
#3567 = DIRECTION ( 'NONE',  ( 0.0000000000000000000, -0.0000000000000000000, -1.000000000000000000 ) ) ;
#3568 = PLANE ( 'NONE',  #7203 ) ;
#3569 = ORIENTED_EDGE ( 'NONE', *, *, #1128, .T. ) ;
#3570 = VECTOR ( 'NONE', #2489, 1000.000000000000000 ) ;
#3571 = ADVANCED_FACE ( 'NONE', ( #7410 ), #8824, .F. ) ;
#3572 = SURFACE_STYLE_USAGE ( .BOTH. , #4822 ) ;
#3573 = ORIENTED_EDGE ( 'NONE', *, *, #7075, .F. ) ;
#3574 = UNCERTAINTY_MEASURE_WITH_UNIT (LENGTH_MEASURE( 1.000000000000000082E-05 ), #6323, 'distance_accuracy_value', 'NONE');
#3575 =( NAMED_UNIT ( * ) SI_UNIT ( $, .STERADIAN. ) SOLID_ANGLE_UNIT ( ) );
#3576 =( NAMED_UNIT ( * ) PLANE_ANGLE_UNIT ( ) SI_UNIT ( $, .RADIAN. ) );
#3577 = COLOUR_RGB ( '',1.000000000000000000, 1.000000000000000000, 1.000000000000000000 ) ;
#3578 = UNCERTAINTY_MEASURE_WITH_UNIT (LENGTH_MEASURE( 1.000000000000000082E-05 ), #1318, 'distance_accuracy_value', 'NONE');
#3579 = EDGE_CURVE ( 'NONE', #666, #2813, #8119, .T. ) ;
#3580 = FILL_AREA_STYLE_COLOUR ( '', #4473 ) ;
#3581 = ORIENTED_EDGE ( 'NONE', *, *, #3267, .F. ) ;
#3582 = CARTESIAN_POINT ( 'NONE',  ( 0.1350000000000003419, 0.2000000000000000111, 2.000000000000000000 ) ) ;
#3583 = MECHANICAL_DESIGN_GEOMETRIC_PRESENTATION_REPRESENTATION (  '', ( #7121 ), #453 ) ;
#3584 = CARTESIAN_POINT ( 'NONE',  ( 2.000000000000000000, 0.2025000000000000133, -1.365000000000000213 ) ) ;
#3585 = CARTESIAN_POINT ( 'NONE',  ( 0.6350000000000005640, 0.002500000000000000052, -2.000000000000000000 ) ) ;
#3586 = ORIENTED_EDGE ( 'NONE', *, *, #7852, .F. ) ;
#3587 = CARTESIAN_POINT ( 'NONE',  ( 1.365000000000000435, 0.2000000000000000389, -2.000000000000000000 ) ) ;
#3588 = SURFACE_STYLE_USAGE ( .BOTH. , #6272 ) ;
#3589 = ORIENTED_EDGE ( 'NONE', *, *, #5764, .T. ) ;
#3590 = VECTOR ( 'NONE', #468, 1000.000000000000000 ) ;
#3591 = DIRECTION ( 'NONE',  ( 4.065758146820642614E-16, 0.0000000000000000000, -1.000000000000000000 ) ) ;
#3592 =( NAMED_UNIT ( * ) PLANE_ANGLE_UNIT ( ) SI_UNIT ( $, .RADIAN. ) );
#3593 = ORIENTED_EDGE ( 'NONE', *, *, #8254, .T. ) ;
#3594 = SURFACE_SIDE_STYLE ('',( #3540 ) ) ;
#3595 = CARTESIAN_POINT ( 'NONE',  ( -2.001999999999999780, 0.2025000000000000133, -1.365000000000000213 ) ) ;
#3596 = LINE ( 'NONE', #47, #1926 ) ;
#3597 = PRESENTATION_LAYER_ASSIGNMENT (  '', '', ( #1228 ) ) ;
#3598 = DIRECTION ( 'NONE',  ( 0.0000000000000000000, 1.000000000000000000, 0.0000000000000000000 ) ) ;
#3599 = COLOUR_RGB ( '',1.000000000000000000, 1.000000000000000000, 1.000000000000000000 ) ;
#3600 = LINE ( 'NONE', #5728, #7581 ) ;
#3601 =( LENGTH_UNIT ( ) NAMED_UNIT ( * ) SI_UNIT ( .MILLI., .METRE. ) );
#3602 = ORIENTED_EDGE ( 'NONE', *, *, #1873, .F. ) ;
#3603 = CARTESIAN_POINT ( 'NONE',  ( -1.364999999999999769, -4.463288363752166281E-18, -2.000000000000000000 ) ) ;
#3604 = DIRECTION ( 'NONE',  ( 0.0000000000000000000, -0.0000000000000000000, 1.000000000000000000 ) ) ;
#3605 = ORIENTED_EDGE ( 'NONE', *, *, #6211, .F. ) ;
#3606 = DIRECTION ( 'NONE',  ( -1.000000000000000000, 0.0000000000000000000, 0.0000000000000000000 ) ) ;
#3607 = DIRECTION ( 'NONE',  ( 1.000000000000000000, 0.0000000000000000000, -2.710505431213761578E-16 ) ) ;
#3608 = PRESENTATION_LAYER_ASSIGNMENT (  '', '', ( #5102 ) ) ;
#3609 = CARTESIAN_POINT ( 'NONE',  ( -0.3649999999999996581, 0.1999999999999999833, 2.000000000000000000 ) ) ;
#3610 = DIRECTION ( 'NONE',  ( -0.0000000000000000000, -1.000000000000000000, -0.0000000000000000000 ) ) ;
#3611 = FACE_OUTER_BOUND ( 'NONE', #4458, .T. ) ;
#3612 = ORIENTED_EDGE ( 'NONE', *, *, #3958, .F. ) ;
#3613 = EDGE_CURVE ( 'NONE', #3713, #3275, #6845, .T. ) ;
#3614 = SURFACE_SIDE_STYLE ('',( #2968 ) ) ;
#3615 = PRESENTATION_STYLE_ASSIGNMENT (( #2096 ) ) ;
#3616 = ORIENTED_EDGE ( 'NONE', *, *, #5320, .F. ) ;
#3617 = FILL_AREA_STYLE ('',( #4254 ) ) ;
#3618 = ORIENTED_EDGE ( 'NONE', *, *, #5786, .T. ) ;
#3619 = EDGE_CURVE ( 'NONE', #3927, #8634, #3263, .T. ) ;
#3620 = CARTESIAN_POINT ( 'NONE',  ( -1.600000000000000089, 0.002500000000000000052, -0.8650000000000001021 ) ) ;
#3621 = EDGE_CURVE ( 'NONE', #7833, #8436, #7460, .T. ) ;
#3622 = LINE ( 'NONE', #2334, #8367 ) ;
#3623 = ADVANCED_FACE ( 'NONE', ( #6057 ), #5364, .T. ) ;
#3624 = SURFACE_SIDE_STYLE ('',( #790 ) ) ;
#3625 = ORIENTED_EDGE ( 'NONE', *, *, #8086, .T. ) ;
#3626 = DIRECTION ( 'NONE',  ( -0.0000000000000000000, -1.000000000000000000, -0.0000000000000000000 ) ) ;
#3627 = FILL_AREA_STYLE ('',( #4710 ) ) ;
#3628 =( NAMED_UNIT ( * ) PLANE_ANGLE_UNIT ( ) SI_UNIT ( $, .RADIAN. ) );
#3629 = FACE_OUTER_BOUND ( 'NONE', #4850, .T. ) ;
#3630 = EDGE_LOOP ( 'NONE', ( #1989, #7789, #3961, #6376 ) ) ;
#3631 = SURFACE_SIDE_STYLE ('',( #797 ) ) ;
#3632 = EDGE_CURVE ( 'NONE', #1119, #8920, #5540, .T. ) ;
#3633 = PRESENTATION_STYLE_ASSIGNMENT (( #8569 ) ) ;
#3634 = AXIS2_PLACEMENT_3D ( 'NONE', #1314, #2616, #8381 ) ;
#3635 =( NAMED_UNIT ( * ) SI_UNIT ( $, .STERADIAN. ) SOLID_ANGLE_UNIT ( ) );
#3636 = DIRECTION ( 'NONE',  ( 0.0000000000000000000, 0.0000000000000000000, 1.000000000000000000 ) ) ;
#3637 = ORIENTED_EDGE ( 'NONE', *, *, #2333, .F. ) ;
#3638 = FILL_AREA_STYLE ('',( #6799 ) ) ;
#3639 = CARTESIAN_POINT ( 'NONE',  ( 0.8650000000000004352, 0.2000000000000000389, -2.001999999999999780 ) ) ;
#3640 = PLANE ( 'NONE',  #6353 ) ;
#3641 = LINE ( 'NONE', #3595, #2472 ) ;
#3642 = ORIENTED_EDGE ( 'NONE', *, *, #2163, .T. ) ;
#3643 = STYLED_ITEM ( 'NONE', ( #8753 ), #4120 ) ;
#3644 = FACE_OUTER_BOUND ( 'NONE', #4225, .T. ) ;
#3645 = COLOUR_RGB ( '',1.000000000000000000, 1.000000000000000000, 1.000000000000000000 ) ;
#3646 =( NAMED_UNIT ( * ) SI_UNIT ( $, .STERADIAN. ) SOLID_ANGLE_UNIT ( ) );
#3647 = FILL_AREA_STYLE_COLOUR ( '', #8279 ) ;
#3648 =( NAMED_UNIT ( * ) PLANE_ANGLE_UNIT ( ) SI_UNIT ( $, .RADIAN. ) );
#3649 = COLOUR_RGB ( '',0.2509803921568627416, 0.2509803921568627416, 0.2509803921568627416 ) ;
#3650 = AXIS2_PLACEMENT_3D ( 'NONE', #627, #3406, #2080 ) ;
#3651 = CARTESIAN_POINT ( 'NONE',  ( 1.600000000000000089, 0.002500000000000000052, -0.1350000000000000089 ) ) ;
#3652 = VERTEX_POINT ( 'NONE', #4842 ) ;
#3653 = FILL_AREA_STYLE ('',( #1466 ) ) ;
#3654 = AXIS2_PLACEMENT_3D ( 'NONE', #1115, #6857, #4536 ) ;
#3655 = ORIENTED_EDGE ( 'NONE', *, *, #4218, .T. ) ;
#3656 = LINE ( 'NONE', #2959, #770 ) ;
#3657 = VECTOR ( 'NONE', #9131, 1000.000000000000000 ) ;
#3658 = VECTOR ( 'NONE', #6315, 1000.000000000000000 ) ;
#3659 = CARTESIAN_POINT ( 'NONE',  ( -0.1349999999999995925, 0.1999999999999999833, -2.001999999999999780 ) ) ;
#3660 = PRESENTATION_STYLE_ASSIGNMENT (( #5066 ) ) ;
#3661 = COLOUR_RGB ( '',1.000000000000000000, 1.000000000000000000, 1.000000000000000000 ) ;
#3662 = MECHANICAL_DESIGN_GEOMETRIC_PRESENTATION_REPRESENTATION (  '', ( #2488 ), #385 ) ;
#3663 = ORIENTED_EDGE ( 'NONE', *, *, #6283, .F. ) ;
#3664 = PRESENTATION_STYLE_ASSIGNMENT (( #4868 ) ) ;
#3665 = VECTOR ( 'NONE', #9062, 1000.000000000000000 ) ;
#3666 = UNCERTAINTY_MEASURE_WITH_UNIT (LENGTH_MEASURE( 1.000000000000000082E-05 ), #6181, 'distance_accuracy_value', 'NONE');
#3667 = SURFACE_SIDE_STYLE ('',( #7921 ) ) ;
#3668 = STYLED_ITEM ( 'NONE', ( #703 ), #5771 ) ;
#3669 = UNCERTAINTY_MEASURE_WITH_UNIT (LENGTH_MEASURE( 1.000000000000000082E-05 ), #8746, 'distance_accuracy_value', 'NONE');
#3670 = PRESENTATION_STYLE_ASSIGNMENT (( #3073 ) ) ;
#3671 = ORIENTED_EDGE ( 'NONE', *, *, #1975, .T. ) ;
#3672 = DIRECTION ( 'NONE',  ( 1.000000000000000000, -0.0000000000000000000, -0.0000000000000000000 ) ) ;
#3673 =( LENGTH_UNIT ( ) NAMED_UNIT ( * ) SI_UNIT ( .MILLI., .METRE. ) );
#3674 = DIRECTION ( 'NONE',  ( 0.0000000000000000000, 0.0000000000000000000, -1.000000000000000000 ) ) ;
#3675 = FILL_AREA_STYLE_COLOUR ( '', #7542 ) ;
#3676 = EDGE_CURVE ( 'NONE', #7356, #864, #8997, .T. ) ;
#3677 =( GEOMETRIC_REPRESENTATION_CONTEXT ( 3 ) GLOBAL_UNCERTAINTY_ASSIGNED_CONTEXT ( ( #4506 ) ) GLOBAL_UNIT_ASSIGNED_CONTEXT ( ( #1345, #7644, #6351 ) ) REPRESENTATION_CONTEXT ( 'NONE', 'WORKASPACE' ) );
#3678 = ORIENTED_EDGE ( 'NONE', *, *, #3277, .T. ) ;
#3679 = EDGE_CURVE ( 'NONE', #4947, #2986, #1403, .T. ) ;
#3680 = SURFACE_STYLE_FILL_AREA ( #1544 ) ;
#3681 = VECTOR ( 'NONE', #8461, 1000.000000000000000 ) ;
#3682 = FILL_AREA_STYLE ('',( #2938 ) ) ;
#3683 = LINE ( 'NONE', #4367, #3455 ) ;
#3684 = ORIENTED_EDGE ( 'NONE', *, *, #7268, .F. ) ;
#3685 = SURFACE_SIDE_STYLE ('',( #7754 ) ) ;
#3686 =( LENGTH_UNIT ( ) NAMED_UNIT ( * ) SI_UNIT ( .MILLI., .METRE. ) );
#3687 = FILL_AREA_STYLE ('',( #93 ) ) ;
#3688 = ADVANCED_FACE ( 'NONE', ( #6328 ), #4141, .F. ) ;
#3689 = CARTESIAN_POINT ( 'NONE',  ( -1.364999999999999769, 0.1999999999999999556, 2.000000000000000000 ) ) ;
#3690 = EDGE_LOOP ( 'NONE', ( #380, #3602, #7264, #1838 ) ) ;
#3691 = CARTESIAN_POINT ( 'NONE',  ( 1.000000000000000000, 0.0005000000000000003357, 1.250000000000000000 ) ) ;
#3692 = EDGE_CURVE ( 'NONE', #4288, #2162, #4795, .T. ) ;
#3693 = VERTEX_POINT ( 'NONE', #9053 ) ;
#3694 = MECHANICAL_DESIGN_GEOMETRIC_PRESENTATION_REPRESENTATION (  '', ( #7541 ), #2063 ) ;
#3695 =( NAMED_UNIT ( * ) PLANE_ANGLE_UNIT ( ) SI_UNIT ( $, .RADIAN. ) );
#3696 = DIRECTION ( 'NONE',  ( 0.0000000000000000000, 1.000000000000000000, 0.0000000000000000000 ) ) ;
#3697 = CARTESIAN_POINT ( 'NONE',  ( 0.8650000000000004352, 0.2000000000000000389, -2.001999999999999780 ) ) ;
#3698 = SURFACE_STYLE_USAGE ( .BOTH. , #5687 ) ;
#3699 = SURFACE_SIDE_STYLE ('',( #4287 ) ) ;
#3700 = ORIENTED_EDGE ( 'NONE', *, *, #2121, .T. ) ;
#3701 = SURFACE_SIDE_STYLE ('',( #155 ) ) ;
#3702 = AXIS2_PLACEMENT_3D ( 'NONE', #1369, #91, #8525 ) ;
#3703 = DIRECTION ( 'NONE',  ( -0.0000000000000000000, -1.000000000000000000, -0.0000000000000000000 ) ) ;
#3704 = ORIENTED_EDGE ( 'NONE', *, *, #1753, .T. ) ;
#3705 = FILL_AREA_STYLE ('',( #7906 ) ) ;
#3706 = AXIS2_PLACEMENT_3D ( 'NONE', #6358, #4314, #7051 ) ;
#3707 = SURFACE_STYLE_FILL_AREA ( #108 ) ;
#3708 = SURFACE_STYLE_USAGE ( .BOTH. , #6969 ) ;
#3709 = LINE ( 'NONE', #9168, #6779 ) ;
#3710 = SURFACE_SIDE_STYLE ('',( #6486 ) ) ;
#3711 = VERTEX_POINT ( 'NONE', #7071 ) ;
#3712 =( NAMED_UNIT ( * ) PLANE_ANGLE_UNIT ( ) SI_UNIT ( $, .RADIAN. ) );
#3713 = VERTEX_POINT ( 'NONE', #8438 ) ;
#3714 = CARTESIAN_POINT ( 'NONE',  ( 1.600000000000000089, 0.002500000000000000052, 0.3649999999999999911 ) ) ;
#3715 = EDGE_LOOP ( 'NONE', ( #7143, #3519, #4162, #295 ) ) ;
#3716 = VECTOR ( 'NONE', #5546, 1000.000000000000000 ) ;
#3717 = VECTOR ( 'NONE', #9150, 1000.000000000000000 ) ;
#3718 = CARTESIAN_POINT ( 'NONE',  ( 2.000000000000000000, 0.002500000000000000052, 1.365000000000000213 ) ) ;
#3719 = STYLED_ITEM ( 'NONE', ( #6374 ), #8309 ) ;
#3720 = SURFACE_STYLE_USAGE ( .BOTH. , #1036 ) ;
#3721 = DIRECTION ( 'NONE',  ( 1.000000000000000000, 0.0000000000000000000, 0.0000000000000000000 ) ) ;
#3722 = ORIENTED_EDGE ( 'NONE', *, *, #2823, .T. ) ;
#3723 = MECHANICAL_DESIGN_GEOMETRIC_PRESENTATION_REPRESENTATION (  '', ( #8286 ), #4614 ) ;
#3724 = LINE ( 'NONE', #3160, #5437 ) ;
#3725 = DIRECTION ( 'NONE',  ( 1.000000000000000000, 0.0000000000000000000, 0.0000000000000000000 ) ) ;
#3726 = FILL_AREA_STYLE_COLOUR ( '', #8856 ) ;
#3727 = VERTEX_POINT ( 'NONE', #1273 ) ;
#3728 = DIRECTION ( 'NONE',  ( 0.0000000000000000000, -1.000000000000000000, 0.0000000000000000000 ) ) ;
#3729 = DIRECTION ( 'NONE',  ( 1.000000000000000000, 0.0000000000000000000, 0.0000000000000000000 ) ) ;
#3730 = VECTOR ( 'NONE', #4552, 1000.000000000000000 ) ;
#3731 = LINE ( 'NONE', #5805, #5945 ) ;
#3732 =( LENGTH_UNIT ( ) NAMED_UNIT ( * ) SI_UNIT ( .MILLI., .METRE. ) );
#3733 = ORIENTED_EDGE ( 'NONE', *, *, #4938, .F. ) ;
#3734 = ADVANCED_FACE ( 'NONE', ( #6984 ), #517, .T. ) ;
#3735 = SURFACE_STYLE_USAGE ( .BOTH. , #3084 ) ;
#3736 = ORIENTED_EDGE ( 'NONE', *, *, #1181, .T. ) ;
#3737 = AXIS2_PLACEMENT_3D ( 'NONE', #808, #7853, #2131 ) ;
#3738 = ORIENTED_EDGE ( 'NONE', *, *, #5237, .F. ) ;
#3739 = CARTESIAN_POINT ( 'NONE',  ( 0.1350000000000004530, 0.002500000000000000052, -1.600000000000000089 ) ) ;
#3740 = EDGE_CURVE ( 'NONE', #2537, #5463, #5758, .T. ) ;
#3741 = PLANE ( 'NONE',  #5489 ) ;
#3742 = EDGE_CURVE ( 'NONE', #25, #7753, #6464, .T. ) ;
#3743 = PRESENTATION_LAYER_ASSIGNMENT (  '', '', ( #4772 ) ) ;
#3744 = MECHANICAL_DESIGN_GEOMETRIC_PRESENTATION_REPRESENTATION (  '', ( #1088 ), #621 ) ;
#3745 = FILL_AREA_STYLE_COLOUR ( '', #6708 ) ;
#3746 =( NAMED_UNIT ( * ) PLANE_ANGLE_UNIT ( ) SI_UNIT ( $, .RADIAN. ) );
#3747 = ORIENTED_EDGE ( 'NONE', *, *, #1965, .F. ) ;
#3748 = EDGE_CURVE ( 'NONE', #864, #120, #7266, .T. ) ;
#3749 = FILL_AREA_STYLE_COLOUR ( '', #7924 ) ;
#3750 = ORIENTED_EDGE ( 'NONE', *, *, #3336, .T. ) ;
#3751 = FILL_AREA_STYLE ('',( #5824 ) ) ;
#3752 = SURFACE_STYLE_FILL_AREA ( #4388 ) ;
#3753 = DIRECTION ( 'NONE',  ( 0.0000000000000000000, 0.0000000000000000000, 1.000000000000000000 ) ) ;
#3754 =( GEOMETRIC_REPRESENTATION_CONTEXT ( 3 ) GLOBAL_UNCERTAINTY_ASSIGNED_CONTEXT ( ( #4110 ) ) GLOBAL_UNIT_ASSIGNED_CONTEXT ( ( #745, #2629, #4926 ) ) REPRESENTATION_CONTEXT ( 'NONE', 'WORKASPACE' ) );
#3755 = PRESENTATION_LAYER_ASSIGNMENT (  '', '', ( #2570 ) ) ;
#3756 = DIRECTION ( 'NONE',  ( 0.0000000000000000000, 0.0000000000000000000, 1.000000000000000000 ) ) ;
#3757 = CARTESIAN_POINT ( 'NONE',  ( 2.001999999999999780, 0.2025000000000000133, -0.3650000000000001577 ) ) ;
#3758 = ADVANCED_FACE ( 'NONE', ( #803 ), #7891, .F. ) ;
#3759 = PLANE ( 'NONE',  #5223 ) ;
#3760 = DIRECTION ( 'NONE',  ( -0.0000000000000000000, -1.000000000000000000, -0.0000000000000000000 ) ) ;
#3761 = PRESENTATION_LAYER_ASSIGNMENT (  '', '', ( #4638 ) ) ;
#3762 = SURFACE_STYLE_USAGE ( .BOTH. , #3710 ) ;
#3764 = VERTEX_POINT ( 'NONE', #7799 ) ;
#3763 = COLOUR_RGB ( '',1.000000000000000000, 1.000000000000000000, 1.000000000000000000 ) ;
#3765 = EDGE_CURVE ( 'NONE', #7631, #2852, #2355, .T. ) ;
#3766 = CARTESIAN_POINT ( 'NONE',  ( -2.000000000000000000, 0.002500000000000000052, 2.000000000000000000 ) ) ;
#3767 =( LENGTH_UNIT ( ) NAMED_UNIT ( * ) SI_UNIT ( .MILLI., .METRE. ) );
#3768 = CARTESIAN_POINT ( 'NONE',  ( 2.001999999999999780, 0.002500000000000000052, 0.8649999999999998801 ) ) ;
#3769 = ORIENTED_EDGE ( 'NONE', *, *, #7976, .F. ) ;
#3770 = SURFACE_SIDE_STYLE ('',( #8792 ) ) ;
#3771 = VERTEX_POINT ( 'NONE', #4427 ) ;
#3772 = DIRECTION ( 'NONE',  ( -0.0000000000000000000, -1.000000000000000000, -0.0000000000000000000 ) ) ;
#3773 = PLANE ( 'NONE',  #6191 ) ;
#3774 = DIRECTION ( 'NONE',  ( 1.000000000000000000, 0.0000000000000000000, -2.710505431213761578E-16 ) ) ;
#3775 = ORIENTED_EDGE ( 'NONE', *, *, #7216, .F. ) ;
#3776 = VECTOR ( 'NONE', #2400, 1000.000000000000000 ) ;
#3777 = CARTESIAN_POINT ( 'NONE',  ( 1.000000000000000000, 0.0005000000000000003357, 1.250000000000000000 ) ) ;
#3778 = ORIENTED_EDGE ( 'NONE', *, *, #1579, .T. ) ;
#3779 = DIRECTION ( 'NONE',  ( -0.0000000000000000000, -0.0000000000000000000, 1.000000000000000000 ) ) ;
#3780 = DIRECTION ( 'NONE',  ( -0.0000000000000000000, -1.000000000000000000, -0.0000000000000000000 ) ) ;
#3781 = CARTESIAN_POINT ( 'NONE',  ( 0.1350000000000003419, 0.2000000000000000111, -2.001999999999999780 ) ) ;
#3782 = SURFACE_SIDE_STYLE ('',( #5900 ) ) ;
#3783 = EDGE_LOOP ( 'NONE', ( #7401, #8196, #7114, #3366 ) ) ;
#3784 = LINE ( 'NONE', #8035, #9005 ) ;
#3785 = SURFACE_SIDE_STYLE ('',( #4370 ) ) ;
#3786 = ORIENTED_EDGE ( 'NONE', *, *, #1182, .T. ) ;
#3787 = FILL_AREA_STYLE ('',( #8769 ) ) ;
#3788 = CARTESIAN_POINT ( 'NONE',  ( 0.6350000000000003419, 0.2000000000000000389, 2.001999999999999780 ) ) ;
#3789 = DIRECTION ( 'NONE',  ( 0.0000000000000000000, 0.0000000000000000000, -1.000000000000000000 ) ) ;
#3790 = LINE ( 'NONE', #1792, #2207 ) ;
#3791 = SURFACE_STYLE_USAGE ( .BOTH. , #2220 ) ;
#3792 = EDGE_LOOP ( 'NONE', ( #5134, #123, #4617, #5346 ) ) ;
#3793 = DIRECTION ( 'NONE',  ( 1.000000000000000000, 0.0000000000000000000, 0.0000000000000000000 ) ) ;
#3794 = VECTOR ( 'NONE', #5258, 1000.000000000000000 ) ;
#3795 = SURFACE_STYLE_USAGE ( .BOTH. , #8633 ) ;
#3796 = ORIENTED_EDGE ( 'NONE', *, *, #6757, .F. ) ;
#3797 =( GEOMETRIC_REPRESENTATION_CONTEXT ( 3 ) GLOBAL_UNCERTAINTY_ASSIGNED_CONTEXT ( ( #2564 ) ) GLOBAL_UNIT_ASSIGNED_CONTEXT ( ( #5462, #1160, #6070 ) ) REPRESENTATION_CONTEXT ( 'NONE', 'WORKASPACE' ) );
#3798 = SURFACE_STYLE_USAGE ( .BOTH. , #6759 ) ;
#3799 = PRESENTATION_STYLE_ASSIGNMENT (( #6717 ) ) ;
#3800 = ADVANCED_FACE ( 'NONE', ( #5178 ), #1452, .T. ) ;
#3801 = ADVANCED_FACE ( 'NONE', ( #1694 ), #6702, .F. ) ;
#3802 = DIRECTION ( 'NONE',  ( 0.0000000000000000000, -0.0000000000000000000, 1.000000000000000000 ) ) ;
#3803 = PLANE ( 'NONE',  #1484 ) ;
#3804 = VECTOR ( 'NONE', #922, 1000.000000000000000 ) ;
#3805 = DIRECTION ( 'NONE',  ( -1.000000000000000000, 0.0000000000000000000, 0.0000000000000000000 ) ) ;
#3806 =( GEOMETRIC_REPRESENTATION_CONTEXT ( 3 ) GLOBAL_UNCERTAINTY_ASSIGNED_CONTEXT ( ( #8284 ) ) GLOBAL_UNIT_ASSIGNED_CONTEXT ( ( #17, #9023, #3371 ) ) REPRESENTATION_CONTEXT ( 'NONE', 'WORKASPACE' ) );
#3807 = DIRECTION ( 'NONE',  ( -0.0000000000000000000, -0.0000000000000000000, -1.000000000000000000 ) ) ;
#3808 = VERTEX_POINT ( 'NONE', #1835 ) ;
#3809 = SURFACE_STYLE_FILL_AREA ( #8836 ) ;
#3810 = SURFACE_STYLE_FILL_AREA ( #3060 ) ;
#3811 = AXIS2_PLACEMENT_3D ( 'NONE', #8391, #9204, #5592 ) ;
#3812 = ORIENTED_EDGE ( 'NONE', *, *, #6002, .T. ) ;
#3813 = EDGE_CURVE ( 'NONE', #1223, #4276, #3168, .T. ) ;
#3814 = AXIS2_PLACEMENT_3D ( 'NONE', #1370, #7023, #8301 ) ;
#3815 = COLOUR_RGB ( '',1.000000000000000000, 1.000000000000000000, 1.000000000000000000 ) ;
#3816 = VECTOR ( 'NONE', #3500, 1000.000000000000000 ) ;
#3817 = EDGE_CURVE ( 'NONE', #4674, #7175, #4514, .T. ) ;
#3818 = LINE ( 'NONE', #1079, #7685 ) ;
#3819 =( LENGTH_UNIT ( ) NAMED_UNIT ( * ) SI_UNIT ( .MILLI., .METRE. ) );
#3820 = VECTOR ( 'NONE', #692, 1000.000000000000000 ) ;
#3821 = CARTESIAN_POINT ( 'NONE',  ( 2.000000000000000000, 0.0000000000000000000, 0.8649999999999999911 ) ) ;
#3822 = CARTESIAN_POINT ( 'NONE',  ( 1.365000000000000435, 0.2000000000000000944, -2.000000000000000000 ) ) ;
#3823 = DIRECTION ( 'NONE',  ( -1.000000000000000000, 0.0000000000000000000, -2.710505431213761578E-16 ) ) ;
#3824 = CARTESIAN_POINT ( 'NONE',  ( -0.3649999999999996581, 0.002499999999999998317, -2.000000000000000000 ) ) ;
#3825 = ORIENTED_EDGE ( 'NONE', *, *, #2829, .T. ) ;
#3826 = CARTESIAN_POINT ( 'NONE',  ( -2.000000000000000000, 0.002500000000000000052, -1.364999999999999991 ) ) ;
#3827 =( GEOMETRIC_REPRESENTATION_CONTEXT ( 3 ) GLOBAL_UNCERTAINTY_ASSIGNED_CONTEXT ( ( #1643 ) ) GLOBAL_UNIT_ASSIGNED_CONTEXT ( ( #5471, #497, #4910 ) ) REPRESENTATION_CONTEXT ( 'NONE', 'WORKASPACE' ) );
#3828 = PRESENTATION_LAYER_ASSIGNMENT (  '', '', ( #7381 ) ) ;
#3829 = FILL_AREA_STYLE ('',( #7214 ) ) ;
#3830 = LINE ( 'NONE', #2985, #1947 ) ;
#3831 = FILL_AREA_STYLE_COLOUR ( '', #4946 ) ;
#3832 = ORIENTED_EDGE ( 'NONE', *, *, #5161, .F. ) ;
#3833 = DIRECTION ( 'NONE',  ( -0.0000000000000000000, -1.000000000000000000, -0.0000000000000000000 ) ) ;
#3834 = MECHANICAL_DESIGN_GEOMETRIC_PRESENTATION_REPRESENTATION (  '', ( #6182 ), #8093 ) ;
#3835 = FILL_AREA_STYLE ('',( #3211 ) ) ;
#3836 = ORIENTED_EDGE ( 'NONE', *, *, #5212, .T. ) ;
#3837 = SURFACE_STYLE_USAGE ( .BOTH. , #5905 ) ;
#3838 = ORIENTED_EDGE ( 'NONE', *, *, #4071, .T. ) ;
#3839 = MECHANICAL_DESIGN_GEOMETRIC_PRESENTATION_REPRESENTATION (  '', ( #2052 ), #1027 ) ;
#3840 = CARTESIAN_POINT ( 'NONE',  ( 1.135000000000000453, 2.980301110709575655E-17, 2.000000000000000000 ) ) ;
#3841 = LINE ( 'NONE', #6659, #8906 ) ;
#3842 = UNCERTAINTY_MEASURE_WITH_UNIT (LENGTH_MEASURE( 1.000000000000000082E-05 ), #2410, 'distance_accuracy_value', 'NONE');
#3843 = CARTESIAN_POINT ( 'NONE',  ( -2.001999999999999780, 0.002500000000000000052, -0.1350000000000001477 ) ) ;
#3844 = ORIENTED_EDGE ( 'NONE', *, *, #653, .T. ) ;
#3845 = DIRECTION ( 'NONE',  ( -1.000000000000000000, -0.0000000000000000000, -0.0000000000000000000 ) ) ;
#3846 =( GEOMETRIC_REPRESENTATION_CONTEXT ( 3 ) GLOBAL_UNCERTAINTY_ASSIGNED_CONTEXT ( ( #8029 ) ) GLOBAL_UNIT_ASSIGNED_CONTEXT ( ( #1534, #2244, #6498 ) ) REPRESENTATION_CONTEXT ( 'NONE', 'WORKASPACE' ) );
#3847 = SURFACE_STYLE_FILL_AREA ( #2545 ) ;
#3848 = EDGE_LOOP ( 'NONE', ( #9077, #2268, #1662, #7452 ) ) ;
#3849 = DIRECTION ( 'NONE',  ( 0.0000000000000000000, -0.0000000000000000000, -1.000000000000000000 ) ) ;
#3850 = AXIS2_PLACEMENT_3D ( 'NONE', #6287, #4720, #9105 ) ;
#3851 =( LENGTH_UNIT ( ) NAMED_UNIT ( * ) SI_UNIT ( .MILLI., .METRE. ) );
#3852 =( NAMED_UNIT ( * ) SI_UNIT ( $, .STERADIAN. ) SOLID_ANGLE_UNIT ( ) );
#3853 = SURFACE_SIDE_STYLE ('',( #1022 ) ) ;
#3854 = PRESENTATION_LAYER_ASSIGNMENT (  '', '', ( #5620 ) ) ;
#3855 = LINE ( 'NONE', #5197, #2349 ) ;
#3856 =( NAMED_UNIT ( * ) PLANE_ANGLE_UNIT ( ) SI_UNIT ( $, .RADIAN. ) );
#3857 = ORIENTED_EDGE ( 'NONE', *, *, #2163, .F. ) ;
#3858 = FILL_AREA_STYLE ('',( #2915 ) ) ;
#3859 = EDGE_CURVE ( 'NONE', #24, #6258, #6044, .T. ) ;
#3860 = ORIENTED_EDGE ( 'NONE', *, *, #2725, .F. ) ;
#3861 = VECTOR ( 'NONE', #8717, 1000.000000000000000 ) ;
#3862 = SURFACE_SIDE_STYLE ('',( #5932 ) ) ;
#3863 = EDGE_CURVE ( 'NONE', #3166, #5643, #329, .T. ) ;
#3864 = UNCERTAINTY_MEASURE_WITH_UNIT (LENGTH_MEASURE( 1.000000000000000082E-05 ), #6396, 'distance_accuracy_value', 'NONE');
#3865 = EDGE_CURVE ( 'NONE', #695, #5730, #1002, .T. ) ;
#3866 = UNCERTAINTY_MEASURE_WITH_UNIT (LENGTH_MEASURE( 1.000000000000000082E-05 ), #5493, 'distance_accuracy_value', 'NONE');
#3867 = SHAPE_DEFINITION_REPRESENTATION ( #5294, #3512 ) ;
#3868 =( NAMED_UNIT ( * ) SI_UNIT ( $, .STERADIAN. ) SOLID_ANGLE_UNIT ( ) );
#3869 = COLOUR_RGB ( '',1.000000000000000000, 1.000000000000000000, 1.000000000000000000 ) ;
#3870 = EDGE_LOOP ( 'NONE', ( #1207, #6422, #5176, #2754 ) ) ;
#3871 = MECHANICAL_DESIGN_GEOMETRIC_PRESENTATION_REPRESENTATION (  '', ( #136 ), #4602 ) ;
#3872 = SURFACE_STYLE_USAGE ( .BOTH. , #3912 ) ;
#3873 = AXIS2_PLACEMENT_3D ( 'NONE', #6883, #2619, #9044 ) ;
#3874 = MECHANICAL_DESIGN_GEOMETRIC_PRESENTATION_REPRESENTATION (  '', ( #7127 ), #7103 ) ;
#3875 = VERTEX_POINT ( 'NONE', #5300 ) ;
#3876 =( LENGTH_UNIT ( ) NAMED_UNIT ( * ) SI_UNIT ( .MILLI., .METRE. ) );
#3877 = VERTEX_POINT ( 'NONE', #8719 ) ;
#3878 = LINE ( 'NONE', #1137, #6968 ) ;
#3879 = AXIS2_PLACEMENT_3D ( 'NONE', #1592, #846, #7885 ) ;
#3880 = VERTEX_POINT ( 'NONE', #7448 ) ;
#3881 = PRESENTATION_LAYER_ASSIGNMENT (  '', '', ( #1497 ) ) ;
#3882 = DIRECTION ( 'NONE',  ( 0.0000000000000000000, -0.0000000000000000000, 1.000000000000000000 ) ) ;
#3883 = LINE ( 'NONE', #6709, #3590 ) ;
#3884 = LINE ( 'NONE', #8075, #4406 ) ;
#3885 = FILL_AREA_STYLE ('',( #5266 ) ) ;
#3886 = ORIENTED_EDGE ( 'NONE', *, *, #8814, .F. ) ;
#3887 = COLOUR_RGB ( '',1.000000000000000000, 1.000000000000000000, 1.000000000000000000 ) ;
#3888 = FACE_OUTER_BOUND ( 'NONE', #6882, .T. ) ;
#3889 = PLANE ( 'NONE',  #519 ) ;
#3890 = EDGE_LOOP ( 'NONE', ( #504, #2914, #1371, #3250 ) ) ;
#3891 =( GEOMETRIC_REPRESENTATION_CONTEXT ( 3 ) GLOBAL_UNCERTAINTY_ASSIGNED_CONTEXT ( ( #7480 ) ) GLOBAL_UNIT_ASSIGNED_CONTEXT ( ( #3288, #5426, #8846 ) ) REPRESENTATION_CONTEXT ( 'NONE', 'WORKASPACE' ) );
#3892 = SURFACE_STYLE_USAGE ( .BOTH. , #5272 ) ;
#3893 = SURFACE_STYLE_USAGE ( .BOTH. , #5368 ) ;
#3894 = VECTOR ( 'NONE', #7672, 1000.000000000000000 ) ;
#3895 = ORIENTED_EDGE ( 'NONE', *, *, #2443, .T. ) ;
#3896 = FACE_OUTER_BOUND ( 'NONE', #3525, .T. ) ;
#3897 = VECTOR ( 'NONE', #6578, 1000.000000000000000 ) ;
#3898 = FACE_OUTER_BOUND ( 'NONE', #2751, .T. ) ;
#3899 = PRESENTATION_LAYER_ASSIGNMENT (  '', '', ( #8305 ) ) ;
#3900 = ORIENTED_EDGE ( 'NONE', *, *, #1640, .T. ) ;
#3901 = CARTESIAN_POINT ( 'NONE',  ( -0.6349999999999995648, 0.002499999999999970562, 1.600000000000000089 ) ) ;
#3902 = DIRECTION ( 'NONE',  ( -1.000000000000000000, 0.0000000000000000000, -0.0000000000000000000 ) ) ;
#3903 =( LENGTH_UNIT ( ) NAMED_UNIT ( * ) SI_UNIT ( .MILLI., .METRE. ) );
#3904 =( NAMED_UNIT ( * ) PLANE_ANGLE_UNIT ( ) SI_UNIT ( $, .RADIAN. ) );
#3905 =( NAMED_UNIT ( * ) PLANE_ANGLE_UNIT ( ) SI_UNIT ( $, .RADIAN. ) );
#3906 = LINE ( 'NONE', #1042, #1328 ) ;
#3907 = VECTOR ( 'NONE', #118, 1000.000000000000000 ) ;
#3908 = PRESENTATION_LAYER_ASSIGNMENT (  '', '', ( #6725 ) ) ;
#3909 = EDGE_LOOP ( 'NONE', ( #105, #4869, #2100, #4351 ) ) ;
#3910 = EDGE_CURVE ( 'NONE', #3456, #8838, #8063, .T. ) ;
#3911 = EDGE_CURVE ( 'NONE', #3442, #6839, #4557, .T. ) ;
#3912 = SURFACE_SIDE_STYLE ('',( #8800 ) ) ;
#3913 = LINE ( 'NONE', #5253, #6100 ) ;
#3914 = ORIENTED_EDGE ( 'NONE', *, *, #139, .T. ) ;
#3915 = DIRECTION ( 'NONE',  ( 0.0000000000000000000, -0.0000000000000000000, -1.000000000000000000 ) ) ;
#3916 = CARTESIAN_POINT ( 'NONE',  ( 0.1350000000000003419, 0.2000000000000000111, -2.000000000000000000 ) ) ;
#3917 = CARTESIAN_POINT ( 'NONE',  ( -0.1349999999999995925, 0.1999999999999999833, -2.000000000000000000 ) ) ;
#3918 = ORIENTED_EDGE ( 'NONE', *, *, #4004, .T. ) ;
#3919 = DIRECTION ( 'NONE',  ( 0.0000000000000000000, 0.0000000000000000000, 1.000000000000000000 ) ) ;
#3920 = ADVANCED_FACE ( 'NONE', ( #2403 ), #5392, .T. ) ;
#3921 = EDGE_LOOP ( 'NONE', ( #796, #2305, #4634, #4516, #2892, #3346 ) ) ;
#3922 = CARTESIAN_POINT ( 'NONE',  ( -0.6349999999999994538, 0.1999999999999999833, -2.000000000000000000 ) ) ;
#3923 = UNCERTAINTY_MEASURE_WITH_UNIT (LENGTH_MEASURE( 1.000000000000000082E-05 ), #4077, 'distance_accuracy_value', 'NONE');
#3924 = ORIENTED_EDGE ( 'NONE', *, *, #2272, .T. ) ;
#3925 = CARTESIAN_POINT ( 'NONE',  ( -2.001999999999999780, 0.002500000000000000052, -0.8650000000000001021 ) ) ;
#3926 = CARTESIAN_POINT ( 'NONE',  ( 1.000000000000000000, 0.002500000000000000052, 1.250000000000000000 ) ) ;
#3927 = VERTEX_POINT ( 'NONE', #3431 ) ;
#3928 = PRESENTATION_STYLE_ASSIGNMENT (( #6111 ) ) ;
#3929 =( NAMED_UNIT ( * ) SI_UNIT ( $, .STERADIAN. ) SOLID_ANGLE_UNIT ( ) );
#3930 = VECTOR ( 'NONE', #2447, 1000.000000000000000 ) ;
#3931 = LINE ( 'NONE', #3055, #1292 ) ;
#3932 = AXIS2_PLACEMENT_3D ( 'NONE', #8693, #1718, #8646 ) ;
#3933 = FILL_AREA_STYLE ('',( #3150 ) ) ;
#3934 = EDGE_LOOP ( 'NONE', ( #1708, #1489, #4608, #6069 ) ) ;
#3935 = ORIENTED_EDGE ( 'NONE', *, *, #4754, .F. ) ;
#3936 = PRESENTATION_STYLE_ASSIGNMENT (( #1807 ) ) ;
#3937 = EDGE_LOOP ( 'NONE', ( #934, #8863, #1647, #1602 ) ) ;
#3938 =( LENGTH_UNIT ( ) NAMED_UNIT ( * ) SI_UNIT ( .MILLI., .METRE. ) );
#3939 = COLOUR_RGB ( '',1.000000000000000000, 1.000000000000000000, 1.000000000000000000 ) ;
#3940 = AXIS2_PLACEMENT_3D ( 'NONE', #532, #9010, #1986 ) ;
#3941 = FACE_OUTER_BOUND ( 'NONE', #1682, .T. ) ;
#3942 = VECTOR ( 'NONE', #4862, 1000.000000000000000 ) ;
#3943 = UNCERTAINTY_MEASURE_WITH_UNIT (LENGTH_MEASURE( 1.000000000000000082E-05 ), #933, 'distance_accuracy_value', 'NONE');
#3944 = FACE_OUTER_BOUND ( 'NONE', #2990, .T. ) ;
#3945 = CARTESIAN_POINT ( 'NONE',  ( 2.001999999999999780, 0.2025000000000000133, 0.6349999999999998979 ) ) ;
#3946 =( GEOMETRIC_REPRESENTATION_CONTEXT ( 3 ) GLOBAL_UNCERTAINTY_ASSIGNED_CONTEXT ( ( #8460 ) ) GLOBAL_UNIT_ASSIGNED_CONTEXT ( ( #7464, #4573, #7074 ) ) REPRESENTATION_CONTEXT ( 'NONE', 'WORKASPACE' ) );
#3947 = STYLED_ITEM ( 'NONE', ( #7400 ), #3801 ) ;
#3948 = FILL_AREA_STYLE ('',( #2521 ) ) ;
#3949 = PRESENTATION_LAYER_ASSIGNMENT (  '', '', ( #7512 ) ) ;
#3950 =( NAMED_UNIT ( * ) SI_UNIT ( $, .STERADIAN. ) SOLID_ANGLE_UNIT ( ) );
#3951 = AXIS2_PLACEMENT_3D ( 'NONE', #6217, #6309, #1222 ) ;
#3952 = CARTESIAN_POINT ( 'NONE',  ( 0.8650000000000004352, 1.490150555354787828E-17, -2.001999999999999780 ) ) ;
#3953 = VECTOR ( 'NONE', #2059, 1000.000000000000000 ) ;
#3954 = EDGE_CURVE ( 'NONE', #5182, #6021, #5580, .T. ) ;
#3955 = ORIENTED_EDGE ( 'NONE', *, *, #4811, .T. ) ;
#3956 = CARTESIAN_POINT ( 'NONE',  ( -2.000000000000000000, 0.002500000000000000052, 0.3649999999999999911 ) ) ;
#3957 = DIRECTION ( 'NONE',  ( 1.000000000000000000, 0.0000000000000000000, -0.0000000000000000000 ) ) ;
#3958 = EDGE_CURVE ( 'NONE', #6510, #1632, #2799, .T. ) ;
#3959 = VERTEX_POINT ( 'NONE', #1958 ) ;
#3960 =( LENGTH_UNIT ( ) NAMED_UNIT ( * ) SI_UNIT ( .MILLI., .METRE. ) );
#3961 = ORIENTED_EDGE ( 'NONE', *, *, #2826, .T. ) ;
#3962 = PLANE ( 'NONE',  #5667 ) ;
#3963 = EDGE_CURVE ( 'NONE', #966, #2454, #1263, .T. ) ;
#3964 = ADVANCED_FACE ( 'NONE', ( #460 ), #5630, .F. ) ;
#3965 = LINE ( 'NONE', #7406, #8039 ) ;
#3966 = EDGE_LOOP ( 'NONE', ( #6679, #9086, #46, #9050 ) ) ;
#3967 = CARTESIAN_POINT ( 'NONE',  ( 0.8650000000000004352, 1.490150555354787828E-17, -2.001999999999999780 ) ) ;
#3968 = EDGE_LOOP ( 'NONE', ( #7125, #5689, #2476, #2465 ) ) ;
#3969 = CARTESIAN_POINT ( 'NONE',  ( -1.134999999999999787, 0.1999999999999999556, 2.000000000000000000 ) ) ;
#3970 = EDGE_CURVE ( 'NONE', #2813, #4947, #6223, .T. ) ;
#3971 = CARTESIAN_POINT ( 'NONE',  ( 2.000000000000000000, 0.002500000000000000052, -2.000000000000000000 ) ) ;
#3972 = AXIS2_PLACEMENT_3D ( 'NONE', #7970, #3721, #3024 ) ;
#3973 =( NAMED_UNIT ( * ) PLANE_ANGLE_UNIT ( ) SI_UNIT ( $, .RADIAN. ) );
#3974 = SURFACE_SIDE_STYLE ('',( #4055 ) ) ;
#3975 = SURFACE_STYLE_USAGE ( .BOTH. , #1848 ) ;
#3976 = CYLINDRICAL_SURFACE ( 'NONE', #6333, 0.1000000000000000472 ) ;
#3977 = EDGE_CURVE ( 'NONE', #6901, #6258, #7659, .T. ) ;
#3978 = PLANE ( 'NONE',  #6019 ) ;
#3979 = VERTEX_POINT ( 'NONE', #4745 ) ;
#3980 =( NAMED_UNIT ( * ) SI_UNIT ( $, .STERADIAN. ) SOLID_ANGLE_UNIT ( ) );
#3981 = SURFACE_SIDE_STYLE ('',( #3237 ) ) ;
#3982 = EDGE_LOOP ( 'NONE', ( #7884, #285, #8670, #7172 ) ) ;
#3983 = VERTEX_POINT ( 'NONE', #7572 ) ;
#3984 = FILL_AREA_STYLE ('',( #950 ) ) ;
#3985 = DIRECTION ( 'NONE',  ( -0.0000000000000000000, -0.0000000000000000000, -1.000000000000000000 ) ) ;
#3986 = MECHANICAL_DESIGN_GEOMETRIC_PRESENTATION_REPRESENTATION (  '', ( #4867 ), #7102 ) ;
#3987 = CARTESIAN_POINT ( 'NONE',  ( -2.000000000000000000, 0.002500000000000000052, -2.000000000000000000 ) ) ;
#3988 =( NAMED_UNIT ( * ) SI_UNIT ( $, .STERADIAN. ) SOLID_ANGLE_UNIT ( ) );
#3989 = PLANE ( 'NONE',  #4645 ) ;
#3990 = PLANE ( 'NONE',  #2610 ) ;
#3991 = DIRECTION ( 'NONE',  ( -1.000000000000000000, 0.0000000000000000000, 0.0000000000000000000 ) ) ;
#3992 = COLOUR_RGB ( '',1.000000000000000000, 1.000000000000000000, 1.000000000000000000 ) ;
#3993 = COLOUR_RGB ( '',1.000000000000000000, 1.000000000000000000, 1.000000000000000000 ) ;
#3994 = PLANE ( 'NONE',  #2398 ) ;
#3995 = VECTOR ( 'NONE', #7176, 1000.000000000000000 ) ;
#3996 = DIRECTION ( 'NONE',  ( 0.0000000000000000000, -1.000000000000000000, 0.0000000000000000000 ) ) ;
#3997 = ORIENTED_EDGE ( 'NONE', *, *, #1029, .T. ) ;
#3998 = AXIS2_PLACEMENT_3D ( 'NONE', #7466, #3229, #1235 ) ;
#3999 =( LENGTH_UNIT ( ) NAMED_UNIT ( * ) SI_UNIT ( .MILLI., .METRE. ) );
#4000 = ORIENTED_EDGE ( 'NONE', *, *, #8805, .T. ) ;
#4001 = SURFACE_STYLE_USAGE ( .BOTH. , #2062 ) ;
#4002 = STYLED_ITEM ( 'NONE', ( #2075 ), #1591 ) ;
#4003 = CARTESIAN_POINT ( 'NONE',  ( 2.000000000000000000, 0.002500000000000000052, 0.8649999999999998801 ) ) ;
#4004 = EDGE_CURVE ( 'NONE', #8497, #2260, #6441, .T. ) ;
#4005 = FILL_AREA_STYLE_COLOUR ( '', #4774 ) ;
#4006 = COLOUR_RGB ( '',1.000000000000000000, 1.000000000000000000, 1.000000000000000000 ) ;
#4007 =( NAMED_UNIT ( * ) SI_UNIT ( $, .STERADIAN. ) SOLID_ANGLE_UNIT ( ) );
#4008 = CARTESIAN_POINT ( 'NONE',  ( 1.135000000000000453, 0.2000000000000000389, 2.000000000000000000 ) ) ;
#4009 = ORIENTED_EDGE ( 'NONE', *, *, #2050, .T. ) ;
#4010 = SURFACE_STYLE_USAGE ( .BOTH. , #6667 ) ;
#4011 = ORIENTED_EDGE ( 'NONE', *, *, #649, .T. ) ;
#4012 =( NAMED_UNIT ( * ) SI_UNIT ( $, .STERADIAN. ) SOLID_ANGLE_UNIT ( ) );
#4013 = STYLED_ITEM ( 'NONE', ( #9139 ), #1833 ) ;
#4014 = CARTESIAN_POINT ( 'NONE',  ( -2.000000000000000000, 0.002500000000000000052, 2.000000000000000000 ) ) ;
#4015 = STYLED_ITEM ( 'NONE', ( #1831 ), #8537 ) ;
#4016 = EDGE_CURVE ( 'NONE', #8971, #1637, #5485, .T. ) ;
#4017 = ADVANCED_FACE ( 'NONE', ( #2060 ), #7015, .T. ) ;
#4018 = DIRECTION ( 'NONE',  ( -0.0000000000000000000, -1.000000000000000000, -0.0000000000000000000 ) ) ;
#4019 = VECTOR ( 'NONE', #2300, 1000.000000000000000 ) ;
#4020 = ADVANCED_FACE ( 'NONE', ( #4968 ), #1540, .F. ) ;
#4021 =( LENGTH_UNIT ( ) NAMED_UNIT ( * ) SI_UNIT ( .MILLI., .METRE. ) );
#4022 = LINE ( 'NONE', #2727, #7955 ) ;
#4023 = ORIENTED_EDGE ( 'NONE', *, *, #616, .F. ) ;
#4024 =( LENGTH_UNIT ( ) NAMED_UNIT ( * ) SI_UNIT ( .MILLI., .METRE. ) );
#4025 = DIRECTION ( 'NONE',  ( -1.000000000000000000, 0.0000000000000000000, -2.710505431213761578E-16 ) ) ;
#4026 = ORIENTED_EDGE ( 'NONE', *, *, #4486, .F. ) ;
#4027 = ORIENTED_EDGE ( 'NONE', *, *, #4169, .T. ) ;
#4028 = DIRECTION ( 'NONE',  ( 0.0000000000000000000, 0.0000000000000000000, -1.000000000000000000 ) ) ;
#4029 = EDGE_CURVE ( 'NONE', #1803, #7476, #130, .T. ) ;
#4030 = FILL_AREA_STYLE_COLOUR ( '', #7518 ) ;
#4031 =( GEOMETRIC_REPRESENTATION_CONTEXT ( 3 ) GLOBAL_UNCERTAINTY_ASSIGNED_CONTEXT ( ( #496 ) ) GLOBAL_UNIT_ASSIGNED_CONTEXT ( ( #8591, #1610, #7239 ) ) REPRESENTATION_CONTEXT ( 'NONE', 'WORKASPACE' ) );
#4032 = DIRECTION ( 'NONE',  ( -1.000000000000000000, 0.0000000000000000000, -0.0000000000000000000 ) ) ;
#4033 = UNCERTAINTY_MEASURE_WITH_UNIT (LENGTH_MEASURE( 1.000000000000000082E-05 ), #6736, 'distance_accuracy_value', 'NONE');
#4034 = CARTESIAN_POINT ( 'NONE',  ( -1.600000000000000089, 0.0000000000000000000, -1.135000000000000009 ) ) ;
#4035 = PLANE ( 'NONE',  #2682 ) ;
#4036 = SURFACE_STYLE_USAGE ( .BOTH. , #8982 ) ;
#4037 = SURFACE_STYLE_USAGE ( .BOTH. , #7565 ) ;
#4038 = STYLED_ITEM ( 'NONE', ( #6366 ), #9172 ) ;
#4039 =( NAMED_UNIT ( * ) PLANE_ANGLE_UNIT ( ) SI_UNIT ( $, .RADIAN. ) );
#4040 = CARTESIAN_POINT ( 'NONE',  ( 0.1350000000000003419, 0.2000000000000000111, 2.000000000000000000 ) ) ;
#4041 = UNCERTAINTY_MEASURE_WITH_UNIT (LENGTH_MEASURE( 1.000000000000000082E-05 ), #4728, 'distance_accuracy_value', 'NONE');
#4042 = ORIENTED_EDGE ( 'NONE', *, *, #1579, .F. ) ;
#4043 = VECTOR ( 'NONE', #4521, 1000.000000000000000 ) ;
#4044 = DIRECTION ( 'NONE',  ( 0.0000000000000000000, -1.000000000000000000, 0.0000000000000000000 ) ) ;
#4045 =( LENGTH_UNIT ( ) NAMED_UNIT ( * ) SI_UNIT ( .MILLI., .METRE. ) );
#4046 = SURFACE_SIDE_STYLE ('',( #3385 ) ) ;
#4047 = ORIENTED_EDGE ( 'NONE', *, *, #1649, .T. ) ;
#4048 =( GEOMETRIC_REPRESENTATION_CONTEXT ( 3 ) GLOBAL_UNCERTAINTY_ASSIGNED_CONTEXT ( ( #5164 ) ) GLOBAL_UNIT_ASSIGNED_CONTEXT ( ( #2208, #7067, #5126 ) ) REPRESENTATION_CONTEXT ( 'NONE', 'WORKASPACE' ) );
#4049 = CARTESIAN_POINT ( 'NONE',  ( -2.001999999999999780, 0.2025000000000000133, -0.1350000000000001477 ) ) ;
#4050 = CARTESIAN_POINT ( 'NONE',  ( -0.6349999999999995648, 0.002499999999999970562, 2.000000000000000000 ) ) ;
#4051 = PRESENTATION_STYLE_ASSIGNMENT (( #2675 ) ) ;
#4052 = EDGE_LOOP ( 'NONE', ( #6756, #8626, #8484, #7226 ) ) ;
#4053 = DIRECTION ( 'NONE',  ( 0.0000000000000000000, -1.000000000000000000, -0.0000000000000000000 ) ) ;
#4054 = DIRECTION ( 'NONE',  ( 0.0000000000000000000, 0.0000000000000000000, -1.000000000000000000 ) ) ;
#4055 = SURFACE_STYLE_FILL_AREA ( #1932 ) ;
#4056 = SURFACE_SIDE_STYLE ('',( #2030 ) ) ;
#4057 =( NAMED_UNIT ( * ) SI_UNIT ( $, .STERADIAN. ) SOLID_ANGLE_UNIT ( ) );
#4058 = PLANE ( 'NONE',  #6918 ) ;
#4059 = ORIENTED_EDGE ( 'NONE', *, *, #7745, .F. ) ;
#4060 = EDGE_CURVE ( 'NONE', #5923, #6529, #1585, .T. ) ;
#4061 = DIRECTION ( 'NONE',  ( -1.000000000000000000, 0.0000000000000000000, -0.0000000000000000000 ) ) ;
#4062 = ORIENTED_EDGE ( 'NONE', *, *, #1991, .F. ) ;
#4063 = LINE ( 'NONE', #5464, #8607 ) ;
#4064 = ORIENTED_EDGE ( 'NONE', *, *, #907, .F. ) ;
#4065 = ADVANCED_FACE ( 'NONE', ( #6552 ), #180, .F. ) ;
#4066 = LINE ( 'NONE', #8269, #4282 ) ;
#4067 =( LENGTH_UNIT ( ) NAMED_UNIT ( * ) SI_UNIT ( .MILLI., .METRE. ) );
#4068 = STYLED_ITEM ( 'NONE', ( #363 ), #3920 ) ;
#4069 = LINE ( 'NONE', #3561, #6013 ) ;
#4070 = PRESENTATION_STYLE_ASSIGNMENT (( #4730 ) ) ;
#4071 = EDGE_CURVE ( 'NONE', #3156, #4181, #6782, .T. ) ;
#4072 = FILL_AREA_STYLE ('',( #3831 ) ) ;
#4073 = SURFACE_SIDE_STYLE ('',( #7003 ) ) ;
#4074 = MECHANICAL_DESIGN_GEOMETRIC_PRESENTATION_REPRESENTATION (  '', ( #5704 ), #2016 ) ;
#4075 = FILL_AREA_STYLE ('',( #3327 ) ) ;
#4076 =( GEOMETRIC_REPRESENTATION_CONTEXT ( 3 ) GLOBAL_UNCERTAINTY_ASSIGNED_CONTEXT ( ( #2386 ) ) GLOBAL_UNIT_ASSIGNED_CONTEXT ( ( #3467, #4955, #6400 ) ) REPRESENTATION_CONTEXT ( 'NONE', 'WORKASPACE' ) );
#4077 =( LENGTH_UNIT ( ) NAMED_UNIT ( * ) SI_UNIT ( .MILLI., .METRE. ) );
#4078 = FACE_OUTER_BOUND ( 'NONE', #1331, .T. ) ;
#4079 = MECHANICAL_DESIGN_GEOMETRIC_PRESENTATION_REPRESENTATION (  '', ( #6915 ), #3946 ) ;
#4080 = MECHANICAL_DESIGN_GEOMETRIC_PRESENTATION_REPRESENTATION (  '', ( #2901 ), #75 ) ;
#4081 =( NAMED_UNIT ( * ) PLANE_ANGLE_UNIT ( ) SI_UNIT ( $, .RADIAN. ) );
#4082 = EDGE_LOOP ( 'NONE', ( #733, #8010, #5640, #3304 ) ) ;
#4083 =( NAMED_UNIT ( * ) PLANE_ANGLE_UNIT ( ) SI_UNIT ( $, .RADIAN. ) );
#4084 = ORIENTED_EDGE ( 'NONE', *, *, #8242, .T. ) ;
#4085 = PLANE ( 'NONE',  #3873 ) ;
#4086 = COLOUR_RGB ( '',1.000000000000000000, 1.000000000000000000, 1.000000000000000000 ) ;
#4087 = AXIS2_PLACEMENT_3D ( 'NONE', #7388, #8794, #6777 ) ;
#4088 = PRESENTATION_LAYER_ASSIGNMENT (  '', '', ( #5725 ) ) ;
#4089 = PRESENTATION_STYLE_ASSIGNMENT (( #1267 ) ) ;
#4090 = CARTESIAN_POINT ( 'NONE',  ( 0.1350000000000003419, 0.0000000000000000000, 2.000000000000000000 ) ) ;
#4091 = PLANE ( 'NONE',  #5103 ) ;
#4092 =( NAMED_UNIT ( * ) PLANE_ANGLE_UNIT ( ) SI_UNIT ( $, .RADIAN. ) );
#4093 = VECTOR ( 'NONE', #8425, 1000.000000000000000 ) ;
#4094 = ORIENTED_EDGE ( 'NONE', *, *, #832, .F. ) ;
#4095 = DIRECTION ( 'NONE',  ( 0.0000000000000000000, 0.0000000000000000000, -1.000000000000000000 ) ) ;
#4096 = LINE ( 'NONE', #2679, #7932 ) ;
#4097 = CARTESIAN_POINT ( 'NONE',  ( 2.001999999999999780, 0.2025000000000000133, -0.6350000000000001199 ) ) ;
#4098 = STYLED_ITEM ( 'NONE', ( #764 ), #6470 ) ;
#4099 = DIRECTION ( 'NONE',  ( -0.0000000000000000000, -0.0000000000000000000, 1.000000000000000000 ) ) ;
#4100 = EDGE_LOOP ( 'NONE', ( #2554, #1239, #6156, #9089 ) ) ;
#4101 =( NAMED_UNIT ( * ) PLANE_ANGLE_UNIT ( ) SI_UNIT ( $, .RADIAN. ) );
#4102 = SURFACE_STYLE_USAGE ( .BOTH. , #5512 ) ;
#4103 = VERTEX_POINT ( 'NONE', #271 ) ;
#4104 = DIRECTION ( 'NONE',  ( -0.0000000000000000000, -1.000000000000000000, -0.0000000000000000000 ) ) ;
#4105 = FACE_OUTER_BOUND ( 'NONE', #5390, .T. ) ;
#4106 = STYLED_ITEM ( 'NONE', ( #4835 ), #6633 ) ;
#4107 = ORIENTED_EDGE ( 'NONE', *, *, #1698, .T. ) ;
#4108 = LINE ( 'NONE', #8227, #8267 ) ;
#4109 = CARTESIAN_POINT ( 'NONE',  ( 2.001999999999999780, 0.2025000000000000133, -1.365000000000000213 ) ) ;
#4110 = UNCERTAINTY_MEASURE_WITH_UNIT (LENGTH_MEASURE( 1.000000000000000082E-05 ), #745, 'distance_accuracy_value', 'NONE');
#4111 = EDGE_CURVE ( 'NONE', #3808, #6410, #4468, .T. ) ;
#4112 = UNCERTAINTY_MEASURE_WITH_UNIT (LENGTH_MEASURE( 1.000000000000000082E-05 ), #4457, 'distance_accuracy_value', 'NONE');
#4113 = CARTESIAN_POINT ( 'NONE',  ( -0.1349999999999995925, 0.002499999999999998317, -1.600000000000000089 ) ) ;
#4114 = DIRECTION ( 'NONE',  ( 0.0000000000000000000, 0.0000000000000000000, -1.000000000000000000 ) ) ;
#4115 = MECHANICAL_DESIGN_GEOMETRIC_PRESENTATION_REPRESENTATION (  '', ( #4421 ), #563 ) ;
#4116 = PRESENTATION_STYLE_ASSIGNMENT (( #1172 ) ) ;
#4117 = ORIENTED_EDGE ( 'NONE', *, *, #6967, .T. ) ;
#4118 = ADVANCED_FACE ( 'NONE', ( #6690 ), #993, .T. ) ;
#4119 = LINE ( 'NONE', #455, #6383 ) ;
#4120 = ADVANCED_FACE ( 'NONE', ( #5249 ), #5383, .F. ) ;
#4121 = SURFACE_SIDE_STYLE ('',( #7052 ) ) ;
#4122 =( LENGTH_UNIT ( ) NAMED_UNIT ( * ) SI_UNIT ( .MILLI., .METRE. ) );
#4123 = EDGE_CURVE ( 'NONE', #1264, #7476, #4865, .T. ) ;
#4124 = UNCERTAINTY_MEASURE_WITH_UNIT (LENGTH_MEASURE( 1.000000000000000082E-05 ), #1126, 'distance_accuracy_value', 'NONE');
#4125 = ORIENTED_EDGE ( 'NONE', *, *, #6175, .T. ) ;
#4126 = DIRECTION ( 'NONE',  ( 0.0000000000000000000, 0.0000000000000000000, 1.000000000000000000 ) ) ;
#4127 = DIRECTION ( 'NONE',  ( 1.000000000000000000, -0.0000000000000000000, -0.0000000000000000000 ) ) ;
#4128 = DIRECTION ( 'NONE',  ( -1.000000000000000000, 0.0000000000000000000, -0.0000000000000000000 ) ) ;
#4129 =( GEOMETRIC_REPRESENTATION_CONTEXT ( 3 ) GLOBAL_UNCERTAINTY_ASSIGNED_CONTEXT ( ( #291 ) ) GLOBAL_UNIT_ASSIGNED_CONTEXT ( ( #4067, #6909, #6954 ) ) REPRESENTATION_CONTEXT ( 'NONE', 'WORKASPACE' ) );
#4130 = ORIENTED_EDGE ( 'NONE', *, *, #3579, .T. ) ;
#4131 = PRESENTATION_LAYER_ASSIGNMENT (  '', '', ( #8116 ) ) ;
#4132 = DIRECTION ( 'NONE',  ( 0.0000000000000000000, 1.000000000000000000, 0.0000000000000000000 ) ) ;
#4133 = ADVANCED_FACE ( 'NONE', ( #499 ), #3375, .T. ) ;
#4134 = CARTESIAN_POINT ( 'NONE',  ( -2.001999999999999780, 0.2025000000000000133, 0.3649999999999998801 ) ) ;
#4135 =( GEOMETRIC_REPRESENTATION_CONTEXT ( 3 ) GLOBAL_UNCERTAINTY_ASSIGNED_CONTEXT ( ( #126 ) ) GLOBAL_UNIT_ASSIGNED_CONTEXT ( ( #7506, #6804, #8961 ) ) REPRESENTATION_CONTEXT ( 'NONE', 'WORKASPACE' ) );
#4136 = ADVANCED_FACE ( 'NONE', ( #6208 ), #3990, .F. ) ;
#4137 =( GEOMETRIC_REPRESENTATION_CONTEXT ( 3 ) GLOBAL_UNCERTAINTY_ASSIGNED_CONTEXT ( ( #8377 ) ) GLOBAL_UNIT_ASSIGNED_CONTEXT ( ( #8136, #1294, #7597 ) ) REPRESENTATION_CONTEXT ( 'NONE', 'WORKASPACE' ) );
#4138 = FILL_AREA_STYLE ('',( #7157 ) ) ;
#4139 = ORIENTED_EDGE ( 'NONE', *, *, #8937, .T. ) ;
#4140 = MECHANICAL_DESIGN_GEOMETRIC_PRESENTATION_REPRESENTATION (  '', ( #7418 ), #5335 ) ;
#4141 = PLANE ( 'NONE',  #3814 ) ;
#4142 = VERTEX_POINT ( 'NONE', #4820 ) ;
#4143 = PRESENTATION_LAYER_ASSIGNMENT (  '', '', ( #419 ) ) ;
#4144 = PRESENTATION_LAYER_ASSIGNMENT (  '', '', ( #7561 ) ) ;
#4145 = CARTESIAN_POINT ( 'NONE',  ( -0.3649999999999996581, 0.1999999999999999833, 2.001999999999999780 ) ) ;
#4146 = SURFACE_STYLE_FILL_AREA ( #1199 ) ;
#4147 = DIRECTION ( 'NONE',  ( -1.000000000000000000, 0.0000000000000000000, -0.0000000000000000000 ) ) ;
#4148 = ORIENTED_EDGE ( 'NONE', *, *, #321, .T. ) ;
#4149 = VECTOR ( 'NONE', #3544, 1000.000000000000000 ) ;
#4150 = CARTESIAN_POINT ( 'NONE',  ( 0.8650000000000004352, 0.2000000000000000389, -2.000000000000000000 ) ) ;
#4151 = LINE ( 'NONE', #6992, #7501 ) ;
#4152 = ORIENTED_EDGE ( 'NONE', *, *, #7968, .F. ) ;
#4153 =( NAMED_UNIT ( * ) PLANE_ANGLE_UNIT ( ) SI_UNIT ( $, .RADIAN. ) );
#4154 = COLOUR_RGB ( '',1.000000000000000000, 1.000000000000000000, 1.000000000000000000 ) ;
#4155 = ORIENTED_EDGE ( 'NONE', *, *, #3977, .F. ) ;
#4156 = PLANE ( 'NONE',  #6965 ) ;
#4157 = PRESENTATION_LAYER_ASSIGNMENT (  '', '', ( #7860 ) ) ;
#4158 = PRESENTATION_STYLE_ASSIGNMENT (( #634 ) ) ;
#4159 = FACE_OUTER_BOUND ( 'NONE', #4450, .T. ) ;
#4160 = CARTESIAN_POINT ( 'NONE',  ( 1.135000000000000453, 0.002500000000000033445, 2.000000000000000000 ) ) ;
#4161 = VECTOR ( 'NONE', #1221, 1000.000000000000000 ) ;
#4162 = ORIENTED_EDGE ( 'NONE', *, *, #321, .F. ) ;
#4163 = EDGE_LOOP ( 'NONE', ( #1512, #3616, #8875, #4966 ) ) ;
#4164 = MECHANICAL_DESIGN_GEOMETRIC_PRESENTATION_REPRESENTATION (  '', ( #2994 ), #8772 ) ;
#4165 =( GEOMETRIC_REPRESENTATION_CONTEXT ( 3 ) GLOBAL_UNCERTAINTY_ASSIGNED_CONTEXT ( ( #30 ) ) GLOBAL_UNIT_ASSIGNED_CONTEXT ( ( #8087, #5831, #5151 ) ) REPRESENTATION_CONTEXT ( 'NONE', 'WORKASPACE' ) );
#4166 = CARTESIAN_POINT ( 'NONE',  ( 1.250000000000000000, 0.0005000000000000003357, -1.250000000000000000 ) ) ;
#4167 = ORIENTED_EDGE ( 'NONE', *, *, #9177, .T. ) ;
#4168 = CARTESIAN_POINT ( 'NONE',  ( -2.000000000000000000, 0.002500000000000000052, -0.1350000000000000089 ) ) ;
#4169 = EDGE_CURVE ( 'NONE', #3808, #8601, #7649, .T. ) ;
#4170 = DIRECTION ( 'NONE',  ( 0.0000000000000000000, 0.0000000000000000000, 1.000000000000000000 ) ) ;
#4171 = CARTESIAN_POINT ( 'NONE',  ( 2.000000000000000000, 0.2025000000000000133, 0.6349999999999998979 ) ) ;
#4172 = EDGE_CURVE ( 'NONE', #4387, #484, #1217, .T. ) ;
#4173 = MECHANICAL_DESIGN_GEOMETRIC_PRESENTATION_REPRESENTATION (  '', ( #2273 ), #7465 ) ;
#4174 = COLOUR_RGB ( '',1.000000000000000000, 1.000000000000000000, 1.000000000000000000 ) ;
#4175 = ORIENTED_EDGE ( 'NONE', *, *, #7138, .F. ) ;
#4176 = PRESENTATION_STYLE_ASSIGNMENT (( #3588 ) ) ;
#4177 =( GEOMETRIC_REPRESENTATION_CONTEXT ( 3 ) GLOBAL_UNCERTAINTY_ASSIGNED_CONTEXT ( ( #2824 ) ) GLOBAL_UNIT_ASSIGNED_CONTEXT ( ( #7462, #5315, #3180 ) ) REPRESENTATION_CONTEXT ( 'NONE', 'WORKASPACE' ) );
#4178 = MECHANICAL_DESIGN_GEOMETRIC_PRESENTATION_REPRESENTATION (  '', ( #939 ), #3010 ) ;
#4179 = PLANE ( 'NONE',  #447 ) ;
#4180 = DIRECTION ( 'NONE',  ( 0.0000000000000000000, -0.0000000000000000000, -1.000000000000000000 ) ) ;
#4181 = VERTEX_POINT ( 'NONE', #2653 ) ;
#4182 = PRESENTATION_STYLE_ASSIGNMENT (( #4273 ) ) ;
#4183 = DIRECTION ( 'NONE',  ( 1.000000000000000000, 0.0000000000000000000, 0.0000000000000000000 ) ) ;
#4184 = ORIENTED_EDGE ( 'NONE', *, *, #5256, .T. ) ;
#4185 = EDGE_CURVE ( 'NONE', #1601, #7356, #8277, .T. ) ;
#4186 = MECHANICAL_DESIGN_GEOMETRIC_PRESENTATION_REPRESENTATION (  '', ( #3162 ), #4346 ) ;
#4187 = EDGE_CURVE ( 'NONE', #3771, #3548, #6402, .T. ) ;
#4188 = DIRECTION ( 'NONE',  ( 0.0000000000000000000, 0.0000000000000000000, -1.000000000000000000 ) ) ;
#4189 = DIRECTION ( 'NONE',  ( 0.0000000000000000000, -1.000000000000000000, 0.0000000000000000000 ) ) ;
#4190 = SURFACE_STYLE_FILL_AREA ( #7900 ) ;
#4191 = CARTESIAN_POINT ( 'NONE',  ( 2.000000000000000000, 0.0000000000000000000, -0.6350000000000000089 ) ) ;
#4192 = ORIENTED_EDGE ( 'NONE', *, *, #4596, .F. ) ;
#4193 =( LENGTH_UNIT ( ) NAMED_UNIT ( * ) SI_UNIT ( .MILLI., .METRE. ) );
#4194 = PRESENTATION_STYLE_ASSIGNMENT (( #4102 ) ) ;
#4195 = EDGE_LOOP ( 'NONE', ( #608, #2807, #3224, #5279 ) ) ;
#4196 = SURFACE_STYLE_USAGE ( .BOTH. , #2731 ) ;
#4197 = SURFACE_STYLE_USAGE ( .BOTH. , #6158 ) ;
#4198 = FILL_AREA_STYLE_COLOUR ( '', #4006 ) ;
#4199 = CARTESIAN_POINT ( 'NONE',  ( -2.000000000000000000, 0.0000000000000000000, -0.3649999999999999911 ) ) ;
#4200 = UNCERTAINTY_MEASURE_WITH_UNIT (LENGTH_MEASURE( 1.000000000000000082E-05 ), #6718, 'distance_accuracy_value', 'NONE');
#4201 = SURFACE_SIDE_STYLE ('',( #1901 ) ) ;
#4202 = DIRECTION ( 'NONE',  ( -0.0000000000000000000, -0.0000000000000000000, -1.000000000000000000 ) ) ;
#4203 = ORIENTED_EDGE ( 'NONE', *, *, #4354, .F. ) ;
#4204 = EDGE_LOOP ( 'NONE', ( #8550, #2152, #8825, #9155, #2776, #7278 ) ) ;
#4205 = PRESENTATION_STYLE_ASSIGNMENT (( #1436 ) ) ;
#4206 = DIRECTION ( 'NONE',  ( 0.0000000000000000000, 0.0000000000000000000, 1.000000000000000000 ) ) ;
#4207 = UNCERTAINTY_MEASURE_WITH_UNIT (LENGTH_MEASURE( 1.000000000000000082E-05 ), #7959, 'distance_accuracy_value', 'NONE');
#4208 =( NAMED_UNIT ( * ) PLANE_ANGLE_UNIT ( ) SI_UNIT ( $, .RADIAN. ) );
#4209 = UNCERTAINTY_MEASURE_WITH_UNIT (LENGTH_MEASURE( 1.000000000000000082E-05 ), #3355, 'distance_accuracy_value', 'NONE');
#4210 =( GEOMETRIC_REPRESENTATION_CONTEXT ( 3 ) GLOBAL_UNCERTAINTY_ASSIGNED_CONTEXT ( ( #9024 ) ) GLOBAL_UNIT_ASSIGNED_CONTEXT ( ( #3767, #8551, #6592 ) ) REPRESENTATION_CONTEXT ( 'NONE', 'WORKASPACE' ) );
#4211 =( NAMED_UNIT ( * ) PLANE_ANGLE_UNIT ( ) SI_UNIT ( $, .RADIAN. ) );
#4212 = ORIENTED_EDGE ( 'NONE', *, *, #8306, .F. ) ;
#4213 = LINE ( 'NONE', #7059, #3820 ) ;
#4214 = PRESENTATION_STYLE_ASSIGNMENT (( #6455 ) ) ;
#4215 = ORIENTED_EDGE ( 'NONE', *, *, #5444, .T. ) ;
#4216 = AXIS2_PLACEMENT_3D ( 'NONE', #1348, #8938, #637 ) ;
#4217 = PRESENTATION_LAYER_ASSIGNMENT (  '', '', ( #9102 ) ) ;
#4218 = EDGE_CURVE ( 'NONE', #6041, #84, #5659, .T. ) ;
#4219 = DIRECTION ( 'NONE',  ( -0.0000000000000000000, 1.000000000000000000, -0.0000000000000000000 ) ) ;
#4220 = ORIENTED_EDGE ( 'NONE', *, *, #1994, .F. ) ;
#4221 = EDGE_CURVE ( 'NONE', #2702, #3190, #5869, .T. ) ;
#4222 =( LENGTH_UNIT ( ) NAMED_UNIT ( * ) SI_UNIT ( .MILLI., .METRE. ) );
#4223 = VECTOR ( 'NONE', #6848, 1000.000000000000000 ) ;
#4224 = SURFACE_SIDE_STYLE ('',( #7755 ) ) ;
#4225 = EDGE_LOOP ( 'NONE', ( #2024, #7047, #5619, #1290 ) ) ;
#4226 = VECTOR ( 'NONE', #1500, 1000.000000000000000 ) ;
#4227 = LINE ( 'NONE', #5644, #4981 ) ;
#4228 = STYLED_ITEM ( 'NONE', ( #7420 ), #4977 ) ;
#4229 = CARTESIAN_POINT ( 'NONE',  ( -2.000000000000000000, 0.002500000000000000052, 1.135000000000000231 ) ) ;
#4230 = EDGE_CURVE ( 'NONE', #1119, #6753, #6671, .T. ) ;
#4231 = DIRECTION ( 'NONE',  ( 1.000000000000000000, 0.0000000000000000000, 4.065758146820642614E-16 ) ) ;
#4232 = ADVANCED_FACE ( 'NONE', ( #2144 ), #3568, .F. ) ;
#4233 = SURFACE_SIDE_STYLE ('',( #1376 ) ) ;
#4234 =( NAMED_UNIT ( * ) PLANE_ANGLE_UNIT ( ) SI_UNIT ( $, .RADIAN. ) );
#4235 = ORIENTED_EDGE ( 'NONE', *, *, #6853, .F. ) ;
#4236 = EDGE_CURVE ( 'NONE', #2537, #8834, #1612, .T. ) ;
#4237 = FILL_AREA_STYLE ('',( #8588 ) ) ;
#4238 = FILL_AREA_STYLE ('',( #4805 ) ) ;
#4239 = ORIENTED_EDGE ( 'NONE', *, *, #6632, .T. ) ;
#4240 = PLANE ( 'NONE',  #8831 ) ;
#4241 = CARTESIAN_POINT ( 'NONE',  ( -1.134999999999999787, 0.1999999999999999556, 2.000000000000000000 ) ) ;
#4242 = VECTOR ( 'NONE', #1569, 1000.000000000000000 ) ;
#4243 = STYLED_ITEM ( 'NONE', ( #5868 ), #5654 ) ;
#4244 = DIRECTION ( 'NONE',  ( -1.000000000000000000, 0.0000000000000000000, -0.0000000000000000000 ) ) ;
#4245 = EDGE_CURVE ( 'NONE', #6479, #441, #5240, .T. ) ;
#4246 = STYLED_ITEM ( 'NONE', ( #2793 ), #4641 ) ;
#4247 =( LENGTH_UNIT ( ) NAMED_UNIT ( * ) SI_UNIT ( .MILLI., .METRE. ) );
#4248 = FILL_AREA_STYLE ('',( #2326 ) ) ;
#4249 =( GEOMETRIC_REPRESENTATION_CONTEXT ( 3 ) GLOBAL_UNCERTAINTY_ASSIGNED_CONTEXT ( ( #8017 ) ) GLOBAL_UNIT_ASSIGNED_CONTEXT ( ( #2031, #2684, #4057 ) ) REPRESENTATION_CONTEXT ( 'NONE', 'WORKASPACE' ) );
#4250 = LINE ( 'NONE', #2741, #658 ) ;
#4251 = SURFACE_STYLE_USAGE ( .BOTH. , #3468 ) ;
#4252 = DIRECTION ( 'NONE',  ( -0.0000000000000000000, -1.000000000000000000, -0.0000000000000000000 ) ) ;
#4253 = ORIENTED_EDGE ( 'NONE', *, *, #8647, .T. ) ;
#4254 = FILL_AREA_STYLE_COLOUR ( '', #948 ) ;
#4255 = ORIENTED_EDGE ( 'NONE', *, *, #7075, .T. ) ;
#4256 = VECTOR ( 'NONE', #8042, 1000.000000000000000 ) ;
#4257 = FILL_AREA_STYLE_COLOUR ( '', #2073 ) ;
#4258 = DIRECTION ( 'NONE',  ( 1.000000000000000000, 0.0000000000000000000, 0.0000000000000000000 ) ) ;
#4259 = DIRECTION ( 'NONE',  ( 0.0000000000000000000, -1.000000000000000000, 0.0000000000000000000 ) ) ;
#4260 = AXIS2_PLACEMENT_3D ( 'NONE', #3159, #3902, #2651 ) ;
#4261 = DIRECTION ( 'NONE',  ( 0.0000000000000000000, -0.0000000000000000000, -1.000000000000000000 ) ) ;
#4262 = ORIENTED_EDGE ( 'NONE', *, *, #8578, .T. ) ;
#4263 = CARTESIAN_POINT ( 'NONE',  ( -1.600000000000000089, 0.0000000000000000000, 0.3649999999999999911 ) ) ;
#4264 = COLOUR_RGB ( '',1.000000000000000000, 1.000000000000000000, 1.000000000000000000 ) ;
#4265 =( NAMED_UNIT ( * ) SI_UNIT ( $, .STERADIAN. ) SOLID_ANGLE_UNIT ( ) );
#4266 =( NAMED_UNIT ( * ) SI_UNIT ( $, .STERADIAN. ) SOLID_ANGLE_UNIT ( ) );
#4267 = EDGE_LOOP ( 'NONE', ( #702, #2642, #8078, #4919 ) ) ;
#4268 = SURFACE_SIDE_STYLE ('',( #85 ) ) ;
#4269 = FACE_OUTER_BOUND ( 'NONE', #625, .T. ) ;
#4270 = LINE ( 'NONE', #5026, #3268 ) ;
#4271 = EDGE_LOOP ( 'NONE', ( #1189, #3293, #2831, #4632 ) ) ;
#4272 = STYLED_ITEM ( 'NONE', ( #2951 ), #901 ) ;
#4273 = SURFACE_STYLE_USAGE ( .BOTH. , #3685 ) ;
#4274 = STYLED_ITEM ( 'NONE', ( #6929 ), #94 ) ;
#4275 = DIRECTION ( 'NONE',  ( 0.0000000000000000000, 0.0000000000000000000, 1.000000000000000000 ) ) ;
#4276 = VERTEX_POINT ( 'NONE', #8048 ) ;
#4277 = DIRECTION ( 'NONE',  ( 1.000000000000000000, -0.0000000000000000000, -0.0000000000000000000 ) ) ;
#4278 = CARTESIAN_POINT ( 'NONE',  ( -2.000000000000000000, 0.002500000000000000052, -1.364999999999999991 ) ) ;
#4279 = DIRECTION ( 'NONE',  ( -1.000000000000000000, -0.0000000000000000000, -0.0000000000000000000 ) ) ;
#4280 = ADVANCED_FACE ( 'NONE', ( #298, #1710 ), #680, .F. ) ;
#4281 =( GEOMETRIC_REPRESENTATION_CONTEXT ( 3 ) GLOBAL_UNCERTAINTY_ASSIGNED_CONTEXT ( ( #5703 ) ) GLOBAL_UNIT_ASSIGNED_CONTEXT ( ( #2560, #7557, #7519 ) ) REPRESENTATION_CONTEXT ( 'NONE', 'WORKASPACE' ) );
#4282 = VECTOR ( 'NONE', #6122, 1000.000000000000000 ) ;
#4283 =( NAMED_UNIT ( * ) PLANE_ANGLE_UNIT ( ) SI_UNIT ( $, .RADIAN. ) );
#4284 = PRESENTATION_STYLE_ASSIGNMENT (( #710 ) ) ;
#4285 = VECTOR ( 'NONE', #5037, 1000.000000000000000 ) ;
#4286 = DIRECTION ( 'NONE',  ( 0.0000000000000000000, 0.0000000000000000000, 1.000000000000000000 ) ) ;
#4287 = SURFACE_STYLE_FILL_AREA ( #863 ) ;
#4288 = VERTEX_POINT ( 'NONE', #2631 ) ;
#4289 = CARTESIAN_POINT ( 'NONE',  ( -2.001999999999999780, 0.2025000000000000133, -1.135000000000000231 ) ) ;
#4290 = EDGE_LOOP ( 'NONE', ( #4262, #2147, #1880, #6648 ) ) ;
#4291 = SURFACE_STYLE_FILL_AREA ( #3705 ) ;
#4292 =( LENGTH_UNIT ( ) NAMED_UNIT ( * ) SI_UNIT ( .MILLI., .METRE. ) );
#4293 = COLOUR_RGB ( '',1.000000000000000000, 1.000000000000000000, 1.000000000000000000 ) ;
#4294 = ADVANCED_FACE ( 'NONE', ( #3307 ), #1752, .F. ) ;
#4295 = EDGE_CURVE ( 'NONE', #2034, #6977, #6110, .T. ) ;
#4296 = VECTOR ( 'NONE', #9133, 1000.000000000000000 ) ;
#4297 = VECTOR ( 'NONE', #8111, 1000.000000000000000 ) ;
#4298 = SURFACE_SIDE_STYLE ('',( #5609 ) ) ;
#4299 = COLOUR_RGB ( '',1.000000000000000000, 1.000000000000000000, 1.000000000000000000 ) ;
#4300 = UNCERTAINTY_MEASURE_WITH_UNIT (LENGTH_MEASURE( 1.000000000000000082E-05 ), #6771, 'distance_accuracy_value', 'NONE');
#4301 = CARTESIAN_POINT ( 'NONE',  ( -0.6349999999999995648, -2.980301110709575655E-17, -2.001999999999999780 ) ) ;
#4302 = FILL_AREA_STYLE_COLOUR ( '', #7206 ) ;
#4303 = ORIENTED_EDGE ( 'NONE', *, *, #4699, .T. ) ;
#4304 = SURFACE_STYLE_FILL_AREA ( #4452 ) ;
#4305 = VECTOR ( 'NONE', #2086, 1000.000000000000000 ) ;
#4306 = LINE ( 'NONE', #6438, #1127 ) ;
#4307 = ORIENTED_EDGE ( 'NONE', *, *, #1692, .T. ) ;
#4308 = EDGE_CURVE ( 'NONE', #4723, #855, #5367, .T. ) ;
#4309 = VECTOR ( 'NONE', #1745, 1000.000000000000000 ) ;
#4310 = SURFACE_STYLE_FILL_AREA ( #9124 ) ;
#4311 = EDGE_LOOP ( 'NONE', ( #2512, #4355, #2926, #1695 ) ) ;
#4312 = EDGE_CURVE ( 'NONE', #1005, #767, #5404, .T. ) ;
#4313 = VECTOR ( 'NONE', #2252, 1000.000000000000000 ) ;
#4314 = DIRECTION ( 'NONE',  ( 0.0000000000000000000, 0.0000000000000000000, 1.000000000000000000 ) ) ;
#4315 = UNCERTAINTY_MEASURE_WITH_UNIT (LENGTH_MEASURE( 1.000000000000000082E-05 ), #9156, 'distance_accuracy_value', 'NONE');
#4316 = CARTESIAN_POINT ( 'NONE',  ( 2.001999999999999780, 0.2025000000000000133, 0.3649999999999998801 ) ) ;
#4317 = PRESENTATION_LAYER_ASSIGNMENT (  '', '', ( #452 ) ) ;
#4318 = UNCERTAINTY_MEASURE_WITH_UNIT (LENGTH_MEASURE( 1.000000000000000082E-05 ), #8914, 'distance_accuracy_value', 'NONE');
#4319 = LINE ( 'NONE', #7879, #8241 ) ;
#4320 = CARTESIAN_POINT ( 'NONE',  ( -1.600000000000000089, 0.002500000000000000052, 1.365000000000000213 ) ) ;
#4321 = ORIENTED_EDGE ( 'NONE', *, *, #1811, .F. ) ;
#4322 = LINE ( 'NONE', #1441, #1149 ) ;
#4323 = COLOUR_RGB ( '',1.000000000000000000, 1.000000000000000000, 1.000000000000000000 ) ;
#4324 = DIRECTION ( 'NONE',  ( -0.0000000000000000000, -1.000000000000000000, -0.0000000000000000000 ) ) ;
#4325 = ORIENTED_EDGE ( 'NONE', *, *, #907, .T. ) ;
#4326 = CARTESIAN_POINT ( 'NONE',  ( -1.600000000000000089, 0.002500000000000000052, -1.135000000000000009 ) ) ;
#4327 = VECTOR ( 'NONE', #4104, 1000.000000000000000 ) ;
#4328 = LINE ( 'NONE', #7168, #1211 ) ;
#4329 = VERTEX_POINT ( 'NONE', #1846 ) ;
#4330 = MECHANICAL_DESIGN_GEOMETRIC_PRESENTATION_REPRESENTATION (  '', ( #8305 ), #5087 ) ;
#4331 =( NAMED_UNIT ( * ) PLANE_ANGLE_UNIT ( ) SI_UNIT ( $, .RADIAN. ) );
#4332 = SURFACE_STYLE_USAGE ( .BOTH. , #5719 ) ;
#4333 = CARTESIAN_POINT ( 'NONE',  ( 1.365000000000000435, 0.002500000000000033445, 2.000000000000000000 ) ) ;
#4334 = LINE ( 'NONE', #7174, #7365 ) ;
#4335 = EDGE_LOOP ( 'NONE', ( #6597, #561, #395, #1538 ) ) ;
#4336 = DIRECTION ( 'NONE',  ( -1.000000000000000000, -0.0000000000000000000, -0.0000000000000000000 ) ) ;
#4337 = DIRECTION ( 'NONE',  ( -1.000000000000000000, 0.0000000000000000000, 0.0000000000000000000 ) ) ;
#4338 = AXIS2_PLACEMENT_3D ( 'NONE', #3826, #324, #4472 ) ;
#4339 = SURFACE_STYLE_FILL_AREA ( #4988 ) ;
#4340 =( NAMED_UNIT ( * ) PLANE_ANGLE_UNIT ( ) SI_UNIT ( $, .RADIAN. ) );
#4341 =( LENGTH_UNIT ( ) NAMED_UNIT ( * ) SI_UNIT ( .MILLI., .METRE. ) );
#4342 = EDGE_LOOP ( 'NONE', ( #6185, #4615, #8474, #2495, #5378, #3216, #1306, #6075, #4094, #5067, #4700, #6800, #2693, #5752, #3914, #6154, #4755, #6403, #7031, #3025, #3011, #8478, #1465, #3424, #9193, #3276, #3900, #5670 ) ) ;
#4343 =( NAMED_UNIT ( * ) PLANE_ANGLE_UNIT ( ) SI_UNIT ( $, .RADIAN. ) );
#4344 = ORIENTED_EDGE ( 'NONE', *, *, #5663, .T. ) ;
#4345 = CARTESIAN_POINT ( 'NONE',  ( 1.600000000000000089, 0.002500000000000000052, -0.8650000000000001021 ) ) ;
#4346 =( GEOMETRIC_REPRESENTATION_CONTEXT ( 3 ) GLOBAL_UNCERTAINTY_ASSIGNED_CONTEXT ( ( #8843 ) ) GLOBAL_UNIT_ASSIGNED_CONTEXT ( ( #2377, #6491, #1622 ) ) REPRESENTATION_CONTEXT ( 'NONE', 'WORKASPACE' ) );
#4347 = PRESENTATION_STYLE_ASSIGNMENT (( #5193 ) ) ;
#4348 = SURFACE_STYLE_FILL_AREA ( #2138 ) ;
#4349 = EDGE_CURVE ( 'NONE', #6467, #8657, #1065, .T. ) ;
#4350 =( NAMED_UNIT ( * ) SI_UNIT ( $, .STERADIAN. ) SOLID_ANGLE_UNIT ( ) );
#4351 = ORIENTED_EDGE ( 'NONE', *, *, #7530, .T. ) ;
#4352 =( NAMED_UNIT ( * ) SI_UNIT ( $, .STERADIAN. ) SOLID_ANGLE_UNIT ( ) );
#4353 = FILL_AREA_STYLE ('',( #1528 ) ) ;
#4354 = EDGE_CURVE ( 'NONE', #7318, #19, #7585, .T. ) ;
#4355 = ORIENTED_EDGE ( 'NONE', *, *, #3613, .F. ) ;
#4356 = ORIENTED_EDGE ( 'NONE', *, *, #2039, .T. ) ;
#4357 = DIRECTION ( 'NONE',  ( 0.0000000000000000000, 0.0000000000000000000, 1.000000000000000000 ) ) ;
#4358 = EDGE_CURVE ( 'NONE', #3478, #4662, #4667, .T. ) ;
#4359 = PLANE ( 'NONE',  #5019 ) ;
#4360 = ORIENTED_EDGE ( 'NONE', *, *, #661, .T. ) ;
#4361 = ADVANCED_FACE ( 'NONE', ( #8210 ), #6892, .T. ) ;
#4362 = ORIENTED_EDGE ( 'NONE', *, *, #8767, .F. ) ;
#4363 =( LENGTH_UNIT ( ) NAMED_UNIT ( * ) SI_UNIT ( .MILLI., .METRE. ) );
#4364 = LINE ( 'NONE', #952, #4019 ) ;
#4365 = VECTOR ( 'NONE', #7292, 1000.000000000000000 ) ;
#4366 = SURFACE_STYLE_USAGE ( .BOTH. , #5084 ) ;
#4367 = CARTESIAN_POINT ( 'NONE',  ( -2.000000000000000000, 0.0000000000000000000, -1.364999999999999991 ) ) ;
#4368 = VERTEX_POINT ( 'NONE', #3541 ) ;
#4369 = SURFACE_STYLE_USAGE ( .BOTH. , #6463 ) ;
#4370 = SURFACE_STYLE_FILL_AREA ( #1549 ) ;
#4371 =( NAMED_UNIT ( * ) PLANE_ANGLE_UNIT ( ) SI_UNIT ( $, .RADIAN. ) );
#4372 = LINE ( 'NONE', #2259, #232 ) ;
#4373 = ORIENTED_EDGE ( 'NONE', *, *, #4349, .T. ) ;
#4374 = VECTOR ( 'NONE', #6644, 1000.000000000000000 ) ;
#4375 = SURFACE_SIDE_STYLE ('',( #7896 ) ) ;
#4376 = VECTOR ( 'NONE', #3703, 1000.000000000000000 ) ;
#4377 = SURFACE_STYLE_USAGE ( .BOTH. , #4517 ) ;
#4378 = LINE ( 'NONE', #2952, #6388 ) ;
#4379 = VECTOR ( 'NONE', #2721, 1000.000000000000000 ) ;
#4380 =( NAMED_UNIT ( * ) SI_UNIT ( $, .STERADIAN. ) SOLID_ANGLE_UNIT ( ) );
#4381 = MECHANICAL_DESIGN_GEOMETRIC_PRESENTATION_REPRESENTATION (  '', ( #7054 ), #2478 ) ;
#4382 = ORIENTED_EDGE ( 'NONE', *, *, #7035, .T. ) ;
#4383 = CARTESIAN_POINT ( 'NONE',  ( -2.001999999999999780, 0.002500000000000000052, 0.6349999999999998979 ) ) ;
#4384 = COLOUR_RGB ( '',1.000000000000000000, 1.000000000000000000, 1.000000000000000000 ) ;
#4385 = COLOUR_RGB ( '',1.000000000000000000, 1.000000000000000000, 1.000000000000000000 ) ;
#4386 = CARTESIAN_POINT ( 'NONE',  ( 2.000000000000000000, 0.0000000000000000000, -0.6350000000000000089 ) ) ;
#4387 = VERTEX_POINT ( 'NONE', #6189 ) ;
#4388 = FILL_AREA_STYLE ('',( #5101 ) ) ;
#4389 = VECTOR ( 'NONE', #5801, 1000.000000000000000 ) ;
#4390 = LINE ( 'NONE', #1755, #2819 ) ;
#4391 = MECHANICAL_DESIGN_GEOMETRIC_PRESENTATION_REPRESENTATION (  '', ( #4540 ), #378 ) ;
#4392 = DIRECTION ( 'NONE',  ( -1.000000000000000000, 0.0000000000000000000, -0.0000000000000000000 ) ) ;
#4393 = VECTOR ( 'NONE', #32, 1000.000000000000000 ) ;
#4394 = FILL_AREA_STYLE ('',( #640 ) ) ;
#4395 = CARTESIAN_POINT ( 'NONE',  ( -0.1349999999999995925, 0.1999999999999999833, -2.001999999999999780 ) ) ;
#4396 = VERTEX_POINT ( 'NONE', #573 ) ;
#4397 = PLANE ( 'NONE',  #1457 ) ;
#4398 = CARTESIAN_POINT ( 'NONE',  ( 1.600000000000000089, 0.002500000000000000052, -0.6350000000000000089 ) ) ;
#4399 = SURFACE_STYLE_USAGE ( .BOTH. , #1573 ) ;
#4400 = COLOUR_RGB ( '',1.000000000000000000, 1.000000000000000000, 1.000000000000000000 ) ;
#4401 = ORIENTED_EDGE ( 'NONE', *, *, #7920, .T. ) ;
#4402 = DIRECTION ( 'NONE',  ( 2.710505431213761578E-16, 0.0000000000000000000, -1.000000000000000000 ) ) ;
#4403 = EDGE_LOOP ( 'NONE', ( #7674, #1389, #5674, #1261 ) ) ;
#4404 = DIRECTION ( 'NONE',  ( -0.0000000000000000000, -0.0000000000000000000, -1.000000000000000000 ) ) ;
#4405 = EDGE_CURVE ( 'NONE', #7753, #837, #1277, .T. ) ;
#4406 = VECTOR ( 'NONE', #6523, 1000.000000000000000 ) ;
#4407 = UNCERTAINTY_MEASURE_WITH_UNIT (LENGTH_MEASURE( 1.000000000000000082E-05 ), #8873, 'distance_accuracy_value', 'NONE');
#4408 = SURFACE_SIDE_STYLE ('',( #6446 ) ) ;
#4409 =( NAMED_UNIT ( * ) SI_UNIT ( $, .STERADIAN. ) SOLID_ANGLE_UNIT ( ) );
#4410 = UNCERTAINTY_MEASURE_WITH_UNIT (LENGTH_MEASURE( 1.000000000000000082E-05 ), #3397, 'distance_accuracy_value', 'NONE');
#4411 = SURFACE_STYLE_FILL_AREA ( #5209 ) ;
#4412 = VERTEX_POINT ( 'NONE', #4893 ) ;
#4413 = SURFACE_SIDE_STYLE ('',( #226 ) ) ;
#4414 = SURFACE_SIDE_STYLE ('',( #4877 ) ) ;
#4415 = VECTOR ( 'NONE', #1921, 1000.000000000000000 ) ;
#4416 = VERTEX_POINT ( 'NONE', #8303 ) ;
#4417 = EDGE_CURVE ( 'NONE', #7318, #9125, #7619, .T. ) ;
#4418 = PRESENTATION_STYLE_ASSIGNMENT (( #895 ) ) ;
#4419 = EDGE_CURVE ( 'NONE', #3959, #547, #656, .T. ) ;
#4420 = EDGE_CURVE ( 'NONE', #7843, #5662, #618, .T. ) ;
#4421 = STYLED_ITEM ( 'NONE', ( #3022 ), #4658 ) ;
#4422 = UNCERTAINTY_MEASURE_WITH_UNIT (LENGTH_MEASURE( 1.000000000000000082E-05 ), #219, 'distance_accuracy_value', 'NONE');
#4423 =( GEOMETRIC_REPRESENTATION_CONTEXT ( 3 ) GLOBAL_UNCERTAINTY_ASSIGNED_CONTEXT ( ( #9129 ) ) GLOBAL_UNIT_ASSIGNED_CONTEXT ( ( #5281, #8877, #3980 ) ) REPRESENTATION_CONTEXT ( 'NONE', 'WORKASPACE' ) );
#4424 = PRESENTATION_STYLE_ASSIGNMENT (( #3535 ) ) ;
#4425 = ORIENTED_EDGE ( 'NONE', *, *, #1764, .T. ) ;
#4426 = DIRECTION ( 'NONE',  ( 1.000000000000000000, 0.0000000000000000000, 0.0000000000000000000 ) ) ;
#4427 = CARTESIAN_POINT ( 'NONE',  ( -2.000000000000000000, 0.9000000000000000222, -2.000000000000000000 ) ) ;
#4428 = VERTEX_POINT ( 'NONE', #3492 ) ;
#4429 = ORIENTED_EDGE ( 'NONE', *, *, #4358, .T. ) ;
#4430 = EDGE_CURVE ( 'NONE', #7476, #5578, #4798, .T. ) ;
#4431 = VECTOR ( 'NONE', #7809, 1000.000000000000000 ) ;
#4432 = CARTESIAN_POINT ( 'NONE',  ( 2.000000000000000000, 0.002500000000000000052, -1.364999999999999991 ) ) ;
#4433 = CARTESIAN_POINT ( 'NONE',  ( 2.000000000000000000, 0.002500000000000000052, -1.134999999999999787 ) ) ;
#4434 = AXIS2_PLACEMENT_3D ( 'NONE', #7439, #1084, #4644 ) ;
#4435 = LINE ( 'NONE', #5185, #398 ) ;
#4436 =( LENGTH_UNIT ( ) NAMED_UNIT ( * ) SI_UNIT ( .MILLI., .METRE. ) );
#4437 = ORIENTED_EDGE ( 'NONE', *, *, #1182, .F. ) ;
#4438 = CARTESIAN_POINT ( 'NONE',  ( 1.135000000000000675, 0.002500000000000029976, 1.600000000000000089 ) ) ;
#4439 = MECHANICAL_DESIGN_GEOMETRIC_PRESENTATION_REPRESENTATION (  '', ( #5323 ), #2522 ) ;
#4440 = ORIENTED_EDGE ( 'NONE', *, *, #8086, .F. ) ;
#4441 = SURFACE_STYLE_USAGE ( .BOTH. , #6530 ) ;
#4442 = DIRECTION ( 'NONE',  ( -2.710505431213761578E-16, 0.0000000000000000000, -1.000000000000000000 ) ) ;
#4443 = VECTOR ( 'NONE', #986, 1000.000000000000000 ) ;
#4444 =( NAMED_UNIT ( * ) SI_UNIT ( $, .STERADIAN. ) SOLID_ANGLE_UNIT ( ) );
#4445 = CARTESIAN_POINT ( 'NONE',  ( -0.6349999999999995648, 0.002499999999999979669, 2.000000000000000000 ) ) ;
#4446 = AXIS2_PLACEMENT_3D ( 'NONE', #6790, #3214, #242 ) ;
#4447 = SURFACE_STYLE_FILL_AREA ( #3052 ) ;
#4448 = DIRECTION ( 'NONE',  ( 0.0000000000000000000, -0.0000000000000000000, -1.000000000000000000 ) ) ;
#4449 = PRESENTATION_STYLE_ASSIGNMENT (( #4534 ) ) ;
#4450 = EDGE_LOOP ( 'NONE', ( #5692, #7657, #4107, #6948 ) ) ;
#4451 = VECTOR ( 'NONE', #111, 1000.000000000000000 ) ;
#4452 = FILL_AREA_STYLE ('',( #2828 ) ) ;
#4453 =( NAMED_UNIT ( * ) SI_UNIT ( $, .STERADIAN. ) SOLID_ANGLE_UNIT ( ) );
#4454 = LINE ( 'NONE', #2916, #1815 ) ;
#4455 = COLOUR_RGB ( '',1.000000000000000000, 1.000000000000000000, 1.000000000000000000 ) ;
#4456 = ORIENTED_EDGE ( 'NONE', *, *, #2443, .F. ) ;
#4457 =( LENGTH_UNIT ( ) NAMED_UNIT ( * ) SI_UNIT ( .MILLI., .METRE. ) );
#4458 = EDGE_LOOP ( 'NONE', ( #994, #5541, #6500, #2557 ) ) ;
#4459 = VECTOR ( 'NONE', #1196, 1000.000000000000000 ) ;
#4460 = PRESENTATION_LAYER_ASSIGNMENT (  '', '', ( #7405 ) ) ;
#4461 = DIRECTION ( 'NONE',  ( 0.0000000000000000000, 0.0000000000000000000, 1.000000000000000000 ) ) ;
#4462 = CARTESIAN_POINT ( 'NONE',  ( -2.000000000000000000, 0.002500000000000000052, -2.000000000000000000 ) ) ;
#4463 = FACE_OUTER_BOUND ( 'NONE', #8715, .T. ) ;
#4464 = DIRECTION ( 'NONE',  ( 2.710505431213761578E-16, 0.0000000000000000000, 1.000000000000000000 ) ) ;
#4465 = CARTESIAN_POINT ( 'NONE',  ( 1.135000000000000453, 0.002500000000000003088, -2.000000000000000000 ) ) ;
#4466 = EDGE_LOOP ( 'NONE', ( #4139, #4852, #4537, #5569 ) ) ;
#4467 = DIRECTION ( 'NONE',  ( 0.0000000000000000000, 0.0000000000000000000, 1.000000000000000000 ) ) ;
#4468 = LINE ( 'NONE', #6085, #2320 ) ;
#4469 =( NAMED_UNIT ( * ) PLANE_ANGLE_UNIT ( ) SI_UNIT ( $, .RADIAN. ) );
#4470 = AXIS2_PLACEMENT_3D ( 'NONE', #2879, #6314, #9081 ) ;
#4471 = ORIENTED_EDGE ( 'NONE', *, *, #5958, .T. ) ;
#4472 = DIRECTION ( 'NONE',  ( 1.000000000000000000, 0.0000000000000000000, -4.065758146820642614E-16 ) ) ;
#4473 = COLOUR_RGB ( '',1.000000000000000000, 1.000000000000000000, 1.000000000000000000 ) ;
#4474 = EDGE_CURVE ( 'NONE', #3548, #6746, #4096, .T. ) ;
#4475 = ADVANCED_FACE ( 'NONE', ( #6381 ), #6280, .F. ) ;
#4476 = DIRECTION ( 'NONE',  ( 1.000000000000000000, 0.0000000000000000000, 0.0000000000000000000 ) ) ;
#4477 = ORIENTED_EDGE ( 'NONE', *, *, #3954, .T. ) ;
#4478 =( NAMED_UNIT ( * ) PLANE_ANGLE_UNIT ( ) SI_UNIT ( $, .RADIAN. ) );
#4479 = DIRECTION ( 'NONE',  ( -0.0000000000000000000, -1.000000000000000000, -0.0000000000000000000 ) ) ;
#4480 = VECTOR ( 'NONE', #8394, 1000.000000000000000 ) ;
#4481 = VERTEX_POINT ( 'NONE', #9147 ) ;
#4482 = ORIENTED_EDGE ( 'NONE', *, *, #7324, .T. ) ;
#4483 = SURFACE_STYLE_FILL_AREA ( #807 ) ;
#4484 = CARTESIAN_POINT ( 'NONE',  ( -0.1349999999999995925, 0.1999999999999999833, 2.000000000000000000 ) ) ;
#4485 = CARTESIAN_POINT ( 'NONE',  ( 2.000000000000000000, 0.2024999999999999856, 0.1349999999999997036 ) ) ;
#4486 = EDGE_CURVE ( 'NONE', #9082, #8399, #2071, .T. ) ;
#4487 = PRESENTATION_STYLE_ASSIGNMENT (( #2997 ) ) ;
#4488 = ORIENTED_EDGE ( 'NONE', *, *, #7694, .T. ) ;
#4489 = DIRECTION ( 'NONE',  ( -0.0000000000000000000, -1.000000000000000000, -0.0000000000000000000 ) ) ;
#4490 = VERTEX_POINT ( 'NONE', #1407 ) ;
#4491 = FILL_AREA_STYLE_COLOUR ( '', #5865 ) ;
#4492 = EDGE_CURVE ( 'NONE', #4548, #3481, #4227, .T. ) ;
#4493 = SURFACE_SIDE_STYLE ('',( #3048 ) ) ;
#4494 = STYLED_ITEM ( 'NONE', ( #2380 ), #2728 ) ;
#4495 = PRESENTATION_STYLE_ASSIGNMENT (( #7286 ) ) ;
#4496 = DIRECTION ( 'NONE',  ( 0.0000000000000000000, -0.0000000000000000000, -1.000000000000000000 ) ) ;
#4497 = FACE_OUTER_BOUND ( 'NONE', #2839, .T. ) ;
#4499 = VERTEX_POINT ( 'NONE', #8529 ) ;
#4498 = MECHANICAL_DESIGN_GEOMETRIC_PRESENTATION_REPRESENTATION (  '', ( #3449 ), #7886 ) ;
#4500 = LINE ( 'NONE', #1851, #7397 ) ;
#4501 = LINE ( 'NONE', #209, #1863 ) ;
#4502 = DIRECTION ( 'NONE',  ( 1.000000000000000000, 0.0000000000000000000, 0.0000000000000000000 ) ) ;
#4503 = EDGE_LOOP ( 'NONE', ( #8253, #7297, #7951, #90, #5530, #1785 ) ) ;
#4504 =( GEOMETRIC_REPRESENTATION_CONTEXT ( 3 ) GLOBAL_UNCERTAINTY_ASSIGNED_CONTEXT ( ( #5342 ) ) GLOBAL_UNIT_ASSIGNED_CONTEXT ( ( #3732, #6375, #41 ) ) REPRESENTATION_CONTEXT ( 'NONE', 'WORKASPACE' ) );
#4505 = LINE ( 'NONE', #5884, #4443 ) ;
#4506 = UNCERTAINTY_MEASURE_WITH_UNIT (LENGTH_MEASURE( 1.000000000000000082E-05 ), #1345, 'distance_accuracy_value', 'NONE');
#4507 = DIRECTION ( 'NONE',  ( 0.0000000000000000000, -0.0000000000000000000, -1.000000000000000000 ) ) ;
#4508 =( LENGTH_UNIT ( ) NAMED_UNIT ( * ) SI_UNIT ( .MILLI., .METRE. ) );
#4509 = ORIENTED_EDGE ( 'NONE', *, *, #7920, .F. ) ;
#4510 =( NAMED_UNIT ( * ) PLANE_ANGLE_UNIT ( ) SI_UNIT ( $, .RADIAN. ) );
#4511 = CARTESIAN_POINT ( 'NONE',  ( 2.000000000000000000, 0.0000000000000000000, 0.1350000000000000366 ) ) ;
#4512 = EDGE_LOOP ( 'NONE', ( #5461, #4440, #7777, #9, #1054, #4009 ) ) ;
#4513 =( LENGTH_UNIT ( ) NAMED_UNIT ( * ) SI_UNIT ( .MILLI., .METRE. ) );
#4514 = LINE ( 'NONE', #7489, #5583 ) ;
#4515 =( LENGTH_UNIT ( ) NAMED_UNIT ( * ) SI_UNIT ( .MILLI., .METRE. ) );
#4516 = ORIENTED_EDGE ( 'NONE', *, *, #4754, .T. ) ;
#4517 = SURFACE_SIDE_STYLE ('',( #6569 ) ) ;
#4518 = FILL_AREA_STYLE ('',( #2262 ) ) ;
#4519 = EDGE_CURVE ( 'NONE', #4396, #6529, #758, .T. ) ;
#4520 = DIRECTION ( 'NONE',  ( -1.000000000000000000, 0.0000000000000000000, -2.710505431213761578E-16 ) ) ;
#4521 = DIRECTION ( 'NONE',  ( -0.0000000000000000000, -1.000000000000000000, -0.0000000000000000000 ) ) ;
#4522 = ORIENTED_EDGE ( 'NONE', *, *, #6532, .F. ) ;
#4523 = CARTESIAN_POINT ( 'NONE',  ( -0.6349999999999995648, 0.1999999999999999833, -2.001999999999999780 ) ) ;
#4524 = DIRECTION ( 'NONE',  ( -0.7071067811865474617, -0.0000000000000000000, 0.7071067811865474617 ) ) ;
#4525 = ORIENTED_EDGE ( 'NONE', *, *, #1254, .F. ) ;
#4526 = LINE ( 'NONE', #2458, #8615 ) ;
#4527 =( LENGTH_UNIT ( ) NAMED_UNIT ( * ) SI_UNIT ( .MILLI., .METRE. ) );
#4528 = EDGE_CURVE ( 'NONE', #8853, #191, #2215, .T. ) ;
#4529 = EDGE_CURVE ( 'NONE', #1619, #8911, #3641, .T. ) ;
#4530 =( LENGTH_UNIT ( ) NAMED_UNIT ( * ) SI_UNIT ( .MILLI., .METRE. ) );
#4531 = VECTOR ( 'NONE', #4568, 1000.000000000000000 ) ;
#4532 = EDGE_CURVE ( 'NONE', #5062, #1559, #4372, .T. ) ;
#4533 = FILL_AREA_STYLE ('',( #5244 ) ) ;
#4534 = SURFACE_STYLE_USAGE ( .BOTH. , #928 ) ;
#4535 = COLOUR_RGB ( '',0.2509803921568627416, 0.2509803921568627416, 0.2509803921568627416 ) ;
#4536 = DIRECTION ( 'NONE',  ( -1.000000000000000000, 0.0000000000000000000, -0.0000000000000000000 ) ) ;
#4537 = ORIENTED_EDGE ( 'NONE', *, *, #5767, .T. ) ;
#4538 = SURFACE_SIDE_STYLE ('',( #3810 ) ) ;
#4539 = ORIENTED_EDGE ( 'NONE', *, *, #8932, .F. ) ;
#4540 = STYLED_ITEM ( 'NONE', ( #4681 ), #5943 ) ;
#4541 = MECHANICAL_DESIGN_GEOMETRIC_PRESENTATION_REPRESENTATION (  '', ( #4228 ), #3343 ) ;
#4542 =( NAMED_UNIT ( * ) SI_UNIT ( $, .STERADIAN. ) SOLID_ANGLE_UNIT ( ) );
#4543 =( NAMED_UNIT ( * ) SI_UNIT ( $, .STERADIAN. ) SOLID_ANGLE_UNIT ( ) );
#4544 = CARTESIAN_POINT ( 'NONE',  ( -0.8649999999999996581, 0.1999999999999999833, -2.001999999999999780 ) ) ;
#4545 = VECTOR ( 'NONE', #5021, 1000.000000000000000 ) ;
#4546 = CARTESIAN_POINT ( 'NONE',  ( 2.000000000000000000, 0.002500000000000000052, -2.000000000000000000 ) ) ;
#4547 =( LENGTH_UNIT ( ) NAMED_UNIT ( * ) SI_UNIT ( .MILLI., .METRE. ) );
#4548 = VERTEX_POINT ( 'NONE', #6466 ) ;
#4549 = LINE ( 'NONE', #4603, #3003 ) ;
#4550 = AXIS2_PLACEMENT_3D ( 'NONE', #1618, #2637, #4718 ) ;
#4551 =( GEOMETRIC_REPRESENTATION_CONTEXT ( 3 ) GLOBAL_UNCERTAINTY_ASSIGNED_CONTEXT ( ( #998 ) ) GLOBAL_UNIT_ASSIGNED_CONTEXT ( ( #7812, #2270, #868 ) ) REPRESENTATION_CONTEXT ( 'NONE', 'WORKASPACE' ) );
#4552 = DIRECTION ( 'NONE',  ( -1.000000000000000000, 0.0000000000000000000, 0.0000000000000000000 ) ) ;
#4553 = DIRECTION ( 'NONE',  ( -0.0000000000000000000, -0.0000000000000000000, -1.000000000000000000 ) ) ;
#4554 = SURFACE_STYLE_FILL_AREA ( #4072 ) ;
#4555 = ORIENTED_EDGE ( 'NONE', *, *, #6795, .F. ) ;
#4556 = PRESENTATION_STYLE_ASSIGNMENT (( #3735 ) ) ;
#4557 = LINE ( 'NONE', #3916, #5408 ) ;
#4558 = FACE_OUTER_BOUND ( 'NONE', #5954, .T. ) ;
#4559 = ORIENTED_EDGE ( 'NONE', *, *, #6761, .T. ) ;
#4560 = COLOUR_RGB ( '',1.000000000000000000, 1.000000000000000000, 1.000000000000000000 ) ;
#4561 = LINE ( 'NONE', #7403, #1654 ) ;
#4562 = CARTESIAN_POINT ( 'NONE',  ( 0.1350000000000003419, 0.002500000000000000052, 2.000000000000000000 ) ) ;
#4563 = UNCERTAINTY_MEASURE_WITH_UNIT (LENGTH_MEASURE( 1.000000000000000082E-05 ), #5395, 'distance_accuracy_value', 'NONE');
#4564 =( NAMED_UNIT ( * ) PLANE_ANGLE_UNIT ( ) SI_UNIT ( $, .RADIAN. ) );
#4565 = DIRECTION ( 'NONE',  ( 0.0000000000000000000, 1.000000000000000000, 0.0000000000000000000 ) ) ;
#4566 = EDGE_LOOP ( 'NONE', ( #8334, #1287, #8467, #6610 ) ) ;
#4567 = DIRECTION ( 'NONE',  ( 2.710505431213761578E-16, 0.0000000000000000000, 1.000000000000000000 ) ) ;
#4568 = DIRECTION ( 'NONE',  ( -1.000000000000000000, 0.0000000000000000000, 0.0000000000000000000 ) ) ;
#4569 = VERTEX_POINT ( 'NONE', #854 ) ;
#4570 = DIRECTION ( 'NONE',  ( 1.000000000000000000, 0.0000000000000000000, 0.0000000000000000000 ) ) ;
#4571 =( LENGTH_UNIT ( ) NAMED_UNIT ( * ) SI_UNIT ( .MILLI., .METRE. ) );
#4572 =( GEOMETRIC_REPRESENTATION_CONTEXT ( 3 ) GLOBAL_UNCERTAINTY_ASSIGNED_CONTEXT ( ( #218 ) ) GLOBAL_UNIT_ASSIGNED_CONTEXT ( ( #1678, #1159, #2555 ) ) REPRESENTATION_CONTEXT ( 'NONE', 'WORKASPACE' ) );
#4573 =( NAMED_UNIT ( * ) PLANE_ANGLE_UNIT ( ) SI_UNIT ( $, .RADIAN. ) );
#4574 = EDGE_CURVE ( 'NONE', #4481, #24, #7225, .T. ) ;
#4575 = SURFACE_STYLE_FILL_AREA ( #109 ) ;
#4576 = CARTESIAN_POINT ( 'NONE',  ( 2.000000000000000000, 0.2025000000000000133, -1.365000000000000213 ) ) ;
#4577 = VECTOR ( 'NONE', #2223, 1000.000000000000000 ) ;
#4578 = ORIENTED_EDGE ( 'NONE', *, *, #5956, .F. ) ;
#4579 = LINE ( 'NONE', #8011, #2655 ) ;
#4580 = EDGE_CURVE ( 'NONE', #8631, #3227, #7894, .T. ) ;
#4581 = EDGE_CURVE ( 'NONE', #3170, #3711, #2894, .T. ) ;
#4582 = DIRECTION ( 'NONE',  ( 0.0000000000000000000, -1.000000000000000000, 0.0000000000000000000 ) ) ;
#4583 = EDGE_CURVE ( 'NONE', #8497, #2543, #4334, .T. ) ;
#4584 =( NAMED_UNIT ( * ) SI_UNIT ( $, .STERADIAN. ) SOLID_ANGLE_UNIT ( ) );
#4585 = PRESENTATION_LAYER_ASSIGNMENT (  '', '', ( #8259 ) ) ;
#4586 = ORIENTED_EDGE ( 'NONE', *, *, #7493, .T. ) ;
#4587 = EDGE_CURVE ( 'NONE', #5814, #5314, #1356, .T. ) ;
#4588 =( NAMED_UNIT ( * ) PLANE_ANGLE_UNIT ( ) SI_UNIT ( $, .RADIAN. ) );
#4589 = AXIS2_PLACEMENT_3D ( 'NONE', #1486, #786, #2975 ) ;
#4590 = VECTOR ( 'NONE', #5475, 1000.000000000000000 ) ;
#4591 = UNCERTAINTY_MEASURE_WITH_UNIT (LENGTH_MEASURE( 1.000000000000000082E-05 ), #7486, 'distance_accuracy_value', 'NONE');
#4592 = PLANE ( 'NONE',  #4087 ) ;
#4593 = SURFACE_STYLE_USAGE ( .BOTH. , #8183 ) ;
#4594 = UNCERTAINTY_MEASURE_WITH_UNIT (LENGTH_MEASURE( 1.000000000000000082E-05 ), #7152, 'distance_accuracy_value', 'NONE');
#4595 =( GEOMETRIC_REPRESENTATION_CONTEXT ( 3 ) GLOBAL_UNCERTAINTY_ASSIGNED_CONTEXT ( ( #1724 ) ) GLOBAL_UNIT_ASSIGNED_CONTEXT ( ( #3960, #2487, #7451 ) ) REPRESENTATION_CONTEXT ( 'NONE', 'WORKASPACE' ) );
#4596 = EDGE_CURVE ( 'NONE', #3069, #7889, #642, .T. ) ;
#4597 = SURFACE_STYLE_USAGE ( .BOTH. , #1769 ) ;
#4598 = PRESENTATION_STYLE_ASSIGNMENT (( #4197 ) ) ;
#4599 = FILL_AREA_STYLE_COLOUR ( '', #6895 ) ;
#4600 = ADVANCED_FACE ( 'NONE', ( #9036 ), #8512, .F. ) ;
#4601 = ORIENTED_EDGE ( 'NONE', *, *, #1362, .T. ) ;
#4602 =( GEOMETRIC_REPRESENTATION_CONTEXT ( 3 ) GLOBAL_UNCERTAINTY_ASSIGNED_CONTEXT ( ( #7107 ) ) GLOBAL_UNIT_ASSIGNED_CONTEXT ( ( #6148, #3973, #431 ) ) REPRESENTATION_CONTEXT ( 'NONE', 'WORKASPACE' ) );
#4603 = CARTESIAN_POINT ( 'NONE',  ( -2.000000000000000000, 0.002500000000000000052, 0.1349999999999998701 ) ) ;
#4604 =( GEOMETRIC_REPRESENTATION_CONTEXT ( 3 ) GLOBAL_UNCERTAINTY_ASSIGNED_CONTEXT ( ( #6445 ) ) GLOBAL_UNIT_ASSIGNED_CONTEXT ( ( #4363, #6555, #2845 ) ) REPRESENTATION_CONTEXT ( 'NONE', 'WORKASPACE' ) );
#4605 =( LENGTH_UNIT ( ) NAMED_UNIT ( * ) SI_UNIT ( .MILLI., .METRE. ) );
#4606 = UNCERTAINTY_MEASURE_WITH_UNIT (LENGTH_MEASURE( 1.000000000000000082E-05 ), #3408, 'distance_accuracy_value', 'NONE');
#4607 =( NAMED_UNIT ( * ) PLANE_ANGLE_UNIT ( ) SI_UNIT ( $, .RADIAN. ) );
#4608 = ORIENTED_EDGE ( 'NONE', *, *, #3077, .F. ) ;
#4609 = PRESENTATION_STYLE_ASSIGNMENT (( #5951 ) ) ;
#4610 = VECTOR ( 'NONE', #2868, 1000.000000000000000 ) ;
#4611 = CARTESIAN_POINT ( 'NONE',  ( 2.000000000000000000, 0.002500000000000000052, -0.1350000000000000089 ) ) ;
#4612 = FILL_AREA_STYLE ('',( #8151 ) ) ;
#4613 = EDGE_LOOP ( 'NONE', ( #7182, #4796, #1787, #319 ) ) ;
#4614 =( GEOMETRIC_REPRESENTATION_CONTEXT ( 3 ) GLOBAL_UNCERTAINTY_ASSIGNED_CONTEXT ( ( #689 ) ) GLOBAL_UNIT_ASSIGNED_CONTEXT ( ( #3390, #2888, #9196 ) ) REPRESENTATION_CONTEXT ( 'NONE', 'WORKASPACE' ) );
#4615 = ORIENTED_EDGE ( 'NONE', *, *, #2107, .T. ) ;
#4616 = COLOUR_RGB ( '',1.000000000000000000, 1.000000000000000000, 1.000000000000000000 ) ;
#4617 = ORIENTED_EDGE ( 'NONE', *, *, #8983, .F. ) ;
#4618 = STYLED_ITEM ( 'NONE', ( #8986 ), #1922 ) ;
#4619 = CARTESIAN_POINT ( 'NONE',  ( -0.6349999999999995648, -2.980301110709575655E-17, 2.001999999999999780 ) ) ;
#4620 = DIRECTION ( 'NONE',  ( 1.000000000000000000, 0.0000000000000000000, 0.0000000000000000000 ) ) ;
#4621 = ORIENTED_EDGE ( 'NONE', *, *, #3621, .T. ) ;
#4622 = CARTESIAN_POINT ( 'NONE',  ( 0.8650000000000004352, 0.2000000000000000389, 2.001999999999999780 ) ) ;
#4623 =( NAMED_UNIT ( * ) SI_UNIT ( $, .STERADIAN. ) SOLID_ANGLE_UNIT ( ) );
#4624 = VECTOR ( 'NONE', #5841, 1000.000000000000000 ) ;
#4625 = FILL_AREA_STYLE_COLOUR ( '', #6015 ) ;
#4626 = MECHANICAL_DESIGN_GEOMETRIC_PRESENTATION_REPRESENTATION (  '', ( #5082 ), #8749 ) ;
#4627 = CARTESIAN_POINT ( 'NONE',  ( -1.364999999999999769, 0.002499999999999955383, 2.000000000000000000 ) ) ;
#4628 =( NAMED_UNIT ( * ) SI_UNIT ( $, .STERADIAN. ) SOLID_ANGLE_UNIT ( ) );
#4629 = ORIENTED_EDGE ( 'NONE', *, *, #6572, .F. ) ;
#4630 = VECTOR ( 'NONE', #3002, 1000.000000000000000 ) ;
#4631 = CARTESIAN_POINT ( 'NONE',  ( 2.000000000000000000, 0.002500000000000000052, 1.135000000000000009 ) ) ;
#4632 = ORIENTED_EDGE ( 'NONE', *, *, #5280, .F. ) ;
#4633 = CARTESIAN_POINT ( 'NONE',  ( 0.1350000000000003419, 0.002500000000000000052, -2.000000000000000000 ) ) ;
#4634 = ORIENTED_EDGE ( 'NONE', *, *, #8518, .T. ) ;
#4635 = CARTESIAN_POINT ( 'NONE',  ( -2.000000000000000000, 0.0000000000000000000, 1.135000000000000231 ) ) ;
#4636 = DIRECTION ( 'NONE',  ( 0.0000000000000000000, -0.0000000000000000000, 1.000000000000000000 ) ) ;
#4637 = EDGE_CURVE ( 'NONE', #5717, #6417, #7655, .T. ) ;
#4638 = STYLED_ITEM ( 'NONE', ( #969 ), #9115 ) ;
#4639 = AXIS2_PLACEMENT_3D ( 'NONE', #5014, #5069, #1352 ) ;
#4640 = DIRECTION ( 'NONE',  ( -0.0000000000000000000, -1.000000000000000000, -0.0000000000000000000 ) ) ;
#4641 = ADVANCED_FACE ( 'NONE', ( #4871 ), #5668, .F. ) ;
#4642 = PRESENTATION_STYLE_ASSIGNMENT (( #1820 ) ) ;
#4643 = SURFACE_SIDE_STYLE ('',( #8891 ) ) ;
#4644 = DIRECTION ( 'NONE',  ( 0.0000000000000000000, 0.0000000000000000000, -1.000000000000000000 ) ) ;
#4645 = AXIS2_PLACEMENT_3D ( 'NONE', #6917, #2097, #8463 ) ;
#4646 = VECTOR ( 'NONE', #4402, 1000.000000000000000 ) ;
#4647 = FILL_AREA_STYLE_COLOUR ( '', #3599 ) ;
#4648 = EDGE_CURVE ( 'NONE', #304, #9091, #5702, .T. ) ;
#4649 = EDGE_CURVE ( 'NONE', #3122, #4142, #8471, .T. ) ;
#4650 = LINE ( 'NONE', #6173, #2258 ) ;
#4651 = COLOUR_RGB ( '',1.000000000000000000, 1.000000000000000000, 1.000000000000000000 ) ;
#4652 = EDGE_CURVE ( 'NONE', #6467, #1358, #5018, .T. ) ;
#4653 = EDGE_LOOP ( 'NONE', ( #8416, #1740, #5581, #6514 ) ) ;
#4654 = DIRECTION ( 'NONE',  ( -0.0000000000000000000, -1.000000000000000000, -0.0000000000000000000 ) ) ;
#4655 =( LENGTH_UNIT ( ) NAMED_UNIT ( * ) SI_UNIT ( .MILLI., .METRE. ) );
#4656 = ORIENTED_EDGE ( 'NONE', *, *, #2656, .T. ) ;
#4657 = EDGE_LOOP ( 'NONE', ( #7662, #1705, #7110, #3895 ) ) ;
#4658 = ADVANCED_FACE ( 'NONE', ( #174 ), #4359, .T. ) ;
#4659 = DIRECTION ( 'NONE',  ( -1.000000000000000000, 0.0000000000000000000, -0.0000000000000000000 ) ) ;
#4660 = SURFACE_SIDE_STYLE ('',( #1790 ) ) ;
#4661 = DIRECTION ( 'NONE',  ( 0.0000000000000000000, -1.000000000000000000, 0.0000000000000000000 ) ) ;
#4662 = VERTEX_POINT ( 'NONE', #834 ) ;
#4663 = FILL_AREA_STYLE ('',( #6142 ) ) ;
#4664 =( NAMED_UNIT ( * ) SI_UNIT ( $, .STERADIAN. ) SOLID_ANGLE_UNIT ( ) );
#4665 = ORIENTED_EDGE ( 'NONE', *, *, #5888, .T. ) ;
#4666 = FILL_AREA_STYLE ('',( #8208 ) ) ;
#4667 = LINE ( 'NONE', #8782, #8358 ) ;
#4668 = SURFACE_SIDE_STYLE ('',( #6149 ) ) ;
#4669 = CARTESIAN_POINT ( 'NONE',  ( 0.6350000000000003419, 1.490150555354787828E-17, 2.001999999999999780 ) ) ;
#4670 = CARTESIAN_POINT ( 'NONE',  ( -2.001999999999999780, 0.2025000000000000133, -0.8650000000000001021 ) ) ;
#4671 = EDGE_LOOP ( 'NONE', ( #6652, #8155, #2507, #1924, #5466, #804 ) ) ;
#4672 = CARTESIAN_POINT ( 'NONE',  ( -2.001999999999999780, 0.2025000000000000133, 1.364999999999999991 ) ) ;
#4673 = PLANE ( 'NONE',  #6152 ) ;
#4674 = VERTEX_POINT ( 'NONE', #4544 ) ;
#4675 = LINE ( 'NONE', #4724, #7567 ) ;
#4676 = MECHANICAL_DESIGN_GEOMETRIC_PRESENTATION_REPRESENTATION (  '', ( #3643 ), #359 ) ;
#4677 = COLOUR_RGB ( '',1.000000000000000000, 1.000000000000000000, 1.000000000000000000 ) ;
#4678 = PLANE ( 'NONE',  #1781 ) ;
#4679 = VECTOR ( 'NONE', #8009, 1000.000000000000000 ) ;
#4680 = UNCERTAINTY_MEASURE_WITH_UNIT (LENGTH_MEASURE( 1.000000000000000082E-05 ), #836, 'distance_accuracy_value', 'NONE');
#4681 = PRESENTATION_STYLE_ASSIGNMENT (( #5382 ) ) ;
#4682 =( NAMED_UNIT ( * ) SI_UNIT ( $, .STERADIAN. ) SOLID_ANGLE_UNIT ( ) );
#4683 = UNCERTAINTY_MEASURE_WITH_UNIT (LENGTH_MEASURE( 1.000000000000000082E-05 ), #7566, 'distance_accuracy_value', 'NONE');
#4684 = STYLED_ITEM ( 'NONE', ( #569 ), #3734 ) ;
#4685 = CARTESIAN_POINT ( 'NONE',  ( 0.8650000000000004352, 0.002500000000000001787, -2.000000000000000000 ) ) ;
#4686 = PRESENTATION_LAYER_ASSIGNMENT (  '', '', ( #5141 ) ) ;
#4687 = COLOUR_RGB ( '',1.000000000000000000, 1.000000000000000000, 1.000000000000000000 ) ;
#4688 = CARTESIAN_POINT ( 'NONE',  ( -2.001999999999999780, 0.2025000000000000133, -0.3650000000000001577 ) ) ;
#4689 = DIRECTION ( 'NONE',  ( 1.000000000000000000, 0.0000000000000000000, 0.0000000000000000000 ) ) ;
#4690 = ADVANCED_FACE ( 'NONE', ( #4463 ), #3773, .F. ) ;
#4691 = CARTESIAN_POINT ( 'NONE',  ( -2.001999999999999780, 0.2025000000000000133, 0.1349999999999998701 ) ) ;
#4692 = CARTESIAN_POINT ( 'NONE',  ( 2.000000000000000000, 0.0000000000000000000, -1.135000000000000009 ) ) ;
#4693 = APPLICATION_CONTEXT ( 'automotive_design' ) ;
#4694 = ORIENTED_EDGE ( 'NONE', *, *, #202, .F. ) ;
#4695 = ADVANCED_FACE ( 'NONE', ( #1726 ), #7878, .T. ) ;
#4696 = SURFACE_SIDE_STYLE ('',( #1871 ) ) ;
#4697 =( NAMED_UNIT ( * ) PLANE_ANGLE_UNIT ( ) SI_UNIT ( $, .RADIAN. ) );
#4698 = EDGE_CURVE ( 'NONE', #1619, #7738, #1817, .T. ) ;
#4699 = EDGE_CURVE ( 'NONE', #7018, #8266, #8934, .T. ) ;
#4700 = ORIENTED_EDGE ( 'NONE', *, *, #9056, .T. ) ;
#4701 = DIRECTION ( 'NONE',  ( -1.000000000000000000, 0.0000000000000000000, 0.0000000000000000000 ) ) ;
#4702 = VECTOR ( 'NONE', #1709, 1000.000000000000000 ) ;
#4703 = ADVANCED_FACE ( 'NONE', ( #3197 ), #1212, .F. ) ;
#4704 = SURFACE_STYLE_FILL_AREA ( #1143 ) ;
#4705 = LINE ( 'NONE', #1917, #9060 ) ;
#4706 = AXIS2_PLACEMENT_3D ( 'NONE', #5768, #3546, #3499 ) ;
#4707 = CARTESIAN_POINT ( 'NONE',  ( 1.135000000000000453, 0.2000000000000000389, 2.001999999999999780 ) ) ;
#4708 = ORIENTED_EDGE ( 'NONE', *, *, #1312, .F. ) ;
#4709 = ADVANCED_FACE ( 'NONE', ( #400 ), #1948, .T. ) ;
#4710 = FILL_AREA_STYLE_COLOUR ( '', #5815 ) ;
#4711 = DIRECTION ( 'NONE',  ( 0.0000000000000000000, -0.0000000000000000000, -1.000000000000000000 ) ) ;
#4712 = SURFACE_STYLE_FILL_AREA ( #2549 ) ;
#4713 = EDGE_CURVE ( 'NONE', #5823, #3880, #4773, .T. ) ;
#4714 = MECHANICAL_DESIGN_GEOMETRIC_PRESENTATION_REPRESENTATION (  '', ( #8692 ), #1307 ) ;
#4715 = CARTESIAN_POINT ( 'NONE',  ( -2.001999999999999780, 0.002500000000000000052, -0.1350000000000001477 ) ) ;
#4716 = PRESENTATION_STYLE_ASSIGNMENT (( #436 ) ) ;
#4717 = VECTOR ( 'NONE', #5527, 1000.000000000000000 ) ;
#4718 = DIRECTION ( 'NONE',  ( -1.000000000000000000, 0.0000000000000000000, -0.0000000000000000000 ) ) ;
#4719 = ORIENTED_EDGE ( 'NONE', *, *, #4587, .T. ) ;
#4720 = DIRECTION ( 'NONE',  ( 0.0000000000000000000, 0.0000000000000000000, -1.000000000000000000 ) ) ;
#4721 = PRESENTATION_LAYER_ASSIGNMENT (  '', '', ( #2509 ) ) ;
#4722 = ORIENTED_EDGE ( 'NONE', *, *, #7265, .F. ) ;
#4723 = VERTEX_POINT ( 'NONE', #8795 ) ;
#4724 = CARTESIAN_POINT ( 'NONE',  ( -1.134999999999999787, 0.002499999999999995715, -1.600000000000000089 ) ) ;
#4725 = VECTOR ( 'NONE', #6613, 1000.000000000000000 ) ;
#4726 = PRESENTATION_STYLE_ASSIGNMENT (( #2598 ) ) ;
#4727 = SURFACE_SIDE_STYLE ('',( #8362 ) ) ;
#4728 =( LENGTH_UNIT ( ) NAMED_UNIT ( * ) SI_UNIT ( .MILLI., .METRE. ) );
#4729 = VECTOR ( 'NONE', #8940, 1000.000000000000000 ) ;
#4730 = SURFACE_STYLE_USAGE ( .BOTH. , #4201 ) ;
#4731 = VECTOR ( 'NONE', #1541, 1000.000000000000000 ) ;
#4732 = FILL_AREA_STYLE_COLOUR ( '', #2422 ) ;
#4733 = VECTOR ( 'NONE', #701, 1000.000000000000000 ) ;
#4734 = SURFACE_STYLE_FILL_AREA ( #1253 ) ;
#4735 = AXIS2_PLACEMENT_3D ( 'NONE', #8138, #1810, #4636 ) ;
#4736 = FACE_OUTER_BOUND ( 'NONE', #906, .T. ) ;
#4737 = VECTOR ( 'NONE', #4044, 1000.000000000000000 ) ;
#4738 = FILL_AREA_STYLE ('',( #2609 ) ) ;
#4739 = CARTESIAN_POINT ( 'NONE',  ( 2.000000000000000000, 0.002500000000000000052, 0.3649999999999999911 ) ) ;
#4740 = SURFACE_SIDE_STYLE ('',( #5438 ) ) ;
#4741 = ORIENTED_EDGE ( 'NONE', *, *, #2823, .F. ) ;
#4742 =( GEOMETRIC_REPRESENTATION_CONTEXT ( 3 ) GLOBAL_UNCERTAINTY_ASSIGNED_CONTEXT ( ( #7011 ) ) GLOBAL_UNIT_ASSIGNED_CONTEXT ( ( #3006, #1615, #3852 ) ) REPRESENTATION_CONTEXT ( 'NONE', 'WORKASPACE' ) );
#4743 = LINE ( 'NONE', #3252, #6076 ) ;
#4744 = AXIS2_PLACEMENT_3D ( 'NONE', #7139, #3463, #4244 ) ;
#4745 = CARTESIAN_POINT ( 'NONE',  ( -0.6349999999999995648, 0.002499999999999997450, -1.600000000000000089 ) ) ;
#4746 =( GEOMETRIC_REPRESENTATION_CONTEXT ( 3 ) GLOBAL_UNCERTAINTY_ASSIGNED_CONTEXT ( ( #7387 ) ) GLOBAL_UNIT_ASSIGNED_CONTEXT ( ( #4882, #562, #2755 ) ) REPRESENTATION_CONTEXT ( 'NONE', 'WORKASPACE' ) );
#4747 = EDGE_LOOP ( 'NONE', ( #6187, #638, #2933, #4027 ) ) ;
#4748 = CARTESIAN_POINT ( 'NONE',  ( 2.000000000000000000, 0.002500000000000000052, 1.135000000000000231 ) ) ;
#4749 = VECTOR ( 'NONE', #5228, 1000.000000000000000 ) ;
#4750 = SURFACE_STYLE_USAGE ( .BOTH. , #8855 ) ;
#4751 = ADVANCED_FACE ( 'NONE', ( #6350 ), #5613, .F. ) ;
#4752 = CARTESIAN_POINT ( 'NONE',  ( 1.499999999999999778, 0.9000000000000000222, -1.399999999999999911 ) ) ;
#4753 = VERTEX_POINT ( 'NONE', #6999 ) ;
#4754 = EDGE_CURVE ( 'NONE', #1796, #5494, #8409, .T. ) ;
#4755 = ORIENTED_EDGE ( 'NONE', *, *, #1909, .F. ) ;
#4756 = DIRECTION ( 'NONE',  ( 0.0000000000000000000, -1.000000000000000000, 0.0000000000000000000 ) ) ;
#4757 = AXIS2_PLACEMENT_3D ( 'NONE', #4134, #5637, #7751 ) ;
#4758 = VECTOR ( 'NONE', #6274, 1000.000000000000000 ) ;
#4759 = AXIS2_PLACEMENT_3D ( 'NONE', #8666, #7165, #2351 ) ;
#4760 =( NAMED_UNIT ( * ) PLANE_ANGLE_UNIT ( ) SI_UNIT ( $, .RADIAN. ) );
#4761 =( LENGTH_UNIT ( ) NAMED_UNIT ( * ) SI_UNIT ( .MILLI., .METRE. ) );
#4762 = VERTEX_POINT ( 'NONE', #1343 ) ;
#4763 = EDGE_CURVE ( 'NONE', #5326, #3808, #4952, .T. ) ;
#4764 = SURFACE_SIDE_STYLE ('',( #1804 ) ) ;
#4765 = AXIS2_PLACEMENT_3D ( 'NONE', #4465, #3774, #5797 ) ;
#4766 = ORIENTED_EDGE ( 'NONE', *, *, #7629, .F. ) ;
#4767 = ORIENTED_EDGE ( 'NONE', *, *, #486, .T. ) ;
#4768 = STYLED_ITEM ( 'NONE', ( #4716 ), #2217 ) ;
#4769 = DIRECTION ( 'NONE',  ( 1.000000000000000000, 0.0000000000000000000, 0.0000000000000000000 ) ) ;
#4770 = CARTESIAN_POINT ( 'NONE',  ( 0.6350000000000004530, 0.002500000000000001787, -1.600000000000000089 ) ) ;
#4771 = PLANE ( 'NONE',  #1589 ) ;
#4772 = STYLED_ITEM ( 'NONE', ( #3505 ), #8925 ) ;
#4773 = LINE ( 'NONE', #6824, #2469 ) ;
#4774 = COLOUR_RGB ( '',1.000000000000000000, 1.000000000000000000, 1.000000000000000000 ) ;
#4775 = FACE_OUTER_BOUND ( 'NONE', #1445, .T. ) ;
#4776 = CARTESIAN_POINT ( 'NONE',  ( 1.365000000000000435, 2.975525575834778034E-18, -2.000000000000000000 ) ) ;
#4777 =( LENGTH_UNIT ( ) NAMED_UNIT ( * ) SI_UNIT ( .MILLI., .METRE. ) );
#4778 = CARTESIAN_POINT ( 'NONE',  ( -2.000000000000000000, 0.0000000000000000000, -0.8649999999999999911 ) ) ;
#4779 = FACE_OUTER_BOUND ( 'NONE', #8379, .T. ) ;
#4780 = MECHANICAL_DESIGN_GEOMETRIC_PRESENTATION_REPRESENTATION (  '', ( #1228 ), #1963 ) ;
#4781 = AXIS2_PLACEMENT_3D ( 'NONE', #1765, #5113, #5287 ) ;
#4782 = DIRECTION ( 'NONE',  ( -1.000000000000000000, 0.0000000000000000000, 0.0000000000000000000 ) ) ;
#4783 = UNCERTAINTY_MEASURE_WITH_UNIT (LENGTH_MEASURE( 1.000000000000000082E-05 ), #617, 'distance_accuracy_value', 'NONE');
#4784 = UNCERTAINTY_MEASURE_WITH_UNIT (LENGTH_MEASURE( 1.000000000000000082E-05 ), #2735, 'distance_accuracy_value', 'NONE');
#4785 = SURFACE_STYLE_USAGE ( .BOTH. , #4740 ) ;
#4786 = ORIENTED_EDGE ( 'NONE', *, *, #27, .F. ) ;
#4787 =( GEOMETRIC_REPRESENTATION_CONTEXT ( 3 ) GLOBAL_UNCERTAINTY_ASSIGNED_CONTEXT ( ( #498 ) ) GLOBAL_UNIT_ASSIGNED_CONTEXT ( ( #2715, #4837, #2302 ) ) REPRESENTATION_CONTEXT ( 'NONE', 'WORKASPACE' ) );
#4788 = CARTESIAN_POINT ( 'NONE',  ( 2.001999999999999780, 0.2025000000000000133, 1.135000000000000009 ) ) ;
#4789 = CARTESIAN_POINT ( 'NONE',  ( 0.3650000000000004352, 0.2000000000000000111, 2.001999999999999780 ) ) ;
#4790 = ORIENTED_EDGE ( 'NONE', *, *, #382, .T. ) ;
#4791 =( NAMED_UNIT ( * ) PLANE_ANGLE_UNIT ( ) SI_UNIT ( $, .RADIAN. ) );
#4792 = DIRECTION ( 'NONE',  ( 0.0000000000000000000, -1.000000000000000000, 0.0000000000000000000 ) ) ;
#4793 = ORIENTED_EDGE ( 'NONE', *, *, #1527, .T. ) ;
#4794 = DIRECTION ( 'NONE',  ( -0.0000000000000000000, -0.0000000000000000000, 1.000000000000000000 ) ) ;
#4795 = LINE ( 'NONE', #5642, #1575 ) ;
#4796 = ORIENTED_EDGE ( 'NONE', *, *, #8084, .F. ) ;
#4797 = LINE ( 'NONE', #1276, #6312 ) ;
#4798 = LINE ( 'NONE', #1973, #5860 ) ;
#4799 = FILL_AREA_STYLE_COLOUR ( '', #5931 ) ;
#4800 = EDGE_CURVE ( 'NONE', #3172, #5062, #6202, .T. ) ;
#4801 = DIRECTION ( 'NONE',  ( -1.000000000000000000, 0.0000000000000000000, -2.710505431213761578E-16 ) ) ;
#4802 = LINE ( 'NONE', #7624, #3354 ) ;
#4803 = ORIENTED_EDGE ( 'NONE', *, *, #7374, .T. ) ;
#4804 = SURFACE_STYLE_FILL_AREA ( #1985 ) ;
#4805 = FILL_AREA_STYLE_COLOUR ( '', #8957 ) ;
#4806 = ORIENTED_EDGE ( 'NONE', *, *, #4295, .T. ) ;
#4807 = LINE ( 'NONE', #5650, #4327 ) ;
#4808 = VERTEX_POINT ( 'NONE', #5562 ) ;
#4809 = CARTESIAN_POINT ( 'NONE',  ( -1.250000000000000000, 0.002500000000000000052, -1.250000000000000000 ) ) ;
#4810 = CARTESIAN_POINT ( 'NONE',  ( 1.600000000000000089, 0.0000000000000000000, 1.365000000000000213 ) ) ;
#4811 = EDGE_CURVE ( 'NONE', #4387, #8708, #4069, .T. ) ;
#4812 = DIRECTION ( 'NONE',  ( -0.0000000000000000000, -1.000000000000000000, -0.0000000000000000000 ) ) ;
#4813 = AXIS2_PLACEMENT_3D ( 'NONE', #559, #6134, #2663 ) ;
#4814 = STYLED_ITEM ( 'NONE', ( #3372 ), #3049 ) ;
#4815 = FACE_OUTER_BOUND ( 'NONE', #765, .T. ) ;
#4816 = FILL_AREA_STYLE ('',( #2699 ) ) ;
#4817 = DIRECTION ( 'NONE',  ( -0.0000000000000000000, -1.000000000000000000, -0.0000000000000000000 ) ) ;
#4818 = LINE ( 'NONE', #1302, #1101 ) ;
#4819 = VECTOR ( 'NONE', #3753, 1000.000000000000000 ) ;
#4820 = CARTESIAN_POINT ( 'NONE',  ( 1.365000000000000435, 2.980301110709575655E-17, 2.001999999999999780 ) ) ;
#4821 = VECTOR ( 'NONE', #4582, 1000.000000000000000 ) ;
#4822 = SURFACE_SIDE_STYLE ('',( #2004 ) ) ;
#4823 = ORIENTED_EDGE ( 'NONE', *, *, #1978, .T. ) ;
#4824 =( NAMED_UNIT ( * ) PLANE_ANGLE_UNIT ( ) SI_UNIT ( $, .RADIAN. ) );
#4825 =( GEOMETRIC_REPRESENTATION_CONTEXT ( 3 ) GLOBAL_UNCERTAINTY_ASSIGNED_CONTEXT ( ( #8021 ) ) GLOBAL_UNIT_ASSIGNED_CONTEXT ( ( #4900, #2035, #6949 ) ) REPRESENTATION_CONTEXT ( 'NONE', 'WORKASPACE' ) );
#4826 = SURFACE_STYLE_FILL_AREA ( #2007 ) ;
#4827 = SURFACE_SIDE_STYLE ('',( #3382 ) ) ;
#4828 = ORIENTED_EDGE ( 'NONE', *, *, #2154, .T. ) ;
#4829 = CARTESIAN_POINT ( 'NONE',  ( 1.135000000000000453, 2.975525575834778034E-18, -2.000000000000000000 ) ) ;
#4830 = ORIENTED_EDGE ( 'NONE', *, *, #8489, .T. ) ;
#4831 = PRESENTATION_LAYER_ASSIGNMENT (  '', '', ( #7647 ) ) ;
#4832 = COLOUR_RGB ( '',1.000000000000000000, 1.000000000000000000, 1.000000000000000000 ) ;
#4833 = AXIS2_PLACEMENT_3D ( 'NONE', #5514, #6951, #4903 ) ;
#4834 = SURFACE_STYLE_FILL_AREA ( #9046 ) ;
#4835 = PRESENTATION_STYLE_ASSIGNMENT (( #6140 ) ) ;
#4836 = DIRECTION ( 'NONE',  ( 0.0000000000000000000, -0.0000000000000000000, -1.000000000000000000 ) ) ;
#4837 =( NAMED_UNIT ( * ) PLANE_ANGLE_UNIT ( ) SI_UNIT ( $, .RADIAN. ) );
#4838 = EDGE_LOOP ( 'NONE', ( #6121, #1135, #6325, #8415 ) ) ;
#4839 = DIRECTION ( 'NONE',  ( 2.710505431213761578E-16, 0.0000000000000000000, 1.000000000000000000 ) ) ;
#4840 =( GEOMETRIC_REPRESENTATION_CONTEXT ( 3 ) GLOBAL_UNCERTAINTY_ASSIGNED_CONTEXT ( ( #7311 ) ) GLOBAL_UNIT_ASSIGNED_CONTEXT ( ( #4247, #2322, #2825 ) ) REPRESENTATION_CONTEXT ( 'NONE', 'WORKASPACE' ) );
#4841 = STYLED_ITEM ( 'NONE', ( #2817 ), #5507 ) ;
#4842 = CARTESIAN_POINT ( 'NONE',  ( -0.6349999999999995648, 0.1999999999999999833, 2.001999999999999780 ) ) ;
#4843 = ORIENTED_EDGE ( 'NONE', *, *, #5276, .F. ) ;
#4844 = CARTESIAN_POINT ( 'NONE',  ( 2.001999999999999780, 0.2025000000000000133, -0.8650000000000001021 ) ) ;
#4845 = CARTESIAN_POINT ( 'NONE',  ( -2.000000000000000000, 0.2025000000000000133, 0.1349999999999998701 ) ) ;
#4846 = PRESENTATION_LAYER_ASSIGNMENT (  '', '', ( #2922 ) ) ;
#4847 = DIRECTION ( 'NONE',  ( 0.0000000000000000000, -0.0000000000000000000, -1.000000000000000000 ) ) ;
#4848 = DIRECTION ( 'NONE',  ( 0.0000000000000000000, 0.0000000000000000000, 1.000000000000000000 ) ) ;
#4849 = FACE_OUTER_BOUND ( 'NONE', #8661, .T. ) ;
#4850 = EDGE_LOOP ( 'NONE', ( #4828, #7068, #4741, #3655 ) ) ;
#4851 =( GEOMETRIC_REPRESENTATION_CONTEXT ( 3 ) GLOBAL_UNCERTAINTY_ASSIGNED_CONTEXT ( ( #5435 ) ) GLOBAL_UNIT_ASSIGNED_CONTEXT ( ( #4122, #3576, #6970 ) ) REPRESENTATION_CONTEXT ( 'NONE', 'WORKASPACE' ) );
#4852 = ORIENTED_EDGE ( 'NONE', *, *, #5237, .T. ) ;
#4853 =( LENGTH_UNIT ( ) NAMED_UNIT ( * ) SI_UNIT ( .MILLI., .METRE. ) );
#4854 = DIRECTION ( 'NONE',  ( -0.7071067811865474617, 0.0000000000000000000, 0.7071067811865474617 ) ) ;
#4855 = COLOUR_RGB ( '',1.000000000000000000, 1.000000000000000000, 1.000000000000000000 ) ;
#4856 = ORIENTED_EDGE ( 'NONE', *, *, #4529, .F. ) ;
#4857 = CARTESIAN_POINT ( 'NONE',  ( 1.600000000000000089, 0.0000000000000000000, 0.8649999999999999911 ) ) ;
#4858 = CARTESIAN_POINT ( 'NONE',  ( 0.3650000000000004352, 0.2000000000000000111, -2.000000000000000000 ) ) ;
#4859 = EDGE_CURVE ( 'NONE', #5449, #5283, #9074, .T. ) ;
#4860 = FILL_AREA_STYLE_COLOUR ( '', #5880 ) ;
#4861 = EDGE_CURVE ( 'NONE', #8590, #7361, #7095, .T. ) ;
#4862 = DIRECTION ( 'NONE',  ( 1.000000000000000000, 0.0000000000000000000, 0.0000000000000000000 ) ) ;
#4863 = UNCERTAINTY_MEASURE_WITH_UNIT (LENGTH_MEASURE( 1.000000000000000082E-05 ), #2483, 'distance_accuracy_value', 'NONE');
#4864 = PLANE ( 'NONE',  #63 ) ;
#4865 = LINE ( 'NONE', #4778, #62 ) ;
#4866 = FILL_AREA_STYLE_COLOUR ( '', #2969 ) ;
#4867 = STYLED_ITEM ( 'NONE', ( #6338 ), #7019 ) ;
#4868 = SURFACE_STYLE_USAGE ( .BOTH. , #7192 ) ;
#4869 = ORIENTED_EDGE ( 'NONE', *, *, #4169, .F. ) ;
#4870 = EDGE_CURVE ( 'NONE', #3063, #7290, #8320, .T. ) ;
#4871 = FACE_OUTER_BOUND ( 'NONE', #7062, .T. ) ;
#4872 = UNCERTAINTY_MEASURE_WITH_UNIT (LENGTH_MEASURE( 1.000000000000000082E-05 ), #632, 'distance_accuracy_value', 'NONE');
#4873 = PLANE ( 'NONE',  #2842 ) ;
#4874 = ORIENTED_EDGE ( 'NONE', *, *, #3114, .F. ) ;
#4875 = ADVANCED_FACE ( 'NONE', ( #4159 ), #9169, .T. ) ;
#4876 = FACE_OUTER_BOUND ( 'NONE', #4657, .T. ) ;
#4877 = SURFACE_STYLE_FILL_AREA ( #2114 ) ;
#4878 =( NAMED_UNIT ( * ) SI_UNIT ( $, .STERADIAN. ) SOLID_ANGLE_UNIT ( ) );
#4879 = AXIS2_PLACEMENT_3D ( 'NONE', #7194, #73, #4357 ) ;
#4880 = ORIENTED_EDGE ( 'NONE', *, *, #3865, .F. ) ;
#4881 = MECHANICAL_DESIGN_GEOMETRIC_PRESENTATION_REPRESENTATION (  '', ( #4274 ), #7686 ) ;
#4882 =( LENGTH_UNIT ( ) NAMED_UNIT ( * ) SI_UNIT ( .MILLI., .METRE. ) );
#4883 = COLOUR_RGB ( '',1.000000000000000000, 1.000000000000000000, 1.000000000000000000 ) ;
#4884 = PRESENTATION_LAYER_ASSIGNMENT (  '', '', ( #6821 ) ) ;
#4885 = AXIS2_PLACEMENT_3D ( 'NONE', #1165, #8316, #6077 ) ;
#4886 = DIRECTION ( 'NONE',  ( 0.0000000000000000000, 0.0000000000000000000, 1.000000000000000000 ) ) ;
#4887 =( NAMED_UNIT ( * ) PLANE_ANGLE_UNIT ( ) SI_UNIT ( $, .RADIAN. ) );
#4888 = ORIENTED_EDGE ( 'NONE', *, *, #2382, .F. ) ;
#4889 =( NAMED_UNIT ( * ) SI_UNIT ( $, .STERADIAN. ) SOLID_ANGLE_UNIT ( ) );
#4890 = COLOUR_RGB ( '',1.000000000000000000, 1.000000000000000000, 1.000000000000000000 ) ;
#4891 = EDGE_LOOP ( 'NONE', ( #2178, #3573, #1824, #6517 ) ) ;
#4892 = CARTESIAN_POINT ( 'NONE',  ( 0.6350000000000003419, 0.2000000000000000389, 2.000000000000000000 ) ) ;
#4893 = CARTESIAN_POINT ( 'NONE',  ( -1.364999999999999769, 0.1999999999999999556, 2.001999999999999780 ) ) ;
#4894 = VECTOR ( 'NONE', #2460, 1000.000000000000000 ) ;
#4895 = FILL_AREA_STYLE_COLOUR ( '', #7431 ) ;
#4896 = LINE ( 'NONE', #4943, #8895 ) ;
#4897 = CARTESIAN_POINT ( 'NONE',  ( 2.001999999999999780, 0.002500000000000000052, -1.135000000000000231 ) ) ;
#4898 = ORIENTED_EDGE ( 'NONE', *, *, #5547, .F. ) ;
#4899 = STYLED_ITEM ( 'NONE', ( #1103 ), #1717 ) ;
#4900 =( LENGTH_UNIT ( ) NAMED_UNIT ( * ) SI_UNIT ( .MILLI., .METRE. ) );
#4901 = VERTEX_POINT ( 'NONE', #6589 ) ;
#4902 = PLANE ( 'NONE',  #1515 ) ;
#4903 = DIRECTION ( 'NONE',  ( 0.0000000000000000000, 0.0000000000000000000, 1.000000000000000000 ) ) ;
#4904 = MECHANICAL_DESIGN_GEOMETRIC_PRESENTATION_REPRESENTATION (  '', ( #5501 ), #8291 ) ;
#4905 = FACE_OUTER_BOUND ( 'NONE', #1855, .T. ) ;
#4906 = FILL_AREA_STYLE_COLOUR ( '', #2085 ) ;
#4907 = COLOUR_RGB ( '',1.000000000000000000, 1.000000000000000000, 1.000000000000000000 ) ;
#4908 = FACE_OUTER_BOUND ( 'NONE', #5028, .T. ) ;
#4909 = AXIS2_PLACEMENT_3D ( 'NONE', #7563, #1903, #1860 ) ;
#4910 =( NAMED_UNIT ( * ) SI_UNIT ( $, .STERADIAN. ) SOLID_ANGLE_UNIT ( ) );
#4911 = SURFACE_STYLE_FILL_AREA ( #4816 ) ;
#4912 = SURFACE_SIDE_STYLE ('',( #8321 ) ) ;
#4913 =( NAMED_UNIT ( * ) SI_UNIT ( $, .STERADIAN. ) SOLID_ANGLE_UNIT ( ) );
#4914 = VECTOR ( 'NONE', #1461, 1000.000000000000000 ) ;
#4915 = FILL_AREA_STYLE_COLOUR ( '', #818 ) ;
#4916 = VERTEX_POINT ( 'NONE', #2427 ) ;
#4917 = ADVANCED_FACE ( 'NONE', ( #3611 ), #1475, .T. ) ;
#4918 = CARTESIAN_POINT ( 'NONE',  ( 1.600000000000000089, 0.002500000000000000052, -1.365000000000000213 ) ) ;
#4919 = ORIENTED_EDGE ( 'NONE', *, *, #858, .F. ) ;
#4920 =( LENGTH_UNIT ( ) NAMED_UNIT ( * ) SI_UNIT ( .MILLI., .METRE. ) );
#4921 = EDGE_CURVE ( 'NONE', #8834, #8808, #822, .T. ) ;
#4922 = DIRECTION ( 'NONE',  ( 0.0000000000000000000, 0.0000000000000000000, 1.000000000000000000 ) ) ;
#4923 = SURFACE_STYLE_FILL_AREA ( #7010 ) ;
#4924 = ORIENTED_EDGE ( 'NONE', *, *, #1920, .T. ) ;
#4925 = CARTESIAN_POINT ( 'NONE',  ( -1.250000000000000000, 0.002500000000000000052, 1.250000000000000000 ) ) ;
#4926 =( NAMED_UNIT ( * ) SI_UNIT ( $, .STERADIAN. ) SOLID_ANGLE_UNIT ( ) );
#4927 = AXIS2_PLACEMENT_3D ( 'NONE', #7060, #6145, #8516 ) ;
#4928 = STYLED_ITEM ( 'NONE', ( #3664 ), #2716 ) ;
#4929 = ORIENTED_EDGE ( 'NONE', *, *, #2656, .F. ) ;
#4930 = EDGE_CURVE ( 'NONE', #7175, #489, #7869, .T. ) ;
#4931 = ADVANCED_FACE ( 'NONE', ( #874 ), #2324, .F. ) ;
#4932 = CARTESIAN_POINT ( 'NONE',  ( 0.6350000000000003419, 0.002500000000000006557, 2.000000000000000000 ) ) ;
#4933 = MECHANICAL_DESIGN_GEOMETRIC_PRESENTATION_REPRESENTATION (  '', ( #4928 ), #8763 ) ;
#4934 = CARTESIAN_POINT ( 'NONE',  ( -1.600000000000000089, 0.0000000000000000000, -1.365000000000000213 ) ) ;
#4935 = EDGE_LOOP ( 'NONE', ( #1007, #1311, #8312, #351 ) ) ;
#4936 = CARTESIAN_POINT ( 'NONE',  ( -1.134999999999999787, 0.1999999999999999556, -2.001999999999999780 ) ) ;
#4937 = FILL_AREA_STYLE ('',( #2126 ) ) ;
#4938 = EDGE_CURVE ( 'NONE', #6417, #1637, #5876, .T. ) ;
#4939 = MECHANICAL_DESIGN_GEOMETRIC_PRESENTATION_REPRESENTATION (  '', ( #5102 ), #953 ) ;
#4940 = AXIS2_PLACEMENT_3D ( 'NONE', #3260, #4661, #7495 ) ;
#4941 = DIRECTION ( 'NONE',  ( -0.0000000000000000000, -1.000000000000000000, -0.0000000000000000000 ) ) ;
#4942 = LINE ( 'NONE', #1507, #3716 ) ;
#4943 = CARTESIAN_POINT ( 'NONE',  ( -2.001999999999999780, 0.2025000000000000133, 0.3649999999999998801 ) ) ;
#4944 = SURFACE_STYLE_FILL_AREA ( #2172 ) ;
#4945 = DIRECTION ( 'NONE',  ( -0.0000000000000000000, 0.0000000000000000000, -1.000000000000000000 ) ) ;
#4947 = VERTEX_POINT ( 'NONE', #1676 ) ;
#4946 = COLOUR_RGB ( '',1.000000000000000000, 1.000000000000000000, 1.000000000000000000 ) ;
#4948 = CARTESIAN_POINT ( 'NONE',  ( 2.001999999999999780, 0.002500000000000000052, 1.135000000000000009 ) ) ;
#4949 = ORIENTED_EDGE ( 'NONE', *, *, #7089, .F. ) ;
#4950 = LINE ( 'NONE', #7036, #905 ) ;
#4951 = SURFACE_SIDE_STYLE ('',( #4348 ) ) ;
#4952 = LINE ( 'NONE', #3415, #6910 ) ;
#4953 = UNCERTAINTY_MEASURE_WITH_UNIT (LENGTH_MEASURE( 1.000000000000000082E-05 ), #7357, 'distance_accuracy_value', 'NONE');
#4954 = FACE_OUTER_BOUND ( 'NONE', #3690, .T. ) ;
#4955 =( NAMED_UNIT ( * ) PLANE_ANGLE_UNIT ( ) SI_UNIT ( $, .RADIAN. ) );
#4956 =( NAMED_UNIT ( * ) PLANE_ANGLE_UNIT ( ) SI_UNIT ( $, .RADIAN. ) );
#4957 = PRESENTATION_STYLE_ASSIGNMENT (( #3101 ) ) ;
#4958 = ORIENTED_EDGE ( 'NONE', *, *, #6927, .T. ) ;
#4959 = PLANE ( 'NONE',  #4639 ) ;
#4960 = VERTEX_POINT ( 'NONE', #3274 ) ;
#4961 =( NAMED_UNIT ( * ) PLANE_ANGLE_UNIT ( ) SI_UNIT ( $, .RADIAN. ) );
#4962 = UNCERTAINTY_MEASURE_WITH_UNIT (LENGTH_MEASURE( 1.000000000000000082E-05 ), #1298, 'distance_accuracy_value', 'NONE');
#4963 = VECTOR ( 'NONE', #6316, 1000.000000000000000 ) ;
#4964 = PRESENTATION_LAYER_ASSIGNMENT (  '', '', ( #2316 ) ) ;
#4965 = LINE ( 'NONE', #2838, #4296 ) ;
#4966 = ORIENTED_EDGE ( 'NONE', *, *, #2835, .T. ) ;
#4967 = DIRECTION ( 'NONE',  ( 1.000000000000000000, 0.0000000000000000000, 0.0000000000000000000 ) ) ;
#4968 = FACE_OUTER_BOUND ( 'NONE', #4747, .T. ) ;
#4969 = EDGE_CURVE ( 'NONE', #5169, #138, #8965, .T. ) ;
#4970 = ORIENTED_EDGE ( 'NONE', *, *, #6507, .T. ) ;
#4971 = SURFACE_STYLE_USAGE ( .BOTH. , #3631 ) ;
#4972 = AXIS2_PLACEMENT_3D ( 'NONE', #8706, #8797, #2523 ) ;
#4973 = STYLED_ITEM ( 'NONE', ( #5047 ), #3550 ) ;
#4974 = DIRECTION ( 'NONE',  ( 1.000000000000000000, 0.0000000000000000000, -2.710505431213761578E-16 ) ) ;
#4975 = EDGE_CURVE ( 'NONE', #6329, #7018, #5278, .T. ) ;
#4976 = ADVANCED_FACE ( 'NONE', ( #6724 ), #2593, .T. ) ;
#4977 = ADVANCED_FACE ( 'NONE', ( #1024 ), #1715, .T. ) ;
#4978 = CARTESIAN_POINT ( 'NONE',  ( 1.365000000000000435, 0.2000000000000000389, 2.000000000000000000 ) ) ;
#4979 = ORIENTED_EDGE ( 'NONE', *, *, #2995, .T. ) ;
#4980 = CARTESIAN_POINT ( 'NONE',  ( 1.600000000000000089, 0.0000000000000000000, -0.6350000000000000089 ) ) ;
#4981 = VECTOR ( 'NONE', #5760, 1000.000000000000000 ) ;
#4982 = ORIENTED_EDGE ( 'NONE', *, *, #7447, .T. ) ;
#4983 = AXIS2_PLACEMENT_3D ( 'NONE', #7983, #141, #1600 ) ;
#4984 = PRESENTATION_STYLE_ASSIGNMENT (( #1405 ) ) ;
#4985 = ADVANCED_FACE ( 'NONE', ( #8172 ), #3978, .T. ) ;
#4986 = CARTESIAN_POINT ( 'NONE',  ( -1.134999999999999787, 0.1999999999999999556, -2.001999999999999780 ) ) ;
#4987 = VECTOR ( 'NONE', #101, 1000.000000000000000 ) ;
#4988 = FILL_AREA_STYLE ('',( #5686 ) ) ;
#4989 = STYLED_ITEM ( 'NONE', ( #7741 ), #4600 ) ;
#4990 = CARTESIAN_POINT ( 'NONE',  ( 0.3650000000000004352, 0.002500000000000000052, 2.000000000000000000 ) ) ;
#4991 = MECHANICAL_DESIGN_GEOMETRIC_PRESENTATION_REPRESENTATION (  '', ( #8225 ), #2185 ) ;
#4992 = DIRECTION ( 'NONE',  ( 1.000000000000000000, -0.0000000000000000000, -0.0000000000000000000 ) ) ;
#4993 = CARTESIAN_POINT ( 'NONE',  ( 0.3650000000000004352, 0.2000000000000000111, 2.001999999999999780 ) ) ;
#4994 = ORIENTED_EDGE ( 'NONE', *, *, #7435, .T. ) ;
#4995 = PLANE ( 'NONE',  #715 ) ;
#4996 =( NAMED_UNIT ( * ) SI_UNIT ( $, .STERADIAN. ) SOLID_ANGLE_UNIT ( ) );
#4997 = ORIENTED_EDGE ( 'NONE', *, *, #974, .F. ) ;
#4998 = LINE ( 'NONE', #2227, #3897 ) ;
#4999 = SURFACE_STYLE_USAGE ( .BOTH. , #5776 ) ;
#5000 = EDGE_CURVE ( 'NONE', #647, #3134, #7761, .T. ) ;
#5001 = DIRECTION ( 'NONE',  ( -1.000000000000000000, -0.0000000000000000000, 4.065758146820642614E-16 ) ) ;
#5002 =( GEOMETRIC_REPRESENTATION_CONTEXT ( 3 ) GLOBAL_UNCERTAINTY_ASSIGNED_CONTEXT ( ( #3864 ) ) GLOBAL_UNIT_ASSIGNED_CONTEXT ( ( #6396, #2233, #5060 ) ) REPRESENTATION_CONTEXT ( 'NONE', 'WORKASPACE' ) );
#5003 = AXIS2_PLACEMENT_3D ( 'NONE', #5145, #3607, #4442 ) ;
#5004 = CARTESIAN_POINT ( 'NONE',  ( -0.6349999999999995648, -2.980301110709575655E-17, -2.001999999999999780 ) ) ;
#5005 = DIRECTION ( 'NONE',  ( -1.000000000000000000, 0.0000000000000000000, -4.065758146820642614E-16 ) ) ;
#5006 = DIRECTION ( 'NONE',  ( -1.000000000000000000, -0.0000000000000000000, 4.065758146820642614E-16 ) ) ;
#5007 = DIRECTION ( 'NONE',  ( 0.0000000000000000000, 0.0000000000000000000, 1.000000000000000000 ) ) ;
#5008 = ORIENTED_EDGE ( 'NONE', *, *, #7976, .T. ) ;
#5009 = DIRECTION ( 'NONE',  ( 0.0000000000000000000, 0.0000000000000000000, 1.000000000000000000 ) ) ;
#5010 = VECTOR ( 'NONE', #2859, 1000.000000000000000 ) ;
#5011 = DIRECTION ( 'NONE',  ( 1.000000000000000000, 0.0000000000000000000, 0.0000000000000000000 ) ) ;
#5012 = LINE ( 'NONE', #6593, #8473 ) ;
#5013 = ORIENTED_EDGE ( 'NONE', *, *, #3963, .F. ) ;
#5014 = CARTESIAN_POINT ( 'NONE',  ( 0.3650000000000004352, 0.2000000000000000111, 2.000000000000000000 ) ) ;
#5015 = ORIENTED_EDGE ( 'NONE', *, *, #4969, .F. ) ;
#5016 = PRESENTATION_LAYER_ASSIGNMENT (  '', '', ( #8533 ) ) ;
#5017 = PLANE ( 'NONE',  #3342 ) ;
#5018 = LINE ( 'NONE', #1488, #4717 ) ;
#5019 = AXIS2_PLACEMENT_3D ( 'NONE', #8019, #884, #7199 ) ;
#5020 = ORIENTED_EDGE ( 'NONE', *, *, #8354, .T. ) ;
#5021 = DIRECTION ( 'NONE',  ( 1.000000000000000000, -0.0000000000000000000, -0.0000000000000000000 ) ) ;
#5022 = CARTESIAN_POINT ( 'NONE',  ( -0.1349999999999995925, -1.490150555354787828E-17, 1.600000000000000089 ) ) ;
#5023 = DIRECTION ( 'NONE',  ( 0.0000000000000000000, 0.0000000000000000000, -1.000000000000000000 ) ) ;
#5024 = ORIENTED_EDGE ( 'NONE', *, *, #5215, .T. ) ;
#5025 = STYLED_ITEM ( 'NONE', ( #1097 ), #39 ) ;
#5026 = CARTESIAN_POINT ( 'NONE',  ( 1.135000000000000453, 0.2000000000000000389, -2.001999999999999780 ) ) ;
#5027 = DIRECTION ( 'NONE',  ( 0.0000000000000000000, -1.000000000000000000, 0.0000000000000000000 ) ) ;
#5028 = EDGE_LOOP ( 'NONE', ( #1832, #369, #4152, #7402 ) ) ;
#5029 = COLOUR_RGB ( '',1.000000000000000000, 1.000000000000000000, 1.000000000000000000 ) ;
#5030 = DIRECTION ( 'NONE',  ( -0.0000000000000000000, -0.0000000000000000000, 1.000000000000000000 ) ) ;
#5031 = COLOUR_RGB ( '',1.000000000000000000, 1.000000000000000000, 1.000000000000000000 ) ;
#5032 = ORIENTED_EDGE ( 'NONE', *, *, #1296, .F. ) ;
#5033 = SURFACE_SIDE_STYLE ('',( #2214 ) ) ;
#5034 = VECTOR ( 'NONE', #5811, 1000.000000000000000 ) ;
#5035 = DIRECTION ( 'NONE',  ( -1.000000000000000000, -0.0000000000000000000, -0.0000000000000000000 ) ) ;
#5036 = ORIENTED_EDGE ( 'NONE', *, *, #8184, .F. ) ;
#5037 = DIRECTION ( 'NONE',  ( 0.0000000000000000000, 0.0000000000000000000, 1.000000000000000000 ) ) ;
#5038 = EDGE_CURVE ( 'NONE', #7822, #2864, #7625, .T. ) ;
#5039 = VECTOR ( 'NONE', #310, 1000.000000000000000 ) ;
#5040 = VECTOR ( 'NONE', #4769, 1000.000000000000000 ) ;
#5041 = DIRECTION ( 'NONE',  ( -1.000000000000000000, 0.0000000000000000000, -0.0000000000000000000 ) ) ;
#5042 = EDGE_CURVE ( 'NONE', #7931, #1200, #7081, .T. ) ;
#5043 = CARTESIAN_POINT ( 'NONE',  ( 0.6350000000000003419, 0.2000000000000000389, -2.001999999999999780 ) ) ;
#5044 = LINE ( 'NONE', #3651, #2912 ) ;
#5045 = ORIENTED_EDGE ( 'NONE', *, *, #3440, .T. ) ;
#5046 = LINE ( 'NONE', #2133, #5470 ) ;
#5047 = PRESENTATION_STYLE_ASSIGNMENT (( #8540 ) ) ;
#5048 = ORIENTED_EDGE ( 'NONE', *, *, #8188, .F. ) ;
#5049 = SURFACE_SIDE_STYLE ('',( #199 ) ) ;
#5050 = SURFACE_SIDE_STYLE ('',( #3553 ) ) ;
#5051 = AXIS2_PLACEMENT_3D ( 'NONE', #1021, #5196, #5243 ) ;
#5052 = COLOUR_RGB ( '',1.000000000000000000, 1.000000000000000000, 1.000000000000000000 ) ;
#5053 = PLANE ( 'NONE',  #747 ) ;
#5054 = ADVANCED_FACE ( 'NONE', ( #4849 ), #3547, .T. ) ;
#5055 = CARTESIAN_POINT ( 'NONE',  ( -2.000000000000000000, 0.0000000000000000000, 0.1350000000000000366 ) ) ;
#5056 = SURFACE_STYLE_USAGE ( .BOTH. , #4951 ) ;
#5057 = VECTOR ( 'NONE', #4231, 1000.000000000000000 ) ;
#5058 = ADVANCED_FACE ( 'NONE', ( #5460 ), #4058, .F. ) ;
#5059 = VECTOR ( 'NONE', #8235, 1000.000000000000000 ) ;
#5060 =( NAMED_UNIT ( * ) SI_UNIT ( $, .STERADIAN. ) SOLID_ANGLE_UNIT ( ) );
#5061 = PRESENTATION_STYLE_ASSIGNMENT (( #8689 ) ) ;
#5062 = VERTEX_POINT ( 'NONE', #8585 ) ;
#5063 = PLANE ( 'NONE',  #558 ) ;
#5064 =( GEOMETRIC_REPRESENTATION_CONTEXT ( 3 ) GLOBAL_UNCERTAINTY_ASSIGNED_CONTEXT ( ( #3574 ) ) GLOBAL_UNIT_ASSIGNED_CONTEXT ( ( #6323, #8434, #3635 ) ) REPRESENTATION_CONTEXT ( 'NONE', 'WORKASPACE' ) );
#5065 = PLANE ( 'NONE',  #3932 ) ;
#5066 = SURFACE_STYLE_USAGE ( .BOTH. , #8013 ) ;
#5067 = ORIENTED_EDGE ( 'NONE', *, *, #1934, .T. ) ;
#5068 = MECHANICAL_DESIGN_GEOMETRIC_PRESENTATION_REPRESENTATION (  '', ( #8736 ), #8440 ) ;
#5069 = DIRECTION ( 'NONE',  ( 0.0000000000000000000, -1.000000000000000000, 0.0000000000000000000 ) ) ;
#5070 = ORIENTED_EDGE ( 'NONE', *, *, #2407, .F. ) ;
#5071 = AXIS2_PLACEMENT_3D ( 'NONE', #6971, #643, #8329 ) ;
#5072 = FILL_AREA_STYLE ('',( #6406 ) ) ;
#5073 = COLOUR_RGB ( '',1.000000000000000000, 1.000000000000000000, 1.000000000000000000 ) ;
#5074 = UNCERTAINTY_MEASURE_WITH_UNIT (LENGTH_MEASURE( 1.000000000000000082E-05 ), #403, 'distance_accuracy_value', 'NONE');
#5075 = LINE ( 'NONE', #2387, #1218 ) ;
#5076 = ORIENTED_EDGE ( 'NONE', *, *, #2886, .F. ) ;
#5077 = CARTESIAN_POINT ( 'NONE',  ( -2.000000000000000000, 0.0000000000000000000, -0.3649999999999999911 ) ) ;
#5078 = COLOUR_RGB ( '',1.000000000000000000, 1.000000000000000000, 1.000000000000000000 ) ;
#5079 =( NAMED_UNIT ( * ) PLANE_ANGLE_UNIT ( ) SI_UNIT ( $, .RADIAN. ) );
#5080 = DIRECTION ( 'NONE',  ( 0.0000000000000000000, -0.0000000000000000000, -1.000000000000000000 ) ) ;
#5081 = VERTEX_POINT ( 'NONE', #52 ) ;
#5082 = STYLED_ITEM ( 'NONE', ( #8640 ), #2210 ) ;
#5083 = CARTESIAN_POINT ( 'NONE',  ( 2.000000000000000000, 0.002500000000000000052, -1.135000000000000009 ) ) ;
#5084 = SURFACE_SIDE_STYLE ('',( #7354 ) ) ;
#5085 = DIRECTION ( 'NONE',  ( -0.0000000000000000000, -0.0000000000000000000, -1.000000000000000000 ) ) ;
#5086 = ORIENTED_EDGE ( 'NONE', *, *, #1593, .F. ) ;
#5087 =( GEOMETRIC_REPRESENTATION_CONTEXT ( 3 ) GLOBAL_UNCERTAINTY_ASSIGNED_CONTEXT ( ( #5987 ) ) GLOBAL_UNIT_ASSIGNED_CONTEXT ( ( #1104, #6052, #1841 ) ) REPRESENTATION_CONTEXT ( 'NONE', 'WORKASPACE' ) );
#5088 = PRESENTATION_STYLE_ASSIGNMENT (( #1404 ) ) ;
#5089 = PLANE ( 'NONE',  #5427 ) ;
#5090 = CARTESIAN_POINT ( 'NONE',  ( 2.000000000000000000, 0.002500000000000000052, -0.6350000000000000089 ) ) ;
#5091 = VERTEX_POINT ( 'NONE', #2310 ) ;
#5092 = FILL_AREA_STYLE ('',( #2949 ) ) ;
#5093 = CARTESIAN_POINT ( 'NONE',  ( 0.6350000000000005640, 0.2000000000000000944, -2.000000000000000000 ) ) ;
#5094 = DIRECTION ( 'NONE',  ( 0.0000000000000000000, 1.000000000000000000, 0.0000000000000000000 ) ) ;
#5095 = DIRECTION ( 'NONE',  ( 4.065758146820642614E-16, -0.0000000000000000000, 1.000000000000000000 ) ) ;
#5096 = LINE ( 'NONE', #7234, #1876 ) ;
#5097 = ORIENTED_EDGE ( 'NONE', *, *, #6062, .F. ) ;
#5098 = CARTESIAN_POINT ( 'NONE',  ( -1.364999999999999769, -4.470451666064363791E-17, 2.000000000000000000 ) ) ;
#5099 = ORIENTED_EDGE ( 'NONE', *, *, #1764, .F. ) ;
#5100 = FACE_OUTER_BOUND ( 'NONE', #1514, .T. ) ;
#5101 = FILL_AREA_STYLE_COLOUR ( '', #1300 ) ;
#5102 = STYLED_ITEM ( 'NONE', ( #6958 ), #8770 ) ;
#5103 = AXIS2_PLACEMENT_3D ( 'NONE', #2160, #7888, #3033 ) ;
#5104 = EDGE_CURVE ( 'NONE', #3029, #5643, #5044, .T. ) ;
#5105 = LINE ( 'NONE', #2319, #300 ) ;
#5106 =( NAMED_UNIT ( * ) PLANE_ANGLE_UNIT ( ) SI_UNIT ( $, .RADIAN. ) );
#5107 = LINE ( 'NONE', #64, #6636 ) ;
#5108 = ORIENTED_EDGE ( 'NONE', *, *, #3813, .T. ) ;
#5109 = EDGE_CURVE ( 'NONE', #3713, #1415, #2173, .T. ) ;
#5110 = DIRECTION ( 'NONE',  ( -0.0000000000000000000, -0.0000000000000000000, 1.000000000000000000 ) ) ;
#5111 = ORIENTED_EDGE ( 'NONE', *, *, #3910, .F. ) ;
#5112 = ADVANCED_FACE ( 'NONE', ( #7178 ), #151, .F. ) ;
#5113 = DIRECTION ( 'NONE',  ( 0.0000000000000000000, -1.000000000000000000, 0.0000000000000000000 ) ) ;
#5114 = SURFACE_STYLE_USAGE ( .BOTH. , #2289 ) ;
#5115 = LINE ( 'NONE', #125, #7369 ) ;
#5116 = EDGE_CURVE ( 'NONE', #4103, #5814, #5096, .T. ) ;
#5117 = FILL_AREA_STYLE_COLOUR ( '', #4323 ) ;
#5118 = ORIENTED_EDGE ( 'NONE', *, *, #2222, .T. ) ;
#5119 =( LENGTH_UNIT ( ) NAMED_UNIT ( * ) SI_UNIT ( .MILLI., .METRE. ) );
#5120 = DIRECTION ( 'NONE',  ( -1.000000000000000000, 0.0000000000000000000, -0.0000000000000000000 ) ) ;
#5121 = ADVANCED_FACE ( 'NONE', ( #5729 ), #7855, .F. ) ;
#5122 = ORIENTED_EDGE ( 'NONE', *, *, #4713, .T. ) ;
#5123 = DIRECTION ( 'NONE',  ( 0.0000000000000000000, -0.0000000000000000000, -1.000000000000000000 ) ) ;
#5124 = VECTOR ( 'NONE', #9040, 1000.000000000000000 ) ;
#5125 = VECTOR ( 'NONE', #4202, 1000.000000000000000 ) ;
#5126 =( NAMED_UNIT ( * ) SI_UNIT ( $, .STERADIAN. ) SOLID_ANGLE_UNIT ( ) );
#5127 = ORIENTED_EDGE ( 'NONE', *, *, #2328, .T. ) ;
#5128 = CARTESIAN_POINT ( 'NONE',  ( -2.001999999999999780, 0.2025000000000000133, -1.135000000000000231 ) ) ;
#5129 = SURFACE_STYLE_USAGE ( .BOTH. , #3785 ) ;
#5130 = ORIENTED_EDGE ( 'NONE', *, *, #5607, .T. ) ;
#5131 = ORIENTED_EDGE ( 'NONE', *, *, #737, .T. ) ;
#5132 = MECHANICAL_DESIGN_GEOMETRIC_PRESENTATION_REPRESENTATION (  '', ( #8801 ), #5714 ) ;
#5133 =( GEOMETRIC_REPRESENTATION_CONTEXT ( 3 ) GLOBAL_UNCERTAINTY_ASSIGNED_CONTEXT ( ( #8185 ) ) GLOBAL_UNIT_ASSIGNED_CONTEXT ( ( #8968, #1203, #6155 ) ) REPRESENTATION_CONTEXT ( 'NONE', 'WORKASPACE' ) );
#5134 = ORIENTED_EDGE ( 'NONE', *, *, #5226, .T. ) ;
#5135 = AXIS2_PLACEMENT_3D ( 'NONE', #5784, #6537, #8600 ) ;
#5136 = DIRECTION ( 'NONE',  ( -0.0000000000000000000, -0.0000000000000000000, -1.000000000000000000 ) ) ;
#5137 = SURFACE_STYLE_USAGE ( .BOTH. , #1660 ) ;
#5138 = LINE ( 'NONE', #2361, #2500 ) ;
#5139 = VECTOR ( 'NONE', #4620, 1000.000000000000000 ) ;
#5140 = ORIENTED_EDGE ( 'NONE', *, *, #9177, .F. ) ;
#5141 = STYLED_ITEM ( 'NONE', ( #1190 ), #5676 ) ;
#5142 = CARTESIAN_POINT ( 'NONE',  ( -2.001999999999999780, 0.002500000000000000052, 1.135000000000000009 ) ) ;
#5143 = EDGE_LOOP ( 'NONE', ( #894, #4064, #1971, #331, #2789, #6623 ) ) ;
#5144 = PLANE ( 'NONE',  #2573 ) ;
#5145 = CARTESIAN_POINT ( 'NONE',  ( -1.364999999999999769, 0.002499999999999995715, -2.000000000000000000 ) ) ;
#5146 = DIRECTION ( 'NONE',  ( -2.710505431213761578E-16, 0.0000000000000000000, -1.000000000000000000 ) ) ;
#5147 = PLANE ( 'NONE',  #1346 ) ;
#5148 = COLOUR_RGB ( '',1.000000000000000000, 1.000000000000000000, 1.000000000000000000 ) ;
#5149 = LINE ( 'NONE', #2424, #6973 ) ;
#5150 = COLOUR_RGB ( '',1.000000000000000000, 1.000000000000000000, 1.000000000000000000 ) ;
#5151 =( NAMED_UNIT ( * ) SI_UNIT ( $, .STERADIAN. ) SOLID_ANGLE_UNIT ( ) );
#5152 = PRESENTATION_STYLE_ASSIGNMENT (( #3762 ) ) ;
#5153 = ORIENTED_EDGE ( 'NONE', *, *, #2662, .T. ) ;
#5154 = CARTESIAN_POINT ( 'NONE',  ( 0.3650000000000004352, 0.0000000000000000000, 2.001999999999999780 ) ) ;
#5155 = CARTESIAN_POINT ( 'NONE',  ( -1.364999999999999769, 0.1999999999999999556, 2.001999999999999780 ) ) ;
#5156 = VECTOR ( 'NONE', #7911, 1000.000000000000000 ) ;
#5157 = PRESENTATION_LAYER_ASSIGNMENT (  '', '', ( #2488 ) ) ;
#5158 = VERTEX_POINT ( 'NONE', #5688 ) ;
#5159 = FILL_AREA_STYLE ('',( #5837 ) ) ;
#5160 = EDGE_CURVE ( 'NONE', #7631, #7012, #8494, .T. ) ;
#5161 = EDGE_CURVE ( 'NONE', #2307, #7822, #3479, .T. ) ;
#5162 = DIRECTION ( 'NONE',  ( 0.0000000000000000000, 0.0000000000000000000, -1.000000000000000000 ) ) ;
#5163 = MECHANICAL_DESIGN_GEOMETRIC_PRESENTATION_REPRESENTATION (  '', ( #1875 ), #8216 ) ;
#5164 = UNCERTAINTY_MEASURE_WITH_UNIT (LENGTH_MEASURE( 1.000000000000000082E-05 ), #2208, 'distance_accuracy_value', 'NONE');
#5165 = FACE_OUTER_BOUND ( 'NONE', #349, .T. ) ;
#5166 = ORIENTED_EDGE ( 'NONE', *, *, #5956, .T. ) ;
#5167 = LINE ( 'NONE', #7346, #2339 ) ;
#5168 = VECTOR ( 'NONE', #3093, 1000.000000000000000 ) ;
#5169 = VERTEX_POINT ( 'NONE', #645 ) ;
#5170 = LINE ( 'NONE', #1856, #5354 ) ;
#5171 = DIRECTION ( 'NONE',  ( 0.0000000000000000000, -1.000000000000000000, 0.0000000000000000000 ) ) ;
#5172 = EDGE_CURVE ( 'NONE', #2099, #3877, #604, .T. ) ;
#5173 = VECTOR ( 'NONE', #3361, 1000.000000000000000 ) ;
#5174 =( NAMED_UNIT ( * ) PLANE_ANGLE_UNIT ( ) SI_UNIT ( $, .RADIAN. ) );
#5175 = SURFACE_SIDE_STYLE ('',( #800 ) ) ;
#5176 = ORIENTED_EDGE ( 'NONE', *, *, #8870, .F. ) ;
#5177 = CARTESIAN_POINT ( 'NONE',  ( 2.001999999999999780, 0.002500000000000000052, 0.3649999999999998801 ) ) ;
#5178 = FACE_OUTER_BOUND ( 'NONE', #7594, .T. ) ;
#5179 = SURFACE_STYLE_USAGE ( .BOTH. , #8064 ) ;
#5180 = EDGE_LOOP ( 'NONE', ( #8623, #748, #177, #2315 ) ) ;
#5181 = LINE ( 'NONE', #7986, #5920 ) ;
#5182 = VERTEX_POINT ( 'NONE', #3582 ) ;
#5183 = VECTOR ( 'NONE', #5772, 1000.000000000000000 ) ;
#5184 = CARTESIAN_POINT ( 'NONE',  ( 2.001999999999999780, 0.002500000000000000052, -0.1350000000000001477 ) ) ;
#5185 = CARTESIAN_POINT ( 'NONE',  ( -2.000000000000000000, 0.002500000000000000052, -1.135000000000000009 ) ) ;
#5186 = ORIENTED_EDGE ( 'NONE', *, *, #8181, .T. ) ;
#5187 = DIRECTION ( 'NONE',  ( -0.0000000000000000000, -0.0000000000000000000, 1.000000000000000000 ) ) ;
#5188 = AXIS2_PLACEMENT_3D ( 'NONE', #6611, #6563, #904 ) ;
#5189 = EDGE_LOOP ( 'NONE', ( #7916, #7170, #102, #1748 ) ) ;
#5190 = PLANE ( 'NONE',  #1425 ) ;
#5191 = FILL_AREA_STYLE_COLOUR ( '', #7045 ) ;
#5192 = PRESENTATION_LAYER_ASSIGNMENT (  '', '', ( #9170 ) ) ;
#5193 = SURFACE_STYLE_USAGE ( .BOTH. , #160 ) ;
#5194 = MECHANICAL_DESIGN_GEOMETRIC_PRESENTATION_REPRESENTATION (  '', ( #8718 ), #8412 ) ;
#5195 = CARTESIAN_POINT ( 'NONE',  ( -2.000000000000000000, 0.002500000000000000052, 2.000000000000000000 ) ) ;
#5196 = DIRECTION ( 'NONE',  ( -1.000000000000000000, 0.0000000000000000000, 0.0000000000000000000 ) ) ;
#5197 = CARTESIAN_POINT ( 'NONE',  ( 2.000000000000000000, 0.0000000000000000000, 1.365000000000000213 ) ) ;
#5198 = DIRECTION ( 'NONE',  ( -1.000000000000000000, 0.0000000000000000000, 0.0000000000000000000 ) ) ;
#5199 = CARTESIAN_POINT ( 'NONE',  ( -2.001999999999999780, 0.002500000000000000052, -0.3650000000000001577 ) ) ;
#5200 = LINE ( 'NONE', #8012, #8802 ) ;
#5201 = DIRECTION ( 'NONE',  ( -1.000000000000000000, 0.0000000000000000000, 0.0000000000000000000 ) ) ;
#5202 = VERTEX_POINT ( 'NONE', #2796 ) ;
#5203 = VECTOR ( 'NONE', #7898, 1000.000000000000000 ) ;
#5204 = VECTOR ( 'NONE', #1308, 1000.000000000000000 ) ;
#5205 = DIRECTION ( 'NONE',  ( -0.0000000000000000000, 1.000000000000000000, -0.0000000000000000000 ) ) ;
#5206 = MECHANICAL_DESIGN_GEOMETRIC_PRESENTATION_REPRESENTATION (  '', ( #6830 ), #8003 ) ;
#5207 =( NAMED_UNIT ( * ) PLANE_ANGLE_UNIT ( ) SI_UNIT ( $, .RADIAN. ) );
#5208 =( NAMED_UNIT ( * ) PLANE_ANGLE_UNIT ( ) SI_UNIT ( $, .RADIAN. ) );
#5209 = FILL_AREA_STYLE ('',( #176 ) ) ;
#5210 = FILL_AREA_STYLE_COLOUR ( '', #5150 ) ;
#5211 = SURFACE_STYLE_FILL_AREA ( #5344 ) ;
#5212 = EDGE_CURVE ( 'NONE', #753, #1624, #2111, .T. ) ;
#5213 = EDGE_LOOP ( 'NONE', ( #6526, #2645, #5901, #1321 ) ) ;
#5214 =( NAMED_UNIT ( * ) PLANE_ANGLE_UNIT ( ) SI_UNIT ( $, .RADIAN. ) );
#5215 = EDGE_CURVE ( 'NONE', #4662, #2815, #7834, .T. ) ;
#5216 =( LENGTH_UNIT ( ) NAMED_UNIT ( * ) SI_UNIT ( .MILLI., .METRE. ) );
#5217 = STYLED_ITEM ( 'NONE', ( #7436 ), #8702 ) ;
#5218 = CARTESIAN_POINT ( 'NONE',  ( -2.000000000000000000, 0.9000000000000000222, -2.000000000000000000 ) ) ;
#5219 = FILL_AREA_STYLE ('',( #237 ) ) ;
#5220 = ORIENTED_EDGE ( 'NONE', *, *, #492, .F. ) ;
#5221 = LINE ( 'NONE', #7399, #5034 ) ;
#5222 = EDGE_CURVE ( 'NONE', #8617, #695, #5628, .T. ) ;
#5223 = AXIS2_PLACEMENT_3D ( 'NONE', #1069, #8833, #5921 ) ;
#5224 = ORIENTED_EDGE ( 'NONE', *, *, #781, .F. ) ;
#5225 = LINE ( 'NONE', #3135, #4297 ) ;
#5226 = EDGE_CURVE ( 'NONE', #8436, #84, #6451, .T. ) ;
#5227 = ORIENTED_EDGE ( 'NONE', *, *, #7540, .F. ) ;
#5228 = DIRECTION ( 'NONE',  ( 0.0000000000000000000, 0.0000000000000000000, 1.000000000000000000 ) ) ;
#5229 = COLOUR_RGB ( '',1.000000000000000000, 1.000000000000000000, 1.000000000000000000 ) ;
#5230 = DIRECTION ( 'NONE',  ( 4.065758146820642614E-16, 0.0000000000000000000, -1.000000000000000000 ) ) ;
#5231 = FILL_AREA_STYLE_COLOUR ( '', #6043 ) ;
#5232 = CARTESIAN_POINT ( 'NONE',  ( 2.000000000000000000, 0.0000000000000000000, -1.364999999999999991 ) ) ;
#5233 = ORIENTED_EDGE ( 'NONE', *, *, #2884, .T. ) ;
#5234 = LINE ( 'NONE', #4438, #6200 ) ;
#5235 =( NAMED_UNIT ( * ) SI_UNIT ( $, .STERADIAN. ) SOLID_ANGLE_UNIT ( ) );
#5236 = ORIENTED_EDGE ( 'NONE', *, *, #9056, .F. ) ;
#5237 = EDGE_CURVE ( 'NONE', #8038, #2061, #4322, .T. ) ;
#5238 = CARTESIAN_POINT ( 'NONE',  ( 1.600000000000000089, 0.002500000000000000052, 0.1349999999999998701 ) ) ;
#5239 = DIRECTION ( 'NONE',  ( 1.000000000000000000, 0.0000000000000000000, 0.0000000000000000000 ) ) ;
#5240 = LINE ( 'NONE', #7373, #8654 ) ;
#5241 = MECHANICAL_DESIGN_GEOMETRIC_PRESENTATION_REPRESENTATION (  '', ( #5380 ), #2856 ) ;
#5242 = CARTESIAN_POINT ( 'NONE',  ( -0.6349999999999995648, 0.1999999999999999833, 2.000000000000000000 ) ) ;
#5243 = DIRECTION ( 'NONE',  ( 0.0000000000000000000, 0.0000000000000000000, 1.000000000000000000 ) ) ;
#5244 = FILL_AREA_STYLE_COLOUR ( '', #1818 ) ;
#5245 = DIRECTION ( 'NONE',  ( -1.000000000000000000, 0.0000000000000000000, 0.0000000000000000000 ) ) ;
#5246 = VERTEX_POINT ( 'NONE', #80 ) ;
#5247 =( NAMED_UNIT ( * ) SI_UNIT ( $, .STERADIAN. ) SOLID_ANGLE_UNIT ( ) );
#5248 = CARTESIAN_POINT ( 'NONE',  ( 2.001999999999999780, 0.2025000000000000133, -1.365000000000000213 ) ) ;
#5249 = FACE_OUTER_BOUND ( 'NONE', #3909, .T. ) ;
#5250 = PLANE ( 'NONE',  #4434 ) ;
#5251 = ORIENTED_EDGE ( 'NONE', *, *, #3963, .T. ) ;
#5252 = DIRECTION ( 'NONE',  ( -0.0000000000000000000, -1.000000000000000000, -0.0000000000000000000 ) ) ;
#5253 = CARTESIAN_POINT ( 'NONE',  ( -1.600000000000000089, 0.002500000000000000052, 0.6349999999999998979 ) ) ;
#5254 = UNCERTAINTY_MEASURE_WITH_UNIT (LENGTH_MEASURE( 1.000000000000000082E-05 ), #775, 'distance_accuracy_value', 'NONE');
#5255 = ORIENTED_EDGE ( 'NONE', *, *, #845, .T. ) ;
#5256 = EDGE_CURVE ( 'NONE', #9015, #8708, #4213, .T. ) ;
#5257 = PLANE ( 'NONE',  #731 ) ;
#5258 = DIRECTION ( 'NONE',  ( -1.000000000000000000, 0.0000000000000000000, 0.0000000000000000000 ) ) ;
#5259 = SURFACE_STYLE_FILL_AREA ( #4612 ) ;
#5260 = EDGE_LOOP ( 'NONE', ( #4203, #8223, #4362, #4722, #7626, #2051, #8314, #3489, #826, #128, #8348, #5394, #6577, #4026, #1093, #929, #7005, #8690, #2449, #8396, #5439, #3586, #7446, #6144, #2226, #6197, #3775, #6285, #6301, #7912, #652, #2340, #8308, #8742, #5303, #3637, #1897, #6770, #1596, #3605, #2628, #2325, #3684, #3469, #251, #2667, #6266, #6594, #6114, #8112, #579, #4373, #8110, #6219, #5633, #7349, #3844, #6071, #5036, #3838, #3997, #7870, #7459, #333, #7748, #215, #4059, #8998, #3163, #3924, #262, #5867, #615, #5186, #8695, #171, #603, #5809, #7329, #518, #8625, #5904, #6554, #9159, #8879, #1688, #3569, #3383, #4482, #7209, #1402, #7513, #8514, #830, #3955, #1984, #3410, #4344, #6047, #3530 ) ) ;
#5261 = LINE ( 'NONE', #414, #9017 ) ;
#5262 = PRESENTATION_LAYER_ASSIGNMENT (  '', '', ( #4068 ) ) ;
#5263 = LINE ( 'NONE', #3091, #600 ) ;
#5264 = EDGE_CURVE ( 'NONE', #5463, #19, #6974, .T. ) ;
#5265 =( LENGTH_UNIT ( ) NAMED_UNIT ( * ) SI_UNIT ( .MILLI., .METRE. ) );
#5266 = FILL_AREA_STYLE_COLOUR ( '', #6580 ) ;
#5267 = ORIENTED_EDGE ( 'NONE', *, *, #7696, .T. ) ;
#5268 = CARTESIAN_POINT ( 'NONE',  ( 1.365000000000000435, 0.002500000000000029976, 2.000000000000000000 ) ) ;
#5269 = PRESENTATION_LAYER_ASSIGNMENT (  '', '', ( #3643 ) ) ;
#5270 = ORIENTED_EDGE ( 'NONE', *, *, #3565, .T. ) ;
#5271 = SURFACE_SIDE_STYLE ('',( #1064 ) ) ;
#5272 = SURFACE_SIDE_STYLE ('',( #521 ) ) ;
#5273 = MECHANICAL_DESIGN_GEOMETRIC_PRESENTATION_REPRESENTATION (  '', ( #5857 ), #1737 ) ;
#5274 = DIRECTION ( 'NONE',  ( 2.710505431213761578E-16, 0.0000000000000000000, -1.000000000000000000 ) ) ;
#5275 = VECTOR ( 'NONE', #8959, 1000.000000000000000 ) ;
#5276 = EDGE_CURVE ( 'NONE', #6232, #2719, #9187, .T. ) ;
#5277 = CARTESIAN_POINT ( 'NONE',  ( 2.001999999999999780, 0.2025000000000000133, 1.135000000000000009 ) ) ;
#5278 = LINE ( 'NONE', #8918, #667 ) ;
#5279 = ORIENTED_EDGE ( 'NONE', *, *, #7805, .F. ) ;
#5280 = EDGE_CURVE ( 'NONE', #2099, #7889, #5671, .T. ) ;
#5281 =( LENGTH_UNIT ( ) NAMED_UNIT ( * ) SI_UNIT ( .MILLI., .METRE. ) );
#5282 = DIRECTION ( 'NONE',  ( 0.0000000000000000000, -1.000000000000000000, 0.0000000000000000000 ) ) ;
#5283 = VERTEX_POINT ( 'NONE', #4263 ) ;
#5284 = COLOUR_RGB ( '',1.000000000000000000, 1.000000000000000000, 1.000000000000000000 ) ;
#5285 = COLOUR_RGB ( '',1.000000000000000000, 1.000000000000000000, 1.000000000000000000 ) ;
#5286 = STYLED_ITEM ( 'NONE', ( #4598 ), #5499 ) ;
#5287 = DIRECTION ( 'NONE',  ( 0.0000000000000000000, 0.0000000000000000000, 1.000000000000000000 ) ) ;
#5288 = CARTESIAN_POINT ( 'NONE',  ( -1.600000000000000089, 0.002500000000000000052, -0.3650000000000001577 ) ) ;
#5289 =( LENGTH_UNIT ( ) NAMED_UNIT ( * ) SI_UNIT ( .MILLI., .METRE. ) );
#5290 = AXIS2_PLACEMENT_3D ( 'NONE', #5832, #6485, #2966 ) ;
#5291 = VECTOR ( 'NONE', #8380, 1000.000000000000000 ) ;
#5292 = CARTESIAN_POINT ( 'NONE',  ( 2.001999999999999780, 0.2025000000000000133, -0.6350000000000001199 ) ) ;
#5293 = LINE ( 'NONE', #4546, #6174 ) ;
#5294 = PRODUCT_DEFINITION_SHAPE ( 'NONE', 'NONE',  #6225 ) ;
#5295 = ORIENTED_EDGE ( 'NONE', *, *, #7875, .F. ) ;
#5296 = CARTESIAN_POINT ( 'NONE',  ( -1.364999999999999769, 0.1999999999999999556, 2.001999999999999780 ) ) ;
#5297 = ORIENTED_EDGE ( 'NONE', *, *, #6506, .F. ) ;
#5298 = SURFACE_STYLE_FILL_AREA ( #1648 ) ;
#5299 = VECTOR ( 'NONE', #8653, 1000.000000000000000 ) ;
#5300 = CARTESIAN_POINT ( 'NONE',  ( -2.000000000000000000, 0.2024999999999999856, -0.8650000000000001021 ) ) ;
#5301 =( NAMED_UNIT ( * ) SI_UNIT ( $, .STERADIAN. ) SOLID_ANGLE_UNIT ( ) );
#5302 = ORIENTED_EDGE ( 'NONE', *, *, #83, .F. ) ;
#5303 = ORIENTED_EDGE ( 'NONE', *, *, #2396, .F. ) ;
#5304 = STYLED_ITEM ( 'NONE', ( #347 ), #6805 ) ;
#5305 = SURFACE_STYLE_USAGE ( .BOTH. , #8247 ) ;
#5306 = FILL_AREA_STYLE ('',( #3745 ) ) ;
#5307 = UNCERTAINTY_MEASURE_WITH_UNIT (LENGTH_MEASURE( 1.000000000000000082E-05 ), #5802, 'distance_accuracy_value', 'NONE');
#5308 = CARTESIAN_POINT ( 'NONE',  ( -2.000000000000000000, 0.002500000000000000052, 0.3649999999999999911 ) ) ;
#5309 = SURFACE_STYLE_USAGE ( .BOTH. , #1106 ) ;
#5310 = ORIENTED_EDGE ( 'NONE', *, *, #4185, .T. ) ;
#5311 = CARTESIAN_POINT ( 'NONE',  ( 2.000000000000000000, 0.0000000000000000000, -0.8649999999999999911 ) ) ;
#5312 = STYLED_ITEM ( 'NONE', ( #1081 ), #4709 ) ;
#5313 = CARTESIAN_POINT ( 'NONE',  ( -2.001999999999999780, 0.2025000000000000133, 0.3649999999999998801 ) ) ;
#5314 = VERTEX_POINT ( 'NONE', #5077 ) ;
#5315 =( NAMED_UNIT ( * ) PLANE_ANGLE_UNIT ( ) SI_UNIT ( $, .RADIAN. ) );
#5316 = VECTOR ( 'NONE', #4567, 1000.000000000000000 ) ;
#5317 = SURFACE_SIDE_STYLE ('',( #4712 ) ) ;
#5318 = EDGE_CURVE ( 'NONE', #5202, #9143, #7111, .T. ) ;
#5319 = SURFACE_SIDE_STYLE ('',( #8212 ) ) ;
#5320 = EDGE_CURVE ( 'NONE', #8266, #9146, #2881, .T. ) ;
#5321 = PRESENTATION_LAYER_ASSIGNMENT (  '', '', ( #1462 ) ) ;
#5322 =( NAMED_UNIT ( * ) PLANE_ANGLE_UNIT ( ) SI_UNIT ( $, .RADIAN. ) );
#5323 = STYLED_ITEM ( 'NONE', ( #6511 ), #7334 ) ;
#5324 = DIRECTION ( 'NONE',  ( 0.0000000000000000000, -1.000000000000000000, 0.0000000000000000000 ) ) ;
#5325 =( LENGTH_UNIT ( ) NAMED_UNIT ( * ) SI_UNIT ( .MILLI., .METRE. ) );
#5326 = VERTEX_POINT ( 'NONE', #2246 ) ;
#5327 = CARTESIAN_POINT ( 'NONE',  ( 0.6350000000000003419, 0.2000000000000000389, -2.001999999999999780 ) ) ;
#5328 = CARTESIAN_POINT ( 'NONE',  ( -0.8649999999999996581, -2.980301110709575655E-17, 2.001999999999999780 ) ) ;
#5329 = EDGE_LOOP ( 'NONE', ( #5803, #7665, #1110, #8355 ) ) ;
#5330 = PRESENTATION_LAYER_ASSIGNMENT (  '', '', ( #1626 ) ) ;
#5331 =( GEOMETRIC_REPRESENTATION_CONTEXT ( 3 ) GLOBAL_UNCERTAINTY_ASSIGNED_CONTEXT ( ( #7656 ) ) GLOBAL_UNIT_ASSIGNED_CONTEXT ( ( #2115, #7788, #4266 ) ) REPRESENTATION_CONTEXT ( 'NONE', 'WORKASPACE' ) );
#5332 = EDGE_LOOP ( 'NONE', ( #7583, #3750, #2285, #8061 ) ) ;
#5333 = EDGE_CURVE ( 'NONE', #6467, #6746, #7160, .T. ) ;
#5334 = CARTESIAN_POINT ( 'NONE',  ( -0.3649999999999996581, -1.487762787917389017E-18, -2.000000000000000000 ) ) ;
#5335 =( GEOMETRIC_REPRESENTATION_CONTEXT ( 3 ) GLOBAL_UNCERTAINTY_ASSIGNED_CONTEXT ( ( #8469 ) ) GLOBAL_UNIT_ASSIGNED_CONTEXT ( ( #3171, #6099, #8067 ) ) REPRESENTATION_CONTEXT ( 'NONE', 'WORKASPACE' ) );
#5336 = CARTESIAN_POINT ( 'NONE',  ( 1.600000000000000089, 0.0000000000000000000, 0.6349999999999998979 ) ) ;
#5337 = EDGE_CURVE ( 'NONE', #2213, #2787, #3430, .T. ) ;
#5338 = PRESENTATION_STYLE_ASSIGNMENT (( #6031 ) ) ;
#5339 = AXIS2_PLACEMENT_3D ( 'NONE', #4627, #4801, #2591 ) ;
#5340 = MECHANICAL_DESIGN_GEOMETRIC_PRESENTATION_REPRESENTATION (  '', ( #6815 ), #2237 ) ;
#5341 = FILL_AREA_STYLE_COLOUR ( '', #5285 ) ;
#5342 = UNCERTAINTY_MEASURE_WITH_UNIT (LENGTH_MEASURE( 1.000000000000000082E-05 ), #3732, 'distance_accuracy_value', 'NONE');
#5343 =( NAMED_UNIT ( * ) SI_UNIT ( $, .STERADIAN. ) SOLID_ANGLE_UNIT ( ) );
#5344 = FILL_AREA_STYLE ('',( #3726 ) ) ;
#5345 =( GEOMETRIC_REPRESENTATION_CONTEXT ( 3 ) GLOBAL_UNCERTAINTY_ASSIGNED_CONTEXT ( ( #1258 ) ) GLOBAL_UNIT_ASSIGNED_CONTEXT ( ( #9151, #7671, #6282 ) ) REPRESENTATION_CONTEXT ( 'NONE', 'WORKASPACE' ) );
#5346 = ORIENTED_EDGE ( 'NONE', *, *, #5492, .T. ) ;
#5347 = VECTOR ( 'NONE', #478, 1000.000000000000000 ) ;
#5348 = DIRECTION ( 'NONE',  ( 0.0000000000000000000, -0.0000000000000000000, -1.000000000000000000 ) ) ;
#5349 = UNCERTAINTY_MEASURE_WITH_UNIT (LENGTH_MEASURE( 1.000000000000000082E-05 ), #1502, 'distance_accuracy_value', 'NONE');
#5350 = MECHANICAL_DESIGN_GEOMETRIC_PRESENTATION_REPRESENTATION (  '', ( #9037 ), #1209 ) ;
#5351 = CARTESIAN_POINT ( 'NONE',  ( -1.364999999999999769, 0.1999999999999999556, -2.000000000000000000 ) ) ;
#5352 = ORIENTED_EDGE ( 'NONE', *, *, #7862, .T. ) ;
#5353 = CARTESIAN_POINT ( 'NONE',  ( 0.1350000000000003419, 0.002500000000000006557, 2.000000000000000000 ) ) ;
#5354 = VECTOR ( 'NONE', #8224, 1000.000000000000000 ) ;
#5355 = DIRECTION ( 'NONE',  ( -0.0000000000000000000, -1.000000000000000000, -0.0000000000000000000 ) ) ;
#5356 = CARTESIAN_POINT ( 'NONE',  ( -1.250000000000000000, 0.002500000000000000052, 1.249999999999999778 ) ) ;
#5357 = EDGE_LOOP ( 'NONE', ( #3142, #57, #5549, #6772 ) ) ;
#5358 = ORIENTED_EDGE ( 'NONE', *, *, #554, .F. ) ;
#5359 = VECTOR ( 'NONE', #5716, 1000.000000000000000 ) ;
#5360 = DIRECTION ( 'NONE',  ( 0.0000000000000000000, -0.0000000000000000000, -1.000000000000000000 ) ) ;
#5361 = ORIENTED_EDGE ( 'NONE', *, *, #6874, .F. ) ;
#5362 = VECTOR ( 'NONE', #8190, 1000.000000000000000 ) ;
#5363 = LINE ( 'NONE', #5268, #2659 ) ;
#5364 = PLANE ( 'NONE',  #9110 ) ;
#5365 = ORIENTED_EDGE ( 'NONE', *, *, #2395, .T. ) ;
#5366 = FACE_OUTER_BOUND ( 'NONE', #4466, .T. ) ;
#5367 = LINE ( 'NONE', #8912, #4223 ) ;
#5368 = SURFACE_SIDE_STYLE ('',( #6762 ) ) ;
#5369 = PRESENTATION_LAYER_ASSIGNMENT (  '', '', ( #757 ) ) ;
#5370 = CARTESIAN_POINT ( 'NONE',  ( -0.8649999999999995470, -2.980301110709575655E-17, 1.600000000000000089 ) ) ;
#5371 = CARTESIAN_POINT ( 'NONE',  ( 1.600000000000000089, 0.002500000000000000052, 0.6349999999999998979 ) ) ;
#5372 = DIRECTION ( 'NONE',  ( 4.065758146820642614E-16, 0.0000000000000000000, -1.000000000000000000 ) ) ;
#5373 = EDGE_LOOP ( 'NONE', ( #198, #6243, #1584, #5785 ) ) ;
#5374 = VERTEX_POINT ( 'NONE', #6268 ) ;
#5375 = PLANE ( 'NONE',  #6252 ) ;
#5376 = PRESENTATION_LAYER_ASSIGNMENT (  '', '', ( #1088 ) ) ;
#5377 = EDGE_CURVE ( 'NONE', #8673, #8117, #9083, .T. ) ;
#5378 = ORIENTED_EDGE ( 'NONE', *, *, #5264, .F. ) ;
#5379 = CARTESIAN_POINT ( 'NONE',  ( -2.000000000000000000, 0.2024999999999999856, 0.6350000000000001199 ) ) ;
#5380 = STYLED_ITEM ( 'NONE', ( #783 ), #2680 ) ;
#5381 = ADVANCED_FACE ( 'NONE', ( #4876 ), #7704, .T. ) ;
#5382 = SURFACE_STYLE_USAGE ( .BOTH. , #8889 ) ;
#5383 = PLANE ( 'NONE',  #5565 ) ;
#5384 = DIRECTION ( 'NONE',  ( -0.0000000000000000000, -1.000000000000000000, -0.0000000000000000000 ) ) ;
#5385 = MECHANICAL_DESIGN_GEOMETRIC_PRESENTATION_REPRESENTATION (  '', ( #5529 ), #322 ) ;
#5386 = MECHANICAL_DESIGN_GEOMETRIC_PRESENTATION_REPRESENTATION (  '', ( #7167 ), #4048 ) ;
#5387 = SURFACE_SIDE_STYLE ('',( #3330 ) ) ;
#5388 = CARTESIAN_POINT ( 'NONE',  ( 0.1350000000000003419, 0.0000000000000000000, 2.000000000000000000 ) ) ;
#5389 = EDGE_CURVE ( 'NONE', #3297, #1793, #5293, .T. ) ;
#5390 = EDGE_LOOP ( 'NONE', ( #5940, #2676, #7785, #6630 ) ) ;
#5391 = EDGE_CURVE ( 'NONE', #7361, #5591, #3724, .T. ) ;
#5392 = PLANE ( 'NONE',  #3634 ) ;
#5393 = SURFACE_STYLE_USAGE ( .BOTH. , #4046 ) ;
#5394 = ORIENTED_EDGE ( 'NONE', *, *, #5886, .F. ) ;
#5395 =( LENGTH_UNIT ( ) NAMED_UNIT ( * ) SI_UNIT ( .MILLI., .METRE. ) );
#5396 = FACE_OUTER_BOUND ( 'NONE', #6364, .T. ) ;
#5397 =( LENGTH_UNIT ( ) NAMED_UNIT ( * ) SI_UNIT ( .MILLI., .METRE. ) );
#5398 = CARTESIAN_POINT ( 'NONE',  ( 2.000000000000000000, 0.2025000000000000133, 0.8649999999999998801 ) ) ;
#5399 = VERTEX_POINT ( 'NONE', #7205 ) ;
#5400 = SURFACE_SIDE_STYLE ('',( #8162 ) ) ;
#5401 = ORIENTED_EDGE ( 'NONE', *, *, #1202, .T. ) ;
#5402 = LINE ( 'NONE', #1797, #3438 ) ;
#5403 = CARTESIAN_POINT ( 'NONE',  ( 2.001999999999999780, 0.2025000000000000133, -1.135000000000000231 ) ) ;
#5404 = LINE ( 'NONE', #7503, #2618 ) ;
#5405 = LINE ( 'NONE', #1886, #1788 ) ;
#5406 = LINE ( 'NONE', #6894, #6086 ) ;
#5407 = DIRECTION ( 'NONE',  ( -1.000000000000000000, -0.0000000000000000000, 4.065758146820642614E-16 ) ) ;
#5408 = VECTOR ( 'NONE', #1741, 1000.000000000000000 ) ;
#5409 = PLANE ( 'NONE',  #1019 ) ;
#5410 = VECTOR ( 'NONE', #488, 1000.000000000000000 ) ;
#5411 = SURFACE_STYLE_USAGE ( .BOTH. , #3311 ) ;
#5412 = VERTEX_POINT ( 'NONE', #3822 ) ;
#5413 = PRESENTATION_STYLE_ASSIGNMENT (( #1116 ) ) ;
#5414 = ORIENTED_EDGE ( 'NONE', *, *, #9049, .T. ) ;
#5415 = FILL_AREA_STYLE ('',( #535 ) ) ;
#5416 = COLOUR_RGB ( '',1.000000000000000000, 1.000000000000000000, 1.000000000000000000 ) ;
#5417 = STYLED_ITEM ( 'NONE', ( #7328 ), #3495 ) ;
#5418 = LINE ( 'NONE', #1208, #9014 ) ;
#5419 = CARTESIAN_POINT ( 'NONE',  ( 2.001999999999999780, 0.2025000000000000133, -0.1350000000000001477 ) ) ;
#5420 = PRESENTATION_STYLE_ASSIGNMENT (( #4593 ) ) ;
#5421 = UNCERTAINTY_MEASURE_WITH_UNIT (LENGTH_MEASURE( 1.000000000000000082E-05 ), #4021, 'distance_accuracy_value', 'NONE');
#5422 = SURFACE_STYLE_FILL_AREA ( #5890 ) ;
#5423 = AXIS2_PLACEMENT_3D ( 'NONE', #6147, #476, #8828 ) ;
#5424 =( NAMED_UNIT ( * ) PLANE_ANGLE_UNIT ( ) SI_UNIT ( $, .RADIAN. ) );
#5425 = VECTOR ( 'NONE', #5451, 1000.000000000000000 ) ;
#5426 =( NAMED_UNIT ( * ) PLANE_ANGLE_UNIT ( ) SI_UNIT ( $, .RADIAN. ) );
#5427 = AXIS2_PLACEMENT_3D ( 'NONE', #2128, #7893, #2893 ) ;
#5428 = AXIS2_PLACEMENT_3D ( 'NONE', #1157, #5372, #3186 ) ;
#5429 = CARTESIAN_POINT ( 'NONE',  ( -1.600000000000000089, 0.002500000000000000052, 0.3649999999999999911 ) ) ;
#5430 = EDGE_CURVE ( 'NONE', #8399, #7012, #838, .T. ) ;
#5431 = EDGE_CURVE ( 'NONE', #6462, #3478, #178, .T. ) ;
#5432 = DIRECTION ( 'NONE',  ( 0.0000000000000000000, 0.0000000000000000000, -1.000000000000000000 ) ) ;
#5433 = EDGE_CURVE ( 'NONE', #7819, #8617, #6501, .T. ) ;
#5434 = CARTESIAN_POINT ( 'NONE',  ( -0.8649999999999996581, 0.1999999999999999833, 2.000000000000000000 ) ) ;
#5435 = UNCERTAINTY_MEASURE_WITH_UNIT (LENGTH_MEASURE( 1.000000000000000082E-05 ), #4122, 'distance_accuracy_value', 'NONE');
#5436 = SURFACE_STYLE_FILL_AREA ( #553 ) ;
#5437 = VECTOR ( 'NONE', #8658, 1000.000000000000000 ) ;
#5438 = SURFACE_STYLE_FILL_AREA ( #1955 ) ;
#5439 = ORIENTED_EDGE ( 'NONE', *, *, #5389, .F. ) ;
#5440 =( LENGTH_UNIT ( ) NAMED_UNIT ( * ) SI_UNIT ( .MILLI., .METRE. ) );
#5441 = CARTESIAN_POINT ( 'NONE',  ( 1.365000000000000435, 2.980301110709575655E-17, -2.001999999999999780 ) ) ;
#5442 = MECHANICAL_DESIGN_GEOMETRIC_PRESENTATION_REPRESENTATION (  '', ( #3212 ), #3827 ) ;
#5443 = ORIENTED_EDGE ( 'NONE', *, *, #9096, .F. ) ;
#5444 = EDGE_CURVE ( 'NONE', #534, #2298, #6551, .T. ) ;
#5445 = LINE ( 'NONE', #7494, #1350 ) ;
#5446 = SURFACE_STYLE_FILL_AREA ( #3220 ) ;
#5447 = PRESENTATION_LAYER_ASSIGNMENT (  '', '', ( #4098 ) ) ;
#5448 = CARTESIAN_POINT ( 'NONE',  ( 0.3650000000000004352, 0.2000000000000000111, -2.000000000000000000 ) ) ;
#5449 = VERTEX_POINT ( 'NONE', #5843 ) ;
#5450 = FACE_OUTER_BOUND ( 'NONE', #9179, .T. ) ;
#5451 = DIRECTION ( 'NONE',  ( 0.0000000000000000000, -1.000000000000000000, 0.0000000000000000000 ) ) ;
#5452 = ORIENTED_EDGE ( 'NONE', *, *, #3748, .T. ) ;
#5453 = SURFACE_STYLE_USAGE ( .BOTH. , #5317 ) ;
#5454 =( GEOMETRIC_REPRESENTATION_CONTEXT ( 3 ) GLOBAL_UNCERTAINTY_ASSIGNED_CONTEXT ( ( #7300 ) ) GLOBAL_UNIT_ASSIGNED_CONTEXT ( ( #5397, #1966, #4007 ) ) REPRESENTATION_CONTEXT ( 'NONE', 'WORKASPACE' ) );
#5455 = DIRECTION ( 'NONE',  ( -1.000000000000000000, 0.0000000000000000000, 0.0000000000000000000 ) ) ;
#5456 = SURFACE_STYLE_USAGE ( .BOTH. , #4668 ) ;
#5457 = FACE_OUTER_BOUND ( 'NONE', #2440, .T. ) ;
#5458 = MECHANICAL_DESIGN_GEOMETRIC_PRESENTATION_REPRESENTATION (  '', ( #2652 ), #8545 ) ;
#5459 = LINE ( 'NONE', #5371, #3665 ) ;
#5460 = FACE_OUTER_BOUND ( 'NONE', #4290, .T. ) ;
#5461 = ORIENTED_EDGE ( 'NONE', *, *, #7757, .T. ) ;
#5462 =( LENGTH_UNIT ( ) NAMED_UNIT ( * ) SI_UNIT ( .MILLI., .METRE. ) );
#5463 = VERTEX_POINT ( 'NONE', #2342 ) ;
#5464 = CARTESIAN_POINT ( 'NONE',  ( -2.000000000000000000, 0.002500000000000000052, -1.365000000000000213 ) ) ;
#5465 =( LENGTH_UNIT ( ) NAMED_UNIT ( * ) SI_UNIT ( .MILLI., .METRE. ) );
#5466 = ORIENTED_EDGE ( 'NONE', *, *, #913, .T. ) ;
#5467 = SURFACE_STYLE_USAGE ( .BOTH. , #2646 ) ;
#5468 = COLOUR_RGB ( '',1.000000000000000000, 1.000000000000000000, 1.000000000000000000 ) ;
#5469 = CARTESIAN_POINT ( 'NONE',  ( 1.135000000000000675, 0.002500000000000029976, 1.600000000000000089 ) ) ;
#5470 = VECTOR ( 'NONE', #54, 1000.000000000000000 ) ;
#5471 =( LENGTH_UNIT ( ) NAMED_UNIT ( * ) SI_UNIT ( .MILLI., .METRE. ) );
#5472 = MECHANICAL_DESIGN_GEOMETRIC_PRESENTATION_REPRESENTATION (  '', ( #9164 ), #5331 ) ;
#5473 = LINE ( 'NONE', #4776, #8179 ) ;
#5474 = DIRECTION ( 'NONE',  ( 0.0000000000000000000, -0.0000000000000000000, 1.000000000000000000 ) ) ;
#5475 = DIRECTION ( 'NONE',  ( -0.0000000000000000000, -0.0000000000000000000, -1.000000000000000000 ) ) ;
#5476 = FACE_OUTER_BOUND ( 'NONE', #5481, .T. ) ;
#5477 = VECTOR ( 'NONE', #7967, 1000.000000000000000 ) ;
#5478 = SURFACE_STYLE_USAGE ( .BOTH. , #5908 ) ;
#5479 = COLOUR_RGB ( '',1.000000000000000000, 1.000000000000000000, 1.000000000000000000 ) ;
#5480 = FACE_OUTER_BOUND ( 'NONE', #8330, .T. ) ;
#5481 = EDGE_LOOP ( 'NONE', ( #1806, #2830, #6210, #5108 ) ) ;
#5482 = PRESENTATION_LAYER_ASSIGNMENT (  '', '', ( #7118 ) ) ;
#5483 = DIRECTION ( 'NONE',  ( 1.000000000000000000, 0.0000000000000000000, 0.0000000000000000000 ) ) ;
#5484 = VECTOR ( 'NONE', #7090, 1000.000000000000000 ) ;
#5485 = LINE ( 'NONE', #9084, #8502 ) ;
#5486 = EDGE_CURVE ( 'NONE', #5814, #6835, #5167, .T. ) ;
#5487 = STYLED_ITEM ( 'NONE', ( #2158 ), #7922 ) ;
#5488 = ORIENTED_EDGE ( 'NONE', *, *, #1713, .T. ) ;
#5489 = AXIS2_PLACEMENT_3D ( 'NONE', #5184, #3696, #7993 ) ;
#5490 = FILL_AREA_STYLE_COLOUR ( '', #6092 ) ;
#5491 = VECTOR ( 'NONE', #9069, 1000.000000000000000 ) ;
#5492 = EDGE_CURVE ( 'NONE', #1732, #8436, #945, .T. ) ;
#5493 =( LENGTH_UNIT ( ) NAMED_UNIT ( * ) SI_UNIT ( .MILLI., .METRE. ) );
#5494 = VERTEX_POINT ( 'NONE', #225 ) ;
#5495 = DIRECTION ( 'NONE',  ( -1.000000000000000000, 0.0000000000000000000, 0.0000000000000000000 ) ) ;
#5496 = VERTEX_POINT ( 'NONE', #3074 ) ;
#5497 = CARTESIAN_POINT ( 'NONE',  ( 2.000000000000000000, 0.0000000000000000000, 0.3649999999999999911 ) ) ;
#5498 = STYLED_ITEM ( 'NONE', ( #2540 ), #1814 ) ;
#5499 = ADVANCED_FACE ( 'NONE', ( #5893 ), #8704, .F. ) ;
#5500 = SURFACE_SIDE_STYLE ('',( #5683 ) ) ;
#5501 = STYLED_ITEM ( 'NONE', ( #1594 ), #8522 ) ;
#5502 = FILL_AREA_STYLE_COLOUR ( '', #9181 ) ;
#5503 = AXIS2_PLACEMENT_3D ( 'NONE', #113, #5783, #8599 ) ;
#5504 = CARTESIAN_POINT ( 'NONE',  ( 2.001999999999999780, 0.2025000000000000133, 0.3649999999999998801 ) ) ;
#5505 = UNCERTAINTY_MEASURE_WITH_UNIT (LENGTH_MEASURE( 1.000000000000000082E-05 ), #4515, 'distance_accuracy_value', 'NONE');
#5506 = CARTESIAN_POINT ( 'NONE',  ( -1.600000000000000089, 0.002500000000000000052, 0.8649999999999999911 ) ) ;
#5507 = ADVANCED_FACE ( 'NONE', ( #3316 ), #7438, .F. ) ;
#5508 = FILL_AREA_STYLE_COLOUR ( '', #4385 ) ;
#5509 = VERTEX_POINT ( 'NONE', #490 ) ;
#5510 = PRESENTATION_STYLE_ASSIGNMENT (( #8967 ) ) ;
#5511 = COLOUR_RGB ( '',1.000000000000000000, 1.000000000000000000, 1.000000000000000000 ) ;
#5512 = SURFACE_SIDE_STYLE ('',( #8311 ) ) ;
#5513 = ORIENTED_EDGE ( 'NONE', *, *, #7526, .F. ) ;
#5514 = CARTESIAN_POINT ( 'NONE',  ( 0.3650000000000004352, 0.002500000000000000052, -2.000000000000000000 ) ) ;
#5515 = ORIENTED_EDGE ( 'NONE', *, *, #3004, .F. ) ;
#5516 = AXIS2_PLACEMENT_3D ( 'NONE', #2170, #5095, #662 ) ;
#5517 =( LENGTH_UNIT ( ) NAMED_UNIT ( * ) SI_UNIT ( .MILLI., .METRE. ) );
#5518 = CARTESIAN_POINT ( 'NONE',  ( -2.000000000000000000, 0.002500000000000000052, -1.364999999999999991 ) ) ;
#5519 = UNCERTAINTY_MEASURE_WITH_UNIT (LENGTH_MEASURE( 1.000000000000000082E-05 ), #3503, 'distance_accuracy_value', 'NONE');
#5520 =( NAMED_UNIT ( * ) SI_UNIT ( $, .STERADIAN. ) SOLID_ANGLE_UNIT ( ) );
#5521 = LINE ( 'NONE', #2000, #8950 ) ;
#5522 =( NAMED_UNIT ( * ) PLANE_ANGLE_UNIT ( ) SI_UNIT ( $, .RADIAN. ) );
#5523 = STYLED_ITEM ( 'NONE', ( #381 ), #9109 ) ;
#5524 = VERTEX_POINT ( 'NONE', #1288 ) ;
#5525 = CARTESIAN_POINT ( 'NONE',  ( -0.3649999999999995470, 0.002499999999999998317, -1.600000000000000089 ) ) ;
#5526 = UNCERTAINTY_MEASURE_WITH_UNIT (LENGTH_MEASURE( 1.000000000000000082E-05 ), #4571, 'distance_accuracy_value', 'NONE');
#5527 = DIRECTION ( 'NONE',  ( -0.0000000000000000000, -0.0000000000000000000, -1.000000000000000000 ) ) ;
#5528 =( LENGTH_UNIT ( ) NAMED_UNIT ( * ) SI_UNIT ( .MILLI., .METRE. ) );
#5529 = STYLED_ITEM ( 'NONE', ( #7247 ), #8867 ) ;
#5530 = ORIENTED_EDGE ( 'NONE', *, *, #5109, .F. ) ;
#5531 = STYLED_ITEM ( 'NONE', ( #3094 ), #2840 ) ;
#5532 = LINE ( 'NONE', #8240, #3248 ) ;
#5533 = DIRECTION ( 'NONE',  ( -0.0000000000000000000, -0.0000000000000000000, 1.000000000000000000 ) ) ;
#5534 = LINE ( 'NONE', #2753, #6957 ) ;
#5535 = VERTEX_POINT ( 'NONE', #2083 ) ;
#5536 = SURFACE_STYLE_USAGE ( .BOTH. , #3341 ) ;
#5537 = DIRECTION ( 'NONE',  ( -1.000000000000000000, 0.0000000000000000000, 0.0000000000000000000 ) ) ;
#5538 = DIRECTION ( 'NONE',  ( 2.710505431213761578E-16, 0.0000000000000000000, -1.000000000000000000 ) ) ;
#5539 = CARTESIAN_POINT ( 'NONE',  ( 2.000000000000000000, 0.9000000000000000222, -2.000000000000000000 ) ) ;
#5540 = LINE ( 'NONE', #8337, #2910 ) ;
#5541 = ORIENTED_EDGE ( 'NONE', *, *, #2936, .F. ) ;
#5542 = LINE ( 'NONE', #7223, #3066 ) ;
#5543 = ADVANCED_FACE ( 'NONE', ( #4105 ), #6248, .T. ) ;
#5544 = ADVANCED_FACE ( 'NONE', ( #2180 ), #1564, .F. ) ;
#5545 = CARTESIAN_POINT ( 'NONE',  ( 2.001999999999999780, 0.2025000000000000133, 0.8649999999999998801 ) ) ;
#5546 = DIRECTION ( 'NONE',  ( -0.0000000000000000000, -1.000000000000000000, -0.0000000000000000000 ) ) ;
#5547 = EDGE_CURVE ( 'NONE', #1547, #4499, #158, .T. ) ;
#5548 = DIRECTION ( 'NONE',  ( -0.0000000000000000000, 1.000000000000000000, -0.0000000000000000000 ) ) ;
#5549 = ORIENTED_EDGE ( 'NONE', *, *, #4580, .T. ) ;
#5550 = DIRECTION ( 'NONE',  ( 0.0000000000000000000, 0.0000000000000000000, -1.000000000000000000 ) ) ;
#5551 = DIRECTION ( 'NONE',  ( 0.0000000000000000000, -1.000000000000000000, 0.0000000000000000000 ) ) ;
#5552 = EDGE_LOOP ( 'NONE', ( #2943, #7441, #2419, #1501 ) ) ;
#5553 = SURFACE_SIDE_STYLE ('',( #2082 ) ) ;
#5554 = ORIENTED_EDGE ( 'NONE', *, *, #3005, .F. ) ;
#5555 = DIRECTION ( 'NONE',  ( -1.000000000000000000, -0.0000000000000000000, -0.0000000000000000000 ) ) ;
#5556 = ADVANCED_FACE ( 'NONE', ( #7766 ), #4240, .F. ) ;
#5557 = DIRECTION ( 'NONE',  ( -1.000000000000000000, -0.0000000000000000000, 4.065758146820642614E-16 ) ) ;
#5558 = PLANE ( 'NONE',  #1049 ) ;
#5559 = MECHANICAL_DESIGN_GEOMETRIC_PRESENTATION_REPRESENTATION (  '', ( #7039 ), #657 ) ;
#5560 = EDGE_CURVE ( 'NONE', #3318, #7153, #7087, .T. ) ;
#5561 = LINE ( 'NONE', #3987, #2917 ) ;
#5562 = CARTESIAN_POINT ( 'NONE',  ( -2.000000000000000000, 0.0000000000000000000, 1.365000000000000213 ) ) ;
#5563 = CARTESIAN_POINT ( 'NONE',  ( 0.8650000000000004352, 1.490150555354787828E-17, 2.001999999999999780 ) ) ;
#5564 = DIRECTION ( 'NONE',  ( -1.000000000000000000, -0.0000000000000000000, -0.0000000000000000000 ) ) ;
#5565 = AXIS2_PLACEMENT_3D ( 'NONE', #4688, #7690, #5566 ) ;
#5566 = DIRECTION ( 'NONE',  ( 0.0000000000000000000, 0.0000000000000000000, -1.000000000000000000 ) ) ;
#5567 = LINE ( 'NONE', #2049, #3116 ) ;
#5568 = VECTOR ( 'NONE', #3807, 1000.000000000000000 ) ;
#5569 = ORIENTED_EDGE ( 'NONE', *, *, #6853, .T. ) ;
#5570 = DIRECTION ( 'NONE',  ( 0.0000000000000000000, 0.0000000000000000000, 1.000000000000000000 ) ) ;
#5571 = CARTESIAN_POINT ( 'NONE',  ( -2.000000000000000000, 0.002500000000000000052, 2.000000000000000000 ) ) ;
#5572 = SURFACE_SIDE_STYLE ('',( #2747 ) ) ;
#5573 = COLOUR_RGB ( '',1.000000000000000000, 1.000000000000000000, 1.000000000000000000 ) ;
#5574 = SURFACE_STYLE_USAGE ( .BOTH. , #3475 ) ;
#5575 = STYLED_ITEM ( 'NONE', ( #3799 ), #5664 ) ;
#5576 = COLOUR_RGB ( '',1.000000000000000000, 1.000000000000000000, 1.000000000000000000 ) ;
#5577 = SURFACE_STYLE_USAGE ( .BOTH. , #4827 ) ;
#5578 = VERTEX_POINT ( 'NONE', #2866 ) ;
#5579 = CARTESIAN_POINT ( 'NONE',  ( 2.000000000000000000, 0.0000000000000000000, 0.8649999999999999911 ) ) ;
#5580 = LINE ( 'NONE', #6269, #6749 ) ;
#5581 = ORIENTED_EDGE ( 'NONE', *, *, #8937, .F. ) ;
#5582 = FACE_OUTER_BOUND ( 'NONE', #3405, .T. ) ;
#5583 = VECTOR ( 'NONE', #6097, 1000.000000000000000 ) ;
#5584 = AXIS2_PLACEMENT_3D ( 'NONE', #2384, #399, #6732 ) ;
#5585 = AXIS2_PLACEMENT_3D ( 'NONE', #7996, #965, #2860 ) ;
#5586 = LINE ( 'NONE', #2065, #3520 ) ;
#5587 = LINE ( 'NONE', #8385, #2251 ) ;
#5588 = FILL_AREA_STYLE ('',( #611 ) ) ;
#5589 =( LENGTH_UNIT ( ) NAMED_UNIT ( * ) SI_UNIT ( .MILLI., .METRE. ) );
#5590 = CARTESIAN_POINT ( 'NONE',  ( -1.600000000000000089, 0.0000000000000000000, 0.6349999999999998979 ) ) ;
#5591 = VERTEX_POINT ( 'NONE', #8543 ) ;
#5592 = DIRECTION ( 'NONE',  ( 0.0000000000000000000, 0.0000000000000000000, -1.000000000000000000 ) ) ;
#5593 = CARTESIAN_POINT ( 'NONE',  ( 1.135000000000000453, 2.975525575834778034E-18, -2.000000000000000000 ) ) ;
#5594 = STYLED_ITEM ( 'NONE', ( #1661 ), #6515 ) ;
#5595 =( LENGTH_UNIT ( ) NAMED_UNIT ( * ) SI_UNIT ( .MILLI., .METRE. ) );
#5596 = VECTOR ( 'NONE', #2853, 1000.000000000000000 ) ;
#5597 = DIRECTION ( 'NONE',  ( -0.0000000000000000000, -1.000000000000000000, -0.0000000000000000000 ) ) ;
#5598 =( NAMED_UNIT ( * ) SI_UNIT ( $, .STERADIAN. ) SOLID_ANGLE_UNIT ( ) );
#5599 = VERTEX_POINT ( 'NONE', #7859 ) ;
#5600 = CARTESIAN_POINT ( 'NONE',  ( 2.001999999999999780, 0.2025000000000000133, 1.364999999999999991 ) ) ;
#5601 = EDGE_CURVE ( 'NONE', #1719, #4142, #815, .T. ) ;
#5602 = FACE_OUTER_BOUND ( 'NONE', #3179, .T. ) ;
#5603 = ORIENTED_EDGE ( 'NONE', *, *, #2168, .F. ) ;
#5604 = DIRECTION ( 'NONE',  ( -0.0000000000000000000, -0.0000000000000000000, -1.000000000000000000 ) ) ;
#5605 = SURFACE_SIDE_STYLE ('',( #1941 ) ) ;
#5606 = AXIS2_PLACEMENT_3D ( 'NONE', #4090, #6054, #2583 ) ;
#5607 = EDGE_CURVE ( 'NONE', #8052, #3170, #2960, .T. ) ;
#5608 = DIRECTION ( 'NONE',  ( 0.0000000000000000000, -1.000000000000000000, 0.0000000000000000000 ) ) ;
#5609 = SURFACE_STYLE_FILL_AREA ( #7768 ) ;
#5610 = SURFACE_STYLE_FILL_AREA ( #5780 ) ;
#5611 = VECTOR ( 'NONE', #2282, 1000.000000000000000 ) ;
#5612 = FILL_AREA_STYLE ('',( #4030 ) ) ;
#5613 = PLANE ( 'NONE',  #522 ) ;
#5614 = EDGE_CURVE ( 'NONE', #2850, #4947, #8684, .T. ) ;
#5615 = CARTESIAN_POINT ( 'NONE',  ( -0.3649999999999996581, 0.002499999999999979669, 2.000000000000000000 ) ) ;
#5616 = DIRECTION ( 'NONE',  ( -1.000000000000000000, 0.0000000000000000000, -0.0000000000000000000 ) ) ;
#5617 =( GEOMETRIC_REPRESENTATION_CONTEXT ( 3 ) GLOBAL_UNCERTAINTY_ASSIGNED_CONTEXT ( ( #3358 ) ) GLOBAL_UNIT_ASSIGNED_CONTEXT ( ( #2988, #6788, #8720 ) ) REPRESENTATION_CONTEXT ( 'NONE', 'WORKASPACE' ) );
#5618 = DIRECTION ( 'NONE',  ( -0.0000000000000000000, -1.000000000000000000, -0.0000000000000000000 ) ) ;
#5619 = ORIENTED_EDGE ( 'NONE', *, *, #3676, .F. ) ;
#5620 = STYLED_ITEM ( 'NONE', ( #916 ), #7256 ) ;
#5621 = ORIENTED_EDGE ( 'NONE', *, *, #4859, .F. ) ;
#5622 = FACE_OUTER_BOUND ( 'NONE', #6890, .T. ) ;
#5623 = UNCERTAINTY_MEASURE_WITH_UNIT (LENGTH_MEASURE( 1.000000000000000082E-05 ), #494, 'distance_accuracy_value', 'NONE');
#5624 = VECTOR ( 'NONE', #7844, 1000.000000000000000 ) ;
#5625 = EDGE_CURVE ( 'NONE', #5463, #3771, #253, .T. ) ;
#5626 = FILL_AREA_STYLE ('',( #3580 ) ) ;
#5627 = ORIENTED_EDGE ( 'NONE', *, *, #8354, .F. ) ;
#5628 = LINE ( 'NONE', #6412, #4545 ) ;
#5629 = LINE ( 'NONE', #693, #8457 ) ;
#5630 = PLANE ( 'NONE',  #4813 ) ;
#5631 = DIRECTION ( 'NONE',  ( -0.0000000000000000000, -1.000000000000000000, -0.0000000000000000000 ) ) ;
#5632 = VECTOR ( 'NONE', #4404, 1000.000000000000000 ) ;
#5633 = ORIENTED_EDGE ( 'NONE', *, *, #2502, .F. ) ;
#5634 = MECHANICAL_DESIGN_GEOMETRIC_PRESENTATION_REPRESENTATION (  '', ( #1051 ), #4137 ) ;
#5635 = CARTESIAN_POINT ( 'NONE',  ( 2.000000000000000000, 0.002500000000000000052, -1.365000000000000213 ) ) ;
#5636 = VECTOR ( 'NONE', #8904, 1000.000000000000000 ) ;
#5637 = DIRECTION ( 'NONE',  ( 0.0000000000000000000, 0.0000000000000000000, -1.000000000000000000 ) ) ;
#5638 =( GEOMETRIC_REPRESENTATION_CONTEXT ( 3 ) GLOBAL_UNCERTAINTY_ASSIGNED_CONTEXT ( ( #9132 ) ) GLOBAL_UNIT_ASSIGNED_CONTEXT ( ( #7141, #8639, #6584 ) ) REPRESENTATION_CONTEXT ( 'NONE', 'WORKASPACE' ) );
#5639 = CARTESIAN_POINT ( 'NONE',  ( -2.001999999999999780, 0.002500000000000000052, 1.364999999999999991 ) ) ;
#5640 = ORIENTED_EDGE ( 'NONE', *, *, #8767, .T. ) ;
#5641 = MECHANICAL_DESIGN_GEOMETRIC_PRESENTATION_REPRESENTATION (  '', ( #3253 ), #4604 ) ;
#5642 = CARTESIAN_POINT ( 'NONE',  ( 0.6350000000000004530, 0.002500000000000015231, 1.600000000000000089 ) ) ;
#5643 = VERTEX_POINT ( 'NONE', #1016 ) ;
#5644 = CARTESIAN_POINT ( 'NONE',  ( 2.000000000000000000, 0.0000000000000000000, -0.6350000000000000089 ) ) ;
#5645 = SURFACE_SIDE_STYLE ('',( #6988 ) ) ;
#5646 = CARTESIAN_POINT ( 'NONE',  ( 2.001999999999999780, 0.002500000000000000052, -0.6350000000000001199 ) ) ;
#5647 = CARTESIAN_POINT ( 'NONE',  ( -0.6349999999999995648, 0.1999999999999999833, 2.000000000000000000 ) ) ;
#5648 = PRESENTATION_LAYER_ASSIGNMENT (  '', '', ( #4013 ) ) ;
#5649 = VERTEX_POINT ( 'NONE', #7331 ) ;
#5650 = CARTESIAN_POINT ( 'NONE',  ( 0.1350000000000004530, 0.002500000000000000052, 1.600000000000000089 ) ) ;
#5651 =( NAMED_UNIT ( * ) SI_UNIT ( $, .STERADIAN. ) SOLID_ANGLE_UNIT ( ) );
#5652 = LINE ( 'NONE', #9108, #3563 ) ;
#5653 = DIRECTION ( 'NONE',  ( 0.0000000000000000000, 0.0000000000000000000, 1.000000000000000000 ) ) ;
#5654 = ADVANCED_FACE ( 'NONE', ( #7413 ), #5190, .F. ) ;
#5655 = LINE ( 'NONE', #117, #3681 ) ;
#5656 = LINE ( 'NONE', #5563, #7040 ) ;
#5657 = CARTESIAN_POINT ( 'NONE',  ( 1.135000000000000675, 0.002500000000000003088, -1.600000000000000089 ) ) ;
#5658 = COLOUR_RGB ( '',1.000000000000000000, 1.000000000000000000, 1.000000000000000000 ) ;
#5659 = LINE ( 'NONE', #8685, #6161 ) ;
#5660 = ORIENTED_EDGE ( 'NONE', *, *, #4004, .F. ) ;
#5661 = DIRECTION ( 'NONE',  ( 0.0000000000000000000, -0.0000000000000000000, 1.000000000000000000 ) ) ;
#5662 = VERTEX_POINT ( 'NONE', #5968 ) ;
#5663 = EDGE_CURVE ( 'NONE', #2457, #7033, #8780, .T. ) ;
#5664 = ADVANCED_FACE ( 'NONE', ( #8166 ), #1669, .T. ) ;
#5665 = STYLED_ITEM ( 'NONE', ( #3936 ), #8887 ) ;
#5666 = EDGE_CURVE ( 'NONE', #2614, #1853, #6109, .T. ) ;
#5667 = AXIS2_PLACEMENT_3D ( 'NONE', #3300, #6139, #8248 ) ;
#5668 = PLANE ( 'NONE',  #6346 ) ;
#5669 = SURFACE_STYLE_FILL_AREA ( #8472 ) ;
#5670 = ORIENTED_EDGE ( 'NONE', *, *, #4016, .T. ) ;
#5671 = LINE ( 'NONE', #2153, #8226 ) ;
#5672 = PRESENTATION_STYLE_ASSIGNMENT (( #8477 ) ) ;
#5673 = FILL_AREA_STYLE ('',( #3675 ) ) ;
#5674 = ORIENTED_EDGE ( 'NONE', *, *, #7146, .T. ) ;
#5675 = DIRECTION ( 'NONE',  ( 0.0000000000000000000, -0.0000000000000000000, 1.000000000000000000 ) ) ;
#5676 = ADVANCED_FACE ( 'NONE', ( #2026 ), #3306, .T. ) ;
#5677 = ADVANCED_FACE ( 'NONE', ( #7584 ), #8390, .T. ) ;
#5678 = DIRECTION ( 'NONE',  ( 0.0000000000000000000, 0.0000000000000000000, -1.000000000000000000 ) ) ;
#5679 = FILL_AREA_STYLE ('',( #187 ) ) ;
#5680 = ORIENTED_EDGE ( 'NONE', *, *, #1312, .T. ) ;
#5681 = VERTEX_POINT ( 'NONE', #5497 ) ;
#5682 = FILL_AREA_STYLE ('',( #7801 ) ) ;
#5683 = SURFACE_STYLE_FILL_AREA ( #6941 ) ;
#5684 = DIRECTION ( 'NONE',  ( -0.0000000000000000000, -1.000000000000000000, -0.0000000000000000000 ) ) ;
#5685 = CARTESIAN_POINT ( 'NONE',  ( 2.001999999999999780, 0.2025000000000000133, 0.8649999999999998801 ) ) ;
#5686 = FILL_AREA_STYLE_COLOUR ( '', #2978 ) ;
#5687 = SURFACE_SIDE_STYLE ('',( #4190 ) ) ;
#5688 = CARTESIAN_POINT ( 'NONE',  ( 0.6350000000000004530, 0.002500000000000001787, -1.600000000000000089 ) ) ;
#5689 = ORIENTED_EDGE ( 'NONE', *, *, #4713, .F. ) ;
#5690 = DIRECTION ( 'NONE',  ( 1.000000000000000000, 0.0000000000000000000, 4.065758146820642614E-16 ) ) ;
#5691 = DIRECTION ( 'NONE',  ( 0.0000000000000000000, -1.000000000000000000, 0.0000000000000000000 ) ) ;
#5692 = ORIENTED_EDGE ( 'NONE', *, *, #5377, .F. ) ;
#5693 = DIRECTION ( 'NONE',  ( 0.0000000000000000000, 0.0000000000000000000, 1.000000000000000000 ) ) ;
#5694 = DIRECTION ( 'NONE',  ( 0.0000000000000000000, 0.0000000000000000000, 1.000000000000000000 ) ) ;
#5695 = CARTESIAN_POINT ( 'NONE',  ( 2.000000000000000000, 0.2025000000000000133, -0.6350000000000001199 ) ) ;
#5696 = DIRECTION ( 'NONE',  ( -0.0000000000000000000, -1.000000000000000000, -0.0000000000000000000 ) ) ;
#5697 = CARTESIAN_POINT ( 'NONE',  ( -1.134999999999999787, -4.470451666064363791E-17, 1.600000000000000089 ) ) ;
#5698 = CARTESIAN_POINT ( 'NONE',  ( 2.001999999999999780, 0.2025000000000000133, -0.1350000000000001477 ) ) ;
#5699 = EDGE_LOOP ( 'NONE', ( #3363, #5881, #9201, #6270 ) ) ;
#5700 = UNCERTAINTY_MEASURE_WITH_UNIT (LENGTH_MEASURE( 1.000000000000000082E-05 ), #8621, 'distance_accuracy_value', 'NONE');
#5701 = LINE ( 'NONE', #4462, #1735 ) ;
#5702 = LINE ( 'NONE', #7055, #6945 ) ;
#5703 = UNCERTAINTY_MEASURE_WITH_UNIT (LENGTH_MEASURE( 1.000000000000000082E-05 ), #2560, 'distance_accuracy_value', 'NONE');
#5704 = STYLED_ITEM ( 'NONE', ( #4957 ), #4232 ) ;
#5705 = VECTOR ( 'NONE', #6490, 1000.000000000000000 ) ;
#5706 = CARTESIAN_POINT ( 'NONE',  ( -2.001999999999999780, 0.2025000000000000133, 1.364999999999999991 ) ) ;
#5707 = ORIENTED_EDGE ( 'NONE', *, *, #8598, .F. ) ;
#5708 = CARTESIAN_POINT ( 'NONE',  ( 2.001999999999999780, 0.2025000000000000133, 0.8649999999999998801 ) ) ;
#5709 = PLANE ( 'NONE',  #1179 ) ;
#5710 = EDGE_CURVE ( 'NONE', #2880, #3190, #2587, .T. ) ;
#5711 = EDGE_LOOP ( 'NONE', ( #2525, #4456, #6707, #2660 ) ) ;
#5712 = FILL_AREA_STYLE ('',( #8662 ) ) ;
#5713 = EDGE_CURVE ( 'NONE', #806, #7096, #4797, .T. ) ;
#5714 =( GEOMETRIC_REPRESENTATION_CONTEXT ( 3 ) GLOBAL_UNCERTAINTY_ASSIGNED_CONTEXT ( ( #6254 ) ) GLOBAL_UNIT_ASSIGNED_CONTEXT ( ( #7602, #1252, #3420 ) ) REPRESENTATION_CONTEXT ( 'NONE', 'WORKASPACE' ) );
#5715 = VECTOR ( 'NONE', #8777, 1000.000000000000000 ) ;
#5716 = DIRECTION ( 'NONE',  ( 1.000000000000000000, 0.0000000000000000000, 0.0000000000000000000 ) ) ;
#5717 = VERTEX_POINT ( 'NONE', #5403 ) ;
#5718 = VECTOR ( 'NONE', #4277, 1000.000000000000000 ) ;
#5719 = SURFACE_SIDE_STYLE ('',( #2942 ) ) ;
#5720 = ORIENTED_EDGE ( 'NONE', *, *, #3911, .F. ) ;
#5721 = PLANE ( 'NONE',  #3222 ) ;
#5722 = DIRECTION ( 'NONE',  ( 0.0000000000000000000, -1.000000000000000000, 0.0000000000000000000 ) ) ;
#5723 = ORIENTED_EDGE ( 'NONE', *, *, #7710, .F. ) ;
#5724 = LINE ( 'NONE', #8531, #4285 ) ;
#5725 = STYLED_ITEM ( 'NONE', ( #4487 ), #5121 ) ;
#5726 = CARTESIAN_POINT ( 'NONE',  ( -1.364999999999999547, 0.002499999999999955383, 1.600000000000000089 ) ) ;
#5727 = DIRECTION ( 'NONE',  ( -1.000000000000000000, 0.0000000000000000000, 0.0000000000000000000 ) ) ;
#5728 = CARTESIAN_POINT ( 'NONE',  ( 0.8650000000000004352, 0.002500000000000015231, 1.600000000000000089 ) ) ;
#5729 = FACE_OUTER_BOUND ( 'NONE', #4335, .T. ) ;
#5730 = VERTEX_POINT ( 'NONE', #1885 ) ;
#5731 = LINE ( 'NONE', #3603, #4577 ) ;
#5732 = DIRECTION ( 'NONE',  ( -0.0000000000000000000, -0.0000000000000000000, -1.000000000000000000 ) ) ;
#5733 = EDGE_LOOP ( 'NONE', ( #1151, #1131, #4239, #979 ) ) ;
#5734 = DIRECTION ( 'NONE',  ( -1.000000000000000000, 0.0000000000000000000, -0.0000000000000000000 ) ) ;
#5735 = DIRECTION ( 'NONE',  ( 2.710505431213761578E-16, 0.0000000000000000000, -1.000000000000000000 ) ) ;
#5736 = VECTOR ( 'NONE', #1283, 1000.000000000000000 ) ;
#5737 = VECTOR ( 'NONE', #2228, 1000.000000000000000 ) ;
#5738 = DIRECTION ( 'NONE',  ( 0.0000000000000000000, 0.0000000000000000000, -1.000000000000000000 ) ) ;
#5739 = CARTESIAN_POINT ( 'NONE',  ( -1.134999999999999787, 0.1999999999999999556, -2.000000000000000000 ) ) ;
#5740 = ORIENTED_EDGE ( 'NONE', *, *, #8764, .F. ) ;
#5741 = COLOUR_RGB ( '',1.000000000000000000, 1.000000000000000000, 1.000000000000000000 ) ;
#5742 = FACE_OUTER_BOUND ( 'NONE', #5189, .T. ) ;
#5743 = LINE ( 'NONE', #5698, #3448 ) ;
#5744 = VERTEX_POINT ( 'NONE', #6234 ) ;
#5745 = LINE ( 'NONE', #684, #2810 ) ;
#5746 = DIRECTION ( 'NONE',  ( -1.000000000000000000, 0.0000000000000000000, 0.0000000000000000000 ) ) ;
#5747 = PRESENTATION_LAYER_ASSIGNMENT (  '', '', ( #2652 ) ) ;
#5748 = VERTEX_POINT ( 'NONE', #9055 ) ;
#5749 = CARTESIAN_POINT ( 'NONE',  ( -0.1349999999999995925, 0.1999999999999999833, 2.000000000000000000 ) ) ;
#5750 = PRESENTATION_LAYER_ASSIGNMENT (  '', '', ( #1771 ) ) ;
#5751 = FILL_AREA_STYLE_COLOUR ( '', #2963 ) ;
#5752 = ORIENTED_EDGE ( 'NONE', *, *, #154, .T. ) ;
#5753 = VECTOR ( 'NONE', #8776, 1000.000000000000000 ) ;
#5754 = ORIENTED_EDGE ( 'NONE', *, *, #2452, .F. ) ;
#5755 = EDGE_CURVE ( 'NONE', #279, #6798, #5542, .T. ) ;
#5756 = FILL_AREA_STYLE ('',( #850 ) ) ;
#5757 =( GEOMETRIC_REPRESENTATION_CONTEXT ( 3 ) GLOBAL_UNCERTAINTY_ASSIGNED_CONTEXT ( ( #789 ) ) GLOBAL_UNIT_ASSIGNED_CONTEXT ( ( #8195, #4697, #3296 ) ) REPRESENTATION_CONTEXT ( 'NONE', 'WORKASPACE' ) );
#5758 = LINE ( 'NONE', #3036, #7933 ) ;
#5759 = VERTEX_POINT ( 'NONE', #2164 ) ;
#5760 = DIRECTION ( 'NONE',  ( 0.0000000000000000000, 0.0000000000000000000, 1.000000000000000000 ) ) ;
#5761 = VERTEX_POINT ( 'NONE', #756 ) ;
#5762 = MECHANICAL_DESIGN_GEOMETRIC_PRESENTATION_REPRESENTATION (  '', ( #3391 ), #4129 ) ;
#5763 =( GEOMETRIC_REPRESENTATION_CONTEXT ( 3 ) GLOBAL_UNCERTAINTY_ASSIGNED_CONTEXT ( ( #5623 ) ) GLOBAL_UNIT_ASSIGNED_CONTEXT ( ( #494, #6292, #9111 ) ) REPRESENTATION_CONTEXT ( 'NONE', 'WORKASPACE' ) );
#5764 = EDGE_CURVE ( 'NONE', #3764, #8673, #2944, .T. ) ;
#5765 = PLANE ( 'NONE',  #5791 ) ;
#5766 = ADVANCED_FACE ( 'NONE', ( #1454 ), #5089, .F. ) ;
#5767 = EDGE_CURVE ( 'NONE', #2061, #7964, #7073, .T. ) ;
#5768 = CARTESIAN_POINT ( 'NONE',  ( 2.000000000000000000, 0.9000000000000000222, -2.000000000000000000 ) ) ;
#5769 = DIRECTION ( 'NONE',  ( 4.065758146820642614E-16, -0.0000000000000000000, 1.000000000000000000 ) ) ;
#5770 = ORIENTED_EDGE ( 'NONE', *, *, #4649, .T. ) ;
#5771 = ADVANCED_FACE ( 'NONE', ( #1550 ), #5721, .T. ) ;
#5772 = DIRECTION ( 'NONE',  ( 1.000000000000000000, -0.0000000000000000000, -0.0000000000000000000 ) ) ;
#5773 = FILL_AREA_STYLE ('',( #2225 ) ) ;
#5774 = ORIENTED_EDGE ( 'NONE', *, *, #6980, .F. ) ;
#5775 = DIRECTION ( 'NONE',  ( 1.000000000000000000, 0.0000000000000000000, 4.065758146820642614E-16 ) ) ;
#5776 = SURFACE_SIDE_STYLE ('',( #3752 ) ) ;
#5777 = STYLED_ITEM ( 'NONE', ( #8597 ), #1363 ) ;
#5778 = CARTESIAN_POINT ( 'NONE',  ( 1.250000000000000000, 0.0005000000000000003357, 1.000000000000000000 ) ) ;
#5779 = MECHANICAL_DESIGN_GEOMETRIC_PRESENTATION_REPRESENTATION (  '', ( #7561 ), #4746 ) ;
#5780 = FILL_AREA_STYLE ('',( #2965 ) ) ;
#5781 = ADVANCED_FACE ( 'NONE', ( #3522 ), #7607, .T. ) ;
#5782 = PRESENTATION_LAYER_ASSIGNMENT (  '', '', ( #1201 ) ) ;
#5783 = DIRECTION ( 'NONE',  ( 0.0000000000000000000, -1.000000000000000000, -0.0000000000000000000 ) ) ;
#5784 = CARTESIAN_POINT ( 'NONE',  ( 2.000000000000000000, 0.002500000000000000052, 0.8649999999999999911 ) ) ;
#5785 = ORIENTED_EDGE ( 'NONE', *, *, #1692, .F. ) ;
#5786 = EDGE_CURVE ( 'NONE', #3518, #5681, #9035, .T. ) ;
#5787 = CARTESIAN_POINT ( 'NONE',  ( 2.000000000000000000, 0.0000000000000000000, 1.365000000000000213 ) ) ;
#5788 = VECTOR ( 'NONE', #2136, 1000.000000000000000 ) ;
#5789 = CARTESIAN_POINT ( 'NONE',  ( -1.600000000000000089, 0.002500000000000000052, -0.6350000000000000089 ) ) ;
#5790 = ORIENTED_EDGE ( 'NONE', *, *, #3281, .T. ) ;
#5791 = AXIS2_PLACEMENT_3D ( 'NONE', #512, #7577, #4659 ) ;
#5792 = EDGE_LOOP ( 'NONE', ( #8847, #6275, #6159, #3041, #1505, #6993 ) ) ;
#5793 = CARTESIAN_POINT ( 'NONE',  ( -0.8649999999999996581, 0.002500000000000000052, -2.000000000000000000 ) ) ;
#5794 = UNCERTAINTY_MEASURE_WITH_UNIT (LENGTH_MEASURE( 1.000000000000000082E-05 ), #5589, 'distance_accuracy_value', 'NONE');
#5795 = CARTESIAN_POINT ( 'NONE',  ( -2.000000000000000000, 0.002500000000000000052, 1.135000000000000231 ) ) ;
#5796 = PLANE ( 'NONE',  #3972 ) ;
#5797 = DIRECTION ( 'NONE',  ( -2.710505431213761578E-16, 0.0000000000000000000, -1.000000000000000000 ) ) ;
#5798 = VERTEX_POINT ( 'NONE', #7009 ) ;
#5799 = MECHANICAL_DESIGN_GEOMETRIC_PRESENTATION_REPRESENTATION (  '', ( #760 ), #8442 ) ;
#5800 = FILL_AREA_STYLE_COLOUR ( '', #2129 ) ;
#5801 = DIRECTION ( 'NONE',  ( -0.0000000000000000000, -1.000000000000000000, -0.0000000000000000000 ) ) ;
#5802 =( LENGTH_UNIT ( ) NAMED_UNIT ( * ) SI_UNIT ( .MILLI., .METRE. ) );
#5803 = ORIENTED_EDGE ( 'NONE', *, *, #3460, .F. ) ;
#5804 = AXIS2_PLACEMENT_3D ( 'NONE', #3403, #1890, #8344 ) ;
#5805 = CARTESIAN_POINT ( 'NONE',  ( -2.000000000000000000, 0.2025000000000000133, 1.364999999999999991 ) ) ;
#5806 = UNCERTAINTY_MEASURE_WITH_UNIT (LENGTH_MEASURE( 1.000000000000000082E-05 ), #9183, 'distance_accuracy_value', 'NONE');
#5807 = AXIS2_PLACEMENT_3D ( 'NONE', #4633, #7475, #1118 ) ;
#5808 = SURFACE_SIDE_STYLE ('',( #7887 ) ) ;
#5809 = ORIENTED_EDGE ( 'NONE', *, *, #3619, .T. ) ;
#5810 = AXIS2_PLACEMENT_3D ( 'NONE', #274, #5171, #896 ) ;
#5811 = DIRECTION ( 'NONE',  ( 1.000000000000000000, 0.0000000000000000000, 0.0000000000000000000 ) ) ;
#5812 = CARTESIAN_POINT ( 'NONE',  ( -2.000000000000000000, 0.0000000000000000000, 0.6350000000000000089 ) ) ;
#5813 = ORIENTED_EDGE ( 'NONE', *, *, #6595, .F. ) ;
#5814 = VERTEX_POINT ( 'NONE', #2704 ) ;
#5815 = COLOUR_RGB ( '',0.2509803921568627416, 0.2509803921568627416, 0.2509803921568627416 ) ;
#5816 = DIRECTION ( 'NONE',  ( -1.000000000000000000, -0.0000000000000000000, -0.0000000000000000000 ) ) ;
#5817 = LINE ( 'NONE', #2308, #6382 ) ;
#5818 = DIRECTION ( 'NONE',  ( -0.0000000000000000000, -1.000000000000000000, -0.0000000000000000000 ) ) ;
#5819 = DIRECTION ( 'NONE',  ( 0.0000000000000000000, 0.0000000000000000000, -1.000000000000000000 ) ) ;
#5820 = ORIENTED_EDGE ( 'NONE', *, *, #1928, .F. ) ;
#5821 = DIRECTION ( 'NONE',  ( -0.0000000000000000000, -1.000000000000000000, -0.0000000000000000000 ) ) ;
#5822 = CARTESIAN_POINT ( 'NONE',  ( -0.1349999999999995925, 0.1999999999999999833, 2.001999999999999780 ) ) ;
#5823 = VERTEX_POINT ( 'NONE', #3427 ) ;
#5824 = FILL_AREA_STYLE_COLOUR ( '', #3284 ) ;
#5825 = SURFACE_SIDE_STYLE ('',( #8635 ) ) ;
#5826 = EDGE_CURVE ( 'NONE', #191, #1000, #7699, .T. ) ;
#5827 = ADVANCED_FACE ( 'NONE', ( #5622 ), #641, .F. ) ;
#5828 =( NAMED_UNIT ( * ) SI_UNIT ( $, .STERADIAN. ) SOLID_ANGLE_UNIT ( ) );
#5829 = DIRECTION ( 'NONE',  ( -0.0000000000000000000, -0.0000000000000000000, -1.000000000000000000 ) ) ;
#5830 = CARTESIAN_POINT ( 'NONE',  ( 2.001999999999999780, 0.2025000000000000133, -0.6350000000000001199 ) ) ;
#5831 =( NAMED_UNIT ( * ) PLANE_ANGLE_UNIT ( ) SI_UNIT ( $, .RADIAN. ) );
#5832 = CARTESIAN_POINT ( 'NONE',  ( 0.3650000000000004352, 0.2000000000000000111, -2.001999999999999780 ) ) ;
#5833 = ORIENTED_EDGE ( 'NONE', *, *, #1965, .T. ) ;
#5834 = DIRECTION ( 'NONE',  ( 0.0000000000000000000, 0.0000000000000000000, -1.000000000000000000 ) ) ;
#5835 = ORIENTED_EDGE ( 'NONE', *, *, #2568, .T. ) ;
#5836 = EDGE_CURVE ( 'NONE', #7461, #1358, #883, .T. ) ;
#5837 = FILL_AREA_STYLE_COLOUR ( '', #785 ) ;
#5838 = EDGE_LOOP ( 'NONE', ( #7250, #2712, #5854, #5131 ) ) ;
#5839 = FILL_AREA_STYLE ('',( #3113 ) ) ;
#5840 = LINE ( 'NONE', #6601, #5299 ) ;
#5841 = DIRECTION ( 'NONE',  ( -0.0000000000000000000, -1.000000000000000000, -0.0000000000000000000 ) ) ;
#5842 = ORIENTED_EDGE ( 'NONE', *, *, #842, .F. ) ;
#5843 = CARTESIAN_POINT ( 'NONE',  ( -2.000000000000000000, 0.0000000000000000000, 0.3649999999999999911 ) ) ;
#5844 = SURFACE_STYLE_USAGE ( .BOTH. , #4413 ) ;
#5845 = LINE ( 'NONE', #8660, #2074 ) ;
#5846 = ORIENTED_EDGE ( 'NONE', *, *, #8992, .F. ) ;
#5847 = CARTESIAN_POINT ( 'NONE',  ( 0.6350000000000003419, 1.487762787917389017E-18, -2.000000000000000000 ) ) ;
#5848 = PLANE ( 'NONE',  #4338 ) ;
#5849 = VECTOR ( 'NONE', #8947, 1000.000000000000000 ) ;
#5850 = SURFACE_STYLE_USAGE ( .BOTH. , #5175 ) ;
#5851 = EDGE_LOOP ( 'NONE', ( #8264, #5963, #8206, #3625 ) ) ;
#5852 =( LENGTH_UNIT ( ) NAMED_UNIT ( * ) SI_UNIT ( .MILLI., .METRE. ) );
#5853 = ORIENTED_EDGE ( 'NONE', *, *, #7796, .F. ) ;
#5854 = ORIENTED_EDGE ( 'NONE', *, *, #6903, .T. ) ;
#5855 = VECTOR ( 'NONE', #156, 1000.000000000000000 ) ;
#5856 = ORIENTED_EDGE ( 'NONE', *, *, #6117, .F. ) ;
#5857 = STYLED_ITEM ( 'NONE', ( #6768 ), #4976 ) ;
#5858 = FACE_OUTER_BOUND ( 'NONE', #1763, .T. ) ;
#5859 = PLANE ( 'NONE',  #8758 ) ;
#5860 = VECTOR ( 'NONE', #3400, 1000.000000000000000 ) ;
#5861 = DIRECTION ( 'NONE',  ( -1.000000000000000000, 0.0000000000000000000, -0.0000000000000000000 ) ) ;
#5862 = VECTOR ( 'NONE', #92, 1000.000000000000000 ) ;
#5863 = EDGE_LOOP ( 'NONE', ( #6936, #2254, #7294, #4382 ) ) ;
#5864 = LINE ( 'NONE', #6575, #9000 ) ;
#5865 = COLOUR_RGB ( '',1.000000000000000000, 1.000000000000000000, 1.000000000000000000 ) ;
#5866 = SURFACE_STYLE_FILL_AREA ( #5773 ) ;
#5867 = ORIENTED_EDGE ( 'NONE', *, *, #6572, .T. ) ;
#5868 = PRESENTATION_STYLE_ASSIGNMENT (( #2459 ) ) ;
#5869 = LINE ( 'NONE', #254, #2171 ) ;
#5870 = FILL_AREA_STYLE_COLOUR ( '', #4154 ) ;
#5871 = CARTESIAN_POINT ( 'NONE',  ( -1.364999999999999547, -4.463288363752166281E-18, -1.600000000000000089 ) ) ;
#5872 =( GEOMETRIC_REPRESENTATION_CONTEXT ( 3 ) GLOBAL_UNCERTAINTY_ASSIGNED_CONTEXT ( ( #9034 ) ) GLOBAL_UNIT_ASSIGNED_CONTEXT ( ( #1954, #4824, #8237 ) ) REPRESENTATION_CONTEXT ( 'NONE', 'WORKASPACE' ) );
#5873 = DIRECTION ( 'NONE',  ( -1.000000000000000000, -0.0000000000000000000, 4.065758146820642614E-16 ) ) ;
#5874 = CARTESIAN_POINT ( 'NONE',  ( -0.3649999999999996581, 0.1999999999999999833, -2.001999999999999780 ) ) ;
#5875 = ADVANCED_FACE ( 'NONE', ( #7828 ), #8652, .T. ) ;
#5876 = LINE ( 'NONE', #2373, #4679 ) ;
#5877 = ORIENTED_EDGE ( 'NONE', *, *, #372, .F. ) ;
#5878 = PLANE ( 'NONE',  #404 ) ;
#5879 = EDGE_CURVE ( 'NONE', #2235, #903, #2976, .T. ) ;
#5880 = COLOUR_RGB ( '',1.000000000000000000, 1.000000000000000000, 1.000000000000000000 ) ;
#5881 = ORIENTED_EDGE ( 'NONE', *, *, #5042, .F. ) ;
#5882 = PRESENTATION_STYLE_ASSIGNMENT (( #3068 ) ) ;
#5883 = COLOUR_RGB ( '',1.000000000000000000, 1.000000000000000000, 1.000000000000000000 ) ;
#5884 = CARTESIAN_POINT ( 'NONE',  ( 1.135000000000000453, 0.002500000000000029976, 2.000000000000000000 ) ) ;
#5885 =( GEOMETRIC_REPRESENTATION_CONTEXT ( 3 ) GLOBAL_UNCERTAINTY_ASSIGNED_CONTEXT ( ( #3021 ) ) GLOBAL_UNIT_ASSIGNED_CONTEXT ( ( #7995, #4564, #6621 ) ) REPRESENTATION_CONTEXT ( 'NONE', 'WORKASPACE' ) );
#5886 = EDGE_CURVE ( 'NONE', #6846, #3029, #5115, .T. ) ;
#5887 =( NAMED_UNIT ( * ) PLANE_ANGLE_UNIT ( ) SI_UNIT ( $, .RADIAN. ) );
#5888 = EDGE_CURVE ( 'NONE', #2852, #6456, #1580, .T. ) ;
#5889 = FILL_AREA_STYLE ('',( #3071 ) ) ;
#5890 = FILL_AREA_STYLE ('',( #221 ) ) ;
#5891 = CARTESIAN_POINT ( 'NONE',  ( -2.001999999999999780, 0.002500000000000000052, -0.6350000000000001199 ) ) ;
#5892 = EDGE_CURVE ( 'NONE', #2815, #7676, #2878, .T. ) ;
#5893 = FACE_OUTER_BOUND ( 'NONE', #4512, .T. ) ;
#5894 = EDGE_LOOP ( 'NONE', ( #1884, #7082, #1391, #4874 ) ) ;
#5895 = FACE_OUTER_BOUND ( 'NONE', #3966, .T. ) ;
#5896 = UNCERTAINTY_MEASURE_WITH_UNIT (LENGTH_MEASURE( 1.000000000000000082E-05 ), #4341, 'distance_accuracy_value', 'NONE');
#5897 = EDGE_CURVE ( 'NONE', #6839, #2298, #5701, .T. ) ;
#5898 = PRESENTATION_LAYER_ASSIGNMENT (  '', '', ( #6194 ) ) ;
#5899 = FILL_AREA_STYLE ('',( #5948 ) ) ;
#5900 = SURFACE_STYLE_FILL_AREA ( #5219 ) ;
#5901 = ORIENTED_EDGE ( 'NONE', *, *, #3565, .F. ) ;
#5902 = CARTESIAN_POINT ( 'NONE',  ( 2.000000000000000000, 0.0000000000000000000, -0.1350000000000000089 ) ) ;
#5903 = PRESENTATION_STYLE_ASSIGNMENT (( #5179 ) ) ;
#5904 = ORIENTED_EDGE ( 'NONE', *, *, #3077, .T. ) ;
#5905 = SURFACE_SIDE_STYLE ('',( #7360 ) ) ;
#5906 = ORIENTED_EDGE ( 'NONE', *, *, #8421, .T. ) ;
#5907 = PRESENTATION_LAYER_ASSIGNMENT (  '', '', ( #4867 ) ) ;
#5908 = SURFACE_SIDE_STYLE ('',( #4483 ) ) ;
#5909 = LINE ( 'NONE', #8040, #5203 ) ;
#5910 = VECTOR ( 'NONE', #7320, 1000.000000000000000 ) ;
#5911 = FACE_OUTER_BOUND ( 'NONE', #5373, .T. ) ;
#5912 =( NAMED_UNIT ( * ) PLANE_ANGLE_UNIT ( ) SI_UNIT ( $, .RADIAN. ) );
#5913 = ORIENTED_EDGE ( 'NONE', *, *, #2514, .T. ) ;
#5914 =( NAMED_UNIT ( * ) PLANE_ANGLE_UNIT ( ) SI_UNIT ( $, .RADIAN. ) );
#5915 = ORIENTED_EDGE ( 'NONE', *, *, #8371, .F. ) ;
#5916 = CARTESIAN_POINT ( 'NONE',  ( 1.135000000000000675, 0.002500000000000003088, -1.600000000000000089 ) ) ;
#5917 = VECTOR ( 'NONE', #1767, 1000.000000000000000 ) ;
#5918 = PRESENTATION_LAYER_ASSIGNMENT (  '', '', ( #8718 ) ) ;
#5919 = PRESENTATION_STYLE_ASSIGNMENT (( #870 ) ) ;
#5920 = VECTOR ( 'NONE', #3542, 1000.000000000000000 ) ;
#5921 = DIRECTION ( 'NONE',  ( -1.000000000000000000, 0.0000000000000000000, -0.0000000000000000000 ) ) ;
#5922 =( NAMED_UNIT ( * ) PLANE_ANGLE_UNIT ( ) SI_UNIT ( $, .RADIAN. ) );
#5923 = VERTEX_POINT ( 'NONE', #7155 ) ;
#5924 = DIRECTION ( 'NONE',  ( 0.0000000000000000000, 0.0000000000000000000, -1.000000000000000000 ) ) ;
#5925 = MECHANICAL_DESIGN_GEOMETRIC_PRESENTATION_REPRESENTATION (  '', ( #6221 ), #2089 ) ;
#5926 = FACE_OUTER_BOUND ( 'NONE', #3261, .T. ) ;
#5927 =( GEOMETRIC_REPRESENTATION_CONTEXT ( 3 ) GLOBAL_UNCERTAINTY_ASSIGNED_CONTEXT ( ( #3666 ) ) GLOBAL_UNIT_ASSIGNED_CONTEXT ( ( #6181, #4791, #3482 ) ) REPRESENTATION_CONTEXT ( 'NONE', 'WORKASPACE' ) );
#5928 = ORIENTED_EDGE ( 'NONE', *, *, #1976, .T. ) ;
#5929 =( NAMED_UNIT ( * ) SI_UNIT ( $, .STERADIAN. ) SOLID_ANGLE_UNIT ( ) );
#5930 = PRESENTATION_LAYER_ASSIGNMENT (  '', '', ( #744 ) ) ;
#5931 = COLOUR_RGB ( '',1.000000000000000000, 1.000000000000000000, 1.000000000000000000 ) ;
#5932 = SURFACE_STYLE_FILL_AREA ( #5839 ) ;
#5933 = EDGE_CURVE ( 'NONE', #5643, #612, #3622, .T. ) ;
#5934 = COLOUR_RGB ( '',1.000000000000000000, 1.000000000000000000, 1.000000000000000000 ) ;
#5935 = FACE_OUTER_BOUND ( 'NONE', #5332, .T. ) ;
#5936 =( GEOMETRIC_REPRESENTATION_CONTEXT ( 3 ) GLOBAL_UNCERTAINTY_ASSIGNED_CONTEXT ( ( #2542 ) ) GLOBAL_UNIT_ASSIGNED_CONTEXT ( ( #8813, #6751, #6050 ) ) REPRESENTATION_CONTEXT ( 'NONE', 'WORKASPACE' ) );
#5937 = FILL_AREA_STYLE ('',( #5800 ) ) ;
#5938 = FILL_AREA_STYLE ('',( #1083 ) ) ;
#5939 = MECHANICAL_DESIGN_GEOMETRIC_PRESENTATION_REPRESENTATION (  '', ( #1658 ), #6692 ) ;
#5940 = ORIENTED_EDGE ( 'NONE', *, *, #1400, .F. ) ;
#5941 = ADVANCED_FACE ( 'NONE', ( #8609 ), #5017, .F. ) ;
#5942 = ADVANCED_FACE ( 'NONE', ( #3944 ), #4592, .F. ) ;
#5943 = ADVANCED_FACE ( 'NONE', ( #1684 ), #8700, .T. ) ;
#5944 = CARTESIAN_POINT ( 'NONE',  ( -2.000000000000000000, 0.2025000000000000133, 0.1349999999999998701 ) ) ;
#5945 = VECTOR ( 'NONE', #3780, 1000.000000000000000 ) ;
#5946 = LINE ( 'NONE', #5083, #915 ) ;
#5947 = PRESENTATION_LAYER_ASSIGNMENT (  '', '', ( #760 ) ) ;
#5948 = FILL_AREA_STYLE_COLOUR ( '', #6837 ) ;
#5949 = DIRECTION ( 'NONE',  ( 0.0000000000000000000, -0.0000000000000000000, 1.000000000000000000 ) ) ;
#5950 = ORIENTED_EDGE ( 'NONE', *, *, #840, .T. ) ;
#5951 = SURFACE_STYLE_USAGE ( .BOTH. , #8062 ) ;
#5952 = DIRECTION ( 'NONE',  ( 4.065758146820642614E-16, -0.0000000000000000000, 1.000000000000000000 ) ) ;
#5953 = LINE ( 'NONE', #8766, #267 ) ;
#5954 = EDGE_LOOP ( 'NONE', ( #8722, #5227, #5118, #8044 ) ) ;
#5955 = CARTESIAN_POINT ( 'NONE',  ( 1.499999999999999778, 0.8979999999999999094, -1.600000000000000089 ) ) ;
#5956 = EDGE_CURVE ( 'NONE', #3875, #6226, #988, .T. ) ;
#5957 = VERTEX_POINT ( 'NONE', #3901 ) ;
#5958 = EDGE_CURVE ( 'NONE', #8153, #3134, #7343, .T. ) ;
#5959 =( NAMED_UNIT ( * ) SI_UNIT ( $, .STERADIAN. ) SOLID_ANGLE_UNIT ( ) );
#5960 = MECHANICAL_DESIGN_GEOMETRIC_PRESENTATION_REPRESENTATION (  '', ( #6407 ), #7309 ) ;
#5961 = UNCERTAINTY_MEASURE_WITH_UNIT (LENGTH_MEASURE( 1.000000000000000082E-05 ), #4508, 'distance_accuracy_value', 'NONE');
#5962 = DIRECTION ( 'NONE',  ( 0.0000000000000000000, -0.0000000000000000000, -1.000000000000000000 ) ) ;
#5963 = ORIENTED_EDGE ( 'NONE', *, *, #8489, .F. ) ;
#5964 = LINE ( 'NONE', #1013, #5753 ) ;
#5965 = SURFACE_STYLE_USAGE ( .BOTH. , #3145 ) ;
#5966 = ORIENTED_EDGE ( 'NONE', *, *, #5710, .F. ) ;
#5967 = DIRECTION ( 'NONE',  ( -0.0000000000000000000, -1.000000000000000000, -0.0000000000000000000 ) ) ;
#5968 = CARTESIAN_POINT ( 'NONE',  ( 0.3650000000000004352, 0.002500000000000006557, -2.000000000000000000 ) ) ;
#5969 =( NAMED_UNIT ( * ) PLANE_ANGLE_UNIT ( ) SI_UNIT ( $, .RADIAN. ) );
#5970 = MECHANICAL_DESIGN_GEOMETRIC_PRESENTATION_REPRESENTATION (  '', ( #4638 ), #3754 ) ;
#5971 = VECTOR ( 'NONE', #7296, 1000.000000000000000 ) ;
#5972 =( NAMED_UNIT ( * ) SI_UNIT ( $, .STERADIAN. ) SOLID_ANGLE_UNIT ( ) );
#5973 = FACE_OUTER_BOUND ( 'NONE', #8944, .T. ) ;
#5974 =( LENGTH_UNIT ( ) NAMED_UNIT ( * ) SI_UNIT ( .MILLI., .METRE. ) );
#5975 = SURFACE_STYLE_FILL_AREA ( #302 ) ;
#5976 = VECTOR ( 'NONE', #3061, 1000.000000000000000 ) ;
#5977 = SURFACE_STYLE_FILL_AREA ( #3933 ) ;
#5979 = ORIENTED_EDGE ( 'NONE', *, *, #2829, .F. ) ;
#5978 = AXIS2_PLACEMENT_3D ( 'NONE', #3843, #4565, #8077 ) ;
#5980 = SURFACE_STYLE_USAGE ( .BOTH. , #305 ) ;
#5981 = ORIENTED_EDGE ( 'NONE', *, *, #1152, .T. ) ;
#5982 = CARTESIAN_POINT ( 'NONE',  ( -1.134999999999999787, 0.002499999999999995715, -2.000000000000000000 ) ) ;
#5983 = CARTESIAN_POINT ( 'NONE',  ( -2.000000000000000000, 0.0000000000000000000, 1.365000000000000213 ) ) ;
#5984 = UNCERTAINTY_MEASURE_WITH_UNIT (LENGTH_MEASURE( 1.000000000000000082E-05 ), #3938, 'distance_accuracy_value', 'NONE');
#5985 = FILL_AREA_STYLE ('',( #5341 ) ) ;
#5986 = FILL_AREA_STYLE ('',( #6125 ) ) ;
#5987 = UNCERTAINTY_MEASURE_WITH_UNIT (LENGTH_MEASURE( 1.000000000000000082E-05 ), #1104, 'distance_accuracy_value', 'NONE');
#5988 = SURFACE_STYLE_USAGE ( .BOTH. , #8055 ) ;
#5989 = ORIENTED_EDGE ( 'NONE', *, *, #5222, .F. ) ;
#5990 = PRESENTATION_STYLE_ASSIGNMENT (( #3872 ) ) ;
#5991 = UNCERTAINTY_MEASURE_WITH_UNIT (LENGTH_MEASURE( 1.000000000000000082E-05 ), #2563, 'distance_accuracy_value', 'NONE');
#5992 = ADVANCED_FACE ( 'NONE', ( #6032 ), #1342, .T. ) ;
#5993 = ORIENTED_EDGE ( 'NONE', *, *, #7322, .T. ) ;
#5994 = LINE ( 'NONE', #1597, #6207 ) ;
#5995 =( NAMED_UNIT ( * ) SI_UNIT ( $, .STERADIAN. ) SOLID_ANGLE_UNIT ( ) );
#5996 = DIRECTION ( 'NONE',  ( -0.0000000000000000000, -1.000000000000000000, -0.0000000000000000000 ) ) ;
#5997 = ADVANCED_FACE ( 'NONE', ( #8271 ), #4771, .T. ) ;
#5998 = ORIENTED_EDGE ( 'NONE', *, *, #6236, .F. ) ;
#5999 = EDGE_LOOP ( 'NONE', ( #5774, #5236, #3642, #6730 ) ) ;
#6000 = AXIS2_PLACEMENT_3D ( 'NONE', #1762, #4025, #6728 ) ;
#6001 = FACE_OUTER_BOUND ( 'NONE', #5213, .T. ) ;
#6002 = EDGE_CURVE ( 'NONE', #6232, #5814, #1900, .T. ) ;
#6003 = DIRECTION ( 'NONE',  ( -0.0000000000000000000, -0.0000000000000000000, -1.000000000000000000 ) ) ;
#6004 = VERTEX_POINT ( 'NONE', #3464 ) ;
#6005 = LINE ( 'NONE', #8079, #2803 ) ;
#6006 =( LENGTH_UNIT ( ) NAMED_UNIT ( * ) SI_UNIT ( .MILLI., .METRE. ) );
#6007 = ORIENTED_EDGE ( 'NONE', *, *, #4637, .F. ) ;
#6008 = MECHANICAL_DESIGN_GEOMETRIC_PRESENTATION_REPRESENTATION (  '', ( #2473 ), #5133 ) ;
#6009 = FACE_OUTER_BOUND ( 'NONE', #9038, .T. ) ;
#6010 = FILL_AREA_STYLE_COLOUR ( '', #8230 ) ;
#6011 = EDGE_CURVE ( 'NONE', #8495, #5761, #1996, .T. ) ;
#6012 = DIRECTION ( 'NONE',  ( 0.0000000000000000000, 0.0000000000000000000, 1.000000000000000000 ) ) ;
#6013 = VECTOR ( 'NONE', #7772, 1000.000000000000000 ) ;
#6014 = CARTESIAN_POINT ( 'NONE',  ( -2.001999999999999780, 0.2025000000000000133, -1.135000000000000231 ) ) ;
#6015 = COLOUR_RGB ( '',1.000000000000000000, 1.000000000000000000, 1.000000000000000000 ) ;
#6016 =( GEOMETRIC_REPRESENTATION_CONTEXT ( 3 ) GLOBAL_UNCERTAINTY_ASSIGNED_CONTEXT ( ( #5519 ) ) GLOBAL_UNIT_ASSIGNED_CONTEXT ( ( #3503, #7763, #4996 ) ) REPRESENTATION_CONTEXT ( 'NONE', 'WORKASPACE' ) );
#6017 = AXIS2_PLACEMENT_3D ( 'NONE', #7025, #7716, #4095 ) ;
#6018 = DIRECTION ( 'NONE',  ( 1.000000000000000000, 0.0000000000000000000, 0.0000000000000000000 ) ) ;
#6019 = AXIS2_PLACEMENT_3D ( 'NONE', #4191, #7030, #4945 ) ;
#6020 = SURFACE_STYLE_FILL_AREA ( #2553 ) ;
#6021 = VERTEX_POINT ( 'NONE', #9117 ) ;
#6022 = LINE ( 'NONE', #5327, #706 ) ;
#6023 = LINE ( 'NONE', #8131, #214 ) ;
#6024 = ORIENTED_EDGE ( 'NONE', *, *, #148, .F. ) ;
#6025 = SURFACE_STYLE_FILL_AREA ( #1854 ) ;
#6026 = ORIENTED_EDGE ( 'NONE', *, *, #3765, .F. ) ;
#6027 = MECHANICAL_DESIGN_GEOMETRIC_PRESENTATION_REPRESENTATION (  '', ( #7647 ), #3198 ) ;
#6028 = AXIS2_PLACEMENT_3D ( 'NONE', #2149, #6497, #5162 ) ;
#6029 = MECHANICAL_DESIGN_GEOMETRIC_PRESENTATION_REPRESENTATION (  '', ( #2627 ), #7064 ) ;
#6030 = LINE ( 'NONE', #2647, #2533 ) ;
#6031 = SURFACE_STYLE_USAGE ( .BOTH. , #3862 ) ;
#6032 = FACE_OUTER_BOUND ( 'NONE', #5838, .T. ) ;
#6033 = CARTESIAN_POINT ( 'NONE',  ( -2.000000000000000000, 0.2025000000000000133, -1.365000000000000213 ) ) ;
#6034 = VECTOR ( 'NONE', #8051, 1000.000000000000000 ) ;
#6035 = DIRECTION ( 'NONE',  ( -1.000000000000000000, 0.0000000000000000000, 0.0000000000000000000 ) ) ;
#6036 = PRESENTATION_STYLE_ASSIGNMENT (( #355 ) ) ;
#6037 = ORIENTED_EDGE ( 'NONE', *, *, #4938, .T. ) ;
#6038 = CARTESIAN_POINT ( 'NONE',  ( 1.250000000000000000, 0.0005000000000000003357, 1.000000000000000000 ) ) ;
#6039 =( GEOMETRIC_REPRESENTATION_CONTEXT ( 3 ) GLOBAL_UNCERTAINTY_ASSIGNED_CONTEXT ( ( #8849 ) ) GLOBAL_UNIT_ASSIGNED_CONTEXT ( ( #95, #6380, #7848 ) ) REPRESENTATION_CONTEXT ( 'NONE', 'WORKASPACE' ) );
#6040 = SURFACE_STYLE_USAGE ( .BOTH. , #2572 ) ;
#6041 = VERTEX_POINT ( 'NONE', #2600 ) ;
#6042 = DIRECTION ( 'NONE',  ( -0.0000000000000000000, -0.0000000000000000000, 1.000000000000000000 ) ) ;
#6043 = COLOUR_RGB ( '',0.2509803921568627416, 0.2509803921568627416, 0.2509803921568627416 ) ;
#6044 = LINE ( 'NONE', #8194, #3930 ) ;
#6045 = DIRECTION ( 'NONE',  ( -1.000000000000000000, 0.0000000000000000000, -0.0000000000000000000 ) ) ;
#6046 = ORIENTED_EDGE ( 'NONE', *, *, #7315, .T. ) ;
#6047 = ORIENTED_EDGE ( 'NONE', *, *, #1354, .T. ) ;
#6048 = COLOUR_RGB ( '',1.000000000000000000, 1.000000000000000000, 1.000000000000000000 ) ;
#6049 = VECTOR ( 'NONE', #6591, 1000.000000000000000 ) ;
#6050 =( NAMED_UNIT ( * ) SI_UNIT ( $, .STERADIAN. ) SOLID_ANGLE_UNIT ( ) );
#6051 = EDGE_CURVE ( 'NONE', #152, #5662, #5561, .T. ) ;
#6052 =( NAMED_UNIT ( * ) PLANE_ANGLE_UNIT ( ) SI_UNIT ( $, .RADIAN. ) );
#6053 = UNCERTAINTY_MEASURE_WITH_UNIT (LENGTH_MEASURE( 1.000000000000000082E-05 ), #5595, 'distance_accuracy_value', 'NONE');
#6054 = DIRECTION ( 'NONE',  ( 0.0000000000000000000, 1.000000000000000000, 0.0000000000000000000 ) ) ;
#6055 = ORIENTED_EDGE ( 'NONE', *, *, #606, .F. ) ;
#6056 = SURFACE_SIDE_STYLE ('',( #3225 ) ) ;
#6057 = FACE_OUTER_BOUND ( 'NONE', #4403, .T. ) ;
#6058 = EDGE_LOOP ( 'NONE', ( #1836, #8193, #4997, #2281 ) ) ;
#6059 = LINE ( 'NONE', #4622, #774 ) ;
#6060 = DIRECTION ( 'NONE',  ( 0.0000000000000000000, -0.0000000000000000000, 1.000000000000000000 ) ) ;
#6061 = ADVANCED_FACE ( 'NONE', ( #4815 ), #3414, .F. ) ;
#6062 = EDGE_CURVE ( 'NONE', #6566, #8650, #3560, .T. ) ;
#6063 = FILL_AREA_STYLE ('',( #5502 ) ) ;
#6064 = EDGE_CURVE ( 'NONE', #7491, #489, #7244, .T. ) ;
#6065 = COLOUR_RGB ( '',1.000000000000000000, 1.000000000000000000, 1.000000000000000000 ) ;
#6066 = CARTESIAN_POINT ( 'NONE',  ( -0.1349999999999995925, 0.1999999999999999833, -2.001999999999999780 ) ) ;
#6067 = EDGE_CURVE ( 'NONE', #5374, #3069, #2277, .T. ) ;
#6068 =( NAMED_UNIT ( * ) SI_UNIT ( $, .STERADIAN. ) SOLID_ANGLE_UNIT ( ) );
#6069 = ORIENTED_EDGE ( 'NONE', *, *, #1756, .T. ) ;
#6070 =( NAMED_UNIT ( * ) SI_UNIT ( $, .STERADIAN. ) SOLID_ANGLE_UNIT ( ) );
#6071 = ORIENTED_EDGE ( 'NONE', *, *, #7483, .T. ) ;
#6072 =( NAMED_UNIT ( * ) PLANE_ANGLE_UNIT ( ) SI_UNIT ( $, .RADIAN. ) );
#6073 =( GEOMETRIC_REPRESENTATION_CONTEXT ( 3 ) GLOBAL_UNCERTAINTY_ASSIGNED_CONTEXT ( ( #8074 ) ) GLOBAL_UNIT_ASSIGNED_CONTEXT ( ( #4920, #2921, #6496 ) ) REPRESENTATION_CONTEXT ( 'NONE', 'WORKASPACE' ) );
#6074 =( GEOMETRIC_REPRESENTATION_CONTEXT ( 3 ) GLOBAL_UNCERTAINTY_ASSIGNED_CONTEXT ( ( #8445 ) ) GLOBAL_UNIT_ASSIGNED_CONTEXT ( ( #4655, #2484, #5301 ) ) REPRESENTATION_CONTEXT ( 'NONE', 'WORKASPACE' ) );
#6075 = ORIENTED_EDGE ( 'NONE', *, *, #4921, .T. ) ;
#6076 = VECTOR ( 'NONE', #505, 1000.000000000000000 ) ;
#6077 = DIRECTION ( 'NONE',  ( -1.000000000000000000, 0.0000000000000000000, -0.0000000000000000000 ) ) ;
#6078 = LINE ( 'NONE', #5518, #6212 ) ;
#6079 = EDGE_CURVE ( 'NONE', #1453, #534, #873, .T. ) ;
#6080 = VECTOR ( 'NONE', #60, 1000.000000000000000 ) ;
#6081 = SURFACE_STYLE_USAGE ( .BOTH. , #8018 ) ;
#6082 = SURFACE_SIDE_STYLE ('',( #3243 ) ) ;
#6083 = MECHANICAL_DESIGN_GEOMETRIC_PRESENTATION_REPRESENTATION (  '', ( #8274 ), #7124 ) ;
#6084 =( NAMED_UNIT ( * ) PLANE_ANGLE_UNIT ( ) SI_UNIT ( $, .RADIAN. ) );
#6085 = CARTESIAN_POINT ( 'NONE',  ( -2.001999999999999780, 0.2025000000000000133, -0.1350000000000001477 ) ) ;
#6086 = VECTOR ( 'NONE', #3230, 1000.000000000000000 ) ;
#6087 = COLOUR_RGB ( '',1.000000000000000000, 1.000000000000000000, 1.000000000000000000 ) ;
#6088 = VECTOR ( 'NONE', #584, 1000.000000000000000 ) ;
#6089 = LINE ( 'NONE', #8579, #3109 ) ;
#6090 = FACE_OUTER_BOUND ( 'NONE', #8771, .T. ) ;
#6091 = UNCERTAINTY_MEASURE_WITH_UNIT (LENGTH_MEASURE( 1.000000000000000082E-05 ), #3819, 'distance_accuracy_value', 'NONE');
#6092 = COLOUR_RGB ( '',1.000000000000000000, 1.000000000000000000, 1.000000000000000000 ) ;
#6093 = CARTESIAN_POINT ( 'NONE',  ( -2.001999999999999780, 0.2025000000000000133, -0.8650000000000001021 ) ) ;
#6094 = ORIENTED_EDGE ( 'NONE', *, *, #7078, .F. ) ;
#6095 = DIRECTION ( 'NONE',  ( 0.0000000000000000000, 0.0000000000000000000, 1.000000000000000000 ) ) ;
#6096 = VECTOR ( 'NONE', #4261, 1000.000000000000000 ) ;
#6097 = DIRECTION ( 'NONE',  ( 1.000000000000000000, -0.0000000000000000000, -0.0000000000000000000 ) ) ;
#6098 = ORIENTED_EDGE ( 'NONE', *, *, #1472, .F. ) ;
#6099 =( NAMED_UNIT ( * ) PLANE_ANGLE_UNIT ( ) SI_UNIT ( $, .RADIAN. ) );
#6100 = VECTOR ( 'NONE', #6738, 1000.000000000000000 ) ;
#6101 = STYLED_ITEM ( 'NONE', ( #1215 ), #8712 ) ;
#6102 = LINE ( 'NONE', #1878, #7133 ) ;
#6103 = SURFACE_STYLE_USAGE ( .BOTH. , #6797 ) ;
#6104 = ORIENTED_EDGE ( 'NONE', *, *, #500, .F. ) ;
#6105 = VECTOR ( 'NONE', #5407, 1000.000000000000000 ) ;
#6106 = DIRECTION ( 'NONE',  ( 0.0000000000000000000, 0.0000000000000000000, 1.000000000000000000 ) ) ;
#6107 = EDGE_LOOP ( 'NONE', ( #9008, #1379, #7367, #5833, #4958, #4125 ) ) ;
#6108 = SURFACE_SIDE_STYLE ('',( #1153 ) ) ;
#6109 = LINE ( 'NONE', #4892, #6624 ) ;
#6110 = LINE ( 'NONE', #1112, #8664 ) ;
#6111 = SURFACE_STYLE_USAGE ( .BOTH. , #3974 ) ;
#6112 = LINE ( 'NONE', #576, #3894 ) ;
#6113 = FACE_OUTER_BOUND ( 'NONE', #4503, .T. ) ;
#6114 = ORIENTED_EDGE ( 'NONE', *, *, #984, .F. ) ;
#6115 = DIRECTION ( 'NONE',  ( 0.0000000000000000000, -1.000000000000000000, 0.0000000000000000000 ) ) ;
#6116 = EDGE_CURVE ( 'NONE', #3927, #716, #3709, .T. ) ;
#6117 = EDGE_CURVE ( 'NONE', #2864, #5314, #8456, .T. ) ;
#6118 = FILL_AREA_STYLE ('',( #7515 ) ) ;
#6119 = ORIENTED_EDGE ( 'NONE', *, *, #5172, .F. ) ;
#6120 = SURFACE_STYLE_USAGE ( .BOTH. , #7426 ) ;
#6121 = ORIENTED_EDGE ( 'NONE', *, *, #7877, .F. ) ;
#6122 = DIRECTION ( 'NONE',  ( 1.000000000000000000, 0.0000000000000000000, 0.0000000000000000000 ) ) ;
#6123 = VECTOR ( 'NONE', #1923, 1000.000000000000000 ) ;
#6124 =( NAMED_UNIT ( * ) PLANE_ANGLE_UNIT ( ) SI_UNIT ( $, .RADIAN. ) );
#6125 = FILL_AREA_STYLE_COLOUR ( '', #8245 ) ;
#6126 = EDGE_CURVE ( 'NONE', #1910, #5823, #5107, .T. ) ;
#6127 = SURFACE_STYLE_FILL_AREA ( #3948 ) ;
#6128 = LINE ( 'NONE', #2654, #1919 ) ;
#6129 = VECTOR ( 'NONE', #1704, 1000.000000000000000 ) ;
#6130 = EDGE_CURVE ( 'NONE', #5091, #666, #2913, .T. ) ;
#6131 =( NAMED_UNIT ( * ) PLANE_ANGLE_UNIT ( ) SI_UNIT ( $, .RADIAN. ) );
#6132 = ORIENTED_EDGE ( 'NONE', *, *, #6211, .T. ) ;
#6133 = CARTESIAN_POINT ( 'NONE',  ( 2.001999999999999780, 0.002500000000000000052, -1.135000000000000231 ) ) ;
#6134 = DIRECTION ( 'NONE',  ( 0.0000000000000000000, 0.0000000000000000000, -1.000000000000000000 ) ) ;
#6135 = CARTESIAN_POINT ( 'NONE',  ( -2.001999999999999780, 0.002500000000000000052, 1.364999999999999991 ) ) ;
#6136 = EDGE_LOOP ( 'NONE', ( #8069, #458, #6813, #7895 ) ) ;
#6137 = LINE ( 'NONE', #1915, #9025 ) ;
#6138 =( NAMED_UNIT ( * ) SI_UNIT ( $, .STERADIAN. ) SOLID_ANGLE_UNIT ( ) );
#6139 = DIRECTION ( 'NONE',  ( 0.0000000000000000000, 0.0000000000000000000, -1.000000000000000000 ) ) ;
#6140 = SURFACE_STYLE_USAGE ( .BOTH. , #3301 ) ;
#6141 = SURFACE_STYLE_USAGE ( .BOTH. , #3302 ) ;
#6142 = FILL_AREA_STYLE_COLOUR ( '', #3381 ) ;
#6143 =( NAMED_UNIT ( * ) PLANE_ANGLE_UNIT ( ) SI_UNIT ( $, .RADIAN. ) );
#6144 = ORIENTED_EDGE ( 'NONE', *, *, #1246, .F. ) ;
#6145 = DIRECTION ( 'NONE',  ( 0.0000000000000000000, 0.0000000000000000000, 1.000000000000000000 ) ) ;
#6146 = FILL_AREA_STYLE ('',( #7668 ) ) ;
#6147 = CARTESIAN_POINT ( 'NONE',  ( -0.3649999999999996581, -1.490150555354787828E-17, 2.000000000000000000 ) ) ;
#6148 =( LENGTH_UNIT ( ) NAMED_UNIT ( * ) SI_UNIT ( .MILLI., .METRE. ) );
#6149 = SURFACE_STYLE_FILL_AREA ( #479 ) ;
#6150 =( GEOMETRIC_REPRESENTATION_CONTEXT ( 3 ) GLOBAL_UNCERTAINTY_ASSIGNED_CONTEXT ( ( #7097 ) ) GLOBAL_UNIT_ASSIGNED_CONTEXT ( ( #8563, #3628, #9190 ) ) REPRESENTATION_CONTEXT ( 'NONE', 'WORKASPACE' ) );
#6151 = DIRECTION ( 'NONE',  ( -0.0000000000000000000, -1.000000000000000000, -0.0000000000000000000 ) ) ;
#6152 = AXIS2_PLACEMENT_3D ( 'NONE', #6812, #8174, #4061 ) ;
#6153 =( NAMED_UNIT ( * ) PLANE_ANGLE_UNIT ( ) SI_UNIT ( $, .RADIAN. ) );
#6154 = ORIENTED_EDGE ( 'NONE', *, *, #3510, .T. ) ;
#6155 =( NAMED_UNIT ( * ) SI_UNIT ( $, .STERADIAN. ) SOLID_ANGLE_UNIT ( ) );
#6156 = ORIENTED_EDGE ( 'NONE', *, *, #7200, .T. ) ;
#6157 = FILL_AREA_STYLE ('',( #9067 ) ) ;
#6158 = SURFACE_SIDE_STYLE ('',( #3459 ) ) ;
#6159 = ORIENTED_EDGE ( 'NONE', *, *, #6632, .F. ) ;
#6160 = DIRECTION ( 'NONE',  ( 0.0000000000000000000, -0.0000000000000000000, -1.000000000000000000 ) ) ;
#6161 = VECTOR ( 'NONE', #6581, 1000.000000000000000 ) ;
#6162 = LINE ( 'NONE', #6819, #5040 ) ;
#6163 = CARTESIAN_POINT ( 'NONE',  ( 1.365000000000000435, 2.980301110709575655E-17, 2.001999999999999780 ) ) ;
#6164 =( NAMED_UNIT ( * ) SI_UNIT ( $, .STERADIAN. ) SOLID_ANGLE_UNIT ( ) );
#6165 = ADVANCED_FACE ( 'NONE', ( #164 ), #1520, .T. ) ;
#6166 = UNCERTAINTY_MEASURE_WITH_UNIT (LENGTH_MEASURE( 1.000000000000000082E-05 ), #6442, 'distance_accuracy_value', 'NONE');
#6167 = VECTOR ( 'NONE', #1504, 1000.000000000000000 ) ;
#6168 = COLOUR_RGB ( '',1.000000000000000000, 1.000000000000000000, 1.000000000000000000 ) ;
#6169 = DIRECTION ( 'NONE',  ( 1.000000000000000000, 0.0000000000000000000, -0.0000000000000000000 ) ) ;
#6170 = CARTESIAN_POINT ( 'NONE',  ( -2.000000000000000000, 0.2025000000000000133, 0.6349999999999998979 ) ) ;
#6171 = EDGE_CURVE ( 'NONE', #4960, #5578, #7469, .T. ) ;
#6172 = PRESENTATION_LAYER_ASSIGNMENT (  '', '', ( #3212 ) ) ;
#6173 = CARTESIAN_POINT ( 'NONE',  ( 2.000000000000000000, 0.002500000000000000052, -0.8649999999999999911 ) ) ;
#6174 = VECTOR ( 'NONE', #316, 1000.000000000000000 ) ;
#6175 = EDGE_CURVE ( 'NONE', #4368, #7153, #3931, .T. ) ;
#6176 = VERTEX_POINT ( 'NONE', #5874 ) ;
#6177 = PRESENTATION_STYLE_ASSIGNMENT (( #3295 ) ) ;
#6178 = SURFACE_STYLE_USAGE ( .BOTH. , #6928 ) ;
#6179 = PRESENTATION_LAYER_ASSIGNMENT (  '', '', ( #7653 ) ) ;
#6180 = ORIENTED_EDGE ( 'NONE', *, *, #2606, .T. ) ;
#6181 =( LENGTH_UNIT ( ) NAMED_UNIT ( * ) SI_UNIT ( .MILLI., .METRE. ) );
#6182 = STYLED_ITEM ( 'NONE', ( #1557 ), #6411 ) ;
#6183 = CARTESIAN_POINT ( 'NONE',  ( -2.001999999999999780, 0.2025000000000000133, 0.1349999999999998701 ) ) ;
#6184 = DIRECTION ( 'NONE',  ( 1.000000000000000000, 0.0000000000000000000, 0.0000000000000000000 ) ) ;
#6185 = ORIENTED_EDGE ( 'NONE', *, *, #8047, .F. ) ;
#6186 = LINE ( 'NONE', #1969, #6959 ) ;
#6187 = ORIENTED_EDGE ( 'NONE', *, *, #1472, .T. ) ;
#6188 = DIRECTION ( 'NONE',  ( 0.0000000000000000000, -1.000000000000000000, 0.0000000000000000000 ) ) ;
#6189 = CARTESIAN_POINT ( 'NONE',  ( 0.8650000000000004352, 0.002500000000000001787, -1.600000000000000089 ) ) ;
#6190 = STYLED_ITEM ( 'NONE', ( #8273 ), #6698 ) ;
#6191 = AXIS2_PLACEMENT_3D ( 'NONE', #6600, #76, #220 ) ;
#6192 = ORIENTED_EDGE ( 'NONE', *, *, #6980, .T. ) ;
#6193 =( NAMED_UNIT ( * ) PLANE_ANGLE_UNIT ( ) SI_UNIT ( $, .RADIAN. ) );
#6194 = STYLED_ITEM ( 'NONE', ( #7627 ), #6962 ) ;
#6195 = ORIENTED_EDGE ( 'NONE', *, *, #9095, .F. ) ;
#6196 = CARTESIAN_POINT ( 'NONE',  ( -2.001999999999999780, 0.002500000000000000052, 0.3649999999999998801 ) ) ;
#6197 = ORIENTED_EDGE ( 'NONE', *, *, #718, .F. ) ;
#6198 = PLANE ( 'NONE',  #8580 ) ;
#6199 = SURFACE_SIDE_STYLE ('',( #3367 ) ) ;
#6200 = VECTOR ( 'NONE', #4489, 1000.000000000000000 ) ;
#6201 = CARTESIAN_POINT ( 'NONE',  ( 2.000000000000000000, 0.2025000000000000133, 0.1349999999999998701 ) ) ;
#6202 = LINE ( 'NONE', #6253, #2612 ) ;
#6203 = COLOUR_RGB ( '',1.000000000000000000, 1.000000000000000000, 1.000000000000000000 ) ;
#6204 = PRESENTATION_LAYER_ASSIGNMENT (  '', '', ( #6359 ) ) ;
#6205 = FACE_OUTER_BOUND ( 'NONE', #1552, .T. ) ;
#6206 = SURFACE_STYLE_FILL_AREA ( #7099 ) ;
#6207 = VECTOR ( 'NONE', #8108, 1000.000000000000000 ) ;
#6208 = FACE_OUTER_BOUND ( 'NONE', #1778, .T. ) ;
#6209 = DIRECTION ( 'NONE',  ( 0.0000000000000000000, -0.0000000000000000000, -1.000000000000000000 ) ) ;
#6210 = ORIENTED_EDGE ( 'NONE', *, *, #3007, .T. ) ;
#6211 = EDGE_CURVE ( 'NONE', #5399, #5202, #387, .T. ) ;
#6212 = VECTOR ( 'NONE', #4812, 1000.000000000000000 ) ;
#6213 = STYLED_ITEM ( 'NONE', ( #3241 ), #487 ) ;
#6214 = CARTESIAN_POINT ( 'NONE',  ( 2.001999999999999780, 0.002500000000000000052, 0.6349999999999998979 ) ) ;
#6215 = VECTOR ( 'NONE', #4701, 1000.000000000000000 ) ;
#6216 = CARTESIAN_POINT ( 'NONE',  ( -2.000000000000000000, 0.2024999999999999856, 0.8649999999999998801 ) ) ;
#6217 = CARTESIAN_POINT ( 'NONE',  ( -0.3649999999999995470, 0.002499999999999985307, 1.600000000000000089 ) ) ;
#6218 = DIRECTION ( 'NONE',  ( 0.0000000000000000000, 0.0000000000000000000, 1.000000000000000000 ) ) ;
#6219 = ORIENTED_EDGE ( 'NONE', *, *, #5836, .T. ) ;
#6220 =( NAMED_UNIT ( * ) PLANE_ANGLE_UNIT ( ) SI_UNIT ( $, .RADIAN. ) );
#6221 = STYLED_ITEM ( 'NONE', ( #5919 ), #660 ) ;
#6222 = ADVANCED_FACE ( 'NONE', ( #6723 ), #6588, .T. ) ;
#6223 = LINE ( 'NONE', #2709, #5849 ) ;
#6224 = FILL_AREA_STYLE ('',( #1177 ) ) ;
#6225 = PRODUCT_DEFINITION ( 'UNKNOWN', '', #2435, #2188 ) ;
#6226 = VERTEX_POINT ( 'NONE', #1675 ) ;
#6227 = VECTOR ( 'NONE', #1979, 1000.000000000000000 ) ;
#6228 =( GEOMETRIC_REPRESENTATION_CONTEXT ( 3 ) GLOBAL_UNCERTAINTY_ASSIGNED_CONTEXT ( ( #3842 ) ) GLOBAL_UNIT_ASSIGNED_CONTEXT ( ( #2410, #8627, #961 ) ) REPRESENTATION_CONTEXT ( 'NONE', 'WORKASPACE' ) );
#6229 = SURFACE_STYLE_USAGE ( .BOTH. , #565 ) ;
#6230 = ORIENTED_EDGE ( 'NONE', *, *, #1877, .F. ) ;
#6231 = CARTESIAN_POINT ( 'NONE',  ( 0.8650000000000004352, 1.490150555354787828E-17, 2.000000000000000000 ) ) ;
#6232 = VERTEX_POINT ( 'NONE', #3184 ) ;
#6233 = EDGE_CURVE ( 'NONE', #7407, #441, #3855, .T. ) ;
#6234 = CARTESIAN_POINT ( 'NONE',  ( -0.8649999999999996581, 0.002499999999999979669, 2.000000000000000000 ) ) ;
#6235 = COLOUR_RGB ( '',1.000000000000000000, 1.000000000000000000, 1.000000000000000000 ) ;
#6236 = EDGE_CURVE ( 'NONE', #903, #6693, #1023, .T. ) ;
#6237 = COLOUR_RGB ( '',1.000000000000000000, 1.000000000000000000, 1.000000000000000000 ) ;
#6238 = DIRECTION ( 'NONE',  ( -1.000000000000000000, 0.0000000000000000000, 0.0000000000000000000 ) ) ;
#6239 = AXIS2_PLACEMENT_3D ( 'NONE', #7484, #3165, #8060 ) ;
#6240 = CARTESIAN_POINT ( 'NONE',  ( 1.499999999999999778, 0.8979999999999999094, -1.600000000000000089 ) ) ;
#6241 = CARTESIAN_POINT ( 'NONE',  ( 2.000000000000000000, 0.002500000000000000052, -0.3650000000000001577 ) ) ;
#6242 = SURFACE_SIDE_STYLE ('',( #624 ) ) ;
#6243 = ORIENTED_EDGE ( 'NONE', *, *, #6567, .T. ) ;
#6244 = CARTESIAN_POINT ( 'NONE',  ( -2.000000000000000000, 0.9000000000000000222, -2.000000000000000000 ) ) ;
#6245 =( GEOMETRIC_REPRESENTATION_CONTEXT ( 3 ) GLOBAL_UNCERTAINTY_ASSIGNED_CONTEXT ( ( #2090 ) ) GLOBAL_UNIT_ASSIGNED_CONTEXT ( ( #3903, #6084, #1729 ) ) REPRESENTATION_CONTEXT ( 'NONE', 'WORKASPACE' ) );
#6246 = CARTESIAN_POINT ( 'NONE',  ( -2.001999999999999780, 0.2025000000000000133, -0.6350000000000001199 ) ) ;
#6247 = ORIENTED_EDGE ( 'NONE', *, *, #3679, .T. ) ;
#6248 = PLANE ( 'NONE',  #3509 ) ;
#6249 = ORIENTED_EDGE ( 'NONE', *, *, #8192, .T. ) ;
#6250 = LINE ( 'NONE', #4858, #6080 ) ;
#6251 = FILL_AREA_STYLE_COLOUR ( '', #3869 ) ;
#6252 = AXIS2_PLACEMENT_3D ( 'NONE', #8789, #8176, #9160 ) ;
#6253 = CARTESIAN_POINT ( 'NONE',  ( -0.1349999999999995925, 0.002499999999999998317, -1.600000000000000089 ) ) ;
#6254 = UNCERTAINTY_MEASURE_WITH_UNIT (LENGTH_MEASURE( 1.000000000000000082E-05 ), #7602, 'distance_accuracy_value', 'NONE');
#6255 = LINE ( 'NONE', #2872, #7391 ) ;
#6256 = DIRECTION ( 'NONE',  ( 1.000000000000000000, 0.0000000000000000000, 0.0000000000000000000 ) ) ;
#6257 = DIRECTION ( 'NONE',  ( -1.000000000000000000, 0.0000000000000000000, -0.0000000000000000000 ) ) ;
#6258 = VERTEX_POINT ( 'NONE', #1714 ) ;
#6259 = LINE ( 'NONE', #5571, #2106 ) ;
#6260 = UNCERTAINTY_MEASURE_WITH_UNIT (LENGTH_MEASURE( 1.000000000000000082E-05 ), #1518, 'distance_accuracy_value', 'NONE');
#6261 = DIRECTION ( 'NONE',  ( 1.000000000000000000, -0.0000000000000000000, -0.0000000000000000000 ) ) ;
#6262 = CARTESIAN_POINT ( 'NONE',  ( 2.001999999999999780, 0.2025000000000000133, -1.135000000000000231 ) ) ;
#6263 = UNCERTAINTY_MEASURE_WITH_UNIT (LENGTH_MEASURE( 1.000000000000000082E-05 ), #7728, 'distance_accuracy_value', 'NONE');
#6264 = LINE ( 'NONE', #2706, #6543 ) ;
#6265 = VECTOR ( 'NONE', #543, 1000.000000000000000 ) ;
#6266 = ORIENTED_EDGE ( 'NONE', *, *, #6397, .F. ) ;
#6267 = COLOUR_RGB ( '',1.000000000000000000, 1.000000000000000000, 1.000000000000000000 ) ;
#6268 = CARTESIAN_POINT ( 'NONE',  ( -1.134999999999999787, 0.002499999999999955383, 1.600000000000000089 ) ) ;
#6269 = CARTESIAN_POINT ( 'NONE',  ( 0.1350000000000003419, 0.2000000000000000111, 2.001999999999999780 ) ) ;
#6270 = ORIENTED_EDGE ( 'NONE', *, *, #8130, .F. ) ;
#6271 = CARTESIAN_POINT ( 'NONE',  ( 2.000000000000000000, 0.2025000000000000133, -0.1350000000000001477 ) ) ;
#6272 = SURFACE_SIDE_STYLE ('',( #2064 ) ) ;
#6273 = ADVANCED_FACE ( 'NONE', ( #4497 ), #6677, .F. ) ;
#6274 = DIRECTION ( 'NONE',  ( 1.000000000000000000, 0.0000000000000000000, 0.0000000000000000000 ) ) ;
#6275 = ORIENTED_EDGE ( 'NONE', *, *, #1362, .F. ) ;
#6276 = EDGE_CURVE ( 'NONE', #6846, #5496, #9006, .T. ) ;
#6277 =( NAMED_UNIT ( * ) PLANE_ANGLE_UNIT ( ) SI_UNIT ( $, .RADIAN. ) );
#6278 = ORIENTED_EDGE ( 'NONE', *, *, #3954, .F. ) ;
#6279 = CARTESIAN_POINT ( 'NONE',  ( 2.000000000000000000, 0.0000000000000000000, 0.3649999999999999911 ) ) ;
#6280 = PLANE ( 'NONE',  #3811 ) ;
#6281 = SURFACE_STYLE_USAGE ( .BOTH. , #8341 ) ;
#6282 =( NAMED_UNIT ( * ) SI_UNIT ( $, .STERADIAN. ) SOLID_ANGLE_UNIT ( ) );
#6283 = EDGE_CURVE ( 'NONE', #3959, #2454, #4022, .T. ) ;
#6284 = DIRECTION ( 'NONE',  ( 0.0000000000000000000, 0.0000000000000000000, 1.000000000000000000 ) ) ;
#6285 = ORIENTED_EDGE ( 'NONE', *, *, #2568, .F. ) ;
#6286 = EDGE_CURVE ( 'NONE', #2157, #8853, #5459, .T. ) ;
#6287 = CARTESIAN_POINT ( 'NONE',  ( -1.364999999999999547, 0.002499999999999995715, -1.600000000000000089 ) ) ;
#6288 = VERTEX_POINT ( 'NONE', #3452 ) ;
#6289 = SURFACE_STYLE_FILL_AREA ( #2644 ) ;
#6290 = ORIENTED_EDGE ( 'NONE', *, *, #3169, .F. ) ;
#6291 = LINE ( 'NONE', #721, #2980 ) ;
#6292 =( NAMED_UNIT ( * ) PLANE_ANGLE_UNIT ( ) SI_UNIT ( $, .RADIAN. ) );
#6293 = CARTESIAN_POINT ( 'NONE',  ( 2.000000000000000000, 0.002500000000000000052, -0.6350000000000000089 ) ) ;
#6294 = PRESENTATION_LAYER_ASSIGNMENT (  '', '', ( #9093 ) ) ;
#6295 = EDGE_CURVE ( 'NONE', #1632, #8566, #1891, .T. ) ;
#6296 = VECTOR ( 'NONE', #1621, 1000.000000000000000 ) ;
#6297 = DIRECTION ( 'NONE',  ( 1.000000000000000000, -0.0000000000000000000, -0.0000000000000000000 ) ) ;
#6298 = SURFACE_SIDE_STYLE ('',( #8363 ) ) ;
#6299 = LINE ( 'NONE', #1388, #5125 ) ;
#6300 = VECTOR ( 'NONE', #1671, 1000.000000000000000 ) ;
#6301 = ORIENTED_EDGE ( 'NONE', *, *, #1185, .F. ) ;
#6302 = STYLED_ITEM ( 'NONE', ( #6339 ), #3446 ) ;
#6303 = STYLED_ITEM ( 'NONE', ( #5152 ), #4931 ) ;
#6304 = SURFACE_STYLE_FILL_AREA ( #3617 ) ;
#6305 = ORIENTED_EDGE ( 'NONE', *, *, #2407, .T. ) ;
#6306 = PLANE ( 'NONE',  #3706 ) ;
#6307 = LINE ( 'NONE', #2276, #6394 ) ;
#6308 = VECTOR ( 'NONE', #2854, 1000.000000000000000 ) ;
#6309 = DIRECTION ( 'NONE',  ( 0.0000000000000000000, 0.0000000000000000000, -1.000000000000000000 ) ) ;
#6310 = STYLED_ITEM ( 'NONE', ( #4051 ), #3688 ) ;
#6311 = CARTESIAN_POINT ( 'NONE',  ( 2.000000000000000000, 0.9000000000000000222, -2.000000000000000000 ) ) ;
#6312 = VECTOR ( 'NONE', #6940, 1000.000000000000000 ) ;
#6313 = COLOUR_RGB ( '',1.000000000000000000, 1.000000000000000000, 1.000000000000000000 ) ;
#6314 = DIRECTION ( 'NONE',  ( 0.0000000000000000000, 1.000000000000000000, 0.0000000000000000000 ) ) ;
#6315 = DIRECTION ( 'NONE',  ( 0.0000000000000000000, -1.000000000000000000, 0.0000000000000000000 ) ) ;
#6316 = DIRECTION ( 'NONE',  ( -0.0000000000000000000, -1.000000000000000000, -0.0000000000000000000 ) ) ;
#6317 = DIRECTION ( 'NONE',  ( 1.000000000000000000, 0.0000000000000000000, -0.0000000000000000000 ) ) ;
#6318 = ORIENTED_EDGE ( 'NONE', *, *, #3453, .T. ) ;
#6319 = PRESENTATION_LAYER_ASSIGNMENT (  '', '', ( #4989 ) ) ;
#6320 = DIRECTION ( 'NONE',  ( -0.0000000000000000000, -0.0000000000000000000, 1.000000000000000000 ) ) ;
#6321 = PRESENTATION_LAYER_ASSIGNMENT (  '', '', ( #678 ) ) ;
#6322 = MECHANICAL_DESIGN_GEOMETRIC_PRESENTATION_REPRESENTATION (  '', ( #5286 ), #8823 ) ;
#6323 =( LENGTH_UNIT ( ) NAMED_UNIT ( * ) SI_UNIT ( .MILLI., .METRE. ) );
#6324 =( NAMED_UNIT ( * ) SI_UNIT ( $, .STERADIAN. ) SOLID_ANGLE_UNIT ( ) );
#6325 = ORIENTED_EDGE ( 'NONE', *, *, #444, .F. ) ;
#6326 = DIRECTION ( 'NONE',  ( -1.000000000000000000, 0.0000000000000000000, -4.065758146820642614E-16 ) ) ;
#6327 = AXIS2_PLACEMENT_3D ( 'NONE', #2426, #5324, #7375 ) ;
#6328 = FACE_OUTER_BOUND ( 'NONE', #8908, .T. ) ;
#6329 = VERTEX_POINT ( 'NONE', #7673 ) ;
#6330 =( NAMED_UNIT ( * ) SI_UNIT ( $, .STERADIAN. ) SOLID_ANGLE_UNIT ( ) );
#6331 = DIRECTION ( 'NONE',  ( 2.710505431213761578E-16, 0.0000000000000000000, 1.000000000000000000 ) ) ;
#6332 = EDGE_CURVE ( 'NONE', #5283, #5599, #6856, .T. ) ;
#6333 = AXIS2_PLACEMENT_3D ( 'NONE', #3310, #5548, #1933 ) ;
#6334 = CARTESIAN_POINT ( 'NONE',  ( 1.135000000000000675, 2.980301110709575655E-17, 1.600000000000000089 ) ) ;
#6335 = CARTESIAN_POINT ( 'NONE',  ( -1.134999999999999787, -4.463288363752166281E-18, -1.600000000000000089 ) ) ;
#6336 =( LENGTH_UNIT ( ) NAMED_UNIT ( * ) SI_UNIT ( .MILLI., .METRE. ) );
#6337 = ORIENTED_EDGE ( 'NONE', *, *, #1310, .F. ) ;
#6338 = PRESENTATION_STYLE_ASSIGNMENT (( #2904 ) ) ;
#6339 = PRESENTATION_STYLE_ASSIGNMENT (( #1418 ) ) ;
#6340 = ORIENTED_EDGE ( 'NONE', *, *, #5431, .T. ) ;
#6341 = ADVANCED_FACE ( 'NONE', ( #8171 ), #3976, .F. ) ;
#6342 = EDGE_CURVE ( 'NONE', #6226, #3379, #8262, .T. ) ;
#6343 = EDGE_CURVE ( 'NONE', #6288, #1559, #6807, .T. ) ;
#6344 = CARTESIAN_POINT ( 'NONE',  ( -0.3649999999999996581, 0.1999999999999999833, -2.000000000000000000 ) ) ;
#6345 = EDGE_CURVE ( 'NONE', #8038, #4753, #481, .T. ) ;
#6346 = AXIS2_PLACEMENT_3D ( 'NONE', #6409, #1437, #7829 ) ;
#6347 = CARTESIAN_POINT ( 'NONE',  ( 1.135000000000000453, 0.2000000000000000389, 2.001999999999999780 ) ) ;
#6348 = PRESENTATION_LAYER_ASSIGNMENT (  '', '', ( #7966 ) ) ;
#6349 = UNCERTAINTY_MEASURE_WITH_UNIT (LENGTH_MEASURE( 1.000000000000000082E-05 ), #4777, 'distance_accuracy_value', 'NONE');
#6350 = FACE_OUTER_BOUND ( 'NONE', #5552, .T. ) ;
#6351 =( NAMED_UNIT ( * ) SI_UNIT ( $, .STERADIAN. ) SOLID_ANGLE_UNIT ( ) );
#6352 = LINE ( 'NONE', #1432, #356 ) ;
#6353 = AXIS2_PLACEMENT_3D ( 'NONE', #7449, #6653, #1742 ) ;
#6354 =( NAMED_UNIT ( * ) SI_UNIT ( $, .STERADIAN. ) SOLID_ANGLE_UNIT ( ) );
#6355 = ORIENTED_EDGE ( 'NONE', *, *, #5320, .T. ) ;
#6356 = ADVANCED_FACE ( 'NONE', ( #6113 ), #5409, .T. ) ;
#6357 = VERTEX_POINT ( 'NONE', #1849 ) ;
#6358 = CARTESIAN_POINT ( 'NONE',  ( -2.001999999999999780, 0.2025000000000000133, -0.8650000000000001021 ) ) ;
#6359 = STYLED_ITEM ( 'NONE', ( #6734 ), #277 ) ;
#6360 = UNCERTAINTY_MEASURE_WITH_UNIT (LENGTH_MEASURE( 1.000000000000000082E-05 ), #4024, 'distance_accuracy_value', 'NONE');
#6361 = UNCERTAINTY_MEASURE_WITH_UNIT (LENGTH_MEASURE( 1.000000000000000082E-05 ), #4605, 'distance_accuracy_value', 'NONE');
#6362 = STYLED_ITEM ( 'NONE', ( #4556 ), #7434 ) ;
#6363 = FACE_OUTER_BOUND ( 'NONE', #3890, .T. ) ;
#6364 = EDGE_LOOP ( 'NONE', ( #5310, #2761, #5048, #8553 ) ) ;
#6365 = CARTESIAN_POINT ( 'NONE',  ( 2.000000000000000000, 0.9000000000000000222, -2.000000000000000000 ) ) ;
#6366 = PRESENTATION_STYLE_ASSIGNMENT (( #3350 ) ) ;
#6367 = LINE ( 'NONE', #9191, #8402 ) ;
#6368 = VERTEX_POINT ( 'NONE', #5506 ) ;
#6369 = FACE_OUTER_BOUND ( 'NONE', #5894, .T. ) ;
#6370 = VECTOR ( 'NONE', #4426, 1000.000000000000000 ) ;
#6371 = LINE ( 'NONE', #8432, #7287 ) ;
#6372 = STYLED_ITEM ( 'NONE', ( #4495 ), #1401 ) ;
#6373 = VECTOR ( 'NONE', #7815, 1000.000000000000000 ) ;
#6374 = PRESENTATION_STYLE_ASSIGNMENT (( #2066 ) ) ;
#6375 =( NAMED_UNIT ( * ) PLANE_ANGLE_UNIT ( ) SI_UNIT ( $, .RADIAN. ) );
#6376 = ORIENTED_EDGE ( 'NONE', *, *, #7078, .T. ) ;
#6377 = MECHANICAL_DESIGN_GEOMETRIC_PRESENTATION_REPRESENTATION (  '', ( #290 ), #5927 ) ;
#6378 = CARTESIAN_POINT ( 'NONE',  ( -0.8649999999999995470, 0.002499999999999970562, 1.600000000000000089 ) ) ;
#6379 = EDGE_LOOP ( 'NONE', ( #8799, #4042, #1656, #3444, #4184, #308, #2332, #3001, #7795, #7303, #1450, #8729, #1914, #8809, #6926, #8025, #5267, #3935, #4356, #6668, #7972, #7850, #1499, #229, #813, #5086, #3264, #1060 ) ) ;
#6380 =( NAMED_UNIT ( * ) PLANE_ANGLE_UNIT ( ) SI_UNIT ( $, .RADIAN. ) );
#6381 = FACE_OUTER_BOUND ( 'NONE', #6398, .T. ) ;
#6382 = VECTOR ( 'NONE', #5136, 1000.000000000000000 ) ;
#6383 = VECTOR ( 'NONE', #3291, 1000.000000000000000 ) ;
#6384 = DIRECTION ( 'NONE',  ( -0.0000000000000000000, -1.000000000000000000, -0.0000000000000000000 ) ) ;
#6385 = VECTOR ( 'NONE', #5555, 1000.000000000000000 ) ;
#6386 = SURFACE_STYLE_USAGE ( .BOTH. , #2771 ) ;
#6387 = ORIENTED_EDGE ( 'NONE', *, *, #5666, .F. ) ;
#6388 = VECTOR ( 'NONE', #7323, 1000.000000000000000 ) ;
#6389 = CARTESIAN_POINT ( 'NONE',  ( -1.600000000000000089, 0.002500000000000000052, 0.8649999999999999911 ) ) ;
#6390 = VERTEX_POINT ( 'NONE', #8307 ) ;
#6391 =( NAMED_UNIT ( * ) PLANE_ANGLE_UNIT ( ) SI_UNIT ( $, .RADIAN. ) );
#6392 = VECTOR ( 'NONE', #7752, 1000.000000000000000 ) ;
#6393 = CARTESIAN_POINT ( 'NONE',  ( 2.000000000000000000, 0.002500000000000000052, 0.1349999999999998701 ) ) ;
#6394 = VECTOR ( 'NONE', #8283, 1000.000000000000000 ) ;
#6395 = PRESENTATION_LAYER_ASSIGNMENT (  '', '', ( #6101 ) ) ;
#6396 =( LENGTH_UNIT ( ) NAMED_UNIT ( * ) SI_UNIT ( .MILLI., .METRE. ) );
#6397 = EDGE_CURVE ( 'NONE', #5374, #71, #4802, .T. ) ;
#6398 = EDGE_LOOP ( 'NONE', ( #7997, #3812, #4719, #6431 ) ) ;
#6399 = FACE_OUTER_BOUND ( 'NONE', #866, .T. ) ;
#6400 =( NAMED_UNIT ( * ) SI_UNIT ( $, .STERADIAN. ) SOLID_ANGLE_UNIT ( ) );
#6401 = MECHANICAL_DESIGN_GEOMETRIC_PRESENTATION_REPRESENTATION (  '', ( #8020 ), #7149 ) ;
#6402 = LINE ( 'NONE', #7282, #4819 ) ;
#6403 = ORIENTED_EDGE ( 'NONE', *, *, #2119, .T. ) ;
#6404 = LINE ( 'NONE', #4918, #1523 ) ;
#6405 = ORIENTED_EDGE ( 'NONE', *, *, #793, .T. ) ;
#6406 = FILL_AREA_STYLE_COLOUR ( '', #8565 ) ;
#6407 = STYLED_ITEM ( 'NONE', ( #7274 ), #2501 ) ;
#6408 = EDGE_CURVE ( 'NONE', #6176, #1453, #6946, .T. ) ;
#6409 = CARTESIAN_POINT ( 'NONE',  ( -1.600000000000000089, 0.002500000000000000052, 0.6349999999999998979 ) ) ;
#6410 = VERTEX_POINT ( 'NONE', #8536 ) ;
#6411 = ADVANCED_FACE ( 'NONE', ( #8395 ), #7232, .F. ) ;
#6412 = CARTESIAN_POINT ( 'NONE',  ( 2.001999999999999780, 0.2025000000000000133, -0.3650000000000001577 ) ) ;
#6413 =( NAMED_UNIT ( * ) PLANE_ANGLE_UNIT ( ) SI_UNIT ( $, .RADIAN. ) );
#6414 =( NAMED_UNIT ( * ) SI_UNIT ( $, .STERADIAN. ) SOLID_ANGLE_UNIT ( ) );
#6415 = SURFACE_STYLE_FILL_AREA ( #694 ) ;
#6416 =( GEOMETRIC_REPRESENTATION_CONTEXT ( 3 ) GLOBAL_UNCERTAINTY_ASSIGNED_CONTEXT ( ( #4112 ) ) GLOBAL_UNIT_ASSIGNED_CONTEXT ( ( #4457, #4588, #5929 ) ) REPRESENTATION_CONTEXT ( 'NONE', 'WORKASPACE' ) );
#6417 = VERTEX_POINT ( 'NONE', #4897 ) ;
#6418 = COLOUR_RGB ( '',0.7529411764705882248, 0.7529411764705882248, 0.7529411764705882248 ) ;
#6419 = MECHANICAL_DESIGN_GEOMETRIC_PRESENTATION_REPRESENTATION (  '', ( #8318 ), #3019 ) ;
#6420 = VERTEX_POINT ( 'NONE', #5647 ) ;
#6421 = LINE ( 'NONE', #43, #7680 ) ;
#6422 = ORIENTED_EDGE ( 'NONE', *, *, #3388, .F. ) ;
#6423 = DIRECTION ( 'NONE',  ( -0.0000000000000000000, -0.0000000000000000000, -1.000000000000000000 ) ) ;
#6424 = COLOUR_RGB ( '',1.000000000000000000, 1.000000000000000000, 1.000000000000000000 ) ;
#6425 = LINE ( 'NONE', #2809, #8556 ) ;
#6426 = FILL_AREA_STYLE ('',( #1509 ) ) ;
#6427 = DIRECTION ( 'NONE',  ( 0.0000000000000000000, 0.0000000000000000000, -1.000000000000000000 ) ) ;
#6428 = ORIENTED_EDGE ( 'NONE', *, *, #7158, .F. ) ;
#6429 = CARTESIAN_POINT ( 'NONE',  ( 2.001999999999999780, 0.002500000000000000052, 0.1349999999999998701 ) ) ;
#6430 = CARTESIAN_POINT ( 'NONE',  ( 2.001999999999999780, 0.2025000000000000133, -1.135000000000000231 ) ) ;
#6431 = ORIENTED_EDGE ( 'NONE', *, *, #3217, .T. ) ;
#6432 = CARTESIAN_POINT ( 'NONE',  ( -1.250000000000000000, 0.0005000000000000003357, 1.250000000000000000 ) ) ;
#6433 = PRESENTATION_STYLE_ASSIGNMENT (( #4999 ) ) ;
#6434 = CARTESIAN_POINT ( 'NONE',  ( 1.600000000000000089, 0.0000000000000000000, -0.3650000000000001577 ) ) ;
#6435 =( NAMED_UNIT ( * ) SI_UNIT ( $, .STERADIAN. ) SOLID_ANGLE_UNIT ( ) );
#6436 =( NAMED_UNIT ( * ) PLANE_ANGLE_UNIT ( ) SI_UNIT ( $, .RADIAN. ) );
#6437 = VERTEX_POINT ( 'NONE', #7080 ) ;
#6438 = CARTESIAN_POINT ( 'NONE',  ( 1.600000000000000089, 0.002500000000000000052, -1.135000000000000009 ) ) ;
#6439 = LINE ( 'NONE', #5155, #3907 ) ;
#6440 = ORIENTED_EDGE ( 'NONE', *, *, #1091, .F. ) ;
#6441 = CIRCLE ( 'NONE', #1259, 0.1000000000000000472 ) ;
#6442 =( LENGTH_UNIT ( ) NAMED_UNIT ( * ) SI_UNIT ( .MILLI., .METRE. ) );
#6443 = DIRECTION ( 'NONE',  ( 0.0000000000000000000, 0.0000000000000000000, -1.000000000000000000 ) ) ;
#6444 = EDGE_CURVE ( 'NONE', #3979, #273, #1510, .T. ) ;
#6445 = UNCERTAINTY_MEASURE_WITH_UNIT (LENGTH_MEASURE( 1.000000000000000082E-05 ), #4363, 'distance_accuracy_value', 'NONE');
#6446 = SURFACE_STYLE_FILL_AREA ( #2197 ) ;
#6447 = SURFACE_STYLE_USAGE ( .BOTH. , #1685 ) ;
#6448 = MECHANICAL_DESIGN_GEOMETRIC_PRESENTATION_REPRESENTATION (  '', ( #4814 ), #8198 ) ;
#6449 = CARTESIAN_POINT ( 'NONE',  ( 2.000000000000000000, 0.9000000000000000222, -2.000000000000000000 ) ) ;
#6450 = ORIENTED_EDGE ( 'NONE', *, *, #1821, .F. ) ;
#6451 = LINE ( 'NONE', #4925, #6469 ) ;
#6452 = DIRECTION ( 'NONE',  ( 1.000000000000000000, 0.0000000000000000000, 0.0000000000000000000 ) ) ;
#6453 = MECHANICAL_DESIGN_GEOMETRIC_PRESENTATION_REPRESENTATION (  '', ( #7504 ), #6617 ) ;
#6454 = FILL_AREA_STYLE_COLOUR ( '', #1861 ) ;
#6455 = SURFACE_STYLE_USAGE ( .BOTH. , #34 ) ;
#6456 = VERTEX_POINT ( 'NONE', #7130 ) ;
#6457 = EDGE_CURVE ( 'NONE', #3134, #5399, #8584, .T. ) ;
#6458 = PRESENTATION_LAYER_ASSIGNMENT (  '', '', ( #5575 ) ) ;
#6459 = DIRECTION ( 'NONE',  ( -0.0000000000000000000, -1.000000000000000000, -0.0000000000000000000 ) ) ;
#6460 = LINE ( 'NONE', #6982, #2412 ) ;
#6461 = DIRECTION ( 'NONE',  ( 1.000000000000000000, 0.0000000000000000000, -0.0000000000000000000 ) ) ;
#6462 = VERTEX_POINT ( 'NONE', #9101 ) ;
#6463 = SURFACE_SIDE_STYLE ('',( #8437 ) ) ;
#6464 = LINE ( 'NONE', #7846, #5862 ) ;
#6465 = VERTEX_POINT ( 'NONE', #6473 ) ;
#6466 = CARTESIAN_POINT ( 'NONE',  ( 2.000000000000000000, 0.0000000000000000000, -0.8649999999999999911 ) ) ;
#6467 = VERTEX_POINT ( 'NONE', #8446 ) ;
#6468 = LINE ( 'NONE', #3691, #6675 ) ;
#6469 = VECTOR ( 'NONE', #1539, 1000.000000000000000 ) ;
#6470 = ADVANCED_FACE ( 'NONE', ( #8493 ), #664, .F. ) ;
#6471 = DIRECTION ( 'NONE',  ( -0.0000000000000000000, -1.000000000000000000, -0.0000000000000000000 ) ) ;
#6472 = MECHANICAL_DESIGN_GEOMETRIC_PRESENTATION_REPRESENTATION (  '', ( #3348 ), #5002 ) ;
#6473 = CARTESIAN_POINT ( 'NONE',  ( -2.000000000000000000, 0.002500000000000000052, -2.000000000000000000 ) ) ;
#6474 = COLOUR_RGB ( '',1.000000000000000000, 1.000000000000000000, 1.000000000000000000 ) ;
#6475 = PRESENTATION_STYLE_ASSIGNMENT (( #3791 ) ) ;
#6476 = VERTEX_POINT ( 'NONE', #6335 ) ;
#6477 = SURFACE_STYLE_FILL_AREA ( #3653 ) ;
#6478 = LINE ( 'NONE', #3000, #5855 ) ;
#6479 = VERTEX_POINT ( 'NONE', #7721 ) ;
#6480 = CARTESIAN_POINT ( 'NONE',  ( -0.6349999999999995648, 0.002499999999999997450, -2.000000000000000000 ) ) ;
#6481 = CARTESIAN_POINT ( 'NONE',  ( 1.365000000000000435, 2.980301110709575655E-17, 2.000000000000000000 ) ) ;
#6482 =( LENGTH_UNIT ( ) NAMED_UNIT ( * ) SI_UNIT ( .MILLI., .METRE. ) );
#6483 = PRESENTATION_LAYER_ASSIGNMENT (  '', '', ( #6930 ) ) ;
#6484 =( NAMED_UNIT ( * ) PLANE_ANGLE_UNIT ( ) SI_UNIT ( $, .RADIAN. ) );
#6485 = DIRECTION ( 'NONE',  ( -0.0000000000000000000, 0.0000000000000000000, -1.000000000000000000 ) ) ;
#6486 = SURFACE_STYLE_FILL_AREA ( #7818 ) ;
#6487 = ORIENTED_EDGE ( 'NONE', *, *, #1526, .F. ) ;
#6488 = CARTESIAN_POINT ( 'NONE',  ( -0.8649999999999995470, 0.002499999999999997450, -1.600000000000000089 ) ) ;
#6489 = AXIS2_PLACEMENT_3D ( 'NONE', #5308, #5819, #5861 ) ;
#6490 = DIRECTION ( 'NONE',  ( -0.0000000000000000000, -1.000000000000000000, -0.0000000000000000000 ) ) ;
#6491 =( NAMED_UNIT ( * ) PLANE_ANGLE_UNIT ( ) SI_UNIT ( $, .RADIAN. ) );
#6492 = ORIENTED_EDGE ( 'NONE', *, *, #6635, .F. ) ;
#6493 = LINE ( 'NONE', #122, #3290 ) ;
#6494 = ORIENTED_EDGE ( 'NONE', *, *, #8406, .T. ) ;
#6495 = COLOUR_RGB ( '',1.000000000000000000, 1.000000000000000000, 1.000000000000000000 ) ;
#6496 =( NAMED_UNIT ( * ) SI_UNIT ( $, .STERADIAN. ) SOLID_ANGLE_UNIT ( ) );
#6497 = DIRECTION ( 'NONE',  ( 1.000000000000000000, 0.0000000000000000000, 0.0000000000000000000 ) ) ;
#6498 =( NAMED_UNIT ( * ) SI_UNIT ( $, .STERADIAN. ) SOLID_ANGLE_UNIT ( ) );
#6499 =( NAMED_UNIT ( * ) SI_UNIT ( $, .STERADIAN. ) SOLID_ANGLE_UNIT ( ) );
#6500 = ORIENTED_EDGE ( 'NONE', *, *, #6408, .T. ) ;
#6501 = LINE ( 'NONE', #129, #1293 ) ;
#6502 = ORIENTED_EDGE ( 'NONE', *, *, #8812, .F. ) ;
#6503 = PRESENTATION_LAYER_ASSIGNMENT (  '', '', ( #5025 ) ) ;
#6504 = VECTOR ( 'NONE', #2891, 1000.000000000000000 ) ;
#6505 = PRESENTATION_STYLE_ASSIGNMENT (( #2934 ) ) ;
#6506 = EDGE_CURVE ( 'NONE', #1415, #5182, #1377, .T. ) ;
#6507 = EDGE_CURVE ( 'NONE', #6467, #4808, #3884, .T. ) ;
#6508 = DIRECTION ( 'NONE',  ( 1.000000000000000000, 0.0000000000000000000, 0.0000000000000000000 ) ) ;
#6509 = DIRECTION ( 'NONE',  ( -1.000000000000000000, -0.0000000000000000000, 4.065758146820642614E-16 ) ) ;
#6510 = VERTEX_POINT ( 'NONE', #6662 ) ;
#6511 = PRESENTATION_STYLE_ASSIGNMENT (( #4369 ) ) ;
#6512 = VECTOR ( 'NONE', #5631, 1000.000000000000000 ) ;
#6513 =( NAMED_UNIT ( * ) SI_UNIT ( $, .STERADIAN. ) SOLID_ANGLE_UNIT ( ) );
#6514 = ORIENTED_EDGE ( 'NONE', *, *, #429, .T. ) ;
#6515 = ADVANCED_FACE ( 'NONE', ( #1703 ), #6710, .F. ) ;
#6516 =( GEOMETRIC_REPRESENTATION_CONTEXT ( 3 ) GLOBAL_UNCERTAINTY_ASSIGNED_CONTEXT ( ( #8747 ) ) GLOBAL_UNIT_ASSIGNED_CONTEXT ( ( #4513, #2304, #1095 ) ) REPRESENTATION_CONTEXT ( 'NONE', 'WORKASPACE' ) );
#6517 = ORIENTED_EDGE ( 'NONE', *, *, #8141, .T. ) ;
#6518 = SURFACE_STYLE_USAGE ( .BOTH. , #4375 ) ;
#6519 = ORIENTED_EDGE ( 'NONE', *, *, #5713, .F. ) ;
#6520 =( GEOMETRIC_REPRESENTATION_CONTEXT ( 3 ) GLOBAL_UNCERTAINTY_ASSIGNED_CONTEXT ( ( #6263 ) ) GLOBAL_UNIT_ASSIGNED_CONTEXT ( ( #7728, #2087, #1339 ) ) REPRESENTATION_CONTEXT ( 'NONE', 'WORKASPACE' ) );
#6521 =( GEOMETRIC_REPRESENTATION_CONTEXT ( 3 ) GLOBAL_UNCERTAINTY_ASSIGNED_CONTEXT ( ( #5961 ) ) GLOBAL_UNIT_ASSIGNED_CONTEXT ( ( #4508, #7348, #3868 ) ) REPRESENTATION_CONTEXT ( 'NONE', 'WORKASPACE' ) );
#6522 = LINE ( 'NONE', #4484, #7703 ) ;
#6523 = DIRECTION ( 'NONE',  ( -0.0000000000000000000, -1.000000000000000000, -0.0000000000000000000 ) ) ;
#6524 = EDGE_CURVE ( 'NONE', #5591, #1358, #3790, .T. ) ;
#6525 = FILL_AREA_STYLE_COLOUR ( '', #4687 ) ;
#6526 = ORIENTED_EDGE ( 'NONE', *, *, #549, .T. ) ;
#6527 = DIRECTION ( 'NONE',  ( 0.0000000000000000000, 0.0000000000000000000, -1.000000000000000000 ) ) ;
#6528 = CARTESIAN_POINT ( 'NONE',  ( 2.000000000000000000, 0.0000000000000000000, 0.1350000000000000366 ) ) ;
#6529 = VERTEX_POINT ( 'NONE', #7946 ) ;
#6530 = SURFACE_SIDE_STYLE ('',( #4291 ) ) ;
#6531 = MECHANICAL_DESIGN_GEOMETRIC_PRESENTATION_REPRESENTATION (  '', ( #1201 ), #1798 ) ;
#6532 = EDGE_CURVE ( 'NONE', #5957, #806, #194, .T. ) ;
#6533 = VECTOR ( 'NONE', #7621, 1000.000000000000000 ) ;
#6534 = PRESENTATION_STYLE_ASSIGNMENT (( #7240 ) ) ;
#6535 = VECTOR ( 'NONE', #9142, 1000.000000000000000 ) ;
#6536 = DIRECTION ( 'NONE',  ( -1.000000000000000000, -0.0000000000000000000, 4.065758146820642614E-16 ) ) ;
#6537 = DIRECTION ( 'NONE',  ( 0.0000000000000000000, -0.0000000000000000000, 1.000000000000000000 ) ) ;
#6538 = ORIENTED_EDGE ( 'NONE', *, *, #1421, .T. ) ;
#6539 = COLOUR_RGB ( '',1.000000000000000000, 1.000000000000000000, 1.000000000000000000 ) ;
#6540 = ORIENTED_EDGE ( 'NONE', *, *, #6810, .T. ) ;
#6541 = AXIS2_PLACEMENT_3D ( 'NONE', #6922, #3380, #4206 ) ;
#6542 = CARTESIAN_POINT ( 'NONE',  ( -1.249999999999999778, 0.002500000000000000052, -1.250000000000000222 ) ) ;
#6543 = VECTOR ( 'NONE', #1439, 1000.000000000000000 ) ;
#6544 = CARTESIAN_POINT ( 'NONE',  ( -2.000000000000000000, 0.2025000000000000133, 0.8649999999999998801 ) ) ;
#6545 = UNCERTAINTY_MEASURE_WITH_UNIT (LENGTH_MEASURE( 1.000000000000000082E-05 ), #1186, 'distance_accuracy_value', 'NONE');
#6546 = CARTESIAN_POINT ( 'NONE',  ( -2.000000000000000000, 0.002500000000000000052, 2.000000000000000000 ) ) ;
#6547 = FILL_AREA_STYLE ('',( #2385 ) ) ;
#6548 = MECHANICAL_DESIGN_GEOMETRIC_PRESENTATION_REPRESENTATION (  '', ( #1503 ), #1076 ) ;
#6549 = UNCERTAINTY_MEASURE_WITH_UNIT (LENGTH_MEASURE( 1.000000000000000082E-05 ), #1572, 'distance_accuracy_value', 'NONE');
#6550 = ORIENTED_EDGE ( 'NONE', *, *, #6067, .F. ) ;
#6551 = LINE ( 'NONE', #3026, #2193 ) ;
#6552 = FACE_OUTER_BOUND ( 'NONE', #6565, .T. ) ;
#6553 = PLANE ( 'NONE',  #1627 ) ;
#6554 = ORIENTED_EDGE ( 'NONE', *, *, #9042, .T. ) ;
#6555 =( NAMED_UNIT ( * ) PLANE_ANGLE_UNIT ( ) SI_UNIT ( $, .RADIAN. ) );
#6556 = MECHANICAL_DESIGN_GEOMETRIC_PRESENTATION_REPRESENTATION (  '', ( #2118 ), #8299 ) ;
#6557 = SURFACE_SIDE_STYLE ('',( #997 ) ) ;
#6558 = UNCERTAINTY_MEASURE_WITH_UNIT (LENGTH_MEASURE( 1.000000000000000082E-05 ), #9063, 'distance_accuracy_value', 'NONE');
#6559 = COLOUR_RGB ( '',1.000000000000000000, 1.000000000000000000, 1.000000000000000000 ) ;
#6560 =( LENGTH_UNIT ( ) NAMED_UNIT ( * ) SI_UNIT ( .MILLI., .METRE. ) );
#6561 = ORIENTED_EDGE ( 'NONE', *, *, #1037, .F. ) ;
#6562 = MECHANICAL_DESIGN_GEOMETRIC_PRESENTATION_REPRESENTATION (  '', ( #3155 ), #1961 ) ;
#6563 = DIRECTION ( 'NONE',  ( 0.0000000000000000000, -0.0000000000000000000, 1.000000000000000000 ) ) ;
#6564 = FACE_OUTER_BOUND ( 'NONE', #3937, .T. ) ;
#6565 = EDGE_LOOP ( 'NONE', ( #1895, #7570, #857, #4786 ) ) ;
#6566 = VERTEX_POINT ( 'NONE', #8678 ) ;
#6567 = EDGE_CURVE ( 'NONE', #1793, #8673, #5138, .T. ) ;
#6568 = MECHANICAL_DESIGN_GEOMETRIC_PRESENTATION_REPRESENTATION (  '', ( #5523 ), #4177 ) ;
#6569 = SURFACE_STYLE_FILL_AREA ( #1554 ) ;
#6570 = PRESENTATION_LAYER_ASSIGNMENT (  '', '', ( #939 ) ) ;
#6571 = FACE_OUTER_BOUND ( 'NONE', #2190, .T. ) ;
#6572 = EDGE_CURVE ( 'NONE', #2813, #1870, #4435, .T. ) ;
#6573 =( NAMED_UNIT ( * ) SI_UNIT ( $, .STERADIAN. ) SOLID_ANGLE_UNIT ( ) );
#6574 = EDGE_LOOP ( 'NONE', ( #7159, #392, #4220, #5220 ) ) ;
#6575 = CARTESIAN_POINT ( 'NONE',  ( -2.000000000000000000, 0.2025000000000000133, -0.8650000000000001021 ) ) ;
#6576 = SURFACE_STYLE_FILL_AREA ( #8681 ) ;
#6577 = ORIENTED_EDGE ( 'NONE', *, *, #8655, .F. ) ;
#6578 = DIRECTION ( 'NONE',  ( -1.000000000000000000, -0.0000000000000000000, -0.0000000000000000000 ) ) ;
#6579 = FILL_AREA_STYLE ('',( #919 ) ) ;
#6580 = COLOUR_RGB ( '',1.000000000000000000, 1.000000000000000000, 1.000000000000000000 ) ;
#6581 = DIRECTION ( 'NONE',  ( -0.0000000000000000000, 1.000000000000000000, -0.0000000000000000000 ) ) ;
#6582 = DIRECTION ( 'NONE',  ( -0.0000000000000000000, 1.000000000000000000, -0.0000000000000000000 ) ) ;
#6583 = EDGE_CURVE ( 'NONE', #4762, #273, #2414, .T. ) ;
#6584 =( NAMED_UNIT ( * ) SI_UNIT ( $, .STERADIAN. ) SOLID_ANGLE_UNIT ( ) );
#6585 = PRESENTATION_LAYER_ASSIGNMENT (  '', '', ( #1845 ) ) ;
#6586 = ADVANCED_FACE ( 'NONE', ( #5911 ), #8728, .F. ) ;
#6587 = LINE ( 'NONE', #205, #6696 ) ;
#6588 = PLANE ( 'NONE',  #6327 ) ;
#6589 = CARTESIAN_POINT ( 'NONE',  ( 0.8650000000000004352, 0.2000000000000000389, 2.001999999999999780 ) ) ;
#6590 = ORIENTED_EDGE ( 'NONE', *, *, #773, .F. ) ;
#6591 = DIRECTION ( 'NONE',  ( 0.0000000000000000000, 0.0000000000000000000, 1.000000000000000000 ) ) ;
#6592 =( NAMED_UNIT ( * ) SI_UNIT ( $, .STERADIAN. ) SOLID_ANGLE_UNIT ( ) );
#6593 = CARTESIAN_POINT ( 'NONE',  ( -0.3649999999999995470, 0.002499999999999998317, -1.600000000000000089 ) ) ;
#6594 = ORIENTED_EDGE ( 'NONE', *, *, #7587, .F. ) ;
#6595 = EDGE_CURVE ( 'NONE', #3379, #8058, #6842, .T. ) ;
#6596 = SURFACE_STYLE_USAGE ( .BOTH. , #8649 ) ;
#6597 = ORIENTED_EDGE ( 'NONE', *, *, #6130, .F. ) ;
#6598 = CARTESIAN_POINT ( 'NONE',  ( -2.000000000000000000, 0.002500000000000000052, -2.000000000000000000 ) ) ;
#6599 = PRESENTATION_STYLE_ASSIGNMENT (( #6081 ) ) ;
#6600 = CARTESIAN_POINT ( 'NONE',  ( 1.250000000000000000, 0.0005000000000000003357, 1.000000000000000000 ) ) ;
#6601 = CARTESIAN_POINT ( 'NONE',  ( 1.365000000000000435, 0.002500000000000003088, -1.600000000000000089 ) ) ;
#6602 = DIRECTION ( 'NONE',  ( 0.0000000000000000000, -0.0000000000000000000, 1.000000000000000000 ) ) ;
#6603 = DIRECTION ( 'NONE',  ( -0.0000000000000000000, 1.000000000000000000, -0.0000000000000000000 ) ) ;
#6604 = DIRECTION ( 'NONE',  ( -0.0000000000000000000, -1.000000000000000000, -0.0000000000000000000 ) ) ;
#6605 = ORIENTED_EDGE ( 'NONE', *, *, #5318, .F. ) ;
#6606 = DIRECTION ( 'NONE',  ( -0.0000000000000000000, -1.000000000000000000, -0.0000000000000000000 ) ) ;
#6607 = AXIS2_PLACEMENT_3D ( 'NONE', #1646, #4476, #7687 ) ;
#6608 = CARTESIAN_POINT ( 'NONE',  ( 1.499999999999999778, 0.8979999999999999094, -1.399999999999999911 ) ) ;
#6609 = CARTESIAN_POINT ( 'NONE',  ( 1.600000000000000089, 0.002500000000000000052, 1.135000000000000009 ) ) ;
#6610 = ORIENTED_EDGE ( 'NONE', *, *, #3910, .T. ) ;
#6611 = CARTESIAN_POINT ( 'NONE',  ( 2.001999999999999780, 0.2025000000000000133, 0.8649999999999998801 ) ) ;
#6612 =( NAMED_UNIT ( * ) SI_UNIT ( $, .STERADIAN. ) SOLID_ANGLE_UNIT ( ) );
#6613 = DIRECTION ( 'NONE',  ( -1.000000000000000000, 0.0000000000000000000, 0.0000000000000000000 ) ) ;
#6614 = ORIENTED_EDGE ( 'NONE', *, *, #7700, .F. ) ;
#6615 = AXIS2_PLACEMENT_3D ( 'NONE', #7181, #7950, #812 ) ;
#6616 = EDGE_LOOP ( 'NONE', ( #7050, #3107, #2346, #4708 ) ) ;
#6617 =( GEOMETRIC_REPRESENTATION_CONTEXT ( 3 ) GLOBAL_UNCERTAINTY_ASSIGNED_CONTEXT ( ( #1907 ) ) GLOBAL_UNIT_ASSIGNED_CONTEXT ( ( #8458, #1429, #7731 ) ) REPRESENTATION_CONTEXT ( 'NONE', 'WORKASPACE' ) );
#6618 = LINE ( 'NONE', #3089, #6660 ) ;
#6619 = LINE ( 'NONE', #1604, #4749 ) ;
#6620 = CARTESIAN_POINT ( 'NONE',  ( 0.1350000000000004530, 0.0000000000000000000, -1.600000000000000089 ) ) ;
#6621 =( NAMED_UNIT ( * ) SI_UNIT ( $, .STERADIAN. ) SOLID_ANGLE_UNIT ( ) );
#6622 = MECHANICAL_DESIGN_GEOMETRIC_PRESENTATION_REPRESENTATION (  '', ( #6310 ), #2329 ) ;
#6623 = ORIENTED_EDGE ( 'NONE', *, *, #3494, .T. ) ;
#6624 = VECTOR ( 'NONE', #4756, 1000.000000000000000 ) ;
#6625 = CARTESIAN_POINT ( 'NONE',  ( -1.600000000000000089, 0.002500000000000000052, -1.365000000000000213 ) ) ;
#6626 = EDGE_LOOP ( 'NONE', ( #5998, #474, #248, #339 ) ) ;
#6627 = DIRECTION ( 'NONE',  ( 0.0000000000000000000, -0.0000000000000000000, 1.000000000000000000 ) ) ;
#6628 = DIRECTION ( 'NONE',  ( 1.000000000000000000, 0.0000000000000000000, 0.0000000000000000000 ) ) ;
#6629 = FACE_OUTER_BOUND ( 'NONE', #2450, .T. ) ;
#6630 = ORIENTED_EDGE ( 'NONE', *, *, #2767, .T. ) ;
#6631 = FILL_AREA_STYLE_COLOUR ( '', #4560 ) ;
#6632 = EDGE_CURVE ( 'NONE', #2880, #556, #3221, .T. ) ;
#6633 = ADVANCED_FACE ( 'NONE', ( #2020 ), #8951, .F. ) ;
#6634 = CARTESIAN_POINT ( 'NONE',  ( -2.000000000000000000, 0.2024999999999999856, -1.135000000000000231 ) ) ;
#6635 = EDGE_CURVE ( 'NONE', #1005, #3880, #2624, .T. ) ;
#6636 = VECTOR ( 'NONE', #6536, 1000.000000000000000 ) ;
#6637 = MECHANICAL_DESIGN_GEOMETRIC_PRESENTATION_REPRESENTATION (  '', ( #7381 ), #542 ) ;
#6638 = ORIENTED_EDGE ( 'NONE', *, *, #6116, .T. ) ;
#6639 = COLOUR_RGB ( '',1.000000000000000000, 1.000000000000000000, 1.000000000000000000 ) ;
#6640 = UNCERTAINTY_MEASURE_WITH_UNIT (LENGTH_MEASURE( 1.000000000000000082E-05 ), #4222, 'distance_accuracy_value', 'NONE');
#6641 = SURFACE_STYLE_FILL_AREA ( #1121 ) ;
#6642 = UNCERTAINTY_MEASURE_WITH_UNIT (LENGTH_MEASURE( 1.000000000000000082E-05 ), #5974, 'distance_accuracy_value', 'NONE');
#6643 = EDGE_CURVE ( 'NONE', #152, #5158, #8160, .T. ) ;
#6644 = DIRECTION ( 'NONE',  ( 1.000000000000000000, 0.0000000000000000000, 0.0000000000000000000 ) ) ;
#6645 = CARTESIAN_POINT ( 'NONE',  ( -2.001999999999999780, 0.2025000000000000133, 1.364999999999999991 ) ) ;
#6646 = EDGE_CURVE ( 'NONE', #1910, #5599, #5586, .T. ) ;
#6647 = PRESENTATION_LAYER_ASSIGNMENT (  '', '', ( #4106 ) ) ;
#6648 = ORIENTED_EDGE ( 'NONE', *, *, #6635, .T. ) ;
#6649 = DIRECTION ( 'NONE',  ( 0.0000000000000000000, -1.000000000000000000, 0.0000000000000000000 ) ) ;
#6650 =( GEOMETRIC_REPRESENTATION_CONTEXT ( 3 ) GLOBAL_UNCERTAINTY_ASSIGNED_CONTEXT ( ( #7008 ) ) GLOBAL_UNIT_ASSIGNED_CONTEXT ( ( #7144, #68, #4352 ) ) REPRESENTATION_CONTEXT ( 'NONE', 'WORKASPACE' ) );
#6651 = SURFACE_STYLE_USAGE ( .BOTH. , #8231 ) ;
#6652 = ORIENTED_EDGE ( 'NONE', *, *, #7158, .T. ) ;
#6653 = DIRECTION ( 'NONE',  ( 1.000000000000000000, 0.0000000000000000000, 0.0000000000000000000 ) ) ;
#6654 = ORIENTED_EDGE ( 'NONE', *, *, #607, .F. ) ;
#6655 = DIRECTION ( 'NONE',  ( 1.000000000000000000, -0.0000000000000000000, -0.0000000000000000000 ) ) ;
#6656 = ORIENTED_EDGE ( 'NONE', *, *, #8408, .T. ) ;
#6657 = VECTOR ( 'NONE', #3144, 1000.000000000000000 ) ;
#6658 = SURFACE_STYLE_FILL_AREA ( #4518 ) ;
#6659 = CARTESIAN_POINT ( 'NONE',  ( -2.000000000000000000, 0.002500000000000000052, -2.000000000000000000 ) ) ;
#6660 = VECTOR ( 'NONE', #406, 1000.000000000000000 ) ;
#6661 =( GEOMETRIC_REPRESENTATION_CONTEXT ( 3 ) GLOBAL_UNCERTAINTY_ASSIGNED_CONTEXT ( ( #8817 ) ) GLOBAL_UNIT_ASSIGNED_CONTEXT ( ( #947, #4469, #7305 ) ) REPRESENTATION_CONTEXT ( 'NONE', 'WORKASPACE' ) );
#6662 = CARTESIAN_POINT ( 'NONE',  ( 2.001999999999999780, 0.2025000000000000133, 1.135000000000000009 ) ) ;
#6663 = FILL_AREA_STYLE ('',( #375 ) ) ;
#6664 = ORIENTED_EDGE ( 'NONE', *, *, #7195, .F. ) ;
#6665 = DIRECTION ( 'NONE',  ( 0.0000000000000000000, 1.000000000000000000, 0.0000000000000000000 ) ) ;
#6666 = MECHANICAL_DESIGN_GEOMETRIC_PRESENTATION_REPRESENTATION (  '', ( #415 ), #879 ) ;
#6667 = SURFACE_SIDE_STYLE ('',( #3847 ) ) ;
#6668 = ORIENTED_EDGE ( 'NONE', *, *, #1412, .T. ) ;
#6669 = CARTESIAN_POINT ( 'NONE',  ( 0.6350000000000004530, 1.487762787917389017E-18, -1.600000000000000089 ) ) ;
#6670 =( NAMED_UNIT ( * ) PLANE_ANGLE_UNIT ( ) SI_UNIT ( $, .RADIAN. ) );
#6671 = LINE ( 'NONE', #2367, #7359 ) ;
#6672 = VECTOR ( 'NONE', #3521, 1000.000000000000000 ) ;
#6673 = VECTOR ( 'NONE', #3028, 1000.000000000000000 ) ;
#6674 = SURFACE_SIDE_STYLE ('',( #2369 ) ) ;
#6675 = VECTOR ( 'NONE', #7802, 1000.000000000000114 ) ;
#6676 = FACE_OUTER_BOUND ( 'NONE', #968, .T. ) ;
#6677 = PLANE ( 'NONE',  #4550 ) ;
#6678 = FILL_AREA_STYLE_COLOUR ( '', #8211 ) ;
#6679 = ORIENTED_EDGE ( 'NONE', *, *, #1808, .T. ) ;
#6680 = MECHANICAL_DESIGN_GEOMETRIC_PRESENTATION_REPRESENTATION (  '', ( #893 ), #4135 ) ;
#6681 = VECTOR ( 'NONE', #3610, 1000.000000000000000 ) ;
#6682 = STYLED_ITEM ( 'NONE', ( #396 ), #7936 ) ;
#6683 = ORIENTED_EDGE ( 'NONE', *, *, #5625, .T. ) ;
#6684 = FACE_OUTER_BOUND ( 'NONE', #8294, .T. ) ;
#6685 = CARTESIAN_POINT ( 'NONE',  ( -0.8649999999999996581, 0.1999999999999999833, 2.001999999999999780 ) ) ;
#6686 = EDGE_CURVE ( 'NONE', #3548, #2537, #4319, .T. ) ;
#6687 = ADVANCED_FACE ( 'NONE', ( #1536 ), #5796, .F. ) ;
#6688 =( GEOMETRIC_REPRESENTATION_CONTEXT ( 3 ) GLOBAL_UNCERTAINTY_ASSIGNED_CONTEXT ( ( #3578 ) ) GLOBAL_UNIT_ASSIGNED_CONTEXT ( ( #1318, #8482, #8521 ) ) REPRESENTATION_CONTEXT ( 'NONE', 'WORKASPACE' ) );
#6689 = DIRECTION ( 'NONE',  ( 0.0000000000000000000, 0.0000000000000000000, -1.000000000000000000 ) ) ;
#6690 = FACE_OUTER_BOUND ( 'NONE', #5792, .T. ) ;
#6691 = SURFACE_STYLE_FILL_AREA ( #1823 ) ;
#6692 =( GEOMETRIC_REPRESENTATION_CONTEXT ( 3 ) GLOBAL_UNCERTAINTY_ASSIGNED_CONTEXT ( ( #5700 ) ) GLOBAL_UNIT_ASSIGNED_CONTEXT ( ( #8621, #5174, #7262 ) ) REPRESENTATION_CONTEXT ( 'NONE', 'WORKASPACE' ) );
#6693 = VERTEX_POINT ( 'NONE', #2337 ) ;
#6694 = DIRECTION ( 'NONE',  ( -0.0000000000000000000, -0.0000000000000000000, -1.000000000000000000 ) ) ;
#6695 = EDGE_CURVE ( 'NONE', #7033, #4329, #5840, .T. ) ;
#6696 = VECTOR ( 'NONE', #4496, 1000.000000000000000 ) ;
#6697 = SURFACE_STYLE_FILL_AREA ( #4738 ) ;
#6698 = ADVANCED_FACE ( 'NONE', ( #5165 ), #942, .F. ) ;
#6699 = SURFACE_STYLE_USAGE ( .BOTH. , #9198 ) ;
#6700 = ORIENTED_EDGE ( 'NONE', *, *, #6064, .T. ) ;
#6701 = CARTESIAN_POINT ( 'NONE',  ( -1.600000000000000089, 0.002500000000000000052, 1.135000000000000009 ) ) ;
#6702 = PLANE ( 'NONE',  #374 ) ;
#6703 =( NAMED_UNIT ( * ) SI_UNIT ( $, .STERADIAN. ) SOLID_ANGLE_UNIT ( ) );
#6704 = VECTOR ( 'NONE', #4189, 1000.000000000000000 ) ;
#6705 = ORIENTED_EDGE ( 'NONE', *, *, #6171, .T. ) ;
#6706 = PRESENTATION_STYLE_ASSIGNMENT (( #6518 ) ) ;
#6707 = ORIENTED_EDGE ( 'NONE', *, *, #269, .T. ) ;
#6708 = COLOUR_RGB ( '',1.000000000000000000, 1.000000000000000000, 1.000000000000000000 ) ;
#6709 = CARTESIAN_POINT ( 'NONE',  ( 2.000000000000000000, 0.002500000000000000052, -0.8649999999999999911 ) ) ;
#6710 = PLANE ( 'NONE',  #6489 ) ;
#6711 =( NAMED_UNIT ( * ) PLANE_ANGLE_UNIT ( ) SI_UNIT ( $, .RADIAN. ) );
#6712 = ORIENTED_EDGE ( 'NONE', *, *, #2154, .F. ) ;
#6713 = CARTESIAN_POINT ( 'NONE',  ( 0.3650000000000004352, 0.0000000000000000000, 2.000000000000000000 ) ) ;
#6714 = LINE ( 'NONE', #5313, #5715 ) ;
#6715 = ORIENTED_EDGE ( 'NONE', *, *, #7020, .T. ) ;
#6716 = FILL_AREA_STYLE ('',( #7412 ) ) ;
#6717 = SURFACE_STYLE_USAGE ( .BOTH. , #5271 ) ;
#6718 =( LENGTH_UNIT ( ) NAMED_UNIT ( * ) SI_UNIT ( .MILLI., .METRE. ) );
#6719 = VECTOR ( 'NONE', #6209, 1000.000000000000000 ) ;
#6720 = LINE ( 'NONE', #9001, #5347 ) ;
#6721 = PLANE ( 'NONE',  #5051 ) ;
#6722 = CARTESIAN_POINT ( 'NONE',  ( 1.600000000000000089, 0.002500000000000000052, 0.8649999999999999911 ) ) ;
#6723 = FACE_OUTER_BOUND ( 'NONE', #3715, .T. ) ;
#6724 = FACE_OUTER_BOUND ( 'NONE', #8524, .T. ) ;
#6726 = ORIENTED_EDGE ( 'NONE', *, *, #7322, .F. ) ;
#6725 = STYLED_ITEM ( 'NONE', ( #2625 ), #2887 ) ;
#6727 = FILL_AREA_STYLE ('',( #1431 ) ) ;
#6728 = DIRECTION ( 'NONE',  ( -2.710505431213761578E-16, 0.0000000000000000000, 1.000000000000000000 ) ) ;
#6729 = ORIENTED_EDGE ( 'NONE', *, *, #1197, .F. ) ;
#6730 = ORIENTED_EDGE ( 'NONE', *, *, #3958, .T. ) ;
#6731 = CARTESIAN_POINT ( 'NONE',  ( -2.000000000000000000, 0.002500000000000000052, -0.8650000000000001021 ) ) ;
#6732 = DIRECTION ( 'NONE',  ( -2.710505431213761578E-16, 0.0000000000000000000, 1.000000000000000000 ) ) ;
#6733 = CARTESIAN_POINT ( 'NONE',  ( 1.000000000000000000, 0.0005000000000000003357, 1.250000000000000000 ) ) ;
#6734 = PRESENTATION_STYLE_ASSIGNMENT (( #3076 ) ) ;
#6735 = ORIENTED_EDGE ( 'NONE', *, *, #7695, .F. ) ;
#6736 =( LENGTH_UNIT ( ) NAMED_UNIT ( * ) SI_UNIT ( .MILLI., .METRE. ) );
#6737 = ADVANCED_FACE ( 'NONE', ( #4775 ), #7600, .T. ) ;
#6738 = DIRECTION ( 'NONE',  ( -0.0000000000000000000, -1.000000000000000000, -0.0000000000000000000 ) ) ;
#6739 = UNCERTAINTY_MEASURE_WITH_UNIT (LENGTH_MEASURE( 1.000000000000000082E-05 ), #4292, 'distance_accuracy_value', 'NONE');
#6740 = ORIENTED_EDGE ( 'NONE', *, *, #1028, .F. ) ;
#6741 =( NAMED_UNIT ( * ) SI_UNIT ( $, .STERADIAN. ) SOLID_ANGLE_UNIT ( ) );
#6742 = EDGE_CURVE ( 'NONE', #9015, #2457, #6255, .T. ) ;
#6743 = SURFACE_STYLE_USAGE ( .BOTH. , #4696 ) ;
#6744 = ADVANCED_FACE ( 'NONE', ( #728 ), #4397, .T. ) ;
#6745 = ADVANCED_FACE ( 'NONE', ( #6399 ), #5063, .T. ) ;
#6746 = VERTEX_POINT ( 'NONE', #3766 ) ;
#6747 = EDGE_CURVE ( 'NONE', #6835, #8601, #7871, .T. ) ;
#6748 = ORIENTED_EDGE ( 'NONE', *, *, #4221, .T. ) ;
#6749 = VECTOR ( 'NONE', #5533, 1000.000000000000000 ) ;
#6750 = VECTOR ( 'NONE', #2191, 1000.000000000000000 ) ;
#6751 =( NAMED_UNIT ( * ) PLANE_ANGLE_UNIT ( ) SI_UNIT ( $, .RADIAN. ) );
#6752 = CARTESIAN_POINT ( 'NONE',  ( 2.000000000000000000, 0.9000000000000000222, 2.000000000000000000 ) ) ;
#6753 = VERTEX_POINT ( 'NONE', #6488 ) ;
#6754 = PLANE ( 'NONE',  #114 ) ;
#6755 = STYLED_ITEM ( 'NONE', ( #8024 ), #4118 ) ;
#6756 = ORIENTED_EDGE ( 'NONE', *, *, #6130, .T. ) ;
#6757 = EDGE_CURVE ( 'NONE', #6798, #6846, #5655, .T. ) ;
#6758 = PRESENTATION_LAYER_ASSIGNMENT (  '', '', ( #4973 ) ) ;
#6759 = SURFACE_SIDE_STYLE ('',( #8826 ) ) ;
#6760 = AXIS2_PLACEMENT_3D ( 'NONE', #313, #3324, #4032 ) ;
#6761 = EDGE_CURVE ( 'NONE', #2586, #7407, #2142, .T. ) ;
#6762 = SURFACE_STYLE_FILL_AREA ( #6893 ) ;
#6763 = MECHANICAL_DESIGN_GEOMETRIC_PRESENTATION_REPRESENTATION (  '', ( #1734 ), #7053 ) ;
#6764 = MECHANICAL_DESIGN_GEOMETRIC_PRESENTATION_REPRESENTATION (  '', ( #2183 ), #8818 ) ;
#6765 = CARTESIAN_POINT ( 'NONE',  ( -2.000000000000000000, 0.002500000000000000052, -0.8649999999999999911 ) ) ;
#6766 = COLOUR_RGB ( '',1.000000000000000000, 1.000000000000000000, 1.000000000000000000 ) ;
#6767 = PRESENTATION_LAYER_ASSIGNMENT (  '', '', ( #1278 ) ) ;
#6768 = PRESENTATION_STYLE_ASSIGNMENT (( #5411 ) ) ;
#6769 = EDGE_LOOP ( 'NONE', ( #7940, #5140, #2132, #567, #5740, #5770 ) ) ;
#6770 = ORIENTED_EDGE ( 'NONE', *, *, #5892, .F. ) ;
#6771 =( LENGTH_UNIT ( ) NAMED_UNIT ( * ) SI_UNIT ( .MILLI., .METRE. ) );
#6772 = ORIENTED_EDGE ( 'NONE', *, *, #7540, .T. ) ;
#6773 = VECTOR ( 'NONE', #3725, 1000.000000000000000 ) ;
#6774 = FACE_BOUND ( 'NONE', #7725, .T. ) ;
#6775 = VECTOR ( 'NONE', #1080, 1000.000000000000000 ) ;
#6776 = FILL_AREA_STYLE ('',( #8178 ) ) ;
#6777 = DIRECTION ( 'NONE',  ( -1.000000000000000000, 0.0000000000000000000, -0.0000000000000000000 ) ) ;
#6778 = DIRECTION ( 'NONE',  ( 1.000000000000000000, 0.0000000000000000000, 0.0000000000000000000 ) ) ;
#6779 = VECTOR ( 'NONE', #7041, 1000.000000000000000 ) ;
#6780 = COLOUR_RGB ( '',1.000000000000000000, 1.000000000000000000, 1.000000000000000000 ) ;
#6781 = FACE_OUTER_BOUND ( 'NONE', #8302, .T. ) ;
#6782 = LINE ( 'NONE', #3201, #4374 ) ;
#6783 = CARTESIAN_POINT ( 'NONE',  ( 2.000000000000000000, 0.2024999999999999856, 0.8649999999999998801 ) ) ;
#6784 = DIRECTION ( 'NONE',  ( 2.710505431213761578E-16, 0.0000000000000000000, -1.000000000000000000 ) ) ;
#6785 = FACE_OUTER_BOUND ( 'NONE', #3235, .T. ) ;
#6786 = ORIENTED_EDGE ( 'NONE', *, *, #3813, .F. ) ;
#6787 = SURFACE_STYLE_FILL_AREA ( #2661 ) ;
#6788 =( NAMED_UNIT ( * ) PLANE_ANGLE_UNIT ( ) SI_UNIT ( $, .RADIAN. ) );
#6789 = ORIENTED_EDGE ( 'NONE', *, *, #3765, .T. ) ;
#6790 = CARTESIAN_POINT ( 'NONE',  ( -2.000000000000000000, 0.0000000000000000000, 0.8649999999999999911 ) ) ;
#6791 = COLOUR_RGB ( '',1.000000000000000000, 1.000000000000000000, 1.000000000000000000 ) ;
#6792 = STYLED_ITEM ( 'NONE', ( #5510 ), #6862 ) ;
#6793 = ADVANCED_FACE ( 'NONE', ( #4954 ), #7773, .F. ) ;
#6794 = SURFACE_STYLE_FILL_AREA ( #1840 ) ;
#6795 = EDGE_CURVE ( 'NONE', #2920, #2880, #4500, .T. ) ;
#6796 = FACE_OUTER_BOUND ( 'NONE', #2971, .T. ) ;
#6797 = SURFACE_SIDE_STYLE ('',( #3176 ) ) ;
#6798 = VERTEX_POINT ( 'NONE', #2375 ) ;
#6799 = FILL_AREA_STYLE_COLOUR ( '', #8404 ) ;
#6800 = ORIENTED_EDGE ( 'NONE', *, *, #5389, .T. ) ;
#6801 = DIRECTION ( 'NONE',  ( 1.000000000000000000, 0.0000000000000000000, -0.0000000000000000000 ) ) ;
#6802 = DIRECTION ( 'NONE',  ( -1.000000000000000000, -0.0000000000000000000, -0.0000000000000000000 ) ) ;
#6803 =( GEOMETRIC_REPRESENTATION_CONTEXT ( 3 ) GLOBAL_UNCERTAINTY_ASSIGNED_CONTEXT ( ( #6360 ) ) GLOBAL_UNIT_ASSIGNED_CONTEXT ( ( #4024, #4101, #580 ) ) REPRESENTATION_CONTEXT ( 'NONE', 'WORKASPACE' ) );
#6804 =( NAMED_UNIT ( * ) PLANE_ANGLE_UNIT ( ) SI_UNIT ( $, .RADIAN. ) );
#6805 = ADVANCED_FACE ( 'NONE', ( #3188 ), #5878, .T. ) ;
#6806 = FACE_OUTER_BOUND ( 'NONE', #8624, .T. ) ;
#6807 = LINE ( 'NONE', #2592, #5736 ) ;
#6808 = DIRECTION ( 'NONE',  ( 0.0000000000000000000, 0.0000000000000000000, 1.000000000000000000 ) ) ;
#6809 = EDGE_LOOP ( 'NONE', ( #2081, #3083, #5835, #4167 ) ) ;
#6810 = EDGE_CURVE ( 'NONE', #918, #7707, #6022, .T. ) ;
#6811 = FILL_AREA_STYLE_COLOUR ( '', #2935 ) ;
#6812 = CARTESIAN_POINT ( 'NONE',  ( -0.6349999999999995648, 0.1999999999999999833, 2.001999999999999780 ) ) ;
#6813 = ORIENTED_EDGE ( 'NONE', *, *, #2778, .F. ) ;
#6814 =( NAMED_UNIT ( * ) PLANE_ANGLE_UNIT ( ) SI_UNIT ( $, .RADIAN. ) );
#6815 = STYLED_ITEM ( 'NONE', ( #1305 ), #388 ) ;
#6816 = EDGE_LOOP ( 'NONE', ( #6972, #628, #7919, #6860 ) ) ;
#6817 = DIRECTION ( 'NONE',  ( 0.0000000000000000000, 1.000000000000000000, 0.0000000000000000000 ) ) ;
#6818 =( GEOMETRIC_REPRESENTATION_CONTEXT ( 3 ) GLOBAL_UNCERTAINTY_ASSIGNED_CONTEXT ( ( #2834 ) ) GLOBAL_UNIT_ASSIGNED_CONTEXT ( ( #5440, #6220, #8331 ) ) REPRESENTATION_CONTEXT ( 'NONE', 'WORKASPACE' ) );
#6819 = CARTESIAN_POINT ( 'NONE',  ( -2.000000000000000000, 0.002500000000000000052, 2.000000000000000000 ) ) ;
#6820 = DIRECTION ( 'NONE',  ( 0.0000000000000000000, 0.0000000000000000000, -1.000000000000000000 ) ) ;
#6821 = STYLED_ITEM ( 'NONE', ( #724 ), #1364 ) ;
#6822 = UNCERTAINTY_MEASURE_WITH_UNIT (LENGTH_MEASURE( 1.000000000000000082E-05 ), #8476, 'distance_accuracy_value', 'NONE');
#6823 = SURFACE_SIDE_STYLE ('',( #7682 ) ) ;
#6824 = CARTESIAN_POINT ( 'NONE',  ( -2.001999999999999780, 0.002500000000000000052, 0.1349999999999998701 ) ) ;
#6825 = UNCERTAINTY_MEASURE_WITH_UNIT (LENGTH_MEASURE( 1.000000000000000082E-05 ), #7998, 'distance_accuracy_value', 'NONE');
#6826 = FILL_AREA_STYLE ('',( #4732 ) ) ;
#6827 = LINE ( 'NONE', #6170, #729 ) ;
#6828 = MECHANICAL_DESIGN_GEOMETRIC_PRESENTATION_REPRESENTATION (  '', ( #7405 ), #7826 ) ;
#6829 = CARTESIAN_POINT ( 'NONE',  ( 1.600000000000000089, 0.002500000000000000052, 1.135000000000000009 ) ) ;
#6830 = STYLED_ITEM ( 'NONE', ( #7977 ), #7991 ) ;
#6831 = LINE ( 'NONE', #2005, #5204 ) ;
#6832 = PLANE ( 'NONE',  #7443 ) ;
#6833 = PRESENTATION_LAYER_ASSIGNMENT (  '', '', ( #8286 ) ) ;
#6834 = SURFACE_STYLE_FILL_AREA ( #503 ) ;
#6835 = VERTEX_POINT ( 'NONE', #5199 ) ;
#6836 = LINE ( 'NONE', #7528, #7269 ) ;
#6837 = COLOUR_RGB ( '',1.000000000000000000, 1.000000000000000000, 1.000000000000000000 ) ;
#6838 = CARTESIAN_POINT ( 'NONE',  ( -2.000000000000000000, 0.0000000000000000000, 0.6350000000000000089 ) ) ;
#6839 = VERTEX_POINT ( 'NONE', #3236 ) ;
#6840 = COLOUR_RGB ( '',0.2509803921568627416, 0.2509803921568627416, 0.2509803921568627416 ) ;
#6841 =( NAMED_UNIT ( * ) PLANE_ANGLE_UNIT ( ) SI_UNIT ( $, .RADIAN. ) );
#6842 = LINE ( 'NONE', #469, #7664 ) ;
#6843 = CARTESIAN_POINT ( 'NONE',  ( 0.6350000000000004530, 0.002500000000000001787, -1.600000000000000089 ) ) ;
#6844 = ORIENTED_EDGE ( 'NONE', *, *, #7987, .T. ) ;
#6845 = LINE ( 'NONE', #473, #5425 ) ;
#6846 = VERTEX_POINT ( 'NONE', #8091 ) ;
#6847 = FILL_AREA_STYLE ('',( #2720 ) ) ;
#6848 = DIRECTION ( 'NONE',  ( 0.0000000000000000000, -0.0000000000000000000, -1.000000000000000000 ) ) ;
#6849 = EDGE_CURVE ( 'NONE', #2787, #6437, #4579, .T. ) ;
#6850 = PRESENTATION_LAYER_ASSIGNMENT (  '', '', ( #8304 ) ) ;
#6851 = CARTESIAN_POINT ( 'NONE',  ( -2.001999999999999780, 0.2025000000000000133, 0.3649999999999998801 ) ) ;
#6852 = VECTOR ( 'NONE', #2451, 1000.000000000000000 ) ;
#6853 = EDGE_CURVE ( 'NONE', #7964, #7150, #980, .T. ) ;
#6854 = DIRECTION ( 'NONE',  ( -0.0000000000000000000, -0.0000000000000000000, -1.000000000000000000 ) ) ;
#6855 = LINE ( 'NONE', #8872, #7873 ) ;
#6856 = LINE ( 'NONE', #6896, #8234 ) ;
#6857 = DIRECTION ( 'NONE',  ( 0.0000000000000000000, 0.0000000000000000000, -1.000000000000000000 ) ) ;
#6858 = ORIENTED_EDGE ( 'NONE', *, *, #5038, .F. ) ;
#6859 = FACE_OUTER_BOUND ( 'NONE', #2303, .T. ) ;
#6860 = ORIENTED_EDGE ( 'NONE', *, *, #1296, .T. ) ;
#6861 = DIRECTION ( 'NONE',  ( -1.000000000000000000, 0.0000000000000000000, 0.0000000000000000000 ) ) ;
#6862 = ADVANCED_FACE ( 'NONE', ( #3896 ), #2508, .F. ) ;
#6863 = ORIENTED_EDGE ( 'NONE', *, *, #5826, .F. ) ;
#6864 =( NAMED_UNIT ( * ) SI_UNIT ( $, .STERADIAN. ) SOLID_ANGLE_UNIT ( ) );
#6865 = LINE ( 'NONE', #4635, #1479 ) ;
#6866 = EDGE_CURVE ( 'NONE', #1453, #1559, #8265, .T. ) ;
#6867 = SURFACE_STYLE_USAGE ( .BOTH. , #1210 ) ;
#6868 = AXIS2_PLACEMENT_3D ( 'NONE', #5982, #7249, #1722 ) ;
#6869 = SURFACE_STYLE_USAGE ( .BOTH. , #6082 ) ;
#6870 =( NAMED_UNIT ( * ) PLANE_ANGLE_UNIT ( ) SI_UNIT ( $, .RADIAN. ) );
#6871 = SURFACE_STYLE_USAGE ( .BOTH. , #3782 ) ;
#6872 = DIRECTION ( 'NONE',  ( -1.000000000000000000, -0.0000000000000000000, 4.065758146820642614E-16 ) ) ;
#6873 = CARTESIAN_POINT ( 'NONE',  ( 0.6350000000000003419, 0.2000000000000000389, 2.001999999999999780 ) ) ;
#6874 = EDGE_CURVE ( 'NONE', #1048, #1264, #1240, .T. ) ;
#6875 = LINE ( 'NONE', #8941, #3271 ) ;
#6876 = SURFACE_STYLE_USAGE ( .BOTH. , #5572 ) ;
#6877 = SURFACE_SIDE_STYLE ('',( #6834 ) ) ;
#6878 = ORIENTED_EDGE ( 'NONE', *, *, #4648, .T. ) ;
#6879 = LINE ( 'NONE', #1132, #2528 ) ;
#6880 =( NAMED_UNIT ( * ) SI_UNIT ( $, .STERADIAN. ) SOLID_ANGLE_UNIT ( ) );
#6881 = DIRECTION ( 'NONE',  ( 0.0000000000000000000, -0.0000000000000000000, 1.000000000000000000 ) ) ;
#6882 = EDGE_LOOP ( 'NONE', ( #4979, #7548, #1574, #3778, #8530, #3078 ) ) ;
#6883 = CARTESIAN_POINT ( 'NONE',  ( 2.001999999999999780, 0.2025000000000000133, 0.6349999999999998979 ) ) ;
#6884 = CARTESIAN_POINT ( 'NONE',  ( -2.000000000000000000, 0.002500000000000000052, -0.8649999999999999911 ) ) ;
#6885 = FILL_AREA_STYLE ('',( #5231 ) ) ;
#6886 = FACE_OUTER_BOUND ( 'NONE', #2216, .T. ) ;
#6887 = ORIENTED_EDGE ( 'NONE', *, *, #1295, .T. ) ;
#6888 = CARTESIAN_POINT ( 'NONE',  ( 2.000000000000000000, 0.0000000000000000000, -1.135000000000000009 ) ) ;
#6889 = DIRECTION ( 'NONE',  ( 0.0000000000000000000, 0.0000000000000000000, -1.000000000000000000 ) ) ;
#6890 = EDGE_LOOP ( 'NONE', ( #508, #4321, #7836, #2546 ) ) ;
#6891 = DIRECTION ( 'NONE',  ( -0.0000000000000000000, 0.0000000000000000000, -1.000000000000000000 ) ) ;
#6892 = PLANE ( 'NONE',  #6906 ) ;
#6893 = FILL_AREA_STYLE ('',( #2590 ) ) ;
#6894 = CARTESIAN_POINT ( 'NONE',  ( -0.8649999999999996581, 0.1999999999999999833, -2.000000000000000000 ) ) ;
#6895 = COLOUR_RGB ( '',1.000000000000000000, 1.000000000000000000, 1.000000000000000000 ) ;
#6896 = CARTESIAN_POINT ( 'NONE',  ( -1.600000000000000089, 0.0000000000000000000, 0.1349999999999998701 ) ) ;
#6897 =( GEOMETRIC_REPRESENTATION_CONTEXT ( 3 ) GLOBAL_UNCERTAINTY_ASSIGNED_CONTEXT ( ( #6549 ) ) GLOBAL_UNIT_ASSIGNED_CONTEXT ( ( #1572, #3712, #4453 ) ) REPRESENTATION_CONTEXT ( 'NONE', 'WORKASPACE' ) );
#6898 = FILL_AREA_STYLE ('',( #8263 ) ) ;
#6899 = VERTEX_POINT ( 'NONE', #2079 ) ;
#6900 =( LENGTH_UNIT ( ) NAMED_UNIT ( * ) SI_UNIT ( .MILLI., .METRE. ) );
#6901 = VERTEX_POINT ( 'NONE', #531 ) ;
#6902 = CARTESIAN_POINT ( 'NONE',  ( -1.134999999999999787, 0.002499999999999995715, -2.000000000000000000 ) ) ;
#6903 = EDGE_CURVE ( 'NONE', #361, #5496, #1893, .T. ) ;
#6904 = VERTEX_POINT ( 'NONE', #7675 ) ;
#6905 = DIRECTION ( 'NONE',  ( 0.0000000000000000000, 1.000000000000000000, 0.0000000000000000000 ) ) ;
#6906 = AXIS2_PLACEMENT_3D ( 'NONE', #4986, #1455, #7717 ) ;
#6907 = COLOUR_RGB ( '',1.000000000000000000, 1.000000000000000000, 1.000000000000000000 ) ;
#6908 = DIRECTION ( 'NONE',  ( -1.000000000000000000, -0.0000000000000000000, 4.065758146820642614E-16 ) ) ;
#6909 =( NAMED_UNIT ( * ) PLANE_ANGLE_UNIT ( ) SI_UNIT ( $, .RADIAN. ) );
#6910 = VECTOR ( 'NONE', #5007, 1000.000000000000000 ) ;
#6911 = EDGE_CURVE ( 'NONE', #5681, #6437, #1937, .T. ) ;
#6912 = UNCERTAINTY_MEASURE_WITH_UNIT (LENGTH_MEASURE( 1.000000000000000082E-05 ), #4853, 'distance_accuracy_value', 'NONE');
#6913 = DIRECTION ( 'NONE',  ( 1.000000000000000000, 0.0000000000000000000, 0.0000000000000000000 ) ) ;
#6914 = UNCERTAINTY_MEASURE_WITH_UNIT (LENGTH_MEASURE( 1.000000000000000082E-05 ), #5852, 'distance_accuracy_value', 'NONE');
#6915 = STYLED_ITEM ( 'NONE', ( #1154 ), #4361 ) ;
#6916 = CARTESIAN_POINT ( 'NONE',  ( -1.600000000000000089, 0.002500000000000000052, -0.3650000000000001577 ) ) ;
#6917 = CARTESIAN_POINT ( 'NONE',  ( -2.000000000000000000, 0.0000000000000000000, 0.3649999999999999911 ) ) ;
#6918 = AXIS2_PLACEMENT_3D ( 'NONE', #1511, #2902, #6427 ) ;
#6919 = PLANE ( 'NONE',  #183 ) ;
#6920 = ORIENTED_EDGE ( 'NONE', *, *, #3167, .T. ) ;
#6921 =( NAMED_UNIT ( * ) PLANE_ANGLE_UNIT ( ) SI_UNIT ( $, .RADIAN. ) );
#6922 = CARTESIAN_POINT ( 'NONE',  ( -0.6349999999999995648, 0.1999999999999999833, 2.000000000000000000 ) ) ;
#6923 = EDGE_CURVE ( 'NONE', #5246, #8708, #8397, .T. ) ;
#6924 = UNCERTAINTY_MEASURE_WITH_UNIT (LENGTH_MEASURE( 1.000000000000000082E-05 ), #1568, 'distance_accuracy_value', 'NONE');
#6925 =( LENGTH_UNIT ( ) NAMED_UNIT ( * ) SI_UNIT ( .MILLI., .METRE. ) );
#6926 = ORIENTED_EDGE ( 'NONE', *, *, #27, .T. ) ;
#6927 = EDGE_CURVE ( 'NONE', #5744, #4368, #8310, .T. ) ;
#6928 = SURFACE_SIDE_STYLE ('',( #8332 ) ) ;
#6929 = PRESENTATION_STYLE_ASSIGNMENT (( #9085 ) ) ;
#6930 = STYLED_ITEM ( 'NONE', ( #3273 ), #6356 ) ;
#6931 = VERTEX_POINT ( 'NONE', #5600 ) ;
#6932 = PRESENTATION_STYLE_ASSIGNMENT (( #4001 ) ) ;
#6933 = PRESENTATION_LAYER_ASSIGNMENT (  '', '', ( #8692 ) ) ;
#6934 = DIRECTION ( 'NONE',  ( -0.0000000000000000000, -1.000000000000000000, -0.0000000000000000000 ) ) ;
#6935 = FILL_AREA_STYLE ('',( #8952 ) ) ;
#6936 = ORIENTED_EDGE ( 'NONE', *, *, #974, .T. ) ;
#6937 = CARTESIAN_POINT ( 'NONE',  ( 1.365000000000000435, 0.002500000000000003088, -2.000000000000000000 ) ) ;
#6938 = SURFACE_STYLE_FILL_AREA ( #1970 ) ;
#6939 = ORIENTED_EDGE ( 'NONE', *, *, #3323, .T. ) ;
#6940 = DIRECTION ( 'NONE',  ( -0.0000000000000000000, -0.0000000000000000000, 1.000000000000000000 ) ) ;
#6941 = FILL_AREA_STYLE ('',( #7758 ) ) ;
#6942 = VECTOR ( 'NONE', #626, 1000.000000000000000 ) ;
#6943 = FILL_AREA_STYLE ('',( #4799 ) ) ;
#6944 = LINE ( 'NONE', #2636, #6995 ) ;
#6945 = VECTOR ( 'NONE', #3523, 1000.000000000000000 ) ;
#6946 = LINE ( 'NONE', #3404, #1896 ) ;
#6947 =( NAMED_UNIT ( * ) SI_UNIT ( $, .STERADIAN. ) SOLID_ANGLE_UNIT ( ) );
#6948 = ORIENTED_EDGE ( 'NONE', *, *, #1458, .T. ) ;
#6949 =( NAMED_UNIT ( * ) SI_UNIT ( $, .STERADIAN. ) SOLID_ANGLE_UNIT ( ) );
#6950 = ORIENTED_EDGE ( 'NONE', *, *, #5826, .T. ) ;
#6951 = DIRECTION ( 'NONE',  ( -1.000000000000000000, 0.0000000000000000000, 0.0000000000000000000 ) ) ;
#6952 = ORIENTED_EDGE ( 'NONE', *, *, #616, .T. ) ;
#6953 = DIRECTION ( 'NONE',  ( -1.000000000000000000, 0.0000000000000000000, -0.0000000000000000000 ) ) ;
#6954 =( NAMED_UNIT ( * ) SI_UNIT ( $, .STERADIAN. ) SOLID_ANGLE_UNIT ( ) );
#6955 = PRESENTATION_STYLE_ASSIGNMENT (( #2045 ) ) ;
#6956 = VECTOR ( 'NONE', #881, 1000.000000000000000 ) ;
#6957 = VECTOR ( 'NONE', #3480, 1000.000000000000000 ) ;
#6958 = PRESENTATION_STYLE_ASSIGNMENT (( #4251 ) ) ;
#6959 = VECTOR ( 'NONE', #6106, 1000.000000000000000 ) ;
#6960 = DIRECTION ( 'NONE',  ( -0.0000000000000000000, -1.000000000000000000, -0.0000000000000000000 ) ) ;
#6961 = DIRECTION ( 'NONE',  ( -0.0000000000000000000, -0.0000000000000000000, 1.000000000000000000 ) ) ;
#6962 = ADVANCED_FACE ( 'NONE', ( #1380 ), #485, .F. ) ;
#6963 = SURFACE_SIDE_STYLE ('',( #546 ) ) ;
#6964 = ORIENTED_EDGE ( 'NONE', *, *, #1667, .T. ) ;
#6965 = AXIS2_PLACEMENT_3D ( 'NONE', #6293, #2186, #8546 ) ;
#6966 = VECTOR ( 'NONE', #2043, 1000.000000000000000 ) ;
#6967 = EDGE_CURVE ( 'NONE', #4416, #716, #5731, .T. ) ;
#6968 = VECTOR ( 'NONE', #8154, 1000.000000000000000 ) ;
#6969 = SURFACE_SIDE_STYLE ('',( #3473 ) ) ;
#6970 =( NAMED_UNIT ( * ) SI_UNIT ( $, .STERADIAN. ) SOLID_ANGLE_UNIT ( ) );
#6971 = CARTESIAN_POINT ( 'NONE',  ( 0.8650000000000004352, 0.002500000000000015231, 2.000000000000000000 ) ) ;
#6972 = ORIENTED_EDGE ( 'NONE', *, *, #5755, .F. ) ;
#6973 = VECTOR ( 'NONE', #1757, 1000.000000000000000 ) ;
#6974 = LINE ( 'NONE', #6365, #7227 ) ;
#6975 = VECTOR ( 'NONE', #161, 1000.000000000000000 ) ;
#6976 = AXIS2_PLACEMENT_3D ( 'NONE', #5847, #1446, #5675 ) ;
#6977 = VERTEX_POINT ( 'NONE', #766 ) ;
#6978 = CARTESIAN_POINT ( 'NONE',  ( 2.001999999999999780, 0.002500000000000000052, 0.8649999999999998801 ) ) ;
#6979 = EDGE_CURVE ( 'NONE', #1943, #666, #2814, .T. ) ;
#6980 = EDGE_CURVE ( 'NONE', #3297, #1632, #7134, .T. ) ;
#6981 = PRESENTATION_LAYER_ASSIGNMENT (  '', '', ( #6682 ) ) ;
#6982 = CARTESIAN_POINT ( 'NONE',  ( -0.3649999999999996581, -1.490150555354787828E-17, 2.000000000000000000 ) ) ;
#6983 = EDGE_LOOP ( 'NONE', ( #4117, #425, #8539, #2584, #6180, #7881 ) ) ;
#6984 = FACE_OUTER_BOUND ( 'NONE', #1334, .T. ) ;
#6985 = ORIENTED_EDGE ( 'NONE', *, *, #8408, .F. ) ;
#6986 = MECHANICAL_DESIGN_GEOMETRIC_PRESENTATION_REPRESENTATION (  '', ( #5498 ), #8587 ) ;
#6987 = COLOUR_RGB ( '',1.000000000000000000, 1.000000000000000000, 1.000000000000000000 ) ;
#6988 = SURFACE_STYLE_FILL_AREA ( #8392 ) ;
#6989 = SURFACE_STYLE_FILL_AREA ( #9061 ) ;
#6990 = DIRECTION ( 'NONE',  ( 0.0000000000000000000, -1.000000000000000000, 0.0000000000000000000 ) ) ;
#6991 = ORIENTED_EDGE ( 'NONE', *, *, #4187, .F. ) ;
#6992 = CARTESIAN_POINT ( 'NONE',  ( 0.8650000000000004352, 0.2000000000000000389, 2.000000000000000000 ) ) ;
#6993 = ORIENTED_EDGE ( 'NONE', *, *, #7151, .T. ) ;
#6994 = ORIENTED_EDGE ( 'NONE', *, *, #37, .T. ) ;
#6995 = VECTOR ( 'NONE', #480, 1000.000000000000000 ) ;
#6996 = CARTESIAN_POINT ( 'NONE',  ( -0.1349999999999994815, 0.1999999999999999833, -2.000000000000000000 ) ) ;
#6997 = FACE_OUTER_BOUND ( 'NONE', #5357, .T. ) ;
#6998 = MECHANICAL_DESIGN_GEOMETRIC_PRESENTATION_REPRESENTATION (  '', ( #4772 ), #8901 ) ;
#6999 = CARTESIAN_POINT ( 'NONE',  ( -2.001999999999999780, 0.002500000000000000052, 0.8649999999999998801 ) ) ;
#7000 = VECTOR ( 'NONE', #8027, 1000.000000000000000 ) ;
#7001 = UNCERTAINTY_MEASURE_WITH_UNIT (LENGTH_MEASURE( 1.000000000000000082E-05 ), #2438, 'distance_accuracy_value', 'NONE');
#7002 = FILL_AREA_STYLE_COLOUR ( '', #9094 ) ;
#7003 = SURFACE_STYLE_FILL_AREA ( #1951 ) ;
#7004 = FILL_AREA_STYLE_COLOUR ( '', #8505 ) ;
#7005 = ORIENTED_EDGE ( 'NONE', *, *, #3510, .F. ) ;
#7006 =( NAMED_UNIT ( * ) SI_UNIT ( $, .STERADIAN. ) SOLID_ANGLE_UNIT ( ) );
#7007 = CARTESIAN_POINT ( 'NONE',  ( 0.3650000000000004352, 0.002500000000000000052, -1.600000000000000089 ) ) ;
#7008 = UNCERTAINTY_MEASURE_WITH_UNIT (LENGTH_MEASURE( 1.000000000000000082E-05 ), #7144, 'distance_accuracy_value', 'NONE');
#7009 = CARTESIAN_POINT ( 'NONE',  ( -1.134999999999999787, 0.1999999999999999833, -2.000000000000000000 ) ) ;
#7010 = FILL_AREA_STYLE ('',( #9080 ) ) ;
#7011 = UNCERTAINTY_MEASURE_WITH_UNIT (LENGTH_MEASURE( 1.000000000000000082E-05 ), #3006, 'distance_accuracy_value', 'NONE');
#7012 = VERTEX_POINT ( 'NONE', #6429 ) ;
#7013 = MECHANICAL_DESIGN_GEOMETRIC_PRESENTATION_REPRESENTATION (  '', ( #6725 ), #4787 ) ;
#7014 = DIRECTION ( 'NONE',  ( -1.000000000000000000, 0.0000000000000000000, 0.0000000000000000000 ) ) ;
#7015 = PLANE ( 'NONE',  #2008 ) ;
#7016 = SURFACE_SIDE_STYLE ('',( #507 ) ) ;
#7017 = EDGE_CURVE ( 'NONE', #3038, #2864, #5046, .T. ) ;
#7018 = VERTEX_POINT ( 'NONE', #8496 ) ;
#7019 = ADVANCED_FACE ( 'NONE', ( #1513 ), #7180, .F. ) ;
#7020 = EDGE_CURVE ( 'NONE', #5798, #8920, #8, .T. ) ;
#7021 = FILL_AREA_STYLE_COLOUR ( '', #6237 ) ;
#7022 = PLANE ( 'NONE',  #633 ) ;
#7023 = DIRECTION ( 'NONE',  ( 0.0000000000000000000, 0.0000000000000000000, -1.000000000000000000 ) ) ;
#7024 = ORIENTED_EDGE ( 'NONE', *, *, #3182, .F. ) ;
#7025 = CARTESIAN_POINT ( 'NONE',  ( 2.001999999999999780, 0.2025000000000000133, 1.135000000000000009 ) ) ;
#7026 = EDGE_CURVE ( 'NONE', #1624, #5524, #1416, .T. ) ;
#7027 = PRESENTATION_STYLE_ASSIGNMENT (( #2768 ) ) ;
#7028 = DIRECTION ( 'NONE',  ( -0.0000000000000000000, -0.0000000000000000000, 1.000000000000000000 ) ) ;
#7029 =( NAMED_UNIT ( * ) PLANE_ANGLE_UNIT ( ) SI_UNIT ( $, .RADIAN. ) );
#7030 = DIRECTION ( 'NONE',  ( 0.0000000000000000000, -1.000000000000000000, -0.0000000000000000000 ) ) ;
#7031 = ORIENTED_EDGE ( 'NONE', *, *, #1310, .T. ) ;
#7032 = FACE_OUTER_BOUND ( 'NONE', #8382, .T. ) ;
#7033 = VERTEX_POINT ( 'NONE', #2862 ) ;
#7034 =( NAMED_UNIT ( * ) SI_UNIT ( $, .STERADIAN. ) SOLID_ANGLE_UNIT ( ) );
#7035 = EDGE_CURVE ( 'NONE', #612, #7085, #2999, .T. ) ;
#7036 = CARTESIAN_POINT ( 'NONE',  ( 2.000000000000000000, 0.2025000000000000133, -0.3650000000000001577 ) ) ;
#7037 =( NAMED_UNIT ( * ) SI_UNIT ( $, .STERADIAN. ) SOLID_ANGLE_UNIT ( ) );
#7038 = DIRECTION ( 'NONE',  ( -0.0000000000000000000, -0.0000000000000000000, -1.000000000000000000 ) ) ;
#7039 = STYLED_ITEM ( 'NONE', ( #2013 ), #3964 ) ;
#7040 = VECTOR ( 'NONE', #5011, 1000.000000000000000 ) ;
#7041 = DIRECTION ( 'NONE',  ( -0.0000000000000000000, -1.000000000000000000, -0.0000000000000000000 ) ) ;
#7042 = DIRECTION ( 'NONE',  ( -0.0000000000000000000, -1.000000000000000000, -0.0000000000000000000 ) ) ;
#7043 = FACE_OUTER_BOUND ( 'NONE', #6058, .T. ) ;
#7044 = LINE ( 'NONE', #8366, #1233 ) ;
#7045 = COLOUR_RGB ( '',0.2509803921568627416, 0.2509803921568627416, 0.2509803921568627416 ) ;
#7046 = FILL_AREA_STYLE ('',( #4915 ) ) ;
#7047 = ORIENTED_EDGE ( 'NONE', *, *, #3748, .F. ) ;
#7048 = VECTOR ( 'NONE', #5732, 1000.000000000000000 ) ;
#7049 = VECTOR ( 'NONE', #2141, 1000.000000000000000 ) ;
#7050 = ORIENTED_EDGE ( 'NONE', *, *, #2782, .T. ) ;
#7051 = DIRECTION ( 'NONE',  ( 1.000000000000000000, 0.0000000000000000000, -0.0000000000000000000 ) ) ;
#7052 = SURFACE_STYLE_FILL_AREA ( #2104 ) ;
#7053 =( GEOMETRIC_REPRESENTATION_CONTEXT ( 3 ) GLOBAL_UNCERTAINTY_ASSIGNED_CONTEXT ( ( #676 ) ) GLOBAL_UNIT_ASSIGNED_CONTEXT ( ( #8488, #9057, #2764 ) ) REPRESENTATION_CONTEXT ( 'NONE', 'WORKASPACE' ) );
#7054 = STYLED_ITEM ( 'NONE', ( #8573 ), #3758 ) ;
#7055 = CARTESIAN_POINT ( 'NONE',  ( -1.134999999999999787, 0.1999999999999999556, -2.001999999999999780 ) ) ;
#7056 = PRESENTATION_LAYER_ASSIGNMENT (  '', '', ( #1577 ) ) ;
#7057 = FACE_OUTER_BOUND ( 'NONE', #7825, .T. ) ;
#7058 = EDGE_LOOP ( 'NONE', ( #2110, #777, #8486, #6712, #8680 ) ) ;
#7059 = CARTESIAN_POINT ( 'NONE',  ( -2.000000000000000000, 0.002500000000000000052, -2.000000000000000000 ) ) ;
#7060 = CARTESIAN_POINT ( 'NONE',  ( -2.000000000000000000, 0.9000000000000000222, -2.000000000000000000 ) ) ;
#7061 =( NAMED_UNIT ( * ) SI_UNIT ( $, .STERADIAN. ) SOLID_ANGLE_UNIT ( ) );
#7062 = EDGE_LOOP ( 'NONE', ( #583, #8682, #131, #7257 ) ) ;
#7063 = PLANE ( 'NONE',  #8871 ) ;
#7064 =( GEOMETRIC_REPRESENTATION_CONTEXT ( 3 ) GLOBAL_UNCERTAINTY_ASSIGNED_CONTEXT ( ( #8106 ) ) GLOBAL_UNIT_ASSIGNED_CONTEXT ( ( #5119, #7304, #1730 ) ) REPRESENTATION_CONTEXT ( 'NONE', 'WORKASPACE' ) );
#7065 = PLANE ( 'NONE',  #9195 ) ;
#7066 = DIRECTION ( 'NONE',  ( 0.0000000000000000000, 0.0000000000000000000, 1.000000000000000000 ) ) ;
#7067 =( NAMED_UNIT ( * ) PLANE_ANGLE_UNIT ( ) SI_UNIT ( $, .RADIAN. ) );
#7068 = ORIENTED_EDGE ( 'NONE', *, *, #1202, .F. ) ;
#7069 = CARTESIAN_POINT ( 'NONE',  ( -2.000000000000000000, 0.2024999999999999856, 1.364999999999999991 ) ) ;
#7070 = VECTOR ( 'NONE', #9073, 1000.000000000000000 ) ;
#7071 = CARTESIAN_POINT ( 'NONE',  ( -1.364999999999999769, 0.002499999999999952347, 2.000000000000000000 ) ) ;
#7072 = ORIENTED_EDGE ( 'NONE', *, *, #6524, .T. ) ;
#7073 = LINE ( 'NONE', #9202, #5596 ) ;
#7074 =( NAMED_UNIT ( * ) SI_UNIT ( $, .STERADIAN. ) SOLID_ANGLE_UNIT ( ) );
#7075 = EDGE_CURVE ( 'NONE', #837, #8650, #7236, .T. ) ;
#7076 = ADVANCED_FACE ( 'NONE', ( #3502 ), #4995, .F. ) ;
#7077 = LINE ( 'NONE', #5685, #299 ) ;
#7078 = EDGE_CURVE ( 'NONE', #4499, #4548, #8045, .T. ) ;
#7079 = DIRECTION ( 'NONE',  ( -0.0000000000000000000, -1.000000000000000000, -0.0000000000000000000 ) ) ;
#7080 = CARTESIAN_POINT ( 'NONE',  ( 1.600000000000000089, 0.0000000000000000000, 0.3649999999999999911 ) ) ;
#7081 = LINE ( 'NONE', #2812, #3816 ) ;
#7082 = ORIENTED_EDGE ( 'NONE', *, *, #6343, .T. ) ;
#7083 = DIRECTION ( 'NONE',  ( -0.0000000000000000000, -1.000000000000000000, -0.0000000000000000000 ) ) ;
#7084 = SURFACE_STYLE_FILL_AREA ( #8449 ) ;
#7085 = VERTEX_POINT ( 'NONE', #3042 ) ;
#7086 =( NAMED_UNIT ( * ) PLANE_ANGLE_UNIT ( ) SI_UNIT ( $, .RADIAN. ) );
#7087 = LINE ( 'NONE', #11, #7233 ) ;
#7088 = COLOUR_RGB ( '',1.000000000000000000, 1.000000000000000000, 1.000000000000000000 ) ;
#7089 = EDGE_CURVE ( 'NONE', #6931, #8566, #1664, .T. ) ;
#7090 = DIRECTION ( 'NONE',  ( 1.000000000000000000, 0.0000000000000000000, 0.0000000000000000000 ) ) ;
#7091 = VECTOR ( 'NONE', #4640, 1000.000000000000000 ) ;
#7092 = CARTESIAN_POINT ( 'NONE',  ( 2.000000000000000000, 0.2024999999999999856, 1.364999999999999991 ) ) ;
#7093 = PRESENTATION_LAYER_ASSIGNMENT (  '', '', ( #5304 ) ) ;
#7094 = SURFACE_SIDE_STYLE ('',( #675 ) ) ;
#7095 = LINE ( 'NONE', #3514, #2905 ) ;
#7096 = VERTEX_POINT ( 'NONE', #4619 ) ;
#7097 = UNCERTAINTY_MEASURE_WITH_UNIT (LENGTH_MEASURE( 1.000000000000000082E-05 ), #8563, 'distance_accuracy_value', 'NONE');
#7098 = CARTESIAN_POINT ( 'NONE',  ( -2.001999999999999780, 0.2025000000000000133, -1.135000000000000231 ) ) ;
#7099 = FILL_AREA_STYLE ('',( #7774 ) ) ;
#7100 = SURFACE_STYLE_USAGE ( .BOTH. , #4493 ) ;
#7101 = ORIENTED_EDGE ( 'NONE', *, *, #2335, .F. ) ;
#7102 =( GEOMETRIC_REPRESENTATION_CONTEXT ( 3 ) GLOBAL_UNCERTAINTY_ASSIGNED_CONTEXT ( ( #4315 ) ) GLOBAL_UNIT_ASSIGNED_CONTEXT ( ( #9156, #3549, #2175 ) ) REPRESENTATION_CONTEXT ( 'NONE', 'WORKASPACE' ) );
#7103 =( GEOMETRIC_REPRESENTATION_CONTEXT ( 3 ) GLOBAL_UNCERTAINTY_ASSIGNED_CONTEXT ( ( #3923 ) ) GLOBAL_UNIT_ASSIGNED_CONTEXT ( ( #4077, #6921, #550 ) ) REPRESENTATION_CONTEXT ( 'NONE', 'WORKASPACE' ) );
#7104 = STYLED_ITEM ( 'NONE', ( #6036 ), #265 ) ;
#7105 = UNCERTAINTY_MEASURE_WITH_UNIT (LENGTH_MEASURE( 1.000000000000000082E-05 ), #8643, 'distance_accuracy_value', 'NONE');
#7106 = FILL_AREA_STYLE ('',( #833 ) ) ;
#7107 = UNCERTAINTY_MEASURE_WITH_UNIT (LENGTH_MEASURE( 1.000000000000000082E-05 ), #6148, 'distance_accuracy_value', 'NONE');
#7108 = VECTOR ( 'NONE', #4839, 1000.000000000000000 ) ;
#7109 = PRESENTATION_STYLE_ASSIGNMENT (( #5577 ) ) ;
#7110 = ORIENTED_EDGE ( 'NONE', *, *, #5042, .T. ) ;
#7111 = LINE ( 'NONE', #1490, #4393 ) ;
#7112 = DIRECTION ( 'NONE',  ( 0.0000000000000000000, -0.0000000000000000000, 1.000000000000000000 ) ) ;
#7113 = STYLED_ITEM ( 'NONE', ( #4726 ), #1289 ) ;
#7114 = ORIENTED_EDGE ( 'NONE', *, *, #856, .F. ) ;
#7115 = VECTOR ( 'NONE', #8323, 1000.000000000000000 ) ;
#7116 = COLOUR_RGB ( '',1.000000000000000000, 1.000000000000000000, 1.000000000000000000 ) ;
#7117 = SURFACE_SIDE_STYLE ('',( #1447 ) ) ;
#7118 = STYLED_ITEM ( 'NONE', ( #301 ), #1398 ) ;
#7119 =( GEOMETRIC_REPRESENTATION_CONTEXT ( 3 ) GLOBAL_UNCERTAINTY_ASSIGNED_CONTEXT ( ( #4784 ) ) GLOBAL_UNIT_ASSIGNED_CONTEXT ( ( #2735, #2820, #7037 ) ) REPRESENTATION_CONTEXT ( 'NONE', 'WORKASPACE' ) );
#7120 = LINE ( 'NONE', #7793, #5359 ) ;
#7121 = STYLED_ITEM ( 'NONE', ( #7109 ), #8636 ) ;
#7122 = CARTESIAN_POINT ( 'NONE',  ( -0.3649999999999996581, 0.1999999999999999833, -2.001999999999999780 ) ) ;
#7123 = ORIENTED_EDGE ( 'NONE', *, *, #3740, .T. ) ;
#7124 =( GEOMETRIC_REPRESENTATION_CONTEXT ( 3 ) GLOBAL_UNCERTAINTY_ASSIGNED_CONTEXT ( ( #1533 ) ) GLOBAL_UNIT_ASSIGNED_CONTEXT ( ( #7210, #2982, #6864 ) ) REPRESENTATION_CONTEXT ( 'NONE', 'WORKASPACE' ) );
#7125 = ORIENTED_EDGE ( 'NONE', *, *, #8578, .F. ) ;
#7126 = SURFACE_STYLE_USAGE ( .BOTH. , #5500 ) ;
#7127 = STYLED_ITEM ( 'NONE', ( #2657 ), #1018 ) ;
#7128 = PRESENTATION_LAYER_ASSIGNMENT (  '', '', ( #3719 ) ) ;
#7129 = FACE_OUTER_BOUND ( 'NONE', #2378, .T. ) ;
#7130 = CARTESIAN_POINT ( 'NONE',  ( 2.000000000000000000, 0.2024999999999999856, 0.3649999999999998801 ) ) ;
#7131 = DIRECTION ( 'NONE',  ( -0.0000000000000000000, -1.000000000000000000, -0.0000000000000000000 ) ) ;
#7132 = ORIENTED_EDGE ( 'NONE', *, *, #3323, .F. ) ;
#7133 = VECTOR ( 'NONE', #8156, 1000.000000000000000 ) ;
#7134 = LINE ( 'NONE', #4948, #5183 ) ;
#7135 = CARTESIAN_POINT ( 'NONE',  ( -2.000000000000000000, 0.9000000000000000222, 2.000000000000000000 ) ) ;
#7136 = ORIENTED_EDGE ( 'NONE', *, *, #8594, .F. ) ;
#7137 = PLANE ( 'NONE',  #1825 ) ;
#7138 = EDGE_CURVE ( 'NONE', #3063, #5246, #5964, .T. ) ;
#7139 = CARTESIAN_POINT ( 'NONE',  ( -0.8649999999999995470, 0.002499999999999997450, -1.600000000000000089 ) ) ;
#7140 = PRESENTATION_LAYER_ASSIGNMENT (  '', '', ( #4618 ) ) ;
#7141 =( LENGTH_UNIT ( ) NAMED_UNIT ( * ) SI_UNIT ( .MILLI., .METRE. ) );
#7142 = DIRECTION ( 'NONE',  ( 0.0000000000000000000, 1.000000000000000000, 0.0000000000000000000 ) ) ;
#7143 = ORIENTED_EDGE ( 'NONE', *, *, #4430, .F. ) ;
#7144 =( LENGTH_UNIT ( ) NAMED_UNIT ( * ) SI_UNIT ( .MILLI., .METRE. ) );
#7145 = EDGE_CURVE ( 'NONE', #784, #1271, #8730, .T. ) ;
#7146 = EDGE_CURVE ( 'NONE', #4368, #5957, #6005, .T. ) ;
#7147 = CARTESIAN_POINT ( 'NONE',  ( 1.365000000000000435, 0.2000000000000000389, -2.001999999999999780 ) ) ;
#7148 = CARTESIAN_POINT ( 'NONE',  ( 2.001999999999999780, 0.2025000000000000133, 1.135000000000000009 ) ) ;
#7149 =( GEOMETRIC_REPRESENTATION_CONTEXT ( 3 ) GLOBAL_UNCERTAINTY_ASSIGNED_CONTEXT ( ( #3023 ) ) GLOBAL_UNIT_ASSIGNED_CONTEXT ( ( #2858, #3648, #2953 ) ) REPRESENTATION_CONTEXT ( 'NONE', 'WORKASPACE' ) );
#7150 = VERTEX_POINT ( 'NONE', #2455 ) ;
#7151 = EDGE_CURVE ( 'NONE', #390, #2409, #5234, .T. ) ;
#7152 =( LENGTH_UNIT ( ) NAMED_UNIT ( * ) SI_UNIT ( .MILLI., .METRE. ) );
#7153 = VERTEX_POINT ( 'NONE', #2496 ) ;
#7154 = MECHANICAL_DESIGN_GEOMETRIC_PRESENTATION_REPRESENTATION (  '', ( #5665 ), #2562 ) ;
#7155 = CARTESIAN_POINT ( 'NONE',  ( 0.1350000000000004530, 0.0000000000000000000, 1.600000000000000089 ) ) ;
#7156 = CARTESIAN_POINT ( 'NONE',  ( -1.134999999999999787, -4.470451666064363791E-17, 2.000000000000000000 ) ) ;
#7157 = FILL_AREA_STYLE_COLOUR ( '', #99 ) ;
#7158 = EDGE_CURVE ( 'NONE', #7491, #4762, #1706, .T. ) ;
#7159 = ORIENTED_EDGE ( 'NONE', *, *, #3439, .F. ) ;
#7160 = LINE ( 'NONE', #794, #3208 ) ;
#7161 = DIRECTION ( 'NONE',  ( 0.0000000000000000000, 0.0000000000000000000, 1.000000000000000000 ) ) ;
#7162 = PRESENTATION_LAYER_ASSIGNMENT (  '', '', ( #1964 ) ) ;
#7163 = ORIENTED_EDGE ( 'NONE', *, *, #4581, .T. ) ;
#7164 = FILL_AREA_STYLE_COLOUR ( '', #897 ) ;
#7165 = DIRECTION ( 'NONE',  ( 0.0000000000000000000, 1.000000000000000000, 0.0000000000000000000 ) ) ;
#7166 = AXIS2_PLACEMENT_3D ( 'NONE', #5657, #9027, #5616 ) ;
#7167 = STYLED_ITEM ( 'NONE', ( #8669 ), #2931 ) ;
#7168 = CARTESIAN_POINT ( 'NONE',  ( 1.600000000000000089, 0.0000000000000000000, 0.6349999999999998979 ) ) ;
#7169 = CARTESIAN_POINT ( 'NONE',  ( 1.365000000000000435, 0.2000000000000000389, 2.000000000000000000 ) ) ;
#7170 = ORIENTED_EDGE ( 'NONE', *, *, #6849, .F. ) ;
#7171 = DIRECTION ( 'NONE',  ( -0.0000000000000000000, 0.0000000000000000000, -1.000000000000000000 ) ) ;
#7172 = ORIENTED_EDGE ( 'NONE', *, *, #8992, .T. ) ;
#7173 = SURFACE_STYLE_USAGE ( .BOTH. , #5033 ) ;
#7174 = CARTESIAN_POINT ( 'NONE',  ( 1.499999999999999778, 0.8979999999999999094, -1.399999999999999911 ) ) ;
#7175 = VERTEX_POINT ( 'NONE', #4523 ) ;
#7176 = DIRECTION ( 'NONE',  ( 1.000000000000000000, 0.0000000000000000000, 0.0000000000000000000 ) ) ;
#7177 = FACE_OUTER_BOUND ( 'NONE', #6616, .T. ) ;
#7178 = FACE_OUTER_BOUND ( 'NONE', #1440, .T. ) ;
#7179 = ORIENTED_EDGE ( 'NONE', *, *, #5333, .T. ) ;
#7180 = PLANE ( 'NONE',  #2516 ) ;
#7181 = CARTESIAN_POINT ( 'NONE',  ( -2.000000000000000000, 0.0000000000000000000, -0.1350000000000000089 ) ) ;
#7182 = ORIENTED_EDGE ( 'NONE', *, *, #1753, .F. ) ;
#7183 = CARTESIAN_POINT ( 'NONE',  ( 1.600000000000000089, 0.002500000000000000052, 0.6349999999999998979 ) ) ;
#7184 = CARTESIAN_POINT ( 'NONE',  ( -0.6349999999999995648, -2.980301110709575655E-17, 2.001999999999999780 ) ) ;
#7185 = DIRECTION ( 'NONE',  ( 0.0000000000000000000, -0.0000000000000000000, 1.000000000000000000 ) ) ;
#7186 = ORIENTED_EDGE ( 'NONE', *, *, #4528, .T. ) ;
#7187 = EDGE_CURVE ( 'NONE', #4916, #3875, #5864, .T. ) ;
#7188 = SURFACE_SIDE_STYLE ('',( #4304 ) ) ;
#7189 = PLANE ( 'NONE',  #6000 ) ;
#7190 = ORIENTED_EDGE ( 'NONE', *, *, #5161, .T. ) ;
#7191 = PRESENTATION_LAYER_ASSIGNMENT (  '', '', ( #7039 ) ) ;
#7192 = SURFACE_SIDE_STYLE ('',( #6304 ) ) ;
#7193 = EDGE_CURVE ( 'NONE', #7738, #5091, #7368, .T. ) ;
#7194 = CARTESIAN_POINT ( 'NONE',  ( 1.499999999999999778, 0.9000000000000000222, -1.500000000000000000 ) ) ;
#7195 = EDGE_CURVE ( 'NONE', #2260, #8497, #2224, .T. ) ;
#7196 = PRODUCT_RELATED_PRODUCT_CATEGORY ( 'part', '', ( #165 ) ) ;
#7197 = UNCERTAINTY_MEASURE_WITH_UNIT (LENGTH_MEASURE( 1.000000000000000082E-05 ), #6482, 'distance_accuracy_value', 'NONE');
#7198 = DIRECTION ( 'NONE',  ( 0.0000000000000000000, 0.0000000000000000000, -1.000000000000000000 ) ) ;
#7199 = DIRECTION ( 'NONE',  ( -1.000000000000000000, 0.0000000000000000000, -0.0000000000000000000 ) ) ;
#7200 = EDGE_CURVE ( 'NONE', #6529, #3275, #294, .T. ) ;
#7201 = UNCERTAINTY_MEASURE_WITH_UNIT (LENGTH_MEASURE( 1.000000000000000082E-05 ), #7606, 'distance_accuracy_value', 'NONE');
#7202 =( LENGTH_UNIT ( ) NAMED_UNIT ( * ) SI_UNIT ( .MILLI., .METRE. ) );
#7203 = AXIS2_PLACEMENT_3D ( 'NONE', #7953, #732, #5146 ) ;
#7204 = ORIENTED_EDGE ( 'NONE', *, *, #7599, .F. ) ;
#7205 = CARTESIAN_POINT ( 'NONE',  ( -0.3649999999999995470, 0.002499999999999985307, 1.600000000000000089 ) ) ;
#7206 = COLOUR_RGB ( '',1.000000000000000000, 1.000000000000000000, 1.000000000000000000 ) ;
#7207 =( LENGTH_UNIT ( ) NAMED_UNIT ( * ) SI_UNIT ( .MILLI., .METRE. ) );
#7208 = CARTESIAN_POINT ( 'NONE',  ( -1.250000000000000000, 0.0005000000000000003357, -1.250000000000000000 ) ) ;
#7209 = ORIENTED_EDGE ( 'NONE', *, *, #8598, .T. ) ;
#7210 =( LENGTH_UNIT ( ) NAMED_UNIT ( * ) SI_UNIT ( .MILLI., .METRE. ) );
#7211 = MECHANICAL_DESIGN_GEOMETRIC_PRESENTATION_REPRESENTATION (  '', ( #3053 ), #2760 ) ;
#7212 = EDGE_CURVE ( 'NONE', #3029, #361, #967, .T. ) ;
#7213 = COLOUR_RGB ( '',1.000000000000000000, 1.000000000000000000, 1.000000000000000000 ) ;
#7214 = FILL_AREA_STYLE_COLOUR ( '', #5073 ) ;
#7215 =( GEOMETRIC_REPRESENTATION_CONTEXT ( 3 ) GLOBAL_UNCERTAINTY_ASSIGNED_CONTEXT ( ( #6558 ) ) GLOBAL_UNIT_ASSIGNED_CONTEXT ( ( #9063, #3454, #5598 ) ) REPRESENTATION_CONTEXT ( 'NONE', 'WORKASPACE' ) );
#7216 = EDGE_CURVE ( 'NONE', #8604, #7, #5363, .T. ) ;
#7217 = CARTESIAN_POINT ( 'NONE',  ( -1.600000000000000089, 0.002500000000000000052, 1.135000000000000009 ) ) ;
#7218 = SURFACE_STYLE_FILL_AREA ( #2849 ) ;
#7219 = EDGE_LOOP ( 'NONE', ( #116, #6654, #8541, #79 ) ) ;
#7220 = CARTESIAN_POINT ( 'NONE',  ( 2.000000000000000000, 0.0000000000000000000, 1.365000000000000213 ) ) ;
#7221 = DIRECTION ( 'NONE',  ( -1.000000000000000000, 0.0000000000000000000, 0.0000000000000000000 ) ) ;
#7222 = AXIS2_PLACEMENT_3D ( 'NONE', #4611, #1134, #3957 ) ;
#7223 = CARTESIAN_POINT ( 'NONE',  ( 2.001999999999999780, 0.002500000000000000052, -0.3650000000000001577 ) ) ;
#7224 =( GEOMETRIC_REPRESENTATION_CONTEXT ( 3 ) GLOBAL_UNCERTAINTY_ASSIGNED_CONTEXT ( ( #8191 ) ) GLOBAL_UNIT_ASSIGNED_CONTEXT ( ( #2792, #4208, #687 ) ) REPRESENTATION_CONTEXT ( 'NONE', 'WORKASPACE' ) );
#7225 = LINE ( 'NONE', #45, #995 ) ;
#7226 = ORIENTED_EDGE ( 'NONE', *, *, #7482, .T. ) ;
#7227 = VECTOR ( 'NONE', #8515, 1000.000000000000000 ) ;
#7228 = ORIENTED_EDGE ( 'NONE', *, *, #7493, .F. ) ;
#7229 = PLANE ( 'NONE',  #2666 ) ;
#7230 = CARTESIAN_POINT ( 'NONE',  ( 1.135000000000000675, 0.002500000000000003088, -1.600000000000000089 ) ) ;
#7231 =( GEOMETRIC_REPRESENTATION_CONTEXT ( 3 ) GLOBAL_UNCERTAINTY_ASSIGNED_CONTEXT ( ( #8667 ) ) GLOBAL_UNIT_ASSIGNED_CONTEXT ( ( #7641, #6124, #6164 ) ) REPRESENTATION_CONTEXT ( 'NONE', 'WORKASPACE' ) );
#7232 = PLANE ( 'NONE',  #2196 ) ;
#7233 = VECTOR ( 'NONE', #5735, 1000.000000000000000 ) ;
#7234 = CARTESIAN_POINT ( 'NONE',  ( -2.000000000000000000, 0.2025000000000000133, -0.3650000000000001577 ) ) ;
#7235 = VERTEX_POINT ( 'NONE', #3925 ) ;
#7236 = LINE ( 'NONE', #811, #1317 ) ;
#7237 = CARTESIAN_POINT ( 'NONE',  ( 2.000000000000000000, 0.002500000000000000052, -2.000000000000000000 ) ) ;
#7238 = ORIENTED_EDGE ( 'NONE', *, *, #4060, .F. ) ;
#7239 =( NAMED_UNIT ( * ) SI_UNIT ( $, .STERADIAN. ) SOLID_ANGLE_UNIT ( ) );
#7240 = SURFACE_STYLE_USAGE ( .BOTH. , #3507 ) ;
#7241 = PRESENTATION_LAYER_ASSIGNMENT (  '', '', ( #3668 ) ) ;
#7242 = SURFACE_SIDE_STYLE ('',( #4575 ) ) ;
#7243 = PLANE ( 'NONE',  #5339 ) ;
#7244 = LINE ( 'NONE', #4301, #87 ) ;
#7245 = ORIENTED_EDGE ( 'NONE', *, *, #4583, .T. ) ;
#7246 = DIRECTION ( 'NONE',  ( -0.0000000000000000000, -0.0000000000000000000, -1.000000000000000000 ) ) ;
#7247 = PRESENTATION_STYLE_ASSIGNMENT (( #4399 ) ) ;
#7248 = ORIENTED_EDGE ( 'NONE', *, *, #6866, .F. ) ;
#7249 = DIRECTION ( 'NONE',  ( -1.000000000000000000, 0.0000000000000000000, 0.0000000000000000000 ) ) ;
#7250 = ORIENTED_EDGE ( 'NONE', *, *, #7035, .F. ) ;
#7251 = SURFACE_STYLE_USAGE ( .BOTH. , #3667 ) ;
#7252 =( NAMED_UNIT ( * ) PLANE_ANGLE_UNIT ( ) SI_UNIT ( $, .RADIAN. ) );
#7253 = EDGE_LOOP ( 'NONE', ( #6494, #3581, #1353, #6305 ) ) ;
#7254 = COLOUR_RGB ( '',1.000000000000000000, 1.000000000000000000, 1.000000000000000000 ) ;
#7255 = PRESENTATION_STYLE_ASSIGNMENT (( #5844 ) ) ;
#7256 = ADVANCED_FACE ( 'NONE', ( #3888 ), #6754, .F. ) ;
#7257 = ORIENTED_EDGE ( 'NONE', *, *, #3434, .T. ) ;
#7258 = FILL_AREA_STYLE ('',( #1588 ) ) ;
#7259 = ADVANCED_FACE ( 'NONE', ( #5450 ), #8250, .F. ) ;
#7260 = VECTOR ( 'NONE', #1147, 1000.000000000000000 ) ;
#7261 = DIRECTION ( 'NONE',  ( 0.0000000000000000000, -1.000000000000000000, 0.0000000000000000000 ) ) ;
#7262 =( NAMED_UNIT ( * ) SI_UNIT ( $, .STERADIAN. ) SOLID_ANGLE_UNIT ( ) );
#7263 = LINE ( 'NONE', #7122, #2588 ) ;
#7264 = ORIENTED_EDGE ( 'NONE', *, *, #4861, .F. ) ;
#7265 = EDGE_CURVE ( 'NONE', #1637, #287, #1230, .T. ) ;
#7266 = LINE ( 'NONE', #5812, #4226 ) ;
#7267 = ORIENTED_EDGE ( 'NONE', *, *, #9099, .F. ) ;
#7268 = EDGE_CURVE ( 'NONE', #5957, #647, #3395, .T. ) ;
#7269 = VECTOR ( 'NONE', #3384, 1000.000000000000000 ) ;
#7270 = VERTEX_POINT ( 'NONE', #6888 ) ;
#7271 = EDGE_CURVE ( 'NONE', #19, #2145, #516, .T. ) ;
#7272 = DIRECTION ( 'NONE',  ( 4.065758146820642614E-16, 0.0000000000000000000, -1.000000000000000000 ) ) ;
#7273 = COLOUR_RGB ( '',1.000000000000000000, 1.000000000000000000, 1.000000000000000000 ) ;
#7274 = PRESENTATION_STYLE_ASSIGNMENT (( #150 ) ) ;
#7275 = VECTOR ( 'NONE', #3030, 1000.000000000000000 ) ;
#7276 = ORIENTED_EDGE ( 'NONE', *, *, #606, .T. ) ;
#7277 = CARTESIAN_POINT ( 'NONE',  ( 1.499999999999999778, 0.8979999999999999094, -1.500000000000000000 ) ) ;
#7278 = ORIENTED_EDGE ( 'NONE', *, *, #4172, .T. ) ;
#7279 = EDGE_CURVE ( 'NONE', #8911, #1943, #6186, .T. ) ;
#7280 = CARTESIAN_POINT ( 'NONE',  ( 2.001999999999999780, 0.2025000000000000133, -0.6350000000000001199 ) ) ;
#7281 = DIRECTION ( 'NONE',  ( -1.000000000000000000, 0.0000000000000000000, -0.0000000000000000000 ) ) ;
#7282 = CARTESIAN_POINT ( 'NONE',  ( -2.000000000000000000, 0.9000000000000000222, -2.000000000000000000 ) ) ;
#7283 = COLOUR_RGB ( '',0.2509803921568627416, 0.2509803921568627416, 0.2509803921568627416 ) ;
#7284 = VECTOR ( 'NONE', #6582, 1000.000000000000000 ) ;
#7285 = FACE_OUTER_BOUND ( 'NONE', #3191, .T. ) ;
#7286 = SURFACE_STYLE_USAGE ( .BOTH. , #1565 ) ;
#7287 = VECTOR ( 'NONE', #3485, 1000.000000000000000 ) ;
#7288 = LINE ( 'NONE', #8785, #2416 ) ;
#7289 =( NAMED_UNIT ( * ) PLANE_ANGLE_UNIT ( ) SI_UNIT ( $, .RADIAN. ) );
#7290 = VERTEX_POINT ( 'NONE', #3967 ) ;
#7291 = DIRECTION ( 'NONE',  ( 0.0000000000000000000, 1.000000000000000000, 0.0000000000000000000 ) ) ;
#7292 = DIRECTION ( 'NONE',  ( 0.0000000000000000000, -1.000000000000000000, 0.0000000000000000000 ) ) ;
#7293 = SURFACE_STYLE_FILL_AREA ( #4353 ) ;
#7294 = ORIENTED_EDGE ( 'NONE', *, *, #5933, .T. ) ;
#7295 = VECTOR ( 'NONE', #1047, 1000.000000000000000 ) ;
#7296 = DIRECTION ( 'NONE',  ( -0.0000000000000000000, -0.0000000000000000000, -1.000000000000000000 ) ) ;
#7297 = ORIENTED_EDGE ( 'NONE', *, *, #4519, .F. ) ;
#7298 = PRESENTATION_LAYER_ASSIGNMENT (  '', '', ( #8272 ) ) ;
#7299 = LINE ( 'NONE', #5288, #5477 ) ;
#7300 = UNCERTAINTY_MEASURE_WITH_UNIT (LENGTH_MEASURE( 1.000000000000000082E-05 ), #5397, 'distance_accuracy_value', 'NONE');
#7301 = DIRECTION ( 'NONE',  ( -1.000000000000000000, -0.0000000000000000000, -0.0000000000000000000 ) ) ;
#7302 =( NAMED_UNIT ( * ) SI_UNIT ( $, .STERADIAN. ) SOLID_ANGLE_UNIT ( ) );
#7303 = ORIENTED_EDGE ( 'NONE', *, *, #4420, .F. ) ;
#7304 =( NAMED_UNIT ( * ) PLANE_ANGLE_UNIT ( ) SI_UNIT ( $, .RADIAN. ) );
#7305 =( NAMED_UNIT ( * ) SI_UNIT ( $, .STERADIAN. ) SOLID_ANGLE_UNIT ( ) );
#7306 = ORIENTED_EDGE ( 'NONE', *, *, #2664, .T. ) ;
#7307 = DIRECTION ( 'NONE',  ( 0.0000000000000000000, -0.0000000000000000000, 1.000000000000000000 ) ) ;
#7308 = VECTOR ( 'NONE', #768, 1000.000000000000000 ) ;
#7309 =( GEOMETRIC_REPRESENTATION_CONTEXT ( 3 ) GLOBAL_UNCERTAINTY_ASSIGNED_CONTEXT ( ( #885 ) ) GLOBAL_UNIT_ASSIGNED_CONTEXT ( ( #912, #1701, #8816 ) ) REPRESENTATION_CONTEXT ( 'NONE', 'WORKASPACE' ) );
#7310 = FILL_AREA_STYLE_COLOUR ( '', #2408 ) ;
#7311 = UNCERTAINTY_MEASURE_WITH_UNIT (LENGTH_MEASURE( 1.000000000000000082E-05 ), #4247, 'distance_accuracy_value', 'NONE');
#7312 = AXIS2_PLACEMENT_3D ( 'NONE', #8864, #3265, #2547 ) ;
#7313 = CARTESIAN_POINT ( 'NONE',  ( -1.364999999999999769, 0.1999999999999999556, -2.001999999999999780 ) ) ;
#7314 = ORIENTED_EDGE ( 'NONE', *, *, #3182, .T. ) ;
#7315 = EDGE_CURVE ( 'NONE', #6693, #8586, #3443, .T. ) ;
#7316 = CARTESIAN_POINT ( 'NONE',  ( -2.001999999999999780, 0.002500000000000000052, -0.8650000000000001021 ) ) ;
#7317 = SURFACE_STYLE_FILL_AREA ( #3086 ) ;
#7318 = VERTEX_POINT ( 'NONE', #9052 ) ;
#7319 = ORIENTED_EDGE ( 'NONE', *, *, #2502, .T. ) ;
#7320 = DIRECTION ( 'NONE',  ( 0.0000000000000000000, -1.000000000000000000, 0.0000000000000000000 ) ) ;
#7321 = VECTOR ( 'NONE', #6184, 1000.000000000000000 ) ;
#7322 = EDGE_CURVE ( 'NONE', #8175, #4329, #2717, .T. ) ;
#7323 = DIRECTION ( 'NONE',  ( -0.0000000000000000000, -1.000000000000000000, -0.0000000000000000000 ) ) ;
#7324 = EDGE_CURVE ( 'NONE', #6839, #966, #2021, .T. ) ;
#7325 = DIRECTION ( 'NONE',  ( 1.000000000000000000, 0.0000000000000000000, 0.0000000000000000000 ) ) ;
#7326 = FILL_AREA_STYLE_COLOUR ( '', #2187 ) ;
#7327 = CARTESIAN_POINT ( 'NONE',  ( -0.3649999999999996581, 0.002499999999999998317, -2.000000000000000000 ) ) ;
#7328 = PRESENTATION_STYLE_ASSIGNMENT (( #3795 ) ) ;
#7329 = ORIENTED_EDGE ( 'NONE', *, *, #1028, .T. ) ;
#7330 = SURFACE_STYLE_USAGE ( .BOTH. , #6108 ) ;
#7331 = CARTESIAN_POINT ( 'NONE',  ( -2.000000000000000000, 0.0000000000000000000, 0.1350000000000000366 ) ) ;
#7332 = SURFACE_STYLE_FILL_AREA ( #1613 ) ;
#7333 = CARTESIAN_POINT ( 'NONE',  ( 2.000000000000000000, 0.0000000000000000000, 1.135000000000000231 ) ) ;
#7334 = ADVANCED_FACE ( 'NONE', ( #9090 ), #7497, .F. ) ;
#7335 = DIRECTION ( 'NONE',  ( -0.0000000000000000000, -0.0000000000000000000, -1.000000000000000000 ) ) ;
#7336 = ORIENTED_EDGE ( 'NONE', *, *, #432, .F. ) ;
#7337 = EDGE_CURVE ( 'NONE', #304, #5798, #2806, .T. ) ;
#7338 = DIRECTION ( 'NONE',  ( -0.0000000000000000000, -1.000000000000000000, -0.0000000000000000000 ) ) ;
#7339 = FILL_AREA_STYLE_COLOUR ( '', #2167 ) ;
#7340 = FILL_AREA_STYLE_COLOUR ( '', #9072 ) ;
#7341 = VERTEX_POINT ( 'NONE', #4980 ) ;
#7342 = LINE ( 'NONE', #7384, #4646 ) ;
#7343 = LINE ( 'NONE', #353, #7941 ) ;
#7344 = PRESENTATION_STYLE_ASSIGNMENT (( #6447 ) ) ;
#7345 = CARTESIAN_POINT ( 'NONE',  ( 2.001999999999999780, 0.002500000000000000052, -0.6350000000000001199 ) ) ;
#7346 = CARTESIAN_POINT ( 'NONE',  ( -2.001999999999999780, 0.002500000000000000052, -0.3650000000000001577 ) ) ;
#7347 = DIRECTION ( 'NONE',  ( 1.000000000000000000, 0.0000000000000000000, 0.0000000000000000000 ) ) ;
#7348 =( NAMED_UNIT ( * ) PLANE_ANGLE_UNIT ( ) SI_UNIT ( $, .RADIAN. ) );
#7349 = ORIENTED_EDGE ( 'NONE', *, *, #8188, .T. ) ;
#7350 = FACE_OUTER_BOUND ( 'NONE', #4566, .T. ) ;
#7351 =( NAMED_UNIT ( * ) SI_UNIT ( $, .STERADIAN. ) SOLID_ANGLE_UNIT ( ) );
#7352 = MECHANICAL_DESIGN_GEOMETRIC_PRESENTATION_REPRESENTATION (  '', ( #8340 ), #8365 ) ;
#7353 = MECHANICAL_DESIGN_GEOMETRIC_PRESENTATION_REPRESENTATION (  '', ( #7918 ), #4210 ) ;
#7354 = SURFACE_STYLE_FILL_AREA ( #5899 ) ;
#7355 = PLANE ( 'NONE',  #6607 ) ;
#7356 = VERTEX_POINT ( 'NONE', #9144 ) ;
#7357 =( LENGTH_UNIT ( ) NAMED_UNIT ( * ) SI_UNIT ( .MILLI., .METRE. ) );
#7358 = EDGE_LOOP ( 'NONE', ( #2844, #7024, #7693, #7735 ) ) ;
#7359 = VECTOR ( 'NONE', #7776, 1000.000000000000000 ) ;
#7360 = SURFACE_STYLE_FILL_AREA ( #3787 ) ;
#7361 = VERTEX_POINT ( 'NONE', #7069 ) ;
#7362 = MECHANICAL_DESIGN_GEOMETRIC_PRESENTATION_REPRESENTATION (  '', ( #6303 ), #227 ) ;
#7363 = PLANE ( 'NONE',  #439 ) ;
#7364 = DIRECTION ( 'NONE',  ( -2.710505431213761578E-16, 0.0000000000000000000, 1.000000000000000000 ) ) ;
#7365 = VECTOR ( 'NONE', #96, 1000.000000000000000 ) ;
#7366 = AXIS2_PLACEMENT_3D ( 'NONE', #2497, #3226, #1188 ) ;
#7367 = ORIENTED_EDGE ( 'NONE', *, *, #8759, .F. ) ;
#7368 = LINE ( 'NONE', #2363, #2950 ) ;
#7369 = VECTOR ( 'NONE', #5746, 1000.000000000000000 ) ;
#7370 =( NAMED_UNIT ( * ) SI_UNIT ( $, .STERADIAN. ) SOLID_ANGLE_UNIT ( ) );
#7371 = EDGE_LOOP ( 'NONE', ( #3407, #7678, #7276, #5981, #8352, #8173, #31, #357, #169, #3151, #3736, #3435, #9068, #4929, #6994, #3039, #438, #8555, #2467, #7319, #1743, #3360, #3429, #7179, #7573, #6991, #8988, #2510 ) ) ;
#7372 = DIRECTION ( 'NONE',  ( -0.0000000000000000000, -0.0000000000000000000, 1.000000000000000000 ) ) ;
#7373 = CARTESIAN_POINT ( 'NONE',  ( 1.600000000000000089, 0.002500000000000000052, 1.365000000000000213 ) ) ;
#7374 = EDGE_CURVE ( 'NONE', #4428, #7318, #7797, .T. ) ;
#7375 = DIRECTION ( 'NONE',  ( 0.0000000000000000000, -0.0000000000000000000, -1.000000000000000000 ) ) ;
#7376 = ORIENTED_EDGE ( 'NONE', *, *, #5160, .F. ) ;
#7377 = DIRECTION ( 'NONE',  ( -0.0000000000000000000, -0.0000000000000000000, -1.000000000000000000 ) ) ;
#7378 = CARTESIAN_POINT ( 'NONE',  ( 2.001999999999999780, 0.2025000000000000133, 0.3649999999999998801 ) ) ;
#7379 = CARTESIAN_POINT ( 'NONE',  ( -1.600000000000000089, 0.002500000000000000052, 0.1349999999999998701 ) ) ;
#7380 = VECTOR ( 'NONE', #3040, 1000.000000000000000 ) ;
#7381 = STYLED_ITEM ( 'NONE', ( #3506 ), #5543 ) ;
#7382 = ORIENTED_EDGE ( 'NONE', *, *, #8832, .F. ) ;
#7383 = ADVANCED_FACE ( 'NONE', ( #8387 ), #1451, .T. ) ;
#7384 = CARTESIAN_POINT ( 'NONE',  ( 1.135000000000000453, 2.980301110709575655E-17, 2.000000000000000000 ) ) ;
#7385 = EDGE_CURVE ( 'NONE', #120, #1601, #6421, .T. ) ;
#7386 =( GEOMETRIC_REPRESENTATION_CONTEXT ( 3 ) GLOBAL_UNCERTAINTY_ASSIGNED_CONTEXT ( ( #686 ) ) GLOBAL_UNIT_ASSIGNED_CONTEXT ( ( #3601, #4340, #712 ) ) REPRESENTATION_CONTEXT ( 'NONE', 'WORKASPACE' ) );
#7387 = UNCERTAINTY_MEASURE_WITH_UNIT (LENGTH_MEASURE( 1.000000000000000082E-05 ), #4882, 'distance_accuracy_value', 'NONE');
#7388 = CARTESIAN_POINT ( 'NONE',  ( -2.001999999999999780, 0.2025000000000000133, -0.6350000000000001199 ) ) ;
#7389 = SURFACE_STYLE_FILL_AREA ( #5889 ) ;
#7390 = PLANE ( 'NONE',  #4909 ) ;
#7391 = VECTOR ( 'NONE', #778, 1000.000000000000000 ) ;
#7392 = ORIENTED_EDGE ( 'NONE', *, *, #4698, .T. ) ;
#7393 = CARTESIAN_POINT ( 'NONE',  ( 0.6350000000000004530, 0.002500000000000001787, -1.600000000000000089 ) ) ;
#7394 = LINE ( 'NONE', #407, #7295 ) ;
#7395 = PRESENTATION_LAYER_ASSIGNMENT (  '', '', ( #4421 ) ) ;
#7396 = UNCERTAINTY_MEASURE_WITH_UNIT (LENGTH_MEASURE( 1.000000000000000082E-05 ), #6336, 'distance_accuracy_value', 'NONE');
#7397 = VECTOR ( 'NONE', #208, 1000.000000000000000 ) ;
#7398 = ORIENTED_EDGE ( 'NONE', *, *, #2341, .F. ) ;
#7399 = CARTESIAN_POINT ( 'NONE',  ( -2.001999999999999780, 0.002500000000000000052, 0.8649999999999998801 ) ) ;
#7400 = PRESENTATION_STYLE_ASSIGNMENT (( #8150 ) ) ;
#7401 = ORIENTED_EDGE ( 'NONE', *, *, #5486, .T. ) ;
#7402 = ORIENTED_EDGE ( 'NONE', *, *, #8943, .F. ) ;
#7403 = CARTESIAN_POINT ( 'NONE',  ( -2.000000000000000000, 0.002500000000000000052, 2.000000000000000000 ) ) ;
#7404 = DIRECTION ( 'NONE',  ( 0.0000000000000000000, 0.0000000000000000000, 1.000000000000000000 ) ) ;
#7405 = STYLED_ITEM ( 'NONE', ( #3472 ), #973 ) ;
#7406 = CARTESIAN_POINT ( 'NONE',  ( 1.600000000000000089, 0.0000000000000000000, -0.8650000000000001021 ) ) ;
#7407 = VERTEX_POINT ( 'NONE', #7220 ) ;
#7408 = DIRECTION ( 'NONE',  ( -0.0000000000000000000, -0.0000000000000000000, -1.000000000000000000 ) ) ;
#7409 = VECTOR ( 'NONE', #614, 1000.000000000000000 ) ;
#7410 = FACE_OUTER_BOUND ( 'NONE', #4204, .T. ) ;
#7411 = ORIENTED_EDGE ( 'NONE', *, *, #2271, .F. ) ;
#7412 = FILL_AREA_STYLE_COLOUR ( '', #7591 ) ;
#7413 = FACE_OUTER_BOUND ( 'NONE', #1140, .T. ) ;
#7414 = PRESENTATION_STYLE_ASSIGNMENT (( #5453 ) ) ;
#7415 = COLOUR_RGB ( '',1.000000000000000000, 1.000000000000000000, 1.000000000000000000 ) ;
#7416 = PRESENTATION_LAYER_ASSIGNMENT (  '', '', ( #6213 ) ) ;
#7417 = PRESENTATION_STYLE_ASSIGNMENT (( #3893 ) ) ;
#7418 = STYLED_ITEM ( 'NONE', ( #1837 ), #7808 ) ;
#7419 = FACE_OUTER_BOUND ( 'NONE', #714, .T. ) ;
#7420 = PRESENTATION_STYLE_ASSIGNMENT (( #8218 ) ) ;
#7421 = ORIENTED_EDGE ( 'NONE', *, *, #7337, .T. ) ;
#7422 = COLOUR_RGB ( '',1.000000000000000000, 1.000000000000000000, 1.000000000000000000 ) ;
#7423 = DIRECTION ( 'NONE',  ( -1.000000000000000000, -0.0000000000000000000, -0.0000000000000000000 ) ) ;
#7424 = AXIS2_PLACEMENT_3D ( 'NONE', #1931, #1113, #1977 ) ;
#7425 = LINE ( 'NONE', #1073, #1409 ) ;
#7426 = SURFACE_SIDE_STYLE ('',( #2432 ) ) ;
#7427 = EDGE_CURVE ( 'NONE', #1870, #3456, #802, .T. ) ;
#7428 = VECTOR ( 'NONE', #8431, 1000.000000000000000 ) ;
#7429 = ORIENTED_EDGE ( 'NONE', *, *, #8759, .T. ) ;
#7430 = FILL_AREA_STYLE ('',( #8095 ) ) ;
#7431 = COLOUR_RGB ( '',1.000000000000000000, 1.000000000000000000, 1.000000000000000000 ) ;
#7432 = LINE ( 'NONE', #6544, #1918 ) ;
#7433 = AXIS2_PLACEMENT_3D ( 'NONE', #8884, #6905, #7307 ) ;
#7434 = ADVANCED_FACE ( 'NONE', ( #8572 ), #2255, .T. ) ;
#7435 = EDGE_CURVE ( 'NONE', #7235, #8058, #1001, .T. ) ;
#7436 = PRESENTATION_STYLE_ASSIGNMENT (( #4597 ) ) ;
#7437 = EDGE_CURVE ( 'NONE', #2162, #2702, #3784, .T. ) ;
#7438 = PLANE ( 'NONE',  #3215 ) ;
#7439 = CARTESIAN_POINT ( 'NONE',  ( 1.365000000000000435, 0.002500000000000029976, 2.000000000000000000 ) ) ;
#7440 = PRESENTATION_LAYER_ASSIGNMENT (  '', '', ( #1658 ) ) ;
#7441 = ORIENTED_EDGE ( 'NONE', *, *, #4029, .T. ) ;
#7442 = FILL_AREA_STYLE_COLOUR ( '', #4174 ) ;
#7443 = AXIS2_PLACEMENT_3D ( 'NONE', #1867, #502, #8104 ) ;
#7444 = PRESENTATION_LAYER_ASSIGNMENT (  '', '', ( #5217 ) ) ;
#7445 = DIRECTION ( 'NONE',  ( 0.0000000000000000000, 0.0000000000000000000, 1.000000000000000000 ) ) ;
#7446 = ORIENTED_EDGE ( 'NONE', *, *, #3007, .F. ) ;
#7447 = EDGE_CURVE ( 'NONE', #4753, #753, #5221, .T. ) ;
#7448 = CARTESIAN_POINT ( 'NONE',  ( -2.001999999999999780, 0.002500000000000000052, 0.1349999999999998701 ) ) ;
#7449 = CARTESIAN_POINT ( 'NONE',  ( -2.000000000000000000, 0.9000000000000000222, -2.000000000000000000 ) ) ;
#7450 = VERTEX_POINT ( 'NONE', #5177 ) ;
#7451 =( NAMED_UNIT ( * ) SI_UNIT ( $, .STERADIAN. ) SOLID_ANGLE_UNIT ( ) );
#7452 = ORIENTED_EDGE ( 'NONE', *, *, #7817, .F. ) ;
#7453 = CARTESIAN_POINT ( 'NONE',  ( -0.8649999999999995470, 0.002499999999999997450, -1.600000000000000089 ) ) ;
#7454 = PRESENTATION_LAYER_ASSIGNMENT (  '', '', ( #2273 ) ) ;
#7455 = PRESENTATION_STYLE_ASSIGNMENT (( #1144 ) ) ;
#7456 = UNCERTAINTY_MEASURE_WITH_UNIT (LENGTH_MEASURE( 1.000000000000000082E-05 ), #1657, 'distance_accuracy_value', 'NONE');
#7457 = FILL_AREA_STYLE_COLOUR ( '', #393 ) ;
#7458 = CARTESIAN_POINT ( 'NONE',  ( -1.250000000000000000, 0.0005000000000000003357, -1.250000000000000000 ) ) ;
#7459 = ORIENTED_EDGE ( 'NONE', *, *, #7645, .F. ) ;
#7460 = LINE ( 'NONE', #3926, #368 ) ;
#7461 = VERTEX_POINT ( 'NONE', #6701 ) ;
#7462 =( LENGTH_UNIT ( ) NAMED_UNIT ( * ) SI_UNIT ( .MILLI., .METRE. ) );
#7463 = CARTESIAN_POINT ( 'NONE',  ( -2.000000000000000000, 0.9000000000000000222, -2.000000000000000000 ) ) ;
#7464 =( LENGTH_UNIT ( ) NAMED_UNIT ( * ) SI_UNIT ( .MILLI., .METRE. ) );
#7465 =( GEOMETRIC_REPRESENTATION_CONTEXT ( 3 ) GLOBAL_UNCERTAINTY_ASSIGNED_CONTEXT ( ( #8270 ) ) GLOBAL_UNIT_ASSIGNED_CONTEXT ( ( #3552, #7086, #3099 ) ) REPRESENTATION_CONTEXT ( 'NONE', 'WORKASPACE' ) );
#7466 = CARTESIAN_POINT ( 'NONE',  ( -0.8649999999999996581, -2.975525575834778034E-18, -2.000000000000000000 ) ) ;
#7467 = CARTESIAN_POINT ( 'NONE',  ( 2.001999999999999780, 0.2025000000000000133, 1.364999999999999991 ) ) ;
#7468 = CARTESIAN_POINT ( 'NONE',  ( -1.364999999999999769, 0.1999999999999999556, -2.001999999999999780 ) ) ;
#7469 = LINE ( 'NONE', #258, #1010 ) ;
#7470 =( GEOMETRIC_REPRESENTATION_CONTEXT ( 3 ) GLOBAL_UNCERTAINTY_ASSIGNED_CONTEXT ( ( #1166 ) ) GLOBAL_UNIT_ASSIGNED_CONTEXT ( ( #1038, #4956, #9174 ) ) REPRESENTATION_CONTEXT ( 'NONE', 'WORKASPACE' ) );
#7471 = ORIENTED_EDGE ( 'NONE', *, *, #3126, .F. ) ;
#7472 = FILL_AREA_STYLE_COLOUR ( '', #6495 ) ;
#7473 = FILL_AREA_STYLE_COLOUR ( '', #3185 ) ;
#7474 = ORIENTED_EDGE ( 'NONE', *, *, #6911, .T. ) ;
#7475 = DIRECTION ( 'NONE',  ( 1.000000000000000000, 0.0000000000000000000, -2.710505431213761578E-16 ) ) ;
#7476 = VERTEX_POINT ( 'NONE', #1050 ) ;
#7477 = FACE_OUTER_BOUND ( 'NONE', #8090, .T. ) ;
#7478 = VECTOR ( 'NONE', #5085, 1000.000000000000000 ) ;
#7479 = LINE ( 'NONE', #6685, #5039 ) ;
#7480 = UNCERTAINTY_MEASURE_WITH_UNIT (LENGTH_MEASURE( 1.000000000000000082E-05 ), #3288, 'distance_accuracy_value', 'NONE');
#7481 = LINE ( 'NONE', #6645, #6673 ) ;
#7482 = EDGE_CURVE ( 'NONE', #8911, #5091, #328, .T. ) ;
#7483 = EDGE_CURVE ( 'NONE', #238, #1624, #5994, .T. ) ;
#7484 = CARTESIAN_POINT ( 'NONE',  ( 2.000000000000000000, 0.0000000000000000000, 1.365000000000000213 ) ) ;
#7485 = UNCERTAINTY_MEASURE_WITH_UNIT (LENGTH_MEASURE( 1.000000000000000082E-05 ), #7781, 'distance_accuracy_value', 'NONE');
#7486 =( LENGTH_UNIT ( ) NAMED_UNIT ( * ) SI_UNIT ( .MILLI., .METRE. ) );
#7487 = ORIENTED_EDGE ( 'NONE', *, *, #3326, .F. ) ;
#7488 = LINE ( 'NONE', #2615, #1784 ) ;
#7489 = CARTESIAN_POINT ( 'NONE',  ( -0.6349999999999995648, 0.1999999999999999833, -2.001999999999999780 ) ) ;
#7490 = CARTESIAN_POINT ( 'NONE',  ( -2.000000000000000000, 0.2025000000000000133, 0.3649999999999998801 ) ) ;
#7491 = VERTEX_POINT ( 'NONE', #2402 ) ;
#7492 = ADVANCED_FACE ( 'NONE', ( #7982 ), #5257, .F. ) ;
#7493 = EDGE_CURVE ( 'NONE', #1943, #3254, #2353, .T. ) ;
#7494 = CARTESIAN_POINT ( 'NONE',  ( -1.134999999999999787, 0.1999999999999999556, 2.001999999999999780 ) ) ;
#7495 = DIRECTION ( 'NONE',  ( 0.0000000000000000000, 0.0000000000000000000, 1.000000000000000000 ) ) ;
#7496 = ORIENTED_EDGE ( 'NONE', *, *, #1808, .F. ) ;
#7497 = PLANE ( 'NONE',  #3702 ) ;
#7498 =( GEOMETRIC_REPRESENTATION_CONTEXT ( 3 ) GLOBAL_UNCERTAINTY_ASSIGNED_CONTEXT ( ( #3466 ) ) GLOBAL_UNIT_ASSIGNED_CONTEXT ( ( #2389, #1687, #3120 ) ) REPRESENTATION_CONTEXT ( 'NONE', 'WORKASPACE' ) );
#7499 = CARTESIAN_POINT ( 'NONE',  ( -1.364999999999999547, 0.002499999999999995715, -1.600000000000000089 ) ) ;
#7500 = ORIENTED_EDGE ( 'NONE', *, *, #2119, .F. ) ;
#7501 = VECTOR ( 'NONE', #5691, 1000.000000000000000 ) ;
#7502 = CARTESIAN_POINT ( 'NONE',  ( -2.000000000000000000, 0.0000000000000000000, -1.135000000000000009 ) ) ;
#7503 = CARTESIAN_POINT ( 'NONE',  ( -2.001999999999999780, 0.2025000000000000133, 0.1349999999999998701 ) ) ;
#7504 = STYLED_ITEM ( 'NONE', ( #6955 ), #4751 ) ;
#7505 = FACE_OUTER_BOUND ( 'NONE', #3034, .T. ) ;
#7506 =( LENGTH_UNIT ( ) NAMED_UNIT ( * ) SI_UNIT ( .MILLI., .METRE. ) );
#7507 = PRESENTATION_LAYER_ASSIGNMENT (  '', '', ( #8214 ) ) ;
#7508 =( GEOMETRIC_REPRESENTATION_CONTEXT ( 3 ) GLOBAL_UNCERTAINTY_ASSIGNED_CONTEXT ( ( #4410 ) ) GLOBAL_UNIT_ASSIGNED_CONTEXT ( ( #3397, #7582, #2718 ) ) REPRESENTATION_CONTEXT ( 'NONE', 'WORKASPACE' ) );
#7509 = PRESENTATION_STYLE_ASSIGNMENT (( #3975 ) ) ;
#7510 = COLOUR_RGB ( '',1.000000000000000000, 1.000000000000000000, 1.000000000000000000 ) ;
#7511 = CARTESIAN_POINT ( 'NONE',  ( -2.001999999999999780, 0.2025000000000000133, 0.8649999999999998801 ) ) ;
#7512 = STYLED_ITEM ( 'NONE', ( #6475 ), #5112 ) ;
#7513 = ORIENTED_EDGE ( 'NONE', *, *, #6051, .F. ) ;
#7514 = SURFACE_SIDE_STYLE ('',( #1026 ) ) ;
#7515 = FILL_AREA_STYLE_COLOUR ( '', #6907 ) ;
#7516 = ORIENTED_EDGE ( 'NONE', *, *, #5560, .T. ) ;
#7517 = ORIENTED_EDGE ( 'NONE', *, *, #7017, .T. ) ;
#7518 = COLOUR_RGB ( '',1.000000000000000000, 1.000000000000000000, 1.000000000000000000 ) ;
#7519 =( NAMED_UNIT ( * ) SI_UNIT ( $, .STERADIAN. ) SOLID_ANGLE_UNIT ( ) );
#7520 =( NAMED_UNIT ( * ) SI_UNIT ( $, .STERADIAN. ) SOLID_ANGLE_UNIT ( ) );
#7521 = VECTOR ( 'NONE', #6018, 1000.000000000000000 ) ;
#7522 = FACE_OUTER_BOUND ( 'NONE', #3386, .T. ) ;
#7523 = CARTESIAN_POINT ( 'NONE',  ( 2.000000000000000000, 0.002500000000000000052, 0.6349999999999998979 ) ) ;
#7524 = CARTESIAN_POINT ( 'NONE',  ( -2.000000000000000000, 0.2025000000000000133, -0.6350000000000001199 ) ) ;
#7525 = LINE ( 'NONE', #598, #2836 ) ;
#7526 = EDGE_CURVE ( 'NONE', #3156, #5449, #7610, .T. ) ;
#7527 = ORIENTED_EDGE ( 'NONE', *, *, #83, .T. ) ;
#7528 = CARTESIAN_POINT ( 'NONE',  ( -1.600000000000000089, 0.0000000000000000000, 1.135000000000000009 ) ) ;
#7529 = MECHANICAL_DESIGN_GEOMETRIC_PRESENTATION_REPRESENTATION (  '', ( #4106 ), #3365 ) ;
#7530 = EDGE_CURVE ( 'NONE', #5326, #6835, #4743, .T. ) ;
#7531 = ORIENTED_EDGE ( 'NONE', *, *, #661, .F. ) ;
#7532 = CARTESIAN_POINT ( 'NONE',  ( 0.1350000000000004530, 0.002500000000000000052, 1.600000000000000089 ) ) ;
#7533 =( LENGTH_UNIT ( ) NAMED_UNIT ( * ) SI_UNIT ( .MILLI., .METRE. ) );
#7534 = ADVANCED_FACE ( 'NONE', ( #3337 ), #2012, .F. ) ;
#7535 = SURFACE_STYLE_FILL_AREA ( #7580 ) ;
#7536 = ORIENTED_EDGE ( 'NONE', *, *, #7599, .T. ) ;
#7537 = MECHANICAL_DESIGN_GEOMETRIC_PRESENTATION_REPRESENTATION (  '', ( #5025 ), #8703 ) ;
#7538 = EDGE_LOOP ( 'NONE', ( #3733, #6007, #1962, #849 ) ) ;
#7539 = SURFACE_STYLE_FILL_AREA ( #3627 ) ;
#7540 = EDGE_CURVE ( 'NONE', #3227, #7341, #8946, .T. ) ;
#7541 = STYLED_ITEM ( 'NONE', ( #2312 ), #7076 ) ;
#7542 = COLOUR_RGB ( '',1.000000000000000000, 1.000000000000000000, 1.000000000000000000 ) ;
#7543 = DIRECTION ( 'NONE',  ( 1.000000000000000000, 0.0000000000000000000, 0.0000000000000000000 ) ) ;
#7544 = FILL_AREA_STYLE_COLOUR ( '', #9051 ) ;
#7545 = DIRECTION ( 'NONE',  ( 0.0000000000000000000, -0.0000000000000000000, -1.000000000000000000 ) ) ;
#7546 = EDGE_CURVE ( 'NONE', #5202, #2815, #7571, .T. ) ;
#7547 =( NAMED_UNIT ( * ) SI_UNIT ( $, .STERADIAN. ) SOLID_ANGLE_UNIT ( ) );
#7548 = ORIENTED_EDGE ( 'NONE', *, *, #3859, .F. ) ;
#7549 = SURFACE_STYLE_USAGE ( .BOTH. , #3313 ) ;
#7550 = ORIENTED_EDGE ( 'NONE', *, *, #216, .F. ) ;
#7551 = DIRECTION ( 'NONE',  ( 0.0000000000000000000, 0.0000000000000000000, 1.000000000000000000 ) ) ;
#7552 = CIRCLE ( 'NONE', #4879, 0.1000000000000000472 ) ;
#7553 = ORIENTED_EDGE ( 'NONE', *, *, #6002, .F. ) ;
#7554 = SURFACE_STYLE_FILL_AREA ( #5415 ) ;
#7555 = VECTOR ( 'NONE', #8149, 1000.000000000000000 ) ;
#7556 = PLANE ( 'NONE',  #2672 ) ;
#7557 =( NAMED_UNIT ( * ) PLANE_ANGLE_UNIT ( ) SI_UNIT ( $, .RADIAN. ) );
#7558 = VECTOR ( 'NONE', #5696, 1000.000000000000000 ) ;
#7559 = UNCERTAINTY_MEASURE_WITH_UNIT (LENGTH_MEASURE( 1.000000000000000082E-05 ), #591, 'distance_accuracy_value', 'NONE');
#7560 =( NAMED_UNIT ( * ) PLANE_ANGLE_UNIT ( ) SI_UNIT ( $, .RADIAN. ) );
#7561 = STYLED_ITEM ( 'NONE', ( #6932 ), #7861 ) ;
#7562 = LINE ( 'NONE', #4511, #3776 ) ;
#7563 = CARTESIAN_POINT ( 'NONE',  ( 2.000000000000000000, 0.0000000000000000000, 0.8649999999999999911 ) ) ;
#7564 = DIRECTION ( 'NONE',  ( 0.0000000000000000000, 1.000000000000000000, 0.0000000000000000000 ) ) ;
#7565 = SURFACE_SIDE_STYLE ('',( #4734 ) ) ;
#7566 =( LENGTH_UNIT ( ) NAMED_UNIT ( * ) SI_UNIT ( .MILLI., .METRE. ) );
#7567 = VECTOR ( 'NONE', #8972, 1000.000000000000000 ) ;
#7568 = FILL_AREA_STYLE ('',( #2053 ) ) ;
#7569 = COLOUR_RGB ( '',1.000000000000000000, 1.000000000000000000, 1.000000000000000000 ) ;
#7570 = ORIENTED_EDGE ( 'NONE', *, *, #6408, .F. ) ;
#7571 = LINE ( 'NONE', #2708, #2811 ) ;
#7572 = CARTESIAN_POINT ( 'NONE',  ( -1.250000000000000000, 0.0005000000000000003357, -1.250000000000000000 ) ) ;
#7573 = ORIENTED_EDGE ( 'NONE', *, *, #4474, .F. ) ;
#7574 = CARTESIAN_POINT ( 'NONE',  ( 0.3650000000000004352, 0.2000000000000000111, -2.000000000000000000 ) ) ;
#7575 = VECTOR ( 'NONE', #4782, 1000.000000000000000 ) ;
#7576 = MECHANICAL_DESIGN_GEOMETRIC_PRESENTATION_REPRESENTATION (  '', ( #6101 ), #7470 ) ;
#7577 = DIRECTION ( 'NONE',  ( 0.0000000000000000000, 0.0000000000000000000, -1.000000000000000000 ) ) ;
#7578 = EDGE_CURVE ( 'NONE', #3458, #8956, #6836, .T. ) ;
#7579 = FILL_AREA_STYLE ('',( #8159 ) ) ;
#7580 = FILL_AREA_STYLE ('',( #1269 ) ) ;
#7581 = VECTOR ( 'NONE', #5597, 1000.000000000000000 ) ;
#7582 =( NAMED_UNIT ( * ) PLANE_ANGLE_UNIT ( ) SI_UNIT ( $, .RADIAN. ) );
#7583 = ORIENTED_EDGE ( 'NONE', *, *, #8582, .F. ) ;
#7584 = FACE_OUTER_BOUND ( 'NONE', #3110, .T. ) ;
#7585 = LINE ( 'NONE', #3971, #1272 ) ;
#7586 = COLOUR_RGB ( '',1.000000000000000000, 1.000000000000000000, 1.000000000000000000 ) ;
#7587 = EDGE_CURVE ( 'NONE', #888, #5374, #7488, .T. ) ;
#7588 = DIRECTION ( 'NONE',  ( 0.0000000000000000000, -1.000000000000000000, 0.0000000000000000000 ) ) ;
#7589 = SURFACE_STYLE_USAGE ( .BOTH. , #6242 ) ;
#7590 = ORIENTED_EDGE ( 'NONE', *, *, #4486, .T. ) ;
#7591 = COLOUR_RGB ( '',1.000000000000000000, 1.000000000000000000, 1.000000000000000000 ) ;
#7592 = FACE_OUTER_BOUND ( 'NONE', #3870, .T. ) ;
#7593 = ORIENTED_EDGE ( 'NONE', *, *, #3277, .F. ) ;
#7594 = EDGE_LOOP ( 'NONE', ( #8219, #7550, #7702, #3131 ) ) ;
#7595 = SURFACE_STYLE_USAGE ( .BOTH. , #1944 ) ;
#7596 = EDGE_CURVE ( 'NONE', #4490, #4808, #5532, .T. ) ;
#7597 =( NAMED_UNIT ( * ) SI_UNIT ( $, .STERADIAN. ) SOLID_ANGLE_UNIT ( ) );
#7598 = FILL_AREA_STYLE ('',( #7638 ) ) ;
#7599 = EDGE_CURVE ( 'NONE', #6510, #6931, #8898, .T. ) ;
#7600 = PLANE ( 'NONE',  #3090 ) ;
#7601 = CARTESIAN_POINT ( 'NONE',  ( 1.600000000000000089, 0.002500000000000000052, -0.1350000000000000089 ) ) ;
#7602 =( LENGTH_UNIT ( ) NAMED_UNIT ( * ) SI_UNIT ( .MILLI., .METRE. ) );
#7603 = LINE ( 'NONE', #6873, #2383 ) ;
#7604 = AXIS2_PLACEMENT_3D ( 'NONE', #1950, #1690, #5949 ) ;
#7605 = FILL_AREA_STYLE ('',( #4647 ) ) ;
#7606 =( LENGTH_UNIT ( ) NAMED_UNIT ( * ) SI_UNIT ( .MILLI., .METRE. ) );
#7607 = PLANE ( 'NONE',  #3951 ) ;
#7608 = FILL_AREA_STYLE_COLOUR ( '', #6987 ) ;
#7609 = VERTEX_POINT ( 'NONE', #1911 ) ;
#7610 = LINE ( 'NONE', #3956, #7555 ) ;
#7611 = FILL_AREA_STYLE ('',( #506 ) ) ;
#7612 = DIRECTION ( 'NONE',  ( 0.0000000000000000000, 0.0000000000000000000, -1.000000000000000000 ) ) ;
#7613 = ORIENTED_EDGE ( 'NONE', *, *, #6757, .T. ) ;
#7614 = DIRECTION ( 'NONE',  ( 0.0000000000000000000, 0.0000000000000000000, -1.000000000000000000 ) ) ;
#7615 = CARTESIAN_POINT ( 'NONE',  ( -0.3649999999999996581, 0.1999999999999999833, -2.001999999999999780 ) ) ;
#7616 = ORIENTED_EDGE ( 'NONE', *, *, #4295, .F. ) ;
#7617 = DIRECTION ( 'NONE',  ( 0.0000000000000000000, 0.0000000000000000000, 1.000000000000000000 ) ) ;
#7618 = DIRECTION ( 'NONE',  ( 1.000000000000000000, 0.0000000000000000000, 0.0000000000000000000 ) ) ;
#7619 = LINE ( 'NONE', #9092, #5718 ) ;
#7620 = STYLED_ITEM ( 'NONE', ( #5672 ), #4017 ) ;
#7621 = DIRECTION ( 'NONE',  ( -0.0000000000000000000, -0.0000000000000000000, -1.000000000000000000 ) ) ;
#7622 = FACE_OUTER_BOUND ( 'NONE', #1349, .T. ) ;
#7623 =( NAMED_UNIT ( * ) SI_UNIT ( $, .STERADIAN. ) SOLID_ANGLE_UNIT ( ) );
#7624 = CARTESIAN_POINT ( 'NONE',  ( -1.134999999999999787, 0.002499999999999955383, 2.000000000000000000 ) ) ;
#7625 = LINE ( 'NONE', #1414, #3067 ) ;
#7626 = ORIENTED_EDGE ( 'NONE', *, *, #4016, .F. ) ;
#7627 = PRESENTATION_STYLE_ASSIGNMENT (( #7549 ) ) ;
#7628 = MECHANICAL_DESIGN_GEOMETRIC_PRESENTATION_REPRESENTATION (  '', ( #3486 ), #3806 ) ;
#7629 = EDGE_CURVE ( 'NONE', #6021, #6904, #1224, .T. ) ;
#7630 = LINE ( 'NONE', #1333, #1413 ) ;
#7631 = VERTEX_POINT ( 'NONE', #3210 ) ;
#7632 = FACE_OUTER_BOUND ( 'NONE', #3968, .T. ) ;
#7633 = ORIENTED_EDGE ( 'NONE', *, *, #5430, .F. ) ;
#7634 = EDGE_CURVE ( 'NONE', #6021, #3713, #6879, .T. ) ;
#7635 = CARTESIAN_POINT ( 'NONE',  ( 2.000000000000000000, 0.2025000000000000133, -1.135000000000000231 ) ) ;
#7636 = VECTOR ( 'NONE', #2105, 1000.000000000000000 ) ;
#7637 = PRESENTATION_LAYER_ASSIGNMENT (  '', '', ( #3199 ) ) ;
#7638 = FILL_AREA_STYLE_COLOUR ( '', #7415 ) ;
#7639 =( GEOMETRIC_REPRESENTATION_CONTEXT ( 3 ) GLOBAL_UNCERTAINTY_ASSIGNED_CONTEXT ( ( #1257 ) ) GLOBAL_UNIT_ASSIGNED_CONTEXT ( ( #4436, #3746, #6573 ) ) REPRESENTATION_CONTEXT ( 'NONE', 'WORKASPACE' ) );
#7640 = UNCERTAINTY_MEASURE_WITH_UNIT (LENGTH_MEASURE( 1.000000000000000082E-05 ), #8313, 'distance_accuracy_value', 'NONE');
#7641 =( LENGTH_UNIT ( ) NAMED_UNIT ( * ) SI_UNIT ( .MILLI., .METRE. ) );
#7642 = DIRECTION ( 'NONE',  ( 0.0000000000000000000, 0.0000000000000000000, -1.000000000000000000 ) ) ;
#7643 = UNCERTAINTY_MEASURE_WITH_UNIT (LENGTH_MEASURE( 1.000000000000000082E-05 ), #8910, 'distance_accuracy_value', 'NONE');
#7644 =( NAMED_UNIT ( * ) PLANE_ANGLE_UNIT ( ) SI_UNIT ( $, .RADIAN. ) );
#7645 = EDGE_CURVE ( 'NONE', #6232, #5823, #2576, .T. ) ;
#7646 = CARTESIAN_POINT ( 'NONE',  ( 2.001999999999999780, 0.002500000000000000052, 1.364999999999999991 ) ) ;
#7647 = STYLED_ITEM ( 'NONE', ( #1650 ), #3800 ) ;
#7648 = AXIS2_PLACEMENT_3D ( 'NONE', #889, #6689, #8613 ) ;
#7649 = LINE ( 'NONE', #2743, #8204 ) ;
#7650 = LINE ( 'NONE', #2744, #8567 ) ;
#7651 = ORIENTED_EDGE ( 'NONE', *, *, #4763, .T. ) ;
#7652 = CARTESIAN_POINT ( 'NONE',  ( -0.1349999999999995925, -1.490150555354787828E-17, 2.001999999999999780 ) ) ;
#7653 = STYLED_ITEM ( 'NONE', ( #1428 ), #6061 ) ;
#7654 = UNCERTAINTY_MEASURE_WITH_UNIT (LENGTH_MEASURE( 1.000000000000000082E-05 ), #2279, 'distance_accuracy_value', 'NONE');
#7655 = LINE ( 'NONE', #6262, #3657 ) ;
#7656 = UNCERTAINTY_MEASURE_WITH_UNIT (LENGTH_MEASURE( 1.000000000000000082E-05 ), #2115, 'distance_accuracy_value', 'NONE');
#7657 = ORIENTED_EDGE ( 'NONE', *, *, #6567, .F. ) ;
#7658 = DIRECTION ( 'NONE',  ( 0.0000000000000000000, 1.000000000000000000, 0.0000000000000000000 ) ) ;
#7659 = LINE ( 'NONE', #5441, #1124 ) ;
#7660 = LINE ( 'NONE', #4171, #8711 ) ;
#7661 = VECTOR ( 'NONE', #51, 1000.000000000000000 ) ;
#7662 = ORIENTED_EDGE ( 'NONE', *, *, #4417, .F. ) ;
#7663 = DIRECTION ( 'NONE',  ( -1.000000000000000000, 0.0000000000000000000, 0.0000000000000000000 ) ) ;
#7664 = VECTOR ( 'NONE', #8335, 1000.000000000000000 ) ;
#7665 = ORIENTED_EDGE ( 'NONE', *, *, #7026, .F. ) ;
#7666 =( NAMED_UNIT ( * ) SI_UNIT ( $, .STERADIAN. ) SOLID_ANGLE_UNIT ( ) );
#7667 = ORIENTED_EDGE ( 'NONE', *, *, #7804, .F. ) ;
#7668 = FILL_AREA_STYLE_COLOUR ( '', #3815 ) ;
#7669 = VECTOR ( 'NONE', #1122, 1000.000000000000000 ) ;
#7670 = CARTESIAN_POINT ( 'NONE',  ( 2.000000000000000000, 0.2025000000000000133, 1.364999999999999991 ) ) ;
#7671 =( NAMED_UNIT ( * ) PLANE_ANGLE_UNIT ( ) SI_UNIT ( $, .RADIAN. ) );
#7672 = DIRECTION ( 'NONE',  ( -0.0000000000000000000, -1.000000000000000000, -0.0000000000000000000 ) ) ;
#7673 = CARTESIAN_POINT ( 'NONE',  ( 2.000000000000000000, 0.2024999999999999856, 0.6350000000000001199 ) ) ;
#7674 = ORIENTED_EDGE ( 'NONE', *, *, #1474, .F. ) ;
#7675 = CARTESIAN_POINT ( 'NONE',  ( 0.1350000000000003419, 0.0000000000000000000, 2.001999999999999780 ) ) ;
#7676 = VERTEX_POINT ( 'NONE', #5353 ) ;
#7677 =( NAMED_UNIT ( * ) SI_UNIT ( $, .STERADIAN. ) SOLID_ANGLE_UNIT ( ) );
#7678 = ORIENTED_EDGE ( 'NONE', *, *, #3269, .F. ) ;
#7679 = CARTESIAN_POINT ( 'NONE',  ( 1.135000000000000675, 2.975525575834778034E-18, -1.600000000000000089 ) ) ;
#7680 = VECTOR ( 'NONE', #5030, 1000.000000000000000 ) ;
#7681 = SURFACE_STYLE_USAGE ( .BOTH. , #15 ) ;
#7682 = SURFACE_STYLE_FILL_AREA ( #2783 ) ;
#7683 = DIRECTION ( 'NONE',  ( 0.0000000000000000000, -1.000000000000000000, 0.0000000000000000000 ) ) ;
#7684 = EDGE_CURVE ( 'NONE', #138, #6467, #8290, .T. ) ;
#7685 = VECTOR ( 'NONE', #1035, 1000.000000000000000 ) ;
#7686 =( GEOMETRIC_REPRESENTATION_CONTEXT ( 3 ) GLOBAL_UNCERTAINTY_ASSIGNED_CONTEXT ( ( #2837 ) ) GLOBAL_UNIT_ASSIGNED_CONTEXT ( ( #3999, #646, #4878 ) ) REPRESENTATION_CONTEXT ( 'NONE', 'WORKASPACE' ) );
#7687 = DIRECTION ( 'NONE',  ( 0.0000000000000000000, 0.0000000000000000000, -1.000000000000000000 ) ) ;
#7688 = LINE ( 'NONE', #3373, #2581 ) ;
#7689 = MECHANICAL_DESIGN_GEOMETRIC_PRESENTATION_REPRESENTATION (  '', ( #8861 ), #6818 ) ;
#7690 = DIRECTION ( 'NONE',  ( 1.000000000000000000, 0.0000000000000000000, 0.0000000000000000000 ) ) ;
#7691 = ORIENTED_EDGE ( 'NONE', *, *, #7875, .T. ) ;
#7692 =( NAMED_UNIT ( * ) PLANE_ANGLE_UNIT ( ) SI_UNIT ( $, .RADIAN. ) );
#7693 = ORIENTED_EDGE ( 'NONE', *, *, #1246, .T. ) ;
#7694 = EDGE_CURVE ( 'NONE', #6288, #7609, #5181, .T. ) ;
#7695 = EDGE_CURVE ( 'NONE', #9082, #5535, #1653, .T. ) ;
#7696 = EDGE_CURVE ( 'NONE', #784, #5494, #3596, .T. ) ;
#7697 = VECTOR ( 'NONE', #9087, 1000.000000000000000 ) ;
#7698 =( LENGTH_UNIT ( ) NAMED_UNIT ( * ) SI_UNIT ( .MILLI., .METRE. ) );
#7699 = LINE ( 'NONE', #8420, #527 ) ;
#7700 = EDGE_CURVE ( 'NONE', #4960, #5509, #1456, .T. ) ;
#7701 = PRESENTATION_STYLE_ASSIGNMENT (( #7832 ) ) ;
#7702 = ORIENTED_EDGE ( 'NONE', *, *, #5886, .T. ) ;
#7703 = VECTOR ( 'NONE', #1555, 1000.000000000000000 ) ;
#7704 = PLANE ( 'NONE',  #7648 ) ;
#7705 = VECTOR ( 'NONE', #6384, 1000.000000000000000 ) ;
#7706 =( GEOMETRIC_REPRESENTATION_CONTEXT ( 3 ) GLOBAL_UNCERTAINTY_ASSIGNED_CONTEXT ( ( #6260 ) ) GLOBAL_UNIT_ASSIGNED_CONTEXT ( ( #1518, #59, #4444 ) ) REPRESENTATION_CONTEXT ( 'NONE', 'WORKASPACE' ) );
#7707 = VERTEX_POINT ( 'NONE', #1553 ) ;
#7708 = PRESENTATION_STYLE_ASSIGNMENT (( #5536 ) ) ;
#7709 = PRESENTATION_LAYER_ASSIGNMENT (  '', '', ( #4899 ) ) ;
#7710 = EDGE_CURVE ( 'NONE', #3727, #1732, #6468, .T. ) ;
#7711 = DIRECTION ( 'NONE',  ( 1.000000000000000000, 0.0000000000000000000, 0.0000000000000000000 ) ) ;
#7712 = LINE ( 'NONE', #89, #4758 ) ;
#7713 =( NAMED_UNIT ( * ) SI_UNIT ( $, .STERADIAN. ) SOLID_ANGLE_UNIT ( ) );
#7714 =( NAMED_UNIT ( * ) PLANE_ANGLE_UNIT ( ) SI_UNIT ( $, .RADIAN. ) );
#7715 = FILL_AREA_STYLE_COLOUR ( '', #5573 ) ;
#7716 = DIRECTION ( 'NONE',  ( 1.000000000000000000, 0.0000000000000000000, 0.0000000000000000000 ) ) ;
#7717 = DIRECTION ( 'NONE',  ( -1.000000000000000000, 0.0000000000000000000, 0.0000000000000000000 ) ) ;
#7718 = FACE_OUTER_BOUND ( 'NONE', #4267, .T. ) ;
#7719 = AXIS2_PLACEMENT_3D ( 'NONE', #5504, #1981, #2726 ) ;
#7720 = CARTESIAN_POINT ( 'NONE',  ( 2.001999999999999780, 0.2025000000000000133, 0.1349999999999998701 ) ) ;
#7721 = CARTESIAN_POINT ( 'NONE',  ( 1.600000000000000089, 0.002500000000000000052, 1.365000000000000213 ) ) ;
#7722 = ORIENTED_EDGE ( 'NONE', *, *, #432, .T. ) ;
#7723 = CARTESIAN_POINT ( 'NONE',  ( -1.600000000000000089, 0.002500000000000000052, -0.8650000000000001021 ) ) ;
#7724 = LINE ( 'NONE', #6389, #665 ) ;
#7725 = EDGE_LOOP ( 'NONE', ( #6440, #7136 ) ) ;
#7726 = SURFACE_STYLE_USAGE ( .BOTH. , #8353 ) ;
#7727 = PLANE ( 'NONE',  #1799 ) ;
#7728 =( LENGTH_UNIT ( ) NAMED_UNIT ( * ) SI_UNIT ( .MILLI., .METRE. ) );
#7729 = DIRECTION ( 'NONE',  ( -0.0000000000000000000, -1.000000000000000000, -0.0000000000000000000 ) ) ;
#7730 = MECHANICAL_DESIGN_GEOMETRIC_PRESENTATION_REPRESENTATION (  '', ( #8304 ), #9058 ) ;
#7731 =( NAMED_UNIT ( * ) SI_UNIT ( $, .STERADIAN. ) SOLID_ANGLE_UNIT ( ) );
#7732 = VECTOR ( 'NONE', #6649, 1000.000000000000000 ) ;
#7733 = UNCERTAINTY_MEASURE_WITH_UNIT (LENGTH_MEASURE( 1.000000000000000082E-05 ), #3851, 'distance_accuracy_value', 'NONE');
#7734 = LINE ( 'NONE', #677, #6265 ) ;
#7735 = ORIENTED_EDGE ( 'NONE', *, *, #4245, .T. ) ;
#7736 = COLOUR_RGB ( '',1.000000000000000000, 1.000000000000000000, 1.000000000000000000 ) ;
#7737 = DIRECTION ( 'NONE',  ( -0.0000000000000000000, -1.000000000000000000, -0.0000000000000000000 ) ) ;
#7738 = VERTEX_POINT ( 'NONE', #4278 ) ;
#7739 =( GEOMETRIC_REPRESENTATION_CONTEXT ( 3 ) GLOBAL_UNCERTAINTY_ASSIGNED_CONTEXT ( ( #4033 ) ) GLOBAL_UNIT_ASSIGNED_CONTEXT ( ( #6736, #8663, #3124 ) ) REPRESENTATION_CONTEXT ( 'NONE', 'WORKASPACE' ) );
#7740 = CARTESIAN_POINT ( 'NONE',  ( -2.000000000000000000, 0.2024999999999999856, 0.1349999999999997036 ) ) ;
#7741 = PRESENTATION_STYLE_ASSIGNMENT (( #5574 ) ) ;
#7742 = CARTESIAN_POINT ( 'NONE',  ( -1.600000000000000089, 0.002500000000000000052, 1.135000000000000009 ) ) ;
#7743 = ORIENTED_EDGE ( 'NONE', *, *, #4975, .T. ) ;
#7744 = DIRECTION ( 'NONE',  ( 1.000000000000000000, 0.0000000000000000000, 0.0000000000000000000 ) ) ;
#7745 = EDGE_CURVE ( 'NONE', #4960, #5814, #5724, .T. ) ;
#7746 = LINE ( 'NONE', #3584, #8168 ) ;
#7747 = ADVANCED_FACE ( 'NONE', ( #3644 ), #98, .T. ) ;
#7748 = ORIENTED_EDGE ( 'NONE', *, *, #1197, .T. ) ;
#7749 = SURFACE_SIDE_STYLE ('',( #36 ) ) ;
#7750 = VECTOR ( 'NONE', #1251, 1000.000000000000000 ) ;
#7751 = DIRECTION ( 'NONE',  ( -1.000000000000000000, 0.0000000000000000000, -0.0000000000000000000 ) ) ;
#7752 = DIRECTION ( 'NONE',  ( -0.0000000000000000000, -1.000000000000000000, -0.0000000000000000000 ) ) ;
#7753 = VERTEX_POINT ( 'NONE', #1099 ) ;
#7754 = SURFACE_STYLE_FILL_AREA ( #5756 ) ;
#7755 = SURFACE_STYLE_FILL_AREA ( #4937 ) ;
#7756 = ORIENTED_EDGE ( 'NONE', *, *, #788, .F. ) ;
#7757 = EDGE_CURVE ( 'NONE', #8430, #547, #3878, .T. ) ;
#7758 = FILL_AREA_STYLE_COLOUR ( '', #1136 ) ;
#7759 = CARTESIAN_POINT ( 'NONE',  ( -1.600000000000000089, 0.0000000000000000000, 0.6349999999999998979 ) ) ;
#7760 = CARTESIAN_POINT ( 'NONE',  ( -0.3649999999999995470, -1.490150555354787828E-17, 1.600000000000000089 ) ) ;
#7761 = LINE ( 'NONE', #578, #528 ) ;
#7762 = EDGE_LOOP ( 'NONE', ( #8439, #412, #2981, #7874 ) ) ;
#7763 =( NAMED_UNIT ( * ) PLANE_ANGLE_UNIT ( ) SI_UNIT ( $, .RADIAN. ) );
#7764 = ORIENTED_EDGE ( 'NONE', *, *, #4172, .F. ) ;
#7765 =( NAMED_UNIT ( * ) SI_UNIT ( $, .STERADIAN. ) SOLID_ANGLE_UNIT ( ) );
#7766 = FACE_OUTER_BOUND ( 'NONE', #97, .T. ) ;
#7767 = FILL_AREA_STYLE ('',( #4198 ) ) ;
#7768 = FILL_AREA_STYLE ('',( #4906 ) ) ;
#7769 = VECTOR ( 'NONE', #2577, 1000.000000000000000 ) ;
#7770 = VECTOR ( 'NONE', #6256, 1000.000000000000000 ) ;
#7771 = CARTESIAN_POINT ( 'NONE',  ( 0.1350000000000003419, 0.0000000000000000000, -2.000000000000000000 ) ) ;
#7772 = DIRECTION ( 'NONE',  ( -0.0000000000000000000, -0.0000000000000000000, -1.000000000000000000 ) ) ;
#7773 = PLANE ( 'NONE',  #3100 ) ;
#7774 = FILL_AREA_STYLE_COLOUR ( '', #8917 ) ;
#7775 =( GEOMETRIC_REPRESENTATION_CONTEXT ( 3 ) GLOBAL_UNCERTAINTY_ASSIGNED_CONTEXT ( ( #9119 ) ) GLOBAL_UNIT_ASSIGNED_CONTEXT ( ( #2002, #5522, #8322 ) ) REPRESENTATION_CONTEXT ( 'NONE', 'WORKASPACE' ) );
#7776 = DIRECTION ( 'NONE',  ( 2.710505431213761578E-16, 0.0000000000000000000, 1.000000000000000000 ) ) ;
#7777 = ORIENTED_EDGE ( 'NONE', *, *, #3439, .T. ) ;
#7778 = ORIENTED_EDGE ( 'NONE', *, *, #7482, .F. ) ;
#7779 = PRESENTATION_STYLE_ASSIGNMENT (( #5114 ) ) ;
#7780 = MECHANICAL_DESIGN_GEOMETRIC_PRESENTATION_REPRESENTATION (  '', ( #8214 ), #825 ) ;
#7781 =( LENGTH_UNIT ( ) NAMED_UNIT ( * ) SI_UNIT ( .MILLI., .METRE. ) );
#7782 = SURFACE_STYLE_USAGE ( .BOTH. , #2198 ) ;
#7783 = MECHANICAL_DESIGN_GEOMETRIC_PRESENTATION_REPRESENTATION (  '', ( #1577 ), #7215 ) ;
#7784 = CARTESIAN_POINT ( 'NONE',  ( 2.001999999999999780, 0.002500000000000000052, 1.364999999999999991 ) ) ;
#7785 = ORIENTED_EDGE ( 'NONE', *, *, #3742, .T. ) ;
#7786 = DIRECTION ( 'NONE',  ( -0.0000000000000000000, -0.0000000000000000000, -1.000000000000000000 ) ) ;
#7787 =( NAMED_UNIT ( * ) PLANE_ANGLE_UNIT ( ) SI_UNIT ( $, .RADIAN. ) );
#7788 =( NAMED_UNIT ( * ) PLANE_ANGLE_UNIT ( ) SI_UNIT ( $, .RADIAN. ) );
#7789 = ORIENTED_EDGE ( 'NONE', *, *, #1829, .T. ) ;
#7790 = LINE ( 'NONE', #185, #7275 ) ;
#7791 = STYLED_ITEM ( 'NONE', ( #6599 ), #5942 ) ;
#7792 = FILL_AREA_STYLE ('',( #3533 ) ) ;
#7793 = CARTESIAN_POINT ( 'NONE',  ( 1.365000000000000435, 0.2000000000000000389, 2.001999999999999780 ) ) ;
#7794 = FACE_OUTER_BOUND ( 'NONE', #3015, .T. ) ;
#7795 = ORIENTED_EDGE ( 'NONE', *, *, #6051, .T. ) ;
#7796 = EDGE_CURVE ( 'NONE', #4416, #9091, #5261, .T. ) ;
#7797 = LINE ( 'NONE', #2941, #6504 ) ;
#7798 = MECHANICAL_DESIGN_GEOMETRIC_PRESENTATION_REPRESENTATION (  '', ( #4243 ), #3491 ) ;
#7799 = CARTESIAN_POINT ( 'NONE',  ( 2.000000000000000000, 0.0000000000000000000, 0.6350000000000000089 ) ) ;
#7800 = ORIENTED_EDGE ( 'NONE', *, *, #7634, .T. ) ;
#7801 = FILL_AREA_STYLE_COLOUR ( '', #6766 ) ;
#7802 = DIRECTION ( 'NONE',  ( -0.7071067811865474617, -0.0000000000000000000, 0.7071067811865474617 ) ) ;
#7803 = COLOUR_RGB ( '',1.000000000000000000, 1.000000000000000000, 1.000000000000000000 ) ;
#7804 = EDGE_CURVE ( 'NONE', #2260, #5748, #1786, .T. ) ;
#7805 = EDGE_CURVE ( 'NONE', #5798, #8325, #3255, .T. ) ;
#7806 = LINE ( 'NONE', #4145, #1681 ) ;
#7807 = EDGE_LOOP ( 'NONE', ( #7487, #5928, #8948, #5443 ) ) ;
#7808 = ADVANCED_FACE ( 'NONE', ( #959 ), #8723, .F. ) ;
#7809 = DIRECTION ( 'NONE',  ( -1.000000000000000000, -0.0000000000000000000, -0.0000000000000000000 ) ) ;
#7810 = ORIENTED_EDGE ( 'NONE', *, *, #6397, .T. ) ;
#7811 = LINE ( 'NONE', #2865, #4630 ) ;
#7812 =( LENGTH_UNIT ( ) NAMED_UNIT ( * ) SI_UNIT ( .MILLI., .METRE. ) );
#7813 = VECTOR ( 'NONE', #4464, 1000.000000000000000 ) ;
#7814 = CARTESIAN_POINT ( 'NONE',  ( -2.001999999999999780, 0.002500000000000000052, -0.6350000000000001199 ) ) ;
#7815 = DIRECTION ( 'NONE',  ( 1.000000000000000000, 0.0000000000000000000, 0.0000000000000000000 ) ) ;
#7816 = CARTESIAN_POINT ( 'NONE',  ( -2.000000000000000000, 0.002500000000000000052, 1.135000000000000231 ) ) ;
#7817 = EDGE_CURVE ( 'NONE', #5412, #243, #5225, .T. ) ;
#7818 = FILL_AREA_STYLE ('',( #4302 ) ) ;
#7819 = VERTEX_POINT ( 'NONE', #6271 ) ;
#7820 =( NAMED_UNIT ( * ) SI_UNIT ( $, .STERADIAN. ) SOLID_ANGLE_UNIT ( ) );
#7821 = LINE ( 'NONE', #7147, #2604 ) ;
#7822 = VERTEX_POINT ( 'NONE', #465 ) ;
#7823 = VECTOR ( 'NONE', #7083, 1000.000000000000000 ) ;
#7824 = FACE_OUTER_BOUND ( 'NONE', #1482, .T. ) ;
#7825 = EDGE_LOOP ( 'NONE', ( #6405, #8132, #2876, #8724, #2805, #6939 ) ) ;
#7826 =( GEOMETRIC_REPRESENTATION_CONTEXT ( 3 ) GLOBAL_UNCERTAINTY_ASSIGNED_CONTEXT ( ( #7201 ) ) GLOBAL_UNIT_ASSIGNED_CONTEXT ( ( #7606, #4039, #2607 ) ) REPRESENTATION_CONTEXT ( 'NONE', 'WORKASPACE' ) );
#7827 = VECTOR ( 'NONE', #8754, 1000.000000000000000 ) ;
#7828 = FACE_OUTER_BOUND ( 'NONE', #2958, .T. ) ;
#7829 = DIRECTION ( 'NONE',  ( 0.0000000000000000000, 0.0000000000000000000, 1.000000000000000000 ) ) ;
#7830 = UNCERTAINTY_MEASURE_WITH_UNIT (LENGTH_MEASURE( 1.000000000000000082E-05 ), #8638, 'distance_accuracy_value', 'NONE');
#7831 =( GEOMETRIC_REPRESENTATION_CONTEXT ( 3 ) GLOBAL_UNCERTAINTY_ASSIGNED_CONTEXT ( ( #987 ) ) GLOBAL_UNIT_ASSIGNED_CONTEXT ( ( #472, #6277, #1322 ) ) REPRESENTATION_CONTEXT ( 'NONE', 'WORKASPACE' ) );
#7832 = SURFACE_STYLE_USAGE ( .BOTH. , #2151 ) ;
#7833 = VERTEX_POINT ( 'NONE', #2117 ) ;
#7834 = LINE ( 'NONE', #5749, #3658 ) ;
#7835 = COLOUR_RGB ( '',1.000000000000000000, 1.000000000000000000, 1.000000000000000000 ) ;
#7836 = ORIENTED_EDGE ( 'NONE', *, *, #3164, .F. ) ;
#7837 = MECHANICAL_DESIGN_GEOMETRIC_PRESENTATION_REPRESENTATION (  '', ( #1187 ), #6516 ) ;
#7838 =( NAMED_UNIT ( * ) SI_UNIT ( $, .STERADIAN. ) SOLID_ANGLE_UNIT ( ) );
#7839 =( GEOMETRIC_REPRESENTATION_CONTEXT ( 3 ) GLOBAL_UNCERTAINTY_ASSIGNED_CONTEXT ( ( #1535 ) ) GLOBAL_UNIT_ASSIGNED_CONTEXT ( ( #4530, #1020, #7908 ) ) REPRESENTATION_CONTEXT ( 'NONE', 'WORKASPACE' ) );
#7840 = LINE ( 'NONE', #4934, #2541 ) ;
#7841 = STYLED_ITEM ( 'NONE', ( #7701 ), #8644 ) ;
#7842 = SURFACE_SIDE_STYLE ('',( #7218 ) ) ;
#7843 = VERTEX_POINT ( 'NONE', #7574 ) ;
#7844 = DIRECTION ( 'NONE',  ( -0.0000000000000000000, -0.0000000000000000000, -1.000000000000000000 ) ) ;
#7845 = PRESENTATION_LAYER_ASSIGNMENT (  '', '', ( #290 ) ) ;
#7846 = CARTESIAN_POINT ( 'NONE',  ( 2.001999999999999780, 0.2025000000000000133, -0.8650000000000001021 ) ) ;
#7847 = ORIENTED_EDGE ( 'NONE', *, *, #325, .T. ) ;
#7848 =( NAMED_UNIT ( * ) SI_UNIT ( $, .STERADIAN. ) SOLID_ANGLE_UNIT ( ) );
#7849 = DIRECTION ( 'NONE',  ( 1.000000000000000000, -0.0000000000000000000, -0.0000000000000000000 ) ) ;
#7850 = ORIENTED_EDGE ( 'NONE', *, *, #7020, .F. ) ;
#7851 = VECTOR ( 'NONE', #7543, 1000.000000000000000 ) ;
#7852 = EDGE_CURVE ( 'NONE', #1223, #3297, #8949, .T. ) ;
#7853 = DIRECTION ( 'NONE',  ( 4.065758146820642614E-16, -0.0000000000000000000, 1.000000000000000000 ) ) ;
#7854 = FILL_AREA_STYLE_COLOUR ( '', #8839 ) ;
#7855 = PLANE ( 'NONE',  #5585 ) ;
#7856 = VERTEX_POINT ( 'NONE', #7532 ) ;
#7857 = ORIENTED_EDGE ( 'NONE', *, *, #5038, .T. ) ;
#7858 = CARTESIAN_POINT ( 'NONE',  ( 2.000000000000000000, 0.002500000000000000052, -0.8650000000000001021 ) ) ;
#7859 = CARTESIAN_POINT ( 'NONE',  ( -1.600000000000000089, 0.0000000000000000000, 0.1349999999999998701 ) ) ;
#7860 = STYLED_ITEM ( 'NONE', ( #8031 ), #8481 ) ;
#7861 = ADVANCED_FACE ( 'NONE', ( #2669 ), #4085, .T. ) ;
#7862 = EDGE_CURVE ( 'NONE', #5759, #8052, #6137, .T. ) ;
#7863 = DIRECTION ( 'NONE',  ( -1.000000000000000000, 0.0000000000000000000, -0.0000000000000000000 ) ) ;
#7864 = LINE ( 'NONE', #723, #3123 ) ;
#7865 = MECHANICAL_DESIGN_GEOMETRIC_PRESENTATION_REPRESENTATION (  '', ( #8743 ), #1809 ) ;
#7866 = ADVANCED_FACE ( 'NONE', ( #5582 ), #9138, .F. ) ;
#7867 = CARTESIAN_POINT ( 'NONE',  ( 1.365000000000000435, 0.002500000000000003088, -2.000000000000000000 ) ) ;
#7868 = DIRECTION ( 'NONE',  ( 1.000000000000000000, -0.0000000000000000000, -0.0000000000000000000 ) ) ;
#7869 = LINE ( 'NONE', #1571, #8960 ) ;
#7870 = ORIENTED_EDGE ( 'NONE', *, *, #6126, .T. ) ;
#7871 = LINE ( 'NONE', #1525, #6049 ) ;
#7872 = PLANE ( 'NONE',  #172 ) ;
#7873 = VECTOR ( 'NONE', #4847, 1000.000000000000000 ) ;
#7874 = ORIENTED_EDGE ( 'NONE', *, *, #1244, .F. ) ;
#7875 = EDGE_CURVE ( 'NONE', #8153, #6462, #3436, .T. ) ;
#7876 = ORIENTED_EDGE ( 'NONE', *, *, #6457, .T. ) ;
#7877 = EDGE_CURVE ( 'NONE', #1637, #7318, #2802, .T. ) ;
#7878 = PLANE ( 'NONE',  #4260 ) ;
#7879 = CARTESIAN_POINT ( 'NONE',  ( -2.000000000000000000, 0.9000000000000000222, 2.000000000000000000 ) ) ;
#7880 = SURFACE_SIDE_STYLE ('',( #4411 ) ) ;
#7881 = ORIENTED_EDGE ( 'NONE', *, *, #2961, .T. ) ;
#7882 = CARTESIAN_POINT ( 'NONE',  ( 2.000000000000000000, 0.002500000000000000052, 0.3649999999999999911 ) ) ;
#7883 =( GEOMETRIC_REPRESENTATION_CONTEXT ( 3 ) GLOBAL_UNCERTAINTY_ASSIGNED_CONTEXT ( ( #6822 ) ) GLOBAL_UNIT_ASSIGNED_CONTEXT ( ( #8476, #7787, #4265 ) ) REPRESENTATION_CONTEXT ( 'NONE', 'WORKASPACE' ) );
#7884 = ORIENTED_EDGE ( 'NONE', *, *, #444, .T. ) ;
#7885 = DIRECTION ( 'NONE',  ( -1.000000000000000000, 0.0000000000000000000, -0.0000000000000000000 ) ) ;
#7886 =( GEOMETRIC_REPRESENTATION_CONTEXT ( 3 ) GLOBAL_UNCERTAINTY_ASSIGNED_CONTEXT ( ( #7923 ) ) GLOBAL_UNIT_ASSIGNED_CONTEXT ( ( #338, #6711, #8819 ) ) REPRESENTATION_CONTEXT ( 'NONE', 'WORKASPACE' ) );
#7887 = SURFACE_STYLE_FILL_AREA ( #3682 ) ;
#7888 = DIRECTION ( 'NONE',  ( 0.0000000000000000000, -0.0000000000000000000, 1.000000000000000000 ) ) ;
#7889 = VERTEX_POINT ( 'NONE', #841 ) ;
#7890 = FILL_AREA_STYLE_COLOUR ( '', #276 ) ;
#7891 = PLANE ( 'NONE',  #4983 ) ;
#7892 = ORIENTED_EDGE ( 'NONE', *, *, #139, .F. ) ;
#7893 = DIRECTION ( 'NONE',  ( -1.000000000000000000, 0.0000000000000000000, 0.0000000000000000000 ) ) ;
#7894 = LINE ( 'NONE', #5090, #6167 ) ;
#7895 = ORIENTED_EDGE ( 'NONE', *, *, #365, .F. ) ;
#7896 = SURFACE_STYLE_FILL_AREA ( #5092 ) ;
#7897 = LINE ( 'NONE', #8725, #1938 ) ;
#7898 = DIRECTION ( 'NONE',  ( -0.0000000000000000000, -1.000000000000000000, -0.0000000000000000000 ) ) ;
#7899 = CARTESIAN_POINT ( 'NONE',  ( 0.6350000000000004530, 1.487762787917389017E-18, -1.600000000000000089 ) ) ;
#7900 = FILL_AREA_STYLE ('',( #2265 ) ) ;
#7901 = DIRECTION ( 'NONE',  ( -0.0000000000000000000, -1.000000000000000000, -0.0000000000000000000 ) ) ;
#7902 = ORIENTED_EDGE ( 'NONE', *, *, #3219, .T. ) ;
#7903 = DIRECTION ( 'NONE',  ( 0.0000000000000000000, 1.000000000000000000, 0.0000000000000000000 ) ) ;
#7904 = PLANE ( 'NONE',  #6615 ) ;
#7905 = ORIENTED_EDGE ( 'NONE', *, *, #4574, .T. ) ;
#7906 = FILL_AREA_STYLE_COLOUR ( '', #1960 ) ;
#7907 = FACE_OUTER_BOUND ( 'NONE', #7253, .T. ) ;
#7908 =( NAMED_UNIT ( * ) SI_UNIT ( $, .STERADIAN. ) SOLID_ANGLE_UNIT ( ) );
#7909 = FACE_OUTER_BOUND ( 'NONE', #2801, .T. ) ;
#7910 = CARTESIAN_POINT ( 'NONE',  ( -0.6349999999999995648, 0.1999999999999999833, -2.000000000000000000 ) ) ;
#7911 = DIRECTION ( 'NONE',  ( 0.0000000000000000000, 0.0000000000000000000, 1.000000000000000000 ) ) ;
#7912 = ORIENTED_EDGE ( 'NONE', *, *, #4221, .F. ) ;
#7913 = SURFACE_STYLE_USAGE ( .BOTH. , #1680 ) ;
#7914 = CARTESIAN_POINT ( 'NONE',  ( 1.600000000000000089, 0.002500000000000000052, 0.6349999999999998979 ) ) ;
#7915 = ADVANCED_FACE ( 'NONE', ( #2885 ), #8618, .F. ) ;
#7916 = ORIENTED_EDGE ( 'NONE', *, *, #2556, .F. ) ;
#7917 = COLOUR_RGB ( '',1.000000000000000000, 1.000000000000000000, 1.000000000000000000 ) ;
#7918 = STYLED_ITEM ( 'NONE', ( #2376 ), #3231 ) ;
#7919 = ORIENTED_EDGE ( 'NONE', *, *, #3865, .T. ) ;
#7920 = EDGE_CURVE ( 'NONE', #5399, #2293, #7790, .T. ) ;
#7921 = SURFACE_STYLE_FILL_AREA ( #7106 ) ;
#7922 = ADVANCED_FACE ( 'NONE', ( #696 ), #7063, .F. ) ;
#7923 = UNCERTAINTY_MEASURE_WITH_UNIT (LENGTH_MEASURE( 1.000000000000000082E-05 ), #338, 'distance_accuracy_value', 'NONE');
#7924 = COLOUR_RGB ( '',1.000000000000000000, 1.000000000000000000, 1.000000000000000000 ) ;
#7925 = DIRECTION ( 'NONE',  ( -0.0000000000000000000, -0.0000000000000000000, -1.000000000000000000 ) ) ;
#7926 = EDGE_LOOP ( 'NONE', ( #4621, #1531, #5723, #3593 ) ) ;
#7927 = ADVANCED_FACE ( 'NONE', ( #6369 ), #9194, .F. ) ;
#7928 = DIRECTION ( 'NONE',  ( 1.000000000000000000, 0.0000000000000000000, 0.0000000000000000000 ) ) ;
#7929 =( NAMED_UNIT ( * ) SI_UNIT ( $, .STERADIAN. ) SOLID_ANGLE_UNIT ( ) );
#7930 = SURFACE_SIDE_STYLE ('',( #2297 ) ) ;
#7931 = VERTEX_POINT ( 'NONE', #8709 ) ;
#7932 = VECTOR ( 'NONE', #3447, 1000.000000000000000 ) ;
#7933 = VECTOR ( 'NONE', #2987, 1000.000000000000000 ) ;
#7934 = PRESENTATION_LAYER_ASSIGNMENT (  '', '', ( #1875 ) ) ;
#7935 = UNCERTAINTY_MEASURE_WITH_UNIT (LENGTH_MEASURE( 1.000000000000000082E-05 ), #5289, 'distance_accuracy_value', 'NONE');
#7936 = ADVANCED_FACE ( 'NONE', ( #6774, #443 ), #1639, .T. ) ;
#7937 =( LENGTH_UNIT ( ) NAMED_UNIT ( * ) SI_UNIT ( .MILLI., .METRE. ) );
#7938 = ORIENTED_EDGE ( 'NONE', *, *, #984, .T. ) ;
#7939 = FILL_AREA_STYLE_COLOUR ( '', #5479 ) ;
#7940 = ORIENTED_EDGE ( 'NONE', *, *, #5601, .F. ) ;
#7941 = VECTOR ( 'NONE', #3196, 1000.000000000000000 ) ;
#7942 = EDGE_LOOP ( 'NONE', ( #839, #5856, #6858, #3832 ) ) ;
#7943 = EDGE_LOOP ( 'NONE', ( #5846, #2240, #4803, #2686 ) ) ;
#7944 =( NAMED_UNIT ( * ) PLANE_ANGLE_UNIT ( ) SI_UNIT ( $, .RADIAN. ) );
#7945 = FACE_OUTER_BOUND ( 'NONE', #8571, .T. ) ;
#7946 = CARTESIAN_POINT ( 'NONE',  ( 0.3650000000000004352, 0.0000000000000000000, 1.600000000000000089 ) ) ;
#7947 = MECHANICAL_DESIGN_GEOMETRIC_PRESENTATION_REPRESENTATION (  '', ( #4841 ), #2042 ) ;
#7948 = FILL_AREA_STYLE ('',( #6525 ) ) ;
#7949 = ORIENTED_EDGE ( 'NONE', *, *, #1636, .F. ) ;
#7950 = DIRECTION ( 'NONE',  ( 0.0000000000000000000, -1.000000000000000000, 0.0000000000000000000 ) ) ;
#7951 = ORIENTED_EDGE ( 'NONE', *, *, #2396, .T. ) ;
#7952 = CARTESIAN_POINT ( 'NONE',  ( -1.600000000000000089, 0.0000000000000000000, 1.135000000000000009 ) ) ;
#7953 = CARTESIAN_POINT ( 'NONE',  ( -0.8649999999999996581, 0.002499999999999997450, -2.000000000000000000 ) ) ;
#7954 = FILL_AREA_STYLE_COLOUR ( '', #5934 ) ;
#7955 = VECTOR ( 'NONE', #8217, 1000.000000000000000 ) ;
#7956 = FILL_AREA_STYLE_COLOUR ( '', #6087 ) ;
#7957 = SURFACE_STYLE_FILL_AREA ( #976 ) ;
#7958 = DIRECTION ( 'NONE',  ( 1.000000000000000000, -0.0000000000000000000, -0.0000000000000000000 ) ) ;
#7959 =( LENGTH_UNIT ( ) NAMED_UNIT ( * ) SI_UNIT ( .MILLI., .METRE. ) );
#7960 = ORIENTED_EDGE ( 'NONE', *, *, #7852, .T. ) ;
#7961 = DIRECTION ( 'NONE',  ( 0.0000000000000000000, 1.000000000000000000, 0.0000000000000000000 ) ) ;
#7962 = CARTESIAN_POINT ( 'NONE',  ( -0.1349999999999995925, 0.1999999999999999833, 2.001999999999999780 ) ) ;
#7963 = DIRECTION ( 'NONE',  ( -0.0000000000000000000, -0.0000000000000000000, -1.000000000000000000 ) ) ;
#7964 = VERTEX_POINT ( 'NONE', #5379 ) ;
#7965 = PRESENTATION_STYLE_ASSIGNMENT (( #1077 ) ) ;
#7966 = STYLED_ITEM ( 'NONE', ( #1760 ), #6793 ) ;
#7967 = DIRECTION ( 'NONE',  ( -0.0000000000000000000, -0.0000000000000000000, -1.000000000000000000 ) ) ;
#7968 = EDGE_CURVE ( 'NONE', #6357, #25, #230, .T. ) ;
#7969 = PRESENTATION_STYLE_ASSIGNMENT (( #7251 ) ) ;
#7970 = CARTESIAN_POINT ( 'NONE',  ( -2.001999999999999780, 0.2025000000000000133, -1.365000000000000213 ) ) ;
#7971 = CLOSED_SHELL ( 'NONE', ( #6341, #4280, #4600, #8698, #2217, #6586, #7259, #3059, #6470, #3964, #4703, #4751, #20, #8481, #719, #6962, #9172, #4475, #7936, #8882, #1542, #5499, #6061, #2156, #734, #2394, #3495, #6165, #2840, #4120, #4020, #8468, #1814, #2788, #277, #1018, #5556, #7927, #4232, #540, #5766, #720, #5544, #6862, #2779, #4136, #1833, #1289, #3571, #7915, #8644, #8770, #7256, #94, #4917, #4065, #901, #7492, #4361, #4931, #3734, #3389, #332, #7922, #6515, #8867, #3801, #8712, #2518, #4641, #5112, #7747, #6273, #8636, #5941, #5664, #3688, #3446, #2286, #6222, #435, #1398, #2621, #3920, #5058, #1816, #2937, #660, #8925, #1139, #8887, #7076, #9115, #2991, #3049, #6793, #6411, #1865, #2877, #8537, #5942, #1133, #1236, #8645, #6687, #1401, #8522, #6745, #5121, #2501, #6356, #1864, #6633, #86, #973, #5781, #4294, #5943, #1922, #3623, #3758, #1406, #2931, #4709, #7019, #3289, #8544, #8991, #487, #4118, #265, #4658, #1591, #146, #2716, #8309, #2565, #3333, #2092, #5827, #9109, #388, #2728, #6698, #2790, #5992, #6737, #3800, #5997, #4017, #7991, #9047, #149, #1655, #2490, #3231, #5771, #5677, #7383, #8296, #4875, #8702, #1351, #2665, #2887, #1912, #4976, #39, #1363, #4985, #963, #4695, #4133, #2103, #5875, #5054, #2680, #2210, #8243, #7861, #4977, #7434, #900, #7866, #5676, #8821, #1517, #6744, #7808, #6805, #5543, #8699, #1364, #3377, #1303, #5381, #3550, #8933, #7534, #5507, #1717, #203, #5654, #7334, #4690, #8373, #3564 ) ) ;
#7972 = ORIENTED_EDGE ( 'NONE', *, *, #3632, .T. ) ;
#7973 = AXIS2_PLACEMENT_3D ( 'NONE', #7277, #6665, #1108 ) ;
#7974 = LINE ( 'NONE', #545, #4590 ) ;
#7975 = ORIENTED_EDGE ( 'NONE', *, *, #2452, .T. ) ;
#7976 = EDGE_CURVE ( 'NONE', #2293, #9143, #5170, .T. ) ;
#7977 = PRESENTATION_STYLE_ASSIGNMENT (( #5467 ) ) ;
#7978 = MECHANICAL_DESIGN_GEOMETRIC_PRESENTATION_REPRESENTATION (  '', ( #8116 ), #877 ) ;
#7979 =( LENGTH_UNIT ( ) NAMED_UNIT ( * ) SI_UNIT ( .MILLI., .METRE. ) );
#7980 = ORIENTED_EDGE ( 'NONE', *, *, #2954, .F. ) ;
#7981 = VECTOR ( 'NONE', #5205, 1000.000000000000000 ) ;
#7982 = FACE_OUTER_BOUND ( 'NONE', #8755, .T. ) ;
#7983 = CARTESIAN_POINT ( 'NONE',  ( -0.8649999999999996581, -2.980301110709575655E-17, 2.000000000000000000 ) ) ;
#7984 = VECTOR ( 'NONE', #4126, 1000.000000000000000 ) ;
#7985 = ORIENTED_EDGE ( 'NONE', *, *, #2611, .F. ) ;
#7986 = CARTESIAN_POINT ( 'NONE',  ( -0.3649999999999996581, -1.487762787917389017E-18, -2.000000000000000000 ) ) ;
#7987 = EDGE_CURVE ( 'NONE', #8634, #6476, #4675, .T. ) ;
#7988 = EDGE_LOOP ( 'NONE', ( #2069, #5070, #5295, #4471, #7876, #4401 ) ) ;
#7989 = FILL_AREA_STYLE_COLOUR ( '', #6203 ) ;
#7990 = AXIS2_PLACEMENT_3D ( 'NONE', #4109, #1120, #6820 ) ;
#7991 = ADVANCED_FACE ( 'NONE', ( #1164 ), #6198, .T. ) ;
#7992 = VECTOR ( 'NONE', #5274, 1000.000000000000000 ) ;
#7993 = DIRECTION ( 'NONE',  ( 0.0000000000000000000, 0.0000000000000000000, 1.000000000000000000 ) ) ;
#7994 = SURFACE_STYLE_FILL_AREA ( #5306 ) ;
#7995 =( LENGTH_UNIT ( ) NAMED_UNIT ( * ) SI_UNIT ( .MILLI., .METRE. ) );
#7996 = CARTESIAN_POINT ( 'NONE',  ( -2.001999999999999780, 0.002500000000000000052, -1.135000000000000231 ) ) ;
#7997 = ORIENTED_EDGE ( 'NONE', *, *, #2662, .F. ) ;
#7998 =( LENGTH_UNIT ( ) NAMED_UNIT ( * ) SI_UNIT ( .MILLI., .METRE. ) );
#7999 = ORIENTED_EDGE ( 'NONE', *, *, #1458, .F. ) ;
#8000 = CARTESIAN_POINT ( 'NONE',  ( -1.250000000000000000, 0.0005000000000000003357, -1.250000000000000000 ) ) ;
#8001 = STYLED_ITEM ( 'NONE', ( #8260 ), #1517 ) ;
#8002 = DIRECTION ( 'NONE',  ( 1.000000000000000000, 0.0000000000000000000, 0.0000000000000000000 ) ) ;
#8003 =( GEOMETRIC_REPRESENTATION_CONTEXT ( 3 ) GLOBAL_UNCERTAINTY_ASSIGNED_CONTEXT ( ( #599 ) ) GLOBAL_UNIT_ASSIGNED_CONTEXT ( ( #5517, #3411, #13 ) ) REPRESENTATION_CONTEXT ( 'NONE', 'WORKASPACE' ) );
#8004 = PLANE ( 'NONE',  #7424 ) ;
#8005 = DIRECTION ( 'NONE',  ( 0.0000000000000000000, 0.0000000000000000000, 1.000000000000000000 ) ) ;
#8006 = PRESENTATION_LAYER_ASSIGNMENT (  '', '', ( #5498 ) ) ;
#8007 = LINE ( 'NONE', #5277, #2263 ) ;
#8008 = CARTESIAN_POINT ( 'NONE',  ( 0.6350000000000004530, 1.490150555354787828E-17, 1.600000000000000089 ) ) ;
#8009 = DIRECTION ( 'NONE',  ( -1.000000000000000000, 0.0000000000000000000, 0.0000000000000000000 ) ) ;
#8010 = ORIENTED_EDGE ( 'NONE', *, *, #3118, .F. ) ;
#8011 = CARTESIAN_POINT ( 'NONE',  ( 1.600000000000000089, 0.002500000000000000052, 0.3649999999999999911 ) ) ;
#8012 = CARTESIAN_POINT ( 'NONE',  ( -2.000000000000000000, 0.2025000000000000133, -1.365000000000000213 ) ) ;
#8013 = SURFACE_SIDE_STYLE ('',( #876 ) ) ;
#8014 = EDGE_LOOP ( 'NONE', ( #1100, #7985, #2194, #9066, #6540, #5365 ) ) ;
#8015 = CARTESIAN_POINT ( 'NONE',  ( 2.001999999999999780, 0.2025000000000000133, -0.8650000000000001021 ) ) ;
#8016 = AXIS2_PLACEMENT_3D ( 'NONE', #6449, #6035, #1123 ) ;
#8017 = UNCERTAINTY_MEASURE_WITH_UNIT (LENGTH_MEASURE( 1.000000000000000082E-05 ), #2031, 'distance_accuracy_value', 'NONE');
#8018 = SURFACE_SIDE_STYLE ('',( #8139 ) ) ;
#8019 = CARTESIAN_POINT ( 'NONE',  ( 1.135000000000000675, 0.002500000000000029976, 1.600000000000000089 ) ) ;
#8020 = STYLED_ITEM ( 'NONE', ( #4284 ), #2394 ) ;
#8021 = UNCERTAINTY_MEASURE_WITH_UNIT (LENGTH_MEASURE( 1.000000000000000082E-05 ), #4900, 'distance_accuracy_value', 'NONE');
#8022 =( LENGTH_UNIT ( ) NAMED_UNIT ( * ) SI_UNIT ( .MILLI., .METRE. ) );
#8023 = FILL_AREA_STYLE ('',( #5210 ) ) ;
#8024 = PRESENTATION_STYLE_ASSIGNMENT (( #1125 ) ) ;
#8025 = ORIENTED_EDGE ( 'NONE', *, *, #8072, .T. ) ;
#8026 = MECHANICAL_DESIGN_GEOMETRIC_PRESENTATION_REPRESENTATION (  '', ( #8157 ), #4031 ) ;
#8027 = DIRECTION ( 'NONE',  ( -0.0000000000000000000, -0.0000000000000000000, -1.000000000000000000 ) ) ;
#8028 = VECTOR ( 'NONE', #6284, 1000.000000000000000 ) ;
#8029 = UNCERTAINTY_MEASURE_WITH_UNIT (LENGTH_MEASURE( 1.000000000000000082E-05 ), #1534, 'distance_accuracy_value', 'NONE');
#8030 = VECTOR ( 'NONE', #6452, 1000.000000000000000 ) ;
#8031 = PRESENTATION_STYLE_ASSIGNMENT (( #999 ) ) ;
#8032 = PLANE ( 'NONE',  #7604 ) ;
#8033 = ORIENTED_EDGE ( 'NONE', *, *, #3169, .T. ) ;
#8034 = VECTOR ( 'NONE', #8757, 1000.000000000000000 ) ;
#8035 = CARTESIAN_POINT ( 'NONE',  ( 0.8650000000000004352, 0.002500000000000015231, 2.000000000000000000 ) ) ;
#8036 = SURFACE_SIDE_STYLE ('',( #7317 ) ) ;
#8037 = ORIENTED_EDGE ( 'NONE', *, *, #1980, .F. ) ;
#8038 = VERTEX_POINT ( 'NONE', #1470 ) ;
#8039 = VECTOR ( 'NONE', #5962, 1000.000000000000000 ) ;
#8040 = CARTESIAN_POINT ( 'NONE',  ( 2.000000000000000000, 0.2025000000000000133, -0.8650000000000001021 ) ) ;
#8041 = PLANE ( 'NONE',  #2433 ) ;
#8042 = DIRECTION ( 'NONE',  ( -0.0000000000000000000, -1.000000000000000000, -0.0000000000000000000 ) ) ;
#8043 = PRESENTATION_STYLE_ASSIGNMENT (( #6103 ) ) ;
#8044 = ORIENTED_EDGE ( 'NONE', *, *, #5547, .T. ) ;
#8045 = LINE ( 'NONE', #5311, #572 ) ;
#8046 = ORIENTED_EDGE ( 'NONE', *, *, #1975, .F. ) ;
#8047 = EDGE_CURVE ( 'NONE', #1956, #1637, #1291, .T. ) ;
#8048 = CARTESIAN_POINT ( 'NONE',  ( 1.600000000000000089, 0.0000000000000000000, 1.135000000000000009 ) ) ;
#8049 = LINE ( 'NONE', #3051, #7992 ) ;
#8050 = LINE ( 'NONE', #3054, #2700 ) ;
#8051 = DIRECTION ( 'NONE',  ( 1.000000000000000000, 0.0000000000000000000, 0.0000000000000000000 ) ) ;
#8052 = VERTEX_POINT ( 'NONE', #4241 ) ;
#8053 = FILL_AREA_STYLE_COLOUR ( '', #462 ) ;
#8054 = ORIENTED_EDGE ( 'NONE', *, *, #2767, .F. ) ;
#8055 = SURFACE_SIDE_STYLE ('',( #1686 ) ) ;
#8056 = VECTOR ( 'NONE', #282, 1000.000000000000000 ) ;
#8057 = SURFACE_STYLE_FILL_AREA ( #5938 ) ;
#8058 = VERTEX_POINT ( 'NONE', #7814 ) ;
#8059 = LINE ( 'NONE', #2441, #1383 ) ;
#8060 = DIRECTION ( 'NONE',  ( -0.0000000000000000000, 0.0000000000000000000, -1.000000000000000000 ) ) ;
#8061 = ORIENTED_EDGE ( 'NONE', *, *, #1920, .F. ) ;
#8062 = SURFACE_SIDE_STYLE ('',( #5298 ) ) ;
#8063 = LINE ( 'NONE', #8852, #7769 ) ;
#8064 = SURFACE_SIDE_STYLE ('',( #5259 ) ) ;
#8065 = ORIENTED_EDGE ( 'NONE', *, *, #7195, .T. ) ;
#8066 = VECTOR ( 'NONE', #8576, 1000.000000000000000 ) ;
#8067 =( NAMED_UNIT ( * ) SI_UNIT ( $, .STERADIAN. ) SOLID_ANGLE_UNIT ( ) );
#8068 = PRESENTATION_LAYER_ASSIGNMENT (  '', '', ( #2901 ) ) ;
#8069 = ORIENTED_EDGE ( 'NONE', *, *, #7435, .F. ) ;
#8070 = PRESENTATION_LAYER_ASSIGNMENT (  '', '', ( #3486 ) ) ;
#8071 = DIRECTION ( 'NONE',  ( -1.000000000000000000, 0.0000000000000000000, 0.0000000000000000000 ) ) ;
#8072 = EDGE_CURVE ( 'NONE', #6390, #784, #771, .T. ) ;
#8073 = FILL_AREA_STYLE ('',( #1605 ) ) ;
#8074 = UNCERTAINTY_MEASURE_WITH_UNIT (LENGTH_MEASURE( 1.000000000000000082E-05 ), #4920, 'distance_accuracy_value', 'NONE');
#8075 = CARTESIAN_POINT ( 'NONE',  ( -2.000000000000000000, 0.002500000000000000052, 1.365000000000000213 ) ) ;
#8076 = PRESENTATION_LAYER_ASSIGNMENT (  '', '', ( #6310 ) ) ;
#8077 = DIRECTION ( 'NONE',  ( 0.0000000000000000000, -0.0000000000000000000, 1.000000000000000000 ) ) ;
#8078 = ORIENTED_EDGE ( 'NONE', *, *, #154, .F. ) ;
#8079 = CARTESIAN_POINT ( 'NONE',  ( -0.8649999999999995470, 0.002499999999999970562, 1.600000000000000089 ) ) ;
#8080 = MECHANICAL_DESIGN_GEOMETRIC_PRESENTATION_REPRESENTATION (  '', ( #7791 ), #1433 ) ;
#8081 = CARTESIAN_POINT ( 'NONE',  ( 1.499999999999999778, 0.8979999999999999094, -1.500000000000000000 ) ) ;
#8082 = ORIENTED_EDGE ( 'NONE', *, *, #8254, .F. ) ;
#8083 = CARTESIAN_POINT ( 'NONE',  ( -1.134999999999999787, -4.470451666064363791E-17, -2.001999999999999780 ) ) ;
#8084 = EDGE_CURVE ( 'NONE', #8617, #5496, #4950, .T. ) ;
#8085 = LINE ( 'NONE', #7333, #6975 ) ;
#8086 = EDGE_CURVE ( 'NONE', #5761, #547, #1422, .T. ) ;
#8087 =( LENGTH_UNIT ( ) NAMED_UNIT ( * ) SI_UNIT ( .MILLI., .METRE. ) );
#8088 =( NAMED_UNIT ( * ) SI_UNIT ( $, .STERADIAN. ) SOLID_ANGLE_UNIT ( ) );
#8089 = SURFACE_SIDE_STYLE ('',( #389 ) ) ;
#8090 = EDGE_LOOP ( 'NONE', ( #6247, #5515, #4629, #3504 ) ) ;
#8091 = CARTESIAN_POINT ( 'NONE',  ( 2.000000000000000000, 0.002500000000000000052, -0.1350000000000001477 ) ) ;
#8092 = LINE ( 'NONE', #8878, #5410 ) ;
#8093 =( GEOMETRIC_REPRESENTATION_CONTEXT ( 3 ) GLOBAL_UNCERTAINTY_ASSIGNED_CONTEXT ( ( #2923 ) ) GLOBAL_UNIT_ASSIGNED_CONTEXT ( ( #9154, #7029, #4380 ) ) REPRESENTATION_CONTEXT ( 'NONE', 'WORKASPACE' ) );
#8094 = ORIENTED_EDGE ( 'NONE', *, *, #5933, .F. ) ;
#8095 = FILL_AREA_STYLE_COLOUR ( '', #1094 ) ;
#8096 = PLANE ( 'NONE',  #4735 ) ;
#8097 = VECTOR ( 'NONE', #6934, 1000.000000000000000 ) ;
#8098 = CARTESIAN_POINT ( 'NONE',  ( -2.001999999999999780, 0.2025000000000000133, -0.8650000000000001021 ) ) ;
#8099 = SURFACE_SIDE_STYLE ('',( #1170 ) ) ;
#8100 = CARTESIAN_POINT ( 'NONE',  ( 1.600000000000000089, 0.002500000000000000052, -1.135000000000000009 ) ) ;
#8101 = MECHANICAL_DESIGN_GEOMETRIC_PRESENTATION_REPRESENTATION (  '', ( #6194 ), #6803 ) ;
#8102 = ORIENTED_EDGE ( 'NONE', *, *, #9162, .F. ) ;
#8103 = LINE ( 'NONE', #6038, #2125 ) ;
#8104 = DIRECTION ( 'NONE',  ( 0.0000000000000000000, 0.0000000000000000000, -1.000000000000000000 ) ) ;
#8105 = COLOUR_RGB ( '',1.000000000000000000, 1.000000000000000000, 1.000000000000000000 ) ;
#8106 = UNCERTAINTY_MEASURE_WITH_UNIT (LENGTH_MEASURE( 1.000000000000000082E-05 ), #5119, 'distance_accuracy_value', 'NONE');
#8107 = ORIENTED_EDGE ( 'NONE', *, *, #2411, .F. ) ;
#8108 = DIRECTION ( 'NONE',  ( -1.000000000000000000, -0.0000000000000000000, 4.065758146820642614E-16 ) ) ;
#8109 = FILL_AREA_STYLE_COLOUR ( '', #7213 ) ;
#8110 = ORIENTED_EDGE ( 'NONE', *, *, #8479, .T. ) ;
#8111 = DIRECTION ( 'NONE',  ( -1.000000000000000000, 0.0000000000000000000, 0.0000000000000000000 ) ) ;
#8112 = ORIENTED_EDGE ( 'NONE', *, *, #1713, .F. ) ;
#8113 = VECTOR ( 'NONE', #4794, 1000.000000000000000 ) ;
#8114 = CARTESIAN_POINT ( 'NONE',  ( 1.000000000000000000, 0.0005000000000000003357, 1.250000000000000000 ) ) ;
#8115 = PLANE ( 'NONE',  #5810 ) ;
#8116 = STYLED_ITEM ( 'NONE', ( #4214 ), #149 ) ;
#8117 = VERTEX_POINT ( 'NONE', #4857 ) ;
#8118 = CARTESIAN_POINT ( 'NONE',  ( -0.8649999999999996581, -2.975525575834778034E-18, -2.000000000000000000 ) ) ;
#8119 = LINE ( 'NONE', #1795, #5139 ) ;
#8120 = ORIENTED_EDGE ( 'NONE', *, *, #4652, .F. ) ;
#8121 = COLOUR_RGB ( '',1.000000000000000000, 1.000000000000000000, 1.000000000000000000 ) ;
#8122 = SURFACE_STYLE_USAGE ( .BOTH. , #5319 ) ;
#8123 = STYLED_ITEM ( 'NONE', ( #6706 ), #7747 ) ;
#8124 = CARTESIAN_POINT ( 'NONE',  ( 0.3650000000000004352, 0.2000000000000000111, 2.000000000000000000 ) ) ;
#8125 = EDGE_LOOP ( 'NONE', ( #6952, #8762, #530, #2773 ) ) ;
#8126 = MECHANICAL_DESIGN_GEOMETRIC_PRESENTATION_REPRESENTATION (  '', ( #4002 ), #5345 ) ;
#8127 = FILL_AREA_STYLE ('',( #6631 ) ) ;
#8128 =( GEOMETRIC_REPRESENTATION_CONTEXT ( 3 ) GLOBAL_UNCERTAINTY_ASSIGNED_CONTEXT ( ( #4318 ) ) GLOBAL_UNIT_ASSIGNED_CONTEXT ( ( #8914, #1067, #523 ) ) REPRESENTATION_CONTEXT ( 'NONE', 'WORKASPACE' ) );
#8129 = EDGE_CURVE ( 'NONE', #5591, #1524, #2734, .T. ) ;
#8130 = EDGE_CURVE ( 'NONE', #5717, #1956, #8357, .T. ) ;
#8131 = CARTESIAN_POINT ( 'NONE',  ( -0.8649999999999996581, 0.1999999999999999833, -2.001999999999999780 ) ) ;
#8132 = ORIENTED_EDGE ( 'NONE', *, *, #212, .F. ) ;
#8133 = SURFACE_SIDE_STYLE ('',( #6025 ) ) ;
#8134 = MECHANICAL_DESIGN_GEOMETRIC_PRESENTATION_REPRESENTATION (  '', ( #5487 ), #132 ) ;
#8135 = ORIENTED_EDGE ( 'NONE', *, *, #920, .T. ) ;
#8136 =( LENGTH_UNIT ( ) NAMED_UNIT ( * ) SI_UNIT ( .MILLI., .METRE. ) );
#8137 = AXIS2_PLACEMENT_3D ( 'NONE', #8534, #4188, #5041 ) ;
#8138 = CARTESIAN_POINT ( 'NONE',  ( -2.001999999999999780, 0.2025000000000000133, -0.6350000000000001199 ) ) ;
#8139 = SURFACE_STYLE_FILL_AREA ( #5985 ) ;
#8140 = FILL_AREA_STYLE ('',( #1168 ) ) ;
#8141 = EDGE_CURVE ( 'NONE', #6357, #8631, #2181, .T. ) ;
#8142 = DIRECTION ( 'NONE',  ( -2.710505431213761578E-16, 0.0000000000000000000, -1.000000000000000000 ) ) ;
#8143 = MECHANICAL_DESIGN_GEOMETRIC_PRESENTATION_REPRESENTATION (  '', ( #1497 ), #9039 ) ;
#8144 = EDGE_LOOP ( 'NONE', ( #7516, #956, #2374, #5358 ) ) ;
#8145 = LINE ( 'NONE', #7393, #8158 ) ;
#8146 = DIRECTION ( 'NONE',  ( 0.0000000000000000000, -1.000000000000000000, 0.0000000000000000000 ) ) ;
#8147 = CARTESIAN_POINT ( 'NONE',  ( -2.001999999999999780, 0.2025000000000000133, -1.365000000000000213 ) ) ;
#8148 = ORIENTED_EDGE ( 'NONE', *, *, #7089, .T. ) ;
#8149 = DIRECTION ( 'NONE',  ( -0.0000000000000000000, -1.000000000000000000, -0.0000000000000000000 ) ) ;
#8150 = SURFACE_STYLE_USAGE ( .BOTH. , #1782 ) ;
#8151 = FILL_AREA_STYLE_COLOUR ( '', #5468 ) ;
#8152 = PRESENTATION_LAYER_ASSIGNMENT (  '', '', ( #2994 ) ) ;
#8153 = VERTEX_POINT ( 'NONE', #3609 ) ;
#8154 = DIRECTION ( 'NONE',  ( -0.0000000000000000000, -0.0000000000000000000, -1.000000000000000000 ) ) ;
#8155 = ORIENTED_EDGE ( 'NONE', *, *, #1756, .F. ) ;
#8156 = DIRECTION ( 'NONE',  ( 0.0000000000000000000, 0.0000000000000000000, 1.000000000000000000 ) ) ;
#8157 = STYLED_ITEM ( 'NONE', ( #3046 ), #8991 ) ;
#8158 = VECTOR ( 'NONE', #6606, 1000.000000000000000 ) ;
#8159 = FILL_AREA_STYLE_COLOUR ( '', #2274 ) ;
#8160 = LINE ( 'NONE', #1842, #7813 ) ;
#8161 = EDGE_LOOP ( 'NONE', ( #7204, #3857, #8423, #639 ) ) ;
#8162 = SURFACE_STYLE_FILL_AREA ( #4663 ) ;
#8163 = CARTESIAN_POINT ( 'NONE',  ( 2.001999999999999780, 0.2025000000000000133, 1.364999999999999991 ) ) ;
#8164 = VERTEX_POINT ( 'NONE', #3462 ) ;
#8165 = PLANE ( 'NONE',  #8905 ) ;
#8166 = FACE_OUTER_BOUND ( 'NONE', #7762, .T. ) ;
#8167 = DIRECTION ( 'NONE',  ( -0.0000000000000000000, -0.0000000000000000000, -1.000000000000000000 ) ) ;
#8168 = VECTOR ( 'NONE', #3305, 1000.000000000000000 ) ;
#8169 = AXIS2_PLACEMENT_3D ( 'NONE', #6829, #6257, #3246 ) ;
#8170 = DIRECTION ( 'NONE',  ( 1.000000000000000000, 0.0000000000000000000, 0.0000000000000000000 ) ) ;
#8171 = FACE_OUTER_BOUND ( 'NONE', #1399, .T. ) ;
#8172 = FACE_OUTER_BOUND ( 'NONE', #3630, .T. ) ;
#8173 = ORIENTED_EDGE ( 'NONE', *, *, #7187, .F. ) ;
#8174 = DIRECTION ( 'NONE',  ( 0.0000000000000000000, 0.0000000000000000000, -1.000000000000000000 ) ) ;
#8175 = VERTEX_POINT ( 'NONE', #7679 ) ;
#8176 = DIRECTION ( 'NONE',  ( 0.0000000000000000000, 0.0000000000000000000, -1.000000000000000000 ) ) ;
#8177 = CARTESIAN_POINT ( 'NONE',  ( 2.000000000000000000, 0.2025000000000000133, -0.8650000000000001021 ) ) ;
#8178 = FILL_AREA_STYLE_COLOUR ( '', #8121 ) ;
#8179 = VECTOR ( 'NONE', #8935, 1000.000000000000000 ) ;
#8180 = FILL_AREA_STYLE ('',( #1247 ) ) ;
#8181 = EDGE_CURVE ( 'NONE', #3456, #7738, #6291, .T. ) ;
#8182 = DIRECTION ( 'NONE',  ( 4.065758146820642614E-16, -0.0000000000000000000, 1.000000000000000000 ) ) ;
#8183 = SURFACE_SIDE_STYLE ('',( #2601 ) ) ;
#8184 = EDGE_CURVE ( 'NONE', #3156, #1624, #5652, .T. ) ;
#8185 = UNCERTAINTY_MEASURE_WITH_UNIT (LENGTH_MEASURE( 1.000000000000000082E-05 ), #8968, 'distance_accuracy_value', 'NONE');
#8186 = DIRECTION ( 'NONE',  ( -2.710505431213761578E-16, 0.0000000000000000000, 1.000000000000000000 ) ) ;
#8187 = SURFACE_SIDE_STYLE ('',( #9076 ) ) ;
#8188 = EDGE_CURVE ( 'NONE', #753, #6368, #9016, .T. ) ;
#8189 = SURFACE_STYLE_USAGE ( .BOTH. , #5387 ) ;
#8190 = DIRECTION ( 'NONE',  ( 1.000000000000000000, -0.0000000000000000000, -0.0000000000000000000 ) ) ;
#8191 = UNCERTAINTY_MEASURE_WITH_UNIT (LENGTH_MEASURE( 1.000000000000000082E-05 ), #2792, 'distance_accuracy_value', 'NONE');
#8192 = EDGE_CURVE ( 'NONE', #2213, #8399, #8453, .T. ) ;
#8193 = ORIENTED_EDGE ( 'NONE', *, *, #216, .T. ) ;
#8194 = CARTESIAN_POINT ( 'NONE',  ( 1.365000000000000435, 0.2000000000000000389, -2.001999999999999780 ) ) ;
#8195 =( LENGTH_UNIT ( ) NAMED_UNIT ( * ) SI_UNIT ( .MILLI., .METRE. ) );
#8196 = ORIENTED_EDGE ( 'NONE', *, *, #7530, .F. ) ;
#8197 = MECHANICAL_DESIGN_GEOMETRIC_PRESENTATION_REPRESENTATION (  '', ( #4068 ), #8796 ) ;
#8198 =( GEOMETRIC_REPRESENTATION_CONTEXT ( 3 ) GLOBAL_UNCERTAINTY_ASSIGNED_CONTEXT ( ( #401 ) ) GLOBAL_UNIT_ASSIGNED_CONTEXT ( ( #9026, #1214, #3988 ) ) REPRESENTATION_CONTEXT ( 'NONE', 'WORKASPACE' ) );
#8199 = DIRECTION ( 'NONE',  ( -0.0000000000000000000, -0.0000000000000000000, 1.000000000000000000 ) ) ;
#8200 = PRESENTATION_STYLE_ASSIGNMENT (( #417 ) ) ;
#8201 = PRESENTATION_STYLE_ASSIGNMENT (( #6229 ) ) ;
#8202 = CARTESIAN_POINT ( 'NONE',  ( -0.1349999999999995925, 0.002499999999999979669, 2.000000000000000000 ) ) ;
#8203 = ORIENTED_EDGE ( 'NONE', *, *, #3970, .F. ) ;
#8204 = VECTOR ( 'NONE', #6960, 1000.000000000000000 ) ;
#8205 = SURFACE_STYLE_FILL_AREA ( #2456 ) ;
#8206 = ORIENTED_EDGE ( 'NONE', *, *, #6011, .T. ) ;
#8207 = PRESENTATION_LAYER_ASSIGNMENT (  '', '', ( #2473 ) ) ;
#8208 = FILL_AREA_STYLE_COLOUR ( '', #7736 ) ;
#8209 = SURFACE_STYLE_USAGE ( .BOTH. , #2630 ) ;
#8210 = FACE_OUTER_BOUND ( 'NONE', #471, .T. ) ;
#8211 = COLOUR_RGB ( '',1.000000000000000000, 1.000000000000000000, 1.000000000000000000 ) ;
#8212 = SURFACE_STYLE_FILL_AREA ( #6063 ) ;
#8213 = CARTESIAN_POINT ( 'NONE',  ( -2.000000000000000000, 0.0000000000000000000, -0.6350000000000000089 ) ) ;
#8214 = STYLED_ITEM ( 'NONE', ( #7414 ), #4294 ) ;
#8215 = LINE ( 'NONE', #1198, #8444 ) ;
#8216 =( GEOMETRIC_REPRESENTATION_CONTEXT ( 3 ) GLOBAL_UNCERTAINTY_ASSIGNED_CONTEXT ( ( #4783 ) ) GLOBAL_UNIT_ASSIGNED_CONTEXT ( ( #617, #3445, #2678 ) ) REPRESENTATION_CONTEXT ( 'NONE', 'WORKASPACE' ) );
#8217 = DIRECTION ( 'NONE',  ( 2.710505431213761578E-16, 0.0000000000000000000, 1.000000000000000000 ) ) ;
#8218 = SURFACE_STYLE_USAGE ( .BOTH. , #8089 ) ;
#8219 = ORIENTED_EDGE ( 'NONE', *, *, #3863, .F. ) ;
#8220 = SURFACE_STYLE_USAGE ( .BOTH. , #2594 ) ;
#8221 = EDGE_LOOP ( 'NONE', ( #7902, #8082, #211, #4806 ) ) ;
#8222 = FILL_AREA_STYLE_COLOUR ( '', #6559 ) ;
#8223 = ORIENTED_EDGE ( 'NONE', *, *, #7374, .F. ) ;
#8224 = DIRECTION ( 'NONE',  ( 1.000000000000000000, 0.0000000000000000000, 0.0000000000000000000 ) ) ;
#8225 = STYLED_ITEM ( 'NONE', ( #8558 ), #5941 ) ;
#8226 = VECTOR ( 'NONE', #4967, 1000.000000000000000 ) ;
#8227 = CARTESIAN_POINT ( 'NONE',  ( -2.001999999999999780, 0.2025000000000000133, 0.6349999999999998979 ) ) ;
#8228 = FILL_AREA_STYLE_COLOUR ( '', #3661 ) ;
#8229 = MECHANICAL_DESIGN_GEOMETRIC_PRESENTATION_REPRESENTATION (  '', ( #7653 ), #4840 ) ;
#8230 = COLOUR_RGB ( '',1.000000000000000000, 1.000000000000000000, 1.000000000000000000 ) ;
#8231 = SURFACE_SIDE_STYLE ('',( #4554 ) ) ;
#8232 = CARTESIAN_POINT ( 'NONE',  ( -1.364999999999999769, -4.463288363752166281E-18, -2.000000000000000000 ) ) ;
#8233 = DIRECTION ( 'NONE',  ( -1.000000000000000000, 0.0000000000000000000, 0.0000000000000000000 ) ) ;
#8234 = VECTOR ( 'NONE', #8916, 1000.000000000000000 ) ;
#8235 = DIRECTION ( 'NONE',  ( 2.710505431213761578E-16, 0.0000000000000000000, -1.000000000000000000 ) ) ;
#8236 = LINE ( 'NONE', #4040, #162 ) ;
#8237 =( NAMED_UNIT ( * ) SI_UNIT ( $, .STERADIAN. ) SOLID_ANGLE_UNIT ( ) );
#8238 = FILL_AREA_STYLE_COLOUR ( '', #4616 ) ;
#8239 = ORIENTED_EDGE ( 'NONE', *, *, #1460, .T. ) ;
#8240 = CARTESIAN_POINT ( 'NONE',  ( -2.000000000000000000, 0.0000000000000000000, 1.365000000000000213 ) ) ;
#8241 = VECTOR ( 'NONE', #7711, 1000.000000000000000 ) ;
#8242 = EDGE_CURVE ( 'NONE', #2733, #6977, #1990, .T. ) ;
#8243 = ADVANCED_FACE ( 'NONE', ( #4905 ), #7727, .F. ) ;
#8244 = ORIENTED_EDGE ( 'NONE', *, *, #5958, .F. ) ;
#8245 = COLOUR_RGB ( '',0.2509803921568627416, 0.2509803921568627416, 0.2509803921568627416 ) ;
#8246 = MECHANICAL_DESIGN_GEOMETRIC_PRESENTATION_REPRESENTATION (  '', ( #2509 ), #6650 ) ;
#8247 = SURFACE_SIDE_STYLE ('',( #6794 ) ) ;
#8248 = DIRECTION ( 'NONE',  ( -1.000000000000000000, 0.0000000000000000000, -0.0000000000000000000 ) ) ;
#8249 = ORIENTED_EDGE ( 'NONE', *, *, #5160, .T. ) ;
#8250 = PLANE ( 'NONE',  #9166 ) ;
#8251 = VECTOR ( 'NONE', #4479, 1000.000000000000000 ) ;
#8252 =( NAMED_UNIT ( * ) SI_UNIT ( $, .STERADIAN. ) SOLID_ANGLE_UNIT ( ) );
#8253 = ORIENTED_EDGE ( 'NONE', *, *, #7200, .F. ) ;
#8254 = EDGE_CURVE ( 'NONE', #3727, #7833, #3050, .T. ) ;
#8255 = CARTESIAN_POINT ( 'NONE',  ( 2.001999999999999780, 0.002500000000000000052, 0.8649999999999998801 ) ) ;
#8256 = VECTOR ( 'NONE', #1794, 1000.000000000000000 ) ;
#8257 = PLANE ( 'NONE',  #586 ) ;
#8258 = VECTOR ( 'NONE', #4279, 1000.000000000000000 ) ;
#8259 = STYLED_ITEM ( 'NONE', ( #2710 ), #146 ) ;
#8260 = PRESENTATION_STYLE_ASSIGNMENT (( #5456 ) ) ;
#8261 = AXIS2_PLACEMENT_3D ( 'NONE', #754, #3591, #6326 ) ;
#8262 = LINE ( 'NONE', #4670, #2354 ) ;
#8263 = FILL_AREA_STYLE_COLOUR ( '', #6313 ) ;
#8264 = ORIENTED_EDGE ( 'NONE', *, *, #4419, .F. ) ;
#8265 = LINE ( 'NONE', #9009, #8993 ) ;
#8266 = VERTEX_POINT ( 'NONE', #204 ) ;
#8267 = VECTOR ( 'NONE', #8975, 1000.000000000000000 ) ;
#8268 = ORIENTED_EDGE ( 'NONE', *, *, #5892, .T. ) ;
#8269 = CARTESIAN_POINT ( 'NONE',  ( -1.250000000000000000, 0.0005000000000000003357, -1.250000000000000000 ) ) ;
#8270 = UNCERTAINTY_MEASURE_WITH_UNIT (LENGTH_MEASURE( 1.000000000000000082E-05 ), #3552, 'distance_accuracy_value', 'NONE');
#8271 = FACE_OUTER_BOUND ( 'NONE', #5863, .T. ) ;
#8272 = STYLED_ITEM ( 'NONE', ( #3670 ), #8645 ) ;
#8273 = PRESENTATION_STYLE_ASSIGNMENT (( #1213 ) ) ;
#8274 = STYLED_ITEM ( 'NONE', ( #8568 ), #7927 ) ;
#8275 = PRESENTATION_STYLE_ASSIGNMENT (( #6871 ) ) ;
#8276 = FILL_AREA_STYLE_COLOUR ( '', #6418 ) ;
#8277 = LINE ( 'NONE', #159, #3804 ) ;
#8278 = FACE_OUTER_BOUND ( 'NONE', #2482, .T. ) ;
#8279 = COLOUR_RGB ( '',1.000000000000000000, 1.000000000000000000, 1.000000000000000000 ) ;
#8280 = PRESENTATION_LAYER_ASSIGNMENT (  '', '', ( #9030 ) ) ;
#8281 = MECHANICAL_DESIGN_GEOMETRIC_PRESENTATION_REPRESENTATION (  '', ( #3719 ), #5064 ) ;
#8282 = LINE ( 'NONE', #2571, #9002 ) ;
#8283 = DIRECTION ( 'NONE',  ( -0.0000000000000000000, -0.0000000000000000000, 1.000000000000000000 ) ) ;
#8284 = UNCERTAINTY_MEASURE_WITH_UNIT (LENGTH_MEASURE( 1.000000000000000082E-05 ), #17, 'distance_accuracy_value', 'NONE');
#8285 = FILL_AREA_STYLE_COLOUR ( '', #851 ) ;
#8286 = STYLED_ITEM ( 'NONE', ( #4176 ), #1816 ) ;
#8287 = UNCERTAINTY_MEASURE_WITH_UNIT (LENGTH_MEASURE( 1.000000000000000082E-05 ), #7979, 'distance_accuracy_value', 'NONE');
#8288 = PLANE ( 'NONE',  #5071 ) ;
#8289 = EDGE_LOOP ( 'NONE', ( #6863, #7892, #7743, #1241 ) ) ;
#8290 = LINE ( 'NONE', #1957, #3396 ) ;
#8291 =( GEOMETRIC_REPRESENTATION_CONTEXT ( 3 ) GLOBAL_UNCERTAINTY_ASSIGNED_CONTEXT ( ( #9116 ) ) GLOBAL_UNIT_ASSIGNED_CONTEXT ( ( #6560, #2530, #8896 ) ) REPRESENTATION_CONTEXT ( 'NONE', 'WORKASPACE' ) );
#8292 = FILL_AREA_STYLE_COLOUR ( '', #2462 ) ;
#8293 = CARTESIAN_POINT ( 'NONE',  ( -0.3649999999999996581, 0.002499999999999985307, 2.000000000000000000 ) ) ;
#8294 = EDGE_LOOP ( 'NONE', ( #4047, #9011, #7421, #6715, #6740, #6844 ) ) ;
#8295 = MECHANICAL_DESIGN_GEOMETRIC_PRESENTATION_REPRESENTATION (  '', ( #4618 ), #1357 ) ;
#8296 = ADVANCED_FACE ( 'NONE', ( #869 ), #5053, .T. ) ;
#8297 = DIRECTION ( 'NONE',  ( 0.0000000000000000000, 1.000000000000000000, 0.0000000000000000000 ) ) ;
#8298 = ORIENTED_EDGE ( 'NONE', *, *, #8870, .T. ) ;
#8299 =( GEOMETRIC_REPRESENTATION_CONTEXT ( 3 ) GLOBAL_UNCERTAINTY_ASSIGNED_CONTEXT ( ( #5421 ) ) GLOBAL_UNIT_ASSIGNED_CONTEXT ( ( #4021, #4760, #6068 ) ) REPRESENTATION_CONTEXT ( 'NONE', 'WORKASPACE' ) );
#8300 = CARTESIAN_POINT ( 'NONE',  ( 2.000000000000000000, 0.002500000000000000052, -1.135000000000000009 ) ) ;
#8301 = DIRECTION ( 'NONE',  ( -1.000000000000000000, 0.0000000000000000000, -0.0000000000000000000 ) ) ;
#8302 = EDGE_LOOP ( 'NONE', ( #3589, #2306, #6656, #2890 ) ) ;
#8303 = CARTESIAN_POINT ( 'NONE',  ( -1.364999999999999769, -4.470451666064363791E-17, -2.001999999999999780 ) ) ;
#8304 = STYLED_ITEM ( 'NONE', ( #350 ), #8882 ) ;
#8305 = STYLED_ITEM ( 'NONE', ( #7455 ), #2518 ) ;
#8306 = EDGE_CURVE ( 'NONE', #753, #1601, #5105, .T. ) ;
#8307 = CARTESIAN_POINT ( 'NONE',  ( -0.3649999999999996581, 0.1999999999999999833, -2.000000000000000000 ) ) ;
#8308 = ORIENTED_EDGE ( 'NONE', *, *, #708, .F. ) ;
#8309 = ADVANCED_FACE ( 'NONE', ( #7907 ), #5147, .F. ) ;
#8310 = LINE ( 'NONE', #8921, #2366 ) ;
#8311 = SURFACE_STYLE_FILL_AREA ( #4238 ) ;
#8312 = ORIENTED_EDGE ( 'NONE', *, *, #5337, .T. ) ;
#8313 =( LENGTH_UNIT ( ) NAMED_UNIT ( * ) SI_UNIT ( .MILLI., .METRE. ) );
#8314 = ORIENTED_EDGE ( 'NONE', *, *, #2222, .F. ) ;
#8315 = DIRECTION ( 'NONE',  ( 1.000000000000000000, 0.0000000000000000000, 0.0000000000000000000 ) ) ;
#8316 = DIRECTION ( 'NONE',  ( 0.0000000000000000000, 0.0000000000000000000, -1.000000000000000000 ) ) ;
#8317 = PRESENTATION_LAYER_ASSIGNMENT (  '', '', ( #3162 ) ) ;
#8318 = STYLED_ITEM ( 'NONE', ( #1967 ), #2877 ) ;
#8319 = DIRECTION ( 'NONE',  ( 0.0000000000000000000, -1.000000000000000000, -0.0000000000000000000 ) ) ;
#8320 = LINE ( 'NONE', #2091, #3194 ) ;
#8321 = SURFACE_STYLE_FILL_AREA ( #22 ) ;
#8322 =( NAMED_UNIT ( * ) SI_UNIT ( $, .STERADIAN. ) SOLID_ANGLE_UNIT ( ) );
#8323 = DIRECTION ( 'NONE',  ( -0.0000000000000000000, -1.000000000000000000, -0.0000000000000000000 ) ) ;
#8324 = MECHANICAL_DESIGN_GEOMETRIC_PRESENTATION_REPRESENTATION (  '', ( #1111 ), #4504 ) ;
#8325 = VERTEX_POINT ( 'NONE', #2122 ) ;
#8326 = DIRECTION ( 'NONE',  ( 0.0000000000000000000, 0.0000000000000000000, -1.000000000000000000 ) ) ;
#8327 = PLANE ( 'NONE',  #5503 ) ;
#8328 = DIRECTION ( 'NONE',  ( -0.0000000000000000000, -1.000000000000000000, -0.0000000000000000000 ) ) ;
#8329 = DIRECTION ( 'NONE',  ( 0.0000000000000000000, 0.0000000000000000000, -1.000000000000000000 ) ) ;
#8330 = EDGE_LOOP ( 'NONE', ( #1495, #7101, #8926, #9123, #4694, #9054 ) ) ;
#8331 =( NAMED_UNIT ( * ) SI_UNIT ( $, .STERADIAN. ) SOLID_ANGLE_UNIT ( ) );
#8332 = SURFACE_STYLE_FILL_AREA ( #7611 ) ;
#8333 = DIRECTION ( 'NONE',  ( -1.000000000000000000, 0.0000000000000000000, -2.710505431213761578E-16 ) ) ;
#8334 = ORIENTED_EDGE ( 'NONE', *, *, #2954, .T. ) ;
#8335 = DIRECTION ( 'NONE',  ( -0.0000000000000000000, -1.000000000000000000, -0.0000000000000000000 ) ) ;
#8336 = CARTESIAN_POINT ( 'NONE',  ( 1.135000000000000675, 2.975525575834778034E-18, -1.600000000000000089 ) ) ;
#8337 = CARTESIAN_POINT ( 'NONE',  ( -2.000000000000000000, 0.002500000000000000052, -2.000000000000000000 ) ) ;
#8338 = ORIENTED_EDGE ( 'NONE', *, *, #1821, .T. ) ;
#8339 = DIRECTION ( 'NONE',  ( 1.000000000000000000, -0.0000000000000000000, -0.0000000000000000000 ) ) ;
#8340 = STYLED_ITEM ( 'NONE', ( #2296 ), #4020 ) ;
#8341 = SURFACE_SIDE_STYLE ('',( #574 ) ) ;
#8342 = EDGE_CURVE ( 'NONE', #2920, #7, #3441, .T. ) ;
#8343 = SURFACE_STYLE_USAGE ( .BOTH. , #2724 ) ;
#8344 = DIRECTION ( 'NONE',  ( 0.0000000000000000000, 0.0000000000000000000, 1.000000000000000000 ) ) ;
#8345 = SURFACE_STYLE_USAGE ( .BOTH. , #437 ) ;
#8346 = VECTOR ( 'NONE', #307, 1000.000000000000000 ) ;
#8347 = SURFACE_STYLE_FILL_AREA ( #6898 ) ;
#8348 = ORIENTED_EDGE ( 'NONE', *, *, #7212, .F. ) ;
#8349 =( NAMED_UNIT ( * ) SI_UNIT ( $, .STERADIAN. ) SOLID_ANGLE_UNIT ( ) );
#8350 = VECTOR ( 'NONE', #6808, 1000.000000000000000 ) ;
#8351 = DIRECTION ( 'NONE',  ( 0.0000000000000000000, -1.000000000000000000, 0.0000000000000000000 ) ) ;
#8352 = ORIENTED_EDGE ( 'NONE', *, *, #3167, .F. ) ;
#8353 = SURFACE_SIDE_STYLE ('',( #6289 ) ) ;
#8354 = EDGE_CURVE ( 'NONE', #2986, #8838, #7840, .T. ) ;
#8355 = ORIENTED_EDGE ( 'NONE', *, *, #7447, .F. ) ;
#8356 = EDGE_CURVE ( 'NONE', #7318, #2795, #799, .T. ) ;
#8357 = LINE ( 'NONE', #2040, #1066 ) ;
#8358 = VECTOR ( 'NONE', #4054, 1000.000000000000000 ) ;
#8359 = PRESENTATION_LAYER_ASSIGNMENT (  '', '', ( #3947 ) ) ;
#8360 = EDGE_CURVE ( 'NONE', #243, #4481, #4270, .T. ) ;
#8361 = UNCERTAINTY_MEASURE_WITH_UNIT (LENGTH_MEASURE( 1.000000000000000082E-05 ), #7937, 'distance_accuracy_value', 'NONE');
#8362 = SURFACE_STYLE_FILL_AREA ( #5612 ) ;
#8363 = SURFACE_STYLE_FILL_AREA ( #1297 ) ;
#8364 = CARTESIAN_POINT ( 'NONE',  ( 2.000000000000000000, 0.0000000000000000000, -0.1350000000000000089 ) ) ;
#8365 =( GEOMETRIC_REPRESENTATION_CONTEXT ( 3 ) GLOBAL_UNCERTAINTY_ASSIGNED_CONTEXT ( ( #2740 ) ) GLOBAL_UNIT_ASSIGNED_CONTEXT ( ( #7207, #5079, #6414 ) ) REPRESENTATION_CONTEXT ( 'NONE', 'WORKASPACE' ) );
#8366 = CARTESIAN_POINT ( 'NONE',  ( -2.000000000000000000, 0.002500000000000000052, -2.000000000000000000 ) ) ;
#8367 = VECTOR ( 'NONE', #2924, 1000.000000000000000 ) ;
#8368 = PRESENTATION_LAYER_ASSIGNMENT (  '', '', ( #2627 ) ) ;
#8369 = CARTESIAN_POINT ( 'NONE',  ( 0.8650000000000004352, 0.002500000000000001787, -1.600000000000000089 ) ) ;
#8370 =( NAMED_UNIT ( * ) SI_UNIT ( $, .STERADIAN. ) SOLID_ANGLE_UNIT ( ) );
#8371 = EDGE_CURVE ( 'NONE', #556, #3122, #7120, .T. ) ;
#8372 = ORIENTED_EDGE ( 'NONE', *, *, #2411, .T. ) ;
#8373 = ADVANCED_FACE ( 'NONE', ( #2758 ), #752, .F. ) ;
#8374 = DIRECTION ( 'NONE',  ( -1.000000000000000000, 0.0000000000000000000, -0.0000000000000000000 ) ) ;
#8375 = VECTOR ( 'NONE', #5006, 1000.000000000000000 ) ;
#8376 = PLANE ( 'NONE',  #6541 ) ;
#8377 = UNCERTAINTY_MEASURE_WITH_UNIT (LENGTH_MEASURE( 1.000000000000000082E-05 ), #8136, 'distance_accuracy_value', 'NONE');
#8378 = CARTESIAN_POINT ( 'NONE',  ( 2.000000000000000000, 0.2025000000000000133, -0.3650000000000001577 ) ) ;
#8379 = EDGE_LOOP ( 'NONE', ( #9043, #6230, #7267, #4325 ) ) ;
#8380 = DIRECTION ( 'NONE',  ( -1.000000000000000000, 0.0000000000000000000, 0.0000000000000000000 ) ) ;
#8381 = DIRECTION ( 'NONE',  ( 0.0000000000000000000, -0.0000000000000000000, -1.000000000000000000 ) ) ;
#8382 = EDGE_LOOP ( 'NONE', ( #4175, #5754, #1843, #1146 ) ) ;
#8383 = CARTESIAN_POINT ( 'NONE',  ( -0.3649999999999996581, 0.1999999999999999833, 2.001999999999999780 ) ) ;
#8384 = STYLED_ITEM ( 'NONE', ( #2658 ), #5781 ) ;
#8385 = CARTESIAN_POINT ( 'NONE',  ( -2.000000000000000000, 0.002500000000000000052, -2.000000000000000000 ) ) ;
#8386 = ORIENTED_EDGE ( 'NONE', *, *, #9099, .T. ) ;
#8387 = FACE_OUTER_BOUND ( 'NONE', #8859, .T. ) ;
#8388 =( LENGTH_UNIT ( ) NAMED_UNIT ( * ) SI_UNIT ( .MILLI., .METRE. ) );
#8389 = ORIENTED_EDGE ( 'NONE', *, *, #7212, .T. ) ;
#8390 = PLANE ( 'NONE',  #1599 ) ;
#8391 = CARTESIAN_POINT ( 'NONE',  ( -2.000000000000000000, 0.9000000000000000222, -2.000000000000000000 ) ) ;
#8392 = FILL_AREA_STYLE ('',( #4895 ) ) ;
#8393 = DIRECTION ( 'NONE',  ( 1.000000000000000000, 0.0000000000000000000, -0.0000000000000000000 ) ) ;
#8394 = DIRECTION ( 'NONE',  ( -0.0000000000000000000, -1.000000000000000000, -0.0000000000000000000 ) ) ;
#8395 = FACE_OUTER_BOUND ( 'NONE', #1939, .T. ) ;
#8396 = ORIENTED_EDGE ( 'NONE', *, *, #1698, .F. ) ;
#8397 = LINE ( 'NONE', #4150, #5173 ) ;
#8398 = VECTOR ( 'NONE', #1560, 1000.000000000000000 ) ;
#8399 = VERTEX_POINT ( 'NONE', #1498 ) ;
#8400 = DIRECTION ( 'NONE',  ( -0.7071067811865475727, 0.0000000000000000000, -0.7071067811865475727 ) ) ;
#8401 = DIRECTION ( 'NONE',  ( -0.0000000000000000000, -1.000000000000000000, -0.0000000000000000000 ) ) ;
#8402 = VECTOR ( 'NONE', #5080, 1000.000000000000000 ) ;
#8403 = LINE ( 'NONE', #2184, #6966 ) ;
#8404 = COLOUR_RGB ( '',1.000000000000000000, 1.000000000000000000, 1.000000000000000000 ) ;
#8405 = FILL_AREA_STYLE ('',( #6251 ) ) ;
#8406 = EDGE_CURVE ( 'NONE', #5081, #1014, #7712, .T. ) ;
#8407 = SURFACE_STYLE_USAGE ( .BOTH. , #4727 ) ;
#8408 = EDGE_CURVE ( 'NONE', #8117, #464, #4328, .T. ) ;
#8409 = LINE ( 'NONE', #1997, #7049 ) ;
#8410 = MECHANICAL_DESIGN_GEOMETRIC_PRESENTATION_REPRESENTATION (  '', ( #1626 ), #280 ) ;
#8411 = CARTESIAN_POINT ( 'NONE',  ( 1.365000000000000435, 0.2000000000000000389, 2.001999999999999780 ) ) ;
#8412 =( GEOMETRIC_REPRESENTATION_CONTEXT ( 3 ) GLOBAL_UNCERTAINTY_ASSIGNED_CONTEXT ( ( #5074 ) ) GLOBAL_UNIT_ASSIGNED_CONTEXT ( ( #403, #3245, #8370 ) ) REPRESENTATION_CONTEXT ( 'NONE', 'WORKASPACE' ) );
#8413 = DIRECTION ( 'NONE',  ( 1.000000000000000000, 0.0000000000000000000, 0.0000000000000000000 ) ) ;
#8414 = PRESENTATION_STYLE_ASSIGNMENT (( #2742 ) ) ;
#8415 = ORIENTED_EDGE ( 'NONE', *, *, #8356, .F. ) ;
#8416 = ORIENTED_EDGE ( 'NONE', *, *, #3460, .T. ) ;
#8417 = PRESENTATION_LAYER_ASSIGNMENT (  '', '', ( #1929 ) ) ;
#8418 = PLANE ( 'NONE',  #4589 ) ;
#8419 =( NAMED_UNIT ( * ) PLANE_ANGLE_UNIT ( ) SI_UNIT ( $, .RADIAN. ) );
#8420 = CARTESIAN_POINT ( 'NONE',  ( 2.001999999999999780, 0.002500000000000000052, 0.6349999999999998979 ) ) ;
#8421 = EDGE_CURVE ( 'NONE', #5081, #2293, #6460, .T. ) ;
#8422 = CARTESIAN_POINT ( 'NONE',  ( -2.000000000000000000, 0.002500000000000000052, -0.3649999999999999911 ) ) ;
#8423 = ORIENTED_EDGE ( 'NONE', *, *, #1934, .F. ) ;
#8424 = VECTOR ( 'NONE', #5727, 1000.000000000000000 ) ;
#8425 = DIRECTION ( 'NONE',  ( 2.710505431213761578E-16, 0.0000000000000000000, -1.000000000000000000 ) ) ;
#8426 = CARTESIAN_POINT ( 'NONE',  ( -2.001999999999999780, 0.2025000000000000133, -0.6350000000000001199 ) ) ;
#8427 = DIRECTION ( 'NONE',  ( 0.0000000000000000000, 1.000000000000000000, 0.0000000000000000000 ) ) ;
#8428 = PRESENTATION_STYLE_ASSIGNMENT (( #2882 ) ) ;
#8429 = STYLED_ITEM ( 'NONE', ( #4347 ), #8296 ) ;
#8430 = VERTEX_POINT ( 'NONE', #1319 ) ;
#8431 = DIRECTION ( 'NONE',  ( 0.0000000000000000000, -0.0000000000000000000, -1.000000000000000000 ) ) ;
#8432 = CARTESIAN_POINT ( 'NONE',  ( 2.000000000000000000, 0.002500000000000000052, 1.135000000000000231 ) ) ;
#8433 = CIRCLE ( 'NONE', #4470, 0.1000000000000000472 ) ;
#8434 =( NAMED_UNIT ( * ) PLANE_ANGLE_UNIT ( ) SI_UNIT ( $, .RADIAN. ) );
#8435 = SURFACE_STYLE_FILL_AREA ( #5588 ) ;
#8436 = VERTEX_POINT ( 'NONE', #610 ) ;
#8437 = SURFACE_STYLE_FILL_AREA ( #3638 ) ;
#8438 = CARTESIAN_POINT ( 'NONE',  ( 0.3650000000000004352, 0.2000000000000000111, 2.001999999999999780 ) ) ;
#8439 = ORIENTED_EDGE ( 'NONE', *, *, #7596, .F. ) ;
#8440 =( GEOMETRIC_REPRESENTATION_CONTEXT ( 3 ) GLOBAL_UNCERTAINTY_ASSIGNED_CONTEXT ( ( #8287 ) ) GLOBAL_UNIT_ASSIGNED_CONTEXT ( ( #7979, #3080, #7838 ) ) REPRESENTATION_CONTEXT ( 'NONE', 'WORKASPACE' ) );
#8441 = CARTESIAN_POINT ( 'NONE',  ( 2.000000000000000000, 0.002500000000000000052, 0.1350000000000000366 ) ) ;
#8442 =( GEOMETRIC_REPRESENTATION_CONTEXT ( 3 ) GLOBAL_UNCERTAINTY_ASSIGNED_CONTEXT ( ( #8455 ) ) GLOBAL_UNIT_ASSIGNED_CONTEXT ( ( #8022, #8751, #6499 ) ) REPRESENTATION_CONTEXT ( 'NONE', 'WORKASPACE' ) );
#8443 = CARTESIAN_POINT ( 'NONE',  ( 1.365000000000000435, 0.2000000000000000389, -2.000000000000000000 ) ) ;
#8444 = VECTOR ( 'NONE', #7588, 1000.000000000000000 ) ;
#8445 = UNCERTAINTY_MEASURE_WITH_UNIT (LENGTH_MEASURE( 1.000000000000000082E-05 ), #4655, 'distance_accuracy_value', 'NONE');
#8446 = CARTESIAN_POINT ( 'NONE',  ( -2.000000000000000000, 0.002500000000000000052, 1.364999999999999991 ) ) ;
#8447 = DIRECTION ( 'NONE',  ( 1.000000000000000000, 0.0000000000000000000, 0.0000000000000000000 ) ) ;
#8448 = CARTESIAN_POINT ( 'NONE',  ( -1.134999999999999787, 0.1999999999999999556, -2.000000000000000000 ) ) ;
#8449 = FILL_AREA_STYLE ('',( #2689 ) ) ;
#8450 = EDGE_LOOP ( 'NONE', ( #2392, #6887, #8850, #8203 ) ) ;
#8451 = PRESENTATION_STYLE_ASSIGNMENT (( #4196 ) ) ;
#8452 =( NAMED_UNIT ( * ) SI_UNIT ( $, .STERADIAN. ) SOLID_ANGLE_UNIT ( ) );
#8453 = LINE ( 'NONE', #6393, #5788 ) ;
#8454 = SURFACE_STYLE_FILL_AREA ( #8405 ) ;
#8455 = UNCERTAINTY_MEASURE_WITH_UNIT (LENGTH_MEASURE( 1.000000000000000082E-05 ), #8022, 'distance_accuracy_value', 'NONE');
#8456 = LINE ( 'NONE', #4199, #8375 ) ;
#8457 = VECTOR ( 'NONE', #3527, 1000.000000000000000 ) ;
#8458 =( LENGTH_UNIT ( ) NAMED_UNIT ( * ) SI_UNIT ( .MILLI., .METRE. ) );
#8459 = COLOUR_RGB ( '',1.000000000000000000, 1.000000000000000000, 1.000000000000000000 ) ;
#8460 = UNCERTAINTY_MEASURE_WITH_UNIT (LENGTH_MEASURE( 1.000000000000000082E-05 ), #7464, 'distance_accuracy_value', 'NONE');
#8461 = DIRECTION ( 'NONE',  ( -1.000000000000000000, 0.0000000000000000000, 0.0000000000000000000 ) ) ;
#8462 = CARTESIAN_POINT ( 'NONE',  ( -1.364999999999999769, 0.1999999999999999556, 2.000000000000000000 ) ) ;
#8463 = DIRECTION ( 'NONE',  ( 0.0000000000000000000, -0.0000000000000000000, -1.000000000000000000 ) ) ;
#8464 = ORIENTED_EDGE ( 'NONE', *, *, #2599, .T. ) ;
#8465 = EDGE_CURVE ( 'NONE', #6465, #7738, #5587, .T. ) ;
#8466 =( NAMED_UNIT ( * ) PLANE_ANGLE_UNIT ( ) SI_UNIT ( $, .RADIAN. ) );
#8467 = ORIENTED_EDGE ( 'NONE', *, *, #8181, .F. ) ;
#8468 = ADVANCED_FACE ( 'NONE', ( #1366 ), #4179, .F. ) ;
#8469 = UNCERTAINTY_MEASURE_WITH_UNIT (LENGTH_MEASURE( 1.000000000000000082E-05 ), #3171, 'distance_accuracy_value', 'NONE');
#8470 = DIRECTION ( 'NONE',  ( -1.000000000000000000, 0.0000000000000000000, -0.0000000000000000000 ) ) ;
#8471 = LINE ( 'NONE', #2150, #1608 ) ;
#8472 = FILL_AREA_STYLE ('',( #3524 ) ) ;
#8473 = VECTOR ( 'NONE', #4502, 1000.000000000000000 ) ;
#8474 = ORIENTED_EDGE ( 'NONE', *, *, #9158, .T. ) ;
#8475 = DIRECTION ( 'NONE',  ( 1.000000000000000000, 0.0000000000000000000, 0.0000000000000000000 ) ) ;
#8476 =( LENGTH_UNIT ( ) NAMED_UNIT ( * ) SI_UNIT ( .MILLI., .METRE. ) );
#8477 = SURFACE_STYLE_USAGE ( .BOTH. , #4414 ) ;
#8478 = ORIENTED_EDGE ( 'NONE', *, *, #5433, .T. ) ;
#8479 = EDGE_CURVE ( 'NONE', #8657, #7461, #1738, .T. ) ;
#8480 = FILL_AREA_STYLE ('',( #7164 ) ) ;
#8481 = ADVANCED_FACE ( 'NONE', ( #1645 ), #2399, .F. ) ;
#8482 =( NAMED_UNIT ( * ) PLANE_ANGLE_UNIT ( ) SI_UNIT ( $, .RADIAN. ) );
#8483 = CARTESIAN_POINT ( 'NONE',  ( 2.000000000000000000, 0.002500000000000000052, -1.364999999999999991 ) ) ;
#8484 = ORIENTED_EDGE ( 'NONE', *, *, #7279, .F. ) ;
#8485 = FILL_AREA_STYLE_COLOUR ( '', #6168 ) ;
#8486 = ORIENTED_EDGE ( 'NONE', *, *, #8242, .F. ) ;
#8487 = DIRECTION ( 'NONE',  ( 0.0000000000000000000, 0.0000000000000000000, 1.000000000000000000 ) ) ;
#8488 =( LENGTH_UNIT ( ) NAMED_UNIT ( * ) SI_UNIT ( .MILLI., .METRE. ) );
#8489 = EDGE_CURVE ( 'NONE', #8495, #3959, #3129, .T. ) ;
#8490 = LINE ( 'NONE', #4229, #1341 ) ;
#8491 = CARTESIAN_POINT ( 'NONE',  ( 2.000000000000000000, 0.0000000000000000000, 0.6350000000000000089 ) ) ;
#8492 = CARTESIAN_POINT ( 'NONE',  ( 0.1350000000000004530, 0.002500000000000000052, 1.600000000000000089 ) ) ;
#8493 = FACE_OUTER_BOUND ( 'NONE', #4342, .T. ) ;
#8494 = LINE ( 'NONE', #3526, #1582 ) ;
#8495 = VERTEX_POINT ( 'NONE', #8668 ) ;
#8496 = CARTESIAN_POINT ( 'NONE',  ( 2.001999999999999780, 0.2025000000000000133, 0.6349999999999998979 ) ) ;
#8497 = VERTEX_POINT ( 'NONE', #6608 ) ;
#8498 = DIRECTION ( 'NONE',  ( 0.0000000000000000000, 0.0000000000000000000, -1.000000000000000000 ) ) ;
#8499 = DIRECTION ( 'NONE',  ( 0.0000000000000000000, 0.0000000000000000000, -1.000000000000000000 ) ) ;
#8500 = DIRECTION ( 'NONE',  ( 0.0000000000000000000, 1.000000000000000000, 0.0000000000000000000 ) ) ;
#8501 = LINE ( 'NONE', #6347, #4451 ) ;
#8502 = VECTOR ( 'NONE', #2752, 1000.000000000000000 ) ;
#8503 = PRESENTATION_LAYER_ASSIGNMENT (  '', '', ( #4814 ) ) ;
#8504 = CARTESIAN_POINT ( 'NONE',  ( 2.000000000000000000, 0.002500000000000000052, 2.000000000000000000 ) ) ;
#8505 = COLOUR_RGB ( '',1.000000000000000000, 1.000000000000000000, 1.000000000000000000 ) ;
#8506 = EDGE_LOOP ( 'NONE', ( #3786, #1419, #5707, #5251 ) ) ;
#8507 = AXIS2_PLACEMENT_3D ( 'NONE', #6430, #3604, #56 ) ;
#8508 = FACE_OUTER_BOUND ( 'NONE', #3398, .T. ) ;
#8509 =( NAMED_UNIT ( * ) SI_UNIT ( $, .STERADIAN. ) SOLID_ANGLE_UNIT ( ) );
#8510 = PRESENTATION_LAYER_ASSIGNMENT (  '', '', ( #6915 ) ) ;
#8511 = FILL_AREA_STYLE_COLOUR ( '', #4832 ) ;
#8512 = PLANE ( 'NONE',  #3203 ) ;
#8513 = VECTOR ( 'NONE', #740, 1000.000000000000000 ) ;
#8514 = ORIENTED_EDGE ( 'NONE', *, *, #6643, .T. ) ;
#8515 = DIRECTION ( 'NONE',  ( -0.0000000000000000000, -1.000000000000000000, -0.0000000000000000000 ) ) ;
#8516 = DIRECTION ( 'NONE',  ( 1.000000000000000000, 0.0000000000000000000, -0.0000000000000000000 ) ) ;
#8517 = LINE ( 'NONE', #1493, #1471 ) ;
#8518 = EDGE_CURVE ( 'NONE', #7175, #1796, #3830, .T. ) ;
#8519 = ORIENTED_EDGE ( 'NONE', *, *, #6747, .F. ) ;
#8520 =( LENGTH_UNIT ( ) NAMED_UNIT ( * ) SI_UNIT ( .MILLI., .METRE. ) );
#8521 =( NAMED_UNIT ( * ) SI_UNIT ( $, .STERADIAN. ) SOLID_ANGLE_UNIT ( ) );
#8522 = ADVANCED_FACE ( 'NONE', ( #2301 ), #278, .F. ) ;
#8523 = EDGE_CURVE ( 'NONE', #8325, #3693, #1130, .T. ) ;
#8524 = EDGE_LOOP ( 'NONE', ( #6094, #4898, #5913, #4924 ) ) ;
#8525 = DIRECTION ( 'NONE',  ( -0.0000000000000000000, 0.0000000000000000000, 1.000000000000000000 ) ) ;
#8526 = VECTOR ( 'NONE', #6151, 1000.000000000000000 ) ;
#8527 = ORIENTED_EDGE ( 'NONE', *, *, #2608, .T. ) ;
#8528 = FILL_AREA_STYLE_COLOUR ( '', #4384 ) ;
#8529 = CARTESIAN_POINT ( 'NONE',  ( 1.600000000000000089, 0.0000000000000000000, -0.8650000000000001021 ) ) ;
#8530 = ORIENTED_EDGE ( 'NONE', *, *, #1354, .F. ) ;
#8531 = CARTESIAN_POINT ( 'NONE',  ( -2.000000000000000000, 0.002500000000000000052, -2.000000000000000000 ) ) ;
#8532 = DIRECTION ( 'NONE',  ( -0.0000000000000000000, -1.000000000000000000, -0.0000000000000000000 ) ) ;
#8533 = STYLED_ITEM ( 'NONE', ( #8201 ), #6586 ) ;
#8534 = CARTESIAN_POINT ( 'NONE',  ( 0.1350000000000004530, 0.002500000000000000052, -1.600000000000000089 ) ) ;
#8535 = LINE ( 'NONE', #7720, #456 ) ;
#8536 = CARTESIAN_POINT ( 'NONE',  ( -2.000000000000000000, 0.2025000000000000133, -0.1350000000000001477 ) ) ;
#8537 = ADVANCED_FACE ( 'NONE', ( #6785 ), #360, .F. ) ;
#8538 =( NAMED_UNIT ( * ) SI_UNIT ( $, .STERADIAN. ) SOLID_ANGLE_UNIT ( ) );
#8539 = ORIENTED_EDGE ( 'NONE', *, *, #960, .F. ) ;
#8540 = SURFACE_STYLE_USAGE ( .BOTH. , #3044 ) ;
#8541 = ORIENTED_EDGE ( 'NONE', *, *, #7587, .T. ) ;
#8542 = LINE ( 'NONE', #7280, #2711 ) ;
#8543 = CARTESIAN_POINT ( 'NONE',  ( -2.000000000000000000, 0.2024999999999999856, 1.134999999999999787 ) ) ;
#8544 = ADVANCED_FACE ( 'NONE', ( #5480 ), #8288, .T. ) ;
#8545 =( GEOMETRIC_REPRESENTATION_CONTEXT ( 3 ) GLOBAL_UNCERTAINTY_ASSIGNED_CONTEXT ( ( #4041 ) ) GLOBAL_UNIT_ASSIGNED_CONTEXT ( ( #4728, #7560, #8844 ) ) REPRESENTATION_CONTEXT ( 'NONE', 'WORKASPACE' ) );
#8546 = DIRECTION ( 'NONE',  ( 1.000000000000000000, 0.0000000000000000000, -0.0000000000000000000 ) ) ;
#8547 = MECHANICAL_DESIGN_GEOMETRIC_PRESENTATION_REPRESENTATION (  '', ( #7966 ), #4572 ) ;
#8548 = SURFACE_STYLE_USAGE ( .BOTH. , #7094 ) ;
#8549 = CARTESIAN_POINT ( 'NONE',  ( 2.000000000000000000, 0.002500000000000000052, -2.000000000000000000 ) ) ;
#8550 = ORIENTED_EDGE ( 'NONE', *, *, #416, .T. ) ;
#8551 =( NAMED_UNIT ( * ) PLANE_ANGLE_UNIT ( ) SI_UNIT ( $, .RADIAN. ) );
#8552 = CARTESIAN_POINT ( 'NONE',  ( -1.600000000000000089, 0.0000000000000000000, -1.365000000000000213 ) ) ;
#8553 = ORIENTED_EDGE ( 'NONE', *, *, #8306, .T. ) ;
#8554 = AXIS2_PLACEMENT_3D ( 'NONE', #6244, #9064, #5550 ) ;
#8555 = ORIENTED_EDGE ( 'NONE', *, *, #5767, .F. ) ;
#8556 = VECTOR ( 'NONE', #4941, 1000.000000000000000 ) ;
#8557 = MECHANICAL_DESIGN_GEOMETRIC_PRESENTATION_REPRESENTATION (  '', ( #8259 ), #5757 ) ;
#8558 = PRESENTATION_STYLE_ASSIGNMENT (( #74 ) ) ;
#8559 = PLANE ( 'NONE',  #2112 ) ;
#8560 = ORIENTED_EDGE ( 'NONE', *, *, #2272, .F. ) ;
#8561 = CARTESIAN_POINT ( 'NONE',  ( -1.364999999999999769, -4.470451666064363791E-17, 2.000000000000000000 ) ) ;
#8562 = APPLICATION_PROTOCOL_DEFINITION ( 'draft international standard', 'automotive_design', 1998, #112 ) ;
#8563 =( LENGTH_UNIT ( ) NAMED_UNIT ( * ) SI_UNIT ( .MILLI., .METRE. ) );
#8564 = CARTESIAN_POINT ( 'NONE',  ( 1.135000000000000675, 0.2000000000000000944, -2.000000000000000000 ) ) ;
#8565 = COLOUR_RGB ( '',1.000000000000000000, 1.000000000000000000, 1.000000000000000000 ) ;
#8566 = VERTEX_POINT ( 'NONE', #7784 ) ;
#8567 = VECTOR ( 'NONE', #8233, 1000.000000000000000 ) ;
#8568 = PRESENTATION_STYLE_ASSIGNMENT (( #4971 ) ) ;
#8569 = SURFACE_STYLE_USAGE ( .BOTH. , #2442 ) ;
#8570 = CARTESIAN_POINT ( 'NONE',  ( -1.134999999999999787, 0.002499999999999955383, 2.000000000000000000 ) ) ;
#8571 = EDGE_LOOP ( 'NONE', ( #5820, #4766, #6278, #3671, #5127, #260 ) ) ;
#8572 = FACE_OUTER_BOUND ( 'NONE', #4163, .T. ) ;
#8573 = PRESENTATION_STYLE_ASSIGNMENT (( #4332 ) ) ;
#8574 = SURFACE_STYLE_FILL_AREA ( #3687 ) ;
#8575 = DIRECTION ( 'NONE',  ( 0.0000000000000000000, 0.0000000000000000000, 1.000000000000000000 ) ) ;
#8576 = DIRECTION ( 'NONE',  ( -0.0000000000000000000, -1.000000000000000000, -0.0000000000000000000 ) ) ;
#8577 = ORIENTED_EDGE ( 'NONE', *, *, #4870, .T. ) ;
#8578 = EDGE_CURVE ( 'NONE', #3880, #1393, #6264, .T. ) ;
#8579 = CARTESIAN_POINT ( 'NONE',  ( -0.8649999999999996581, 0.1999999999999999833, -2.001999999999999780 ) ) ;
#8580 = AXIS2_PLACEMENT_3D ( 'NONE', #1384, #8499, #6953 ) ;
#8581 = FILL_AREA_STYLE_COLOUR ( '', #1068 ) ;
#8582 = EDGE_CURVE ( 'NONE', #8631, #8971, #3477, .T. ) ;
#8583 = DIRECTION ( 'NONE',  ( 1.000000000000000000, -0.0000000000000000000, -0.0000000000000000000 ) ) ;
#8584 = LINE ( 'NONE', #6, #7661 ) ;
#8585 = CARTESIAN_POINT ( 'NONE',  ( -0.1349999999999995925, -1.487762787917389017E-18, -1.600000000000000089 ) ) ;
#8586 = VERTEX_POINT ( 'NONE', #2010 ) ;
#8587 =( GEOMETRIC_REPRESENTATION_CONTEXT ( 3 ) GLOBAL_UNCERTAINTY_ASSIGNED_CONTEXT ( ( #4563 ) ) GLOBAL_UNIT_ASSIGNED_CONTEXT ( ( #5395, #6841, #6138 ) ) REPRESENTATION_CONTEXT ( 'NONE', 'WORKASPACE' ) );
#8588 = FILL_AREA_STYLE_COLOUR ( '', #7254 ) ;
#8589 =( LENGTH_UNIT ( ) NAMED_UNIT ( * ) SI_UNIT ( .MILLI., .METRE. ) );
#8590 = VERTEX_POINT ( 'NONE', #5706 ) ;
#8591 =( LENGTH_UNIT ( ) NAMED_UNIT ( * ) SI_UNIT ( .MILLI., .METRE. ) );
#8592 = DIRECTION ( 'NONE',  ( 0.0000000000000000000, 0.0000000000000000000, -1.000000000000000000 ) ) ;
#8593 = DIRECTION ( 'NONE',  ( -0.0000000000000000000, 0.0000000000000000000, 1.000000000000000000 ) ) ;
#8594 = EDGE_CURVE ( 'NONE', #5748, #2543, #8433, .T. ) ;
#8595 = LINE ( 'NONE', #5242, #4894 ) ;
#8596 = PRESENTATION_LAYER_ASSIGNMENT (  '', '', ( #8743 ) ) ;
#8597 = PRESENTATION_STYLE_ASSIGNMENT (( #7681 ) ) ;
#8598 = EDGE_CURVE ( 'NONE', #966, #2200, #4965, .T. ) ;
#8599 = DIRECTION ( 'NONE',  ( -0.0000000000000000000, 0.0000000000000000000, -1.000000000000000000 ) ) ;
#8600 = DIRECTION ( 'NONE',  ( 1.000000000000000000, 0.0000000000000000000, -0.0000000000000000000 ) ) ;
#8601 = VERTEX_POINT ( 'NONE', #2109 ) ;
#8602 = CARTESIAN_POINT ( 'NONE',  ( 2.001999999999999780, 0.2025000000000000133, 1.364999999999999991 ) ) ;
#8603 = MECHANICAL_DESIGN_GEOMETRIC_PRESENTATION_REPRESENTATION (  '', ( #757 ), #4165 ) ;
#8604 = VERTEX_POINT ( 'NONE', #602 ) ;
#8605 = PLANE ( 'NONE',  #6868 ) ;
#8606 = LINE ( 'NONE', #1392, #5632 ) ;
#8607 = VECTOR ( 'NONE', #5604, 1000.000000000000000 ) ;
#8608 = PRESENTATION_LAYER_ASSIGNMENT (  '', '', ( #3155 ) ) ;
#8609 = FACE_OUTER_BOUND ( 'NONE', #533, .T. ) ;
#8610 = SURFACE_STYLE_FILL_AREA ( #6547 ) ;
#8611 = PRESENTATION_STYLE_ASSIGNMENT (( #175 ) ) ;
#8612 =( NAMED_UNIT ( * ) PLANE_ANGLE_UNIT ( ) SI_UNIT ( $, .RADIAN. ) );
#8613 = DIRECTION ( 'NONE',  ( -1.000000000000000000, 0.0000000000000000000, -0.0000000000000000000 ) ) ;
#8614 = SURFACE_SIDE_STYLE ('',( #1442 ) ) ;
#8615 = VECTOR ( 'NONE', #2420, 1000.000000000000000 ) ;
#8616 = MECHANICAL_DESIGN_GEOMETRIC_PRESENTATION_REPRESENTATION (  '', ( #4494 ), #6416 ) ;
#8617 = VERTEX_POINT ( 'NONE', #8378 ) ;
#8618 = PLANE ( 'NONE',  #6976 ) ;
#8619 =( LENGTH_UNIT ( ) NAMED_UNIT ( * ) SI_UNIT ( .MILLI., .METRE. ) );
#8620 = COLOUR_RGB ( '',1.000000000000000000, 1.000000000000000000, 1.000000000000000000 ) ;
#8621 =( LENGTH_UNIT ( ) NAMED_UNIT ( * ) SI_UNIT ( .MILLI., .METRE. ) );
#8622 = FACE_OUTER_BOUND ( 'NONE', #2977, .T. ) ;
#8623 = ORIENTED_EDGE ( 'NONE', *, *, #6332, .T. ) ;
#8624 = EDGE_LOOP ( 'NONE', ( #6195, #7314, #823, #6450 ) ) ;
#8625 = ORIENTED_EDGE ( 'NONE', *, *, #4230, .T. ) ;
#8626 = ORIENTED_EDGE ( 'NONE', *, *, #6979, .F. ) ;
#8627 =( NAMED_UNIT ( * ) PLANE_ANGLE_UNIT ( ) SI_UNIT ( $, .RADIAN. ) );
#8628 = CARTESIAN_POINT ( 'NONE',  ( 2.000000000000000000, 0.002500000000000000052, 0.1350000000000000366 ) ) ;
#8629 = DIRECTION ( 'NONE',  ( -0.0000000000000000000, -1.000000000000000000, -0.0000000000000000000 ) ) ;
#8630 = CARTESIAN_POINT ( 'NONE',  ( -2.000000000000000000, 0.002500000000000000052, 0.6350000000000000089 ) ) ;
#8631 = VERTEX_POINT ( 'NONE', #742 ) ;
#8632 = CARTESIAN_POINT ( 'NONE',  ( 2.000000000000000000, 0.0000000000000000000, -0.3649999999999999911 ) ) ;
#8633 = SURFACE_SIDE_STYLE ('',( #5866 ) ) ;
#8634 = VERTEX_POINT ( 'NONE', #2794 ) ;
#8635 = SURFACE_STYLE_FILL_AREA ( #7046 ) ;
#8636 = ADVANCED_FACE ( 'NONE', ( #6363 ), #4873, .F. ) ;
#8637 =( NAMED_UNIT ( * ) PLANE_ANGLE_UNIT ( ) SI_UNIT ( $, .RADIAN. ) );
#8638 =( LENGTH_UNIT ( ) NAMED_UNIT ( * ) SI_UNIT ( .MILLI., .METRE. ) );
#8639 =( NAMED_UNIT ( * ) PLANE_ANGLE_UNIT ( ) SI_UNIT ( $, .RADIAN. ) );
#8640 = PRESENTATION_STYLE_ASSIGNMENT (( #2461 ) ) ;
#8641 = FILL_AREA_STYLE ('',( #1386 ) ) ;
#8642 = ORIENTED_EDGE ( 'NONE', *, *, #6332, .F. ) ;
#8643 =( LENGTH_UNIT ( ) NAMED_UNIT ( * ) SI_UNIT ( .MILLI., .METRE. ) );
#8644 = ADVANCED_FACE ( 'NONE', ( #7057 ), #690, .F. ) ;
#8645 = ADVANCED_FACE ( 'NONE', ( #992 ), #8559, .F. ) ;
#8646 = DIRECTION ( 'NONE',  ( -0.0000000000000000000, 0.0000000000000000000, 1.000000000000000000 ) ) ;
#8647 = EDGE_CURVE ( 'NONE', #2213, #5681, #1537, .T. ) ;
#8648 = PRESENTATION_LAYER_ASSIGNMENT (  '', '', ( #7620 ) ) ;
#8649 = SURFACE_SIDE_STYLE ('',( #4310 ) ) ;
#8650 = VERTEX_POINT ( 'NONE', #7345 ) ;
#8651 = LINE ( 'NONE', #3718, #5917 ) ;
#8652 = PLANE ( 'NONE',  #6028 ) ;
#8653 = DIRECTION ( 'NONE',  ( -0.0000000000000000000, -1.000000000000000000, -0.0000000000000000000 ) ) ;
#8654 = VECTOR ( 'NONE', #4252, 1000.000000000000000 ) ;
#8655 = EDGE_CURVE ( 'NONE', #8399, #6846, #5075, .T. ) ;
#8656 =( NAMED_UNIT ( * ) SI_UNIT ( $, .STERADIAN. ) SOLID_ANGLE_UNIT ( ) );
#8657 = VERTEX_POINT ( 'NONE', #4320 ) ;
#8658 = DIRECTION ( 'NONE',  ( -0.0000000000000000000, -0.0000000000000000000, -1.000000000000000000 ) ) ;
#8659 = FILL_AREA_STYLE ('',( #3027 ) ) ;
#8660 = CARTESIAN_POINT ( 'NONE',  ( -1.134999999999999787, 0.1999999999999999556, -2.001999999999999780 ) ) ;
#8661 = EDGE_LOOP ( 'NONE', ( #7633, #6337, #3539, #8249 ) ) ;
#8662 = FILL_AREA_STYLE_COLOUR ( '', #4890 ) ;
#8663 =( NAMED_UNIT ( * ) PLANE_ANGLE_UNIT ( ) SI_UNIT ( $, .RADIAN. ) );
#8664 = VECTOR ( 'NONE', #1191, 1000.000000000000000 ) ;
#8665 = VECTOR ( 'NONE', #4183, 1000.000000000000000 ) ;
#8666 = CARTESIAN_POINT ( 'NONE',  ( -2.001999999999999780, 0.2025000000000000133, 1.364999999999999991 ) ) ;
#8667 = UNCERTAINTY_MEASURE_WITH_UNIT (LENGTH_MEASURE( 1.000000000000000082E-05 ), #7641, 'distance_accuracy_value', 'NONE');
#8668 = CARTESIAN_POINT ( 'NONE',  ( 0.1350000000000003419, 0.2000000000000000111, -2.001999999999999780 ) ) ;
#8669 = PRESENTATION_STYLE_ASSIGNMENT (( #5850 ) ) ;
#8670 = ORIENTED_EDGE ( 'NONE', *, *, #4308, .T. ) ;
#8671 = MECHANICAL_DESIGN_GEOMETRIC_PRESENTATION_REPRESENTATION (  '', ( #4989 ), #2477 ) ;
#8672 = FILL_AREA_STYLE ('',( #189 ) ) ;
#8673 = VERTEX_POINT ( 'NONE', #3821 ) ;
#8674 = STYLED_ITEM ( 'NONE', ( #2055 ), #5827 ) ;
#8675 = EDGE_LOOP ( 'NONE', ( #8768, #5877, #2445, #2595 ) ) ;
#8676 = FACE_OUTER_BOUND ( 'NONE', #7943, .T. ) ;
#8677 = VECTOR ( 'NONE', #6297, 1000.000000000000000 ) ;
#8678 = CARTESIAN_POINT ( 'NONE',  ( 2.001999999999999780, 0.002500000000000000052, -0.8650000000000001021 ) ) ;
#8679 = STYLED_ITEM ( 'NONE', ( #6433 ), #5544 ) ;
#8680 = ORIENTED_EDGE ( 'NONE', *, *, #5226, .F. ) ;
#8681 = FILL_AREA_STYLE ('',( #3749 ) ) ;
#8682 = ORIENTED_EDGE ( 'NONE', *, *, #1978, .F. ) ;
#8683 = CARTESIAN_POINT ( 'NONE',  ( 0.6350000000000004530, 0.002500000000000015231, 1.600000000000000089 ) ) ;
#8684 = LINE ( 'NONE', #7502, #3079 ) ;
#8685 = CARTESIAN_POINT ( 'NONE',  ( -1.250000000000000000, 0.0005000000000000003357, 1.250000000000000000 ) ) ;
#8686 =( GEOMETRIC_REPRESENTATION_CONTEXT ( 3 ) GLOBAL_UNCERTAINTY_ASSIGNED_CONTEXT ( ( #4407 ) ) GLOBAL_UNIT_ASSIGNED_CONTEXT ( ( #8873, #2372, #8088 ) ) REPRESENTATION_CONTEXT ( 'NONE', 'WORKASPACE' ) );
#8687 = FILL_AREA_STYLE_COLOUR ( '', #7283 ) ;
#8688 = SURFACE_STYLE_USAGE ( .BOTH. , #206 ) ;
#8689 = SURFACE_STYLE_USAGE ( .BOTH. , #1522 ) ;
#8690 = ORIENTED_EDGE ( 'NONE', *, *, #4528, .F. ) ;
#8691 = DIRECTION ( 'NONE',  ( 1.000000000000000000, 0.0000000000000000000, 0.0000000000000000000 ) ) ;
#8692 = STYLED_ITEM ( 'NONE', ( #4070 ), #6737 ) ;
#8693 = CARTESIAN_POINT ( 'NONE',  ( 1.600000000000000089, 0.002500000000000000052, 0.1349999999999998701 ) ) ;
#8694 = PLANE ( 'NONE',  #334 ) ;
#8695 = ORIENTED_EDGE ( 'NONE', *, *, #8465, .F. ) ;
#8696 = PRESENTATION_LAYER_ASSIGNMENT (  '', '', ( #110 ) ) ;
#8697 = COLOUR_RGB ( '',1.000000000000000000, 1.000000000000000000, 1.000000000000000000 ) ;
#8698 = ADVANCED_FACE ( 'NONE', ( #5935 ), #1583, .F. ) ;
#8699 = ADVANCED_FACE ( 'NONE', ( #8981 ), #4035, .T. ) ;
#8700 = PLANE ( 'NONE',  #5584 ) ;
#8701 = SURFACE_SIDE_STYLE ('',( #7389 ) ) ;
#8702 = ADVANCED_FACE ( 'NONE', ( #6781 ), #7390, .T. ) ;
#8703 =( GEOMETRIC_REPRESENTATION_CONTEXT ( 3 ) GLOBAL_UNCERTAINTY_ASSIGNED_CONTEXT ( ( #5505 ) ) GLOBAL_UNIT_ASSIGNED_CONTEXT ( ( #4515, #240, #6703 ) ) REPRESENTATION_CONTEXT ( 'NONE', 'WORKASPACE' ) );
#8704 = PLANE ( 'NONE',  #4833 ) ;
#8705 = VECTOR ( 'NONE', #5690, 1000.000000000000000 ) ;
#8706 = CARTESIAN_POINT ( 'NONE',  ( -0.1349999999999995925, 0.1999999999999999833, -2.000000000000000000 ) ) ;
#8707 = LINE ( 'NONE', #2439, #7827 ) ;
#8708 = VERTEX_POINT ( 'NONE', #4685 ) ;
#8709 = CARTESIAN_POINT ( 'NONE',  ( 2.000000000000000000, 0.2024999999999999856, -1.365000000000000213 ) ) ;
#8710 = PRESENTATION_LAYER_ASSIGNMENT (  '', '', ( #4272 ) ) ;
#8711 = VECTOR ( 'NONE', #2578, 1000.000000000000000 ) ;
#8712 = ADVANCED_FACE ( 'NONE', ( #7522 ), #3989, .T. ) ;
#8713 = EDGE_CURVE ( 'NONE', #3693, #6465, #7044, .T. ) ;
#8714 =( NAMED_UNIT ( * ) SI_UNIT ( $, .STERADIAN. ) SOLID_ANGLE_UNIT ( ) );
#8715 = EDGE_LOOP ( 'NONE', ( #1075, #8739, #3722, #7722, #8464 ) ) ;
#8716 =( GEOMETRIC_REPRESENTATION_CONTEXT ( 3 ) GLOBAL_UNCERTAINTY_ASSIGNED_CONTEXT ( ( #3669 ) ) GLOBAL_UNIT_ASSIGNED_CONTEXT ( ( #8746, #1723, #4542 ) ) REPRESENTATION_CONTEXT ( 'NONE', 'WORKASPACE' ) );
#8717 = DIRECTION ( 'NONE',  ( 0.0000000000000000000, 0.0000000000000000000, 1.000000000000000000 ) ) ;
#8718 = STYLED_ITEM ( 'NONE', ( #3421 ), #332 ) ;
#8719 = CARTESIAN_POINT ( 'NONE',  ( -1.364999999999999547, -4.470451666064363791E-17, 1.600000000000000089 ) ) ;
#8720 =( NAMED_UNIT ( * ) SI_UNIT ( $, .STERADIAN. ) SOLID_ANGLE_UNIT ( ) );
#8721 = VECTOR ( 'NONE', #409, 1000.000000000000000 ) ;
#8722 = ORIENTED_EDGE ( 'NONE', *, *, #2826, .F. ) ;
#8723 = PLANE ( 'NONE',  #2535 ) ;
#8724 = ORIENTED_EDGE ( 'NONE', *, *, #1031, .F. ) ;
#8725 = CARTESIAN_POINT ( 'NONE',  ( -2.001999999999999780, 0.2025000000000000133, 0.1349999999999998701 ) ) ;
#8726 = VECTOR ( 'NONE', #7038, 1000.000000000000000 ) ;
#8727 = PRESENTATION_STYLE_ASSIGNMENT (( #1008 ) ) ;
#8728 = PLANE ( 'NONE',  #1448 ) ;
#8729 = ORIENTED_EDGE ( 'NONE', *, *, #3911, .T. ) ;
#8730 = LINE ( 'NONE', #7327, #270 ) ;
#8731 = ORIENTED_EDGE ( 'NONE', *, *, #6236, .T. ) ;
#8732 =( NAMED_UNIT ( * ) SI_UNIT ( $, .STERADIAN. ) SOLID_ANGLE_UNIT ( ) );
#8733 = COLOUR_RGB ( '',1.000000000000000000, 1.000000000000000000, 1.000000000000000000 ) ;
#8734 =( GEOMETRIC_REPRESENTATION_CONTEXT ( 3 ) GLOBAL_UNCERTAINTY_ASSIGNED_CONTEXT ( ( #7197 ) ) GLOBAL_UNIT_ASSIGNED_CONTEXT ( ( #6482, #8637, #5828 ) ) REPRESENTATION_CONTEXT ( 'NONE', 'WORKASPACE' ) );
#8735 = FILL_AREA_STYLE ('',( #8687 ) ) ;
#8736 = STYLED_ITEM ( 'NONE', ( #3633 ), #1865 ) ;
#8737 = PLANE ( 'NONE',  #7719 ) ;
#8738 =( NAMED_UNIT ( * ) SI_UNIT ( $, .STERADIAN. ) SOLID_ANGLE_UNIT ( ) );
#8739 = ORIENTED_EDGE ( 'NONE', *, *, #8983, .T. ) ;
#8740 = AXIS2_PLACEMENT_3D ( 'NONE', #2804, #4219, #7066 ) ;
#8741 = LINE ( 'NONE', #5789, #5705 ) ;
#8742 = ORIENTED_EDGE ( 'NONE', *, *, #2047, .F. ) ;
#8743 = STYLED_ITEM ( 'NONE', ( #9128 ), #2092 ) ;
#8744 = SURFACE_SIDE_STYLE ('',( #170 ) ) ;
#8745 = PRESENTATION_LAYER_ASSIGNMENT (  '', '', ( #7841 ) ) ;
#8746 =( LENGTH_UNIT ( ) NAMED_UNIT ( * ) SI_UNIT ( .MILLI., .METRE. ) );
#8747 = UNCERTAINTY_MEASURE_WITH_UNIT (LENGTH_MEASURE( 1.000000000000000082E-05 ), #4513, 'distance_accuracy_value', 'NONE');
#8748 = CARTESIAN_POINT ( 'NONE',  ( -2.000000000000000000, 0.002500000000000000052, 1.135000000000000231 ) ) ;
#8749 =( GEOMETRIC_REPRESENTATION_CONTEXT ( 3 ) GLOBAL_UNCERTAINTY_ASSIGNED_CONTEXT ( ( #6642 ) ) GLOBAL_UNIT_ASSIGNED_CONTEXT ( ( #5974, #5322, #3929 ) ) REPRESENTATION_CONTEXT ( 'NONE', 'WORKASPACE' ) );
#8750 = UNCERTAINTY_MEASURE_WITH_UNIT (LENGTH_MEASURE( 1.000000000000000082E-05 ), #3223, 'distance_accuracy_value', 'NONE');
#8751 =( NAMED_UNIT ( * ) PLANE_ANGLE_UNIT ( ) SI_UNIT ( $, .RADIAN. ) );
#8752 = FILL_AREA_STYLE ('',( #1359 ) ) ;
#8753 = PRESENTATION_STYLE_ASSIGNMENT (( #946 ) ) ;
#8754 = DIRECTION ( 'NONE',  ( 0.0000000000000000000, 0.0000000000000000000, 1.000000000000000000 ) ) ;
#8755 = EDGE_LOOP ( 'NONE', ( #1562, #376, #2434, #3088 ) ) ;
#8756 =( GEOMETRIC_REPRESENTATION_CONTEXT ( 3 ) GLOBAL_UNCERTAINTY_ASSIGNED_CONTEXT ( ( #6912 ) ) GLOBAL_UNIT_ASSIGNED_CONTEXT ( ( #4853, #4153, #7034 ) ) REPRESENTATION_CONTEXT ( 'NONE', 'WORKASPACE' ) );
#8757 = DIRECTION ( 'NONE',  ( -0.0000000000000000000, -0.0000000000000000000, -1.000000000000000000 ) ) ;
#8758 = AXIS2_PLACEMENT_3D ( 'NONE', #8628, #5230, #2360 ) ;
#8759 = EDGE_CURVE ( 'NONE', #3349, #8790, #7734, .T. ) ;
#8760 = CARTESIAN_POINT ( 'NONE',  ( -1.600000000000000089, 0.002500000000000000052, 0.1349999999999998701 ) ) ;
#8761 = DIRECTION ( 'NONE',  ( 0.0000000000000000000, -0.0000000000000000000, -1.000000000000000000 ) ) ;
#8762 = ORIENTED_EDGE ( 'NONE', *, *, #261, .F. ) ;
#8763 =( GEOMETRIC_REPRESENTATION_CONTEXT ( 3 ) GLOBAL_UNCERTAINTY_ASSIGNED_CONTEXT ( ( #6166 ) ) GLOBAL_UNIT_ASSIGNED_CONTEXT ( ( #6442, #7692, #7006 ) ) REPRESENTATION_CONTEXT ( 'NONE', 'WORKASPACE' ) );
#8764 = EDGE_CURVE ( 'NONE', #3122, #2920, #4818, .T. ) ;
#8765 = SURFACE_STYLE_FILL_AREA ( #1052 ) ;
#8766 = CARTESIAN_POINT ( 'NONE',  ( 2.000000000000000000, 0.002500000000000000052, 0.1350000000000000366 ) ) ;
#8767 = EDGE_CURVE ( 'NONE', #287, #4428, #7688, .T. ) ;
#8768 = ORIENTED_EDGE ( 'NONE', *, *, #4859, .T. ) ;
#8769 = FILL_AREA_STYLE_COLOUR ( '', #2239 ) ;
#8770 = ADVANCED_FACE ( 'NONE', ( #3516 ), #730, .F. ) ;
#8771 = EDGE_LOOP ( 'NONE', ( #6519, #4522, #3551, #7531, #6561, #570 ) ) ;
#8772 =( GEOMETRIC_REPRESENTATION_CONTEXT ( 3 ) GLOBAL_UNCERTAINTY_ASSIGNED_CONTEXT ( ( #6349 ) ) GLOBAL_UNIT_ASSIGNED_CONTEXT ( ( #4777, #9121, #2192 ) ) REPRESENTATION_CONTEXT ( 'NONE', 'WORKASPACE' ) );
#8773 = PRESENTATION_STYLE_ASSIGNMENT (( #5137 ) ) ;
#8774 = LINE ( 'NONE', #8907, #6129 ) ;
#8775 = ORIENTED_EDGE ( 'NONE', *, *, #5786, .F. ) ;
#8776 = DIRECTION ( 'NONE',  ( 0.0000000000000000000, 0.0000000000000000000, 1.000000000000000000 ) ) ;
#8777 = DIRECTION ( 'NONE',  ( 1.000000000000000000, 0.0000000000000000000, 0.0000000000000000000 ) ) ;
#8778 = VERTEX_POINT ( 'NONE', #2001 ) ;
#8779 = LINE ( 'NONE', #252, #938 ) ;
#8780 = LINE ( 'NONE', #5916, #2474 ) ;
#8781 = VECTOR ( 'NONE', #8980, 1000.000000000000000 ) ;
#8782 = CARTESIAN_POINT ( 'NONE',  ( -0.1349999999999995925, 0.1999999999999999833, 2.001999999999999780 ) ) ;
#8783 = DIRECTION ( 'NONE',  ( 0.0000000000000000000, 1.000000000000000000, 0.0000000000000000000 ) ) ;
#8784 = FILL_AREA_STYLE_COLOUR ( '', #1192 ) ;
#8785 = CARTESIAN_POINT ( 'NONE',  ( -0.6349999999999995648, 0.1999999999999999833, 2.000000000000000000 ) ) ;
#8786 = PRESENTATION_STYLE_ASSIGNMENT (( #8688 ) ) ;
#8787 = SURFACE_SIDE_STYLE ('',( #5977 ) ) ;
#8788 = ORIENTED_EDGE ( 'NONE', *, *, #5433, .F. ) ;
#8789 = CARTESIAN_POINT ( 'NONE',  ( -2.001999999999999780, 0.2025000000000000133, 0.8649999999999998801 ) ) ;
#8790 = VERTEX_POINT ( 'NONE', #3418 ) ;
#8791 = MANIFOLD_SOLID_BREP ( 'Cut-Extrude1', #7971 ) ;
#8792 = SURFACE_STYLE_FILL_AREA ( #5159 ) ;
#8793 = DIRECTION ( 'NONE',  ( 1.000000000000000000, 0.0000000000000000000, 0.0000000000000000000 ) ) ;
#8794 = DIRECTION ( 'NONE',  ( 0.0000000000000000000, 0.0000000000000000000, -1.000000000000000000 ) ) ;
#8795 = CARTESIAN_POINT ( 'NONE',  ( 1.600000000000000089, 0.0000000000000000000, -1.135000000000000009 ) ) ;
#8796 =( GEOMETRIC_REPRESENTATION_CONTEXT ( 3 ) GLOBAL_UNCERTAINTY_ASSIGNED_CONTEXT ( ( #4953 ) ) GLOBAL_UNIT_ASSIGNED_CONTEXT ( ( #7357, #4083, #6880 ) ) REPRESENTATION_CONTEXT ( 'NONE', 'WORKASPACE' ) );
#8797 = DIRECTION ( 'NONE',  ( 0.0000000000000000000, -1.000000000000000000, 0.0000000000000000000 ) ) ;
#8798 = SURFACE_SIDE_STYLE ('',( #6691 ) ) ;
#8799 = ORIENTED_EDGE ( 'NONE', *, *, #7271, .T. ) ;
#8800 = SURFACE_STYLE_FILL_AREA ( #1087 ) ;
#8801 = STYLED_ITEM ( 'NONE', ( #544 ), #4133 ) ;
#8802 = VECTOR ( 'NONE', #7246, 1000.000000000000000 ) ;
#8803 =( LENGTH_UNIT ( ) NAMED_UNIT ( * ) SI_UNIT ( .MILLI., .METRE. ) );
#8804 = ORIENTED_EDGE ( 'NONE', *, *, #9162, .T. ) ;
#8805 = EDGE_CURVE ( 'NONE', #9146, #1793, #23, .T. ) ;
#8806 = CARTESIAN_POINT ( 'NONE',  ( -2.001999999999999780, 0.2025000000000000133, -1.365000000000000213 ) ) ;
#8807 = CARTESIAN_POINT ( 'NONE',  ( 1.600000000000000089, 0.002500000000000000052, 1.135000000000000009 ) ) ;
#8808 = VERTEX_POINT ( 'NONE', #824 ) ;
#8809 = ORIENTED_EDGE ( 'NONE', *, *, #5444, .F. ) ;
#8810 = MECHANICAL_DESIGN_GEOMETRIC_PRESENTATION_REPRESENTATION (  '', ( #3199 ), #6039 ) ;
#8811 = COLOUR_RGB ( '',1.000000000000000000, 1.000000000000000000, 1.000000000000000000 ) ;
#8812 = EDGE_CURVE ( 'NONE', #3170, #4412, #6439, .T. ) ;
#8813 =( LENGTH_UNIT ( ) NAMED_UNIT ( * ) SI_UNIT ( .MILLI., .METRE. ) );
#8814 = EDGE_CURVE ( 'NONE', #1271, #3172, #5012, .T. ) ;
#8815 = EDGE_CURVE ( 'NONE', #7819, #6846, #2970, .T. ) ;
#8816 =( NAMED_UNIT ( * ) SI_UNIT ( $, .STERADIAN. ) SOLID_ANGLE_UNIT ( ) );
#8817 = UNCERTAINTY_MEASURE_WITH_UNIT (LENGTH_MEASURE( 1.000000000000000082E-05 ), #947, 'distance_accuracy_value', 'NONE');
#8818 =( GEOMETRIC_REPRESENTATION_CONTEXT ( 3 ) GLOBAL_UNCERTAINTY_ASSIGNED_CONTEXT ( ( #7643 ) ) GLOBAL_UNIT_ASSIGNED_CONTEXT ( ( #8910, #8955, #7370 ) ) REPRESENTATION_CONTEXT ( 'NONE', 'WORKASPACE' ) );
#8819 =( NAMED_UNIT ( * ) SI_UNIT ( $, .STERADIAN. ) SOLID_ANGLE_UNIT ( ) );
#8820 = ORIENTED_EDGE ( 'NONE', *, *, #6064, .F. ) ;
#8821 = ADVANCED_FACE ( 'NONE', ( #3014 ), #8694, .T. ) ;
#8822 = DIRECTION ( 'NONE',  ( 1.000000000000000000, 0.0000000000000000000, 4.065758146820642614E-16 ) ) ;
#8823 =( GEOMETRIC_REPRESENTATION_CONTEXT ( 3 ) GLOBAL_UNCERTAINTY_ASSIGNED_CONTEXT ( ( #4606 ) ) GLOBAL_UNIT_ASSIGNED_CONTEXT ( ( #3408, #9013, #2692 ) ) REPRESENTATION_CONTEXT ( 'NONE', 'WORKASPACE' ) );
#8824 = PLANE ( 'NONE',  #7366 ) ;
#8825 = ORIENTED_EDGE ( 'NONE', *, *, #7138, .T. ) ;
#8826 = SURFACE_STYLE_FILL_AREA ( #6716 ) ;
#8827 =( NAMED_UNIT ( * ) PLANE_ANGLE_UNIT ( ) SI_UNIT ( $, .RADIAN. ) );
#8828 = DIRECTION ( 'NONE',  ( 0.0000000000000000000, 0.0000000000000000000, -1.000000000000000000 ) ) ;
#8829 = PLANE ( 'NONE',  #3998 ) ;
#8830 = VECTOR ( 'NONE', #7729, 1000.000000000000000 ) ;
#8831 = AXIS2_PLACEMENT_3D ( 'NONE', #769, #2909, #5694 ) ;
#8832 = EDGE_CURVE ( 'NONE', #5730, #7819, #5743, .T. ) ;
#8833 = DIRECTION ( 'NONE',  ( 0.0000000000000000000, 0.0000000000000000000, -1.000000000000000000 ) ) ;
#8834 = VERTEX_POINT ( 'NONE', #8504 ) ;
#8835 = EDGE_CURVE ( 'NONE', #5496, #8631, #4454, .T. ) ;
#8836 = FILL_AREA_STYLE ('',( #7472 ) ) ;
#8837 = LINE ( 'NONE', #1852, #8346 ) ;
#8838 = VERTEX_POINT ( 'NONE', #8552 ) ;
#8839 = COLOUR_RGB ( '',0.2509803921568627416, 0.2509803921568627416, 0.2509803921568627416 ) ;
#8840 = MECHANICAL_DESIGN_GEOMETRIC_PRESENTATION_REPRESENTATION (  '', ( #3668 ), #828 ) ;
#8841 = ORIENTED_EDGE ( 'NONE', *, *, #5663, .F. ) ;
#8842 = DIRECTION ( 'NONE',  ( 0.0000000000000000000, 0.0000000000000000000, 1.000000000000000000 ) ) ;
#8843 = UNCERTAINTY_MEASURE_WITH_UNIT (LENGTH_MEASURE( 1.000000000000000082E-05 ), #2377, 'distance_accuracy_value', 'NONE');
#8844 =( NAMED_UNIT ( * ) SI_UNIT ( $, .STERADIAN. ) SOLID_ANGLE_UNIT ( ) );
#8845 = UNCERTAINTY_MEASURE_WITH_UNIT (LENGTH_MEASURE( 1.000000000000000082E-05 ), #3345, 'distance_accuracy_value', 'NONE');
#8846 =( NAMED_UNIT ( * ) SI_UNIT ( $, .STERADIAN. ) SOLID_ANGLE_UNIT ( ) );
#8847 = ORIENTED_EDGE ( 'NONE', *, *, #2782, .F. ) ;
#8848 =( NAMED_UNIT ( * ) SI_UNIT ( $, .STERADIAN. ) SOLID_ANGLE_UNIT ( ) );
#8849 = UNCERTAINTY_MEASURE_WITH_UNIT (LENGTH_MEASURE( 1.000000000000000082E-05 ), #95, 'distance_accuracy_value', 'NONE');
#8850 = ORIENTED_EDGE ( 'NONE', *, *, #5614, .T. ) ;
#8851 = CARTESIAN_POINT ( 'NONE',  ( -2.000000000000000000, 0.002500000000000000052, -2.000000000000000000 ) ) ;
#8852 = CARTESIAN_POINT ( 'NONE',  ( -1.600000000000000089, 0.002500000000000000052, -1.365000000000000213 ) ) ;
#8853 = VERTEX_POINT ( 'NONE', #7914 ) ;
#8854 = ORIENTED_EDGE ( 'NONE', *, *, #6295, .F. ) ;
#8855 = SURFACE_SIDE_STYLE ('',( #4704 ) ) ;
#8856 = COLOUR_RGB ( '',1.000000000000000000, 1.000000000000000000, 1.000000000000000000 ) ;
#8857 = DIRECTION ( 'NONE',  ( 0.0000000000000000000, 0.0000000000000000000, 1.000000000000000000 ) ) ;
#8858 = PLANE ( 'NONE',  #4940 ) ;
#8859 = EDGE_LOOP ( 'NONE', ( #6487, #1163, #7186, #4307 ) ) ;
#8860 = FILL_AREA_STYLE_COLOUR ( '', #9157 ) ;
#8861 = STYLED_ITEM ( 'NONE', ( #6177 ), #7534 ) ;
#8862 = PRESENTATION_STYLE_ASSIGNMENT (( #5965 ) ) ;
#8863 = ORIENTED_EDGE ( 'NONE', *, *, #781, .T. ) ;
#8864 = CARTESIAN_POINT ( 'NONE',  ( -1.134999999999999787, 0.1999999999999999556, 2.000000000000000000 ) ) ;
#8865 = FILL_AREA_STYLE ('',( #4491 ) ) ;
#8866 =( NAMED_UNIT ( * ) SI_UNIT ( $, .STERADIAN. ) SOLID_ANGLE_UNIT ( ) );
#8867 = ADVANCED_FACE ( 'NONE', ( #2238 ), #7872, .F. ) ;
#8868 = MECHANICAL_DESIGN_GEOMETRIC_PRESENTATION_REPRESENTATION (  '', ( #6372 ), #736 ) ;
#8869 = AXIS2_PLACEMENT_3D ( 'NONE', #1862, #2567, #3991 ) ;
#8870 = EDGE_CURVE ( 'NONE', #8790, #3652, #1162, .T. ) ;
#8871 = AXIS2_PLACEMENT_3D ( 'NONE', #3587, #3728, #5123 ) ;
#8872 = CARTESIAN_POINT ( 'NONE',  ( 1.600000000000000089, 0.002500000000000000052, -0.8650000000000001021 ) ) ;
#8873 =( LENGTH_UNIT ( ) NAMED_UNIT ( * ) SI_UNIT ( .MILLI., .METRE. ) );
#8874 = SURFACE_STYLE_USAGE ( .BOTH. , #8787 ) ;
#8875 = ORIENTED_EDGE ( 'NONE', *, *, #858, .T. ) ;
#8876 = AXIS2_PLACEMENT_3D ( 'NONE', #3840, #5094, #3789 ) ;
#8877 =( NAMED_UNIT ( * ) PLANE_ANGLE_UNIT ( ) SI_UNIT ( $, .RADIAN. ) );
#8878 = CARTESIAN_POINT ( 'NONE',  ( 1.135000000000000453, 0.2000000000000000389, -2.001999999999999780 ) ) ;
#8879 = ORIENTED_EDGE ( 'NONE', *, *, #7145, .T. ) ;
#8880 = CARTESIAN_POINT ( 'NONE',  ( -0.6349999999999995648, 0.1999999999999999833, 2.001999999999999780 ) ) ;
#8881 = VECTOR ( 'NONE', #6160, 1000.000000000000000 ) ;
#8882 = ADVANCED_FACE ( 'NONE', ( #5926 ), #3108, .F. ) ;
#8883 = ORIENTED_EDGE ( 'NONE', *, *, #5836, .F. ) ;
#8884 = CARTESIAN_POINT ( 'NONE',  ( -2.000000000000000000, 0.9000000000000000222, 2.000000000000000000 ) ) ;
#8885 = CARTESIAN_POINT ( 'NONE',  ( -2.000000000000000000, 0.002500000000000000052, -1.135000000000000009 ) ) ;
#8886 = AXIS2_PLACEMENT_3D ( 'NONE', #4049, #2671, #3882 ) ;
#8887 = ADVANCED_FACE ( 'NONE', ( #3898 ), #5375, .F. ) ;
#8888 = AXIS2_PLACEMENT_3D ( 'NONE', #5218, #6508, #3081 ) ;
#8889 = SURFACE_SIDE_STYLE ('',( #6641 ) ) ;
#8890 =( GEOMETRIC_REPRESENTATION_CONTEXT ( 3 ) GLOBAL_UNCERTAINTY_ASSIGNED_CONTEXT ( ( #1438 ) ) GLOBAL_UNIT_ASSIGNED_CONTEXT ( ( #7698, #8419, #685 ) ) REPRESENTATION_CONTEXT ( 'NONE', 'WORKASPACE' ) );
#8891 = SURFACE_STYLE_FILL_AREA ( #1822 ) ;
#8892 = CARTESIAN_POINT ( 'NONE',  ( 1.600000000000000089, 0.002500000000000000052, -0.3650000000000001577 ) ) ;
#8893 = DIRECTION ( 'NONE',  ( 1.000000000000000000, 0.0000000000000000000, 0.0000000000000000000 ) ) ;
#8894 = CARTESIAN_POINT ( 'NONE',  ( -0.1349999999999995925, 0.002499999999999985307, 2.000000000000000000 ) ) ;
#8895 = VECTOR ( 'NONE', #7079, 1000.000000000000000 ) ;
#8896 =( NAMED_UNIT ( * ) SI_UNIT ( $, .STERADIAN. ) SOLID_ANGLE_UNIT ( ) );
#8897 = ORIENTED_EDGE ( 'NONE', *, *, #4123, .T. ) ;
#8898 = LINE ( 'NONE', #2532, #7984 ) ;
#8899 = CARTESIAN_POINT ( 'NONE',  ( 2.001999999999999780, 0.2025000000000000133, -0.3650000000000001577 ) ) ;
#8900 = FILL_AREA_STYLE ('',( #560 ) ) ;
#8901 =( GEOMETRIC_REPRESENTATION_CONTEXT ( 3 ) GLOBAL_UNCERTAINTY_ASSIGNED_CONTEXT ( ( #7640 ) ) GLOBAL_UNIT_ASSIGNED_CONTEXT ( ( #8313, #3364, #7765 ) ) REPRESENTATION_CONTEXT ( 'NONE', 'WORKASPACE' ) );
#8902 = MECHANICAL_DESIGN_GEOMETRIC_PRESENTATION_REPRESENTATION (  '', ( #2570 ), #7739 ) ;
#8903 = ORIENTED_EDGE ( 'NONE', *, *, #6583, .F. ) ;
#8904 = DIRECTION ( 'NONE',  ( -0.0000000000000000000, 1.000000000000000000, -0.0000000000000000000 ) ) ;
#8905 = AXIS2_PLACEMENT_3D ( 'NONE', #1395, #81, #7112 ) ;
#8906 = VECTOR ( 'NONE', #7404, 1000.000000000000000 ) ;
#8907 = CARTESIAN_POINT ( 'NONE',  ( -2.001999999999999780, 0.2025000000000000133, 1.135000000000000009 ) ) ;
#8908 = EDGE_LOOP ( 'NONE', ( #8239, #1691, #6614, #6705 ) ) ;
#8909 = DIRECTION ( 'NONE',  ( -0.0000000000000000000, -0.0000000000000000000, 1.000000000000000000 ) ) ;
#8910 =( LENGTH_UNIT ( ) NAMED_UNIT ( * ) SI_UNIT ( .MILLI., .METRE. ) );
#8911 = VERTEX_POINT ( 'NONE', #3315 ) ;
#8912 = CARTESIAN_POINT ( 'NONE',  ( 1.600000000000000089, 0.0000000000000000000, -1.365000000000000213 ) ) ;
#8913 = PRESENTATION_LAYER_ASSIGNMENT (  '', '', ( #4928 ) ) ;
#8914 =( LENGTH_UNIT ( ) NAMED_UNIT ( * ) SI_UNIT ( .MILLI., .METRE. ) );
#8915 = CARTESIAN_POINT ( 'NONE',  ( 2.000000000000000000, 0.002500000000000000052, 0.3649999999999998801 ) ) ;
#8916 = DIRECTION ( 'NONE',  ( -0.0000000000000000000, -0.0000000000000000000, -1.000000000000000000 ) ) ;
#8917 = COLOUR_RGB ( '',1.000000000000000000, 1.000000000000000000, 1.000000000000000000 ) ;
#8918 = CARTESIAN_POINT ( 'NONE',  ( 2.001999999999999780, 0.2025000000000000133, 0.6349999999999998979 ) ) ;
#8920 = VERTEX_POINT ( 'NONE', #6902 ) ;
#8919 = AXIS2_PLACEMENT_3D ( 'NONE', #5448, #4792, #4180 ) ;
#8921 = CARTESIAN_POINT ( 'NONE',  ( -0.8649999999999996581, 0.002499999999999970562, 2.000000000000000000 ) ) ;
#8922 = SURFACE_STYLE_FILL_AREA ( #6118 ) ;
#8923 = EDGE_LOOP ( 'NONE', ( #1025, #2536, #4235, #7847 ) ) ;
#8924 =( NAMED_UNIT ( * ) PLANE_ANGLE_UNIT ( ) SI_UNIT ( $, .RADIAN. ) );
#8925 = ADVANCED_FACE ( 'NONE', ( #7632 ), #2691, .F. ) ;
#8926 = ORIENTED_EDGE ( 'NONE', *, *, #7437, .T. ) ;
#8927 = PRESENTATION_STYLE_ASSIGNMENT (( #1992 ) ) ;
#8928 = VECTOR ( 'NONE', #8761, 1000.000000000000000 ) ;
#8929 = DIRECTION ( 'NONE',  ( -0.0000000000000000000, -1.000000000000000000, -0.0000000000000000000 ) ) ;
#8930 = EDGE_CURVE ( 'NONE', #2813, #7738, #4063, .T. ) ;
#8931 = CARTESIAN_POINT ( 'NONE',  ( -2.000000000000000000, 0.002500000000000000052, -0.3650000000000001577 ) ) ;
#8932 = EDGE_CURVE ( 'NONE', #7856, #5923, #4807, .T. ) ;
#8933 = ADVANCED_FACE ( 'NONE', ( #8970 ), #4902, .T. ) ;
#8934 = LINE ( 'NONE', #3945, #7669 ) ;
#8935 = DIRECTION ( 'NONE',  ( -0.0000000000000000000, -0.0000000000000000000, -1.000000000000000000 ) ) ;
#8936 = FILL_AREA_STYLE ('',( #3325 ) ) ;
#8937 = EDGE_CURVE ( 'NONE', #7150, #8038, #7811, .T. ) ;
#8938 = DIRECTION ( 'NONE',  ( 0.0000000000000000000, -0.0000000000000000000, 1.000000000000000000 ) ) ;
#8939 = PLANE ( 'NONE',  #8869 ) ;
#8940 = DIRECTION ( 'NONE',  ( -0.0000000000000000000, -1.000000000000000000, -0.0000000000000000000 ) ) ;
#8941 = CARTESIAN_POINT ( 'NONE',  ( 2.000000000000000000, 0.2025000000000000133, 1.135000000000000009 ) ) ;
#8942 = SURFACE_SIDE_STYLE ('',( #5436 ) ) ;
#8943 = EDGE_CURVE ( 'NONE', #837, #6357, #8542, .T. ) ;
#8944 = EDGE_LOOP ( 'NONE', ( #5020, #5111, #3394, #2174 ) ) ;
#8945 = EDGE_CURVE ( 'NONE', #1803, #7235, #4998, .T. ) ;
#8946 = LINE ( 'NONE', #557, #2077 ) ;
#8947 = DIRECTION ( 'NONE',  ( -0.0000000000000000000, -1.000000000000000000, -0.0000000000000000000 ) ) ;
#8948 = ORIENTED_EDGE ( 'NONE', *, *, #416, .F. ) ;
#8949 = LINE ( 'NONE', #4748, #7697 ) ;
#8950 = VECTOR ( 'NONE', #8413, 1000.000000000000000 ) ;
#8951 = PLANE ( 'NONE',  #5606 ) ;
#8952 = FILL_AREA_STYLE_COLOUR ( '', #8620 ) ;
#8953 = ORIENTED_EDGE ( 'NONE', *, *, #1991, .T. ) ;
#8954 =( GEOMETRIC_REPRESENTATION_CONTEXT ( 3 ) GLOBAL_UNCERTAINTY_ASSIGNED_CONTEXT ( ( #7001 ) ) GLOBAL_UNIT_ASSIGNED_CONTEXT ( ( #2438, #3905, #5343 ) ) REPRESENTATION_CONTEXT ( 'NONE', 'WORKASPACE' ) );
#8955 =( NAMED_UNIT ( * ) PLANE_ANGLE_UNIT ( ) SI_UNIT ( $, .RADIAN. ) );
#8956 = VERTEX_POINT ( 'NONE', #7952 ) ;
#8957 = COLOUR_RGB ( '',1.000000000000000000, 1.000000000000000000, 1.000000000000000000 ) ;
#8958 = SURFACE_STYLE_FILL_AREA ( #6146 ) ;
#8959 = DIRECTION ( 'NONE',  ( 1.000000000000000000, 0.0000000000000000000, 0.0000000000000000000 ) ) ;
#8960 = VECTOR ( 'NONE', #66, 1000.000000000000000 ) ;
#8961 =( NAMED_UNIT ( * ) SI_UNIT ( $, .STERADIAN. ) SOLID_ANGLE_UNIT ( ) );
#8962 = VECTOR ( 'NONE', #2808, 1000.000000000000000 ) ;
#8963 = PRESENTATION_LAYER_ASSIGNMENT (  '', '', ( #7791 ) ) ;
#8964 = FILL_AREA_STYLE_COLOUR ( '', #6639 ) ;
#8965 = LINE ( 'NONE', #2506, #8350 ) ;
#8966 = EDGE_LOOP ( 'NONE', ( #5554, #6735, #7590, #7527 ) ) ;
#8967 = SURFACE_STYLE_USAGE ( .BOTH. , #4764 ) ;
#8968 =( LENGTH_UNIT ( ) NAMED_UNIT ( * ) SI_UNIT ( .MILLI., .METRE. ) );
#8969 = EDGE_LOOP ( 'NONE', ( #7857, #2574, #6729, #3314 ) ) ;
#8970 = FACE_OUTER_BOUND ( 'NONE', #5699, .T. ) ;
#8971 = VERTEX_POINT ( 'NONE', #7858 ) ;
#8972 = DIRECTION ( 'NONE',  ( -0.0000000000000000000, -1.000000000000000000, -0.0000000000000000000 ) ) ;
#8973 = VECTOR ( 'NONE', #4258, 1000.000000000000000 ) ;
#8974 = VECTOR ( 'NONE', #7928, 1000.000000000000000 ) ;
#8975 = DIRECTION ( 'NONE',  ( -0.0000000000000000000, -1.000000000000000000, -0.0000000000000000000 ) ) ;
#8976 = DIRECTION ( 'NONE',  ( 1.000000000000000000, 0.0000000000000000000, 0.0000000000000000000 ) ) ;
#8977 = CARTESIAN_POINT ( 'NONE',  ( -2.000000000000000000, 0.9000000000000000222, -2.000000000000000000 ) ) ;
#8978 = SURFACE_SIDE_STYLE ('',( #5422 ) ) ;
#8979 = VECTOR ( 'NONE', #5653, 1000.000000000000000 ) ;
#8980 = DIRECTION ( 'NONE',  ( 0.0000000000000000000, -1.000000000000000000, 0.0000000000000000000 ) ) ;
#8981 = FACE_OUTER_BOUND ( 'NONE', #4891, .T. ) ;
#8982 = SURFACE_SIDE_STYLE ('',( #1952 ) ) ;
#8983 = EDGE_CURVE ( 'NONE', #1732, #6041, #2365, .T. ) ;
#8984 = LINE ( 'NONE', #501, #5059 ) ;
#8985 = EDGE_CURVE ( 'NONE', #1415, #6004, #2908, .T. ) ;
#8986 = PRESENTATION_STYLE_ASSIGNMENT (( #6040 ) ) ;
#8987 = SURFACE_STYLE_USAGE ( .BOTH. , #8942 ) ;
#8988 = ORIENTED_EDGE ( 'NONE', *, *, #1593, .T. ) ;
#8989 = ORIENTED_EDGE ( 'NONE', *, *, #6695, .F. ) ;
#8990 = SURFACE_STYLE_FILL_AREA ( #1180 ) ;
#8991 = ADVANCED_FACE ( 'NONE', ( #58 ), #7137, .T. ) ;
#8992 = EDGE_CURVE ( 'NONE', #855, #2795, #3656, .T. ) ;
#8993 = VECTOR ( 'NONE', #6115, 1000.000000000000000 ) ;
#8994 = CARTESIAN_POINT ( 'NONE',  ( -0.1349999999999995925, -1.490150555354787828E-17, 2.000000000000000000 ) ) ;
#8995 = CARTESIAN_POINT ( 'NONE',  ( -2.000000000000000000, 0.0000000000000000000, -1.364999999999999991 ) ) ;
#8996 = COLOUR_RGB ( '',1.000000000000000000, 1.000000000000000000, 1.000000000000000000 ) ;
#8997 = LINE ( 'NONE', #5590, #672 ) ;
#8998 = ORIENTED_EDGE ( 'NONE', *, *, #7700, .T. ) ;
#8999 = SURFACE_SIDE_STYLE ('',( #3351 ) ) ;
#9000 = VECTOR ( 'NONE', #7408, 1000.000000000000000 ) ;
#9001 = CARTESIAN_POINT ( 'NONE',  ( -2.000000000000000000, 0.002500000000000000052, 0.6350000000000000089 ) ) ;
#9002 = VECTOR ( 'NONE', #5570, 1000.000000000000000 ) ;
#9003 =( NAMED_UNIT ( * ) PLANE_ANGLE_UNIT ( ) SI_UNIT ( $, .RADIAN. ) );
#9004 = PLANE ( 'NONE',  #5804 ) ;
#9005 = VECTOR ( 'NONE', #1693, 1000.000000000000000 ) ;
#9006 = LINE ( 'NONE', #6241, #1299 ) ;
#9007 = SURFACE_STYLE_USAGE ( .BOTH. , #529 ) ;
#9008 = ORIENTED_EDGE ( 'NONE', *, *, #5560, .F. ) ;
#9009 = CARTESIAN_POINT ( 'NONE',  ( -0.1349999999999995925, 0.1999999999999999833, -2.001999999999999780 ) ) ;
#9010 = DIRECTION ( 'NONE',  ( -1.000000000000000000, 0.0000000000000000000, 0.0000000000000000000 ) ) ;
#9011 = ORIENTED_EDGE ( 'NONE', *, *, #4648, .F. ) ;
#9012 = DIRECTION ( 'NONE',  ( 0.0000000000000000000, -0.0000000000000000000, 1.000000000000000000 ) ) ;
#9013 =( NAMED_UNIT ( * ) PLANE_ANGLE_UNIT ( ) SI_UNIT ( $, .RADIAN. ) );
#9014 = VECTOR ( 'NONE', #3985, 1000.000000000000000 ) ;
#9015 = VERTEX_POINT ( 'NONE', #2269 ) ;
#9016 = LINE ( 'NONE', #2694, #3132 ) ;
#9017 = VECTOR ( 'NONE', #6655, 1000.000000000000000 ) ;
#9018 = SURFACE_STYLE_USAGE ( .BOTH. , #6199 ) ;
#9019 = DIRECTION ( 'NONE',  ( -1.000000000000000000, 0.0000000000000000000, -0.0000000000000000000 ) ) ;
#9020 =( GEOMETRIC_REPRESENTATION_CONTEXT ( 3 ) GLOBAL_UNCERTAINTY_ASSIGNED_CONTEXT ( ( #4872 ) ) GLOBAL_UNIT_ASSIGNED_CONTEXT ( ( #632, #6484, #6435 ) ) REPRESENTATION_CONTEXT ( 'NONE', 'WORKASPACE' ) );
#9021 = STYLED_ITEM ( 'NONE', ( #1711 ), #719 ) ;
#9022 = SURFACE_SIDE_STYLE ('',( #2738 ) ) ;
#9023 =( NAMED_UNIT ( * ) PLANE_ANGLE_UNIT ( ) SI_UNIT ( $, .RADIAN. ) );
#9024 = UNCERTAINTY_MEASURE_WITH_UNIT (LENGTH_MEASURE( 1.000000000000000082E-05 ), #3767, 'distance_accuracy_value', 'NONE');
#9025 = VECTOR ( 'NONE', #7614, 1000.000000000000000 ) ;
#9026 =( LENGTH_UNIT ( ) NAMED_UNIT ( * ) SI_UNIT ( .MILLI., .METRE. ) );
#9027 = DIRECTION ( 'NONE',  ( 0.0000000000000000000, 0.0000000000000000000, -1.000000000000000000 ) ) ;
#9028 = SURFACE_STYLE_FILL_AREA ( #4075 ) ;
#9029 = FILL_AREA_STYLE_COLOUR ( '', #9171 ) ;
#9030 = STYLED_ITEM ( 'NONE', ( #1374 ), #900 ) ;
#9031 =( NAMED_UNIT ( * ) PLANE_ANGLE_UNIT ( ) SI_UNIT ( $, .RADIAN. ) );
#9032 = MECHANICAL_DESIGN_GEOMETRIC_PRESENTATION_REPRESENTATION (  '', ( #9192 ), #7706 ) ;
#9033 = DIRECTION ( 'NONE',  ( 1.000000000000000000, 0.0000000000000000000, 0.0000000000000000000 ) ) ;
#9034 = UNCERTAINTY_MEASURE_WITH_UNIT (LENGTH_MEASURE( 1.000000000000000082E-05 ), #1954, 'distance_accuracy_value', 'NONE');
#9035 = LINE ( 'NONE', #1908, #9122 ) ;
#9036 = FACE_OUTER_BOUND ( 'NONE', #4838, .T. ) ;
#9037 = STYLED_ITEM ( 'NONE', ( #4089 ), #1864 ) ;
#9038 = EDGE_LOOP ( 'NONE', ( #5352, #5130, #1772, #327 ) ) ;
#9039 =( GEOMETRIC_REPRESENTATION_CONTEXT ( 3 ) GLOBAL_UNCERTAINTY_ASSIGNED_CONTEXT ( ( #1812 ) ) GLOBAL_UNIT_ASSIGNED_CONTEXT ( ( #8803, #4607, #2750 ) ) REPRESENTATION_CONTEXT ( 'NONE', 'WORKASPACE' ) );
#9040 = DIRECTION ( 'NONE',  ( -0.0000000000000000000, -1.000000000000000000, -0.0000000000000000000 ) ) ;
#9041 = DIRECTION ( 'NONE',  ( 0.0000000000000000000, 1.000000000000000000, 0.0000000000000000000 ) ) ;
#9042 = EDGE_CURVE ( 'NONE', #3979, #5494, #867, .T. ) ;
#9043 = ORIENTED_EDGE ( 'NONE', *, *, #3126, .T. ) ;
#9044 = DIRECTION ( 'NONE',  ( 0.0000000000000000000, 0.0000000000000000000, -1.000000000000000000 ) ) ;
#9045 = VECTOR ( 'NONE', #7261, 1000.000000000000000 ) ;
#9046 = FILL_AREA_STYLE ('',( #2120 ) ) ;
#9047 = ADVANCED_FACE ( 'NONE', ( #5100 ), #5144, .T. ) ;
#9048 =( NAMED_UNIT ( * ) SI_UNIT ( $, .STERADIAN. ) SOLID_ANGLE_UNIT ( ) );
#9049 = EDGE_CURVE ( 'NONE', #8853, #464, #4526, .T. ) ;
#9050 = ORIENTED_EDGE ( 'NONE', *, *, #8129, .T. ) ;
#9051 = COLOUR_RGB ( '',1.000000000000000000, 1.000000000000000000, 1.000000000000000000 ) ;
#9052 = CARTESIAN_POINT ( 'NONE',  ( 2.000000000000000000, 0.002500000000000000052, -1.365000000000000213 ) ) ;
#9053 = CARTESIAN_POINT ( 'NONE',  ( -1.364999999999999547, 0.002500000000000000052, -2.000000000000000000 ) ) ;
#9054 = ORIENTED_EDGE ( 'NONE', *, *, #1877, .T. ) ;
#9055 = CARTESIAN_POINT ( 'NONE',  ( 1.499999999999999778, 0.9000000000000000222, -1.600000000000000089 ) ) ;
#9056 = EDGE_CURVE ( 'NONE', #8164, #3297, #8779, .T. ) ;
#9057 =( NAMED_UNIT ( * ) PLANE_ANGLE_UNIT ( ) SI_UNIT ( $, .RADIAN. ) );
#9058 =( GEOMETRIC_REPRESENTATION_CONTEXT ( 3 ) GLOBAL_UNCERTAINTY_ASSIGNED_CONTEXT ( ( #1995 ) ) GLOBAL_UNIT_ASSIGNED_CONTEXT ( ( #1205, #8924, #1074 ) ) REPRESENTATION_CONTEXT ( 'NONE', 'WORKASPACE' ) );
#9059 = LINE ( 'NONE', #1279, #1491 ) ;
#9060 = VECTOR ( 'NONE', #5360, 1000.000000000000000 ) ;
#9061 = FILL_AREA_STYLE ('',( #3647 ) ) ;
#9062 = DIRECTION ( 'NONE',  ( 0.0000000000000000000, -0.0000000000000000000, -1.000000000000000000 ) ) ;
#9063 =( LENGTH_UNIT ( ) NAMED_UNIT ( * ) SI_UNIT ( .MILLI., .METRE. ) );
#9064 = DIRECTION ( 'NONE',  ( 1.000000000000000000, 0.0000000000000000000, 0.0000000000000000000 ) ) ;
#9065 = LINE ( 'NONE', #2729, #2025 ) ;
#9066 = ORIENTED_EDGE ( 'NONE', *, *, #3317, .F. ) ;
#9067 = FILL_AREA_STYLE_COLOUR ( '', #7586 ) ;
#9068 = ORIENTED_EDGE ( 'NONE', *, *, #840, .F. ) ;
#9069 = DIRECTION ( 'NONE',  ( -0.0000000000000000000, -1.000000000000000000, -0.0000000000000000000 ) ) ;
#9070 = LINE ( 'NONE', #7184, #6373 ) ;
#9071 = PRESENTATION_STYLE_ASSIGNMENT (( #6867 ) ) ;
#9072 = COLOUR_RGB ( '',1.000000000000000000, 1.000000000000000000, 1.000000000000000000 ) ;
#9073 = DIRECTION ( 'NONE',  ( -0.0000000000000000000, -0.0000000000000000000, -1.000000000000000000 ) ) ;
#9074 = LINE ( 'NONE', #2739, #3942 ) ;
#9075 = CARTESIAN_POINT ( 'NONE',  ( -2.000000000000000000, 0.002500000000000000052, 0.3649999999999998801 ) ) ;
#9076 = SURFACE_STYLE_FILL_AREA ( #593 ) ;
#9077 = ORIENTED_EDGE ( 'NONE', *, *, #3127, .F. ) ;
#9078 = DIRECTION ( 'NONE',  ( -0.0000000000000000000, -1.000000000000000000, -0.0000000000000000000 ) ) ;
#9079 = FILL_AREA_STYLE ('',( #3332 ) ) ;
#9080 = FILL_AREA_STYLE_COLOUR ( '', #3649 ) ;
#9081 = DIRECTION ( 'NONE',  ( 0.0000000000000000000, 0.0000000000000000000, 1.000000000000000000 ) ) ;
#9082 = VERTEX_POINT ( 'NONE', #5238 ) ;
#9083 = LINE ( 'NONE', #5579, #5291 ) ;
#9084 = CARTESIAN_POINT ( 'NONE',  ( 2.000000000000000000, 0.002500000000000000052, -2.000000000000000000 ) ) ;
#9085 = SURFACE_STYLE_USAGE ( .BOTH. , #7016 ) ;
#9086 = ORIENTED_EDGE ( 'NONE', *, *, #4861, .T. ) ;
#9087 = DIRECTION ( 'NONE',  ( 1.000000000000000000, 0.0000000000000000000, 4.065758146820642614E-16 ) ) ;
#9088 = CARTESIAN_POINT ( 'NONE',  ( 2.000000000000000000, 0.0000000000000000000, -0.6350000000000000089 ) ) ;
#9089 = ORIENTED_EDGE ( 'NONE', *, *, #1700, .F. ) ;
#9090 = FACE_OUTER_BOUND ( 'NONE', #8221, .T. ) ;
#9091 = VERTEX_POINT ( 'NONE', #8083 ) ;
#9092 = CARTESIAN_POINT ( 'NONE',  ( 2.001999999999999780, 0.002500000000000000052, -1.365000000000000213 ) ) ;
#9093 = STYLED_ITEM ( 'NONE', ( #2566 ), #4065 ) ;
#9094 = COLOUR_RGB ( '',0.2509803921568627416, 0.2509803921568627416, 0.2509803921568627416 ) ;
#9095 = EDGE_CURVE ( 'NONE', #8808, #3297, #5402, .T. ) ;
#9096 = EDGE_CURVE ( 'NONE', #2405, #484, #1751, .T. ) ;
#9097 = LINE ( 'NONE', #2855, #8258 ) ;
#9098 = FACE_OUTER_BOUND ( 'NONE', #8506, .T. ) ;
#9099 = EDGE_CURVE ( 'NONE', #9104, #4901, #6059, .T. ) ;
#9100 = LINE ( 'NONE', #3139, #3433 ) ;
#9101 = CARTESIAN_POINT ( 'NONE',  ( -0.3649999999999996581, 0.1999999999999999833, 2.001999999999999780 ) ) ;
#9102 = STYLED_ITEM ( 'NONE', ( #4194 ), #3389 ) ;
#9103 = CARTESIAN_POINT ( 'NONE',  ( 2.001999999999999780, 0.2025000000000000133, 0.1349999999999998701 ) ) ;
#9104 = VERTEX_POINT ( 'NONE', #2499 ) ;
#9105 = DIRECTION ( 'NONE',  ( -1.000000000000000000, 0.0000000000000000000, -0.0000000000000000000 ) ) ;
#9106 = CARTESIAN_POINT ( 'NONE',  ( 0.8650000000000004352, 0.2000000000000000389, -2.000000000000000000 ) ) ;
#9107 = ORIENTED_EDGE ( 'NONE', *, *, #6506, .T. ) ;
#9108 = CARTESIAN_POINT ( 'NONE',  ( -2.000000000000000000, 0.002500000000000000052, -2.000000000000000000 ) ) ;
#9109 = ADVANCED_FACE ( 'NONE', ( #6009 ), #3228, .F. ) ;
#9110 = AXIS2_PLACEMENT_3D ( 'NONE', #6378, #6889, #2068 ) ;
#9111 =( NAMED_UNIT ( * ) SI_UNIT ( $, .STERADIAN. ) SOLID_ANGLE_UNIT ( ) );
#9112 = VECTOR ( 'NONE', #8487, 1000.000000000000000 ) ;
#9113 = FILL_AREA_STYLE_COLOUR ( '', #3121 ) ;
#9114 = MECHANICAL_DESIGN_GEOMETRIC_PRESENTATION_REPRESENTATION (  '', ( #7512 ), #3493 ) ;
#9115 = ADVANCED_FACE ( 'NONE', ( #5366 ), #8165, .T. ) ;
#9116 = UNCERTAINTY_MEASURE_WITH_UNIT (LENGTH_MEASURE( 1.000000000000000082E-05 ), #6560, 'distance_accuracy_value', 'NONE');
#9117 = CARTESIAN_POINT ( 'NONE',  ( 0.1350000000000003419, 0.2000000000000000111, 2.001999999999999780 ) ) ;
#9118 = FILL_AREA_STYLE_COLOUR ( '', #4535 ) ;
#9119 = UNCERTAINTY_MEASURE_WITH_UNIT (LENGTH_MEASURE( 1.000000000000000082E-05 ), #2002, 'distance_accuracy_value', 'NONE');
#9120 = LINE ( 'NONE', #3417, #7770 ) ;
#9121 =( NAMED_UNIT ( * ) PLANE_ANGLE_UNIT ( ) SI_UNIT ( $, .RADIAN. ) );
#9122 = VECTOR ( 'NONE', #4922, 1000.000000000000000 ) ;
#9123 = ORIENTED_EDGE ( 'NONE', *, *, #3440, .F. ) ;
#9124 = FILL_AREA_STYLE ('',( #3470 ) ) ;
#9125 = VERTEX_POINT ( 'NONE', #33 ) ;
#9126 =( LENGTH_UNIT ( ) NAMED_UNIT ( * ) SI_UNIT ( .MILLI., .METRE. ) );
#9127 =( GEOMETRIC_REPRESENTATION_CONTEXT ( 3 ) GLOBAL_UNCERTAINTY_ASSIGNED_CONTEXT ( ( #4207 ) ) GLOBAL_UNIT_ASSIGNED_CONTEXT ( ( #7959, #5922, #8738 ) ) REPRESENTATION_CONTEXT ( 'NONE', 'WORKASPACE' ) );
#9128 = PRESENTATION_STYLE_ASSIGNMENT (( #3708 ) ) ;
#9129 = UNCERTAINTY_MEASURE_WITH_UNIT (LENGTH_MEASURE( 1.000000000000000082E-05 ), #5281, 'distance_accuracy_value', 'NONE');
#9130 = DIRECTION ( 'NONE',  ( 0.0000000000000000000, -0.0000000000000000000, 1.000000000000000000 ) ) ;
#9131 = DIRECTION ( 'NONE',  ( -0.0000000000000000000, -1.000000000000000000, -0.0000000000000000000 ) ) ;
#9132 = UNCERTAINTY_MEASURE_WITH_UNIT (LENGTH_MEASURE( 1.000000000000000082E-05 ), #7141, 'distance_accuracy_value', 'NONE');
#9133 = DIRECTION ( 'NONE',  ( 1.000000000000000000, 0.0000000000000000000, 0.0000000000000000000 ) ) ;
#9134 = ORIENTED_EDGE ( 'NONE', *, *, #323, .T. ) ;
#9135 = CARTESIAN_POINT ( 'NONE',  ( 1.365000000000000435, 0.002500000000000029976, 1.600000000000000089 ) ) ;
#9136 = DIRECTION ( 'NONE',  ( -0.0000000000000000000, 0.0000000000000000000, -1.000000000000000000 ) ) ;
#9137 = ORIENTED_EDGE ( 'NONE', *, *, #4358, .F. ) ;
#9138 = PLANE ( 'NONE',  #2243 ) ;
#9139 = PRESENTATION_STYLE_ASSIGNMENT (( #2847 ) ) ;
#9140 = PRESENTATION_LAYER_ASSIGNMENT (  '', '', ( #4246 ) ) ;
#9141 = MECHANICAL_DESIGN_GEOMETRIC_PRESENTATION_REPRESENTATION (  '', ( #6190 ), #3677 ) ;
#9142 = DIRECTION ( 'NONE',  ( 0.0000000000000000000, -1.000000000000000000, 0.0000000000000000000 ) ) ;
#9143 = VERTEX_POINT ( 'NONE', #5022 ) ;
#9144 = CARTESIAN_POINT ( 'NONE',  ( -1.600000000000000089, 0.0000000000000000000, 0.8649999999999999911 ) ) ;
#9145 =( NAMED_UNIT ( * ) PLANE_ANGLE_UNIT ( ) SI_UNIT ( $, .RADIAN. ) );
#9146 = VERTEX_POINT ( 'NONE', #8255 ) ;
#9147 = CARTESIAN_POINT ( 'NONE',  ( 1.135000000000000453, 0.2000000000000000389, -2.001999999999999780 ) ) ;
#9148 = COLOUR_RGB ( '',1.000000000000000000, 1.000000000000000000, 1.000000000000000000 ) ;
#9149 = MECHANICAL_DESIGN_GEOMETRIC_PRESENTATION_REPRESENTATION (  '', ( #6792 ), #1761 ) ;
#9150 = DIRECTION ( 'NONE',  ( -0.0000000000000000000, -1.000000000000000000, -0.0000000000000000000 ) ) ;
#9151 =( LENGTH_UNIT ( ) NAMED_UNIT ( * ) SI_UNIT ( .MILLI., .METRE. ) );
#9152 = LINE ( 'NONE', #50, #4480 ) ;
#9153 = COLOUR_RGB ( '',0.2509803921568627416, 0.2509803921568627416, 0.2509803921568627416 ) ;
#9154 =( LENGTH_UNIT ( ) NAMED_UNIT ( * ) SI_UNIT ( .MILLI., .METRE. ) );
#9155 = ORIENTED_EDGE ( 'NONE', *, *, #6923, .T. ) ;
#9156 =( LENGTH_UNIT ( ) NAMED_UNIT ( * ) SI_UNIT ( .MILLI., .METRE. ) );
#9157 = COLOUR_RGB ( '',1.000000000000000000, 1.000000000000000000, 1.000000000000000000 ) ;
#9158 = EDGE_CURVE ( 'NONE', #7931, #7318, #7746, .T. ) ;
#9159 = ORIENTED_EDGE ( 'NONE', *, *, #7696, .F. ) ;
#9160 = DIRECTION ( 'NONE',  ( -1.000000000000000000, 0.0000000000000000000, -0.0000000000000000000 ) ) ;
#9161 =( NAMED_UNIT ( * ) PLANE_ANGLE_UNIT ( ) SI_UNIT ( $, .RADIAN. ) );
#9162 = EDGE_CURVE ( 'NONE', #3379, #4916, #2113, .T. ) ;
#9163 = DIRECTION ( 'NONE',  ( -1.000000000000000000, 0.0000000000000000000, 0.0000000000000000000 ) ) ;
#9164 = STYLED_ITEM ( 'NONE', ( #8428 ), #203 ) ;
#9165 = LINE ( 'NONE', #1424, #5484 ) ;
#9166 = AXIS2_PLACEMENT_3D ( 'NONE', #5539, #423, #1925 ) ;
#9167 = LINE ( 'NONE', #7867, #8726 ) ;
#9168 = CARTESIAN_POINT ( 'NONE',  ( -1.364999999999999547, 0.002499999999999995715, -1.600000000000000089 ) ) ;
#9169 = PLANE ( 'NONE',  #5135 ) ;
#9170 = STYLED_ITEM ( 'NONE', ( #5338 ), #1236 ) ;
#9171 = COLOUR_RGB ( '',1.000000000000000000, 1.000000000000000000, 1.000000000000000000 ) ;
#9172 = ADVANCED_FACE ( 'NONE', ( #520 ), #1492, .F. ) ;
#9173 = LINE ( 'NONE', #7646, #1266 ) ;
#9174 =( NAMED_UNIT ( * ) SI_UNIT ( $, .STERADIAN. ) SOLID_ANGLE_UNIT ( ) );
#9175 = MECHANICAL_DESIGN_GEOMETRIC_PRESENTATION_REPRESENTATION (  '', ( #8123 ), #4595 ) ;
#9176 = ORIENTED_EDGE ( 'NONE', *, *, #2602, .F. ) ;
#9177 = EDGE_CURVE ( 'NONE', #8604, #1719, #1232, .T. ) ;
#9178 =( NAMED_UNIT ( * ) SI_UNIT ( $, .STERADIAN. ) SOLID_ANGLE_UNIT ( ) );
#9179 = EDGE_LOOP ( 'NONE', ( #1324, #4253, #8775, #5302 ) ) ;
#9180 = MECHANICAL_DESIGN_GEOMETRIC_PRESENTATION_REPRESENTATION (  '', ( #7118 ), #4742 ) ;
#9181 = COLOUR_RGB ( '',1.000000000000000000, 1.000000000000000000, 1.000000000000000000 ) ;
#9182 = CARTESIAN_POINT ( 'NONE',  ( 0.8650000000000004352, 0.2000000000000000389, 2.000000000000000000 ) ) ;
#9183 =( LENGTH_UNIT ( ) NAMED_UNIT ( * ) SI_UNIT ( .MILLI., .METRE. ) );
#9184 = EDGE_CURVE ( 'NONE', #695, #279, #5629, .T. ) ;
#9185 = ORIENTED_EDGE ( 'NONE', *, *, #6079, .T. ) ;
#9186 = VECTOR ( 'NONE', #6854, 1000.000000000000000 ) ;
#9187 = LINE ( 'NONE', #4168, #679 ) ;
#9188 =( GEOMETRIC_REPRESENTATION_CONTEXT ( 3 ) GLOBAL_UNCERTAINTY_ASSIGNED_CONTEXT ( ( #7456 ) ) GLOBAL_UNIT_ASSIGNED_CONTEXT ( ( #1657, #3695, #3646 ) ) REPRESENTATION_CONTEXT ( 'NONE', 'WORKASPACE' ) );
#9189 =( LENGTH_UNIT ( ) NAMED_UNIT ( * ) SI_UNIT ( .MILLI., .METRE. ) );
#9190 =( NAMED_UNIT ( * ) SI_UNIT ( $, .STERADIAN. ) SOLID_ANGLE_UNIT ( ) );
#9191 = CARTESIAN_POINT ( 'NONE',  ( 2.000000000000000000, 0.2025000000000000133, 0.6349999999999998979 ) ) ;
#9192 = STYLED_ITEM ( 'NONE', ( #6534 ), #8243 ) ;
#9193 = ORIENTED_EDGE ( 'NONE', *, *, #8141, .F. ) ;
#9194 = PLANE ( 'NONE',  #3125 ) ;
#9195 = AXIS2_PLACEMENT_3D ( 'NONE', #2159, #4974, #2206 ) ;
#9196 =( NAMED_UNIT ( * ) SI_UNIT ( $, .STERADIAN. ) SOLID_ANGLE_UNIT ( ) );
#9197 = AXIS2_PLACEMENT_3D ( 'NONE', #6093, #1175, #457 ) ;
#9198 = SURFACE_SIDE_STYLE ('',( #3534 ) ) ;
#9199 = PLANE ( 'NONE',  #1390 ) ;
#9200 = EDGE_LOOP ( 'NONE', ( #6985, #7999, #1176, #5414 ) ) ;
#9201 = ORIENTED_EDGE ( 'NONE', *, *, #2107, .F. ) ;
#9202 = CARTESIAN_POINT ( 'NONE',  ( -2.000000000000000000, 0.2025000000000000133, 0.6349999999999998979 ) ) ;
#9203 = VECTOR ( 'NONE', #4448, 1000.000000000000000 ) ;
#9204 = DIRECTION ( 'NONE',  ( 1.000000000000000000, 0.0000000000000000000, 0.0000000000000000000 ) ) ;
#9205 = CARTESIAN_POINT ( 'NONE',  ( 1.600000000000000089, 0.002500000000000000052, 0.1349999999999998701 ) ) ;
ENDSEC;
END-ISO-10303-21;
